cust_id,age,gender,city,loyalty_segment,preferred_channel,registration_date
CUST00001,52,Female,Sukkur,Silver,Online,2021-01-01
CUST00002,41,Female,Karachi,Silver,Mobile App,2021-05-14
CUST00003,48,Female,Bahawalpur,Bronze,In-Store,2022-10-23
CUST00004,45,Male,Karachi,Silver,In-Store,2015-07-15
CUST00005,39,Female,Faisalabad,Bronze,In-Store,2024-01-02
CUST00006,50,Female,Hyderabad,Silver,Online,2022-07-05
CUST00007,32,Female,Rawalpindi,Platinum,In-Store,2020-11-04
CUST00008,38,Male,Peshawar,Silver,In-Store,2021-02-19
CUST00009,25,Male,Lahore,Gold,Mobile App,2024-05-08
CUST00010,26,Female,Abbottabad,Bronze,In-Store,2019-06-03
CUST00011,18,Female,Karachi,Gold,In-Store,2024-10-06
CUST00012,43,Male,Peshawar,Silver,In-Store,2016-01-01
CUST00013,47,Male,Karachi,Bronze,In-Store,2017-10-14
CUST00014,52,Female,Karachi,Silver,Online,2024-10-18
CUST00015,23,Male,Lahore,Bronze,Mobile App,2023-01-31
CUST00016,43,Female,Karachi,Gold,Online,2025-03-25
CUST00017,37,Female,Lahore,Gold,In-Store,2017-01-18
CUST00018,47,Female,Karachi,Bronze,Online,2025-04-20
CUST00019,29,Male,Bahawalpur,Silver,In-Store,2018-03-19
CUST00020,33,Male,Karachi,Bronze,Online,2021-12-14
CUST00021,18,Female,Multan,Bronze,Mobile App,2016-01-14
CUST00022,28,Female,Peshawar,Bronze,Mobile App,2015-09-11
CUST00023,38,Male,Gujranwala,Silver,Online,2019-01-26
CUST00024,40,Female,Islamabad,Gold,Mobile App,2022-01-04
CUST00025,18,Male,Lahore,Platinum,Mobile App,2018-01-12
CUST00026,31,Female,Karachi,Silver,Mobile App,2024-03-05
CUST00027,40,Male,Karachi,Bronze,In-Store,2017-04-05
CUST00028,56,Male,Faisalabad,Silver,In-Store,2025-12-06
CUST00029,27,Male,Multan,Bronze,Mobile App,2023-05-01
CUST00030,44,Female,Gujranwala,Silver,In-Store,2021-03-07
CUST00031,30,Male,Gujranwala,Silver,Online,2018-11-27
CUST00032,32,Female,Hyderabad,Bronze,Online,2018-12-01
CUST00033,26,Female,Karachi,Bronze,In-Store,2015-12-30
CUST00034,24,Female,Sialkot,Bronze,In-Store,2019-12-16
CUST00035,31,Female,Karachi,Bronze,In-Store,2016-12-16
CUST00036,51,Male,Sukkur,Gold,In-Store,2021-04-27
CUST00037,28,Other,Faisalabad,Bronze,Mobile App,2016-04-09
CUST00038,26,Male,Peshawar,Gold,In-Store,2024-01-31
CUST00039,40,Female,Multan,Silver,In-Store,2015-05-28
CUST00040,38,Male,Faisalabad,Bronze,In-Store,2025-05-23
CUST00041,37,Female,Faisalabad,Bronze,In-Store,2025-11-21
CUST00042,41,Female,Bahawalpur,Platinum,In-Store,2017-06-20
CUST00043,24,Female,Islamabad,Silver,In-Store,2024-01-03
CUST00044,26,Female,Sialkot,Bronze,In-Store,2017-09-29
CUST00045,50,Male,Islamabad,Silver,Mobile App,2020-06-02
CUST00046,36,Male,Karachi,Bronze,Online,2024-03-13
CUST00047,45,Male,Islamabad,Silver,In-Store,2017-05-04
CUST00048,53,Other,Karachi,Bronze,Online,2020-01-25
CUST00049,48,Male,Rawalpindi,Bronze,In-Store,2019-01-30
CUST00050,20,Male,Karachi,Silver,In-Store,2018-01-10
CUST00051,36,Male,Gujranwala,Silver,In-Store,2019-09-15
CUST00052,51,Female,Multan,Silver,Online,2016-04-29
CUST00053,44,Female,Karachi,Platinum,In-Store,2020-09-26
CUST00054,40,Female,Peshawar,Bronze,Online,2017-01-08
CUST00055,18,Male,Sargodha,Silver,In-Store,2018-01-08
CUST00056,29,Female,Karachi,Gold,In-Store,2018-08-29
CUST00057,38,Male,Islamabad,Silver,In-Store,2020-04-15
CUST00058,19,Female,Sukkur,Gold,In-Store,2015-04-28
CUST00059,48,Female,Karachi,Silver,Mobile App,2015-05-18
CUST00060,36,Male,Bahawalpur,Bronze,Online,2025-09-08
CUST00061,18,Female,Abbottabad,Platinum,In-Store,2025-09-25
CUST00062,30,Male,Islamabad,Bronze,Online,2021-01-05
CUST00063,34,Male,Rawalpindi,Silver,In-Store,2015-12-28
CUST00064,36,Male,Abbottabad,Silver,In-Store,2024-01-22
CUST00065,56,Male,Karachi,Silver,In-Store,2024-03-16
CUST00066,45,Male,Islamabad,Silver,Online,2019-11-04
CUST00067,20,Male,Karachi,Silver,In-Store,2016-03-09
CUST00068,18,Female,Sialkot,Silver,Online,2025-07-15
CUST00069,34,Female,Peshawar,Silver,In-Store,2025-02-14
CUST00070,39,Female,Hyderabad,Silver,In-Store,2019-08-30
CUST00071,50,Male,Lahore,Bronze,Online,2019-05-31
CUST00072,60,Female,Faisalabad,Gold,Mobile App,2019-05-20
CUST00073,61,Female,Quetta,Platinum,In-Store,2021-02-03
CUST00074,32,Male,Lahore,Bronze,Online,2023-01-01
CUST00075,50,Female,Sukkur,Bronze,In-Store,2020-07-31
CUST00076,43,Female,Lahore,Platinum,In-Store,2021-03-10
CUST00077,23,Female,Karachi,Silver,In-Store,2021-04-23
CUST00078,18,Male,Lahore,Silver,In-Store,2018-05-15
CUST00079,39,Male,Gujranwala,Silver,Online,2021-10-17
CUST00080,18,Male,Quetta,Silver,Online,2015-01-05
CUST00081,26,Female,Sukkur,Bronze,In-Store,2019-04-14
CUST00082,29,Female,Multan,Gold,In-Store,2016-05-11
CUST00083,40,Male,Bahawalpur,Silver,In-Store,2018-07-03
CUST00084,54,Male,Faisalabad,Silver,In-Store,2017-11-11
CUST00085,38,Male,Bahawalpur,Silver,In-Store,2015-01-19
CUST00086,30,Female,Sukkur,Platinum,In-Store,2016-03-07
CUST00087,18,Male,Rawalpindi,Gold,In-Store,2024-06-17
CUST00088,43,Male,Karachi,Bronze,In-Store,2020-09-08
CUST00089,38,Female,Abbottabad,Bronze,In-Store,2022-10-29
CUST00090,30,Male,Faisalabad,Bronze,In-Store,2018-09-21
CUST00091,53,Female,Sialkot,Platinum,In-Store,2015-09-24
CUST00092,22,Male,Rawalpindi,Bronze,Online,2022-09-11
CUST00093,29,Female,Islamabad,Gold,In-Store,2019-09-24
CUST00094,34,Female,Islamabad,Silver,Online,2020-03-21
CUST00095,30,Male,Islamabad,Gold,Online,2016-03-01
CUST00096,45,Male,Multan,Silver,In-Store,2017-04-27
CUST00097,44,Female,Gujranwala,Bronze,In-Store,2021-05-30
CUST00098,51,Female,Multan,Silver,Online,2019-10-31
CUST00099,44,Male,Faisalabad,Bronze,In-Store,2021-09-06
CUST00100,36,Female,Islamabad,Bronze,Online,2023-01-06
CUST00101,33,Male,Rawalpindi,Bronze,Online,2020-07-07
CUST00102,43,Female,Lahore,Gold,In-Store,2020-09-21
CUST00103,35,Female,Sialkot,Bronze,In-Store,2020-04-05
CUST00104,38,Male,Gujranwala,Bronze,In-Store,2019-09-05
CUST00105,44,Female,Lahore,Bronze,In-Store,2022-03-12
CUST00106,39,Male,Multan,Bronze,Online,2018-12-14
CUST00107,42,Female,Lahore,Bronze,Mobile App,2019-08-06
CUST00108,27,Male,Abbottabad,Silver,Online,2022-08-16
CUST00109,55,Female,Lahore,Silver,Online,2024-11-25
CUST00110,23,Female,Sukkur,Silver,In-Store,2022-11-11
CUST00111,43,Female,Quetta,Gold,In-Store,2021-07-05
CUST00112,31,Male,Sargodha,Bronze,Mobile App,2021-12-03
CUST00113,52,Male,Quetta,Silver,Mobile App,2016-04-22
CUST00114,49,Female,Multan,Silver,Online,2021-04-07
CUST00115,37,Male,Rawalpindi,Gold,Online,2021-09-05
CUST00116,58,Other,Rawalpindi,Bronze,In-Store,2018-12-12
CUST00117,35,Female,Karachi,Silver,In-Store,2022-11-23
CUST00118,49,Female,Abbottabad,Bronze,Online,2023-03-18
CUST00119,28,Male,Multan,Bronze,In-Store,2025-05-04
CUST00120,43,Male,Multan,Silver,In-Store,2024-08-26
CUST00121,25,Male,Lahore,Bronze,Online,2020-01-18
CUST00122,38,Female,Rawalpindi,Gold,Mobile App,2016-05-21
CUST00123,37,Male,Lahore,Platinum,In-Store,2016-11-15
CUST00124,49,Female,Lahore,Silver,In-Store,2025-02-15
CUST00125,29,Female,Faisalabad,Platinum,In-Store,2018-02-19
CUST00126,77,Female,Lahore,Silver,Online,2017-07-22
CUST00127,20,Female,Peshawar,Bronze,Mobile App,2021-06-25
CUST00128,41,Female,Islamabad,Platinum,Online,2016-06-24
CUST00129,41,Male,Islamabad,Bronze,In-Store,2015-11-21
CUST00130,44,Female,Quetta,Bronze,Online,2022-05-03
CUST00131,31,Female,Peshawar,Bronze,In-Store,2016-03-18
CUST00132,41,Female,Islamabad,Gold,In-Store,2019-10-27
CUST00133,30,Male,Bahawalpur,Bronze,Online,2021-11-12
CUST00134,62,Female,Islamabad,Gold,Online,2025-10-12
CUST00135,29,Male,Quetta,Gold,Online,2018-08-01
CUST00136,36,Female,Gujranwala,Platinum,Online,2019-07-24
CUST00137,29,Male,Lahore,Platinum,In-Store,2020-07-08
CUST00138,27,Female,Rawalpindi,Bronze,In-Store,2022-03-13
CUST00139,19,Male,Karachi,Silver,In-Store,2017-04-07
CUST00140,46,Male,Islamabad,Gold,Mobile App,2016-08-20
CUST00141,29,Female,Lahore,Bronze,Mobile App,2022-11-07
CUST00142,27,Female,Sialkot,Platinum,Mobile App,2019-08-13
CUST00143,25,Male,Lahore,Gold,Online,2020-06-28
CUST00144,41,Female,Karachi,Platinum,Mobile App,2022-06-30
CUST00145,38,Female,Karachi,Bronze,Online,2020-01-13
CUST00146,38,Female,Sialkot,Bronze,In-Store,2016-04-30
CUST00147,28,Male,Karachi,Platinum,Online,2019-03-23
CUST00148,43,Female,Peshawar,Bronze,Online,2021-04-28
CUST00149,29,Male,Lahore,Platinum,Online,2021-08-11
CUST00150,38,Female,Lahore,Bronze,In-Store,2025-07-04
CUST00151,36,Male,Gujranwala,Bronze,Mobile App,2018-01-25
CUST00152,18,Female,Peshawar,Silver,Mobile App,2018-04-11
CUST00153,64,Male,Peshawar,Platinum,Online,2023-09-27
CUST00154,45,Male,Bahawalpur,Silver,In-Store,2021-08-16
CUST00155,40,Female,Sukkur,Silver,In-Store,2017-02-03
CUST00156,42,Female,Hyderabad,Bronze,Mobile App,2021-11-30
CUST00157,64,Female,Karachi,Bronze,Online,2024-06-04
CUST00158,52,Female,Lahore,Gold,In-Store,2024-03-11
CUST00159,42,Male,Abbottabad,Gold,Online,2021-01-11
CUST00160,28,Female,Multan,Gold,In-Store,2016-09-03
CUST00161,30,Male,Faisalabad,Bronze,Online,2020-05-06
CUST00162,18,Male,Faisalabad,Bronze,In-Store,2022-11-12
CUST00163,33,Male,Quetta,Silver,In-Store,2023-10-17
CUST00164,46,Male,Multan,Silver,In-Store,2021-02-01
CUST00165,46,Male,Karachi,Silver,In-Store,2017-01-21
CUST00166,46,Male,Karachi,Bronze,Mobile App,2020-12-28
CUST00167,31,Female,Lahore,Gold,Online,2016-06-12
CUST00168,45,Female,Sukkur,Silver,In-Store,2022-01-02
CUST00169,48,Male,Islamabad,Silver,In-Store,2023-08-01
CUST00170,18,Male,Sukkur,Bronze,Online,2023-09-21
CUST00171,41,Male,Multan,Bronze,Mobile App,2020-08-02
CUST00172,65,Female,Bahawalpur,Bronze,In-Store,2022-11-26
CUST00173,34,Male,Sukkur,Silver,Online,2016-02-08
CUST00174,18,Female,Islamabad,Silver,Mobile App,2015-08-08
CUST00175,27,Male,Faisalabad,Bronze,In-Store,2016-07-02
CUST00176,18,Female,Quetta,Silver,Online,2020-04-09
CUST00177,29,Female,Karachi,Silver,In-Store,2025-02-02
CUST00178,22,Male,Karachi,Bronze,In-Store,2022-05-20
CUST00179,50,Female,Quetta,Bronze,Mobile App,2020-08-12
CUST00180,48,Female,Bahawalpur,Silver,Mobile App,2015-02-03
CUST00181,42,Male,Lahore,Bronze,In-Store,2017-07-07
CUST00182,53,Female,Islamabad,Bronze,Online,2018-04-22
CUST00183,30,Male,Sukkur,Silver,Online,2015-11-16
CUST00184,38,Female,Lahore,Bronze,Mobile App,2016-04-01
CUST00185,66,Male,Bahawalpur,Gold,Online,2020-05-02
CUST00186,45,Female,Karachi,Silver,Online,2018-06-26
CUST00187,45,Female,Lahore,Bronze,Online,2019-04-07
CUST00188,28,Female,Karachi,Bronze,In-Store,2023-05-09
CUST00189,32,Male,Karachi,Bronze,In-Store,2018-07-01
CUST00190,24,Male,Lahore,Platinum,Mobile App,2023-08-21
CUST00191,59,Female,Peshawar,Bronze,Mobile App,2024-10-01
CUST00192,18,Female,Lahore,Bronze,In-Store,2022-05-14
CUST00193,49,Female,Sargodha,Gold,Online,2022-05-21
CUST00194,45,Female,Islamabad,Bronze,In-Store,2016-06-27
CUST00195,18,Female,Faisalabad,Bronze,Online,2015-07-22
CUST00196,52,Other,Peshawar,Gold,In-Store,2022-12-19
CUST00197,34,Female,Karachi,Silver,Mobile App,2021-05-27
CUST00198,20,Male,Peshawar,Bronze,Online,2022-12-30
CUST00199,42,Female,Karachi,Bronze,Online,2021-12-28
CUST00200,27,Male,Gujranwala,Gold,In-Store,2015-06-25
CUST00201,35,Female,Faisalabad,Bronze,In-Store,2021-01-16
CUST00202,31,Male,Karachi,Silver,Online,2021-01-29
CUST00203,26,Other,Quetta,Bronze,In-Store,2022-04-15
CUST00204,22,Female,Karachi,Bronze,In-Store,2020-07-12
CUST00205,48,Female,Abbottabad,Bronze,Mobile App,2020-03-13
CUST00206,42,Male,Rawalpindi,Bronze,In-Store,2022-02-15
CUST00207,41,Female,Islamabad,Silver,In-Store,2021-09-29
CUST00208,33,Male,Islamabad,Silver,Mobile App,2022-07-31
CUST00209,38,Male,Rawalpindi,Bronze,Online,2018-03-06
CUST00210,28,Female,Sialkot,Bronze,In-Store,2015-09-23
CUST00211,28,Male,Faisalabad,Gold,Online,2020-03-22
CUST00212,60,Male,Peshawar,Silver,In-Store,2017-09-26
CUST00213,49,Female,Karachi,Silver,In-Store,2017-02-09
CUST00214,30,Female,Hyderabad,Bronze,In-Store,2024-01-29
CUST00215,18,Male,Faisalabad,Silver,In-Store,2021-03-05
CUST00216,18,Female,Faisalabad,Silver,Mobile App,2020-09-16
CUST00217,29,Female,Lahore,Bronze,Mobile App,2018-05-16
CUST00218,39,Male,Karachi,Silver,In-Store,2023-12-17
CUST00219,39,Female,Islamabad,Bronze,Mobile App,2024-06-02
CUST00220,39,Female,Gujranwala,Bronze,Online,2017-10-24
CUST00221,42,Male,Faisalabad,Silver,In-Store,2020-04-26
CUST00222,24,Male,Lahore,Bronze,In-Store,2025-04-28
CUST00223,57,Male,Multan,Gold,In-Store,2021-06-15
CUST00224,35,Female,Islamabad,Bronze,In-Store,2020-02-04
CUST00225,41,Female,Lahore,Bronze,In-Store,2023-03-16
CUST00226,29,Male,Sialkot,Bronze,In-Store,2020-05-09
CUST00227,42,Male,Lahore,Gold,Online,2015-09-06
CUST00228,65,Female,Multan,Gold,In-Store,2018-03-26
CUST00229,25,Male,Quetta,Platinum,In-Store,2024-05-11
CUST00230,23,Male,Karachi,Gold,In-Store,2023-09-24
CUST00231,26,Female,Quetta,Gold,In-Store,2024-05-30
CUST00232,33,Male,Karachi,Platinum,In-Store,2022-08-31
CUST00233,31,Female,Gujranwala,Bronze,In-Store,2018-10-22
CUST00234,24,Male,Lahore,Silver,Online,2024-07-04
CUST00235,37,Male,Karachi,Bronze,In-Store,2019-12-05
CUST00236,58,Male,Karachi,Gold,In-Store,2019-08-31
CUST00237,36,Female,Rawalpindi,Bronze,In-Store,2023-09-21
CUST00238,36,Female,Lahore,Silver,Mobile App,2023-12-24
CUST00239,42,Male,Rawalpindi,Bronze,Online,2023-07-12
CUST00240,46,Female,Hyderabad,Silver,Online,2019-11-05
CUST00241,55,Female,Karachi,Gold,Online,2023-01-07
CUST00242,41,Female,Lahore,Silver,Online,2018-05-05
CUST00243,37,Female,Karachi,Platinum,In-Store,2019-02-24
CUST00244,25,Female,Peshawar,Bronze,Mobile App,2025-11-07
CUST00245,47,Male,Multan,Silver,In-Store,2025-08-26
CUST00246,27,Female,Hyderabad,Gold,In-Store,2018-01-01
CUST00247,26,Female,Quetta,Silver,In-Store,2018-03-13
CUST00248,40,Female,Quetta,Silver,In-Store,2017-03-09
CUST00249,58,Female,Karachi,Bronze,Online,2019-03-28
CUST00250,47,Female,Gujranwala,Gold,In-Store,2021-06-11
CUST00251,37,Female,Karachi,Bronze,In-Store,2024-06-10
CUST00252,25,Female,Quetta,Bronze,Online,2023-06-05
CUST00253,57,Female,Gujranwala,Bronze,Mobile App,2022-01-16
CUST00254,37,Female,Lahore,Silver,In-Store,2016-07-11
CUST00255,34,Female,Islamabad,Bronze,In-Store,2016-10-26
CUST00256,45,Male,Lahore,Platinum,Online,2023-10-26
CUST00257,32,Female,Gujranwala,Silver,In-Store,2023-07-04
CUST00258,28,Female,Rawalpindi,Platinum,In-Store,2025-09-05
CUST00259,29,Male,Islamabad,Silver,In-Store,2018-01-12
CUST00260,29,Female,Faisalabad,Gold,In-Store,2020-08-22
CUST00261,23,Male,Quetta,Bronze,In-Store,2022-09-08
CUST00262,21,Male,Peshawar,Silver,Online,2025-08-16
CUST00263,50,Male,Quetta,Bronze,In-Store,2015-05-05
CUST00264,46,Male,Sargodha,Bronze,Online,2016-07-06
CUST00265,27,Female,Lahore,Bronze,In-Store,2025-03-14
CUST00266,49,Female,Lahore,Silver,In-Store,2021-04-14
CUST00267,42,Male,Peshawar,Silver,Online,2018-05-23
CUST00268,33,Male,Karachi,Bronze,Mobile App,2024-09-22
CUST00269,22,Male,Peshawar,Gold,Online,2018-03-06
CUST00270,42,Female,Sargodha,Platinum,Online,2020-01-10
CUST00271,62,Female,Rawalpindi,Gold,In-Store,2024-10-28
CUST00272,38,Female,Lahore,Silver,In-Store,2024-02-02
CUST00273,50,Male,Abbottabad,Silver,In-Store,2024-01-05
CUST00274,35,Male,Islamabad,Bronze,Online,2022-03-15
CUST00275,49,Female,Karachi,Silver,Online,2023-08-23
CUST00276,36,Female,Rawalpindi,Bronze,Online,2017-11-11
CUST00277,18,Female,Karachi,Platinum,Mobile App,2017-05-20
CUST00278,28,Male,Karachi,Silver,In-Store,2024-11-26
CUST00279,39,Male,Karachi,Bronze,Online,2023-07-04
CUST00280,52,Male,Rawalpindi,Bronze,In-Store,2019-01-30
CUST00281,36,Male,Rawalpindi,Silver,In-Store,2016-10-26
CUST00282,38,Female,Quetta,Bronze,In-Store,2015-07-03
CUST00283,30,Male,Faisalabad,Gold,Online,2020-11-17
CUST00284,58,Female,Hyderabad,Gold,Mobile App,2017-07-18
CUST00285,57,Female,Sukkur,Gold,Online,2020-11-16
CUST00286,29,Female,Lahore,Silver,Online,2023-10-17
CUST00287,18,Female,Karachi,Gold,Mobile App,2019-06-08
CUST00288,18,Male,Quetta,Bronze,Online,2022-11-27
CUST00289,45,Female,Karachi,Silver,In-Store,2024-08-28
CUST00290,39,Female,Islamabad,Silver,Online,2022-05-08
CUST00291,27,Male,Karachi,Platinum,In-Store,2024-07-28
CUST00292,41,Male,Rawalpindi,Bronze,In-Store,2015-12-22
CUST00293,22,Male,Rawalpindi,Bronze,Mobile App,2022-08-28
CUST00294,48,Male,Hyderabad,Bronze,In-Store,2023-06-17
CUST00295,33,Female,Peshawar,Platinum,Online,2022-08-29
CUST00296,23,Male,Islamabad,Bronze,Online,2021-09-19
CUST00297,33,Male,Faisalabad,Bronze,Online,2021-10-21
CUST00298,32,Female,Faisalabad,Gold,Online,2016-06-07
CUST00299,42,Female,Lahore,Platinum,Online,2020-09-08
CUST00300,53,Male,Sialkot,Silver,Mobile App,2019-11-12
CUST00301,52,Female,Rawalpindi,Bronze,Online,2024-06-10
CUST00302,40,Female,Peshawar,Silver,In-Store,2018-06-29
CUST00303,35,Male,Karachi,Bronze,Mobile App,2019-07-06
CUST00304,30,Female,Karachi,Bronze,In-Store,2022-11-04
CUST00305,18,Male,Multan,Silver,In-Store,2016-08-22
CUST00306,37,Female,Sialkot,Gold,Mobile App,2019-08-07
CUST00307,26,Female,Islamabad,Bronze,In-Store,2021-05-10
CUST00308,53,Male,Sargodha,Silver,In-Store,2022-07-02
CUST00309,35,Female,Hyderabad,Bronze,Online,2024-10-25
CUST00310,47,Male,Faisalabad,Bronze,Mobile App,2025-02-03
CUST00311,31,Female,Peshawar,Bronze,Online,2015-05-31
CUST00312,29,Female,Multan,Bronze,In-Store,2019-09-15
CUST00313,45,Male,Lahore,Bronze,Online,2025-04-19
CUST00314,41,Female,Karachi,Bronze,In-Store,2024-08-21
CUST00315,42,Female,Gujranwala,Bronze,In-Store,2021-12-17
CUST00316,36,Male,Rawalpindi,Silver,In-Store,2018-11-11
CUST00317,48,Female,Hyderabad,Bronze,In-Store,2022-08-02
CUST00318,46,Male,Islamabad,Bronze,Mobile App,2018-06-21
CUST00319,18,Female,Karachi,Gold,In-Store,2022-02-11
CUST00320,34,Male,Karachi,Gold,Online,2016-09-18
CUST00321,51,Male,Karachi,Bronze,In-Store,2017-02-07
CUST00322,24,Female,Quetta,Platinum,In-Store,2023-01-04
CUST00323,18,Female,Karachi,Bronze,Online,2021-07-13
CUST00324,36,Female,Gujranwala,Gold,In-Store,2023-03-10
CUST00325,44,Male,Peshawar,Silver,In-Store,2016-05-22
CUST00326,32,Female,Islamabad,Bronze,In-Store,2016-06-11
CUST00327,54,Male,Faisalabad,Bronze,In-Store,2019-03-10
CUST00328,61,Female,Bahawalpur,Bronze,Mobile App,2025-03-18
CUST00329,18,Male,Karachi,Silver,In-Store,2016-06-25
CUST00330,33,Female,Islamabad,Bronze,Online,2019-02-26
CUST00331,18,Female,Islamabad,Platinum,In-Store,2022-09-27
CUST00332,46,Female,Sargodha,Bronze,Online,2022-02-26
CUST00333,29,Male,Abbottabad,Silver,Online,2020-07-24
CUST00334,31,Female,Hyderabad,Bronze,In-Store,2024-06-24
CUST00335,52,Female,Islamabad,Platinum,In-Store,2024-03-24
CUST00336,20,Female,Sukkur,Bronze,In-Store,2020-07-18
CUST00337,18,Male,Rawalpindi,Bronze,Mobile App,2020-01-27
CUST00338,18,Female,Peshawar,Silver,Online,2024-09-09
CUST00339,54,Female,Bahawalpur,Bronze,In-Store,2021-10-18
CUST00340,51,Other,Lahore,Silver,Online,2023-05-11
CUST00341,34,Male,Hyderabad,Bronze,Online,2023-10-19
CUST00342,21,Male,Islamabad,Platinum,In-Store,2019-02-14
CUST00343,48,Female,Sukkur,Gold,In-Store,2021-01-06
CUST00344,73,Male,Faisalabad,Bronze,In-Store,2019-12-04
CUST00345,34,Female,Lahore,Gold,In-Store,2021-11-29
CUST00346,22,Male,Sialkot,Bronze,Mobile App,2022-01-21
CUST00347,54,Female,Karachi,Platinum,Online,2021-03-28
CUST00348,23,Female,Karachi,Bronze,Mobile App,2024-08-29
CUST00349,33,Male,Karachi,Bronze,In-Store,2023-05-28
CUST00350,18,Female,Hyderabad,Gold,Online,2025-11-12
CUST00351,34,Male,Sukkur,Bronze,In-Store,2018-06-10
CUST00352,21,Male,Multan,Platinum,In-Store,2016-10-01
CUST00353,54,Female,Lahore,Silver,In-Store,2023-06-12
CUST00354,25,Male,Islamabad,Silver,In-Store,2021-11-02
CUST00355,48,Male,Lahore,Bronze,In-Store,2019-05-16
CUST00356,36,Female,Karachi,Silver,Online,2024-12-23
CUST00357,39,Male,Hyderabad,Silver,In-Store,2024-09-24
CUST00358,44,Other,Lahore,Silver,In-Store,2018-01-07
CUST00359,37,Female,Karachi,Silver,In-Store,2024-10-12
CUST00360,29,Female,Karachi,Silver,Online,2020-07-06
CUST00361,27,Female,Bahawalpur,Silver,In-Store,2015-12-12
CUST00362,44,Female,Islamabad,Silver,In-Store,2022-09-20
CUST00363,18,Male,Peshawar,Silver,Online,2022-10-21
CUST00364,59,Female,Karachi,Platinum,In-Store,2020-03-06
CUST00365,39,Female,Faisalabad,Silver,In-Store,2020-07-08
CUST00366,33,Female,Sialkot,Bronze,In-Store,2016-11-18
CUST00367,41,Other,Karachi,Platinum,Mobile App,2019-03-26
CUST00368,30,Female,Lahore,Platinum,In-Store,2017-02-02
CUST00369,35,Male,Islamabad,Platinum,Online,2015-12-31
CUST00370,23,Female,Sukkur,Bronze,In-Store,2021-07-13
CUST00371,42,Male,Peshawar,Bronze,Online,2015-09-29
CUST00372,36,Female,Sukkur,Bronze,Online,2025-11-16
CUST00373,40,Female,Islamabad,Gold,Mobile App,2016-10-25
CUST00374,57,Female,Multan,Gold,Mobile App,2016-03-25
CUST00375,27,Male,Faisalabad,Bronze,Mobile App,2023-02-23
CUST00376,36,Male,Lahore,Bronze,In-Store,2020-05-26
CUST00377,18,Male,Rawalpindi,Gold,Online,2025-03-04
CUST00378,45,Female,Lahore,Bronze,Online,2015-12-18
CUST00379,37,Other,Karachi,Silver,In-Store,2015-03-03
CUST00380,38,Male,Abbottabad,Bronze,In-Store,2023-05-05
CUST00381,35,Female,Sargodha,Bronze,In-Store,2020-02-14
CUST00382,30,Female,Gujranwala,Bronze,Online,2023-11-29
CUST00383,70,Female,Lahore,Bronze,Online,2020-12-11
CUST00384,38,Male,Karachi,Bronze,Online,2022-09-20
CUST00385,41,Male,Lahore,Silver,In-Store,2020-06-08
CUST00386,23,Male,Sukkur,Bronze,Online,2022-04-15
CUST00387,49,Male,Karachi,Platinum,In-Store,2023-07-27
CUST00388,36,Male,Lahore,Silver,Mobile App,2024-01-20
CUST00389,43,Female,Peshawar,Bronze,In-Store,2015-04-08
CUST00390,49,Female,Rawalpindi,Bronze,Online,2022-11-26
CUST00391,36,Male,Peshawar,Silver,Mobile App,2022-03-19
CUST00392,29,Female,Faisalabad,Silver,In-Store,2021-09-18
CUST00393,18,Female,Multan,Silver,In-Store,2021-11-19
CUST00394,32,Male,Sukkur,Gold,In-Store,2022-11-17
CUST00395,29,Male,Lahore,Silver,In-Store,2025-11-13
CUST00396,23,Male,Karachi,Bronze,Online,2016-03-11
CUST00397,56,Male,Islamabad,Bronze,Mobile App,2021-04-13
CUST00398,50,Female,Faisalabad,Bronze,Mobile App,2018-10-24
CUST00399,18,Male,Faisalabad,Bronze,Mobile App,2023-09-15
CUST00400,39,Male,Faisalabad,Silver,In-Store,2022-04-08
CUST00401,27,Male,Faisalabad,Bronze,In-Store,2021-01-11
CUST00402,42,Male,Faisalabad,Bronze,In-Store,2023-10-11
CUST00403,27,Female,Bahawalpur,Bronze,Online,2019-02-26
CUST00404,30,Female,Karachi,Gold,Online,2017-04-23
CUST00405,50,Female,Sargodha,Bronze,Online,2019-10-21
CUST00406,48,Female,Multan,Silver,In-Store,2018-08-21
CUST00407,57,Male,Karachi,Gold,Online,2023-05-07
CUST00408,35,Male,Karachi,Gold,In-Store,2019-11-25
CUST00409,19,Female,Multan,Gold,In-Store,2022-12-02
CUST00410,49,Female,Peshawar,Silver,Online,2025-01-14
CUST00411,50,Female,Faisalabad,Bronze,Mobile App,2015-06-28
CUST00412,46,Female,Rawalpindi,Silver,Online,2019-01-19
CUST00413,28,Female,Lahore,Silver,In-Store,2016-06-19
CUST00414,24,Female,Multan,Silver,In-Store,2016-07-16
CUST00415,44,Female,Sukkur,Bronze,Mobile App,2023-03-12
CUST00416,26,Female,Rawalpindi,Bronze,Online,2024-08-01
CUST00417,33,Male,Quetta,Bronze,Online,2023-10-20
CUST00418,75,Male,Karachi,Silver,In-Store,2019-05-16
CUST00419,65,Female,Rawalpindi,Gold,In-Store,2018-11-18
CUST00420,48,Male,Sialkot,Gold,Online,2024-06-28
CUST00421,29,Male,Hyderabad,Bronze,Online,2023-07-01
CUST00422,28,Female,Faisalabad,Platinum,Mobile App,2015-12-04
CUST00423,47,Female,Faisalabad,Silver,In-Store,2016-06-03
CUST00424,57,Female,Karachi,Gold,Mobile App,2025-05-28
CUST00425,31,Male,Lahore,Gold,Online,2022-11-24
CUST00426,32,Male,Peshawar,Silver,Online,2025-07-03
CUST00427,39,Female,Sialkot,Platinum,Mobile App,2024-04-12
CUST00428,19,Male,Karachi,Silver,In-Store,2018-02-23
CUST00429,20,Male,Sargodha,Gold,In-Store,2022-06-27
CUST00430,22,Female,Sargodha,Bronze,In-Store,2015-05-26
CUST00431,45,Female,Lahore,Platinum,Online,2019-12-06
CUST00432,41,Male,Karachi,Gold,Mobile App,2019-06-01
CUST00433,52,Male,Islamabad,Bronze,In-Store,2015-06-27
CUST00434,18,Male,Sargodha,Silver,In-Store,2017-07-16
CUST00435,18,Male,Rawalpindi,Bronze,Online,2019-09-12
CUST00436,43,Female,Islamabad,Silver,Online,2023-07-04
CUST00437,26,Male,Sukkur,Gold,In-Store,2022-10-16
CUST00438,27,Male,Karachi,Bronze,In-Store,2015-06-26
CUST00439,51,Female,Sargodha,Gold,In-Store,2015-02-15
CUST00440,30,Male,Gujranwala,Gold,In-Store,2016-04-10
CUST00441,32,Female,Islamabad,Platinum,In-Store,2019-03-28
CUST00442,34,Female,Gujranwala,Platinum,In-Store,2022-04-03
CUST00443,35,Female,Sialkot,Bronze,Online,2018-12-24
CUST00444,46,Male,Multan,Bronze,Online,2023-12-21
CUST00445,22,Male,Sialkot,Bronze,Online,2022-12-11
CUST00446,35,Female,Faisalabad,Bronze,In-Store,2015-05-17
CUST00447,53,Female,Hyderabad,Bronze,Online,2017-02-13
CUST00448,65,Male,Gujranwala,Silver,In-Store,2017-10-17
CUST00449,20,Female,Bahawalpur,Gold,Online,2024-03-13
CUST00450,42,Male,Gujranwala,Gold,Online,2021-09-15
CUST00451,35,Male,Bahawalpur,Silver,Online,2022-08-16
CUST00452,36,Female,Lahore,Bronze,In-Store,2018-02-02
CUST00453,27,Male,Lahore,Bronze,In-Store,2017-06-19
CUST00454,47,Male,Rawalpindi,Bronze,Online,2022-02-27
CUST00455,47,Female,Lahore,Bronze,Mobile App,2015-07-16
CUST00456,70,Female,Sukkur,Gold,Online,2021-10-24
CUST00457,20,Female,Lahore,Platinum,In-Store,2023-12-07
CUST00458,18,Female,Rawalpindi,Gold,Online,2020-07-25
CUST00459,64,Female,Faisalabad,Platinum,In-Store,2020-05-26
CUST00460,37,Female,Sukkur,Bronze,In-Store,2023-08-14
CUST00461,32,Female,Lahore,Bronze,In-Store,2021-02-26
CUST00462,40,Female,Abbottabad,Bronze,Online,2015-10-12
CUST00463,19,Female,Lahore,Bronze,Online,2023-02-08
CUST00464,42,Female,Lahore,Bronze,In-Store,2016-03-07
CUST00465,36,Male,Lahore,Silver,Online,2025-02-03
CUST00466,51,Female,Sukkur,Silver,Online,2016-06-06
CUST00467,49,Female,Karachi,Platinum,Online,2022-08-12
CUST00468,50,Female,Karachi,Bronze,In-Store,2025-09-30
CUST00469,40,Male,Lahore,Silver,In-Store,2024-08-09
CUST00470,58,Female,Faisalabad,Silver,Mobile App,2018-01-12
CUST00471,45,Female,Islamabad,Gold,In-Store,2016-06-23
CUST00472,31,Female,Karachi,Silver,Online,2019-05-02
CUST00473,27,Male,Islamabad,Bronze,Online,2021-07-10
CUST00474,28,Male,Peshawar,Bronze,Mobile App,2017-12-20
CUST00475,45,Male,Rawalpindi,Bronze,In-Store,2023-07-13
CUST00476,20,Male,Multan,Bronze,Mobile App,2023-02-10
CUST00477,40,Male,Sargodha,Bronze,In-Store,2015-08-13
CUST00478,27,Female,Sialkot,Silver,In-Store,2017-12-01
CUST00479,21,Male,Gujranwala,Platinum,In-Store,2018-06-14
CUST00480,23,Male,Lahore,Bronze,Online,2021-03-29
CUST00481,37,Female,Faisalabad,Bronze,In-Store,2025-09-10
CUST00482,47,Male,Islamabad,Bronze,In-Store,2016-03-18
CUST00483,29,Female,Rawalpindi,Bronze,Mobile App,2016-01-22
CUST00484,18,Male,Karachi,Bronze,Online,2023-12-13
CUST00485,79,Female,Faisalabad,Gold,Online,2021-05-22
CUST00486,52,Male,Faisalabad,Bronze,In-Store,2025-07-03
CUST00487,50,Other,Multan,Bronze,Mobile App,2023-04-17
CUST00488,59,Female,Lahore,Platinum,Online,2018-11-28
CUST00489,39,Female,Lahore,Silver,Mobile App,2017-10-05
CUST00490,36,Male,Islamabad,Bronze,In-Store,2016-01-30
CUST00491,55,Female,Faisalabad,Bronze,In-Store,2023-03-16
CUST00492,55,Male,Islamabad,Platinum,Online,2018-11-04
CUST00493,45,Male,Quetta,Platinum,Online,2015-02-05
CUST00494,49,Male,Multan,Silver,Mobile App,2016-10-20
CUST00495,21,Female,Karachi,Bronze,In-Store,2025-08-05
CUST00496,34,Female,Lahore,Gold,Online,2024-10-16
CUST00497,60,Female,Multan,Silver,In-Store,2023-09-18
CUST00498,48,Male,Faisalabad,Bronze,In-Store,2025-08-11
CUST00499,18,Male,Islamabad,Bronze,Mobile App,2021-02-08
CUST00500,31,Female,Lahore,Bronze,Online,2018-04-03
CUST00501,58,Male,Bahawalpur,Bronze,In-Store,2022-05-13
CUST00502,43,Male,Rawalpindi,Silver,Online,2023-05-10
CUST00503,40,Female,Lahore,Gold,In-Store,2017-02-21
CUST00504,40,Male,Quetta,Platinum,In-Store,2023-05-26
CUST00505,36,Female,Lahore,Platinum,In-Store,2022-01-09
CUST00506,31,Male,Lahore,Gold,Online,2023-07-22
CUST00507,27,Female,Gujranwala,Bronze,Online,2023-02-12
CUST00508,51,Female,Bahawalpur,Silver,In-Store,2016-01-04
CUST00509,41,Female,Rawalpindi,Bronze,In-Store,2024-09-24
CUST00510,47,Female,Peshawar,Silver,In-Store,2024-05-03
CUST00511,45,Male,Islamabad,Bronze,In-Store,2016-02-22
CUST00512,56,Male,Peshawar,Silver,In-Store,2019-11-07
CUST00513,43,Male,Quetta,Bronze,Online,2021-09-06
CUST00514,48,Female,Quetta,Silver,Online,2024-01-16
CUST00515,40,Male,Karachi,Gold,In-Store,2022-07-24
CUST00516,25,Female,Karachi,Bronze,Online,2018-09-05
CUST00517,35,Male,Quetta,Platinum,Online,2023-01-16
CUST00518,45,Female,Faisalabad,Bronze,In-Store,2025-02-02
CUST00519,46,Male,Sargodha,Bronze,Online,2019-10-05
CUST00520,56,Female,Karachi,Silver,In-Store,2017-06-11
CUST00521,32,Female,Abbottabad,Silver,In-Store,2020-01-13
CUST00522,40,Male,Karachi,Gold,In-Store,2016-12-30
CUST00523,36,Female,Karachi,Silver,Online,2020-08-25
CUST00524,59,Female,Sukkur,Bronze,In-Store,2015-02-18
CUST00525,42,Male,Faisalabad,Silver,In-Store,2015-08-26
CUST00526,43,Female,Lahore,Gold,Online,2018-03-01
CUST00527,37,Male,Multan,Bronze,In-Store,2017-07-15
CUST00528,35,Female,Islamabad,Bronze,Mobile App,2019-09-02
CUST00529,19,Female,Abbottabad,Gold,In-Store,2023-08-12
CUST00530,21,Female,Sialkot,Gold,In-Store,2023-06-09
CUST00531,40,Female,Peshawar,Gold,Online,2017-11-05
CUST00532,38,Female,Islamabad,Bronze,In-Store,2015-09-15
CUST00533,40,Female,Karachi,Gold,In-Store,2015-05-05
CUST00534,50,Male,Gujranwala,Bronze,In-Store,2017-06-24
CUST00535,39,Female,Karachi,Silver,In-Store,2023-12-31
CUST00536,33,Female,Karachi,Bronze,Mobile App,2021-08-07
CUST00537,35,Female,Multan,Silver,In-Store,2015-08-01
CUST00538,41,Male,Sialkot,Platinum,Mobile App,2023-06-09
CUST00539,33,Male,Rawalpindi,Bronze,Online,2019-03-14
CUST00540,51,Male,Multan,Bronze,Online,2022-08-04
CUST00541,37,Female,Abbottabad,Silver,Online,2022-06-29
CUST00542,41,Male,Lahore,Gold,In-Store,2023-06-12
CUST00543,27,Male,Karachi,Silver,Mobile App,2025-09-15
CUST00544,51,Female,Lahore,Gold,Online,2023-07-19
CUST00545,56,Female,Rawalpindi,Platinum,Online,2019-04-17
CUST00546,20,Male,Sialkot,Silver,In-Store,2016-10-30
CUST00547,43,Female,Rawalpindi,Silver,Online,2022-03-05
CUST00548,36,Male,Multan,Silver,Online,2018-02-17
CUST00549,41,Female,Faisalabad,Bronze,In-Store,2015-07-25
CUST00550,43,Male,Faisalabad,Bronze,In-Store,2024-11-18
CUST00551,18,Female,Karachi,Bronze,Online,2020-05-06
CUST00552,47,Female,Karachi,Silver,In-Store,2023-01-05
CUST00553,52,Male,Lahore,Bronze,In-Store,2015-06-29
CUST00554,53,Female,Lahore,Bronze,Mobile App,2025-07-28
CUST00555,25,Male,Lahore,Bronze,In-Store,2022-10-09
CUST00556,37,Male,Lahore,Gold,Mobile App,2025-08-28
CUST00557,30,Female,Multan,Bronze,Online,2021-05-31
CUST00558,18,Male,Rawalpindi,Platinum,Online,2015-01-14
CUST00559,29,Male,Lahore,Bronze,In-Store,2019-02-24
CUST00560,23,Male,Lahore,Silver,In-Store,2021-07-11
CUST00561,42,Male,Karachi,Gold,In-Store,2023-05-09
CUST00562,18,Female,Peshawar,Bronze,Mobile App,2023-10-13
CUST00563,25,Male,Rawalpindi,Silver,In-Store,2017-03-13
CUST00564,31,Other,Peshawar,Gold,Online,2022-02-22
CUST00565,48,Male,Islamabad,Silver,In-Store,2024-12-14
CUST00566,74,Male,Karachi,Bronze,In-Store,2015-10-02
CUST00567,41,Female,Gujranwala,Silver,Mobile App,2017-09-24
CUST00568,24,Male,Karachi,Bronze,In-Store,2022-07-01
CUST00569,29,Male,Islamabad,Silver,In-Store,2021-07-31
CUST00570,46,Male,Multan,Bronze,In-Store,2020-03-09
CUST00571,20,Male,Peshawar,Gold,Mobile App,2023-04-07
CUST00572,52,Female,Rawalpindi,Gold,Online,2021-04-23
CUST00573,41,Female,Gujranwala,Bronze,In-Store,2015-06-01
CUST00574,36,Male,Rawalpindi,Silver,Mobile App,2023-09-27
CUST00575,18,Female,Hyderabad,Gold,Online,2019-09-10
CUST00576,49,Female,Lahore,Silver,Mobile App,2016-11-09
CUST00577,28,Male,Rawalpindi,Platinum,In-Store,2019-08-28
CUST00578,39,Male,Karachi,Bronze,In-Store,2018-12-07
CUST00579,35,Female,Multan,Bronze,In-Store,2020-05-16
CUST00580,18,Male,Islamabad,Bronze,In-Store,2015-07-23
CUST00581,35,Male,Peshawar,Platinum,Online,2017-03-14
CUST00582,22,Male,Sialkot,Silver,Online,2021-04-16
CUST00583,29,Female,Rawalpindi,Bronze,In-Store,2018-09-21
CUST00584,43,Female,Multan,Bronze,In-Store,2015-12-20
CUST00585,47,Male,Quetta,Bronze,Mobile App,2017-11-28
CUST00586,37,Male,Hyderabad,Gold,Online,2017-10-10
CUST00587,26,Male,Karachi,Bronze,Online,2024-06-17
CUST00588,29,Female,Faisalabad,Bronze,Online,2023-04-07
CUST00589,29,Male,Bahawalpur,Bronze,In-Store,2022-09-24
CUST00590,18,Male,Lahore,Silver,Online,2016-03-30
CUST00591,38,Male,Multan,Bronze,Mobile App,2017-11-02
CUST00592,18,Male,Lahore,Platinum,Mobile App,2018-10-23
CUST00593,38,Female,Gujranwala,Platinum,In-Store,2020-08-05
CUST00594,19,Male,Sialkot,Silver,In-Store,2023-04-08
CUST00595,22,Male,Sargodha,Silver,In-Store,2021-11-20
CUST00596,46,Female,Quetta,Bronze,In-Store,2023-06-23
CUST00597,38,Female,Faisalabad,Bronze,In-Store,2024-11-09
CUST00598,18,Male,Faisalabad,Bronze,Online,2023-03-29
CUST00599,30,Male,Sialkot,Silver,In-Store,2018-02-17
CUST00600,41,Female,Quetta,Bronze,Online,2021-07-30
CUST00601,29,Male,Karachi,Gold,Mobile App,2019-11-20
CUST00602,33,Male,Lahore,Gold,In-Store,2022-08-31
CUST00603,41,Male,Peshawar,Platinum,In-Store,2022-01-03
CUST00604,38,Female,Karachi,Gold,In-Store,2022-04-26
CUST00605,25,Male,Peshawar,Silver,Mobile App,2018-08-02
CUST00606,38,Male,Hyderabad,Bronze,Online,2021-01-04
CUST00607,34,Female,Islamabad,Platinum,In-Store,2017-04-01
CUST00608,60,Female,Lahore,Bronze,In-Store,2019-04-06
CUST00609,36,Male,Hyderabad,Bronze,Online,2025-09-04
CUST00610,39,Male,Rawalpindi,Silver,Online,2016-03-20
CUST00611,41,Female,Hyderabad,Platinum,In-Store,2023-04-29
CUST00612,33,Male,Karachi,Bronze,In-Store,2024-02-25
CUST00613,28,Female,Lahore,Platinum,Mobile App,2021-04-23
CUST00614,43,Male,Karachi,Bronze,Online,2020-06-26
CUST00615,44,Female,Rawalpindi,Silver,In-Store,2024-12-04
CUST00616,65,Male,Sukkur,Silver,In-Store,2023-08-13
CUST00617,47,Male,Peshawar,Silver,In-Store,2025-03-14
CUST00618,47,Male,Karachi,Platinum,In-Store,2020-03-01
CUST00619,47,Male,Karachi,Bronze,Mobile App,2022-10-27
CUST00620,29,Female,Quetta,Gold,In-Store,2022-01-12
CUST00621,21,Female,Karachi,Silver,In-Store,2023-05-04
CUST00622,24,Female,Lahore,Gold,In-Store,2025-10-18
CUST00623,46,Female,Quetta,Gold,In-Store,2020-10-21
CUST00624,56,Male,Lahore,Bronze,In-Store,2016-01-18
CUST00625,47,Female,Faisalabad,Bronze,In-Store,2020-10-20
CUST00626,35,Male,Islamabad,Gold,In-Store,2018-03-09
CUST00627,59,Female,Islamabad,Bronze,In-Store,2017-04-04
CUST00628,32,Female,Lahore,Bronze,Mobile App,2017-10-31
CUST00629,23,Male,Rawalpindi,Silver,Mobile App,2023-11-22
CUST00630,41,Female,Lahore,Bronze,Online,2024-11-02
CUST00631,54,Other,Sargodha,Gold,In-Store,2018-05-25
CUST00632,27,Male,Islamabad,Bronze,In-Store,2016-05-11
CUST00633,18,Female,Quetta,Bronze,Online,2022-07-22
CUST00634,38,Male,Lahore,Gold,Online,2024-03-25
CUST00635,48,Male,Lahore,Bronze,In-Store,2025-10-04
CUST00636,18,Male,Rawalpindi,Silver,Mobile App,2016-02-24
CUST00637,50,Male,Quetta,Bronze,Online,2022-06-25
CUST00638,20,Male,Karachi,Silver,In-Store,2025-10-21
CUST00639,47,Female,Lahore,Bronze,Mobile App,2023-11-09
CUST00640,18,Male,Sialkot,Gold,Online,2016-08-04
CUST00641,18,Female,Islamabad,Bronze,Mobile App,2015-10-05
CUST00642,46,Male,Hyderabad,Platinum,Mobile App,2015-05-30
CUST00643,53,Male,Karachi,Bronze,In-Store,2022-04-14
CUST00644,37,Female,Gujranwala,Bronze,In-Store,2025-01-24
CUST00645,69,Female,Multan,Bronze,In-Store,2022-04-19
CUST00646,24,Female,Lahore,Bronze,In-Store,2025-03-21
CUST00647,24,Female,Karachi,Bronze,In-Store,2017-03-12
CUST00648,34,Female,Sukkur,Bronze,In-Store,2020-01-14
CUST00649,33,Male,Lahore,Silver,Online,2015-06-21
CUST00650,41,Male,Lahore,Gold,In-Store,2021-10-22
CUST00651,28,Male,Lahore,Bronze,In-Store,2025-03-21
CUST00652,45,Male,Islamabad,Bronze,Mobile App,2017-02-19
CUST00653,45,Male,Faisalabad,Bronze,In-Store,2025-09-17
CUST00654,58,Male,Rawalpindi,Silver,In-Store,2025-07-08
CUST00655,31,Male,Hyderabad,Bronze,Online,2023-05-18
CUST00656,42,Male,Lahore,Bronze,In-Store,2024-03-26
CUST00657,45,Male,Sialkot,Silver,In-Store,2015-12-24
CUST00658,37,Female,Bahawalpur,Silver,In-Store,2024-10-04
CUST00659,35,Female,Karachi,Bronze,In-Store,2018-07-21
CUST00660,18,Female,Sialkot,Gold,In-Store,2024-04-18
CUST00661,39,Female,Lahore,Silver,In-Store,2022-11-07
CUST00662,45,Female,Rawalpindi,Gold,Mobile App,2021-02-04
CUST00663,37,Male,Karachi,Bronze,In-Store,2024-11-06
CUST00664,27,Female,Lahore,Bronze,Mobile App,2018-08-27
CUST00665,18,Female,Karachi,Platinum,Mobile App,2016-07-12
CUST00666,43,Male,Lahore,Silver,Online,2025-12-04
CUST00667,38,Male,Karachi,Bronze,Mobile App,2025-03-22
CUST00668,56,Female,Sargodha,Gold,In-Store,2019-05-20
CUST00669,19,Female,Sukkur,Gold,In-Store,2023-08-17
CUST00670,31,Female,Peshawar,Platinum,In-Store,2025-09-09
CUST00671,20,Male,Islamabad,Silver,Mobile App,2017-07-30
CUST00672,51,Male,Sargodha,Silver,Online,2017-07-26
CUST00673,54,Male,Abbottabad,Bronze,Mobile App,2024-05-14
CUST00674,62,Female,Gujranwala,Silver,In-Store,2021-08-05
CUST00675,44,Male,Peshawar,Bronze,In-Store,2015-03-11
CUST00676,48,Male,Islamabad,Gold,In-Store,2021-01-21
CUST00677,43,Female,Sukkur,Silver,Online,2016-04-25
CUST00678,45,Male,Faisalabad,Silver,In-Store,2017-12-04
CUST00679,38,Female,Peshawar,Silver,Online,2025-11-14
CUST00680,46,Female,Lahore,Bronze,Mobile App,2017-11-09
CUST00681,65,Female,Karachi,Bronze,Online,2018-07-05
CUST00682,40,Female,Abbottabad,Silver,In-Store,2023-08-07
CUST00683,38,Female,Multan,Silver,In-Store,2020-05-02
CUST00684,40,Male,Peshawar,Gold,Online,2018-08-25
CUST00685,36,Male,Karachi,Silver,In-Store,2025-01-09
CUST00686,41,Female,Rawalpindi,Bronze,In-Store,2022-05-09
CUST00687,35,Female,Lahore,Silver,In-Store,2019-11-14
CUST00688,52,Male,Hyderabad,Silver,In-Store,2020-10-17
CUST00689,51,Female,Rawalpindi,Gold,In-Store,2015-09-17
CUST00690,66,Female,Islamabad,Gold,In-Store,2017-01-24
CUST00691,37,Male,Karachi,Silver,Mobile App,2025-05-28
CUST00692,41,Male,Islamabad,Gold,Online,2018-02-04
CUST00693,41,Female,Islamabad,Bronze,Mobile App,2023-10-09
CUST00694,40,Female,Gujranwala,Gold,Online,2018-07-17
CUST00695,52,Female,Hyderabad,Bronze,Online,2018-10-07
CUST00696,18,Female,Islamabad,Gold,In-Store,2017-12-23
CUST00697,43,Male,Rawalpindi,Bronze,Online,2016-01-01
CUST00698,63,Male,Abbottabad,Silver,In-Store,2016-02-13
CUST00699,55,Male,Islamabad,Gold,Online,2015-05-19
CUST00700,54,Male,Multan,Bronze,Online,2015-02-04
CUST00701,48,Female,Karachi,Bronze,In-Store,2023-06-29
CUST00702,30,Male,Rawalpindi,Gold,Online,2023-10-19
CUST00703,28,Male,Lahore,Bronze,Online,2018-07-31
CUST00704,28,Female,Lahore,Bronze,In-Store,2017-11-28
CUST00705,23,Female,Lahore,Silver,In-Store,2018-11-18
CUST00706,50,Male,Rawalpindi,Silver,In-Store,2024-11-20
CUST00707,57,Male,Lahore,Bronze,Mobile App,2023-05-16
CUST00708,43,Male,Gujranwala,Silver,Mobile App,2015-04-17
CUST00709,48,Female,Rawalpindi,Gold,Online,2023-09-10
CUST00710,41,Female,Karachi,Silver,Online,2023-08-17
CUST00711,45,Female,Rawalpindi,Bronze,Online,2019-08-15
CUST00712,18,Male,Karachi,Silver,Online,2018-04-15
CUST00713,42,Female,Karachi,Bronze,In-Store,2023-01-19
CUST00714,32,Male,Karachi,Platinum,In-Store,2022-05-20
CUST00715,37,Female,Gujranwala,Bronze,Mobile App,2021-08-15
CUST00716,40,Male,Rawalpindi,Silver,Mobile App,2022-08-20
CUST00717,28,Male,Karachi,Silver,In-Store,2016-01-20
CUST00718,24,Male,Faisalabad,Gold,In-Store,2017-05-25
CUST00719,28,Female,Lahore,Gold,Mobile App,2022-12-23
CUST00720,19,Male,Quetta,Silver,Online,2017-03-21
CUST00721,22,Male,Sargodha,Platinum,Online,2015-08-18
CUST00722,24,Female,Lahore,Silver,In-Store,2024-05-09
CUST00723,19,Male,Lahore,Platinum,In-Store,2022-12-13
CUST00724,44,Male,Quetta,Bronze,In-Store,2017-06-30
CUST00725,26,Male,Peshawar,Gold,In-Store,2025-04-14
CUST00726,18,Male,Hyderabad,Silver,In-Store,2016-04-30
CUST00727,32,Female,Peshawar,Gold,Mobile App,2021-10-10
CUST00728,23,Male,Lahore,Bronze,In-Store,2022-08-01
CUST00729,56,Male,Hyderabad,Silver,Online,2019-08-15
CUST00730,39,Other,Karachi,Silver,In-Store,2017-05-22
CUST00731,18,Male,Karachi,Gold,In-Store,2015-01-12
CUST00732,45,Female,Sargodha,Silver,Mobile App,2022-12-17
CUST00733,39,Female,Multan,Gold,Online,2024-06-08
CUST00734,34,Male,Islamabad,Silver,Online,2020-01-18
CUST00735,58,Female,Lahore,Silver,In-Store,2018-07-28
CUST00736,25,Female,Karachi,Gold,Mobile App,2018-12-24
CUST00737,51,Male,Faisalabad,Silver,Mobile App,2023-07-03
CUST00738,32,Male,Sukkur,Silver,Online,2015-09-03
CUST00739,37,Male,Peshawar,Silver,In-Store,2025-10-12
CUST00740,28,Male,Sialkot,Gold,Mobile App,2018-03-28
CUST00741,29,Male,Multan,Platinum,In-Store,2025-11-02
CUST00742,32,Male,Karachi,Bronze,Online,2017-11-17
CUST00743,18,Female,Rawalpindi,Bronze,In-Store,2019-06-26
CUST00744,42,Male,Karachi,Bronze,In-Store,2023-03-17
CUST00745,39,Female,Karachi,Bronze,In-Store,2017-07-22
CUST00746,18,Male,Lahore,Bronze,In-Store,2020-07-02
CUST00747,46,Female,Sukkur,Gold,In-Store,2018-12-14
CUST00748,56,Female,Lahore,Bronze,In-Store,2025-01-15
CUST00749,29,Male,Rawalpindi,Silver,Online,2018-04-06
CUST00750,27,Male,Sukkur,Gold,Mobile App,2015-11-26
CUST00751,52,Male,Peshawar,Platinum,In-Store,2023-10-28
CUST00752,43,Male,Karachi,Silver,In-Store,2020-08-13
CUST00753,36,Male,Rawalpindi,Bronze,In-Store,2017-01-13
CUST00754,48,Female,Sialkot,Silver,In-Store,2017-08-23
CUST00755,41,Female,Rawalpindi,Platinum,In-Store,2016-06-29
CUST00756,56,Male,Lahore,Platinum,In-Store,2020-02-03
CUST00757,37,Female,Peshawar,Bronze,Online,2016-11-12
CUST00758,43,Female,Rawalpindi,Platinum,In-Store,2017-03-08
CUST00759,52,Male,Faisalabad,Bronze,Online,2016-12-31
CUST00760,18,Female,Karachi,Gold,In-Store,2018-05-22
CUST00761,52,Male,Bahawalpur,Platinum,Online,2020-04-17
CUST00762,31,Female,Bahawalpur,Bronze,In-Store,2022-07-06
CUST00763,44,Female,Lahore,Bronze,Online,2023-10-09
CUST00764,59,Male,Lahore,Silver,In-Store,2024-01-10
CUST00765,34,Male,Lahore,Bronze,Online,2023-09-12
CUST00766,32,Female,Multan,Platinum,In-Store,2021-02-10
CUST00767,37,Male,Lahore,Silver,In-Store,2023-08-08
CUST00768,19,Female,Multan,Gold,Online,2018-07-04
CUST00769,66,Female,Sargodha,Bronze,Online,2017-05-16
CUST00770,37,Male,Lahore,Platinum,In-Store,2019-01-05
CUST00771,59,Male,Lahore,Gold,In-Store,2019-05-21
CUST00772,33,Female,Karachi,Bronze,In-Store,2020-08-31
CUST00773,38,Female,Islamabad,Bronze,In-Store,2025-01-04
CUST00774,50,Female,Sukkur,Bronze,Online,2021-01-23
CUST00775,23,Male,Karachi,Silver,Mobile App,2024-09-08
CUST00776,36,Female,Peshawar,Gold,In-Store,2024-01-04
CUST00777,49,Male,Islamabad,Gold,In-Store,2016-08-02
CUST00778,35,Male,Islamabad,Silver,In-Store,2025-07-08
CUST00779,31,Male,Lahore,Silver,Online,2018-02-20
CUST00780,52,Female,Hyderabad,Platinum,In-Store,2017-03-16
CUST00781,56,Female,Gujranwala,Silver,In-Store,2015-09-24
CUST00782,58,Female,Karachi,Gold,In-Store,2025-03-04
CUST00783,29,Female,Multan,Bronze,Online,2017-01-31
CUST00784,30,Male,Rawalpindi,Bronze,Mobile App,2021-05-15
CUST00785,31,Female,Karachi,Bronze,In-Store,2018-05-04
CUST00786,47,Female,Lahore,Platinum,In-Store,2018-12-02
CUST00787,22,Female,Lahore,Gold,In-Store,2021-03-26
CUST00788,23,Female,Sialkot,Platinum,In-Store,2017-01-26
CUST00789,28,Male,Rawalpindi,Bronze,In-Store,2019-08-26
CUST00790,25,Male,Gujranwala,Bronze,Online,2022-03-16
CUST00791,49,Female,Abbottabad,Bronze,Online,2020-08-30
CUST00792,48,Male,Islamabad,Silver,In-Store,2022-06-18
CUST00793,31,Male,Faisalabad,Platinum,In-Store,2025-07-06
CUST00794,35,Female,Abbottabad,Bronze,In-Store,2024-11-23
CUST00795,18,Female,Lahore,Platinum,Mobile App,2017-05-25
CUST00796,32,Male,Karachi,Bronze,Online,2018-08-05
CUST00797,54,Male,Rawalpindi,Bronze,In-Store,2015-10-03
CUST00798,31,Male,Faisalabad,Bronze,Mobile App,2020-12-01
CUST00799,23,Male,Bahawalpur,Bronze,Mobile App,2021-10-29
CUST00800,55,Male,Rawalpindi,Silver,Online,2022-01-15
CUST00801,23,Male,Rawalpindi,Platinum,In-Store,2015-10-13
CUST00802,58,Female,Faisalabad,Platinum,In-Store,2023-07-24
CUST00803,75,Male,Rawalpindi,Bronze,Mobile App,2017-08-10
CUST00804,36,Male,Sukkur,Silver,In-Store,2024-05-21
CUST00805,54,Female,Multan,Silver,In-Store,2018-03-15
CUST00806,18,Male,Gujranwala,Bronze,Online,2023-02-06
CUST00807,18,Female,Karachi,Silver,Mobile App,2016-08-21
CUST00808,27,Male,Sukkur,Bronze,Mobile App,2018-04-18
CUST00809,48,Male,Abbottabad,Bronze,Online,2018-09-11
CUST00810,38,Male,Sargodha,Platinum,In-Store,2020-07-15
CUST00811,35,Male,Abbottabad,Gold,Online,2020-10-01
CUST00812,21,Male,Quetta,Gold,Mobile App,2020-11-04
CUST00813,36,Female,Peshawar,Silver,Online,2022-11-08
CUST00814,29,Female,Karachi,Silver,Online,2025-10-08
CUST00815,26,Female,Lahore,Bronze,Online,2015-03-18
CUST00816,24,Female,Gujranwala,Bronze,Online,2020-11-26
CUST00817,40,Male,Islamabad,Platinum,In-Store,2025-09-28
CUST00818,28,Female,Multan,Silver,In-Store,2015-06-12
CUST00819,37,Female,Multan,Silver,In-Store,2024-02-22
CUST00820,18,Male,Multan,Silver,Online,2023-04-01
CUST00821,44,Female,Islamabad,Platinum,In-Store,2024-03-20
CUST00822,41,Female,Sukkur,Bronze,In-Store,2019-05-03
CUST00823,34,Female,Lahore,Gold,Mobile App,2021-09-04
CUST00824,40,Female,Sialkot,Bronze,In-Store,2020-09-09
CUST00825,50,Female,Karachi,Bronze,In-Store,2019-06-28
CUST00826,19,Female,Hyderabad,Platinum,Online,2023-02-21
CUST00827,38,Female,Sialkot,Bronze,Online,2021-04-10
CUST00828,21,Female,Abbottabad,Silver,Online,2025-08-06
CUST00829,39,Male,Karachi,Silver,In-Store,2023-11-07
CUST00830,34,Female,Gujranwala,Silver,Mobile App,2023-11-09
CUST00831,37,Female,Islamabad,Platinum,In-Store,2021-07-27
CUST00832,49,Male,Lahore,Bronze,Online,2017-10-23
CUST00833,48,Female,Lahore,Bronze,Online,2022-01-26
CUST00834,52,Male,Quetta,Bronze,In-Store,2017-05-20
CUST00835,32,Male,Sargodha,Platinum,In-Store,2017-01-23
CUST00836,47,Female,Peshawar,Platinum,In-Store,2025-10-02
CUST00837,44,Female,Lahore,Bronze,In-Store,2018-02-08
CUST00838,33,Male,Islamabad,Silver,Mobile App,2017-05-06
CUST00839,39,Female,Lahore,Silver,Mobile App,2020-11-10
CUST00840,36,Male,Karachi,Platinum,Mobile App,2016-07-07
CUST00841,56,Female,Sialkot,Silver,Mobile App,2024-08-17
CUST00842,48,Female,Karachi,Gold,In-Store,2024-11-02
CUST00843,33,Female,Peshawar,Bronze,Online,2021-07-01
CUST00844,32,Male,Rawalpindi,Silver,In-Store,2019-11-24
CUST00845,50,Female,Karachi,Gold,In-Store,2020-01-13
CUST00846,55,Female,Lahore,Bronze,In-Store,2015-07-15
CUST00847,42,Male,Karachi,Silver,In-Store,2019-04-25
CUST00848,46,Male,Multan,Platinum,Mobile App,2021-07-10
CUST00849,54,Female,Peshawar,Gold,Online,2021-11-14
CUST00850,35,Male,Sukkur,Bronze,Online,2019-01-22
CUST00851,39,Female,Lahore,Silver,In-Store,2022-10-21
CUST00852,44,Male,Lahore,Silver,In-Store,2019-10-26
CUST00853,32,Female,Rawalpindi,Bronze,In-Store,2020-06-22
CUST00854,60,Male,Gujranwala,Bronze,Online,2021-08-04
CUST00855,32,Male,Faisalabad,Bronze,Online,2025-06-21
CUST00856,38,Male,Sargodha,Platinum,Online,2025-11-29
CUST00857,62,Female,Karachi,Silver,In-Store,2021-07-08
CUST00858,18,Female,Quetta,Bronze,In-Store,2016-03-19
CUST00859,40,Male,Peshawar,Silver,In-Store,2018-02-08
CUST00860,29,Female,Lahore,Bronze,Mobile App,2017-08-09
CUST00861,38,Male,Lahore,Gold,Online,2024-10-23
CUST00862,22,Male,Islamabad,Silver,In-Store,2024-03-14
CUST00863,33,Female,Islamabad,Silver,In-Store,2018-03-09
CUST00864,38,Male,Islamabad,Gold,Online,2016-07-02
CUST00865,41,Male,Quetta,Bronze,Online,2019-06-17
CUST00866,49,Female,Karachi,Silver,In-Store,2025-09-17
CUST00867,18,Female,Sialkot,Bronze,Online,2015-03-15
CUST00868,36,Male,Faisalabad,Bronze,In-Store,2018-08-12
CUST00869,35,Male,Lahore,Bronze,In-Store,2016-07-06
CUST00870,37,Female,Peshawar,Bronze,Online,2021-12-06
CUST00871,38,Female,Islamabad,Silver,Mobile App,2024-07-05
CUST00872,27,Male,Karachi,Bronze,In-Store,2017-02-26
CUST00873,18,Female,Multan,Bronze,Online,2019-03-29
CUST00874,40,Female,Islamabad,Bronze,In-Store,2018-06-25
CUST00875,25,Male,Lahore,Bronze,In-Store,2016-06-14
CUST00876,43,Male,Rawalpindi,Bronze,Mobile App,2021-02-07
CUST00877,25,Female,Faisalabad,Bronze,Mobile App,2016-10-28
CUST00878,47,Male,Quetta,Platinum,In-Store,2025-08-12
CUST00879,37,Male,Faisalabad,Bronze,Online,2018-06-08
CUST00880,38,Female,Faisalabad,Silver,In-Store,2019-03-03
CUST00881,34,Female,Multan,Gold,In-Store,2022-03-30
CUST00882,32,Female,Bahawalpur,Platinum,Online,2024-12-07
CUST00883,34,Female,Karachi,Bronze,In-Store,2016-02-27
CUST00884,53,Female,Peshawar,Bronze,In-Store,2017-04-17
CUST00885,18,Female,Karachi,Silver,Mobile App,2025-10-10
CUST00886,29,Female,Lahore,Silver,In-Store,2015-05-23
CUST00887,51,Female,Gujranwala,Silver,In-Store,2017-05-27
CUST00888,48,Male,Islamabad,Bronze,In-Store,2024-03-30
CUST00889,55,Female,Karachi,Platinum,In-Store,2025-01-19
CUST00890,37,Female,Faisalabad,Silver,Online,2022-09-27
CUST00891,20,Male,Rawalpindi,Bronze,In-Store,2021-06-24
CUST00892,23,Male,Bahawalpur,Platinum,In-Store,2016-04-08
CUST00893,34,Male,Sargodha,Silver,Online,2016-05-05
CUST00894,47,Female,Lahore,Gold,In-Store,2015-03-26
CUST00895,34,Male,Gujranwala,Bronze,In-Store,2017-09-05
CUST00896,33,Male,Faisalabad,Bronze,Online,2024-01-12
CUST00897,43,Male,Faisalabad,Bronze,Mobile App,2018-09-29
CUST00898,38,Male,Karachi,Gold,Mobile App,2016-11-18
CUST00899,32,Female,Hyderabad,Platinum,Online,2017-04-24
CUST00900,24,Female,Multan,Platinum,In-Store,2020-04-07
CUST00901,50,Female,Sargodha,Gold,Mobile App,2019-08-07
CUST00902,51,Female,Sialkot,Gold,In-Store,2024-05-19
CUST00903,24,Male,Rawalpindi,Bronze,Online,2024-03-10
CUST00904,32,Female,Hyderabad,Bronze,Mobile App,2021-04-07
CUST00905,46,Female,Islamabad,Bronze,Mobile App,2025-08-31
CUST00906,23,Female,Hyderabad,Silver,Online,2024-11-26
CUST00907,42,Female,Karachi,Platinum,Mobile App,2016-01-02
CUST00908,33,Male,Islamabad,Silver,In-Store,2015-05-30
CUST00909,22,Female,Sukkur,Silver,In-Store,2016-07-29
CUST00910,61,Female,Karachi,Bronze,Online,2019-08-30
CUST00911,33,Male,Sukkur,Silver,Mobile App,2020-01-20
CUST00912,44,Male,Karachi,Bronze,In-Store,2017-03-01
CUST00913,23,Female,Peshawar,Platinum,In-Store,2022-08-26
CUST00914,58,Male,Peshawar,Gold,Mobile App,2019-06-02
CUST00915,63,Female,Karachi,Bronze,Mobile App,2016-06-28
CUST00916,18,Female,Hyderabad,Silver,In-Store,2023-05-17
CUST00917,35,Male,Karachi,Bronze,Mobile App,2023-02-20
CUST00918,55,Male,Hyderabad,Bronze,In-Store,2024-10-26
CUST00919,31,Female,Abbottabad,Silver,In-Store,2025-12-24
CUST00920,43,Female,Peshawar,Silver,Online,2016-08-18
CUST00921,18,Female,Bahawalpur,Bronze,In-Store,2017-09-21
CUST00922,27,Male,Multan,Bronze,Online,2018-10-23
CUST00923,41,Female,Abbottabad,Bronze,In-Store,2025-01-02
CUST00924,30,Male,Gujranwala,Bronze,In-Store,2019-11-19
CUST00925,33,Male,Peshawar,Bronze,Online,2024-11-25
CUST00926,18,Male,Abbottabad,Silver,Mobile App,2017-09-23
CUST00927,46,Female,Rawalpindi,Gold,In-Store,2018-05-31
CUST00928,20,Female,Rawalpindi,Bronze,Online,2017-03-07
CUST00929,58,Male,Hyderabad,Platinum,Mobile App,2018-12-22
CUST00930,29,Female,Peshawar,Silver,Online,2024-01-15
CUST00931,48,Female,Karachi,Silver,In-Store,2018-07-14
CUST00932,47,Female,Islamabad,Silver,Online,2024-07-17
CUST00933,25,Male,Multan,Platinum,Online,2017-06-19
CUST00934,30,Male,Karachi,Silver,In-Store,2015-05-03
CUST00935,32,Male,Faisalabad,Gold,Mobile App,2021-03-14
CUST00936,32,Female,Lahore,Silver,In-Store,2025-02-18
CUST00937,21,Male,Lahore,Gold,Mobile App,2017-10-29
CUST00938,44,Male,Sukkur,Gold,In-Store,2023-09-09
CUST00939,29,Male,Lahore,Gold,In-Store,2025-05-01
CUST00940,36,Male,Sukkur,Bronze,Online,2018-03-05
CUST00941,51,Male,Faisalabad,Silver,Online,2016-04-11
CUST00942,45,Female,Bahawalpur,Silver,Online,2022-01-10
CUST00943,29,Male,Quetta,Bronze,In-Store,2022-12-22
CUST00944,51,Male,Rawalpindi,Bronze,In-Store,2020-02-03
CUST00945,46,Male,Karachi,Gold,In-Store,2021-12-15
CUST00946,28,Female,Sukkur,Bronze,In-Store,2017-04-09
CUST00947,31,Female,Quetta,Silver,In-Store,2018-04-21
CUST00948,51,Female,Karachi,Silver,Online,2016-03-18
CUST00949,48,Male,Sargodha,Silver,In-Store,2020-08-18
CUST00950,18,Female,Faisalabad,Platinum,In-Store,2021-07-01
CUST00951,24,Female,Karachi,Gold,Online,2024-04-19
CUST00952,47,Male,Lahore,Silver,Online,2015-05-17
CUST00953,22,Female,Hyderabad,Bronze,In-Store,2023-08-26
CUST00954,48,Female,Rawalpindi,Bronze,Online,2023-10-29
CUST00955,63,Female,Gujranwala,Bronze,Online,2023-09-11
CUST00956,42,Male,Islamabad,Silver,In-Store,2022-04-06
CUST00957,26,Male,Karachi,Bronze,In-Store,2023-01-04
CUST00958,40,Female,Lahore,Silver,In-Store,2022-02-24
CUST00959,51,Male,Sukkur,Bronze,Online,2017-04-05
CUST00960,39,Male,Lahore,Bronze,Online,2020-12-22
CUST00961,44,Female,Sargodha,Gold,Online,2017-12-24
CUST00962,27,Male,Lahore,Platinum,In-Store,2021-10-14
CUST00963,28,Male,Abbottabad,Silver,In-Store,2024-01-02
CUST00964,49,Male,Karachi,Bronze,Online,2025-02-03
CUST00965,28,Male,Faisalabad,Bronze,Online,2022-06-17
CUST00966,18,Male,Karachi,Bronze,In-Store,2021-02-20
CUST00967,34,Female,Lahore,Silver,In-Store,2017-03-14
CUST00968,42,Female,Hyderabad,Silver,Mobile App,2018-01-17
CUST00969,51,Male,Lahore,Gold,Online,2016-10-18
CUST00970,59,Female,Sukkur,Silver,In-Store,2022-12-13
CUST00971,39,Male,Multan,Bronze,In-Store,2020-05-12
CUST00972,46,Male,Quetta,Gold,Mobile App,2018-09-10
CUST00973,39,Female,Islamabad,Gold,Online,2021-02-28
CUST00974,42,Female,Abbottabad,Gold,In-Store,2024-07-08
CUST00975,35,Male,Gujranwala,Platinum,In-Store,2019-02-07
CUST00976,43,Female,Bahawalpur,Gold,In-Store,2019-11-05
CUST00977,28,Male,Karachi,Silver,Online,2018-12-24
CUST00978,63,Female,Lahore,Gold,In-Store,2017-12-07
CUST00979,18,Female,Hyderabad,Gold,In-Store,2020-02-25
CUST00980,45,Female,Peshawar,Silver,In-Store,2015-11-09
CUST00981,42,Female,Islamabad,Silver,Mobile App,2015-12-17
CUST00982,42,Female,Rawalpindi,Silver,In-Store,2018-09-02
CUST00983,22,Female,Rawalpindi,Bronze,In-Store,2023-09-08
CUST00984,18,Male,Faisalabad,Silver,In-Store,2020-09-12
CUST00985,45,Female,Faisalabad,Silver,In-Store,2020-01-12
CUST00986,55,Female,Rawalpindi,Bronze,In-Store,2015-11-17
CUST00987,40,Female,Islamabad,Silver,In-Store,2015-10-10
CUST00988,48,Female,Rawalpindi,Platinum,In-Store,2025-09-27
CUST00989,32,Female,Lahore,Platinum,In-Store,2020-08-16
CUST00990,42,Female,Lahore,Platinum,In-Store,2021-08-30
CUST00991,53,Male,Peshawar,Silver,Mobile App,2018-10-18
CUST00992,33,Male,Sargodha,Gold,In-Store,2023-06-06
CUST00993,53,Male,Lahore,Bronze,Online,2023-09-18
CUST00994,18,Male,Bahawalpur,Silver,In-Store,2015-11-14
CUST00995,30,Male,Multan,Bronze,In-Store,2020-11-01
CUST00996,45,Female,Sargodha,Bronze,In-Store,2019-06-20
CUST00997,62,Male,Islamabad,Gold,In-Store,2024-04-20
CUST00998,38,Male,Peshawar,Bronze,Online,2019-04-06
CUST00999,24,Male,Faisalabad,Gold,Online,2017-04-04
CUST01000,62,Male,Abbottabad,Platinum,In-Store,2022-05-20
CUST01001,36,Female,Karachi,Bronze,Mobile App,2018-05-13
CUST01002,46,Male,Karachi,Bronze,Mobile App,2020-03-11
CUST01003,33,Female,Sukkur,Gold,In-Store,2017-08-15
CUST01004,39,Female,Karachi,Gold,In-Store,2017-10-04
CUST01005,30,Female,Bahawalpur,Gold,Mobile App,2025-04-10
CUST01006,67,Male,Karachi,Gold,Mobile App,2023-03-26
CUST01007,53,Female,Karachi,Gold,In-Store,2018-05-23
CUST01008,60,Female,Islamabad,Gold,Online,2022-08-21
CUST01009,27,Other,Quetta,Bronze,Mobile App,2020-11-08
CUST01010,18,Female,Multan,Platinum,Mobile App,2019-07-02
CUST01011,34,Female,Bahawalpur,Gold,Online,2016-10-19
CUST01012,70,Female,Multan,Silver,In-Store,2024-08-20
CUST01013,33,Female,Multan,Bronze,In-Store,2015-02-13
CUST01014,51,Female,Multan,Platinum,Online,2016-07-19
CUST01015,24,Male,Rawalpindi,Bronze,In-Store,2020-03-21
CUST01016,27,Female,Peshawar,Gold,Online,2020-08-27
CUST01017,36,Female,Abbottabad,Bronze,In-Store,2021-06-28
CUST01018,65,Female,Abbottabad,Silver,Online,2024-05-07
CUST01019,52,Female,Karachi,Silver,Online,2025-11-09
CUST01020,18,Male,Rawalpindi,Bronze,Mobile App,2022-10-08
CUST01021,46,Female,Multan,Bronze,In-Store,2025-09-08
CUST01022,23,Male,Quetta,Bronze,Online,2020-10-14
CUST01023,29,Female,Lahore,Bronze,Online,2024-08-31
CUST01024,44,Male,Abbottabad,Bronze,In-Store,2016-01-15
CUST01025,56,Male,Rawalpindi,Silver,Online,2021-07-09
CUST01026,55,Male,Lahore,Silver,Online,2015-05-20
CUST01027,42,Male,Sialkot,Gold,Online,2023-09-22
CUST01028,42,Male,Multan,Bronze,In-Store,2022-05-14
CUST01029,55,Female,Bahawalpur,Silver,Online,2019-07-27
CUST01030,18,Male,Karachi,Silver,In-Store,2019-10-26
CUST01031,61,Female,Karachi,Gold,In-Store,2025-10-20
CUST01032,28,Male,Sargodha,Platinum,Online,2019-08-06
CUST01033,41,Male,Rawalpindi,Platinum,Online,2025-12-25
CUST01034,31,Male,Lahore,Gold,In-Store,2019-04-21
CUST01035,22,Male,Sialkot,Gold,In-Store,2025-02-20
CUST01036,44,Female,Abbottabad,Bronze,In-Store,2016-11-28
CUST01037,41,Female,Abbottabad,Bronze,Mobile App,2016-05-08
CUST01038,36,Female,Sargodha,Silver,Mobile App,2021-03-01
CUST01039,36,Female,Karachi,Silver,In-Store,2025-03-23
CUST01040,57,Female,Hyderabad,Silver,Online,2019-03-08
CUST01041,66,Female,Karachi,Gold,Online,2019-03-17
CUST01042,54,Female,Islamabad,Silver,In-Store,2015-10-22
CUST01043,41,Male,Lahore,Bronze,Online,2021-02-01
CUST01044,18,Female,Islamabad,Platinum,Mobile App,2025-03-19
CUST01045,46,Male,Lahore,Gold,In-Store,2018-08-15
CUST01046,46,Female,Sukkur,Bronze,In-Store,2020-06-30
CUST01047,48,Female,Abbottabad,Silver,Mobile App,2018-10-23
CUST01048,23,Male,Lahore,Platinum,Online,2017-09-30
CUST01049,49,Female,Karachi,Silver,In-Store,2017-01-20
CUST01050,58,Male,Lahore,Silver,In-Store,2022-09-29
CUST01051,25,Female,Faisalabad,Platinum,Online,2020-12-20
CUST01052,46,Female,Sukkur,Gold,Online,2024-05-06
CUST01053,27,Female,Sialkot,Silver,In-Store,2017-09-04
CUST01054,36,Male,Rawalpindi,Silver,Online,2018-04-19
CUST01055,25,Male,Sargodha,Gold,In-Store,2022-08-09
CUST01056,33,Male,Faisalabad,Gold,In-Store,2025-03-20
CUST01057,33,Male,Gujranwala,Bronze,In-Store,2016-05-17
CUST01058,43,Male,Faisalabad,Silver,Mobile App,2021-07-03
CUST01059,49,Male,Peshawar,Silver,In-Store,2016-03-05
CUST01060,53,Female,Islamabad,Bronze,In-Store,2017-11-11
CUST01061,29,Female,Karachi,Gold,Online,2015-03-19
CUST01062,42,Male,Multan,Gold,In-Store,2022-09-24
CUST01063,23,Male,Lahore,Bronze,Online,2022-05-10
CUST01064,36,Female,Faisalabad,Gold,In-Store,2021-10-26
CUST01065,38,Female,Peshawar,Bronze,In-Store,2025-03-03
CUST01066,26,Male,Rawalpindi,Bronze,In-Store,2025-02-26
CUST01067,45,Female,Karachi,Bronze,Mobile App,2020-11-25
CUST01068,35,Male,Gujranwala,Silver,In-Store,2024-09-27
CUST01069,40,Male,Lahore,Platinum,In-Store,2015-09-25
CUST01070,53,Female,Karachi,Silver,Online,2021-08-22
CUST01071,32,Male,Islamabad,Bronze,Mobile App,2023-05-02
CUST01072,49,Male,Karachi,Bronze,In-Store,2021-12-19
CUST01073,56,Female,Islamabad,Bronze,In-Store,2019-01-07
CUST01074,55,Female,Sialkot,Bronze,In-Store,2017-05-09
CUST01075,35,Male,Gujranwala,Silver,In-Store,2015-03-10
CUST01076,25,Female,Rawalpindi,Platinum,In-Store,2023-03-22
CUST01077,28,Female,Lahore,Platinum,In-Store,2015-01-20
CUST01078,18,Female,Abbottabad,Bronze,Online,2024-01-07
CUST01079,46,Male,Gujranwala,Bronze,In-Store,2025-02-26
CUST01080,47,Male,Karachi,Silver,Online,2025-12-01
CUST01081,39,Female,Multan,Silver,Online,2017-12-12
CUST01082,20,Female,Sargodha,Bronze,In-Store,2017-06-06
CUST01083,33,Female,Bahawalpur,Platinum,In-Store,2023-03-25
CUST01084,55,Female,Islamabad,Silver,In-Store,2021-02-10
CUST01085,45,Female,Multan,Silver,In-Store,2017-04-30
CUST01086,48,Male,Multan,Gold,Mobile App,2025-09-08
CUST01087,80,Male,Quetta,Bronze,Online,2020-02-17
CUST01088,42,Female,Sargodha,Gold,Mobile App,2022-12-01
CUST01089,18,Male,Rawalpindi,Platinum,Online,2018-04-11
CUST01090,23,Female,Karachi,Platinum,Online,2018-08-26
CUST01091,41,Male,Quetta,Bronze,In-Store,2025-12-05
CUST01092,38,Male,Sargodha,Bronze,Mobile App,2015-06-29
CUST01093,35,Female,Sukkur,Gold,Mobile App,2019-11-29
CUST01094,35,Male,Karachi,Bronze,In-Store,2025-10-06
CUST01095,27,Female,Sukkur,Silver,Online,2025-12-26
CUST01096,42,Male,Karachi,Gold,In-Store,2022-01-19
CUST01097,56,Female,Abbottabad,Bronze,Online,2015-11-25
CUST01098,60,Male,Sialkot,Bronze,Mobile App,2024-01-12
CUST01099,60,Male,Karachi,Silver,In-Store,2017-07-12
CUST01100,25,Male,Karachi,Platinum,In-Store,2015-11-16
CUST01101,37,Male,Lahore,Silver,In-Store,2021-11-12
CUST01102,33,Female,Lahore,Platinum,Online,2021-05-09
CUST01103,45,Male,Karachi,Gold,In-Store,2017-11-04
CUST01104,36,Male,Sukkur,Bronze,Mobile App,2025-02-16
CUST01105,35,Female,Karachi,Bronze,In-Store,2021-10-13
CUST01106,56,Female,Abbottabad,Silver,In-Store,2021-12-08
CUST01107,39,Female,Lahore,Bronze,Mobile App,2016-10-04
CUST01108,39,Female,Multan,Bronze,Online,2019-03-09
CUST01109,43,Female,Quetta,Bronze,In-Store,2021-04-08
CUST01110,46,Male,Lahore,Silver,Online,2018-04-16
CUST01111,46,Female,Rawalpindi,Platinum,Mobile App,2021-06-06
CUST01112,58,Male,Sialkot,Platinum,Online,2016-02-05
CUST01113,21,Female,Karachi,Gold,In-Store,2022-05-15
CUST01114,42,Male,Islamabad,Bronze,In-Store,2015-01-13
CUST01115,36,Male,Gujranwala,Silver,In-Store,2023-07-25
CUST01116,34,Female,Islamabad,Bronze,Online,2018-10-10
CUST01117,47,Male,Karachi,Silver,In-Store,2025-04-07
CUST01118,54,Male,Lahore,Silver,In-Store,2021-04-03
CUST01119,30,Female,Peshawar,Bronze,In-Store,2019-01-11
CUST01120,59,Female,Abbottabad,Bronze,Online,2024-11-24
CUST01121,19,Female,Lahore,Platinum,In-Store,2021-10-25
CUST01122,45,Female,Faisalabad,Bronze,In-Store,2025-11-02
CUST01123,26,Male,Lahore,Gold,In-Store,2016-08-07
CUST01124,29,Female,Bahawalpur,Silver,Online,2016-01-30
CUST01125,38,Male,Bahawalpur,Silver,Mobile App,2025-07-23
CUST01126,32,Male,Islamabad,Bronze,In-Store,2018-02-25
CUST01127,18,Female,Karachi,Gold,Online,2022-11-29
CUST01128,45,Female,Multan,Silver,Online,2015-05-07
CUST01129,48,Male,Multan,Silver,Mobile App,2016-02-29
CUST01130,35,Male,Multan,Gold,In-Store,2018-10-19
CUST01131,34,Female,Lahore,Bronze,Mobile App,2024-02-13
CUST01132,33,Male,Karachi,Silver,Online,2022-03-10
CUST01133,18,Male,Karachi,Gold,Mobile App,2015-10-31
CUST01134,18,Male,Sialkot,Bronze,Online,2019-07-29
CUST01135,48,Male,Faisalabad,Gold,In-Store,2018-09-02
CUST01136,51,Male,Lahore,Bronze,In-Store,2023-12-08
CUST01137,45,Female,Bahawalpur,Gold,In-Store,2015-12-29
CUST01138,42,Male,Sukkur,Gold,In-Store,2015-09-27
CUST01139,48,Male,Gujranwala,Gold,Mobile App,2018-08-10
CUST01140,47,Male,Multan,Silver,Online,2022-01-13
CUST01141,27,Male,Multan,Silver,In-Store,2023-09-22
CUST01142,40,Male,Faisalabad,Gold,In-Store,2025-12-26
CUST01143,34,Female,Lahore,Bronze,In-Store,2024-03-22
CUST01144,34,Male,Quetta,Platinum,In-Store,2017-01-22
CUST01145,52,Male,Faisalabad,Gold,Mobile App,2019-03-06
CUST01146,58,Female,Faisalabad,Bronze,Mobile App,2025-08-12
CUST01147,18,Male,Peshawar,Bronze,In-Store,2021-03-19
CUST01148,34,Female,Islamabad,Gold,Online,2023-06-14
CUST01149,34,Female,Quetta,Bronze,In-Store,2023-01-03
CUST01150,53,Male,Lahore,Bronze,Online,2018-07-21
CUST01151,19,Male,Sukkur,Bronze,In-Store,2019-12-30
CUST01152,18,Male,Abbottabad,Gold,In-Store,2019-08-30
CUST01153,48,Female,Multan,Bronze,Online,2025-05-23
CUST01154,50,Female,Islamabad,Bronze,In-Store,2016-03-04
CUST01155,18,Male,Lahore,Bronze,In-Store,2016-09-09
CUST01156,36,Male,Sukkur,Silver,In-Store,2022-07-06
CUST01157,57,Male,Islamabad,Silver,In-Store,2021-09-27
CUST01158,23,Female,Gujranwala,Bronze,In-Store,2021-03-04
CUST01159,39,Female,Rawalpindi,Silver,In-Store,2020-09-17
CUST01160,44,Male,Sukkur,Silver,In-Store,2016-12-28
CUST01161,19,Male,Rawalpindi,Bronze,In-Store,2017-08-05
CUST01162,30,Female,Multan,Silver,In-Store,2020-10-13
CUST01163,18,Female,Karachi,Gold,In-Store,2015-09-15
CUST01164,35,Male,Abbottabad,Silver,Online,2025-07-10
CUST01165,27,Female,Faisalabad,Bronze,In-Store,2025-09-09
CUST01166,40,Female,Multan,Silver,In-Store,2025-08-25
CUST01167,46,Male,Karachi,Platinum,In-Store,2022-07-01
CUST01168,56,Male,Peshawar,Bronze,In-Store,2023-09-27
CUST01169,68,Male,Rawalpindi,Gold,In-Store,2017-07-25
CUST01170,40,Male,Rawalpindi,Silver,Online,2016-07-26
CUST01171,33,Male,Rawalpindi,Silver,In-Store,2022-04-28
CUST01172,33,Female,Faisalabad,Bronze,Online,2018-12-31
CUST01173,25,Female,Gujranwala,Gold,In-Store,2025-01-26
CUST01174,43,Female,Islamabad,Bronze,In-Store,2021-09-14
CUST01175,31,Female,Sukkur,Gold,In-Store,2017-08-23
CUST01176,44,Female,Karachi,Bronze,In-Store,2016-12-04
CUST01177,25,Female,Faisalabad,Bronze,Online,2017-06-12
CUST01178,31,Female,Peshawar,Bronze,Online,2024-08-12
CUST01179,43,Female,Abbottabad,Gold,In-Store,2024-06-26
CUST01180,36,Male,Islamabad,Gold,In-Store,2022-08-04
CUST01181,18,Female,Peshawar,Bronze,In-Store,2021-11-16
CUST01182,37,Other,Gujranwala,Bronze,In-Store,2018-01-06
CUST01183,27,Male,Hyderabad,Platinum,In-Store,2017-10-07
CUST01184,53,Female,Bahawalpur,Bronze,Online,2024-08-20
CUST01185,50,Male,Islamabad,Bronze,Online,2020-05-18
CUST01186,18,Male,Hyderabad,Bronze,In-Store,2022-08-03
CUST01187,48,Female,Sargodha,Bronze,In-Store,2025-08-12
CUST01188,43,Male,Rawalpindi,Platinum,In-Store,2024-01-12
CUST01189,18,Female,Peshawar,Silver,Mobile App,2022-04-19
CUST01190,49,Male,Islamabad,Bronze,In-Store,2022-01-20
CUST01191,21,Male,Lahore,Gold,In-Store,2023-03-05
CUST01192,52,Female,Lahore,Gold,In-Store,2025-07-23
CUST01193,29,Female,Karachi,Bronze,Online,2022-05-06
CUST01194,18,Male,Multan,Bronze,Mobile App,2024-06-15
CUST01195,65,Male,Hyderabad,Bronze,In-Store,2025-05-25
CUST01196,18,Male,Lahore,Bronze,In-Store,2025-05-30
CUST01197,27,Male,Karachi,Bronze,Online,2022-08-11
CUST01198,30,Female,Lahore,Silver,In-Store,2025-03-13
CUST01199,32,Male,Sialkot,Bronze,Online,2020-05-27
CUST01200,47,Female,Rawalpindi,Gold,In-Store,2021-10-24
CUST01201,38,Male,Sialkot,Bronze,Mobile App,2022-11-22
CUST01202,51,Female,Lahore,Silver,In-Store,2024-05-15
CUST01203,42,Male,Peshawar,Silver,Online,2016-11-19
CUST01204,18,Female,Quetta,Gold,Online,2019-01-19
CUST01205,45,Male,Gujranwala,Silver,In-Store,2023-09-29
CUST01206,41,Male,Peshawar,Bronze,In-Store,2016-02-03
CUST01207,29,Male,Bahawalpur,Bronze,Online,2019-09-07
CUST01208,64,Female,Karachi,Bronze,Online,2020-05-09
CUST01209,45,Female,Faisalabad,Bronze,In-Store,2019-06-19
CUST01210,50,Female,Rawalpindi,Bronze,In-Store,2016-05-27
CUST01211,50,Male,Abbottabad,Silver,In-Store,2021-11-20
CUST01212,32,Female,Faisalabad,Gold,In-Store,2017-04-08
CUST01213,46,Male,Peshawar,Silver,Online,2016-04-07
CUST01214,42,Female,Bahawalpur,Gold,In-Store,2021-06-16
CUST01215,30,Male,Karachi,Bronze,In-Store,2015-08-30
CUST01216,22,Female,Islamabad,Silver,In-Store,2017-10-24
CUST01217,38,Female,Islamabad,Silver,Online,2024-06-09
CUST01218,45,Male,Karachi,Bronze,In-Store,2015-02-28
CUST01219,38,Male,Faisalabad,Silver,Online,2015-07-23
CUST01220,35,Female,Islamabad,Platinum,Online,2018-03-24
CUST01221,38,Female,Lahore,Bronze,Online,2017-06-30
CUST01222,34,Female,Karachi,Silver,In-Store,2021-02-22
CUST01223,58,Female,Karachi,Bronze,Online,2017-05-28
CUST01224,41,Male,Islamabad,Gold,Online,2020-05-20
CUST01225,31,Female,Multan,Bronze,In-Store,2015-11-15
CUST01226,18,Male,Lahore,Silver,Mobile App,2018-06-17
CUST01227,35,Female,Bahawalpur,Bronze,Online,2017-12-20
CUST01228,30,Male,Lahore,Bronze,Online,2022-11-20
CUST01229,30,Male,Lahore,Silver,In-Store,2016-08-19
CUST01230,50,Female,Lahore,Bronze,In-Store,2017-11-02
CUST01231,39,Male,Karachi,Silver,In-Store,2023-05-08
CUST01232,18,Female,Abbottabad,Bronze,Online,2022-11-22
CUST01233,46,Female,Quetta,Platinum,Online,2018-10-14
CUST01234,18,Female,Lahore,Silver,In-Store,2017-03-29
CUST01235,47,Female,Abbottabad,Bronze,Online,2025-01-26
CUST01236,31,Female,Peshawar,Bronze,Online,2015-10-19
CUST01237,39,Female,Sialkot,Gold,In-Store,2024-07-24
CUST01238,37,Male,Islamabad,Bronze,Online,2018-12-23
CUST01239,36,Male,Lahore,Bronze,In-Store,2018-04-02
CUST01240,40,Male,Rawalpindi,Platinum,In-Store,2024-06-16
CUST01241,39,Male,Rawalpindi,Bronze,In-Store,2024-12-05
CUST01242,62,Male,Abbottabad,Platinum,In-Store,2023-02-17
CUST01243,40,Male,Karachi,Bronze,In-Store,2015-08-24
CUST01244,41,Male,Karachi,Bronze,In-Store,2022-09-29
CUST01245,28,Male,Multan,Gold,Online,2024-05-20
CUST01246,42,Male,Faisalabad,Silver,Mobile App,2015-11-07
CUST01247,24,Male,Faisalabad,Bronze,Online,2025-02-02
CUST01248,52,Female,Rawalpindi,Silver,Online,2016-12-19
CUST01249,18,Female,Islamabad,Gold,Online,2020-10-22
CUST01250,27,Female,Karachi,Silver,Mobile App,2022-03-24
CUST01251,18,Female,Gujranwala,Gold,Online,2018-08-10
CUST01252,43,Male,Rawalpindi,Bronze,In-Store,2022-07-08
CUST01253,32,Female,Sukkur,Bronze,In-Store,2018-12-15
CUST01254,46,Male,Faisalabad,Bronze,In-Store,2019-07-10
CUST01255,25,Male,Bahawalpur,Platinum,Mobile App,2015-08-19
CUST01256,44,Female,Bahawalpur,Bronze,Online,2025-01-30
CUST01257,45,Female,Faisalabad,Platinum,In-Store,2017-09-21
CUST01258,40,Male,Gujranwala,Bronze,In-Store,2025-09-08
CUST01259,38,Male,Karachi,Silver,Mobile App,2018-01-20
CUST01260,39,Female,Karachi,Gold,Online,2016-09-07
CUST01261,26,Female,Quetta,Bronze,In-Store,2019-05-15
CUST01262,24,Male,Karachi,Bronze,In-Store,2017-06-15
CUST01263,45,Male,Quetta,Bronze,In-Store,2023-04-24
CUST01264,33,Male,Lahore,Silver,Mobile App,2025-09-26
CUST01265,43,Male,Lahore,Bronze,Online,2021-11-25
CUST01266,58,Male,Islamabad,Bronze,In-Store,2023-11-05
CUST01267,32,Male,Bahawalpur,Bronze,In-Store,2024-06-13
CUST01268,30,Female,Quetta,Gold,In-Store,2017-07-25
CUST01269,33,Female,Sialkot,Silver,In-Store,2025-08-09
CUST01270,38,Male,Gujranwala,Platinum,In-Store,2024-11-21
CUST01271,45,Male,Hyderabad,Bronze,Online,2025-05-16
CUST01272,37,Female,Lahore,Bronze,In-Store,2022-01-10
CUST01273,65,Female,Sargodha,Silver,Mobile App,2024-12-06
CUST01274,43,Other,Islamabad,Bronze,Online,2021-01-29
CUST01275,48,Female,Faisalabad,Bronze,In-Store,2023-01-24
CUST01276,37,Female,Gujranwala,Bronze,In-Store,2023-03-11
CUST01277,51,Male,Hyderabad,Silver,In-Store,2024-10-23
CUST01278,35,Male,Faisalabad,Bronze,In-Store,2017-06-15
CUST01279,29,Male,Faisalabad,Gold,Online,2015-05-30
CUST01280,49,Female,Rawalpindi,Gold,Mobile App,2019-06-28
CUST01281,37,Male,Karachi,Silver,In-Store,2024-01-03
CUST01282,41,Female,Peshawar,Silver,Mobile App,2019-09-05
CUST01283,50,Male,Peshawar,Silver,Mobile App,2019-01-17
CUST01284,39,Female,Rawalpindi,Bronze,Online,2019-05-16
CUST01285,36,Female,Karachi,Silver,In-Store,2022-02-22
CUST01286,31,Female,Faisalabad,Bronze,Online,2016-01-14
CUST01287,51,Male,Karachi,Platinum,In-Store,2024-05-04
CUST01288,33,Male,Rawalpindi,Silver,Mobile App,2019-07-27
CUST01289,37,Male,Gujranwala,Silver,In-Store,2022-03-03
CUST01290,41,Female,Lahore,Gold,In-Store,2016-08-22
CUST01291,41,Male,Bahawalpur,Gold,In-Store,2025-05-02
CUST01292,51,Female,Quetta,Bronze,In-Store,2021-11-17
CUST01293,37,Female,Lahore,Silver,In-Store,2017-01-11
CUST01294,55,Male,Lahore,Gold,In-Store,2024-12-17
CUST01295,34,Male,Karachi,Silver,Online,2021-03-19
CUST01296,42,Male,Sukkur,Bronze,In-Store,2023-03-02
CUST01297,35,Female,Karachi,Gold,Online,2023-07-23
CUST01298,65,Male,Multan,Gold,Online,2019-11-12
CUST01299,33,Female,Sialkot,Bronze,Mobile App,2018-08-17
CUST01300,34,Male,Lahore,Bronze,Mobile App,2020-03-14
CUST01301,39,Male,Islamabad,Bronze,In-Store,2024-05-01
CUST01302,34,Female,Lahore,Gold,In-Store,2021-09-09
CUST01303,42,Male,Gujranwala,Platinum,In-Store,2015-07-25
CUST01304,53,Female,Abbottabad,Bronze,In-Store,2025-06-05
CUST01305,39,Male,Abbottabad,Platinum,In-Store,2019-10-13
CUST01306,40,Female,Karachi,Bronze,Mobile App,2025-06-28
CUST01307,35,Female,Peshawar,Bronze,Online,2015-07-10
CUST01308,31,Male,Multan,Bronze,Mobile App,2022-10-14
CUST01309,39,Female,Bahawalpur,Platinum,In-Store,2015-04-28
CUST01310,38,Female,Multan,Bronze,Mobile App,2019-11-02
CUST01311,53,Male,Rawalpindi,Platinum,Online,2023-06-21
CUST01312,25,Female,Rawalpindi,Gold,In-Store,2017-06-06
CUST01313,56,Male,Hyderabad,Gold,In-Store,2015-10-14
CUST01314,36,Female,Peshawar,Silver,Online,2016-11-13
CUST01315,39,Female,Karachi,Silver,In-Store,2017-05-31
CUST01316,24,Male,Sargodha,Bronze,In-Store,2015-02-01
CUST01317,45,Female,Peshawar,Bronze,Mobile App,2025-07-12
CUST01318,25,Female,Karachi,Silver,In-Store,2019-01-08
CUST01319,42,Male,Rawalpindi,Bronze,In-Store,2021-09-06
CUST01320,41,Male,Lahore,Silver,In-Store,2015-09-03
CUST01321,33,Male,Multan,Bronze,Online,2024-05-13
CUST01322,18,Female,Faisalabad,Silver,Online,2022-08-20
CUST01323,66,Male,Abbottabad,Bronze,Mobile App,2020-11-03
CUST01324,24,Male,Karachi,Bronze,Online,2016-08-15
CUST01325,41,Male,Rawalpindi,Bronze,Mobile App,2019-11-04
CUST01326,28,Male,Lahore,Bronze,Online,2023-12-02
CUST01327,51,Male,Karachi,Silver,In-Store,2022-01-01
CUST01328,33,Male,Sialkot,Bronze,Online,2018-04-28
CUST01329,28,Male,Sialkot,Silver,In-Store,2016-06-26
CUST01330,45,Male,Sargodha,Silver,Online,2024-06-13
CUST01331,21,Female,Multan,Bronze,In-Store,2025-01-30
CUST01332,32,Female,Lahore,Silver,In-Store,2015-03-06
CUST01333,46,Female,Islamabad,Bronze,In-Store,2016-11-29
CUST01334,57,Male,Multan,Bronze,Online,2016-02-22
CUST01335,25,Other,Multan,Gold,Mobile App,2025-05-26
CUST01336,30,Male,Karachi,Silver,Online,2023-08-23
CUST01337,42,Female,Bahawalpur,Platinum,In-Store,2020-12-14
CUST01338,18,Female,Bahawalpur,Platinum,Mobile App,2022-01-02
CUST01339,55,Male,Gujranwala,Bronze,In-Store,2019-04-15
CUST01340,25,Male,Lahore,Gold,In-Store,2016-07-18
CUST01341,32,Female,Islamabad,Bronze,In-Store,2024-11-17
CUST01342,41,Female,Quetta,Bronze,In-Store,2024-11-25
CUST01343,38,Female,Lahore,Silver,In-Store,2017-09-02
CUST01344,25,Female,Islamabad,Silver,In-Store,2022-05-29
CUST01345,60,Female,Peshawar,Platinum,In-Store,2025-03-08
CUST01346,18,Female,Karachi,Platinum,In-Store,2020-07-09
CUST01347,23,Female,Karachi,Silver,In-Store,2015-03-01
CUST01348,29,Female,Karachi,Gold,In-Store,2022-12-28
CUST01349,25,Female,Lahore,Platinum,In-Store,2019-10-11
CUST01350,53,Male,Rawalpindi,Gold,Online,2021-12-06
CUST01351,18,Female,Hyderabad,Silver,Online,2022-11-03
CUST01352,58,Male,Lahore,Silver,Online,2015-01-07
CUST01353,34,Female,Islamabad,Silver,In-Store,2024-05-04
CUST01354,20,Female,Karachi,Bronze,In-Store,2024-11-10
CUST01355,18,Male,Rawalpindi,Bronze,Online,2017-05-27
CUST01356,35,Female,Karachi,Bronze,In-Store,2024-03-06
CUST01357,28,Male,Islamabad,Platinum,In-Store,2021-10-06
CUST01358,41,Male,Hyderabad,Bronze,In-Store,2021-05-11
CUST01359,32,Male,Sargodha,Bronze,Mobile App,2021-10-06
CUST01360,50,Male,Islamabad,Silver,In-Store,2020-10-14
CUST01361,36,Male,Lahore,Bronze,In-Store,2025-08-28
CUST01362,32,Female,Sialkot,Platinum,In-Store,2023-11-08
CUST01363,50,Male,Quetta,Bronze,In-Store,2020-07-21
CUST01364,40,Female,Islamabad,Silver,Mobile App,2016-07-30
CUST01365,48,Male,Bahawalpur,Platinum,In-Store,2024-04-09
CUST01366,52,Male,Rawalpindi,Gold,Mobile App,2025-05-21
CUST01367,34,Male,Sargodha,Platinum,Mobile App,2023-08-01
CUST01368,38,Male,Sukkur,Gold,In-Store,2025-04-17
CUST01369,48,Female,Sargodha,Bronze,In-Store,2022-02-07
CUST01370,18,Female,Karachi,Gold,In-Store,2019-10-01
CUST01371,36,Male,Lahore,Silver,Online,2020-02-11
CUST01372,35,Male,Islamabad,Bronze,In-Store,2021-07-25
CUST01373,42,Male,Sialkot,Silver,In-Store,2015-01-08
CUST01374,27,Female,Lahore,Gold,In-Store,2022-04-12
CUST01375,52,Male,Lahore,Bronze,In-Store,2015-08-24
CUST01376,28,Male,Islamabad,Gold,In-Store,2023-09-04
CUST01377,32,Female,Islamabad,Gold,In-Store,2023-10-13
CUST01378,29,Female,Gujranwala,Bronze,In-Store,2024-02-07
CUST01379,53,Male,Abbottabad,Silver,Online,2018-06-29
CUST01380,18,Female,Lahore,Silver,In-Store,2022-10-10
CUST01381,61,Female,Karachi,Silver,Online,2018-03-02
CUST01382,57,Male,Quetta,Bronze,In-Store,2023-12-31
CUST01383,30,Female,Rawalpindi,Bronze,Online,2018-11-21
CUST01384,51,Male,Rawalpindi,Silver,In-Store,2018-01-21
CUST01385,39,Male,Islamabad,Bronze,Online,2015-10-28
CUST01386,59,Male,Rawalpindi,Bronze,In-Store,2020-05-29
CUST01387,50,Female,Karachi,Platinum,Online,2016-06-17
CUST01388,66,Male,Multan,Silver,In-Store,2024-10-02
CUST01389,18,Female,Bahawalpur,Platinum,Mobile App,2022-01-23
CUST01390,40,Male,Bahawalpur,Silver,In-Store,2022-08-07
CUST01391,18,Female,Sialkot,Bronze,Online,2025-09-01
CUST01392,31,Female,Islamabad,Gold,In-Store,2023-05-26
CUST01393,67,Male,Bahawalpur,Silver,Online,2017-10-04
CUST01394,44,Female,Peshawar,Silver,Mobile App,2019-12-26
CUST01395,50,Female,Faisalabad,Bronze,Mobile App,2015-12-19
CUST01396,44,Female,Lahore,Bronze,Online,2020-10-05
CUST01397,43,Female,Sialkot,Bronze,In-Store,2021-09-06
CUST01398,31,Female,Gujranwala,Bronze,In-Store,2016-07-15
CUST01399,28,Female,Faisalabad,Gold,In-Store,2023-09-17
CUST01400,30,Other,Lahore,Gold,Online,2022-03-19
CUST01401,18,Female,Islamabad,Bronze,In-Store,2019-03-03
CUST01402,36,Male,Multan,Bronze,In-Store,2021-07-26
CUST01403,41,Female,Lahore,Silver,In-Store,2017-12-09
CUST01404,29,Male,Rawalpindi,Bronze,In-Store,2025-10-05
CUST01405,36,Male,Karachi,Silver,In-Store,2021-07-29
CUST01406,44,Female,Gujranwala,Bronze,Online,2020-07-06
CUST01407,49,Male,Islamabad,Silver,In-Store,2019-04-18
CUST01408,22,Female,Rawalpindi,Platinum,In-Store,2020-04-01
CUST01409,27,Male,Sukkur,Silver,Online,2021-05-28
CUST01410,47,Female,Islamabad,Gold,In-Store,2020-09-29
CUST01411,45,Male,Rawalpindi,Silver,Online,2022-11-03
CUST01412,55,Male,Lahore,Silver,Online,2024-07-29
CUST01413,54,Female,Gujranwala,Silver,In-Store,2020-03-21
CUST01414,69,Female,Rawalpindi,Gold,Mobile App,2021-03-20
CUST01415,34,Female,Rawalpindi,Platinum,In-Store,2025-11-22
CUST01416,58,Female,Faisalabad,Bronze,Online,2020-02-28
CUST01417,26,Female,Peshawar,Silver,In-Store,2020-05-26
CUST01418,69,Male,Faisalabad,Silver,Online,2018-02-21
CUST01419,43,Male,Rawalpindi,Silver,In-Store,2022-02-13
CUST01420,45,Male,Peshawar,Silver,In-Store,2025-12-29
CUST01421,50,Male,Peshawar,Bronze,Online,2022-06-19
CUST01422,20,Female,Quetta,Bronze,Mobile App,2022-08-11
CUST01423,24,Male,Rawalpindi,Bronze,In-Store,2025-11-23
CUST01424,39,Male,Abbottabad,Silver,Mobile App,2016-04-03
CUST01425,42,Male,Multan,Silver,Online,2018-05-06
CUST01426,65,Female,Gujranwala,Platinum,Online,2016-05-31
CUST01427,25,Other,Rawalpindi,Bronze,Online,2025-03-21
CUST01428,58,Female,Islamabad,Silver,In-Store,2021-02-20
CUST01429,34,Male,Faisalabad,Bronze,In-Store,2022-11-25
CUST01430,34,Male,Multan,Platinum,Online,2022-03-25
CUST01431,35,Male,Islamabad,Gold,Online,2024-02-19
CUST01432,34,Male,Sialkot,Platinum,In-Store,2018-08-02
CUST01433,44,Female,Rawalpindi,Silver,Mobile App,2017-11-20
CUST01434,32,Female,Peshawar,Silver,In-Store,2015-02-25
CUST01435,19,Male,Lahore,Gold,Online,2025-09-30
CUST01436,34,Male,Rawalpindi,Bronze,Online,2021-11-29
CUST01437,43,Male,Islamabad,Platinum,Online,2021-01-30
CUST01438,19,Female,Rawalpindi,Silver,In-Store,2016-07-08
CUST01439,45,Other,Peshawar,Platinum,In-Store,2021-12-26
CUST01440,53,Male,Karachi,Bronze,In-Store,2020-11-26
CUST01441,57,Female,Lahore,Bronze,In-Store,2025-12-28
CUST01442,42,Male,Islamabad,Bronze,In-Store,2024-12-30
CUST01443,18,Female,Lahore,Bronze,Online,2015-05-19
CUST01444,46,Male,Lahore,Bronze,In-Store,2020-05-19
CUST01445,50,Male,Gujranwala,Bronze,In-Store,2022-06-26
CUST01446,28,Female,Lahore,Bronze,Mobile App,2016-10-04
CUST01447,37,Male,Peshawar,Bronze,Online,2024-05-20
CUST01448,44,Male,Rawalpindi,Silver,In-Store,2020-11-07
CUST01449,61,Male,Lahore,Silver,Online,2025-11-29
CUST01450,34,Male,Lahore,Bronze,In-Store,2016-02-05
CUST01451,49,Female,Karachi,Silver,In-Store,2018-12-18
CUST01452,42,Male,Karachi,Silver,Online,2023-10-23
CUST01453,40,Female,Islamabad,Bronze,In-Store,2019-02-11
CUST01454,55,Female,Sialkot,Bronze,Online,2020-10-18
CUST01455,27,Male,Islamabad,Silver,Online,2016-05-30
CUST01456,40,Male,Multan,Gold,Online,2019-03-27
CUST01457,38,Female,Karachi,Bronze,Online,2016-02-09
CUST01458,18,Female,Sukkur,Silver,In-Store,2021-01-10
CUST01459,54,Female,Islamabad,Bronze,In-Store,2024-02-01
CUST01460,48,Female,Lahore,Gold,In-Store,2017-02-27
CUST01461,38,Female,Islamabad,Silver,In-Store,2015-01-28
CUST01462,34,Female,Abbottabad,Silver,In-Store,2018-04-30
CUST01463,38,Female,Multan,Silver,In-Store,2024-10-21
CUST01464,47,Female,Karachi,Platinum,Mobile App,2018-10-14
CUST01465,38,Female,Karachi,Silver,In-Store,2018-05-11
CUST01466,29,Female,Sialkot,Silver,Online,2021-12-02
CUST01467,31,Male,Hyderabad,Silver,In-Store,2024-01-09
CUST01468,37,Female,Karachi,Bronze,Online,2021-07-12
CUST01469,25,Male,Lahore,Platinum,In-Store,2017-10-19
CUST01470,42,Female,Karachi,Silver,Mobile App,2016-04-29
CUST01471,27,Male,Karachi,Bronze,In-Store,2021-06-17
CUST01472,25,Male,Karachi,Platinum,In-Store,2024-10-01
CUST01473,79,Male,Rawalpindi,Silver,Mobile App,2023-07-14
CUST01474,63,Female,Karachi,Bronze,In-Store,2017-10-03
CUST01475,39,Female,Quetta,Silver,In-Store,2016-11-23
CUST01476,49,Male,Islamabad,Platinum,In-Store,2024-07-17
CUST01477,51,Male,Islamabad,Gold,In-Store,2024-01-24
CUST01478,37,Female,Sargodha,Bronze,In-Store,2018-10-14
CUST01479,41,Male,Islamabad,Gold,In-Store,2021-12-17
CUST01480,34,Female,Karachi,Silver,In-Store,2020-08-30
CUST01481,54,Male,Islamabad,Silver,In-Store,2016-06-09
CUST01482,54,Female,Rawalpindi,Silver,Online,2020-03-16
CUST01483,58,Male,Rawalpindi,Bronze,Online,2019-09-17
CUST01484,41,Other,Rawalpindi,Bronze,Online,2022-04-23
CUST01485,66,Female,Islamabad,Silver,In-Store,2019-01-11
CUST01486,37,Female,Faisalabad,Bronze,Online,2017-11-18
CUST01487,64,Male,Sukkur,Silver,Mobile App,2020-07-13
CUST01488,31,Female,Islamabad,Gold,Mobile App,2022-03-18
CUST01489,21,Male,Faisalabad,Gold,Mobile App,2017-08-26
CUST01490,64,Female,Hyderabad,Bronze,In-Store,2019-10-04
CUST01491,46,Male,Islamabad,Platinum,Mobile App,2025-09-10
CUST01492,44,Male,Karachi,Silver,In-Store,2023-02-05
CUST01493,33,Female,Rawalpindi,Bronze,In-Store,2019-12-21
CUST01494,27,Male,Faisalabad,Gold,In-Store,2021-02-11
CUST01495,28,Female,Sukkur,Bronze,In-Store,2025-07-07
CUST01496,39,Female,Hyderabad,Gold,Online,2023-08-19
CUST01497,36,Female,Sialkot,Silver,Mobile App,2023-02-10
CUST01498,18,Female,Islamabad,Silver,Online,2024-09-22
CUST01499,60,Male,Lahore,Gold,Online,2016-05-16
CUST01500,32,Male,Rawalpindi,Gold,In-Store,2019-08-08
CUST01501,54,Female,Islamabad,Silver,Online,2023-12-29
CUST01502,28,Male,Abbottabad,Silver,In-Store,2017-02-24
CUST01503,40,Other,Karachi,Silver,In-Store,2017-05-30
CUST01504,50,Male,Faisalabad,Silver,In-Store,2015-10-19
CUST01505,48,Male,Islamabad,Silver,Mobile App,2025-04-12
CUST01506,34,Male,Sialkot,Bronze,In-Store,2018-10-29
CUST01507,44,Female,Multan,Silver,Mobile App,2016-06-14
CUST01508,46,Female,Karachi,Silver,In-Store,2021-05-05
CUST01509,36,Female,Peshawar,Gold,In-Store,2024-09-23
CUST01510,23,Female,Faisalabad,Bronze,Online,2022-09-26
CUST01511,29,Female,Multan,Silver,Online,2015-02-12
CUST01512,33,Male,Karachi,Platinum,Mobile App,2022-01-28
CUST01513,38,Male,Faisalabad,Silver,In-Store,2019-01-17
CUST01514,58,Female,Faisalabad,Bronze,In-Store,2016-12-31
CUST01515,49,Female,Karachi,Gold,In-Store,2024-12-26
CUST01516,27,Male,Multan,Bronze,In-Store,2020-05-18
CUST01517,61,Female,Bahawalpur,Silver,In-Store,2024-06-30
CUST01518,36,Male,Karachi,Silver,Online,2023-06-20
CUST01519,46,Female,Lahore,Platinum,In-Store,2018-12-25
CUST01520,25,Female,Islamabad,Gold,Mobile App,2023-08-27
CUST01521,32,Male,Faisalabad,Gold,In-Store,2018-06-08
CUST01522,51,Female,Sialkot,Silver,In-Store,2021-07-28
CUST01523,26,Female,Peshawar,Bronze,In-Store,2022-08-11
CUST01524,38,Male,Rawalpindi,Bronze,In-Store,2016-06-19
CUST01525,44,Male,Sargodha,Bronze,In-Store,2024-06-17
CUST01526,24,Female,Islamabad,Silver,Online,2019-11-11
CUST01527,18,Male,Gujranwala,Silver,In-Store,2025-03-29
CUST01528,49,Male,Gujranwala,Bronze,Mobile App,2015-01-01
CUST01529,75,Male,Karachi,Gold,In-Store,2024-05-16
CUST01530,43,Male,Karachi,Bronze,Online,2022-07-13
CUST01531,46,Female,Abbottabad,Bronze,In-Store,2025-03-16
CUST01532,26,Female,Islamabad,Gold,In-Store,2019-03-04
CUST01533,57,Female,Peshawar,Silver,In-Store,2016-08-04
CUST01534,33,Male,Karachi,Bronze,In-Store,2017-02-28
CUST01535,53,Female,Sialkot,Gold,In-Store,2023-09-26
CUST01536,45,Male,Islamabad,Bronze,In-Store,2017-07-01
CUST01537,46,Male,Multan,Bronze,In-Store,2016-07-31
CUST01538,45,Female,Karachi,Gold,In-Store,2015-01-28
CUST01539,45,Male,Karachi,Silver,In-Store,2015-01-18
CUST01540,41,Male,Gujranwala,Silver,Mobile App,2024-03-31
CUST01541,50,Female,Faisalabad,Bronze,Mobile App,2019-09-15
CUST01542,28,Male,Sialkot,Bronze,Online,2015-01-19
CUST01543,34,Female,Karachi,Silver,Mobile App,2025-11-25
CUST01544,57,Female,Islamabad,Platinum,In-Store,2018-11-29
CUST01545,40,Male,Hyderabad,Silver,In-Store,2024-03-13
CUST01546,33,Female,Multan,Bronze,In-Store,2021-12-27
CUST01547,51,Male,Peshawar,Platinum,Online,2019-04-01
CUST01548,48,Female,Lahore,Platinum,Online,2023-12-30
CUST01549,21,Male,Faisalabad,Bronze,Online,2018-05-23
CUST01550,47,Female,Quetta,Bronze,In-Store,2025-07-07
CUST01551,39,Female,Lahore,Bronze,In-Store,2015-12-10
CUST01552,47,Male,Lahore,Silver,In-Store,2018-02-01
CUST01553,38,Male,Karachi,Bronze,In-Store,2025-06-07
CUST01554,44,Female,Sargodha,Gold,In-Store,2015-01-05
CUST01555,18,Female,Sukkur,Bronze,Online,2015-10-20
CUST01556,26,Male,Karachi,Silver,Online,2023-02-23
CUST01557,47,Female,Hyderabad,Bronze,In-Store,2018-06-29
CUST01558,72,Male,Faisalabad,Silver,Online,2020-08-03
CUST01559,42,Female,Sargodha,Silver,In-Store,2019-04-05
CUST01560,28,Female,Faisalabad,Platinum,In-Store,2019-08-03
CUST01561,39,Female,Lahore,Bronze,Online,2025-05-18
CUST01562,26,Female,Hyderabad,Gold,Online,2022-10-10
CUST01563,54,Male,Sargodha,Silver,Online,2018-01-28
CUST01564,38,Male,Faisalabad,Gold,In-Store,2025-12-04
CUST01565,51,Male,Rawalpindi,Silver,In-Store,2017-11-13
CUST01566,36,Female,Sialkot,Bronze,Online,2017-06-26
CUST01567,52,Male,Karachi,Bronze,In-Store,2022-11-28
CUST01568,18,Male,Hyderabad,Gold,Mobile App,2021-11-27
CUST01569,38,Male,Hyderabad,Gold,In-Store,2015-08-28
CUST01570,45,Male,Lahore,Silver,In-Store,2021-07-22
CUST01571,34,Female,Karachi,Bronze,Online,2021-04-14
CUST01572,42,Female,Karachi,Bronze,In-Store,2021-10-08
CUST01573,42,Male,Abbottabad,Gold,Online,2017-04-22
CUST01574,51,Male,Sialkot,Silver,In-Store,2020-10-29
CUST01575,46,Male,Islamabad,Silver,Online,2016-01-03
CUST01576,43,Female,Sukkur,Bronze,Mobile App,2025-09-19
CUST01577,49,Female,Sukkur,Silver,Online,2025-09-30
CUST01578,20,Male,Bahawalpur,Gold,Online,2017-10-15
CUST01579,28,Male,Faisalabad,Silver,In-Store,2018-10-24
CUST01580,19,Female,Gujranwala,Bronze,Online,2024-08-07
CUST01581,45,Female,Karachi,Bronze,Online,2019-02-19
CUST01582,43,Female,Karachi,Bronze,Online,2022-04-04
CUST01583,56,Male,Peshawar,Silver,In-Store,2025-06-02
CUST01584,42,Female,Karachi,Bronze,Online,2024-12-23
CUST01585,29,Female,Karachi,Bronze,In-Store,2021-11-19
CUST01586,39,Male,Karachi,Gold,In-Store,2023-10-05
CUST01587,18,Male,Rawalpindi,Platinum,Online,2024-04-12
CUST01588,32,Male,Faisalabad,Gold,Mobile App,2022-04-03
CUST01589,18,Female,Bahawalpur,Silver,In-Store,2018-12-27
CUST01590,42,Male,Rawalpindi,Bronze,In-Store,2015-07-06
CUST01591,34,Male,Faisalabad,Bronze,In-Store,2024-12-13
CUST01592,36,Female,Gujranwala,Bronze,Online,2021-08-27
CUST01593,25,Female,Gujranwala,Bronze,In-Store,2015-12-09
CUST01594,29,Male,Islamabad,Gold,In-Store,2017-06-11
CUST01595,47,Male,Quetta,Gold,In-Store,2015-06-14
CUST01596,19,Male,Sukkur,Silver,Online,2018-09-24
CUST01597,44,Male,Gujranwala,Bronze,In-Store,2017-07-02
CUST01598,27,Male,Islamabad,Silver,In-Store,2019-05-17
CUST01599,18,Female,Sialkot,Silver,In-Store,2025-05-26
CUST01600,53,Female,Quetta,Silver,Online,2024-08-12
CUST01601,55,Female,Lahore,Platinum,In-Store,2024-05-01
CUST01602,30,Male,Peshawar,Bronze,In-Store,2025-04-20
CUST01603,30,Male,Karachi,Bronze,Mobile App,2016-01-09
CUST01604,34,Female,Lahore,Bronze,In-Store,2023-06-28
CUST01605,27,Male,Karachi,Bronze,In-Store,2024-01-26
CUST01606,29,Female,Karachi,Silver,Online,2016-09-01
CUST01607,43,Female,Karachi,Gold,In-Store,2018-12-31
CUST01608,64,Female,Sargodha,Bronze,In-Store,2019-05-06
CUST01609,33,Female,Lahore,Silver,In-Store,2021-06-12
CUST01610,51,Male,Karachi,Bronze,In-Store,2015-01-22
CUST01611,42,Male,Sialkot,Gold,In-Store,2015-10-19
CUST01612,18,Female,Peshawar,Silver,Online,2024-06-05
CUST01613,37,Female,Peshawar,Bronze,In-Store,2019-09-19
CUST01614,36,Female,Sukkur,Bronze,Mobile App,2016-07-08
CUST01615,57,Male,Peshawar,Gold,In-Store,2018-03-02
CUST01616,57,Female,Peshawar,Silver,In-Store,2022-02-17
CUST01617,42,Male,Rawalpindi,Bronze,In-Store,2016-03-07
CUST01618,53,Male,Faisalabad,Bronze,Online,2020-11-04
CUST01619,36,Female,Sialkot,Bronze,In-Store,2023-06-29
CUST01620,52,Male,Islamabad,Silver,In-Store,2017-10-14
CUST01621,39,Male,Karachi,Bronze,In-Store,2018-05-18
CUST01622,52,Female,Rawalpindi,Silver,In-Store,2021-05-19
CUST01623,53,Male,Islamabad,Bronze,Online,2022-10-28
CUST01624,47,Female,Lahore,Gold,In-Store,2018-05-03
CUST01625,28,Male,Quetta,Silver,In-Store,2025-05-07
CUST01626,32,Female,Gujranwala,Gold,Mobile App,2018-06-15
CUST01627,47,Male,Karachi,Silver,In-Store,2020-10-28
CUST01628,49,Female,Rawalpindi,Platinum,In-Store,2016-06-15
CUST01629,40,Male,Islamabad,Platinum,Online,2023-03-28
CUST01630,33,Female,Multan,Silver,Online,2021-01-12
CUST01631,40,Female,Karachi,Silver,In-Store,2022-02-23
CUST01632,34,Male,Sargodha,Bronze,Online,2024-11-13
CUST01633,34,Female,Karachi,Platinum,In-Store,2018-04-18
CUST01634,63,Male,Gujranwala,Gold,In-Store,2018-10-22
CUST01635,31,Male,Lahore,Bronze,Online,2018-05-26
CUST01636,44,Male,Sialkot,Bronze,Online,2021-05-05
CUST01637,39,Female,Lahore,Gold,In-Store,2018-02-18
CUST01638,22,Female,Gujranwala,Bronze,Online,2019-02-20
CUST01639,21,Female,Bahawalpur,Gold,Online,2018-03-26
CUST01640,36,Male,Sargodha,Platinum,In-Store,2018-02-04
CUST01641,18,Male,Hyderabad,Bronze,In-Store,2016-01-17
CUST01642,61,Female,Rawalpindi,Silver,In-Store,2020-05-30
CUST01643,33,Female,Rawalpindi,Gold,In-Store,2023-05-24
CUST01644,32,Male,Sargodha,Silver,In-Store,2017-10-15
CUST01645,53,Male,Sukkur,Bronze,Mobile App,2023-06-03
CUST01646,36,Other,Rawalpindi,Gold,In-Store,2022-08-07
CUST01647,46,Male,Islamabad,Bronze,Online,2015-09-25
CUST01648,30,Male,Karachi,Silver,Online,2025-01-15
CUST01649,38,Male,Islamabad,Platinum,In-Store,2017-06-23
CUST01650,50,Male,Rawalpindi,Gold,Online,2019-08-11
CUST01651,26,Male,Hyderabad,Silver,Online,2016-10-29
CUST01652,44,Male,Islamabad,Bronze,In-Store,2022-06-07
CUST01653,18,Male,Lahore,Bronze,In-Store,2019-07-06
CUST01654,54,Male,Karachi,Bronze,In-Store,2017-09-12
CUST01655,30,Male,Karachi,Silver,Online,2021-01-15
CUST01656,36,Male,Gujranwala,Gold,In-Store,2020-09-06
CUST01657,36,Female,Lahore,Silver,In-Store,2018-01-07
CUST01658,25,Male,Abbottabad,Silver,In-Store,2021-07-13
CUST01659,24,Male,Karachi,Bronze,In-Store,2022-06-20
CUST01660,44,Female,Gujranwala,Silver,In-Store,2024-03-21
CUST01661,45,Female,Karachi,Platinum,Online,2024-08-22
CUST01662,26,Female,Peshawar,Platinum,Mobile App,2022-08-03
CUST01663,45,Male,Sialkot,Gold,In-Store,2023-11-10
CUST01664,45,Female,Lahore,Gold,Online,2018-03-22
CUST01665,33,Female,Faisalabad,Gold,In-Store,2023-07-06
CUST01666,21,Male,Sialkot,Silver,Online,2023-08-01
CUST01667,37,Male,Lahore,Gold,In-Store,2022-03-05
CUST01668,42,Male,Faisalabad,Bronze,Online,2024-04-30
CUST01669,37,Male,Faisalabad,Platinum,Mobile App,2023-03-21
CUST01670,30,Male,Sialkot,Silver,Online,2021-01-13
CUST01671,44,Male,Islamabad,Bronze,In-Store,2021-03-30
CUST01672,54,Female,Peshawar,Bronze,In-Store,2021-04-06
CUST01673,27,Female,Sargodha,Silver,In-Store,2018-10-31
CUST01674,34,Male,Quetta,Silver,Online,2022-06-23
CUST01675,73,Male,Karachi,Silver,Online,2023-11-08
CUST01676,41,Female,Karachi,Silver,Online,2020-02-19
CUST01677,21,Male,Islamabad,Silver,In-Store,2023-06-18
CUST01678,31,Female,Islamabad,Gold,Online,2021-05-01
CUST01679,28,Female,Islamabad,Bronze,In-Store,2022-08-13
CUST01680,42,Female,Rawalpindi,Bronze,In-Store,2022-08-12
CUST01681,42,Male,Sargodha,Bronze,In-Store,2015-05-29
CUST01682,29,Female,Gujranwala,Silver,Online,2017-12-29
CUST01683,62,Male,Karachi,Bronze,In-Store,2022-10-02
CUST01684,39,Male,Rawalpindi,Platinum,Online,2015-12-01
CUST01685,32,Female,Peshawar,Bronze,Online,2017-05-31
CUST01686,22,Male,Lahore,Silver,Online,2018-06-10
CUST01687,26,Male,Karachi,Bronze,Online,2023-12-02
CUST01688,21,Female,Sargodha,Bronze,Mobile App,2019-05-17
CUST01689,35,Male,Gujranwala,Bronze,Mobile App,2024-08-31
CUST01690,26,Male,Sukkur,Silver,In-Store,2024-10-28
CUST01691,48,Female,Sialkot,Bronze,In-Store,2022-04-10
CUST01692,30,Male,Peshawar,Bronze,In-Store,2024-12-23
CUST01693,48,Female,Sialkot,Bronze,In-Store,2015-01-18
CUST01694,44,Female,Faisalabad,Silver,In-Store,2021-10-18
CUST01695,46,Female,Lahore,Silver,Online,2022-02-24
CUST01696,49,Male,Karachi,Gold,Mobile App,2016-01-22
CUST01697,63,Female,Multan,Bronze,Online,2022-04-27
CUST01698,26,Male,Lahore,Bronze,In-Store,2016-07-13
CUST01699,48,Male,Gujranwala,Silver,In-Store,2015-10-28
CUST01700,43,Male,Faisalabad,Silver,Mobile App,2015-01-09
CUST01701,51,Female,Abbottabad,Bronze,Online,2023-04-20
CUST01702,39,Male,Islamabad,Bronze,Mobile App,2019-11-29
CUST01703,53,Female,Rawalpindi,Bronze,In-Store,2018-11-23
CUST01704,21,Female,Lahore,Platinum,In-Store,2022-05-29
CUST01705,24,Male,Lahore,Platinum,In-Store,2016-07-11
CUST01706,30,Female,Rawalpindi,Platinum,Mobile App,2025-05-01
CUST01707,37,Male,Karachi,Bronze,In-Store,2015-03-24
CUST01708,38,Male,Hyderabad,Silver,In-Store,2017-06-21
CUST01709,28,Male,Karachi,Silver,Online,2023-01-11
CUST01710,25,Female,Bahawalpur,Gold,In-Store,2016-07-03
CUST01711,29,Male,Islamabad,Bronze,In-Store,2018-02-10
CUST01712,18,Female,Rawalpindi,Bronze,Mobile App,2017-12-15
CUST01713,34,Male,Sargodha,Bronze,In-Store,2015-06-21
CUST01714,37,Female,Sialkot,Silver,In-Store,2020-12-23
CUST01715,43,Male,Lahore,Platinum,In-Store,2023-05-19
CUST01716,40,Male,Lahore,Bronze,Mobile App,2015-05-30
CUST01717,61,Male,Karachi,Silver,Online,2018-06-14
CUST01718,48,Male,Peshawar,Bronze,Mobile App,2024-02-15
CUST01719,47,Male,Peshawar,Bronze,Online,2022-07-15
CUST01720,42,Female,Sukkur,Silver,Online,2021-10-16
CUST01721,44,Male,Lahore,Bronze,In-Store,2015-05-08
CUST01722,35,Male,Karachi,Gold,In-Store,2023-06-06
CUST01723,39,Male,Lahore,Bronze,In-Store,2021-10-06
CUST01724,62,Female,Sargodha,Bronze,Online,2025-06-25
CUST01725,37,Male,Abbottabad,Gold,Mobile App,2020-03-24
CUST01726,20,Male,Islamabad,Silver,In-Store,2022-12-31
CUST01727,47,Male,Faisalabad,Platinum,In-Store,2020-10-06
CUST01728,49,Female,Hyderabad,Silver,In-Store,2023-11-28
CUST01729,40,Male,Rawalpindi,Bronze,Online,2020-09-28
CUST01730,18,Male,Sargodha,Gold,Mobile App,2022-03-14
CUST01731,54,Female,Hyderabad,Silver,Online,2019-10-07
CUST01732,40,Other,Sialkot,Bronze,Online,2018-01-13
CUST01733,33,Male,Multan,Gold,In-Store,2016-11-27
CUST01734,53,Female,Lahore,Gold,In-Store,2017-04-28
CUST01735,18,Female,Lahore,Platinum,In-Store,2021-06-22
CUST01736,39,Female,Sukkur,Silver,In-Store,2025-10-08
CUST01737,30,Male,Lahore,Gold,Online,2017-12-05
CUST01738,57,Female,Lahore,Gold,Online,2019-07-15
CUST01739,41,Male,Hyderabad,Silver,In-Store,2019-06-18
CUST01740,26,Female,Karachi,Bronze,In-Store,2020-07-28
CUST01741,52,Female,Quetta,Silver,Online,2024-01-08
CUST01742,18,Female,Multan,Bronze,Mobile App,2017-04-05
CUST01743,44,Female,Karachi,Bronze,In-Store,2017-07-21
CUST01744,21,Male,Lahore,Gold,In-Store,2016-04-15
CUST01745,31,Male,Lahore,Bronze,In-Store,2015-10-05
CUST01746,34,Female,Lahore,Gold,In-Store,2019-12-07
CUST01747,49,Male,Lahore,Bronze,In-Store,2016-08-27
CUST01748,66,Female,Hyderabad,Silver,Mobile App,2021-12-24
CUST01749,18,Female,Bahawalpur,Gold,Mobile App,2016-09-28
CUST01750,43,Female,Lahore,Gold,Online,2024-08-09
CUST01751,66,Female,Multan,Bronze,Online,2017-08-29
CUST01752,30,Male,Rawalpindi,Gold,In-Store,2018-08-15
CUST01753,29,Male,Islamabad,Gold,Online,2025-06-30
CUST01754,41,Female,Sargodha,Bronze,Mobile App,2019-06-05
CUST01755,48,Male,Karachi,Bronze,Mobile App,2023-04-27
CUST01756,46,Female,Abbottabad,Bronze,In-Store,2024-07-29
CUST01757,33,Male,Islamabad,Bronze,Online,2020-12-27
CUST01758,27,Female,Multan,Bronze,In-Store,2022-10-17
CUST01759,55,Male,Bahawalpur,Silver,In-Store,2015-12-07
CUST01760,27,Female,Peshawar,Bronze,In-Store,2018-02-12
CUST01761,18,Male,Sialkot,Gold,In-Store,2016-03-31
CUST01762,19,Male,Karachi,Silver,In-Store,2025-01-27
CUST01763,30,Male,Multan,Silver,Mobile App,2024-09-02
CUST01764,57,Male,Islamabad,Gold,In-Store,2015-07-12
CUST01765,22,Other,Rawalpindi,Silver,In-Store,2020-10-25
CUST01766,57,Male,Lahore,Bronze,Online,2022-01-30
CUST01767,54,Male,Multan,Bronze,Online,2020-08-17
CUST01768,40,Male,Faisalabad,Silver,Online,2025-09-11
CUST01769,18,Female,Karachi,Gold,In-Store,2015-03-26
CUST01770,22,Male,Quetta,Silver,In-Store,2015-08-25
CUST01771,29,Female,Lahore,Gold,In-Store,2025-12-10
CUST01772,60,Other,Multan,Gold,Online,2021-01-29
CUST01773,30,Male,Sukkur,Silver,In-Store,2021-06-15
CUST01774,27,Female,Islamabad,Bronze,In-Store,2019-01-20
CUST01775,40,Female,Peshawar,Gold,In-Store,2017-04-12
CUST01776,19,Female,Hyderabad,Silver,In-Store,2019-07-13
CUST01777,37,Female,Multan,Bronze,Online,2021-12-02
CUST01778,27,Female,Abbottabad,Gold,In-Store,2017-08-15
CUST01779,72,Male,Karachi,Bronze,In-Store,2016-03-10
CUST01780,26,Female,Islamabad,Bronze,Mobile App,2024-12-19
CUST01781,63,Female,Quetta,Bronze,In-Store,2022-12-11
CUST01782,23,Male,Faisalabad,Bronze,In-Store,2016-10-01
CUST01783,41,Male,Lahore,Bronze,Online,2016-02-17
CUST01784,44,Male,Islamabad,Silver,Online,2015-11-27
CUST01785,39,Male,Quetta,Bronze,In-Store,2024-09-30
CUST01786,39,Male,Gujranwala,Gold,In-Store,2016-02-06
CUST01787,49,Female,Peshawar,Silver,Mobile App,2015-01-17
CUST01788,43,Female,Sukkur,Silver,Mobile App,2015-06-11
CUST01789,35,Female,Faisalabad,Silver,In-Store,2020-04-15
CUST01790,29,Female,Gujranwala,Bronze,In-Store,2021-04-06
CUST01791,35,Male,Karachi,Bronze,In-Store,2018-04-27
CUST01792,35,Male,Abbottabad,Silver,Mobile App,2017-10-17
CUST01793,35,Male,Sukkur,Bronze,Mobile App,2025-03-03
CUST01794,38,Female,Sukkur,Bronze,In-Store,2024-11-26
CUST01795,19,Female,Sukkur,Silver,Online,2017-05-10
CUST01796,24,Female,Hyderabad,Bronze,In-Store,2023-07-19
CUST01797,48,Male,Karachi,Gold,Online,2021-02-24
CUST01798,18,Female,Bahawalpur,Bronze,In-Store,2021-09-18
CUST01799,53,Male,Lahore,Bronze,In-Store,2024-02-13
CUST01800,30,Male,Sukkur,Silver,In-Store,2017-12-21
CUST01801,59,Female,Faisalabad,Bronze,Mobile App,2025-02-01
CUST01802,53,Female,Lahore,Gold,In-Store,2025-07-30
CUST01803,33,Other,Islamabad,Bronze,In-Store,2022-04-12
CUST01804,35,Female,Lahore,Silver,Online,2016-11-01
CUST01805,58,Female,Quetta,Gold,In-Store,2019-09-02
CUST01806,54,Female,Quetta,Bronze,In-Store,2025-03-30
CUST01807,50,Female,Rawalpindi,Platinum,In-Store,2023-07-24
CUST01808,52,Female,Rawalpindi,Gold,In-Store,2018-08-01
CUST01809,23,Female,Lahore,Bronze,In-Store,2024-11-01
CUST01810,40,Female,Islamabad,Silver,Mobile App,2022-09-30
CUST01811,27,Female,Peshawar,Bronze,Online,2023-12-24
CUST01812,23,Male,Multan,Bronze,Online,2022-09-27
CUST01813,40,Female,Karachi,Bronze,In-Store,2025-08-15
CUST01814,32,Male,Quetta,Bronze,Online,2020-11-21
CUST01815,35,Female,Abbottabad,Gold,In-Store,2015-03-22
CUST01816,31,Female,Gujranwala,Gold,Mobile App,2018-09-02
CUST01817,21,Male,Karachi,Bronze,Online,2021-01-07
CUST01818,60,Female,Gujranwala,Bronze,Online,2017-10-27
CUST01819,40,Female,Karachi,Bronze,In-Store,2020-09-28
CUST01820,19,Male,Karachi,Platinum,In-Store,2019-10-14
CUST01821,40,Female,Lahore,Bronze,In-Store,2016-11-24
CUST01822,57,Male,Faisalabad,Silver,In-Store,2024-12-30
CUST01823,50,Female,Hyderabad,Bronze,In-Store,2020-03-17
CUST01824,31,Female,Gujranwala,Gold,In-Store,2018-06-23
CUST01825,31,Male,Islamabad,Bronze,In-Store,2019-05-28
CUST01826,25,Male,Rawalpindi,Bronze,Online,2021-10-01
CUST01827,28,Male,Lahore,Bronze,In-Store,2017-07-28
CUST01828,29,Female,Sargodha,Platinum,Mobile App,2015-11-22
CUST01829,18,Male,Lahore,Silver,Online,2021-05-04
CUST01830,32,Female,Lahore,Bronze,In-Store,2016-11-24
CUST01831,42,Male,Abbottabad,Bronze,In-Store,2025-12-20
CUST01832,32,Female,Lahore,Silver,In-Store,2015-02-27
CUST01833,40,Female,Lahore,Bronze,In-Store,2024-03-14
CUST01834,59,Female,Abbottabad,Silver,In-Store,2025-01-18
CUST01835,61,Female,Karachi,Bronze,In-Store,2022-01-06
CUST01836,37,Female,Karachi,Bronze,In-Store,2021-10-17
CUST01837,49,Male,Rawalpindi,Gold,In-Store,2024-12-31
CUST01838,35,Male,Lahore,Bronze,In-Store,2023-03-05
CUST01839,31,Male,Sukkur,Bronze,Online,2015-06-04
CUST01840,23,Male,Quetta,Platinum,Online,2022-12-07
CUST01841,39,Male,Faisalabad,Silver,In-Store,2019-12-18
CUST01842,52,Female,Karachi,Gold,In-Store,2015-03-23
CUST01843,21,Female,Lahore,Bronze,Mobile App,2017-06-17
CUST01844,34,Female,Sukkur,Gold,Mobile App,2020-03-02
CUST01845,33,Male,Lahore,Gold,In-Store,2016-02-15
CUST01846,41,Female,Karachi,Bronze,In-Store,2024-11-07
CUST01847,41,Female,Lahore,Silver,In-Store,2018-01-27
CUST01848,44,Male,Sialkot,Bronze,Online,2023-01-25
CUST01849,62,Female,Hyderabad,Gold,Online,2017-09-25
CUST01850,26,Male,Lahore,Silver,In-Store,2022-10-04
CUST01851,25,Male,Lahore,Gold,Online,2024-12-26
CUST01852,41,Male,Hyderabad,Platinum,Online,2021-10-30
CUST01853,56,Male,Lahore,Bronze,In-Store,2025-02-09
CUST01854,18,Male,Islamabad,Bronze,In-Store,2018-03-20
CUST01855,42,Female,Islamabad,Silver,In-Store,2016-12-23
CUST01856,35,Male,Islamabad,Platinum,In-Store,2018-12-27
CUST01857,49,Male,Karachi,Silver,In-Store,2022-09-26
CUST01858,46,Female,Hyderabad,Bronze,In-Store,2015-01-04
CUST01859,38,Female,Lahore,Platinum,Mobile App,2019-05-17
CUST01860,44,Male,Islamabad,Silver,In-Store,2022-06-11
CUST01861,29,Female,Peshawar,Bronze,In-Store,2022-04-29
CUST01862,48,Male,Gujranwala,Silver,Online,2017-11-09
CUST01863,56,Male,Multan,Silver,Mobile App,2017-08-18
CUST01864,39,Female,Islamabad,Platinum,Online,2018-12-26
CUST01865,32,Female,Karachi,Bronze,Online,2018-08-20
CUST01866,36,Female,Faisalabad,Silver,In-Store,2015-12-04
CUST01867,48,Male,Faisalabad,Bronze,In-Store,2018-07-21
CUST01868,37,Female,Islamabad,Silver,Mobile App,2024-08-17
CUST01869,22,Male,Multan,Platinum,Mobile App,2022-02-21
CUST01870,50,Male,Gujranwala,Gold,In-Store,2016-11-27
CUST01871,25,Female,Karachi,Platinum,Online,2025-04-26
CUST01872,43,Female,Gujranwala,Bronze,In-Store,2019-11-24
CUST01873,18,Female,Multan,Silver,In-Store,2018-05-23
CUST01874,39,Male,Islamabad,Silver,Online,2018-12-22
CUST01875,37,Female,Quetta,Bronze,In-Store,2024-03-28
CUST01876,18,Female,Quetta,Silver,In-Store,2017-03-29
CUST01877,42,Female,Sialkot,Bronze,In-Store,2025-06-10
CUST01878,23,Male,Rawalpindi,Bronze,Online,2024-04-29
CUST01879,39,Male,Multan,Bronze,In-Store,2016-06-26
CUST01880,32,Female,Rawalpindi,Silver,In-Store,2017-10-25
CUST01881,18,Female,Islamabad,Bronze,Mobile App,2020-10-16
CUST01882,24,Female,Karachi,Bronze,Mobile App,2018-06-23
CUST01883,25,Male,Bahawalpur,Platinum,Mobile App,2024-03-16
CUST01884,50,Female,Karachi,Silver,Online,2024-02-05
CUST01885,48,Male,Peshawar,Silver,Mobile App,2024-09-12
CUST01886,66,Female,Islamabad,Silver,Mobile App,2019-08-03
CUST01887,31,Male,Gujranwala,Bronze,In-Store,2016-05-12
CUST01888,30,Female,Rawalpindi,Gold,In-Store,2021-03-30
CUST01889,39,Female,Lahore,Gold,Online,2024-10-09
CUST01890,33,Male,Karachi,Silver,In-Store,2023-06-28
CUST01891,30,Female,Islamabad,Bronze,In-Store,2017-11-27
CUST01892,38,Male,Faisalabad,Gold,Mobile App,2018-11-19
CUST01893,47,Male,Multan,Bronze,In-Store,2021-08-19
CUST01894,18,Male,Hyderabad,Silver,In-Store,2019-12-28
CUST01895,30,Female,Islamabad,Bronze,Mobile App,2022-07-10
CUST01896,19,Male,Sialkot,Silver,Online,2018-08-12
CUST01897,36,Male,Lahore,Platinum,Online,2017-12-29
CUST01898,43,Female,Sukkur,Bronze,Mobile App,2015-12-24
CUST01899,52,Male,Karachi,Bronze,Online,2023-04-19
CUST01900,32,Male,Gujranwala,Silver,In-Store,2022-07-03
CUST01901,39,Male,Lahore,Bronze,Online,2025-02-02
CUST01902,18,Male,Peshawar,Platinum,In-Store,2019-01-28
CUST01903,26,Female,Faisalabad,Bronze,Online,2022-07-25
CUST01904,40,Female,Multan,Bronze,In-Store,2015-08-08
CUST01905,20,Female,Abbottabad,Silver,In-Store,2025-03-11
CUST01906,54,Male,Multan,Silver,Online,2025-07-09
CUST01907,44,Female,Lahore,Bronze,In-Store,2019-08-11
CUST01908,26,Male,Rawalpindi,Bronze,Mobile App,2019-12-04
CUST01909,18,Male,Karachi,Bronze,In-Store,2016-12-25
CUST01910,28,Female,Islamabad,Bronze,In-Store,2015-03-09
CUST01911,26,Female,Lahore,Bronze,In-Store,2016-12-25
CUST01912,22,Female,Peshawar,Silver,Online,2018-12-19
CUST01913,19,Male,Bahawalpur,Silver,In-Store,2019-03-31
CUST01914,35,Male,Lahore,Silver,In-Store,2023-02-11
CUST01915,47,Female,Hyderabad,Bronze,Online,2017-04-01
CUST01916,28,Female,Sukkur,Silver,In-Store,2017-12-05
CUST01917,43,Female,Peshawar,Bronze,Mobile App,2025-08-24
CUST01918,33,Male,Quetta,Silver,In-Store,2015-05-03
CUST01919,45,Female,Gujranwala,Bronze,In-Store,2024-07-08
CUST01920,27,Male,Islamabad,Silver,Online,2025-11-15
CUST01921,41,Male,Abbottabad,Silver,Mobile App,2018-05-09
CUST01922,39,Female,Islamabad,Gold,Online,2021-10-27
CUST01923,55,Female,Karachi,Bronze,In-Store,2016-06-22
CUST01924,45,Female,Quetta,Silver,Online,2020-06-19
CUST01925,41,Male,Islamabad,Bronze,In-Store,2015-08-06
CUST01926,18,Male,Karachi,Bronze,In-Store,2023-08-19
CUST01927,31,Female,Lahore,Silver,Online,2023-03-21
CUST01928,27,Female,Islamabad,Gold,In-Store,2018-04-19
CUST01929,27,Female,Lahore,Silver,Online,2019-02-26
CUST01930,38,Female,Karachi,Bronze,Online,2022-01-06
CUST01931,41,Female,Lahore,Silver,Mobile App,2024-12-18
CUST01932,41,Female,Multan,Gold,In-Store,2015-05-18
CUST01933,54,Male,Karachi,Bronze,Online,2016-03-06
CUST01934,44,Male,Gujranwala,Bronze,Online,2018-03-14
CUST01935,22,Female,Hyderabad,Bronze,In-Store,2020-05-09
CUST01936,40,Female,Quetta,Gold,In-Store,2015-06-27
CUST01937,45,Male,Lahore,Bronze,Mobile App,2024-05-23
CUST01938,54,Female,Multan,Bronze,In-Store,2017-05-15
CUST01939,35,Male,Karachi,Silver,In-Store,2020-06-13
CUST01940,36,Female,Sargodha,Gold,In-Store,2024-03-29
CUST01941,52,Female,Karachi,Bronze,Mobile App,2021-02-11
CUST01942,40,Female,Lahore,Gold,Mobile App,2019-02-14
CUST01943,18,Male,Karachi,Silver,Mobile App,2021-11-16
CUST01944,18,Female,Abbottabad,Bronze,Online,2015-12-05
CUST01945,61,Male,Karachi,Platinum,In-Store,2018-10-19
CUST01946,18,Female,Karachi,Gold,Online,2025-10-03
CUST01947,35,Male,Karachi,Bronze,Online,2025-10-10
CUST01948,49,Male,Sukkur,Bronze,In-Store,2019-11-14
CUST01949,18,Female,Islamabad,Silver,Online,2023-04-07
CUST01950,23,Male,Sargodha,Bronze,Mobile App,2017-01-12
CUST01951,21,Female,Sargodha,Gold,Mobile App,2025-12-17
CUST01952,61,Female,Quetta,Bronze,In-Store,2018-12-09
CUST01953,64,Male,Lahore,Bronze,In-Store,2019-02-04
CUST01954,28,Male,Abbottabad,Silver,In-Store,2015-06-14
CUST01955,45,Male,Rawalpindi,Gold,In-Store,2019-03-15
CUST01956,42,Female,Rawalpindi,Platinum,Online,2019-07-24
CUST01957,34,Male,Peshawar,Bronze,Online,2025-09-24
CUST01958,18,Male,Quetta,Bronze,In-Store,2018-12-27
CUST01959,67,Male,Sargodha,Silver,Online,2024-10-29
CUST01960,18,Male,Abbottabad,Bronze,In-Store,2025-02-02
CUST01961,40,Male,Rawalpindi,Bronze,Mobile App,2024-07-16
CUST01962,29,Male,Karachi,Bronze,In-Store,2022-01-30
CUST01963,51,Male,Bahawalpur,Platinum,In-Store,2020-10-20
CUST01964,48,Male,Karachi,Gold,Mobile App,2021-11-30
CUST01965,25,Male,Faisalabad,Bronze,Online,2025-08-21
CUST01966,27,Female,Lahore,Silver,In-Store,2025-06-05
CUST01967,18,Male,Islamabad,Gold,In-Store,2015-11-11
CUST01968,40,Male,Faisalabad,Platinum,Online,2016-07-29
CUST01969,47,Female,Quetta,Silver,Online,2020-08-06
CUST01970,32,Other,Abbottabad,Platinum,Mobile App,2020-10-22
CUST01971,34,Other,Bahawalpur,Gold,In-Store,2022-05-25
CUST01972,62,Female,Faisalabad,Silver,Mobile App,2022-02-11
CUST01973,50,Male,Islamabad,Bronze,In-Store,2019-06-03
CUST01974,55,Female,Faisalabad,Platinum,In-Store,2020-03-10
CUST01975,18,Female,Islamabad,Bronze,Online,2024-02-07
CUST01976,45,Other,Rawalpindi,Silver,Mobile App,2017-02-17
CUST01977,41,Female,Bahawalpur,Bronze,In-Store,2017-12-22
CUST01978,21,Female,Faisalabad,Bronze,In-Store,2017-12-10
CUST01979,24,Male,Karachi,Bronze,Online,2018-04-08
CUST01980,35,Male,Peshawar,Bronze,Online,2015-03-03
CUST01981,20,Female,Lahore,Gold,Mobile App,2015-02-01
CUST01982,27,Other,Lahore,Bronze,In-Store,2017-10-25
CUST01983,31,Male,Sialkot,Gold,Online,2025-12-08
CUST01984,45,Male,Lahore,Platinum,Mobile App,2021-02-25
CUST01985,28,Male,Multan,Silver,In-Store,2024-01-04
CUST01986,32,Male,Gujranwala,Gold,In-Store,2024-03-28
CUST01987,51,Female,Lahore,Silver,Online,2017-12-18
CUST01988,18,Male,Rawalpindi,Silver,Online,2022-08-21
CUST01989,40,Male,Multan,Bronze,Mobile App,2021-10-06
CUST01990,43,Male,Peshawar,Silver,In-Store,2025-05-24
CUST01991,43,Female,Abbottabad,Bronze,In-Store,2015-03-02
CUST01992,31,Female,Sukkur,Bronze,In-Store,2025-12-07
CUST01993,24,Male,Lahore,Bronze,Online,2019-03-07
CUST01994,57,Female,Faisalabad,Silver,In-Store,2017-12-31
CUST01995,26,Female,Karachi,Bronze,Online,2020-11-01
CUST01996,23,Male,Karachi,Gold,In-Store,2022-02-28
CUST01997,38,Male,Islamabad,Silver,In-Store,2020-03-29
CUST01998,28,Male,Islamabad,Gold,In-Store,2023-02-22
CUST01999,51,Male,Multan,Silver,Online,2018-09-18
CUST02000,34,Male,Peshawar,Gold,In-Store,2015-07-26
CUST02001,53,Male,Islamabad,Gold,In-Store,2021-01-16
CUST02002,43,Male,Sukkur,Silver,Online,2020-08-06
CUST02003,32,Male,Hyderabad,Bronze,Mobile App,2019-06-10
CUST02004,52,Female,Quetta,Gold,Mobile App,2023-07-05
CUST02005,29,Female,Islamabad,Platinum,Mobile App,2024-05-19
CUST02006,33,Male,Lahore,Bronze,Online,2020-02-27
CUST02007,44,Male,Karachi,Gold,Online,2017-08-26
CUST02008,40,Female,Lahore,Bronze,Online,2019-07-28
CUST02009,29,Male,Sargodha,Platinum,In-Store,2023-01-19
CUST02010,18,Male,Rawalpindi,Gold,In-Store,2021-01-15
CUST02011,37,Male,Rawalpindi,Platinum,Online,2023-10-02
CUST02012,28,Male,Rawalpindi,Bronze,Online,2016-03-09
CUST02013,38,Male,Peshawar,Bronze,Online,2025-06-08
CUST02014,32,Female,Bahawalpur,Silver,Mobile App,2015-10-26
CUST02015,28,Female,Karachi,Bronze,In-Store,2022-05-12
CUST02016,34,Female,Gujranwala,Bronze,Mobile App,2015-02-12
CUST02017,37,Female,Rawalpindi,Bronze,In-Store,2019-07-26
CUST02018,47,Male,Lahore,Bronze,In-Store,2019-07-18
CUST02019,43,Female,Faisalabad,Bronze,In-Store,2020-06-11
CUST02020,65,Other,Faisalabad,Bronze,Mobile App,2020-01-24
CUST02021,39,Female,Karachi,Silver,Mobile App,2015-10-31
CUST02022,29,Female,Karachi,Bronze,In-Store,2025-05-28
CUST02023,35,Female,Multan,Silver,Online,2021-04-05
CUST02024,45,Male,Quetta,Silver,In-Store,2025-01-07
CUST02025,51,Male,Multan,Bronze,Mobile App,2016-09-27
CUST02026,55,Female,Islamabad,Bronze,Mobile App,2019-03-10
CUST02027,24,Female,Faisalabad,Platinum,In-Store,2017-11-08
CUST02028,54,Male,Bahawalpur,Bronze,In-Store,2025-08-31
CUST02029,37,Male,Bahawalpur,Platinum,In-Store,2020-04-10
CUST02030,25,Male,Lahore,Bronze,Mobile App,2016-09-27
CUST02031,35,Male,Karachi,Bronze,Online,2020-04-12
CUST02032,53,Male,Peshawar,Gold,In-Store,2017-08-11
CUST02033,43,Male,Lahore,Silver,Online,2021-06-03
CUST02034,22,Male,Gujranwala,Gold,In-Store,2020-09-16
CUST02035,22,Female,Lahore,Silver,Online,2023-07-07
CUST02036,21,Male,Karachi,Platinum,Online,2019-02-08
CUST02037,28,Female,Gujranwala,Bronze,Online,2017-05-06
CUST02038,39,Male,Lahore,Bronze,In-Store,2020-11-01
CUST02039,23,Male,Karachi,Bronze,Mobile App,2019-03-18
CUST02040,32,Female,Gujranwala,Silver,Mobile App,2015-01-23
CUST02041,56,Other,Karachi,Bronze,In-Store,2018-12-22
CUST02042,59,Female,Rawalpindi,Gold,Online,2022-06-07
CUST02043,58,Female,Islamabad,Bronze,In-Store,2022-10-13
CUST02044,18,Male,Karachi,Bronze,In-Store,2018-01-09
CUST02045,59,Male,Karachi,Bronze,In-Store,2022-09-13
CUST02046,39,Female,Karachi,Platinum,In-Store,2018-05-21
CUST02047,39,Female,Rawalpindi,Gold,Online,2015-01-09
CUST02048,51,Male,Sargodha,Bronze,In-Store,2025-01-13
CUST02049,47,Male,Quetta,Silver,In-Store,2015-01-31
CUST02050,18,Female,Quetta,Silver,Online,2024-10-02
CUST02051,30,Male,Peshawar,Platinum,In-Store,2016-04-15
CUST02052,33,Female,Sialkot,Bronze,Mobile App,2019-06-21
CUST02053,20,Male,Faisalabad,Bronze,Online,2021-06-05
CUST02054,50,Male,Abbottabad,Bronze,Online,2019-02-22
CUST02055,56,Male,Multan,Platinum,In-Store,2017-09-03
CUST02056,37,Male,Peshawar,Platinum,In-Store,2023-09-10
CUST02057,41,Female,Karachi,Bronze,Mobile App,2019-09-01
CUST02058,37,Male,Sialkot,Silver,In-Store,2023-01-11
CUST02059,39,Female,Islamabad,Silver,Online,2015-01-01
CUST02060,52,Female,Sialkot,Bronze,In-Store,2016-07-08
CUST02061,18,Male,Hyderabad,Bronze,Online,2020-07-07
CUST02062,44,Female,Karachi,Bronze,In-Store,2019-05-25
CUST02063,38,Male,Islamabad,Gold,In-Store,2024-08-12
CUST02064,28,Male,Bahawalpur,Platinum,Mobile App,2020-06-24
CUST02065,31,Male,Karachi,Bronze,Mobile App,2024-06-18
CUST02066,61,Female,Sialkot,Bronze,In-Store,2020-03-14
CUST02067,20,Male,Islamabad,Silver,Mobile App,2021-11-17
CUST02068,35,Female,Faisalabad,Silver,In-Store,2016-02-17
CUST02069,59,Male,Bahawalpur,Bronze,Online,2018-12-28
CUST02070,21,Male,Peshawar,Bronze,Online,2021-12-09
CUST02071,32,Male,Rawalpindi,Bronze,In-Store,2018-03-25
CUST02072,38,Male,Quetta,Bronze,Online,2022-01-01
CUST02073,43,Male,Lahore,Gold,Online,2021-02-26
CUST02074,36,Male,Karachi,Silver,In-Store,2023-08-17
CUST02075,26,Male,Multan,Platinum,Mobile App,2022-07-22
CUST02076,43,Female,Hyderabad,Gold,Online,2021-08-27
CUST02077,36,Male,Quetta,Silver,Online,2015-12-16
CUST02078,46,Female,Faisalabad,Gold,In-Store,2015-06-28
CUST02079,50,Female,Karachi,Bronze,In-Store,2021-11-25
CUST02080,18,Female,Karachi,Silver,Online,2017-09-08
CUST02081,51,Male,Lahore,Platinum,Online,2022-04-14
CUST02082,34,Male,Sargodha,Silver,Online,2020-11-22
CUST02083,48,Male,Rawalpindi,Silver,In-Store,2017-10-04
CUST02084,44,Male,Gujranwala,Silver,Online,2019-07-27
CUST02085,62,Female,Karachi,Bronze,Mobile App,2019-05-03
CUST02086,38,Female,Rawalpindi,Bronze,Online,2021-09-22
CUST02087,32,Male,Lahore,Bronze,In-Store,2017-06-12
CUST02088,31,Male,Sargodha,Bronze,Online,2015-10-14
CUST02089,24,Female,Lahore,Gold,In-Store,2018-10-21
CUST02090,48,Male,Karachi,Silver,In-Store,2018-05-21
CUST02091,23,Female,Lahore,Gold,Mobile App,2020-06-05
CUST02092,48,Female,Karachi,Silver,Mobile App,2017-05-22
CUST02093,35,Female,Islamabad,Gold,Online,2018-11-01
CUST02094,18,Male,Abbottabad,Bronze,In-Store,2021-06-05
CUST02095,57,Male,Bahawalpur,Bronze,In-Store,2017-02-13
CUST02096,18,Female,Multan,Bronze,In-Store,2016-05-10
CUST02097,36,Male,Hyderabad,Bronze,In-Store,2025-10-02
CUST02098,41,Female,Islamabad,Gold,In-Store,2018-09-25
CUST02099,18,Male,Sukkur,Silver,Online,2020-05-02
CUST02100,43,Male,Lahore,Platinum,In-Store,2024-05-05
CUST02101,29,Male,Islamabad,Bronze,In-Store,2021-02-21
CUST02102,34,Female,Karachi,Platinum,Mobile App,2022-10-10
CUST02103,55,Male,Sargodha,Gold,Online,2020-01-25
CUST02104,39,Male,Islamabad,Gold,Online,2019-11-22
CUST02105,33,Male,Lahore,Silver,In-Store,2021-02-22
CUST02106,35,Female,Lahore,Bronze,Mobile App,2020-07-11
CUST02107,61,Female,Rawalpindi,Gold,Online,2015-07-06
CUST02108,43,Male,Faisalabad,Platinum,In-Store,2015-03-03
CUST02109,26,Male,Peshawar,Bronze,Online,2015-02-04
CUST02110,31,Female,Gujranwala,Silver,In-Store,2023-12-15
CUST02111,22,Female,Quetta,Bronze,Mobile App,2022-12-26
CUST02112,32,Male,Faisalabad,Silver,In-Store,2018-06-27
CUST02113,58,Male,Faisalabad,Silver,Online,2024-07-30
CUST02114,35,Female,Abbottabad,Bronze,Online,2017-09-24
CUST02115,20,Female,Rawalpindi,Bronze,In-Store,2020-11-11
CUST02116,43,Male,Islamabad,Bronze,Mobile App,2018-07-09
CUST02117,32,Male,Peshawar,Bronze,In-Store,2022-09-11
CUST02118,45,Female,Peshawar,Bronze,Online,2017-03-12
CUST02119,34,Male,Sargodha,Bronze,Online,2018-01-14
CUST02120,56,Female,Islamabad,Silver,In-Store,2023-12-28
CUST02121,26,Female,Faisalabad,Silver,In-Store,2015-03-17
CUST02122,22,Male,Multan,Bronze,In-Store,2015-08-21
CUST02123,50,Male,Quetta,Bronze,Online,2017-12-22
CUST02124,18,Male,Karachi,Bronze,In-Store,2020-03-20
CUST02125,35,Female,Bahawalpur,Bronze,In-Store,2021-01-19
CUST02126,48,Female,Lahore,Bronze,In-Store,2022-03-23
CUST02127,18,Female,Lahore,Bronze,In-Store,2022-08-26
CUST02128,38,Female,Quetta,Bronze,In-Store,2015-07-22
CUST02129,18,Female,Lahore,Silver,In-Store,2020-03-27
CUST02130,18,Female,Karachi,Bronze,In-Store,2020-10-10
CUST02131,24,Male,Sargodha,Silver,Online,2024-06-16
CUST02132,35,Female,Peshawar,Gold,In-Store,2019-06-17
CUST02133,28,Male,Sargodha,Bronze,In-Store,2023-09-17
CUST02134,52,Female,Karachi,Bronze,In-Store,2022-12-24
CUST02135,39,Male,Karachi,Silver,In-Store,2019-10-12
CUST02136,31,Female,Lahore,Bronze,In-Store,2024-09-26
CUST02137,20,Male,Karachi,Silver,Online,2016-01-30
CUST02138,40,Male,Rawalpindi,Silver,Online,2015-05-14
CUST02139,64,Female,Sargodha,Platinum,In-Store,2022-03-19
CUST02140,28,Female,Islamabad,Platinum,In-Store,2017-12-14
CUST02141,30,Female,Quetta,Bronze,Online,2018-01-02
CUST02142,24,Male,Peshawar,Gold,In-Store,2022-02-17
CUST02143,53,Female,Karachi,Bronze,Mobile App,2020-11-30
CUST02144,50,Female,Lahore,Silver,In-Store,2025-07-09
CUST02145,32,Male,Peshawar,Silver,Online,2019-04-10
CUST02146,30,Female,Karachi,Bronze,In-Store,2025-06-23
CUST02147,25,Male,Rawalpindi,Bronze,Online,2025-05-23
CUST02148,34,Female,Peshawar,Gold,In-Store,2025-12-17
CUST02149,51,Male,Islamabad,Bronze,Online,2021-10-02
CUST02150,38,Female,Islamabad,Silver,Mobile App,2024-05-06
CUST02151,54,Female,Quetta,Platinum,In-Store,2015-06-21
CUST02152,28,Male,Rawalpindi,Bronze,Online,2016-04-19
CUST02153,18,Male,Faisalabad,Bronze,In-Store,2017-01-21
CUST02154,71,Male,Lahore,Bronze,In-Store,2023-11-29
CUST02155,40,Male,Gujranwala,Bronze,In-Store,2025-08-11
CUST02156,48,Female,Multan,Bronze,Online,2016-10-25
CUST02157,27,Female,Abbottabad,Silver,Mobile App,2017-04-17
CUST02158,20,Male,Sialkot,Silver,Online,2020-08-10
CUST02159,40,Male,Multan,Gold,Online,2018-09-29
CUST02160,18,Male,Multan,Bronze,In-Store,2021-04-18
CUST02161,34,Female,Islamabad,Silver,In-Store,2025-09-05
CUST02162,51,Male,Rawalpindi,Gold,Online,2021-11-21
CUST02163,43,Female,Peshawar,Silver,In-Store,2024-08-23
CUST02164,41,Female,Faisalabad,Silver,Mobile App,2016-05-16
CUST02165,60,Male,Sargodha,Silver,Mobile App,2017-05-24
CUST02166,42,Male,Faisalabad,Gold,In-Store,2023-05-18
CUST02167,18,Female,Karachi,Bronze,In-Store,2017-04-24
CUST02168,36,Female,Karachi,Bronze,In-Store,2015-10-09
CUST02169,63,Male,Karachi,Bronze,In-Store,2021-08-08
CUST02170,33,Male,Bahawalpur,Silver,In-Store,2025-07-16
CUST02171,62,Female,Islamabad,Silver,In-Store,2023-08-14
CUST02172,51,Male,Hyderabad,Silver,Online,2020-09-04
CUST02173,32,Male,Rawalpindi,Bronze,In-Store,2022-06-25
CUST02174,23,Male,Bahawalpur,Platinum,Mobile App,2018-07-31
CUST02175,42,Male,Rawalpindi,Bronze,Online,2020-05-16
CUST02176,54,Female,Hyderabad,Bronze,Online,2017-03-06
CUST02177,18,Female,Peshawar,Silver,In-Store,2021-08-04
CUST02178,39,Female,Lahore,Bronze,In-Store,2025-03-01
CUST02179,18,Male,Multan,Platinum,In-Store,2017-11-26
CUST02180,33,Male,Lahore,Silver,Mobile App,2022-11-10
CUST02181,18,Male,Lahore,Bronze,Online,2018-08-30
CUST02182,45,Male,Islamabad,Bronze,In-Store,2021-02-13
CUST02183,29,Female,Lahore,Bronze,In-Store,2020-02-11
CUST02184,53,Male,Faisalabad,Silver,In-Store,2022-12-15
CUST02185,30,Male,Peshawar,Silver,In-Store,2015-11-20
CUST02186,29,Male,Abbottabad,Bronze,Mobile App,2024-07-05
CUST02187,18,Male,Rawalpindi,Silver,Online,2017-02-05
CUST02188,43,Female,Sialkot,Bronze,In-Store,2020-03-09
CUST02189,44,Other,Faisalabad,Bronze,In-Store,2019-04-18
CUST02190,50,Female,Rawalpindi,Bronze,In-Store,2025-08-01
CUST02191,46,Male,Rawalpindi,Bronze,In-Store,2020-07-15
CUST02192,43,Male,Sukkur,Platinum,Online,2017-07-10
CUST02193,45,Female,Karachi,Silver,Online,2024-02-25
CUST02194,47,Female,Lahore,Platinum,Online,2023-08-12
CUST02195,49,Female,Quetta,Silver,Online,2024-05-21
CUST02196,18,Male,Lahore,Bronze,Online,2021-12-28
CUST02197,31,Female,Karachi,Bronze,Online,2020-03-12
CUST02198,18,Male,Lahore,Silver,Mobile App,2025-12-31
CUST02199,42,Male,Karachi,Bronze,In-Store,2023-04-15
CUST02200,59,Female,Lahore,Silver,In-Store,2024-05-22
CUST02201,49,Female,Islamabad,Gold,Online,2025-09-03
CUST02202,30,Male,Sargodha,Bronze,In-Store,2025-11-13
CUST02203,44,Female,Gujranwala,Gold,In-Store,2016-09-11
CUST02204,42,Male,Karachi,Platinum,Online,2022-08-20
CUST02205,41,Male,Karachi,Bronze,Online,2024-05-09
CUST02206,21,Female,Abbottabad,Silver,In-Store,2021-04-29
CUST02207,55,Female,Peshawar,Bronze,Online,2025-09-18
CUST02208,22,Male,Multan,Bronze,In-Store,2019-11-29
CUST02209,33,Female,Multan,Bronze,In-Store,2024-12-09
CUST02210,50,Male,Karachi,Bronze,Mobile App,2019-09-22
CUST02211,33,Female,Lahore,Gold,In-Store,2021-10-17
CUST02212,39,Other,Rawalpindi,Gold,In-Store,2022-11-19
CUST02213,39,Female,Rawalpindi,Bronze,In-Store,2025-09-15
CUST02214,38,Female,Abbottabad,Bronze,Mobile App,2016-09-04
CUST02215,39,Male,Karachi,Gold,In-Store,2025-12-02
CUST02216,40,Female,Karachi,Gold,In-Store,2017-12-19
CUST02217,38,Female,Bahawalpur,Bronze,In-Store,2021-05-08
CUST02218,26,Male,Sukkur,Gold,In-Store,2019-10-17
CUST02219,18,Male,Lahore,Gold,In-Store,2015-02-24
CUST02220,50,Male,Islamabad,Bronze,In-Store,2024-04-26
CUST02221,51,Female,Multan,Silver,In-Store,2017-04-24
CUST02222,42,Male,Lahore,Bronze,Mobile App,2015-03-15
CUST02223,42,Female,Sukkur,Bronze,In-Store,2017-10-03
CUST02224,26,Male,Lahore,Bronze,Online,2016-11-18
CUST02225,18,Other,Karachi,Bronze,Mobile App,2020-12-09
CUST02226,34,Male,Faisalabad,Gold,Online,2024-06-03
CUST02227,18,Female,Quetta,Silver,Mobile App,2018-02-18
CUST02228,40,Female,Sargodha,Gold,Online,2020-08-10
CUST02229,54,Female,Multan,Silver,In-Store,2018-07-26
CUST02230,29,Male,Karachi,Silver,In-Store,2019-06-11
CUST02231,30,Female,Peshawar,Silver,In-Store,2017-04-27
CUST02232,24,Male,Karachi,Bronze,Online,2015-05-31
CUST02233,38,Female,Lahore,Bronze,In-Store,2016-12-03
CUST02234,37,Male,Lahore,Bronze,In-Store,2021-06-02
CUST02235,24,Male,Karachi,Silver,Online,2019-01-09
CUST02236,49,Female,Islamabad,Gold,In-Store,2022-05-15
CUST02237,73,Female,Sialkot,Bronze,Mobile App,2018-08-08
CUST02238,53,Female,Karachi,Bronze,Online,2016-05-31
CUST02239,36,Female,Faisalabad,Gold,Online,2019-04-22
CUST02240,36,Male,Lahore,Bronze,In-Store,2022-04-03
CUST02241,31,Female,Faisalabad,Bronze,In-Store,2017-05-25
CUST02242,31,Male,Faisalabad,Bronze,Online,2025-06-29
CUST02243,50,Male,Lahore,Bronze,Online,2023-12-25
CUST02244,51,Male,Hyderabad,Bronze,Online,2021-01-14
CUST02245,22,Male,Faisalabad,Silver,Online,2024-12-19
CUST02246,42,Male,Abbottabad,Bronze,In-Store,2017-06-21
CUST02247,52,Male,Abbottabad,Gold,Online,2024-05-15
CUST02248,33,Male,Lahore,Silver,Online,2023-06-24
CUST02249,35,Female,Sukkur,Bronze,In-Store,2023-05-02
CUST02250,47,Male,Quetta,Platinum,In-Store,2016-08-24
CUST02251,47,Female,Rawalpindi,Platinum,In-Store,2022-11-13
CUST02252,43,Female,Gujranwala,Platinum,Online,2017-03-11
CUST02253,41,Female,Rawalpindi,Bronze,Mobile App,2022-10-16
CUST02254,43,Male,Faisalabad,Silver,Mobile App,2023-03-06
CUST02255,34,Male,Islamabad,Silver,In-Store,2018-09-26
CUST02256,23,Male,Hyderabad,Bronze,Online,2024-07-25
CUST02257,18,Male,Bahawalpur,Silver,Online,2015-11-25
CUST02258,45,Male,Karachi,Silver,Online,2018-05-31
CUST02259,39,Male,Multan,Bronze,In-Store,2022-10-21
CUST02260,43,Female,Karachi,Silver,In-Store,2021-01-30
CUST02261,27,Female,Sukkur,Platinum,In-Store,2024-01-24
CUST02262,39,Male,Lahore,Silver,Online,2021-03-11
CUST02263,39,Male,Karachi,Platinum,Online,2022-01-15
CUST02264,54,Female,Sialkot,Bronze,Online,2023-02-21
CUST02265,49,Female,Peshawar,Silver,In-Store,2025-03-28
CUST02266,28,Female,Rawalpindi,Silver,Online,2016-11-05
CUST02267,44,Female,Multan,Bronze,Mobile App,2022-09-28
CUST02268,28,Female,Sialkot,Bronze,In-Store,2015-11-20
CUST02269,18,Male,Lahore,Bronze,Mobile App,2019-07-05
CUST02270,60,Male,Lahore,Silver,In-Store,2023-01-21
CUST02271,33,Male,Rawalpindi,Bronze,Mobile App,2022-02-27
CUST02272,51,Male,Peshawar,Bronze,Mobile App,2025-06-08
CUST02273,29,Female,Multan,Gold,Mobile App,2022-09-26
CUST02274,27,Female,Faisalabad,Gold,In-Store,2025-07-07
CUST02275,30,Female,Peshawar,Gold,Mobile App,2023-07-07
CUST02276,41,Male,Karachi,Silver,In-Store,2024-01-19
CUST02277,40,Female,Islamabad,Silver,In-Store,2025-02-02
CUST02278,44,Male,Multan,Silver,In-Store,2025-02-21
CUST02279,31,Male,Islamabad,Gold,Online,2015-08-13
CUST02280,38,Female,Sargodha,Silver,In-Store,2017-08-17
CUST02281,27,Male,Sargodha,Bronze,In-Store,2019-08-23
CUST02282,57,Male,Islamabad,Bronze,Online,2015-04-23
CUST02283,20,Male,Lahore,Silver,Online,2024-07-01
CUST02284,27,Male,Lahore,Silver,In-Store,2016-12-29
CUST02285,32,Male,Rawalpindi,Platinum,In-Store,2016-03-04
CUST02286,69,Female,Sargodha,Bronze,In-Store,2021-09-02
CUST02287,47,Male,Lahore,Gold,Online,2019-09-22
CUST02288,26,Male,Islamabad,Gold,Online,2020-10-18
CUST02289,48,Male,Faisalabad,Gold,In-Store,2015-11-27
CUST02290,44,Male,Multan,Silver,In-Store,2025-08-14
CUST02291,41,Female,Peshawar,Gold,In-Store,2022-01-07
CUST02292,47,Female,Quetta,Gold,In-Store,2016-02-18
CUST02293,38,Female,Gujranwala,Gold,In-Store,2024-02-08
CUST02294,40,Female,Faisalabad,Silver,In-Store,2017-05-15
CUST02295,18,Female,Karachi,Bronze,Mobile App,2015-06-01
CUST02296,56,Male,Peshawar,Silver,In-Store,2015-03-09
CUST02297,32,Female,Multan,Silver,In-Store,2015-07-26
CUST02298,21,Male,Lahore,Platinum,Online,2017-09-18
CUST02299,31,Male,Hyderabad,Silver,In-Store,2018-01-22
CUST02300,31,Female,Sialkot,Gold,In-Store,2019-06-04
CUST02301,27,Female,Rawalpindi,Silver,In-Store,2024-02-15
CUST02302,48,Male,Abbottabad,Silver,In-Store,2019-01-24
CUST02303,50,Female,Peshawar,Platinum,Mobile App,2024-05-22
CUST02304,18,Female,Bahawalpur,Bronze,Mobile App,2015-07-12
CUST02305,31,Male,Quetta,Gold,In-Store,2025-12-24
CUST02306,32,Female,Quetta,Gold,In-Store,2021-05-14
CUST02307,35,Female,Lahore,Platinum,In-Store,2021-03-09
CUST02308,60,Female,Rawalpindi,Bronze,In-Store,2018-01-18
CUST02309,27,Female,Peshawar,Gold,In-Store,2023-12-04
CUST02310,58,Male,Hyderabad,Bronze,In-Store,2015-08-19
CUST02311,36,Female,Bahawalpur,Bronze,Online,2021-06-23
CUST02312,58,Male,Karachi,Bronze,In-Store,2019-05-24
CUST02313,33,Female,Quetta,Bronze,Online,2020-07-07
CUST02314,32,Other,Lahore,Bronze,Mobile App,2025-03-19
CUST02315,37,Female,Quetta,Platinum,Mobile App,2022-04-29
CUST02316,54,Male,Islamabad,Silver,In-Store,2025-01-23
CUST02317,40,Male,Multan,Silver,In-Store,2016-03-15
CUST02318,40,Male,Faisalabad,Gold,Mobile App,2017-04-01
CUST02319,46,Male,Sukkur,Gold,Mobile App,2020-04-01
CUST02320,26,Other,Peshawar,Platinum,Online,2017-01-07
CUST02321,42,Male,Lahore,Gold,In-Store,2024-11-30
CUST02322,29,Female,Multan,Gold,In-Store,2022-03-27
CUST02323,57,Male,Peshawar,Bronze,In-Store,2021-05-27
CUST02324,43,Female,Islamabad,Silver,In-Store,2024-10-22
CUST02325,47,Female,Lahore,Bronze,In-Store,2018-07-28
CUST02326,18,Female,Bahawalpur,Bronze,Online,2020-11-27
CUST02327,47,Female,Karachi,Bronze,Online,2021-07-21
CUST02328,35,Male,Karachi,Silver,Online,2021-06-22
CUST02329,19,Male,Multan,Platinum,Mobile App,2020-07-12
CUST02330,39,Female,Islamabad,Silver,Online,2021-08-18
CUST02331,18,Male,Faisalabad,Gold,In-Store,2024-09-09
CUST02332,45,Female,Lahore,Bronze,Online,2022-03-15
CUST02333,56,Male,Islamabad,Bronze,In-Store,2025-01-17
CUST02334,18,Male,Rawalpindi,Gold,In-Store,2024-12-27
CUST02335,37,Female,Faisalabad,Bronze,In-Store,2022-01-25
CUST02336,35,Female,Karachi,Silver,Mobile App,2022-02-15
CUST02337,18,Female,Rawalpindi,Bronze,In-Store,2021-11-14
CUST02338,49,Male,Peshawar,Bronze,In-Store,2016-05-15
CUST02339,46,Male,Quetta,Silver,Online,2021-07-11
CUST02340,64,Male,Lahore,Silver,Mobile App,2025-02-14
CUST02341,44,Female,Faisalabad,Bronze,Online,2022-10-29
CUST02342,26,Female,Islamabad,Gold,In-Store,2019-07-05
CUST02343,44,Female,Karachi,Bronze,Mobile App,2018-09-17
CUST02344,54,Female,Rawalpindi,Silver,In-Store,2015-01-31
CUST02345,31,Male,Peshawar,Silver,In-Store,2021-07-19
CUST02346,49,Male,Sargodha,Silver,In-Store,2021-08-12
CUST02347,18,Male,Karachi,Silver,In-Store,2021-09-07
CUST02348,57,Male,Rawalpindi,Bronze,Online,2024-08-20
CUST02349,48,Other,Sargodha,Silver,Online,2020-09-05
CUST02350,18,Male,Rawalpindi,Bronze,Online,2022-01-21
CUST02351,42,Female,Sukkur,Bronze,In-Store,2020-10-23
CUST02352,18,Male,Peshawar,Bronze,Online,2015-04-04
CUST02353,30,Female,Sukkur,Silver,Mobile App,2022-07-23
CUST02354,46,Male,Sialkot,Gold,In-Store,2020-10-18
CUST02355,36,Female,Karachi,Bronze,In-Store,2022-04-09
CUST02356,54,Female,Sialkot,Gold,Mobile App,2023-06-01
CUST02357,38,Male,Karachi,Silver,In-Store,2016-03-27
CUST02358,37,Female,Sialkot,Bronze,In-Store,2019-10-17
CUST02359,52,Female,Rawalpindi,Silver,In-Store,2020-03-17
CUST02360,33,Male,Peshawar,Gold,Online,2017-06-26
CUST02361,37,Male,Karachi,Platinum,In-Store,2017-10-08
CUST02362,39,Male,Karachi,Silver,In-Store,2025-06-16
CUST02363,37,Male,Karachi,Silver,In-Store,2018-11-24
CUST02364,53,Male,Islamabad,Bronze,In-Store,2015-08-16
CUST02365,29,Male,Lahore,Bronze,Mobile App,2022-12-12
CUST02366,27,Female,Karachi,Silver,In-Store,2015-07-08
CUST02367,24,Other,Sukkur,Bronze,Mobile App,2020-03-29
CUST02368,18,Male,Sialkot,Silver,In-Store,2022-01-07
CUST02369,57,Female,Multan,Bronze,Online,2019-09-18
CUST02370,26,Male,Quetta,Silver,Online,2018-06-17
CUST02371,34,Female,Lahore,Silver,In-Store,2025-03-22
CUST02372,58,Male,Quetta,Gold,In-Store,2025-01-24
CUST02373,36,Male,Faisalabad,Bronze,In-Store,2016-09-26
CUST02374,44,Male,Karachi,Platinum,In-Store,2023-11-30
CUST02375,19,Female,Peshawar,Silver,Online,2022-05-26
CUST02376,56,Male,Abbottabad,Silver,Online,2020-04-19
CUST02377,36,Female,Lahore,Silver,In-Store,2017-10-13
CUST02378,24,Male,Karachi,Bronze,In-Store,2020-03-16
CUST02379,24,Female,Sialkot,Bronze,In-Store,2018-03-13
CUST02380,59,Male,Lahore,Silver,In-Store,2023-12-13
CUST02381,30,Male,Rawalpindi,Platinum,In-Store,2024-01-21
CUST02382,25,Male,Karachi,Gold,Mobile App,2023-05-07
CUST02383,32,Male,Karachi,Bronze,Mobile App,2022-07-06
CUST02384,38,Female,Quetta,Bronze,Mobile App,2021-12-14
CUST02385,39,Female,Sargodha,Silver,Online,2017-05-25
CUST02386,43,Female,Multan,Silver,Online,2022-07-04
CUST02387,41,Male,Hyderabad,Bronze,Online,2019-12-27
CUST02388,46,Male,Lahore,Silver,In-Store,2024-11-16
CUST02389,34,Female,Karachi,Silver,Online,2016-09-07
CUST02390,64,Male,Islamabad,Gold,In-Store,2015-12-21
CUST02391,31,Male,Lahore,Bronze,Online,2016-01-24
CUST02392,55,Male,Multan,Platinum,In-Store,2017-03-28
CUST02393,30,Female,Sargodha,Gold,In-Store,2024-05-26
CUST02394,19,Male,Lahore,Silver,Online,2018-07-04
CUST02395,18,Male,Bahawalpur,Gold,In-Store,2021-03-22
CUST02396,41,Male,Faisalabad,Silver,In-Store,2019-01-20
CUST02397,53,Female,Karachi,Silver,Online,2016-09-01
CUST02398,23,Male,Faisalabad,Silver,Mobile App,2016-05-23
CUST02399,26,Male,Rawalpindi,Silver,Mobile App,2021-09-11
CUST02400,43,Other,Sialkot,Bronze,Mobile App,2022-02-27
CUST02401,37,Female,Sialkot,Bronze,In-Store,2019-07-10
CUST02402,30,Female,Peshawar,Gold,In-Store,2019-07-22
CUST02403,21,Male,Peshawar,Bronze,In-Store,2020-12-14
CUST02404,42,Male,Multan,Silver,In-Store,2017-09-04
CUST02405,46,Female,Lahore,Gold,Online,2015-07-03
CUST02406,44,Female,Bahawalpur,Silver,Mobile App,2024-06-08
CUST02407,38,Male,Lahore,Gold,Mobile App,2016-06-05
CUST02408,24,Male,Multan,Gold,Online,2020-11-20
CUST02409,42,Male,Sialkot,Bronze,In-Store,2019-04-22
CUST02410,41,Female,Karachi,Bronze,In-Store,2018-07-05
CUST02411,20,Female,Rawalpindi,Silver,In-Store,2015-05-21
CUST02412,34,Male,Karachi,Platinum,In-Store,2024-02-05
CUST02413,42,Female,Lahore,Silver,In-Store,2025-03-29
CUST02414,36,Female,Peshawar,Bronze,In-Store,2020-03-16
CUST02415,18,Female,Bahawalpur,Silver,In-Store,2024-08-01
CUST02416,29,Male,Lahore,Silver,Mobile App,2019-08-11
CUST02417,28,Female,Hyderabad,Bronze,In-Store,2023-08-22
CUST02418,45,Male,Faisalabad,Bronze,In-Store,2022-12-02
CUST02419,71,Female,Sialkot,Gold,Online,2019-06-22
CUST02420,39,Male,Gujranwala,Silver,In-Store,2025-04-18
CUST02421,22,Female,Peshawar,Gold,Mobile App,2021-05-07
CUST02422,35,Female,Rawalpindi,Bronze,Mobile App,2022-11-19
CUST02423,38,Male,Multan,Bronze,In-Store,2017-04-25
CUST02424,47,Female,Peshawar,Bronze,In-Store,2025-01-23
CUST02425,54,Female,Hyderabad,Silver,In-Store,2020-10-29
CUST02426,56,Male,Faisalabad,Platinum,Mobile App,2025-12-08
CUST02427,44,Male,Sukkur,Gold,In-Store,2024-04-22
CUST02428,37,Male,Islamabad,Bronze,Online,2024-03-20
CUST02429,57,Female,Sialkot,Bronze,Online,2025-01-17
CUST02430,33,Male,Multan,Silver,Mobile App,2022-10-17
CUST02431,38,Male,Karachi,Bronze,Online,2025-07-04
CUST02432,34,Male,Faisalabad,Silver,In-Store,2020-05-14
CUST02433,18,Female,Sialkot,Bronze,Online,2017-06-11
CUST02434,54,Female,Peshawar,Gold,In-Store,2019-03-17
CUST02435,46,Female,Faisalabad,Silver,In-Store,2022-09-30
CUST02436,18,Female,Gujranwala,Bronze,Online,2022-08-05
CUST02437,51,Female,Bahawalpur,Gold,In-Store,2023-04-04
CUST02438,34,Female,Karachi,Gold,Mobile App,2020-02-22
CUST02439,50,Female,Lahore,Gold,In-Store,2020-06-29
CUST02440,38,Female,Abbottabad,Bronze,In-Store,2020-07-25
CUST02441,20,Female,Lahore,Silver,In-Store,2024-11-15
CUST02442,38,Male,Gujranwala,Bronze,In-Store,2023-09-29
CUST02443,26,Female,Faisalabad,Platinum,Online,2021-09-08
CUST02444,22,Female,Islamabad,Silver,In-Store,2023-12-03
CUST02445,49,Female,Quetta,Gold,Online,2024-11-14
CUST02446,43,Female,Sialkot,Bronze,In-Store,2017-06-13
CUST02447,57,Male,Lahore,Bronze,In-Store,2023-11-26
CUST02448,32,Female,Karachi,Silver,Online,2021-09-16
CUST02449,25,Male,Sialkot,Silver,In-Store,2019-11-10
CUST02450,46,Female,Peshawar,Bronze,Mobile App,2025-09-07
CUST02451,27,Female,Karachi,Bronze,Online,2018-09-20
CUST02452,33,Female,Karachi,Silver,In-Store,2024-10-30
CUST02453,44,Female,Peshawar,Bronze,Online,2025-12-12
CUST02454,36,Female,Multan,Bronze,Online,2015-05-23
CUST02455,31,Male,Sialkot,Gold,Mobile App,2022-03-19
CUST02456,19,Female,Sukkur,Gold,In-Store,2024-05-06
CUST02457,50,Male,Peshawar,Gold,Online,2016-12-06
CUST02458,33,Female,Peshawar,Bronze,In-Store,2024-08-21
CUST02459,46,Male,Faisalabad,Bronze,In-Store,2019-09-02
CUST02460,44,Male,Faisalabad,Bronze,Online,2017-12-27
CUST02461,52,Female,Abbottabad,Bronze,Online,2022-03-11
CUST02462,34,Female,Karachi,Bronze,Online,2025-08-27
CUST02463,33,Male,Faisalabad,Bronze,In-Store,2025-11-18
CUST02464,23,Female,Lahore,Silver,In-Store,2019-09-18
CUST02465,30,Male,Quetta,Silver,Online,2018-07-14
CUST02466,42,Male,Sialkot,Bronze,In-Store,2023-03-30
CUST02467,27,Male,Lahore,Bronze,In-Store,2025-10-29
CUST02468,42,Male,Sialkot,Bronze,In-Store,2015-06-16
CUST02469,57,Female,Peshawar,Bronze,In-Store,2016-10-25
CUST02470,32,Female,Sargodha,Platinum,In-Store,2016-10-18
CUST02471,20,Female,Gujranwala,Platinum,Online,2017-09-08
CUST02472,32,Female,Sialkot,Bronze,Online,2019-07-07
CUST02473,19,Male,Karachi,Bronze,In-Store,2022-04-24
CUST02474,55,Female,Abbottabad,Bronze,In-Store,2016-01-30
CUST02475,39,Female,Gujranwala,Gold,In-Store,2025-02-17
CUST02476,28,Female,Hyderabad,Silver,Mobile App,2021-06-25
CUST02477,30,Male,Sialkot,Platinum,In-Store,2022-02-09
CUST02478,22,Male,Hyderabad,Silver,In-Store,2017-11-06
CUST02479,51,Male,Multan,Bronze,Online,2017-01-28
CUST02480,61,Male,Karachi,Gold,In-Store,2018-02-16
CUST02481,18,Female,Rawalpindi,Gold,Mobile App,2019-10-11
CUST02482,51,Male,Lahore,Bronze,In-Store,2022-05-15
CUST02483,34,Female,Islamabad,Bronze,In-Store,2019-08-09
CUST02484,54,Female,Lahore,Platinum,Mobile App,2020-07-05
CUST02485,18,Male,Peshawar,Platinum,Mobile App,2016-10-17
CUST02486,40,Female,Gujranwala,Gold,In-Store,2017-05-22
CUST02487,32,Male,Sukkur,Bronze,In-Store,2021-11-30
CUST02488,46,Female,Sukkur,Bronze,Mobile App,2017-04-27
CUST02489,38,Male,Karachi,Silver,In-Store,2020-07-23
CUST02490,38,Female,Sialkot,Bronze,Mobile App,2018-08-22
CUST02491,36,Male,Bahawalpur,Bronze,In-Store,2023-09-23
CUST02492,58,Male,Sialkot,Bronze,Online,2018-06-29
CUST02493,35,Female,Karachi,Silver,Online,2017-08-18
CUST02494,49,Male,Sargodha,Silver,Online,2025-03-05
CUST02495,46,Male,Faisalabad,Platinum,In-Store,2017-01-24
CUST02496,49,Male,Multan,Bronze,Mobile App,2023-03-21
CUST02497,24,Female,Lahore,Platinum,In-Store,2021-10-07
CUST02498,47,Female,Hyderabad,Bronze,In-Store,2017-12-15
CUST02499,42,Male,Sukkur,Gold,Online,2023-06-01
CUST02500,22,Male,Gujranwala,Silver,In-Store,2025-06-07
CUST02501,35,Other,Lahore,Bronze,In-Store,2018-05-27
CUST02502,67,Male,Karachi,Gold,Online,2025-01-28
CUST02503,32,Female,Abbottabad,Silver,Online,2016-11-22
CUST02504,33,Male,Sukkur,Silver,Online,2024-06-02
CUST02505,43,Male,Hyderabad,Gold,In-Store,2019-10-24
CUST02506,30,Male,Sialkot,Silver,In-Store,2023-01-19
CUST02507,39,Female,Karachi,Bronze,In-Store,2018-07-29
CUST02508,32,Female,Faisalabad,Bronze,Online,2023-06-19
CUST02509,43,Male,Karachi,Bronze,In-Store,2018-06-19
CUST02510,37,Female,Rawalpindi,Gold,Mobile App,2020-03-19
CUST02511,63,Male,Karachi,Platinum,Mobile App,2015-04-24
CUST02512,38,Female,Rawalpindi,Silver,Mobile App,2018-03-24
CUST02513,35,Male,Peshawar,Silver,In-Store,2018-12-03
CUST02514,51,Female,Hyderabad,Bronze,In-Store,2020-10-06
CUST02515,19,Female,Karachi,Gold,In-Store,2019-03-08
CUST02516,59,Male,Sukkur,Bronze,Online,2023-05-19
CUST02517,25,Female,Lahore,Silver,Mobile App,2022-10-31
CUST02518,53,Other,Sargodha,Platinum,Mobile App,2019-03-10
CUST02519,56,Female,Rawalpindi,Gold,In-Store,2016-02-18
CUST02520,31,Male,Karachi,Gold,In-Store,2018-08-09
CUST02521,32,Female,Gujranwala,Silver,Online,2016-08-28
CUST02522,36,Male,Karachi,Bronze,In-Store,2016-08-25
CUST02523,46,Female,Multan,Bronze,Online,2024-06-25
CUST02524,25,Male,Gujranwala,Silver,Online,2023-05-30
CUST02525,36,Female,Rawalpindi,Gold,Online,2016-02-10
CUST02526,33,Female,Peshawar,Gold,In-Store,2022-04-20
CUST02527,23,Female,Multan,Platinum,Online,2020-09-29
CUST02528,24,Female,Karachi,Bronze,In-Store,2020-12-22
CUST02529,39,Female,Quetta,Silver,In-Store,2024-11-09
CUST02530,39,Female,Sargodha,Gold,Online,2018-05-20
CUST02531,28,Female,Islamabad,Silver,In-Store,2019-11-02
CUST02532,39,Male,Karachi,Bronze,Mobile App,2021-02-05
CUST02533,29,Female,Lahore,Gold,In-Store,2025-12-27
CUST02534,54,Male,Peshawar,Bronze,Mobile App,2015-08-05
CUST02535,36,Female,Abbottabad,Bronze,Mobile App,2016-11-10
CUST02536,52,Male,Gujranwala,Silver,In-Store,2016-09-01
CUST02537,18,Male,Sialkot,Bronze,In-Store,2021-11-17
CUST02538,42,Male,Islamabad,Gold,In-Store,2018-04-04
CUST02539,45,Other,Multan,Bronze,Online,2025-09-28
CUST02540,36,Male,Islamabad,Bronze,In-Store,2016-01-31
CUST02541,30,Female,Karachi,Platinum,Mobile App,2023-02-22
CUST02542,35,Male,Faisalabad,Bronze,Online,2015-04-29
CUST02543,47,Female,Faisalabad,Silver,Online,2023-11-11
CUST02544,22,Female,Hyderabad,Silver,Online,2017-06-26
CUST02545,47,Male,Sialkot,Bronze,Online,2025-11-07
CUST02546,42,Female,Rawalpindi,Bronze,In-Store,2024-09-12
CUST02547,34,Female,Faisalabad,Silver,Online,2015-09-03
CUST02548,35,Female,Gujranwala,Platinum,Online,2015-01-26
CUST02549,38,Female,Lahore,Silver,Online,2019-02-14
CUST02550,59,Male,Islamabad,Silver,Mobile App,2023-10-23
CUST02551,42,Female,Bahawalpur,Silver,In-Store,2025-12-11
CUST02552,25,Female,Sialkot,Bronze,Online,2021-04-08
CUST02553,32,Female,Sargodha,Bronze,In-Store,2025-10-27
CUST02554,23,Female,Sukkur,Silver,Online,2015-07-17
CUST02555,18,Female,Sialkot,Silver,Mobile App,2020-06-26
CUST02556,22,Female,Lahore,Bronze,Online,2019-08-09
CUST02557,39,Female,Faisalabad,Bronze,In-Store,2023-05-02
CUST02558,54,Female,Rawalpindi,Gold,In-Store,2021-12-20
CUST02559,50,Male,Islamabad,Silver,Mobile App,2019-12-04
CUST02560,22,Female,Sialkot,Platinum,In-Store,2015-11-22
CUST02561,27,Female,Islamabad,Gold,Mobile App,2022-12-22
CUST02562,25,Female,Karachi,Gold,Online,2016-03-08
CUST02563,18,Male,Islamabad,Silver,In-Store,2025-07-20
CUST02564,35,Male,Gujranwala,Platinum,Mobile App,2016-03-09
CUST02565,48,Female,Faisalabad,Silver,Online,2015-12-16
CUST02566,34,Male,Karachi,Bronze,Mobile App,2023-04-19
CUST02567,21,Male,Multan,Gold,In-Store,2017-04-19
CUST02568,27,Female,Lahore,Bronze,Online,2015-12-13
CUST02569,33,Male,Karachi,Gold,In-Store,2021-07-30
CUST02570,48,Female,Lahore,Platinum,In-Store,2021-11-18
CUST02571,35,Male,Sialkot,Bronze,In-Store,2020-11-25
CUST02572,46,Male,Karachi,Bronze,Online,2018-04-20
CUST02573,36,Other,Lahore,Gold,In-Store,2015-08-14
CUST02574,41,Female,Lahore,Gold,Mobile App,2021-07-30
CUST02575,25,Female,Gujranwala,Silver,In-Store,2016-10-28
CUST02576,29,Female,Lahore,Silver,Online,2015-04-09
CUST02577,21,Female,Multan,Gold,Mobile App,2025-04-19
CUST02578,45,Male,Karachi,Silver,In-Store,2020-10-12
CUST02579,34,Male,Gujranwala,Gold,In-Store,2024-05-11
CUST02580,18,Male,Lahore,Bronze,In-Store,2024-01-12
CUST02581,44,Male,Rawalpindi,Bronze,Mobile App,2016-01-10
CUST02582,50,Female,Islamabad,Silver,Mobile App,2023-07-26
CUST02583,27,Female,Peshawar,Silver,Online,2016-04-24
CUST02584,44,Female,Lahore,Bronze,Online,2020-11-08
CUST02585,35,Female,Karachi,Bronze,In-Store,2020-07-26
CUST02586,18,Male,Faisalabad,Gold,In-Store,2017-05-01
CUST02587,63,Female,Abbottabad,Silver,Online,2019-11-17
CUST02588,35,Female,Hyderabad,Bronze,In-Store,2023-05-20
CUST02589,40,Male,Abbottabad,Bronze,Online,2022-08-20
CUST02590,29,Male,Rawalpindi,Gold,Mobile App,2020-12-22
CUST02591,34,Male,Multan,Bronze,Mobile App,2016-09-09
CUST02592,40,Female,Gujranwala,Silver,In-Store,2018-03-10
CUST02593,24,Female,Islamabad,Silver,In-Store,2016-06-05
CUST02594,60,Female,Karachi,Platinum,Mobile App,2025-03-19
CUST02595,48,Female,Lahore,Gold,In-Store,2017-09-03
CUST02596,44,Male,Sargodha,Gold,In-Store,2020-11-08
CUST02597,36,Male,Gujranwala,Gold,In-Store,2017-05-11
CUST02598,28,Female,Lahore,Platinum,In-Store,2024-12-12
CUST02599,51,Female,Sialkot,Bronze,In-Store,2019-07-11
CUST02600,45,Male,Quetta,Bronze,In-Store,2019-09-26
CUST02601,32,Female,Rawalpindi,Bronze,Online,2025-11-10
CUST02602,23,Male,Karachi,Platinum,In-Store,2019-12-28
CUST02603,18,Female,Quetta,Silver,In-Store,2021-04-13
CUST02604,38,Female,Lahore,Bronze,Online,2018-12-10
CUST02605,34,Female,Lahore,Bronze,In-Store,2022-08-23
CUST02606,53,Male,Faisalabad,Silver,In-Store,2019-03-04
CUST02607,50,Male,Lahore,Bronze,Online,2019-10-24
CUST02608,38,Female,Quetta,Silver,Online,2018-10-03
CUST02609,36,Female,Lahore,Bronze,In-Store,2022-05-31
CUST02610,23,Female,Gujranwala,Gold,In-Store,2023-05-04
CUST02611,51,Male,Rawalpindi,Bronze,Mobile App,2023-06-07
CUST02612,37,Female,Faisalabad,Silver,In-Store,2018-01-30
CUST02613,45,Male,Karachi,Bronze,In-Store,2015-01-24
CUST02614,53,Other,Karachi,Silver,In-Store,2017-06-15
CUST02615,30,Male,Lahore,Silver,Online,2020-10-23
CUST02616,27,Male,Islamabad,Gold,Online,2024-08-23
CUST02617,70,Male,Lahore,Gold,Mobile App,2023-02-23
CUST02618,45,Male,Faisalabad,Silver,Online,2025-10-05
CUST02619,34,Female,Multan,Silver,In-Store,2020-08-13
CUST02620,54,Male,Gujranwala,Bronze,Online,2020-09-03
CUST02621,33,Female,Faisalabad,Silver,In-Store,2015-09-03
CUST02622,42,Female,Islamabad,Bronze,Mobile App,2016-10-16
CUST02623,30,Male,Bahawalpur,Silver,In-Store,2020-08-26
CUST02624,37,Female,Rawalpindi,Bronze,In-Store,2016-02-04
CUST02625,34,Female,Lahore,Bronze,Mobile App,2018-02-09
CUST02626,28,Female,Karachi,Silver,Online,2021-09-30
CUST02627,41,Male,Lahore,Platinum,In-Store,2020-04-15
CUST02628,29,Female,Peshawar,Gold,Online,2023-08-03
CUST02629,45,Female,Lahore,Gold,In-Store,2022-02-02
CUST02630,34,Other,Islamabad,Gold,In-Store,2022-11-11
CUST02631,18,Female,Karachi,Silver,In-Store,2019-10-25
CUST02632,46,Male,Islamabad,Gold,Mobile App,2024-11-06
CUST02633,46,Male,Peshawar,Silver,Online,2017-06-17
CUST02634,67,Female,Lahore,Platinum,In-Store,2019-07-27
CUST02635,38,Other,Karachi,Gold,Online,2020-07-11
CUST02636,40,Male,Hyderabad,Bronze,Mobile App,2025-05-01
CUST02637,44,Male,Quetta,Bronze,Online,2019-07-29
CUST02638,51,Male,Abbottabad,Silver,In-Store,2022-07-05
CUST02639,50,Male,Karachi,Silver,Mobile App,2018-09-03
CUST02640,42,Male,Peshawar,Bronze,Mobile App,2023-03-22
CUST02641,37,Male,Lahore,Silver,In-Store,2022-01-19
CUST02642,48,Male,Faisalabad,Silver,Online,2022-01-02
CUST02643,37,Female,Sialkot,Bronze,In-Store,2018-06-27
CUST02644,21,Female,Lahore,Bronze,In-Store,2015-11-25
CUST02645,18,Male,Rawalpindi,Gold,In-Store,2021-01-09
CUST02646,34,Female,Lahore,Bronze,Mobile App,2024-08-21
CUST02647,39,Male,Karachi,Gold,Online,2022-08-05
CUST02648,70,Female,Quetta,Silver,Mobile App,2017-12-01
CUST02649,36,Female,Lahore,Silver,Online,2019-06-29
CUST02650,38,Male,Faisalabad,Platinum,Online,2016-01-31
CUST02651,32,Female,Peshawar,Silver,Online,2017-09-20
CUST02652,46,Male,Rawalpindi,Platinum,In-Store,2024-12-25
CUST02653,41,Male,Karachi,Platinum,Online,2022-06-10
CUST02654,29,Male,Karachi,Silver,In-Store,2018-01-09
CUST02655,24,Male,Islamabad,Bronze,In-Store,2019-08-04
CUST02656,32,Male,Abbottabad,Gold,In-Store,2025-11-17
CUST02657,27,Female,Abbottabad,Bronze,Online,2019-10-24
CUST02658,34,Male,Rawalpindi,Silver,Mobile App,2024-06-10
CUST02659,39,Female,Rawalpindi,Silver,In-Store,2017-03-26
CUST02660,31,Male,Peshawar,Gold,Mobile App,2022-04-13
CUST02661,56,Male,Hyderabad,Silver,Online,2019-07-22
CUST02662,53,Female,Multan,Bronze,Online,2024-10-12
CUST02663,35,Female,Quetta,Silver,Online,2024-04-19
CUST02664,25,Female,Karachi,Silver,In-Store,2023-12-19
CUST02665,37,Female,Sukkur,Bronze,In-Store,2020-10-06
CUST02666,36,Female,Faisalabad,Bronze,In-Store,2022-03-21
CUST02667,37,Female,Faisalabad,Silver,In-Store,2020-05-07
CUST02668,32,Male,Lahore,Silver,In-Store,2021-06-06
CUST02669,24,Other,Karachi,Silver,In-Store,2021-05-05
CUST02670,38,Male,Islamabad,Silver,Online,2023-02-15
CUST02671,33,Male,Bahawalpur,Platinum,Online,2017-10-21
CUST02672,34,Male,Faisalabad,Silver,Online,2017-01-31
CUST02673,39,Female,Rawalpindi,Bronze,In-Store,2016-04-12
CUST02674,37,Male,Karachi,Gold,In-Store,2022-04-08
CUST02675,38,Male,Karachi,Bronze,Mobile App,2019-03-06
CUST02676,32,Male,Multan,Bronze,Mobile App,2015-08-22
CUST02677,42,Female,Sargodha,Silver,Online,2024-02-18
CUST02678,28,Female,Rawalpindi,Silver,Online,2024-08-11
CUST02679,23,Female,Lahore,Platinum,Mobile App,2019-07-15
CUST02680,26,Female,Islamabad,Silver,In-Store,2022-09-28
CUST02681,29,Female,Faisalabad,Silver,In-Store,2017-09-04
CUST02682,21,Female,Sialkot,Bronze,Online,2016-05-13
CUST02683,18,Female,Rawalpindi,Gold,In-Store,2019-07-03
CUST02684,44,Female,Bahawalpur,Bronze,In-Store,2025-08-07
CUST02685,54,Female,Peshawar,Silver,Mobile App,2024-06-23
CUST02686,45,Female,Karachi,Silver,In-Store,2025-07-24
CUST02687,31,Male,Karachi,Platinum,Online,2016-12-08
CUST02688,18,Female,Faisalabad,Bronze,In-Store,2021-03-24
CUST02689,40,Female,Gujranwala,Silver,In-Store,2018-01-22
CUST02690,18,Male,Faisalabad,Gold,In-Store,2015-01-28
CUST02691,36,Female,Gujranwala,Bronze,In-Store,2020-02-07
CUST02692,27,Male,Karachi,Bronze,In-Store,2024-07-11
CUST02693,18,Male,Islamabad,Bronze,Online,2017-05-10
CUST02694,57,Female,Karachi,Bronze,In-Store,2024-11-25
CUST02695,21,Female,Islamabad,Bronze,In-Store,2020-12-14
CUST02696,33,Female,Multan,Bronze,In-Store,2016-07-11
CUST02697,36,Female,Bahawalpur,Silver,In-Store,2024-04-13
CUST02698,31,Male,Rawalpindi,Bronze,In-Store,2020-04-14
CUST02699,44,Male,Islamabad,Bronze,In-Store,2017-11-13
CUST02700,28,Male,Peshawar,Silver,Online,2025-04-01
CUST02701,42,Female,Quetta,Bronze,Online,2017-06-21
CUST02702,42,Male,Lahore,Bronze,In-Store,2024-04-14
CUST02703,20,Male,Quetta,Silver,In-Store,2015-02-23
CUST02704,41,Female,Faisalabad,Silver,In-Store,2025-07-02
CUST02705,24,Male,Faisalabad,Silver,Online,2024-06-15
CUST02706,22,Female,Abbottabad,Bronze,Online,2022-10-30
CUST02707,41,Female,Sialkot,Gold,In-Store,2022-08-27
CUST02708,32,Female,Gujranwala,Gold,Online,2017-10-20
CUST02709,42,Male,Gujranwala,Bronze,In-Store,2015-10-13
CUST02710,42,Male,Peshawar,Gold,In-Store,2022-10-30
CUST02711,19,Male,Karachi,Silver,In-Store,2025-06-29
CUST02712,47,Male,Islamabad,Bronze,In-Store,2019-10-01
CUST02713,41,Male,Sialkot,Bronze,In-Store,2023-03-21
CUST02714,30,Male,Lahore,Bronze,Online,2022-10-04
CUST02715,36,Female,Sargodha,Bronze,In-Store,2016-12-11
CUST02716,47,Male,Karachi,Bronze,In-Store,2020-03-22
CUST02717,33,Female,Faisalabad,Bronze,In-Store,2025-04-24
CUST02718,65,Male,Karachi,Silver,Online,2024-05-18
CUST02719,57,Male,Sialkot,Gold,In-Store,2020-02-04
CUST02720,39,Female,Multan,Silver,Online,2021-09-27
CUST02721,35,Male,Islamabad,Silver,Mobile App,2016-01-12
CUST02722,35,Female,Karachi,Bronze,Online,2019-03-03
CUST02723,30,Female,Rawalpindi,Silver,Online,2025-11-30
CUST02724,39,Female,Islamabad,Bronze,Online,2017-12-10
CUST02725,46,Female,Lahore,Bronze,Mobile App,2020-05-18
CUST02726,20,Female,Lahore,Platinum,In-Store,2022-12-24
CUST02727,46,Female,Hyderabad,Silver,In-Store,2018-07-26
CUST02728,50,Female,Islamabad,Silver,In-Store,2024-08-28
CUST02729,45,Female,Karachi,Bronze,In-Store,2015-01-29
CUST02730,36,Female,Karachi,Platinum,In-Store,2025-05-08
CUST02731,44,Female,Peshawar,Bronze,Mobile App,2016-11-28
CUST02732,54,Female,Islamabad,Silver,Online,2024-11-29
CUST02733,37,Male,Karachi,Silver,In-Store,2015-07-05
CUST02734,38,Female,Karachi,Gold,In-Store,2015-04-19
CUST02735,65,Male,Karachi,Gold,Online,2022-08-20
CUST02736,41,Male,Quetta,Bronze,In-Store,2021-09-10
CUST02737,24,Male,Hyderabad,Bronze,In-Store,2022-04-24
CUST02738,49,Female,Hyderabad,Gold,Online,2022-11-26
CUST02739,43,Male,Faisalabad,Bronze,Mobile App,2020-04-15
CUST02740,29,Female,Islamabad,Gold,In-Store,2017-05-24
CUST02741,23,Female,Islamabad,Silver,Online,2022-06-17
CUST02742,41,Male,Sialkot,Bronze,In-Store,2018-05-19
CUST02743,37,Female,Gujranwala,Bronze,Mobile App,2020-07-20
CUST02744,21,Male,Sargodha,Platinum,In-Store,2022-12-13
CUST02745,36,Female,Abbottabad,Bronze,In-Store,2021-04-09
CUST02746,36,Female,Quetta,Silver,In-Store,2025-04-12
CUST02747,37,Male,Lahore,Gold,In-Store,2022-03-07
CUST02748,44,Male,Sargodha,Silver,In-Store,2017-02-26
CUST02749,18,Male,Karachi,Bronze,In-Store,2015-04-11
CUST02750,23,Female,Lahore,Bronze,Online,2023-03-16
CUST02751,31,Female,Hyderabad,Bronze,Online,2025-01-06
CUST02752,55,Male,Faisalabad,Platinum,In-Store,2019-09-07
CUST02753,68,Male,Lahore,Silver,In-Store,2022-09-17
CUST02754,38,Female,Faisalabad,Bronze,In-Store,2018-06-03
CUST02755,38,Female,Sialkot,Bronze,In-Store,2016-06-01
CUST02756,18,Male,Lahore,Silver,In-Store,2018-03-28
CUST02757,49,Male,Faisalabad,Silver,Online,2024-08-24
CUST02758,43,Male,Lahore,Bronze,Online,2024-01-22
CUST02759,41,Male,Islamabad,Bronze,Mobile App,2022-06-11
CUST02760,21,Female,Lahore,Gold,Mobile App,2015-08-22
CUST02761,63,Female,Quetta,Platinum,In-Store,2015-02-14
CUST02762,57,Female,Islamabad,Silver,Online,2023-03-26
CUST02763,41,Female,Faisalabad,Bronze,Online,2015-02-23
CUST02764,50,Male,Gujranwala,Gold,Online,2017-11-13
CUST02765,38,Male,Karachi,Silver,In-Store,2018-07-17
CUST02766,48,Female,Peshawar,Gold,In-Store,2018-06-24
CUST02767,21,Female,Islamabad,Bronze,In-Store,2019-05-01
CUST02768,18,Female,Faisalabad,Gold,In-Store,2022-11-02
CUST02769,21,Male,Quetta,Bronze,Online,2018-01-03
CUST02770,27,Male,Bahawalpur,Silver,Online,2020-05-23
CUST02771,29,Female,Hyderabad,Silver,In-Store,2020-04-26
CUST02772,43,Male,Bahawalpur,Bronze,In-Store,2015-08-20
CUST02773,34,Male,Karachi,Bronze,In-Store,2019-10-01
CUST02774,37,Female,Rawalpindi,Gold,In-Store,2023-09-14
CUST02775,22,Female,Gujranwala,Silver,In-Store,2015-03-26
CUST02776,21,Male,Gujranwala,Silver,In-Store,2020-01-02
CUST02777,38,Female,Rawalpindi,Bronze,In-Store,2023-05-05
CUST02778,30,Male,Lahore,Bronze,Online,2019-04-29
CUST02779,38,Female,Faisalabad,Bronze,In-Store,2022-10-28
CUST02780,45,Female,Sialkot,Bronze,In-Store,2021-02-03
CUST02781,59,Female,Peshawar,Silver,Online,2022-08-09
CUST02782,37,Male,Lahore,Bronze,Online,2022-05-28
CUST02783,61,Female,Karachi,Gold,In-Store,2018-10-21
CUST02784,43,Female,Sukkur,Silver,Online,2025-06-02
CUST02785,46,Male,Rawalpindi,Silver,In-Store,2021-08-13
CUST02786,51,Male,Hyderabad,Bronze,In-Store,2015-09-16
CUST02787,47,Female,Sukkur,Gold,Mobile App,2025-01-09
CUST02788,27,Female,Sargodha,Platinum,Online,2022-06-02
CUST02789,52,Other,Islamabad,Gold,In-Store,2015-04-15
CUST02790,33,Female,Peshawar,Gold,In-Store,2016-09-12
CUST02791,41,Male,Multan,Bronze,In-Store,2015-02-16
CUST02792,39,Male,Lahore,Silver,Online,2015-01-16
CUST02793,52,Female,Rawalpindi,Bronze,In-Store,2024-01-29
CUST02794,43,Female,Rawalpindi,Bronze,In-Store,2024-02-09
CUST02795,19,Male,Lahore,Silver,In-Store,2018-08-03
CUST02796,65,Male,Islamabad,Bronze,Mobile App,2025-06-26
CUST02797,48,Female,Rawalpindi,Silver,In-Store,2015-05-01
CUST02798,30,Male,Gujranwala,Platinum,Mobile App,2018-05-17
CUST02799,23,Male,Hyderabad,Silver,In-Store,2022-08-05
CUST02800,50,Female,Quetta,Bronze,In-Store,2020-01-24
CUST02801,24,Female,Gujranwala,Bronze,Mobile App,2015-12-03
CUST02802,48,Female,Karachi,Silver,In-Store,2021-06-21
CUST02803,51,Female,Faisalabad,Silver,Online,2019-02-20
CUST02804,29,Female,Lahore,Silver,In-Store,2021-08-21
CUST02805,28,Male,Rawalpindi,Platinum,In-Store,2020-05-18
CUST02806,31,Female,Quetta,Platinum,Online,2024-03-03
CUST02807,25,Female,Sargodha,Silver,In-Store,2021-11-26
CUST02808,40,Female,Islamabad,Bronze,Online,2018-10-14
CUST02809,42,Male,Multan,Bronze,In-Store,2015-11-12
CUST02810,47,Female,Karachi,Bronze,Online,2021-09-11
CUST02811,27,Female,Peshawar,Gold,In-Store,2022-03-25
CUST02812,48,Male,Lahore,Gold,In-Store,2015-12-17
CUST02813,25,Female,Rawalpindi,Silver,In-Store,2025-05-20
CUST02814,48,Male,Islamabad,Gold,Mobile App,2024-01-17
CUST02815,18,Male,Karachi,Bronze,Mobile App,2016-11-04
CUST02816,58,Male,Sialkot,Silver,In-Store,2022-04-20
CUST02817,31,Female,Multan,Bronze,In-Store,2024-02-28
CUST02818,45,Male,Gujranwala,Silver,In-Store,2021-08-07
CUST02819,46,Female,Sargodha,Bronze,Online,2016-01-27
CUST02820,21,Male,Rawalpindi,Silver,In-Store,2015-08-19
CUST02821,48,Male,Sialkot,Gold,Mobile App,2017-01-16
CUST02822,30,Male,Islamabad,Bronze,Online,2015-07-21
CUST02823,34,Female,Rawalpindi,Gold,In-Store,2021-04-15
CUST02824,29,Male,Hyderabad,Bronze,Online,2015-12-05
CUST02825,58,Female,Sukkur,Silver,Mobile App,2015-05-24
CUST02826,22,Female,Islamabad,Silver,In-Store,2017-07-18
CUST02827,43,Female,Gujranwala,Bronze,In-Store,2023-04-03
CUST02828,29,Female,Sialkot,Silver,Online,2019-09-16
CUST02829,52,Female,Lahore,Bronze,In-Store,2015-08-20
CUST02830,68,Female,Multan,Silver,In-Store,2019-10-23
CUST02831,29,Male,Faisalabad,Bronze,In-Store,2020-03-25
CUST02832,39,Male,Karachi,Bronze,Online,2016-09-21
CUST02833,32,Female,Faisalabad,Bronze,Mobile App,2024-06-30
CUST02834,51,Female,Abbottabad,Silver,Online,2019-11-19
CUST02835,34,Female,Sialkot,Bronze,In-Store,2015-11-12
CUST02836,49,Female,Lahore,Bronze,In-Store,2020-09-04
CUST02837,32,Female,Lahore,Bronze,Mobile App,2023-01-01
CUST02838,67,Male,Islamabad,Bronze,Online,2016-02-07
CUST02839,18,Male,Karachi,Bronze,In-Store,2024-06-07
CUST02840,42,Male,Karachi,Silver,Online,2016-05-14
CUST02841,37,Female,Quetta,Gold,Online,2016-04-01
CUST02842,37,Female,Faisalabad,Bronze,Online,2023-03-08
CUST02843,41,Male,Quetta,Bronze,In-Store,2017-12-12
CUST02844,38,Male,Quetta,Gold,Online,2025-12-21
CUST02845,40,Female,Karachi,Platinum,In-Store,2019-06-10
CUST02846,43,Female,Sargodha,Platinum,Mobile App,2017-01-17
CUST02847,60,Female,Abbottabad,Silver,Online,2022-08-28
CUST02848,18,Male,Karachi,Bronze,Mobile App,2020-02-07
CUST02849,62,Male,Karachi,Bronze,In-Store,2024-02-13
CUST02850,71,Female,Gujranwala,Bronze,In-Store,2017-01-23
CUST02851,18,Male,Multan,Bronze,Online,2024-09-14
CUST02852,38,Male,Abbottabad,Bronze,In-Store,2015-08-27
CUST02853,55,Female,Lahore,Bronze,In-Store,2025-06-06
CUST02854,49,Female,Gujranwala,Bronze,Online,2016-12-25
CUST02855,59,Male,Faisalabad,Platinum,In-Store,2017-05-26
CUST02856,42,Male,Faisalabad,Bronze,In-Store,2018-12-17
CUST02857,18,Male,Lahore,Bronze,Online,2020-11-22
CUST02858,54,Female,Multan,Bronze,In-Store,2021-01-12
CUST02859,46,Female,Rawalpindi,Silver,Mobile App,2025-09-25
CUST02860,57,Female,Lahore,Bronze,Online,2020-10-05
CUST02861,18,Male,Hyderabad,Silver,Online,2025-10-26
CUST02862,22,Female,Lahore,Silver,In-Store,2019-12-15
CUST02863,38,Male,Lahore,Platinum,In-Store,2016-05-09
CUST02864,55,Female,Karachi,Bronze,Mobile App,2018-12-15
CUST02865,58,Female,Peshawar,Bronze,Online,2024-08-12
CUST02866,28,Male,Lahore,Silver,In-Store,2019-03-19
CUST02867,32,Female,Sargodha,Silver,In-Store,2021-05-30
CUST02868,75,Male,Sialkot,Silver,In-Store,2015-01-09
CUST02869,30,Female,Bahawalpur,Silver,Online,2019-07-05
CUST02870,46,Female,Lahore,Gold,In-Store,2017-06-16
CUST02871,32,Male,Peshawar,Bronze,In-Store,2024-01-16
CUST02872,44,Female,Sukkur,Platinum,Mobile App,2016-11-30
CUST02873,26,Female,Sargodha,Bronze,In-Store,2016-01-21
CUST02874,27,Female,Peshawar,Bronze,In-Store,2021-05-30
CUST02875,33,Male,Sargodha,Bronze,In-Store,2018-05-03
CUST02876,30,Female,Karachi,Gold,Online,2019-12-01
CUST02877,34,Female,Karachi,Silver,In-Store,2021-02-16
CUST02878,44,Male,Rawalpindi,Bronze,Mobile App,2017-05-29
CUST02879,62,Female,Islamabad,Gold,In-Store,2016-01-29
CUST02880,30,Female,Bahawalpur,Platinum,In-Store,2016-06-12
CUST02881,25,Female,Karachi,Silver,In-Store,2025-07-01
CUST02882,38,Female,Islamabad,Bronze,Online,2022-06-08
CUST02883,26,Female,Islamabad,Silver,In-Store,2020-05-17
CUST02884,18,Female,Quetta,Silver,In-Store,2024-11-25
CUST02885,51,Male,Karachi,Bronze,In-Store,2017-02-20
CUST02886,39,Female,Hyderabad,Bronze,In-Store,2017-10-23
CUST02887,40,Male,Sargodha,Silver,In-Store,2016-06-01
CUST02888,18,Female,Rawalpindi,Gold,In-Store,2021-10-05
CUST02889,30,Female,Karachi,Bronze,In-Store,2025-06-09
CUST02890,19,Male,Karachi,Bronze,Online,2016-10-10
CUST02891,37,Male,Lahore,Platinum,In-Store,2025-11-17
CUST02892,39,Female,Karachi,Silver,Online,2017-08-28
CUST02893,39,Male,Faisalabad,Silver,Online,2024-09-17
CUST02894,29,Male,Rawalpindi,Bronze,In-Store,2017-01-06
CUST02895,26,Male,Lahore,Platinum,Mobile App,2015-07-11
CUST02896,35,Female,Hyderabad,Silver,In-Store,2020-12-18
CUST02897,42,Male,Multan,Bronze,Mobile App,2024-02-27
CUST02898,30,Male,Multan,Bronze,Mobile App,2015-06-20
CUST02899,25,Female,Peshawar,Silver,In-Store,2024-01-28
CUST02900,26,Female,Sukkur,Bronze,In-Store,2020-02-12
CUST02901,29,Female,Peshawar,Bronze,In-Store,2023-07-11
CUST02902,32,Male,Karachi,Gold,Online,2024-11-29
CUST02903,23,Female,Islamabad,Gold,In-Store,2015-06-11
CUST02904,32,Male,Faisalabad,Silver,Mobile App,2016-07-15
CUST02905,54,Female,Lahore,Bronze,Mobile App,2017-02-07
CUST02906,34,Male,Sargodha,Bronze,In-Store,2021-07-01
CUST02907,21,Female,Lahore,Silver,In-Store,2021-07-06
CUST02908,18,Female,Sialkot,Bronze,Mobile App,2015-06-17
CUST02909,61,Male,Sargodha,Silver,In-Store,2017-08-21
CUST02910,52,Male,Lahore,Platinum,In-Store,2021-01-20
CUST02911,41,Male,Rawalpindi,Bronze,Online,2019-04-26
CUST02912,53,Male,Lahore,Gold,Online,2023-09-22
CUST02913,44,Female,Gujranwala,Bronze,In-Store,2022-12-29
CUST02914,37,Male,Gujranwala,Bronze,In-Store,2017-02-21
CUST02915,21,Male,Sukkur,Silver,Online,2015-07-04
CUST02916,62,Male,Karachi,Silver,In-Store,2019-03-19
CUST02917,32,Male,Sialkot,Bronze,In-Store,2021-07-31
CUST02918,33,Female,Multan,Silver,In-Store,2019-08-01
CUST02919,38,Male,Rawalpindi,Gold,In-Store,2017-10-31
CUST02920,38,Male,Sukkur,Bronze,In-Store,2024-06-27
CUST02921,45,Male,Sukkur,Gold,Online,2020-01-10
CUST02922,43,Male,Quetta,Silver,Online,2015-06-20
CUST02923,30,Male,Lahore,Platinum,In-Store,2015-05-14
CUST02924,38,Male,Lahore,Gold,In-Store,2018-06-27
CUST02925,45,Male,Karachi,Gold,Online,2020-03-17
CUST02926,29,Male,Lahore,Bronze,In-Store,2016-01-26
CUST02927,56,Female,Sialkot,Silver,Online,2021-09-16
CUST02928,37,Female,Islamabad,Bronze,Mobile App,2022-04-02
CUST02929,58,Female,Lahore,Gold,In-Store,2018-02-25
CUST02930,19,Female,Lahore,Silver,Online,2020-08-23
CUST02931,46,Male,Karachi,Silver,In-Store,2023-11-29
CUST02932,26,Male,Islamabad,Bronze,Online,2020-11-12
CUST02933,29,Female,Karachi,Bronze,Mobile App,2016-06-30
CUST02934,49,Female,Faisalabad,Bronze,Mobile App,2016-12-04
CUST02935,35,Male,Lahore,Silver,In-Store,2020-04-23
CUST02936,71,Female,Lahore,Bronze,Online,2019-01-28
CUST02937,44,Male,Rawalpindi,Bronze,In-Store,2024-03-04
CUST02938,28,Male,Islamabad,Bronze,Online,2024-08-14
CUST02939,44,Female,Islamabad,Platinum,In-Store,2024-02-17
CUST02940,34,Female,Sargodha,Bronze,Online,2021-10-19
CUST02941,48,Female,Karachi,Platinum,In-Store,2021-07-05
CUST02942,34,Female,Sukkur,Bronze,Online,2024-06-23
CUST02943,43,Male,Bahawalpur,Silver,In-Store,2020-05-24
CUST02944,40,Male,Abbottabad,Silver,In-Store,2021-12-07
CUST02945,39,Male,Hyderabad,Bronze,In-Store,2017-10-11
CUST02946,51,Male,Gujranwala,Bronze,In-Store,2021-04-25
CUST02947,18,Female,Lahore,Gold,In-Store,2018-08-16
CUST02948,39,Male,Lahore,Platinum,In-Store,2024-11-19
CUST02949,28,Male,Multan,Gold,In-Store,2020-10-09
CUST02950,20,Female,Faisalabad,Bronze,Mobile App,2020-07-05
CUST02951,27,Male,Quetta,Bronze,In-Store,2022-08-30
CUST02952,29,Male,Karachi,Bronze,Online,2022-11-24
CUST02953,34,Female,Lahore,Platinum,Online,2025-04-01
CUST02954,42,Male,Peshawar,Gold,In-Store,2016-04-23
CUST02955,45,Female,Multan,Silver,In-Store,2024-09-18
CUST02956,32,Male,Islamabad,Silver,Mobile App,2017-01-12
CUST02957,58,Male,Karachi,Gold,Online,2025-09-06
CUST02958,33,Male,Hyderabad,Bronze,In-Store,2020-01-02
CUST02959,18,Male,Hyderabad,Bronze,In-Store,2025-09-17
CUST02960,33,Male,Karachi,Bronze,Online,2018-10-11
CUST02961,38,Female,Sialkot,Platinum,Online,2017-02-26
CUST02962,18,Female,Karachi,Silver,Online,2017-07-27
CUST02963,53,Male,Rawalpindi,Bronze,In-Store,2016-04-17
CUST02964,36,Male,Rawalpindi,Platinum,In-Store,2018-08-18
CUST02965,23,Female,Islamabad,Gold,In-Store,2021-12-30
CUST02966,25,Male,Islamabad,Silver,In-Store,2022-07-09
CUST02967,47,Male,Rawalpindi,Platinum,In-Store,2025-02-12
CUST02968,49,Female,Quetta,Bronze,Online,2022-01-23
CUST02969,29,Female,Islamabad,Gold,Online,2024-09-20
CUST02970,20,Male,Multan,Gold,Online,2016-04-14
CUST02971,39,Male,Islamabad,Silver,In-Store,2019-12-24
CUST02972,42,Female,Abbottabad,Bronze,In-Store,2025-11-01
CUST02973,45,Male,Peshawar,Bronze,In-Store,2018-10-30
CUST02974,30,Female,Hyderabad,Silver,In-Store,2022-09-11
CUST02975,36,Male,Rawalpindi,Bronze,In-Store,2024-03-04
CUST02976,38,Male,Lahore,Bronze,In-Store,2017-06-16
CUST02977,50,Female,Karachi,Gold,In-Store,2019-12-29
CUST02978,55,Male,Gujranwala,Gold,In-Store,2015-12-16
CUST02979,58,Male,Quetta,Bronze,In-Store,2017-01-01
CUST02980,54,Female,Gujranwala,Bronze,In-Store,2024-10-12
CUST02981,61,Female,Peshawar,Bronze,Online,2015-12-16
CUST02982,51,Male,Karachi,Silver,Online,2018-12-28
CUST02983,30,Female,Rawalpindi,Silver,In-Store,2022-02-12
CUST02984,57,Male,Islamabad,Silver,Mobile App,2017-07-13
CUST02985,20,Female,Rawalpindi,Gold,In-Store,2016-11-25
CUST02986,68,Male,Peshawar,Bronze,In-Store,2018-02-06
CUST02987,25,Male,Faisalabad,Platinum,Online,2025-09-03
CUST02988,49,Male,Peshawar,Silver,In-Store,2017-12-13
CUST02989,56,Female,Lahore,Gold,In-Store,2016-06-04
CUST02990,43,Male,Faisalabad,Silver,In-Store,2023-07-15
CUST02991,18,Female,Lahore,Platinum,In-Store,2020-04-04
CUST02992,25,Male,Faisalabad,Bronze,Mobile App,2022-02-03
CUST02993,42,Female,Lahore,Silver,Online,2023-10-29
CUST02994,46,Female,Lahore,Bronze,Mobile App,2018-10-26
CUST02995,35,Male,Sargodha,Bronze,In-Store,2015-10-05
CUST02996,38,Female,Lahore,Gold,In-Store,2018-08-20
CUST02997,18,Male,Multan,Silver,In-Store,2018-06-13
CUST02998,61,Female,Multan,Bronze,Online,2025-07-11
CUST02999,33,Male,Multan,Platinum,In-Store,2020-09-08
CUST03000,48,Male,Quetta,Bronze,In-Store,2022-02-01
CUST03001,56,Female,Multan,Gold,In-Store,2019-01-05
CUST03002,22,Male,Hyderabad,Silver,Mobile App,2022-12-19
CUST03003,39,Male,Karachi,Gold,Online,2015-08-10
CUST03004,41,Male,Karachi,Silver,Online,2018-04-12
CUST03005,34,Female,Faisalabad,Bronze,Online,2019-06-19
CUST03006,50,Female,Islamabad,Bronze,Online,2025-11-22
CUST03007,29,Female,Lahore,Silver,In-Store,2024-04-28
CUST03008,38,Female,Islamabad,Bronze,In-Store,2023-03-19
CUST03009,33,Female,Peshawar,Silver,In-Store,2017-09-30
CUST03010,68,Female,Hyderabad,Bronze,In-Store,2017-08-23
CUST03011,29,Female,Lahore,Silver,Online,2024-10-18
CUST03012,47,Female,Lahore,Silver,In-Store,2025-02-21
CUST03013,61,Female,Karachi,Gold,Online,2020-10-25
CUST03014,26,Male,Abbottabad,Silver,Online,2019-04-11
CUST03015,39,Female,Karachi,Silver,In-Store,2021-04-22
CUST03016,25,Female,Karachi,Silver,In-Store,2015-10-01
CUST03017,18,Male,Islamabad,Bronze,Mobile App,2019-07-31
CUST03018,27,Female,Lahore,Platinum,Online,2019-02-16
CUST03019,30,Female,Peshawar,Bronze,Online,2020-02-19
CUST03020,31,Female,Karachi,Bronze,In-Store,2023-11-29
CUST03021,34,Female,Faisalabad,Bronze,Online,2023-10-07
CUST03022,38,Male,Lahore,Silver,In-Store,2019-10-06
CUST03023,22,Female,Peshawar,Bronze,In-Store,2023-07-09
CUST03024,42,Male,Karachi,Bronze,In-Store,2020-09-23
CUST03025,53,Male,Lahore,Silver,In-Store,2025-08-15
CUST03026,55,Female,Hyderabad,Platinum,Mobile App,2020-04-23
CUST03027,34,Female,Bahawalpur,Bronze,Online,2015-04-25
CUST03028,49,Female,Islamabad,Bronze,In-Store,2025-07-04
CUST03029,29,Female,Multan,Bronze,Online,2020-12-26
CUST03030,33,Female,Peshawar,Silver,In-Store,2015-06-25
CUST03031,43,Female,Sialkot,Bronze,In-Store,2021-12-28
CUST03032,33,Female,Faisalabad,Gold,In-Store,2018-01-09
CUST03033,21,Male,Multan,Silver,In-Store,2015-07-15
CUST03034,48,Other,Gujranwala,Bronze,In-Store,2023-07-26
CUST03035,27,Female,Faisalabad,Bronze,Mobile App,2025-09-24
CUST03036,31,Female,Faisalabad,Bronze,Online,2015-08-30
CUST03037,51,Male,Lahore,Silver,Mobile App,2020-11-19
CUST03038,44,Female,Hyderabad,Silver,In-Store,2018-10-21
CUST03039,40,Male,Rawalpindi,Silver,In-Store,2025-12-06
CUST03040,18,Male,Faisalabad,Bronze,Online,2024-07-19
CUST03041,22,Male,Peshawar,Bronze,Online,2023-04-03
CUST03042,43,Female,Faisalabad,Silver,Online,2016-02-03
CUST03043,46,Female,Rawalpindi,Silver,Online,2017-06-06
CUST03044,41,Female,Rawalpindi,Silver,In-Store,2016-10-23
CUST03045,31,Female,Karachi,Silver,Online,2025-06-18
CUST03046,31,Female,Gujranwala,Bronze,Online,2018-08-04
CUST03047,40,Male,Karachi,Silver,Online,2015-04-23
CUST03048,21,Female,Abbottabad,Bronze,Online,2022-12-05
CUST03049,39,Male,Abbottabad,Bronze,In-Store,2023-02-20
CUST03050,19,Female,Sukkur,Silver,In-Store,2019-01-18
CUST03051,24,Male,Karachi,Silver,Mobile App,2025-08-06
CUST03052,40,Male,Karachi,Silver,Online,2024-02-11
CUST03053,45,Female,Multan,Silver,In-Store,2021-03-03
CUST03054,42,Male,Lahore,Gold,In-Store,2015-01-18
CUST03055,23,Female,Sargodha,Silver,In-Store,2024-10-03
CUST03056,18,Female,Peshawar,Silver,In-Store,2015-09-17
CUST03057,37,Male,Hyderabad,Bronze,In-Store,2019-09-07
CUST03058,18,Female,Abbottabad,Silver,Online,2024-04-01
CUST03059,50,Male,Sargodha,Bronze,In-Store,2019-05-03
CUST03060,23,Female,Karachi,Gold,In-Store,2019-03-22
CUST03061,67,Male,Abbottabad,Bronze,In-Store,2025-05-07
CUST03062,25,Male,Karachi,Gold,In-Store,2020-07-16
CUST03063,44,Female,Sialkot,Silver,In-Store,2025-04-08
CUST03064,28,Female,Sialkot,Gold,In-Store,2024-12-18
CUST03065,35,Male,Lahore,Bronze,Mobile App,2023-07-04
CUST03066,40,Other,Islamabad,Silver,In-Store,2016-06-22
CUST03067,49,Female,Peshawar,Gold,Mobile App,2017-07-10
CUST03068,51,Male,Faisalabad,Bronze,In-Store,2021-11-27
CUST03069,47,Female,Quetta,Bronze,Mobile App,2018-11-09
CUST03070,51,Female,Karachi,Gold,Online,2023-03-18
CUST03071,29,Female,Rawalpindi,Gold,Mobile App,2023-09-14
CUST03072,46,Male,Quetta,Bronze,Mobile App,2020-01-26
CUST03073,33,Female,Karachi,Bronze,In-Store,2020-12-19
CUST03074,50,Female,Peshawar,Silver,In-Store,2017-09-26
CUST03075,39,Female,Faisalabad,Bronze,In-Store,2023-01-01
CUST03076,46,Female,Bahawalpur,Bronze,In-Store,2015-03-21
CUST03077,41,Male,Sargodha,Bronze,In-Store,2016-06-01
CUST03078,47,Female,Peshawar,Platinum,In-Store,2021-04-18
CUST03079,27,Female,Faisalabad,Platinum,In-Store,2015-02-23
CUST03080,18,Male,Faisalabad,Silver,In-Store,2017-01-21
CUST03081,50,Female,Rawalpindi,Silver,Online,2018-02-06
CUST03082,55,Male,Sialkot,Platinum,Online,2017-09-05
CUST03083,36,Female,Islamabad,Silver,Mobile App,2023-04-22
CUST03084,48,Male,Lahore,Bronze,In-Store,2018-09-13
CUST03085,18,Female,Rawalpindi,Bronze,Mobile App,2024-10-20
CUST03086,29,Male,Islamabad,Silver,In-Store,2021-06-10
CUST03087,39,Female,Gujranwala,Platinum,In-Store,2023-07-14
CUST03088,18,Female,Lahore,Bronze,In-Store,2024-09-27
CUST03089,18,Male,Islamabad,Bronze,In-Store,2019-12-29
CUST03090,40,Male,Lahore,Gold,In-Store,2023-03-09
CUST03091,30,Female,Faisalabad,Bronze,Mobile App,2024-01-05
CUST03092,33,Male,Islamabad,Bronze,Online,2021-02-08
CUST03093,32,Female,Multan,Silver,In-Store,2021-04-30
CUST03094,21,Female,Gujranwala,Silver,In-Store,2016-02-13
CUST03095,35,Female,Sialkot,Silver,Online,2020-07-23
CUST03096,37,Male,Lahore,Bronze,In-Store,2017-01-01
CUST03097,30,Male,Faisalabad,Bronze,Mobile App,2019-09-07
CUST03098,31,Female,Islamabad,Silver,In-Store,2017-12-14
CUST03099,35,Male,Peshawar,Silver,In-Store,2022-12-23
CUST03100,48,Female,Sukkur,Gold,In-Store,2021-07-16
CUST03101,36,Female,Hyderabad,Silver,Online,2025-12-15
CUST03102,18,Female,Sukkur,Silver,Online,2022-06-21
CUST03103,22,Male,Islamabad,Bronze,Online,2024-10-10
CUST03104,50,Female,Gujranwala,Bronze,In-Store,2018-03-09
CUST03105,29,Female,Islamabad,Silver,In-Store,2022-10-08
CUST03106,36,Male,Karachi,Bronze,In-Store,2021-02-28
CUST03107,63,Male,Multan,Bronze,Online,2024-04-29
CUST03108,46,Male,Multan,Bronze,In-Store,2023-02-08
CUST03109,18,Male,Sialkot,Gold,In-Store,2023-04-01
CUST03110,56,Female,Hyderabad,Bronze,In-Store,2021-05-03
CUST03111,39,Female,Sukkur,Bronze,In-Store,2023-12-18
CUST03112,42,Female,Quetta,Silver,Online,2025-09-06
CUST03113,41,Other,Multan,Silver,In-Store,2018-05-11
CUST03114,49,Male,Karachi,Bronze,In-Store,2017-03-10
CUST03115,36,Male,Karachi,Silver,In-Store,2016-06-21
CUST03116,18,Male,Karachi,Silver,In-Store,2022-04-27
CUST03117,42,Female,Lahore,Bronze,In-Store,2020-03-29
CUST03118,20,Male,Sukkur,Gold,In-Store,2015-07-15
CUST03119,61,Male,Quetta,Bronze,Online,2020-07-13
CUST03120,33,Male,Peshawar,Gold,In-Store,2015-09-26
CUST03121,37,Female,Karachi,Bronze,In-Store,2019-10-19
CUST03122,29,Male,Peshawar,Bronze,In-Store,2015-01-14
CUST03123,42,Male,Quetta,Silver,In-Store,2016-11-19
CUST03124,43,Female,Islamabad,Silver,In-Store,2018-06-29
CUST03125,29,Male,Lahore,Bronze,In-Store,2025-01-03
CUST03126,43,Female,Peshawar,Platinum,In-Store,2015-04-29
CUST03127,38,Female,Karachi,Bronze,Online,2017-07-02
CUST03128,36,Female,Multan,Silver,In-Store,2024-07-08
CUST03129,28,Female,Abbottabad,Bronze,In-Store,2025-09-10
CUST03130,68,Male,Karachi,Bronze,Online,2020-07-17
CUST03131,53,Female,Lahore,Gold,Mobile App,2025-08-05
CUST03132,47,Female,Faisalabad,Bronze,Online,2022-10-28
CUST03133,52,Female,Karachi,Silver,In-Store,2019-01-06
CUST03134,41,Male,Quetta,Gold,Online,2022-09-03
CUST03135,33,Male,Karachi,Bronze,In-Store,2023-11-24
CUST03136,18,Female,Lahore,Silver,Online,2024-10-20
CUST03137,22,Female,Faisalabad,Bronze,Online,2019-08-10
CUST03138,66,Female,Gujranwala,Gold,In-Store,2016-02-17
CUST03139,53,Male,Islamabad,Bronze,In-Store,2022-09-13
CUST03140,40,Male,Karachi,Platinum,In-Store,2015-06-25
CUST03141,18,Female,Islamabad,Bronze,In-Store,2021-03-15
CUST03142,46,Male,Karachi,Bronze,In-Store,2022-11-04
CUST03143,34,Female,Lahore,Silver,Online,2020-10-15
CUST03144,47,Other,Rawalpindi,Bronze,In-Store,2024-01-14
CUST03145,23,Male,Sukkur,Bronze,Online,2023-12-19
CUST03146,31,Male,Sukkur,Silver,Online,2015-02-17
CUST03147,49,Male,Quetta,Bronze,Online,2022-10-03
CUST03148,63,Male,Hyderabad,Silver,Online,2020-12-14
CUST03149,29,Female,Faisalabad,Silver,In-Store,2019-03-18
CUST03150,25,Female,Sargodha,Platinum,In-Store,2019-05-23
CUST03151,51,Female,Hyderabad,Bronze,In-Store,2024-05-20
CUST03152,21,Male,Peshawar,Silver,Online,2025-01-09
CUST03153,22,Female,Lahore,Gold,In-Store,2021-12-07
CUST03154,41,Male,Sialkot,Silver,In-Store,2022-09-04
CUST03155,65,Male,Sukkur,Bronze,In-Store,2020-05-07
CUST03156,26,Female,Rawalpindi,Bronze,In-Store,2025-10-16
CUST03157,33,Female,Islamabad,Bronze,In-Store,2022-11-13
CUST03158,39,Male,Islamabad,Bronze,In-Store,2018-11-14
CUST03159,31,Male,Sialkot,Silver,In-Store,2024-06-30
CUST03160,18,Female,Sargodha,Silver,In-Store,2016-07-21
CUST03161,48,Female,Islamabad,Bronze,In-Store,2015-10-11
CUST03162,40,Male,Karachi,Platinum,In-Store,2023-03-16
CUST03163,42,Female,Karachi,Silver,Online,2022-06-02
CUST03164,36,Male,Hyderabad,Platinum,Mobile App,2023-04-05
CUST03165,57,Male,Islamabad,Bronze,In-Store,2016-03-30
CUST03166,31,Male,Gujranwala,Silver,Mobile App,2019-08-18
CUST03167,23,Male,Karachi,Bronze,In-Store,2022-07-19
CUST03168,59,Male,Karachi,Platinum,In-Store,2017-02-04
CUST03169,18,Male,Islamabad,Bronze,Online,2023-04-25
CUST03170,36,Female,Islamabad,Bronze,In-Store,2015-11-10
CUST03171,37,Male,Abbottabad,Silver,In-Store,2020-07-16
CUST03172,36,Male,Lahore,Bronze,Online,2022-01-17
CUST03173,18,Female,Sialkot,Gold,Online,2024-01-08
CUST03174,22,Male,Bahawalpur,Bronze,In-Store,2017-03-09
CUST03175,50,Female,Sialkot,Bronze,In-Store,2024-03-25
CUST03176,56,Male,Abbottabad,Bronze,Online,2015-10-28
CUST03177,32,Female,Lahore,Bronze,Online,2019-12-01
CUST03178,25,Female,Peshawar,Gold,Online,2022-01-03
CUST03179,18,Male,Faisalabad,Platinum,Mobile App,2019-05-03
CUST03180,50,Female,Sukkur,Platinum,Mobile App,2021-11-12
CUST03181,50,Female,Sialkot,Platinum,In-Store,2016-11-02
CUST03182,18,Female,Sialkot,Bronze,In-Store,2020-11-01
CUST03183,18,Male,Islamabad,Silver,Online,2025-04-14
CUST03184,39,Male,Peshawar,Bronze,In-Store,2023-04-27
CUST03185,41,Female,Sukkur,Gold,In-Store,2024-12-30
CUST03186,31,Male,Lahore,Platinum,In-Store,2018-12-06
CUST03187,37,Female,Karachi,Bronze,Online,2016-12-06
CUST03188,34,Male,Islamabad,Silver,In-Store,2020-09-09
CUST03189,38,Male,Hyderabad,Silver,In-Store,2015-07-15
CUST03190,26,Male,Rawalpindi,Platinum,In-Store,2025-06-29
CUST03191,37,Male,Lahore,Gold,Online,2022-02-20
CUST03192,29,Female,Bahawalpur,Gold,In-Store,2017-12-17
CUST03193,28,Male,Karachi,Gold,Online,2019-02-22
CUST03194,18,Female,Gujranwala,Platinum,Online,2016-05-20
CUST03195,35,Female,Gujranwala,Platinum,In-Store,2024-08-18
CUST03196,48,Female,Faisalabad,Bronze,In-Store,2019-03-22
CUST03197,33,Female,Lahore,Platinum,In-Store,2025-02-24
CUST03198,33,Female,Rawalpindi,Silver,Online,2020-07-16
CUST03199,54,Female,Islamabad,Bronze,In-Store,2016-07-05
CUST03200,51,Female,Karachi,Silver,In-Store,2023-11-09
CUST03201,60,Male,Multan,Silver,In-Store,2017-04-21
CUST03202,67,Female,Lahore,Silver,In-Store,2020-05-10
CUST03203,38,Male,Abbottabad,Bronze,Mobile App,2015-08-16
CUST03204,22,Male,Multan,Silver,In-Store,2022-03-31
CUST03205,31,Male,Karachi,Silver,In-Store,2024-03-04
CUST03206,45,Female,Multan,Bronze,In-Store,2021-08-05
CUST03207,56,Female,Islamabad,Gold,Mobile App,2021-10-27
CUST03208,24,Female,Lahore,Silver,In-Store,2019-12-22
CUST03209,41,Male,Lahore,Gold,In-Store,2025-05-27
CUST03210,27,Male,Lahore,Silver,In-Store,2023-10-13
CUST03211,36,Male,Multan,Platinum,Online,2017-06-29
CUST03212,35,Male,Lahore,Gold,Mobile App,2016-04-22
CUST03213,42,Male,Karachi,Silver,Mobile App,2021-06-22
CUST03214,64,Male,Gujranwala,Bronze,In-Store,2023-04-13
CUST03215,44,Other,Lahore,Silver,Online,2019-04-24
CUST03216,32,Female,Lahore,Silver,In-Store,2021-11-20
CUST03217,30,Male,Rawalpindi,Silver,In-Store,2021-02-03
CUST03218,35,Male,Gujranwala,Gold,Online,2025-05-26
CUST03219,26,Female,Multan,Platinum,Mobile App,2018-03-18
CUST03220,39,Female,Karachi,Silver,In-Store,2018-03-09
CUST03221,18,Female,Rawalpindi,Bronze,In-Store,2022-04-25
CUST03222,35,Female,Sialkot,Gold,In-Store,2016-11-18
CUST03223,36,Male,Karachi,Bronze,Online,2023-07-03
CUST03224,22,Male,Karachi,Silver,Mobile App,2018-03-12
CUST03225,33,Male,Quetta,Bronze,Online,2019-12-23
CUST03226,52,Female,Faisalabad,Bronze,In-Store,2017-08-31
CUST03227,53,Female,Lahore,Silver,Online,2022-10-30
CUST03228,31,Male,Peshawar,Gold,In-Store,2024-06-24
CUST03229,44,Female,Karachi,Gold,Online,2022-08-18
CUST03230,18,Female,Rawalpindi,Silver,Online,2022-01-24
CUST03231,34,Female,Gujranwala,Gold,In-Store,2025-10-28
CUST03232,41,Female,Lahore,Silver,In-Store,2020-08-02
CUST03233,57,Female,Multan,Silver,In-Store,2017-10-22
CUST03234,53,Female,Islamabad,Bronze,In-Store,2023-03-20
CUST03235,40,Female,Sukkur,Silver,In-Store,2019-08-19
CUST03236,26,Female,Peshawar,Gold,Online,2015-09-05
CUST03237,55,Male,Islamabad,Silver,In-Store,2021-08-18
CUST03238,33,Female,Faisalabad,Gold,Online,2019-03-01
CUST03239,43,Female,Faisalabad,Platinum,Online,2015-01-27
CUST03240,36,Female,Abbottabad,Platinum,In-Store,2018-10-26
CUST03241,63,Male,Sialkot,Platinum,Online,2022-12-14
CUST03242,30,Male,Quetta,Gold,Mobile App,2025-02-17
CUST03243,49,Male,Abbottabad,Platinum,In-Store,2025-02-03
CUST03244,36,Female,Karachi,Silver,In-Store,2018-08-01
CUST03245,45,Male,Rawalpindi,Bronze,In-Store,2024-09-18
CUST03246,59,Male,Sargodha,Gold,Online,2018-04-23
CUST03247,18,Female,Hyderabad,Bronze,Online,2015-11-29
CUST03248,37,Female,Lahore,Silver,Online,2025-05-06
CUST03249,26,Female,Rawalpindi,Platinum,Online,2019-07-26
CUST03250,43,Male,Lahore,Gold,In-Store,2024-02-05
CUST03251,46,Female,Quetta,Bronze,In-Store,2024-07-24
CUST03252,31,Male,Multan,Bronze,In-Store,2023-02-17
CUST03253,31,Male,Multan,Silver,Mobile App,2019-03-18
CUST03254,40,Female,Bahawalpur,Gold,In-Store,2015-08-13
CUST03255,21,Male,Karachi,Gold,In-Store,2024-02-13
CUST03256,42,Male,Sargodha,Gold,Online,2017-09-22
CUST03257,27,Male,Rawalpindi,Bronze,Online,2025-01-18
CUST03258,47,Female,Karachi,Gold,In-Store,2017-03-06
CUST03259,20,Female,Bahawalpur,Silver,In-Store,2015-12-02
CUST03260,30,Female,Bahawalpur,Silver,Mobile App,2024-05-05
CUST03261,28,Male,Sargodha,Platinum,In-Store,2016-02-20
CUST03262,34,Male,Hyderabad,Silver,Mobile App,2025-04-14
CUST03263,55,Other,Lahore,Bronze,Mobile App,2017-03-26
CUST03264,48,Male,Lahore,Bronze,In-Store,2022-06-14
CUST03265,31,Female,Islamabad,Silver,Online,2018-08-22
CUST03266,31,Male,Lahore,Silver,Mobile App,2024-05-27
CUST03267,49,Male,Bahawalpur,Platinum,In-Store,2017-12-02
CUST03268,22,Female,Faisalabad,Silver,In-Store,2020-04-08
CUST03269,38,Male,Lahore,Silver,In-Store,2022-02-07
CUST03270,30,Female,Sialkot,Gold,Online,2016-06-28
CUST03271,35,Male,Multan,Gold,Online,2019-04-28
CUST03272,48,Male,Islamabad,Platinum,In-Store,2023-02-16
CUST03273,29,Female,Bahawalpur,Silver,Online,2025-12-13
CUST03274,50,Female,Faisalabad,Platinum,Online,2024-09-18
CUST03275,66,Female,Multan,Silver,In-Store,2025-09-30
CUST03276,45,Female,Karachi,Bronze,In-Store,2024-07-09
CUST03277,36,Other,Multan,Bronze,In-Store,2023-01-17
CUST03278,53,Male,Rawalpindi,Silver,In-Store,2017-04-04
CUST03279,23,Male,Sialkot,Gold,Online,2016-12-01
CUST03280,57,Male,Karachi,Bronze,Mobile App,2025-07-25
CUST03281,28,Female,Islamabad,Silver,Online,2016-05-03
CUST03282,66,Male,Karachi,Bronze,In-Store,2019-11-11
CUST03283,28,Male,Bahawalpur,Bronze,In-Store,2016-12-10
CUST03284,46,Male,Rawalpindi,Bronze,In-Store,2020-06-08
CUST03285,18,Male,Karachi,Platinum,In-Store,2018-08-19
CUST03286,35,Male,Sialkot,Platinum,In-Store,2020-06-12
CUST03287,23,Male,Sukkur,Gold,Online,2024-05-06
CUST03288,19,Male,Sialkot,Bronze,In-Store,2017-06-22
CUST03289,53,Male,Hyderabad,Platinum,In-Store,2025-07-17
CUST03290,22,Male,Hyderabad,Bronze,In-Store,2020-05-27
CUST03291,28,Male,Abbottabad,Bronze,In-Store,2018-12-30
CUST03292,26,Male,Islamabad,Bronze,In-Store,2021-05-16
CUST03293,52,Female,Islamabad,Bronze,In-Store,2023-10-27
CUST03294,51,Female,Karachi,Bronze,Online,2025-04-16
CUST03295,54,Male,Hyderabad,Bronze,In-Store,2017-05-17
CUST03296,27,Male,Bahawalpur,Bronze,Online,2025-07-25
CUST03297,55,Male,Lahore,Gold,Mobile App,2022-04-07
CUST03298,27,Female,Multan,Platinum,Online,2017-06-17
CUST03299,28,Female,Lahore,Platinum,Online,2016-02-13
CUST03300,28,Female,Hyderabad,Gold,Mobile App,2016-07-10
CUST03301,29,Female,Karachi,Silver,In-Store,2015-12-15
CUST03302,36,Male,Quetta,Silver,Mobile App,2017-04-26
CUST03303,27,Female,Faisalabad,Platinum,In-Store,2023-08-03
CUST03304,41,Female,Lahore,Bronze,In-Store,2018-05-21
CUST03305,18,Male,Bahawalpur,Gold,In-Store,2018-10-08
CUST03306,40,Female,Rawalpindi,Bronze,Mobile App,2020-12-11
CUST03307,23,Male,Faisalabad,Bronze,In-Store,2017-03-10
CUST03308,29,Female,Karachi,Silver,In-Store,2019-12-22
CUST03309,29,Male,Rawalpindi,Gold,In-Store,2019-03-31
CUST03310,50,Male,Karachi,Platinum,In-Store,2015-02-07
CUST03311,44,Male,Faisalabad,Bronze,Mobile App,2024-02-17
CUST03312,35,Male,Multan,Bronze,Online,2015-07-16
CUST03313,28,Male,Lahore,Gold,In-Store,2023-04-22
CUST03314,48,Male,Sargodha,Silver,In-Store,2023-01-10
CUST03315,61,Male,Lahore,Bronze,Mobile App,2019-02-09
CUST03316,37,Female,Peshawar,Silver,In-Store,2024-01-21
CUST03317,18,Female,Abbottabad,Gold,In-Store,2020-11-24
CUST03318,28,Male,Gujranwala,Gold,In-Store,2023-08-28
CUST03319,45,Male,Sialkot,Gold,In-Store,2023-10-02
CUST03320,32,Female,Karachi,Bronze,Mobile App,2015-01-20
CUST03321,26,Male,Faisalabad,Bronze,Online,2022-06-02
CUST03322,26,Male,Sialkot,Bronze,In-Store,2020-02-02
CUST03323,39,Male,Peshawar,Bronze,Online,2016-08-10
CUST03324,18,Male,Multan,Silver,Online,2025-04-14
CUST03325,37,Male,Bahawalpur,Silver,In-Store,2018-08-30
CUST03326,39,Female,Faisalabad,Bronze,In-Store,2025-12-08
CUST03327,32,Female,Hyderabad,Silver,In-Store,2021-01-11
CUST03328,24,Other,Sukkur,Bronze,Online,2025-10-12
CUST03329,51,Female,Gujranwala,Platinum,Mobile App,2022-04-20
CUST03330,20,Male,Karachi,Silver,Mobile App,2024-08-28
CUST03331,40,Female,Sialkot,Silver,Online,2016-01-10
CUST03332,47,Female,Gujranwala,Bronze,In-Store,2022-01-10
CUST03333,40,Female,Peshawar,Bronze,In-Store,2023-02-25
CUST03334,54,Female,Islamabad,Gold,Mobile App,2024-08-17
CUST03335,23,Male,Lahore,Silver,Online,2025-10-22
CUST03336,27,Female,Peshawar,Bronze,Online,2025-01-05
CUST03337,32,Male,Quetta,Bronze,In-Store,2020-09-14
CUST03338,80,Male,Bahawalpur,Platinum,In-Store,2021-05-13
CUST03339,44,Male,Islamabad,Bronze,Online,2025-12-09
CUST03340,47,Male,Lahore,Bronze,In-Store,2016-06-24
CUST03341,46,Male,Sialkot,Gold,In-Store,2019-12-21
CUST03342,39,Female,Abbottabad,Platinum,In-Store,2016-12-04
CUST03343,51,Female,Lahore,Gold,In-Store,2021-03-14
CUST03344,18,Female,Lahore,Bronze,Mobile App,2022-07-16
CUST03345,41,Female,Sukkur,Gold,Online,2015-05-02
CUST03346,43,Male,Lahore,Bronze,Mobile App,2021-12-31
CUST03347,51,Female,Rawalpindi,Silver,In-Store,2024-09-16
CUST03348,22,Female,Abbottabad,Bronze,In-Store,2019-08-06
CUST03349,23,Male,Gujranwala,Bronze,In-Store,2025-02-20
CUST03350,24,Male,Lahore,Silver,In-Store,2016-03-23
CUST03351,44,Female,Sargodha,Bronze,Online,2015-07-06
CUST03352,44,Female,Hyderabad,Gold,In-Store,2017-06-02
CUST03353,25,Male,Abbottabad,Silver,In-Store,2024-11-20
CUST03354,62,Female,Islamabad,Silver,In-Store,2025-12-22
CUST03355,41,Female,Peshawar,Silver,Mobile App,2017-02-06
CUST03356,39,Female,Islamabad,Gold,Online,2015-02-04
CUST03357,35,Female,Rawalpindi,Silver,Online,2022-08-01
CUST03358,50,Male,Peshawar,Gold,Online,2024-02-24
CUST03359,43,Female,Rawalpindi,Bronze,Online,2019-04-25
CUST03360,62,Female,Rawalpindi,Silver,Online,2021-10-01
CUST03361,22,Male,Faisalabad,Silver,In-Store,2024-07-08
CUST03362,18,Female,Karachi,Bronze,In-Store,2015-06-16
CUST03363,28,Female,Abbottabad,Bronze,Online,2024-08-29
CUST03364,45,Male,Gujranwala,Silver,In-Store,2019-09-02
CUST03365,32,Female,Rawalpindi,Silver,In-Store,2025-03-05
CUST03366,54,Male,Sialkot,Gold,Mobile App,2023-12-18
CUST03367,32,Male,Abbottabad,Gold,Online,2016-07-28
CUST03368,52,Female,Faisalabad,Silver,Online,2021-10-15
CUST03369,27,Female,Quetta,Silver,Online,2018-01-30
CUST03370,53,Female,Karachi,Bronze,In-Store,2025-03-08
CUST03371,55,Male,Sargodha,Platinum,Mobile App,2025-08-03
CUST03372,30,Female,Lahore,Silver,In-Store,2025-07-31
CUST03373,44,Male,Gujranwala,Bronze,In-Store,2017-11-04
CUST03374,41,Female,Faisalabad,Gold,In-Store,2024-02-05
CUST03375,44,Female,Peshawar,Silver,Mobile App,2016-03-06
CUST03376,54,Female,Multan,Silver,In-Store,2022-12-25
CUST03377,50,Female,Rawalpindi,Platinum,In-Store,2016-03-23
CUST03378,44,Male,Sargodha,Silver,Mobile App,2016-03-11
CUST03379,46,Female,Islamabad,Platinum,In-Store,2025-05-01
CUST03380,21,Male,Lahore,Silver,Online,2023-06-03
CUST03381,37,Male,Sukkur,Gold,In-Store,2015-08-14
CUST03382,23,Male,Lahore,Silver,In-Store,2022-01-03
CUST03383,37,Female,Karachi,Silver,In-Store,2023-07-22
CUST03384,52,Female,Karachi,Silver,In-Store,2019-03-04
CUST03385,37,Female,Islamabad,Silver,Online,2023-11-11
CUST03386,18,Female,Sukkur,Bronze,Mobile App,2023-08-31
CUST03387,24,Female,Peshawar,Silver,In-Store,2018-08-20
CUST03388,45,Female,Karachi,Silver,Online,2019-11-18
CUST03389,30,Female,Faisalabad,Gold,Mobile App,2018-07-17
CUST03390,48,Male,Multan,Bronze,In-Store,2022-09-24
CUST03391,22,Female,Gujranwala,Bronze,Mobile App,2024-02-07
CUST03392,42,Female,Faisalabad,Silver,In-Store,2022-10-20
CUST03393,43,Female,Islamabad,Silver,In-Store,2019-04-30
CUST03394,48,Female,Abbottabad,Bronze,Online,2023-05-18
CUST03395,29,Female,Lahore,Bronze,In-Store,2025-01-06
CUST03396,48,Female,Sargodha,Silver,In-Store,2018-10-28
CUST03397,57,Male,Lahore,Silver,In-Store,2024-12-25
CUST03398,18,Female,Faisalabad,Bronze,In-Store,2017-01-10
CUST03399,38,Female,Karachi,Platinum,In-Store,2024-11-28
CUST03400,18,Female,Sukkur,Bronze,Online,2023-01-03
CUST03401,26,Male,Faisalabad,Gold,In-Store,2021-06-23
CUST03402,27,Male,Sukkur,Bronze,Online,2019-05-16
CUST03403,37,Male,Gujranwala,Bronze,Mobile App,2023-02-28
CUST03404,42,Male,Lahore,Silver,Mobile App,2025-09-17
CUST03405,49,Male,Karachi,Gold,Online,2024-08-31
CUST03406,41,Female,Bahawalpur,Bronze,Online,2025-12-20
CUST03407,46,Male,Faisalabad,Silver,Mobile App,2025-11-28
CUST03408,23,Male,Hyderabad,Silver,In-Store,2025-05-24
CUST03409,51,Male,Peshawar,Silver,Online,2021-03-20
CUST03410,18,Female,Sialkot,Silver,Online,2020-03-04
CUST03411,57,Female,Rawalpindi,Gold,Online,2019-05-14
CUST03412,55,Male,Quetta,Bronze,In-Store,2025-05-26
CUST03413,47,Male,Bahawalpur,Gold,In-Store,2019-05-17
CUST03414,66,Male,Quetta,Platinum,Mobile App,2015-06-01
CUST03415,18,Female,Bahawalpur,Bronze,In-Store,2017-03-04
CUST03416,48,Female,Lahore,Gold,Mobile App,2022-02-09
CUST03417,39,Female,Gujranwala,Silver,Online,2021-06-28
CUST03418,41,Female,Faisalabad,Bronze,In-Store,2025-10-03
CUST03419,22,Female,Karachi,Silver,Online,2025-08-13
CUST03420,43,Male,Peshawar,Gold,Mobile App,2015-02-18
CUST03421,42,Male,Multan,Silver,In-Store,2023-12-28
CUST03422,29,Male,Abbottabad,Bronze,Online,2023-05-16
CUST03423,37,Male,Peshawar,Platinum,Mobile App,2024-05-02
CUST03424,20,Male,Karachi,Bronze,In-Store,2021-07-13
CUST03425,32,Male,Abbottabad,Bronze,Mobile App,2021-12-25
CUST03426,50,Male,Islamabad,Bronze,In-Store,2015-10-01
CUST03427,50,Male,Quetta,Platinum,Online,2020-11-08
CUST03428,47,Female,Multan,Bronze,In-Store,2017-04-29
CUST03429,50,Female,Islamabad,Gold,In-Store,2017-04-15
CUST03430,50,Male,Rawalpindi,Gold,In-Store,2016-06-28
CUST03431,29,Male,Peshawar,Bronze,Mobile App,2020-09-29
CUST03432,42,Female,Sukkur,Gold,Online,2023-03-07
CUST03433,52,Female,Sargodha,Silver,Mobile App,2015-12-21
CUST03434,20,Male,Abbottabad,Silver,Mobile App,2023-08-10
CUST03435,19,Female,Karachi,Silver,Online,2025-08-20
CUST03436,19,Female,Lahore,Bronze,In-Store,2025-09-15
CUST03437,18,Female,Lahore,Bronze,Mobile App,2022-06-08
CUST03438,24,Female,Abbottabad,Bronze,In-Store,2023-07-05
CUST03439,31,Male,Karachi,Bronze,Mobile App,2015-07-30
CUST03440,57,Male,Quetta,Silver,Online,2023-08-10
CUST03441,32,Female,Sargodha,Bronze,Online,2021-10-17
CUST03442,18,Female,Multan,Bronze,Online,2019-10-31
CUST03443,40,Female,Karachi,Silver,In-Store,2024-05-11
CUST03444,35,Male,Karachi,Silver,Online,2016-09-11
CUST03445,27,Male,Quetta,Gold,In-Store,2022-10-05
CUST03446,30,Male,Islamabad,Bronze,Mobile App,2019-08-28
CUST03447,51,Other,Faisalabad,Gold,In-Store,2024-01-14
CUST03448,19,Male,Karachi,Bronze,Online,2016-02-28
CUST03449,18,Male,Sukkur,Gold,Online,2016-09-22
CUST03450,44,Female,Bahawalpur,Platinum,Online,2024-04-26
CUST03451,30,Male,Multan,Bronze,Online,2021-09-28
CUST03452,58,Male,Rawalpindi,Silver,In-Store,2019-11-23
CUST03453,35,Male,Islamabad,Bronze,Online,2022-12-04
CUST03454,36,Female,Lahore,Silver,In-Store,2023-09-26
CUST03455,48,Male,Sargodha,Silver,Online,2020-06-12
CUST03456,18,Male,Faisalabad,Gold,In-Store,2025-06-25
CUST03457,42,Female,Karachi,Gold,Online,2024-10-05
CUST03458,33,Female,Gujranwala,Silver,Online,2018-11-20
CUST03459,51,Female,Abbottabad,Bronze,Online,2020-03-26
CUST03460,29,Female,Lahore,Bronze,In-Store,2017-04-13
CUST03461,40,Female,Peshawar,Silver,Online,2017-04-14
CUST03462,33,Female,Abbottabad,Platinum,In-Store,2017-09-12
CUST03463,43,Male,Karachi,Silver,In-Store,2015-04-03
CUST03464,34,Male,Gujranwala,Bronze,In-Store,2023-03-06
CUST03465,41,Female,Faisalabad,Platinum,In-Store,2016-04-29
CUST03466,60,Male,Peshawar,Gold,In-Store,2017-08-27
CUST03467,34,Male,Lahore,Silver,In-Store,2019-08-26
CUST03468,43,Male,Lahore,Silver,Online,2018-09-07
CUST03469,67,Female,Faisalabad,Bronze,Online,2023-10-09
CUST03470,43,Female,Lahore,Platinum,In-Store,2021-09-18
CUST03471,18,Male,Multan,Bronze,Mobile App,2015-11-30
CUST03472,29,Male,Karachi,Gold,In-Store,2019-11-27
CUST03473,22,Male,Sialkot,Silver,Online,2023-03-14
CUST03474,49,Male,Lahore,Gold,Online,2017-05-05
CUST03475,36,Male,Quetta,Bronze,Online,2016-05-13
CUST03476,51,Male,Lahore,Silver,In-Store,2020-04-23
CUST03477,45,Female,Gujranwala,Silver,Mobile App,2020-03-22
CUST03478,45,Female,Karachi,Silver,Online,2019-11-22
CUST03479,22,Male,Lahore,Silver,In-Store,2021-12-13
CUST03480,44,Male,Islamabad,Platinum,Online,2022-03-15
CUST03481,55,Female,Sialkot,Silver,In-Store,2018-11-01
CUST03482,19,Male,Karachi,Bronze,In-Store,2019-06-12
CUST03483,33,Male,Sialkot,Silver,In-Store,2024-04-20
CUST03484,42,Male,Lahore,Platinum,In-Store,2023-11-24
CUST03485,39,Female,Abbottabad,Bronze,In-Store,2016-11-11
CUST03486,56,Male,Lahore,Bronze,In-Store,2017-08-06
CUST03487,47,Male,Karachi,Bronze,Online,2021-05-29
CUST03488,43,Female,Peshawar,Bronze,In-Store,2020-07-23
CUST03489,48,Male,Lahore,Silver,Online,2021-10-28
CUST03490,47,Female,Faisalabad,Bronze,Online,2023-10-26
CUST03491,38,Female,Sialkot,Bronze,Mobile App,2018-12-16
CUST03492,33,Male,Gujranwala,Bronze,In-Store,2017-12-14
CUST03493,50,Male,Lahore,Silver,Online,2015-01-07
CUST03494,28,Female,Lahore,Silver,Online,2017-08-08
CUST03495,37,Male,Lahore,Silver,Online,2025-08-10
CUST03496,22,Male,Islamabad,Gold,In-Store,2021-04-21
CUST03497,47,Male,Sialkot,Gold,Online,2024-08-19
CUST03498,54,Other,Faisalabad,Bronze,Online,2020-12-05
CUST03499,25,Female,Sukkur,Silver,Online,2025-04-16
CUST03500,35,Female,Quetta,Bronze,In-Store,2025-06-23
CUST03501,31,Male,Multan,Silver,Online,2018-08-10
CUST03502,51,Male,Faisalabad,Platinum,Online,2023-11-09
CUST03503,56,Male,Rawalpindi,Gold,Online,2016-05-19
CUST03504,31,Male,Islamabad,Silver,In-Store,2018-05-19
CUST03505,18,Female,Lahore,Bronze,In-Store,2019-09-16
CUST03506,52,Female,Lahore,Bronze,Online,2016-07-24
CUST03507,38,Male,Bahawalpur,Silver,Mobile App,2015-08-14
CUST03508,38,Female,Hyderabad,Bronze,Mobile App,2017-10-05
CUST03509,50,Male,Karachi,Silver,Online,2018-08-30
CUST03510,33,Female,Lahore,Bronze,Online,2019-06-14
CUST03511,29,Male,Gujranwala,Bronze,In-Store,2021-04-10
CUST03512,33,Male,Multan,Gold,In-Store,2015-12-29
CUST03513,44,Male,Karachi,Silver,In-Store,2022-04-07
CUST03514,49,Male,Gujranwala,Bronze,Mobile App,2017-12-09
CUST03515,59,Female,Sialkot,Gold,In-Store,2023-12-25
CUST03516,43,Female,Lahore,Silver,In-Store,2023-10-29
CUST03517,36,Female,Sialkot,Gold,Mobile App,2021-08-01
CUST03518,49,Female,Sukkur,Gold,In-Store,2021-05-09
CUST03519,25,Male,Peshawar,Gold,In-Store,2019-02-02
CUST03520,56,Male,Sialkot,Platinum,Online,2015-06-05
CUST03521,40,Male,Karachi,Bronze,In-Store,2021-07-08
CUST03522,35,Male,Faisalabad,Bronze,Online,2015-02-06
CUST03523,25,Male,Sialkot,Gold,In-Store,2024-05-13
CUST03524,46,Female,Rawalpindi,Gold,In-Store,2019-03-26
CUST03525,34,Female,Islamabad,Silver,Mobile App,2021-01-15
CUST03526,36,Male,Faisalabad,Silver,In-Store,2015-06-19
CUST03527,18,Male,Peshawar,Bronze,Online,2018-09-19
CUST03528,32,Female,Gujranwala,Bronze,Mobile App,2018-05-19
CUST03529,30,Female,Gujranwala,Bronze,In-Store,2021-03-07
CUST03530,43,Male,Quetta,Bronze,In-Store,2017-07-13
CUST03531,34,Male,Abbottabad,Silver,Online,2017-12-01
CUST03532,18,Female,Faisalabad,Silver,Online,2020-04-25
CUST03533,32,Female,Rawalpindi,Gold,In-Store,2021-04-09
CUST03534,19,Female,Islamabad,Bronze,Online,2021-02-10
CUST03535,24,Male,Karachi,Gold,Online,2018-08-15
CUST03536,51,Female,Lahore,Bronze,In-Store,2022-07-10
CUST03537,18,Female,Islamabad,Bronze,In-Store,2016-06-06
CUST03538,41,Male,Faisalabad,Silver,Online,2019-08-30
CUST03539,31,Male,Abbottabad,Silver,In-Store,2025-09-23
CUST03540,28,Female,Sialkot,Gold,In-Store,2021-08-07
CUST03541,25,Male,Sukkur,Silver,In-Store,2016-08-19
CUST03542,42,Male,Lahore,Platinum,In-Store,2021-10-13
CUST03543,43,Male,Karachi,Silver,In-Store,2023-12-16
CUST03544,18,Male,Karachi,Bronze,Online,2018-08-22
CUST03545,52,Female,Faisalabad,Silver,Mobile App,2017-02-16
CUST03546,22,Male,Karachi,Gold,Online,2018-03-21
CUST03547,43,Male,Lahore,Silver,In-Store,2023-04-18
CUST03548,22,Female,Lahore,Bronze,Online,2022-05-04
CUST03549,32,Female,Quetta,Silver,Online,2022-02-16
CUST03550,21,Male,Sargodha,Silver,In-Store,2017-06-26
CUST03551,31,Male,Karachi,Silver,In-Store,2015-08-22
CUST03552,35,Male,Karachi,Silver,In-Store,2015-09-05
CUST03553,23,Female,Islamabad,Bronze,In-Store,2020-06-03
CUST03554,42,Male,Peshawar,Gold,Mobile App,2015-08-04
CUST03555,43,Female,Islamabad,Bronze,In-Store,2025-05-03
CUST03556,73,Female,Lahore,Bronze,Online,2018-09-08
CUST03557,50,Male,Karachi,Silver,In-Store,2020-12-23
CUST03558,53,Female,Rawalpindi,Silver,In-Store,2025-09-29
CUST03559,18,Female,Karachi,Bronze,Online,2020-06-08
CUST03560,18,Male,Multan,Bronze,Online,2020-06-08
CUST03561,34,Female,Gujranwala,Silver,In-Store,2015-11-12
CUST03562,61,Male,Abbottabad,Platinum,In-Store,2018-06-16
CUST03563,70,Female,Islamabad,Gold,Online,2015-11-04
CUST03564,29,Male,Gujranwala,Gold,In-Store,2022-05-11
CUST03565,30,Male,Faisalabad,Silver,Online,2020-04-05
CUST03566,45,Male,Lahore,Gold,Online,2016-07-23
CUST03567,35,Female,Karachi,Platinum,Online,2025-11-18
CUST03568,35,Male,Rawalpindi,Bronze,In-Store,2024-07-23
CUST03569,46,Male,Sukkur,Silver,In-Store,2015-06-21
CUST03570,73,Male,Sargodha,Gold,Online,2025-12-10
CUST03571,54,Male,Rawalpindi,Gold,In-Store,2022-02-25
CUST03572,62,Male,Sialkot,Gold,Online,2021-11-10
CUST03573,18,Female,Lahore,Platinum,In-Store,2024-09-11
CUST03574,51,Female,Sialkot,Bronze,In-Store,2016-04-27
CUST03575,25,Female,Karachi,Silver,In-Store,2025-01-26
CUST03576,59,Female,Rawalpindi,Bronze,In-Store,2025-03-05
CUST03577,55,Male,Sialkot,Silver,Mobile App,2023-01-05
CUST03578,45,Male,Islamabad,Bronze,In-Store,2016-03-21
CUST03579,28,Female,Karachi,Silver,Mobile App,2021-01-14
CUST03580,31,Male,Abbottabad,Silver,Online,2016-06-17
CUST03581,32,Female,Lahore,Silver,Mobile App,2018-03-25
CUST03582,47,Male,Karachi,Bronze,Mobile App,2022-11-22
CUST03583,43,Male,Rawalpindi,Gold,Mobile App,2019-04-11
CUST03584,56,Male,Quetta,Bronze,In-Store,2022-12-20
CUST03585,58,Female,Islamabad,Silver,Online,2020-03-30
CUST03586,27,Female,Bahawalpur,Platinum,In-Store,2017-06-27
CUST03587,44,Female,Lahore,Gold,Online,2019-06-24
CUST03588,44,Female,Multan,Silver,In-Store,2022-07-12
CUST03589,36,Female,Karachi,Bronze,In-Store,2023-12-20
CUST03590,50,Female,Karachi,Bronze,Mobile App,2025-03-13
CUST03591,44,Female,Lahore,Gold,Online,2025-03-07
CUST03592,30,Male,Lahore,Bronze,Online,2024-03-05
CUST03593,36,Male,Peshawar,Bronze,Mobile App,2019-02-18
CUST03594,33,Female,Hyderabad,Silver,Mobile App,2017-12-02
CUST03595,28,Female,Sukkur,Bronze,Online,2020-03-26
CUST03596,36,Male,Multan,Gold,Online,2018-10-16
CUST03597,21,Female,Rawalpindi,Silver,In-Store,2022-10-01
CUST03598,44,Male,Lahore,Gold,Online,2025-09-24
CUST03599,56,Female,Lahore,Bronze,In-Store,2025-07-27
CUST03600,38,Female,Rawalpindi,Platinum,In-Store,2020-02-08
CUST03601,50,Female,Multan,Platinum,Online,2020-02-06
CUST03602,40,Female,Faisalabad,Silver,Online,2024-06-11
CUST03603,24,Male,Sialkot,Bronze,In-Store,2022-04-25
CUST03604,64,Female,Karachi,Bronze,In-Store,2015-05-06
CUST03605,18,Male,Karachi,Platinum,In-Store,2017-06-08
CUST03606,38,Female,Abbottabad,Silver,Online,2015-05-11
CUST03607,28,Male,Islamabad,Bronze,In-Store,2015-08-22
CUST03608,58,Male,Abbottabad,Bronze,Online,2016-10-30
CUST03609,40,Female,Lahore,Platinum,In-Store,2020-01-01
CUST03610,71,Female,Karachi,Platinum,Online,2017-12-30
CUST03611,38,Female,Faisalabad,Bronze,Online,2021-07-11
CUST03612,28,Female,Lahore,Silver,Mobile App,2024-09-23
CUST03613,18,Male,Sukkur,Gold,Online,2016-01-03
CUST03614,52,Female,Rawalpindi,Gold,In-Store,2016-07-29
CUST03615,27,Female,Rawalpindi,Silver,In-Store,2021-05-10
CUST03616,32,Female,Islamabad,Gold,In-Store,2024-01-12
CUST03617,53,Female,Karachi,Gold,In-Store,2022-02-06
CUST03618,51,Female,Multan,Silver,Online,2022-08-10
CUST03619,30,Female,Karachi,Silver,In-Store,2025-03-18
CUST03620,32,Female,Peshawar,Gold,In-Store,2020-03-01
CUST03621,18,Male,Islamabad,Gold,Mobile App,2018-02-28
CUST03622,18,Female,Hyderabad,Bronze,In-Store,2020-10-08
CUST03623,47,Male,Faisalabad,Silver,Mobile App,2024-01-26
CUST03624,49,Male,Sukkur,Silver,Online,2021-05-20
CUST03625,42,Male,Karachi,Platinum,In-Store,2025-08-13
CUST03626,40,Male,Quetta,Silver,In-Store,2018-05-08
CUST03627,28,Female,Faisalabad,Bronze,Online,2022-04-08
CUST03628,57,Male,Lahore,Bronze,In-Store,2023-10-08
CUST03629,18,Female,Karachi,Platinum,In-Store,2020-06-04
CUST03630,31,Female,Quetta,Silver,In-Store,2016-11-05
CUST03631,40,Female,Islamabad,Bronze,In-Store,2025-02-01
CUST03632,37,Male,Karachi,Silver,In-Store,2016-10-31
CUST03633,37,Female,Quetta,Bronze,In-Store,2020-11-12
CUST03634,31,Male,Lahore,Bronze,In-Store,2021-10-17
CUST03635,45,Female,Lahore,Bronze,Mobile App,2017-04-09
CUST03636,22,Male,Karachi,Gold,Mobile App,2018-07-11
CUST03637,36,Female,Rawalpindi,Gold,Online,2021-11-07
CUST03638,43,Male,Bahawalpur,Bronze,In-Store,2015-02-25
CUST03639,33,Male,Hyderabad,Silver,In-Store,2023-05-15
CUST03640,38,Female,Islamabad,Gold,Mobile App,2022-01-26
CUST03641,40,Female,Islamabad,Bronze,Mobile App,2023-03-27
CUST03642,18,Male,Sukkur,Bronze,In-Store,2023-11-10
CUST03643,18,Female,Sialkot,Gold,In-Store,2023-09-25
CUST03644,39,Male,Lahore,Silver,Online,2022-04-24
CUST03645,30,Male,Sukkur,Bronze,Online,2019-11-13
CUST03646,30,Male,Bahawalpur,Silver,Online,2020-03-20
CUST03647,45,Male,Islamabad,Gold,Mobile App,2022-11-02
CUST03648,25,Male,Sukkur,Bronze,In-Store,2022-08-07
CUST03649,18,Male,Peshawar,Silver,Mobile App,2015-12-22
CUST03650,59,Female,Sukkur,Bronze,In-Store,2019-11-03
CUST03651,53,Male,Islamabad,Bronze,Online,2023-03-21
CUST03652,53,Male,Islamabad,Gold,Online,2022-01-29
CUST03653,23,Male,Faisalabad,Silver,Online,2015-07-31
CUST03654,36,Other,Lahore,Gold,In-Store,2019-08-03
CUST03655,21,Male,Faisalabad,Bronze,In-Store,2024-01-31
CUST03656,37,Male,Faisalabad,Silver,Online,2023-01-15
CUST03657,33,Female,Lahore,Bronze,In-Store,2016-03-24
CUST03658,23,Male,Sukkur,Gold,In-Store,2025-07-03
CUST03659,44,Male,Karachi,Silver,In-Store,2017-03-12
CUST03660,34,Female,Sukkur,Platinum,In-Store,2023-03-18
CUST03661,60,Male,Faisalabad,Silver,Online,2024-05-14
CUST03662,39,Male,Rawalpindi,Bronze,In-Store,2021-07-24
CUST03663,18,Female,Hyderabad,Silver,In-Store,2016-01-14
CUST03664,18,Other,Rawalpindi,Platinum,Online,2016-08-09
CUST03665,65,Female,Lahore,Bronze,In-Store,2017-02-18
CUST03666,33,Female,Karachi,Bronze,Mobile App,2015-12-29
CUST03667,41,Male,Peshawar,Silver,In-Store,2015-04-07
CUST03668,38,Female,Hyderabad,Silver,Online,2015-03-10
CUST03669,56,Female,Faisalabad,Bronze,Online,2020-03-14
CUST03670,18,Female,Lahore,Bronze,In-Store,2020-06-04
CUST03671,55,Male,Sargodha,Bronze,Online,2018-11-20
CUST03672,54,Female,Peshawar,Silver,Online,2017-12-26
CUST03673,38,Female,Faisalabad,Platinum,Online,2016-09-14
CUST03674,43,Male,Gujranwala,Silver,In-Store,2016-11-12
CUST03675,33,Female,Islamabad,Silver,Online,2020-01-12
CUST03676,18,Female,Quetta,Bronze,Online,2017-11-04
CUST03677,45,Male,Islamabad,Gold,Online,2020-11-15
CUST03678,41,Female,Lahore,Platinum,In-Store,2025-08-13
CUST03679,41,Male,Lahore,Gold,In-Store,2025-10-01
CUST03680,44,Male,Sukkur,Silver,In-Store,2017-06-09
CUST03681,30,Female,Gujranwala,Platinum,In-Store,2020-02-03
CUST03682,57,Female,Lahore,Silver,Online,2020-10-22
CUST03683,38,Male,Karachi,Bronze,Online,2018-02-21
CUST03684,45,Female,Karachi,Bronze,Online,2025-10-16
CUST03685,34,Female,Islamabad,Bronze,Online,2017-04-15
CUST03686,51,Female,Multan,Silver,In-Store,2016-06-27
CUST03687,39,Male,Peshawar,Bronze,In-Store,2016-06-24
CUST03688,36,Other,Karachi,Bronze,Mobile App,2017-08-29
CUST03689,53,Female,Rawalpindi,Silver,In-Store,2015-02-02
CUST03690,18,Female,Faisalabad,Gold,In-Store,2021-06-30
CUST03691,34,Male,Lahore,Silver,In-Store,2025-04-23
CUST03692,30,Male,Quetta,Gold,In-Store,2022-12-29
CUST03693,42,Male,Multan,Gold,In-Store,2023-04-30
CUST03694,42,Male,Quetta,Bronze,Online,2024-05-21
CUST03695,37,Female,Quetta,Platinum,In-Store,2021-03-26
CUST03696,28,Female,Sukkur,Bronze,In-Store,2022-04-09
CUST03697,37,Female,Peshawar,Gold,Online,2023-08-21
CUST03698,42,Male,Gujranwala,Silver,In-Store,2015-04-22
CUST03699,35,Female,Faisalabad,Silver,Mobile App,2018-03-15
CUST03700,52,Male,Lahore,Platinum,Online,2017-05-18
CUST03701,45,Female,Karachi,Gold,Online,2021-06-12
CUST03702,38,Male,Faisalabad,Bronze,In-Store,2021-01-11
CUST03703,18,Male,Gujranwala,Silver,Online,2016-12-11
CUST03704,35,Male,Multan,Silver,Online,2016-05-12
CUST03705,46,Male,Karachi,Silver,Online,2024-04-10
CUST03706,34,Female,Lahore,Bronze,In-Store,2016-06-26
CUST03707,41,Female,Rawalpindi,Gold,In-Store,2023-12-18
CUST03708,35,Male,Islamabad,Bronze,In-Store,2023-12-09
CUST03709,41,Female,Quetta,Platinum,In-Store,2024-01-30
CUST03710,56,Female,Lahore,Gold,In-Store,2023-04-12
CUST03711,48,Female,Islamabad,Gold,In-Store,2023-10-23
CUST03712,21,Female,Faisalabad,Silver,In-Store,2017-03-18
CUST03713,18,Male,Abbottabad,Gold,In-Store,2018-11-07
CUST03714,43,Female,Bahawalpur,Bronze,Online,2020-06-04
CUST03715,53,Male,Islamabad,Silver,Online,2024-09-22
CUST03716,18,Male,Islamabad,Silver,In-Store,2025-10-09
CUST03717,35,Male,Sargodha,Silver,Online,2019-02-02
CUST03718,68,Male,Hyderabad,Silver,In-Store,2021-07-04
CUST03719,34,Male,Quetta,Gold,In-Store,2025-06-09
CUST03720,70,Male,Multan,Bronze,In-Store,2022-12-17
CUST03721,27,Female,Quetta,Platinum,In-Store,2020-05-25
CUST03722,29,Male,Quetta,Silver,Mobile App,2022-03-13
CUST03723,28,Male,Hyderabad,Silver,In-Store,2025-01-01
CUST03724,21,Male,Quetta,Platinum,In-Store,2019-08-12
CUST03725,18,Female,Peshawar,Platinum,Online,2022-04-28
CUST03726,35,Male,Sargodha,Silver,In-Store,2023-12-28
CUST03727,39,Female,Sargodha,Platinum,Mobile App,2020-02-11
CUST03728,28,Male,Rawalpindi,Silver,Online,2015-11-11
CUST03729,31,Male,Abbottabad,Bronze,Mobile App,2015-12-14
CUST03730,56,Female,Islamabad,Silver,Online,2021-08-31
CUST03731,50,Male,Lahore,Bronze,Online,2015-05-26
CUST03732,34,Female,Lahore,Gold,In-Store,2019-07-13
CUST03733,43,Male,Karachi,Bronze,In-Store,2015-04-08
CUST03734,18,Male,Islamabad,Silver,In-Store,2024-08-18
CUST03735,41,Male,Abbottabad,Bronze,In-Store,2023-12-28
CUST03736,37,Female,Islamabad,Bronze,In-Store,2021-10-24
CUST03737,33,Male,Bahawalpur,Gold,In-Store,2024-09-29
CUST03738,38,Female,Karachi,Bronze,In-Store,2017-12-29
CUST03739,36,Male,Karachi,Platinum,In-Store,2025-03-30
CUST03740,20,Female,Lahore,Bronze,Online,2023-05-25
CUST03741,59,Female,Faisalabad,Silver,In-Store,2024-10-30
CUST03742,50,Male,Abbottabad,Silver,In-Store,2019-05-08
CUST03743,32,Female,Lahore,Silver,In-Store,2017-09-14
CUST03744,18,Female,Islamabad,Bronze,In-Store,2023-07-19
CUST03745,18,Male,Hyderabad,Gold,Online,2020-03-07
CUST03746,64,Male,Faisalabad,Bronze,In-Store,2016-03-31
CUST03747,35,Male,Islamabad,Bronze,Online,2025-11-19
CUST03748,47,Male,Rawalpindi,Silver,In-Store,2019-01-10
CUST03749,25,Female,Quetta,Bronze,Online,2017-02-23
CUST03750,34,Female,Islamabad,Silver,In-Store,2021-04-02
CUST03751,34,Female,Peshawar,Bronze,Online,2020-02-26
CUST03752,41,Male,Gujranwala,Gold,In-Store,2016-05-18
CUST03753,39,Female,Karachi,Bronze,Online,2019-08-19
CUST03754,26,Male,Sialkot,Silver,Mobile App,2020-07-18
CUST03755,25,Female,Sargodha,Silver,In-Store,2018-12-02
CUST03756,36,Female,Karachi,Gold,In-Store,2024-09-11
CUST03757,18,Female,Karachi,Bronze,In-Store,2021-11-20
CUST03758,27,Other,Multan,Silver,In-Store,2015-09-14
CUST03759,35,Male,Peshawar,Silver,In-Store,2020-12-22
CUST03760,43,Female,Rawalpindi,Bronze,Online,2019-10-23
CUST03761,57,Female,Sargodha,Silver,Online,2025-01-07
CUST03762,31,Male,Karachi,Silver,Online,2023-09-25
CUST03763,38,Female,Karachi,Bronze,In-Store,2018-09-09
CUST03764,18,Male,Karachi,Silver,In-Store,2016-04-21
CUST03765,42,Female,Gujranwala,Silver,In-Store,2022-04-21
CUST03766,26,Male,Karachi,Bronze,In-Store,2015-07-25
CUST03767,33,Male,Multan,Silver,In-Store,2017-06-10
CUST03768,44,Female,Bahawalpur,Silver,Mobile App,2020-04-27
CUST03769,44,Male,Karachi,Platinum,In-Store,2025-02-05
CUST03770,19,Male,Karachi,Silver,In-Store,2025-05-28
CUST03771,48,Female,Sukkur,Bronze,Mobile App,2015-11-05
CUST03772,37,Female,Lahore,Gold,Mobile App,2022-03-27
CUST03773,54,Male,Rawalpindi,Silver,In-Store,2019-04-24
CUST03774,57,Female,Multan,Gold,Online,2024-06-17
CUST03775,58,Other,Quetta,Silver,Online,2024-10-01
CUST03776,19,Male,Lahore,Bronze,In-Store,2025-04-29
CUST03777,43,Other,Sukkur,Silver,Online,2022-12-13
CUST03778,18,Other,Sialkot,Bronze,Mobile App,2020-08-21
CUST03779,54,Male,Karachi,Bronze,Mobile App,2016-01-27
CUST03780,56,Female,Karachi,Silver,Mobile App,2015-10-17
CUST03781,50,Female,Quetta,Silver,Online,2020-02-22
CUST03782,32,Female,Rawalpindi,Bronze,Online,2016-02-17
CUST03783,45,Male,Rawalpindi,Bronze,In-Store,2020-11-07
CUST03784,30,Female,Lahore,Bronze,Online,2022-11-15
CUST03785,38,Male,Quetta,Silver,Online,2021-02-22
CUST03786,36,Female,Karachi,Silver,In-Store,2022-04-10
CUST03787,18,Male,Islamabad,Gold,Mobile App,2022-12-24
CUST03788,27,Female,Quetta,Bronze,In-Store,2017-07-08
CUST03789,67,Female,Abbottabad,Silver,Online,2020-01-18
CUST03790,36,Female,Lahore,Bronze,Online,2023-05-03
CUST03791,40,Male,Peshawar,Gold,In-Store,2021-03-23
CUST03792,37,Male,Karachi,Silver,In-Store,2017-08-26
CUST03793,32,Male,Lahore,Bronze,Online,2019-01-03
CUST03794,38,Other,Karachi,Silver,Online,2021-03-02
CUST03795,32,Female,Hyderabad,Gold,In-Store,2016-04-10
CUST03796,18,Female,Rawalpindi,Bronze,In-Store,2019-01-31
CUST03797,48,Female,Sukkur,Bronze,In-Store,2020-02-13
CUST03798,58,Female,Karachi,Silver,Mobile App,2022-09-24
CUST03799,22,Male,Quetta,Bronze,In-Store,2020-05-06
CUST03800,32,Male,Faisalabad,Bronze,In-Store,2022-07-08
CUST03801,57,Male,Quetta,Bronze,In-Store,2024-05-21
CUST03802,27,Female,Abbottabad,Bronze,In-Store,2024-01-26
CUST03803,43,Female,Abbottabad,Gold,Mobile App,2017-11-25
CUST03804,80,Male,Hyderabad,Platinum,In-Store,2018-02-04
CUST03805,46,Female,Lahore,Bronze,Online,2025-11-19
CUST03806,38,Female,Sialkot,Gold,Mobile App,2019-06-01
CUST03807,49,Female,Sargodha,Silver,Mobile App,2016-06-06
CUST03808,48,Female,Islamabad,Bronze,Mobile App,2017-06-28
CUST03809,29,Male,Islamabad,Silver,Mobile App,2017-04-08
CUST03810,18,Female,Rawalpindi,Bronze,Online,2020-10-18
CUST03811,45,Female,Quetta,Bronze,Mobile App,2022-09-02
CUST03812,47,Male,Lahore,Bronze,Online,2015-06-28
CUST03813,34,Female,Karachi,Silver,Mobile App,2022-09-04
CUST03814,59,Male,Lahore,Silver,Mobile App,2024-11-02
CUST03815,56,Female,Peshawar,Bronze,In-Store,2018-09-19
CUST03816,48,Female,Karachi,Bronze,In-Store,2018-09-25
CUST03817,34,Female,Bahawalpur,Silver,Mobile App,2024-07-30
CUST03818,18,Male,Faisalabad,Gold,In-Store,2018-08-12
CUST03819,35,Female,Karachi,Bronze,Mobile App,2023-10-24
CUST03820,18,Male,Quetta,Silver,In-Store,2019-07-16
CUST03821,18,Female,Lahore,Silver,Online,2016-04-06
CUST03822,46,Male,Sialkot,Silver,Mobile App,2018-08-10
CUST03823,53,Male,Sukkur,Gold,In-Store,2025-09-23
CUST03824,18,Female,Faisalabad,Bronze,In-Store,2022-04-04
CUST03825,34,Male,Lahore,Bronze,Mobile App,2022-11-10
CUST03826,37,Female,Rawalpindi,Bronze,In-Store,2025-04-21
CUST03827,34,Female,Multan,Platinum,Online,2019-09-19
CUST03828,20,Female,Islamabad,Bronze,In-Store,2020-08-11
CUST03829,55,Male,Sialkot,Gold,In-Store,2023-03-08
CUST03830,20,Male,Lahore,Bronze,In-Store,2023-11-27
CUST03831,18,Female,Hyderabad,Silver,Mobile App,2019-06-21
CUST03832,20,Male,Rawalpindi,Silver,Online,2018-08-06
CUST03833,44,Male,Multan,Gold,Mobile App,2018-10-07
CUST03834,34,Female,Karachi,Bronze,Mobile App,2019-08-01
CUST03835,27,Female,Lahore,Silver,In-Store,2015-08-25
CUST03836,44,Female,Rawalpindi,Gold,Mobile App,2024-11-29
CUST03837,42,Male,Sialkot,Platinum,In-Store,2019-12-21
CUST03838,18,Male,Abbottabad,Platinum,Mobile App,2015-07-31
CUST03839,44,Male,Karachi,Platinum,In-Store,2025-11-15
CUST03840,53,Female,Sargodha,Bronze,In-Store,2020-07-25
CUST03841,36,Other,Islamabad,Bronze,Online,2025-03-16
CUST03842,34,Female,Abbottabad,Silver,Mobile App,2024-02-21
CUST03843,62,Female,Karachi,Bronze,Mobile App,2024-03-05
CUST03844,28,Female,Faisalabad,Platinum,In-Store,2021-09-07
CUST03845,35,Female,Sialkot,Silver,Online,2022-01-06
CUST03846,42,Female,Islamabad,Bronze,In-Store,2016-02-13
CUST03847,38,Female,Abbottabad,Platinum,In-Store,2015-11-14
CUST03848,34,Female,Bahawalpur,Bronze,In-Store,2015-08-30
CUST03849,39,Male,Islamabad,Silver,Online,2021-05-14
CUST03850,58,Female,Karachi,Silver,In-Store,2024-09-12
CUST03851,48,Male,Lahore,Gold,Online,2019-07-10
CUST03852,37,Female,Karachi,Silver,Mobile App,2019-06-20
CUST03853,26,Female,Peshawar,Bronze,Online,2022-01-10
CUST03854,28,Female,Karachi,Bronze,In-Store,2020-02-05
CUST03855,50,Male,Rawalpindi,Silver,Mobile App,2023-11-10
CUST03856,18,Female,Lahore,Silver,Online,2016-12-22
CUST03857,69,Male,Sukkur,Bronze,Online,2023-11-02
CUST03858,37,Female,Lahore,Silver,Mobile App,2020-03-01
CUST03859,20,Male,Quetta,Silver,In-Store,2016-08-27
CUST03860,40,Female,Multan,Bronze,In-Store,2019-07-29
CUST03861,27,Female,Islamabad,Bronze,In-Store,2023-01-26
CUST03862,32,Male,Sialkot,Bronze,In-Store,2023-08-05
CUST03863,18,Female,Karachi,Silver,In-Store,2023-10-14
CUST03864,34,Female,Quetta,Gold,Online,2016-01-10
CUST03865,18,Female,Lahore,Bronze,In-Store,2017-03-20
CUST03866,30,Female,Karachi,Silver,Online,2022-01-06
CUST03867,27,Male,Abbottabad,Gold,In-Store,2024-08-26
CUST03868,31,Male,Lahore,Silver,In-Store,2025-09-07
CUST03869,28,Female,Lahore,Platinum,In-Store,2016-09-01
CUST03870,38,Female,Karachi,Bronze,In-Store,2018-03-09
CUST03871,49,Female,Peshawar,Silver,Mobile App,2024-02-24
CUST03872,42,Female,Sialkot,Silver,In-Store,2022-12-20
CUST03873,54,Female,Karachi,Bronze,In-Store,2018-10-04
CUST03874,31,Male,Faisalabad,Silver,In-Store,2016-01-18
CUST03875,42,Male,Hyderabad,Silver,Online,2015-09-24
CUST03876,42,Female,Gujranwala,Bronze,In-Store,2020-04-25
CUST03877,52,Male,Gujranwala,Silver,In-Store,2016-03-07
CUST03878,28,Female,Karachi,Silver,In-Store,2018-12-23
CUST03879,48,Female,Lahore,Bronze,Mobile App,2017-09-09
CUST03880,26,Male,Faisalabad,Bronze,In-Store,2022-12-02
CUST03881,30,Female,Faisalabad,Gold,In-Store,2022-07-01
CUST03882,33,Male,Sialkot,Platinum,In-Store,2025-07-09
CUST03883,43,Other,Bahawalpur,Bronze,Online,2018-06-19
CUST03884,23,Female,Quetta,Silver,In-Store,2023-05-28
CUST03885,25,Male,Rawalpindi,Silver,In-Store,2015-06-28
CUST03886,29,Female,Multan,Silver,Online,2017-02-02
CUST03887,38,Female,Karachi,Bronze,In-Store,2023-01-27
CUST03888,25,Male,Rawalpindi,Bronze,In-Store,2024-01-01
CUST03889,41,Male,Karachi,Bronze,Mobile App,2022-01-18
CUST03890,33,Female,Quetta,Bronze,Online,2015-05-04
CUST03891,46,Female,Sialkot,Bronze,Mobile App,2015-05-15
CUST03892,38,Male,Abbottabad,Bronze,Online,2022-07-07
CUST03893,60,Female,Rawalpindi,Bronze,In-Store,2015-08-18
CUST03894,39,Female,Karachi,Bronze,In-Store,2015-07-08
CUST03895,22,Female,Karachi,Bronze,Online,2023-11-28
CUST03896,35,Female,Bahawalpur,Platinum,Online,2024-03-28
CUST03897,38,Male,Lahore,Bronze,In-Store,2019-04-12
CUST03898,26,Female,Islamabad,Gold,Online,2024-10-21
CUST03899,57,Female,Karachi,Gold,In-Store,2017-01-21
CUST03900,33,Male,Gujranwala,Gold,In-Store,2022-02-25
CUST03901,29,Male,Lahore,Bronze,In-Store,2021-07-21
CUST03902,40,Female,Islamabad,Platinum,Online,2017-08-31
CUST03903,26,Female,Sialkot,Bronze,In-Store,2023-07-18
CUST03904,50,Male,Multan,Bronze,In-Store,2017-03-13
CUST03905,47,Male,Multan,Bronze,Mobile App,2022-09-25
CUST03906,39,Female,Karachi,Bronze,In-Store,2017-06-05
CUST03907,45,Other,Lahore,Bronze,Online,2017-03-01
CUST03908,31,Female,Lahore,Gold,In-Store,2018-06-01
CUST03909,18,Male,Abbottabad,Silver,In-Store,2019-04-25
CUST03910,33,Female,Lahore,Platinum,In-Store,2020-07-09
CUST03911,31,Female,Islamabad,Silver,In-Store,2017-11-13
CUST03912,18,Female,Lahore,Bronze,In-Store,2015-08-06
CUST03913,24,Male,Rawalpindi,Silver,In-Store,2017-05-28
CUST03914,22,Male,Karachi,Bronze,In-Store,2023-07-15
CUST03915,24,Female,Gujranwala,Platinum,In-Store,2017-07-28
CUST03916,55,Female,Sukkur,Silver,In-Store,2020-06-28
CUST03917,44,Female,Faisalabad,Bronze,In-Store,2020-10-12
CUST03918,50,Female,Hyderabad,Silver,In-Store,2021-02-20
CUST03919,44,Female,Karachi,Gold,In-Store,2017-05-04
CUST03920,52,Female,Rawalpindi,Platinum,Online,2022-02-15
CUST03921,38,Female,Lahore,Silver,In-Store,2018-04-20
CUST03922,57,Male,Islamabad,Silver,In-Store,2016-10-04
CUST03923,21,Male,Rawalpindi,Silver,In-Store,2015-01-09
CUST03924,37,Female,Peshawar,Bronze,In-Store,2021-08-19
CUST03925,24,Male,Gujranwala,Bronze,In-Store,2016-06-04
CUST03926,54,Female,Sargodha,Silver,In-Store,2019-06-04
CUST03927,43,Female,Lahore,Gold,In-Store,2016-12-09
CUST03928,53,Male,Peshawar,Silver,In-Store,2020-02-26
CUST03929,19,Male,Hyderabad,Platinum,In-Store,2023-11-07
CUST03930,30,Female,Islamabad,Silver,In-Store,2021-08-14
CUST03931,18,Female,Faisalabad,Silver,Mobile App,2022-07-29
CUST03932,42,Female,Peshawar,Bronze,Mobile App,2017-09-02
CUST03933,32,Male,Karachi,Silver,In-Store,2018-01-20
CUST03934,47,Female,Multan,Bronze,Mobile App,2015-12-12
CUST03935,38,Female,Faisalabad,Silver,Online,2023-09-27
CUST03936,18,Female,Islamabad,Silver,Online,2019-07-20
CUST03937,18,Other,Abbottabad,Silver,Online,2025-08-22
CUST03938,39,Female,Karachi,Gold,In-Store,2016-09-05
CUST03939,44,Female,Sargodha,Silver,In-Store,2024-08-19
CUST03940,18,Female,Peshawar,Silver,Online,2015-11-10
CUST03941,36,Other,Karachi,Silver,Online,2019-12-04
CUST03942,24,Female,Lahore,Bronze,In-Store,2022-12-23
CUST03943,23,Female,Sialkot,Bronze,In-Store,2022-02-08
CUST03944,29,Male,Lahore,Bronze,Online,2021-09-28
CUST03945,39,Female,Karachi,Gold,Online,2023-05-17
CUST03946,28,Female,Faisalabad,Bronze,Online,2016-09-29
CUST03947,18,Female,Abbottabad,Platinum,In-Store,2018-05-29
CUST03948,39,Female,Islamabad,Bronze,In-Store,2020-05-29
CUST03949,33,Female,Rawalpindi,Gold,In-Store,2020-09-01
CUST03950,25,Female,Sialkot,Gold,In-Store,2025-01-20
CUST03951,33,Male,Multan,Bronze,In-Store,2024-06-02
CUST03952,33,Female,Lahore,Silver,Online,2025-01-07
CUST03953,38,Male,Faisalabad,Silver,In-Store,2017-11-11
CUST03954,34,Female,Rawalpindi,Bronze,Online,2019-11-14
CUST03955,40,Female,Karachi,Bronze,In-Store,2023-07-14
CUST03956,37,Male,Karachi,Gold,In-Store,2025-01-26
CUST03957,48,Female,Multan,Silver,In-Store,2019-04-07
CUST03958,58,Female,Karachi,Platinum,In-Store,2024-05-02
CUST03959,37,Female,Sialkot,Bronze,In-Store,2017-07-31
CUST03960,29,Male,Faisalabad,Bronze,In-Store,2016-05-03
CUST03961,19,Male,Karachi,Silver,In-Store,2022-02-24
CUST03962,46,Female,Sargodha,Silver,Online,2018-01-27
CUST03963,26,Female,Hyderabad,Bronze,Online,2020-09-23
CUST03964,68,Female,Peshawar,Bronze,In-Store,2017-11-26
CUST03965,74,Female,Sialkot,Bronze,In-Store,2018-05-23
CUST03966,35,Female,Peshawar,Bronze,Online,2015-06-05
CUST03967,18,Female,Karachi,Bronze,Online,2022-03-09
CUST03968,46,Male,Multan,Bronze,Online,2021-01-10
CUST03969,65,Male,Lahore,Bronze,Online,2019-06-16
CUST03970,20,Female,Sargodha,Silver,In-Store,2021-09-21
CUST03971,62,Male,Rawalpindi,Bronze,Online,2019-08-14
CUST03972,18,Female,Quetta,Silver,In-Store,2015-07-27
CUST03973,19,Female,Karachi,Gold,In-Store,2020-12-06
CUST03974,42,Male,Rawalpindi,Bronze,In-Store,2021-08-05
CUST03975,51,Male,Karachi,Bronze,In-Store,2022-03-15
CUST03976,37,Male,Rawalpindi,Bronze,In-Store,2017-05-13
CUST03977,43,Male,Faisalabad,Bronze,In-Store,2018-10-15
CUST03978,52,Male,Peshawar,Bronze,Mobile App,2017-11-21
CUST03979,53,Male,Islamabad,Platinum,In-Store,2020-11-13
CUST03980,29,Female,Karachi,Bronze,In-Store,2015-04-22
CUST03981,26,Female,Peshawar,Bronze,Mobile App,2015-06-12
CUST03982,51,Male,Karachi,Bronze,Online,2015-02-16
CUST03983,43,Female,Gujranwala,Bronze,In-Store,2024-02-13
CUST03984,45,Male,Peshawar,Bronze,Online,2022-04-07
CUST03985,29,Male,Sialkot,Gold,Online,2019-02-24
CUST03986,46,Male,Abbottabad,Bronze,In-Store,2017-05-18
CUST03987,23,Female,Islamabad,Silver,Online,2023-08-12
CUST03988,41,Male,Faisalabad,Bronze,Online,2025-07-20
CUST03989,39,Female,Peshawar,Gold,In-Store,2024-04-13
CUST03990,39,Female,Multan,Platinum,In-Store,2024-11-30
CUST03991,48,Female,Peshawar,Bronze,Online,2016-10-13
CUST03992,24,Female,Sargodha,Silver,Mobile App,2015-06-11
CUST03993,46,Male,Rawalpindi,Silver,Mobile App,2018-05-05
CUST03994,38,Female,Hyderabad,Bronze,Online,2024-02-16
CUST03995,27,Male,Peshawar,Bronze,In-Store,2024-08-26
CUST03996,20,Female,Sialkot,Bronze,Online,2022-06-09
CUST03997,62,Male,Islamabad,Bronze,In-Store,2021-01-23
CUST03998,37,Male,Islamabad,Bronze,Mobile App,2019-07-03
CUST03999,33,Female,Sargodha,Silver,In-Store,2022-02-23
CUST04000,23,Male,Hyderabad,Bronze,In-Store,2017-07-19
CUST04001,52,Male,Faisalabad,Silver,In-Store,2017-06-08
CUST04002,51,Female,Rawalpindi,Bronze,Online,2021-03-31
CUST04003,48,Male,Lahore,Bronze,In-Store,2019-12-12
CUST04004,37,Male,Lahore,Bronze,In-Store,2025-01-02
CUST04005,47,Male,Lahore,Silver,In-Store,2016-06-28
CUST04006,27,Female,Sargodha,Bronze,Mobile App,2016-04-07
CUST04007,40,Female,Lahore,Gold,Mobile App,2022-08-01
CUST04008,37,Female,Rawalpindi,Silver,In-Store,2025-02-11
CUST04009,41,Female,Peshawar,Bronze,Online,2021-03-02
CUST04010,18,Male,Peshawar,Bronze,In-Store,2022-06-29
CUST04011,62,Female,Sialkot,Platinum,Online,2015-12-23
CUST04012,59,Female,Islamabad,Bronze,In-Store,2015-10-18
CUST04013,23,Female,Islamabad,Silver,Mobile App,2015-09-17
CUST04014,45,Male,Faisalabad,Silver,In-Store,2020-06-07
CUST04015,18,Female,Peshawar,Silver,Online,2020-01-15
CUST04016,39,Male,Abbottabad,Silver,Online,2015-08-25
CUST04017,18,Female,Multan,Bronze,Online,2025-10-22
CUST04018,34,Female,Sialkot,Silver,In-Store,2022-08-03
CUST04019,31,Female,Bahawalpur,Gold,Online,2020-11-24
CUST04020,53,Female,Karachi,Gold,Online,2015-10-14
CUST04021,59,Male,Lahore,Bronze,In-Store,2015-01-28
CUST04022,59,Male,Karachi,Gold,In-Store,2019-04-23
CUST04023,53,Other,Bahawalpur,Silver,Online,2018-03-30
CUST04024,39,Male,Islamabad,Silver,In-Store,2016-02-19
CUST04025,43,Male,Multan,Silver,Online,2018-08-26
CUST04026,42,Male,Rawalpindi,Silver,Mobile App,2025-07-26
CUST04027,22,Female,Sialkot,Gold,In-Store,2022-12-22
CUST04028,52,Female,Islamabad,Silver,Mobile App,2018-02-04
CUST04029,46,Male,Karachi,Gold,In-Store,2023-01-30
CUST04030,47,Female,Islamabad,Gold,Online,2020-06-19
CUST04031,18,Female,Rawalpindi,Platinum,In-Store,2022-09-09
CUST04032,43,Female,Rawalpindi,Gold,Mobile App,2017-08-08
CUST04033,51,Male,Lahore,Bronze,Online,2015-04-26
CUST04034,37,Male,Karachi,Bronze,Online,2021-03-09
CUST04035,31,Male,Karachi,Bronze,Mobile App,2025-07-07
CUST04036,20,Male,Bahawalpur,Silver,In-Store,2016-03-16
CUST04037,19,Male,Karachi,Silver,In-Store,2019-12-25
CUST04038,40,Female,Islamabad,Platinum,In-Store,2022-09-07
CUST04039,34,Female,Karachi,Silver,Mobile App,2024-11-30
CUST04040,34,Male,Karachi,Silver,Mobile App,2016-11-25
CUST04041,57,Female,Peshawar,Gold,In-Store,2024-05-14
CUST04042,21,Male,Bahawalpur,Gold,Online,2025-06-28
CUST04043,33,Male,Islamabad,Bronze,Online,2016-09-22
CUST04044,60,Female,Sialkot,Silver,In-Store,2021-05-23
CUST04045,33,Male,Sialkot,Platinum,In-Store,2019-04-13
CUST04046,38,Male,Peshawar,Gold,Mobile App,2024-12-27
CUST04047,35,Male,Sukkur,Bronze,In-Store,2022-12-25
CUST04048,47,Female,Lahore,Bronze,In-Store,2015-12-06
CUST04049,18,Female,Karachi,Gold,Online,2025-02-17
CUST04050,35,Male,Rawalpindi,Gold,In-Store,2018-05-23
CUST04051,38,Male,Faisalabad,Gold,In-Store,2022-06-24
CUST04052,25,Male,Islamabad,Bronze,Online,2021-02-04
CUST04053,42,Male,Bahawalpur,Gold,Online,2018-10-12
CUST04054,48,Male,Karachi,Platinum,Online,2021-06-30
CUST04055,43,Female,Bahawalpur,Silver,In-Store,2025-01-02
CUST04056,61,Female,Rawalpindi,Silver,In-Store,2023-10-29
CUST04057,32,Female,Hyderabad,Bronze,In-Store,2025-08-18
CUST04058,44,Male,Islamabad,Bronze,In-Store,2015-03-05
CUST04059,44,Female,Faisalabad,Bronze,In-Store,2021-01-23
CUST04060,34,Female,Peshawar,Bronze,Mobile App,2022-10-16
CUST04061,52,Male,Rawalpindi,Bronze,Online,2018-05-15
CUST04062,41,Male,Sukkur,Silver,Mobile App,2021-01-28
CUST04063,22,Female,Faisalabad,Bronze,In-Store,2023-10-22
CUST04064,47,Female,Karachi,Platinum,Online,2025-07-20
CUST04065,31,Female,Gujranwala,Platinum,Mobile App,2017-11-15
CUST04066,33,Female,Faisalabad,Bronze,In-Store,2023-11-07
CUST04067,34,Male,Peshawar,Platinum,In-Store,2020-04-04
CUST04068,47,Male,Islamabad,Silver,In-Store,2018-04-27
CUST04069,52,Female,Quetta,Gold,Mobile App,2019-08-30
CUST04070,35,Female,Quetta,Silver,Online,2015-03-16
CUST04071,35,Male,Abbottabad,Bronze,Mobile App,2017-08-26
CUST04072,18,Male,Islamabad,Gold,In-Store,2021-02-10
CUST04073,28,Female,Lahore,Silver,Online,2023-05-06
CUST04074,25,Female,Rawalpindi,Gold,In-Store,2020-09-12
CUST04075,42,Male,Peshawar,Gold,In-Store,2023-05-19
CUST04076,36,Male,Rawalpindi,Gold,Mobile App,2024-08-07
CUST04077,26,Female,Hyderabad,Silver,In-Store,2020-10-05
CUST04078,39,Male,Sargodha,Gold,Online,2016-02-04
CUST04079,37,Male,Abbottabad,Gold,In-Store,2024-05-05
CUST04080,18,Other,Karachi,Gold,Mobile App,2021-06-15
CUST04081,52,Female,Lahore,Bronze,In-Store,2019-05-03
CUST04082,51,Other,Lahore,Platinum,Online,2025-12-17
CUST04083,34,Male,Bahawalpur,Gold,Online,2022-04-06
CUST04084,42,Male,Sialkot,Silver,In-Store,2015-04-11
CUST04085,33,Female,Karachi,Platinum,Mobile App,2025-05-29
CUST04086,18,Female,Rawalpindi,Silver,In-Store,2015-08-07
CUST04087,66,Female,Bahawalpur,Silver,In-Store,2024-07-29
CUST04088,47,Male,Lahore,Gold,Online,2015-01-13
CUST04089,50,Female,Faisalabad,Bronze,In-Store,2022-05-27
CUST04090,34,Male,Peshawar,Gold,In-Store,2015-08-24
CUST04091,52,Female,Karachi,Gold,Online,2015-07-24
CUST04092,20,Female,Rawalpindi,Gold,Online,2017-06-27
CUST04093,34,Male,Bahawalpur,Silver,Mobile App,2017-08-19
CUST04094,47,Male,Karachi,Bronze,In-Store,2022-04-02
CUST04095,29,Male,Peshawar,Gold,Online,2016-01-23
CUST04096,49,Female,Sukkur,Bronze,Online,2020-07-14
CUST04097,41,Male,Rawalpindi,Silver,Mobile App,2025-12-14
CUST04098,40,Female,Lahore,Gold,Online,2015-12-12
CUST04099,28,Male,Quetta,Gold,Mobile App,2025-03-17
CUST04100,43,Female,Islamabad,Bronze,Online,2018-11-30
CUST04101,63,Female,Islamabad,Gold,Mobile App,2017-08-22
CUST04102,40,Male,Lahore,Silver,Online,2019-06-19
CUST04103,45,Male,Sargodha,Silver,In-Store,2017-03-13
CUST04104,47,Male,Sialkot,Silver,In-Store,2021-12-22
CUST04105,23,Female,Karachi,Bronze,In-Store,2017-02-09
CUST04106,36,Male,Lahore,Gold,Online,2017-11-15
CUST04107,35,Male,Sukkur,Bronze,In-Store,2020-03-02
CUST04108,18,Female,Hyderabad,Platinum,In-Store,2015-01-20
CUST04109,48,Male,Islamabad,Bronze,In-Store,2015-03-28
CUST04110,25,Female,Quetta,Platinum,Online,2015-09-16
CUST04111,46,Male,Karachi,Bronze,Mobile App,2015-11-16
CUST04112,28,Other,Karachi,Silver,In-Store,2015-07-21
CUST04113,64,Female,Bahawalpur,Silver,In-Store,2017-09-10
CUST04114,34,Female,Faisalabad,Silver,In-Store,2024-01-24
CUST04115,62,Male,Karachi,Gold,Online,2021-07-29
CUST04116,35,Male,Faisalabad,Silver,Online,2015-03-12
CUST04117,37,Male,Rawalpindi,Bronze,Mobile App,2015-03-19
CUST04118,58,Female,Abbottabad,Gold,Online,2018-02-07
CUST04119,26,Female,Karachi,Silver,In-Store,2015-05-11
CUST04120,38,Male,Sialkot,Silver,Mobile App,2018-11-03
CUST04121,45,Other,Sialkot,Gold,In-Store,2022-06-08
CUST04122,43,Female,Sialkot,Silver,In-Store,2023-12-05
CUST04123,38,Female,Sialkot,Bronze,In-Store,2020-10-05
CUST04124,36,Other,Quetta,Gold,In-Store,2023-07-14
CUST04125,49,Female,Rawalpindi,Silver,In-Store,2021-09-02
CUST04126,40,Female,Karachi,Bronze,In-Store,2022-11-10
CUST04127,50,Female,Abbottabad,Bronze,Mobile App,2017-07-06
CUST04128,43,Female,Lahore,Bronze,Mobile App,2022-02-08
CUST04129,46,Male,Lahore,Gold,Mobile App,2025-06-07
CUST04130,52,Male,Karachi,Silver,Online,2021-07-03
CUST04131,33,Female,Islamabad,Bronze,Online,2025-01-01
CUST04132,52,Male,Islamabad,Gold,In-Store,2025-06-29
CUST04133,35,Male,Islamabad,Silver,In-Store,2022-04-06
CUST04134,19,Male,Islamabad,Silver,Online,2015-01-21
CUST04135,33,Female,Peshawar,Gold,Mobile App,2020-02-11
CUST04136,28,Male,Abbottabad,Gold,In-Store,2020-06-20
CUST04137,42,Female,Faisalabad,Silver,In-Store,2017-04-12
CUST04138,34,Female,Abbottabad,Gold,In-Store,2022-04-15
CUST04139,39,Male,Karachi,Bronze,In-Store,2017-06-30
CUST04140,51,Male,Islamabad,Silver,Mobile App,2021-12-03
CUST04141,57,Male,Karachi,Bronze,Mobile App,2018-04-12
CUST04142,41,Male,Multan,Bronze,In-Store,2025-10-09
CUST04143,52,Male,Abbottabad,Silver,In-Store,2024-11-09
CUST04144,35,Male,Lahore,Bronze,Online,2023-04-08
CUST04145,18,Female,Quetta,Bronze,In-Store,2018-12-02
CUST04146,22,Male,Sialkot,Platinum,Online,2021-07-21
CUST04147,35,Male,Karachi,Bronze,Online,2024-03-03
CUST04148,48,Female,Rawalpindi,Gold,In-Store,2017-12-30
CUST04149,35,Female,Karachi,Gold,Mobile App,2018-01-07
CUST04150,53,Male,Islamabad,Bronze,In-Store,2024-11-08
CUST04151,61,Female,Gujranwala,Bronze,In-Store,2019-10-25
CUST04152,26,Male,Lahore,Silver,Online,2018-07-21
CUST04153,65,Female,Sargodha,Bronze,In-Store,2020-10-21
CUST04154,18,Female,Sialkot,Gold,Online,2022-11-09
CUST04155,62,Female,Lahore,Bronze,In-Store,2015-01-18
CUST04156,37,Female,Rawalpindi,Bronze,Mobile App,2018-09-17
CUST04157,34,Female,Multan,Silver,In-Store,2024-01-15
CUST04158,37,Male,Multan,Bronze,In-Store,2021-07-24
CUST04159,27,Female,Faisalabad,Bronze,Online,2021-08-11
CUST04160,57,Male,Islamabad,Silver,In-Store,2019-09-23
CUST04161,29,Male,Sargodha,Silver,Online,2015-11-17
CUST04162,30,Female,Karachi,Gold,In-Store,2020-02-19
CUST04163,20,Male,Peshawar,Silver,Online,2015-03-29
CUST04164,28,Male,Karachi,Gold,In-Store,2019-07-04
CUST04165,28,Male,Faisalabad,Gold,In-Store,2016-02-18
CUST04166,28,Female,Lahore,Platinum,In-Store,2023-09-10
CUST04167,35,Male,Karachi,Bronze,Online,2023-05-08
CUST04168,23,Male,Karachi,Silver,Online,2021-06-28
CUST04169,58,Male,Sargodha,Gold,In-Store,2023-11-23
CUST04170,36,Female,Karachi,Gold,In-Store,2020-07-18
CUST04171,42,Male,Islamabad,Gold,In-Store,2025-03-18
CUST04172,49,Female,Rawalpindi,Silver,In-Store,2020-06-07
CUST04173,64,Male,Karachi,Silver,In-Store,2015-06-17
CUST04174,49,Female,Bahawalpur,Bronze,In-Store,2020-02-23
CUST04175,34,Female,Karachi,Bronze,Online,2016-01-19
CUST04176,24,Male,Bahawalpur,Silver,Mobile App,2023-12-05
CUST04177,42,Male,Karachi,Bronze,Online,2021-01-28
CUST04178,51,Male,Rawalpindi,Bronze,In-Store,2020-06-26
CUST04179,39,Male,Sialkot,Bronze,In-Store,2018-06-08
CUST04180,38,Female,Karachi,Gold,Mobile App,2020-06-02
CUST04181,40,Male,Gujranwala,Gold,Online,2025-11-10
CUST04182,18,Female,Rawalpindi,Silver,In-Store,2016-06-22
CUST04183,39,Male,Rawalpindi,Gold,Mobile App,2017-12-16
CUST04184,47,Male,Lahore,Platinum,In-Store,2017-09-12
CUST04185,37,Female,Lahore,Bronze,In-Store,2016-06-22
CUST04186,52,Female,Gujranwala,Gold,In-Store,2023-11-26
CUST04187,53,Male,Karachi,Bronze,In-Store,2023-12-02
CUST04188,31,Other,Islamabad,Bronze,In-Store,2024-01-27
CUST04189,43,Male,Islamabad,Silver,In-Store,2019-10-23
CUST04190,38,Female,Lahore,Silver,Online,2018-11-09
CUST04191,18,Male,Islamabad,Silver,Mobile App,2018-02-04
CUST04192,35,Male,Karachi,Bronze,Mobile App,2017-03-04
CUST04193,24,Female,Lahore,Silver,In-Store,2019-03-03
CUST04194,39,Male,Faisalabad,Gold,Online,2023-09-10
CUST04195,46,Female,Faisalabad,Gold,In-Store,2015-10-23
CUST04196,35,Female,Bahawalpur,Bronze,Online,2025-01-25
CUST04197,26,Male,Faisalabad,Platinum,In-Store,2018-11-24
CUST04198,41,Female,Rawalpindi,Bronze,Online,2022-09-15
CUST04199,69,Female,Karachi,Gold,In-Store,2021-02-16
CUST04200,18,Male,Quetta,Bronze,Online,2019-02-28
CUST04201,41,Male,Rawalpindi,Platinum,Online,2021-05-05
CUST04202,30,Male,Sialkot,Bronze,In-Store,2020-06-06
CUST04203,32,Male,Lahore,Silver,In-Store,2017-05-24
CUST04204,36,Male,Multan,Gold,In-Store,2024-08-23
CUST04205,33,Female,Quetta,Silver,In-Store,2020-10-10
CUST04206,45,Male,Islamabad,Silver,In-Store,2016-09-01
CUST04207,34,Male,Rawalpindi,Silver,In-Store,2022-01-30
CUST04208,18,Female,Karachi,Silver,Online,2015-07-11
CUST04209,54,Male,Lahore,Bronze,In-Store,2019-10-10
CUST04210,52,Other,Lahore,Silver,In-Store,2024-12-25
CUST04211,30,Female,Islamabad,Silver,Online,2019-07-21
CUST04212,38,Female,Karachi,Bronze,Online,2021-04-18
CUST04213,53,Female,Hyderabad,Bronze,Online,2015-07-10
CUST04214,51,Male,Quetta,Bronze,In-Store,2022-01-07
CUST04215,55,Female,Sukkur,Silver,Online,2020-12-17
CUST04216,42,Male,Sargodha,Bronze,Online,2016-07-08
CUST04217,48,Female,Faisalabad,Bronze,In-Store,2023-04-08
CUST04218,56,Male,Sialkot,Silver,Mobile App,2022-12-28
CUST04219,33,Male,Faisalabad,Gold,In-Store,2019-06-24
CUST04220,43,Male,Gujranwala,Bronze,Online,2021-03-14
CUST04221,18,Female,Faisalabad,Bronze,In-Store,2019-09-15
CUST04222,18,Male,Quetta,Silver,In-Store,2018-09-13
CUST04223,44,Female,Lahore,Bronze,In-Store,2015-10-22
CUST04224,46,Female,Peshawar,Platinum,Online,2022-05-15
CUST04225,32,Male,Multan,Gold,Online,2017-03-10
CUST04226,30,Male,Lahore,Bronze,Mobile App,2025-02-05
CUST04227,33,Female,Peshawar,Bronze,In-Store,2025-10-17
CUST04228,40,Other,Islamabad,Bronze,Online,2025-02-12
CUST04229,18,Female,Multan,Gold,In-Store,2021-06-13
CUST04230,44,Male,Peshawar,Silver,In-Store,2015-05-21
CUST04231,38,Female,Peshawar,Bronze,In-Store,2023-03-07
CUST04232,41,Male,Peshawar,Silver,Online,2016-01-06
CUST04233,36,Male,Rawalpindi,Silver,Online,2023-12-12
CUST04234,20,Female,Multan,Bronze,Mobile App,2021-01-03
CUST04235,23,Female,Bahawalpur,Bronze,Online,2021-06-02
CUST04236,57,Male,Karachi,Silver,Online,2021-11-22
CUST04237,29,Female,Gujranwala,Silver,In-Store,2023-04-17
CUST04238,48,Male,Karachi,Silver,In-Store,2025-04-10
CUST04239,23,Male,Rawalpindi,Platinum,Mobile App,2020-10-04
CUST04240,37,Female,Lahore,Bronze,Online,2021-10-11
CUST04241,32,Female,Sialkot,Silver,In-Store,2024-01-11
CUST04242,34,Male,Karachi,Silver,Mobile App,2023-10-11
CUST04243,33,Female,Quetta,Silver,In-Store,2019-12-05
CUST04244,56,Male,Islamabad,Gold,Online,2022-10-12
CUST04245,63,Male,Lahore,Bronze,In-Store,2016-03-01
CUST04246,41,Female,Sargodha,Gold,In-Store,2019-10-08
CUST04247,32,Female,Lahore,Bronze,In-Store,2015-12-30
CUST04248,20,Male,Lahore,Bronze,Online,2018-09-12
CUST04249,19,Male,Rawalpindi,Gold,In-Store,2020-06-07
CUST04250,56,Female,Lahore,Bronze,In-Store,2022-01-10
CUST04251,18,Male,Quetta,Gold,In-Store,2019-05-20
CUST04252,32,Male,Karachi,Gold,Online,2022-02-06
CUST04253,40,Male,Peshawar,Silver,In-Store,2015-08-24
CUST04254,18,Female,Rawalpindi,Bronze,In-Store,2018-11-30
CUST04255,21,Male,Gujranwala,Silver,In-Store,2015-11-05
CUST04256,20,Male,Islamabad,Gold,In-Store,2018-05-16
CUST04257,29,Female,Karachi,Bronze,Online,2018-03-22
CUST04258,41,Male,Sialkot,Silver,Mobile App,2016-03-27
CUST04259,51,Male,Karachi,Bronze,In-Store,2019-08-18
CUST04260,29,Female,Rawalpindi,Bronze,Online,2016-01-18
CUST04261,31,Female,Hyderabad,Silver,In-Store,2022-06-30
CUST04262,36,Female,Bahawalpur,Bronze,In-Store,2015-12-18
CUST04263,27,Male,Lahore,Gold,In-Store,2024-09-18
CUST04264,43,Male,Hyderabad,Silver,Mobile App,2022-09-12
CUST04265,43,Male,Sialkot,Gold,Online,2018-11-06
CUST04266,18,Female,Bahawalpur,Silver,In-Store,2020-11-08
CUST04267,46,Female,Gujranwala,Platinum,Online,2020-07-25
CUST04268,39,Male,Karachi,Bronze,In-Store,2024-08-16
CUST04269,41,Female,Sargodha,Gold,Online,2017-03-15
CUST04270,53,Male,Karachi,Bronze,Mobile App,2016-03-30
CUST04271,18,Female,Islamabad,Gold,Mobile App,2019-09-24
CUST04272,21,Female,Islamabad,Gold,Online,2025-12-28
CUST04273,37,Male,Rawalpindi,Gold,In-Store,2018-03-16
CUST04274,18,Male,Lahore,Bronze,In-Store,2019-12-23
CUST04275,35,Male,Karachi,Bronze,In-Store,2024-03-30
CUST04276,48,Male,Hyderabad,Gold,In-Store,2023-08-27
CUST04277,43,Female,Peshawar,Silver,In-Store,2017-02-07
CUST04278,39,Male,Rawalpindi,Silver,Online,2017-07-11
CUST04279,34,Female,Sialkot,Silver,In-Store,2016-11-10
CUST04280,32,Male,Bahawalpur,Bronze,Online,2018-07-04
CUST04281,31,Male,Lahore,Silver,Online,2017-09-05
CUST04282,40,Male,Islamabad,Silver,In-Store,2016-05-05
CUST04283,18,Male,Sargodha,Platinum,Mobile App,2015-08-24
CUST04284,57,Female,Faisalabad,Silver,Online,2018-11-19
CUST04285,28,Female,Lahore,Platinum,In-Store,2017-12-04
CUST04286,45,Male,Karachi,Bronze,Online,2019-02-06
CUST04287,39,Male,Abbottabad,Silver,Online,2018-02-24
CUST04288,23,Female,Faisalabad,Gold,In-Store,2018-07-28
CUST04289,54,Male,Hyderabad,Silver,In-Store,2016-02-12
CUST04290,52,Male,Peshawar,Silver,In-Store,2024-12-22
CUST04291,18,Male,Rawalpindi,Bronze,In-Store,2017-08-18
CUST04292,37,Male,Hyderabad,Bronze,Mobile App,2024-05-06
CUST04293,40,Female,Islamabad,Silver,Mobile App,2023-01-17
CUST04294,18,Female,Sialkot,Silver,Online,2016-03-03
CUST04295,18,Male,Rawalpindi,Gold,In-Store,2020-01-05
CUST04296,27,Male,Sukkur,Gold,In-Store,2019-04-24
CUST04297,20,Female,Faisalabad,Silver,Online,2020-05-23
CUST04298,24,Male,Islamabad,Silver,In-Store,2018-06-23
CUST04299,20,Other,Quetta,Silver,Online,2021-12-29
CUST04300,36,Female,Hyderabad,Silver,In-Store,2025-03-27
CUST04301,26,Female,Hyderabad,Silver,Mobile App,2018-06-10
CUST04302,52,Male,Rawalpindi,Silver,In-Store,2021-08-15
CUST04303,40,Female,Rawalpindi,Bronze,In-Store,2018-06-25
CUST04304,48,Male,Karachi,Platinum,In-Store,2024-10-16
CUST04305,18,Female,Karachi,Bronze,In-Store,2018-06-02
CUST04306,29,Female,Bahawalpur,Bronze,In-Store,2019-07-21
CUST04307,39,Female,Quetta,Platinum,Online,2018-07-18
CUST04308,43,Male,Multan,Silver,Mobile App,2021-10-21
CUST04309,29,Male,Multan,Gold,Online,2025-04-23
CUST04310,31,Female,Karachi,Bronze,Online,2016-07-11
CUST04311,32,Male,Rawalpindi,Silver,Mobile App,2018-08-09
CUST04312,34,Female,Bahawalpur,Gold,In-Store,2016-04-14
CUST04313,66,Male,Rawalpindi,Silver,Online,2021-01-06
CUST04314,42,Female,Multan,Platinum,In-Store,2021-09-28
CUST04315,38,Male,Islamabad,Silver,Online,2022-08-11
CUST04316,21,Female,Karachi,Silver,Online,2021-03-15
CUST04317,21,Male,Islamabad,Gold,Online,2023-04-28
CUST04318,35,Female,Karachi,Silver,In-Store,2024-10-29
CUST04319,52,Female,Multan,Bronze,In-Store,2015-06-09
CUST04320,35,Male,Abbottabad,Bronze,Mobile App,2022-07-22
CUST04321,35,Female,Islamabad,Bronze,Mobile App,2023-12-22
CUST04322,28,Female,Hyderabad,Silver,Online,2017-05-04
CUST04323,18,Male,Karachi,Platinum,In-Store,2015-12-18
CUST04324,43,Male,Faisalabad,Gold,In-Store,2020-09-23
CUST04325,34,Female,Peshawar,Silver,In-Store,2020-09-08
CUST04326,43,Female,Islamabad,Bronze,In-Store,2015-06-19
CUST04327,40,Male,Karachi,Gold,In-Store,2018-10-25
CUST04328,25,Female,Lahore,Silver,In-Store,2022-03-16
CUST04329,40,Male,Karachi,Gold,Online,2016-01-29
CUST04330,21,Male,Sukkur,Bronze,In-Store,2016-05-06
CUST04331,40,Female,Karachi,Silver,In-Store,2017-10-17
CUST04332,37,Male,Karachi,Silver,In-Store,2019-07-28
CUST04333,58,Female,Gujranwala,Bronze,Online,2019-11-06
CUST04334,26,Male,Lahore,Silver,In-Store,2015-06-04
CUST04335,20,Male,Islamabad,Bronze,Online,2018-10-07
CUST04336,32,Female,Islamabad,Bronze,In-Store,2022-05-02
CUST04337,45,Male,Sukkur,Bronze,In-Store,2020-02-01
CUST04338,18,Female,Bahawalpur,Silver,Online,2022-07-11
CUST04339,49,Female,Bahawalpur,Bronze,In-Store,2020-11-22
CUST04340,35,Female,Islamabad,Bronze,Online,2016-08-10
CUST04341,23,Female,Lahore,Silver,In-Store,2017-07-15
CUST04342,33,Female,Gujranwala,Silver,In-Store,2016-12-05
CUST04343,28,Male,Hyderabad,Silver,In-Store,2022-01-26
CUST04344,22,Female,Islamabad,Gold,In-Store,2018-07-19
CUST04345,18,Male,Multan,Bronze,In-Store,2020-07-12
CUST04346,47,Female,Islamabad,Bronze,Mobile App,2025-12-12
CUST04347,30,Female,Karachi,Silver,In-Store,2016-04-19
CUST04348,32,Male,Rawalpindi,Bronze,Online,2024-10-02
CUST04349,48,Female,Sukkur,Silver,In-Store,2021-06-06
CUST04350,38,Male,Hyderabad,Gold,Online,2020-02-05
CUST04351,18,Female,Karachi,Bronze,Mobile App,2022-03-09
CUST04352,46,Male,Islamabad,Bronze,In-Store,2023-11-15
CUST04353,57,Male,Karachi,Gold,Mobile App,2022-03-13
CUST04354,44,Female,Lahore,Silver,Mobile App,2015-01-17
CUST04355,26,Female,Lahore,Platinum,Mobile App,2024-12-15
CUST04356,18,Female,Karachi,Bronze,In-Store,2016-04-13
CUST04357,26,Female,Sukkur,Gold,Online,2020-03-14
CUST04358,39,Female,Hyderabad,Gold,In-Store,2023-01-05
CUST04359,56,Female,Bahawalpur,Platinum,In-Store,2023-11-13
CUST04360,28,Female,Sialkot,Bronze,In-Store,2024-11-07
CUST04361,29,Male,Sialkot,Silver,In-Store,2021-12-07
CUST04362,51,Female,Gujranwala,Silver,Online,2016-04-06
CUST04363,32,Male,Peshawar,Silver,In-Store,2019-01-21
CUST04364,60,Female,Lahore,Bronze,In-Store,2023-08-16
CUST04365,36,Female,Lahore,Silver,In-Store,2024-02-17
CUST04366,53,Female,Faisalabad,Bronze,Online,2015-08-27
CUST04367,42,Female,Peshawar,Bronze,Mobile App,2019-02-26
CUST04368,47,Female,Karachi,Gold,In-Store,2018-11-01
CUST04369,35,Male,Faisalabad,Silver,In-Store,2024-07-16
CUST04370,36,Female,Sukkur,Gold,In-Store,2023-06-10
CUST04371,43,Male,Karachi,Bronze,In-Store,2022-05-10
CUST04372,48,Male,Islamabad,Gold,In-Store,2020-04-06
CUST04373,44,Male,Abbottabad,Bronze,Online,2015-11-11
CUST04374,18,Female,Islamabad,Bronze,Online,2023-03-12
CUST04375,41,Male,Karachi,Gold,In-Store,2022-02-04
CUST04376,29,Female,Peshawar,Bronze,In-Store,2018-02-13
CUST04377,30,Male,Abbottabad,Bronze,In-Store,2018-09-13
CUST04378,43,Male,Lahore,Platinum,In-Store,2022-05-11
CUST04379,60,Male,Lahore,Bronze,Online,2015-06-15
CUST04380,34,Male,Rawalpindi,Platinum,Online,2023-09-08
CUST04381,63,Female,Faisalabad,Bronze,In-Store,2021-07-03
CUST04382,23,Male,Gujranwala,Bronze,In-Store,2017-03-09
CUST04383,54,Male,Abbottabad,Silver,In-Store,2020-11-24
CUST04384,43,Male,Gujranwala,Bronze,Mobile App,2017-01-17
CUST04385,40,Female,Lahore,Gold,In-Store,2018-04-17
CUST04386,55,Female,Gujranwala,Platinum,In-Store,2015-06-30
CUST04387,29,Male,Peshawar,Bronze,In-Store,2024-02-19
CUST04388,54,Female,Faisalabad,Silver,In-Store,2019-03-16
CUST04389,35,Male,Peshawar,Bronze,Online,2022-06-25
CUST04390,29,Female,Rawalpindi,Silver,In-Store,2015-02-26
CUST04391,20,Female,Peshawar,Silver,In-Store,2024-06-22
CUST04392,58,Male,Quetta,Silver,Mobile App,2020-10-19
CUST04393,52,Male,Karachi,Bronze,In-Store,2016-10-19
CUST04394,31,Male,Multan,Silver,In-Store,2018-01-19
CUST04395,45,Male,Karachi,Silver,In-Store,2019-06-12
CUST04396,39,Male,Islamabad,Bronze,Online,2025-11-18
CUST04397,33,Male,Rawalpindi,Silver,Mobile App,2024-12-04
CUST04398,50,Male,Abbottabad,Bronze,Online,2024-08-04
CUST04399,29,Male,Islamabad,Bronze,In-Store,2017-01-13
CUST04400,18,Male,Gujranwala,Bronze,In-Store,2021-01-17
CUST04401,41,Male,Islamabad,Bronze,In-Store,2015-05-12
CUST04402,38,Male,Lahore,Bronze,Mobile App,2024-11-21
CUST04403,30,Female,Rawalpindi,Bronze,Mobile App,2015-08-29
CUST04404,26,Male,Karachi,Gold,Online,2025-08-04
CUST04405,18,Male,Gujranwala,Bronze,Mobile App,2017-01-29
CUST04406,33,Female,Faisalabad,Bronze,Online,2021-08-08
CUST04407,26,Male,Peshawar,Silver,Online,2024-01-06
CUST04408,50,Male,Gujranwala,Gold,Online,2018-12-08
CUST04409,44,Female,Rawalpindi,Bronze,In-Store,2018-03-18
CUST04410,31,Male,Rawalpindi,Gold,Online,2024-09-16
CUST04411,44,Female,Lahore,Bronze,In-Store,2022-06-10
CUST04412,36,Female,Quetta,Silver,Mobile App,2017-12-07
CUST04413,34,Female,Hyderabad,Gold,In-Store,2015-01-21
CUST04414,37,Female,Multan,Silver,Online,2018-08-11
CUST04415,61,Male,Karachi,Platinum,In-Store,2017-10-13
CUST04416,46,Male,Quetta,Gold,Online,2022-02-24
CUST04417,34,Male,Peshawar,Bronze,Online,2019-04-21
CUST04418,49,Male,Islamabad,Bronze,Online,2015-05-13
CUST04419,49,Female,Rawalpindi,Gold,Mobile App,2022-03-06
CUST04420,41,Female,Faisalabad,Gold,In-Store,2016-04-16
CUST04421,33,Male,Gujranwala,Silver,Online,2016-04-28
CUST04422,32,Female,Peshawar,Bronze,In-Store,2021-02-06
CUST04423,24,Male,Faisalabad,Silver,Mobile App,2018-06-21
CUST04424,40,Other,Gujranwala,Bronze,Online,2016-07-13
CUST04425,30,Male,Hyderabad,Silver,In-Store,2022-02-24
CUST04426,32,Female,Karachi,Platinum,Mobile App,2024-06-02
CUST04427,46,Female,Karachi,Bronze,Online,2016-09-22
CUST04428,59,Female,Rawalpindi,Silver,Online,2024-08-12
CUST04429,42,Female,Sialkot,Bronze,In-Store,2015-10-07
CUST04430,36,Female,Karachi,Gold,In-Store,2020-08-22
CUST04431,37,Female,Hyderabad,Silver,Online,2022-12-04
CUST04432,52,Female,Karachi,Bronze,In-Store,2016-01-07
CUST04433,43,Male,Quetta,Silver,Online,2025-04-09
CUST04434,40,Female,Gujranwala,Gold,Online,2018-01-30
CUST04435,41,Female,Karachi,Gold,In-Store,2023-06-23
CUST04436,19,Male,Hyderabad,Bronze,In-Store,2021-06-03
CUST04437,43,Male,Hyderabad,Silver,Online,2018-12-27
CUST04438,26,Male,Karachi,Bronze,Online,2015-08-09
CUST04439,43,Male,Lahore,Silver,In-Store,2024-07-29
CUST04440,28,Female,Hyderabad,Silver,In-Store,2018-11-23
CUST04441,45,Female,Sargodha,Bronze,In-Store,2020-07-15
CUST04442,36,Male,Rawalpindi,Bronze,In-Store,2016-12-18
CUST04443,23,Female,Karachi,Bronze,In-Store,2019-07-02
CUST04444,34,Male,Lahore,Silver,In-Store,2021-05-04
CUST04445,66,Female,Islamabad,Gold,In-Store,2025-10-13
CUST04446,18,Female,Peshawar,Platinum,In-Store,2024-08-04
CUST04447,40,Male,Quetta,Platinum,Mobile App,2025-05-27
CUST04448,24,Male,Multan,Gold,Online,2024-11-20
CUST04449,55,Female,Sukkur,Silver,In-Store,2017-10-14
CUST04450,48,Female,Karachi,Gold,In-Store,2016-01-28
CUST04451,40,Male,Islamabad,Bronze,In-Store,2019-12-26
CUST04452,49,Female,Lahore,Silver,In-Store,2016-01-16
CUST04453,41,Male,Sialkot,Platinum,Mobile App,2022-06-12
CUST04454,38,Female,Peshawar,Silver,In-Store,2022-12-26
CUST04455,30,Female,Sukkur,Silver,Mobile App,2023-03-10
CUST04456,33,Male,Islamabad,Silver,In-Store,2015-01-25
CUST04457,31,Female,Hyderabad,Gold,In-Store,2015-01-30
CUST04458,38,Female,Faisalabad,Bronze,Mobile App,2020-06-20
CUST04459,18,Male,Karachi,Bronze,Online,2019-08-07
CUST04460,51,Female,Hyderabad,Platinum,Online,2022-04-05
CUST04461,63,Male,Lahore,Platinum,In-Store,2022-11-09
CUST04462,32,Male,Sialkot,Silver,In-Store,2019-04-11
CUST04463,53,Other,Faisalabad,Bronze,In-Store,2023-11-22
CUST04464,36,Female,Faisalabad,Gold,In-Store,2019-09-11
CUST04465,30,Male,Faisalabad,Gold,Online,2022-07-10
CUST04466,33,Female,Abbottabad,Bronze,Online,2019-11-03
CUST04467,39,Female,Multan,Gold,Mobile App,2015-11-16
CUST04468,28,Female,Karachi,Platinum,In-Store,2018-04-03
CUST04469,45,Male,Sargodha,Silver,In-Store,2025-08-23
CUST04470,31,Female,Lahore,Bronze,Mobile App,2019-08-18
CUST04471,24,Female,Rawalpindi,Gold,In-Store,2021-05-26
CUST04472,37,Female,Gujranwala,Silver,In-Store,2023-11-02
CUST04473,28,Male,Karachi,Gold,In-Store,2021-01-08
CUST04474,33,Female,Lahore,Silver,In-Store,2024-03-13
CUST04475,37,Male,Sukkur,Silver,In-Store,2016-06-30
CUST04476,20,Female,Karachi,Platinum,In-Store,2021-07-30
CUST04477,56,Male,Faisalabad,Silver,Online,2019-05-08
CUST04478,48,Female,Lahore,Silver,Online,2018-05-05
CUST04479,29,Female,Islamabad,Silver,In-Store,2019-03-23
CUST04480,37,Female,Gujranwala,Gold,In-Store,2019-06-18
CUST04481,46,Male,Sargodha,Silver,In-Store,2019-08-01
CUST04482,40,Female,Multan,Bronze,Online,2022-09-27
CUST04483,62,Male,Islamabad,Bronze,Online,2024-09-18
CUST04484,34,Male,Karachi,Silver,In-Store,2020-03-19
CUST04485,53,Female,Islamabad,Bronze,Online,2021-03-14
CUST04486,20,Female,Gujranwala,Gold,Online,2016-05-05
CUST04487,22,Female,Sialkot,Gold,In-Store,2019-08-19
CUST04488,59,Male,Islamabad,Gold,Mobile App,2022-04-24
CUST04489,32,Female,Lahore,Silver,Mobile App,2023-10-04
CUST04490,22,Male,Faisalabad,Bronze,In-Store,2016-01-11
CUST04491,37,Male,Hyderabad,Gold,Online,2020-11-17
CUST04492,54,Female,Faisalabad,Bronze,In-Store,2025-11-11
CUST04493,28,Female,Faisalabad,Silver,Online,2019-08-26
CUST04494,37,Male,Quetta,Bronze,In-Store,2018-07-12
CUST04495,18,Male,Karachi,Platinum,In-Store,2022-10-02
CUST04496,31,Male,Multan,Gold,Online,2016-09-28
CUST04497,50,Male,Karachi,Platinum,In-Store,2021-09-23
CUST04498,27,Female,Karachi,Platinum,Mobile App,2021-07-22
CUST04499,21,Male,Karachi,Bronze,Online,2019-04-01
CUST04500,27,Male,Multan,Gold,Online,2023-04-25
CUST04501,30,Male,Sargodha,Silver,In-Store,2017-12-20
CUST04502,47,Female,Karachi,Silver,In-Store,2022-11-26
CUST04503,42,Male,Rawalpindi,Silver,Online,2020-11-30
CUST04504,45,Male,Sukkur,Bronze,In-Store,2017-12-10
CUST04505,38,Female,Hyderabad,Silver,Online,2025-10-08
CUST04506,29,Female,Rawalpindi,Silver,Online,2020-12-10
CUST04507,27,Male,Sialkot,Bronze,Mobile App,2022-10-29
CUST04508,43,Female,Karachi,Silver,Online,2022-08-12
CUST04509,58,Female,Sialkot,Bronze,Online,2025-01-21
CUST04510,25,Female,Quetta,Gold,Online,2023-12-16
CUST04511,24,Male,Multan,Bronze,Online,2017-01-10
CUST04512,23,Male,Karachi,Silver,In-Store,2020-04-29
CUST04513,48,Male,Lahore,Bronze,In-Store,2022-07-14
CUST04514,37,Male,Lahore,Gold,Mobile App,2015-02-01
CUST04515,45,Male,Karachi,Gold,Online,2018-01-18
CUST04516,31,Male,Sukkur,Bronze,Mobile App,2019-08-25
CUST04517,46,Male,Lahore,Bronze,Online,2016-12-31
CUST04518,34,Male,Lahore,Silver,In-Store,2021-10-05
CUST04519,18,Male,Quetta,Platinum,Mobile App,2018-04-25
CUST04520,49,Male,Islamabad,Silver,In-Store,2016-07-19
CUST04521,37,Female,Islamabad,Gold,In-Store,2020-05-01
CUST04522,33,Female,Karachi,Gold,In-Store,2025-03-08
CUST04523,41,Other,Bahawalpur,Gold,Online,2016-08-30
CUST04524,19,Male,Abbottabad,Bronze,Online,2016-12-18
CUST04525,43,Male,Islamabad,Bronze,Online,2016-03-30
CUST04526,30,Male,Lahore,Silver,Online,2016-09-04
CUST04527,35,Female,Quetta,Silver,Online,2019-09-20
CUST04528,52,Male,Sialkot,Silver,In-Store,2015-01-05
CUST04529,46,Female,Karachi,Bronze,Online,2016-05-27
CUST04530,35,Female,Faisalabad,Bronze,In-Store,2017-10-01
CUST04531,36,Male,Lahore,Gold,Mobile App,2015-01-01
CUST04532,18,Male,Lahore,Bronze,In-Store,2024-03-12
CUST04533,27,Female,Faisalabad,Bronze,In-Store,2018-04-29
CUST04534,40,Female,Islamabad,Bronze,In-Store,2022-11-30
CUST04535,28,Female,Rawalpindi,Silver,In-Store,2022-06-10
CUST04536,20,Male,Islamabad,Silver,Online,2016-08-26
CUST04537,44,Male,Karachi,Silver,Online,2016-08-01
CUST04538,54,Female,Karachi,Silver,In-Store,2025-04-09
CUST04539,28,Male,Lahore,Silver,Online,2020-06-03
CUST04540,49,Female,Faisalabad,Bronze,Online,2022-01-15
CUST04541,47,Male,Lahore,Silver,Online,2022-09-06
CUST04542,25,Male,Multan,Gold,In-Store,2020-07-26
CUST04543,28,Male,Sialkot,Bronze,Mobile App,2022-02-28
CUST04544,61,Female,Sukkur,Bronze,In-Store,2016-05-18
CUST04545,23,Male,Sargodha,Bronze,Mobile App,2024-12-22
CUST04546,30,Male,Islamabad,Bronze,In-Store,2024-10-13
CUST04547,63,Male,Sargodha,Bronze,In-Store,2023-05-20
CUST04548,30,Female,Sukkur,Platinum,Online,2021-08-09
CUST04549,55,Male,Islamabad,Bronze,Online,2019-09-19
CUST04550,24,Female,Islamabad,Gold,In-Store,2016-07-06
CUST04551,39,Female,Lahore,Bronze,Mobile App,2018-12-02
CUST04552,52,Male,Sukkur,Bronze,In-Store,2020-04-21
CUST04553,31,Female,Faisalabad,Silver,In-Store,2023-07-21
CUST04554,39,Male,Lahore,Bronze,In-Store,2015-05-29
CUST04555,47,Female,Gujranwala,Platinum,Online,2019-10-08
CUST04556,26,Male,Hyderabad,Silver,Online,2015-11-03
CUST04557,67,Female,Peshawar,Gold,Mobile App,2021-11-20
CUST04558,51,Female,Islamabad,Bronze,In-Store,2017-01-17
CUST04559,33,Male,Lahore,Bronze,Online,2020-07-04
CUST04560,34,Male,Sialkot,Gold,Online,2019-09-09
CUST04561,62,Male,Sialkot,Bronze,In-Store,2020-10-27
CUST04562,33,Male,Faisalabad,Bronze,Online,2023-12-31
CUST04563,31,Female,Sialkot,Gold,In-Store,2017-01-06
CUST04564,52,Female,Lahore,Bronze,Online,2022-05-21
CUST04565,19,Male,Faisalabad,Silver,In-Store,2019-02-01
CUST04566,36,Male,Islamabad,Platinum,Online,2022-07-13
CUST04567,39,Female,Abbottabad,Silver,In-Store,2018-04-27
CUST04568,28,Male,Rawalpindi,Bronze,In-Store,2015-11-01
CUST04569,18,Female,Lahore,Platinum,In-Store,2018-08-06
CUST04570,38,Male,Lahore,Platinum,In-Store,2017-03-09
CUST04571,46,Female,Abbottabad,Silver,In-Store,2020-10-06
CUST04572,29,Female,Abbottabad,Gold,Online,2019-11-19
CUST04573,22,Male,Gujranwala,Gold,In-Store,2024-08-16
CUST04574,54,Female,Rawalpindi,Silver,Online,2025-04-28
CUST04575,44,Male,Peshawar,Bronze,In-Store,2016-11-19
CUST04576,33,Male,Quetta,Bronze,In-Store,2021-11-24
CUST04577,49,Female,Karachi,Bronze,Online,2016-07-10
CUST04578,41,Female,Karachi,Bronze,In-Store,2017-04-23
CUST04579,61,Female,Islamabad,Bronze,Online,2017-08-29
CUST04580,46,Female,Islamabad,Bronze,Online,2015-01-23
CUST04581,19,Male,Rawalpindi,Bronze,Online,2020-01-09
CUST04582,29,Male,Lahore,Silver,In-Store,2015-09-19
CUST04583,30,Male,Multan,Bronze,Online,2019-01-14
CUST04584,42,Male,Sialkot,Platinum,Online,2016-12-10
CUST04585,34,Male,Sukkur,Silver,Mobile App,2025-11-22
CUST04586,23,Female,Rawalpindi,Platinum,Online,2021-12-02
CUST04587,45,Male,Lahore,Bronze,In-Store,2015-09-25
CUST04588,51,Male,Karachi,Bronze,In-Store,2016-07-31
CUST04589,36,Female,Faisalabad,Gold,Online,2024-07-18
CUST04590,40,Female,Karachi,Silver,Mobile App,2015-06-17
CUST04591,25,Female,Hyderabad,Bronze,In-Store,2021-03-25
CUST04592,31,Female,Rawalpindi,Gold,In-Store,2021-04-28
CUST04593,31,Male,Multan,Silver,Online,2022-10-21
CUST04594,45,Male,Islamabad,Platinum,Online,2016-12-14
CUST04595,41,Female,Karachi,Silver,In-Store,2025-11-25
CUST04596,33,Female,Gujranwala,Silver,Online,2017-06-18
CUST04597,33,Female,Rawalpindi,Bronze,In-Store,2016-01-22
CUST04598,18,Female,Rawalpindi,Bronze,In-Store,2025-08-16
CUST04599,58,Male,Sialkot,Bronze,In-Store,2023-08-06
CUST04600,18,Male,Islamabad,Bronze,In-Store,2023-12-16
CUST04601,43,Female,Peshawar,Gold,Mobile App,2024-11-29
CUST04602,38,Female,Quetta,Bronze,Mobile App,2024-03-09
CUST04603,34,Male,Abbottabad,Gold,Online,2025-09-24
CUST04604,37,Female,Sialkot,Platinum,In-Store,2015-05-08
CUST04605,29,Other,Karachi,Silver,Online,2017-12-03
CUST04606,46,Male,Multan,Silver,Mobile App,2025-09-05
CUST04607,20,Male,Multan,Gold,Mobile App,2020-06-23
CUST04608,42,Male,Karachi,Silver,In-Store,2020-04-17
CUST04609,29,Male,Sialkot,Gold,Online,2020-02-17
CUST04610,32,Female,Islamabad,Gold,In-Store,2015-12-18
CUST04611,32,Female,Multan,Bronze,Online,2021-01-07
CUST04612,35,Male,Lahore,Silver,In-Store,2018-06-18
CUST04613,44,Female,Lahore,Bronze,Online,2018-05-28
CUST04614,37,Male,Islamabad,Silver,Online,2016-02-14
CUST04615,50,Female,Lahore,Bronze,In-Store,2023-07-12
CUST04616,51,Female,Abbottabad,Silver,Online,2018-08-08
CUST04617,42,Female,Quetta,Gold,In-Store,2020-08-23
CUST04618,46,Male,Karachi,Bronze,Mobile App,2016-05-27
CUST04619,64,Female,Islamabad,Bronze,In-Store,2016-01-04
CUST04620,19,Female,Bahawalpur,Silver,In-Store,2017-10-01
CUST04621,51,Female,Multan,Bronze,Online,2016-12-06
CUST04622,58,Female,Rawalpindi,Bronze,Mobile App,2015-09-29
CUST04623,43,Female,Faisalabad,Bronze,Online,2021-12-21
CUST04624,62,Male,Lahore,Bronze,Mobile App,2017-10-26
CUST04625,61,Male,Islamabad,Bronze,In-Store,2021-05-30
CUST04626,33,Male,Lahore,Silver,In-Store,2018-09-30
CUST04627,34,Female,Quetta,Gold,Mobile App,2023-04-14
CUST04628,44,Female,Lahore,Silver,In-Store,2025-01-21
CUST04629,29,Female,Rawalpindi,Bronze,Mobile App,2025-07-06
CUST04630,73,Male,Bahawalpur,Bronze,Mobile App,2017-01-29
CUST04631,48,Female,Rawalpindi,Bronze,In-Store,2022-03-03
CUST04632,38,Male,Islamabad,Silver,Online,2024-02-09
CUST04633,19,Male,Rawalpindi,Silver,Online,2022-05-09
CUST04634,41,Female,Lahore,Bronze,In-Store,2023-12-30
CUST04635,22,Female,Quetta,Silver,In-Store,2017-02-10
CUST04636,47,Male,Peshawar,Bronze,Mobile App,2021-03-04
CUST04637,18,Female,Lahore,Gold,In-Store,2015-03-09
CUST04638,55,Female,Rawalpindi,Bronze,In-Store,2019-10-25
CUST04639,32,Male,Faisalabad,Platinum,In-Store,2016-03-20
CUST04640,18,Female,Sukkur,Bronze,In-Store,2019-05-30
CUST04641,37,Male,Islamabad,Bronze,In-Store,2022-07-17
CUST04642,38,Female,Multan,Bronze,In-Store,2025-01-06
CUST04643,37,Female,Sargodha,Bronze,Online,2017-02-12
CUST04644,55,Male,Lahore,Silver,Mobile App,2025-06-29
CUST04645,42,Male,Quetta,Silver,In-Store,2016-01-22
CUST04646,48,Male,Peshawar,Silver,Online,2022-09-17
CUST04647,34,Female,Karachi,Bronze,Online,2025-01-15
CUST04648,43,Female,Abbottabad,Bronze,Online,2024-07-02
CUST04649,20,Female,Sialkot,Silver,In-Store,2019-02-02
CUST04650,41,Male,Rawalpindi,Platinum,In-Store,2023-08-17
CUST04651,28,Female,Faisalabad,Silver,In-Store,2022-05-28
CUST04652,55,Female,Islamabad,Platinum,Online,2022-11-10
CUST04653,38,Male,Lahore,Platinum,In-Store,2023-05-15
CUST04654,46,Male,Sukkur,Bronze,In-Store,2017-08-27
CUST04655,41,Male,Multan,Platinum,In-Store,2019-03-12
CUST04656,61,Male,Islamabad,Gold,Online,2019-07-24
CUST04657,18,Male,Hyderabad,Bronze,Online,2021-11-28
CUST04658,36,Male,Rawalpindi,Gold,In-Store,2017-09-27
CUST04659,25,Female,Lahore,Silver,In-Store,2016-06-19
CUST04660,18,Male,Karachi,Bronze,In-Store,2023-04-15
CUST04661,24,Male,Sargodha,Bronze,In-Store,2019-01-13
CUST04662,53,Female,Islamabad,Gold,In-Store,2018-04-24
CUST04663,37,Female,Islamabad,Bronze,In-Store,2025-12-15
CUST04664,35,Male,Faisalabad,Platinum,Mobile App,2022-09-28
CUST04665,48,Female,Multan,Gold,In-Store,2022-09-27
CUST04666,39,Male,Rawalpindi,Silver,Online,2018-08-22
CUST04667,45,Male,Sargodha,Silver,Online,2016-06-05
CUST04668,42,Male,Islamabad,Platinum,In-Store,2015-09-09
CUST04669,45,Male,Karachi,Bronze,In-Store,2023-07-07
CUST04670,32,Male,Abbottabad,Gold,In-Store,2024-10-24
CUST04671,51,Female,Lahore,Silver,In-Store,2024-04-15
CUST04672,22,Female,Sargodha,Gold,Mobile App,2019-07-26
CUST04673,36,Male,Hyderabad,Bronze,Mobile App,2019-03-10
CUST04674,52,Male,Sialkot,Gold,Mobile App,2017-07-13
CUST04675,35,Male,Karachi,Gold,In-Store,2024-08-03
CUST04676,32,Female,Karachi,Silver,In-Store,2020-11-20
CUST04677,67,Female,Lahore,Bronze,Online,2016-04-07
CUST04678,56,Male,Islamabad,Bronze,In-Store,2016-06-18
CUST04679,39,Female,Gujranwala,Gold,In-Store,2015-08-17
CUST04680,25,Male,Islamabad,Bronze,In-Store,2015-02-15
CUST04681,18,Female,Karachi,Gold,In-Store,2022-10-06
CUST04682,47,Male,Karachi,Silver,In-Store,2015-04-08
CUST04683,54,Female,Rawalpindi,Bronze,In-Store,2023-02-02
CUST04684,43,Female,Karachi,Bronze,Online,2025-11-24
CUST04685,18,Female,Sialkot,Bronze,Online,2024-02-23
CUST04686,40,Female,Lahore,Platinum,In-Store,2023-10-03
CUST04687,31,Male,Faisalabad,Silver,In-Store,2023-08-15
CUST04688,40,Male,Gujranwala,Gold,In-Store,2024-04-17
CUST04689,63,Female,Faisalabad,Platinum,In-Store,2015-09-30
CUST04690,48,Female,Sukkur,Bronze,Online,2020-05-30
CUST04691,45,Female,Hyderabad,Bronze,In-Store,2018-08-07
CUST04692,37,Female,Lahore,Silver,In-Store,2020-11-03
CUST04693,43,Male,Karachi,Silver,Online,2019-03-04
CUST04694,28,Female,Sukkur,Bronze,In-Store,2017-01-10
CUST04695,45,Female,Peshawar,Silver,In-Store,2021-09-10
CUST04696,35,Male,Bahawalpur,Silver,In-Store,2020-06-24
CUST04697,27,Male,Karachi,Bronze,In-Store,2017-05-02
CUST04698,48,Male,Abbottabad,Silver,In-Store,2021-05-19
CUST04699,18,Male,Abbottabad,Bronze,Mobile App,2016-08-21
CUST04700,30,Female,Lahore,Silver,Online,2024-01-19
CUST04701,45,Female,Karachi,Silver,In-Store,2021-08-25
CUST04702,53,Female,Islamabad,Bronze,Online,2024-05-21
CUST04703,44,Female,Rawalpindi,Gold,Mobile App,2020-03-08
CUST04704,29,Female,Lahore,Silver,In-Store,2024-01-05
CUST04705,37,Female,Karachi,Bronze,In-Store,2017-08-27
CUST04706,41,Male,Sukkur,Bronze,In-Store,2025-06-26
CUST04707,58,Male,Lahore,Bronze,Online,2025-10-06
CUST04708,49,Female,Sukkur,Gold,In-Store,2024-12-14
CUST04709,50,Male,Lahore,Bronze,In-Store,2023-03-22
CUST04710,38,Male,Hyderabad,Silver,Online,2018-01-20
CUST04711,24,Female,Lahore,Silver,In-Store,2021-11-23
CUST04712,19,Female,Karachi,Silver,Online,2017-03-01
CUST04713,34,Male,Gujranwala,Bronze,Online,2019-01-31
CUST04714,47,Female,Lahore,Bronze,Online,2019-02-17
CUST04715,31,Female,Islamabad,Bronze,Online,2016-08-08
CUST04716,45,Female,Rawalpindi,Bronze,Mobile App,2015-12-03
CUST04717,27,Female,Multan,Silver,Online,2017-06-06
CUST04718,29,Male,Peshawar,Gold,Online,2024-02-19
CUST04719,56,Female,Karachi,Bronze,Mobile App,2021-01-20
CUST04720,47,Female,Sargodha,Bronze,In-Store,2020-02-14
CUST04721,34,Male,Karachi,Gold,In-Store,2025-04-20
CUST04722,27,Female,Hyderabad,Bronze,Online,2016-04-27
CUST04723,50,Female,Quetta,Silver,In-Store,2016-07-25
CUST04724,49,Female,Lahore,Silver,In-Store,2020-01-05
CUST04725,46,Female,Multan,Silver,Online,2022-08-23
CUST04726,35,Male,Faisalabad,Gold,In-Store,2021-01-25
CUST04727,23,Male,Peshawar,Platinum,In-Store,2024-06-25
CUST04728,37,Male,Quetta,Bronze,Online,2018-12-23
CUST04729,56,Male,Faisalabad,Bronze,In-Store,2022-08-23
CUST04730,26,Male,Quetta,Silver,In-Store,2018-06-19
CUST04731,38,Female,Lahore,Bronze,In-Store,2017-11-01
CUST04732,59,Male,Peshawar,Silver,In-Store,2019-11-13
CUST04733,34,Female,Rawalpindi,Gold,Online,2021-06-06
CUST04734,36,Male,Sargodha,Bronze,Mobile App,2017-10-01
CUST04735,20,Male,Hyderabad,Silver,In-Store,2025-07-17
CUST04736,46,Male,Karachi,Bronze,In-Store,2019-02-22
CUST04737,28,Male,Sialkot,Gold,Online,2020-06-04
CUST04738,18,Male,Multan,Silver,In-Store,2022-10-06
CUST04739,25,Female,Quetta,Bronze,Online,2018-06-27
CUST04740,40,Male,Lahore,Silver,Mobile App,2024-12-08
CUST04741,18,Female,Gujranwala,Bronze,In-Store,2023-05-11
CUST04742,19,Male,Karachi,Silver,In-Store,2015-08-01
CUST04743,45,Male,Sukkur,Bronze,In-Store,2019-05-25
CUST04744,37,Female,Rawalpindi,Bronze,In-Store,2025-09-02
CUST04745,26,Male,Karachi,Bronze,Online,2023-05-18
CUST04746,33,Male,Quetta,Bronze,In-Store,2019-08-25
CUST04747,60,Male,Islamabad,Bronze,In-Store,2025-07-13
CUST04748,54,Female,Lahore,Gold,In-Store,2024-04-15
CUST04749,36,Male,Peshawar,Silver,Online,2020-08-15
CUST04750,48,Male,Islamabad,Bronze,In-Store,2022-04-02
CUST04751,39,Female,Lahore,Silver,In-Store,2022-10-27
CUST04752,18,Female,Multan,Silver,Online,2024-01-23
CUST04753,18,Female,Islamabad,Silver,In-Store,2016-10-09
CUST04754,26,Male,Karachi,Bronze,In-Store,2016-09-14
CUST04755,18,Female,Lahore,Silver,In-Store,2019-02-10
CUST04756,41,Female,Rawalpindi,Bronze,In-Store,2016-05-19
CUST04757,30,Male,Multan,Bronze,Mobile App,2017-04-22
CUST04758,43,Female,Faisalabad,Gold,In-Store,2015-07-09
CUST04759,43,Female,Bahawalpur,Bronze,In-Store,2025-04-02
CUST04760,46,Male,Islamabad,Gold,In-Store,2017-05-24
CUST04761,25,Female,Sukkur,Bronze,In-Store,2017-11-19
CUST04762,44,Male,Rawalpindi,Bronze,In-Store,2022-02-05
CUST04763,25,Female,Peshawar,Silver,In-Store,2018-09-30
CUST04764,47,Female,Faisalabad,Bronze,In-Store,2020-07-13
CUST04765,53,Male,Karachi,Gold,In-Store,2015-03-02
CUST04766,47,Male,Rawalpindi,Bronze,In-Store,2022-04-28
CUST04767,35,Male,Peshawar,Silver,In-Store,2025-05-20
CUST04768,45,Male,Lahore,Gold,Online,2025-09-12
CUST04769,18,Female,Islamabad,Bronze,In-Store,2025-02-05
CUST04770,18,Male,Quetta,Gold,In-Store,2016-10-09
CUST04771,44,Male,Quetta,Silver,Online,2017-08-09
CUST04772,55,Male,Faisalabad,Platinum,Mobile App,2017-06-09
CUST04773,21,Male,Quetta,Bronze,Mobile App,2023-10-28
CUST04774,38,Female,Hyderabad,Bronze,In-Store,2017-06-21
CUST04775,43,Female,Faisalabad,Gold,In-Store,2022-10-05
CUST04776,30,Female,Quetta,Silver,Online,2022-12-19
CUST04777,33,Male,Karachi,Gold,Mobile App,2025-05-12
CUST04778,45,Female,Karachi,Silver,Online,2015-05-07
CUST04779,39,Male,Multan,Silver,In-Store,2016-05-15
CUST04780,39,Male,Peshawar,Platinum,Online,2018-09-15
CUST04781,25,Female,Lahore,Silver,In-Store,2023-02-02
CUST04782,37,Male,Multan,Gold,In-Store,2021-01-15
CUST04783,32,Male,Karachi,Platinum,Mobile App,2018-07-12
CUST04784,33,Male,Sialkot,Gold,Mobile App,2015-02-24
CUST04785,30,Female,Islamabad,Gold,Online,2015-03-27
CUST04786,37,Male,Multan,Bronze,In-Store,2025-04-02
CUST04787,26,Female,Abbottabad,Bronze,In-Store,2025-12-28
CUST04788,38,Male,Faisalabad,Gold,In-Store,2025-07-30
CUST04789,33,Male,Faisalabad,Platinum,In-Store,2023-02-05
CUST04790,25,Female,Karachi,Silver,In-Store,2024-01-14
CUST04791,18,Female,Karachi,Gold,In-Store,2020-07-30
CUST04792,50,Female,Bahawalpur,Bronze,In-Store,2020-03-08
CUST04793,47,Male,Sukkur,Bronze,Mobile App,2025-08-16
CUST04794,27,Female,Gujranwala,Bronze,In-Store,2021-06-07
CUST04795,46,Female,Abbottabad,Bronze,In-Store,2023-06-14
CUST04796,24,Other,Karachi,Bronze,In-Store,2015-04-13
CUST04797,34,Female,Sialkot,Bronze,Online,2017-03-03
CUST04798,31,Male,Karachi,Silver,In-Store,2023-11-09
CUST04799,34,Female,Peshawar,Silver,Online,2020-01-12
CUST04800,46,Male,Quetta,Silver,Online,2015-02-20
CUST04801,32,Female,Quetta,Bronze,In-Store,2021-10-11
CUST04802,33,Female,Lahore,Silver,Online,2021-12-01
CUST04803,47,Male,Sukkur,Bronze,In-Store,2018-02-13
CUST04804,38,Male,Faisalabad,Silver,Online,2015-12-26
CUST04805,30,Male,Bahawalpur,Bronze,Mobile App,2019-07-12
CUST04806,41,Male,Rawalpindi,Gold,In-Store,2023-09-17
CUST04807,50,Male,Islamabad,Bronze,In-Store,2015-01-31
CUST04808,51,Female,Sukkur,Bronze,Mobile App,2020-10-28
CUST04809,20,Male,Gujranwala,Bronze,Mobile App,2021-02-03
CUST04810,21,Male,Karachi,Bronze,In-Store,2016-09-23
CUST04811,50,Female,Rawalpindi,Bronze,In-Store,2020-01-09
CUST04812,34,Male,Karachi,Platinum,Online,2015-09-27
CUST04813,18,Female,Sukkur,Bronze,In-Store,2018-11-23
CUST04814,28,Male,Rawalpindi,Silver,In-Store,2017-09-13
CUST04815,32,Female,Lahore,Bronze,Online,2020-07-06
CUST04816,33,Female,Karachi,Gold,In-Store,2025-08-30
CUST04817,47,Male,Lahore,Silver,Online,2017-06-07
CUST04818,25,Male,Islamabad,Bronze,Online,2016-05-01
CUST04819,50,Male,Abbottabad,Bronze,In-Store,2021-02-10
CUST04820,41,Male,Abbottabad,Silver,In-Store,2020-01-05
CUST04821,21,Male,Rawalpindi,Silver,In-Store,2015-05-22
CUST04822,33,Female,Bahawalpur,Silver,In-Store,2017-12-29
CUST04823,44,Female,Gujranwala,Silver,In-Store,2022-01-15
CUST04824,38,Male,Sialkot,Gold,Online,2022-04-14
CUST04825,42,Female,Lahore,Bronze,In-Store,2024-01-08
CUST04826,30,Male,Sialkot,Bronze,In-Store,2023-06-08
CUST04827,45,Male,Abbottabad,Gold,Online,2019-04-10
CUST04828,32,Male,Hyderabad,Bronze,In-Store,2025-04-27
CUST04829,71,Male,Faisalabad,Platinum,In-Store,2019-07-06
CUST04830,20,Male,Karachi,Gold,Mobile App,2020-02-14
CUST04831,73,Male,Islamabad,Gold,Online,2016-07-23
CUST04832,25,Male,Peshawar,Platinum,In-Store,2020-02-01
CUST04833,54,Female,Karachi,Gold,In-Store,2025-05-07
CUST04834,48,Female,Rawalpindi,Bronze,In-Store,2018-01-26
CUST04835,26,Female,Quetta,Silver,Online,2025-11-22
CUST04836,45,Male,Sukkur,Bronze,Online,2023-03-23
CUST04837,31,Female,Quetta,Silver,Online,2017-05-08
CUST04838,41,Male,Multan,Bronze,Online,2025-11-30
CUST04839,39,Male,Lahore,Bronze,In-Store,2024-03-15
CUST04840,33,Male,Peshawar,Silver,Online,2018-12-03
CUST04841,32,Male,Hyderabad,Gold,Online,2024-09-25
CUST04842,42,Male,Rawalpindi,Bronze,Online,2022-09-24
CUST04843,26,Female,Sukkur,Bronze,In-Store,2015-02-25
CUST04844,26,Female,Islamabad,Silver,Online,2023-06-26
CUST04845,50,Male,Peshawar,Silver,Online,2024-09-01
CUST04846,43,Female,Hyderabad,Bronze,In-Store,2023-12-15
CUST04847,21,Male,Sukkur,Bronze,Online,2020-01-22
CUST04848,24,Male,Rawalpindi,Silver,In-Store,2021-08-26
CUST04849,18,Male,Rawalpindi,Gold,In-Store,2023-04-22
CUST04850,49,Male,Sargodha,Bronze,Online,2019-06-18
CUST04851,46,Male,Rawalpindi,Platinum,In-Store,2019-05-09
CUST04852,23,Male,Karachi,Platinum,Mobile App,2021-07-03
CUST04853,46,Male,Rawalpindi,Silver,In-Store,2015-03-10
CUST04854,63,Female,Multan,Platinum,Mobile App,2016-02-08
CUST04855,18,Female,Sialkot,Bronze,In-Store,2024-06-19
CUST04856,30,Other,Karachi,Silver,In-Store,2025-09-01
CUST04857,18,Male,Multan,Gold,In-Store,2019-12-01
CUST04858,50,Male,Multan,Bronze,In-Store,2016-09-18
CUST04859,36,Female,Peshawar,Gold,Online,2016-05-06
CUST04860,32,Female,Lahore,Platinum,Online,2017-05-26
CUST04861,40,Male,Sialkot,Silver,Online,2019-04-12
CUST04862,30,Female,Gujranwala,Bronze,Mobile App,2021-08-02
CUST04863,32,Female,Karachi,Bronze,In-Store,2018-02-16
CUST04864,41,Male,Sialkot,Bronze,Online,2020-12-07
CUST04865,30,Female,Multan,Bronze,Mobile App,2022-06-26
CUST04866,31,Male,Rawalpindi,Gold,In-Store,2015-09-22
CUST04867,35,Male,Sialkot,Bronze,In-Store,2021-03-07
CUST04868,39,Male,Karachi,Platinum,In-Store,2021-02-28
CUST04869,45,Female,Islamabad,Gold,Mobile App,2022-11-23
CUST04870,45,Male,Sukkur,Gold,Mobile App,2022-04-25
CUST04871,18,Female,Karachi,Silver,Online,2025-08-26
CUST04872,56,Male,Bahawalpur,Bronze,In-Store,2020-04-10
CUST04873,38,Male,Multan,Gold,In-Store,2017-08-19
CUST04874,33,Female,Karachi,Bronze,Mobile App,2021-05-08
CUST04875,26,Male,Karachi,Bronze,In-Store,2016-12-18
CUST04876,63,Female,Karachi,Gold,In-Store,2016-04-10
CUST04877,68,Female,Sialkot,Bronze,In-Store,2022-05-04
CUST04878,62,Female,Lahore,Silver,Mobile App,2024-11-14
CUST04879,39,Other,Multan,Bronze,Online,2021-03-19
CUST04880,42,Male,Hyderabad,Bronze,Online,2025-12-07
CUST04881,57,Female,Bahawalpur,Silver,In-Store,2021-02-21
CUST04882,34,Female,Hyderabad,Bronze,In-Store,2021-10-04
CUST04883,45,Female,Faisalabad,Silver,Online,2021-12-20
CUST04884,40,Male,Karachi,Bronze,In-Store,2021-01-19
CUST04885,62,Other,Islamabad,Silver,Online,2017-12-04
CUST04886,56,Male,Islamabad,Bronze,In-Store,2022-09-16
CUST04887,36,Female,Abbottabad,Bronze,In-Store,2020-12-03
CUST04888,57,Female,Gujranwala,Gold,Online,2024-09-25
CUST04889,37,Male,Islamabad,Silver,In-Store,2016-07-26
CUST04890,30,Male,Rawalpindi,Bronze,In-Store,2017-01-11
CUST04891,34,Male,Lahore,Bronze,Online,2021-12-28
CUST04892,39,Female,Islamabad,Bronze,In-Store,2020-06-18
CUST04893,27,Female,Karachi,Silver,In-Store,2019-06-03
CUST04894,31,Male,Hyderabad,Silver,In-Store,2019-06-14
CUST04895,19,Female,Faisalabad,Bronze,Mobile App,2022-03-29
CUST04896,27,Female,Multan,Bronze,Online,2016-10-05
CUST04897,41,Male,Lahore,Gold,Online,2020-04-19
CUST04898,51,Male,Rawalpindi,Bronze,Mobile App,2019-07-14
CUST04899,49,Male,Rawalpindi,Silver,In-Store,2021-03-09
CUST04900,43,Male,Karachi,Platinum,In-Store,2024-08-28
CUST04901,18,Female,Karachi,Gold,Online,2015-06-17
CUST04902,26,Female,Multan,Bronze,Mobile App,2016-04-01
CUST04903,35,Female,Multan,Bronze,Mobile App,2020-04-04
CUST04904,50,Male,Peshawar,Bronze,In-Store,2016-12-29
CUST04905,30,Female,Sukkur,Bronze,In-Store,2021-02-21
CUST04906,22,Male,Abbottabad,Silver,In-Store,2022-01-21
CUST04907,56,Female,Hyderabad,Silver,In-Store,2025-09-12
CUST04908,28,Other,Karachi,Silver,In-Store,2017-05-03
CUST04909,23,Female,Islamabad,Gold,In-Store,2016-11-14
CUST04910,40,Female,Sialkot,Bronze,In-Store,2016-11-27
CUST04911,37,Male,Bahawalpur,Bronze,In-Store,2023-03-16
CUST04912,31,Male,Bahawalpur,Silver,In-Store,2025-02-28
CUST04913,38,Female,Peshawar,Gold,In-Store,2018-06-06
CUST04914,25,Male,Hyderabad,Silver,In-Store,2019-11-03
CUST04915,31,Female,Karachi,Bronze,In-Store,2025-11-11
CUST04916,37,Male,Islamabad,Gold,Online,2017-05-10
CUST04917,18,Female,Karachi,Bronze,Mobile App,2015-07-21
CUST04918,50,Male,Lahore,Silver,Online,2020-07-26
CUST04919,20,Male,Sialkot,Bronze,In-Store,2021-03-03
CUST04920,25,Female,Lahore,Silver,In-Store,2015-09-27
CUST04921,51,Female,Sialkot,Platinum,Online,2021-05-06
CUST04922,45,Male,Sialkot,Silver,In-Store,2017-07-24
CUST04923,39,Female,Sukkur,Silver,Online,2016-07-03
CUST04924,18,Female,Abbottabad,Silver,Online,2021-04-08
CUST04925,30,Female,Sialkot,Gold,In-Store,2024-06-23
CUST04926,35,Male,Peshawar,Silver,In-Store,2016-12-30
CUST04927,36,Female,Gujranwala,Bronze,Online,2016-08-14
CUST04928,52,Female,Lahore,Gold,In-Store,2025-02-27
CUST04929,63,Female,Sialkot,Silver,In-Store,2023-11-15
CUST04930,45,Female,Bahawalpur,Platinum,In-Store,2017-09-09
CUST04931,31,Male,Rawalpindi,Gold,In-Store,2018-03-19
CUST04932,53,Female,Karachi,Gold,In-Store,2018-02-24
CUST04933,30,Female,Islamabad,Silver,Online,2019-10-21
CUST04934,18,Male,Karachi,Platinum,In-Store,2022-10-13
CUST04935,21,Female,Multan,Gold,In-Store,2023-08-16
CUST04936,18,Female,Hyderabad,Silver,In-Store,2024-07-11
CUST04937,33,Female,Karachi,Bronze,In-Store,2025-12-06
CUST04938,35,Male,Rawalpindi,Bronze,In-Store,2015-11-28
CUST04939,18,Male,Peshawar,Bronze,In-Store,2022-03-25
CUST04940,26,Male,Bahawalpur,Bronze,In-Store,2021-02-15
CUST04941,19,Male,Lahore,Bronze,In-Store,2024-11-06
CUST04942,36,Female,Faisalabad,Bronze,In-Store,2023-01-26
CUST04943,26,Female,Karachi,Bronze,Online,2024-02-16
CUST04944,51,Female,Islamabad,Gold,In-Store,2024-07-07
CUST04945,40,Male,Islamabad,Bronze,In-Store,2023-11-16
CUST04946,58,Female,Lahore,Silver,In-Store,2015-12-19
CUST04947,32,Female,Karachi,Platinum,In-Store,2021-11-01
CUST04948,65,Female,Islamabad,Silver,In-Store,2025-12-10
CUST04949,38,Female,Karachi,Bronze,In-Store,2020-02-04
CUST04950,31,Male,Bahawalpur,Silver,In-Store,2016-02-03
CUST04951,69,Female,Sargodha,Silver,Mobile App,2015-07-09
CUST04952,18,Female,Hyderabad,Bronze,In-Store,2023-11-02
CUST04953,30,Female,Karachi,Bronze,Mobile App,2024-05-19
CUST04954,18,Female,Islamabad,Platinum,In-Store,2016-08-16
CUST04955,18,Male,Rawalpindi,Silver,Online,2025-07-19
CUST04956,18,Male,Islamabad,Platinum,In-Store,2021-10-15
CUST04957,46,Male,Gujranwala,Silver,In-Store,2018-08-04
CUST04958,20,Male,Peshawar,Bronze,Mobile App,2018-09-28
CUST04959,34,Male,Lahore,Gold,Mobile App,2017-07-24
CUST04960,49,Female,Karachi,Gold,Online,2018-09-28
CUST04961,44,Female,Multan,Bronze,Online,2016-03-30
CUST04962,43,Male,Hyderabad,Bronze,In-Store,2019-01-27
CUST04963,53,Female,Peshawar,Silver,In-Store,2016-09-14
CUST04964,58,Male,Lahore,Platinum,In-Store,2022-11-30
CUST04965,21,Male,Faisalabad,Gold,Online,2022-12-16
CUST04966,44,Female,Faisalabad,Silver,In-Store,2019-04-08
CUST04967,34,Male,Gujranwala,Gold,Mobile App,2025-12-15
CUST04968,36,Male,Rawalpindi,Bronze,Online,2025-04-09
CUST04969,18,Female,Quetta,Silver,In-Store,2023-06-03
CUST04970,31,Male,Lahore,Gold,In-Store,2017-03-11
CUST04971,32,Male,Karachi,Bronze,In-Store,2020-04-27
CUST04972,56,Female,Sialkot,Bronze,In-Store,2015-01-21
CUST04973,22,Female,Abbottabad,Silver,Mobile App,2015-07-29
CUST04974,18,Male,Abbottabad,Platinum,Mobile App,2016-12-05
CUST04975,37,Male,Sialkot,Platinum,Online,2022-08-06
CUST04976,21,Female,Peshawar,Silver,In-Store,2025-07-20
CUST04977,36,Female,Islamabad,Silver,Mobile App,2015-03-25
CUST04978,46,Female,Bahawalpur,Silver,Mobile App,2022-01-19
CUST04979,36,Female,Rawalpindi,Bronze,Online,2020-01-28
CUST04980,32,Female,Quetta,Silver,In-Store,2021-10-05
CUST04981,35,Male,Faisalabad,Silver,In-Store,2019-09-02
CUST04982,49,Female,Sukkur,Bronze,In-Store,2025-10-02
CUST04983,22,Male,Peshawar,Gold,In-Store,2017-09-12
CUST04984,47,Female,Islamabad,Silver,Online,2019-12-27
CUST04985,24,Female,Bahawalpur,Gold,Online,2022-09-16
CUST04986,45,Female,Lahore,Silver,Mobile App,2018-06-10
CUST04987,18,Male,Lahore,Bronze,In-Store,2025-11-07
CUST04988,45,Female,Islamabad,Bronze,In-Store,2015-02-10
CUST04989,36,Male,Islamabad,Platinum,In-Store,2021-11-13
CUST04990,39,Female,Gujranwala,Silver,In-Store,2018-01-26
CUST04991,50,Female,Rawalpindi,Silver,In-Store,2016-04-06
CUST04992,27,Male,Sukkur,Gold,Online,2020-04-02
CUST04993,37,Male,Islamabad,Gold,Online,2021-07-24
CUST04994,41,Male,Islamabad,Platinum,Online,2015-01-07
CUST04995,34,Female,Sialkot,Silver,In-Store,2021-12-18
CUST04996,47,Male,Lahore,Bronze,Online,2024-06-21
CUST04997,42,Female,Karachi,Bronze,Online,2015-01-31
CUST04998,30,Female,Karachi,Silver,In-Store,2021-01-06
CUST04999,54,Male,Lahore,Bronze,Online,2025-08-09
CUST05000,45,Male,Multan,Platinum,In-Store,2024-09-02
CUST05001,27,Female,Karachi,Platinum,In-Store,2020-03-13
CUST05002,26,Female,Peshawar,Silver,In-Store,2022-10-20
CUST05003,35,Male,Sialkot,Bronze,Online,2018-05-28
CUST05004,43,Male,Sialkot,Bronze,Online,2021-11-21
CUST05005,18,Female,Peshawar,Bronze,Online,2016-07-13
CUST05006,27,Female,Rawalpindi,Bronze,In-Store,2022-10-26
CUST05007,30,Male,Abbottabad,Gold,In-Store,2020-02-12
CUST05008,19,Female,Karachi,Platinum,Online,2023-02-21
CUST05009,24,Male,Sialkot,Bronze,In-Store,2023-11-27
CUST05010,39,Female,Islamabad,Platinum,Online,2019-05-30
CUST05011,31,Male,Gujranwala,Platinum,In-Store,2018-03-25
CUST05012,32,Female,Multan,Gold,Online,2022-11-22
CUST05013,20,Female,Karachi,Silver,Online,2019-03-26
CUST05014,35,Male,Hyderabad,Bronze,Online,2024-07-15
CUST05015,18,Female,Karachi,Silver,In-Store,2020-02-27
CUST05016,56,Male,Gujranwala,Silver,In-Store,2023-04-08
CUST05017,60,Male,Multan,Bronze,In-Store,2025-06-02
CUST05018,31,Male,Karachi,Silver,Mobile App,2022-06-03
CUST05019,23,Female,Multan,Platinum,Mobile App,2021-07-15
CUST05020,49,Other,Faisalabad,Bronze,In-Store,2024-03-09
CUST05021,45,Male,Islamabad,Bronze,In-Store,2023-12-16
CUST05022,62,Male,Gujranwala,Bronze,In-Store,2017-04-23
CUST05023,65,Male,Karachi,Silver,In-Store,2019-05-13
CUST05024,18,Female,Karachi,Silver,Online,2018-07-26
CUST05025,53,Male,Lahore,Bronze,Mobile App,2023-12-20
CUST05026,35,Female,Sukkur,Silver,In-Store,2021-05-05
CUST05027,45,Female,Lahore,Bronze,Online,2016-04-25
CUST05028,48,Female,Gujranwala,Silver,Mobile App,2017-03-28
CUST05029,47,Male,Sialkot,Gold,Online,2018-03-29
CUST05030,51,Male,Multan,Bronze,Online,2022-08-22
CUST05031,30,Female,Rawalpindi,Gold,In-Store,2021-07-30
CUST05032,25,Female,Islamabad,Silver,Online,2023-04-18
CUST05033,53,Female,Lahore,Silver,In-Store,2019-09-27
CUST05034,26,Female,Quetta,Silver,Online,2015-04-14
CUST05035,62,Female,Rawalpindi,Gold,Mobile App,2018-05-30
CUST05036,28,Male,Lahore,Gold,In-Store,2022-04-06
CUST05037,33,Female,Islamabad,Silver,In-Store,2018-07-15
CUST05038,35,Male,Karachi,Bronze,In-Store,2015-05-03
CUST05039,18,Female,Karachi,Bronze,In-Store,2023-11-06
CUST05040,18,Female,Rawalpindi,Gold,In-Store,2015-07-09
CUST05041,49,Male,Abbottabad,Bronze,Online,2022-11-12
CUST05042,18,Male,Sargodha,Platinum,Mobile App,2016-08-21
CUST05043,70,Male,Karachi,Bronze,In-Store,2023-07-20
CUST05044,36,Male,Faisalabad,Silver,Online,2017-07-10
CUST05045,24,Male,Islamabad,Silver,Online,2021-04-12
CUST05046,43,Male,Peshawar,Bronze,In-Store,2024-07-01
CUST05047,18,Male,Karachi,Silver,In-Store,2017-02-02
CUST05048,33,Male,Faisalabad,Bronze,Mobile App,2021-02-17
CUST05049,35,Male,Rawalpindi,Bronze,In-Store,2023-11-22
CUST05050,21,Female,Faisalabad,Silver,Mobile App,2015-08-10
CUST05051,29,Male,Karachi,Bronze,Online,2019-10-17
CUST05052,57,Female,Multan,Silver,Online,2025-07-30
CUST05053,40,Female,Lahore,Gold,In-Store,2023-12-27
CUST05054,43,Female,Faisalabad,Gold,In-Store,2020-02-20
CUST05055,27,Female,Sukkur,Bronze,In-Store,2015-04-28
CUST05056,20,Male,Karachi,Bronze,In-Store,2021-01-20
CUST05057,34,Female,Islamabad,Platinum,Mobile App,2015-07-02
CUST05058,18,Male,Faisalabad,Platinum,Online,2022-10-12
CUST05059,23,Male,Rawalpindi,Platinum,In-Store,2018-07-01
CUST05060,21,Male,Rawalpindi,Silver,In-Store,2024-03-24
CUST05061,18,Female,Quetta,Silver,In-Store,2019-10-18
CUST05062,46,Male,Peshawar,Silver,In-Store,2021-06-26
CUST05063,36,Male,Rawalpindi,Gold,In-Store,2016-12-03
CUST05064,29,Male,Lahore,Bronze,In-Store,2021-11-17
CUST05065,46,Male,Lahore,Bronze,In-Store,2020-05-26
CUST05066,18,Male,Sialkot,Bronze,In-Store,2015-12-11
CUST05067,20,Male,Rawalpindi,Silver,In-Store,2022-04-03
CUST05068,52,Female,Islamabad,Bronze,In-Store,2015-08-05
CUST05069,67,Female,Peshawar,Bronze,In-Store,2025-01-29
CUST05070,46,Female,Faisalabad,Bronze,In-Store,2017-11-09
CUST05071,44,Female,Rawalpindi,Gold,In-Store,2020-01-22
CUST05072,30,Female,Karachi,Silver,Online,2021-01-12
CUST05073,30,Male,Bahawalpur,Silver,In-Store,2022-01-02
CUST05074,40,Female,Hyderabad,Bronze,In-Store,2024-11-12
CUST05075,55,Male,Hyderabad,Silver,In-Store,2020-06-16
CUST05076,43,Female,Lahore,Silver,In-Store,2016-11-28
CUST05077,50,Male,Faisalabad,Bronze,Online,2025-05-23
CUST05078,26,Male,Sargodha,Bronze,Mobile App,2025-05-04
CUST05079,46,Male,Bahawalpur,Gold,In-Store,2019-05-23
CUST05080,29,Male,Karachi,Gold,In-Store,2017-11-27
CUST05081,39,Female,Karachi,Bronze,Online,2022-12-22
CUST05082,46,Female,Faisalabad,Silver,In-Store,2024-01-07
CUST05083,31,Female,Lahore,Gold,Online,2016-03-06
CUST05084,24,Female,Lahore,Silver,Online,2018-02-19
CUST05085,42,Female,Rawalpindi,Bronze,Online,2018-02-19
CUST05086,36,Female,Karachi,Platinum,In-Store,2019-06-16
CUST05087,39,Female,Peshawar,Silver,In-Store,2021-06-02
CUST05088,46,Female,Islamabad,Silver,In-Store,2022-09-23
CUST05089,54,Male,Karachi,Silver,Online,2024-03-17
CUST05090,46,Female,Hyderabad,Bronze,Mobile App,2024-09-14
CUST05091,44,Female,Faisalabad,Silver,In-Store,2019-06-15
CUST05092,31,Male,Bahawalpur,Bronze,In-Store,2017-09-14
CUST05093,33,Male,Karachi,Bronze,Online,2015-09-21
CUST05094,43,Female,Multan,Bronze,In-Store,2023-06-30
CUST05095,33,Female,Rawalpindi,Platinum,In-Store,2017-08-14
CUST05096,43,Male,Sargodha,Gold,In-Store,2025-12-05
CUST05097,27,Male,Lahore,Bronze,Online,2018-08-22
CUST05098,63,Female,Faisalabad,Silver,In-Store,2019-05-24
CUST05099,40,Female,Lahore,Silver,Online,2022-12-25
CUST05100,39,Male,Hyderabad,Silver,Online,2016-01-28
CUST05101,31,Female,Islamabad,Bronze,In-Store,2017-09-28
CUST05102,62,Female,Rawalpindi,Platinum,Mobile App,2021-04-13
CUST05103,21,Male,Peshawar,Silver,Online,2020-02-19
CUST05104,28,Male,Lahore,Gold,In-Store,2017-08-15
CUST05105,49,Male,Karachi,Gold,In-Store,2018-10-20
CUST05106,41,Female,Rawalpindi,Platinum,In-Store,2016-01-07
CUST05107,30,Female,Islamabad,Bronze,Online,2024-08-10
CUST05108,30,Other,Islamabad,Bronze,Online,2021-08-23
CUST05109,34,Female,Karachi,Silver,In-Store,2024-10-11
CUST05110,39,Male,Sialkot,Silver,Online,2018-11-14
CUST05111,58,Male,Sialkot,Platinum,Online,2023-11-03
CUST05112,45,Female,Quetta,Silver,In-Store,2018-04-30
CUST05113,51,Male,Rawalpindi,Gold,In-Store,2018-12-15
CUST05114,32,Female,Faisalabad,Silver,Mobile App,2025-01-04
CUST05115,44,Female,Peshawar,Bronze,In-Store,2019-02-19
CUST05116,18,Male,Sargodha,Bronze,Mobile App,2016-03-18
CUST05117,40,Male,Lahore,Bronze,Online,2021-10-31
CUST05118,39,Female,Sialkot,Silver,Online,2019-11-30
CUST05119,61,Male,Multan,Bronze,Online,2024-07-31
CUST05120,58,Male,Peshawar,Bronze,In-Store,2022-11-06
CUST05121,34,Female,Karachi,Silver,In-Store,2024-03-09
CUST05122,27,Male,Sialkot,Bronze,In-Store,2021-10-29
CUST05123,27,Male,Rawalpindi,Silver,Online,2016-06-14
CUST05124,34,Female,Islamabad,Silver,Mobile App,2022-01-18
CUST05125,54,Male,Rawalpindi,Bronze,In-Store,2021-06-12
CUST05126,43,Male,Sukkur,Bronze,In-Store,2023-11-09
CUST05127,44,Female,Peshawar,Silver,In-Store,2015-03-22
CUST05128,48,Male,Karachi,Silver,Online,2018-09-25
CUST05129,25,Male,Lahore,Gold,Online,2016-09-12
CUST05130,28,Female,Quetta,Silver,Online,2019-12-22
CUST05131,44,Female,Sukkur,Silver,In-Store,2025-12-29
CUST05132,27,Male,Faisalabad,Silver,Online,2018-08-13
CUST05133,18,Female,Multan,Bronze,In-Store,2015-05-18
CUST05134,23,Male,Lahore,Bronze,Mobile App,2017-10-26
CUST05135,51,Female,Karachi,Bronze,Online,2023-02-22
CUST05136,33,Female,Rawalpindi,Silver,In-Store,2019-01-11
CUST05137,40,Female,Faisalabad,Silver,In-Store,2017-03-15
CUST05138,24,Male,Faisalabad,Bronze,Online,2018-09-18
CUST05139,42,Male,Lahore,Silver,Online,2022-08-26
CUST05140,34,Male,Karachi,Platinum,In-Store,2019-08-28
CUST05141,43,Female,Islamabad,Bronze,In-Store,2018-02-13
CUST05142,31,Female,Gujranwala,Gold,In-Store,2024-06-03
CUST05143,44,Male,Lahore,Silver,In-Store,2020-07-19
CUST05144,31,Male,Peshawar,Gold,In-Store,2018-11-01
CUST05145,36,Male,Lahore,Bronze,In-Store,2024-05-20
CUST05146,34,Male,Lahore,Platinum,In-Store,2019-11-21
CUST05147,38,Female,Lahore,Bronze,In-Store,2017-04-05
CUST05148,41,Female,Rawalpindi,Silver,In-Store,2019-09-28
CUST05149,31,Female,Lahore,Silver,In-Store,2023-08-23
CUST05150,36,Female,Islamabad,Silver,In-Store,2018-02-11
CUST05151,40,Female,Multan,Silver,Online,2017-01-21
CUST05152,44,Female,Hyderabad,Silver,Mobile App,2020-04-17
CUST05153,37,Female,Sialkot,Silver,In-Store,2024-11-10
CUST05154,26,Male,Rawalpindi,Gold,In-Store,2024-07-14
CUST05155,39,Male,Lahore,Gold,In-Store,2024-09-08
CUST05156,46,Female,Peshawar,Silver,In-Store,2018-01-11
CUST05157,20,Male,Rawalpindi,Platinum,Online,2024-04-24
CUST05158,20,Female,Sialkot,Gold,In-Store,2020-05-09
CUST05159,29,Male,Hyderabad,Bronze,Online,2018-08-24
CUST05160,35,Male,Lahore,Platinum,Online,2020-04-25
CUST05161,18,Male,Islamabad,Gold,Online,2022-11-23
CUST05162,45,Male,Karachi,Silver,Online,2022-08-14
CUST05163,35,Male,Rawalpindi,Silver,In-Store,2023-08-22
CUST05164,18,Male,Rawalpindi,Bronze,Online,2020-07-04
CUST05165,23,Male,Bahawalpur,Silver,In-Store,2017-02-08
CUST05166,34,Male,Rawalpindi,Bronze,Mobile App,2017-06-29
CUST05167,18,Male,Rawalpindi,Platinum,In-Store,2017-04-28
CUST05168,50,Female,Islamabad,Silver,Online,2019-01-20
CUST05169,40,Female,Karachi,Bronze,Mobile App,2016-04-26
CUST05170,46,Female,Multan,Gold,In-Store,2016-11-29
CUST05171,24,Male,Lahore,Silver,In-Store,2022-02-25
CUST05172,43,Female,Faisalabad,Silver,In-Store,2015-12-19
CUST05173,29,Other,Sialkot,Bronze,In-Store,2021-05-04
CUST05174,35,Male,Quetta,Silver,In-Store,2016-10-19
CUST05175,42,Female,Karachi,Gold,Online,2017-08-01
CUST05176,37,Female,Rawalpindi,Bronze,Online,2016-02-01
CUST05177,48,Male,Gujranwala,Silver,In-Store,2021-05-02
CUST05178,39,Male,Karachi,Bronze,Online,2016-01-05
CUST05179,31,Female,Karachi,Silver,Mobile App,2025-04-20
CUST05180,48,Male,Rawalpindi,Silver,Mobile App,2016-07-22
CUST05181,51,Male,Faisalabad,Gold,In-Store,2018-11-23
CUST05182,39,Male,Faisalabad,Silver,Online,2019-02-13
CUST05183,55,Male,Sukkur,Platinum,Online,2016-04-15
CUST05184,34,Male,Sialkot,Platinum,Mobile App,2016-07-28
CUST05185,36,Male,Sargodha,Gold,In-Store,2020-06-18
CUST05186,38,Female,Sargodha,Silver,Online,2020-05-11
CUST05187,36,Male,Karachi,Bronze,In-Store,2019-09-05
CUST05188,33,Female,Karachi,Silver,Online,2017-10-26
CUST05189,28,Other,Gujranwala,Gold,In-Store,2025-10-18
CUST05190,25,Male,Sargodha,Silver,In-Store,2024-03-19
CUST05191,39,Other,Peshawar,Platinum,In-Store,2018-10-08
CUST05192,53,Female,Karachi,Bronze,Mobile App,2016-04-09
CUST05193,48,Male,Karachi,Gold,Online,2019-05-28
CUST05194,43,Male,Abbottabad,Platinum,Mobile App,2022-11-15
CUST05195,54,Female,Karachi,Silver,Online,2024-01-15
CUST05196,38,Female,Bahawalpur,Gold,In-Store,2015-10-21
CUST05197,25,Male,Islamabad,Bronze,Online,2017-06-12
CUST05198,33,Female,Bahawalpur,Bronze,Online,2025-08-29
CUST05199,37,Female,Lahore,Bronze,In-Store,2018-12-29
CUST05200,31,Other,Abbottabad,Bronze,Online,2022-10-30
CUST05201,45,Female,Faisalabad,Bronze,In-Store,2023-10-01
CUST05202,50,Male,Sialkot,Bronze,In-Store,2024-06-27
CUST05203,18,Male,Lahore,Bronze,In-Store,2025-10-21
CUST05204,36,Male,Karachi,Gold,In-Store,2016-01-06
CUST05205,18,Male,Lahore,Bronze,In-Store,2018-08-20
CUST05206,36,Female,Sialkot,Silver,In-Store,2021-09-14
CUST05207,36,Female,Karachi,Silver,Online,2016-06-04
CUST05208,61,Female,Peshawar,Silver,In-Store,2015-01-29
CUST05209,57,Male,Karachi,Platinum,Mobile App,2020-11-25
CUST05210,50,Male,Peshawar,Gold,In-Store,2019-01-30
CUST05211,25,Male,Lahore,Silver,Online,2016-10-29
CUST05212,24,Male,Bahawalpur,Bronze,In-Store,2025-10-22
CUST05213,23,Female,Islamabad,Bronze,In-Store,2020-02-21
CUST05214,57,Female,Bahawalpur,Gold,Online,2019-01-10
CUST05215,26,Female,Multan,Gold,In-Store,2025-05-15
CUST05216,32,Female,Lahore,Silver,In-Store,2021-04-30
CUST05217,26,Male,Hyderabad,Platinum,Online,2017-09-14
CUST05218,21,Male,Lahore,Gold,In-Store,2020-09-06
CUST05219,42,Female,Multan,Platinum,Mobile App,2023-06-29
CUST05220,39,Male,Faisalabad,Gold,In-Store,2018-06-08
CUST05221,18,Male,Gujranwala,Platinum,Mobile App,2017-11-07
CUST05222,21,Male,Lahore,Silver,In-Store,2015-08-22
CUST05223,41,Female,Karachi,Silver,Mobile App,2021-03-17
CUST05224,37,Female,Bahawalpur,Bronze,In-Store,2024-07-30
CUST05225,32,Male,Islamabad,Platinum,In-Store,2015-10-14
CUST05226,45,Female,Multan,Bronze,In-Store,2022-04-30
CUST05227,19,Male,Sukkur,Bronze,Online,2016-03-14
CUST05228,30,Male,Karachi,Gold,Online,2025-09-30
CUST05229,44,Male,Lahore,Bronze,In-Store,2016-12-08
CUST05230,29,Male,Karachi,Silver,Online,2021-10-19
CUST05231,42,Female,Bahawalpur,Platinum,In-Store,2025-12-24
CUST05232,23,Male,Sargodha,Silver,In-Store,2016-03-01
CUST05233,27,Female,Bahawalpur,Bronze,In-Store,2020-10-11
CUST05234,18,Female,Islamabad,Bronze,Online,2019-11-16
CUST05235,18,Male,Rawalpindi,Silver,Online,2015-05-15
CUST05236,31,Female,Bahawalpur,Bronze,In-Store,2017-11-29
CUST05237,43,Male,Sukkur,Bronze,In-Store,2022-07-09
CUST05238,36,Male,Karachi,Bronze,In-Store,2025-04-20
CUST05239,53,Male,Lahore,Bronze,In-Store,2022-12-10
CUST05240,32,Female,Rawalpindi,Gold,Online,2017-05-02
CUST05241,18,Male,Sialkot,Bronze,Mobile App,2021-07-01
CUST05242,42,Male,Islamabad,Silver,In-Store,2019-11-22
CUST05243,23,Male,Lahore,Gold,Online,2018-10-05
CUST05244,39,Female,Hyderabad,Bronze,In-Store,2025-05-24
CUST05245,18,Female,Islamabad,Bronze,Online,2016-09-23
CUST05246,34,Female,Karachi,Bronze,In-Store,2015-12-14
CUST05247,47,Female,Peshawar,Platinum,In-Store,2017-08-13
CUST05248,45,Male,Sukkur,Bronze,In-Store,2023-03-12
CUST05249,34,Male,Multan,Silver,In-Store,2019-01-28
CUST05250,37,Male,Abbottabad,Silver,In-Store,2022-01-22
CUST05251,31,Male,Sukkur,Silver,In-Store,2019-09-06
CUST05252,34,Female,Lahore,Gold,Mobile App,2019-10-02
CUST05253,46,Female,Islamabad,Bronze,Mobile App,2017-11-28
CUST05254,28,Male,Lahore,Bronze,In-Store,2016-02-11
CUST05255,29,Other,Faisalabad,Silver,In-Store,2017-11-26
CUST05256,18,Female,Peshawar,Bronze,In-Store,2024-03-18
CUST05257,46,Female,Sialkot,Gold,Online,2025-10-12
CUST05258,33,Male,Faisalabad,Silver,In-Store,2015-04-20
CUST05259,21,Female,Karachi,Bronze,In-Store,2020-12-17
CUST05260,48,Other,Lahore,Bronze,In-Store,2023-08-20
CUST05261,36,Male,Rawalpindi,Silver,In-Store,2022-03-23
CUST05262,27,Male,Lahore,Platinum,In-Store,2021-08-25
CUST05263,48,Female,Karachi,Bronze,Mobile App,2019-08-09
CUST05264,32,Female,Sukkur,Bronze,Mobile App,2017-02-13
CUST05265,18,Female,Faisalabad,Silver,In-Store,2016-09-21
CUST05266,49,Male,Multan,Silver,In-Store,2021-03-02
CUST05267,26,Female,Karachi,Gold,Online,2022-01-01
CUST05268,76,Female,Bahawalpur,Silver,Mobile App,2022-08-20
CUST05269,31,Male,Hyderabad,Bronze,In-Store,2020-02-27
CUST05270,18,Female,Islamabad,Silver,Online,2019-04-09
CUST05271,60,Female,Lahore,Gold,In-Store,2024-04-22
CUST05272,36,Male,Gujranwala,Bronze,In-Store,2023-10-23
CUST05273,40,Male,Multan,Silver,Online,2016-07-04
CUST05274,42,Female,Hyderabad,Bronze,In-Store,2025-07-09
CUST05275,19,Male,Rawalpindi,Bronze,In-Store,2015-11-14
CUST05276,18,Male,Sukkur,Bronze,Mobile App,2023-03-04
CUST05277,62,Female,Quetta,Gold,Mobile App,2023-05-01
CUST05278,18,Male,Islamabad,Platinum,In-Store,2015-01-09
CUST05279,58,Male,Sialkot,Gold,Online,2020-06-01
CUST05280,44,Other,Islamabad,Silver,In-Store,2018-10-06
CUST05281,39,Female,Rawalpindi,Silver,Online,2015-02-15
CUST05282,31,Male,Islamabad,Bronze,In-Store,2025-01-15
CUST05283,67,Male,Rawalpindi,Bronze,In-Store,2021-03-19
CUST05284,28,Male,Quetta,Bronze,In-Store,2018-09-20
CUST05285,28,Female,Lahore,Silver,In-Store,2015-11-28
CUST05286,46,Male,Islamabad,Silver,In-Store,2017-02-02
CUST05287,28,Male,Faisalabad,Bronze,In-Store,2019-10-06
CUST05288,24,Female,Lahore,Silver,In-Store,2016-08-01
CUST05289,36,Female,Karachi,Platinum,In-Store,2016-04-01
CUST05290,46,Female,Quetta,Silver,Online,2023-10-26
CUST05291,61,Female,Multan,Silver,In-Store,2015-04-02
CUST05292,64,Female,Sargodha,Bronze,In-Store,2017-09-05
CUST05293,18,Male,Sialkot,Bronze,In-Store,2017-10-21
CUST05294,50,Male,Multan,Bronze,Online,2020-01-13
CUST05295,24,Male,Lahore,Bronze,Mobile App,2023-05-11
CUST05296,25,Male,Lahore,Silver,Mobile App,2020-07-14
CUST05297,30,Female,Faisalabad,Platinum,In-Store,2016-03-24
CUST05298,29,Female,Rawalpindi,Bronze,Online,2025-08-03
CUST05299,23,Male,Rawalpindi,Bronze,In-Store,2023-09-29
CUST05300,18,Male,Rawalpindi,Bronze,In-Store,2022-02-14
CUST05301,56,Female,Lahore,Bronze,Online,2022-12-31
CUST05302,49,Male,Rawalpindi,Silver,In-Store,2025-07-22
CUST05303,37,Female,Karachi,Gold,Online,2023-11-02
CUST05304,24,Female,Faisalabad,Gold,Mobile App,2017-04-18
CUST05305,53,Female,Faisalabad,Bronze,In-Store,2021-02-21
CUST05306,36,Male,Peshawar,Gold,In-Store,2024-06-20
CUST05307,29,Female,Quetta,Bronze,In-Store,2021-12-25
CUST05308,18,Female,Peshawar,Bronze,In-Store,2017-04-07
CUST05309,44,Female,Gujranwala,Platinum,Online,2019-06-22
CUST05310,32,Male,Karachi,Gold,In-Store,2018-01-14
CUST05311,40,Female,Sukkur,Bronze,In-Store,2020-04-13
CUST05312,39,Female,Islamabad,Silver,In-Store,2025-10-06
CUST05313,45,Male,Peshawar,Silver,Online,2018-09-21
CUST05314,40,Male,Karachi,Platinum,Mobile App,2020-06-11
CUST05315,33,Male,Lahore,Bronze,In-Store,2025-07-13
CUST05316,44,Female,Bahawalpur,Bronze,Online,2018-12-21
CUST05317,49,Male,Karachi,Silver,Online,2025-12-29
CUST05318,57,Male,Rawalpindi,Bronze,Online,2022-03-08
CUST05319,22,Female,Karachi,Gold,Mobile App,2015-04-26
CUST05320,51,Male,Karachi,Bronze,Online,2023-07-29
CUST05321,18,Female,Abbottabad,Gold,In-Store,2018-08-05
CUST05322,50,Male,Peshawar,Bronze,Online,2019-12-27
CUST05323,29,Female,Peshawar,Gold,Online,2016-05-22
CUST05324,48,Male,Lahore,Bronze,In-Store,2024-03-12
CUST05325,56,Male,Karachi,Bronze,In-Store,2018-01-30
CUST05326,40,Female,Multan,Bronze,Online,2022-01-17
CUST05327,37,Female,Lahore,Silver,Online,2015-07-24
CUST05328,36,Male,Lahore,Bronze,In-Store,2024-06-13
CUST05329,31,Male,Rawalpindi,Bronze,Online,2022-12-08
CUST05330,52,Male,Lahore,Gold,Online,2025-06-09
CUST05331,36,Male,Sargodha,Bronze,In-Store,2022-01-31
CUST05332,18,Male,Multan,Bronze,Online,2022-01-20
CUST05333,49,Female,Karachi,Silver,Online,2023-02-18
CUST05334,48,Male,Rawalpindi,Bronze,Mobile App,2022-11-01
CUST05335,38,Male,Faisalabad,Gold,In-Store,2025-10-04
CUST05336,27,Female,Islamabad,Silver,In-Store,2015-11-20
CUST05337,22,Female,Sukkur,Platinum,In-Store,2020-05-20
CUST05338,27,Male,Faisalabad,Bronze,Online,2023-09-27
CUST05339,40,Female,Lahore,Silver,In-Store,2016-11-23
CUST05340,18,Female,Faisalabad,Gold,Online,2025-09-24
CUST05341,43,Female,Quetta,Silver,Online,2021-09-18
CUST05342,38,Male,Islamabad,Bronze,In-Store,2020-03-13
CUST05343,54,Female,Sukkur,Bronze,Mobile App,2015-12-12
CUST05344,47,Female,Karachi,Silver,In-Store,2019-06-20
CUST05345,28,Other,Lahore,Silver,Mobile App,2025-07-27
CUST05346,18,Female,Bahawalpur,Bronze,In-Store,2022-09-10
CUST05347,27,Male,Lahore,Gold,In-Store,2022-12-22
CUST05348,55,Female,Karachi,Bronze,In-Store,2017-05-01
CUST05349,41,Male,Karachi,Platinum,Mobile App,2019-04-28
CUST05350,45,Male,Sialkot,Gold,In-Store,2016-04-17
CUST05351,29,Male,Islamabad,Silver,In-Store,2023-06-10
CUST05352,44,Female,Sialkot,Silver,In-Store,2025-03-17
CUST05353,18,Female,Peshawar,Bronze,In-Store,2019-06-08
CUST05354,50,Female,Sialkot,Bronze,Online,2015-09-28
CUST05355,22,Female,Bahawalpur,Gold,In-Store,2025-02-19
CUST05356,18,Male,Gujranwala,Platinum,In-Store,2022-08-26
CUST05357,67,Female,Karachi,Bronze,Online,2020-04-07
CUST05358,39,Male,Bahawalpur,Gold,Online,2018-04-26
CUST05359,39,Male,Islamabad,Bronze,In-Store,2018-04-11
CUST05360,18,Female,Gujranwala,Silver,In-Store,2015-02-12
CUST05361,46,Female,Faisalabad,Gold,In-Store,2022-04-18
CUST05362,49,Female,Lahore,Bronze,Mobile App,2017-08-17
CUST05363,35,Male,Peshawar,Bronze,In-Store,2016-11-16
CUST05364,49,Female,Peshawar,Silver,In-Store,2024-02-14
CUST05365,53,Female,Bahawalpur,Silver,In-Store,2017-07-22
CUST05366,44,Male,Rawalpindi,Silver,In-Store,2015-03-23
CUST05367,18,Male,Quetta,Silver,In-Store,2020-03-09
CUST05368,23,Male,Faisalabad,Platinum,In-Store,2017-05-04
CUST05369,59,Male,Faisalabad,Bronze,Online,2022-11-14
CUST05370,39,Female,Islamabad,Platinum,In-Store,2023-02-10
CUST05371,39,Male,Islamabad,Bronze,In-Store,2019-08-01
CUST05372,27,Female,Gujranwala,Platinum,Online,2025-10-24
CUST05373,29,Female,Peshawar,Gold,Online,2023-07-09
CUST05374,53,Male,Peshawar,Gold,Mobile App,2022-04-23
CUST05375,57,Female,Bahawalpur,Gold,Online,2019-03-01
CUST05376,48,Female,Peshawar,Bronze,Mobile App,2020-11-15
CUST05377,45,Female,Quetta,Silver,In-Store,2018-06-23
CUST05378,46,Female,Sialkot,Bronze,In-Store,2019-04-15
CUST05379,37,Male,Rawalpindi,Bronze,In-Store,2021-11-25
CUST05380,22,Female,Rawalpindi,Silver,Online,2023-01-20
CUST05381,19,Male,Abbottabad,Silver,In-Store,2021-04-23
CUST05382,55,Female,Faisalabad,Gold,In-Store,2017-05-06
CUST05383,37,Female,Islamabad,Silver,In-Store,2020-12-02
CUST05384,44,Female,Karachi,Bronze,Online,2015-11-27
CUST05385,40,Male,Lahore,Bronze,Online,2018-03-09
CUST05386,41,Male,Sialkot,Gold,Online,2022-09-19
CUST05387,42,Male,Bahawalpur,Gold,Online,2015-01-28
CUST05388,47,Male,Gujranwala,Silver,In-Store,2024-12-24
CUST05389,28,Male,Gujranwala,Bronze,Online,2023-03-19
CUST05390,53,Male,Sukkur,Gold,Online,2024-08-05
CUST05391,28,Female,Rawalpindi,Bronze,In-Store,2019-01-06
CUST05392,41,Female,Karachi,Platinum,In-Store,2019-02-23
CUST05393,22,Female,Multan,Silver,In-Store,2015-02-13
CUST05394,35,Female,Bahawalpur,Silver,In-Store,2025-04-28
CUST05395,29,Female,Rawalpindi,Bronze,In-Store,2017-11-17
CUST05396,38,Female,Gujranwala,Bronze,Mobile App,2015-11-21
CUST05397,47,Female,Sukkur,Bronze,In-Store,2016-05-07
CUST05398,38,Female,Karachi,Silver,In-Store,2015-09-19
CUST05399,63,Male,Rawalpindi,Silver,Online,2015-07-15
CUST05400,48,Female,Rawalpindi,Silver,In-Store,2020-12-27
CUST05401,35,Female,Rawalpindi,Gold,In-Store,2018-06-10
CUST05402,36,Male,Lahore,Bronze,In-Store,2022-08-12
CUST05403,42,Male,Faisalabad,Platinum,In-Store,2016-06-06
CUST05404,47,Female,Quetta,Silver,In-Store,2018-01-06
CUST05405,21,Female,Peshawar,Bronze,Online,2020-11-14
CUST05406,46,Female,Bahawalpur,Silver,Online,2021-06-15
CUST05407,22,Male,Quetta,Silver,Online,2025-11-08
CUST05408,45,Male,Sialkot,Gold,In-Store,2015-08-15
CUST05409,52,Male,Lahore,Bronze,In-Store,2019-10-17
CUST05410,41,Female,Karachi,Silver,Online,2024-11-20
CUST05411,18,Male,Faisalabad,Gold,In-Store,2022-07-15
CUST05412,18,Male,Sialkot,Platinum,In-Store,2021-02-25
CUST05413,45,Female,Islamabad,Bronze,In-Store,2025-08-31
CUST05414,18,Female,Gujranwala,Silver,In-Store,2025-05-22
CUST05415,45,Female,Multan,Bronze,Online,2021-02-02
CUST05416,50,Male,Islamabad,Bronze,In-Store,2021-05-25
CUST05417,52,Male,Islamabad,Silver,In-Store,2025-06-20
CUST05418,34,Male,Peshawar,Bronze,Online,2024-04-28
CUST05419,43,Female,Multan,Silver,Online,2020-12-03
CUST05420,40,Male,Karachi,Bronze,In-Store,2025-06-14
CUST05421,18,Female,Faisalabad,Gold,In-Store,2015-10-05
CUST05422,47,Male,Karachi,Gold,Online,2020-03-03
CUST05423,56,Male,Faisalabad,Bronze,In-Store,2023-11-06
CUST05424,46,Male,Bahawalpur,Bronze,In-Store,2018-08-18
CUST05425,31,Female,Karachi,Silver,In-Store,2024-06-10
CUST05426,47,Female,Rawalpindi,Silver,Online,2018-07-20
CUST05427,54,Female,Sialkot,Silver,Online,2023-06-28
CUST05428,53,Male,Rawalpindi,Bronze,In-Store,2019-01-26
CUST05429,51,Male,Islamabad,Silver,Mobile App,2023-06-01
CUST05430,18,Male,Multan,Bronze,In-Store,2017-11-28
CUST05431,43,Female,Hyderabad,Bronze,In-Store,2018-09-27
CUST05432,46,Male,Sukkur,Bronze,In-Store,2025-05-09
CUST05433,51,Male,Lahore,Gold,Online,2023-07-21
CUST05434,44,Female,Abbottabad,Gold,In-Store,2020-10-21
CUST05435,58,Female,Lahore,Bronze,Mobile App,2016-02-26
CUST05436,18,Male,Lahore,Bronze,Online,2021-08-31
CUST05437,45,Male,Quetta,Bronze,In-Store,2019-06-30
CUST05438,44,Male,Sukkur,Silver,In-Store,2015-10-04
CUST05439,49,Female,Lahore,Bronze,In-Store,2017-09-26
CUST05440,58,Female,Islamabad,Gold,In-Store,2024-09-15
CUST05441,26,Male,Karachi,Silver,In-Store,2022-12-17
CUST05442,57,Male,Rawalpindi,Gold,In-Store,2015-11-19
CUST05443,48,Male,Faisalabad,Bronze,Online,2023-04-30
CUST05444,35,Male,Multan,Silver,Online,2020-09-01
CUST05445,26,Female,Lahore,Bronze,Online,2024-04-19
CUST05446,40,Male,Lahore,Silver,Online,2024-07-10
CUST05447,41,Female,Sialkot,Bronze,In-Store,2022-08-22
CUST05448,42,Male,Karachi,Bronze,In-Store,2016-02-26
CUST05449,29,Female,Karachi,Bronze,In-Store,2017-01-25
CUST05450,45,Female,Islamabad,Silver,In-Store,2024-02-23
CUST05451,32,Female,Multan,Gold,In-Store,2018-01-30
CUST05452,53,Female,Sukkur,Platinum,Online,2022-11-14
CUST05453,60,Female,Karachi,Silver,Mobile App,2020-11-02
CUST05454,27,Female,Islamabad,Gold,Online,2020-12-11
CUST05455,38,Female,Hyderabad,Bronze,In-Store,2022-03-08
CUST05456,50,Female,Quetta,Gold,Online,2018-09-05
CUST05457,41,Male,Peshawar,Bronze,In-Store,2020-03-09
CUST05458,20,Female,Karachi,Silver,Mobile App,2022-12-20
CUST05459,49,Female,Rawalpindi,Bronze,Online,2023-06-30
CUST05460,30,Female,Abbottabad,Silver,In-Store,2025-05-08
CUST05461,40,Female,Peshawar,Silver,In-Store,2017-01-24
CUST05462,25,Other,Gujranwala,Gold,Online,2016-10-19
CUST05463,48,Male,Faisalabad,Bronze,Mobile App,2024-09-03
CUST05464,32,Female,Islamabad,Gold,In-Store,2015-01-25
CUST05465,49,Female,Islamabad,Bronze,Online,2023-11-16
CUST05466,35,Male,Gujranwala,Bronze,Online,2015-01-18
CUST05467,31,Male,Rawalpindi,Bronze,In-Store,2020-04-19
CUST05468,43,Male,Islamabad,Bronze,In-Store,2025-11-14
CUST05469,24,Female,Peshawar,Silver,In-Store,2021-05-28
CUST05470,61,Female,Abbottabad,Bronze,In-Store,2021-02-17
CUST05471,40,Female,Rawalpindi,Gold,In-Store,2021-12-18
CUST05472,30,Male,Lahore,Platinum,In-Store,2020-07-29
CUST05473,32,Female,Peshawar,Silver,In-Store,2015-04-16
CUST05474,38,Male,Islamabad,Silver,In-Store,2017-02-02
CUST05475,50,Female,Multan,Silver,Online,2022-04-24
CUST05476,26,Female,Abbottabad,Bronze,In-Store,2018-05-13
CUST05477,33,Female,Rawalpindi,Silver,In-Store,2019-01-31
CUST05478,37,Male,Lahore,Silver,In-Store,2021-09-09
CUST05479,58,Female,Abbottabad,Bronze,Online,2015-07-02
CUST05480,50,Female,Peshawar,Silver,Online,2016-08-20
CUST05481,58,Other,Lahore,Silver,Online,2021-08-20
CUST05482,38,Female,Islamabad,Platinum,Online,2020-07-03
CUST05483,56,Male,Multan,Gold,In-Store,2022-03-31
CUST05484,54,Male,Islamabad,Gold,In-Store,2015-03-08
CUST05485,47,Female,Sialkot,Platinum,Online,2021-12-21
CUST05486,48,Female,Lahore,Silver,In-Store,2023-03-06
CUST05487,30,Male,Lahore,Platinum,Mobile App,2025-10-25
CUST05488,61,Female,Lahore,Silver,In-Store,2017-03-15
CUST05489,34,Female,Sukkur,Bronze,In-Store,2023-10-06
CUST05490,45,Male,Karachi,Gold,Mobile App,2025-10-07
CUST05491,46,Female,Multan,Gold,Online,2018-08-28
CUST05492,20,Female,Hyderabad,Silver,In-Store,2025-08-01
CUST05493,37,Female,Lahore,Silver,In-Store,2021-02-14
CUST05494,40,Female,Bahawalpur,Gold,Online,2016-01-07
CUST05495,36,Female,Quetta,Bronze,Online,2023-02-18
CUST05496,37,Male,Lahore,Gold,Mobile App,2020-04-03
CUST05497,57,Female,Abbottabad,Bronze,Online,2015-10-29
CUST05498,27,Female,Hyderabad,Platinum,Online,2018-02-21
CUST05499,21,Male,Karachi,Bronze,Online,2020-08-08
CUST05500,30,Male,Gujranwala,Silver,Mobile App,2021-01-24
CUST05501,47,Male,Multan,Gold,In-Store,2020-02-12
CUST05502,48,Female,Sukkur,Bronze,In-Store,2021-04-17
CUST05503,45,Male,Multan,Gold,Online,2022-11-25
CUST05504,49,Male,Gujranwala,Silver,In-Store,2023-05-04
CUST05505,41,Female,Hyderabad,Bronze,Online,2020-07-11
CUST05506,31,Female,Gujranwala,Silver,In-Store,2022-01-17
CUST05507,25,Female,Karachi,Bronze,In-Store,2024-03-13
CUST05508,21,Female,Peshawar,Platinum,Online,2016-11-17
CUST05509,35,Male,Sukkur,Silver,Mobile App,2019-02-28
CUST05510,48,Female,Sargodha,Gold,In-Store,2020-10-19
CUST05511,41,Female,Sialkot,Silver,In-Store,2017-10-30
CUST05512,38,Male,Islamabad,Platinum,In-Store,2025-04-26
CUST05513,24,Male,Hyderabad,Silver,In-Store,2020-12-17
CUST05514,71,Female,Karachi,Bronze,Online,2015-05-12
CUST05515,27,Female,Sialkot,Bronze,In-Store,2016-06-04
CUST05516,39,Female,Rawalpindi,Bronze,Mobile App,2015-06-24
CUST05517,51,Female,Sukkur,Platinum,In-Store,2017-11-09
CUST05518,38,Female,Faisalabad,Platinum,In-Store,2017-09-18
CUST05519,27,Male,Rawalpindi,Bronze,In-Store,2016-07-09
CUST05520,48,Female,Hyderabad,Bronze,In-Store,2023-05-28
CUST05521,20,Male,Islamabad,Bronze,Online,2018-04-18
CUST05522,60,Male,Faisalabad,Silver,Online,2025-12-28
CUST05523,41,Female,Hyderabad,Silver,Mobile App,2015-11-22
CUST05524,34,Male,Karachi,Platinum,In-Store,2016-12-29
CUST05525,19,Male,Islamabad,Bronze,In-Store,2022-03-02
CUST05526,23,Male,Hyderabad,Silver,Mobile App,2018-03-14
CUST05527,37,Female,Sukkur,Gold,Online,2024-04-18
CUST05528,62,Female,Karachi,Bronze,In-Store,2024-06-26
CUST05529,41,Female,Rawalpindi,Gold,In-Store,2018-12-02
CUST05530,42,Male,Islamabad,Silver,In-Store,2022-03-03
CUST05531,43,Male,Abbottabad,Platinum,In-Store,2019-11-28
CUST05532,68,Male,Faisalabad,Platinum,In-Store,2018-06-04
CUST05533,32,Female,Islamabad,Silver,In-Store,2015-08-20
CUST05534,58,Female,Sukkur,Gold,In-Store,2022-09-08
CUST05535,32,Male,Quetta,Platinum,In-Store,2018-05-20
CUST05536,28,Female,Quetta,Gold,Online,2016-12-21
CUST05537,36,Male,Multan,Silver,Mobile App,2016-05-10
CUST05538,36,Female,Rawalpindi,Bronze,In-Store,2022-10-28
CUST05539,45,Female,Karachi,Bronze,Mobile App,2019-03-08
CUST05540,18,Female,Peshawar,Gold,In-Store,2016-03-16
CUST05541,39,Female,Rawalpindi,Bronze,In-Store,2021-03-10
CUST05542,30,Male,Rawalpindi,Gold,In-Store,2021-04-20
CUST05543,28,Male,Bahawalpur,Silver,In-Store,2024-02-02
CUST05544,21,Male,Quetta,Gold,Online,2020-05-18
CUST05545,33,Female,Sialkot,Silver,In-Store,2017-02-22
CUST05546,31,Female,Sialkot,Bronze,In-Store,2019-10-22
CUST05547,32,Male,Rawalpindi,Platinum,Mobile App,2022-12-31
CUST05548,18,Female,Faisalabad,Silver,Mobile App,2021-01-05
CUST05549,39,Male,Faisalabad,Silver,In-Store,2018-01-10
CUST05550,27,Male,Lahore,Platinum,In-Store,2025-11-15
CUST05551,18,Male,Peshawar,Silver,In-Store,2024-07-18
CUST05552,30,Female,Islamabad,Bronze,Online,2020-11-18
CUST05553,27,Male,Karachi,Bronze,In-Store,2023-11-08
CUST05554,38,Female,Abbottabad,Silver,In-Store,2016-09-06
CUST05555,30,Male,Rawalpindi,Gold,Mobile App,2023-04-04
CUST05556,19,Male,Islamabad,Silver,Mobile App,2017-02-06
CUST05557,26,Female,Multan,Silver,In-Store,2024-01-05
CUST05558,18,Male,Rawalpindi,Silver,Mobile App,2017-08-24
CUST05559,52,Female,Abbottabad,Bronze,In-Store,2020-12-18
CUST05560,54,Female,Karachi,Silver,In-Store,2023-01-16
CUST05561,56,Male,Gujranwala,Gold,In-Store,2015-04-09
CUST05562,30,Female,Karachi,Bronze,In-Store,2017-01-12
CUST05563,54,Male,Lahore,Silver,Online,2017-06-03
CUST05564,43,Male,Lahore,Silver,Online,2017-04-12
CUST05565,27,Female,Islamabad,Gold,Online,2023-08-30
CUST05566,29,Male,Sukkur,Gold,Online,2025-10-04
CUST05567,35,Female,Lahore,Gold,In-Store,2019-08-04
CUST05568,39,Male,Faisalabad,Gold,Mobile App,2023-04-30
CUST05569,42,Female,Rawalpindi,Silver,Online,2017-06-24
CUST05570,37,Male,Lahore,Bronze,Mobile App,2019-03-08
CUST05571,33,Male,Rawalpindi,Gold,Online,2016-10-23
CUST05572,55,Other,Hyderabad,Gold,In-Store,2021-06-06
CUST05573,36,Female,Quetta,Bronze,Online,2018-03-05
CUST05574,35,Female,Islamabad,Gold,In-Store,2020-02-17
CUST05575,35,Female,Lahore,Gold,In-Store,2022-05-29
CUST05576,36,Female,Faisalabad,Silver,Online,2021-10-15
CUST05577,20,Male,Lahore,Gold,In-Store,2019-11-25
CUST05578,24,Female,Karachi,Platinum,Online,2025-06-29
CUST05579,69,Male,Karachi,Bronze,In-Store,2024-10-13
CUST05580,18,Male,Karachi,Bronze,Mobile App,2023-08-23
CUST05581,41,Male,Abbottabad,Bronze,Online,2015-05-15
CUST05582,42,Female,Islamabad,Platinum,In-Store,2020-10-02
CUST05583,51,Male,Karachi,Bronze,In-Store,2025-11-01
CUST05584,42,Male,Multan,Silver,In-Store,2016-08-11
CUST05585,62,Female,Rawalpindi,Bronze,In-Store,2021-02-23
CUST05586,41,Male,Multan,Silver,In-Store,2015-09-11
CUST05587,55,Male,Faisalabad,Silver,In-Store,2022-11-12
CUST05588,51,Male,Karachi,Bronze,In-Store,2020-05-10
CUST05589,58,Male,Sialkot,Silver,Online,2017-09-06
CUST05590,38,Female,Islamabad,Silver,Online,2015-09-23
CUST05591,43,Female,Abbottabad,Silver,Mobile App,2016-03-29
CUST05592,33,Male,Multan,Platinum,In-Store,2025-10-12
CUST05593,40,Male,Faisalabad,Bronze,Mobile App,2024-05-18
CUST05594,40,Female,Islamabad,Platinum,Online,2020-07-23
CUST05595,18,Male,Faisalabad,Gold,Online,2025-05-17
CUST05596,36,Male,Rawalpindi,Bronze,In-Store,2016-10-12
CUST05597,49,Female,Faisalabad,Bronze,In-Store,2015-10-05
CUST05598,20,Female,Abbottabad,Bronze,In-Store,2017-07-27
CUST05599,25,Male,Rawalpindi,Gold,In-Store,2019-11-08
CUST05600,53,Male,Lahore,Bronze,In-Store,2017-07-02
CUST05601,55,Female,Rawalpindi,Bronze,In-Store,2025-07-17
CUST05602,29,Male,Karachi,Gold,In-Store,2020-08-22
CUST05603,40,Male,Rawalpindi,Gold,Online,2017-08-07
CUST05604,36,Female,Bahawalpur,Gold,In-Store,2019-11-04
CUST05605,53,Male,Lahore,Silver,Online,2025-11-18
CUST05606,31,Female,Karachi,Gold,In-Store,2021-11-26
CUST05607,33,Female,Karachi,Silver,Mobile App,2016-02-08
CUST05608,55,Male,Peshawar,Gold,In-Store,2019-06-02
CUST05609,24,Male,Sialkot,Gold,Mobile App,2024-11-29
CUST05610,31,Female,Peshawar,Silver,In-Store,2022-06-06
CUST05611,39,Male,Peshawar,Silver,In-Store,2021-11-08
CUST05612,57,Male,Gujranwala,Bronze,In-Store,2019-02-20
CUST05613,22,Female,Hyderabad,Silver,Mobile App,2025-01-20
CUST05614,28,Male,Islamabad,Platinum,Online,2018-05-18
CUST05615,45,Female,Multan,Platinum,In-Store,2017-02-07
CUST05616,47,Female,Peshawar,Bronze,In-Store,2015-06-12
CUST05617,40,Female,Islamabad,Bronze,Online,2023-04-10
CUST05618,36,Male,Peshawar,Bronze,Mobile App,2023-10-02
CUST05619,39,Female,Peshawar,Gold,In-Store,2015-06-10
CUST05620,18,Female,Karachi,Silver,In-Store,2020-07-10
CUST05621,39,Male,Karachi,Gold,Mobile App,2017-09-05
CUST05622,57,Female,Quetta,Bronze,In-Store,2017-03-07
CUST05623,20,Female,Karachi,Silver,In-Store,2024-11-17
CUST05624,27,Male,Faisalabad,Silver,Mobile App,2020-01-15
CUST05625,32,Male,Karachi,Silver,Online,2022-05-25
CUST05626,33,Female,Hyderabad,Gold,In-Store,2018-08-16
CUST05627,61,Male,Faisalabad,Gold,In-Store,2022-06-24
CUST05628,25,Female,Lahore,Bronze,In-Store,2017-05-16
CUST05629,23,Male,Hyderabad,Gold,In-Store,2019-09-17
CUST05630,48,Male,Karachi,Platinum,Online,2022-04-25
CUST05631,29,Male,Bahawalpur,Gold,In-Store,2017-01-30
CUST05632,48,Male,Abbottabad,Bronze,In-Store,2020-02-09
CUST05633,35,Female,Peshawar,Bronze,In-Store,2020-10-13
CUST05634,43,Male,Hyderabad,Bronze,Online,2019-09-27
CUST05635,18,Female,Gujranwala,Platinum,In-Store,2017-11-04
CUST05636,43,Male,Rawalpindi,Silver,Online,2020-02-24
CUST05637,40,Female,Karachi,Platinum,Online,2017-10-10
CUST05638,34,Female,Karachi,Gold,Mobile App,2022-03-05
CUST05639,21,Male,Karachi,Bronze,In-Store,2018-04-01
CUST05640,40,Female,Faisalabad,Bronze,Mobile App,2023-10-13
CUST05641,47,Male,Karachi,Silver,In-Store,2018-05-10
CUST05642,31,Female,Rawalpindi,Bronze,Mobile App,2020-02-02
CUST05643,31,Male,Lahore,Silver,Online,2020-07-11
CUST05644,48,Male,Sukkur,Bronze,In-Store,2020-12-19
CUST05645,60,Male,Karachi,Silver,In-Store,2016-09-08
CUST05646,50,Male,Peshawar,Gold,Online,2022-02-06
CUST05647,40,Female,Karachi,Bronze,In-Store,2020-10-11
CUST05648,34,Female,Faisalabad,Bronze,Online,2016-12-04
CUST05649,37,Female,Islamabad,Platinum,In-Store,2021-12-22
CUST05650,20,Female,Faisalabad,Silver,In-Store,2023-06-26
CUST05651,35,Female,Karachi,Bronze,In-Store,2020-05-15
CUST05652,52,Female,Faisalabad,Silver,Mobile App,2015-05-13
CUST05653,38,Female,Faisalabad,Bronze,In-Store,2022-06-19
CUST05654,29,Female,Hyderabad,Bronze,In-Store,2017-08-11
CUST05655,28,Male,Karachi,Gold,Online,2021-10-03
CUST05656,37,Female,Karachi,Bronze,Online,2025-11-01
CUST05657,21,Male,Abbottabad,Bronze,In-Store,2018-07-29
CUST05658,26,Male,Faisalabad,Bronze,Online,2021-11-14
CUST05659,57,Male,Quetta,Gold,In-Store,2024-05-22
CUST05660,24,Female,Lahore,Bronze,Online,2019-08-23
CUST05661,27,Female,Peshawar,Silver,Mobile App,2019-07-01
CUST05662,41,Male,Rawalpindi,Bronze,Mobile App,2023-02-06
CUST05663,32,Female,Hyderabad,Platinum,In-Store,2025-10-22
CUST05664,39,Female,Rawalpindi,Gold,In-Store,2019-04-18
CUST05665,49,Female,Peshawar,Gold,Mobile App,2020-08-30
CUST05666,18,Male,Islamabad,Gold,Online,2018-12-23
CUST05667,47,Male,Lahore,Platinum,Mobile App,2017-04-26
CUST05668,30,Female,Lahore,Silver,Online,2023-04-04
CUST05669,34,Male,Faisalabad,Gold,Mobile App,2015-03-31
CUST05670,62,Male,Faisalabad,Gold,In-Store,2020-02-22
CUST05671,19,Male,Quetta,Silver,In-Store,2022-10-21
CUST05672,45,Female,Hyderabad,Bronze,Online,2020-03-07
CUST05673,52,Male,Karachi,Silver,Online,2016-02-20
CUST05674,29,Female,Gujranwala,Gold,In-Store,2016-03-23
CUST05675,29,Female,Hyderabad,Silver,Online,2018-12-17
CUST05676,33,Other,Quetta,Gold,In-Store,2024-01-29
CUST05677,29,Male,Peshawar,Bronze,Online,2018-01-26
CUST05678,38,Male,Sargodha,Bronze,In-Store,2018-10-22
CUST05679,49,Female,Sukkur,Bronze,Online,2024-10-13
CUST05680,33,Female,Islamabad,Silver,In-Store,2021-03-19
CUST05681,50,Male,Peshawar,Bronze,In-Store,2025-02-09
CUST05682,56,Male,Faisalabad,Bronze,Online,2019-07-05
CUST05683,43,Female,Karachi,Platinum,Mobile App,2020-09-29
CUST05684,44,Female,Lahore,Gold,Online,2021-09-10
CUST05685,30,Male,Faisalabad,Bronze,Mobile App,2023-10-07
CUST05686,18,Male,Rawalpindi,Bronze,In-Store,2020-10-18
CUST05687,45,Male,Multan,Bronze,In-Store,2019-06-25
CUST05688,48,Male,Gujranwala,Bronze,In-Store,2025-07-18
CUST05689,41,Male,Gujranwala,Bronze,Online,2018-06-19
CUST05690,49,Female,Lahore,Bronze,In-Store,2025-07-15
CUST05691,30,Male,Lahore,Gold,In-Store,2022-08-26
CUST05692,44,Male,Multan,Bronze,In-Store,2016-11-16
CUST05693,57,Female,Islamabad,Gold,Online,2022-06-05
CUST05694,46,Male,Sargodha,Platinum,Online,2024-10-28
CUST05695,55,Female,Peshawar,Silver,Online,2016-06-17
CUST05696,55,Female,Lahore,Bronze,Mobile App,2019-10-28
CUST05697,22,Female,Karachi,Silver,Online,2024-09-29
CUST05698,47,Male,Quetta,Platinum,In-Store,2020-02-25
CUST05699,29,Male,Islamabad,Gold,Mobile App,2020-12-06
CUST05700,23,Female,Lahore,Bronze,Online,2023-02-15
CUST05701,34,Male,Lahore,Gold,Mobile App,2015-09-28
CUST05702,60,Male,Quetta,Silver,In-Store,2020-07-29
CUST05703,30,Female,Peshawar,Silver,In-Store,2015-05-24
CUST05704,18,Male,Karachi,Bronze,Online,2022-12-02
CUST05705,19,Female,Peshawar,Silver,In-Store,2020-10-16
CUST05706,44,Male,Multan,Gold,Mobile App,2019-08-12
CUST05707,28,Male,Gujranwala,Bronze,Online,2019-07-07
CUST05708,18,Female,Karachi,Platinum,In-Store,2022-12-18
CUST05709,19,Female,Lahore,Bronze,In-Store,2023-11-19
CUST05710,40,Male,Gujranwala,Bronze,In-Store,2020-05-27
CUST05711,48,Male,Rawalpindi,Silver,In-Store,2024-03-20
CUST05712,32,Male,Bahawalpur,Bronze,In-Store,2016-03-25
CUST05713,46,Female,Peshawar,Silver,In-Store,2023-11-12
CUST05714,49,Female,Karachi,Silver,Online,2021-08-02
CUST05715,27,Male,Rawalpindi,Silver,In-Store,2017-02-12
CUST05716,36,Female,Lahore,Silver,In-Store,2022-06-05
CUST05717,30,Female,Sialkot,Bronze,Online,2022-09-01
CUST05718,45,Female,Karachi,Bronze,In-Store,2017-09-20
CUST05719,30,Female,Sukkur,Silver,Mobile App,2025-08-21
CUST05720,22,Male,Quetta,Gold,In-Store,2022-04-30
CUST05721,38,Male,Multan,Gold,Online,2016-08-30
CUST05722,52,Male,Faisalabad,Bronze,In-Store,2025-12-13
CUST05723,44,Male,Sargodha,Bronze,In-Store,2023-11-24
CUST05724,51,Male,Hyderabad,Bronze,In-Store,2020-04-25
CUST05725,49,Female,Bahawalpur,Bronze,In-Store,2024-10-28
CUST05726,38,Female,Gujranwala,Silver,In-Store,2018-06-08
CUST05727,30,Female,Islamabad,Silver,In-Store,2017-03-18
CUST05728,26,Female,Lahore,Silver,In-Store,2016-11-14
CUST05729,18,Male,Lahore,Bronze,In-Store,2022-09-20
CUST05730,53,Male,Sargodha,Bronze,Mobile App,2017-03-03
CUST05731,33,Male,Sargodha,Gold,In-Store,2017-06-14
CUST05732,18,Female,Lahore,Gold,Online,2017-06-30
CUST05733,54,Female,Lahore,Gold,Mobile App,2021-10-15
CUST05734,39,Female,Peshawar,Bronze,Mobile App,2018-12-21
CUST05735,50,Female,Faisalabad,Gold,Online,2019-09-29
CUST05736,34,Male,Faisalabad,Platinum,In-Store,2015-04-13
CUST05737,27,Male,Bahawalpur,Gold,Mobile App,2019-10-30
CUST05738,43,Male,Faisalabad,Bronze,Mobile App,2020-04-01
CUST05739,44,Female,Multan,Bronze,Online,2016-05-21
CUST05740,34,Male,Peshawar,Platinum,Online,2024-09-30
CUST05741,55,Male,Faisalabad,Silver,In-Store,2025-07-16
CUST05742,50,Other,Multan,Gold,Online,2020-02-17
CUST05743,45,Male,Sialkot,Bronze,In-Store,2015-04-21
CUST05744,23,Male,Bahawalpur,Silver,In-Store,2020-08-08
CUST05745,21,Male,Bahawalpur,Bronze,In-Store,2015-11-05
CUST05746,53,Male,Peshawar,Gold,In-Store,2021-04-15
CUST05747,18,Female,Lahore,Bronze,In-Store,2017-07-02
CUST05748,36,Female,Sukkur,Silver,In-Store,2025-09-22
CUST05749,39,Male,Quetta,Gold,In-Store,2020-07-19
CUST05750,31,Female,Islamabad,Gold,In-Store,2018-03-15
CUST05751,37,Male,Multan,Gold,In-Store,2021-12-24
CUST05752,43,Female,Rawalpindi,Bronze,Online,2025-07-21
CUST05753,30,Male,Hyderabad,Silver,In-Store,2017-05-29
CUST05754,49,Male,Islamabad,Bronze,In-Store,2023-05-24
CUST05755,45,Male,Rawalpindi,Platinum,Mobile App,2025-02-06
CUST05756,35,Female,Gujranwala,Silver,Online,2019-11-17
CUST05757,27,Male,Lahore,Platinum,Online,2025-03-18
CUST05758,36,Male,Faisalabad,Bronze,Online,2024-04-07
CUST05759,65,Male,Rawalpindi,Gold,Mobile App,2020-09-14
CUST05760,28,Other,Islamabad,Silver,Online,2025-07-06
CUST05761,57,Male,Karachi,Silver,In-Store,2016-12-12
CUST05762,18,Female,Karachi,Gold,In-Store,2025-05-04
CUST05763,26,Male,Multan,Bronze,Online,2018-05-15
CUST05764,30,Male,Faisalabad,Bronze,Mobile App,2019-12-19
CUST05765,50,Male,Sargodha,Bronze,In-Store,2018-04-13
CUST05766,38,Male,Lahore,Silver,In-Store,2025-01-02
CUST05767,55,Female,Karachi,Silver,In-Store,2018-02-28
CUST05768,33,Male,Rawalpindi,Platinum,In-Store,2022-09-29
CUST05769,37,Male,Karachi,Gold,Online,2020-10-19
CUST05770,33,Male,Lahore,Silver,In-Store,2015-11-10
CUST05771,64,Female,Peshawar,Silver,In-Store,2023-05-29
CUST05772,23,Male,Rawalpindi,Silver,Mobile App,2015-05-28
CUST05773,31,Male,Islamabad,Silver,In-Store,2016-12-25
CUST05774,25,Female,Gujranwala,Gold,Online,2019-05-24
CUST05775,45,Female,Islamabad,Bronze,Mobile App,2019-10-24
CUST05776,23,Female,Karachi,Bronze,Online,2022-02-03
CUST05777,61,Male,Lahore,Gold,In-Store,2015-09-03
CUST05778,39,Female,Sargodha,Gold,In-Store,2024-11-01
CUST05779,43,Male,Lahore,Gold,Online,2015-07-11
CUST05780,44,Male,Islamabad,Silver,Online,2015-05-31
CUST05781,37,Male,Lahore,Bronze,In-Store,2023-02-18
CUST05782,39,Female,Peshawar,Gold,Online,2017-12-21
CUST05783,39,Male,Lahore,Gold,Online,2017-09-15
CUST05784,44,Male,Lahore,Silver,Online,2023-03-23
CUST05785,27,Male,Multan,Bronze,In-Store,2021-08-23
CUST05786,25,Male,Sialkot,Bronze,Online,2018-12-30
CUST05787,48,Male,Multan,Silver,In-Store,2018-06-21
CUST05788,37,Male,Faisalabad,Silver,In-Store,2021-08-19
CUST05789,18,Female,Abbottabad,Silver,Online,2024-06-22
CUST05790,31,Male,Lahore,Bronze,In-Store,2019-05-20
CUST05791,57,Female,Rawalpindi,Silver,In-Store,2019-09-26
CUST05792,35,Male,Lahore,Gold,In-Store,2017-04-13
CUST05793,31,Male,Faisalabad,Silver,Online,2020-11-03
CUST05794,18,Male,Rawalpindi,Silver,Online,2015-08-31
CUST05795,30,Male,Sialkot,Platinum,In-Store,2023-12-08
CUST05796,22,Male,Rawalpindi,Silver,Online,2020-11-29
CUST05797,43,Male,Karachi,Gold,In-Store,2018-03-07
CUST05798,38,Male,Sargodha,Bronze,In-Store,2017-01-15
CUST05799,33,Female,Lahore,Bronze,In-Store,2017-12-04
CUST05800,28,Female,Lahore,Platinum,In-Store,2015-10-06
CUST05801,57,Male,Bahawalpur,Platinum,In-Store,2025-06-30
CUST05802,28,Male,Peshawar,Bronze,In-Store,2018-05-28
CUST05803,28,Male,Sukkur,Platinum,In-Store,2025-02-28
CUST05804,34,Female,Lahore,Gold,Online,2025-03-09
CUST05805,36,Male,Karachi,Bronze,Online,2015-02-27
CUST05806,44,Male,Rawalpindi,Bronze,In-Store,2021-02-28
CUST05807,50,Female,Lahore,Silver,In-Store,2023-09-20
CUST05808,49,Female,Quetta,Bronze,Online,2017-08-22
CUST05809,69,Male,Lahore,Gold,Online,2025-10-09
CUST05810,18,Female,Karachi,Gold,Online,2021-10-23
CUST05811,41,Male,Rawalpindi,Silver,Online,2023-08-21
CUST05812,31,Male,Lahore,Gold,In-Store,2023-06-23
CUST05813,64,Female,Lahore,Silver,In-Store,2016-07-24
CUST05814,40,Female,Islamabad,Silver,Online,2024-05-08
CUST05815,18,Male,Islamabad,Silver,In-Store,2016-04-27
CUST05816,43,Male,Rawalpindi,Silver,In-Store,2025-11-23
CUST05817,41,Male,Multan,Platinum,Mobile App,2021-11-29
CUST05818,47,Female,Faisalabad,Bronze,In-Store,2021-10-16
CUST05819,28,Male,Multan,Bronze,Online,2025-06-15
CUST05820,42,Female,Karachi,Silver,Mobile App,2019-10-04
CUST05821,34,Female,Karachi,Platinum,In-Store,2020-06-29
CUST05822,29,Female,Bahawalpur,Silver,Mobile App,2022-06-22
CUST05823,42,Female,Lahore,Bronze,Online,2017-06-12
CUST05824,39,Male,Hyderabad,Platinum,Online,2016-03-18
CUST05825,51,Male,Karachi,Bronze,In-Store,2025-10-18
CUST05826,38,Male,Peshawar,Bronze,In-Store,2023-02-11
CUST05827,45,Female,Multan,Silver,In-Store,2021-04-13
CUST05828,22,Female,Rawalpindi,Silver,In-Store,2018-01-24
CUST05829,56,Male,Islamabad,Bronze,Online,2023-10-13
CUST05830,27,Male,Sukkur,Silver,Mobile App,2022-05-01
CUST05831,49,Male,Quetta,Silver,Mobile App,2019-10-01
CUST05832,41,Male,Peshawar,Bronze,In-Store,2020-02-16
CUST05833,39,Female,Bahawalpur,Silver,In-Store,2025-05-30
CUST05834,47,Female,Karachi,Bronze,In-Store,2017-10-13
CUST05835,18,Female,Sialkot,Bronze,In-Store,2015-10-28
CUST05836,30,Male,Abbottabad,Platinum,In-Store,2023-06-20
CUST05837,47,Female,Abbottabad,Bronze,In-Store,2017-06-24
CUST05838,62,Male,Lahore,Silver,In-Store,2024-08-26
CUST05839,37,Female,Gujranwala,Silver,In-Store,2021-07-22
CUST05840,18,Female,Karachi,Bronze,In-Store,2021-04-11
CUST05841,33,Female,Peshawar,Silver,In-Store,2017-09-02
CUST05842,37,Male,Peshawar,Bronze,In-Store,2024-03-23
CUST05843,52,Male,Rawalpindi,Silver,In-Store,2023-06-18
CUST05844,38,Female,Islamabad,Bronze,Online,2024-03-28
CUST05845,21,Female,Lahore,Gold,Mobile App,2020-11-21
CUST05846,50,Female,Islamabad,Gold,In-Store,2017-09-01
CUST05847,45,Male,Karachi,Platinum,In-Store,2021-04-10
CUST05848,28,Male,Lahore,Gold,Online,2021-09-16
CUST05849,47,Male,Faisalabad,Silver,In-Store,2017-02-22
CUST05850,30,Female,Faisalabad,Bronze,Mobile App,2025-12-04
CUST05851,34,Male,Multan,Bronze,In-Store,2019-07-21
CUST05852,31,Male,Quetta,Bronze,Mobile App,2016-04-06
CUST05853,33,Male,Karachi,Gold,In-Store,2023-05-30
CUST05854,49,Male,Hyderabad,Gold,Mobile App,2022-02-11
CUST05855,18,Male,Islamabad,Bronze,In-Store,2015-09-06
CUST05856,52,Female,Lahore,Bronze,Mobile App,2019-01-13
CUST05857,40,Female,Lahore,Bronze,In-Store,2016-02-10
CUST05858,32,Male,Gujranwala,Platinum,In-Store,2019-04-08
CUST05859,38,Female,Rawalpindi,Bronze,Online,2015-08-04
CUST05860,26,Other,Lahore,Gold,In-Store,2015-09-01
CUST05861,18,Female,Bahawalpur,Gold,Online,2023-12-30
CUST05862,26,Female,Multan,Gold,In-Store,2018-02-02
CUST05863,18,Female,Peshawar,Silver,In-Store,2023-01-28
CUST05864,20,Male,Lahore,Bronze,Online,2024-05-28
CUST05865,18,Male,Islamabad,Bronze,Online,2022-07-15
CUST05866,53,Male,Islamabad,Platinum,Online,2015-08-27
CUST05867,21,Male,Lahore,Silver,In-Store,2024-01-13
CUST05868,37,Female,Sukkur,Silver,Online,2018-05-17
CUST05869,52,Female,Karachi,Silver,In-Store,2022-06-03
CUST05870,49,Female,Karachi,Bronze,In-Store,2025-11-08
CUST05871,34,Female,Islamabad,Gold,Online,2015-08-06
CUST05872,34,Female,Peshawar,Gold,In-Store,2016-08-07
CUST05873,40,Female,Islamabad,Bronze,In-Store,2024-03-11
CUST05874,65,Male,Lahore,Bronze,In-Store,2023-05-21
CUST05875,43,Female,Karachi,Bronze,Online,2025-05-12
CUST05876,46,Female,Hyderabad,Platinum,In-Store,2025-12-09
CUST05877,67,Male,Quetta,Silver,In-Store,2015-10-11
CUST05878,41,Male,Peshawar,Gold,In-Store,2024-10-14
CUST05879,52,Female,Quetta,Bronze,Mobile App,2017-03-14
CUST05880,44,Male,Hyderabad,Bronze,Online,2024-05-29
CUST05881,44,Female,Lahore,Bronze,Mobile App,2021-12-11
CUST05882,25,Female,Gujranwala,Silver,In-Store,2025-12-20
CUST05883,23,Male,Karachi,Bronze,In-Store,2025-10-19
CUST05884,31,Male,Sargodha,Platinum,Mobile App,2017-12-30
CUST05885,49,Female,Faisalabad,Gold,Online,2020-09-21
CUST05886,48,Male,Sialkot,Bronze,Mobile App,2025-07-26
CUST05887,55,Female,Faisalabad,Bronze,In-Store,2023-07-16
CUST05888,37,Other,Islamabad,Bronze,Online,2020-12-13
CUST05889,44,Female,Quetta,Bronze,Online,2022-11-09
CUST05890,45,Female,Islamabad,Platinum,Online,2016-03-03
CUST05891,36,Female,Multan,Platinum,In-Store,2022-12-21
CUST05892,33,Female,Karachi,Bronze,Online,2024-07-09
CUST05893,18,Female,Hyderabad,Bronze,In-Store,2019-10-19
CUST05894,36,Male,Lahore,Bronze,Online,2016-06-09
CUST05895,36,Male,Multan,Silver,In-Store,2016-02-05
CUST05896,52,Female,Hyderabad,Silver,In-Store,2016-12-12
CUST05897,54,Male,Peshawar,Silver,In-Store,2021-06-04
CUST05898,39,Female,Rawalpindi,Bronze,In-Store,2015-01-03
CUST05899,64,Female,Faisalabad,Bronze,Mobile App,2025-12-27
CUST05900,40,Female,Rawalpindi,Silver,Online,2019-02-27
CUST05901,51,Male,Karachi,Bronze,In-Store,2020-05-27
CUST05902,36,Female,Sialkot,Silver,Online,2019-08-01
CUST05903,23,Female,Sargodha,Bronze,In-Store,2022-08-11
CUST05904,32,Female,Quetta,Bronze,Online,2017-11-07
CUST05905,57,Male,Sukkur,Gold,In-Store,2024-07-05
CUST05906,34,Male,Sukkur,Silver,In-Store,2024-01-09
CUST05907,31,Female,Islamabad,Platinum,Online,2023-05-07
CUST05908,37,Female,Islamabad,Bronze,Mobile App,2024-09-10
CUST05909,32,Female,Rawalpindi,Bronze,In-Store,2023-05-15
CUST05910,53,Male,Karachi,Silver,In-Store,2018-03-29
CUST05911,62,Male,Karachi,Bronze,In-Store,2022-06-02
CUST05912,38,Male,Karachi,Bronze,Online,2020-09-19
CUST05913,45,Female,Faisalabad,Bronze,Mobile App,2022-07-12
CUST05914,50,Female,Faisalabad,Silver,In-Store,2025-05-12
CUST05915,39,Male,Karachi,Bronze,In-Store,2015-11-02
CUST05916,26,Male,Lahore,Bronze,Online,2016-12-26
CUST05917,32,Male,Sialkot,Bronze,In-Store,2025-05-31
CUST05918,43,Male,Faisalabad,Gold,In-Store,2017-05-29
CUST05919,43,Male,Sialkot,Bronze,Online,2020-05-15
CUST05920,18,Female,Lahore,Silver,In-Store,2019-02-21
CUST05921,32,Male,Multan,Platinum,Mobile App,2024-02-14
CUST05922,28,Male,Lahore,Bronze,In-Store,2017-08-29
CUST05923,49,Female,Sargodha,Silver,Online,2016-09-13
CUST05924,28,Other,Bahawalpur,Silver,Mobile App,2015-05-28
CUST05925,32,Female,Islamabad,Silver,In-Store,2018-06-02
CUST05926,31,Male,Karachi,Gold,In-Store,2024-11-19
CUST05927,48,Male,Karachi,Silver,In-Store,2024-04-23
CUST05928,50,Male,Lahore,Gold,In-Store,2015-07-31
CUST05929,44,Male,Peshawar,Bronze,In-Store,2025-09-29
CUST05930,52,Female,Lahore,Silver,In-Store,2019-01-06
CUST05931,54,Female,Lahore,Bronze,Online,2016-06-23
CUST05932,18,Male,Islamabad,Bronze,In-Store,2016-01-18
CUST05933,45,Female,Gujranwala,Silver,Online,2018-03-18
CUST05934,33,Female,Karachi,Bronze,In-Store,2018-10-30
CUST05935,21,Female,Karachi,Bronze,In-Store,2022-01-05
CUST05936,33,Male,Karachi,Platinum,In-Store,2016-03-10
CUST05937,47,Other,Karachi,Gold,Mobile App,2020-08-16
CUST05938,56,Male,Lahore,Bronze,In-Store,2016-03-22
CUST05939,20,Male,Gujranwala,Bronze,In-Store,2021-11-01
CUST05940,46,Male,Abbottabad,Bronze,Online,2022-01-19
CUST05941,63,Female,Lahore,Bronze,In-Store,2022-07-22
CUST05942,61,Female,Lahore,Bronze,In-Store,2019-11-15
CUST05943,18,Male,Lahore,Gold,In-Store,2019-08-26
CUST05944,66,Male,Karachi,Bronze,In-Store,2018-01-01
CUST05945,50,Female,Hyderabad,Gold,Mobile App,2025-03-11
CUST05946,18,Female,Faisalabad,Platinum,In-Store,2025-07-03
CUST05947,28,Female,Islamabad,Bronze,In-Store,2016-02-22
CUST05948,54,Female,Lahore,Silver,Online,2025-09-04
CUST05949,42,Female,Lahore,Bronze,In-Store,2021-01-31
CUST05950,30,Male,Karachi,Silver,In-Store,2021-09-27
CUST05951,38,Male,Peshawar,Bronze,Online,2022-06-08
CUST05952,45,Female,Peshawar,Silver,Online,2017-03-30
CUST05953,30,Male,Karachi,Silver,In-Store,2025-05-12
CUST05954,36,Male,Lahore,Platinum,In-Store,2025-03-28
CUST05955,49,Female,Gujranwala,Bronze,In-Store,2019-07-01
CUST05956,28,Male,Faisalabad,Bronze,In-Store,2019-01-11
CUST05957,20,Female,Lahore,Bronze,Online,2024-11-24
CUST05958,29,Male,Peshawar,Bronze,In-Store,2020-04-29
CUST05959,26,Female,Hyderabad,Silver,Online,2017-12-27
CUST05960,30,Male,Islamabad,Platinum,In-Store,2023-02-11
CUST05961,18,Female,Sialkot,Silver,In-Store,2015-03-06
CUST05962,41,Male,Hyderabad,Silver,Online,2023-02-28
CUST05963,49,Male,Islamabad,Silver,In-Store,2022-03-31
CUST05964,27,Male,Bahawalpur,Bronze,In-Store,2020-01-20
CUST05965,29,Male,Islamabad,Platinum,Online,2021-01-25
CUST05966,35,Female,Karachi,Platinum,Online,2020-12-04
CUST05967,26,Male,Sialkot,Bronze,In-Store,2017-08-30
CUST05968,50,Female,Lahore,Bronze,Online,2025-09-13
CUST05969,26,Male,Lahore,Silver,In-Store,2020-07-02
CUST05970,31,Female,Peshawar,Platinum,Online,2020-06-13
CUST05971,28,Female,Faisalabad,Silver,Mobile App,2021-09-15
CUST05972,51,Male,Karachi,Bronze,Online,2022-10-08
CUST05973,34,Male,Gujranwala,Bronze,Mobile App,2020-02-27
CUST05974,63,Male,Karachi,Silver,In-Store,2017-05-03
CUST05975,42,Male,Lahore,Platinum,In-Store,2019-07-13
CUST05976,53,Male,Multan,Gold,In-Store,2021-10-24
CUST05977,33,Female,Sialkot,Gold,Online,2017-09-15
CUST05978,25,Male,Rawalpindi,Bronze,In-Store,2016-12-16
CUST05979,37,Female,Rawalpindi,Bronze,In-Store,2016-08-18
CUST05980,29,Female,Sargodha,Gold,Online,2019-01-11
CUST05981,18,Male,Lahore,Bronze,Online,2023-08-02
CUST05982,51,Female,Faisalabad,Bronze,Online,2019-12-08
CUST05983,38,Other,Peshawar,Gold,In-Store,2018-05-21
CUST05984,28,Male,Bahawalpur,Silver,Mobile App,2022-05-20
CUST05985,42,Female,Sialkot,Silver,In-Store,2023-09-17
CUST05986,38,Female,Karachi,Bronze,Online,2015-11-24
CUST05987,56,Female,Sialkot,Bronze,In-Store,2025-05-07
CUST05988,43,Female,Multan,Gold,In-Store,2016-02-07
CUST05989,35,Male,Sialkot,Bronze,In-Store,2022-12-16
CUST05990,47,Male,Karachi,Silver,In-Store,2015-07-29
CUST05991,37,Female,Bahawalpur,Silver,In-Store,2018-04-22
CUST05992,40,Male,Gujranwala,Silver,In-Store,2019-03-13
CUST05993,53,Female,Hyderabad,Gold,In-Store,2017-02-27
CUST05994,22,Male,Sukkur,Bronze,In-Store,2017-03-20
CUST05995,26,Male,Karachi,Bronze,Mobile App,2018-12-30
CUST05996,32,Female,Gujranwala,Gold,In-Store,2023-06-19
CUST05997,34,Female,Quetta,Bronze,Mobile App,2020-05-29
CUST05998,53,Female,Peshawar,Platinum,In-Store,2024-01-29
CUST05999,19,Female,Islamabad,Bronze,Online,2023-11-26
CUST06000,37,Male,Lahore,Silver,Mobile App,2017-09-10
CUST06001,30,Female,Multan,Bronze,Online,2019-12-03
CUST06002,60,Male,Lahore,Silver,In-Store,2021-10-07
CUST06003,49,Female,Bahawalpur,Bronze,Online,2018-01-16
CUST06004,41,Female,Multan,Bronze,Mobile App,2020-05-21
CUST06005,50,Female,Islamabad,Platinum,In-Store,2018-04-10
CUST06006,20,Male,Karachi,Gold,Online,2017-03-16
CUST06007,64,Female,Karachi,Silver,In-Store,2015-10-23
CUST06008,27,Male,Lahore,Platinum,Online,2021-12-31
CUST06009,54,Female,Lahore,Bronze,In-Store,2020-04-19
CUST06010,45,Female,Faisalabad,Bronze,Online,2023-02-09
CUST06011,41,Female,Quetta,Gold,In-Store,2015-09-29
CUST06012,53,Female,Sukkur,Bronze,Online,2024-03-19
CUST06013,50,Female,Peshawar,Gold,In-Store,2025-07-10
CUST06014,39,Male,Multan,Silver,Online,2018-04-28
CUST06015,32,Female,Lahore,Bronze,In-Store,2025-09-20
CUST06016,39,Female,Sukkur,Silver,Mobile App,2016-09-12
CUST06017,36,Female,Islamabad,Silver,In-Store,2020-10-31
CUST06018,42,Female,Quetta,Bronze,Mobile App,2025-04-01
CUST06019,51,Male,Sialkot,Gold,In-Store,2019-09-26
CUST06020,44,Male,Karachi,Bronze,Mobile App,2025-03-29
CUST06021,40,Female,Peshawar,Bronze,In-Store,2017-03-27
CUST06022,29,Male,Bahawalpur,Silver,In-Store,2018-02-23
CUST06023,42,Female,Quetta,Silver,Mobile App,2022-01-27
CUST06024,18,Female,Rawalpindi,Bronze,In-Store,2015-08-15
CUST06025,27,Female,Islamabad,Silver,In-Store,2017-08-14
CUST06026,45,Female,Karachi,Silver,In-Store,2022-10-18
CUST06027,49,Female,Lahore,Bronze,In-Store,2016-06-16
CUST06028,37,Male,Sukkur,Gold,Online,2019-01-06
CUST06029,40,Male,Islamabad,Bronze,In-Store,2021-02-15
CUST06030,42,Female,Lahore,Bronze,Online,2023-05-07
CUST06031,46,Female,Islamabad,Bronze,Online,2020-09-27
CUST06032,35,Female,Rawalpindi,Gold,In-Store,2015-10-15
CUST06033,25,Male,Islamabad,Bronze,Mobile App,2021-07-02
CUST06034,43,Male,Karachi,Gold,In-Store,2020-01-19
CUST06035,63,Male,Islamabad,Bronze,Online,2019-05-03
CUST06036,26,Male,Sukkur,Gold,Online,2018-08-28
CUST06037,36,Female,Lahore,Platinum,Online,2023-12-28
CUST06038,32,Female,Islamabad,Bronze,In-Store,2022-01-26
CUST06039,69,Male,Quetta,Bronze,In-Store,2015-05-20
CUST06040,25,Male,Karachi,Bronze,In-Store,2022-10-21
CUST06041,35,Male,Hyderabad,Platinum,In-Store,2018-03-15
CUST06042,33,Male,Faisalabad,Silver,In-Store,2025-06-09
CUST06043,21,Female,Faisalabad,Platinum,Online,2019-12-19
CUST06044,20,Other,Karachi,Silver,Online,2018-10-29
CUST06045,45,Female,Karachi,Gold,In-Store,2016-05-07
CUST06046,47,Male,Hyderabad,Platinum,Mobile App,2016-06-03
CUST06047,30,Male,Lahore,Bronze,Online,2023-02-21
CUST06048,56,Female,Rawalpindi,Bronze,Online,2025-07-28
CUST06049,18,Female,Faisalabad,Bronze,In-Store,2019-05-11
CUST06050,21,Male,Karachi,Silver,Online,2021-04-09
CUST06051,27,Male,Quetta,Silver,Online,2025-07-02
CUST06052,37,Female,Faisalabad,Platinum,In-Store,2025-04-08
CUST06053,32,Female,Bahawalpur,Gold,In-Store,2022-07-27
CUST06054,35,Male,Karachi,Bronze,In-Store,2024-02-20
CUST06055,44,Female,Lahore,Platinum,Mobile App,2020-09-07
CUST06056,56,Female,Lahore,Gold,Mobile App,2020-05-26
CUST06057,48,Male,Lahore,Bronze,Online,2019-10-27
CUST06058,38,Female,Sargodha,Gold,In-Store,2015-12-22
CUST06059,36,Male,Multan,Bronze,In-Store,2021-09-05
CUST06060,52,Male,Lahore,Silver,In-Store,2018-04-17
CUST06061,62,Female,Lahore,Gold,Online,2022-11-21
CUST06062,46,Male,Faisalabad,Bronze,In-Store,2022-09-10
CUST06063,31,Female,Lahore,Gold,Online,2018-07-24
CUST06064,41,Female,Karachi,Silver,In-Store,2023-01-28
CUST06065,45,Male,Multan,Silver,In-Store,2016-11-24
CUST06066,30,Male,Peshawar,Silver,In-Store,2017-10-07
CUST06067,49,Male,Karachi,Bronze,In-Store,2022-07-08
CUST06068,41,Male,Faisalabad,Bronze,In-Store,2022-01-18
CUST06069,53,Female,Multan,Bronze,Online,2024-08-22
CUST06070,25,Male,Peshawar,Bronze,Online,2016-02-18
CUST06071,18,Male,Karachi,Silver,Online,2022-09-23
CUST06072,32,Female,Gujranwala,Silver,In-Store,2017-05-07
CUST06073,38,Female,Faisalabad,Bronze,Online,2018-10-09
CUST06074,18,Female,Rawalpindi,Gold,Mobile App,2016-05-07
CUST06075,30,Male,Rawalpindi,Gold,In-Store,2018-06-10
CUST06076,54,Female,Rawalpindi,Bronze,Online,2017-03-28
CUST06077,44,Male,Hyderabad,Bronze,In-Store,2020-09-26
CUST06078,39,Female,Peshawar,Bronze,In-Store,2016-10-26
CUST06079,24,Female,Lahore,Silver,Online,2021-05-13
CUST06080,54,Female,Karachi,Bronze,Mobile App,2022-11-30
CUST06081,32,Female,Islamabad,Bronze,Online,2019-05-25
CUST06082,39,Female,Lahore,Platinum,Online,2025-01-26
CUST06083,43,Female,Multan,Silver,Online,2016-05-30
CUST06084,40,Male,Peshawar,Bronze,Online,2025-08-19
CUST06085,57,Female,Islamabad,Silver,In-Store,2021-07-31
CUST06086,45,Female,Hyderabad,Bronze,In-Store,2019-04-21
CUST06087,42,Female,Abbottabad,Gold,Online,2015-04-23
CUST06088,36,Male,Rawalpindi,Platinum,In-Store,2024-06-15
CUST06089,43,Female,Rawalpindi,Bronze,In-Store,2025-05-17
CUST06090,35,Female,Karachi,Platinum,Mobile App,2016-01-03
CUST06091,40,Male,Sukkur,Gold,In-Store,2017-11-29
CUST06092,33,Female,Karachi,Bronze,In-Store,2021-04-05
CUST06093,31,Male,Multan,Gold,In-Store,2018-09-11
CUST06094,26,Female,Peshawar,Bronze,In-Store,2021-08-29
CUST06095,34,Male,Islamabad,Bronze,Mobile App,2021-06-23
CUST06096,33,Male,Karachi,Gold,In-Store,2019-07-06
CUST06097,61,Female,Peshawar,Bronze,Online,2023-01-07
CUST06098,50,Male,Islamabad,Platinum,In-Store,2015-04-01
CUST06099,36,Male,Karachi,Silver,In-Store,2021-12-06
CUST06100,32,Male,Bahawalpur,Silver,Mobile App,2018-08-19
CUST06101,45,Female,Faisalabad,Gold,In-Store,2017-06-03
CUST06102,63,Female,Quetta,Gold,In-Store,2015-01-21
CUST06103,48,Female,Lahore,Bronze,Online,2015-04-24
CUST06104,18,Female,Karachi,Bronze,In-Store,2023-11-22
CUST06105,49,Male,Karachi,Gold,In-Store,2024-03-29
CUST06106,51,Male,Islamabad,Bronze,Mobile App,2025-12-27
CUST06107,66,Female,Karachi,Silver,Online,2024-08-14
CUST06108,34,Male,Abbottabad,Bronze,In-Store,2017-04-15
CUST06109,39,Male,Lahore,Silver,In-Store,2017-04-11
CUST06110,43,Male,Karachi,Bronze,In-Store,2023-06-28
CUST06111,28,Female,Gujranwala,Gold,In-Store,2020-03-24
CUST06112,26,Male,Gujranwala,Gold,Mobile App,2024-10-21
CUST06113,43,Female,Abbottabad,Silver,In-Store,2015-06-25
CUST06114,18,Female,Lahore,Bronze,Mobile App,2018-03-04
CUST06115,20,Male,Karachi,Bronze,Online,2017-03-25
CUST06116,48,Male,Quetta,Bronze,In-Store,2022-02-18
CUST06117,44,Female,Gujranwala,Bronze,Online,2023-02-01
CUST06118,54,Male,Islamabad,Bronze,In-Store,2017-09-28
CUST06119,44,Male,Sargodha,Silver,In-Store,2024-02-17
CUST06120,38,Female,Sialkot,Platinum,In-Store,2015-09-23
CUST06121,54,Female,Rawalpindi,Gold,Online,2015-02-05
CUST06122,32,Male,Quetta,Bronze,Online,2021-05-08
CUST06123,33,Female,Karachi,Gold,In-Store,2025-06-15
CUST06124,37,Male,Islamabad,Bronze,Online,2018-03-14
CUST06125,43,Other,Lahore,Bronze,In-Store,2021-06-16
CUST06126,37,Female,Lahore,Bronze,In-Store,2024-06-27
CUST06127,18,Female,Lahore,Gold,Mobile App,2016-02-10
CUST06128,34,Female,Quetta,Bronze,Online,2025-07-16
CUST06129,37,Male,Hyderabad,Bronze,Online,2021-10-29
CUST06130,39,Female,Lahore,Bronze,Online,2016-12-13
CUST06131,32,Female,Rawalpindi,Gold,In-Store,2020-08-03
CUST06132,44,Female,Multan,Gold,Mobile App,2016-08-25
CUST06133,18,Female,Karachi,Silver,In-Store,2015-05-01
CUST06134,43,Male,Islamabad,Platinum,In-Store,2017-03-15
CUST06135,61,Female,Lahore,Silver,In-Store,2024-07-02
CUST06136,30,Female,Faisalabad,Silver,Mobile App,2020-02-13
CUST06137,38,Female,Bahawalpur,Platinum,Online,2018-10-09
CUST06138,34,Female,Rawalpindi,Silver,In-Store,2018-07-02
CUST06139,35,Female,Peshawar,Silver,In-Store,2025-03-15
CUST06140,24,Female,Quetta,Bronze,In-Store,2022-01-18
CUST06141,63,Female,Abbottabad,Gold,In-Store,2025-10-03
CUST06142,43,Female,Multan,Bronze,In-Store,2020-02-11
CUST06143,29,Male,Lahore,Silver,In-Store,2023-03-16
CUST06144,27,Female,Karachi,Gold,In-Store,2015-03-30
CUST06145,38,Male,Karachi,Silver,Mobile App,2022-06-26
CUST06146,18,Male,Karachi,Gold,In-Store,2023-03-30
CUST06147,51,Female,Faisalabad,Gold,Online,2024-08-31
CUST06148,31,Female,Rawalpindi,Gold,Mobile App,2018-11-19
CUST06149,43,Male,Multan,Bronze,In-Store,2021-02-27
CUST06150,43,Female,Karachi,Bronze,In-Store,2022-04-21
CUST06151,50,Male,Gujranwala,Platinum,Online,2023-01-29
CUST06152,44,Female,Karachi,Bronze,Mobile App,2024-03-29
CUST06153,47,Male,Peshawar,Gold,In-Store,2018-10-07
CUST06154,51,Male,Peshawar,Silver,In-Store,2016-03-12
CUST06155,33,Male,Multan,Platinum,In-Store,2025-07-27
CUST06156,65,Male,Lahore,Bronze,Online,2021-07-21
CUST06157,42,Female,Multan,Gold,In-Store,2016-10-28
CUST06158,37,Female,Bahawalpur,Silver,In-Store,2025-04-03
CUST06159,27,Female,Gujranwala,Bronze,In-Store,2025-10-31
CUST06160,35,Female,Karachi,Silver,Online,2016-06-25
CUST06161,43,Male,Islamabad,Silver,In-Store,2025-02-06
CUST06162,39,Female,Gujranwala,Bronze,Online,2021-09-01
CUST06163,61,Female,Lahore,Bronze,In-Store,2016-12-15
CUST06164,32,Male,Quetta,Platinum,Online,2017-05-20
CUST06165,46,Female,Bahawalpur,Silver,Mobile App,2017-02-27
CUST06166,23,Male,Lahore,Gold,Mobile App,2019-09-12
CUST06167,66,Male,Karachi,Bronze,In-Store,2023-11-02
CUST06168,22,Male,Rawalpindi,Silver,Online,2023-01-14
CUST06169,64,Female,Islamabad,Bronze,Mobile App,2019-11-02
CUST06170,36,Male,Faisalabad,Bronze,Online,2024-04-04
CUST06171,18,Male,Lahore,Platinum,Mobile App,2025-08-20
CUST06172,55,Female,Faisalabad,Bronze,Mobile App,2025-03-07
CUST06173,39,Female,Karachi,Silver,In-Store,2017-08-05
CUST06174,32,Male,Lahore,Platinum,In-Store,2023-11-04
CUST06175,46,Male,Islamabad,Silver,Online,2016-12-07
CUST06176,46,Female,Karachi,Bronze,Online,2024-07-23
CUST06177,43,Male,Abbottabad,Silver,In-Store,2018-04-14
CUST06178,52,Female,Islamabad,Silver,Mobile App,2015-12-31
CUST06179,41,Female,Lahore,Silver,In-Store,2015-01-09
CUST06180,46,Male,Quetta,Gold,Mobile App,2022-09-16
CUST06181,31,Female,Rawalpindi,Silver,In-Store,2017-11-09
CUST06182,47,Female,Sargodha,Gold,Online,2022-08-31
CUST06183,31,Female,Karachi,Bronze,Mobile App,2018-10-20
CUST06184,23,Female,Rawalpindi,Silver,Online,2015-12-13
CUST06185,35,Female,Lahore,Silver,In-Store,2019-02-11
CUST06186,34,Female,Quetta,Gold,In-Store,2018-09-12
CUST06187,50,Female,Faisalabad,Gold,Online,2019-09-23
CUST06188,19,Female,Lahore,Bronze,Online,2018-11-19
CUST06189,52,Female,Faisalabad,Bronze,Online,2019-04-02
CUST06190,29,Female,Sialkot,Gold,Online,2022-02-12
CUST06191,18,Male,Abbottabad,Silver,In-Store,2019-05-04
CUST06192,22,Female,Lahore,Silver,In-Store,2020-12-22
CUST06193,34,Male,Karachi,Platinum,Online,2017-08-01
CUST06194,43,Female,Faisalabad,Bronze,Online,2025-04-23
CUST06195,36,Female,Islamabad,Silver,In-Store,2025-08-08
CUST06196,22,Male,Sialkot,Bronze,Mobile App,2016-07-26
CUST06197,27,Male,Sialkot,Bronze,Online,2024-05-10
CUST06198,22,Female,Lahore,Silver,Online,2021-07-10
CUST06199,41,Male,Rawalpindi,Bronze,Online,2023-11-10
CUST06200,36,Female,Karachi,Bronze,In-Store,2016-06-15
CUST06201,45,Male,Quetta,Bronze,Mobile App,2022-08-15
CUST06202,18,Female,Faisalabad,Silver,Online,2024-06-14
CUST06203,31,Male,Abbottabad,Platinum,Online,2018-11-18
CUST06204,64,Female,Islamabad,Silver,In-Store,2019-03-13
CUST06205,46,Female,Peshawar,Silver,Online,2025-10-01
CUST06206,34,Female,Multan,Bronze,Mobile App,2018-01-28
CUST06207,25,Female,Faisalabad,Bronze,In-Store,2023-11-09
CUST06208,52,Female,Rawalpindi,Gold,Mobile App,2018-02-14
CUST06209,57,Female,Islamabad,Bronze,In-Store,2020-04-28
CUST06210,23,Male,Lahore,Gold,In-Store,2016-04-21
CUST06211,24,Male,Peshawar,Bronze,Mobile App,2024-11-13
CUST06212,41,Female,Quetta,Silver,Online,2017-04-18
CUST06213,42,Male,Peshawar,Silver,In-Store,2022-09-16
CUST06214,44,Female,Abbottabad,Bronze,In-Store,2019-03-24
CUST06215,61,Male,Islamabad,Silver,Online,2016-10-05
CUST06216,25,Male,Karachi,Bronze,In-Store,2015-05-19
CUST06217,38,Female,Karachi,Bronze,In-Store,2016-06-23
CUST06218,47,Female,Karachi,Bronze,Online,2020-07-26
CUST06219,47,Male,Lahore,Gold,In-Store,2017-01-18
CUST06220,29,Female,Karachi,Silver,In-Store,2017-01-12
CUST06221,30,Female,Sargodha,Platinum,Online,2025-06-24
CUST06222,32,Male,Islamabad,Bronze,Online,2021-01-20
CUST06223,60,Female,Bahawalpur,Bronze,In-Store,2015-09-23
CUST06224,25,Female,Islamabad,Gold,Online,2016-07-01
CUST06225,33,Male,Faisalabad,Bronze,In-Store,2020-10-09
CUST06226,48,Female,Multan,Bronze,Mobile App,2017-10-30
CUST06227,23,Female,Islamabad,Gold,Online,2017-05-30
CUST06228,41,Female,Islamabad,Bronze,Online,2023-09-16
CUST06229,18,Male,Peshawar,Silver,Online,2020-02-17
CUST06230,40,Male,Bahawalpur,Bronze,In-Store,2025-12-09
CUST06231,38,Male,Sialkot,Gold,In-Store,2022-05-24
CUST06232,40,Female,Rawalpindi,Silver,In-Store,2018-10-31
CUST06233,26,Female,Gujranwala,Silver,Online,2023-11-23
CUST06234,40,Female,Peshawar,Bronze,Mobile App,2020-03-14
CUST06235,37,Male,Faisalabad,Bronze,In-Store,2023-03-05
CUST06236,54,Female,Sukkur,Bronze,Mobile App,2019-11-08
CUST06237,46,Female,Faisalabad,Platinum,In-Store,2015-01-02
CUST06238,19,Female,Rawalpindi,Bronze,In-Store,2018-12-10
CUST06239,27,Other,Peshawar,Bronze,In-Store,2017-04-25
CUST06240,29,Female,Rawalpindi,Silver,In-Store,2017-11-03
CUST06241,40,Male,Lahore,Bronze,Online,2019-04-22
CUST06242,35,Female,Faisalabad,Bronze,In-Store,2022-01-26
CUST06243,35,Other,Sargodha,Bronze,Online,2024-01-17
CUST06244,74,Male,Faisalabad,Bronze,Mobile App,2017-08-03
CUST06245,31,Female,Abbottabad,Gold,In-Store,2021-07-11
CUST06246,56,Female,Gujranwala,Bronze,In-Store,2019-12-11
CUST06247,36,Female,Rawalpindi,Bronze,In-Store,2015-08-25
CUST06248,18,Female,Islamabad,Gold,Online,2019-05-09
CUST06249,40,Female,Peshawar,Silver,Mobile App,2022-11-26
CUST06250,52,Male,Sargodha,Bronze,In-Store,2023-03-20
CUST06251,46,Male,Rawalpindi,Silver,Mobile App,2023-06-19
CUST06252,41,Male,Lahore,Silver,Mobile App,2023-12-28
CUST06253,38,Female,Karachi,Bronze,Online,2020-09-30
CUST06254,31,Male,Faisalabad,Gold,Online,2015-03-30
CUST06255,49,Female,Rawalpindi,Gold,Online,2019-01-21
CUST06256,32,Female,Faisalabad,Bronze,Mobile App,2021-03-25
CUST06257,29,Male,Faisalabad,Bronze,Online,2017-11-12
CUST06258,43,Male,Multan,Silver,In-Store,2016-04-05
CUST06259,34,Female,Islamabad,Bronze,Online,2019-01-26
CUST06260,54,Male,Rawalpindi,Bronze,In-Store,2015-12-28
CUST06261,44,Female,Rawalpindi,Bronze,In-Store,2023-11-10
CUST06262,27,Male,Faisalabad,Bronze,Online,2018-09-25
CUST06263,23,Male,Rawalpindi,Bronze,In-Store,2021-07-23
CUST06264,30,Male,Peshawar,Silver,In-Store,2015-10-12
CUST06265,68,Male,Quetta,Silver,In-Store,2020-03-09
CUST06266,34,Male,Islamabad,Silver,In-Store,2025-03-23
CUST06267,47,Male,Quetta,Gold,Mobile App,2017-10-08
CUST06268,21,Female,Bahawalpur,Bronze,In-Store,2022-08-16
CUST06269,23,Male,Sialkot,Bronze,Mobile App,2018-11-27
CUST06270,35,Male,Sialkot,Silver,In-Store,2022-02-06
CUST06271,60,Female,Quetta,Silver,In-Store,2025-10-22
CUST06272,21,Female,Islamabad,Bronze,In-Store,2016-11-08
CUST06273,29,Female,Sargodha,Bronze,In-Store,2016-05-18
CUST06274,49,Female,Lahore,Bronze,In-Store,2024-05-11
CUST06275,58,Male,Lahore,Silver,Mobile App,2020-08-04
CUST06276,43,Female,Lahore,Silver,Online,2017-11-13
CUST06277,46,Other,Rawalpindi,Silver,In-Store,2021-05-08
CUST06278,26,Male,Sialkot,Silver,In-Store,2017-11-25
CUST06279,20,Male,Lahore,Bronze,In-Store,2019-12-03
CUST06280,23,Male,Sargodha,Gold,In-Store,2024-10-16
CUST06281,26,Female,Peshawar,Bronze,In-Store,2018-12-02
CUST06282,40,Male,Sargodha,Silver,Online,2021-11-16
CUST06283,22,Female,Multan,Silver,Online,2025-02-20
CUST06284,41,Female,Multan,Bronze,In-Store,2022-05-07
CUST06285,33,Female,Sargodha,Bronze,In-Store,2019-05-23
CUST06286,30,Male,Sargodha,Bronze,Online,2025-09-13
CUST06287,49,Male,Quetta,Silver,In-Store,2019-11-24
CUST06288,25,Male,Karachi,Bronze,In-Store,2019-05-24
CUST06289,56,Female,Karachi,Platinum,In-Store,2021-12-05
CUST06290,48,Female,Karachi,Silver,Mobile App,2018-01-06
CUST06291,25,Female,Karachi,Bronze,Online,2020-05-18
CUST06292,53,Male,Faisalabad,Bronze,In-Store,2017-12-04
CUST06293,23,Female,Rawalpindi,Bronze,Online,2015-09-02
CUST06294,54,Female,Quetta,Silver,Online,2017-03-10
CUST06295,42,Female,Sukkur,Platinum,In-Store,2022-07-23
CUST06296,18,Male,Islamabad,Gold,In-Store,2024-03-15
CUST06297,21,Female,Sukkur,Bronze,Mobile App,2017-03-17
CUST06298,32,Female,Sukkur,Bronze,Online,2018-03-03
CUST06299,49,Female,Peshawar,Gold,In-Store,2016-09-14
CUST06300,35,Male,Hyderabad,Bronze,In-Store,2016-04-12
CUST06301,35,Female,Bahawalpur,Gold,In-Store,2017-02-15
CUST06302,38,Male,Rawalpindi,Bronze,In-Store,2023-07-11
CUST06303,18,Female,Faisalabad,Bronze,Online,2023-05-15
CUST06304,48,Male,Faisalabad,Bronze,In-Store,2025-08-05
CUST06305,55,Male,Rawalpindi,Bronze,Online,2015-03-30
CUST06306,48,Male,Sargodha,Bronze,In-Store,2023-06-08
CUST06307,32,Female,Karachi,Silver,In-Store,2021-06-09
CUST06308,26,Female,Islamabad,Silver,Online,2018-08-28
CUST06309,23,Male,Bahawalpur,Silver,Mobile App,2016-11-04
CUST06310,23,Male,Sialkot,Bronze,In-Store,2016-11-24
CUST06311,67,Male,Lahore,Gold,In-Store,2020-08-05
CUST06312,36,Female,Peshawar,Bronze,Mobile App,2023-08-29
CUST06313,49,Female,Karachi,Gold,In-Store,2016-06-15
CUST06314,49,Female,Faisalabad,Bronze,In-Store,2022-04-18
CUST06315,39,Female,Bahawalpur,Silver,Mobile App,2016-09-29
CUST06316,25,Female,Multan,Silver,In-Store,2017-03-02
CUST06317,44,Male,Bahawalpur,Silver,Online,2015-04-20
CUST06318,23,Male,Karachi,Silver,In-Store,2025-06-04
CUST06319,45,Female,Faisalabad,Silver,Online,2018-05-09
CUST06320,24,Male,Peshawar,Silver,Mobile App,2021-07-07
CUST06321,32,Male,Karachi,Bronze,In-Store,2016-08-27
CUST06322,32,Female,Sukkur,Bronze,Mobile App,2021-07-05
CUST06323,56,Female,Lahore,Gold,In-Store,2022-09-11
CUST06324,18,Male,Sukkur,Silver,Online,2019-05-11
CUST06325,68,Female,Lahore,Bronze,Mobile App,2021-05-11
CUST06326,27,Male,Abbottabad,Gold,Mobile App,2017-04-04
CUST06327,36,Male,Sukkur,Gold,In-Store,2019-11-06
CUST06328,43,Male,Hyderabad,Silver,Online,2021-06-03
CUST06329,42,Female,Peshawar,Platinum,In-Store,2015-12-20
CUST06330,48,Male,Islamabad,Bronze,In-Store,2019-08-17
CUST06331,45,Female,Rawalpindi,Bronze,In-Store,2019-03-18
CUST06332,64,Male,Multan,Bronze,In-Store,2016-10-19
CUST06333,47,Male,Lahore,Bronze,In-Store,2016-01-04
CUST06334,36,Male,Lahore,Gold,Online,2015-03-19
CUST06335,30,Female,Rawalpindi,Silver,In-Store,2018-12-25
CUST06336,30,Female,Faisalabad,Bronze,In-Store,2024-09-24
CUST06337,54,Male,Gujranwala,Silver,In-Store,2022-12-02
CUST06338,60,Female,Sialkot,Bronze,In-Store,2025-04-02
CUST06339,51,Male,Multan,Silver,In-Store,2020-08-17
CUST06340,18,Male,Peshawar,Platinum,Online,2016-02-09
CUST06341,18,Male,Sukkur,Bronze,Mobile App,2020-06-10
CUST06342,37,Male,Karachi,Silver,In-Store,2018-03-25
CUST06343,35,Female,Multan,Bronze,Online,2021-10-19
CUST06344,38,Female,Karachi,Bronze,Online,2022-12-25
CUST06345,54,Female,Karachi,Bronze,In-Store,2025-05-26
CUST06346,53,Female,Rawalpindi,Gold,In-Store,2022-02-09
CUST06347,40,Female,Islamabad,Bronze,In-Store,2021-08-09
CUST06348,18,Male,Quetta,Bronze,Online,2019-05-17
CUST06349,22,Male,Gujranwala,Bronze,In-Store,2017-02-26
CUST06350,38,Male,Gujranwala,Silver,Online,2018-07-21
CUST06351,43,Male,Multan,Bronze,In-Store,2021-05-05
CUST06352,22,Male,Karachi,Bronze,Online,2025-11-12
CUST06353,46,Male,Karachi,Silver,In-Store,2021-08-17
CUST06354,18,Female,Lahore,Silver,Online,2016-03-21
CUST06355,18,Male,Lahore,Bronze,In-Store,2016-04-05
CUST06356,26,Female,Rawalpindi,Platinum,Mobile App,2024-01-16
CUST06357,55,Male,Islamabad,Bronze,Online,2024-03-30
CUST06358,57,Male,Karachi,Gold,Online,2019-03-28
CUST06359,18,Male,Karachi,Silver,Online,2018-04-18
CUST06360,18,Female,Karachi,Bronze,In-Store,2015-02-21
CUST06361,47,Female,Karachi,Silver,In-Store,2023-11-05
CUST06362,32,Female,Karachi,Bronze,In-Store,2023-10-14
CUST06363,55,Female,Karachi,Platinum,In-Store,2022-02-24
CUST06364,47,Male,Rawalpindi,Gold,In-Store,2025-09-24
CUST06365,49,Female,Peshawar,Gold,Mobile App,2017-02-02
CUST06366,27,Female,Rawalpindi,Platinum,In-Store,2024-02-17
CUST06367,43,Female,Lahore,Platinum,In-Store,2025-08-31
CUST06368,64,Male,Multan,Bronze,Online,2021-11-03
CUST06369,39,Female,Peshawar,Gold,In-Store,2022-03-25
CUST06370,37,Female,Quetta,Gold,In-Store,2023-03-13
CUST06371,32,Male,Lahore,Silver,Mobile App,2018-11-13
CUST06372,18,Male,Sargodha,Silver,Online,2018-01-28
CUST06373,23,Male,Lahore,Silver,Online,2022-03-20
CUST06374,26,Female,Sargodha,Silver,In-Store,2018-01-21
CUST06375,18,Female,Peshawar,Silver,In-Store,2023-06-01
CUST06376,18,Female,Lahore,Silver,In-Store,2024-06-13
CUST06377,18,Male,Lahore,Gold,In-Store,2020-09-04
CUST06378,27,Male,Lahore,Platinum,In-Store,2021-06-30
CUST06379,46,Male,Peshawar,Silver,In-Store,2016-01-10
CUST06380,33,Female,Sargodha,Platinum,In-Store,2019-12-02
CUST06381,33,Male,Sukkur,Platinum,Online,2025-12-12
CUST06382,47,Female,Abbottabad,Silver,In-Store,2021-12-11
CUST06383,59,Male,Islamabad,Bronze,In-Store,2015-11-08
CUST06384,67,Male,Islamabad,Silver,In-Store,2019-03-14
CUST06385,39,Male,Sialkot,Platinum,Mobile App,2022-09-23
CUST06386,34,Male,Lahore,Bronze,Mobile App,2024-11-28
CUST06387,32,Female,Islamabad,Gold,Online,2023-01-16
CUST06388,45,Female,Lahore,Platinum,Online,2018-03-18
CUST06389,35,Female,Rawalpindi,Gold,In-Store,2017-09-30
CUST06390,36,Male,Sialkot,Platinum,In-Store,2016-10-06
CUST06391,36,Female,Karachi,Gold,In-Store,2022-09-21
CUST06392,25,Male,Karachi,Platinum,Online,2016-12-26
CUST06393,18,Male,Karachi,Platinum,Mobile App,2022-03-06
CUST06394,29,Female,Peshawar,Silver,In-Store,2025-03-02
CUST06395,56,Male,Islamabad,Silver,In-Store,2022-05-03
CUST06396,56,Female,Rawalpindi,Gold,In-Store,2018-05-22
CUST06397,50,Female,Rawalpindi,Gold,In-Store,2017-07-10
CUST06398,31,Female,Lahore,Silver,In-Store,2025-10-01
CUST06399,27,Male,Gujranwala,Gold,Mobile App,2016-06-06
CUST06400,59,Male,Lahore,Bronze,In-Store,2015-06-12
CUST06401,23,Female,Peshawar,Platinum,In-Store,2020-08-09
CUST06402,38,Male,Sialkot,Silver,In-Store,2015-07-18
CUST06403,59,Female,Lahore,Bronze,Online,2023-12-26
CUST06404,39,Female,Quetta,Bronze,Mobile App,2024-01-10
CUST06405,34,Male,Lahore,Silver,Online,2016-06-28
CUST06406,53,Male,Faisalabad,Platinum,Online,2019-06-13
CUST06407,38,Male,Quetta,Silver,Online,2025-04-11
CUST06408,40,Male,Karachi,Bronze,Mobile App,2022-09-29
CUST06409,57,Female,Peshawar,Bronze,Online,2016-05-10
CUST06410,18,Female,Karachi,Silver,Online,2021-07-09
CUST06411,42,Female,Karachi,Gold,Mobile App,2020-12-16
CUST06412,28,Male,Islamabad,Bronze,Online,2022-07-23
CUST06413,35,Male,Lahore,Platinum,In-Store,2024-10-06
CUST06414,39,Male,Karachi,Bronze,Mobile App,2020-10-11
CUST06415,29,Female,Lahore,Silver,Online,2025-06-12
CUST06416,40,Female,Sialkot,Platinum,Online,2022-09-26
CUST06417,43,Male,Hyderabad,Silver,In-Store,2015-08-10
CUST06418,40,Other,Sargodha,Silver,Mobile App,2021-04-08
CUST06419,39,Male,Sargodha,Bronze,Online,2019-05-28
CUST06420,36,Female,Multan,Gold,Online,2019-06-09
CUST06421,36,Female,Quetta,Platinum,Online,2022-09-11
CUST06422,39,Female,Lahore,Silver,Online,2022-09-05
CUST06423,25,Female,Sukkur,Platinum,Mobile App,2019-06-18
CUST06424,54,Female,Islamabad,Bronze,Online,2016-05-03
CUST06425,36,Male,Quetta,Silver,Online,2016-01-20
CUST06426,32,Female,Gujranwala,Bronze,Mobile App,2017-12-12
CUST06427,43,Female,Abbottabad,Bronze,Online,2023-03-25
CUST06428,36,Male,Karachi,Silver,In-Store,2017-01-23
CUST06429,54,Female,Lahore,Silver,In-Store,2024-06-11
CUST06430,49,Female,Rawalpindi,Silver,Online,2024-03-30
CUST06431,39,Male,Gujranwala,Gold,In-Store,2020-08-30
CUST06432,50,Male,Quetta,Silver,Online,2021-11-05
CUST06433,41,Male,Karachi,Bronze,Mobile App,2023-01-15
CUST06434,22,Male,Hyderabad,Gold,Online,2015-01-06
CUST06435,49,Female,Rawalpindi,Gold,In-Store,2020-03-25
CUST06436,18,Female,Hyderabad,Silver,Mobile App,2024-01-29
CUST06437,18,Male,Sukkur,Silver,In-Store,2025-05-17
CUST06438,47,Female,Bahawalpur,Silver,In-Store,2018-01-11
CUST06439,43,Male,Gujranwala,Silver,In-Store,2020-06-13
CUST06440,42,Female,Sialkot,Bronze,Online,2015-02-13
CUST06441,56,Female,Faisalabad,Gold,Online,2016-06-30
CUST06442,37,Male,Faisalabad,Gold,Online,2015-11-20
CUST06443,33,Male,Faisalabad,Gold,In-Store,2018-10-19
CUST06444,48,Female,Faisalabad,Platinum,In-Store,2021-02-04
CUST06445,28,Male,Lahore,Silver,Online,2018-07-04
CUST06446,34,Female,Islamabad,Platinum,In-Store,2017-01-02
CUST06447,41,Male,Lahore,Bronze,Mobile App,2024-07-27
CUST06448,42,Male,Quetta,Platinum,In-Store,2021-12-02
CUST06449,33,Female,Rawalpindi,Silver,In-Store,2023-09-16
CUST06450,31,Male,Lahore,Silver,In-Store,2024-05-30
CUST06451,23,Female,Gujranwala,Gold,In-Store,2024-07-20
CUST06452,27,Female,Sukkur,Platinum,In-Store,2019-07-02
CUST06453,61,Female,Karachi,Bronze,In-Store,2022-09-18
CUST06454,34,Male,Sukkur,Bronze,Mobile App,2024-08-01
CUST06455,40,Female,Karachi,Gold,In-Store,2023-05-25
CUST06456,18,Female,Quetta,Bronze,In-Store,2017-05-09
CUST06457,71,Male,Sukkur,Bronze,In-Store,2025-02-15
CUST06458,26,Male,Lahore,Bronze,In-Store,2022-01-19
CUST06459,22,Female,Sargodha,Bronze,In-Store,2016-07-19
CUST06460,37,Male,Quetta,Gold,In-Store,2024-10-25
CUST06461,26,Female,Abbottabad,Bronze,In-Store,2023-09-29
CUST06462,42,Female,Lahore,Silver,In-Store,2021-01-18
CUST06463,18,Female,Karachi,Bronze,Mobile App,2018-11-28
CUST06464,52,Female,Peshawar,Silver,In-Store,2023-08-01
CUST06465,50,Female,Faisalabad,Platinum,Online,2021-06-06
CUST06466,36,Male,Gujranwala,Bronze,In-Store,2021-08-28
CUST06467,18,Male,Rawalpindi,Platinum,Online,2015-08-24
CUST06468,27,Female,Karachi,Gold,In-Store,2016-10-05
CUST06469,38,Male,Rawalpindi,Bronze,In-Store,2018-08-09
CUST06470,22,Female,Peshawar,Bronze,In-Store,2025-02-10
CUST06471,24,Female,Islamabad,Bronze,Online,2022-08-05
CUST06472,51,Male,Faisalabad,Platinum,Mobile App,2017-04-02
CUST06473,40,Male,Multan,Silver,In-Store,2024-09-11
CUST06474,39,Male,Quetta,Silver,Online,2023-08-21
CUST06475,44,Male,Lahore,Bronze,Online,2015-11-15
CUST06476,35,Female,Lahore,Bronze,Mobile App,2016-01-10
CUST06477,37,Female,Peshawar,Platinum,Online,2019-02-18
CUST06478,43,Male,Islamabad,Platinum,In-Store,2020-05-20
CUST06479,48,Female,Sialkot,Bronze,Online,2023-06-02
CUST06480,44,Female,Lahore,Gold,Mobile App,2021-05-28
CUST06481,56,Male,Sialkot,Silver,Online,2018-10-03
CUST06482,38,Male,Karachi,Silver,Online,2022-06-06
CUST06483,20,Male,Rawalpindi,Gold,In-Store,2022-04-27
CUST06484,52,Female,Lahore,Gold,In-Store,2022-09-21
CUST06485,34,Female,Faisalabad,Gold,In-Store,2021-09-21
CUST06486,28,Female,Quetta,Silver,Mobile App,2015-08-10
CUST06487,47,Female,Faisalabad,Silver,In-Store,2025-03-11
CUST06488,42,Female,Karachi,Gold,In-Store,2018-07-21
CUST06489,21,Male,Bahawalpur,Gold,Online,2023-12-12
CUST06490,46,Male,Karachi,Platinum,In-Store,2022-05-08
CUST06491,62,Female,Quetta,Gold,Mobile App,2021-11-13
CUST06492,42,Male,Quetta,Bronze,Online,2019-02-14
CUST06493,34,Female,Sukkur,Gold,In-Store,2023-07-08
CUST06494,18,Male,Hyderabad,Bronze,Online,2019-11-30
CUST06495,64,Male,Karachi,Gold,Online,2017-10-20
CUST06496,31,Female,Sargodha,Bronze,In-Store,2016-01-30
CUST06497,19,Female,Karachi,Bronze,Mobile App,2016-02-12
CUST06498,39,Female,Faisalabad,Bronze,In-Store,2021-08-09
CUST06499,51,Male,Karachi,Platinum,In-Store,2019-10-08
CUST06500,54,Male,Islamabad,Platinum,Online,2018-08-09
CUST06501,29,Female,Gujranwala,Silver,In-Store,2020-07-04
CUST06502,36,Female,Sargodha,Silver,Online,2016-03-31
CUST06503,38,Male,Islamabad,Silver,In-Store,2024-10-06
CUST06504,50,Male,Rawalpindi,Silver,Mobile App,2020-07-20
CUST06505,45,Female,Gujranwala,Bronze,Mobile App,2025-02-20
CUST06506,41,Female,Multan,Bronze,Online,2019-06-04
CUST06507,49,Male,Sukkur,Silver,In-Store,2018-04-09
CUST06508,20,Female,Islamabad,Bronze,In-Store,2021-12-06
CUST06509,43,Male,Lahore,Silver,Mobile App,2015-05-22
CUST06510,40,Male,Faisalabad,Platinum,In-Store,2017-07-08
CUST06511,37,Male,Rawalpindi,Gold,In-Store,2020-07-28
CUST06512,34,Male,Sukkur,Silver,In-Store,2016-09-02
CUST06513,39,Female,Karachi,Bronze,In-Store,2025-11-17
CUST06514,30,Male,Karachi,Silver,In-Store,2018-10-07
CUST06515,73,Male,Lahore,Bronze,In-Store,2022-12-12
CUST06516,55,Male,Peshawar,Bronze,In-Store,2025-02-10
CUST06517,52,Male,Islamabad,Platinum,Online,2015-09-16
CUST06518,31,Male,Karachi,Platinum,In-Store,2017-05-09
CUST06519,25,Male,Sukkur,Silver,In-Store,2015-10-22
CUST06520,35,Male,Sialkot,Silver,Mobile App,2018-04-03
CUST06521,39,Female,Sukkur,Bronze,Online,2021-05-01
CUST06522,19,Male,Karachi,Bronze,In-Store,2023-08-18
CUST06523,44,Male,Islamabad,Bronze,In-Store,2019-08-29
CUST06524,52,Female,Multan,Platinum,Mobile App,2023-05-11
CUST06525,18,Male,Karachi,Gold,In-Store,2024-02-05
CUST06526,26,Male,Abbottabad,Bronze,In-Store,2019-05-06
CUST06527,53,Male,Abbottabad,Bronze,Online,2018-09-15
CUST06528,42,Male,Faisalabad,Bronze,In-Store,2023-12-06
CUST06529,26,Male,Abbottabad,Bronze,Online,2017-08-15
CUST06530,47,Male,Sargodha,Bronze,In-Store,2023-03-23
CUST06531,30,Male,Multan,Bronze,In-Store,2022-03-22
CUST06532,34,Male,Karachi,Platinum,Mobile App,2018-02-17
CUST06533,23,Male,Karachi,Bronze,Mobile App,2017-03-02
CUST06534,38,Female,Lahore,Silver,Online,2021-10-29
CUST06535,51,Female,Gujranwala,Silver,Mobile App,2022-07-25
CUST06536,31,Female,Faisalabad,Silver,Online,2017-11-15
CUST06537,46,Male,Hyderabad,Bronze,In-Store,2022-01-17
CUST06538,37,Female,Quetta,Gold,Online,2020-09-25
CUST06539,52,Female,Gujranwala,Bronze,Mobile App,2015-01-27
CUST06540,31,Male,Lahore,Silver,Online,2019-11-17
CUST06541,58,Female,Quetta,Bronze,Online,2017-10-14
CUST06542,46,Female,Karachi,Platinum,Online,2020-03-29
CUST06543,41,Male,Peshawar,Bronze,In-Store,2016-05-10
CUST06544,41,Male,Faisalabad,Gold,In-Store,2025-07-01
CUST06545,31,Male,Islamabad,Gold,Online,2015-11-03
CUST06546,31,Female,Quetta,Gold,In-Store,2023-09-20
CUST06547,41,Female,Karachi,Platinum,In-Store,2017-08-07
CUST06548,22,Female,Sialkot,Silver,In-Store,2021-10-21
CUST06549,30,Male,Faisalabad,Gold,In-Store,2016-05-23
CUST06550,25,Male,Rawalpindi,Silver,In-Store,2015-07-27
CUST06551,45,Female,Faisalabad,Gold,In-Store,2025-03-18
CUST06552,45,Female,Lahore,Silver,In-Store,2016-05-28
CUST06553,54,Female,Multan,Gold,Mobile App,2021-05-21
CUST06554,33,Female,Lahore,Bronze,Mobile App,2022-01-14
CUST06555,27,Female,Bahawalpur,Bronze,In-Store,2017-06-04
CUST06556,18,Female,Sialkot,Bronze,In-Store,2025-02-07
CUST06557,41,Female,Sukkur,Silver,In-Store,2023-10-31
CUST06558,56,Female,Quetta,Gold,Online,2015-07-15
CUST06559,37,Female,Karachi,Bronze,In-Store,2015-04-24
CUST06560,38,Female,Faisalabad,Silver,In-Store,2025-11-20
CUST06561,37,Female,Quetta,Silver,Online,2016-03-19
CUST06562,41,Female,Multan,Silver,In-Store,2020-03-06
CUST06563,50,Female,Peshawar,Bronze,In-Store,2023-06-10
CUST06564,62,Male,Faisalabad,Bronze,Online,2019-03-12
CUST06565,44,Female,Peshawar,Gold,In-Store,2025-07-10
CUST06566,45,Other,Faisalabad,Bronze,Mobile App,2022-07-03
CUST06567,34,Male,Karachi,Silver,In-Store,2023-04-15
CUST06568,36,Male,Multan,Bronze,In-Store,2025-11-19
CUST06569,36,Male,Rawalpindi,Bronze,Mobile App,2016-05-28
CUST06570,33,Female,Faisalabad,Bronze,Mobile App,2017-03-30
CUST06571,39,Female,Karachi,Bronze,Online,2016-02-18
CUST06572,46,Male,Bahawalpur,Platinum,Online,2025-08-04
CUST06573,38,Female,Hyderabad,Silver,In-Store,2021-01-20
CUST06574,34,Female,Karachi,Silver,In-Store,2016-05-13
CUST06575,39,Female,Sukkur,Gold,In-Store,2018-03-25
CUST06576,25,Female,Hyderabad,Bronze,In-Store,2023-12-01
CUST06577,48,Female,Sialkot,Silver,Mobile App,2020-10-16
CUST06578,32,Male,Bahawalpur,Silver,In-Store,2022-09-27
CUST06579,22,Male,Peshawar,Gold,Online,2020-05-20
CUST06580,44,Male,Karachi,Bronze,Online,2020-05-13
CUST06581,44,Male,Karachi,Silver,In-Store,2024-09-19
CUST06582,26,Female,Karachi,Bronze,Online,2021-01-06
CUST06583,46,Female,Rawalpindi,Silver,In-Store,2023-03-10
CUST06584,46,Male,Lahore,Bronze,In-Store,2025-09-30
CUST06585,63,Female,Karachi,Gold,Online,2020-01-08
CUST06586,34,Male,Faisalabad,Gold,In-Store,2023-06-04
CUST06587,37,Male,Islamabad,Silver,In-Store,2024-10-25
CUST06588,30,Male,Lahore,Bronze,In-Store,2025-11-20
CUST06589,44,Male,Quetta,Bronze,In-Store,2019-07-26
CUST06590,37,Female,Multan,Bronze,In-Store,2016-04-01
CUST06591,50,Male,Faisalabad,Bronze,Online,2024-12-03
CUST06592,32,Male,Islamabad,Silver,Online,2019-05-14
CUST06593,44,Male,Sialkot,Silver,In-Store,2015-10-26
CUST06594,34,Female,Karachi,Bronze,In-Store,2017-09-26
CUST06595,18,Male,Rawalpindi,Gold,Mobile App,2024-06-28
CUST06596,46,Female,Islamabad,Silver,In-Store,2018-08-03
CUST06597,18,Female,Gujranwala,Gold,Online,2021-09-06
CUST06598,35,Female,Lahore,Gold,In-Store,2025-08-21
CUST06599,36,Male,Abbottabad,Bronze,In-Store,2022-07-14
CUST06600,37,Female,Karachi,Platinum,In-Store,2021-02-03
CUST06601,38,Female,Rawalpindi,Silver,Online,2018-11-30
CUST06602,38,Male,Multan,Gold,In-Store,2024-03-04
CUST06603,42,Male,Rawalpindi,Platinum,Online,2023-04-21
CUST06604,36,Male,Sukkur,Gold,In-Store,2015-02-07
CUST06605,72,Female,Peshawar,Silver,In-Store,2019-10-17
CUST06606,33,Female,Peshawar,Silver,In-Store,2020-09-29
CUST06607,22,Male,Sukkur,Silver,In-Store,2018-10-26
CUST06608,19,Male,Karachi,Gold,In-Store,2025-07-09
CUST06609,46,Male,Rawalpindi,Bronze,In-Store,2025-08-13
CUST06610,18,Female,Islamabad,Bronze,In-Store,2018-10-04
CUST06611,22,Male,Sialkot,Bronze,Mobile App,2015-01-18
CUST06612,20,Male,Hyderabad,Silver,In-Store,2020-06-07
CUST06613,43,Female,Rawalpindi,Silver,Mobile App,2022-04-08
CUST06614,55,Male,Karachi,Gold,Online,2018-04-19
CUST06615,25,Female,Sialkot,Bronze,Online,2022-07-07
CUST06616,43,Female,Gujranwala,Silver,Online,2022-10-29
CUST06617,18,Female,Lahore,Bronze,Online,2015-03-27
CUST06618,28,Female,Lahore,Gold,In-Store,2015-02-05
CUST06619,45,Male,Karachi,Bronze,In-Store,2021-03-26
CUST06620,33,Female,Karachi,Bronze,Online,2021-04-11
CUST06621,50,Female,Lahore,Bronze,In-Store,2024-02-16
CUST06622,18,Male,Quetta,Silver,In-Store,2016-03-24
CUST06623,28,Female,Lahore,Bronze,In-Store,2019-08-16
CUST06624,43,Female,Hyderabad,Silver,Online,2019-12-25
CUST06625,43,Female,Islamabad,Gold,Online,2022-04-08
CUST06626,44,Male,Quetta,Bronze,In-Store,2020-07-19
CUST06627,40,Female,Lahore,Silver,In-Store,2022-07-13
CUST06628,23,Male,Karachi,Gold,Online,2019-06-27
CUST06629,27,Female,Lahore,Gold,Online,2016-03-11
CUST06630,68,Female,Multan,Gold,In-Store,2015-07-23
CUST06631,21,Male,Peshawar,Bronze,In-Store,2015-08-06
CUST06632,19,Female,Multan,Silver,Online,2021-02-19
CUST06633,46,Male,Rawalpindi,Platinum,In-Store,2019-09-30
CUST06634,24,Male,Faisalabad,Bronze,In-Store,2017-10-04
CUST06635,61,Male,Sargodha,Bronze,In-Store,2021-09-18
CUST06636,73,Male,Karachi,Silver,Online,2019-11-08
CUST06637,34,Female,Karachi,Bronze,Mobile App,2018-05-26
CUST06638,42,Male,Faisalabad,Silver,In-Store,2015-12-31
CUST06639,18,Female,Gujranwala,Silver,In-Store,2016-05-03
CUST06640,51,Male,Sukkur,Bronze,Mobile App,2016-10-17
CUST06641,18,Male,Quetta,Bronze,Mobile App,2016-11-11
CUST06642,20,Male,Lahore,Silver,In-Store,2021-10-09
CUST06643,39,Female,Sialkot,Gold,In-Store,2021-10-12
CUST06644,45,Female,Lahore,Gold,Online,2025-12-06
CUST06645,18,Male,Karachi,Bronze,Online,2015-11-22
CUST06646,30,Male,Karachi,Bronze,Online,2025-10-17
CUST06647,18,Female,Abbottabad,Platinum,In-Store,2023-01-11
CUST06648,33,Male,Quetta,Bronze,Online,2016-04-06
CUST06649,27,Female,Karachi,Silver,Online,2021-04-06
CUST06650,29,Male,Islamabad,Bronze,In-Store,2021-05-18
CUST06651,46,Male,Sukkur,Bronze,Online,2016-02-15
CUST06652,41,Female,Quetta,Gold,In-Store,2024-12-10
CUST06653,45,Male,Lahore,Bronze,Mobile App,2022-10-11
CUST06654,36,Male,Abbottabad,Silver,In-Store,2019-05-23
CUST06655,47,Female,Multan,Silver,Online,2019-08-08
CUST06656,37,Male,Faisalabad,Bronze,In-Store,2023-11-06
CUST06657,31,Male,Multan,Gold,Online,2021-09-21
CUST06658,45,Male,Quetta,Bronze,In-Store,2016-07-25
CUST06659,32,Female,Lahore,Silver,Online,2021-08-17
CUST06660,33,Female,Karachi,Gold,In-Store,2025-11-05
CUST06661,51,Female,Peshawar,Bronze,Online,2024-08-11
CUST06662,50,Other,Rawalpindi,Bronze,In-Store,2022-01-27
CUST06663,34,Female,Gujranwala,Silver,Online,2020-12-08
CUST06664,49,Male,Bahawalpur,Bronze,In-Store,2021-10-17
CUST06665,21,Female,Multan,Bronze,In-Store,2018-01-12
CUST06666,34,Female,Multan,Silver,In-Store,2021-05-23
CUST06667,28,Male,Peshawar,Silver,In-Store,2024-03-19
CUST06668,37,Female,Karachi,Gold,In-Store,2024-12-05
CUST06669,47,Female,Islamabad,Bronze,In-Store,2021-07-14
CUST06670,45,Male,Peshawar,Silver,Online,2018-05-25
CUST06671,43,Female,Faisalabad,Platinum,Online,2017-05-19
CUST06672,39,Male,Gujranwala,Platinum,In-Store,2017-05-09
CUST06673,35,Male,Karachi,Silver,In-Store,2017-07-23
CUST06674,53,Male,Peshawar,Silver,In-Store,2020-11-16
CUST06675,18,Female,Hyderabad,Gold,Online,2019-11-14
CUST06676,29,Female,Peshawar,Platinum,In-Store,2025-10-31
CUST06677,43,Female,Karachi,Bronze,Online,2021-10-16
CUST06678,57,Female,Peshawar,Bronze,Mobile App,2025-10-24
CUST06679,33,Other,Hyderabad,Bronze,In-Store,2025-02-07
CUST06680,34,Male,Karachi,Platinum,Online,2016-01-04
CUST06681,21,Male,Multan,Gold,In-Store,2017-12-05
CUST06682,30,Female,Faisalabad,Bronze,Online,2015-07-12
CUST06683,47,Female,Lahore,Gold,In-Store,2022-01-16
CUST06684,58,Female,Rawalpindi,Gold,Online,2023-11-22
CUST06685,34,Female,Rawalpindi,Gold,Mobile App,2025-01-22
CUST06686,27,Male,Multan,Gold,In-Store,2022-01-27
CUST06687,38,Female,Sialkot,Bronze,Online,2017-08-12
CUST06688,18,Male,Karachi,Bronze,In-Store,2021-11-16
CUST06689,54,Male,Lahore,Bronze,Online,2017-11-08
CUST06690,22,Female,Peshawar,Silver,In-Store,2022-09-10
CUST06691,42,Female,Karachi,Silver,In-Store,2015-06-01
CUST06692,41,Male,Peshawar,Silver,Online,2015-05-06
CUST06693,46,Female,Peshawar,Silver,In-Store,2021-09-27
CUST06694,41,Female,Islamabad,Silver,Online,2019-07-07
CUST06695,38,Male,Abbottabad,Bronze,Online,2016-07-07
CUST06696,43,Male,Rawalpindi,Gold,In-Store,2020-04-10
CUST06697,48,Male,Sargodha,Silver,In-Store,2021-11-07
CUST06698,61,Male,Lahore,Gold,In-Store,2022-04-01
CUST06699,23,Male,Sargodha,Bronze,In-Store,2015-05-11
CUST06700,18,Male,Multan,Bronze,Mobile App,2021-05-20
CUST06701,18,Male,Abbottabad,Silver,Online,2015-11-06
CUST06702,18,Male,Multan,Bronze,In-Store,2023-04-24
CUST06703,22,Male,Bahawalpur,Silver,Online,2022-12-14
CUST06704,20,Female,Islamabad,Gold,Online,2020-12-20
CUST06705,32,Male,Peshawar,Bronze,In-Store,2023-11-26
CUST06706,49,Male,Karachi,Bronze,In-Store,2021-12-15
CUST06707,46,Male,Multan,Silver,Online,2021-07-25
CUST06708,29,Female,Islamabad,Platinum,In-Store,2015-01-21
CUST06709,31,Male,Gujranwala,Bronze,In-Store,2017-02-03
CUST06710,64,Female,Faisalabad,Silver,In-Store,2022-01-03
CUST06711,45,Male,Faisalabad,Bronze,Online,2025-06-01
CUST06712,40,Male,Abbottabad,Silver,Online,2020-08-17
CUST06713,39,Female,Sukkur,Silver,Online,2025-11-28
CUST06714,34,Female,Bahawalpur,Silver,Online,2019-07-19
CUST06715,64,Female,Lahore,Silver,In-Store,2016-06-21
CUST06716,35,Male,Sukkur,Silver,In-Store,2022-08-31
CUST06717,39,Other,Rawalpindi,Gold,Online,2022-11-26
CUST06718,18,Male,Hyderabad,Bronze,In-Store,2015-01-09
CUST06719,29,Female,Faisalabad,Bronze,In-Store,2024-09-05
CUST06720,30,Female,Peshawar,Silver,In-Store,2023-06-18
CUST06721,44,Male,Lahore,Gold,In-Store,2021-06-26
CUST06722,27,Female,Lahore,Bronze,In-Store,2024-10-02
CUST06723,38,Female,Faisalabad,Bronze,In-Store,2023-01-01
CUST06724,30,Male,Karachi,Bronze,In-Store,2016-03-30
CUST06725,23,Male,Multan,Bronze,Mobile App,2022-04-07
CUST06726,23,Female,Karachi,Silver,In-Store,2018-11-25
CUST06727,35,Female,Lahore,Silver,In-Store,2025-11-03
CUST06728,39,Other,Lahore,Bronze,In-Store,2024-07-22
CUST06729,35,Female,Lahore,Bronze,Online,2022-10-26
CUST06730,27,Female,Karachi,Platinum,Online,2015-09-07
CUST06731,36,Male,Sialkot,Silver,Mobile App,2024-12-30
CUST06732,33,Female,Rawalpindi,Gold,In-Store,2017-07-01
CUST06733,24,Male,Lahore,Bronze,In-Store,2023-09-08
CUST06734,39,Male,Lahore,Silver,Online,2023-11-12
CUST06735,61,Female,Gujranwala,Bronze,Mobile App,2020-06-18
CUST06736,36,Male,Lahore,Bronze,In-Store,2018-12-05
CUST06737,19,Female,Sialkot,Bronze,Mobile App,2017-04-08
CUST06738,57,Female,Quetta,Bronze,Online,2018-09-23
CUST06739,54,Female,Karachi,Gold,In-Store,2015-10-29
CUST06740,56,Female,Bahawalpur,Silver,Online,2019-05-20
CUST06741,37,Male,Faisalabad,Bronze,Mobile App,2019-08-04
CUST06742,27,Female,Hyderabad,Silver,In-Store,2025-08-21
CUST06743,26,Male,Islamabad,Gold,Mobile App,2020-01-14
CUST06744,52,Male,Peshawar,Platinum,In-Store,2015-08-21
CUST06745,58,Female,Multan,Bronze,Mobile App,2016-08-05
CUST06746,26,Male,Lahore,Platinum,In-Store,2019-01-15
CUST06747,18,Male,Hyderabad,Bronze,Online,2018-04-27
CUST06748,37,Male,Gujranwala,Gold,In-Store,2018-12-24
CUST06749,26,Other,Peshawar,Gold,In-Store,2019-11-24
CUST06750,28,Female,Sukkur,Platinum,In-Store,2025-10-09
CUST06751,34,Female,Lahore,Silver,In-Store,2015-07-09
CUST06752,43,Female,Quetta,Gold,Online,2018-03-02
CUST06753,27,Male,Lahore,Silver,Mobile App,2018-08-12
CUST06754,39,Male,Sargodha,Bronze,Online,2025-05-21
CUST06755,36,Male,Faisalabad,Gold,Online,2022-01-25
CUST06756,18,Female,Hyderabad,Gold,In-Store,2019-06-09
CUST06757,45,Male,Lahore,Silver,Online,2015-05-20
CUST06758,32,Female,Islamabad,Gold,In-Store,2020-01-09
CUST06759,21,Male,Sialkot,Silver,Mobile App,2024-06-25
CUST06760,28,Male,Islamabad,Gold,Online,2022-06-12
CUST06761,40,Male,Karachi,Silver,Mobile App,2025-03-11
CUST06762,38,Male,Peshawar,Silver,Mobile App,2020-04-13
CUST06763,46,Male,Karachi,Bronze,In-Store,2018-02-07
CUST06764,43,Other,Faisalabad,Bronze,Online,2017-05-21
CUST06765,22,Male,Hyderabad,Silver,Mobile App,2021-09-12
CUST06766,18,Female,Multan,Gold,In-Store,2024-03-27
CUST06767,39,Female,Faisalabad,Bronze,Online,2021-05-12
CUST06768,46,Male,Lahore,Bronze,In-Store,2018-02-07
CUST06769,35,Male,Lahore,Bronze,In-Store,2021-10-15
CUST06770,46,Female,Karachi,Gold,Online,2024-06-06
CUST06771,24,Female,Gujranwala,Gold,In-Store,2021-07-21
CUST06772,33,Female,Karachi,Bronze,Mobile App,2025-08-25
CUST06773,26,Male,Hyderabad,Silver,Online,2017-11-21
CUST06774,47,Male,Islamabad,Gold,In-Store,2020-11-14
CUST06775,26,Female,Bahawalpur,Bronze,Mobile App,2017-08-18
CUST06776,64,Male,Karachi,Bronze,Online,2016-12-01
CUST06777,31,Male,Gujranwala,Bronze,In-Store,2016-04-14
CUST06778,48,Female,Sukkur,Bronze,Online,2016-10-15
CUST06779,31,Female,Rawalpindi,Bronze,In-Store,2018-07-06
CUST06780,55,Female,Abbottabad,Bronze,In-Store,2024-05-15
CUST06781,54,Female,Lahore,Platinum,Mobile App,2017-03-03
CUST06782,33,Female,Karachi,Silver,In-Store,2018-02-13
CUST06783,41,Male,Abbottabad,Bronze,In-Store,2023-01-18
CUST06784,54,Male,Lahore,Bronze,Mobile App,2020-06-08
CUST06785,41,Male,Karachi,Bronze,In-Store,2022-03-12
CUST06786,26,Female,Islamabad,Bronze,In-Store,2023-08-17
CUST06787,38,Female,Abbottabad,Bronze,In-Store,2020-01-29
CUST06788,28,Female,Hyderabad,Bronze,Online,2015-08-12
CUST06789,39,Female,Karachi,Silver,In-Store,2020-02-14
CUST06790,27,Male,Islamabad,Silver,Online,2019-10-08
CUST06791,42,Male,Faisalabad,Gold,Online,2025-05-09
CUST06792,18,Female,Gujranwala,Bronze,In-Store,2022-05-18
CUST06793,23,Female,Lahore,Bronze,Online,2021-10-19
CUST06794,27,Female,Karachi,Bronze,In-Store,2021-04-28
CUST06795,35,Male,Quetta,Bronze,Mobile App,2019-03-16
CUST06796,18,Male,Karachi,Bronze,Mobile App,2019-06-22
CUST06797,26,Male,Faisalabad,Bronze,Online,2017-07-18
CUST06798,48,Female,Quetta,Platinum,In-Store,2018-11-18
CUST06799,49,Male,Peshawar,Silver,In-Store,2022-12-29
CUST06800,18,Female,Faisalabad,Gold,Online,2015-11-16
CUST06801,30,Female,Sialkot,Silver,In-Store,2020-12-22
CUST06802,54,Female,Multan,Gold,In-Store,2021-08-29
CUST06803,43,Male,Gujranwala,Bronze,In-Store,2016-08-04
CUST06804,43,Male,Multan,Bronze,Online,2015-08-22
CUST06805,45,Male,Rawalpindi,Silver,In-Store,2019-09-28
CUST06806,25,Male,Multan,Platinum,In-Store,2020-09-25
CUST06807,40,Male,Rawalpindi,Gold,Mobile App,2017-01-26
CUST06808,44,Male,Lahore,Bronze,Mobile App,2016-06-21
CUST06809,39,Female,Rawalpindi,Platinum,In-Store,2018-04-11
CUST06810,32,Female,Sargodha,Silver,Online,2015-06-10
CUST06811,37,Female,Multan,Silver,In-Store,2021-10-27
CUST06812,23,Male,Quetta,Bronze,Mobile App,2020-05-11
CUST06813,45,Female,Peshawar,Silver,Mobile App,2021-06-16
CUST06814,19,Male,Rawalpindi,Silver,In-Store,2018-05-14
CUST06815,27,Female,Rawalpindi,Gold,Online,2021-08-06
CUST06816,46,Female,Lahore,Platinum,In-Store,2020-05-16
CUST06817,41,Male,Karachi,Gold,In-Store,2025-07-19
CUST06818,31,Male,Hyderabad,Bronze,In-Store,2016-10-19
CUST06819,18,Male,Lahore,Bronze,Mobile App,2019-12-03
CUST06820,37,Male,Multan,Silver,In-Store,2025-08-19
CUST06821,29,Male,Rawalpindi,Bronze,Online,2025-05-22
CUST06822,44,Male,Karachi,Silver,Online,2015-02-26
CUST06823,31,Female,Karachi,Bronze,In-Store,2018-10-01
CUST06824,18,Male,Sargodha,Bronze,Online,2016-06-29
CUST06825,20,Male,Islamabad,Bronze,In-Store,2022-07-29
CUST06826,32,Female,Islamabad,Gold,In-Store,2022-10-28
CUST06827,39,Female,Karachi,Silver,In-Store,2021-03-13
CUST06828,22,Male,Karachi,Bronze,Online,2025-03-26
CUST06829,28,Female,Quetta,Bronze,Mobile App,2015-05-11
CUST06830,48,Male,Sukkur,Bronze,Online,2015-07-03
CUST06831,52,Female,Lahore,Gold,Mobile App,2025-04-03
CUST06832,41,Female,Rawalpindi,Bronze,In-Store,2015-03-31
CUST06833,34,Male,Multan,Bronze,In-Store,2025-08-02
CUST06834,29,Male,Lahore,Bronze,Online,2021-02-21
CUST06835,45,Female,Islamabad,Bronze,In-Store,2021-12-08
CUST06836,33,Female,Faisalabad,Silver,In-Store,2019-11-07
CUST06837,49,Female,Peshawar,Gold,Online,2021-12-14
CUST06838,50,Male,Abbottabad,Gold,In-Store,2017-04-01
CUST06839,43,Male,Faisalabad,Bronze,In-Store,2016-02-23
CUST06840,31,Female,Lahore,Bronze,Online,2016-06-15
CUST06841,32,Male,Peshawar,Silver,In-Store,2016-11-06
CUST06842,18,Male,Karachi,Bronze,Online,2024-05-20
CUST06843,37,Male,Karachi,Bronze,Mobile App,2019-11-14
CUST06844,36,Male,Islamabad,Bronze,Online,2016-05-13
CUST06845,20,Male,Karachi,Bronze,Online,2017-10-03
CUST06846,68,Female,Rawalpindi,Bronze,In-Store,2022-08-25
CUST06847,45,Male,Islamabad,Silver,In-Store,2019-01-05
CUST06848,27,Male,Sukkur,Gold,Online,2024-02-05
CUST06849,64,Female,Lahore,Silver,In-Store,2015-03-25
CUST06850,31,Female,Quetta,Bronze,Online,2015-03-31
CUST06851,48,Female,Peshawar,Silver,In-Store,2023-07-12
CUST06852,39,Female,Abbottabad,Bronze,In-Store,2023-03-11
CUST06853,31,Male,Multan,Bronze,In-Store,2015-12-27
CUST06854,33,Female,Gujranwala,Silver,In-Store,2022-07-08
CUST06855,56,Female,Islamabad,Bronze,Online,2017-04-13
CUST06856,49,Male,Karachi,Silver,In-Store,2020-12-21
CUST06857,36,Female,Islamabad,Bronze,In-Store,2023-02-17
CUST06858,18,Female,Peshawar,Bronze,In-Store,2015-11-15
CUST06859,41,Female,Lahore,Silver,Online,2025-12-12
CUST06860,21,Female,Karachi,Silver,Online,2024-12-26
CUST06861,45,Female,Karachi,Gold,In-Store,2018-05-21
CUST06862,28,Male,Faisalabad,Bronze,Online,2024-12-29
CUST06863,30,Female,Islamabad,Platinum,Online,2020-11-25
CUST06864,29,Male,Sialkot,Bronze,In-Store,2018-10-03
CUST06865,51,Female,Peshawar,Platinum,In-Store,2024-08-09
CUST06866,18,Male,Sargodha,Bronze,Online,2018-09-13
CUST06867,47,Male,Abbottabad,Platinum,In-Store,2019-09-19
CUST06868,42,Female,Karachi,Platinum,Mobile App,2021-01-07
CUST06869,37,Male,Lahore,Bronze,Online,2017-05-13
CUST06870,32,Female,Lahore,Bronze,In-Store,2024-08-18
CUST06871,44,Male,Sukkur,Silver,Online,2024-07-09
CUST06872,32,Female,Karachi,Bronze,In-Store,2025-04-03
CUST06873,32,Female,Rawalpindi,Bronze,Online,2024-07-19
CUST06874,38,Female,Karachi,Platinum,Online,2017-09-28
CUST06875,60,Male,Rawalpindi,Gold,In-Store,2021-06-01
CUST06876,18,Female,Karachi,Gold,In-Store,2021-02-13
CUST06877,44,Male,Quetta,Gold,In-Store,2023-11-04
CUST06878,36,Female,Faisalabad,Silver,In-Store,2019-01-04
CUST06879,35,Female,Abbottabad,Gold,In-Store,2020-11-08
CUST06880,18,Male,Abbottabad,Gold,In-Store,2017-05-26
CUST06881,18,Female,Gujranwala,Bronze,In-Store,2020-10-06
CUST06882,42,Male,Lahore,Bronze,Mobile App,2015-01-12
CUST06883,21,Female,Karachi,Silver,In-Store,2015-02-26
CUST06884,51,Male,Karachi,Gold,In-Store,2018-03-25
CUST06885,24,Male,Peshawar,Bronze,In-Store,2022-09-25
CUST06886,45,Male,Karachi,Bronze,Online,2018-08-11
CUST06887,30,Female,Lahore,Platinum,Mobile App,2022-07-19
CUST06888,29,Female,Karachi,Bronze,In-Store,2022-03-15
CUST06889,26,Male,Karachi,Silver,Mobile App,2018-04-13
CUST06890,43,Male,Islamabad,Gold,Mobile App,2022-01-31
CUST06891,47,Male,Rawalpindi,Bronze,In-Store,2019-07-04
CUST06892,33,Female,Lahore,Silver,In-Store,2025-10-06
CUST06893,45,Female,Bahawalpur,Silver,Mobile App,2015-03-15
CUST06894,38,Female,Multan,Bronze,Online,2022-04-18
CUST06895,20,Female,Lahore,Silver,Online,2024-02-06
CUST06896,42,Male,Hyderabad,Silver,In-Store,2016-09-07
CUST06897,34,Male,Faisalabad,Silver,In-Store,2025-10-03
CUST06898,18,Female,Rawalpindi,Bronze,In-Store,2021-06-27
CUST06899,32,Female,Sialkot,Gold,In-Store,2021-03-21
CUST06900,18,Male,Islamabad,Gold,Online,2016-10-27
CUST06901,21,Male,Gujranwala,Gold,In-Store,2021-07-24
CUST06902,34,Male,Karachi,Silver,Online,2016-09-10
CUST06903,37,Female,Lahore,Gold,Online,2019-06-08
CUST06904,27,Female,Faisalabad,Gold,Mobile App,2025-03-14
CUST06905,44,Male,Hyderabad,Platinum,Online,2017-07-27
CUST06906,36,Female,Sialkot,Gold,Mobile App,2016-12-18
CUST06907,32,Female,Sargodha,Bronze,In-Store,2015-01-26
CUST06908,38,Male,Lahore,Bronze,Mobile App,2020-04-01
CUST06909,53,Male,Bahawalpur,Silver,Online,2023-01-27
CUST06910,18,Male,Karachi,Gold,Online,2024-12-24
CUST06911,54,Female,Lahore,Gold,In-Store,2016-03-01
CUST06912,29,Male,Rawalpindi,Bronze,In-Store,2021-09-04
CUST06913,27,Female,Lahore,Silver,In-Store,2016-10-09
CUST06914,32,Female,Karachi,Silver,In-Store,2020-01-21
CUST06915,26,Female,Peshawar,Silver,In-Store,2017-11-21
CUST06916,24,Female,Rawalpindi,Silver,Online,2018-09-08
CUST06917,49,Male,Bahawalpur,Gold,In-Store,2020-09-19
CUST06918,40,Female,Abbottabad,Gold,In-Store,2016-05-20
CUST06919,18,Female,Bahawalpur,Silver,In-Store,2024-08-03
CUST06920,46,Male,Faisalabad,Bronze,Mobile App,2024-06-12
CUST06921,44,Male,Islamabad,Silver,In-Store,2017-10-31
CUST06922,18,Male,Sargodha,Bronze,In-Store,2023-11-01
CUST06923,40,Female,Islamabad,Silver,In-Store,2022-03-07
CUST06924,46,Male,Islamabad,Bronze,Online,2025-02-06
CUST06925,18,Female,Peshawar,Bronze,In-Store,2023-04-30
CUST06926,41,Female,Peshawar,Silver,Mobile App,2023-07-10
CUST06927,29,Male,Karachi,Silver,In-Store,2020-08-08
CUST06928,45,Male,Lahore,Platinum,In-Store,2020-05-22
CUST06929,25,Male,Karachi,Silver,In-Store,2017-07-03
CUST06930,51,Male,Karachi,Silver,Mobile App,2017-02-17
CUST06931,34,Female,Islamabad,Gold,In-Store,2020-11-18
CUST06932,30,Male,Sargodha,Bronze,In-Store,2024-09-10
CUST06933,28,Male,Gujranwala,Bronze,Mobile App,2020-07-03
CUST06934,49,Male,Lahore,Bronze,Mobile App,2017-03-31
CUST06935,28,Male,Karachi,Silver,Mobile App,2021-06-14
CUST06936,51,Female,Abbottabad,Silver,In-Store,2020-02-25
CUST06937,40,Male,Quetta,Gold,Online,2017-09-22
CUST06938,19,Female,Faisalabad,Silver,Online,2022-03-31
CUST06939,38,Female,Abbottabad,Bronze,Online,2018-10-02
CUST06940,38,Female,Sargodha,Gold,In-Store,2024-05-02
CUST06941,19,Male,Karachi,Bronze,In-Store,2023-11-29
CUST06942,38,Male,Peshawar,Gold,In-Store,2024-04-13
CUST06943,45,Male,Peshawar,Silver,Online,2025-02-28
CUST06944,52,Male,Hyderabad,Silver,Online,2019-01-04
CUST06945,52,Female,Faisalabad,Gold,Mobile App,2023-02-04
CUST06946,69,Female,Peshawar,Bronze,Online,2016-05-04
CUST06947,38,Female,Islamabad,Silver,Mobile App,2022-12-28
CUST06948,45,Female,Islamabad,Platinum,Mobile App,2020-05-21
CUST06949,30,Male,Faisalabad,Bronze,In-Store,2018-11-08
CUST06950,62,Male,Lahore,Gold,In-Store,2024-08-08
CUST06951,26,Female,Gujranwala,Silver,Mobile App,2019-01-02
CUST06952,61,Male,Faisalabad,Platinum,Online,2018-03-08
CUST06953,60,Male,Hyderabad,Bronze,In-Store,2022-02-04
CUST06954,27,Female,Gujranwala,Gold,In-Store,2020-12-02
CUST06955,51,Male,Faisalabad,Silver,In-Store,2023-08-15
CUST06956,43,Female,Peshawar,Bronze,In-Store,2016-09-26
CUST06957,32,Male,Hyderabad,Silver,Mobile App,2025-11-27
CUST06958,36,Female,Islamabad,Platinum,In-Store,2023-03-06
CUST06959,41,Male,Quetta,Silver,In-Store,2018-09-15
CUST06960,42,Female,Bahawalpur,Bronze,Mobile App,2021-09-04
CUST06961,57,Male,Karachi,Bronze,Mobile App,2015-01-16
CUST06962,45,Male,Faisalabad,Bronze,In-Store,2023-02-20
CUST06963,27,Female,Karachi,Bronze,In-Store,2015-07-22
CUST06964,47,Female,Islamabad,Silver,In-Store,2018-03-11
CUST06965,18,Male,Hyderabad,Bronze,In-Store,2023-11-03
CUST06966,32,Male,Lahore,Gold,In-Store,2022-06-10
CUST06967,34,Female,Karachi,Gold,Online,2020-11-12
CUST06968,46,Other,Lahore,Silver,In-Store,2016-11-17
CUST06969,61,Female,Sialkot,Bronze,In-Store,2023-04-24
CUST06970,40,Male,Karachi,Silver,In-Store,2019-08-12
CUST06971,33,Male,Multan,Silver,In-Store,2022-03-11
CUST06972,28,Female,Sialkot,Bronze,In-Store,2024-04-03
CUST06973,48,Female,Multan,Gold,In-Store,2025-12-10
CUST06974,35,Male,Sargodha,Silver,Online,2020-08-16
CUST06975,31,Male,Sialkot,Platinum,Online,2021-09-07
CUST06976,50,Male,Karachi,Silver,In-Store,2024-11-22
CUST06977,53,Female,Hyderabad,Bronze,Online,2020-01-12
CUST06978,25,Female,Faisalabad,Silver,Mobile App,2023-12-27
CUST06979,18,Female,Abbottabad,Bronze,Online,2023-03-27
CUST06980,36,Female,Abbottabad,Bronze,Online,2020-10-20
CUST06981,23,Female,Lahore,Bronze,Online,2025-09-13
CUST06982,21,Female,Lahore,Bronze,In-Store,2018-09-28
CUST06983,24,Male,Peshawar,Bronze,Mobile App,2025-07-09
CUST06984,51,Male,Karachi,Silver,Online,2023-03-23
CUST06985,46,Female,Islamabad,Silver,Online,2021-03-13
CUST06986,69,Female,Abbottabad,Bronze,Online,2023-04-04
CUST06987,29,Male,Faisalabad,Silver,In-Store,2018-01-13
CUST06988,55,Male,Islamabad,Platinum,In-Store,2020-09-17
CUST06989,44,Female,Lahore,Silver,Online,2022-11-25
CUST06990,30,Male,Sialkot,Gold,Online,2016-07-05
CUST06991,36,Female,Bahawalpur,Gold,Mobile App,2025-11-17
CUST06992,30,Female,Bahawalpur,Silver,In-Store,2018-07-09
CUST06993,41,Female,Karachi,Bronze,In-Store,2023-03-18
CUST06994,50,Female,Karachi,Bronze,In-Store,2020-04-08
CUST06995,33,Male,Abbottabad,Bronze,In-Store,2024-07-16
CUST06996,49,Female,Sargodha,Bronze,Online,2025-05-20
CUST06997,54,Male,Lahore,Gold,Online,2016-03-18
CUST06998,57,Male,Lahore,Bronze,In-Store,2023-07-06
CUST06999,22,Female,Multan,Gold,In-Store,2021-04-12
CUST07000,37,Female,Islamabad,Silver,Online,2023-07-21
CUST07001,47,Female,Quetta,Silver,Mobile App,2024-11-14
CUST07002,23,Female,Lahore,Bronze,In-Store,2017-04-01
CUST07003,20,Female,Gujranwala,Gold,Online,2024-05-10
CUST07004,37,Female,Lahore,Bronze,In-Store,2016-09-14
CUST07005,32,Male,Karachi,Silver,In-Store,2018-06-21
CUST07006,35,Male,Islamabad,Bronze,Online,2025-09-10
CUST07007,31,Male,Karachi,Gold,Mobile App,2017-02-24
CUST07008,66,Female,Peshawar,Silver,In-Store,2018-03-01
CUST07009,31,Female,Karachi,Silver,In-Store,2023-07-07
CUST07010,45,Female,Karachi,Bronze,In-Store,2022-03-17
CUST07011,44,Male,Gujranwala,Silver,Online,2024-01-22
CUST07012,18,Other,Faisalabad,Bronze,In-Store,2023-04-15
CUST07013,57,Female,Multan,Silver,In-Store,2017-08-12
CUST07014,46,Male,Lahore,Bronze,Online,2020-10-01
CUST07015,40,Female,Abbottabad,Gold,Online,2015-08-28
CUST07016,51,Other,Abbottabad,Bronze,In-Store,2015-10-27
CUST07017,37,Male,Islamabad,Silver,Online,2023-08-20
CUST07018,49,Female,Gujranwala,Bronze,Online,2018-09-11
CUST07019,18,Female,Gujranwala,Gold,In-Store,2020-06-04
CUST07020,48,Male,Bahawalpur,Bronze,Online,2025-04-01
CUST07021,40,Male,Hyderabad,Platinum,In-Store,2022-09-10
CUST07022,40,Male,Rawalpindi,Bronze,In-Store,2021-02-19
CUST07023,27,Female,Islamabad,Silver,In-Store,2021-01-25
CUST07024,35,Male,Sargodha,Platinum,In-Store,2025-06-17
CUST07025,34,Male,Rawalpindi,Gold,Online,2018-12-31
CUST07026,23,Female,Faisalabad,Bronze,In-Store,2016-10-11
CUST07027,42,Male,Karachi,Platinum,In-Store,2025-03-01
CUST07028,58,Male,Lahore,Bronze,Online,2015-10-01
CUST07029,19,Female,Lahore,Silver,In-Store,2024-05-13
CUST07030,44,Female,Karachi,Gold,In-Store,2022-04-04
CUST07031,32,Female,Islamabad,Bronze,Online,2017-02-14
CUST07032,31,Male,Faisalabad,Gold,In-Store,2018-01-23
CUST07033,38,Male,Sialkot,Silver,In-Store,2019-05-24
CUST07034,39,Female,Multan,Gold,In-Store,2021-04-16
CUST07035,40,Female,Gujranwala,Bronze,Mobile App,2020-07-26
CUST07036,23,Female,Lahore,Gold,In-Store,2019-01-12
CUST07037,52,Male,Gujranwala,Silver,In-Store,2021-01-06
CUST07038,39,Female,Karachi,Silver,Online,2017-09-28
CUST07039,45,Female,Lahore,Bronze,In-Store,2015-01-08
CUST07040,53,Female,Rawalpindi,Bronze,In-Store,2015-12-21
CUST07041,18,Male,Sargodha,Bronze,In-Store,2018-09-29
CUST07042,46,Male,Karachi,Bronze,Online,2021-01-27
CUST07043,35,Male,Lahore,Silver,Mobile App,2016-03-25
CUST07044,51,Female,Karachi,Gold,Online,2015-08-05
CUST07045,27,Female,Rawalpindi,Bronze,Online,2023-06-13
CUST07046,50,Male,Islamabad,Platinum,Mobile App,2022-11-25
CUST07047,24,Female,Karachi,Bronze,In-Store,2020-05-10
CUST07048,43,Female,Rawalpindi,Silver,Online,2017-11-22
CUST07049,41,Male,Rawalpindi,Gold,Mobile App,2021-11-15
CUST07050,35,Female,Peshawar,Silver,Online,2016-07-22
CUST07051,24,Male,Hyderabad,Silver,In-Store,2015-02-13
CUST07052,33,Female,Abbottabad,Bronze,Mobile App,2024-02-18
CUST07053,49,Female,Karachi,Silver,In-Store,2023-06-01
CUST07054,57,Female,Islamabad,Platinum,In-Store,2024-12-02
CUST07055,63,Male,Abbottabad,Bronze,Online,2024-02-06
CUST07056,44,Male,Multan,Gold,In-Store,2016-05-23
CUST07057,41,Male,Islamabad,Gold,In-Store,2015-08-19
CUST07058,43,Male,Rawalpindi,Gold,In-Store,2025-06-19
CUST07059,63,Female,Hyderabad,Bronze,In-Store,2024-09-20
CUST07060,44,Female,Hyderabad,Silver,In-Store,2020-02-29
CUST07061,39,Female,Lahore,Bronze,In-Store,2021-03-24
CUST07062,34,Female,Islamabad,Silver,In-Store,2016-04-25
CUST07063,35,Male,Quetta,Gold,Online,2017-05-23
CUST07064,43,Male,Karachi,Bronze,In-Store,2019-01-23
CUST07065,28,Male,Hyderabad,Platinum,Online,2017-07-26
CUST07066,29,Female,Karachi,Silver,Mobile App,2021-01-16
CUST07067,37,Male,Rawalpindi,Silver,In-Store,2019-04-04
CUST07068,32,Male,Gujranwala,Gold,Mobile App,2017-11-21
CUST07069,45,Male,Bahawalpur,Gold,Online,2017-08-05
CUST07070,46,Male,Multan,Platinum,Mobile App,2023-08-04
CUST07071,41,Male,Faisalabad,Silver,In-Store,2022-02-05
CUST07072,44,Male,Quetta,Silver,Online,2016-04-17
CUST07073,39,Female,Hyderabad,Bronze,In-Store,2023-04-30
CUST07074,18,Male,Karachi,Gold,Mobile App,2024-09-23
CUST07075,26,Male,Multan,Silver,In-Store,2017-10-18
CUST07076,47,Female,Sialkot,Bronze,In-Store,2019-08-04
CUST07077,27,Male,Bahawalpur,Platinum,In-Store,2016-03-16
CUST07078,49,Male,Islamabad,Silver,In-Store,2025-09-30
CUST07079,49,Female,Bahawalpur,Gold,In-Store,2022-12-08
CUST07080,34,Male,Peshawar,Silver,In-Store,2019-12-05
CUST07081,30,Female,Islamabad,Bronze,In-Store,2015-12-14
CUST07082,38,Female,Abbottabad,Silver,In-Store,2015-03-08
CUST07083,37,Female,Karachi,Silver,In-Store,2020-01-08
CUST07084,46,Male,Sukkur,Platinum,In-Store,2019-04-17
CUST07085,18,Female,Faisalabad,Bronze,Online,2019-09-28
CUST07086,28,Female,Multan,Silver,In-Store,2019-05-03
CUST07087,24,Female,Hyderabad,Silver,Online,2025-06-19
CUST07088,18,Male,Bahawalpur,Silver,In-Store,2018-12-11
CUST07089,31,Female,Sukkur,Bronze,In-Store,2019-07-14
CUST07090,18,Female,Rawalpindi,Silver,In-Store,2023-04-13
CUST07091,32,Male,Quetta,Bronze,In-Store,2018-11-05
CUST07092,31,Male,Sialkot,Silver,In-Store,2021-06-09
CUST07093,43,Female,Islamabad,Silver,In-Store,2023-01-19
CUST07094,34,Female,Lahore,Bronze,In-Store,2024-12-16
CUST07095,18,Female,Gujranwala,Platinum,In-Store,2015-05-06
CUST07096,42,Female,Faisalabad,Gold,In-Store,2021-11-17
CUST07097,69,Male,Lahore,Platinum,In-Store,2020-11-01
CUST07098,51,Male,Sukkur,Gold,In-Store,2021-06-06
CUST07099,46,Female,Faisalabad,Silver,Online,2025-10-28
CUST07100,35,Female,Sukkur,Silver,In-Store,2017-12-28
CUST07101,31,Female,Lahore,Bronze,Online,2024-01-11
CUST07102,30,Male,Sukkur,Bronze,Online,2022-04-12
CUST07103,41,Female,Islamabad,Silver,In-Store,2019-07-30
CUST07104,23,Female,Lahore,Bronze,In-Store,2022-09-17
CUST07105,40,Male,Islamabad,Gold,In-Store,2023-08-06
CUST07106,29,Female,Multan,Bronze,In-Store,2015-06-28
CUST07107,18,Male,Lahore,Bronze,Mobile App,2021-01-28
CUST07108,29,Male,Peshawar,Silver,Online,2015-07-28
CUST07109,54,Female,Faisalabad,Silver,In-Store,2015-04-28
CUST07110,39,Male,Peshawar,Bronze,Online,2017-04-23
CUST07111,18,Female,Islamabad,Bronze,Online,2017-03-15
CUST07112,29,Female,Lahore,Silver,In-Store,2021-06-04
CUST07113,49,Male,Peshawar,Gold,In-Store,2024-02-11
CUST07114,34,Female,Faisalabad,Bronze,In-Store,2021-12-29
CUST07115,44,Male,Karachi,Gold,In-Store,2024-04-12
CUST07116,32,Male,Peshawar,Silver,In-Store,2018-12-02
CUST07117,40,Male,Lahore,Gold,In-Store,2024-12-14
CUST07118,38,Female,Islamabad,Bronze,In-Store,2017-09-09
CUST07119,29,Male,Hyderabad,Platinum,Mobile App,2023-02-15
CUST07120,45,Male,Lahore,Silver,In-Store,2016-10-24
CUST07121,57,Female,Rawalpindi,Bronze,In-Store,2021-05-21
CUST07122,43,Female,Karachi,Gold,Online,2018-04-26
CUST07123,39,Female,Rawalpindi,Silver,Online,2021-10-07
CUST07124,27,Male,Bahawalpur,Bronze,In-Store,2019-12-28
CUST07125,50,Female,Faisalabad,Gold,In-Store,2016-03-22
CUST07126,31,Female,Sukkur,Gold,In-Store,2021-08-06
CUST07127,45,Male,Faisalabad,Bronze,In-Store,2023-03-11
CUST07128,47,Male,Karachi,Silver,Online,2024-07-30
CUST07129,50,Male,Faisalabad,Bronze,Mobile App,2025-01-09
CUST07130,51,Female,Lahore,Bronze,In-Store,2021-12-24
CUST07131,50,Female,Rawalpindi,Silver,In-Store,2022-01-31
CUST07132,21,Male,Lahore,Bronze,In-Store,2021-01-03
CUST07133,26,Male,Karachi,Bronze,Mobile App,2025-04-07
CUST07134,20,Female,Lahore,Bronze,Online,2018-10-21
CUST07135,19,Female,Islamabad,Bronze,Online,2020-06-26
CUST07136,57,Female,Gujranwala,Gold,Mobile App,2019-09-28
CUST07137,25,Male,Sialkot,Bronze,In-Store,2018-08-15
CUST07138,23,Female,Karachi,Bronze,Mobile App,2022-02-03
CUST07139,37,Male,Sialkot,Bronze,Mobile App,2015-08-29
CUST07140,28,Male,Karachi,Silver,Online,2022-01-03
CUST07141,67,Female,Karachi,Silver,In-Store,2024-03-16
CUST07142,34,Male,Sialkot,Silver,Mobile App,2017-04-28
CUST07143,43,Female,Islamabad,Bronze,In-Store,2017-08-19
CUST07144,27,Male,Islamabad,Gold,In-Store,2023-11-29
CUST07145,18,Female,Islamabad,Platinum,In-Store,2018-04-03
CUST07146,28,Male,Faisalabad,Gold,In-Store,2024-02-16
CUST07147,28,Male,Multan,Gold,Online,2021-11-28
CUST07148,28,Male,Peshawar,Bronze,In-Store,2025-10-19
CUST07149,18,Female,Karachi,Silver,Online,2020-03-31
CUST07150,39,Female,Lahore,Bronze,In-Store,2024-11-01
CUST07151,33,Female,Rawalpindi,Gold,In-Store,2025-02-22
CUST07152,18,Female,Sukkur,Gold,In-Store,2016-02-12
CUST07153,39,Female,Sialkot,Bronze,In-Store,2017-05-19
CUST07154,47,Male,Lahore,Gold,Online,2019-10-14
CUST07155,53,Male,Lahore,Silver,In-Store,2017-12-30
CUST07156,18,Female,Islamabad,Platinum,In-Store,2015-08-19
CUST07157,28,Female,Hyderabad,Platinum,Online,2025-09-09
CUST07158,20,Male,Abbottabad,Bronze,In-Store,2023-06-17
CUST07159,29,Male,Karachi,Gold,Online,2018-11-08
CUST07160,56,Other,Faisalabad,Bronze,In-Store,2024-08-06
CUST07161,28,Male,Islamabad,Silver,In-Store,2025-04-04
CUST07162,31,Male,Islamabad,Silver,Online,2020-05-20
CUST07163,27,Female,Faisalabad,Bronze,In-Store,2016-06-21
CUST07164,59,Female,Quetta,Gold,In-Store,2017-01-17
CUST07165,18,Male,Multan,Silver,In-Store,2024-02-02
CUST07166,30,Female,Rawalpindi,Silver,In-Store,2020-01-20
CUST07167,26,Male,Quetta,Silver,Mobile App,2020-08-05
CUST07168,18,Male,Rawalpindi,Silver,Mobile App,2016-06-10
CUST07169,52,Female,Peshawar,Bronze,Online,2015-05-15
CUST07170,18,Female,Lahore,Bronze,Online,2015-12-30
CUST07171,32,Female,Islamabad,Bronze,Mobile App,2022-09-23
CUST07172,36,Male,Multan,Gold,In-Store,2016-05-06
CUST07173,28,Male,Bahawalpur,Bronze,In-Store,2024-03-29
CUST07174,18,Male,Karachi,Bronze,In-Store,2016-02-13
CUST07175,35,Male,Quetta,Silver,Mobile App,2017-01-01
CUST07176,28,Male,Rawalpindi,Gold,Online,2024-10-27
CUST07177,48,Male,Sialkot,Gold,Online,2020-11-07
CUST07178,44,Male,Karachi,Bronze,In-Store,2015-05-04
CUST07179,63,Female,Multan,Silver,Online,2017-02-14
CUST07180,39,Male,Rawalpindi,Bronze,In-Store,2018-02-09
CUST07181,45,Male,Islamabad,Platinum,In-Store,2017-12-16
CUST07182,33,Male,Karachi,Silver,In-Store,2017-04-06
CUST07183,60,Female,Faisalabad,Bronze,In-Store,2018-10-24
CUST07184,38,Male,Islamabad,Bronze,In-Store,2019-11-24
CUST07185,36,Male,Bahawalpur,Gold,In-Store,2015-12-22
CUST07186,45,Male,Sialkot,Bronze,In-Store,2017-10-21
CUST07187,29,Male,Karachi,Platinum,In-Store,2025-10-25
CUST07188,31,Female,Islamabad,Silver,In-Store,2017-10-01
CUST07189,45,Male,Lahore,Silver,In-Store,2016-10-07
CUST07190,47,Female,Peshawar,Gold,In-Store,2024-10-26
CUST07191,45,Female,Multan,Gold,In-Store,2015-11-24
CUST07192,36,Female,Islamabad,Silver,In-Store,2022-04-10
CUST07193,41,Female,Lahore,Bronze,Mobile App,2015-09-03
CUST07194,50,Male,Rawalpindi,Gold,In-Store,2018-04-05
CUST07195,23,Male,Lahore,Gold,In-Store,2022-06-23
CUST07196,38,Male,Lahore,Gold,Online,2018-07-15
CUST07197,18,Male,Gujranwala,Bronze,Mobile App,2021-10-27
CUST07198,47,Male,Abbottabad,Platinum,Mobile App,2019-01-23
CUST07199,27,Male,Sialkot,Silver,In-Store,2018-10-10
CUST07200,28,Male,Karachi,Bronze,In-Store,2019-05-10
CUST07201,36,Female,Sargodha,Gold,Online,2015-07-19
CUST07202,46,Male,Rawalpindi,Gold,Online,2017-01-24
CUST07203,69,Male,Lahore,Bronze,Online,2021-08-07
CUST07204,18,Female,Sialkot,Bronze,In-Store,2018-11-07
CUST07205,26,Female,Karachi,Silver,In-Store,2025-08-28
CUST07206,40,Male,Karachi,Gold,In-Store,2024-08-13
CUST07207,28,Female,Sialkot,Bronze,In-Store,2023-02-14
CUST07208,48,Male,Karachi,Gold,In-Store,2022-11-30
CUST07209,35,Female,Rawalpindi,Platinum,Online,2023-10-16
CUST07210,49,Female,Faisalabad,Platinum,Online,2015-06-04
CUST07211,34,Male,Abbottabad,Bronze,In-Store,2017-04-05
CUST07212,45,Female,Islamabad,Silver,Online,2023-11-28
CUST07213,25,Male,Lahore,Silver,In-Store,2025-02-14
CUST07214,63,Male,Rawalpindi,Silver,In-Store,2019-06-21
CUST07215,18,Female,Rawalpindi,Silver,In-Store,2020-11-18
CUST07216,28,Female,Faisalabad,Platinum,Mobile App,2022-12-21
CUST07217,19,Other,Sukkur,Gold,Online,2019-11-20
CUST07218,48,Male,Quetta,Silver,In-Store,2019-04-29
CUST07219,45,Female,Hyderabad,Platinum,In-Store,2025-12-04
CUST07220,22,Female,Islamabad,Platinum,In-Store,2023-07-14
CUST07221,50,Male,Sialkot,Bronze,In-Store,2025-04-03
CUST07222,28,Female,Sargodha,Silver,Mobile App,2022-04-21
CUST07223,43,Female,Karachi,Platinum,Mobile App,2015-12-11
CUST07224,46,Female,Rawalpindi,Gold,Online,2022-05-25
CUST07225,34,Male,Multan,Gold,In-Store,2019-02-18
CUST07226,49,Female,Multan,Silver,In-Store,2024-09-12
CUST07227,36,Female,Faisalabad,Bronze,In-Store,2025-02-07
CUST07228,42,Male,Gujranwala,Bronze,In-Store,2024-01-31
CUST07229,34,Male,Lahore,Bronze,Mobile App,2020-12-15
CUST07230,18,Female,Sargodha,Silver,In-Store,2020-06-01
CUST07231,36,Male,Gujranwala,Platinum,Online,2018-05-19
CUST07232,26,Female,Lahore,Bronze,In-Store,2022-04-12
CUST07233,56,Male,Karachi,Silver,Online,2021-10-21
CUST07234,20,Male,Quetta,Silver,Online,2019-03-03
CUST07235,53,Female,Karachi,Bronze,In-Store,2025-07-19
CUST07236,35,Male,Faisalabad,Bronze,In-Store,2022-04-05
CUST07237,43,Male,Multan,Bronze,In-Store,2018-01-18
CUST07238,20,Male,Abbottabad,Gold,In-Store,2017-12-07
CUST07239,33,Female,Islamabad,Silver,In-Store,2016-08-02
CUST07240,29,Male,Quetta,Silver,Online,2021-04-18
CUST07241,65,Female,Sargodha,Platinum,In-Store,2019-09-11
CUST07242,29,Other,Rawalpindi,Bronze,In-Store,2023-12-17
CUST07243,52,Female,Karachi,Gold,Online,2016-01-16
CUST07244,53,Male,Karachi,Bronze,In-Store,2020-07-22
CUST07245,52,Male,Islamabad,Silver,Online,2016-01-31
CUST07246,30,Female,Islamabad,Gold,In-Store,2022-07-04
CUST07247,61,Male,Islamabad,Silver,In-Store,2021-03-23
CUST07248,64,Female,Rawalpindi,Silver,Mobile App,2018-03-01
CUST07249,42,Female,Faisalabad,Silver,Mobile App,2025-11-28
CUST07250,31,Female,Lahore,Bronze,In-Store,2024-01-06
CUST07251,26,Female,Rawalpindi,Gold,Online,2017-02-23
CUST07252,44,Female,Peshawar,Silver,Online,2020-03-13
CUST07253,38,Male,Faisalabad,Gold,In-Store,2022-07-28
CUST07254,40,Male,Sialkot,Platinum,In-Store,2019-05-14
CUST07255,20,Female,Lahore,Silver,Online,2020-02-17
CUST07256,38,Female,Islamabad,Bronze,Online,2015-05-02
CUST07257,52,Male,Faisalabad,Silver,Online,2020-04-30
CUST07258,48,Male,Bahawalpur,Silver,In-Store,2016-02-04
CUST07259,32,Female,Multan,Bronze,Online,2024-03-31
CUST07260,36,Male,Lahore,Silver,In-Store,2016-05-14
CUST07261,18,Male,Karachi,Silver,Online,2015-09-11
CUST07262,29,Male,Faisalabad,Silver,In-Store,2020-05-05
CUST07263,33,Male,Sargodha,Bronze,Online,2019-06-01
CUST07264,46,Male,Peshawar,Silver,In-Store,2015-11-07
CUST07265,28,Male,Rawalpindi,Bronze,In-Store,2021-05-21
CUST07266,24,Male,Karachi,Bronze,In-Store,2021-10-28
CUST07267,47,Female,Karachi,Gold,In-Store,2021-07-28
CUST07268,32,Female,Sialkot,Silver,In-Store,2016-09-20
CUST07269,27,Male,Islamabad,Silver,Online,2015-05-11
CUST07270,48,Male,Lahore,Bronze,In-Store,2021-11-06
CUST07271,43,Male,Lahore,Silver,In-Store,2025-08-08
CUST07272,35,Female,Sukkur,Bronze,In-Store,2020-08-22
CUST07273,33,Male,Lahore,Bronze,In-Store,2023-03-11
CUST07274,42,Female,Lahore,Platinum,In-Store,2018-02-16
CUST07275,45,Female,Islamabad,Bronze,In-Store,2015-11-19
CUST07276,40,Female,Quetta,Gold,Online,2020-02-09
CUST07277,39,Male,Rawalpindi,Silver,Online,2015-09-15
CUST07278,30,Female,Sialkot,Bronze,In-Store,2020-01-26
CUST07279,30,Male,Peshawar,Bronze,In-Store,2018-08-12
CUST07280,35,Female,Islamabad,Bronze,In-Store,2016-06-14
CUST07281,25,Female,Sukkur,Silver,Online,2025-03-06
CUST07282,23,Female,Karachi,Bronze,In-Store,2020-02-05
CUST07283,36,Female,Quetta,Platinum,Mobile App,2022-01-27
CUST07284,50,Female,Faisalabad,Bronze,Online,2022-01-20
CUST07285,18,Female,Islamabad,Bronze,Mobile App,2024-09-20
CUST07286,32,Female,Rawalpindi,Bronze,In-Store,2022-08-20
CUST07287,41,Male,Multan,Silver,Mobile App,2018-01-26
CUST07288,51,Male,Lahore,Bronze,Mobile App,2024-10-26
CUST07289,61,Male,Multan,Silver,In-Store,2024-02-17
CUST07290,34,Male,Faisalabad,Gold,Mobile App,2022-12-14
CUST07291,63,Male,Sialkot,Platinum,In-Store,2016-09-14
CUST07292,43,Male,Lahore,Bronze,In-Store,2020-11-15
CUST07293,48,Male,Islamabad,Silver,In-Store,2025-10-16
CUST07294,24,Female,Faisalabad,Bronze,In-Store,2018-04-16
CUST07295,43,Male,Quetta,Bronze,Online,2024-11-16
CUST07296,49,Female,Islamabad,Gold,Online,2020-02-18
CUST07297,29,Male,Lahore,Gold,In-Store,2020-10-01
CUST07298,18,Male,Sukkur,Bronze,In-Store,2025-09-24
CUST07299,39,Female,Karachi,Silver,In-Store,2018-03-06
CUST07300,35,Female,Quetta,Gold,Online,2025-05-24
CUST07301,55,Male,Gujranwala,Bronze,In-Store,2023-12-03
CUST07302,31,Male,Lahore,Bronze,In-Store,2023-02-11
CUST07303,28,Female,Rawalpindi,Gold,In-Store,2015-07-12
CUST07304,22,Female,Faisalabad,Silver,Online,2015-05-14
CUST07305,29,Other,Sialkot,Bronze,Online,2018-08-29
CUST07306,72,Male,Sukkur,Bronze,Mobile App,2015-09-17
CUST07307,18,Male,Islamabad,Gold,Online,2018-09-18
CUST07308,20,Male,Islamabad,Silver,In-Store,2025-09-22
CUST07309,37,Female,Islamabad,Silver,Mobile App,2023-09-10
CUST07310,63,Male,Lahore,Bronze,In-Store,2023-12-01
CUST07311,47,Male,Karachi,Bronze,In-Store,2021-07-18
CUST07312,58,Female,Sukkur,Bronze,Online,2020-05-15
CUST07313,32,Male,Islamabad,Bronze,In-Store,2019-05-14
CUST07314,19,Male,Karachi,Bronze,In-Store,2019-05-28
CUST07315,32,Female,Karachi,Bronze,In-Store,2019-07-21
CUST07316,36,Female,Sargodha,Silver,In-Store,2017-01-05
CUST07317,38,Female,Karachi,Bronze,In-Store,2015-07-14
CUST07318,35,Male,Peshawar,Platinum,Online,2020-09-16
CUST07319,45,Female,Sialkot,Platinum,In-Store,2020-09-20
CUST07320,28,Female,Sialkot,Bronze,In-Store,2022-02-27
CUST07321,25,Female,Islamabad,Gold,Online,2017-01-22
CUST07322,22,Male,Peshawar,Bronze,In-Store,2016-05-31
CUST07323,40,Female,Lahore,Silver,Online,2025-06-20
CUST07324,39,Female,Rawalpindi,Silver,In-Store,2020-03-17
CUST07325,52,Female,Hyderabad,Gold,In-Store,2018-01-19
CUST07326,58,Male,Multan,Silver,Online,2018-12-01
CUST07327,22,Male,Rawalpindi,Bronze,In-Store,2015-08-18
CUST07328,38,Female,Peshawar,Silver,Online,2024-10-08
CUST07329,35,Male,Sialkot,Silver,In-Store,2023-10-29
CUST07330,18,Male,Bahawalpur,Bronze,In-Store,2022-10-29
CUST07331,31,Male,Sialkot,Gold,In-Store,2023-09-22
CUST07332,58,Female,Rawalpindi,Silver,In-Store,2024-12-07
CUST07333,29,Female,Lahore,Bronze,Online,2022-02-19
CUST07334,27,Female,Rawalpindi,Bronze,In-Store,2018-12-06
CUST07335,37,Female,Rawalpindi,Silver,In-Store,2016-01-19
CUST07336,49,Female,Multan,Silver,In-Store,2016-10-14
CUST07337,34,Female,Multan,Bronze,Mobile App,2019-11-21
CUST07338,39,Female,Lahore,Bronze,Online,2024-02-19
CUST07339,18,Male,Gujranwala,Bronze,Mobile App,2018-09-17
CUST07340,45,Male,Rawalpindi,Platinum,Online,2019-08-30
CUST07341,40,Female,Gujranwala,Silver,In-Store,2025-05-30
CUST07342,49,Female,Karachi,Silver,Online,2021-04-21
CUST07343,18,Female,Sialkot,Bronze,Online,2024-10-01
CUST07344,34,Male,Faisalabad,Silver,Mobile App,2022-12-09
CUST07345,50,Female,Rawalpindi,Platinum,Online,2020-09-09
CUST07346,30,Female,Karachi,Gold,In-Store,2021-11-03
CUST07347,38,Male,Sukkur,Silver,Online,2023-01-11
CUST07348,32,Other,Karachi,Gold,Mobile App,2023-10-30
CUST07349,32,Female,Karachi,Silver,In-Store,2022-09-29
CUST07350,53,Male,Hyderabad,Silver,Mobile App,2016-12-09
CUST07351,19,Female,Peshawar,Bronze,In-Store,2017-09-27
CUST07352,37,Male,Hyderabad,Silver,In-Store,2015-12-17
CUST07353,41,Female,Abbottabad,Gold,In-Store,2018-02-26
CUST07354,50,Female,Islamabad,Bronze,In-Store,2018-09-17
CUST07355,36,Male,Gujranwala,Gold,In-Store,2016-05-22
CUST07356,50,Male,Karachi,Bronze,In-Store,2020-10-17
CUST07357,37,Male,Bahawalpur,Gold,In-Store,2025-04-17
CUST07358,39,Male,Peshawar,Platinum,In-Store,2023-04-24
CUST07359,39,Female,Bahawalpur,Bronze,In-Store,2024-07-07
CUST07360,46,Female,Faisalabad,Platinum,Online,2023-09-12
CUST07361,45,Female,Peshawar,Gold,In-Store,2024-07-11
CUST07362,23,Female,Bahawalpur,Gold,Mobile App,2021-04-01
CUST07363,40,Male,Lahore,Bronze,In-Store,2020-04-23
CUST07364,45,Male,Islamabad,Silver,In-Store,2023-07-04
CUST07365,57,Female,Hyderabad,Silver,Mobile App,2021-07-27
CUST07366,24,Male,Sargodha,Gold,In-Store,2021-04-20
CUST07367,44,Male,Peshawar,Silver,Online,2024-05-03
CUST07368,33,Female,Rawalpindi,Bronze,In-Store,2017-09-06
CUST07369,40,Female,Karachi,Silver,Online,2015-10-16
CUST07370,24,Male,Multan,Platinum,Mobile App,2023-03-25
CUST07371,37,Male,Gujranwala,Silver,In-Store,2022-09-25
CUST07372,42,Female,Karachi,Silver,Online,2021-07-25
CUST07373,25,Female,Lahore,Gold,Online,2016-10-30
CUST07374,56,Female,Karachi,Bronze,In-Store,2021-03-29
CUST07375,18,Female,Islamabad,Gold,In-Store,2020-05-18
CUST07376,44,Female,Multan,Silver,In-Store,2023-11-26
CUST07377,18,Female,Karachi,Bronze,In-Store,2017-09-30
CUST07378,34,Female,Rawalpindi,Bronze,Online,2015-06-03
CUST07379,44,Female,Karachi,Silver,In-Store,2022-06-12
CUST07380,47,Female,Gujranwala,Gold,In-Store,2017-07-20
CUST07381,36,Male,Peshawar,Bronze,In-Store,2018-12-07
CUST07382,34,Female,Peshawar,Platinum,In-Store,2022-07-18
CUST07383,45,Female,Hyderabad,Silver,In-Store,2018-11-22
CUST07384,50,Male,Karachi,Gold,In-Store,2017-05-29
CUST07385,55,Male,Abbottabad,Bronze,Online,2015-04-16
CUST07386,21,Male,Karachi,Silver,In-Store,2017-02-12
CUST07387,35,Female,Rawalpindi,Platinum,Online,2015-02-11
CUST07388,18,Female,Karachi,Silver,In-Store,2025-06-18
CUST07389,20,Female,Bahawalpur,Gold,In-Store,2018-06-16
CUST07390,28,Male,Rawalpindi,Gold,In-Store,2025-04-02
CUST07391,49,Female,Lahore,Bronze,In-Store,2019-02-17
CUST07392,31,Male,Rawalpindi,Gold,Mobile App,2020-02-29
CUST07393,34,Female,Sargodha,Silver,Mobile App,2016-05-05
CUST07394,41,Female,Lahore,Bronze,In-Store,2016-02-18
CUST07395,29,Male,Islamabad,Silver,Mobile App,2017-07-29
CUST07396,18,Male,Karachi,Bronze,In-Store,2023-08-22
CUST07397,28,Female,Lahore,Platinum,Online,2025-06-24
CUST07398,36,Female,Sukkur,Bronze,In-Store,2023-08-16
CUST07399,44,Female,Rawalpindi,Gold,Online,2018-04-02
CUST07400,35,Other,Karachi,Silver,Online,2018-12-13
CUST07401,43,Male,Hyderabad,Silver,Mobile App,2017-08-22
CUST07402,50,Male,Hyderabad,Platinum,Mobile App,2023-04-30
CUST07403,52,Male,Abbottabad,Platinum,In-Store,2024-04-18
CUST07404,40,Female,Karachi,Gold,Online,2015-12-24
CUST07405,23,Male,Rawalpindi,Gold,In-Store,2016-07-24
CUST07406,21,Male,Sukkur,Silver,In-Store,2020-01-03
CUST07407,23,Female,Karachi,Bronze,In-Store,2025-02-26
CUST07408,24,Male,Islamabad,Silver,In-Store,2015-07-16
CUST07409,39,Female,Bahawalpur,Silver,Online,2017-10-23
CUST07410,62,Male,Karachi,Bronze,Online,2024-09-12
CUST07411,40,Male,Quetta,Silver,In-Store,2020-03-16
CUST07412,36,Female,Sargodha,Silver,Online,2018-11-04
CUST07413,50,Female,Multan,Gold,In-Store,2024-01-24
CUST07414,27,Male,Sukkur,Silver,Mobile App,2016-11-11
CUST07415,51,Male,Gujranwala,Gold,Online,2016-11-27
CUST07416,50,Male,Gujranwala,Silver,In-Store,2016-08-07
CUST07417,38,Other,Multan,Silver,Online,2024-03-06
CUST07418,65,Male,Karachi,Silver,In-Store,2016-03-07
CUST07419,52,Female,Islamabad,Bronze,In-Store,2022-02-11
CUST07420,38,Female,Hyderabad,Silver,Mobile App,2016-03-12
CUST07421,36,Female,Lahore,Bronze,In-Store,2022-09-24
CUST07422,32,Male,Lahore,Gold,Online,2020-03-18
CUST07423,36,Male,Faisalabad,Platinum,Online,2017-12-04
CUST07424,36,Female,Rawalpindi,Bronze,Online,2016-11-23
CUST07425,33,Male,Gujranwala,Silver,In-Store,2022-06-14
CUST07426,35,Female,Abbottabad,Gold,Online,2023-05-23
CUST07427,22,Female,Karachi,Silver,In-Store,2021-05-21
CUST07428,30,Male,Karachi,Silver,Mobile App,2020-08-08
CUST07429,18,Female,Sialkot,Silver,In-Store,2020-07-03
CUST07430,43,Male,Karachi,Silver,Online,2024-08-04
CUST07431,39,Male,Lahore,Silver,In-Store,2019-02-27
CUST07432,36,Male,Islamabad,Platinum,Online,2024-01-25
CUST07433,49,Female,Lahore,Bronze,Mobile App,2016-03-30
CUST07434,26,Male,Peshawar,Platinum,In-Store,2023-02-12
CUST07435,28,Male,Lahore,Gold,In-Store,2025-07-02
CUST07436,18,Female,Multan,Silver,Online,2016-11-18
CUST07437,51,Male,Quetta,Platinum,In-Store,2017-03-25
CUST07438,45,Male,Karachi,Bronze,In-Store,2020-01-29
CUST07439,55,Male,Islamabad,Platinum,Mobile App,2021-09-27
CUST07440,58,Male,Karachi,Gold,In-Store,2025-02-02
CUST07441,32,Male,Sialkot,Silver,Mobile App,2020-05-21
CUST07442,28,Female,Karachi,Silver,In-Store,2023-05-29
CUST07443,18,Female,Hyderabad,Platinum,Online,2019-03-02
CUST07444,23,Female,Hyderabad,Gold,In-Store,2020-12-27
CUST07445,33,Female,Faisalabad,Silver,Online,2017-06-17
CUST07446,18,Female,Sargodha,Gold,Online,2021-01-11
CUST07447,23,Female,Islamabad,Silver,In-Store,2024-11-05
CUST07448,36,Male,Lahore,Gold,In-Store,2018-10-19
CUST07449,49,Male,Karachi,Silver,Online,2024-07-13
CUST07450,28,Male,Quetta,Bronze,In-Store,2024-04-25
CUST07451,39,Female,Rawalpindi,Bronze,In-Store,2021-09-22
CUST07452,62,Female,Abbottabad,Gold,In-Store,2024-11-26
CUST07453,18,Female,Sukkur,Bronze,In-Store,2024-03-29
CUST07454,52,Female,Faisalabad,Gold,In-Store,2022-07-09
CUST07455,42,Male,Rawalpindi,Silver,Online,2025-03-04
CUST07456,54,Female,Lahore,Bronze,Online,2025-12-29
CUST07457,50,Female,Karachi,Gold,In-Store,2018-07-04
CUST07458,29,Male,Lahore,Gold,Online,2023-08-11
CUST07459,38,Female,Faisalabad,Silver,In-Store,2020-03-03
CUST07460,19,Female,Karachi,Platinum,In-Store,2024-01-20
CUST07461,31,Male,Sukkur,Gold,Online,2016-08-11
CUST07462,38,Male,Abbottabad,Gold,In-Store,2020-07-15
CUST07463,41,Female,Lahore,Silver,Online,2021-04-28
CUST07464,48,Female,Peshawar,Gold,Mobile App,2020-03-03
CUST07465,58,Male,Rawalpindi,Silver,Online,2025-05-12
CUST07466,32,Female,Faisalabad,Silver,In-Store,2019-01-12
CUST07467,52,Male,Sialkot,Silver,In-Store,2021-08-10
CUST07468,41,Male,Multan,Gold,Mobile App,2020-05-19
CUST07469,21,Male,Peshawar,Bronze,Online,2020-08-15
CUST07470,36,Male,Karachi,Silver,In-Store,2021-07-31
CUST07471,39,Male,Lahore,Bronze,In-Store,2021-03-23
CUST07472,27,Female,Sukkur,Silver,Online,2020-12-14
CUST07473,24,Female,Abbottabad,Silver,In-Store,2025-03-05
CUST07474,24,Other,Faisalabad,Bronze,Online,2017-03-28
CUST07475,30,Male,Lahore,Bronze,Online,2016-07-09
CUST07476,26,Female,Faisalabad,Bronze,In-Store,2019-11-02
CUST07477,53,Female,Rawalpindi,Gold,Online,2024-04-17
CUST07478,18,Female,Peshawar,Silver,Online,2020-06-20
CUST07479,39,Male,Islamabad,Bronze,Online,2018-12-17
CUST07480,44,Male,Sukkur,Silver,Online,2020-12-12
CUST07481,25,Male,Abbottabad,Silver,Mobile App,2025-07-16
CUST07482,34,Female,Bahawalpur,Platinum,In-Store,2015-08-12
CUST07483,33,Male,Abbottabad,Gold,Online,2021-11-03
CUST07484,36,Male,Karachi,Silver,In-Store,2023-01-09
CUST07485,46,Female,Lahore,Silver,Online,2019-01-31
CUST07486,45,Female,Sialkot,Platinum,Online,2025-08-26
CUST07487,30,Male,Rawalpindi,Bronze,Mobile App,2021-02-28
CUST07488,18,Female,Sargodha,Gold,Online,2017-01-27
CUST07489,40,Male,Karachi,Gold,In-Store,2019-09-18
CUST07490,29,Male,Islamabad,Platinum,Mobile App,2024-07-16
CUST07491,31,Female,Peshawar,Platinum,Online,2024-08-17
CUST07492,40,Female,Rawalpindi,Bronze,Online,2017-04-02
CUST07493,32,Male,Islamabad,Silver,Online,2018-11-23
CUST07494,41,Male,Faisalabad,Bronze,In-Store,2015-08-01
CUST07495,70,Female,Gujranwala,Bronze,Online,2016-03-14
CUST07496,46,Female,Rawalpindi,Gold,Mobile App,2023-03-12
CUST07497,55,Female,Karachi,Gold,Online,2020-11-16
CUST07498,44,Male,Sialkot,Silver,Online,2024-06-21
CUST07499,39,Male,Quetta,Gold,Online,2015-02-28
CUST07500,44,Male,Faisalabad,Bronze,Online,2024-04-14
CUST07501,44,Male,Multan,Silver,Online,2021-12-08
CUST07502,49,Female,Islamabad,Bronze,Mobile App,2015-12-20
CUST07503,38,Male,Karachi,Gold,Online,2022-04-21
CUST07504,20,Male,Gujranwala,Bronze,In-Store,2015-01-27
CUST07505,18,Female,Islamabad,Bronze,In-Store,2025-06-07
CUST07506,43,Male,Abbottabad,Bronze,In-Store,2024-10-04
CUST07507,23,Male,Abbottabad,Bronze,Online,2018-08-11
CUST07508,46,Female,Islamabad,Gold,In-Store,2017-11-01
CUST07509,55,Male,Lahore,Bronze,Mobile App,2015-07-11
CUST07510,35,Female,Sialkot,Bronze,In-Store,2017-05-17
CUST07511,53,Male,Sialkot,Bronze,Online,2021-04-04
CUST07512,41,Male,Karachi,Gold,Mobile App,2024-04-20
CUST07513,38,Male,Faisalabad,Bronze,Mobile App,2016-11-19
CUST07514,38,Female,Lahore,Bronze,In-Store,2018-03-22
CUST07515,27,Male,Karachi,Bronze,In-Store,2017-11-13
CUST07516,25,Female,Rawalpindi,Platinum,Online,2020-06-02
CUST07517,18,Female,Karachi,Silver,Mobile App,2015-03-26
CUST07518,28,Male,Lahore,Bronze,In-Store,2025-03-06
CUST07519,65,Male,Faisalabad,Silver,In-Store,2016-12-27
CUST07520,18,Male,Lahore,Gold,In-Store,2022-08-18
CUST07521,22,Female,Islamabad,Silver,In-Store,2020-07-09
CUST07522,27,Male,Quetta,Silver,Online,2019-10-16
CUST07523,28,Male,Gujranwala,Bronze,Mobile App,2017-08-25
CUST07524,41,Male,Rawalpindi,Silver,In-Store,2020-07-11
CUST07525,30,Male,Multan,Bronze,Mobile App,2020-07-02
CUST07526,35,Male,Islamabad,Bronze,Online,2018-08-14
CUST07527,26,Male,Sukkur,Platinum,In-Store,2020-01-17
CUST07528,31,Female,Karachi,Gold,In-Store,2024-06-05
CUST07529,37,Male,Karachi,Bronze,In-Store,2021-01-11
CUST07530,36,Female,Karachi,Silver,In-Store,2021-02-01
CUST07531,63,Male,Karachi,Gold,In-Store,2019-12-17
CUST07532,37,Male,Multan,Silver,Mobile App,2024-01-05
CUST07533,35,Female,Abbottabad,Silver,In-Store,2020-11-07
CUST07534,18,Female,Multan,Silver,Mobile App,2025-12-23
CUST07535,41,Female,Lahore,Silver,In-Store,2017-05-03
CUST07536,18,Male,Gujranwala,Gold,In-Store,2020-03-08
CUST07537,45,Female,Islamabad,Bronze,Online,2025-11-10
CUST07538,39,Female,Multan,Gold,Mobile App,2015-03-28
CUST07539,48,Other,Rawalpindi,Silver,In-Store,2024-08-26
CUST07540,29,Female,Faisalabad,Bronze,In-Store,2024-10-15
CUST07541,38,Male,Karachi,Bronze,Online,2019-08-28
CUST07542,46,Female,Bahawalpur,Gold,Mobile App,2017-08-26
CUST07543,25,Male,Lahore,Bronze,In-Store,2024-12-24
CUST07544,45,Male,Multan,Silver,Online,2017-10-27
CUST07545,45,Female,Karachi,Bronze,In-Store,2022-04-21
CUST07546,36,Male,Rawalpindi,Silver,In-Store,2018-09-19
CUST07547,58,Male,Sialkot,Bronze,In-Store,2015-01-18
CUST07548,44,Male,Multan,Silver,Online,2025-08-26
CUST07549,18,Male,Islamabad,Silver,Mobile App,2019-02-27
CUST07550,50,Female,Peshawar,Gold,In-Store,2022-02-04
CUST07551,29,Female,Gujranwala,Bronze,Online,2020-05-15
CUST07552,48,Female,Karachi,Bronze,Online,2023-02-17
CUST07553,41,Female,Karachi,Silver,In-Store,2015-08-04
CUST07554,18,Male,Rawalpindi,Gold,In-Store,2016-07-03
CUST07555,45,Female,Rawalpindi,Gold,Mobile App,2025-01-01
CUST07556,35,Male,Karachi,Bronze,In-Store,2019-02-21
CUST07557,32,Female,Peshawar,Bronze,In-Store,2018-07-12
CUST07558,32,Female,Multan,Bronze,In-Store,2017-08-29
CUST07559,48,Other,Islamabad,Bronze,Online,2022-11-04
CUST07560,26,Female,Lahore,Bronze,In-Store,2015-03-14
CUST07561,52,Male,Lahore,Silver,Mobile App,2023-05-29
CUST07562,18,Female,Karachi,Gold,Online,2022-03-20
CUST07563,41,Male,Bahawalpur,Gold,In-Store,2021-11-24
CUST07564,48,Female,Karachi,Bronze,In-Store,2015-02-12
CUST07565,47,Male,Karachi,Bronze,Mobile App,2016-10-20
CUST07566,40,Female,Sialkot,Silver,Online,2024-07-25
CUST07567,35,Female,Rawalpindi,Silver,Online,2025-01-30
CUST07568,30,Male,Gujranwala,Silver,In-Store,2022-03-27
CUST07569,22,Male,Faisalabad,Gold,In-Store,2015-08-31
CUST07570,29,Male,Sukkur,Bronze,Online,2020-11-08
CUST07571,25,Male,Islamabad,Bronze,In-Store,2021-02-27
CUST07572,23,Male,Multan,Silver,Online,2019-11-28
CUST07573,61,Female,Lahore,Silver,Mobile App,2023-09-23
CUST07574,18,Female,Rawalpindi,Bronze,Mobile App,2019-10-20
CUST07575,52,Female,Karachi,Bronze,In-Store,2022-02-09
CUST07576,21,Male,Faisalabad,Platinum,In-Store,2018-06-13
CUST07577,24,Female,Rawalpindi,Gold,Online,2022-11-12
CUST07578,24,Female,Karachi,Silver,In-Store,2022-05-18
CUST07579,23,Male,Karachi,Bronze,Online,2023-05-16
CUST07580,49,Male,Faisalabad,Platinum,In-Store,2021-09-07
CUST07581,45,Female,Quetta,Silver,In-Store,2023-12-13
CUST07582,34,Male,Peshawar,Bronze,In-Store,2018-06-16
CUST07583,73,Male,Quetta,Bronze,Online,2016-03-29
CUST07584,37,Female,Rawalpindi,Bronze,Online,2025-06-18
CUST07585,38,Male,Islamabad,Bronze,In-Store,2024-04-05
CUST07586,29,Female,Peshawar,Silver,In-Store,2019-03-13
CUST07587,27,Male,Lahore,Bronze,In-Store,2022-09-25
CUST07588,31,Male,Multan,Silver,Mobile App,2022-12-20
CUST07589,49,Female,Karachi,Silver,In-Store,2017-08-05
CUST07590,45,Male,Faisalabad,Bronze,In-Store,2019-11-30
CUST07591,54,Male,Quetta,Bronze,Online,2015-11-24
CUST07592,28,Female,Islamabad,Platinum,In-Store,2016-03-25
CUST07593,45,Female,Bahawalpur,Bronze,In-Store,2024-04-02
CUST07594,41,Female,Karachi,Bronze,Mobile App,2024-12-30
CUST07595,43,Female,Lahore,Gold,Online,2018-02-24
CUST07596,26,Female,Peshawar,Gold,In-Store,2023-10-06
CUST07597,24,Male,Gujranwala,Silver,Online,2020-08-25
CUST07598,45,Male,Karachi,Bronze,Online,2016-12-12
CUST07599,49,Male,Karachi,Silver,In-Store,2017-12-07
CUST07600,29,Male,Rawalpindi,Silver,Mobile App,2019-10-09
CUST07601,45,Male,Islamabad,Gold,In-Store,2025-06-16
CUST07602,53,Female,Faisalabad,Bronze,In-Store,2024-05-18
CUST07603,33,Female,Hyderabad,Bronze,In-Store,2020-12-25
CUST07604,19,Male,Lahore,Silver,In-Store,2023-02-02
CUST07605,20,Female,Karachi,Bronze,Online,2022-10-08
CUST07606,29,Female,Peshawar,Silver,In-Store,2022-03-19
CUST07607,32,Male,Faisalabad,Bronze,Online,2025-08-31
CUST07608,37,Male,Faisalabad,Gold,In-Store,2023-12-24
CUST07609,37,Male,Gujranwala,Silver,Online,2015-06-14
CUST07610,34,Male,Hyderabad,Bronze,In-Store,2018-06-29
CUST07611,46,Male,Karachi,Silver,Mobile App,2015-08-23
CUST07612,28,Female,Hyderabad,Gold,Online,2024-04-26
CUST07613,54,Female,Faisalabad,Bronze,In-Store,2015-11-01
CUST07614,50,Female,Sukkur,Gold,In-Store,2024-12-23
CUST07615,49,Male,Multan,Gold,In-Store,2017-09-17
CUST07616,29,Female,Sukkur,Silver,In-Store,2015-08-22
CUST07617,36,Male,Hyderabad,Silver,Online,2018-07-17
CUST07618,47,Male,Islamabad,Silver,In-Store,2025-01-20
CUST07619,35,Male,Peshawar,Silver,In-Store,2018-12-19
CUST07620,28,Male,Multan,Bronze,In-Store,2025-08-12
CUST07621,28,Female,Faisalabad,Bronze,In-Store,2024-05-25
CUST07622,29,Male,Karachi,Silver,In-Store,2019-04-02
CUST07623,22,Male,Karachi,Gold,Online,2019-03-23
CUST07624,75,Female,Islamabad,Bronze,Mobile App,2024-10-15
CUST07625,18,Male,Faisalabad,Bronze,In-Store,2021-06-07
CUST07626,25,Female,Faisalabad,Bronze,Online,2015-08-07
CUST07627,45,Female,Faisalabad,Bronze,Online,2021-10-09
CUST07628,29,Male,Karachi,Silver,In-Store,2022-09-09
CUST07629,33,Male,Gujranwala,Gold,Online,2017-06-01
CUST07630,43,Male,Quetta,Bronze,Online,2020-02-24
CUST07631,51,Female,Hyderabad,Gold,Online,2018-08-30
CUST07632,34,Female,Sukkur,Gold,In-Store,2020-05-10
CUST07633,49,Female,Hyderabad,Silver,In-Store,2022-11-08
CUST07634,18,Female,Peshawar,Bronze,In-Store,2025-01-20
CUST07635,30,Male,Rawalpindi,Bronze,Online,2025-03-24
CUST07636,44,Female,Peshawar,Bronze,Online,2021-11-10
CUST07637,63,Female,Lahore,Bronze,Online,2019-04-15
CUST07638,25,Male,Bahawalpur,Silver,Online,2024-11-04
CUST07639,23,Female,Peshawar,Bronze,In-Store,2020-07-27
CUST07640,42,Female,Multan,Silver,In-Store,2016-12-27
CUST07641,38,Female,Multan,Gold,In-Store,2017-03-27
CUST07642,28,Female,Peshawar,Bronze,Online,2022-11-17
CUST07643,22,Female,Peshawar,Gold,In-Store,2020-11-21
CUST07644,31,Female,Karachi,Bronze,In-Store,2017-07-31
CUST07645,44,Male,Rawalpindi,Silver,In-Store,2020-01-13
CUST07646,33,Female,Abbottabad,Gold,In-Store,2016-10-10
CUST07647,53,Female,Sialkot,Silver,Mobile App,2024-11-21
CUST07648,36,Female,Lahore,Gold,In-Store,2024-07-22
CUST07649,45,Female,Rawalpindi,Gold,Mobile App,2025-07-29
CUST07650,41,Male,Rawalpindi,Bronze,Online,2021-07-03
CUST07651,32,Male,Abbottabad,Silver,Mobile App,2019-02-12
CUST07652,48,Male,Sargodha,Bronze,Online,2016-07-27
CUST07653,22,Male,Karachi,Platinum,In-Store,2021-04-01
CUST07654,30,Female,Lahore,Platinum,In-Store,2020-12-16
CUST07655,32,Male,Karachi,Bronze,In-Store,2019-12-10
CUST07656,42,Male,Lahore,Gold,In-Store,2022-02-15
CUST07657,46,Female,Rawalpindi,Bronze,In-Store,2019-04-11
CUST07658,27,Female,Multan,Gold,Online,2024-11-14
CUST07659,25,Male,Gujranwala,Bronze,Online,2025-01-31
CUST07660,39,Male,Karachi,Gold,In-Store,2017-02-04
CUST07661,18,Female,Lahore,Bronze,In-Store,2015-05-21
CUST07662,51,Male,Multan,Gold,Online,2017-01-22
CUST07663,35,Female,Rawalpindi,Silver,In-Store,2017-12-25
CUST07664,22,Female,Islamabad,Gold,In-Store,2022-12-03
CUST07665,22,Female,Lahore,Bronze,Online,2017-06-16
CUST07666,42,Male,Quetta,Gold,In-Store,2019-06-03
CUST07667,41,Female,Lahore,Silver,In-Store,2019-09-12
CUST07668,28,Male,Peshawar,Bronze,In-Store,2022-11-08
CUST07669,36,Female,Bahawalpur,Bronze,In-Store,2020-04-03
CUST07670,23,Male,Lahore,Bronze,In-Store,2017-03-11
CUST07671,34,Male,Quetta,Silver,Online,2024-02-07
CUST07672,57,Female,Gujranwala,Bronze,Online,2022-01-06
CUST07673,65,Male,Peshawar,Gold,Mobile App,2023-10-14
CUST07674,35,Male,Islamabad,Gold,In-Store,2017-03-25
CUST07675,43,Male,Lahore,Bronze,In-Store,2025-05-25
CUST07676,43,Female,Gujranwala,Bronze,Online,2019-08-10
CUST07677,18,Male,Islamabad,Platinum,Online,2020-06-03
CUST07678,23,Male,Gujranwala,Silver,In-Store,2024-12-21
CUST07679,18,Male,Hyderabad,Silver,In-Store,2021-12-30
CUST07680,43,Female,Sukkur,Silver,In-Store,2017-06-14
CUST07681,63,Female,Gujranwala,Bronze,Online,2022-08-21
CUST07682,51,Male,Bahawalpur,Gold,Online,2017-05-29
CUST07683,38,Male,Bahawalpur,Silver,In-Store,2019-04-24
CUST07684,36,Female,Faisalabad,Bronze,Online,2022-09-19
CUST07685,33,Male,Lahore,Silver,Online,2022-08-26
CUST07686,51,Other,Lahore,Gold,In-Store,2017-08-22
CUST07687,40,Male,Islamabad,Gold,Online,2015-06-26
CUST07688,38,Male,Lahore,Gold,In-Store,2021-02-17
CUST07689,23,Male,Hyderabad,Bronze,Online,2015-03-29
CUST07690,45,Female,Hyderabad,Bronze,In-Store,2021-05-12
CUST07691,36,Male,Rawalpindi,Gold,Online,2019-08-18
CUST07692,43,Male,Gujranwala,Gold,Online,2024-07-03
CUST07693,50,Male,Peshawar,Gold,In-Store,2025-06-08
CUST07694,18,Male,Multan,Platinum,Mobile App,2015-08-02
CUST07695,34,Male,Gujranwala,Bronze,Online,2024-09-09
CUST07696,32,Male,Gujranwala,Silver,Online,2025-03-28
CUST07697,31,Female,Gujranwala,Silver,In-Store,2021-08-27
CUST07698,23,Male,Faisalabad,Bronze,Online,2022-06-04
CUST07699,28,Male,Islamabad,Silver,Online,2016-12-13
CUST07700,23,Other,Islamabad,Platinum,In-Store,2024-06-10
CUST07701,48,Female,Peshawar,Platinum,In-Store,2015-02-12
CUST07702,42,Other,Bahawalpur,Silver,Mobile App,2019-12-05
CUST07703,42,Male,Quetta,Bronze,Online,2025-08-01
CUST07704,18,Male,Gujranwala,Gold,In-Store,2016-07-24
CUST07705,63,Male,Lahore,Gold,Mobile App,2019-07-25
CUST07706,32,Female,Rawalpindi,Silver,In-Store,2024-06-28
CUST07707,60,Female,Sialkot,Silver,Online,2025-10-12
CUST07708,47,Female,Sukkur,Bronze,In-Store,2019-07-16
CUST07709,34,Male,Faisalabad,Bronze,In-Store,2016-08-30
CUST07710,64,Female,Karachi,Bronze,In-Store,2021-01-05
CUST07711,45,Female,Sukkur,Silver,In-Store,2022-08-16
CUST07712,35,Female,Karachi,Bronze,Mobile App,2019-05-10
CUST07713,32,Female,Faisalabad,Silver,Mobile App,2023-02-28
CUST07714,51,Female,Rawalpindi,Bronze,In-Store,2015-11-03
CUST07715,31,Male,Sargodha,Gold,Mobile App,2016-08-28
CUST07716,33,Female,Karachi,Bronze,Mobile App,2017-06-04
CUST07717,30,Male,Peshawar,Silver,In-Store,2018-02-05
CUST07718,28,Female,Islamabad,Bronze,In-Store,2025-06-30
CUST07719,28,Male,Rawalpindi,Silver,In-Store,2021-09-24
CUST07720,61,Female,Rawalpindi,Bronze,In-Store,2021-07-22
CUST07721,51,Male,Islamabad,Bronze,In-Store,2023-11-04
CUST07722,41,Male,Sukkur,Silver,In-Store,2020-08-10
CUST07723,30,Female,Quetta,Silver,Online,2021-02-11
CUST07724,30,Female,Sukkur,Bronze,Online,2015-06-06
CUST07725,33,Female,Gujranwala,Platinum,In-Store,2023-09-20
CUST07726,61,Female,Rawalpindi,Gold,In-Store,2024-08-23
CUST07727,41,Male,Karachi,Silver,Mobile App,2021-08-20
CUST07728,47,Male,Lahore,Platinum,In-Store,2025-10-28
CUST07729,40,Male,Islamabad,Gold,In-Store,2023-01-30
CUST07730,26,Male,Karachi,Silver,In-Store,2015-09-14
CUST07731,39,Male,Karachi,Platinum,Online,2016-04-26
CUST07732,24,Male,Karachi,Silver,In-Store,2023-02-06
CUST07733,53,Other,Rawalpindi,Bronze,Online,2023-01-04
CUST07734,28,Male,Lahore,Bronze,In-Store,2025-07-21
CUST07735,30,Female,Lahore,Bronze,In-Store,2019-02-12
CUST07736,48,Female,Rawalpindi,Bronze,Online,2025-03-26
CUST07737,28,Female,Lahore,Bronze,In-Store,2022-04-23
CUST07738,35,Female,Karachi,Silver,Online,2022-03-12
CUST07739,18,Female,Sialkot,Silver,Online,2022-02-09
CUST07740,33,Female,Sukkur,Bronze,Online,2020-12-20
CUST07741,45,Male,Islamabad,Silver,Mobile App,2015-08-16
CUST07742,29,Male,Rawalpindi,Silver,In-Store,2015-10-06
CUST07743,45,Female,Lahore,Platinum,In-Store,2020-07-03
CUST07744,37,Male,Rawalpindi,Silver,In-Store,2020-12-22
CUST07745,52,Female,Karachi,Platinum,Mobile App,2023-05-14
CUST07746,28,Male,Rawalpindi,Gold,Online,2024-07-30
CUST07747,34,Female,Rawalpindi,Silver,Mobile App,2020-02-04
CUST07748,18,Male,Islamabad,Bronze,Mobile App,2016-09-02
CUST07749,36,Female,Sukkur,Gold,Mobile App,2022-01-28
CUST07750,32,Female,Rawalpindi,Bronze,In-Store,2016-09-07
CUST07751,50,Female,Karachi,Bronze,In-Store,2019-07-12
CUST07752,29,Male,Sialkot,Gold,In-Store,2023-12-07
CUST07753,32,Female,Karachi,Silver,In-Store,2023-12-26
CUST07754,29,Male,Karachi,Bronze,In-Store,2025-08-29
CUST07755,38,Male,Islamabad,Bronze,Mobile App,2021-05-20
CUST07756,63,Female,Gujranwala,Gold,Online,2015-12-01
CUST07757,18,Male,Sargodha,Bronze,Online,2024-11-15
CUST07758,37,Male,Peshawar,Gold,Online,2016-09-04
CUST07759,53,Female,Sukkur,Silver,In-Store,2019-07-26
CUST07760,31,Male,Multan,Gold,In-Store,2019-05-25
CUST07761,44,Male,Lahore,Silver,Online,2022-03-03
CUST07762,53,Female,Faisalabad,Platinum,In-Store,2025-04-23
CUST07763,34,Female,Quetta,Gold,In-Store,2021-10-10
CUST07764,29,Male,Karachi,Bronze,In-Store,2015-12-25
CUST07765,50,Male,Rawalpindi,Silver,Online,2016-09-07
CUST07766,44,Other,Karachi,Platinum,In-Store,2015-06-01
CUST07767,37,Female,Islamabad,Bronze,Mobile App,2018-09-11
CUST07768,45,Female,Faisalabad,Silver,In-Store,2025-03-02
CUST07769,50,Male,Quetta,Silver,In-Store,2015-07-14
CUST07770,37,Female,Islamabad,Bronze,In-Store,2019-09-23
CUST07771,41,Female,Karachi,Bronze,In-Store,2022-08-27
CUST07772,44,Male,Faisalabad,Bronze,Online,2021-05-01
CUST07773,31,Female,Karachi,Silver,Online,2023-02-12
CUST07774,53,Male,Karachi,Gold,In-Store,2018-11-16
CUST07775,24,Male,Quetta,Silver,In-Store,2025-02-03
CUST07776,36,Female,Multan,Bronze,In-Store,2021-12-17
CUST07777,47,Male,Faisalabad,Bronze,Online,2015-11-10
CUST07778,24,Female,Lahore,Silver,Online,2020-11-05
CUST07779,49,Female,Bahawalpur,Bronze,Mobile App,2020-12-07
CUST07780,40,Female,Hyderabad,Bronze,In-Store,2015-03-13
CUST07781,55,Male,Hyderabad,Bronze,In-Store,2018-02-14
CUST07782,45,Female,Karachi,Silver,In-Store,2016-12-15
CUST07783,35,Female,Karachi,Gold,Online,2025-10-12
CUST07784,41,Male,Rawalpindi,Silver,Online,2015-08-06
CUST07785,41,Female,Lahore,Bronze,Online,2021-05-18
CUST07786,64,Male,Islamabad,Bronze,In-Store,2016-02-29
CUST07787,39,Female,Quetta,Bronze,Online,2017-03-19
CUST07788,36,Female,Sargodha,Bronze,Online,2016-10-09
CUST07789,35,Female,Multan,Silver,In-Store,2025-06-01
CUST07790,40,Male,Karachi,Platinum,Mobile App,2024-12-28
CUST07791,23,Female,Karachi,Bronze,In-Store,2025-01-01
CUST07792,33,Male,Lahore,Bronze,In-Store,2017-04-19
CUST07793,24,Female,Karachi,Silver,In-Store,2015-03-05
CUST07794,26,Female,Karachi,Silver,In-Store,2025-11-24
CUST07795,48,Female,Karachi,Bronze,In-Store,2019-03-13
CUST07796,38,Female,Lahore,Bronze,Online,2024-12-06
CUST07797,28,Female,Karachi,Silver,In-Store,2021-08-21
CUST07798,36,Female,Bahawalpur,Silver,Online,2019-09-07
CUST07799,34,Female,Faisalabad,Silver,In-Store,2023-01-08
CUST07800,38,Male,Hyderabad,Gold,In-Store,2015-10-28
CUST07801,18,Female,Peshawar,Bronze,Mobile App,2025-02-02
CUST07802,23,Female,Rawalpindi,Silver,Mobile App,2025-08-10
CUST07803,19,Female,Rawalpindi,Silver,In-Store,2019-01-18
CUST07804,26,Female,Quetta,Bronze,In-Store,2023-03-25
CUST07805,28,Female,Islamabad,Gold,In-Store,2017-08-21
CUST07806,24,Male,Faisalabad,Bronze,In-Store,2018-07-18
CUST07807,47,Female,Karachi,Silver,In-Store,2020-05-07
CUST07808,61,Male,Gujranwala,Silver,In-Store,2017-12-25
CUST07809,48,Female,Islamabad,Bronze,In-Store,2022-05-19
CUST07810,30,Male,Lahore,Bronze,In-Store,2024-09-29
CUST07811,40,Female,Sialkot,Silver,In-Store,2023-01-03
CUST07812,37,Male,Karachi,Bronze,In-Store,2023-08-09
CUST07813,30,Female,Sargodha,Silver,In-Store,2025-04-03
CUST07814,55,Female,Peshawar,Silver,In-Store,2017-04-19
CUST07815,64,Female,Sialkot,Gold,In-Store,2018-04-20
CUST07816,18,Male,Karachi,Bronze,Online,2017-04-24
CUST07817,56,Female,Faisalabad,Gold,In-Store,2017-06-26
CUST07818,30,Female,Karachi,Silver,Online,2023-10-20
CUST07819,34,Male,Islamabad,Silver,Mobile App,2022-02-13
CUST07820,41,Male,Quetta,Platinum,Mobile App,2024-07-16
CUST07821,58,Female,Lahore,Silver,In-Store,2025-11-20
CUST07822,41,Female,Quetta,Gold,Mobile App,2020-10-14
CUST07823,43,Female,Faisalabad,Bronze,Mobile App,2019-01-02
CUST07824,49,Female,Bahawalpur,Gold,In-Store,2016-09-08
CUST07825,51,Male,Faisalabad,Platinum,Mobile App,2021-10-22
CUST07826,44,Male,Lahore,Bronze,Mobile App,2017-09-12
CUST07827,51,Female,Sukkur,Silver,Online,2021-10-15
CUST07828,30,Male,Rawalpindi,Gold,Online,2022-03-05
CUST07829,18,Female,Lahore,Bronze,Mobile App,2025-11-02
CUST07830,61,Female,Rawalpindi,Silver,In-Store,2016-11-24
CUST07831,24,Male,Rawalpindi,Bronze,Online,2021-04-11
CUST07832,31,Male,Lahore,Bronze,Mobile App,2015-05-12
CUST07833,33,Male,Gujranwala,Silver,In-Store,2020-09-25
CUST07834,31,Male,Gujranwala,Silver,In-Store,2018-04-19
CUST07835,28,Male,Rawalpindi,Silver,In-Store,2017-12-30
CUST07836,44,Male,Karachi,Silver,Mobile App,2022-01-28
CUST07837,44,Male,Karachi,Platinum,Online,2015-05-28
CUST07838,46,Male,Faisalabad,Bronze,In-Store,2020-05-24
CUST07839,45,Female,Lahore,Silver,In-Store,2022-10-23
CUST07840,32,Female,Islamabad,Silver,Online,2025-07-11
CUST07841,32,Male,Faisalabad,Platinum,In-Store,2025-08-10
CUST07842,52,Female,Peshawar,Gold,Mobile App,2016-06-24
CUST07843,31,Female,Lahore,Bronze,In-Store,2015-07-17
CUST07844,30,Female,Peshawar,Gold,Online,2025-03-17
CUST07845,50,Other,Karachi,Silver,Mobile App,2023-12-26
CUST07846,37,Female,Faisalabad,Bronze,Online,2020-03-14
CUST07847,31,Female,Peshawar,Bronze,In-Store,2019-05-28
CUST07848,31,Female,Lahore,Bronze,Online,2025-05-18
CUST07849,52,Female,Hyderabad,Silver,Mobile App,2020-02-09
CUST07850,45,Male,Gujranwala,Silver,Mobile App,2016-12-23
CUST07851,41,Female,Sukkur,Bronze,In-Store,2017-09-07
CUST07852,22,Male,Islamabad,Gold,In-Store,2017-11-12
CUST07853,41,Female,Sargodha,Silver,Online,2021-08-13
CUST07854,35,Female,Rawalpindi,Platinum,In-Store,2018-12-23
CUST07855,26,Female,Islamabad,Bronze,In-Store,2018-04-29
CUST07856,30,Male,Multan,Bronze,In-Store,2016-05-15
CUST07857,47,Female,Sukkur,Gold,Online,2016-10-08
CUST07858,54,Female,Sukkur,Gold,In-Store,2017-02-08
CUST07859,24,Male,Lahore,Bronze,In-Store,2016-05-24
CUST07860,25,Female,Karachi,Bronze,Mobile App,2019-07-06
CUST07861,47,Male,Rawalpindi,Bronze,In-Store,2022-02-05
CUST07862,32,Female,Sargodha,Gold,Online,2021-02-22
CUST07863,45,Male,Sargodha,Bronze,In-Store,2016-05-01
CUST07864,32,Female,Lahore,Bronze,In-Store,2021-04-24
CUST07865,45,Female,Karachi,Gold,In-Store,2020-03-22
CUST07866,20,Female,Quetta,Bronze,Online,2015-01-28
CUST07867,45,Male,Lahore,Silver,Online,2016-11-09
CUST07868,18,Female,Lahore,Bronze,Online,2023-10-20
CUST07869,50,Male,Quetta,Silver,In-Store,2017-11-08
CUST07870,37,Female,Lahore,Bronze,In-Store,2018-05-01
CUST07871,43,Male,Gujranwala,Bronze,In-Store,2016-11-17
CUST07872,41,Female,Bahawalpur,Silver,In-Store,2023-02-08
CUST07873,18,Female,Karachi,Bronze,In-Store,2019-05-13
CUST07874,55,Female,Faisalabad,Silver,Mobile App,2017-12-25
CUST07875,42,Male,Quetta,Bronze,Online,2020-02-17
CUST07876,47,Male,Faisalabad,Platinum,In-Store,2018-02-16
CUST07877,27,Male,Bahawalpur,Silver,In-Store,2020-08-15
CUST07878,41,Female,Karachi,Silver,In-Store,2021-07-21
CUST07879,20,Female,Abbottabad,Gold,Online,2015-10-27
CUST07880,39,Female,Faisalabad,Bronze,In-Store,2015-03-10
CUST07881,25,Female,Lahore,Silver,In-Store,2023-07-17
CUST07882,80,Male,Peshawar,Silver,Mobile App,2016-04-22
CUST07883,45,Female,Peshawar,Bronze,In-Store,2016-01-27
CUST07884,55,Male,Karachi,Bronze,In-Store,2025-08-26
CUST07885,34,Male,Hyderabad,Bronze,In-Store,2024-11-05
CUST07886,43,Male,Karachi,Gold,In-Store,2020-01-19
CUST07887,49,Female,Lahore,Silver,In-Store,2015-09-27
CUST07888,24,Female,Multan,Silver,In-Store,2024-02-02
CUST07889,29,Male,Sialkot,Bronze,In-Store,2025-03-04
CUST07890,50,Male,Peshawar,Bronze,Online,2024-01-08
CUST07891,35,Female,Multan,Silver,Mobile App,2025-07-03
CUST07892,28,Female,Faisalabad,Bronze,In-Store,2015-01-25
CUST07893,29,Male,Faisalabad,Gold,Online,2025-01-27
CUST07894,22,Male,Rawalpindi,Bronze,In-Store,2020-01-31
CUST07895,18,Female,Lahore,Bronze,In-Store,2018-07-02
CUST07896,18,Female,Islamabad,Gold,In-Store,2021-11-05
CUST07897,38,Female,Sukkur,Bronze,In-Store,2025-11-27
CUST07898,46,Female,Islamabad,Gold,Online,2023-09-26
CUST07899,70,Female,Sialkot,Bronze,Online,2018-10-19
CUST07900,37,Male,Multan,Silver,In-Store,2025-08-17
CUST07901,21,Female,Lahore,Silver,Online,2017-11-04
CUST07902,37,Female,Karachi,Silver,In-Store,2016-07-26
CUST07903,47,Female,Karachi,Bronze,In-Store,2024-04-05
CUST07904,51,Male,Faisalabad,Bronze,In-Store,2022-09-28
CUST07905,50,Female,Lahore,Bronze,Online,2016-03-11
CUST07906,45,Male,Lahore,Gold,In-Store,2019-11-04
CUST07907,39,Female,Hyderabad,Platinum,Mobile App,2016-03-28
CUST07908,47,Female,Faisalabad,Bronze,In-Store,2019-05-03
CUST07909,22,Female,Islamabad,Bronze,Mobile App,2021-04-25
CUST07910,18,Male,Lahore,Bronze,In-Store,2015-01-05
CUST07911,65,Male,Rawalpindi,Bronze,Mobile App,2018-12-19
CUST07912,37,Male,Lahore,Silver,In-Store,2025-11-22
CUST07913,44,Male,Karachi,Silver,In-Store,2018-10-15
CUST07914,18,Male,Sukkur,Silver,In-Store,2021-10-19
CUST07915,58,Male,Multan,Bronze,In-Store,2018-12-21
CUST07916,53,Female,Hyderabad,Gold,Online,2021-12-04
CUST07917,18,Female,Sialkot,Gold,Mobile App,2017-07-06
CUST07918,33,Male,Karachi,Platinum,In-Store,2025-04-19
CUST07919,41,Female,Peshawar,Silver,In-Store,2018-07-24
CUST07920,21,Male,Karachi,Silver,In-Store,2017-07-30
CUST07921,44,Female,Karachi,Silver,Mobile App,2016-01-29
CUST07922,51,Female,Karachi,Bronze,In-Store,2022-09-30
CUST07923,42,Female,Hyderabad,Bronze,In-Store,2023-03-22
CUST07924,18,Male,Multan,Gold,In-Store,2020-01-23
CUST07925,24,Male,Sialkot,Gold,In-Store,2016-03-26
CUST07926,36,Male,Peshawar,Platinum,In-Store,2020-05-14
CUST07927,34,Other,Karachi,Silver,Online,2021-08-02
CUST07928,35,Male,Multan,Bronze,In-Store,2023-08-19
CUST07929,34,Female,Karachi,Gold,Mobile App,2015-12-15
CUST07930,18,Male,Karachi,Silver,Online,2017-12-16
CUST07931,48,Male,Islamabad,Bronze,In-Store,2025-07-16
CUST07932,46,Male,Karachi,Bronze,In-Store,2025-04-20
CUST07933,44,Male,Quetta,Silver,In-Store,2019-05-22
CUST07934,43,Male,Multan,Silver,In-Store,2020-05-15
CUST07935,34,Male,Peshawar,Bronze,Online,2019-12-15
CUST07936,30,Male,Bahawalpur,Platinum,In-Store,2020-09-05
CUST07937,24,Male,Islamabad,Bronze,In-Store,2023-07-31
CUST07938,58,Female,Faisalabad,Bronze,Mobile App,2019-04-23
CUST07939,37,Male,Islamabad,Bronze,In-Store,2017-10-28
CUST07940,18,Male,Karachi,Silver,In-Store,2015-11-03
CUST07941,37,Male,Hyderabad,Silver,In-Store,2020-03-10
CUST07942,18,Female,Multan,Silver,Mobile App,2021-02-03
CUST07943,41,Male,Multan,Bronze,In-Store,2022-07-02
CUST07944,39,Female,Lahore,Silver,Online,2022-03-23
CUST07945,30,Male,Hyderabad,Silver,Online,2018-11-13
CUST07946,25,Male,Faisalabad,Platinum,In-Store,2015-07-23
CUST07947,45,Male,Karachi,Gold,In-Store,2019-12-27
CUST07948,36,Male,Islamabad,Gold,In-Store,2018-04-06
CUST07949,18,Male,Rawalpindi,Gold,In-Store,2017-06-21
CUST07950,53,Male,Islamabad,Bronze,Online,2024-02-16
CUST07951,25,Other,Karachi,Silver,Online,2019-12-25
CUST07952,20,Female,Islamabad,Gold,Online,2020-06-13
CUST07953,55,Female,Karachi,Gold,Mobile App,2021-12-01
CUST07954,51,Female,Lahore,Platinum,Mobile App,2021-08-18
CUST07955,32,Male,Peshawar,Bronze,Mobile App,2025-04-07
CUST07956,21,Female,Faisalabad,Silver,Online,2019-01-14
CUST07957,26,Male,Islamabad,Bronze,In-Store,2021-11-23
CUST07958,32,Female,Sargodha,Bronze,In-Store,2015-08-18
CUST07959,53,Female,Karachi,Silver,In-Store,2015-02-17
CUST07960,54,Female,Peshawar,Platinum,Mobile App,2021-03-01
CUST07961,40,Female,Multan,Gold,In-Store,2015-12-31
CUST07962,46,Male,Faisalabad,Silver,In-Store,2017-10-21
CUST07963,35,Female,Lahore,Gold,In-Store,2022-09-30
CUST07964,26,Male,Faisalabad,Silver,In-Store,2022-10-23
CUST07965,18,Male,Rawalpindi,Bronze,Mobile App,2018-10-24
CUST07966,42,Male,Karachi,Silver,Mobile App,2019-05-10
CUST07967,49,Female,Lahore,Bronze,In-Store,2024-12-15
CUST07968,31,Male,Rawalpindi,Bronze,Online,2020-08-06
CUST07969,53,Female,Islamabad,Bronze,Online,2018-12-03
CUST07970,32,Female,Karachi,Platinum,In-Store,2021-03-06
CUST07971,39,Female,Lahore,Bronze,In-Store,2019-06-16
CUST07972,35,Male,Multan,Gold,In-Store,2022-12-12
CUST07973,54,Male,Quetta,Bronze,In-Store,2019-09-10
CUST07974,44,Female,Sialkot,Silver,Online,2023-12-07
CUST07975,37,Male,Faisalabad,Gold,In-Store,2017-05-14
CUST07976,38,Male,Karachi,Silver,Mobile App,2016-02-10
CUST07977,22,Female,Lahore,Silver,Online,2022-10-18
CUST07978,18,Female,Quetta,Gold,In-Store,2016-01-11
CUST07979,31,Female,Lahore,Bronze,In-Store,2020-12-21
CUST07980,35,Female,Peshawar,Bronze,In-Store,2016-10-07
CUST07981,44,Male,Peshawar,Silver,Mobile App,2016-11-28
CUST07982,35,Female,Faisalabad,Bronze,In-Store,2022-03-28
CUST07983,31,Female,Islamabad,Silver,Mobile App,2025-07-06
CUST07984,18,Male,Karachi,Gold,Online,2017-10-05
CUST07985,44,Male,Quetta,Gold,Online,2017-08-08
CUST07986,40,Male,Lahore,Bronze,Online,2023-07-06
CUST07987,48,Female,Lahore,Bronze,Online,2019-08-27
CUST07988,38,Male,Karachi,Gold,In-Store,2019-03-23
CUST07989,52,Male,Quetta,Silver,In-Store,2018-09-04
CUST07990,30,Male,Sargodha,Gold,In-Store,2019-08-14
CUST07991,37,Female,Rawalpindi,Platinum,Online,2019-12-03
CUST07992,41,Male,Islamabad,Bronze,In-Store,2021-02-22
CUST07993,46,Female,Faisalabad,Gold,In-Store,2020-12-03
CUST07994,43,Female,Islamabad,Bronze,In-Store,2021-10-12
CUST07995,44,Female,Islamabad,Bronze,In-Store,2020-12-21
CUST07996,41,Male,Abbottabad,Gold,In-Store,2015-03-15
CUST07997,35,Male,Sargodha,Bronze,Online,2022-11-01
CUST07998,49,Male,Multan,Bronze,Online,2019-07-23
CUST07999,18,Male,Karachi,Silver,In-Store,2015-10-07
CUST08000,29,Male,Islamabad,Bronze,In-Store,2023-12-26
CUST08001,58,Male,Lahore,Bronze,In-Store,2018-12-02
CUST08002,29,Male,Multan,Bronze,In-Store,2021-09-18
CUST08003,36,Female,Islamabad,Bronze,Mobile App,2024-08-06
CUST08004,56,Male,Rawalpindi,Silver,In-Store,2018-01-09
CUST08005,36,Female,Bahawalpur,Silver,In-Store,2016-02-10
CUST08006,27,Male,Bahawalpur,Bronze,In-Store,2025-03-24
CUST08007,53,Male,Lahore,Silver,Online,2022-05-20
CUST08008,34,Female,Multan,Platinum,Online,2025-08-27
CUST08009,35,Female,Sukkur,Gold,In-Store,2020-09-25
CUST08010,18,Male,Sargodha,Bronze,In-Store,2020-02-12
CUST08011,36,Female,Sialkot,Silver,Mobile App,2022-03-27
CUST08012,46,Female,Karachi,Bronze,In-Store,2018-10-27
CUST08013,32,Male,Peshawar,Bronze,In-Store,2022-10-19
CUST08014,21,Female,Faisalabad,Gold,In-Store,2024-08-08
CUST08015,31,Male,Lahore,Bronze,In-Store,2024-01-20
CUST08016,30,Male,Sukkur,Platinum,In-Store,2018-02-07
CUST08017,34,Male,Peshawar,Bronze,In-Store,2020-05-21
CUST08018,31,Male,Bahawalpur,Silver,Online,2023-01-03
CUST08019,59,Female,Karachi,Silver,Online,2015-10-10
CUST08020,41,Male,Gujranwala,Silver,Mobile App,2022-07-20
CUST08021,18,Male,Multan,Silver,Mobile App,2020-05-29
CUST08022,38,Male,Lahore,Bronze,Mobile App,2021-12-22
CUST08023,37,Female,Sukkur,Bronze,In-Store,2018-08-20
CUST08024,53,Female,Gujranwala,Gold,In-Store,2016-10-08
CUST08025,35,Female,Multan,Gold,In-Store,2016-09-30
CUST08026,35,Female,Abbottabad,Silver,Mobile App,2016-12-08
CUST08027,62,Female,Gujranwala,Platinum,Online,2025-05-07
CUST08028,24,Male,Rawalpindi,Bronze,Online,2019-04-06
CUST08029,48,Male,Karachi,Platinum,In-Store,2016-06-04
CUST08030,38,Female,Multan,Silver,Mobile App,2020-12-18
CUST08031,31,Male,Rawalpindi,Platinum,In-Store,2025-04-13
CUST08032,29,Male,Multan,Silver,Online,2019-01-04
CUST08033,55,Female,Karachi,Gold,Online,2018-05-30
CUST08034,44,Male,Gujranwala,Platinum,In-Store,2023-01-20
CUST08035,45,Male,Gujranwala,Gold,In-Store,2022-05-24
CUST08036,49,Female,Sialkot,Bronze,Mobile App,2018-01-20
CUST08037,42,Female,Sialkot,Gold,In-Store,2015-01-10
CUST08038,24,Female,Lahore,Silver,In-Store,2021-09-01
CUST08039,18,Female,Faisalabad,Bronze,Mobile App,2025-02-24
CUST08040,58,Male,Sialkot,Gold,In-Store,2017-09-12
CUST08041,40,Female,Multan,Silver,Mobile App,2019-10-31
CUST08042,39,Male,Faisalabad,Silver,Mobile App,2019-11-08
CUST08043,61,Female,Islamabad,Gold,In-Store,2020-03-01
CUST08044,24,Male,Peshawar,Gold,In-Store,2019-09-04
CUST08045,18,Male,Karachi,Silver,In-Store,2019-10-24
CUST08046,18,Female,Karachi,Silver,In-Store,2020-08-10
CUST08047,31,Female,Rawalpindi,Silver,In-Store,2025-07-22
CUST08048,39,Male,Faisalabad,Silver,Mobile App,2023-04-14
CUST08049,56,Male,Islamabad,Platinum,Mobile App,2017-01-08
CUST08050,48,Male,Peshawar,Bronze,In-Store,2018-10-02
CUST08051,18,Female,Bahawalpur,Bronze,In-Store,2024-03-18
CUST08052,74,Female,Karachi,Silver,In-Store,2022-02-03
CUST08053,32,Male,Rawalpindi,Silver,Online,2020-05-18
CUST08054,53,Female,Sargodha,Bronze,In-Store,2024-11-13
CUST08055,45,Male,Sargodha,Bronze,In-Store,2020-04-04
CUST08056,38,Female,Faisalabad,Silver,In-Store,2018-06-10
CUST08057,34,Female,Sialkot,Bronze,Online,2022-12-08
CUST08058,23,Female,Lahore,Silver,Online,2020-08-27
CUST08059,21,Male,Gujranwala,Gold,Mobile App,2016-08-08
CUST08060,35,Female,Abbottabad,Bronze,In-Store,2018-04-28
CUST08061,19,Female,Islamabad,Silver,In-Store,2024-03-15
CUST08062,59,Female,Lahore,Silver,In-Store,2024-02-18
CUST08063,39,Female,Karachi,Platinum,In-Store,2023-01-04
CUST08064,65,Female,Rawalpindi,Platinum,Online,2018-03-12
CUST08065,32,Other,Islamabad,Silver,In-Store,2016-11-05
CUST08066,30,Female,Faisalabad,Bronze,Online,2025-11-02
CUST08067,45,Female,Faisalabad,Platinum,In-Store,2020-08-30
CUST08068,34,Male,Hyderabad,Bronze,In-Store,2015-09-25
CUST08069,50,Male,Sukkur,Silver,In-Store,2024-09-11
CUST08070,56,Female,Rawalpindi,Platinum,Mobile App,2024-11-02
CUST08071,52,Female,Sialkot,Silver,In-Store,2020-03-20
CUST08072,55,Male,Faisalabad,Silver,Online,2023-10-28
CUST08073,48,Male,Quetta,Bronze,Mobile App,2024-08-10
CUST08074,30,Male,Quetta,Gold,In-Store,2016-09-12
CUST08075,52,Female,Gujranwala,Bronze,In-Store,2021-06-04
CUST08076,47,Female,Lahore,Bronze,Online,2022-05-03
CUST08077,29,Male,Gujranwala,Bronze,In-Store,2025-12-17
CUST08078,31,Male,Lahore,Silver,In-Store,2015-05-30
CUST08079,36,Other,Peshawar,Gold,In-Store,2016-05-23
CUST08080,52,Male,Sargodha,Bronze,In-Store,2015-08-09
CUST08081,39,Female,Multan,Silver,In-Store,2025-03-01
CUST08082,37,Female,Sukkur,Silver,Online,2021-03-30
CUST08083,35,Female,Gujranwala,Silver,In-Store,2018-02-07
CUST08084,33,Male,Quetta,Silver,Online,2021-06-15
CUST08085,22,Female,Karachi,Silver,In-Store,2017-11-08
CUST08086,48,Other,Karachi,Gold,Online,2018-05-30
CUST08087,24,Male,Bahawalpur,Bronze,In-Store,2016-05-25
CUST08088,38,Female,Quetta,Bronze,Online,2024-08-02
CUST08089,32,Female,Faisalabad,Gold,Online,2021-10-03
CUST08090,47,Male,Karachi,Bronze,In-Store,2021-08-28
CUST08091,33,Male,Karachi,Platinum,Mobile App,2018-07-27
CUST08092,24,Male,Peshawar,Silver,Online,2022-01-29
CUST08093,50,Male,Lahore,Bronze,Online,2024-06-03
CUST08094,27,Male,Islamabad,Silver,In-Store,2021-09-06
CUST08095,40,Male,Hyderabad,Bronze,In-Store,2024-05-03
CUST08096,54,Female,Islamabad,Gold,In-Store,2019-06-13
CUST08097,28,Female,Faisalabad,Silver,In-Store,2023-07-18
CUST08098,36,Female,Karachi,Bronze,In-Store,2015-10-04
CUST08099,32,Female,Faisalabad,Gold,Mobile App,2023-08-23
CUST08100,39,Female,Quetta,Gold,In-Store,2021-03-17
CUST08101,37,Male,Lahore,Silver,In-Store,2018-01-16
CUST08102,49,Male,Multan,Silver,In-Store,2024-01-28
CUST08103,29,Female,Multan,Gold,In-Store,2021-08-18
CUST08104,54,Female,Gujranwala,Bronze,Mobile App,2024-12-19
CUST08105,58,Male,Islamabad,Platinum,In-Store,2022-10-08
CUST08106,41,Female,Sukkur,Silver,Online,2016-06-30
CUST08107,27,Other,Rawalpindi,Platinum,In-Store,2025-10-18
CUST08108,37,Female,Karachi,Platinum,In-Store,2023-01-25
CUST08109,36,Female,Karachi,Bronze,Online,2024-05-14
CUST08110,61,Female,Bahawalpur,Bronze,In-Store,2017-04-23
CUST08111,36,Female,Karachi,Silver,Online,2022-05-12
CUST08112,55,Male,Gujranwala,Bronze,Mobile App,2017-04-13
CUST08113,39,Female,Abbottabad,Silver,In-Store,2022-02-01
CUST08114,38,Female,Hyderabad,Bronze,In-Store,2015-09-18
CUST08115,33,Male,Rawalpindi,Platinum,In-Store,2015-09-14
CUST08116,34,Other,Lahore,Bronze,Online,2025-09-12
CUST08117,49,Male,Karachi,Bronze,In-Store,2016-04-25
CUST08118,28,Female,Islamabad,Silver,In-Store,2023-03-25
CUST08119,50,Female,Faisalabad,Bronze,Mobile App,2022-08-16
CUST08120,56,Male,Rawalpindi,Gold,Online,2018-09-22
CUST08121,30,Female,Multan,Bronze,In-Store,2015-06-09
CUST08122,53,Male,Gujranwala,Silver,Online,2024-05-29
CUST08123,51,Female,Lahore,Silver,In-Store,2021-08-29
CUST08124,49,Female,Islamabad,Platinum,In-Store,2016-08-05
CUST08125,29,Female,Sialkot,Platinum,In-Store,2021-03-15
CUST08126,36,Other,Sukkur,Gold,In-Store,2018-10-01
CUST08127,36,Male,Hyderabad,Silver,Online,2021-09-10
CUST08128,65,Female,Abbottabad,Silver,Mobile App,2015-07-18
CUST08129,37,Female,Gujranwala,Bronze,In-Store,2017-08-27
CUST08130,35,Male,Abbottabad,Platinum,Online,2019-10-21
CUST08131,23,Male,Sargodha,Platinum,In-Store,2025-01-22
CUST08132,25,Female,Peshawar,Bronze,In-Store,2017-10-18
CUST08133,29,Male,Quetta,Silver,Online,2017-01-11
CUST08134,42,Male,Islamabad,Silver,In-Store,2025-11-20
CUST08135,19,Female,Sukkur,Silver,In-Store,2020-07-24
CUST08136,29,Male,Quetta,Silver,In-Store,2017-01-31
CUST08137,18,Male,Sukkur,Silver,In-Store,2015-09-01
CUST08138,56,Male,Lahore,Gold,In-Store,2016-11-18
CUST08139,39,Male,Islamabad,Silver,Online,2018-07-23
CUST08140,42,Female,Karachi,Bronze,Online,2015-07-11
CUST08141,23,Male,Bahawalpur,Bronze,Online,2016-05-02
CUST08142,53,Female,Gujranwala,Bronze,Online,2020-07-19
CUST08143,57,Male,Sialkot,Silver,In-Store,2024-05-28
CUST08144,38,Male,Rawalpindi,Silver,In-Store,2015-11-15
CUST08145,31,Female,Karachi,Bronze,In-Store,2023-01-09
CUST08146,45,Male,Abbottabad,Bronze,Mobile App,2023-05-25
CUST08147,47,Female,Islamabad,Platinum,Online,2024-11-22
CUST08148,49,Male,Lahore,Gold,In-Store,2019-08-07
CUST08149,46,Female,Hyderabad,Silver,Online,2023-08-09
CUST08150,50,Male,Lahore,Bronze,In-Store,2025-12-06
CUST08151,28,Male,Lahore,Gold,In-Store,2022-03-17
CUST08152,49,Female,Rawalpindi,Bronze,Online,2015-10-09
CUST08153,32,Male,Rawalpindi,Platinum,In-Store,2019-03-31
CUST08154,18,Female,Sukkur,Silver,Mobile App,2019-11-17
CUST08155,31,Female,Abbottabad,Bronze,In-Store,2022-08-15
CUST08156,30,Female,Lahore,Bronze,Online,2025-09-05
CUST08157,41,Male,Lahore,Gold,In-Store,2015-09-05
CUST08158,48,Female,Rawalpindi,Bronze,Mobile App,2019-09-25
CUST08159,40,Male,Rawalpindi,Silver,Online,2024-01-06
CUST08160,64,Male,Gujranwala,Bronze,In-Store,2018-10-27
CUST08161,31,Male,Karachi,Platinum,In-Store,2025-03-17
CUST08162,18,Female,Karachi,Gold,In-Store,2016-07-01
CUST08163,41,Male,Lahore,Bronze,In-Store,2018-09-12
CUST08164,30,Female,Karachi,Silver,In-Store,2021-08-29
CUST08165,23,Female,Karachi,Silver,Online,2021-11-10
CUST08166,34,Male,Faisalabad,Bronze,Online,2018-06-12
CUST08167,27,Male,Sukkur,Silver,In-Store,2024-02-12
CUST08168,29,Female,Gujranwala,Bronze,In-Store,2021-04-16
CUST08169,57,Female,Lahore,Bronze,Mobile App,2020-03-20
CUST08170,39,Male,Karachi,Platinum,In-Store,2025-02-18
CUST08171,34,Female,Multan,Bronze,In-Store,2019-08-27
CUST08172,58,Female,Islamabad,Silver,In-Store,2021-04-29
CUST08173,34,Male,Faisalabad,Platinum,In-Store,2022-07-01
CUST08174,22,Female,Quetta,Bronze,In-Store,2015-09-09
CUST08175,20,Female,Sukkur,Bronze,Online,2016-11-09
CUST08176,36,Female,Lahore,Gold,In-Store,2020-06-06
CUST08177,18,Male,Karachi,Silver,In-Store,2020-05-17
CUST08178,22,Male,Lahore,Gold,Online,2022-10-11
CUST08179,33,Female,Faisalabad,Silver,In-Store,2021-05-22
CUST08180,52,Male,Karachi,Platinum,Online,2021-08-02
CUST08181,54,Male,Islamabad,Bronze,In-Store,2022-04-25
CUST08182,46,Male,Lahore,Silver,In-Store,2016-06-28
CUST08183,37,Female,Karachi,Gold,In-Store,2020-06-13
CUST08184,30,Male,Abbottabad,Bronze,Mobile App,2019-09-09
CUST08185,43,Male,Hyderabad,Silver,In-Store,2022-09-05
CUST08186,61,Female,Multan,Silver,Mobile App,2020-11-04
CUST08187,39,Male,Sukkur,Silver,Online,2020-03-29
CUST08188,31,Male,Lahore,Bronze,Mobile App,2019-03-31
CUST08189,35,Female,Hyderabad,Silver,In-Store,2024-07-29
CUST08190,34,Female,Peshawar,Silver,In-Store,2025-02-28
CUST08191,45,Male,Lahore,Silver,In-Store,2023-01-14
CUST08192,28,Male,Peshawar,Bronze,In-Store,2025-11-01
CUST08193,43,Female,Faisalabad,Bronze,In-Store,2015-05-16
CUST08194,45,Female,Faisalabad,Silver,In-Store,2023-05-16
CUST08195,42,Female,Bahawalpur,Silver,Online,2020-09-11
CUST08196,23,Male,Islamabad,Platinum,Online,2025-02-19
CUST08197,36,Female,Bahawalpur,Bronze,Mobile App,2018-10-06
CUST08198,31,Male,Hyderabad,Platinum,Mobile App,2025-04-25
CUST08199,37,Female,Rawalpindi,Gold,In-Store,2017-05-25
CUST08200,29,Male,Sialkot,Bronze,Mobile App,2018-11-01
CUST08201,54,Male,Karachi,Silver,In-Store,2019-08-06
CUST08202,40,Female,Faisalabad,Bronze,Online,2018-10-02
CUST08203,18,Female,Karachi,Silver,Online,2018-06-11
CUST08204,20,Female,Lahore,Gold,In-Store,2015-06-15
CUST08205,53,Male,Islamabad,Bronze,Online,2018-02-21
CUST08206,35,Female,Karachi,Gold,In-Store,2017-05-18
CUST08207,32,Female,Sukkur,Silver,In-Store,2018-02-28
CUST08208,52,Female,Sukkur,Silver,Online,2016-09-12
CUST08209,36,Female,Karachi,Silver,In-Store,2024-11-29
CUST08210,22,Male,Karachi,Bronze,In-Store,2016-11-04
CUST08211,23,Female,Sargodha,Bronze,Online,2015-05-08
CUST08212,46,Male,Karachi,Silver,In-Store,2016-09-28
CUST08213,64,Male,Sargodha,Silver,In-Store,2015-10-26
CUST08214,48,Male,Multan,Silver,In-Store,2018-09-15
CUST08215,33,Male,Faisalabad,Bronze,Online,2023-01-20
CUST08216,35,Male,Karachi,Gold,In-Store,2022-02-22
CUST08217,38,Male,Islamabad,Silver,Online,2022-03-05
CUST08218,18,Female,Hyderabad,Platinum,Online,2024-07-02
CUST08219,38,Male,Islamabad,Silver,In-Store,2015-11-14
CUST08220,45,Female,Bahawalpur,Bronze,Mobile App,2017-01-01
CUST08221,61,Male,Faisalabad,Gold,Online,2023-12-26
CUST08222,52,Male,Hyderabad,Platinum,In-Store,2022-02-22
CUST08223,63,Male,Sialkot,Silver,Mobile App,2025-07-03
CUST08224,59,Female,Rawalpindi,Bronze,In-Store,2020-09-02
CUST08225,56,Female,Hyderabad,Silver,In-Store,2019-08-25
CUST08226,38,Female,Hyderabad,Gold,In-Store,2022-02-13
CUST08227,42,Female,Sargodha,Bronze,Online,2017-02-16
CUST08228,18,Female,Karachi,Bronze,In-Store,2015-01-28
CUST08229,39,Male,Gujranwala,Gold,In-Store,2018-11-14
CUST08230,45,Female,Peshawar,Bronze,Online,2024-04-07
CUST08231,34,Female,Quetta,Gold,In-Store,2018-05-02
CUST08232,18,Female,Bahawalpur,Platinum,In-Store,2019-04-20
CUST08233,58,Female,Karachi,Bronze,Online,2019-03-13
CUST08234,43,Female,Sialkot,Platinum,In-Store,2023-08-17
CUST08235,60,Male,Islamabad,Gold,Mobile App,2016-12-06
CUST08236,47,Female,Multan,Silver,Online,2018-10-04
CUST08237,55,Male,Lahore,Silver,In-Store,2025-07-20
CUST08238,53,Male,Lahore,Bronze,In-Store,2025-08-01
CUST08239,29,Female,Multan,Silver,In-Store,2016-04-08
CUST08240,31,Male,Islamabad,Bronze,Online,2022-05-28
CUST08241,32,Female,Lahore,Silver,Mobile App,2023-09-28
CUST08242,25,Male,Karachi,Silver,Online,2025-03-18
CUST08243,60,Female,Karachi,Gold,Online,2020-02-11
CUST08244,38,Male,Multan,Bronze,In-Store,2019-07-23
CUST08245,43,Male,Rawalpindi,Bronze,In-Store,2024-08-08
CUST08246,20,Male,Karachi,Bronze,Online,2018-04-07
CUST08247,48,Female,Islamabad,Gold,In-Store,2023-04-17
CUST08248,32,Male,Islamabad,Bronze,Mobile App,2019-12-28
CUST08249,54,Male,Lahore,Bronze,In-Store,2021-05-20
CUST08250,29,Male,Lahore,Gold,Online,2016-07-31
CUST08251,55,Male,Karachi,Bronze,In-Store,2021-07-07
CUST08252,50,Female,Multan,Silver,Online,2017-06-08
CUST08253,31,Female,Sialkot,Silver,In-Store,2019-04-07
CUST08254,56,Female,Lahore,Platinum,In-Store,2019-02-27
CUST08255,52,Male,Islamabad,Silver,In-Store,2019-09-20
CUST08256,44,Female,Sukkur,Silver,Online,2018-09-24
CUST08257,25,Female,Abbottabad,Bronze,In-Store,2025-09-14
CUST08258,48,Male,Faisalabad,Silver,Mobile App,2015-06-19
CUST08259,38,Female,Islamabad,Silver,Online,2021-07-29
CUST08260,38,Male,Abbottabad,Bronze,In-Store,2017-05-11
CUST08261,38,Male,Karachi,Platinum,Online,2018-05-09
CUST08262,37,Female,Lahore,Silver,Mobile App,2021-10-15
CUST08263,26,Female,Faisalabad,Silver,In-Store,2015-08-15
CUST08264,18,Female,Lahore,Bronze,Mobile App,2024-11-13
CUST08265,18,Female,Bahawalpur,Silver,Online,2022-11-25
CUST08266,41,Female,Faisalabad,Silver,Online,2017-03-11
CUST08267,18,Other,Sukkur,Gold,Online,2024-11-14
CUST08268,47,Female,Islamabad,Gold,In-Store,2017-05-01
CUST08269,44,Female,Lahore,Gold,Online,2023-06-12
CUST08270,34,Female,Bahawalpur,Silver,Online,2023-03-14
CUST08271,51,Male,Rawalpindi,Gold,Online,2021-01-31
CUST08272,34,Male,Gujranwala,Bronze,Online,2022-01-07
CUST08273,43,Female,Islamabad,Silver,Online,2020-06-07
CUST08274,18,Male,Karachi,Bronze,In-Store,2024-09-30
CUST08275,18,Female,Peshawar,Gold,In-Store,2015-06-06
CUST08276,34,Male,Lahore,Silver,Mobile App,2016-08-08
CUST08277,43,Male,Bahawalpur,Bronze,Online,2023-08-06
CUST08278,50,Male,Lahore,Platinum,Online,2024-12-04
CUST08279,35,Male,Lahore,Bronze,In-Store,2020-09-13
CUST08280,41,Male,Sialkot,Platinum,In-Store,2018-01-23
CUST08281,48,Male,Islamabad,Gold,In-Store,2021-09-15
CUST08282,36,Female,Karachi,Silver,Mobile App,2018-01-13
CUST08283,45,Male,Lahore,Bronze,In-Store,2018-03-13
CUST08284,23,Male,Peshawar,Bronze,Mobile App,2019-08-18
CUST08285,18,Male,Karachi,Bronze,Online,2016-03-16
CUST08286,31,Male,Quetta,Gold,Mobile App,2025-08-02
CUST08287,48,Female,Sargodha,Bronze,In-Store,2021-05-01
CUST08288,28,Female,Karachi,Bronze,Mobile App,2016-02-18
CUST08289,46,Male,Lahore,Bronze,In-Store,2015-11-28
CUST08290,24,Male,Islamabad,Silver,In-Store,2021-10-31
CUST08291,30,Male,Multan,Silver,Online,2015-01-16
CUST08292,41,Female,Peshawar,Silver,Mobile App,2024-05-08
CUST08293,29,Male,Sargodha,Gold,Online,2022-10-22
CUST08294,31,Female,Abbottabad,Bronze,Online,2025-05-27
CUST08295,18,Male,Islamabad,Bronze,Mobile App,2020-10-06
CUST08296,48,Female,Lahore,Silver,Mobile App,2023-06-21
CUST08297,36,Male,Lahore,Bronze,Online,2025-02-07
CUST08298,25,Male,Multan,Bronze,Online,2015-09-14
CUST08299,61,Male,Lahore,Gold,In-Store,2019-07-02
CUST08300,27,Female,Gujranwala,Bronze,In-Store,2024-01-15
CUST08301,31,Female,Rawalpindi,Gold,In-Store,2016-05-03
CUST08302,25,Female,Karachi,Gold,In-Store,2023-07-21
CUST08303,52,Male,Gujranwala,Bronze,Online,2022-11-05
CUST08304,56,Female,Rawalpindi,Bronze,Mobile App,2025-05-29
CUST08305,55,Male,Abbottabad,Bronze,In-Store,2019-10-07
CUST08306,55,Female,Sialkot,Bronze,Online,2016-12-25
CUST08307,30,Female,Faisalabad,Gold,Online,2019-05-05
CUST08308,59,Male,Karachi,Gold,Online,2020-07-11
CUST08309,35,Female,Faisalabad,Bronze,In-Store,2022-04-27
CUST08310,18,Female,Multan,Bronze,Online,2019-05-09
CUST08311,32,Female,Hyderabad,Silver,Online,2020-05-22
CUST08312,42,Male,Gujranwala,Bronze,Online,2022-08-17
CUST08313,29,Female,Sargodha,Bronze,Mobile App,2018-08-04
CUST08314,39,Male,Quetta,Bronze,In-Store,2016-10-08
CUST08315,44,Male,Rawalpindi,Gold,In-Store,2022-12-27
CUST08316,43,Female,Rawalpindi,Bronze,Online,2015-06-20
CUST08317,46,Male,Rawalpindi,Bronze,In-Store,2022-03-29
CUST08318,35,Male,Lahore,Silver,In-Store,2018-06-23
CUST08319,28,Female,Karachi,Bronze,In-Store,2025-03-15
CUST08320,18,Male,Lahore,Bronze,Online,2022-12-11
CUST08321,36,Female,Peshawar,Platinum,In-Store,2022-02-09
CUST08322,31,Female,Karachi,Gold,In-Store,2022-01-10
CUST08323,36,Male,Islamabad,Bronze,Online,2021-03-06
CUST08324,18,Female,Lahore,Bronze,In-Store,2018-04-12
CUST08325,18,Other,Peshawar,Gold,In-Store,2020-11-02
CUST08326,44,Male,Islamabad,Bronze,Mobile App,2021-07-15
CUST08327,18,Male,Faisalabad,Silver,In-Store,2025-08-08
CUST08328,35,Male,Hyderabad,Bronze,Mobile App,2020-11-04
CUST08329,27,Female,Faisalabad,Silver,Mobile App,2021-06-12
CUST08330,26,Male,Lahore,Bronze,In-Store,2018-06-09
CUST08331,39,Male,Multan,Silver,Online,2018-06-12
CUST08332,38,Female,Abbottabad,Platinum,In-Store,2015-03-21
CUST08333,45,Female,Multan,Silver,In-Store,2025-12-24
CUST08334,23,Female,Islamabad,Gold,Online,2020-07-20
CUST08335,26,Male,Sialkot,Silver,In-Store,2017-07-01
CUST08336,52,Female,Multan,Bronze,Mobile App,2015-02-07
CUST08337,35,Female,Abbottabad,Platinum,Online,2021-03-06
CUST08338,42,Female,Karachi,Platinum,Online,2022-10-14
CUST08339,31,Female,Abbottabad,Bronze,Online,2015-01-23
CUST08340,43,Male,Quetta,Platinum,In-Store,2017-05-10
CUST08341,18,Male,Multan,Platinum,In-Store,2021-10-22
CUST08342,52,Male,Sialkot,Bronze,Online,2018-06-26
CUST08343,32,Male,Karachi,Silver,Online,2020-02-24
CUST08344,21,Male,Lahore,Bronze,Online,2016-03-28
CUST08345,24,Male,Karachi,Bronze,Mobile App,2022-02-18
CUST08346,34,Male,Faisalabad,Bronze,Online,2021-02-23
CUST08347,36,Female,Faisalabad,Bronze,In-Store,2025-08-25
CUST08348,39,Female,Bahawalpur,Gold,In-Store,2016-04-07
CUST08349,22,Female,Rawalpindi,Bronze,Online,2024-01-20
CUST08350,49,Male,Quetta,Gold,Online,2019-10-31
CUST08351,31,Male,Islamabad,Platinum,In-Store,2025-04-27
CUST08352,30,Male,Gujranwala,Silver,In-Store,2022-04-29
CUST08353,35,Female,Karachi,Gold,Mobile App,2021-08-19
CUST08354,46,Female,Karachi,Silver,In-Store,2025-09-01
CUST08355,37,Male,Islamabad,Bronze,In-Store,2023-02-16
CUST08356,30,Male,Abbottabad,Gold,Online,2020-08-21
CUST08357,33,Male,Faisalabad,Silver,Mobile App,2018-08-12
CUST08358,53,Male,Peshawar,Silver,In-Store,2017-07-03
CUST08359,51,Male,Karachi,Bronze,Online,2017-08-26
CUST08360,42,Female,Islamabad,Silver,In-Store,2022-07-17
CUST08361,39,Male,Bahawalpur,Bronze,In-Store,2017-07-31
CUST08362,68,Female,Multan,Platinum,In-Store,2018-05-17
CUST08363,44,Male,Karachi,Platinum,Mobile App,2022-08-21
CUST08364,40,Male,Hyderabad,Bronze,In-Store,2018-01-22
CUST08365,35,Female,Karachi,Gold,In-Store,2023-10-26
CUST08366,42,Male,Multan,Bronze,Online,2021-12-24
CUST08367,18,Female,Karachi,Gold,Mobile App,2015-07-06
CUST08368,51,Male,Sukkur,Bronze,In-Store,2015-08-23
CUST08369,21,Female,Abbottabad,Silver,Mobile App,2022-06-19
CUST08370,28,Female,Lahore,Silver,Mobile App,2019-04-12
CUST08371,19,Male,Hyderabad,Gold,In-Store,2017-04-14
CUST08372,28,Male,Bahawalpur,Bronze,In-Store,2019-01-16
CUST08373,33,Male,Sialkot,Platinum,In-Store,2016-05-11
CUST08374,49,Male,Sialkot,Bronze,Online,2016-09-06
CUST08375,54,Male,Quetta,Bronze,In-Store,2024-02-04
CUST08376,63,Female,Karachi,Bronze,Online,2021-09-01
CUST08377,39,Male,Islamabad,Bronze,Mobile App,2025-11-19
CUST08378,35,Female,Islamabad,Silver,In-Store,2023-07-01
CUST08379,48,Female,Lahore,Bronze,In-Store,2015-04-15
CUST08380,26,Female,Rawalpindi,Silver,In-Store,2018-05-19
CUST08381,25,Female,Lahore,Platinum,Online,2023-12-22
CUST08382,33,Female,Faisalabad,Gold,Online,2019-02-09
CUST08383,37,Male,Rawalpindi,Silver,In-Store,2020-01-02
CUST08384,18,Male,Karachi,Gold,Online,2019-03-05
CUST08385,51,Female,Karachi,Bronze,In-Store,2018-01-03
CUST08386,41,Male,Multan,Bronze,In-Store,2021-05-30
CUST08387,48,Male,Abbottabad,Platinum,Online,2015-11-20
CUST08388,18,Female,Multan,Platinum,Online,2023-06-09
CUST08389,29,Male,Bahawalpur,Gold,In-Store,2016-01-17
CUST08390,28,Male,Abbottabad,Silver,Online,2016-08-04
CUST08391,35,Male,Peshawar,Gold,In-Store,2022-10-26
CUST08392,37,Male,Multan,Bronze,In-Store,2015-03-03
CUST08393,49,Male,Multan,Silver,In-Store,2018-12-09
CUST08394,39,Female,Lahore,Silver,In-Store,2023-03-03
CUST08395,28,Male,Lahore,Silver,Online,2018-05-18
CUST08396,66,Female,Lahore,Bronze,In-Store,2018-10-10
CUST08397,34,Male,Islamabad,Silver,In-Store,2025-07-02
CUST08398,26,Male,Lahore,Bronze,Mobile App,2020-10-04
CUST08399,18,Male,Lahore,Gold,In-Store,2019-04-18
CUST08400,39,Male,Sialkot,Silver,In-Store,2022-04-19
CUST08401,46,Female,Islamabad,Silver,In-Store,2020-12-26
CUST08402,23,Male,Multan,Platinum,In-Store,2025-12-03
CUST08403,46,Male,Islamabad,Platinum,Online,2017-11-10
CUST08404,39,Female,Rawalpindi,Gold,Online,2023-06-01
CUST08405,18,Male,Rawalpindi,Silver,In-Store,2020-03-04
CUST08406,46,Male,Multan,Silver,In-Store,2018-08-03
CUST08407,34,Male,Lahore,Silver,Online,2019-01-29
CUST08408,23,Male,Abbottabad,Gold,Online,2017-01-10
CUST08409,50,Male,Multan,Gold,In-Store,2023-08-08
CUST08410,50,Male,Quetta,Bronze,In-Store,2020-12-03
CUST08411,23,Male,Islamabad,Silver,In-Store,2022-10-20
CUST08412,41,Male,Hyderabad,Silver,Online,2020-07-02
CUST08413,40,Male,Islamabad,Bronze,In-Store,2024-10-11
CUST08414,37,Female,Hyderabad,Bronze,Online,2016-05-11
CUST08415,31,Male,Lahore,Gold,In-Store,2019-05-20
CUST08416,36,Male,Hyderabad,Platinum,Mobile App,2020-01-14
CUST08417,50,Female,Sargodha,Bronze,Online,2025-07-20
CUST08418,43,Female,Lahore,Platinum,In-Store,2025-08-09
CUST08419,18,Male,Karachi,Gold,In-Store,2021-10-04
CUST08420,18,Female,Gujranwala,Bronze,Mobile App,2020-12-10
CUST08421,18,Other,Multan,Bronze,In-Store,2016-10-29
CUST08422,20,Female,Lahore,Silver,In-Store,2025-11-24
CUST08423,28,Female,Faisalabad,Gold,Online,2019-03-15
CUST08424,32,Female,Abbottabad,Silver,Mobile App,2017-03-02
CUST08425,37,Female,Sargodha,Gold,In-Store,2015-04-11
CUST08426,37,Male,Islamabad,Bronze,In-Store,2021-04-24
CUST08427,37,Female,Peshawar,Bronze,Online,2016-05-13
CUST08428,52,Male,Faisalabad,Gold,In-Store,2016-02-02
CUST08429,18,Male,Lahore,Silver,Mobile App,2017-07-03
CUST08430,42,Male,Karachi,Silver,Mobile App,2023-03-07
CUST08431,42,Female,Karachi,Gold,Mobile App,2022-02-14
CUST08432,21,Male,Karachi,Bronze,In-Store,2018-03-20
CUST08433,44,Female,Peshawar,Silver,Mobile App,2025-05-01
CUST08434,42,Female,Lahore,Platinum,Online,2025-07-18
CUST08435,37,Male,Multan,Platinum,In-Store,2016-04-23
CUST08436,18,Male,Sialkot,Bronze,Online,2015-04-12
CUST08437,50,Male,Karachi,Silver,Mobile App,2025-08-18
CUST08438,40,Female,Rawalpindi,Bronze,In-Store,2021-03-17
CUST08439,43,Male,Lahore,Bronze,Online,2023-10-27
CUST08440,18,Female,Multan,Bronze,In-Store,2022-09-28
CUST08441,31,Female,Karachi,Silver,Online,2024-05-24
CUST08442,19,Male,Multan,Platinum,In-Store,2019-09-28
CUST08443,54,Female,Multan,Bronze,In-Store,2020-01-30
CUST08444,23,Male,Peshawar,Platinum,In-Store,2025-08-14
CUST08445,57,Male,Karachi,Silver,Online,2022-03-22
CUST08446,50,Other,Abbottabad,Bronze,In-Store,2018-04-19
CUST08447,40,Male,Rawalpindi,Bronze,In-Store,2019-12-06
CUST08448,52,Male,Rawalpindi,Silver,Mobile App,2015-04-05
CUST08449,25,Male,Quetta,Bronze,Online,2025-12-20
CUST08450,28,Female,Bahawalpur,Silver,Online,2022-07-12
CUST08451,49,Female,Peshawar,Bronze,In-Store,2020-07-06
CUST08452,25,Male,Peshawar,Gold,In-Store,2020-08-29
CUST08453,20,Male,Quetta,Bronze,In-Store,2025-12-16
CUST08454,33,Female,Peshawar,Silver,Mobile App,2021-09-10
CUST08455,26,Male,Faisalabad,Silver,Online,2016-12-29
CUST08456,62,Male,Faisalabad,Gold,In-Store,2021-01-29
CUST08457,48,Other,Rawalpindi,Silver,Mobile App,2015-05-31
CUST08458,30,Female,Sialkot,Silver,In-Store,2022-12-02
CUST08459,24,Male,Rawalpindi,Platinum,In-Store,2022-10-05
CUST08460,42,Male,Karachi,Gold,In-Store,2020-03-17
CUST08461,53,Male,Faisalabad,Gold,In-Store,2023-08-16
CUST08462,41,Female,Peshawar,Bronze,Online,2015-10-02
CUST08463,25,Male,Faisalabad,Gold,In-Store,2015-12-12
CUST08464,19,Female,Multan,Silver,In-Store,2015-08-21
CUST08465,33,Male,Islamabad,Gold,Mobile App,2020-09-06
CUST08466,42,Male,Lahore,Silver,Online,2015-05-02
CUST08467,31,Female,Quetta,Bronze,Mobile App,2017-09-06
CUST08468,51,Female,Karachi,Bronze,In-Store,2025-08-10
CUST08469,44,Female,Lahore,Silver,Mobile App,2017-02-11
CUST08470,41,Male,Bahawalpur,Silver,Online,2025-07-10
CUST08471,44,Male,Islamabad,Silver,In-Store,2023-09-02
CUST08472,19,Male,Islamabad,Gold,Mobile App,2019-04-10
CUST08473,31,Male,Karachi,Gold,In-Store,2023-01-07
CUST08474,24,Male,Lahore,Gold,Mobile App,2022-05-22
CUST08475,42,Female,Islamabad,Silver,Online,2021-11-04
CUST08476,24,Female,Lahore,Gold,In-Store,2015-08-01
CUST08477,39,Female,Lahore,Gold,Mobile App,2015-09-19
CUST08478,35,Female,Bahawalpur,Silver,In-Store,2022-10-11
CUST08479,45,Female,Faisalabad,Silver,Online,2019-03-07
CUST08480,22,Male,Karachi,Bronze,In-Store,2020-01-08
CUST08481,43,Female,Bahawalpur,Bronze,In-Store,2022-03-18
CUST08482,24,Male,Gujranwala,Silver,In-Store,2020-06-26
CUST08483,25,Male,Karachi,Platinum,In-Store,2018-12-01
CUST08484,36,Male,Lahore,Silver,In-Store,2016-02-12
CUST08485,53,Male,Lahore,Bronze,Online,2025-10-17
CUST08486,27,Female,Peshawar,Gold,Mobile App,2019-04-20
CUST08487,18,Male,Multan,Silver,Online,2023-10-16
CUST08488,25,Female,Sialkot,Bronze,Online,2017-01-03
CUST08489,32,Female,Faisalabad,Bronze,In-Store,2018-08-26
CUST08490,62,Female,Lahore,Gold,In-Store,2015-01-27
CUST08491,43,Male,Lahore,Gold,Online,2015-09-01
CUST08492,28,Female,Peshawar,Bronze,Mobile App,2019-07-18
CUST08493,36,Male,Islamabad,Bronze,In-Store,2018-08-19
CUST08494,58,Male,Islamabad,Silver,In-Store,2016-02-23
CUST08495,34,Male,Lahore,Gold,Online,2017-06-23
CUST08496,35,Male,Gujranwala,Bronze,Online,2017-01-14
CUST08497,32,Male,Multan,Silver,In-Store,2023-05-18
CUST08498,47,Male,Lahore,Bronze,In-Store,2018-05-21
CUST08499,31,Male,Rawalpindi,Silver,In-Store,2018-08-02
CUST08500,49,Female,Quetta,Bronze,In-Store,2019-12-27
CUST08501,51,Female,Peshawar,Bronze,In-Store,2017-01-18
CUST08502,45,Female,Rawalpindi,Bronze,Online,2017-08-25
CUST08503,35,Male,Peshawar,Silver,Mobile App,2017-04-03
CUST08504,19,Female,Multan,Silver,Online,2025-06-24
CUST08505,35,Female,Karachi,Bronze,In-Store,2021-10-05
CUST08506,29,Male,Multan,Silver,In-Store,2025-02-10
CUST08507,27,Male,Karachi,Bronze,Mobile App,2024-07-02
CUST08508,34,Male,Gujranwala,Gold,In-Store,2017-09-24
CUST08509,44,Male,Gujranwala,Bronze,Mobile App,2015-07-01
CUST08510,29,Female,Karachi,Gold,In-Store,2019-12-09
CUST08511,20,Male,Islamabad,Silver,In-Store,2018-12-22
CUST08512,25,Male,Sialkot,Bronze,In-Store,2021-09-06
CUST08513,59,Female,Peshawar,Gold,Online,2016-09-22
CUST08514,45,Female,Islamabad,Bronze,In-Store,2017-01-18
CUST08515,25,Female,Lahore,Bronze,Mobile App,2017-04-10
CUST08516,54,Male,Lahore,Bronze,In-Store,2021-11-29
CUST08517,34,Female,Karachi,Bronze,In-Store,2016-12-10
CUST08518,67,Male,Abbottabad,Platinum,In-Store,2019-08-17
CUST08519,41,Female,Peshawar,Silver,Online,2017-11-15
CUST08520,45,Female,Faisalabad,Bronze,Mobile App,2015-05-05
CUST08521,48,Female,Abbottabad,Silver,Mobile App,2016-12-10
CUST08522,57,Male,Islamabad,Gold,In-Store,2017-10-29
CUST08523,32,Female,Sukkur,Platinum,Online,2023-12-18
CUST08524,56,Male,Sukkur,Silver,Mobile App,2017-01-06
CUST08525,29,Female,Karachi,Bronze,Online,2021-05-26
CUST08526,33,Female,Abbottabad,Bronze,In-Store,2024-01-20
CUST08527,38,Male,Sialkot,Platinum,Mobile App,2025-08-21
CUST08528,49,Male,Islamabad,Gold,In-Store,2020-06-22
CUST08529,33,Female,Islamabad,Bronze,In-Store,2015-05-30
CUST08530,59,Male,Karachi,Gold,In-Store,2016-12-24
CUST08531,55,Male,Gujranwala,Bronze,Mobile App,2021-01-13
CUST08532,38,Female,Lahore,Bronze,Mobile App,2021-04-05
CUST08533,25,Female,Islamabad,Bronze,Mobile App,2025-10-05
CUST08534,51,Female,Faisalabad,Platinum,In-Store,2019-10-19
CUST08535,18,Female,Faisalabad,Bronze,In-Store,2019-10-17
CUST08536,47,Female,Lahore,Bronze,In-Store,2019-09-14
CUST08537,27,Male,Karachi,Gold,In-Store,2018-01-19
CUST08538,54,Male,Quetta,Silver,In-Store,2017-03-20
CUST08539,19,Female,Rawalpindi,Silver,In-Store,2025-04-17
CUST08540,29,Female,Quetta,Gold,Mobile App,2022-01-12
CUST08541,43,Female,Islamabad,Bronze,In-Store,2024-06-18
CUST08542,45,Female,Islamabad,Silver,In-Store,2024-01-09
CUST08543,29,Female,Bahawalpur,Bronze,In-Store,2024-08-22
CUST08544,33,Male,Lahore,Gold,Online,2020-05-02
CUST08545,50,Female,Islamabad,Bronze,Online,2018-03-03
CUST08546,51,Male,Islamabad,Silver,In-Store,2016-08-20
CUST08547,33,Female,Lahore,Gold,Online,2024-02-18
CUST08548,30,Male,Lahore,Platinum,In-Store,2017-11-17
CUST08549,20,Male,Sargodha,Bronze,Online,2024-04-22
CUST08550,41,Male,Karachi,Bronze,Online,2018-06-15
CUST08551,48,Female,Quetta,Silver,Mobile App,2016-07-26
CUST08552,39,Female,Karachi,Bronze,In-Store,2024-09-18
CUST08553,25,Female,Karachi,Bronze,In-Store,2018-11-19
CUST08554,61,Female,Quetta,Silver,In-Store,2021-11-11
CUST08555,18,Male,Multan,Silver,In-Store,2019-06-27
CUST08556,49,Male,Islamabad,Silver,In-Store,2025-03-12
CUST08557,40,Male,Lahore,Gold,In-Store,2017-01-31
CUST08558,44,Male,Rawalpindi,Bronze,In-Store,2018-07-17
CUST08559,27,Female,Sukkur,Silver,In-Store,2023-07-14
CUST08560,36,Female,Quetta,Bronze,Mobile App,2024-08-08
CUST08561,41,Male,Sukkur,Silver,In-Store,2021-05-27
CUST08562,36,Female,Lahore,Silver,In-Store,2023-09-16
CUST08563,18,Female,Rawalpindi,Bronze,In-Store,2021-10-08
CUST08564,60,Male,Peshawar,Silver,Online,2025-06-09
CUST08565,46,Female,Sukkur,Bronze,Online,2025-07-26
CUST08566,38,Male,Multan,Bronze,In-Store,2017-08-29
CUST08567,39,Male,Karachi,Silver,In-Store,2018-10-24
CUST08568,59,Male,Rawalpindi,Gold,In-Store,2025-06-02
CUST08569,28,Male,Hyderabad,Gold,Online,2018-03-01
CUST08570,25,Male,Gujranwala,Silver,In-Store,2022-04-03
CUST08571,49,Male,Sargodha,Bronze,Online,2025-12-12
CUST08572,44,Male,Sialkot,Bronze,In-Store,2023-01-30
CUST08573,24,Female,Karachi,Bronze,In-Store,2022-03-06
CUST08574,52,Male,Lahore,Silver,Online,2017-01-16
CUST08575,41,Male,Islamabad,Bronze,In-Store,2017-05-10
CUST08576,26,Female,Karachi,Bronze,In-Store,2017-05-18
CUST08577,44,Female,Quetta,Bronze,In-Store,2015-11-08
CUST08578,42,Female,Islamabad,Gold,In-Store,2025-12-09
CUST08579,36,Female,Lahore,Silver,In-Store,2024-03-05
CUST08580,42,Female,Lahore,Bronze,In-Store,2023-08-17
CUST08581,46,Male,Sargodha,Silver,Online,2023-07-01
CUST08582,49,Female,Sialkot,Silver,In-Store,2024-10-12
CUST08583,39,Male,Islamabad,Platinum,Online,2022-10-17
CUST08584,34,Female,Sialkot,Bronze,In-Store,2017-11-19
CUST08585,41,Male,Bahawalpur,Silver,Online,2017-07-29
CUST08586,53,Female,Sialkot,Gold,In-Store,2020-06-12
CUST08587,46,Female,Islamabad,Gold,In-Store,2017-03-03
CUST08588,33,Male,Lahore,Gold,Online,2020-10-28
CUST08589,38,Male,Gujranwala,Silver,In-Store,2023-01-19
CUST08590,59,Male,Karachi,Gold,Online,2017-12-06
CUST08591,47,Male,Lahore,Bronze,In-Store,2017-05-28
CUST08592,39,Male,Karachi,Gold,Online,2016-08-03
CUST08593,52,Female,Lahore,Gold,Mobile App,2021-01-18
CUST08594,30,Male,Islamabad,Bronze,In-Store,2017-01-17
CUST08595,42,Male,Islamabad,Bronze,In-Store,2025-01-27
CUST08596,62,Male,Karachi,Platinum,Mobile App,2018-07-04
CUST08597,46,Male,Multan,Silver,In-Store,2023-09-21
CUST08598,59,Male,Sargodha,Gold,In-Store,2019-08-23
CUST08599,36,Female,Karachi,Gold,In-Store,2024-04-28
CUST08600,31,Male,Quetta,Bronze,In-Store,2015-03-17
CUST08601,53,Female,Lahore,Bronze,Online,2017-06-14
CUST08602,18,Female,Peshawar,Platinum,In-Store,2020-03-31
CUST08603,40,Other,Lahore,Silver,Mobile App,2020-12-05
CUST08604,51,Male,Sukkur,Gold,In-Store,2020-10-25
CUST08605,45,Male,Karachi,Bronze,Online,2022-07-27
CUST08606,18,Male,Lahore,Bronze,In-Store,2020-03-24
CUST08607,20,Male,Peshawar,Bronze,Online,2023-07-19
CUST08608,36,Female,Peshawar,Bronze,In-Store,2021-07-08
CUST08609,44,Female,Rawalpindi,Bronze,Mobile App,2024-12-21
CUST08610,44,Female,Lahore,Platinum,Online,2015-12-27
CUST08611,37,Female,Multan,Gold,In-Store,2022-08-20
CUST08612,47,Male,Abbottabad,Gold,In-Store,2024-09-11
CUST08613,43,Male,Peshawar,Bronze,In-Store,2015-09-24
CUST08614,36,Male,Lahore,Silver,In-Store,2017-07-28
CUST08615,44,Female,Bahawalpur,Bronze,Online,2017-08-17
CUST08616,29,Female,Quetta,Bronze,Mobile App,2019-10-25
CUST08617,46,Male,Multan,Bronze,Online,2020-09-01
CUST08618,26,Female,Lahore,Gold,Online,2024-06-03
CUST08619,44,Female,Lahore,Bronze,In-Store,2019-03-22
CUST08620,44,Female,Rawalpindi,Silver,In-Store,2022-11-15
CUST08621,34,Male,Multan,Gold,In-Store,2024-03-25
CUST08622,46,Female,Islamabad,Silver,In-Store,2022-12-11
CUST08623,58,Female,Peshawar,Bronze,Online,2025-02-06
CUST08624,24,Male,Lahore,Platinum,In-Store,2023-10-22
CUST08625,50,Male,Gujranwala,Silver,Online,2019-02-04
CUST08626,52,Male,Lahore,Bronze,In-Store,2025-08-21
CUST08627,35,Male,Sargodha,Silver,Online,2025-05-27
CUST08628,48,Female,Quetta,Silver,Online,2015-06-15
CUST08629,34,Female,Sialkot,Gold,In-Store,2025-08-09
CUST08630,54,Other,Islamabad,Gold,Online,2025-12-21
CUST08631,18,Male,Islamabad,Bronze,Online,2024-04-30
CUST08632,56,Female,Gujranwala,Gold,Online,2025-04-14
CUST08633,23,Male,Hyderabad,Silver,Online,2024-02-25
CUST08634,39,Male,Multan,Silver,In-Store,2016-07-23
CUST08635,27,Female,Islamabad,Bronze,Online,2015-05-05
CUST08636,57,Female,Faisalabad,Bronze,In-Store,2018-03-30
CUST08637,35,Female,Quetta,Bronze,Online,2015-05-27
CUST08638,30,Male,Gujranwala,Gold,In-Store,2022-04-01
CUST08639,52,Female,Rawalpindi,Bronze,In-Store,2024-06-27
CUST08640,47,Male,Gujranwala,Silver,In-Store,2024-09-07
CUST08641,33,Female,Peshawar,Gold,In-Store,2016-01-24
CUST08642,25,Male,Hyderabad,Platinum,In-Store,2020-12-18
CUST08643,23,Male,Gujranwala,Platinum,Online,2020-10-29
CUST08644,54,Other,Rawalpindi,Gold,In-Store,2020-08-23
CUST08645,43,Male,Sialkot,Silver,In-Store,2024-11-26
CUST08646,40,Female,Multan,Bronze,In-Store,2016-04-25
CUST08647,44,Male,Peshawar,Bronze,In-Store,2015-10-13
CUST08648,18,Female,Lahore,Bronze,In-Store,2022-12-18
CUST08649,33,Female,Sialkot,Bronze,In-Store,2021-09-02
CUST08650,34,Male,Karachi,Silver,In-Store,2020-06-29
CUST08651,50,Male,Lahore,Silver,Online,2016-12-27
CUST08652,18,Female,Islamabad,Platinum,In-Store,2016-02-24
CUST08653,51,Male,Sialkot,Bronze,In-Store,2021-11-29
CUST08654,61,Male,Rawalpindi,Platinum,In-Store,2025-01-13
CUST08655,18,Male,Multan,Gold,In-Store,2025-06-13
CUST08656,38,Male,Bahawalpur,Gold,In-Store,2017-08-11
CUST08657,44,Male,Quetta,Bronze,In-Store,2021-05-27
CUST08658,49,Male,Hyderabad,Silver,Online,2020-11-10
CUST08659,18,Male,Karachi,Silver,Online,2025-06-14
CUST08660,42,Female,Karachi,Gold,In-Store,2024-03-05
CUST08661,35,Male,Lahore,Silver,Online,2016-05-14
CUST08662,34,Male,Sukkur,Platinum,In-Store,2022-06-04
CUST08663,64,Female,Quetta,Bronze,In-Store,2023-12-23
CUST08664,35,Female,Islamabad,Bronze,Online,2017-07-31
CUST08665,43,Male,Bahawalpur,Gold,Online,2018-10-29
CUST08666,36,Male,Peshawar,Platinum,In-Store,2025-12-30
CUST08667,41,Male,Gujranwala,Bronze,In-Store,2019-02-03
CUST08668,45,Female,Karachi,Bronze,Online,2016-01-09
CUST08669,49,Female,Hyderabad,Silver,In-Store,2025-09-18
CUST08670,27,Male,Faisalabad,Gold,Online,2023-11-11
CUST08671,39,Male,Karachi,Silver,In-Store,2015-08-29
CUST08672,40,Female,Karachi,Bronze,Online,2020-02-08
CUST08673,18,Female,Faisalabad,Silver,Mobile App,2023-04-22
CUST08674,25,Male,Multan,Bronze,Mobile App,2015-10-17
CUST08675,49,Female,Lahore,Bronze,In-Store,2019-11-06
CUST08676,31,Female,Islamabad,Silver,In-Store,2017-09-01
CUST08677,71,Female,Islamabad,Bronze,In-Store,2016-05-27
CUST08678,50,Female,Karachi,Gold,In-Store,2015-12-01
CUST08679,43,Female,Abbottabad,Gold,Online,2021-03-02
CUST08680,57,Female,Hyderabad,Platinum,Online,2017-04-11
CUST08681,48,Female,Lahore,Gold,Online,2022-12-22
CUST08682,40,Female,Hyderabad,Bronze,Mobile App,2024-09-24
CUST08683,19,Female,Multan,Bronze,Online,2020-08-09
CUST08684,46,Female,Lahore,Silver,Mobile App,2018-03-21
CUST08685,56,Male,Gujranwala,Gold,Online,2017-03-20
CUST08686,30,Male,Karachi,Bronze,In-Store,2021-09-20
CUST08687,18,Male,Rawalpindi,Platinum,In-Store,2022-10-08
CUST08688,24,Male,Sialkot,Gold,Mobile App,2017-03-12
CUST08689,60,Female,Sukkur,Gold,In-Store,2018-10-12
CUST08690,39,Female,Lahore,Silver,In-Store,2017-09-11
CUST08691,56,Male,Multan,Platinum,Online,2023-08-30
CUST08692,38,Female,Hyderabad,Gold,In-Store,2018-11-18
CUST08693,31,Male,Sukkur,Silver,In-Store,2021-12-15
CUST08694,65,Female,Karachi,Gold,In-Store,2025-06-05
CUST08695,33,Female,Karachi,Platinum,Online,2017-12-07
CUST08696,34,Male,Lahore,Platinum,Online,2017-04-29
CUST08697,43,Female,Karachi,Platinum,Mobile App,2018-12-24
CUST08698,34,Male,Sukkur,Gold,Online,2022-03-25
CUST08699,48,Male,Karachi,Silver,Online,2019-04-09
CUST08700,43,Male,Bahawalpur,Silver,Online,2019-02-04
CUST08701,44,Male,Lahore,Bronze,In-Store,2024-06-10
CUST08702,29,Female,Karachi,Silver,Mobile App,2016-07-27
CUST08703,18,Female,Islamabad,Bronze,Mobile App,2021-07-21
CUST08704,27,Female,Quetta,Bronze,In-Store,2021-02-06
CUST08705,28,Male,Karachi,Bronze,Online,2019-08-11
CUST08706,41,Male,Sargodha,Silver,In-Store,2019-02-07
CUST08707,27,Male,Lahore,Bronze,Online,2022-03-05
CUST08708,18,Male,Sukkur,Gold,In-Store,2024-08-07
CUST08709,23,Female,Karachi,Platinum,Mobile App,2015-10-30
CUST08710,43,Male,Quetta,Silver,Mobile App,2025-03-08
CUST08711,46,Male,Faisalabad,Silver,Online,2015-02-17
CUST08712,31,Female,Sialkot,Platinum,In-Store,2021-04-09
CUST08713,32,Female,Peshawar,Bronze,In-Store,2019-05-14
CUST08714,45,Female,Lahore,Silver,In-Store,2018-03-25
CUST08715,40,Other,Karachi,Gold,Mobile App,2023-10-27
CUST08716,53,Male,Islamabad,Gold,In-Store,2020-11-07
CUST08717,35,Female,Multan,Gold,In-Store,2017-06-03
CUST08718,27,Female,Hyderabad,Bronze,In-Store,2024-09-26
CUST08719,52,Female,Lahore,Gold,Mobile App,2018-10-02
CUST08720,33,Female,Lahore,Bronze,Mobile App,2022-06-04
CUST08721,27,Female,Islamabad,Silver,Mobile App,2016-07-15
CUST08722,49,Male,Quetta,Bronze,In-Store,2015-12-15
CUST08723,56,Female,Karachi,Bronze,Mobile App,2021-08-04
CUST08724,40,Male,Faisalabad,Silver,Mobile App,2015-09-16
CUST08725,24,Female,Multan,Gold,Mobile App,2025-06-09
CUST08726,57,Female,Faisalabad,Silver,In-Store,2016-09-13
CUST08727,42,Male,Faisalabad,Platinum,In-Store,2020-07-12
CUST08728,40,Female,Rawalpindi,Silver,Online,2021-03-24
CUST08729,32,Male,Abbottabad,Bronze,In-Store,2024-05-11
CUST08730,52,Male,Rawalpindi,Bronze,In-Store,2016-11-05
CUST08731,23,Female,Hyderabad,Gold,In-Store,2025-03-21
CUST08732,22,Male,Faisalabad,Platinum,Mobile App,2017-10-17
CUST08733,62,Female,Multan,Silver,In-Store,2025-08-04
CUST08734,26,Female,Gujranwala,Gold,In-Store,2020-10-23
CUST08735,50,Male,Abbottabad,Silver,Online,2017-12-17
CUST08736,55,Female,Karachi,Silver,In-Store,2021-03-24
CUST08737,40,Male,Multan,Platinum,In-Store,2023-04-25
CUST08738,26,Female,Lahore,Silver,In-Store,2024-01-27
CUST08739,46,Male,Karachi,Silver,Online,2018-01-21
CUST08740,56,Male,Sukkur,Silver,In-Store,2019-10-22
CUST08741,42,Female,Abbottabad,Bronze,Online,2020-07-22
CUST08742,28,Male,Peshawar,Silver,Online,2023-07-23
CUST08743,41,Female,Rawalpindi,Bronze,In-Store,2022-08-12
CUST08744,19,Male,Sialkot,Platinum,In-Store,2015-11-16
CUST08745,25,Female,Abbottabad,Bronze,In-Store,2015-07-30
CUST08746,34,Female,Bahawalpur,Bronze,In-Store,2020-12-18
CUST08747,38,Female,Hyderabad,Gold,In-Store,2023-10-24
CUST08748,22,Male,Faisalabad,Bronze,In-Store,2019-09-22
CUST08749,41,Female,Lahore,Silver,Online,2017-12-22
CUST08750,44,Female,Karachi,Gold,In-Store,2025-03-04
CUST08751,35,Female,Karachi,Silver,In-Store,2017-11-06
CUST08752,18,Female,Islamabad,Silver,Mobile App,2022-12-04
CUST08753,39,Female,Karachi,Gold,Online,2016-07-29
CUST08754,61,Female,Peshawar,Bronze,In-Store,2022-08-10
CUST08755,43,Female,Gujranwala,Gold,In-Store,2020-01-19
CUST08756,38,Female,Gujranwala,Silver,Mobile App,2024-12-14
CUST08757,33,Female,Karachi,Gold,Mobile App,2021-04-18
CUST08758,45,Female,Lahore,Gold,In-Store,2017-09-22
CUST08759,40,Male,Abbottabad,Silver,Mobile App,2020-07-28
CUST08760,47,Female,Abbottabad,Gold,Online,2023-05-03
CUST08761,23,Male,Abbottabad,Bronze,In-Store,2019-07-01
CUST08762,39,Female,Bahawalpur,Bronze,Online,2024-07-12
CUST08763,32,Male,Karachi,Silver,In-Store,2024-05-01
CUST08764,42,Female,Gujranwala,Gold,Online,2025-12-02
CUST08765,18,Male,Lahore,Bronze,Mobile App,2020-10-08
CUST08766,32,Female,Lahore,Gold,In-Store,2019-09-21
CUST08767,45,Male,Faisalabad,Bronze,Online,2018-10-21
CUST08768,47,Male,Gujranwala,Bronze,Online,2022-04-29
CUST08769,37,Female,Rawalpindi,Bronze,Online,2020-12-13
CUST08770,18,Female,Lahore,Bronze,Online,2017-01-27
CUST08771,46,Female,Bahawalpur,Silver,In-Store,2025-02-07
CUST08772,58,Female,Lahore,Silver,Mobile App,2021-02-23
CUST08773,27,Male,Sialkot,Bronze,Online,2019-09-18
CUST08774,32,Female,Sialkot,Platinum,In-Store,2019-11-26
CUST08775,48,Male,Karachi,Silver,Online,2018-05-27
CUST08776,48,Male,Rawalpindi,Silver,In-Store,2016-07-08
CUST08777,52,Female,Karachi,Platinum,In-Store,2015-10-16
CUST08778,51,Female,Quetta,Bronze,In-Store,2025-02-04
CUST08779,18,Male,Sialkot,Silver,Mobile App,2023-03-29
CUST08780,31,Male,Lahore,Silver,Online,2024-12-02
CUST08781,46,Female,Peshawar,Gold,In-Store,2022-09-29
CUST08782,36,Other,Rawalpindi,Silver,Online,2025-07-18
CUST08783,42,Male,Faisalabad,Bronze,Mobile App,2024-11-27
CUST08784,36,Female,Peshawar,Bronze,Online,2016-12-24
CUST08785,32,Male,Hyderabad,Bronze,Mobile App,2020-08-31
CUST08786,34,Male,Faisalabad,Bronze,Mobile App,2015-03-17
CUST08787,23,Male,Quetta,Gold,Online,2015-02-25
CUST08788,28,Female,Lahore,Gold,Online,2023-03-04
CUST08789,37,Female,Rawalpindi,Bronze,Mobile App,2020-03-30
CUST08790,37,Female,Karachi,Bronze,Mobile App,2017-12-23
CUST08791,45,Male,Rawalpindi,Bronze,In-Store,2020-01-09
CUST08792,34,Male,Islamabad,Silver,In-Store,2021-12-01
CUST08793,59,Female,Bahawalpur,Silver,In-Store,2024-01-08
CUST08794,53,Female,Lahore,Silver,In-Store,2020-11-14
CUST08795,31,Male,Abbottabad,Gold,In-Store,2020-06-17
CUST08796,40,Female,Lahore,Silver,Online,2021-05-12
CUST08797,53,Male,Multan,Gold,In-Store,2016-07-20
CUST08798,29,Female,Islamabad,Platinum,In-Store,2020-06-16
CUST08799,28,Female,Bahawalpur,Silver,In-Store,2018-04-25
CUST08800,54,Male,Rawalpindi,Silver,In-Store,2015-02-11
CUST08801,46,Female,Lahore,Gold,In-Store,2022-08-04
CUST08802,51,Female,Lahore,Silver,Online,2017-12-09
CUST08803,42,Male,Sialkot,Platinum,Mobile App,2022-03-03
CUST08804,34,Female,Sukkur,Silver,Mobile App,2025-02-22
CUST08805,20,Female,Sialkot,Platinum,In-Store,2015-02-20
CUST08806,39,Male,Faisalabad,Silver,Online,2019-08-26
CUST08807,54,Male,Bahawalpur,Bronze,In-Store,2018-02-28
CUST08808,54,Female,Faisalabad,Gold,In-Store,2018-06-27
CUST08809,51,Male,Lahore,Bronze,In-Store,2025-09-26
CUST08810,48,Female,Lahore,Platinum,In-Store,2015-04-06
CUST08811,66,Male,Peshawar,Platinum,In-Store,2021-03-25
CUST08812,18,Female,Gujranwala,Bronze,Online,2019-01-31
CUST08813,41,Male,Quetta,Gold,Online,2016-01-03
CUST08814,25,Female,Karachi,Platinum,In-Store,2017-06-11
CUST08815,58,Female,Rawalpindi,Bronze,In-Store,2016-10-22
CUST08816,30,Female,Karachi,Gold,Online,2020-09-23
CUST08817,51,Male,Bahawalpur,Silver,Online,2017-04-09
CUST08818,32,Male,Karachi,Bronze,In-Store,2022-08-14
CUST08819,43,Male,Bahawalpur,Silver,Online,2016-12-07
CUST08820,36,Female,Islamabad,Platinum,Mobile App,2015-09-04
CUST08821,37,Male,Multan,Silver,In-Store,2022-12-14
CUST08822,42,Female,Quetta,Silver,In-Store,2022-10-31
CUST08823,49,Male,Hyderabad,Gold,In-Store,2017-08-06
CUST08824,36,Female,Quetta,Gold,Online,2015-04-01
CUST08825,49,Female,Faisalabad,Bronze,In-Store,2019-07-05
CUST08826,51,Male,Lahore,Gold,Online,2022-07-10
CUST08827,32,Female,Lahore,Silver,In-Store,2015-09-04
CUST08828,62,Male,Peshawar,Platinum,In-Store,2016-09-13
CUST08829,47,Female,Islamabad,Silver,In-Store,2021-06-24
CUST08830,32,Female,Quetta,Bronze,In-Store,2018-10-30
CUST08831,45,Male,Sialkot,Bronze,In-Store,2024-10-16
CUST08832,51,Male,Lahore,Silver,Mobile App,2016-05-08
CUST08833,45,Female,Karachi,Silver,Online,2023-02-23
CUST08834,40,Female,Faisalabad,Gold,In-Store,2021-02-05
CUST08835,18,Female,Islamabad,Gold,In-Store,2018-01-04
CUST08836,25,Male,Karachi,Bronze,Online,2023-09-17
CUST08837,46,Male,Rawalpindi,Platinum,Mobile App,2017-08-20
CUST08838,25,Male,Islamabad,Gold,In-Store,2021-03-01
CUST08839,44,Male,Lahore,Bronze,In-Store,2019-12-17
CUST08840,49,Other,Islamabad,Bronze,Mobile App,2024-12-08
CUST08841,36,Female,Karachi,Silver,In-Store,2016-03-10
CUST08842,18,Male,Sargodha,Bronze,Mobile App,2015-05-09
CUST08843,28,Male,Quetta,Bronze,In-Store,2022-01-19
CUST08844,46,Female,Lahore,Silver,Mobile App,2018-12-06
CUST08845,54,Male,Faisalabad,Platinum,In-Store,2025-11-18
CUST08846,18,Female,Peshawar,Gold,Online,2019-03-06
CUST08847,39,Female,Faisalabad,Bronze,In-Store,2020-02-20
CUST08848,18,Female,Multan,Gold,Online,2018-07-06
CUST08849,39,Male,Sukkur,Bronze,In-Store,2020-12-27
CUST08850,35,Female,Sukkur,Platinum,Online,2019-08-19
CUST08851,68,Female,Karachi,Silver,In-Store,2015-07-26
CUST08852,30,Female,Faisalabad,Bronze,In-Store,2021-04-15
CUST08853,51,Female,Rawalpindi,Platinum,In-Store,2020-02-18
CUST08854,51,Female,Karachi,Bronze,Mobile App,2017-02-18
CUST08855,35,Male,Bahawalpur,Bronze,Online,2019-12-11
CUST08856,39,Male,Abbottabad,Bronze,In-Store,2017-03-16
CUST08857,38,Male,Quetta,Bronze,Mobile App,2015-10-21
CUST08858,28,Female,Lahore,Bronze,Online,2016-07-23
CUST08859,27,Male,Karachi,Platinum,In-Store,2023-08-30
CUST08860,32,Female,Lahore,Silver,Mobile App,2018-04-09
CUST08861,23,Male,Multan,Gold,In-Store,2020-04-07
CUST08862,31,Female,Lahore,Bronze,In-Store,2022-02-04
CUST08863,35,Female,Sialkot,Bronze,In-Store,2021-09-23
CUST08864,40,Male,Abbottabad,Silver,Mobile App,2020-08-29
CUST08865,43,Male,Lahore,Gold,In-Store,2018-05-04
CUST08866,35,Male,Abbottabad,Silver,Online,2018-02-27
CUST08867,28,Female,Faisalabad,Silver,Online,2019-11-10
CUST08868,43,Female,Rawalpindi,Bronze,Online,2025-07-23
CUST08869,48,Female,Lahore,Silver,In-Store,2019-03-29
CUST08870,31,Male,Karachi,Silver,In-Store,2021-12-20
CUST08871,25,Female,Sialkot,Bronze,In-Store,2018-07-09
CUST08872,32,Male,Peshawar,Silver,In-Store,2017-12-19
CUST08873,35,Female,Sialkot,Platinum,In-Store,2022-01-14
CUST08874,52,Female,Lahore,Bronze,In-Store,2015-07-04
CUST08875,47,Male,Sialkot,Bronze,In-Store,2018-05-03
CUST08876,37,Male,Multan,Silver,In-Store,2017-08-03
CUST08877,62,Male,Islamabad,Gold,In-Store,2016-06-03
CUST08878,37,Female,Lahore,Silver,In-Store,2020-05-14
CUST08879,56,Female,Peshawar,Bronze,Online,2017-02-28
CUST08880,53,Female,Bahawalpur,Gold,Mobile App,2017-04-08
CUST08881,52,Female,Gujranwala,Silver,In-Store,2021-11-12
CUST08882,42,Male,Abbottabad,Gold,In-Store,2018-07-23
CUST08883,39,Male,Karachi,Bronze,In-Store,2022-09-29
CUST08884,38,Female,Peshawar,Platinum,In-Store,2025-11-15
CUST08885,49,Male,Islamabad,Bronze,In-Store,2019-11-20
CUST08886,27,Male,Islamabad,Platinum,In-Store,2025-04-17
CUST08887,34,Male,Islamabad,Bronze,In-Store,2018-02-23
CUST08888,59,Female,Peshawar,Bronze,Mobile App,2020-08-09
CUST08889,46,Female,Gujranwala,Bronze,In-Store,2020-05-01
CUST08890,50,Male,Faisalabad,Gold,In-Store,2024-03-20
CUST08891,22,Female,Quetta,Silver,In-Store,2018-04-19
CUST08892,32,Female,Islamabad,Silver,Mobile App,2018-01-31
CUST08893,42,Female,Faisalabad,Platinum,Online,2020-05-06
CUST08894,37,Male,Karachi,Bronze,In-Store,2023-03-16
CUST08895,22,Female,Karachi,Bronze,In-Store,2025-02-08
CUST08896,47,Female,Rawalpindi,Bronze,Online,2024-11-07
CUST08897,52,Male,Abbottabad,Silver,Online,2015-05-03
CUST08898,34,Female,Bahawalpur,Bronze,Online,2024-03-01
CUST08899,48,Female,Sukkur,Bronze,In-Store,2017-12-25
CUST08900,64,Male,Islamabad,Bronze,Online,2021-12-17
CUST08901,57,Male,Sialkot,Silver,Online,2023-04-15
CUST08902,34,Male,Sargodha,Bronze,Online,2024-02-09
CUST08903,23,Female,Karachi,Bronze,In-Store,2017-10-25
CUST08904,40,Female,Rawalpindi,Silver,In-Store,2015-01-29
CUST08905,68,Male,Islamabad,Bronze,In-Store,2024-09-10
CUST08906,55,Male,Hyderabad,Bronze,In-Store,2019-03-29
CUST08907,37,Female,Multan,Silver,In-Store,2023-04-09
CUST08908,58,Female,Abbottabad,Platinum,Online,2023-06-16
CUST08909,53,Female,Karachi,Gold,Online,2022-02-02
CUST08910,18,Male,Islamabad,Gold,In-Store,2019-06-23
CUST08911,51,Female,Faisalabad,Silver,Online,2016-03-07
CUST08912,39,Male,Lahore,Bronze,Mobile App,2017-01-20
CUST08913,26,Female,Abbottabad,Silver,In-Store,2021-12-20
CUST08914,39,Male,Quetta,Gold,Online,2023-07-08
CUST08915,43,Female,Multan,Bronze,Online,2020-06-14
CUST08916,27,Male,Karachi,Platinum,In-Store,2021-09-18
CUST08917,36,Female,Gujranwala,Gold,In-Store,2019-11-15
CUST08918,33,Female,Abbottabad,Silver,In-Store,2020-10-06
CUST08919,48,Female,Gujranwala,Silver,Online,2025-03-26
CUST08920,34,Male,Faisalabad,Gold,Mobile App,2018-09-23
CUST08921,18,Male,Peshawar,Platinum,Online,2024-10-31
CUST08922,32,Male,Faisalabad,Bronze,Online,2016-01-27
CUST08923,25,Male,Karachi,Bronze,Mobile App,2015-04-01
CUST08924,21,Male,Sukkur,Silver,In-Store,2024-07-02
CUST08925,53,Female,Lahore,Bronze,In-Store,2020-10-03
CUST08926,48,Female,Islamabad,Bronze,In-Store,2017-03-17
CUST08927,25,Female,Bahawalpur,Silver,In-Store,2015-05-14
CUST08928,21,Male,Sialkot,Silver,In-Store,2021-12-24
CUST08929,36,Male,Faisalabad,Bronze,In-Store,2019-08-17
CUST08930,20,Female,Lahore,Silver,Online,2018-03-26
CUST08931,34,Female,Gujranwala,Silver,Mobile App,2025-11-21
CUST08932,38,Male,Faisalabad,Bronze,Online,2017-07-12
CUST08933,41,Male,Faisalabad,Bronze,Mobile App,2024-08-24
CUST08934,42,Male,Lahore,Bronze,Mobile App,2019-12-01
CUST08935,27,Female,Rawalpindi,Bronze,Online,2017-03-03
CUST08936,38,Male,Islamabad,Bronze,In-Store,2023-01-21
CUST08937,54,Female,Lahore,Silver,In-Store,2024-04-10
CUST08938,18,Female,Rawalpindi,Platinum,In-Store,2017-07-15
CUST08939,42,Female,Hyderabad,Bronze,In-Store,2021-04-29
CUST08940,22,Female,Islamabad,Gold,In-Store,2016-01-08
CUST08941,56,Female,Lahore,Bronze,Mobile App,2022-03-09
CUST08942,48,Male,Sukkur,Silver,Mobile App,2020-05-02
CUST08943,48,Male,Sialkot,Silver,Online,2024-04-02
CUST08944,26,Male,Faisalabad,Platinum,Online,2021-01-11
CUST08945,41,Female,Peshawar,Silver,Mobile App,2017-09-18
CUST08946,42,Male,Karachi,Silver,Mobile App,2022-03-23
CUST08947,18,Female,Sialkot,Bronze,Online,2019-03-01
CUST08948,39,Female,Sukkur,Gold,Online,2019-12-17
CUST08949,45,Male,Rawalpindi,Platinum,In-Store,2021-09-05
CUST08950,19,Male,Hyderabad,Bronze,In-Store,2019-04-06
CUST08951,45,Female,Multan,Bronze,In-Store,2017-06-18
CUST08952,39,Female,Karachi,Platinum,In-Store,2016-09-05
CUST08953,55,Male,Karachi,Gold,In-Store,2025-08-01
CUST08954,32,Male,Karachi,Bronze,Online,2018-04-21
CUST08955,40,Male,Sargodha,Bronze,Online,2024-02-01
CUST08956,42,Male,Sargodha,Gold,In-Store,2017-09-25
CUST08957,18,Male,Karachi,Platinum,In-Store,2022-11-27
CUST08958,33,Male,Islamabad,Bronze,In-Store,2016-06-16
CUST08959,39,Female,Sargodha,Bronze,In-Store,2017-09-27
CUST08960,18,Male,Faisalabad,Bronze,In-Store,2025-07-03
CUST08961,46,Male,Gujranwala,Platinum,In-Store,2025-01-11
CUST08962,39,Male,Lahore,Platinum,Online,2017-01-06
CUST08963,39,Male,Karachi,Silver,In-Store,2020-07-01
CUST08964,47,Female,Islamabad,Silver,In-Store,2021-04-17
CUST08965,32,Female,Peshawar,Silver,In-Store,2024-06-29
CUST08966,38,Other,Bahawalpur,Silver,Online,2019-06-07
CUST08967,49,Male,Sialkot,Gold,Online,2024-09-21
CUST08968,38,Male,Rawalpindi,Silver,In-Store,2021-01-10
CUST08969,18,Female,Islamabad,Silver,Mobile App,2018-04-09
CUST08970,38,Male,Sukkur,Platinum,In-Store,2021-06-08
CUST08971,38,Female,Faisalabad,Bronze,Online,2015-12-02
CUST08972,49,Female,Rawalpindi,Gold,In-Store,2020-09-21
CUST08973,33,Male,Lahore,Platinum,Mobile App,2015-11-13
CUST08974,25,Male,Peshawar,Bronze,In-Store,2018-08-18
CUST08975,25,Male,Karachi,Bronze,In-Store,2022-10-13
CUST08976,56,Male,Islamabad,Bronze,Online,2018-09-30
CUST08977,41,Male,Sialkot,Gold,Online,2025-11-25
CUST08978,56,Male,Peshawar,Silver,Online,2016-11-15
CUST08979,57,Female,Karachi,Silver,In-Store,2024-11-01
CUST08980,28,Male,Islamabad,Silver,In-Store,2019-07-19
CUST08981,27,Male,Islamabad,Silver,In-Store,2022-02-28
CUST08982,36,Male,Lahore,Bronze,Online,2018-12-25
CUST08983,45,Male,Lahore,Bronze,In-Store,2020-06-20
CUST08984,19,Male,Faisalabad,Bronze,Mobile App,2025-12-01
CUST08985,43,Female,Islamabad,Platinum,In-Store,2017-02-12
CUST08986,43,Male,Multan,Gold,In-Store,2016-01-11
CUST08987,23,Female,Peshawar,Bronze,Online,2021-01-25
CUST08988,23,Other,Sargodha,Bronze,In-Store,2021-05-10
CUST08989,43,Male,Multan,Silver,Online,2024-09-03
CUST08990,64,Male,Gujranwala,Silver,Mobile App,2025-11-19
CUST08991,34,Male,Bahawalpur,Bronze,In-Store,2021-06-16
CUST08992,42,Female,Rawalpindi,Bronze,In-Store,2025-03-16
CUST08993,30,Female,Lahore,Silver,Online,2016-01-17
CUST08994,41,Female,Lahore,Silver,Mobile App,2022-08-18
CUST08995,29,Female,Peshawar,Silver,In-Store,2020-10-27
CUST08996,34,Female,Islamabad,Bronze,In-Store,2019-05-14
CUST08997,69,Female,Karachi,Silver,In-Store,2024-05-13
CUST08998,39,Female,Karachi,Silver,In-Store,2022-12-31
CUST08999,18,Male,Islamabad,Bronze,In-Store,2015-10-07
CUST09000,46,Male,Karachi,Bronze,In-Store,2025-04-20
CUST09001,52,Female,Bahawalpur,Silver,Online,2020-06-17
CUST09002,46,Female,Karachi,Gold,Online,2020-12-18
CUST09003,35,Male,Lahore,Bronze,In-Store,2016-12-15
CUST09004,26,Male,Bahawalpur,Bronze,In-Store,2018-10-10
CUST09005,26,Male,Gujranwala,Bronze,Online,2022-11-04
CUST09006,35,Male,Bahawalpur,Gold,Mobile App,2015-02-23
CUST09007,33,Male,Sukkur,Platinum,Online,2019-04-23
CUST09008,30,Female,Rawalpindi,Silver,In-Store,2020-07-26
CUST09009,53,Male,Karachi,Bronze,Mobile App,2025-01-23
CUST09010,49,Male,Hyderabad,Silver,Mobile App,2016-01-09
CUST09011,54,Male,Islamabad,Platinum,Online,2024-09-19
CUST09012,27,Female,Karachi,Gold,Mobile App,2018-07-04
CUST09013,26,Female,Sialkot,Bronze,Mobile App,2017-11-14
CUST09014,39,Male,Karachi,Silver,Online,2021-11-06
CUST09015,43,Female,Lahore,Bronze,In-Store,2019-10-08
CUST09016,38,Male,Peshawar,Bronze,Online,2018-01-21
CUST09017,42,Female,Lahore,Silver,In-Store,2017-05-15
CUST09018,58,Female,Karachi,Gold,In-Store,2017-06-18
CUST09019,35,Male,Peshawar,Silver,In-Store,2017-07-06
CUST09020,48,Male,Lahore,Silver,Online,2021-06-23
CUST09021,44,Female,Bahawalpur,Bronze,In-Store,2020-01-17
CUST09022,39,Male,Karachi,Platinum,Online,2015-10-22
CUST09023,47,Female,Islamabad,Bronze,Mobile App,2017-08-10
CUST09024,28,Female,Sukkur,Bronze,In-Store,2025-03-19
CUST09025,25,Male,Karachi,Platinum,Online,2023-12-23
CUST09026,43,Female,Sukkur,Silver,Online,2025-10-25
CUST09027,18,Female,Hyderabad,Bronze,Online,2022-08-15
CUST09028,44,Female,Karachi,Gold,Mobile App,2025-11-18
CUST09029,23,Male,Faisalabad,Silver,In-Store,2022-07-20
CUST09030,57,Male,Karachi,Gold,In-Store,2015-01-27
CUST09031,32,Female,Bahawalpur,Silver,Online,2021-02-08
CUST09032,56,Female,Abbottabad,Gold,In-Store,2015-01-10
CUST09033,35,Male,Islamabad,Gold,Mobile App,2016-07-06
CUST09034,34,Male,Sargodha,Silver,Online,2016-02-19
CUST09035,49,Male,Lahore,Gold,In-Store,2015-07-18
CUST09036,41,Male,Multan,Bronze,In-Store,2025-02-02
CUST09037,37,Male,Lahore,Bronze,In-Store,2016-10-13
CUST09038,32,Male,Karachi,Bronze,Mobile App,2024-07-25
CUST09039,32,Male,Islamabad,Bronze,In-Store,2018-06-10
CUST09040,68,Female,Rawalpindi,Silver,In-Store,2015-03-13
CUST09041,18,Male,Lahore,Bronze,In-Store,2018-09-10
CUST09042,22,Male,Faisalabad,Silver,In-Store,2015-10-15
CUST09043,53,Male,Bahawalpur,Platinum,Online,2018-06-10
CUST09044,52,Male,Gujranwala,Silver,In-Store,2018-05-04
CUST09045,26,Male,Rawalpindi,Silver,In-Store,2015-07-22
CUST09046,18,Female,Rawalpindi,Platinum,Online,2018-01-27
CUST09047,54,Female,Sukkur,Bronze,In-Store,2016-04-05
CUST09048,24,Male,Multan,Bronze,In-Store,2015-01-07
CUST09049,31,Female,Rawalpindi,Platinum,In-Store,2021-11-09
CUST09050,39,Female,Lahore,Bronze,Online,2015-11-24
CUST09051,24,Female,Sargodha,Gold,Mobile App,2022-08-14
CUST09052,50,Male,Faisalabad,Silver,In-Store,2022-06-17
CUST09053,38,Female,Islamabad,Silver,Mobile App,2024-04-15
CUST09054,26,Female,Sukkur,Gold,In-Store,2021-07-03
CUST09055,27,Female,Peshawar,Platinum,Mobile App,2019-09-08
CUST09056,54,Female,Sukkur,Bronze,In-Store,2018-11-22
CUST09057,34,Male,Lahore,Bronze,In-Store,2017-08-07
CUST09058,45,Male,Abbottabad,Bronze,Online,2017-09-11
CUST09059,37,Female,Sukkur,Silver,In-Store,2017-03-09
CUST09060,18,Male,Peshawar,Bronze,In-Store,2020-03-21
CUST09061,47,Female,Abbottabad,Bronze,In-Store,2022-01-18
CUST09062,51,Male,Rawalpindi,Silver,In-Store,2022-01-09
CUST09063,61,Male,Faisalabad,Gold,In-Store,2022-12-28
CUST09064,18,Female,Multan,Platinum,Mobile App,2018-05-09
CUST09065,18,Female,Sialkot,Bronze,In-Store,2025-06-02
CUST09066,46,Male,Quetta,Platinum,In-Store,2016-06-18
CUST09067,30,Male,Bahawalpur,Bronze,Online,2022-10-13
CUST09068,19,Male,Rawalpindi,Platinum,In-Store,2025-02-02
CUST09069,39,Female,Multan,Gold,Online,2024-03-14
CUST09070,32,Male,Rawalpindi,Silver,In-Store,2016-04-10
CUST09071,21,Male,Gujranwala,Platinum,In-Store,2022-06-29
CUST09072,36,Male,Quetta,Bronze,Online,2024-03-23
CUST09073,45,Female,Sargodha,Gold,Online,2018-10-30
CUST09074,40,Male,Abbottabad,Silver,In-Store,2021-03-10
CUST09075,40,Male,Faisalabad,Bronze,In-Store,2020-05-09
CUST09076,43,Male,Karachi,Bronze,Online,2020-03-01
CUST09077,18,Male,Multan,Silver,In-Store,2022-04-09
CUST09078,37,Male,Peshawar,Bronze,In-Store,2017-10-24
CUST09079,41,Female,Karachi,Platinum,In-Store,2018-06-09
CUST09080,33,Male,Lahore,Bronze,In-Store,2022-09-13
CUST09081,27,Female,Sukkur,Silver,In-Store,2016-02-13
CUST09082,28,Male,Rawalpindi,Silver,In-Store,2020-05-26
CUST09083,34,Female,Bahawalpur,Silver,In-Store,2023-03-27
CUST09084,49,Male,Islamabad,Bronze,In-Store,2016-02-18
CUST09085,57,Female,Abbottabad,Silver,In-Store,2017-10-24
CUST09086,55,Male,Peshawar,Platinum,Online,2024-01-13
CUST09087,18,Male,Sialkot,Bronze,Mobile App,2020-08-07
CUST09088,25,Male,Multan,Bronze,Mobile App,2022-07-15
CUST09089,46,Female,Faisalabad,Platinum,Online,2024-04-27
CUST09090,54,Male,Quetta,Platinum,In-Store,2023-06-21
CUST09091,25,Female,Lahore,Silver,Online,2018-11-23
CUST09092,40,Male,Faisalabad,Gold,In-Store,2017-07-05
CUST09093,23,Female,Sargodha,Platinum,In-Store,2022-03-30
CUST09094,41,Male,Sukkur,Bronze,In-Store,2018-07-15
CUST09095,29,Female,Bahawalpur,Bronze,In-Store,2018-01-21
CUST09096,40,Female,Gujranwala,Silver,In-Store,2018-08-12
CUST09097,22,Male,Gujranwala,Gold,Online,2020-05-06
CUST09098,18,Male,Bahawalpur,Gold,In-Store,2016-10-08
CUST09099,78,Male,Sialkot,Silver,In-Store,2017-07-21
CUST09100,38,Male,Karachi,Bronze,In-Store,2024-09-14
CUST09101,65,Female,Multan,Bronze,In-Store,2024-10-31
CUST09102,57,Male,Karachi,Gold,Online,2019-01-10
CUST09103,18,Female,Lahore,Silver,In-Store,2015-09-22
CUST09104,42,Male,Peshawar,Bronze,In-Store,2018-05-20
CUST09105,21,Female,Bahawalpur,Silver,Online,2019-08-17
CUST09106,34,Female,Karachi,Silver,In-Store,2020-03-24
CUST09107,18,Male,Sialkot,Silver,In-Store,2019-03-05
CUST09108,18,Female,Rawalpindi,Gold,Mobile App,2025-07-09
CUST09109,26,Male,Gujranwala,Bronze,In-Store,2023-10-06
CUST09110,30,Male,Peshawar,Gold,Mobile App,2019-01-09
CUST09111,38,Female,Multan,Bronze,Mobile App,2025-11-04
CUST09112,24,Male,Rawalpindi,Silver,Mobile App,2025-03-25
CUST09113,39,Female,Islamabad,Platinum,In-Store,2018-09-05
CUST09114,52,Male,Faisalabad,Silver,Online,2025-04-05
CUST09115,41,Female,Peshawar,Silver,In-Store,2025-03-23
CUST09116,37,Male,Islamabad,Silver,In-Store,2018-07-12
CUST09117,42,Male,Faisalabad,Silver,In-Store,2018-05-03
CUST09118,19,Male,Multan,Gold,In-Store,2021-07-13
CUST09119,50,Female,Karachi,Gold,Online,2023-12-31
CUST09120,22,Female,Lahore,Gold,In-Store,2022-01-25
CUST09121,58,Female,Lahore,Bronze,In-Store,2021-09-13
CUST09122,48,Female,Sukkur,Bronze,Online,2018-02-22
CUST09123,45,Male,Sukkur,Silver,In-Store,2022-10-21
CUST09124,45,Female,Lahore,Silver,In-Store,2025-12-02
CUST09125,37,Male,Quetta,Gold,Online,2023-12-28
CUST09126,27,Male,Rawalpindi,Silver,Online,2021-07-25
CUST09127,25,Male,Faisalabad,Bronze,In-Store,2015-11-25
CUST09128,60,Female,Rawalpindi,Silver,In-Store,2022-11-11
CUST09129,39,Male,Rawalpindi,Bronze,In-Store,2021-02-26
CUST09130,23,Male,Peshawar,Silver,In-Store,2022-08-07
CUST09131,44,Female,Lahore,Silver,Online,2022-06-12
CUST09132,42,Male,Karachi,Silver,Online,2017-06-16
CUST09133,33,Male,Faisalabad,Gold,In-Store,2021-02-28
CUST09134,26,Male,Karachi,Silver,Online,2021-07-13
CUST09135,47,Female,Sargodha,Silver,In-Store,2020-08-31
CUST09136,50,Female,Islamabad,Silver,In-Store,2024-07-03
CUST09137,42,Female,Karachi,Platinum,Mobile App,2021-10-26
CUST09138,38,Female,Rawalpindi,Gold,In-Store,2023-05-21
CUST09139,27,Female,Islamabad,Bronze,In-Store,2022-05-19
CUST09140,44,Female,Peshawar,Silver,In-Store,2020-01-14
CUST09141,29,Female,Quetta,Bronze,In-Store,2022-05-01
CUST09142,21,Male,Quetta,Bronze,In-Store,2020-12-21
CUST09143,52,Male,Islamabad,Gold,Online,2021-07-08
CUST09144,24,Male,Hyderabad,Bronze,Online,2022-01-20
CUST09145,18,Female,Karachi,Bronze,In-Store,2021-04-26
CUST09146,55,Male,Rawalpindi,Silver,Online,2019-02-01
CUST09147,18,Male,Sargodha,Bronze,In-Store,2022-07-19
CUST09148,32,Female,Rawalpindi,Bronze,In-Store,2018-08-30
CUST09149,23,Male,Abbottabad,Silver,Mobile App,2021-03-06
CUST09150,28,Male,Quetta,Bronze,In-Store,2019-12-13
CUST09151,66,Male,Rawalpindi,Bronze,Mobile App,2021-01-03
CUST09152,36,Female,Peshawar,Gold,In-Store,2025-12-26
CUST09153,42,Female,Sargodha,Platinum,Mobile App,2021-09-17
CUST09154,48,Female,Hyderabad,Bronze,In-Store,2022-09-12
CUST09155,29,Male,Lahore,Silver,In-Store,2019-01-21
CUST09156,51,Female,Gujranwala,Bronze,Online,2016-06-19
CUST09157,42,Female,Lahore,Bronze,In-Store,2025-07-11
CUST09158,47,Female,Karachi,Bronze,In-Store,2016-05-15
CUST09159,28,Female,Islamabad,Gold,In-Store,2022-01-15
CUST09160,43,Male,Multan,Bronze,In-Store,2016-07-02
CUST09161,37,Female,Islamabad,Bronze,In-Store,2022-12-08
CUST09162,52,Female,Hyderabad,Silver,Online,2024-09-12
CUST09163,30,Male,Islamabad,Gold,In-Store,2015-04-23
CUST09164,64,Male,Karachi,Bronze,In-Store,2016-08-06
CUST09165,42,Male,Faisalabad,Silver,Online,2020-03-20
CUST09166,36,Female,Peshawar,Bronze,Mobile App,2019-12-18
CUST09167,34,Male,Lahore,Platinum,In-Store,2016-05-29
CUST09168,37,Female,Sukkur,Platinum,In-Store,2022-01-29
CUST09169,29,Male,Karachi,Gold,In-Store,2017-12-02
CUST09170,46,Female,Multan,Bronze,In-Store,2023-12-02
CUST09171,37,Female,Hyderabad,Bronze,In-Store,2018-03-28
CUST09172,63,Male,Gujranwala,Bronze,In-Store,2018-07-20
CUST09173,32,Male,Peshawar,Bronze,Mobile App,2022-06-15
CUST09174,36,Female,Karachi,Silver,In-Store,2017-07-18
CUST09175,32,Female,Karachi,Silver,In-Store,2018-01-05
CUST09176,62,Female,Rawalpindi,Platinum,In-Store,2016-02-20
CUST09177,19,Male,Sargodha,Gold,Mobile App,2017-05-05
CUST09178,39,Female,Karachi,Bronze,Online,2015-11-18
CUST09179,42,Female,Hyderabad,Bronze,Online,2016-05-01
CUST09180,23,Male,Gujranwala,Platinum,In-Store,2016-08-31
CUST09181,72,Male,Sargodha,Gold,Online,2021-06-07
CUST09182,25,Female,Karachi,Bronze,Mobile App,2022-07-16
CUST09183,38,Male,Karachi,Gold,In-Store,2020-10-19
CUST09184,59,Male,Islamabad,Silver,Online,2015-10-07
CUST09185,33,Female,Faisalabad,Gold,Mobile App,2025-12-10
CUST09186,39,Female,Hyderabad,Silver,In-Store,2022-02-21
CUST09187,33,Female,Bahawalpur,Silver,In-Store,2024-06-12
CUST09188,37,Female,Islamabad,Bronze,Online,2024-06-12
CUST09189,52,Male,Gujranwala,Silver,In-Store,2018-12-31
CUST09190,32,Female,Hyderabad,Bronze,In-Store,2020-09-12
CUST09191,18,Male,Rawalpindi,Bronze,In-Store,2015-10-29
CUST09192,37,Female,Rawalpindi,Bronze,Mobile App,2025-05-09
CUST09193,38,Male,Sukkur,Silver,Online,2025-11-01
CUST09194,40,Male,Sukkur,Bronze,In-Store,2020-02-11
CUST09195,35,Male,Sargodha,Bronze,In-Store,2022-09-21
CUST09196,26,Male,Multan,Bronze,Online,2020-03-04
CUST09197,34,Male,Faisalabad,Silver,Mobile App,2017-03-28
CUST09198,60,Female,Gujranwala,Silver,In-Store,2016-09-29
CUST09199,37,Female,Karachi,Bronze,Online,2024-11-25
CUST09200,46,Male,Sukkur,Silver,In-Store,2021-12-22
CUST09201,24,Female,Lahore,Bronze,Online,2017-04-07
CUST09202,34,Female,Rawalpindi,Gold,Online,2023-05-15
CUST09203,24,Male,Peshawar,Bronze,Online,2025-05-07
CUST09204,54,Male,Karachi,Silver,In-Store,2017-03-20
CUST09205,18,Female,Islamabad,Platinum,Mobile App,2017-11-12
CUST09206,42,Male,Lahore,Bronze,In-Store,2021-09-30
CUST09207,42,Female,Karachi,Silver,Mobile App,2016-11-25
CUST09208,41,Female,Lahore,Bronze,In-Store,2019-07-27
CUST09209,18,Female,Karachi,Platinum,In-Store,2022-01-26
CUST09210,18,Female,Sialkot,Bronze,In-Store,2025-10-21
CUST09211,39,Female,Islamabad,Bronze,In-Store,2024-12-14
CUST09212,25,Female,Karachi,Bronze,In-Store,2015-10-27
CUST09213,29,Male,Lahore,Platinum,Online,2021-06-10
CUST09214,32,Male,Quetta,Bronze,Online,2019-04-25
CUST09215,24,Female,Lahore,Platinum,Online,2017-08-14
CUST09216,22,Female,Rawalpindi,Gold,In-Store,2019-07-18
CUST09217,37,Female,Peshawar,Gold,Online,2025-10-02
CUST09218,18,Female,Sargodha,Bronze,In-Store,2020-02-23
CUST09219,31,Female,Karachi,Silver,Online,2021-07-23
CUST09220,29,Female,Lahore,Bronze,Online,2018-04-30
CUST09221,37,Male,Lahore,Silver,In-Store,2025-03-23
CUST09222,69,Male,Sukkur,Bronze,In-Store,2018-02-10
CUST09223,25,Female,Faisalabad,Platinum,Mobile App,2017-07-16
CUST09224,43,Female,Sialkot,Bronze,In-Store,2018-11-17
CUST09225,40,Male,Rawalpindi,Gold,In-Store,2018-01-10
CUST09226,45,Male,Rawalpindi,Bronze,Mobile App,2016-10-09
CUST09227,35,Female,Abbottabad,Gold,In-Store,2022-08-31
CUST09228,56,Male,Lahore,Gold,Online,2016-06-06
CUST09229,46,Male,Islamabad,Bronze,Online,2016-11-17
CUST09230,47,Male,Abbottabad,Silver,In-Store,2024-10-25
CUST09231,19,Female,Lahore,Bronze,In-Store,2016-04-17
CUST09232,39,Male,Karachi,Bronze,Online,2020-07-22
CUST09233,31,Male,Lahore,Silver,In-Store,2025-03-26
CUST09234,26,Male,Hyderabad,Gold,Online,2023-08-07
CUST09235,29,Female,Abbottabad,Gold,Mobile App,2024-08-11
CUST09236,37,Female,Multan,Gold,In-Store,2018-10-08
CUST09237,43,Female,Abbottabad,Gold,In-Store,2025-10-31
CUST09238,50,Male,Lahore,Bronze,Online,2025-03-23
CUST09239,50,Female,Multan,Platinum,Online,2019-04-28
CUST09240,41,Female,Multan,Platinum,In-Store,2023-12-07
CUST09241,38,Male,Karachi,Silver,In-Store,2015-10-07
CUST09242,33,Other,Multan,Platinum,Mobile App,2025-07-31
CUST09243,34,Male,Faisalabad,Platinum,Online,2018-08-03
CUST09244,27,Male,Sialkot,Gold,Online,2023-06-22
CUST09245,32,Female,Hyderabad,Gold,In-Store,2017-08-26
CUST09246,42,Female,Lahore,Bronze,In-Store,2022-11-18
CUST09247,58,Female,Karachi,Bronze,Online,2023-08-28
CUST09248,36,Male,Bahawalpur,Bronze,In-Store,2021-07-10
CUST09249,27,Female,Sialkot,Bronze,In-Store,2015-03-11
CUST09250,50,Female,Islamabad,Gold,In-Store,2023-10-04
CUST09251,18,Male,Faisalabad,Bronze,Mobile App,2025-05-11
CUST09252,51,Female,Gujranwala,Bronze,Online,2018-06-19
CUST09253,19,Male,Lahore,Silver,Online,2025-10-01
CUST09254,46,Male,Karachi,Bronze,In-Store,2015-10-01
CUST09255,31,Male,Faisalabad,Gold,In-Store,2019-05-04
CUST09256,42,Female,Karachi,Gold,Online,2018-12-14
CUST09257,65,Female,Sargodha,Bronze,Mobile App,2021-12-20
CUST09258,27,Female,Lahore,Silver,Online,2023-07-05
CUST09259,24,Male,Quetta,Silver,In-Store,2024-02-02
CUST09260,39,Female,Quetta,Silver,Online,2016-03-02
CUST09261,57,Female,Lahore,Bronze,In-Store,2024-10-01
CUST09262,40,Female,Karachi,Bronze,In-Store,2024-10-22
CUST09263,38,Female,Lahore,Bronze,Online,2019-01-01
CUST09264,40,Male,Faisalabad,Gold,Online,2020-11-27
CUST09265,24,Female,Karachi,Silver,In-Store,2021-06-23
CUST09266,40,Female,Sargodha,Silver,Online,2023-10-18
CUST09267,32,Male,Sialkot,Silver,Mobile App,2018-12-18
CUST09268,55,Female,Lahore,Silver,Online,2020-08-06
CUST09269,48,Male,Karachi,Gold,Online,2022-08-11
CUST09270,20,Female,Karachi,Bronze,In-Store,2024-04-04
CUST09271,34,Male,Gujranwala,Silver,Mobile App,2018-08-13
CUST09272,44,Female,Sukkur,Bronze,Online,2025-12-11
CUST09273,25,Male,Faisalabad,Bronze,Mobile App,2024-05-18
CUST09274,23,Female,Faisalabad,Gold,Mobile App,2023-11-23
CUST09275,31,Male,Rawalpindi,Gold,In-Store,2021-08-13
CUST09276,42,Male,Gujranwala,Gold,Mobile App,2024-08-25
CUST09277,51,Male,Sukkur,Bronze,In-Store,2023-08-08
CUST09278,41,Male,Islamabad,Gold,Online,2024-01-20
CUST09279,70,Female,Bahawalpur,Bronze,Online,2016-01-12
CUST09280,29,Male,Lahore,Bronze,Mobile App,2019-12-14
CUST09281,47,Male,Lahore,Bronze,Online,2024-05-08
CUST09282,23,Female,Hyderabad,Gold,Online,2018-11-23
CUST09283,58,Female,Faisalabad,Bronze,Mobile App,2019-03-22
CUST09284,55,Female,Karachi,Bronze,Mobile App,2021-03-20
CUST09285,47,Male,Karachi,Bronze,Online,2023-05-11
CUST09286,18,Female,Lahore,Silver,Online,2017-04-04
CUST09287,47,Male,Lahore,Bronze,In-Store,2022-02-19
CUST09288,27,Male,Abbottabad,Gold,In-Store,2019-11-07
CUST09289,43,Female,Quetta,Bronze,Mobile App,2025-06-14
CUST09290,19,Female,Rawalpindi,Silver,In-Store,2016-06-16
CUST09291,41,Male,Gujranwala,Bronze,Mobile App,2015-08-17
CUST09292,33,Female,Lahore,Bronze,Online,2018-04-20
CUST09293,27,Male,Karachi,Bronze,In-Store,2025-06-14
CUST09294,45,Female,Islamabad,Bronze,Mobile App,2022-10-02
CUST09295,37,Male,Islamabad,Gold,In-Store,2019-08-27
CUST09296,35,Female,Karachi,Bronze,In-Store,2015-10-28
CUST09297,47,Male,Peshawar,Gold,In-Store,2021-08-24
CUST09298,62,Male,Islamabad,Bronze,In-Store,2025-02-16
CUST09299,41,Male,Lahore,Bronze,Online,2023-04-10
CUST09300,18,Male,Multan,Bronze,In-Store,2015-07-18
CUST09301,18,Male,Quetta,Bronze,Mobile App,2024-06-13
CUST09302,38,Male,Abbottabad,Gold,Online,2017-10-15
CUST09303,51,Female,Sukkur,Silver,In-Store,2023-09-17
CUST09304,39,Male,Karachi,Silver,Mobile App,2025-07-16
CUST09305,44,Female,Karachi,Silver,Mobile App,2018-09-18
CUST09306,37,Male,Faisalabad,Bronze,Online,2024-08-01
CUST09307,50,Male,Rawalpindi,Silver,Mobile App,2021-10-23
CUST09308,46,Female,Sukkur,Silver,In-Store,2016-01-24
CUST09309,24,Male,Gujranwala,Bronze,In-Store,2019-03-13
CUST09310,43,Female,Faisalabad,Silver,In-Store,2024-08-05
CUST09311,18,Male,Sargodha,Silver,In-Store,2019-05-27
CUST09312,43,Male,Islamabad,Bronze,In-Store,2024-04-27
CUST09313,34,Other,Peshawar,Bronze,In-Store,2019-12-27
CUST09314,40,Female,Quetta,Gold,In-Store,2020-04-16
CUST09315,42,Female,Faisalabad,Bronze,In-Store,2025-09-22
CUST09316,41,Male,Lahore,Bronze,Online,2024-07-24
CUST09317,56,Female,Karachi,Gold,In-Store,2024-06-08
CUST09318,38,Female,Karachi,Platinum,In-Store,2020-05-02
CUST09319,40,Male,Islamabad,Bronze,In-Store,2021-12-03
CUST09320,55,Male,Peshawar,Bronze,In-Store,2016-08-11
CUST09321,62,Female,Islamabad,Bronze,In-Store,2024-09-21
CUST09322,37,Male,Hyderabad,Silver,In-Store,2017-06-23
CUST09323,31,Male,Multan,Bronze,Online,2015-04-13
CUST09324,31,Male,Rawalpindi,Gold,Online,2018-08-28
CUST09325,43,Male,Islamabad,Platinum,In-Store,2018-08-24
CUST09326,35,Male,Karachi,Bronze,Online,2018-09-29
CUST09327,18,Male,Faisalabad,Gold,Online,2017-01-09
CUST09328,52,Male,Islamabad,Bronze,In-Store,2023-02-20
CUST09329,48,Male,Sargodha,Bronze,Online,2016-09-24
CUST09330,52,Female,Sialkot,Gold,In-Store,2017-05-13
CUST09331,55,Female,Karachi,Bronze,In-Store,2023-07-20
CUST09332,40,Female,Faisalabad,Bronze,In-Store,2023-03-23
CUST09333,41,Male,Sukkur,Bronze,In-Store,2025-09-12
CUST09334,51,Male,Sargodha,Bronze,In-Store,2021-01-28
CUST09335,22,Female,Bahawalpur,Gold,Online,2017-10-28
CUST09336,33,Female,Gujranwala,Bronze,Online,2021-07-20
CUST09337,37,Female,Lahore,Bronze,In-Store,2016-01-28
CUST09338,49,Female,Peshawar,Platinum,In-Store,2022-10-27
CUST09339,30,Male,Quetta,Silver,Mobile App,2019-08-17
CUST09340,28,Male,Hyderabad,Gold,In-Store,2023-09-05
CUST09341,32,Male,Sukkur,Bronze,In-Store,2018-02-23
CUST09342,44,Male,Faisalabad,Silver,Online,2019-03-25
CUST09343,37,Female,Islamabad,Platinum,Mobile App,2018-12-16
CUST09344,19,Male,Faisalabad,Platinum,Online,2022-07-06
CUST09345,21,Female,Bahawalpur,Bronze,Online,2022-04-08
CUST09346,39,Female,Faisalabad,Silver,Mobile App,2015-06-30
CUST09347,40,Female,Karachi,Silver,In-Store,2024-11-06
CUST09348,38,Female,Rawalpindi,Bronze,Online,2023-06-24
CUST09349,31,Male,Sialkot,Bronze,In-Store,2023-11-18
CUST09350,48,Male,Abbottabad,Silver,Online,2023-05-22
CUST09351,42,Female,Rawalpindi,Bronze,Online,2019-01-18
CUST09352,42,Male,Gujranwala,Platinum,Mobile App,2025-09-08
CUST09353,42,Female,Lahore,Bronze,Online,2023-04-11
CUST09354,58,Male,Islamabad,Silver,Online,2016-12-23
CUST09355,24,Female,Lahore,Gold,In-Store,2018-02-06
CUST09356,32,Male,Peshawar,Silver,In-Store,2016-06-13
CUST09357,33,Female,Bahawalpur,Bronze,In-Store,2023-04-12
CUST09358,54,Female,Gujranwala,Silver,In-Store,2025-02-20
CUST09359,33,Male,Multan,Bronze,Online,2023-05-09
CUST09360,27,Female,Faisalabad,Silver,In-Store,2018-09-02
CUST09361,36,Female,Hyderabad,Platinum,In-Store,2024-09-13
CUST09362,39,Male,Sargodha,Gold,Online,2021-09-02
CUST09363,53,Female,Sialkot,Bronze,In-Store,2019-03-28
CUST09364,33,Female,Peshawar,Platinum,Online,2025-07-01
CUST09365,29,Male,Gujranwala,Gold,Online,2020-07-09
CUST09366,26,Male,Faisalabad,Bronze,In-Store,2022-06-07
CUST09367,33,Female,Rawalpindi,Platinum,In-Store,2021-05-19
CUST09368,71,Female,Sargodha,Silver,Online,2017-11-30
CUST09369,42,Male,Faisalabad,Platinum,In-Store,2022-12-16
CUST09370,45,Male,Multan,Silver,In-Store,2016-05-18
CUST09371,37,Female,Karachi,Bronze,Online,2019-11-07
CUST09372,39,Male,Faisalabad,Bronze,Online,2018-10-11
CUST09373,48,Male,Islamabad,Silver,Online,2024-05-30
CUST09374,45,Male,Lahore,Bronze,Online,2022-05-03
CUST09375,42,Male,Sargodha,Gold,In-Store,2019-03-04
CUST09376,38,Female,Bahawalpur,Bronze,Online,2025-06-13
CUST09377,33,Female,Abbottabad,Bronze,In-Store,2024-08-05
CUST09378,43,Female,Islamabad,Silver,In-Store,2015-09-14
CUST09379,39,Male,Peshawar,Silver,In-Store,2021-10-28
CUST09380,65,Male,Islamabad,Bronze,In-Store,2019-10-08
CUST09381,51,Female,Rawalpindi,Bronze,Online,2015-08-06
CUST09382,29,Female,Lahore,Gold,Online,2023-11-03
CUST09383,22,Male,Multan,Bronze,Online,2018-06-15
CUST09384,32,Female,Lahore,Bronze,In-Store,2024-08-12
CUST09385,23,Male,Lahore,Platinum,In-Store,2019-09-12
CUST09386,32,Male,Rawalpindi,Bronze,Online,2024-06-03
CUST09387,25,Female,Karachi,Gold,In-Store,2022-05-11
CUST09388,33,Male,Sukkur,Silver,In-Store,2023-07-21
CUST09389,33,Male,Lahore,Platinum,In-Store,2021-09-30
CUST09390,39,Female,Peshawar,Silver,In-Store,2017-01-11
CUST09391,35,Male,Karachi,Gold,In-Store,2020-05-15
CUST09392,26,Female,Islamabad,Platinum,In-Store,2018-11-11
CUST09393,53,Male,Karachi,Bronze,Mobile App,2017-01-22
CUST09394,43,Female,Abbottabad,Bronze,Online,2021-06-21
CUST09395,30,Male,Sukkur,Silver,In-Store,2022-04-28
CUST09396,26,Female,Hyderabad,Gold,In-Store,2016-06-24
CUST09397,18,Male,Lahore,Silver,In-Store,2025-01-15
CUST09398,18,Female,Multan,Gold,Mobile App,2019-04-23
CUST09399,51,Female,Sukkur,Bronze,In-Store,2020-03-28
CUST09400,50,Male,Islamabad,Bronze,Mobile App,2017-04-29
CUST09401,30,Female,Karachi,Bronze,Mobile App,2017-04-01
CUST09402,55,Male,Rawalpindi,Bronze,In-Store,2018-04-06
CUST09403,46,Male,Sukkur,Bronze,Mobile App,2016-11-29
CUST09404,40,Male,Karachi,Bronze,In-Store,2023-09-26
CUST09405,49,Female,Karachi,Bronze,In-Store,2017-06-25
CUST09406,46,Male,Multan,Bronze,Mobile App,2022-07-15
CUST09407,39,Female,Lahore,Silver,Online,2017-07-31
CUST09408,34,Female,Islamabad,Gold,Online,2015-01-23
CUST09409,36,Male,Islamabad,Platinum,In-Store,2019-12-08
CUST09410,18,Male,Quetta,Bronze,In-Store,2025-04-15
CUST09411,27,Female,Karachi,Silver,Online,2016-07-20
CUST09412,61,Male,Peshawar,Silver,In-Store,2020-10-13
CUST09413,27,Male,Faisalabad,Gold,Mobile App,2020-07-13
CUST09414,18,Male,Faisalabad,Silver,Online,2022-03-15
CUST09415,49,Male,Quetta,Bronze,In-Store,2019-10-15
CUST09416,41,Female,Peshawar,Bronze,Online,2021-10-27
CUST09417,41,Male,Peshawar,Silver,In-Store,2016-08-31
CUST09418,35,Female,Lahore,Gold,Online,2015-10-14
CUST09419,49,Female,Hyderabad,Bronze,Online,2017-02-01
CUST09420,57,Other,Multan,Silver,In-Store,2024-10-10
CUST09421,31,Female,Rawalpindi,Bronze,In-Store,2018-10-17
CUST09422,46,Male,Faisalabad,Platinum,Online,2022-07-11
CUST09423,52,Male,Lahore,Platinum,Online,2025-03-10
CUST09424,30,Male,Gujranwala,Gold,In-Store,2017-10-31
CUST09425,57,Female,Lahore,Gold,In-Store,2016-09-03
CUST09426,52,Female,Multan,Platinum,In-Store,2015-12-10
CUST09427,21,Male,Sargodha,Bronze,Online,2022-09-19
CUST09428,58,Female,Faisalabad,Silver,In-Store,2025-12-04
CUST09429,22,Male,Karachi,Bronze,In-Store,2020-05-08
CUST09430,29,Female,Abbottabad,Silver,In-Store,2025-04-18
CUST09431,46,Male,Faisalabad,Bronze,Mobile App,2020-07-16
CUST09432,51,Male,Lahore,Silver,In-Store,2022-12-14
CUST09433,39,Female,Faisalabad,Bronze,In-Store,2017-09-02
CUST09434,29,Other,Islamabad,Gold,In-Store,2020-11-18
CUST09435,34,Female,Rawalpindi,Gold,In-Store,2016-06-13
CUST09436,33,Male,Rawalpindi,Platinum,Online,2021-07-07
CUST09437,48,Female,Gujranwala,Bronze,In-Store,2017-10-31
CUST09438,32,Male,Lahore,Gold,Online,2020-06-02
CUST09439,29,Male,Peshawar,Bronze,Online,2018-04-03
CUST09440,18,Female,Quetta,Bronze,Mobile App,2024-06-21
CUST09441,30,Male,Abbottabad,Gold,In-Store,2023-06-21
CUST09442,36,Female,Islamabad,Bronze,In-Store,2023-02-21
CUST09443,23,Male,Lahore,Gold,In-Store,2022-10-19
CUST09444,18,Female,Sargodha,Gold,In-Store,2015-10-07
CUST09445,50,Male,Sargodha,Silver,In-Store,2019-02-03
CUST09446,24,Male,Sialkot,Silver,In-Store,2018-08-08
CUST09447,20,Male,Islamabad,Gold,In-Store,2016-09-03
CUST09448,58,Female,Abbottabad,Gold,Online,2022-12-22
CUST09449,49,Female,Multan,Bronze,In-Store,2022-06-29
CUST09450,51,Male,Lahore,Silver,Online,2025-11-05
CUST09451,44,Male,Gujranwala,Silver,Online,2025-07-31
CUST09452,55,Female,Rawalpindi,Gold,In-Store,2023-05-06
CUST09453,49,Male,Karachi,Gold,In-Store,2024-03-27
CUST09454,33,Male,Sialkot,Silver,In-Store,2020-06-17
CUST09455,24,Male,Gujranwala,Bronze,Online,2017-01-28
CUST09456,21,Male,Hyderabad,Silver,Online,2023-06-17
CUST09457,36,Female,Lahore,Silver,In-Store,2019-05-15
CUST09458,23,Male,Islamabad,Silver,In-Store,2022-12-21
CUST09459,27,Male,Gujranwala,Platinum,Online,2022-11-03
CUST09460,36,Male,Sialkot,Platinum,In-Store,2022-10-31
CUST09461,56,Male,Sukkur,Silver,Online,2018-07-25
CUST09462,18,Female,Faisalabad,Platinum,In-Store,2025-06-01
CUST09463,38,Male,Islamabad,Bronze,In-Store,2024-12-27
CUST09464,21,Female,Rawalpindi,Bronze,In-Store,2021-10-15
CUST09465,30,Other,Lahore,Silver,In-Store,2025-10-09
CUST09466,50,Female,Peshawar,Silver,Online,2020-09-09
CUST09467,26,Female,Faisalabad,Gold,Mobile App,2025-09-18
CUST09468,34,Male,Multan,Bronze,Online,2023-03-05
CUST09469,39,Male,Peshawar,Silver,In-Store,2019-07-07
CUST09470,47,Female,Lahore,Silver,Online,2024-10-01
CUST09471,30,Male,Sukkur,Silver,In-Store,2025-05-22
CUST09472,54,Female,Karachi,Bronze,In-Store,2021-11-17
CUST09473,32,Female,Lahore,Silver,In-Store,2018-03-28
CUST09474,44,Female,Karachi,Silver,Online,2015-03-19
CUST09475,35,Female,Rawalpindi,Silver,Mobile App,2017-01-18
CUST09476,47,Female,Sargodha,Silver,Online,2015-10-19
CUST09477,64,Female,Gujranwala,Silver,In-Store,2024-05-11
CUST09478,34,Male,Faisalabad,Bronze,Online,2024-02-25
CUST09479,37,Male,Islamabad,Bronze,In-Store,2020-07-02
CUST09480,32,Female,Karachi,Bronze,In-Store,2020-07-22
CUST09481,30,Male,Faisalabad,Silver,In-Store,2023-04-26
CUST09482,28,Female,Lahore,Gold,Mobile App,2025-11-15
CUST09483,37,Male,Karachi,Gold,In-Store,2021-07-01
CUST09484,27,Female,Hyderabad,Silver,Mobile App,2017-05-23
CUST09485,28,Female,Quetta,Silver,Online,2020-08-03
CUST09486,18,Male,Sargodha,Platinum,Online,2022-10-13
CUST09487,56,Female,Rawalpindi,Platinum,In-Store,2022-09-18
CUST09488,59,Female,Faisalabad,Platinum,In-Store,2019-08-07
CUST09489,46,Female,Faisalabad,Bronze,In-Store,2016-08-13
CUST09490,26,Male,Sukkur,Silver,Online,2015-03-21
CUST09491,21,Male,Lahore,Gold,In-Store,2022-05-25
CUST09492,18,Female,Karachi,Bronze,In-Store,2019-01-12
CUST09493,46,Male,Peshawar,Bronze,Online,2025-08-24
CUST09494,54,Male,Faisalabad,Bronze,In-Store,2017-02-17
CUST09495,40,Female,Multan,Bronze,Online,2020-06-25
CUST09496,49,Male,Sukkur,Silver,Online,2020-12-22
CUST09497,43,Female,Bahawalpur,Bronze,In-Store,2015-03-29
CUST09498,27,Male,Islamabad,Silver,In-Store,2024-07-20
CUST09499,51,Female,Peshawar,Bronze,Online,2018-05-14
CUST09500,50,Male,Faisalabad,Platinum,In-Store,2025-12-01
CUST09501,25,Male,Faisalabad,Bronze,Online,2017-06-24
CUST09502,48,Female,Gujranwala,Silver,Online,2021-01-21
CUST09503,36,Male,Lahore,Bronze,Online,2023-11-28
CUST09504,34,Male,Karachi,Silver,In-Store,2025-03-23
CUST09505,43,Male,Peshawar,Bronze,In-Store,2016-08-16
CUST09506,42,Male,Lahore,Platinum,Online,2024-08-04
CUST09507,49,Female,Lahore,Silver,Online,2022-02-04
CUST09508,26,Female,Karachi,Bronze,In-Store,2017-02-28
CUST09509,45,Male,Sargodha,Gold,In-Store,2019-06-19
CUST09510,22,Male,Hyderabad,Silver,In-Store,2015-04-19
CUST09511,35,Female,Quetta,Bronze,Online,2025-08-14
CUST09512,36,Male,Faisalabad,Silver,Online,2024-06-16
CUST09513,50,Male,Karachi,Bronze,Online,2017-08-16
CUST09514,38,Other,Abbottabad,Silver,In-Store,2021-04-23
CUST09515,34,Female,Lahore,Bronze,Online,2021-08-29
CUST09516,56,Male,Quetta,Bronze,In-Store,2023-07-19
CUST09517,32,Male,Faisalabad,Silver,In-Store,2020-01-17
CUST09518,31,Female,Lahore,Bronze,In-Store,2022-02-04
CUST09519,18,Female,Rawalpindi,Gold,Online,2021-04-20
CUST09520,35,Male,Multan,Platinum,Online,2017-06-30
CUST09521,25,Female,Quetta,Bronze,Online,2023-07-08
CUST09522,34,Female,Sialkot,Bronze,In-Store,2019-12-21
CUST09523,41,Male,Karachi,Bronze,In-Store,2017-09-08
CUST09524,23,Female,Sukkur,Silver,In-Store,2018-11-12
CUST09525,27,Female,Quetta,Gold,Online,2023-10-04
CUST09526,18,Female,Sialkot,Bronze,In-Store,2022-08-23
CUST09527,31,Female,Islamabad,Bronze,In-Store,2025-06-22
CUST09528,25,Male,Quetta,Gold,In-Store,2015-08-14
CUST09529,65,Female,Multan,Silver,In-Store,2019-11-21
CUST09530,57,Male,Islamabad,Bronze,In-Store,2019-12-02
CUST09531,55,Male,Lahore,Bronze,In-Store,2021-01-21
CUST09532,21,Female,Multan,Bronze,In-Store,2017-09-09
CUST09533,35,Female,Sialkot,Bronze,In-Store,2021-09-10
CUST09534,22,Male,Islamabad,Silver,Mobile App,2022-10-12
CUST09535,61,Male,Sukkur,Bronze,In-Store,2015-09-19
CUST09536,48,Male,Sukkur,Bronze,In-Store,2020-02-10
CUST09537,24,Other,Sialkot,Gold,Online,2024-09-09
CUST09538,42,Female,Karachi,Bronze,In-Store,2022-09-16
CUST09539,18,Male,Faisalabad,Gold,In-Store,2019-12-28
CUST09540,36,Male,Abbottabad,Bronze,Online,2023-09-25
CUST09541,35,Female,Lahore,Silver,Online,2024-04-21
CUST09542,47,Female,Karachi,Platinum,Online,2023-06-15
CUST09543,50,Female,Faisalabad,Silver,In-Store,2025-12-21
CUST09544,38,Female,Lahore,Bronze,Online,2025-02-28
CUST09545,35,Male,Sialkot,Gold,In-Store,2016-12-26
CUST09546,18,Male,Sargodha,Silver,Online,2016-02-01
CUST09547,58,Male,Rawalpindi,Gold,Online,2017-04-05
CUST09548,29,Male,Gujranwala,Bronze,In-Store,2015-11-29
CUST09549,39,Female,Quetta,Bronze,Online,2021-09-25
CUST09550,67,Female,Peshawar,Platinum,Online,2017-07-24
CUST09551,22,Female,Karachi,Silver,Online,2021-08-07
CUST09552,38,Male,Quetta,Silver,Online,2019-12-31
CUST09553,44,Female,Sialkot,Silver,Online,2017-11-21
CUST09554,52,Other,Karachi,Silver,Online,2020-06-29
CUST09555,38,Male,Bahawalpur,Gold,Online,2022-12-13
CUST09556,53,Male,Rawalpindi,Bronze,In-Store,2024-11-09
CUST09557,32,Female,Sialkot,Platinum,In-Store,2023-09-28
CUST09558,45,Male,Quetta,Bronze,Mobile App,2025-11-12
CUST09559,43,Female,Gujranwala,Silver,In-Store,2019-09-01
CUST09560,36,Male,Karachi,Platinum,In-Store,2018-09-21
CUST09561,42,Male,Peshawar,Silver,Online,2023-01-15
CUST09562,26,Female,Islamabad,Silver,In-Store,2025-06-15
CUST09563,34,Male,Islamabad,Platinum,In-Store,2016-04-30
CUST09564,21,Male,Karachi,Bronze,Mobile App,2017-10-20
CUST09565,32,Male,Multan,Silver,In-Store,2015-07-03
CUST09566,52,Male,Quetta,Platinum,In-Store,2017-01-10
CUST09567,43,Male,Lahore,Silver,Online,2019-01-03
CUST09568,42,Female,Karachi,Bronze,Online,2022-08-10
CUST09569,18,Male,Sargodha,Platinum,In-Store,2021-12-26
CUST09570,42,Male,Lahore,Gold,In-Store,2019-03-01
CUST09571,37,Male,Islamabad,Platinum,Online,2018-11-21
CUST09572,44,Female,Sukkur,Silver,In-Store,2023-10-15
CUST09573,55,Male,Rawalpindi,Bronze,In-Store,2023-12-22
CUST09574,32,Female,Islamabad,Platinum,In-Store,2024-12-19
CUST09575,33,Female,Karachi,Gold,Mobile App,2021-02-27
CUST09576,49,Male,Gujranwala,Silver,Online,2021-04-11
CUST09577,30,Male,Quetta,Bronze,In-Store,2017-06-03
CUST09578,39,Female,Lahore,Gold,Mobile App,2024-08-03
CUST09579,18,Male,Multan,Silver,In-Store,2025-03-10
CUST09580,33,Female,Karachi,Bronze,In-Store,2018-06-22
CUST09581,54,Female,Lahore,Silver,In-Store,2018-03-02
CUST09582,42,Female,Gujranwala,Platinum,Online,2015-09-22
CUST09583,49,Male,Sargodha,Silver,In-Store,2023-04-20
CUST09584,50,Male,Sialkot,Gold,In-Store,2021-01-11
CUST09585,55,Male,Quetta,Silver,In-Store,2018-08-27
CUST09586,33,Male,Peshawar,Silver,Online,2025-08-11
CUST09587,50,Female,Karachi,Silver,In-Store,2017-04-01
CUST09588,67,Male,Faisalabad,Bronze,In-Store,2021-10-20
CUST09589,37,Female,Peshawar,Bronze,In-Store,2016-02-28
CUST09590,20,Female,Sialkot,Gold,In-Store,2023-01-03
CUST09591,30,Male,Quetta,Bronze,In-Store,2015-04-01
CUST09592,44,Female,Islamabad,Silver,Mobile App,2025-01-09
CUST09593,18,Female,Multan,Bronze,Online,2020-02-13
CUST09594,28,Male,Gujranwala,Platinum,Online,2023-07-24
CUST09595,33,Female,Faisalabad,Bronze,In-Store,2016-12-03
CUST09596,39,Male,Rawalpindi,Silver,In-Store,2021-08-17
CUST09597,61,Female,Karachi,Bronze,In-Store,2016-03-17
CUST09598,46,Female,Faisalabad,Bronze,In-Store,2023-12-09
CUST09599,23,Female,Quetta,Bronze,In-Store,2015-03-21
CUST09600,80,Male,Islamabad,Platinum,In-Store,2018-09-04
CUST09601,37,Male,Sialkot,Bronze,Online,2025-07-10
CUST09602,18,Female,Abbottabad,Bronze,Online,2021-05-28
CUST09603,24,Female,Lahore,Bronze,In-Store,2019-05-11
CUST09604,24,Male,Multan,Silver,In-Store,2024-09-27
CUST09605,20,Female,Islamabad,Bronze,Online,2016-06-08
CUST09606,44,Male,Lahore,Silver,Mobile App,2019-08-12
CUST09607,18,Female,Faisalabad,Silver,Mobile App,2023-05-11
CUST09608,50,Male,Islamabad,Silver,In-Store,2024-01-19
CUST09609,48,Male,Multan,Bronze,In-Store,2022-05-31
CUST09610,32,Male,Peshawar,Silver,In-Store,2023-01-12
CUST09611,49,Male,Rawalpindi,Bronze,Mobile App,2016-06-02
CUST09612,23,Female,Karachi,Platinum,In-Store,2018-08-24
CUST09613,27,Female,Bahawalpur,Gold,Online,2023-03-29
CUST09614,45,Female,Sargodha,Bronze,In-Store,2022-02-17
CUST09615,35,Male,Lahore,Silver,In-Store,2025-07-08
CUST09616,29,Female,Hyderabad,Platinum,In-Store,2019-11-08
CUST09617,36,Female,Bahawalpur,Bronze,Online,2025-08-23
CUST09618,55,Female,Lahore,Bronze,In-Store,2018-11-08
CUST09619,54,Female,Rawalpindi,Silver,In-Store,2016-12-14
CUST09620,43,Male,Karachi,Bronze,In-Store,2022-09-01
CUST09621,33,Female,Rawalpindi,Gold,Mobile App,2024-08-03
CUST09622,44,Male,Islamabad,Platinum,Mobile App,2016-09-17
CUST09623,26,Female,Lahore,Silver,In-Store,2024-10-31
CUST09624,53,Male,Faisalabad,Platinum,Online,2022-03-31
CUST09625,50,Male,Karachi,Bronze,Online,2020-02-05
CUST09626,63,Male,Islamabad,Platinum,Mobile App,2016-09-10
CUST09627,27,Other,Hyderabad,Bronze,Online,2017-04-09
CUST09628,25,Female,Peshawar,Platinum,In-Store,2020-05-18
CUST09629,45,Male,Gujranwala,Platinum,Mobile App,2018-12-26
CUST09630,34,Female,Lahore,Bronze,In-Store,2023-05-13
CUST09631,50,Male,Faisalabad,Bronze,In-Store,2018-09-01
CUST09632,55,Female,Lahore,Bronze,In-Store,2022-04-23
CUST09633,60,Female,Rawalpindi,Silver,Mobile App,2020-03-18
CUST09634,38,Female,Multan,Platinum,Online,2019-03-08
CUST09635,49,Male,Islamabad,Silver,Online,2024-02-14
CUST09636,31,Female,Faisalabad,Silver,In-Store,2019-12-14
CUST09637,40,Female,Multan,Silver,Online,2020-02-04
CUST09638,37,Male,Karachi,Bronze,In-Store,2017-09-13
CUST09639,36,Female,Karachi,Silver,In-Store,2022-02-27
CUST09640,61,Male,Karachi,Bronze,Mobile App,2019-07-23
CUST09641,20,Male,Sukkur,Gold,In-Store,2015-03-23
CUST09642,37,Female,Abbottabad,Silver,Mobile App,2024-12-14
CUST09643,38,Female,Karachi,Gold,In-Store,2020-01-21
CUST09644,46,Female,Islamabad,Bronze,Online,2024-04-09
CUST09645,23,Female,Islamabad,Silver,In-Store,2015-07-04
CUST09646,34,Female,Multan,Bronze,In-Store,2016-01-28
CUST09647,30,Male,Islamabad,Bronze,In-Store,2019-02-18
CUST09648,18,Male,Sargodha,Gold,In-Store,2017-01-04
CUST09649,53,Male,Lahore,Silver,Mobile App,2015-05-05
CUST09650,18,Female,Rawalpindi,Bronze,Online,2015-05-29
CUST09651,18,Male,Lahore,Gold,Mobile App,2022-06-07
CUST09652,50,Male,Islamabad,Bronze,In-Store,2019-07-29
CUST09653,33,Female,Lahore,Silver,Online,2016-09-26
CUST09654,34,Female,Karachi,Silver,In-Store,2024-02-11
CUST09655,34,Male,Bahawalpur,Bronze,In-Store,2019-05-19
CUST09656,51,Female,Multan,Bronze,Mobile App,2021-05-13
CUST09657,30,Male,Peshawar,Bronze,In-Store,2018-02-08
CUST09658,45,Female,Islamabad,Bronze,Online,2017-08-04
CUST09659,23,Male,Karachi,Bronze,Mobile App,2025-09-02
CUST09660,42,Female,Abbottabad,Bronze,In-Store,2019-05-02
CUST09661,49,Male,Islamabad,Gold,Mobile App,2024-03-17
CUST09662,56,Female,Sialkot,Bronze,In-Store,2016-01-11
CUST09663,18,Female,Bahawalpur,Bronze,Online,2017-09-25
CUST09664,34,Male,Faisalabad,Silver,Online,2019-03-23
CUST09665,58,Female,Rawalpindi,Bronze,Online,2019-04-02
CUST09666,49,Female,Lahore,Silver,Mobile App,2019-02-13
CUST09667,35,Female,Karachi,Silver,Mobile App,2019-12-12
CUST09668,38,Female,Karachi,Gold,In-Store,2017-12-10
CUST09669,41,Male,Peshawar,Bronze,Online,2022-09-02
CUST09670,33,Female,Bahawalpur,Bronze,In-Store,2017-04-24
CUST09671,45,Female,Sialkot,Bronze,In-Store,2023-01-16
CUST09672,44,Male,Islamabad,Silver,In-Store,2017-05-16
CUST09673,23,Male,Karachi,Bronze,In-Store,2021-04-09
CUST09674,31,Female,Lahore,Silver,In-Store,2016-07-31
CUST09675,32,Female,Hyderabad,Gold,In-Store,2021-08-08
CUST09676,34,Male,Lahore,Silver,In-Store,2016-07-06
CUST09677,41,Male,Faisalabad,Bronze,Mobile App,2018-08-12
CUST09678,40,Female,Abbottabad,Silver,Mobile App,2025-10-08
CUST09679,28,Female,Abbottabad,Bronze,Online,2016-11-22
CUST09680,55,Female,Lahore,Gold,Mobile App,2022-03-08
CUST09681,38,Female,Sargodha,Bronze,In-Store,2025-10-17
CUST09682,57,Male,Islamabad,Gold,In-Store,2022-01-20
CUST09683,56,Female,Hyderabad,Platinum,In-Store,2019-11-25
CUST09684,24,Female,Lahore,Bronze,In-Store,2019-05-01
CUST09685,31,Female,Karachi,Gold,In-Store,2019-02-09
CUST09686,32,Female,Gujranwala,Gold,In-Store,2016-11-03
CUST09687,42,Female,Rawalpindi,Silver,In-Store,2019-08-07
CUST09688,47,Male,Abbottabad,Gold,In-Store,2020-05-14
CUST09689,39,Male,Islamabad,Silver,In-Store,2019-10-05
CUST09690,30,Male,Islamabad,Silver,Online,2019-02-16
CUST09691,59,Female,Faisalabad,Silver,Mobile App,2025-09-02
CUST09692,32,Female,Gujranwala,Platinum,Online,2017-09-02
CUST09693,47,Female,Karachi,Silver,In-Store,2024-02-03
CUST09694,37,Male,Peshawar,Bronze,In-Store,2023-05-12
CUST09695,37,Male,Lahore,Silver,Mobile App,2023-04-06
CUST09696,46,Male,Lahore,Gold,In-Store,2017-07-27
CUST09697,58,Female,Karachi,Gold,In-Store,2025-06-25
CUST09698,41,Male,Karachi,Bronze,In-Store,2022-11-30
CUST09699,31,Female,Lahore,Gold,In-Store,2015-01-02
CUST09700,57,Male,Peshawar,Silver,In-Store,2016-05-22
CUST09701,44,Male,Rawalpindi,Gold,In-Store,2022-01-30
CUST09702,40,Male,Karachi,Silver,In-Store,2020-06-25
CUST09703,51,Male,Faisalabad,Bronze,Online,2021-01-14
CUST09704,42,Female,Gujranwala,Bronze,Online,2022-06-18
CUST09705,69,Male,Hyderabad,Bronze,Mobile App,2020-11-16
CUST09706,38,Female,Multan,Silver,In-Store,2022-07-27
CUST09707,52,Male,Faisalabad,Bronze,Online,2016-09-04
CUST09708,43,Other,Islamabad,Platinum,In-Store,2025-10-11
CUST09709,43,Male,Faisalabad,Bronze,Online,2020-02-23
CUST09710,33,Female,Sialkot,Bronze,In-Store,2019-12-24
CUST09711,33,Female,Rawalpindi,Gold,In-Store,2025-08-06
CUST09712,44,Other,Hyderabad,Bronze,In-Store,2019-02-26
CUST09713,26,Female,Multan,Bronze,Mobile App,2022-03-05
CUST09714,30,Female,Rawalpindi,Bronze,In-Store,2023-03-10
CUST09715,38,Female,Bahawalpur,Silver,Online,2021-02-23
CUST09716,54,Female,Sukkur,Bronze,Online,2015-09-16
CUST09717,39,Female,Islamabad,Gold,In-Store,2017-07-29
CUST09718,38,Female,Sialkot,Silver,Online,2020-05-29
CUST09719,24,Female,Bahawalpur,Bronze,In-Store,2022-06-22
CUST09720,60,Female,Multan,Silver,Online,2024-07-31
CUST09721,52,Male,Sargodha,Platinum,In-Store,2016-09-01
CUST09722,53,Female,Karachi,Gold,Online,2017-11-30
CUST09723,19,Male,Sargodha,Bronze,In-Store,2021-02-08
CUST09724,42,Male,Peshawar,Gold,Mobile App,2020-07-11
CUST09725,25,Female,Karachi,Bronze,In-Store,2016-01-12
CUST09726,48,Male,Karachi,Bronze,Mobile App,2016-10-13
CUST09727,42,Male,Quetta,Silver,In-Store,2020-03-08
CUST09728,44,Female,Lahore,Gold,In-Store,2025-05-24
CUST09729,28,Male,Karachi,Silver,Online,2015-11-02
CUST09730,24,Female,Lahore,Silver,Mobile App,2024-05-04
CUST09731,29,Male,Karachi,Bronze,In-Store,2024-01-22
CUST09732,42,Other,Lahore,Bronze,In-Store,2023-06-06
CUST09733,34,Male,Faisalabad,Platinum,In-Store,2016-09-15
CUST09734,41,Female,Faisalabad,Silver,Online,2016-08-13
CUST09735,24,Male,Rawalpindi,Gold,In-Store,2018-10-28
CUST09736,37,Male,Sialkot,Bronze,Online,2020-07-16
CUST09737,56,Male,Karachi,Bronze,In-Store,2022-05-16
CUST09738,42,Male,Sukkur,Bronze,In-Store,2017-05-09
CUST09739,43,Female,Abbottabad,Gold,Online,2024-02-27
CUST09740,43,Female,Sargodha,Bronze,In-Store,2025-02-05
CUST09741,31,Male,Lahore,Silver,In-Store,2024-07-27
CUST09742,59,Female,Sukkur,Bronze,Mobile App,2025-03-24
CUST09743,42,Female,Sialkot,Bronze,In-Store,2025-10-09
CUST09744,40,Female,Rawalpindi,Silver,In-Store,2023-01-12
CUST09745,46,Female,Abbottabad,Silver,In-Store,2015-12-22
CUST09746,50,Female,Lahore,Gold,In-Store,2022-03-29
CUST09747,21,Female,Multan,Gold,In-Store,2022-09-15
CUST09748,38,Female,Lahore,Bronze,In-Store,2017-09-06
CUST09749,67,Male,Lahore,Bronze,In-Store,2015-03-02
CUST09750,59,Male,Hyderabad,Silver,Online,2015-10-22
CUST09751,36,Female,Peshawar,Bronze,In-Store,2023-09-02
CUST09752,47,Male,Quetta,Bronze,Online,2024-03-22
CUST09753,33,Male,Islamabad,Silver,In-Store,2015-09-29
CUST09754,42,Female,Bahawalpur,Silver,In-Store,2017-08-15
CUST09755,32,Male,Rawalpindi,Bronze,In-Store,2021-06-27
CUST09756,31,Male,Islamabad,Gold,In-Store,2017-12-09
CUST09757,30,Female,Lahore,Bronze,In-Store,2021-02-25
CUST09758,59,Male,Lahore,Gold,Mobile App,2017-10-29
CUST09759,31,Female,Gujranwala,Bronze,In-Store,2020-11-26
CUST09760,52,Male,Islamabad,Silver,Online,2018-10-30
CUST09761,32,Female,Islamabad,Silver,Online,2015-09-19
CUST09762,30,Female,Islamabad,Bronze,In-Store,2018-07-27
CUST09763,43,Male,Islamabad,Bronze,In-Store,2022-10-04
CUST09764,21,Female,Faisalabad,Gold,Mobile App,2017-10-26
CUST09765,46,Female,Abbottabad,Gold,In-Store,2018-01-19
CUST09766,36,Female,Sargodha,Bronze,In-Store,2016-05-30
CUST09767,30,Male,Sargodha,Silver,In-Store,2016-05-13
CUST09768,28,Female,Multan,Gold,In-Store,2023-07-16
CUST09769,63,Other,Abbottabad,Bronze,In-Store,2015-02-21
CUST09770,37,Female,Islamabad,Silver,Mobile App,2025-05-17
CUST09771,37,Female,Lahore,Silver,In-Store,2025-12-16
CUST09772,49,Male,Bahawalpur,Bronze,Online,2016-08-31
CUST09773,27,Female,Gujranwala,Bronze,In-Store,2023-03-21
CUST09774,52,Female,Islamabad,Platinum,In-Store,2021-05-04
CUST09775,37,Male,Lahore,Silver,Online,2024-06-26
CUST09776,20,Female,Islamabad,Silver,Online,2019-11-02
CUST09777,31,Male,Rawalpindi,Silver,Mobile App,2015-11-11
CUST09778,23,Female,Hyderabad,Silver,In-Store,2019-12-09
CUST09779,39,Female,Islamabad,Gold,In-Store,2015-09-10
CUST09780,27,Female,Rawalpindi,Gold,Online,2023-04-24
CUST09781,26,Female,Lahore,Silver,In-Store,2018-09-18
CUST09782,41,Female,Quetta,Bronze,In-Store,2023-04-18
CUST09783,38,Male,Multan,Bronze,In-Store,2022-11-29
CUST09784,53,Female,Karachi,Gold,In-Store,2015-09-10
CUST09785,53,Male,Lahore,Gold,In-Store,2021-06-14
CUST09786,38,Female,Islamabad,Silver,In-Store,2024-10-23
CUST09787,44,Male,Multan,Bronze,In-Store,2022-12-22
CUST09788,19,Female,Karachi,Gold,In-Store,2015-02-24
CUST09789,47,Male,Multan,Bronze,Mobile App,2020-03-19
CUST09790,43,Other,Lahore,Gold,Online,2019-10-28
CUST09791,50,Female,Bahawalpur,Silver,In-Store,2015-06-28
CUST09792,34,Female,Gujranwala,Platinum,Online,2016-01-12
CUST09793,34,Male,Faisalabad,Bronze,Online,2022-05-01
CUST09794,34,Female,Lahore,Silver,In-Store,2022-04-30
CUST09795,56,Female,Lahore,Gold,Online,2020-12-02
CUST09796,41,Male,Karachi,Bronze,Mobile App,2019-07-31
CUST09797,18,Female,Islamabad,Gold,In-Store,2017-08-28
CUST09798,46,Female,Karachi,Bronze,Mobile App,2016-07-16
CUST09799,31,Male,Multan,Silver,In-Store,2023-05-23
CUST09800,52,Female,Hyderabad,Silver,In-Store,2018-09-20
CUST09801,45,Female,Karachi,Gold,In-Store,2022-08-06
CUST09802,54,Male,Sukkur,Platinum,In-Store,2017-11-09
CUST09803,51,Female,Islamabad,Platinum,In-Store,2019-11-29
CUST09804,50,Female,Karachi,Silver,Mobile App,2022-03-12
CUST09805,52,Male,Karachi,Silver,Online,2022-12-23
CUST09806,48,Other,Karachi,Silver,Mobile App,2022-05-13
CUST09807,28,Male,Multan,Gold,Online,2022-02-19
CUST09808,23,Male,Lahore,Gold,Online,2021-01-16
CUST09809,27,Male,Rawalpindi,Bronze,In-Store,2024-09-07
CUST09810,47,Other,Quetta,Gold,Mobile App,2023-07-27
CUST09811,18,Male,Rawalpindi,Bronze,Online,2015-02-23
CUST09812,37,Male,Lahore,Bronze,Online,2015-03-31
CUST09813,34,Male,Hyderabad,Gold,Online,2023-08-21
CUST09814,53,Female,Lahore,Silver,Online,2022-03-20
CUST09815,36,Male,Quetta,Silver,In-Store,2016-10-01
CUST09816,33,Male,Peshawar,Bronze,In-Store,2022-03-09
CUST09817,55,Female,Gujranwala,Bronze,Mobile App,2017-04-09
CUST09818,36,Female,Rawalpindi,Silver,In-Store,2020-02-01
CUST09819,34,Female,Bahawalpur,Bronze,In-Store,2016-04-07
CUST09820,31,Female,Karachi,Silver,Online,2024-03-21
CUST09821,41,Female,Faisalabad,Silver,In-Store,2015-01-08
CUST09822,33,Female,Quetta,Silver,Online,2015-10-25
CUST09823,33,Female,Sukkur,Bronze,Online,2025-09-12
CUST09824,56,Female,Peshawar,Bronze,Mobile App,2023-05-16
CUST09825,38,Male,Peshawar,Bronze,Online,2017-12-19
CUST09826,32,Female,Sargodha,Silver,Online,2018-06-15
CUST09827,25,Female,Rawalpindi,Platinum,In-Store,2016-05-03
CUST09828,40,Female,Faisalabad,Gold,In-Store,2015-05-07
CUST09829,30,Male,Peshawar,Gold,In-Store,2015-08-21
CUST09830,33,Male,Lahore,Gold,Online,2015-04-05
CUST09831,26,Other,Islamabad,Bronze,Online,2023-11-07
CUST09832,40,Male,Peshawar,Silver,In-Store,2017-09-10
CUST09833,21,Female,Islamabad,Gold,Online,2020-02-04
CUST09834,43,Male,Bahawalpur,Silver,In-Store,2021-06-14
CUST09835,30,Male,Multan,Platinum,Online,2022-07-17
CUST09836,47,Male,Quetta,Silver,Online,2021-10-12
CUST09837,44,Female,Karachi,Silver,In-Store,2020-05-24
CUST09838,39,Male,Abbottabad,Bronze,Online,2016-04-03
CUST09839,48,Male,Abbottabad,Bronze,In-Store,2019-12-24
CUST09840,58,Female,Peshawar,Bronze,In-Store,2018-03-11
CUST09841,54,Female,Lahore,Bronze,Online,2018-01-25
CUST09842,20,Female,Faisalabad,Silver,In-Store,2016-02-18
CUST09843,30,Other,Karachi,Bronze,In-Store,2017-04-09
CUST09844,31,Male,Karachi,Bronze,Online,2024-03-14
CUST09845,46,Female,Lahore,Silver,Online,2021-02-25
CUST09846,31,Male,Lahore,Gold,Online,2024-05-20
CUST09847,30,Male,Sargodha,Bronze,In-Store,2023-08-16
CUST09848,28,Female,Sialkot,Silver,In-Store,2017-03-31
CUST09849,41,Male,Quetta,Bronze,In-Store,2025-12-07
CUST09850,46,Female,Sialkot,Platinum,Mobile App,2024-11-19
CUST09851,22,Male,Islamabad,Silver,Online,2022-07-23
CUST09852,31,Male,Abbottabad,Silver,In-Store,2015-11-27
CUST09853,18,Female,Multan,Silver,In-Store,2023-04-04
CUST09854,18,Female,Lahore,Gold,In-Store,2020-12-01
CUST09855,44,Female,Peshawar,Silver,In-Store,2024-12-08
CUST09856,42,Male,Faisalabad,Platinum,Online,2022-11-22
CUST09857,40,Male,Multan,Bronze,In-Store,2015-02-14
CUST09858,58,Female,Lahore,Gold,In-Store,2019-05-29
CUST09859,18,Male,Multan,Bronze,In-Store,2015-10-02
CUST09860,18,Male,Karachi,Bronze,Online,2016-01-19
CUST09861,23,Female,Gujranwala,Silver,In-Store,2015-02-07
CUST09862,18,Male,Multan,Bronze,Online,2023-05-31
CUST09863,30,Male,Peshawar,Bronze,In-Store,2017-08-18
CUST09864,45,Female,Multan,Bronze,In-Store,2023-08-29
CUST09865,41,Female,Abbottabad,Bronze,Mobile App,2023-02-10
CUST09866,51,Male,Karachi,Silver,In-Store,2018-08-08
CUST09867,42,Female,Rawalpindi,Bronze,In-Store,2022-03-03
CUST09868,32,Female,Peshawar,Platinum,In-Store,2015-03-30
CUST09869,31,Female,Multan,Bronze,In-Store,2017-03-16
CUST09870,43,Male,Quetta,Platinum,In-Store,2025-02-14
CUST09871,18,Female,Abbottabad,Silver,Online,2015-05-31
CUST09872,18,Female,Rawalpindi,Gold,In-Store,2015-11-23
CUST09873,43,Male,Gujranwala,Silver,Mobile App,2022-02-03
CUST09874,41,Male,Faisalabad,Bronze,Online,2017-11-17
CUST09875,58,Male,Sialkot,Silver,Mobile App,2018-01-04
CUST09876,47,Male,Faisalabad,Bronze,Online,2019-10-17
CUST09877,42,Male,Rawalpindi,Gold,In-Store,2025-07-11
CUST09878,33,Male,Sargodha,Gold,Online,2019-11-27
CUST09879,27,Female,Peshawar,Bronze,Online,2019-03-29
CUST09880,34,Female,Peshawar,Silver,Online,2020-09-29
CUST09881,50,Male,Faisalabad,Bronze,In-Store,2021-03-08
CUST09882,44,Male,Karachi,Bronze,In-Store,2017-04-26
CUST09883,50,Male,Islamabad,Bronze,Online,2015-11-04
CUST09884,39,Male,Karachi,Silver,In-Store,2019-04-09
CUST09885,26,Male,Sialkot,Gold,Mobile App,2020-10-11
CUST09886,53,Male,Gujranwala,Bronze,In-Store,2025-04-03
CUST09887,51,Male,Karachi,Silver,Online,2018-02-21
CUST09888,40,Male,Faisalabad,Bronze,Online,2024-09-29
CUST09889,45,Female,Bahawalpur,Silver,In-Store,2019-07-29
CUST09890,44,Other,Karachi,Bronze,Online,2016-01-01
CUST09891,31,Female,Islamabad,Bronze,Mobile App,2015-05-22
CUST09892,34,Male,Karachi,Bronze,Mobile App,2023-08-05
CUST09893,26,Female,Faisalabad,Silver,In-Store,2020-10-23
CUST09894,34,Female,Faisalabad,Silver,In-Store,2021-01-22
CUST09895,51,Male,Islamabad,Bronze,In-Store,2023-08-11
CUST09896,48,Female,Hyderabad,Bronze,In-Store,2015-05-15
CUST09897,45,Male,Rawalpindi,Silver,In-Store,2015-11-22
CUST09898,50,Male,Karachi,Silver,In-Store,2023-09-03
CUST09899,33,Female,Gujranwala,Bronze,In-Store,2019-07-10
CUST09900,22,Male,Lahore,Gold,In-Store,2016-09-15
CUST09901,35,Female,Quetta,Silver,Mobile App,2023-01-22
CUST09902,36,Female,Rawalpindi,Gold,Online,2017-09-05
CUST09903,46,Male,Lahore,Platinum,In-Store,2020-08-20
CUST09904,44,Female,Karachi,Silver,In-Store,2015-10-31
CUST09905,51,Male,Gujranwala,Bronze,In-Store,2018-01-27
CUST09906,18,Female,Lahore,Silver,Online,2023-06-05
CUST09907,27,Male,Abbottabad,Silver,In-Store,2015-04-12
CUST09908,36,Female,Faisalabad,Bronze,Online,2022-10-08
CUST09909,44,Male,Quetta,Bronze,In-Store,2015-05-30
CUST09910,65,Female,Faisalabad,Bronze,Online,2024-03-12
CUST09911,25,Female,Abbottabad,Silver,In-Store,2024-07-27
CUST09912,28,Male,Lahore,Silver,In-Store,2020-07-29
CUST09913,32,Female,Islamabad,Platinum,In-Store,2023-12-03
CUST09914,28,Female,Sukkur,Silver,In-Store,2019-09-29
CUST09915,26,Female,Lahore,Bronze,In-Store,2022-06-01
CUST09916,38,Female,Multan,Gold,In-Store,2021-01-23
CUST09917,50,Male,Sukkur,Platinum,Online,2020-12-17
CUST09918,39,Male,Abbottabad,Silver,In-Store,2015-01-30
CUST09919,26,Male,Gujranwala,Gold,Online,2021-08-26
CUST09920,35,Male,Karachi,Gold,In-Store,2023-07-22
CUST09921,24,Male,Multan,Bronze,In-Store,2025-08-22
CUST09922,50,Male,Peshawar,Bronze,In-Store,2024-02-12
CUST09923,57,Female,Lahore,Silver,In-Store,2019-03-15
CUST09924,18,Male,Peshawar,Platinum,Online,2015-08-27
CUST09925,40,Male,Bahawalpur,Bronze,Mobile App,2015-07-01
CUST09926,27,Female,Peshawar,Platinum,In-Store,2025-01-03
CUST09927,38,Male,Faisalabad,Bronze,Online,2022-09-14
CUST09928,36,Male,Sialkot,Silver,In-Store,2019-07-12
CUST09929,20,Female,Lahore,Silver,Online,2015-11-15
CUST09930,53,Male,Peshawar,Bronze,In-Store,2017-08-08
CUST09931,36,Male,Faisalabad,Bronze,Online,2017-04-06
CUST09932,31,Female,Multan,Bronze,In-Store,2015-06-06
CUST09933,39,Female,Faisalabad,Bronze,In-Store,2017-11-25
CUST09934,26,Female,Rawalpindi,Bronze,Online,2025-10-16
CUST09935,35,Female,Karachi,Silver,In-Store,2025-01-14
CUST09936,18,Female,Multan,Silver,In-Store,2022-04-22
CUST09937,18,Male,Abbottabad,Bronze,Online,2018-02-12
CUST09938,25,Male,Islamabad,Bronze,Online,2021-10-12
CUST09939,31,Female,Multan,Silver,Online,2017-04-30
CUST09940,18,Male,Quetta,Gold,Mobile App,2016-08-12
CUST09941,31,Female,Multan,Silver,In-Store,2017-08-28
CUST09942,31,Female,Bahawalpur,Silver,Online,2023-10-31
CUST09943,37,Female,Bahawalpur,Bronze,In-Store,2024-01-15
CUST09944,45,Male,Sukkur,Gold,In-Store,2021-06-27
CUST09945,60,Female,Rawalpindi,Silver,Online,2024-09-08
CUST09946,43,Female,Karachi,Bronze,In-Store,2018-11-30
CUST09947,25,Male,Islamabad,Gold,Mobile App,2015-05-31
CUST09948,46,Female,Faisalabad,Bronze,In-Store,2021-11-19
CUST09949,56,Male,Karachi,Bronze,In-Store,2023-03-04
CUST09950,23,Female,Hyderabad,Silver,In-Store,2016-07-12
CUST09951,24,Male,Sukkur,Bronze,Online,2016-04-02
CUST09952,19,Female,Peshawar,Bronze,In-Store,2019-09-03
CUST09953,30,Female,Multan,Silver,In-Store,2022-01-09
CUST09954,42,Male,Islamabad,Bronze,Online,2016-09-23
CUST09955,57,Female,Abbottabad,Bronze,In-Store,2022-04-07
CUST09956,49,Female,Rawalpindi,Bronze,Online,2016-04-06
CUST09957,43,Male,Lahore,Silver,Online,2018-06-06
CUST09958,38,Male,Sargodha,Platinum,Mobile App,2025-12-08
CUST09959,43,Female,Hyderabad,Silver,In-Store,2015-07-29
CUST09960,43,Male,Islamabad,Platinum,Online,2018-02-21
CUST09961,54,Male,Faisalabad,Platinum,Online,2018-05-23
CUST09962,37,Male,Multan,Gold,In-Store,2015-02-15
CUST09963,41,Male,Sukkur,Silver,Mobile App,2022-04-14
CUST09964,32,Female,Faisalabad,Silver,Online,2017-05-28
CUST09965,39,Male,Rawalpindi,Silver,In-Store,2019-02-05
CUST09966,34,Male,Multan,Bronze,Mobile App,2019-01-11
CUST09967,22,Female,Abbottabad,Bronze,In-Store,2024-01-21
CUST09968,49,Male,Karachi,Platinum,In-Store,2015-02-23
CUST09969,57,Male,Peshawar,Silver,In-Store,2019-09-21
CUST09970,37,Female,Karachi,Gold,In-Store,2021-11-28
CUST09971,42,Female,Lahore,Bronze,In-Store,2024-07-01
CUST09972,49,Female,Quetta,Bronze,Mobile App,2020-09-28
CUST09973,36,Male,Quetta,Bronze,Mobile App,2016-08-26
CUST09974,40,Female,Hyderabad,Gold,Online,2018-10-01
CUST09975,35,Female,Faisalabad,Bronze,In-Store,2018-03-10
CUST09976,30,Female,Gujranwala,Gold,Online,2024-10-08
CUST09977,44,Male,Faisalabad,Gold,In-Store,2022-05-12
CUST09978,44,Male,Lahore,Bronze,Mobile App,2017-09-03
CUST09979,49,Female,Rawalpindi,Bronze,In-Store,2022-07-22
CUST09980,37,Female,Lahore,Silver,In-Store,2016-01-03
CUST09981,22,Male,Faisalabad,Gold,In-Store,2023-07-22
CUST09982,52,Female,Faisalabad,Gold,Online,2016-02-21
CUST09983,28,Male,Lahore,Silver,Online,2015-07-29
CUST09984,28,Female,Faisalabad,Silver,In-Store,2023-09-18
CUST09985,31,Male,Multan,Platinum,In-Store,2020-12-09
CUST09986,18,Male,Rawalpindi,Silver,Online,2018-10-01
CUST09987,35,Female,Lahore,Bronze,Online,2017-03-31
CUST09988,46,Male,Sargodha,Bronze,In-Store,2024-12-05
CUST09989,32,Male,Gujranwala,Bronze,Online,2022-04-30
CUST09990,55,Male,Lahore,Bronze,Online,2015-11-21
CUST09991,54,Female,Rawalpindi,Gold,In-Store,2017-07-19
CUST09992,49,Female,Islamabad,Silver,In-Store,2020-12-10
CUST09993,18,Female,Abbottabad,Gold,In-Store,2021-12-02
CUST09994,56,Female,Quetta,Platinum,Online,2018-03-15
CUST09995,34,Female,Peshawar,Silver,Mobile App,2015-11-17
CUST09996,59,Female,Karachi,Gold,In-Store,2025-05-10
CUST09997,30,Male,Lahore,Gold,Online,2024-09-30
CUST09998,36,Male,Bahawalpur,Bronze,In-Store,2020-03-31
CUST09999,39,Female,Rawalpindi,Bronze,In-Store,2018-01-14
CUST10000,25,Female,Karachi,Bronze,Online,2017-12-29
