date,store_id,sku_id,units_sold,revenue,unit_price,promo_flag
2025-01-01,ST01,SKU01327,3,852.66,284.22,0
2025-01-01,ST01,SKU02239,5,7669.7,1533.94,0
2025-01-01,ST03,SKU00898,10,3869.6,386.96,0
2025-01-01,ST03,SKU02904,2,3180.18,1590.09,0
2025-01-01,ST04,SKU01443,10,16263.2,1626.32,1
2025-01-01,ST04,SKU03070,4,3734.2,933.55,0
2025-01-01,ST07,SKU00384,8,4778.56,597.32,0
2025-01-01,ST07,SKU02508,2,4108.88,2054.44,0
2025-01-01,ST09,SKU03438,9,22435.11,2492.79,0
2025-01-01,ST10,SKU03832,18,9558.9,531.05,0
2025-01-01,ST10,SKU04026,5,412.5,82.5,0
2025-01-01,ST13,SKU02007,16,12462.08,778.88,0
2025-01-01,ST13,SKU03458,7,5008.85,715.55,0
2025-01-01,ST14,SKU01219,12,15851.76,1320.98,0
2025-01-01,ST16,SKU01987,5,9106.2,1821.24,0
2025-01-01,ST18,SKU00638,19,2617.44,137.76,0
2025-01-01,ST19,SKU01742,3,703.38,234.46,0
2025-01-01,ST19,SKU04497,11,24232.45,2202.95,0
2025-01-01,ST20,SKU00139,4,9459.72,2364.93,0
2025-01-01,ST20,SKU03175,17,19452.42,1144.26,0
2025-01-01,ST21,SKU02583,6,14967.18,2494.53,0
2025-01-01,ST21,SKU03536,11,18494.19,1681.29,0
2025-01-01,ST21,SKU03904,0,0.0,173.96,0
2025-01-01,ST22,SKU00194,11,25822.83,2347.53,0
2025-01-01,ST24,SKU01708,16,7238.24,452.39,0
2025-01-01,ST26,SKU04546,29,41777.4,1440.6,0
2025-01-01,ST27,SKU03607,5,11744.25,2348.85,0
2025-01-01,ST29,SKU03080,26,62487.62,2403.37,0
2025-01-01,ST30,SKU01021,13,21179.86,1629.22,1
2025-01-01,ST30,SKU04613,6,4348.56,724.76,1
2025-01-02,ST01,SKU00036,8,8076.48,1009.56,0
2025-01-02,ST01,SKU03083,12,5349.12,445.76,0
2025-01-02,ST01,SKU04866,10,23068.7,2306.87,0
2025-01-02,ST02,SKU01619,11,13016.85,1183.35,0
2025-01-02,ST02,SKU03834,23,5033.78,218.86,0
2025-01-02,ST02,SKU04300,7,15147.37,2163.91,0
2025-01-02,ST02,SKU04428,15,13196.7,879.78,1
2025-01-02,ST02,SKU04548,43,80155.01,1864.07,1
2025-01-02,ST03,SKU01327,3,852.66,284.22,0
2025-01-02,ST03,SKU01508,0,0.0,732.94,1
2025-01-02,ST03,SKU04949,28,40790.96,1456.82,0
2025-01-02,ST04,SKU00747,13,11972.87,920.99,0
2025-01-02,ST04,SKU03832,9,4779.45,531.05,0
2025-01-02,ST05,SKU01202,4,5765.8,1441.45,0
2025-01-02,ST06,SKU03558,17,17962.03,1056.59,1
2025-01-02,ST07,SKU03091,5,5123.8,1024.76,1
2025-01-02,ST07,SKU04846,3,5420.43,1806.81,1
2025-01-02,ST10,SKU03292,15,36680.4,2445.36,0
2025-01-02,ST10,SKU04419,35,71411.2,2040.32,0
2025-01-02,ST11,SKU00531,2,4735.8,2367.9,0
2025-01-02,ST11,SKU02683,11,12654.51,1150.41,0
2025-01-02,ST12,SKU00299,5,2710.4,542.08,0
2025-01-02,ST12,SKU02317,9,21790.53,2421.17,0
2025-01-02,ST13,SKU04252,18,9784.8,543.6,0
2025-01-02,ST14,SKU04259,10,14379.2,1437.92,1
2025-01-02,ST15,SKU04086,9,6986.61,776.29,0
2025-01-02,ST17,SKU04157,8,10177.12,1272.14,0
2025-01-02,ST20,SKU00773,28,59489.36,2124.62,0
2025-01-02,ST20,SKU04870,7,13795.74,1970.82,0
2025-01-02,ST21,SKU01112,6,643.44,107.24,0
2025-01-02,ST23,SKU00599,4,2317.48,579.37,0
2025-01-02,ST23,SKU02951,26,29144.44,1120.94,0
2025-01-02,ST26,SKU01434,18,21199.5,1177.75,1
2025-01-02,ST26,SKU02020,16,2587.04,161.69,0
2025-01-02,ST28,SKU03754,1,1237.62,1237.62,0
2025-01-02,ST30,SKU01009,13,14663.61,1127.97,0
2025-01-02,ST30,SKU04549,7,1392.3,198.9,1
2025-01-02,ST30,SKU04964,25,42171.25,1686.85,0
2025-01-03,ST01,SKU03025,4,1923.92,480.98,0
2025-01-03,ST03,SKU03748,16,14009.92,875.62,0
2025-01-03,ST04,SKU01909,8,7710.0,963.75,1
2025-01-03,ST06,SKU02903,7,447.3,63.9,0
2025-01-03,ST06,SKU03336,6,12183.0,2030.5,0
2025-01-03,ST06,SKU03894,3,5573.13,1857.71,0
2025-01-03,ST09,SKU03845,6,13500.3,2250.05,0
2025-01-03,ST11,SKU00908,7,16521.4,2360.2,0
2025-01-03,ST11,SKU02148,3,6571.14,2190.38,0
2025-01-03,ST12,SKU01762,26,60243.82,2317.07,0
2025-01-03,ST14,SKU02086,12,15753.72,1312.81,1
2025-01-03,ST16,SKU04603,7,10072.65,1438.95,1
2025-01-03,ST17,SKU01440,3,1812.42,604.14,0
2025-01-03,ST17,SKU02064,2,1551.18,775.59,0
2025-01-03,ST18,SKU04795,11,5504.95,500.45,0
2025-01-03,ST20,SKU01139,8,7569.12,946.14,0
2025-01-03,ST22,SKU04728,10,15606.6,1560.66,0
2025-01-03,ST23,SKU04480,21,52230.78,2487.18,1
2025-01-03,ST24,SKU02719,0,0.0,145.52,0
2025-01-03,ST25,SKU01023,16,39782.08,2486.38,0
2025-01-03,ST25,SKU01099,11,13319.57,1210.87,0
2025-01-03,ST25,SKU03037,5,6871.9,1374.38,0
2025-01-03,ST26,SKU02642,17,7631.47,448.91,0
2025-01-03,ST26,SKU03274,5,4200.05,840.01,0
2025-01-03,ST26,SKU03287,6,13013.82,2168.97,0
2025-01-03,ST26,SKU03388,10,2911.7,291.17,1
2025-01-03,ST27,SKU03025,4,1923.92,480.98,0
2025-01-03,ST27,SKU03335,8,14000.96,1750.12,0
2025-01-03,ST28,SKU03168,10,18526.1,1852.61,1
2025-01-03,ST30,SKU02384,9,16785.9,1865.1,0
2025-01-03,ST30,SKU03724,17,30185.54,1775.62,0
2025-01-04,ST04,SKU04227,16,4889.6,305.6,1
2025-01-04,ST04,SKU04961,7,16741.9,2391.7,0
2025-01-04,ST06,SKU02230,12,25436.16,2119.68,0
2025-01-04,ST06,SKU04536,5,912.5,182.5,1
2025-01-04,ST07,SKU03147,12,26080.8,2173.4,1
2025-01-04,ST08,SKU03197,18,5423.94,301.33,0
2025-01-04,ST08,SKU03254,11,13780.58,1252.78,0
2025-01-04,ST09,SKU01614,12,19140.12,1595.01,0
2025-01-04,ST10,SKU01222,9,10008.45,1112.05,0
2025-01-04,ST13,SKU00271,10,17127.5,1712.75,1
2025-01-04,ST13,SKU02585,10,2214.3,221.43,1
2025-01-04,ST13,SKU02828,36,62172.36,1727.01,0
2025-01-04,ST13,SKU03508,9,13094.73,1454.97,0
2025-01-04,ST14,SKU01336,16,20433.44,1277.09,0
2025-01-04,ST14,SKU01476,20,37327.2,1866.36,0
2025-01-04,ST15,SKU03576,9,20521.26,2280.14,0
2025-01-04,ST17,SKU03892,65,146838.25,2259.05,1
2025-01-04,ST19,SKU04601,17,24254.92,1426.76,1
2025-01-04,ST20,SKU03618,10,5081.6,508.16,0
2025-01-04,ST23,SKU03450,13,20871.11,1605.47,1
2025-01-04,ST23,SKU03621,15,22333.8,1488.92,0
2025-01-04,ST26,SKU00247,1,344.4,344.4,0
2025-01-04,ST26,SKU01698,6,5860.26,976.71,0
2025-01-04,ST26,SKU01882,6,8134.56,1355.76,0
2025-01-04,ST26,SKU03966,7,9409.89,1344.27,0
2025-01-04,ST30,SKU00765,0,0.0,2144.47,0
2025-01-05,ST01,SKU02558,11,3074.61,279.51,0
2025-01-05,ST01,SKU04713,3,2048.94,682.98,0
2025-01-05,ST03,SKU04525,9,16056.72,1784.08,0
2025-01-05,ST05,SKU03595,9,7430.76,825.64,0
2025-01-05,ST06,SKU04041,13,14917.89,1147.53,0
2025-01-05,ST08,SKU01136,0,0.0,472.9,0
2025-01-05,ST08,SKU03387,6,12530.1,2088.35,0
2025-01-05,ST09,SKU00573,9,7252.74,805.86,0
2025-01-05,ST09,SKU04265,8,8989.36,1123.67,0
2025-01-05,ST11,SKU04770,20,26093.2,1304.66,0
2025-01-05,ST12,SKU02195,35,22744.4,649.84,0
2025-01-05,ST15,SKU03282,5,9772.4,1954.48,0
2025-01-05,ST15,SKU03484,7,15326.01,2189.43,0
2025-01-05,ST16,SKU01044,19,22578.27,1188.33,0
2025-01-05,ST17,SKU02763,10,8578.8,857.88,0
2025-01-05,ST18,SKU04533,5,10729.85,2145.97,0
2025-01-05,ST19,SKU00912,17,40495.19,2382.07,0
2025-01-05,ST19,SKU02966,20,16184.2,809.21,0
2025-01-05,ST21,SKU01330,19,44319.78,2332.62,1
2025-01-05,ST22,SKU01060,12,18104.64,1508.72,0
2025-01-05,ST23,SKU03489,16,35900.16,2243.76,0
2025-01-05,ST24,SKU00722,18,42654.78,2369.71,0
2025-01-05,ST24,SKU00955,16,26323.2,1645.2,0
2025-01-05,ST25,SKU04398,14,23176.3,1655.45,0
2025-01-05,ST25,SKU04951,20,49649.8,2482.49,0
2025-01-05,ST26,SKU02274,24,56878.8,2369.95,1
2025-01-05,ST27,SKU01910,17,19213.91,1130.23,0
2025-01-05,ST28,SKU00492,14,10929.24,780.66,0
2025-01-05,ST29,SKU03146,3,6391.8,2130.6,0
2025-01-05,ST30,SKU01088,6,3976.5,662.75,0
2025-01-05,ST30,SKU01888,31,13405.33,432.43,0
2025-01-05,ST30,SKU03306,2,2135.36,1067.68,0
2025-01-06,ST02,SKU04220,0,0.0,898.55,0
2025-01-06,ST04,SKU01501,8,14692.4,1836.55,0
2025-01-06,ST04,SKU02718,9,15928.92,1769.88,0
2025-01-06,ST05,SKU00282,12,6842.4,570.2,1
2025-01-06,ST06,SKU04548,25,46601.75,1864.07,0
2025-01-06,ST10,SKU00282,18,10263.6,570.2,1
2025-01-06,ST11,SKU01086,19,31074.31,1635.49,0
2025-01-06,ST11,SKU04768,4,1887.48,471.87,0
2025-01-06,ST14,SKU00056,10,22050.9,2205.09,0
2025-01-06,ST14,SKU04648,7,7430.43,1061.49,0
2025-01-06,ST14,SKU04999,6,14938.38,2489.73,0
2025-01-06,ST16,SKU04832,2,4045.04,2022.52,0
2025-01-06,ST17,SKU01498,19,40119.07,2111.53,0
2025-01-06,ST17,SKU01710,35,41247.5,1178.5,1
2025-01-06,ST18,SKU00726,6,13909.14,2318.19,0
2025-01-06,ST18,SKU02086,18,23630.58,1312.81,0
2025-01-06,ST18,SKU03490,6,469.86,78.31,0
2025-01-06,ST20,SKU02441,13,23018.71,1770.67,1
2025-01-06,ST21,SKU02632,4,9995.68,2498.92,0
2025-01-06,ST21,SKU03514,18,32347.8,1797.1,0
2025-01-06,ST23,SKU04352,9,22412.25,2490.25,1
2025-01-06,ST24,SKU00703,19,5627.8,296.2,0
2025-01-06,ST25,SKU01445,14,4288.06,306.29,0
2025-01-06,ST26,SKU02017,15,13914.0,927.6,1
2025-01-06,ST27,SKU04275,5,5215.95,1043.19,0
2025-01-06,ST28,SKU04701,11,2265.78,205.98,0
2025-01-06,ST30,SKU03943,17,35364.59,2080.27,0
2025-01-07,ST01,SKU01465,7,17278.03,2468.29,0
2025-01-07,ST02,SKU03407,4,6305.76,1576.44,0
2025-01-07,ST03,SKU01813,23,37766.69,1642.03,0
2025-01-07,ST04,SKU00933,33,1822.92,55.24,0
2025-01-07,ST04,SKU03463,25,30948.0,1237.92,0
2025-01-07,ST05,SKU00819,6,4988.7,831.45,0
2025-01-07,ST06,SKU02134,21,34932.03,1663.43,0
2025-01-07,ST07,SKU03851,13,23034.18,1771.86,0
2025-01-07,ST09,SKU02914,8,10236.8,1279.6,0
2025-01-07,ST12,SKU04433,20,38348.4,1917.42,1
2025-01-07,ST13,SKU03485,3,1759.59,586.53,0
2025-01-07,ST14,SKU04807,39,47758.23,1224.57,0
2025-01-07,ST15,SKU03473,4,2543.72,635.93,0
2025-01-07,ST15,SKU04873,14,25845.96,1846.14,0
2025-01-07,ST16,SKU02509,14,7970.48,569.32,0
2025-01-07,ST17,SKU00180,11,21882.19,1989.29,0
2025-01-07,ST17,SKU00274,5,2503.85,500.77,0
2025-01-07,ST19,SKU00987,2,2354.66,1177.33,0
2025-01-07,ST19,SKU02249,26,56584.32,2176.32,0
2025-01-07,ST20,SKU04488,3,3460.02,1153.34,0
2025-01-07,ST21,SKU01402,3,3755.1,1251.7,0
2025-01-07,ST21,SKU02841,12,16245.0,1353.75,0
2025-01-07,ST22,SKU02839,16,16716.0,1044.75,0
2025-01-07,ST23,SKU01274,8,3316.4,414.55,0
2025-01-07,ST24,SKU02017,11,10203.6,927.6,0
2025-01-07,ST26,SKU02299,12,12163.08,1013.59,0
2025-01-07,ST26,SKU04949,2,2913.64,1456.82,0
2025-01-07,ST27,SKU02890,22,53009.0,2409.5,0
2025-01-07,ST28,SKU01146,33,21680.01,656.97,1
2025-01-07,ST29,SKU04259,8,11503.36,1437.92,1
2025-01-07,ST29,SKU04558,9,1706.58,189.62,0
2025-01-08,ST01,SKU00317,16,4532.32,283.27,1
2025-01-08,ST02,SKU02517,5,10373.25,2074.65,0
2025-01-08,ST04,SKU00816,16,1802.08,112.63,0
2025-01-08,ST04,SKU01308,20,35533.8,1776.69,0
2025-01-08,ST04,SKU03214,12,20306.52,1692.21,0
2025-01-08,ST04,SKU04132,7,4621.4,660.2,0
2025-01-08,ST04,SKU04353,19,1377.5,72.5,0
2025-01-08,ST05,SKU04821,0,0.0,2079.91,0
2025-01-08,ST07,SKU04465,6,14508.9,2418.15,0
2025-01-08,ST09,SKU04990,3,5050.38,1683.46,0
2025-01-08,ST10,SKU00407,25,10199.25,407.97,1
2025-01-08,ST10,SKU02793,11,14357.09,1305.19,0
2025-01-08,ST10,SKU03030,8,4894.8,611.85,0
2025-01-08,ST10,SKU04614,24,53098.08,2212.42,0
2025-01-08,ST11,SKU03913,7,2667.21,381.03,0
2025-01-08,ST12,SKU01588,21,46574.22,2217.82,0
2025-01-08,ST12,SKU02963,30,57106.2,1903.54,0
2025-01-08,ST13,SKU04040,11,19946.85,1813.35,0
2025-01-08,ST14,SKU00883,10,15553.1,1555.31,0
2025-01-08,ST14,SKU02116,15,36173.85,2411.59,0
2025-01-08,ST16,SKU00900,7,14763.42,2109.06,0
2025-01-08,ST16,SKU01190,5,12365.85,2473.17,0
2025-01-08,ST16,SKU04606,10,5779.8,577.98,0
2025-01-08,ST17,SKU01745,11,26133.69,2375.79,0
2025-01-08,ST18,SKU00189,18,15360.3,853.35,1
2025-01-08,ST18,SKU02138,44,96464.72,2192.38,0
2025-01-08,ST18,SKU02432,5,3687.6,737.52,0
2025-01-08,ST19,SKU01552,1,2114.3,2114.3,0
2025-01-08,ST21,SKU01207,8,400.96,50.12,0
2025-01-08,ST21,SKU02584,11,23620.63,2147.33,0
2025-01-08,ST22,SKU00521,19,6870.02,361.58,0
2025-01-08,ST23,SKU01245,14,3164.98,226.07,0
2025-01-08,ST24,SKU00251,25,15984.0,639.36,1
2025-01-08,ST24,SKU02478,12,12417.48,1034.79,0
2025-01-08,ST26,SKU03018,16,35678.56,2229.91,1
2025-01-08,ST28,SKU02099,23,37809.01,1643.87,1
2025-01-08,ST28,SKU04423,7,2008.44,286.92,0
2025-01-08,ST30,SKU00531,6,14207.4,2367.9,0
2025-01-09,ST01,SKU01513,10,15490.8,1549.08,0
2025-01-09,ST01,SKU02066,15,1361.25,90.75,0
2025-01-09,ST02,SKU04576,15,2949.3,196.62,0
2025-01-09,ST03,SKU04565,19,8957.55,471.45,0
2025-01-09,ST04,SKU01354,11,21086.67,1916.97,1
2025-01-09,ST04,SKU01773,10,22446.5,2244.65,0
2025-01-09,ST05,SKU02061,21,30236.43,1439.83,0
2025-01-09,ST06,SKU00562,2,2868.28,1434.14,0
2025-01-09,ST08,SKU04718,13,15171.39,1167.03,0
2025-01-09,ST09,SKU00557,17,40938.21,2408.13,0
2025-01-09,ST10,SKU04766,0,0.0,1959.58,0
2025-01-09,ST15,SKU01239,23,50774.11,2207.57,0
2025-01-09,ST15,SKU02358,10,23677.0,2367.7,0
2025-01-09,ST15,SKU03751,3,311.19,103.73,0
2025-01-09,ST21,SKU02543,34,13063.82,384.23,0
2025-01-09,ST22,SKU04248,38,41867.64,1101.78,0
2025-01-09,ST22,SKU04469,34,66427.16,1953.74,1
2025-01-09,ST24,SKU04144,20,34972.0,1748.6,0
2025-01-09,ST25,SKU01672,7,9212.63,1316.09,0
2025-01-09,ST26,SKU02202,15,8499.9,566.66,1
2025-01-09,ST26,SKU04149,8,16375.04,2046.88,0
2025-01-09,ST29,SKU03886,10,17313.6,1731.36,0
2025-01-09,ST30,SKU04255,18,23662.8,1314.6,0
2025-01-10,ST01,SKU01090,13,6199.57,476.89,1
2025-01-10,ST02,SKU00519,1,1576.45,1576.45,0
2025-01-10,ST02,SKU00743,21,10303.44,490.64,0
2025-01-10,ST04,SKU02700,10,5414.9,541.49,0
2025-01-10,ST04,SKU02962,17,18803.36,1106.08,0
2025-01-10,ST04,SKU03324,12,12536.4,1044.7,1
2025-01-10,ST05,SKU03939,10,3439.9,343.99,0
2025-01-10,ST06,SKU00447,10,7008.8,700.88,0
2025-01-10,ST07,SKU04894,18,30574.44,1698.58,1
2025-01-10,ST09,SKU01835,20,20700.6,1035.03,0
2025-01-10,ST09,SKU01986,5,7199.7,1439.94,0
2025-01-10,ST09,SKU03673,3,323.16,107.72,0
2025-01-10,ST10,SKU01178,10,23108.0,2310.8,1
2025-01-10,ST11,SKU00263,19,1829.89,96.31,0
2025-01-10,ST11,SKU03981,30,1501.5,50.05,0
2025-01-10,ST12,SKU01258,9,2215.35,246.15,0
2025-01-10,ST12,SKU04763,8,17942.88,2242.86,0
2025-01-10,ST14,SKU03242,0,0.0,487.87,0
2025-01-10,ST14,SKU04401,1,1370.06,1370.06,0
2025-01-10,ST15,SKU03448,2,771.94,385.97,0
2025-01-10,ST16,SKU02624,1,1060.95,1060.95,0
2025-01-10,ST16,SKU03709,16,18442.56,1152.66,0
2025-01-10,ST16,SKU04077,13,12549.16,965.32,1
2025-01-10,ST17,SKU02001,8,19151.44,2393.93,1
2025-01-10,ST18,SKU01009,16,18047.52,1127.97,0
2025-01-10,ST18,SKU04290,27,40602.33,1503.79,0
2025-01-10,ST19,SKU00917,8,18017.76,2252.22,0
2025-01-10,ST22,SKU01401,16,22673.6,1417.1,1
2025-01-10,ST23,SKU00148,5,680.9,136.18,0
2025-01-10,ST25,SKU04384,9,14999.58,1666.62,0
2025-01-10,ST27,SKU02223,13,9784.06,752.62,0
2025-01-10,ST27,SKU03389,11,6817.25,619.75,0
2025-01-10,ST27,SKU03662,2,1871.82,935.91,0
2025-01-10,ST28,SKU01698,1,976.71,976.71,1
2025-01-10,ST28,SKU02070,46,4544.8,98.8,1
2025-01-10,ST28,SKU04861,3,7290.27,2430.09,1
2025-01-10,ST29,SKU03015,10,10289.8,1028.98,1
2025-01-10,ST29,SKU04738,12,11676.24,973.02,0
2025-01-10,ST30,SKU03156,23,55918.06,2431.22,0
2025-01-10,ST30,SKU03177,12,25519.8,2126.65,0
2025-01-10,ST30,SKU03513,3,5735.13,1911.71,1
2025-01-11,ST03,SKU04582,20,15505.4,775.27,0
2025-01-11,ST04,SKU01323,31,39287.54,1267.34,1
2025-01-11,ST04,SKU03157,29,29910.6,1031.4,0
2025-01-11,ST04,SKU04135,8,16791.12,2098.89,0
2025-01-11,ST06,SKU02806,13,7416.11,570.47,0
2025-01-11,ST06,SKU02846,2,546.7,273.35,0
2025-01-11,ST09,SKU03024,10,14953.2,1495.32,1
2025-01-11,ST09,SKU03450,16,25687.52,1605.47,0
2025-01-11,ST10,SKU02087,18,30972.06,1720.67,0
2025-01-11,ST12,SKU01201,17,31210.47,1835.91,0
2025-01-11,ST13,SKU02783,4,2366.44,591.61,0
2025-01-11,ST13,SKU04437,4,2301.96,575.49,0
2025-01-11,ST16,SKU01382,10,11763.0,1176.3,0
2025-01-11,ST17,SKU01251,20,4464.6,223.23,0
2025-01-11,ST17,SKU04763,13,29157.18,2242.86,0
2025-01-11,ST18,SKU03450,3,4816.41,1605.47,1
2025-01-11,ST19,SKU03868,10,10306.8,1030.68,1
2025-01-11,ST20,SKU02668,8,11935.04,1491.88,0
2025-01-11,ST21,SKU02844,14,32258.94,2304.21,0
2025-01-11,ST22,SKU01174,9,15588.36,1732.04,0
2025-01-11,ST22,SKU01214,34,57128.5,1680.25,0
2025-01-11,ST24,SKU01321,13,20075.64,1544.28,0
2025-01-11,ST25,SKU02075,32,63569.6,1986.55,0
2025-01-11,ST25,SKU02951,24,26902.56,1120.94,0
2025-01-11,ST26,SKU00654,23,13871.99,603.13,0
2025-01-11,ST27,SKU04934,18,20130.12,1118.34,0
2025-01-11,ST28,SKU00644,34,43429.22,1277.33,0
2025-01-11,ST28,SKU02573,17,22910.39,1347.67,0
2025-01-11,ST29,SKU00396,9,21641.13,2404.57,0
2025-01-11,ST30,SKU02623,21,37570.68,1789.08,0
2025-01-11,ST30,SKU03501,8,2706.8,338.35,0
2025-01-11,ST30,SKU04174,49,86185.12,1758.88,0
2025-01-12,ST02,SKU00590,14,19321.54,1380.11,0
2025-01-12,ST02,SKU04232,20,47773.6,2388.68,0
2025-01-12,ST02,SKU04500,8,11815.6,1476.95,0
2025-01-12,ST03,SKU03181,8,16717.84,2089.73,1
2025-01-12,ST03,SKU04924,22,34401.84,1563.72,0
2025-01-12,ST05,SKU04116,3,5070.69,1690.23,0
2025-01-12,ST06,SKU04021,26,34098.48,1311.48,1
2025-01-12,ST07,SKU00472,0,0.0,1335.03,0
2025-01-12,ST07,SKU02236,11,8898.45,808.95,0
2025-01-12,ST07,SKU02325,23,29691.85,1290.95,0
2025-01-12,ST07,SKU03387,31,64738.85,2088.35,0
2025-01-12,ST08,SKU04906,14,33634.58,2402.47,0
2025-01-12,ST09,SKU04897,5,3802.9,760.58,0
2025-01-12,ST10,SKU00554,6,13042.02,2173.67,1
2025-01-12,ST11,SKU04328,7,12836.81,1833.83,1
2025-01-12,ST12,SKU03322,16,14684.0,917.75,1
2025-01-12,ST12,SKU04342,13,21271.51,1636.27,1
2025-01-12,ST13,SKU01323,14,17742.76,1267.34,0
2025-01-12,ST16,SKU01744,8,2415.6,301.95,0
2025-01-12,ST16,SKU03982,15,30783.9,2052.26,0
2025-01-12,ST17,SKU04343,32,35696.32,1115.51,0
2025-01-12,ST17,SKU04472,31,19004.24,613.04,0
2025-01-12,ST18,SKU00767,8,14509.84,1813.73,0
2025-01-12,ST18,SKU04559,15,29520.75,1968.05,0
2025-01-12,ST20,SKU02325,15,19364.25,1290.95,0
2025-01-12,ST20,SKU04768,3,1415.61,471.87,0
2025-01-12,ST22,SKU03547,18,31992.12,1777.34,0
2025-01-12,ST23,SKU02902,14,27216.14,1944.01,0
2025-01-12,ST25,SKU01728,26,7919.34,304.59,0
2025-01-12,ST26,SKU00800,11,12108.91,1100.81,0
2025-01-12,ST26,SKU04613,10,7247.6,724.76,0
2025-01-12,ST28,SKU02438,7,1290.17,184.31,0
2025-01-12,ST29,SKU02361,18,6005.16,333.62,0
2025-01-12,ST30,SKU02502,9,7975.35,886.15,0
2025-01-13,ST01,SKU01936,12,25620.72,2135.06,1
2025-01-13,ST02,SKU00056,11,24255.99,2205.09,0
2025-01-13,ST02,SKU02773,9,6396.21,710.69,0
2025-01-13,ST02,SKU03112,13,8030.36,617.72,0
2025-01-13,ST03,SKU01155,3,6670.14,2223.38,0
2025-01-13,ST06,SKU02015,6,7428.78,1238.13,0
2025-01-13,ST06,SKU02543,18,6916.14,384.23,0
2025-01-13,ST07,SKU01714,3,4047.3,1349.1,0
2025-01-13,ST07,SKU02985,9,6552.0,728.0,1
2025-01-13,ST09,SKU03531,14,30484.58,2177.47,0
2025-01-13,ST10,SKU04850,7,7073.01,1010.43,0
2025-01-13,ST11,SKU00833,16,29587.04,1849.19,0
2025-01-13,ST11,SKU01692,16,34834.56,2177.16,1
2025-01-13,ST11,SKU03986,5,6452.85,1290.57,0
2025-01-13,ST12,SKU01913,13,14401.53,1107.81,0
2025-01-13,ST13,SKU02021,21,42150.15,2007.15,0
2025-01-13,ST14,SKU02077,13,7439.12,572.24,1
2025-01-13,ST14,SKU02204,12,26918.64,2243.22,0
2025-01-13,ST17,SKU01855,19,36511.35,1921.65,0
2025-01-13,ST18,SKU03143,9,6603.84,733.76,0
2025-01-13,ST18,SKU03951,7,966.91,138.13,0
2025-01-13,ST19,SKU01768,46,114786.1,2495.35,0
2025-01-13,ST20,SKU03060,12,26051.76,2170.98,1
2025-01-13,ST20,SKU04951,7,17377.43,2482.49,0
2025-01-13,ST21,SKU00202,11,6414.32,583.12,0
2025-01-13,ST21,SKU02928,1,1061.22,1061.22,0
2025-01-13,ST22,SKU02275,11,10568.69,960.79,0
2025-01-13,ST26,SKU00871,9,15109.11,1678.79,0
2025-01-13,ST27,SKU00984,11,20050.25,1822.75,0
2025-01-13,ST27,SKU04617,21,37600.29,1790.49,0
2025-01-13,ST28,SKU02561,14,21849.94,1560.71,0
2025-01-13,ST29,SKU00628,4,6436.88,1609.22,0
2025-01-13,ST29,SKU02141,17,3493.67,205.51,0
2025-01-13,ST29,SKU02154,17,23707.18,1394.54,0
2025-01-14,ST01,SKU01803,0,0.0,2276.34,0
2025-01-14,ST01,SKU03132,15,36249.75,2416.65,0
2025-01-14,ST01,SKU04341,27,58612.95,2170.85,0
2025-01-14,ST02,SKU03766,14,24095.82,1721.13,0
2025-01-14,ST03,SKU03419,6,739.86,123.31,0
2025-01-14,ST04,SKU04752,13,13826.15,1063.55,0
2025-01-14,ST05,SKU02272,36,12823.2,356.2,1
2025-01-14,ST05,SKU02719,2,291.04,145.52,0
2025-01-14,ST06,SKU03662,11,10295.01,935.91,0
2025-01-14,ST07,SKU03901,1,2134.39,2134.39,0
2025-01-14,ST08,SKU03740,7,7999.25,1142.75,0
2025-01-14,ST08,SKU04478,6,11896.08,1982.68,0
2025-01-14,ST08,SKU04654,3,5335.29,1778.43,0
2025-01-14,ST10,SKU02191,25,19886.75,795.47,1
2025-01-14,ST12,SKU00827,4,1282.88,320.72,0
2025-01-14,ST12,SKU01025,21,52463.25,2498.25,0
2025-01-14,ST14,SKU03636,19,28067.94,1477.26,0
2025-01-14,ST16,SKU02471,4,6264.88,1566.22,0
2025-01-14,ST16,SKU03773,9,9709.29,1078.81,1
2025-01-14,ST17,SKU02262,5,9307.6,1861.52,0
2025-01-14,ST18,SKU00179,17,34266.39,2015.67,0
2025-01-14,ST18,SKU03253,0,0.0,795.56,0
2025-01-14,ST20,SKU01685,13,9259.38,712.26,1
2025-01-14,ST24,SKU01227,14,31923.08,2280.22,0
2025-01-14,ST24,SKU01621,42,70386.12,1675.86,0
2025-01-14,ST27,SKU01971,4,1052.52,263.13,0
2025-01-14,ST27,SKU02058,6,14745.42,2457.57,0
2025-01-14,ST28,SKU00726,18,41727.42,2318.19,0
2025-01-14,ST30,SKU02079,9,8419.5,935.5,0
2025-01-14,ST30,SKU03331,14,34142.5,2438.75,0
2025-01-15,ST02,SKU00568,4,2658.88,664.72,1
2025-01-15,ST02,SKU00927,13,5949.97,457.69,1
2025-01-15,ST02,SKU01015,33,57457.95,1741.15,1
2025-01-15,ST02,SKU01430,1,2088.42,2088.42,0
2025-01-15,ST03,SKU00875,10,24780.2,2478.02,0
2025-01-15,ST05,SKU00307,5,3780.65,756.13,0
2025-01-15,ST05,SKU04805,1,1708.73,1708.73,0
2025-01-15,ST07,SKU01128,13,1509.17,116.09,0
2025-01-15,ST07,SKU02940,6,457.86,76.31,0
2025-01-15,ST09,SKU02019,14,1921.78,137.27,0
2025-01-15,ST12,SKU03185,12,16929.48,1410.79,0
2025-01-15,ST12,SKU04051,20,34766.4,1738.32,0
2025-01-15,ST14,SKU00588,10,13557.5,1355.75,0
2025-01-15,ST15,SKU04321,11,10453.19,950.29,1
2025-01-15,ST17,SKU02496,5,1567.4,313.48,0
2025-01-15,ST19,SKU02395,19,40298.81,2120.99,0
2025-01-15,ST20,SKU01736,8,16986.08,2123.26,0
2025-01-15,ST21,SKU00262,25,11686.5,467.46,0
2025-01-15,ST21,SKU00875,7,17346.14,2478.02,0
2025-01-15,ST21,SKU04845,2,3210.86,1605.43,1
2025-01-15,ST22,SKU03033,17,873.12,51.36,0
2025-01-15,ST24,SKU00939,9,14673.6,1630.4,0
2025-01-15,ST26,SKU00253,15,3355.8,223.72,0
2025-01-15,ST26,SKU03710,11,1648.02,149.82,0
2025-01-15,ST28,SKU03179,10,7889.5,788.95,0
2025-01-15,ST29,SKU03003,34,65220.16,1918.24,0
2025-01-15,ST29,SKU03603,9,1491.93,165.77,0
2025-01-15,ST30,SKU04469,13,25398.62,1953.74,0
2025-01-16,ST04,SKU01023,8,19891.04,2486.38,0
2025-01-16,ST04,SKU03217,33,20744.79,628.63,0
2025-01-16,ST06,SKU03688,3,2207.37,735.79,0
2025-01-16,ST08,SKU00296,16,3880.16,242.51,1
2025-01-16,ST08,SKU03856,10,6380.7,638.07,0
2025-01-16,ST08,SKU04354,4,2451.96,612.99,1
2025-01-16,ST10,SKU00768,5,11993.55,2398.71,0
2025-01-16,ST10,SKU03414,6,4216.2,702.7,0
2025-01-16,ST11,SKU01170,0,0.0,1047.89,1
2025-01-16,ST12,SKU03117,4,7085.28,1771.32,0
2025-01-16,ST12,SKU03228,12,2935.8,244.65,0
2025-01-16,ST13,SKU04598,4,4346.12,1086.53,0
2025-01-16,ST14,SKU01635,24,48751.2,2031.3,0
2025-01-16,ST15,SKU01875,20,3925.0,196.25,1
2025-01-16,ST15,SKU02843,26,24487.32,941.82,0
2025-01-16,ST17,SKU04285,6,7309.92,1218.32,1
2025-01-16,ST19,SKU03935,8,17387.84,2173.48,0
2025-01-16,ST21,SKU03882,5,4534.85,906.97,0
2025-01-16,ST21,SKU04924,14,21892.08,1563.72,0
2025-01-16,ST22,SKU02019,14,1921.78,137.27,0
2025-01-16,ST22,SKU03594,23,11413.98,496.26,0
2025-01-16,ST22,SKU04642,6,828.54,138.09,0
2025-01-16,ST24,SKU02312,27,34891.02,1292.26,0
2025-01-16,ST26,SKU00591,6,7397.22,1232.87,0
2025-01-16,ST26,SKU00916,6,2550.66,425.11,0
2025-01-16,ST26,SKU01739,28,45720.92,1632.89,0
2025-01-16,ST26,SKU02208,10,19504.9,1950.49,0
2025-01-16,ST26,SKU02694,22,20055.86,911.63,0
2025-01-16,ST26,SKU04586,7,5789.07,827.01,0
2025-01-16,ST27,SKU03109,11,25960.11,2360.01,0
2025-01-16,ST28,SKU02429,5,2319.65,463.93,0
2025-01-16,ST29,SKU01337,25,7406.25,296.25,0
2025-01-16,ST29,SKU04481,9,19407.78,2156.42,0
2025-01-16,ST30,SKU01630,3,296.22,98.74,1
2025-01-16,ST30,SKU02959,17,39535.2,2325.6,0
2025-01-17,ST02,SKU00737,9,11342.07,1260.23,0
2025-01-17,ST02,SKU00925,14,24201.1,1728.65,1
2025-01-17,ST02,SKU03463,5,6189.6,1237.92,0
2025-01-17,ST03,SKU01496,1,2465.37,2465.37,0
2025-01-17,ST05,SKU00745,9,15764.76,1751.64,1
2025-01-17,ST06,SKU02316,9,8933.94,992.66,0
2025-01-17,ST08,SKU03285,5,10343.65,2068.73,0
2025-01-17,ST09,SKU03473,12,7631.16,635.93,0
2025-01-17,ST10,SKU02998,26,10008.96,384.96,0
2025-01-17,ST10,SKU04596,9,12927.51,1436.39,0
2025-01-17,ST11,SKU02117,20,39247.0,1962.35,0
2025-01-17,ST14,SKU02379,4,4965.88,1241.47,0
2025-01-17,ST15,SKU01762,20,46341.4,2317.07,0
2025-01-17,ST18,SKU02789,16,2600.0,162.5,0
2025-01-17,ST21,SKU02667,2,3356.28,1678.14,0
2025-01-17,ST23,SKU03407,2,3152.88,1576.44,0
2025-01-17,ST24,SKU00892,10,19497.8,1949.78,0
2025-01-17,ST26,SKU00940,0,0.0,664.86,0
2025-01-17,ST26,SKU02206,15,32866.65,2191.11,0
2025-01-17,ST27,SKU03019,8,16714.8,2089.35,0
2025-01-17,ST28,SKU00449,12,20008.68,1667.39,0
2025-01-17,ST28,SKU04860,13,28529.54,2194.58,0
2025-01-17,ST29,SKU02534,28,50407.84,1800.28,0
2025-01-17,ST29,SKU02788,6,13140.84,2190.14,1
2025-01-18,ST01,SKU04717,14,11087.02,791.93,0
2025-01-18,ST02,SKU02089,8,18428.88,2303.61,0
2025-01-18,ST02,SKU04831,11,8731.25,793.75,1
2025-01-18,ST03,SKU01929,8,2406.0,300.75,0
2025-01-18,ST03,SKU02767,34,47541.18,1398.27,0
2025-01-18,ST03,SKU04613,23,16669.48,724.76,0
2025-01-18,ST04,SKU04687,11,12525.81,1138.71,0
2025-01-18,ST05,SKU02309,9,4821.93,535.77,1
2025-01-18,ST06,SKU04673,17,7827.31,460.43,0
2025-01-18,ST07,SKU02786,14,29295.28,2092.52,1
2025-01-18,ST08,SKU00172,6,1116.66,186.11,0
2025-01-18,ST08,SKU03670,7,5148.99,735.57,0
2025-01-18,ST09,SKU02777,5,4165.85,833.17,0
2025-01-18,ST12,SKU02641,6,13349.88,2224.98,0
2025-01-18,ST13,SKU02974,15,22855.8,1523.72,0
2025-01-18,ST13,SKU03311,27,15082.47,558.61,0
2025-01-18,ST14,SKU01795,0,0.0,1118.39,0
2025-01-18,ST14,SKU03354,20,1990.8,99.54,0
2025-01-18,ST15,SKU01695,14,7402.08,528.72,1
2025-01-18,ST15,SKU03180,21,27114.57,1291.17,1
2025-01-18,ST15,SKU04020,13,21705.19,1669.63,1
2025-01-18,ST16,SKU00111,7,16004.8,2286.4,0
2025-01-18,ST17,SKU03434,11,5827.69,529.79,0
2025-01-18,ST18,SKU00501,6,14944.26,2490.71,0
2025-01-18,ST19,SKU00020,5,9516.2,1903.24,0
2025-01-18,ST20,SKU01101,13,12308.53,946.81,0
2025-01-18,ST20,SKU03903,18,37169.28,2064.96,0
2025-01-18,ST21,SKU01379,11,9425.02,856.82,1
2025-01-18,ST24,SKU00730,5,2339.25,467.85,0
2025-01-18,ST24,SKU04129,13,27422.72,2109.44,0
2025-01-18,ST26,SKU01853,7,7098.0,1014.0,0
2025-01-18,ST28,SKU00925,2,3457.3,1728.65,0
2025-01-18,ST28,SKU02859,21,43066.38,2050.78,0
2025-01-18,ST29,SKU04400,33,63695.61,1930.17,1
2025-01-19,ST02,SKU04278,15,17578.2,1171.88,0
2025-01-19,ST04,SKU02677,11,14261.94,1296.54,0
2025-01-19,ST04,SKU04397,13,14189.5,1091.5,0
2025-01-19,ST06,SKU03174,28,4053.56,144.77,0
2025-01-19,ST08,SKU01116,21,48876.24,2327.44,0
2025-01-19,ST08,SKU01304,15,19855.35,1323.69,0
2025-01-19,ST09,SKU01994,4,9467.76,2366.94,0
2025-01-19,ST09,SKU03904,30,5218.8,173.96,1
2025-01-19,ST11,SKU01104,10,4222.7,422.27,0
2025-01-19,ST11,SKU03343,5,3548.55,709.71,0
2025-01-19,ST12,SKU00651,11,9137.7,830.7,1
2025-01-19,ST12,SKU02173,5,4650.15,930.03,0
2025-01-19,ST12,SKU03160,0,0.0,2472.44,0
2025-01-19,ST12,SKU03542,9,18507.78,2056.42,0
2025-01-19,ST12,SKU04480,24,59692.32,2487.18,1
2025-01-19,ST13,SKU00308,9,13634.19,1514.91,1
2025-01-19,ST14,SKU03622,4,4089.16,1022.29,0
2025-01-19,ST14,SKU03625,12,7173.6,597.8,0
2025-01-19,ST15,SKU03179,9,7100.55,788.95,1
2025-01-19,ST15,SKU03253,24,19093.44,795.56,0
2025-01-19,ST17,SKU03925,19,29054.42,1529.18,0
2025-01-19,ST18,SKU00006,19,21057.7,1108.3,0
2025-01-19,ST19,SKU03399,14,15256.08,1089.72,0
2025-01-19,ST20,SKU00141,25,28793.0,1151.72,1
2025-01-19,ST21,SKU00758,21,16411.08,781.48,0
2025-01-19,ST22,SKU04113,6,1348.02,224.67,1
2025-01-19,ST23,SKU01777,4,578.28,144.57,0
2025-01-19,ST23,SKU02409,21,50232.84,2392.04,0
2025-01-19,ST24,SKU04715,22,50364.6,2289.3,0
2025-01-19,ST25,SKU03807,7,10249.82,1464.26,0
2025-01-19,ST28,SKU01302,10,21939.8,2193.98,0
2025-01-19,ST28,SKU04970,7,15875.79,2267.97,0
2025-01-19,ST29,SKU01807,22,20585.62,935.71,1
2025-01-19,ST29,SKU03139,24,30382.56,1265.94,1
2025-01-19,ST29,SKU03464,58,40962.5,706.25,1
2025-01-19,ST29,SKU04835,18,21898.98,1216.61,0
2025-01-20,ST01,SKU00864,22,26920.52,1223.66,1
2025-01-20,ST01,SKU04445,7,4705.4,672.2,0
2025-01-20,ST04,SKU00527,30,22503.0,750.1,1
2025-01-20,ST04,SKU01675,6,5981.28,996.88,0
2025-01-20,ST06,SKU01355,8,7087.6,885.95,1
2025-01-20,ST07,SKU00129,7,1354.08,193.44,0
2025-01-20,ST07,SKU03089,5,7971.5,1594.3,0
2025-01-20,ST07,SKU03999,18,44225.1,2456.95,0
2025-01-20,ST08,SKU01889,21,17998.05,857.05,0
2025-01-20,ST08,SKU04848,8,12862.24,1607.78,0
2025-01-20,ST12,SKU00770,6,10223.1,1703.85,0
2025-01-20,ST17,SKU00642,14,29756.3,2125.45,0
2025-01-20,ST19,SKU00132,15,21394.8,1426.32,0
2025-01-20,ST19,SKU03626,19,9488.41,499.39,0
2025-01-20,ST19,SKU03778,14,20620.04,1472.86,0
2025-01-20,ST19,SKU04779,8,14131.36,1766.42,1
2025-01-20,ST20,SKU00177,3,1799.01,599.67,0
2025-01-20,ST20,SKU04519,6,14495.52,2415.92,0
2025-01-20,ST22,SKU01912,7,13288.03,1898.29,0
2025-01-20,ST22,SKU04374,19,19054.34,1002.86,0
2025-01-20,ST24,SKU02622,8,19428.32,2428.54,1
2025-01-20,ST28,SKU01663,5,1659.85,331.97,0
2025-01-20,ST28,SKU04483,12,26194.92,2182.91,0
2025-01-20,ST29,SKU00507,9,7650.27,850.03,0
2025-01-20,ST29,SKU01649,4,7889.96,1972.49,0
2025-01-21,ST03,SKU01476,25,46659.0,1866.36,0
2025-01-21,ST03,SKU02093,6,11232.12,1872.02,0
2025-01-21,ST03,SKU04783,5,4524.1,904.82,0
2025-01-21,ST04,SKU01776,6,7895.4,1315.9,0
2025-01-21,ST05,SKU02275,10,9607.9,960.79,0
2025-01-21,ST05,SKU03587,8,498.64,62.33,0
2025-01-21,ST05,SKU04989,12,2099.64,174.97,0
2025-01-21,ST06,SKU01805,21,3566.01,169.81,0
2025-01-21,ST06,SKU03048,18,41868.54,2326.03,1
2025-01-21,ST06,SKU04184,9,22338.0,2482.0,1
2025-01-21,ST07,SKU00853,10,22579.8,2257.98,0
2025-01-21,ST07,SKU04557,5,633.25,126.65,0
2025-01-21,ST08,SKU00225,10,18755.4,1875.54,0
2025-01-21,ST10,SKU04725,12,9962.16,830.18,1
2025-01-21,ST11,SKU00471,9,20131.92,2236.88,0
2025-01-21,ST11,SKU00780,49,61861.52,1262.48,0
2025-01-21,ST11,SKU02403,17,26351.19,1550.07,0
2025-01-21,ST12,SKU00206,17,13917.56,818.68,0
2025-01-21,ST12,SKU00366,5,3891.1,778.22,0
2025-01-21,ST12,SKU01137,9,21260.43,2362.27,1
2025-01-21,ST12,SKU01813,6,9852.18,1642.03,0
2025-01-21,ST12,SKU04072,37,16034.69,433.37,0
2025-01-21,ST12,SKU04427,4,9760.24,2440.06,0
2025-01-21,ST13,SKU02761,2,2173.34,1086.67,0
2025-01-21,ST13,SKU03114,6,4380.54,730.09,1
2025-01-21,ST14,SKU02267,11,20561.64,1869.24,0
2025-01-21,ST14,SKU03246,21,48688.08,2318.48,0
2025-01-21,ST14,SKU04382,15,2220.9,148.06,0
2025-01-21,ST15,SKU02944,13,11521.51,886.27,0
2025-01-21,ST19,SKU00321,7,1658.23,236.89,0
2025-01-21,ST20,SKU02166,7,12905.97,1843.71,0
2025-01-21,ST25,SKU02105,10,577.4,57.74,0
2025-01-21,ST26,SKU01766,24,26198.64,1091.61,0
2025-01-21,ST27,SKU02685,2,1300.72,650.36,0
2025-01-21,ST27,SKU03487,18,7570.8,420.6,0
2025-01-21,ST27,SKU03495,6,9726.72,1621.12,0
2025-01-21,ST27,SKU04614,28,61947.76,2212.42,1
2025-01-22,ST01,SKU00909,4,6410.64,1602.66,0
2025-01-22,ST01,SKU01859,10,22255.7,2225.57,0
2025-01-22,ST01,SKU02495,16,31488.8,1968.05,0
2025-01-22,ST01,SKU02893,6,14181.78,2363.63,0
2025-01-22,ST02,SKU01887,8,15811.84,1976.48,0
2025-01-22,ST02,SKU02660,15,5744.85,382.99,0
2025-01-22,ST02,SKU03444,16,20012.16,1250.76,0
2025-01-22,ST02,SKU03700,8,18925.84,2365.73,0
2025-01-22,ST03,SKU01296,7,4190.34,598.62,0
2025-01-22,ST04,SKU02116,26,62701.34,2411.59,1
2025-01-22,ST06,SKU01559,4,3706.16,926.54,0
2025-01-22,ST06,SKU02495,14,27552.7,1968.05,0
2025-01-22,ST07,SKU04435,13,20224.62,1555.74,0
2025-01-22,ST07,SKU04736,7,6178.55,882.65,0
2025-01-22,ST08,SKU02594,6,1046.82,174.47,0
2025-01-22,ST09,SKU04992,4,8629.44,2157.36,0
2025-01-22,ST10,SKU01532,2,1532.8,766.4,0
2025-01-22,ST10,SKU01882,25,33894.0,1355.76,0
2025-01-22,ST10,SKU03491,7,16052.75,2293.25,0
2025-01-22,ST11,SKU02219,8,6521.92,815.24,0
2025-01-22,ST12,SKU01135,20,11553.4,577.67,0
2025-01-22,ST12,SKU01816,10,22652.4,2265.24,0
2025-01-22,ST13,SKU04147,16,6978.88,436.18,0
2025-01-22,ST14,SKU02998,28,10778.88,384.96,0
2025-01-22,ST15,SKU00527,8,6000.8,750.1,0
2025-01-22,ST17,SKU00814,7,8597.05,1228.15,0
2025-01-22,ST17,SKU02290,29,72091.97,2485.93,0
2025-01-22,ST17,SKU04730,10,8208.9,820.89,0
2025-01-22,ST19,SKU04459,22,45047.42,2047.61,1
2025-01-22,ST20,SKU00293,5,2557.9,511.58,0
2025-01-22,ST23,SKU02299,20,20271.8,1013.59,0
2025-01-22,ST23,SKU03298,6,11059.68,1843.28,0
2025-01-22,ST24,SKU00068,15,1505.85,100.39,1
2025-01-22,ST24,SKU01791,10,14962.1,1496.21,0
2025-01-22,ST24,SKU04015,4,3142.88,785.72,0
2025-01-22,ST24,SKU04024,7,1950.55,278.65,0
2025-01-22,ST25,SKU02661,36,66935.52,1859.32,0
2025-01-22,ST25,SKU03773,16,17260.96,1078.81,1
2025-01-22,ST27,SKU03408,22,44405.9,2018.45,1
2025-01-22,ST27,SKU04401,8,10960.48,1370.06,0
2025-01-22,ST29,SKU00992,4,4922.12,1230.53,0
2025-01-22,ST29,SKU02440,4,6290.44,1572.61,0
2025-01-22,ST30,SKU03034,15,20715.9,1381.06,0
2025-01-22,ST30,SKU04207,20,48021.8,2401.09,0
2025-01-23,ST01,SKU00538,19,18090.09,952.11,0
2025-01-23,ST01,SKU02055,13,30125.03,2317.31,0
2025-01-23,ST01,SKU02544,10,5239.0,523.9,0
2025-01-23,ST02,SKU03479,6,5723.58,953.93,0
2025-01-23,ST03,SKU02129,7,3161.34,451.62,0
2025-01-23,ST03,SKU02816,2,2286.16,1143.08,0
2025-01-23,ST04,SKU01242,7,4892.02,698.86,1
2025-01-23,ST04,SKU03532,35,29925.0,855.0,0
2025-01-23,ST06,SKU00014,10,9816.3,981.63,0
2025-01-23,ST06,SKU03559,10,18446.2,1844.62,0
2025-01-23,ST09,SKU02917,5,4532.9,906.58,0
2025-01-23,ST10,SKU03639,20,4544.4,227.22,0
2025-01-23,ST13,SKU02188,13,21169.72,1628.44,0
2025-01-23,ST13,SKU02474,27,50537.52,1871.76,0
2025-01-23,ST15,SKU02636,7,16803.99,2400.57,0
2025-01-23,ST17,SKU01480,3,4311.6,1437.2,0
2025-01-23,ST17,SKU04880,7,891.87,127.41,0
2025-01-23,ST18,SKU00289,10,2750.4,275.04,0
2025-01-23,ST18,SKU01379,23,19706.86,856.82,0
2025-01-23,ST18,SKU01640,3,3792.57,1264.19,0
2025-01-23,ST18,SKU04359,7,16858.8,2408.4,0
2025-01-23,ST19,SKU01601,12,3907.92,325.66,0
2025-01-23,ST22,SKU01617,22,43103.06,1959.23,0
2025-01-23,ST22,SKU02015,20,24762.6,1238.13,0
2025-01-23,ST23,SKU02161,11,2094.62,190.42,0
2025-01-23,ST23,SKU03050,9,22284.72,2476.08,0
2025-01-23,ST25,SKU01114,15,8251.65,550.11,1
2025-01-23,ST25,SKU03068,20,36036.4,1801.82,1
2025-01-23,ST29,SKU00990,0,0.0,314.4,0
2025-01-23,ST29,SKU04397,5,5457.5,1091.5,0
2025-01-23,ST30,SKU03374,9,15359.94,1706.66,0
2025-01-24,ST02,SKU00713,19,15007.53,789.87,0
2025-01-24,ST03,SKU01306,25,60044.0,2401.76,1
2025-01-24,ST04,SKU02214,5,4152.25,830.45,0
2025-01-24,ST04,SKU03465,8,2113.12,264.14,0
2025-01-24,ST06,SKU01453,14,25256.98,1804.07,0
2025-01-24,ST07,SKU00049,15,31858.65,2123.91,0
2025-01-24,ST08,SKU01742,16,3751.36,234.46,1
2025-01-24,ST11,SKU01039,16,20049.6,1253.1,0
2025-01-24,ST11,SKU02330,16,9411.36,588.21,0
2025-01-24,ST12,SKU03128,33,47093.97,1427.09,0
2025-01-24,ST12,SKU04963,12,19622.04,1635.17,0
2025-01-24,ST13,SKU02417,8,11059.52,1382.44,0
2025-01-24,ST13,SKU03684,24,6074.4,253.1,1
2025-01-24,ST13,SKU04322,3,7232.49,2410.83,0
2025-01-24,ST15,SKU04433,13,24926.46,1917.42,0
2025-01-24,ST18,SKU03640,10,17752.1,1775.21,0
2025-01-24,ST23,SKU04255,14,18404.4,1314.6,1
2025-01-24,ST24,SKU01655,9,5037.93,559.77,0
2025-01-24,ST24,SKU02796,18,2697.12,149.84,0
2025-01-24,ST24,SKU03183,25,9813.0,392.52,0
2025-01-24,ST26,SKU02972,13,29961.62,2304.74,0
2025-01-24,ST27,SKU00015,21,45519.81,2167.61,1
2025-01-24,ST27,SKU00594,11,1504.69,136.79,0
2025-01-24,ST28,SKU00301,26,17018.3,654.55,0
2025-01-24,ST29,SKU04276,12,16525.32,1377.11,0
2025-01-24,ST30,SKU03468,12,13592.52,1132.71,0
2025-01-24,ST30,SKU04689,16,37196.8,2324.8,0
2025-01-25,ST02,SKU00028,4,8873.96,2218.49,0
2025-01-25,ST03,SKU01128,18,2089.62,116.09,0
2025-01-25,ST04,SKU00045,1,879.57,879.57,0
2025-01-25,ST04,SKU01385,15,14439.6,962.64,1
2025-01-25,ST04,SKU03574,18,29501.46,1638.97,0
2025-01-25,ST06,SKU02374,11,25500.53,2318.23,0
2025-01-25,ST07,SKU03210,15,8279.4,551.96,0
2025-01-25,ST07,SKU03978,3,3214.95,1071.65,0
2025-01-25,ST07,SKU04157,5,6360.7,1272.14,0
2025-01-25,ST09,SKU01504,7,5195.96,742.28,0
2025-01-25,ST09,SKU03603,7,1160.39,165.77,0
2025-01-25,ST11,SKU01907,5,9103.25,1820.65,0
2025-01-25,ST12,SKU00474,12,9987.6,832.3,0
2025-01-25,ST13,SKU03990,15,22904.25,1526.95,1
2025-01-25,ST15,SKU01289,14,10477.32,748.38,0
2025-01-25,ST16,SKU02211,12,28439.04,2369.92,0
2025-01-25,ST16,SKU03118,6,10472.88,1745.48,0
2025-01-25,ST18,SKU02265,6,4450.02,741.67,0
2025-01-25,ST18,SKU02782,7,8793.75,1256.25,0
2025-01-25,ST21,SKU00028,6,13310.94,2218.49,0
2025-01-25,ST21,SKU01717,47,45272.28,963.24,1
2025-01-25,ST21,SKU02665,12,14202.0,1183.5,1
2025-01-25,ST21,SKU03646,4,1592.04,398.01,0
2025-01-25,ST22,SKU00904,33,47574.78,1441.66,1
2025-01-25,ST24,SKU04321,16,15204.64,950.29,0
2025-01-25,ST25,SKU00343,15,36006.15,2400.41,0
2025-01-25,ST30,SKU04042,12,9025.68,752.14,0
2025-01-26,ST02,SKU03037,15,20615.7,1374.38,0
2025-01-26,ST03,SKU02414,9,2937.33,326.37,0
2025-01-26,ST05,SKU03607,31,72814.35,2348.85,0
2025-01-26,ST06,SKU02416,25,4133.25,165.33,1
2025-01-26,ST07,SKU03116,11,10500.6,954.6,0
2025-01-26,ST08,SKU02592,19,43342.04,2281.16,1
2025-01-26,ST09,SKU03861,4,8582.48,2145.62,0
2025-01-26,ST11,SKU04048,16,17378.56,1086.16,1
2025-01-26,ST12,SKU00242,5,11175.6,2235.12,1
2025-01-26,ST12,SKU03841,10,3508.4,350.84,0
2025-01-26,ST13,SKU04453,16,35833.6,2239.6,0
2025-01-26,ST15,SKU01897,8,8918.96,1114.87,0
2025-01-26,ST16,SKU02596,28,11127.48,397.41,0
2025-01-26,ST16,SKU03909,31,27666.88,892.48,1
2025-01-26,ST17,SKU00818,4,7761.44,1940.36,0
2025-01-26,ST17,SKU02666,17,22246.2,1308.6,0
2025-01-26,ST19,SKU00968,9,7012.44,779.16,0
2025-01-26,ST19,SKU04127,12,21091.32,1757.61,0
2025-01-26,ST22,SKU00256,22,11754.38,534.29,0
2025-01-26,ST22,SKU02926,5,8003.25,1600.65,1
2025-01-26,ST22,SKU04576,21,4129.02,196.62,0
2025-01-26,ST22,SKU04764,20,19238.6,961.93,0
2025-01-26,ST25,SKU00041,6,7819.68,1303.28,0
2025-01-26,ST26,SKU01863,16,19430.24,1214.39,0
2025-01-26,ST26,SKU02993,7,1755.18,250.74,0
2025-01-26,ST27,SKU04073,7,411.18,58.74,0
2025-01-26,ST27,SKU04393,6,10635.48,1772.58,0
2025-01-26,ST29,SKU01882,26,35249.76,1355.76,0
2025-01-26,ST29,SKU04302,6,14706.18,2451.03,0
2025-01-27,ST02,SKU04521,22,27196.62,1236.21,0
2025-01-27,ST03,SKU02335,6,9562.62,1593.77,0
2025-01-27,ST03,SKU03074,9,10136.25,1126.25,0
2025-01-27,ST06,SKU02333,27,56211.03,2081.89,0
2025-01-27,ST07,SKU01741,10,15528.5,1552.85,0
2025-01-27,ST08,SKU00890,9,7979.58,886.62,0
2025-01-27,ST08,SKU01992,10,7125.5,712.55,0
2025-01-27,ST08,SKU04286,7,5073.18,724.74,0
2025-01-27,ST10,SKU03819,8,12796.88,1599.61,0
2025-01-27,ST12,SKU00012,5,5584.85,1116.97,0
2025-01-27,ST12,SKU00909,13,20834.58,1602.66,0
2025-01-27,ST12,SKU04287,7,2692.41,384.63,0
2025-01-27,ST13,SKU00983,9,3845.16,427.24,0
2025-01-27,ST15,SKU03004,26,59367.88,2283.38,0
2025-01-27,ST15,SKU03093,7,2516.57,359.51,0
2025-01-27,ST18,SKU01264,3,5036.01,1678.67,0
2025-01-27,ST18,SKU02924,33,32969.64,999.08,1
2025-01-27,ST18,SKU04037,20,38767.0,1938.35,0
2025-01-27,ST18,SKU04174,21,36936.48,1758.88,1
2025-01-27,ST19,SKU00867,4,9170.72,2292.68,0
2025-01-27,ST20,SKU00330,7,417.13,59.59,0
2025-01-27,ST20,SKU03278,14,4171.3,297.95,0
2025-01-27,ST20,SKU04638,11,7660.73,696.43,0
2025-01-27,ST21,SKU00092,3,4365.84,1455.28,1
2025-01-27,ST21,SKU01717,26,25044.24,963.24,0
2025-01-27,ST22,SKU00492,6,4683.96,780.66,0
2025-01-27,ST22,SKU03242,9,4390.83,487.87,0
2025-01-27,ST23,SKU04729,2,1173.1,586.55,0
2025-01-27,ST24,SKU00611,28,3574.76,127.67,1
2025-01-27,ST25,SKU01163,29,6686.24,230.56,0
2025-01-27,ST25,SKU03508,11,16004.67,1454.97,0
2025-01-27,ST25,SKU04509,8,7024.24,878.03,0
2025-01-27,ST27,SKU00554,2,4347.34,2173.67,0
2025-01-27,ST27,SKU00563,11,22676.17,2061.47,1
2025-01-27,ST27,SKU01095,9,2234.61,248.29,0
2025-01-27,ST28,SKU02652,17,9259.05,544.65,0
2025-01-27,ST29,SKU01918,12,5440.92,453.41,0
2025-01-28,ST01,SKU00605,13,17221.49,1324.73,0
2025-01-28,ST01,SKU01507,14,4655.14,332.51,0
2025-01-28,ST01,SKU03694,14,10249.68,732.12,0
2025-01-28,ST02,SKU00831,6,9169.56,1528.26,0
2025-01-28,ST03,SKU02833,7,14588.77,2084.11,0
2025-01-28,ST04,SKU01534,4,4214.2,1053.55,0
2025-01-28,ST04,SKU04371,14,24136.56,1724.04,0
2025-01-28,ST06,SKU01549,15,23616.0,1574.4,0
2025-01-28,ST08,SKU03837,10,13446.3,1344.63,1
2025-01-28,ST09,SKU03694,4,2928.48,732.12,0
2025-01-28,ST10,SKU00342,22,28979.28,1317.24,0
2025-01-28,ST10,SKU01021,3,4887.66,1629.22,0
2025-01-28,ST10,SKU01058,11,14223.11,1293.01,0
2025-01-28,ST10,SKU02580,8,8314.72,1039.34,0
2025-01-28,ST12,SKU00371,19,16174.7,851.3,0
2025-01-28,ST12,SKU02181,8,1884.08,235.51,1
2025-01-28,ST13,SKU00603,3,3267.12,1089.04,0
2025-01-28,ST13,SKU04299,0,0.0,2281.29,0
2025-01-28,ST14,SKU01090,3,1430.67,476.89,0
2025-01-28,ST14,SKU01570,14,24847.62,1774.83,0
2025-01-28,ST14,SKU02230,18,38154.24,2119.68,0
2025-01-28,ST14,SKU02597,15,18208.2,1213.88,0
2025-01-28,ST15,SKU00267,9,2720.7,302.3,0
2025-01-28,ST16,SKU02636,13,31207.41,2400.57,0
2025-01-28,ST16,SKU02823,7,15717.17,2245.31,0
2025-01-28,ST16,SKU03484,10,21894.3,2189.43,0
2025-01-28,ST23,SKU04937,8,7946.24,993.28,0
2025-01-28,ST24,SKU04148,15,14103.15,940.21,0
2025-01-28,ST26,SKU04345,7,1277.85,182.55,0
2025-01-28,ST26,SKU04924,6,9382.32,1563.72,1
2025-01-28,ST28,SKU04216,7,17130.4,2447.2,0
2025-01-28,ST29,SKU02563,2,1920.26,960.13,0
2025-01-29,ST01,SKU00067,26,30189.64,1161.14,0
2025-01-29,ST01,SKU00978,5,659.75,131.95,0
2025-01-29,ST01,SKU04249,6,4065.78,677.63,0
2025-01-29,ST02,SKU00952,12,13109.76,1092.48,1
2025-01-29,ST02,SKU04616,5,3239.2,647.84,0
2025-01-29,ST03,SKU04562,4,1251.52,312.88,0
2025-01-29,ST04,SKU00249,2,852.84,426.42,0
2025-01-29,ST04,SKU03266,19,8568.81,450.99,0
2025-01-29,ST05,SKU01046,5,11283.4,2256.68,1
2025-01-29,ST05,SKU01714,13,17538.3,1349.1,0
2025-01-29,ST08,SKU03906,10,4667.3,466.73,0
2025-01-29,ST09,SKU04098,25,4357.5,174.3,0
2025-01-29,ST10,SKU04334,24,47880.96,1995.04,1
2025-01-29,ST12,SKU04587,11,12652.42,1150.22,0
2025-01-29,ST13,SKU01756,2,2362.32,1181.16,0
2025-01-29,ST14,SKU01029,5,10429.2,2085.84,0
2025-01-29,ST14,SKU01241,5,429.25,85.85,0
2025-01-29,ST14,SKU01979,3,1656.06,552.02,0
2025-01-29,ST14,SKU02047,6,546.78,91.13,0
2025-01-29,ST16,SKU02314,7,12707.38,1815.34,0
2025-01-29,ST17,SKU00516,4,2452.24,613.06,0
2025-01-29,ST17,SKU04386,3,2381.16,793.72,0
2025-01-29,ST17,SKU04489,4,8071.64,2017.91,0
2025-01-29,ST19,SKU04888,19,26310.25,1384.75,0
2025-01-29,ST20,SKU00940,6,3989.16,664.86,0
2025-01-29,ST20,SKU01551,21,50927.1,2425.1,1
2025-01-29,ST20,SKU02732,14,32703.58,2335.97,0
2025-01-29,ST20,SKU03674,3,4755.45,1585.15,0
2025-01-29,ST20,SKU04000,3,7078.8,2359.6,1
2025-01-29,ST23,SKU00986,13,2703.61,207.97,0
2025-01-29,ST24,SKU01618,30,52695.6,1756.52,1
2025-01-29,ST24,SKU02423,1,2326.55,2326.55,0
2025-01-29,ST24,SKU03854,6,8481.78,1413.63,0
2025-01-29,ST27,SKU01097,7,17023.58,2431.94,0
2025-01-29,ST27,SKU03534,6,4799.88,799.98,0
2025-01-29,ST27,SKU04691,0,0.0,1280.97,0
2025-01-29,ST28,SKU02238,2,1232.14,616.07,0
2025-01-29,ST28,SKU02462,4,6328.56,1582.14,0
2025-01-29,ST28,SKU04966,4,6950.04,1737.51,0
2025-01-29,ST30,SKU02584,8,17178.64,2147.33,0
2025-01-29,ST30,SKU03543,13,21077.42,1621.34,0
2025-01-30,ST01,SKU03587,8,498.64,62.33,0
2025-01-30,ST02,SKU00645,17,33531.82,1972.46,1
2025-01-30,ST03,SKU00094,8,14350.72,1793.84,0
2025-01-30,ST03,SKU04986,4,5831.16,1457.79,0
2025-01-30,ST04,SKU00571,9,17028.36,1892.04,0
2025-01-30,ST05,SKU04513,10,6644.4,664.44,0
2025-01-30,ST06,SKU01472,26,33949.5,1305.75,0
2025-01-30,ST06,SKU04387,5,4060.05,812.01,1
2025-01-30,ST07,SKU01112,5,536.2,107.24,0
2025-01-30,ST07,SKU03045,17,23133.09,1360.77,0
2025-01-30,ST09,SKU01002,11,3292.19,299.29,1
2025-01-30,ST09,SKU01064,3,1361.16,453.72,1
2025-01-30,ST10,SKU02104,17,37238.16,2190.48,0
2025-01-30,ST13,SKU01142,17,30804.0,1812.0,0
2025-01-30,ST13,SKU03465,28,7395.92,264.14,0
2025-01-30,ST17,SKU03521,14,5113.36,365.24,0
2025-01-30,ST17,SKU04971,7,13342.07,1906.01,0
2025-01-30,ST19,SKU01053,16,38453.6,2403.35,0
2025-01-30,ST19,SKU04950,12,14847.96,1237.33,0
2025-01-30,ST22,SKU03738,47,90202.87,1919.21,0
2025-01-30,ST23,SKU00146,5,4065.75,813.15,1
2025-01-30,ST24,SKU00382,6,1854.84,309.14,0
2025-01-30,ST25,SKU00582,27,54337.77,2012.51,1
2025-01-30,ST26,SKU01867,7,11389.7,1627.1,0
2025-01-30,ST28,SKU01917,6,1964.88,327.48,0
2025-01-30,ST29,SKU00600,20,34473.2,1723.66,0
2025-01-30,ST30,SKU02335,7,11156.39,1593.77,0
2025-01-31,ST01,SKU01512,6,2074.92,345.82,0
2025-01-31,ST01,SKU03097,18,19380.06,1076.67,0
2025-01-31,ST01,SKU04811,0,0.0,266.1,0
2025-01-31,ST02,SKU00293,6,3069.48,511.58,0
2025-01-31,ST02,SKU00387,5,1767.35,353.47,0
2025-01-31,ST03,SKU02820,12,12529.08,1044.09,0
2025-01-31,ST04,SKU00665,8,19567.6,2445.95,0
2025-01-31,ST04,SKU01562,18,43994.88,2444.16,0
2025-01-31,ST05,SKU01277,7,1215.41,173.63,0
2025-01-31,ST06,SKU02274,13,30809.35,2369.95,0
2025-01-31,ST07,SKU01201,25,45897.75,1835.91,0
2025-01-31,ST08,SKU00234,14,23865.94,1704.71,1
2025-01-31,ST08,SKU04592,9,12684.87,1409.43,1
2025-01-31,ST09,SKU02290,4,9943.72,2485.93,0
2025-01-31,ST10,SKU00205,19,40965.14,2156.06,0
2025-01-31,ST10,SKU03771,4,5539.44,1384.86,0
2025-01-31,ST11,SKU02189,11,14410.33,1310.03,1
2025-01-31,ST12,SKU01267,13,27464.97,2112.69,0
2025-01-31,ST13,SKU02777,16,13330.72,833.17,1
2025-01-31,ST13,SKU03786,19,46609.28,2453.12,0
2025-01-31,ST15,SKU04430,14,21025.62,1501.83,0
2025-01-31,ST16,SKU02614,30,69009.9,2300.33,0
2025-01-31,ST17,SKU01306,8,19214.08,2401.76,0
2025-01-31,ST17,SKU04668,3,1093.11,364.37,0
2025-01-31,ST19,SKU02528,8,13661.92,1707.74,0
2025-01-31,ST20,SKU02045,29,62861.27,2167.63,1
2025-01-31,ST21,SKU00461,12,2192.52,182.71,0
2025-01-31,ST21,SKU01176,18,13476.6,748.7,0
2025-01-31,ST21,SKU02067,5,2331.2,466.24,0
2025-01-31,ST21,SKU04647,1,58.69,58.69,0
2025-01-31,ST22,SKU02445,10,7569.5,756.95,0
2025-01-31,ST22,SKU02968,4,8130.76,2032.69,0
2025-01-31,ST23,SKU02783,29,17156.69,591.61,0
2025-01-31,ST23,SKU03329,15,29465.4,1964.36,0
2025-01-31,ST24,SKU00227,9,17461.62,1940.18,0
2025-01-31,ST25,SKU04524,14,7190.12,513.58,0
2025-01-31,ST27,SKU01034,10,6214.5,621.45,0
2025-01-31,ST28,SKU01632,9,12779.82,1419.98,0
2025-01-31,ST28,SKU02320,19,46512.19,2448.01,0
2025-01-31,ST29,SKU04947,8,18095.6,2261.95,0
2025-01-31,ST30,SKU00150,30,62940.9,2098.03,0
2025-01-31,ST30,SKU01973,11,4578.53,416.23,0
2025-02-01,ST02,SKU02221,9,6239.25,693.25,0
2025-02-01,ST02,SKU03347,10,8435.7,843.57,0
2025-02-01,ST02,SKU03815,23,6592.49,286.63,0
2025-02-01,ST03,SKU00917,3,6756.66,2252.22,0
2025-02-01,ST03,SKU02294,10,11013.6,1101.36,1
2025-02-01,ST03,SKU03022,25,53159.5,2126.38,0
2025-02-01,ST03,SKU03243,11,21685.84,1971.44,0
2025-02-01,ST04,SKU00029,13,15741.96,1210.92,0
2025-02-01,ST05,SKU04579,11,11469.48,1042.68,0
2025-02-01,ST09,SKU00735,12,28920.0,2410.0,0
2025-02-01,ST09,SKU01284,17,20137.35,1184.55,0
2025-02-01,ST09,SKU04730,20,16417.8,820.89,0
2025-02-01,ST10,SKU00167,46,77565.66,1686.21,1
2025-02-01,ST11,SKU00459,22,31340.1,1424.55,0
2025-02-01,ST11,SKU01825,25,2091.5,83.66,1
2025-02-01,ST15,SKU00019,7,15807.47,2258.21,0
2025-02-01,ST16,SKU00277,19,46405.41,2442.39,0
2025-02-01,ST16,SKU02524,17,40107.25,2359.25,0
2025-02-01,ST16,SKU02704,13,17989.27,1383.79,0
2025-02-01,ST18,SKU03320,11,22578.71,2052.61,0
2025-02-01,ST19,SKU00595,16,14495.2,905.95,0
2025-02-01,ST19,SKU03690,8,13490.08,1686.26,0
2025-02-01,ST22,SKU02156,5,12128.05,2425.61,0
2025-02-01,ST22,SKU04435,20,31114.8,1555.74,0
2025-02-01,ST23,SKU01532,26,19926.4,766.4,0
2025-02-01,ST23,SKU04413,4,6859.08,1714.77,0
2025-02-01,ST25,SKU04240,15,26673.0,1778.2,0
2025-02-01,ST26,SKU02295,4,4106.48,1026.62,0
2025-02-01,ST27,SKU03600,16,7401.28,462.58,0
2025-02-01,ST28,SKU04996,8,13547.76,1693.47,0
2025-02-01,ST29,SKU00274,42,21032.34,500.77,0
2025-02-01,ST30,SKU02723,8,13992.4,1749.05,0
2025-02-01,ST30,SKU04398,5,8277.25,1655.45,0
2025-02-02,ST03,SKU01665,19,31127.89,1638.31,0
2025-02-02,ST03,SKU03207,7,880.04,125.72,0
2025-02-02,ST07,SKU00014,20,19632.6,981.63,0
2025-02-02,ST08,SKU02612,23,20834.32,905.84,0
2025-02-02,ST09,SKU01761,8,1146.56,143.32,0
2025-02-02,ST11,SKU00059,21,51271.08,2441.48,0
2025-02-02,ST11,SKU04412,10,6816.3,681.63,1
2025-02-02,ST12,SKU00790,5,11781.25,2356.25,1
2025-02-02,ST13,SKU01000,9,5458.05,606.45,0
2025-02-02,ST13,SKU04571,3,4520.28,1506.76,1
2025-02-02,ST14,SKU00228,4,6619.12,1654.78,0
2025-02-02,ST16,SKU04471,15,3497.1,233.14,0
2025-02-02,ST16,SKU04715,2,4578.6,2289.3,0
2025-02-02,ST17,SKU01490,11,15348.85,1395.35,1
2025-02-02,ST17,SKU04316,18,27579.6,1532.2,0
2025-02-02,ST17,SKU04766,15,29393.7,1959.58,0
2025-02-02,ST18,SKU00270,3,642.36,214.12,0
2025-02-02,ST19,SKU04650,51,74296.29,1456.79,0
2025-02-02,ST20,SKU01703,1,1094.02,1094.02,1
2025-02-02,ST20,SKU01957,20,9490.4,474.52,1
2025-02-02,ST20,SKU03539,6,10704.96,1784.16,0
2025-02-02,ST20,SKU04084,28,42467.32,1516.69,0
2025-02-02,ST21,SKU01636,17,6963.2,409.6,0
2025-02-02,ST22,SKU03549,11,9602.89,872.99,0
2025-02-02,ST23,SKU00598,40,29270.0,731.75,0
2025-02-02,ST23,SKU03846,9,21476.43,2386.27,1
2025-02-02,ST24,SKU02815,14,8797.04,628.36,0
2025-02-02,ST24,SKU02922,8,19258.08,2407.26,1
2025-02-02,ST25,SKU02534,16,28804.48,1800.28,0
2025-02-02,ST25,SKU03814,13,23556.78,1812.06,0
2025-02-02,ST27,SKU02020,9,1455.21,161.69,0
2025-02-02,ST28,SKU00450,7,15555.47,2222.21,0
2025-02-02,ST28,SKU01258,10,2461.5,246.15,0
2025-02-02,ST28,SKU01767,3,1241.61,413.87,0
2025-02-02,ST29,SKU01876,36,28897.56,802.71,1
2025-02-02,ST30,SKU01268,7,17128.58,2446.94,0
2025-02-03,ST01,SKU00001,10,20264.3,2026.43,0
2025-02-03,ST01,SKU02439,24,15284.4,636.85,0
2025-02-03,ST03,SKU04495,13,27267.24,2097.48,0
2025-02-03,ST05,SKU00017,27,24319.17,900.71,0
2025-02-03,ST05,SKU00643,7,2817.43,402.49,0
2025-02-03,ST08,SKU04464,5,3226.75,645.35,0
2025-02-03,ST09,SKU03519,19,5126.2,269.8,0
2025-02-03,ST09,SKU04646,6,6609.78,1101.63,0
2025-02-03,ST11,SKU00107,14,29846.18,2131.87,1
2025-02-03,ST13,SKU01309,7,13386.52,1912.36,1
2025-02-03,ST14,SKU03630,6,10756.98,1792.83,0
2025-02-03,ST16,SKU00549,13,12683.06,975.62,0
2025-02-03,ST16,SKU00562,9,12907.26,1434.14,0
2025-02-03,ST17,SKU01005,9,5851.35,650.15,0
2025-02-03,ST17,SKU03465,9,2377.26,264.14,1
2025-02-03,ST19,SKU01671,0,0.0,953.44,0
2025-02-03,ST19,SKU02344,10,16573.0,1657.3,1
2025-02-03,ST20,SKU01151,23,28547.14,1241.18,1
2025-02-03,ST21,SKU03030,8,4894.8,611.85,0
2025-02-03,ST21,SKU03434,75,39734.25,529.79,0
2025-02-03,ST22,SKU00639,34,35898.56,1055.84,1
2025-02-03,ST22,SKU03808,5,9516.85,1903.37,0
2025-02-03,ST22,SKU04086,2,1552.58,776.29,0
2025-02-03,ST23,SKU00167,25,42155.25,1686.21,0
2025-02-03,ST24,SKU02625,7,15655.22,2236.46,0
2025-02-03,ST24,SKU04257,14,8502.48,607.32,1
2025-02-03,ST26,SKU01999,0,0.0,358.67,0
2025-02-03,ST27,SKU01291,1,1639.92,1639.92,1
2025-02-03,ST28,SKU04570,13,27945.32,2149.64,0
2025-02-03,ST29,SKU01372,9,14697.9,1633.1,0
2025-02-03,ST29,SKU03634,24,48008.64,2000.36,0
2025-02-03,ST30,SKU01060,4,6034.88,1508.72,0
2025-02-04,ST01,SKU01606,7,792.54,113.22,0
2025-02-04,ST01,SKU04828,23,37776.35,1642.45,1
2025-02-04,ST03,SKU03126,21,51449.16,2449.96,1
2025-02-04,ST05,SKU01776,14,18422.6,1315.9,1
2025-02-04,ST05,SKU04402,13,18008.9,1385.3,0
2025-02-04,ST06,SKU00294,0,0.0,317.92,0
2025-02-04,ST06,SKU02421,20,2156.4,107.82,1
2025-02-04,ST06,SKU04817,5,11815.0,2363.0,0
2025-02-04,ST07,SKU01291,4,6559.68,1639.92,0
2025-02-04,ST07,SKU01830,8,2965.68,370.71,0
2025-02-04,ST07,SKU03408,12,24221.4,2018.45,0
2025-02-04,ST13,SKU03840,11,11785.51,1071.41,0
2025-02-04,ST14,SKU02999,29,58229.97,2007.93,0
2025-02-04,ST14,SKU03420,11,19102.49,1736.59,0
2025-02-04,ST15,SKU02644,6,7831.44,1305.24,0
2025-02-04,ST16,SKU02765,13,19222.71,1478.67,0
2025-02-04,ST18,SKU01006,18,24235.38,1346.41,0
2025-02-04,ST20,SKU00775,17,42067.35,2474.55,0
2025-02-04,ST20,SKU03722,3,852.9,284.3,1
2025-02-04,ST21,SKU00386,9,14019.66,1557.74,0
2025-02-04,ST22,SKU02362,14,27191.78,1942.27,0
2025-02-04,ST22,SKU04086,0,0.0,776.29,0
2025-02-04,ST22,SKU04928,9,22400.91,2488.99,0
2025-02-04,ST23,SKU01394,15,16064.1,1070.94,0
2025-02-04,ST23,SKU02912,13,15568.8,1197.6,1
2025-02-04,ST24,SKU04093,27,33502.95,1240.85,0
2025-02-04,ST25,SKU03504,6,11353.26,1892.21,0
2025-02-04,ST28,SKU00659,15,22232.1,1482.14,0
2025-02-04,ST28,SKU03061,11,11235.62,1021.42,0
2025-02-04,ST28,SKU03265,9,10091.61,1121.29,0
2025-02-04,ST29,SKU00467,6,2948.7,491.45,0
2025-02-05,ST01,SKU00016,7,891.38,127.34,0
2025-02-05,ST02,SKU00310,10,9429.8,942.98,0
2025-02-05,ST02,SKU03294,14,9889.74,706.41,0
2025-02-05,ST04,SKU02144,14,29205.54,2086.11,0
2025-02-05,ST04,SKU03914,10,9431.7,943.17,0
2025-02-05,ST05,SKU04356,12,23610.12,1967.51,0
2025-02-05,ST08,SKU01875,9,1766.25,196.25,0
2025-02-05,ST08,SKU04682,19,20190.54,1062.66,0
2025-02-05,ST09,SKU00429,60,100521.0,1675.35,0
2025-02-05,ST09,SKU02379,6,7448.82,1241.47,1
2025-02-05,ST09,SKU02921,19,24050.2,1265.8,0
2025-02-05,ST11,SKU00996,8,15075.84,1884.48,0
2025-02-05,ST11,SKU02371,8,10134.16,1266.77,0
2025-02-05,ST14,SKU01180,7,8392.16,1198.88,1
2025-02-05,ST15,SKU03483,13,11777.22,905.94,0
2025-02-05,ST22,SKU04589,11,27478.77,2498.07,0
2025-02-05,ST24,SKU00008,7,2975.14,425.02,0
2025-02-05,ST24,SKU02092,13,28327.26,2179.02,0
2025-02-05,ST25,SKU03683,9,5572.26,619.14,0
2025-02-05,ST26,SKU03470,16,34109.28,2131.83,0
2025-02-05,ST26,SKU04875,22,35433.2,1610.6,0
2025-02-05,ST28,SKU00386,23,35828.02,1557.74,1
2025-02-05,ST29,SKU03504,6,11353.26,1892.21,0
2025-02-05,ST30,SKU00234,22,37503.62,1704.71,0
2025-02-06,ST01,SKU01384,19,10333.72,543.88,0
2025-02-06,ST02,SKU02703,6,6232.74,1038.79,1
2025-02-06,ST03,SKU02207,5,9174.05,1834.81,1
2025-02-06,ST04,SKU04000,10,23596.0,2359.6,0
2025-02-06,ST05,SKU03399,8,8717.76,1089.72,0
2025-02-06,ST06,SKU00659,6,8892.84,1482.14,0
2025-02-06,ST07,SKU01989,8,6639.68,829.96,0
2025-02-06,ST10,SKU03213,23,50453.49,2193.63,0
2025-02-06,ST11,SKU03142,15,29802.6,1986.84,0
2025-02-06,ST11,SKU03180,18,23241.06,1291.17,0
2025-02-06,ST12,SKU02119,7,4980.99,711.57,0
2025-02-06,ST14,SKU01924,8,19266.88,2408.36,0
2025-02-06,ST15,SKU03841,28,9823.52,350.84,1
2025-02-06,ST16,SKU02086,6,7876.86,1312.81,0
2025-02-06,ST16,SKU03868,12,12368.16,1030.68,0
2025-02-06,ST17,SKU04122,21,7597.17,361.77,1
2025-02-06,ST19,SKU00050,17,22390.7,1317.1,0
2025-02-06,ST19,SKU04801,5,8614.3,1722.86,0
2025-02-06,ST20,SKU02951,17,19055.98,1120.94,0
2025-02-06,ST20,SKU03069,6,14383.38,2397.23,0
2025-02-06,ST20,SKU04594,6,7015.08,1169.18,0
2025-02-06,ST21,SKU00196,19,7950.36,418.44,0
2025-02-06,ST21,SKU00374,1,2385.59,2385.59,0
2025-02-06,ST21,SKU00613,13,24547.51,1888.27,1
2025-02-06,ST21,SKU02547,8,3543.6,442.95,0
2025-02-06,ST21,SKU04642,3,414.27,138.09,1
2025-02-06,ST22,SKU01120,23,2798.18,121.66,0
2025-02-06,ST23,SKU03337,17,21134.06,1243.18,0
2025-02-06,ST25,SKU00931,6,14346.78,2391.13,0
2025-02-06,ST25,SKU02174,36,55339.2,1537.2,0
2025-02-06,ST25,SKU04323,7,451.15,64.45,0
2025-02-06,ST28,SKU03417,27,8126.19,300.97,0
2025-02-06,ST28,SKU04811,30,7983.0,266.1,0
2025-02-06,ST29,SKU04925,3,4245.39,1415.13,0
2025-02-06,ST30,SKU03041,14,10013.5,715.25,0
2025-02-07,ST01,SKU00731,9,15752.16,1750.24,1
2025-02-07,ST01,SKU03407,10,15764.4,1576.44,0
2025-02-07,ST02,SKU01901,11,23742.29,2158.39,0
2025-02-07,ST03,SKU00047,10,24508.3,2450.83,0
2025-02-07,ST03,SKU02431,8,6884.48,860.56,0
2025-02-07,ST04,SKU02508,10,20544.4,2054.44,0
2025-02-07,ST05,SKU00050,4,5268.4,1317.1,1
2025-02-07,ST05,SKU03686,16,20498.4,1281.15,0
2025-02-07,ST06,SKU00146,20,16263.0,813.15,0
2025-02-07,ST06,SKU02416,6,991.98,165.33,0
2025-02-07,ST06,SKU03038,11,3086.82,280.62,0
2025-02-07,ST07,SKU04590,24,18863.04,785.96,1
2025-02-07,ST08,SKU02969,0,0.0,1573.92,0
2025-02-07,ST09,SKU03324,35,36564.5,1044.7,0
2025-02-07,ST09,SKU03493,18,31584.6,1754.7,0
2025-02-07,ST09,SKU04560,16,1066.72,66.67,0
2025-02-07,ST09,SKU04991,3,1652.43,550.81,0
2025-02-07,ST10,SKU03072,19,22016.82,1158.78,0
2025-02-07,ST12,SKU00800,14,15411.34,1100.81,1
2025-02-07,ST12,SKU00812,6,1668.66,278.11,0
2025-02-07,ST12,SKU03939,10,3439.9,343.99,0
2025-02-07,ST13,SKU04734,4,6468.96,1617.24,0
2025-02-07,ST14,SKU01523,14,18243.26,1303.09,0
2025-02-07,ST19,SKU03737,2,399.3,199.65,0
2025-02-07,ST19,SKU04075,6,11080.08,1846.68,0
2025-02-07,ST21,SKU00003,10,4703.5,470.35,0
2025-02-07,ST22,SKU02450,8,18986.96,2373.37,1
2025-02-07,ST23,SKU02031,11,15151.4,1377.4,1
2025-02-07,ST24,SKU03359,18,27600.66,1533.37,0
2025-02-07,ST25,SKU00207,28,52856.44,1887.73,0
2025-02-07,ST25,SKU02086,26,34133.06,1312.81,0
2025-02-07,ST25,SKU03153,0,0.0,791.42,0
2025-02-07,ST26,SKU00558,5,994.0,198.8,0
2025-02-07,ST26,SKU01932,4,6211.8,1552.95,0
2025-02-07,ST27,SKU02167,5,2083.95,416.79,0
2025-02-07,ST28,SKU00635,15,9746.7,649.78,0
2025-02-07,ST28,SKU01147,16,5154.56,322.16,0
2025-02-07,ST29,SKU00327,3,2102.55,700.85,0
2025-02-07,ST30,SKU02840,22,43437.46,1974.43,0
2025-02-08,ST01,SKU00171,29,61562.07,2122.83,0
2025-02-08,ST01,SKU01079,0,0.0,1766.41,1
2025-02-08,ST01,SKU02163,37,65328.68,1765.64,0
2025-02-08,ST02,SKU04988,40,54501.2,1362.53,1
2025-02-08,ST04,SKU01020,17,40332.84,2372.52,0
2025-02-08,ST04,SKU03060,29,62958.42,2170.98,0
2025-02-08,ST05,SKU03844,3,6497.19,2165.73,0
2025-02-08,ST07,SKU02476,47,66833.53,1421.99,1
2025-02-08,ST08,SKU01284,4,4738.2,1184.55,0
2025-02-08,ST08,SKU01361,5,5908.0,1181.6,0
2025-02-08,ST08,SKU01712,13,4174.82,321.14,0
2025-02-08,ST08,SKU03980,17,1822.74,107.22,0
2025-02-08,ST08,SKU04679,9,19997.01,2221.89,0
2025-02-08,ST10,SKU00850,29,58671.64,2023.16,0
2025-02-08,ST10,SKU03142,11,21855.24,1986.84,0
2025-02-08,ST13,SKU00994,17,40687.97,2393.41,0
2025-02-08,ST13,SKU01595,7,3401.44,485.92,0
2025-02-08,ST13,SKU03626,9,4494.51,499.39,1
2025-02-08,ST13,SKU04072,14,6067.18,433.37,1
2025-02-08,ST14,SKU01642,14,22682.52,1620.18,1
2025-02-08,ST14,SKU04239,4,8433.88,2108.47,1
2025-02-08,ST16,SKU00914,8,16393.36,2049.17,0
2025-02-08,ST16,SKU04013,24,30224.16,1259.34,0
2025-02-08,ST17,SKU04136,8,1413.6,176.7,0
2025-02-08,ST21,SKU00410,4,8002.68,2000.67,0
2025-02-08,ST21,SKU00661,11,17849.04,1622.64,0
2025-02-08,ST22,SKU00673,21,9545.55,454.55,0
2025-02-08,ST22,SKU01455,6,13434.6,2239.1,0
2025-02-08,ST22,SKU03637,10,24837.8,2483.78,0
2025-02-08,ST23,SKU00457,19,22806.84,1200.36,1
2025-02-08,ST24,SKU03722,4,1137.2,284.3,0
2025-02-08,ST24,SKU04855,4,7551.28,1887.82,0
2025-02-08,ST26,SKU04939,5,8660.65,1732.13,1
2025-02-08,ST27,SKU04486,18,7061.22,392.29,0
2025-02-08,ST28,SKU01887,14,27670.72,1976.48,1
2025-02-08,ST30,SKU04128,10,10574.4,1057.44,0
2025-02-09,ST01,SKU00702,13,20724.34,1594.18,1
2025-02-09,ST02,SKU00298,48,16848.0,351.0,1
2025-02-09,ST04,SKU03630,14,25099.62,1792.83,0
2025-02-09,ST05,SKU02922,7,16850.82,2407.26,0
2025-02-09,ST05,SKU03711,12,16384.56,1365.38,0
2025-02-09,ST06,SKU02614,8,18402.64,2300.33,0
2025-02-09,ST07,SKU01350,3,2180.61,726.87,0
2025-02-09,ST08,SKU02883,16,19590.24,1224.39,0
2025-02-09,ST09,SKU01114,5,2750.55,550.11,0
2025-02-09,ST09,SKU01389,5,11335.6,2267.12,0
2025-02-09,ST10,SKU02173,5,4650.15,930.03,0
2025-02-09,ST12,SKU00091,30,59962.5,1998.75,0
2025-02-09,ST13,SKU00583,6,9488.4,1581.4,0
2025-02-09,ST14,SKU00700,16,12678.72,792.42,1
2025-02-09,ST15,SKU00784,7,17491.04,2498.72,0
2025-02-09,ST15,SKU03068,12,21621.84,1801.82,0
2025-02-09,ST16,SKU00399,25,24890.25,995.61,0
2025-02-09,ST16,SKU01312,24,6037.68,251.57,0
2025-02-09,ST18,SKU03004,45,102752.1,2283.38,0
2025-02-09,ST18,SKU03556,0,0.0,824.71,0
2025-02-09,ST19,SKU00622,17,2432.36,143.08,1
2025-02-09,ST19,SKU01157,4,9606.04,2401.51,0
2025-02-09,ST19,SKU03865,21,36200.64,1723.84,0
2025-02-09,ST20,SKU03084,12,7228.44,602.37,0
2025-02-09,ST21,SKU01079,13,22963.33,1766.41,0
2025-02-09,ST22,SKU02419,10,16081.1,1608.11,0
2025-02-09,ST23,SKU01025,20,49965.0,2498.25,0
2025-02-09,ST24,SKU01375,4,3150.76,787.69,0
2025-02-09,ST24,SKU04170,34,23864.6,701.9,0
2025-02-09,ST25,SKU04553,6,3728.82,621.47,0
2025-02-09,ST26,SKU00303,16,27154.56,1697.16,0
2025-02-09,ST26,SKU00402,6,8492.88,1415.48,0
2025-02-09,ST26,SKU02095,11,14602.61,1327.51,0
2025-02-09,ST28,SKU02938,4,5378.12,1344.53,0
2025-02-09,ST29,SKU00633,2,4616.1,2308.05,0
2025-02-09,ST29,SKU01765,8,13838.08,1729.76,0
2025-02-10,ST01,SKU02237,4,297.4,74.35,0
2025-02-10,ST03,SKU03218,1,1696.02,1696.02,0
2025-02-10,ST04,SKU01667,3,4033.23,1344.41,0
2025-02-10,ST04,SKU03730,16,35773.92,2235.87,0
2025-02-10,ST05,SKU02322,3,2149.14,716.38,0
2025-02-10,ST06,SKU01668,15,35838.75,2389.25,0
2025-02-10,ST06,SKU03359,4,6133.48,1533.37,0
2025-02-10,ST07,SKU04394,4,4314.2,1078.55,0
2025-02-10,ST10,SKU01594,12,10286.4,857.2,0
2025-02-10,ST10,SKU02682,8,12256.16,1532.02,0
2025-02-10,ST11,SKU00815,11,11837.54,1076.14,0
2025-02-10,ST11,SKU03917,3,3339.72,1113.24,0
2025-02-10,ST12,SKU01886,2,524.16,262.08,1
2025-02-10,ST12,SKU02495,16,31488.8,1968.05,0
2025-02-10,ST13,SKU03183,23,9027.96,392.52,0
2025-02-10,ST14,SKU00807,6,3215.94,535.99,1
2025-02-10,ST16,SKU01288,12,10603.2,883.6,1
2025-02-10,ST17,SKU04680,14,20231.96,1445.14,0
2025-02-10,ST20,SKU00393,28,64955.52,2319.84,0
2025-02-10,ST20,SKU01366,13,13591.76,1045.52,0
2025-02-10,ST20,SKU02598,11,15229.06,1384.46,0
2025-02-10,ST20,SKU03272,0,0.0,632.56,0
2025-02-10,ST20,SKU04780,6,4652.58,775.43,0
2025-02-10,ST21,SKU00335,34,18769.36,552.04,1
2025-02-10,ST22,SKU01079,5,8832.05,1766.41,0
2025-02-10,ST22,SKU02746,3,4125.24,1375.08,0
2025-02-10,ST22,SKU04818,10,23146.2,2314.62,1
2025-02-10,ST23,SKU03498,14,13120.8,937.2,0
2025-02-10,ST23,SKU04179,19,27215.6,1432.4,0
2025-02-10,ST24,SKU03021,9,15389.82,1709.98,1
2025-02-10,ST27,SKU04141,25,49413.75,1976.55,0
2025-02-10,ST28,SKU01291,20,32798.4,1639.92,1
2025-02-10,ST28,SKU03346,6,2026.02,337.67,0
2025-02-10,ST28,SKU03755,23,17879.05,777.35,0
2025-02-10,ST30,SKU02340,6,3667.02,611.17,0
2025-02-10,ST30,SKU02954,4,6770.64,1692.66,0
2025-02-11,ST02,SKU00091,28,55965.0,1998.75,0
2025-02-11,ST02,SKU02988,3,167.25,55.75,1
2025-02-11,ST03,SKU02034,1,2411.81,2411.81,0
2025-02-11,ST03,SKU04341,10,21708.5,2170.85,0
2025-02-11,ST04,SKU00137,5,5300.3,1060.06,0
2025-02-11,ST04,SKU02215,14,28909.44,2064.96,0
2025-02-11,ST05,SKU01224,8,19694.32,2461.79,0
2025-02-11,ST05,SKU04479,0,0.0,249.78,0
2025-02-11,ST06,SKU04597,8,9865.68,1233.21,0
2025-02-11,ST07,SKU04594,3,3507.54,1169.18,0
2025-02-11,ST09,SKU02316,3,2977.98,992.66,0
2025-02-11,ST11,SKU04087,43,48406.39,1125.73,0
2025-02-11,ST12,SKU01235,7,8834.7,1262.1,0
2025-02-11,ST12,SKU03371,5,5459.85,1091.97,0
2025-02-11,ST16,SKU00719,8,747.36,93.42,0
2025-02-11,ST16,SKU02998,15,5774.4,384.96,0
2025-02-11,ST18,SKU03348,8,8363.6,1045.45,0
2025-02-11,ST19,SKU00672,1,463.61,463.61,0
2025-02-11,ST19,SKU02041,13,1919.45,147.65,0
2025-02-11,ST19,SKU03246,3,6955.44,2318.48,0
2025-02-11,ST19,SKU04075,14,25853.52,1846.68,0
2025-02-11,ST19,SKU04849,0,0.0,2138.2,0
2025-02-11,ST21,SKU03407,14,22070.16,1576.44,0
2025-02-11,ST21,SKU03499,22,43873.94,1994.27,0
2025-02-11,ST22,SKU02014,13,25029.94,1925.38,0
2025-02-11,ST23,SKU03677,12,19436.16,1619.68,0
2025-02-11,ST27,SKU00006,14,15516.2,1108.3,0
2025-02-11,ST27,SKU01465,9,22214.61,2468.29,1
2025-02-11,ST28,SKU02233,13,2873.65,221.05,0
2025-02-11,ST28,SKU03820,1,2109.01,2109.01,0
2025-02-11,ST29,SKU03396,14,31687.32,2263.38,0
2025-02-12,ST01,SKU03696,4,3802.08,950.52,0
2025-02-12,ST01,SKU04261,17,14534.83,854.99,0
2025-02-12,ST02,SKU00539,10,12961.3,1296.13,0
2025-02-12,ST02,SKU04419,33,67330.56,2040.32,1
2025-02-12,ST03,SKU02880,7,9572.08,1367.44,0
2025-02-12,ST03,SKU03959,6,2609.52,434.92,0
2025-02-12,ST05,SKU02320,39,95472.39,2448.01,0
2025-02-12,ST05,SKU03186,3,4106.22,1368.74,0
2025-02-12,ST07,SKU00117,5,5375.85,1075.17,0
2025-02-12,ST07,SKU01757,23,49118.8,2135.6,1
2025-02-12,ST07,SKU02181,30,7065.3,235.51,1
2025-02-12,ST09,SKU01292,18,19830.24,1101.68,0
2025-02-12,ST09,SKU03528,17,41083.39,2416.67,0
2025-02-12,ST09,SKU04968,7,15807.61,2258.23,0
2025-02-12,ST10,SKU04186,9,14638.23,1626.47,0
2025-02-12,ST11,SKU00839,13,19825.65,1525.05,1
2025-02-12,ST11,SKU04241,8,15637.04,1954.63,0
2025-02-12,ST12,SKU02365,18,1806.48,100.36,0
2025-02-12,ST12,SKU02448,15,12807.45,853.83,0
2025-02-12,ST13,SKU02443,2,2110.42,1055.21,0
2025-02-12,ST14,SKU03867,16,5241.92,327.62,0
2025-02-12,ST15,SKU01471,25,59299.5,2371.98,1
2025-02-12,ST15,SKU03114,8,5840.72,730.09,0
2025-02-12,ST16,SKU01953,18,7174.62,398.59,0
2025-02-12,ST17,SKU01636,24,9830.4,409.6,0
2025-02-12,ST17,SKU04065,14,26846.54,1917.61,0
2025-02-12,ST19,SKU04732,10,15940.0,1594.0,0
2025-02-12,ST20,SKU04970,6,13607.82,2267.97,1
2025-02-12,ST21,SKU02204,26,58323.72,2243.22,0
2025-02-12,ST22,SKU01956,8,15448.8,1931.1,0
2025-02-12,ST22,SKU04545,4,5245.96,1311.49,0
2025-02-12,ST24,SKU01889,26,22283.3,857.05,0
2025-02-12,ST25,SKU03404,5,4827.2,965.44,1
2025-02-12,ST27,SKU01499,16,7546.4,471.65,0
2025-02-12,ST28,SKU01674,2,4101.16,2050.58,0
2025-02-12,ST30,SKU03999,13,31940.35,2456.95,0
2025-02-13,ST01,SKU02287,4,5384.08,1346.02,0
2025-02-13,ST01,SKU03567,10,12442.9,1244.29,0
2025-02-13,ST02,SKU03243,15,29571.6,1971.44,1
2025-02-13,ST02,SKU03611,9,20040.66,2226.74,0
2025-02-13,ST02,SKU03636,27,39886.02,1477.26,1
2025-02-13,ST03,SKU00914,10,20491.7,2049.17,0
2025-02-13,ST03,SKU01951,19,40436.18,2128.22,0
2025-02-13,ST03,SKU03544,5,1786.15,357.23,1
2025-02-13,ST04,SKU01455,16,35825.6,2239.1,0
2025-02-13,ST06,SKU02843,6,5650.92,941.82,0
2025-02-13,ST07,SKU01427,14,1432.2,102.3,0
2025-02-13,ST08,SKU00045,13,11434.41,879.57,0
2025-02-13,ST08,SKU01270,5,1179.25,235.85,0
2025-02-13,ST08,SKU03597,36,34003.44,944.54,0
2025-02-13,ST08,SKU04468,4,3960.52,990.13,1
2025-02-13,ST09,SKU02936,9,9068.76,1007.64,0
2025-02-13,ST09,SKU04831,16,12700.0,793.75,0
2025-02-13,ST11,SKU00994,4,9573.64,2393.41,0
2025-02-13,ST11,SKU04774,5,3956.15,791.23,0
2025-02-13,ST12,SKU02122,12,9130.92,760.91,0
2025-02-13,ST13,SKU02289,5,2625.6,525.12,0
2025-02-13,ST13,SKU03975,0,0.0,2174.47,1
2025-02-13,ST15,SKU00673,4,1818.2,454.55,0
2025-02-13,ST18,SKU03602,6,7515.96,1252.66,0
2025-02-13,ST22,SKU01152,21,24474.45,1165.45,0
2025-02-13,ST22,SKU01466,16,14893.76,930.86,0
2025-02-13,ST22,SKU04434,24,38978.16,1624.09,0
2025-02-13,ST23,SKU01977,5,11884.85,2376.97,0
2025-02-13,ST24,SKU01475,12,14677.2,1223.1,0
2025-02-13,ST24,SKU04526,9,14171.49,1574.61,0
2025-02-13,ST25,SKU01411,11,26131.93,2375.63,0
2025-02-13,ST25,SKU01989,15,12449.4,829.96,0
2025-02-13,ST26,SKU01477,6,5661.0,943.5,0
2025-02-13,ST28,SKU00331,15,21538.5,1435.9,0
2025-02-13,ST28,SKU01916,0,0.0,53.36,0
2025-02-13,ST28,SKU03239,11,1775.18,161.38,0
2025-02-13,ST29,SKU00090,27,15422.67,571.21,0
2025-02-13,ST29,SKU01021,10,16292.2,1629.22,0
2025-02-14,ST02,SKU04582,11,8527.97,775.27,0
2025-02-14,ST02,SKU04683,13,2786.81,214.37,0
2025-02-14,ST03,SKU02889,23,23749.57,1032.59,0
2025-02-14,ST04,SKU03526,10,16022.4,1602.24,0
2025-02-14,ST07,SKU04320,7,10309.25,1472.75,0
2025-02-14,ST08,SKU01276,37,63822.78,1724.94,0
2025-02-14,ST09,SKU01179,0,0.0,1861.75,1
2025-02-14,ST09,SKU02523,6,6228.9,1038.15,0
2025-02-14,ST11,SKU02017,14,12986.4,927.6,0
2025-02-14,ST11,SKU03379,16,3933.92,245.87,0
2025-02-14,ST15,SKU03659,12,3512.76,292.73,0
2025-02-14,ST18,SKU00333,13,1139.45,87.65,0
2025-02-14,ST19,SKU01201,20,36718.2,1835.91,0
2025-02-14,ST19,SKU02142,14,24539.34,1752.81,0
2025-02-14,ST19,SKU02637,0,0.0,2184.81,0
2025-02-14,ST20,SKU00045,12,10554.84,879.57,0
2025-02-14,ST21,SKU00519,10,15764.5,1576.45,0
2025-02-14,ST21,SKU01487,12,11639.28,969.94,0
2025-02-14,ST22,SKU01181,11,1819.73,165.43,1
2025-02-14,ST24,SKU03195,5,1058.65,211.73,0
2025-02-14,ST25,SKU02157,5,7399.55,1479.91,0
2025-02-14,ST26,SKU03813,43,97916.16,2277.12,1
2025-02-14,ST27,SKU00857,10,24687.7,2468.77,0
2025-02-14,ST28,SKU01389,14,31739.68,2267.12,0
2025-02-15,ST01,SKU02094,4,3268.64,817.16,0
2025-02-15,ST01,SKU04714,28,58194.92,2078.39,0
2025-02-15,ST02,SKU02824,1,619.69,619.69,0
2025-02-15,ST03,SKU01180,6,7193.28,1198.88,0
2025-02-15,ST03,SKU01261,2,313.0,156.5,0
2025-02-15,ST03,SKU02321,0,0.0,305.16,1
2025-02-15,ST03,SKU04339,13,17246.84,1326.68,0
2025-02-15,ST04,SKU00425,7,12729.08,1818.44,0
2025-02-15,ST04,SKU01285,2,2610.72,1305.36,0
2025-02-15,ST04,SKU04687,6,6832.26,1138.71,0
2025-02-15,ST06,SKU02574,13,27649.83,2126.91,1
2025-02-15,ST06,SKU02862,11,25164.48,2287.68,0
2025-02-15,ST06,SKU03900,8,6084.88,760.61,0
2025-02-15,ST07,SKU01001,40,10194.4,254.86,1
2025-02-15,ST08,SKU04277,6,8812.14,1468.69,0
2025-02-15,ST08,SKU04285,0,0.0,1218.32,0
2025-02-15,ST09,SKU04335,11,25870.24,2351.84,0
2025-02-15,ST09,SKU04831,49,38893.75,793.75,1
2025-02-15,ST11,SKU00157,0,0.0,410.38,1
2025-02-15,ST13,SKU04636,7,6715.8,959.4,0
2025-02-15,ST15,SKU02657,9,1717.02,190.78,0
2025-02-15,ST16,SKU02597,32,38844.16,1213.88,1
2025-02-15,ST20,SKU00738,11,15496.36,1408.76,0
2025-02-15,ST21,SKU01047,22,42741.16,1942.78,0
2025-02-15,ST22,SKU00076,10,15839.7,1583.97,0
2025-02-15,ST22,SKU01128,27,3134.43,116.09,0
2025-02-15,ST22,SKU04188,10,23467.0,2346.7,0
2025-02-15,ST23,SKU04117,14,10815.56,772.54,0
2025-02-15,ST24,SKU00057,44,14465.88,328.77,0
2025-02-15,ST24,SKU02264,14,825.16,58.94,0
2025-02-15,ST24,SKU04180,23,12618.03,548.61,0
2025-02-15,ST26,SKU02998,52,20017.92,384.96,1
2025-02-15,ST27,SKU03975,7,15221.29,2174.47,0
2025-02-15,ST27,SKU04813,5,2628.2,525.64,0
2025-02-15,ST29,SKU00168,19,19602.68,1031.72,0
2025-02-15,ST30,SKU02165,11,6750.37,613.67,0
2025-02-16,ST01,SKU02885,7,12371.52,1767.36,1
2025-02-16,ST01,SKU02917,5,4532.9,906.58,0
2025-02-16,ST02,SKU00600,10,17236.6,1723.66,0
2025-02-16,ST02,SKU04866,16,36909.92,2306.87,0
2025-02-16,ST03,SKU00547,16,28319.84,1769.99,1
2025-02-16,ST03,SKU01991,5,8631.75,1726.35,0
2025-02-16,ST04,SKU02324,6,12703.32,2117.22,1
2025-02-16,ST07,SKU04140,16,11128.32,695.52,0
2025-02-16,ST08,SKU00260,10,12422.2,1242.22,0
2025-02-16,ST08,SKU00544,18,25308.72,1406.04,0
2025-02-16,ST08,SKU02925,15,34446.3,2296.42,1
2025-02-16,ST08,SKU03168,11,20378.71,1852.61,1
2025-02-16,ST08,SKU03456,13,27051.44,2080.88,0
2025-02-16,ST09,SKU00292,12,27071.16,2255.93,1
2025-02-16,ST10,SKU02024,2,4571.04,2285.52,0
2025-02-16,ST10,SKU03847,9,2660.85,295.65,0
2025-02-16,ST11,SKU00590,4,5520.44,1380.11,0
2025-02-16,ST11,SKU01663,4,1327.88,331.97,0
2025-02-16,ST11,SKU02265,14,10383.38,741.67,1
2025-02-16,ST12,SKU00534,7,9256.45,1322.35,0
2025-02-16,ST12,SKU01095,16,3972.64,248.29,0
2025-02-16,ST13,SKU00177,11,6596.37,599.67,0
2025-02-16,ST15,SKU04484,1,1720.2,1720.2,0
2025-02-16,ST16,SKU04778,33,70134.24,2125.28,1
2025-02-16,ST17,SKU03182,9,14484.78,1609.42,0
2025-02-16,ST17,SKU04867,18,25897.86,1438.77,0
2025-02-16,ST19,SKU01200,7,5635.7,805.1,0
2025-02-16,ST20,SKU00041,31,40401.68,1303.28,1
2025-02-16,ST21,SKU03170,28,65160.76,2327.17,0
2025-02-16,ST21,SKU03438,37,92233.23,2492.79,0
2025-02-16,ST21,SKU04481,26,56066.92,2156.42,0
2025-02-16,ST22,SKU02145,8,7685.84,960.73,0
2025-02-16,ST22,SKU02758,3,4771.32,1590.44,0
2025-02-16,ST23,SKU00750,5,6340.65,1268.13,0
2025-02-16,ST23,SKU01565,25,32750.5,1310.02,1
2025-02-16,ST23,SKU02985,13,9464.0,728.0,0
2025-02-16,ST24,SKU01877,9,14025.78,1558.42,0
2025-02-16,ST25,SKU01112,27,2895.48,107.24,0
2025-02-16,ST25,SKU01406,1,1920.6,1920.6,0
2025-02-16,ST25,SKU01450,8,4420.32,552.54,0
2025-02-16,ST26,SKU00597,29,48809.03,1683.07,0
2025-02-16,ST26,SKU01035,13,10333.83,794.91,0
2025-02-16,ST27,SKU00219,20,32695.2,1634.76,0
2025-02-16,ST27,SKU01127,2,2328.66,1164.33,0
2025-02-16,ST28,SKU01029,13,27115.92,2085.84,0
2025-02-16,ST28,SKU01117,5,10076.8,2015.36,0
2025-02-16,ST30,SKU00496,3,2734.68,911.56,0
2025-02-16,ST30,SKU02957,20,30834.2,1541.71,0
2025-02-16,ST30,SKU03906,16,7467.68,466.73,0
2025-02-17,ST01,SKU01542,4,9288.56,2322.14,1
2025-02-17,ST06,SKU00944,3,235.44,78.48,0
2025-02-17,ST06,SKU02153,2,2593.24,1296.62,0
2025-02-17,ST08,SKU00762,24,23924.64,996.86,1
2025-02-17,ST08,SKU04839,12,29897.88,2491.49,0
2025-02-17,ST09,SKU00865,7,1202.88,171.84,1
2025-02-17,ST09,SKU04610,30,37518.9,1250.63,0
2025-02-17,ST10,SKU02349,5,6976.0,1395.2,0
2025-02-17,ST11,SKU00786,7,8585.78,1226.54,0
2025-02-17,ST11,SKU02366,1,1526.24,1526.24,0
2025-02-17,ST11,SKU02500,7,2230.9,318.7,0
2025-02-17,ST11,SKU04663,6,4860.18,810.03,0
2025-02-17,ST13,SKU00770,15,25557.75,1703.85,0
2025-02-17,ST14,SKU01673,5,11519.7,2303.94,0
2025-02-17,ST15,SKU03574,2,3277.94,1638.97,0
2025-02-17,ST15,SKU04069,13,30675.58,2359.66,0
2025-02-17,ST15,SKU04814,1,751.07,751.07,0
2025-02-17,ST16,SKU00779,9,13389.48,1487.72,0
2025-02-17,ST18,SKU02074,7,1525.93,217.99,0
2025-02-17,ST18,SKU02700,5,2707.45,541.49,1
2025-02-17,ST19,SKU00451,27,8949.69,331.47,1
2025-02-17,ST19,SKU03983,33,40089.39,1214.83,1
2025-02-17,ST21,SKU00630,11,4160.42,378.22,0
2025-02-17,ST21,SKU02828,13,22451.13,1727.01,0
2025-02-17,ST22,SKU01101,5,4734.05,946.81,1
2025-02-17,ST23,SKU00907,5,5492.0,1098.4,0
2025-02-17,ST24,SKU03582,16,17283.36,1080.21,0
2025-02-17,ST25,SKU03094,6,3674.46,612.41,0
2025-02-17,ST27,SKU00501,4,9962.84,2490.71,0
2025-02-17,ST27,SKU02587,14,5755.82,411.13,0
2025-02-17,ST27,SKU04192,16,37657.6,2353.6,0
2025-02-17,ST28,SKU02192,14,6085.94,434.71,0
2025-02-17,ST28,SKU04691,33,42272.01,1280.97,1
2025-02-17,ST29,SKU02697,4,4875.56,1218.89,0
2025-02-18,ST05,SKU04884,3,2421.36,807.12,0
2025-02-18,ST06,SKU01803,9,20487.06,2276.34,0
2025-02-18,ST06,SKU03541,5,6873.05,1374.61,0
2025-02-18,ST06,SKU04761,0,0.0,2152.73,0
2025-02-18,ST08,SKU01036,17,22457.51,1321.03,0
2025-02-18,ST10,SKU00823,24,37396.32,1558.18,0
2025-02-18,ST11,SKU00834,8,2962.4,370.3,0
2025-02-18,ST11,SKU01598,23,19820.02,861.74,1
2025-02-18,ST11,SKU02382,4,1672.56,418.14,0
2025-02-18,ST11,SKU02691,13,18480.8,1421.6,0
2025-02-18,ST12,SKU03558,21,22188.39,1056.59,0
2025-02-18,ST14,SKU00276,7,15182.44,2168.92,0
2025-02-18,ST14,SKU04783,13,11762.66,904.82,0
2025-02-18,ST15,SKU03041,27,19311.75,715.25,0
2025-02-18,ST16,SKU02370,17,32041.43,1884.79,1
2025-02-18,ST17,SKU00774,5,1125.8,225.16,0
2025-02-18,ST17,SKU03329,5,9821.8,1964.36,0
2025-02-18,ST18,SKU01193,11,16061.54,1460.14,0
2025-02-18,ST18,SKU04745,7,6727.84,961.12,1
2025-02-18,ST19,SKU04127,6,10545.66,1757.61,0
2025-02-18,ST19,SKU04352,0,0.0,2490.25,0
2025-02-18,ST20,SKU00947,7,13458.69,1922.67,0
2025-02-18,ST21,SKU03962,3,3708.12,1236.04,0
2025-02-18,ST22,SKU01131,8,4305.84,538.23,0
2025-02-18,ST22,SKU02217,22,24475.22,1112.51,0
2025-02-18,ST23,SKU02663,5,2983.7,596.74,0
2025-02-18,ST24,SKU03779,20,47829.8,2391.49,0
2025-02-18,ST25,SKU04480,11,27358.98,2487.18,1
2025-02-18,ST26,SKU02371,7,8867.39,1266.77,0
2025-02-18,ST28,SKU04004,8,18441.2,2305.15,0
2025-02-18,ST29,SKU03796,5,11707.7,2341.54,1
2025-02-19,ST01,SKU01594,5,4286.0,857.2,0
2025-02-19,ST01,SKU04472,10,6130.4,613.04,0
2025-02-19,ST02,SKU00620,20,15787.8,789.39,0
2025-02-19,ST02,SKU01753,27,34379.1,1273.3,0
2025-02-19,ST02,SKU03911,9,17962.47,1995.83,0
2025-02-19,ST03,SKU01115,9,22428.72,2492.08,0
2025-02-19,ST03,SKU01459,20,44932.8,2246.64,0
2025-02-19,ST03,SKU03478,33,53145.18,1610.46,0
2025-02-19,ST04,SKU00552,15,25769.85,1717.99,0
2025-02-19,ST07,SKU04530,26,36923.38,1420.13,0
2025-02-19,ST09,SKU01503,34,67833.74,1995.11,0
2025-02-19,ST09,SKU03336,2,4061.0,2030.5,0
2025-02-19,ST10,SKU03527,2,253.14,126.57,1
2025-02-19,ST11,SKU00007,20,22638.4,1131.92,1
2025-02-19,ST11,SKU02302,29,63905.56,2203.64,0
2025-02-19,ST11,SKU02328,4,3884.24,971.06,0
2025-02-19,ST11,SKU04694,9,15196.59,1688.51,0
2025-02-19,ST11,SKU04933,18,44204.58,2455.81,1
2025-02-19,ST12,SKU03869,12,758.16,63.18,0
2025-02-19,ST12,SKU04785,7,15856.75,2265.25,0
2025-02-19,ST13,SKU04852,0,0.0,499.37,0
2025-02-19,ST16,SKU03226,8,689.68,86.21,0
2025-02-19,ST18,SKU00276,21,45547.32,2168.92,1
2025-02-19,ST18,SKU01927,10,4255.8,425.58,0
2025-02-19,ST19,SKU02024,9,20569.68,2285.52,0
2025-02-19,ST19,SKU04169,10,18158.3,1815.83,0
2025-02-19,ST20,SKU04538,0,0.0,134.56,0
2025-02-19,ST22,SKU02424,44,54158.28,1230.87,0
2025-02-19,ST22,SKU02425,10,1005.7,100.57,0
2025-02-19,ST23,SKU02289,4,2100.48,525.12,0
2025-02-19,ST23,SKU04625,23,53808.96,2339.52,0
2025-02-19,ST24,SKU02185,33,80099.25,2427.25,0
2025-02-19,ST26,SKU00965,17,10648.63,626.39,0
2025-02-19,ST27,SKU01507,2,665.02,332.51,0
2025-02-19,ST29,SKU02148,5,10951.9,2190.38,0
2025-02-20,ST01,SKU04627,33,64809.69,1963.93,0
2025-02-20,ST02,SKU00445,13,15913.3,1224.1,0
2025-02-20,ST03,SKU01195,13,8751.34,673.18,0
2025-02-20,ST03,SKU03847,9,2660.85,295.65,0
2025-02-20,ST04,SKU01518,4,8547.76,2136.94,0
2025-02-20,ST04,SKU03316,5,4541.0,908.2,0
2025-02-20,ST04,SKU04487,1,2269.44,2269.44,1
2025-02-20,ST06,SKU02790,12,9408.48,784.04,0
2025-02-20,ST07,SKU04949,6,8740.92,1456.82,0
2025-02-20,ST09,SKU00992,0,0.0,1230.53,1
2025-02-20,ST09,SKU02553,15,2948.85,196.59,0
2025-02-20,ST09,SKU03211,3,1846.47,615.49,0
2025-02-20,ST10,SKU01458,19,12798.59,673.61,0
2025-02-20,ST10,SKU03758,11,14710.85,1337.35,0
2025-02-20,ST10,SKU04886,31,23505.75,758.25,0
2025-02-20,ST11,SKU01447,17,12574.9,739.7,0
2025-02-20,ST12,SKU04100,6,9433.62,1572.27,0
2025-02-20,ST14,SKU00128,15,29640.15,1976.01,0
2025-02-20,ST15,SKU01012,8,10716.32,1339.54,0
2025-02-20,ST15,SKU01557,24,2044.56,85.19,0
2025-02-20,ST15,SKU01909,10,9637.5,963.75,0
2025-02-20,ST16,SKU04307,19,32649.03,1718.37,1
2025-02-20,ST17,SKU00473,10,13546.0,1354.6,0
2025-02-20,ST18,SKU02170,14,12819.66,915.69,0
2025-02-20,ST18,SKU02598,13,17997.98,1384.46,0
2025-02-20,ST18,SKU03453,18,41921.1,2328.95,1
2025-02-20,ST19,SKU00897,20,25051.8,1252.59,0
2025-02-20,ST19,SKU01505,4,2289.28,572.32,0
2025-02-20,ST19,SKU03854,9,12722.67,1413.63,0
2025-02-20,ST20,SKU04342,10,16362.7,1636.27,0
2025-02-20,ST21,SKU01151,35,43441.3,1241.18,0
2025-02-20,ST23,SKU03413,7,8925.07,1275.01,0
2025-02-20,ST25,SKU03250,10,13838.8,1383.88,0
2025-02-20,ST28,SKU04047,18,26110.44,1450.58,0
2025-02-20,ST30,SKU02684,21,14537.67,692.27,0
2025-02-21,ST02,SKU00372,0,0.0,1860.23,0
2025-02-21,ST03,SKU00717,7,11882.92,1697.56,1
2025-02-21,ST04,SKU01734,17,30039.17,1767.01,0
2025-02-21,ST05,SKU01519,15,6704.85,446.99,0
2025-02-21,ST05,SKU04197,9,8688.69,965.41,1
2025-02-21,ST06,SKU00839,18,27450.9,1525.05,0
2025-02-21,ST06,SKU02419,14,22513.54,1608.11,0
2025-02-21,ST08,SKU00270,2,428.24,214.12,0
2025-02-21,ST08,SKU00870,8,2358.48,294.81,1
2025-02-21,ST08,SKU01184,13,19625.06,1509.62,0
2025-02-21,ST09,SKU00165,31,50951.91,1643.61,0
2025-02-21,ST09,SKU00509,11,16767.08,1524.28,0
2025-02-21,ST09,SKU02854,4,7327.44,1831.86,0
2025-02-21,ST12,SKU02890,12,28914.0,2409.5,1
2025-02-21,ST12,SKU04355,6,918.3,153.05,0
2025-02-21,ST13,SKU01050,14,34353.76,2453.84,0
2025-02-21,ST13,SKU01707,5,6878.95,1375.79,0
2025-02-21,ST17,SKU03700,7,16560.11,2365.73,1
2025-02-21,ST18,SKU02376,0,0.0,1854.96,1
2025-02-21,ST18,SKU04087,3,3377.19,1125.73,0
2025-02-21,ST20,SKU03316,25,22705.0,908.2,0
2025-02-21,ST21,SKU03252,7,15251.53,2178.79,0
2025-02-21,ST22,SKU00218,20,10032.6,501.63,0
2025-02-21,ST24,SKU03612,16,22470.08,1404.38,1
2025-02-21,ST25,SKU00249,15,6396.3,426.42,0
2025-02-21,ST27,SKU02943,7,14559.02,2079.86,0
2025-02-21,ST27,SKU03644,24,20811.12,867.13,0
2025-02-21,ST28,SKU00742,35,8363.95,238.97,1
2025-02-21,ST30,SKU03079,0,0.0,1520.62,0
2025-02-22,ST02,SKU01892,18,4217.76,234.32,0
2025-02-22,ST02,SKU04679,2,4443.78,2221.89,0
2025-02-22,ST03,SKU01836,19,17025.33,896.07,0
2025-02-22,ST03,SKU04688,24,38804.4,1616.85,1
2025-02-22,ST04,SKU01467,0,0.0,725.83,0
2025-02-22,ST04,SKU01953,25,9964.75,398.59,0
2025-02-22,ST06,SKU02687,9,6612.21,734.69,0
2025-02-22,ST06,SKU03268,14,3338.58,238.47,0
2025-02-22,ST07,SKU00015,33,71531.13,2167.61,1
2025-02-22,ST09,SKU03751,2,207.46,103.73,0
2025-02-22,ST11,SKU02928,6,6367.32,1061.22,0
2025-02-22,ST11,SKU03830,40,80867.6,2021.69,0
2025-02-22,ST12,SKU01350,0,0.0,726.87,0
2025-02-22,ST12,SKU02989,5,2797.7,559.54,0
2025-02-22,ST17,SKU02870,18,15862.32,881.24,0
2025-02-22,ST19,SKU00136,10,19004.8,1900.48,0
2025-02-22,ST20,SKU03713,13,29048.5,2234.5,0
2025-02-22,ST22,SKU01108,37,78124.76,2111.48,0
2025-02-22,ST23,SKU03291,21,18535.86,882.66,0
2025-02-22,ST24,SKU04310,17,33464.67,1968.51,0
2025-02-22,ST24,SKU04801,9,15505.74,1722.86,0
2025-02-22,ST25,SKU01961,16,35521.76,2220.11,1
2025-02-22,ST25,SKU04280,12,22742.4,1895.2,0
2025-02-22,ST27,SKU04777,20,9469.6,473.48,0
2025-02-22,ST28,SKU03902,11,11282.7,1025.7,0
2025-02-22,ST30,SKU02111,24,47382.48,1974.27,1
2025-02-23,ST01,SKU00370,7,16495.64,2356.52,0
2025-02-23,ST02,SKU01577,3,443.88,147.96,0
2025-02-23,ST03,SKU00447,37,25932.56,700.88,0
2025-02-23,ST03,SKU03887,8,15765.12,1970.64,0
2025-02-23,ST04,SKU00603,7,7623.28,1089.04,0
2025-02-23,ST04,SKU02124,24,20626.8,859.45,0
2025-02-23,ST05,SKU01291,11,18039.12,1639.92,0
2025-02-23,ST05,SKU02018,10,15711.3,1571.13,0
2025-02-23,ST06,SKU01988,23,24489.94,1064.78,0
2025-02-23,ST06,SKU03853,11,13913.79,1264.89,0
2025-02-23,ST07,SKU03442,21,43609.02,2076.62,0
2025-02-23,ST08,SKU00654,22,13268.86,603.13,0
2025-02-23,ST08,SKU03396,8,18107.04,2263.38,0
2025-02-23,ST08,SKU03480,30,34579.5,1152.65,0
2025-02-23,ST08,SKU03485,13,7624.89,586.53,0
2025-02-23,ST09,SKU00695,6,547.62,91.27,0
2025-02-23,ST09,SKU03213,9,19742.67,2193.63,0
2025-02-23,ST10,SKU03619,12,24572.76,2047.73,0
2025-02-23,ST10,SKU03974,10,4159.0,415.9,0
2025-02-23,ST11,SKU01020,9,21352.68,2372.52,0
2025-02-23,ST12,SKU03158,20,39500.6,1975.03,0
2025-02-23,ST13,SKU00144,6,14276.7,2379.45,0
2025-02-23,ST13,SKU01774,10,17041.4,1704.14,0
2025-02-23,ST15,SKU02694,17,15497.71,911.63,0
2025-02-23,ST17,SKU03964,15,28636.65,1909.11,1
2025-02-23,ST22,SKU04701,11,2265.78,205.98,0
2025-02-23,ST23,SKU01975,4,7539.52,1884.88,0
2025-02-23,ST24,SKU01801,8,14606.8,1825.85,1
2025-02-23,ST24,SKU02572,0,0.0,1492.56,0
2025-02-23,ST24,SKU03672,15,36089.7,2405.98,0
2025-02-23,ST25,SKU01771,25,10063.75,402.55,0
2025-02-23,ST25,SKU04049,13,5762.51,443.27,1
2025-02-23,ST26,SKU03884,10,14692.5,1469.25,0
2025-02-23,ST27,SKU02173,20,18600.6,930.03,0
2025-02-23,ST28,SKU01279,0,0.0,2029.14,0
2025-02-23,ST28,SKU04220,26,23362.3,898.55,0
2025-02-23,ST28,SKU04715,16,36628.8,2289.3,0
2025-02-23,ST29,SKU01919,10,17403.5,1740.35,0
2025-02-23,ST29,SKU03625,17,10162.6,597.8,1
2025-02-23,ST30,SKU02339,12,11630.16,969.18,0
2025-02-24,ST01,SKU02734,10,3499.0,349.9,0
2025-02-24,ST05,SKU03980,23,2466.06,107.22,0
2025-02-24,ST07,SKU03897,15,22209.3,1480.62,0
2025-02-24,ST08,SKU03220,9,3584.07,398.23,0
2025-02-24,ST10,SKU01672,0,0.0,1316.09,0
2025-02-24,ST10,SKU01836,13,11648.91,896.07,0
2025-02-24,ST13,SKU01751,3,5114.1,1704.7,0
2025-02-24,ST13,SKU04306,11,17477.02,1588.82,0
2025-02-24,ST14,SKU02508,7,14381.08,2054.44,0
2025-02-24,ST14,SKU03099,0,0.0,1643.76,0
2025-02-24,ST14,SKU03413,7,8925.07,1275.01,1
2025-02-24,ST14,SKU04422,5,6274.9,1254.98,1
2025-02-24,ST15,SKU02040,35,13847.4,395.64,0
2025-02-24,ST15,SKU02205,3,757.8,252.6,0
2025-02-24,ST16,SKU00630,11,4160.42,378.22,0
2025-02-24,ST16,SKU01741,2,3105.7,1552.85,0
2025-02-24,ST16,SKU03158,8,15800.24,1975.03,0
2025-02-24,ST17,SKU04732,34,54196.0,1594.0,0
2025-02-24,ST18,SKU04711,19,12199.71,642.09,0
2025-02-24,ST19,SKU03403,15,27293.4,1819.56,1
2025-02-24,ST20,SKU00587,12,24049.44,2004.12,0
2025-02-24,ST20,SKU01345,2,4141.4,2070.7,0
2025-02-24,ST20,SKU02872,18,5376.96,298.72,0
2025-02-24,ST21,SKU04041,8,9180.24,1147.53,0
2025-02-24,ST22,SKU01484,6,9411.36,1568.56,0
2025-02-24,ST22,SKU01874,21,35523.81,1691.61,0
2025-02-24,ST24,SKU00111,14,32009.6,2286.4,0
2025-02-24,ST24,SKU02667,27,45309.78,1678.14,0
2025-02-24,ST25,SKU04687,0,0.0,1138.71,0
2025-02-24,ST26,SKU00140,20,3267.4,163.37,0
2025-02-24,ST26,SKU00971,35,40805.8,1165.88,0
2025-02-24,ST26,SKU03034,7,9667.42,1381.06,0
2025-02-24,ST27,SKU00308,14,21208.74,1514.91,1
2025-02-24,ST27,SKU02036,21,8521.8,405.8,0
2025-02-24,ST27,SKU02626,9,21576.69,2397.41,0
2025-02-24,ST27,SKU03556,18,14844.78,824.71,0
2025-02-24,ST30,SKU04055,25,21589.0,863.56,0
2025-02-25,ST01,SKU00590,11,15181.21,1380.11,0
2025-02-25,ST01,SKU03585,10,1524.2,152.42,0
2025-02-25,ST02,SKU00891,12,20666.52,1722.21,0
2025-02-25,ST03,SKU00463,9,1730.07,192.23,0
2025-02-25,ST04,SKU03127,2,2731.9,1365.95,0
2025-02-25,ST04,SKU04895,5,6709.05,1341.81,1
2025-02-25,ST06,SKU00873,8,13221.44,1652.68,0
2025-02-25,ST06,SKU03847,14,4139.1,295.65,0
2025-02-25,ST07,SKU02581,8,6971.12,871.39,0
2025-02-25,ST07,SKU03452,36,81704.16,2269.56,0
2025-02-25,ST08,SKU04369,8,19036.16,2379.52,0
2025-02-25,ST09,SKU00176,10,14278.9,1427.89,0
2025-02-25,ST10,SKU04260,13,21327.93,1640.61,0
2025-02-25,ST11,SKU01720,21,21316.47,1015.07,0
2025-02-25,ST12,SKU02572,7,10447.92,1492.56,0
2025-02-25,ST14,SKU01719,27,44770.59,1658.17,0
2025-02-25,ST14,SKU02872,10,2987.2,298.72,0
2025-02-25,ST16,SKU00991,0,0.0,1515.24,0
2025-02-25,ST16,SKU02866,3,5184.36,1728.12,0
2025-02-25,ST16,SKU03884,9,13223.25,1469.25,0
2025-02-25,ST16,SKU04935,6,1741.14,290.19,0
2025-02-25,ST17,SKU01519,2,893.98,446.99,0
2025-02-25,ST18,SKU03109,13,30680.13,2360.01,1
2025-02-25,ST19,SKU01111,4,9278.28,2319.57,0
2025-02-25,ST19,SKU02043,5,12435.2,2487.04,0
2025-02-25,ST19,SKU03835,22,28997.32,1318.06,0
2025-02-25,ST20,SKU01976,4,9077.68,2269.42,0
2025-02-25,ST21,SKU03939,11,3783.89,343.99,0
2025-02-25,ST22,SKU03710,4,599.28,149.82,0
2025-02-25,ST30,SKU04778,12,25503.36,2125.28,0
2025-02-26,ST01,SKU04391,34,39475.36,1161.04,0
2025-02-26,ST02,SKU00810,9,7619.85,846.65,0
2025-02-26,ST03,SKU01035,10,7949.1,794.91,0
2025-02-26,ST03,SKU02915,5,5077.2,1015.44,0
2025-02-26,ST04,SKU01963,2,3692.48,1846.24,0
2025-02-26,ST04,SKU02562,8,12417.84,1552.23,0
2025-02-26,ST06,SKU03061,8,8171.36,1021.42,0
2025-02-26,ST06,SKU03286,11,1272.81,115.71,0
2025-02-26,ST07,SKU01205,0,0.0,839.9,0
2025-02-26,ST07,SKU01904,26,29261.44,1125.44,0
2025-02-26,ST09,SKU01700,2,594.04,297.02,0
2025-02-26,ST09,SKU03556,16,13195.36,824.71,1
2025-02-26,ST09,SKU04079,10,5707.4,570.74,0
2025-02-26,ST09,SKU04524,17,8730.86,513.58,0
2025-02-26,ST09,SKU04552,3,1676.61,558.87,0
2025-02-26,ST11,SKU02826,16,20416.32,1276.02,0
2025-02-26,ST11,SKU04079,22,12556.28,570.74,0
2025-02-26,ST13,SKU03696,6,5703.12,950.52,1
2025-02-26,ST13,SKU04399,15,34923.75,2328.25,0
2025-02-26,ST14,SKU01993,17,1675.69,98.57,0
2025-02-26,ST16,SKU01361,0,0.0,1181.6,0
2025-02-26,ST17,SKU01251,5,1116.15,223.23,0
2025-02-26,ST18,SKU04734,25,40431.0,1617.24,1
2025-02-26,ST19,SKU02077,7,4005.68,572.24,0
2025-02-26,ST19,SKU02244,21,5268.06,250.86,1
2025-02-26,ST19,SKU03167,17,33888.65,1993.45,0
2025-02-26,ST21,SKU03507,5,12010.45,2402.09,0
2025-02-26,ST23,SKU02189,17,22270.51,1310.03,0
2025-02-26,ST24,SKU04541,5,7145.65,1429.13,1
2025-02-26,ST25,SKU00955,14,23032.8,1645.2,0
2025-02-26,ST25,SKU02210,8,10341.76,1292.72,1
2025-02-26,ST25,SKU03833,8,14598.64,1824.83,0
2025-02-26,ST26,SKU01855,6,11529.9,1921.65,0
2025-02-26,ST26,SKU04878,5,1678.75,335.75,0
2025-02-26,ST30,SKU02075,4,7946.2,1986.55,0
2025-02-26,ST30,SKU03311,11,6144.71,558.61,0
2025-02-27,ST02,SKU01110,28,55513.92,1982.64,0
2025-02-27,ST02,SKU03565,10,7070.5,707.05,0
2025-02-27,ST03,SKU04440,14,12241.32,874.38,0
2025-02-27,ST04,SKU01116,20,46548.8,2327.44,0
2025-02-27,ST04,SKU03340,10,5190.6,519.06,0
2025-02-27,ST04,SKU03563,14,21311.5,1522.25,0
2025-02-27,ST04,SKU04099,27,28799.28,1066.64,0
2025-02-27,ST05,SKU00375,10,1393.6,139.36,0
2025-02-27,ST05,SKU01381,13,3382.08,260.16,0
2025-02-27,ST05,SKU02647,1,2005.58,2005.58,0
2025-02-27,ST06,SKU02136,14,21008.82,1500.63,1
2025-02-27,ST06,SKU03566,8,16296.96,2037.12,0
2025-02-27,ST06,SKU04520,10,1164.4,116.44,0
2025-02-27,ST07,SKU00710,11,12163.69,1105.79,0
2025-02-27,ST07,SKU01141,9,22395.24,2488.36,0
2025-02-27,ST07,SKU03356,33,11084.37,335.89,1
2025-02-27,ST09,SKU04109,12,11243.52,936.96,1
2025-02-27,ST10,SKU04175,5,2027.7,405.54,0
2025-02-27,ST11,SKU02539,18,8772.84,487.38,0
2025-02-27,ST11,SKU03101,21,20639.64,982.84,0
2025-02-27,ST11,SKU04241,16,31274.08,1954.63,0
2025-02-27,ST13,SKU00245,13,10023.78,771.06,0
2025-02-27,ST13,SKU02570,13,19387.81,1491.37,0
2025-02-27,ST13,SKU04922,14,1934.38,138.17,1
2025-02-27,ST14,SKU02184,37,31448.15,849.95,0
2025-02-27,ST15,SKU01561,15,19449.75,1296.65,1
2025-02-27,ST16,SKU00991,28,42426.72,1515.24,0
2025-02-27,ST16,SKU04273,6,422.52,70.42,0
2025-02-27,ST19,SKU00058,4,3067.88,766.97,0
2025-02-27,ST19,SKU04004,7,16136.05,2305.15,0
2025-02-27,ST20,SKU01114,8,4400.88,550.11,1
2025-02-27,ST22,SKU00854,4,7642.64,1910.66,0
2025-02-27,ST22,SKU03380,2,1630.32,815.16,0
2025-02-27,ST22,SKU03823,6,8380.32,1396.72,1
2025-02-27,ST22,SKU04620,7,14446.53,2063.79,0
2025-02-27,ST23,SKU02627,15,29843.25,1989.55,0
2025-02-27,ST24,SKU04113,17,3819.39,224.67,0
2025-02-27,ST27,SKU03112,19,11736.68,617.72,0
2025-02-27,ST28,SKU02590,4,1281.8,320.45,0
2025-02-27,ST28,SKU04583,13,19754.02,1519.54,0
2025-02-27,ST30,SKU00409,4,7230.96,1807.74,0
2025-02-27,ST30,SKU02961,4,9032.44,2258.11,0
2025-02-27,ST30,SKU03968,3,3431.22,1143.74,0
2025-02-28,ST03,SKU02139,6,1032.48,172.08,0
2025-02-28,ST03,SKU02600,4,1938.68,484.67,0
2025-02-28,ST03,SKU03885,4,1768.44,442.11,0
2025-02-28,ST06,SKU03450,16,25687.52,1605.47,0
2025-02-28,ST08,SKU01371,10,16417.1,1641.71,0
2025-02-28,ST08,SKU03708,3,3778.44,1259.48,0
2025-02-28,ST08,SKU04941,12,10510.08,875.84,0
2025-02-28,ST09,SKU03570,4,4277.48,1069.37,0
2025-02-28,ST09,SKU04095,20,24837.8,1241.89,0
2025-02-28,ST11,SKU04579,19,19810.92,1042.68,0
2025-02-28,ST13,SKU00112,21,2797.62,133.22,0
2025-02-28,ST13,SKU02364,22,49752.12,2261.46,0
2025-02-28,ST13,SKU03191,7,7075.46,1010.78,0
2025-02-28,ST14,SKU00965,19,11901.41,626.39,1
2025-02-28,ST17,SKU04575,12,19084.44,1590.37,0
2025-02-28,ST17,SKU04593,16,34278.08,2142.38,0
2025-02-28,ST18,SKU02450,11,26107.07,2373.37,0
2025-02-28,ST19,SKU00317,24,6798.48,283.27,0
2025-02-28,ST20,SKU02038,4,4653.28,1163.32,0
2025-02-28,ST22,SKU01813,7,11494.21,1642.03,0
2025-02-28,ST23,SKU00291,6,7825.08,1304.18,0
2025-02-28,ST23,SKU00674,23,46804.54,2034.98,0
2025-02-28,ST24,SKU00873,4,6610.72,1652.68,0
2025-02-28,ST28,SKU01897,17,18952.79,1114.87,1
2025-02-28,ST29,SKU00180,14,27850.06,1989.29,0
2025-02-28,ST29,SKU02019,3,411.81,137.27,0
2025-02-28,ST30,SKU00979,7,3918.88,559.84,1
2025-03-01,ST01,SKU02827,11,11345.29,1031.39,1
2025-03-01,ST02,SKU02606,2,3533.04,1766.52,0
2025-03-01,ST03,SKU01077,38,7757.32,204.14,0
2025-03-01,ST03,SKU01247,4,8183.44,2045.86,0
2025-03-01,ST03,SKU02094,11,8988.76,817.16,0
2025-03-01,ST04,SKU01947,14,6973.54,498.11,0
2025-03-01,ST04,SKU02312,3,3876.78,1292.26,0
2025-03-01,ST05,SKU03943,1,2080.27,2080.27,0
2025-03-01,ST07,SKU02761,32,34773.44,1086.67,0
2025-03-01,ST07,SKU03702,13,3954.34,304.18,0
2025-03-01,ST09,SKU04093,4,4963.4,1240.85,0
2025-03-01,ST09,SKU04653,8,13640.48,1705.06,0
2025-03-01,ST10,SKU04016,10,4949.8,494.98,0
2025-03-01,ST11,SKU00719,27,2522.34,93.42,0
2025-03-01,ST11,SKU02456,23,38386.77,1668.99,0
2025-03-01,ST12,SKU01884,6,10390.5,1731.75,0
2025-03-01,ST14,SKU00810,35,29632.75,846.65,1
2025-03-01,ST14,SKU02724,15,8649.3,576.62,1
2025-03-01,ST16,SKU00801,52,128474.32,2470.66,1
2025-03-01,ST16,SKU03134,8,6344.48,793.06,0
2025-03-01,ST17,SKU01647,11,26539.81,2412.71,0
2025-03-01,ST17,SKU03257,33,61351.29,1859.13,0
2025-03-01,ST18,SKU01481,33,19287.18,584.46,0
2025-03-01,ST19,SKU04673,18,8287.74,460.43,1
2025-03-01,ST20,SKU01062,11,9913.42,901.22,0
2025-03-01,ST21,SKU03390,3,1731.66,577.22,0
2025-03-01,ST21,SKU04506,18,9863.46,547.97,0
2025-03-01,ST22,SKU03266,4,1803.96,450.99,0
2025-03-01,ST23,SKU03590,11,12140.92,1103.72,0
2025-03-01,ST25,SKU03695,12,20373.6,1697.8,0
2025-03-01,ST26,SKU00916,17,7226.87,425.11,0
2025-03-01,ST27,SKU01823,45,63145.35,1403.23,0
2025-03-01,ST27,SKU02560,17,37483.81,2204.93,0
2025-03-01,ST27,SKU03489,34,76287.84,2243.76,0
2025-03-01,ST29,SKU00168,14,14444.08,1031.72,1
2025-03-01,ST29,SKU03674,2,3170.3,1585.15,0
2025-03-02,ST01,SKU02583,16,39912.48,2494.53,0
2025-03-02,ST01,SKU03623,24,20693.52,862.23,0
2025-03-02,ST02,SKU01026,7,11082.89,1583.27,0
2025-03-02,ST03,SKU01849,10,13769.6,1376.96,0
2025-03-02,ST04,SKU01588,25,55445.5,2217.82,0
2025-03-02,ST05,SKU04600,12,29880.96,2490.08,0
2025-03-02,ST06,SKU00616,5,2806.5,561.3,0
2025-03-02,ST06,SKU03468,14,15857.94,1132.71,0
2025-03-02,ST09,SKU00055,15,30832.5,2055.5,0
2025-03-02,ST09,SKU02806,33,18825.51,570.47,0
2025-03-02,ST10,SKU00071,24,37942.56,1580.94,0
2025-03-02,ST10,SKU04219,25,3042.0,121.68,0
2025-03-02,ST11,SKU00858,5,4822.85,964.57,0
2025-03-02,ST12,SKU02161,13,2475.46,190.42,0
2025-03-02,ST13,SKU02711,10,13016.0,1301.6,0
2025-03-02,ST13,SKU03452,26,59008.56,2269.56,0
2025-03-02,ST14,SKU00378,17,12264.48,721.44,0
2025-03-02,ST14,SKU03385,0,0.0,802.96,0
2025-03-02,ST15,SKU02988,10,557.5,55.75,0
2025-03-02,ST16,SKU03904,41,7132.36,173.96,1
2025-03-02,ST16,SKU04742,5,3046.0,609.2,0
2025-03-02,ST17,SKU00196,26,10879.44,418.44,0
2025-03-02,ST17,SKU00364,9,18267.84,2029.76,0
2025-03-02,ST18,SKU00764,21,1350.93,64.33,0
2025-03-02,ST19,SKU00196,13,5439.72,418.44,0
2025-03-02,ST19,SKU00519,5,7882.25,1576.45,0
2025-03-02,ST19,SKU00908,17,40123.4,2360.2,0
2025-03-02,ST20,SKU01698,7,6836.97,976.71,0
2025-03-02,ST21,SKU01378,10,24971.2,2497.12,0
2025-03-02,ST22,SKU02617,27,14865.12,550.56,0
2025-03-02,ST23,SKU01350,7,5088.09,726.87,0
2025-03-02,ST24,SKU03394,11,13432.54,1221.14,1
2025-03-02,ST25,SKU00211,9,15337.35,1704.15,0
2025-03-02,ST26,SKU02080,3,3259.86,1086.62,0
2025-03-02,ST27,SKU00349,8,11746.96,1468.37,0
2025-03-02,ST28,SKU03521,20,7304.8,365.24,0
2025-03-02,ST30,SKU00275,22,43911.12,1995.96,0
2025-03-02,ST30,SKU04354,9,5516.91,612.99,0
2025-03-03,ST01,SKU04482,24,19896.48,829.02,0
2025-03-03,ST01,SKU04719,9,18145.71,2016.19,0
2025-03-03,ST01,SKU04829,12,28164.0,2347.0,0
2025-03-03,ST05,SKU02403,17,26351.19,1550.07,0
2025-03-03,ST05,SKU03261,10,11774.5,1177.45,0
2025-03-03,ST05,SKU03391,11,25334.65,2303.15,0
2025-03-03,ST06,SKU04242,11,16694.92,1517.72,0
2025-03-03,ST07,SKU03979,0,0.0,1468.75,0
2025-03-03,ST08,SKU00039,3,6194.25,2064.75,1
2025-03-03,ST08,SKU02327,17,6147.2,361.6,0
2025-03-03,ST09,SKU04802,15,3286.8,219.12,0
2025-03-03,ST10,SKU01422,21,37653.0,1793.0,0
2025-03-03,ST11,SKU00928,14,22503.88,1607.42,0
2025-03-03,ST11,SKU03173,6,755.16,125.86,0
2025-03-03,ST11,SKU03338,4,3795.88,948.97,0
2025-03-03,ST12,SKU01241,12,1030.2,85.85,0
2025-03-03,ST15,SKU03273,0,0.0,762.11,0
2025-03-03,ST16,SKU00521,20,7231.6,361.58,0
2025-03-03,ST16,SKU01572,14,31819.62,2272.83,0
2025-03-03,ST17,SKU01099,19,23006.53,1210.87,0
2025-03-03,ST17,SKU03279,2,1724.16,862.08,0
2025-03-03,ST20,SKU01084,7,5711.3,815.9,0
2025-03-03,ST20,SKU01638,24,26541.12,1105.88,1
2025-03-03,ST20,SKU01825,29,2426.14,83.66,1
2025-03-03,ST20,SKU04791,8,1929.68,241.21,0
2025-03-03,ST21,SKU03427,9,11686.32,1298.48,0
2025-03-03,ST21,SKU04336,7,15059.31,2151.33,0
2025-03-03,ST22,SKU02617,11,6056.16,550.56,1
2025-03-03,ST23,SKU02532,28,11432.96,408.32,1
2025-03-03,ST23,SKU04304,18,10146.96,563.72,0
2025-03-03,ST24,SKU01801,8,14606.8,1825.85,0
2025-03-03,ST24,SKU02837,16,29033.92,1814.62,0
2025-03-03,ST24,SKU03871,4,5494.04,1373.51,0
2025-03-03,ST25,SKU00408,22,52097.54,2368.07,1
2025-03-03,ST25,SKU04565,7,3300.15,471.45,0
2025-03-03,ST26,SKU02227,7,13973.05,1996.15,0
2025-03-03,ST27,SKU04166,4,8493.44,2123.36,0
2025-03-03,ST29,SKU02601,8,2617.52,327.19,0
2025-03-04,ST02,SKU00808,12,19863.36,1655.28,0
2025-03-04,ST03,SKU03533,10,2153.9,215.39,0
2025-03-04,ST03,SKU04240,2,3556.4,1778.2,0
2025-03-04,ST04,SKU02782,7,8793.75,1256.25,0
2025-03-04,ST06,SKU03377,12,27116.76,2259.73,0
2025-03-04,ST06,SKU04313,29,12367.34,426.46,1
2025-03-04,ST08,SKU03088,5,9490.6,1898.12,0
2025-03-04,ST09,SKU03258,6,10473.48,1745.58,0
2025-03-04,ST12,SKU00976,9,2124.36,236.04,0
2025-03-04,ST12,SKU01685,10,7122.6,712.26,1
2025-03-04,ST13,SKU01631,19,7113.03,374.37,1
2025-03-04,ST14,SKU02162,16,28935.52,1808.47,0
2025-03-04,ST19,SKU02644,8,10441.92,1305.24,0
2025-03-04,ST20,SKU00736,10,3448.5,344.85,0
2025-03-04,ST20,SKU02032,9,8169.3,907.7,0
2025-03-04,ST20,SKU02833,9,18756.99,2084.11,1
2025-03-04,ST21,SKU02937,11,21238.47,1930.77,0
2025-03-04,ST21,SKU03607,13,30535.05,2348.85,0
2025-03-04,ST21,SKU03700,10,23657.3,2365.73,0
2025-03-04,ST22,SKU03903,6,12389.76,2064.96,0
2025-03-04,ST23,SKU03987,2,763.92,381.96,0
2025-03-04,ST25,SKU02079,3,2806.5,935.5,0
2025-03-04,ST28,SKU02738,11,5389.56,489.96,1
2025-03-04,ST29,SKU01751,16,27275.2,1704.7,0
2025-03-04,ST29,SKU04371,8,13792.32,1724.04,0
2025-03-05,ST02,SKU00088,33,27564.24,835.28,0
2025-03-05,ST02,SKU00290,4,7305.56,1826.39,0
2025-03-05,ST03,SKU03712,5,7547.9,1509.58,0
2025-03-05,ST04,SKU03026,21,29771.07,1417.67,0
2025-03-05,ST05,SKU03856,13,8294.91,638.07,1
2025-03-05,ST07,SKU02723,15,26235.75,1749.05,0
2025-03-05,ST08,SKU02664,15,13262.7,884.18,0
2025-03-05,ST09,SKU02137,9,4427.64,491.96,0
2025-03-05,ST09,SKU02478,16,16556.64,1034.79,0
2025-03-05,ST09,SKU03878,38,33460.52,880.54,0
2025-03-05,ST10,SKU03122,14,17952.06,1282.29,0
2025-03-05,ST11,SKU03276,2,966.08,483.04,0
2025-03-05,ST12,SKU01827,24,39505.2,1646.05,0
2025-03-05,ST12,SKU03866,7,2189.67,312.81,1
2025-03-05,ST12,SKU04431,10,1397.7,139.77,0
2025-03-05,ST13,SKU00842,2,4651.34,2325.67,0
2025-03-05,ST13,SKU01119,17,40505.05,2382.65,1
2025-03-05,ST14,SKU00227,4,7760.72,1940.18,0
2025-03-05,ST15,SKU01990,5,8404.55,1680.91,0
2025-03-05,ST15,SKU03105,4,4588.68,1147.17,0
2025-03-05,ST15,SKU03868,10,10306.8,1030.68,0
2025-03-05,ST17,SKU00828,18,36162.54,2009.03,0
2025-03-05,ST18,SKU02449,0,0.0,91.38,1
2025-03-05,ST19,SKU04371,1,1724.04,1724.04,0
2025-03-05,ST20,SKU00292,24,54142.32,2255.93,0
2025-03-05,ST21,SKU00347,5,3681.25,736.25,0
2025-03-05,ST22,SKU00941,6,10612.02,1768.67,0
2025-03-05,ST22,SKU04739,8,16098.64,2012.33,0
2025-03-05,ST23,SKU02258,16,25135.52,1570.97,0
2025-03-05,ST30,SKU01909,16,15420.0,963.75,0
2025-03-05,ST30,SKU02448,10,8538.3,853.83,0
2025-03-05,ST30,SKU03578,14,8407.0,600.5,0
2025-03-06,ST02,SKU03441,5,7134.6,1426.92,0
2025-03-06,ST03,SKU02830,28,37030.84,1322.53,0
2025-03-06,ST06,SKU02890,26,62647.0,2409.5,1
2025-03-06,ST07,SKU04067,6,7821.72,1303.62,0
2025-03-06,ST08,SKU03278,15,4469.25,297.95,0
2025-03-06,ST09,SKU00308,20,30298.2,1514.91,0
2025-03-06,ST09,SKU04660,14,17196.06,1228.29,1
2025-03-06,ST10,SKU03100,13,5658.51,435.27,1
2025-03-06,ST10,SKU04799,8,12163.12,1520.39,1
2025-03-06,ST12,SKU04665,11,8715.74,792.34,0
2025-03-06,ST13,SKU00733,15,30100.35,2006.69,0
2025-03-06,ST13,SKU02718,2,3539.76,1769.88,0
2025-03-06,ST13,SKU04354,1,612.99,612.99,0
2025-03-06,ST15,SKU00992,3,3691.59,1230.53,0
2025-03-06,ST17,SKU02405,3,2541.36,847.12,0
2025-03-06,ST17,SKU04888,9,12462.75,1384.75,0
2025-03-06,ST18,SKU03142,10,19868.4,1986.84,0
2025-03-06,ST18,SKU04140,8,5564.16,695.52,0
2025-03-06,ST20,SKU01091,11,1424.17,129.47,0
2025-03-06,ST20,SKU03150,13,2303.08,177.16,0
2025-03-06,ST21,SKU00187,5,2408.95,481.79,0
2025-03-06,ST21,SKU03126,16,39199.36,2449.96,0
2025-03-06,ST21,SKU04677,9,6762.42,751.38,0
2025-03-06,ST25,SKU03154,28,52315.48,1868.41,0
2025-03-06,ST28,SKU03580,39,24043.11,616.49,0
2025-03-06,ST29,SKU03546,13,10961.99,843.23,0
2025-03-06,ST30,SKU04655,12,5081.52,423.46,0
2025-03-07,ST02,SKU01785,3,355.32,118.44,0
2025-03-07,ST02,SKU02289,11,5776.32,525.12,1
2025-03-07,ST02,SKU02758,16,25447.04,1590.44,0
2025-03-07,ST03,SKU01387,3,3753.75,1251.25,0
2025-03-07,ST03,SKU02195,41,26643.44,649.84,0
2025-03-07,ST03,SKU03148,23,41616.43,1809.41,0
2025-03-07,ST04,SKU02036,8,3246.4,405.8,0
2025-03-07,ST04,SKU03872,26,6279.78,241.53,0
2025-03-07,ST04,SKU04645,9,7382.97,820.33,1
2025-03-07,ST05,SKU02626,15,35961.15,2397.41,0
2025-03-07,ST05,SKU04957,13,28293.2,2176.4,1
2025-03-07,ST07,SKU03158,7,13825.21,1975.03,0
2025-03-07,ST07,SKU03257,0,0.0,1859.13,1
2025-03-07,ST11,SKU01557,18,1533.42,85.19,0
2025-03-07,ST13,SKU01862,6,13129.44,2188.24,0
2025-03-07,ST14,SKU00832,11,1293.27,117.57,0
2025-03-07,ST15,SKU00273,14,30952.32,2210.88,0
2025-03-07,ST15,SKU04796,9,13680.27,1520.03,0
2025-03-07,ST17,SKU00706,7,5633.81,804.83,0
2025-03-07,ST17,SKU02057,11,12647.36,1149.76,0
2025-03-07,ST18,SKU01357,11,25419.02,2310.82,0
2025-03-07,ST18,SKU03346,11,3714.37,337.67,0
2025-03-07,ST19,SKU03284,11,12666.72,1151.52,1
2025-03-07,ST20,SKU00900,8,16872.48,2109.06,0
2025-03-07,ST20,SKU01159,13,8477.17,652.09,0
2025-03-07,ST21,SKU00579,7,4021.78,574.54,0
2025-03-07,ST21,SKU01183,2,776.86,388.43,0
2025-03-07,ST21,SKU01952,6,9595.8,1599.3,0
2025-03-07,ST21,SKU02616,3,7057.83,2352.61,0
2025-03-07,ST21,SKU02962,12,13272.96,1106.08,0
2025-03-07,ST22,SKU04910,18,11512.98,639.61,0
2025-03-07,ST24,SKU03567,16,19908.64,1244.29,0
2025-03-07,ST27,SKU00636,8,8838.32,1104.79,0
2025-03-07,ST27,SKU01523,8,10424.72,1303.09,1
2025-03-07,ST29,SKU03552,22,46862.42,2130.11,0
2025-03-07,ST30,SKU01167,4,9348.64,2337.16,0
2025-03-08,ST04,SKU00466,4,1452.76,363.19,0
2025-03-08,ST08,SKU00167,7,11803.47,1686.21,0
2025-03-08,ST09,SKU02498,11,12818.19,1165.29,0
2025-03-08,ST10,SKU03777,2,1663.78,831.89,0
2025-03-08,ST11,SKU03229,3,2636.4,878.8,0
2025-03-08,ST12,SKU02668,12,17902.56,1491.88,0
2025-03-08,ST13,SKU01137,10,23622.7,2362.27,0
2025-03-08,ST13,SKU01201,24,44061.84,1835.91,0
2025-03-08,ST13,SKU01539,13,16564.6,1274.2,0
2025-03-08,ST16,SKU00684,5,11848.1,2369.62,0
2025-03-08,ST16,SKU01455,6,13434.6,2239.1,0
2025-03-08,ST17,SKU00784,11,27485.92,2498.72,0
2025-03-08,ST18,SKU03968,16,18299.84,1143.74,0
2025-03-08,ST20,SKU03275,10,18099.2,1809.92,0
2025-03-08,ST21,SKU01334,9,2913.12,323.68,0
2025-03-08,ST22,SKU01511,8,15403.76,1925.47,0
2025-03-08,ST23,SKU01803,4,9105.36,2276.34,0
2025-03-08,ST23,SKU02149,19,4725.68,248.72,0
2025-03-08,ST24,SKU00515,13,18771.48,1443.96,0
2025-03-08,ST25,SKU00072,7,10136.14,1448.02,0
2025-03-08,ST25,SKU00674,11,22384.78,2034.98,0
2025-03-08,ST25,SKU02344,3,4971.9,1657.3,0
2025-03-08,ST27,SKU01584,7,12783.19,1826.17,0
2025-03-08,ST27,SKU04407,17,36907.0,2171.0,0
2025-03-08,ST29,SKU01818,27,21411.54,793.02,0
2025-03-08,ST30,SKU04192,12,28243.2,2353.6,0
2025-03-08,ST30,SKU04881,13,16176.94,1244.38,0
2025-03-09,ST01,SKU01441,24,49869.6,2077.9,0
2025-03-09,ST02,SKU00874,33,74334.48,2252.56,0
2025-03-09,ST04,SKU02097,12,29062.92,2421.91,1
2025-03-09,ST04,SKU03491,7,16052.75,2293.25,0
2025-03-09,ST05,SKU00560,14,21701.4,1550.1,1
2025-03-09,ST05,SKU00828,8,16072.24,2009.03,0
2025-03-09,ST06,SKU01470,2,1150.06,575.03,1
2025-03-09,ST06,SKU02256,16,14226.4,889.15,0
2025-03-09,ST08,SKU02986,22,38065.72,1730.26,0
2025-03-09,ST09,SKU01183,16,6214.88,388.43,0
2025-03-09,ST09,SKU04667,5,766.25,153.25,0
2025-03-09,ST10,SKU00567,17,969.0,57.0,1
2025-03-09,ST12,SKU04843,40,36903.2,922.58,1
2025-03-09,ST14,SKU00034,5,10896.85,2179.37,0
2025-03-09,ST14,SKU01751,13,22161.1,1704.7,0
2025-03-09,ST15,SKU01200,2,1610.2,805.1,0
2025-03-09,ST16,SKU01605,6,4403.28,733.88,0
2025-03-09,ST16,SKU01777,9,1301.13,144.57,1
2025-03-09,ST16,SKU04246,36,64910.88,1803.08,1
2025-03-09,ST18,SKU01408,8,3415.12,426.89,1
2025-03-09,ST18,SKU03974,14,5822.6,415.9,0
2025-03-09,ST19,SKU01409,18,34409.88,1911.66,0
2025-03-09,ST19,SKU04512,11,6973.45,633.95,0
2025-03-09,ST20,SKU03105,10,11471.7,1147.17,0
2025-03-09,ST21,SKU00248,29,55033.59,1897.71,1
2025-03-09,ST21,SKU04146,30,27928.8,930.96,0
2025-03-09,ST22,SKU03602,0,0.0,1252.66,0
2025-03-09,ST23,SKU01598,12,10340.88,861.74,1
2025-03-09,ST23,SKU01717,3,2889.72,963.24,0
2025-03-09,ST24,SKU00202,7,4081.84,583.12,0
2025-03-09,ST24,SKU01318,12,24243.84,2020.32,0
2025-03-09,ST24,SKU04411,19,25073.73,1319.67,1
2025-03-09,ST26,SKU00497,16,6928.16,433.01,0
2025-03-09,ST26,SKU01312,19,4779.83,251.57,1
2025-03-09,ST30,SKU03558,15,15848.85,1056.59,0
2025-03-10,ST01,SKU02484,14,19360.46,1382.89,0
2025-03-10,ST03,SKU00806,5,919.9,183.98,0
2025-03-10,ST05,SKU02434,0,0.0,1263.52,0
2025-03-10,ST06,SKU01962,8,12133.12,1516.64,0
2025-03-10,ST08,SKU01886,3,786.24,262.08,1
2025-03-10,ST09,SKU00175,8,1233.84,154.23,0
2025-03-10,ST09,SKU01565,4,5240.08,1310.02,0
2025-03-10,ST09,SKU02872,8,2389.76,298.72,0
2025-03-10,ST10,SKU03086,4,4314.76,1078.69,0
2025-03-10,ST10,SKU03762,4,4382.96,1095.74,1
2025-03-10,ST11,SKU00282,0,0.0,570.2,0
2025-03-10,ST11,SKU00351,15,27788.1,1852.54,1
2025-03-10,ST11,SKU01014,17,978.18,57.54,0
2025-03-10,ST11,SKU04019,10,11881.3,1188.13,0
2025-03-10,ST12,SKU02542,11,17393.09,1581.19,0
2025-03-10,ST12,SKU02717,2,1875.58,937.79,0
2025-03-10,ST12,SKU04498,27,61972.56,2295.28,0
2025-03-10,ST13,SKU01627,12,1276.92,106.41,0
2025-03-10,ST13,SKU02432,7,5162.64,737.52,0
2025-03-10,ST13,SKU03182,12,19313.04,1609.42,0
2025-03-10,ST14,SKU01096,1,1039.96,1039.96,0
2025-03-10,ST15,SKU04988,3,4087.59,1362.53,0
2025-03-10,ST16,SKU00858,3,2893.71,964.57,0
2025-03-10,ST17,SKU03666,8,12144.48,1518.06,0
2025-03-10,ST18,SKU02725,20,48122.4,2406.12,0
2025-03-10,ST20,SKU00706,7,5633.81,804.83,0
2025-03-10,ST22,SKU02551,10,10304.9,1030.49,0
2025-03-10,ST22,SKU03516,18,29754.72,1653.04,1
2025-03-10,ST22,SKU04491,17,13678.37,804.61,1
2025-03-10,ST23,SKU00075,0,0.0,1803.19,0
2025-03-10,ST26,SKU00979,7,3918.88,559.84,0
2025-03-10,ST26,SKU01343,7,1037.61,148.23,0
2025-03-10,ST26,SKU04042,2,1504.28,752.14,0
2025-03-10,ST26,SKU04085,20,27663.6,1383.18,0
2025-03-10,ST28,SKU00243,6,14456.4,2409.4,0
2025-03-10,ST29,SKU00729,13,17824.43,1371.11,0
2025-03-10,ST30,SKU03211,11,6770.39,615.49,0
2025-03-11,ST01,SKU03482,12,24012.0,2001.0,1
2025-03-11,ST02,SKU01028,11,25280.31,2298.21,0
2025-03-11,ST05,SKU02425,10,1005.7,100.57,0
2025-03-11,ST05,SKU04699,7,12161.73,1737.39,0
2025-03-11,ST06,SKU03348,2,2090.9,1045.45,0
2025-03-11,ST09,SKU02757,35,4437.65,126.79,0
2025-03-11,ST09,SKU04478,15,29740.2,1982.68,0
2025-03-11,ST10,SKU02995,21,31655.61,1507.41,0
2025-03-11,ST11,SKU02854,4,7327.44,1831.86,0
2025-03-11,ST12,SKU01270,14,3301.9,235.85,0
2025-03-11,ST13,SKU00539,13,16849.69,1296.13,0
2025-03-11,ST15,SKU00851,11,11939.29,1085.39,0
2025-03-11,ST16,SKU03962,13,16068.52,1236.04,0
2025-03-11,ST19,SKU02212,23,12440.24,540.88,0
2025-03-11,ST25,SKU01904,4,4501.76,1125.44,0
2025-03-11,ST29,SKU01316,22,23369.72,1062.26,1
2025-03-11,ST29,SKU01653,19,37546.85,1976.15,1
2025-03-11,ST29,SKU02168,1,1742.79,1742.79,0
2025-03-11,ST29,SKU03786,3,7359.36,2453.12,0
2025-03-11,ST30,SKU02285,13,22248.85,1711.45,0
2025-03-11,ST30,SKU02597,24,29133.12,1213.88,0
2025-03-12,ST02,SKU00313,21,28991.13,1380.53,0
2025-03-12,ST02,SKU01453,22,39689.54,1804.07,0
2025-03-12,ST02,SKU02551,6,6182.94,1030.49,0
2025-03-12,ST03,SKU03991,20,40702.8,2035.14,0
2025-03-12,ST03,SKU04268,27,4473.36,165.68,0
2025-03-12,ST05,SKU01294,15,6600.15,440.01,0
2025-03-12,ST05,SKU02288,13,20637.24,1587.48,1
2025-03-12,ST08,SKU00493,2,3396.64,1698.32,0
2025-03-12,ST08,SKU01569,5,9085.6,1817.12,0
2025-03-12,ST08,SKU04623,10,1738.9,173.89,0
2025-03-12,ST09,SKU00211,46,78390.9,1704.15,1
2025-03-12,ST10,SKU00366,39,30350.58,778.22,0
2025-03-12,ST10,SKU04241,3,5863.89,1954.63,0
2025-03-12,ST12,SKU01839,7,7258.86,1036.98,0
2025-03-12,ST16,SKU01964,40,39773.2,994.33,0
2025-03-12,ST16,SKU02168,6,10456.74,1742.79,0
2025-03-12,ST16,SKU02565,12,15278.52,1273.21,0
2025-03-12,ST17,SKU00402,4,5661.92,1415.48,0
2025-03-12,ST20,SKU03562,6,9171.3,1528.55,0
2025-03-12,ST25,SKU02314,46,83505.64,1815.34,1
2025-03-12,ST26,SKU02226,7,16484.02,2354.86,0
2025-03-12,ST26,SKU03542,18,37015.56,2056.42,0
2025-03-12,ST28,SKU00559,35,79178.4,2262.24,0
2025-03-12,ST28,SKU04604,13,30986.28,2383.56,1
2025-03-12,ST29,SKU00514,15,21726.9,1448.46,0
2025-03-12,ST29,SKU01986,9,12959.46,1439.94,0
2025-03-12,ST30,SKU03640,14,24852.94,1775.21,0
2025-03-13,ST01,SKU02606,16,28264.32,1766.52,0
2025-03-13,ST01,SKU02724,24,13838.88,576.62,0
2025-03-13,ST01,SKU03865,12,20686.08,1723.84,0
2025-03-13,ST01,SKU04757,7,9788.59,1398.37,1
2025-03-13,ST03,SKU01371,6,9850.26,1641.71,1
2025-03-13,ST03,SKU03871,9,12361.59,1373.51,0
2025-03-13,ST04,SKU01702,6,5750.04,958.34,0
2025-03-13,ST04,SKU03193,13,13654.03,1050.31,0
2025-03-13,ST06,SKU02216,12,3031.44,252.62,1
2025-03-13,ST08,SKU01058,11,14223.11,1293.01,1
2025-03-13,ST11,SKU00119,14,20210.54,1443.61,0
2025-03-13,ST11,SKU00462,11,22623.15,2056.65,0
2025-03-13,ST12,SKU00347,21,15461.25,736.25,1
2025-03-13,ST12,SKU00998,3,5006.61,1668.87,0
2025-03-13,ST12,SKU01021,7,11404.54,1629.22,0
2025-03-13,ST12,SKU01854,24,15606.72,650.28,1
2025-03-13,ST13,SKU02662,26,14837.16,570.66,0
2025-03-13,ST13,SKU04986,11,16035.69,1457.79,0
2025-03-13,ST16,SKU02652,3,1633.95,544.65,0
2025-03-13,ST16,SKU02824,12,7436.28,619.69,1
2025-03-13,ST16,SKU03539,24,42819.84,1784.16,1
2025-03-13,ST17,SKU04051,13,22598.16,1738.32,0
2025-03-13,ST18,SKU00594,6,820.74,136.79,0
2025-03-13,ST18,SKU01076,16,4796.96,299.81,0
2025-03-13,ST18,SKU01887,24,47435.52,1976.48,0
2025-03-13,ST18,SKU04382,3,444.18,148.06,0
2025-03-13,ST19,SKU01607,16,34328.96,2145.56,1
2025-03-13,ST19,SKU01942,9,21171.15,2352.35,0
2025-03-13,ST19,SKU03946,4,5480.76,1370.19,0
2025-03-13,ST21,SKU00100,6,11233.74,1872.29,0
2025-03-13,ST22,SKU01162,8,2078.16,259.77,0
2025-03-13,ST23,SKU01605,5,3669.4,733.88,0
2025-03-13,ST23,SKU04501,12,29456.76,2454.73,0
2025-03-13,ST24,SKU01316,30,31867.8,1062.26,1
2025-03-13,ST24,SKU02557,9,14588.55,1620.95,0
2025-03-13,ST26,SKU03882,34,30836.98,906.97,1
2025-03-13,ST27,SKU00802,19,35234.55,1854.45,1
2025-03-13,ST27,SKU03189,8,2369.04,296.13,0
2025-03-13,ST27,SKU04442,3,1111.44,370.48,0
2025-03-13,ST28,SKU01057,15,16318.35,1087.89,0
2025-03-13,ST28,SKU01339,20,34095.2,1704.76,0
2025-03-13,ST30,SKU00570,11,7973.68,724.88,0
2025-03-13,ST30,SKU02460,11,26319.92,2392.72,1
2025-03-13,ST30,SKU03728,16,35975.52,2248.47,0
2025-03-14,ST01,SKU03759,4,371.32,92.83,0
2025-03-14,ST02,SKU01633,11,11337.37,1030.67,0
2025-03-14,ST05,SKU00212,9,6501.15,722.35,0
2025-03-14,ST05,SKU01492,10,3183.2,318.32,0
2025-03-14,ST06,SKU02763,4,3431.52,857.88,0
2025-03-14,ST08,SKU04458,17,4803.35,282.55,1
2025-03-14,ST09,SKU01341,27,1961.82,72.66,1
2025-03-14,ST09,SKU01702,1,958.34,958.34,0
2025-03-14,ST09,SKU04010,2,2978.4,1489.2,0
2025-03-14,ST10,SKU02349,16,22323.2,1395.2,0
2025-03-14,ST10,SKU03405,3,3487.68,1162.56,0
2025-03-14,ST11,SKU00697,7,2345.35,335.05,0
2025-03-14,ST11,SKU02120,24,35831.04,1492.96,0
2025-03-14,ST15,SKU03633,14,27774.88,1983.92,0
2025-03-14,ST16,SKU03622,12,12267.48,1022.29,0
2025-03-14,ST18,SKU01660,3,1948.26,649.42,0
2025-03-14,ST19,SKU02279,45,104955.75,2332.35,1
2025-03-14,ST19,SKU02364,17,38444.82,2261.46,0
2025-03-14,ST20,SKU01373,4,8205.36,2051.34,0
2025-03-14,ST20,SKU02455,3,4399.32,1466.44,0
2025-03-14,ST21,SKU00730,5,2339.25,467.85,0
2025-03-14,ST21,SKU04754,16,5541.92,346.37,1
2025-03-14,ST22,SKU04629,7,17123.75,2446.25,0
2025-03-14,ST24,SKU02614,5,11501.65,2300.33,0
2025-03-14,ST24,SKU04000,4,9438.4,2359.6,0
2025-03-14,ST25,SKU02130,8,18915.92,2364.49,0
2025-03-14,ST26,SKU00927,14,6407.66,457.69,0
2025-03-14,ST26,SKU01695,6,3172.32,528.72,0
2025-03-14,ST28,SKU03312,8,1234.4,154.3,0
2025-03-14,ST29,SKU01344,12,13324.08,1110.34,0
2025-03-14,ST29,SKU01375,0,0.0,787.69,0
2025-03-14,ST29,SKU01616,17,26779.59,1575.27,0
2025-03-15,ST01,SKU00418,5,8335.75,1667.15,0
2025-03-15,ST01,SKU03855,12,28840.8,2403.4,0
2025-03-15,ST01,SKU04164,5,10568.1,2113.62,0
2025-03-15,ST02,SKU03914,0,0.0,943.17,0
2025-03-15,ST03,SKU00496,8,7292.48,911.56,0
2025-03-15,ST03,SKU00712,34,52045.16,1530.74,0
2025-03-15,ST04,SKU02358,7,16573.9,2367.7,1
2025-03-15,ST04,SKU03089,11,17537.3,1594.3,0
2025-03-15,ST04,SKU03391,9,20728.35,2303.15,1
2025-03-15,ST04,SKU03891,13,4301.7,330.9,1
2025-03-15,ST07,SKU01901,25,53959.75,2158.39,0
2025-03-15,ST10,SKU01418,30,74021.1,2467.37,0
2025-03-15,ST10,SKU01504,13,9649.64,742.28,1
2025-03-15,ST11,SKU03644,9,7804.17,867.13,0
2025-03-15,ST12,SKU03579,2,3881.8,1940.9,0
2025-03-15,ST13,SKU02151,4,3799.24,949.81,0
2025-03-15,ST14,SKU01417,3,1163.25,387.75,0
2025-03-15,ST14,SKU04840,19,46441.32,2444.28,0
2025-03-15,ST16,SKU03644,8,6937.04,867.13,0
2025-03-15,ST17,SKU01383,24,21865.92,911.08,1
2025-03-15,ST18,SKU01920,8,16431.12,2053.89,0
2025-03-15,ST19,SKU02695,20,39954.8,1997.74,0
2025-03-15,ST20,SKU02895,47,19534.61,415.63,0
2025-03-15,ST21,SKU01591,17,10192.86,599.58,0
2025-03-15,ST21,SKU02870,12,10574.88,881.24,0
2025-03-15,ST22,SKU00233,12,27427.68,2285.64,1
2025-03-15,ST23,SKU03128,32,45666.88,1427.09,1
2025-03-15,ST23,SKU03224,11,1941.61,176.51,0
2025-03-15,ST23,SKU03385,3,2408.88,802.96,0
2025-03-15,ST24,SKU03609,16,27692.0,1730.75,0
2025-03-15,ST26,SKU02838,11,2563.66,233.06,0
2025-03-15,ST27,SKU02115,14,2172.1,155.15,0
2025-03-15,ST28,SKU04235,11,6941.88,631.08,1
2025-03-15,ST29,SKU00171,4,8491.32,2122.83,0
2025-03-15,ST29,SKU03247,6,4521.66,753.61,1
2025-03-16,ST01,SKU00968,5,3895.8,779.16,0
2025-03-16,ST01,SKU02128,12,28123.92,2343.66,0
2025-03-16,ST01,SKU03649,6,11804.22,1967.37,0
2025-03-16,ST02,SKU01418,21,51814.77,2467.37,0
2025-03-16,ST02,SKU04095,36,44708.04,1241.89,1
2025-03-16,ST02,SKU04616,15,9717.6,647.84,0
2025-03-16,ST04,SKU00961,4,9756.12,2439.03,0
2025-03-16,ST04,SKU01296,2,1197.24,598.62,0
2025-03-16,ST04,SKU02677,5,6482.7,1296.54,0
2025-03-16,ST05,SKU00766,13,15719.99,1209.23,0
2025-03-16,ST05,SKU01490,7,9767.45,1395.35,0
2025-03-16,ST05,SKU02224,2,2073.14,1036.57,1
2025-03-16,ST07,SKU02608,4,545.2,136.3,0
2025-03-16,ST07,SKU02899,16,20348.64,1271.79,0
2025-03-16,ST08,SKU01495,8,15954.4,1994.3,0
2025-03-16,ST09,SKU02700,1,541.49,541.49,0
2025-03-16,ST10,SKU01263,8,5877.44,734.68,0
2025-03-16,ST10,SKU03886,17,29433.12,1731.36,0
2025-03-16,ST10,SKU04533,22,47211.34,2145.97,0
2025-03-16,ST11,SKU00631,11,24312.53,2210.23,0
2025-03-16,ST11,SKU01586,3,6008.82,2002.94,0
2025-03-16,ST11,SKU01611,28,46704.84,1668.03,1
2025-03-16,ST11,SKU03353,10,599.5,59.95,0
2025-03-16,ST11,SKU04966,18,31275.18,1737.51,0
2025-03-16,ST12,SKU03640,0,0.0,1775.21,0
2025-03-16,ST13,SKU01825,8,669.28,83.66,1
2025-03-16,ST13,SKU02575,13,992.55,76.35,0
2025-03-16,ST13,SKU04138,16,28394.4,1774.65,0
2025-03-16,ST15,SKU01780,33,1875.72,56.84,0
2025-03-16,ST16,SKU03160,5,12362.2,2472.44,0
2025-03-16,ST17,SKU00470,11,18215.23,1655.93,0
2025-03-16,ST17,SKU03044,2,577.66,288.83,0
2025-03-16,ST18,SKU00642,7,14878.15,2125.45,0
2025-03-16,ST19,SKU01216,4,6465.12,1616.28,0
2025-03-16,ST19,SKU03326,7,5114.69,730.67,1
2025-03-16,ST19,SKU03384,25,59505.0,2380.2,0
2025-03-16,ST19,SKU04350,0,0.0,1798.58,0
2025-03-16,ST20,SKU02883,14,17141.46,1224.39,1
2025-03-16,ST23,SKU01021,6,9775.32,1629.22,0
2025-03-16,ST23,SKU01751,3,5114.1,1704.7,0
2025-03-16,ST23,SKU03567,9,11198.61,1244.29,0
2025-03-16,ST24,SKU04604,18,42904.08,2383.56,1
2025-03-16,ST26,SKU00926,11,10805.74,982.34,0
2025-03-16,ST26,SKU02801,5,9292.7,1858.54,0
2025-03-16,ST26,SKU03418,40,91899.2,2297.48,1
2025-03-16,ST28,SKU01508,42,30783.48,732.94,0
2025-03-16,ST30,SKU00916,23,9777.53,425.11,1
2025-03-17,ST01,SKU00151,4,2300.44,575.11,0
2025-03-17,ST03,SKU02653,15,27759.0,1850.6,0
2025-03-17,ST04,SKU02409,16,38272.64,2392.04,0
2025-03-17,ST04,SKU03068,11,19820.02,1801.82,0
2025-03-17,ST04,SKU03440,13,3837.99,295.23,1
2025-03-17,ST04,SKU04526,26,40939.86,1574.61,0
2025-03-17,ST06,SKU00926,7,6876.38,982.34,0
2025-03-17,ST06,SKU04845,18,28897.74,1605.43,0
2025-03-17,ST06,SKU04963,8,13081.36,1635.17,0
2025-03-17,ST08,SKU00763,19,14458.43,760.97,0
2025-03-17,ST09,SKU01989,8,6639.68,829.96,0
2025-03-17,ST11,SKU04549,17,3381.3,198.9,0
2025-03-17,ST12,SKU03109,8,18880.08,2360.01,0
2025-03-17,ST12,SKU03276,3,1449.12,483.04,0
2025-03-17,ST12,SKU04155,4,7967.76,1991.94,0
2025-03-17,ST13,SKU01048,11,19903.07,1809.37,0
2025-03-17,ST13,SKU01632,4,5679.92,1419.98,0
2025-03-17,ST13,SKU02567,27,45817.65,1696.95,0
2025-03-17,ST14,SKU03184,7,6562.29,937.47,0
2025-03-17,ST14,SKU03784,24,42096.48,1754.02,0
2025-03-17,ST15,SKU03224,20,3530.2,176.51,0
2025-03-17,ST17,SKU01984,12,3812.88,317.74,0
2025-03-17,ST17,SKU03790,18,28597.5,1588.75,0
2025-03-17,ST18,SKU03597,24,22668.96,944.54,0
2025-03-17,ST19,SKU02327,27,9763.2,361.6,0
2025-03-17,ST19,SKU03774,8,3249.52,406.19,0
2025-03-17,ST20,SKU00309,13,28246.79,2172.83,0
2025-03-17,ST20,SKU03002,0,0.0,2170.11,0
2025-03-17,ST20,SKU03986,10,12905.7,1290.57,0
2025-03-17,ST22,SKU00956,9,6656.67,739.63,0
2025-03-17,ST23,SKU01533,20,9058.8,452.94,0
2025-03-17,ST23,SKU02493,4,2765.44,691.36,0
2025-03-17,ST23,SKU03731,13,30028.96,2309.92,0
2025-03-17,ST25,SKU01534,26,27392.3,1053.55,0
2025-03-17,ST26,SKU03372,27,2744.82,101.66,0
2025-03-17,ST29,SKU00288,21,38289.72,1823.32,0
2025-03-17,ST29,SKU00749,8,15803.28,1975.41,0
2025-03-17,ST29,SKU01035,1,794.91,794.91,0
2025-03-17,ST29,SKU01621,7,11731.02,1675.86,0
2025-03-17,ST29,SKU02372,25,27049.75,1081.99,0
2025-03-18,ST01,SKU00158,4,1358.48,339.62,1
2025-03-18,ST01,SKU02069,9,5939.28,659.92,0
2025-03-18,ST02,SKU01089,8,19506.56,2438.32,0
2025-03-18,ST02,SKU04565,27,12729.15,471.45,0
2025-03-18,ST04,SKU02922,19,45737.94,2407.26,0
2025-03-18,ST04,SKU03814,4,7248.24,1812.06,1
2025-03-18,ST04,SKU04760,21,30342.06,1444.86,0
2025-03-18,ST05,SKU03552,19,40472.09,2130.11,0
2025-03-18,ST07,SKU03102,9,5039.37,559.93,1
2025-03-18,ST07,SKU03802,6,6492.12,1082.02,0
2025-03-18,ST08,SKU01116,5,11637.2,2327.44,0
2025-03-18,ST08,SKU01155,38,84488.44,2223.38,0
2025-03-18,ST11,SKU00227,20,38803.6,1940.18,1
2025-03-18,ST12,SKU00082,11,9117.35,828.85,0
2025-03-18,ST12,SKU01836,3,2688.21,896.07,0
2025-03-18,ST13,SKU02620,0,0.0,2046.55,1
2025-03-18,ST14,SKU02960,24,24410.4,1017.1,0
2025-03-18,ST16,SKU00110,6,14857.92,2476.32,1
2025-03-18,ST17,SKU00556,8,1493.84,186.73,0
2025-03-18,ST17,SKU00949,9,4371.03,485.67,0
2025-03-18,ST22,SKU04495,5,10487.4,2097.48,0
2025-03-18,ST25,SKU04597,11,13565.31,1233.21,0
2025-03-18,ST26,SKU00843,15,12847.65,856.51,0
2025-03-18,ST27,SKU00135,12,7943.28,661.94,0
2025-03-18,ST27,SKU00989,6,14525.16,2420.86,0
2025-03-19,ST01,SKU02550,15,14078.85,938.59,0
2025-03-19,ST02,SKU01093,5,3998.6,799.72,0
2025-03-19,ST02,SKU01100,21,16869.51,803.31,0
2025-03-19,ST05,SKU01804,3,4742.61,1580.87,0
2025-03-19,ST05,SKU02679,13,14077.83,1082.91,0
2025-03-19,ST07,SKU00438,20,16334.0,816.7,0
2025-03-19,ST07,SKU04580,7,3751.79,535.97,0
2025-03-19,ST08,SKU02535,20,10263.6,513.18,0
2025-03-19,ST08,SKU04569,25,48179.0,1927.16,0
2025-03-19,ST10,SKU00023,4,7134.08,1783.52,0
2025-03-19,ST11,SKU04728,21,32773.86,1560.66,0
2025-03-19,ST12,SKU01506,31,43231.36,1394.56,1
2025-03-19,ST12,SKU04326,15,8714.1,580.94,0
2025-03-19,ST13,SKU00122,6,7520.82,1253.47,0
2025-03-19,ST13,SKU01110,20,39652.8,1982.64,0
2025-03-19,ST13,SKU01496,0,0.0,2465.37,0
2025-03-19,ST14,SKU02808,13,28080.91,2160.07,0
2025-03-19,ST14,SKU03101,2,1965.68,982.84,0
2025-03-19,ST15,SKU02419,15,24121.65,1608.11,0
2025-03-19,ST16,SKU01066,10,7396.0,739.6,1
2025-03-19,ST17,SKU02398,19,40369.87,2124.73,1
2025-03-19,ST18,SKU04473,17,36683.45,2157.85,0
2025-03-19,ST20,SKU03535,25,50794.25,2031.77,0
2025-03-19,ST20,SKU04143,9,19825.92,2202.88,1
2025-03-19,ST21,SKU00211,12,20449.8,1704.15,0
2025-03-19,ST21,SKU01718,3,1772.4,590.8,0
2025-03-19,ST21,SKU02855,21,34014.33,1619.73,1
2025-03-19,ST22,SKU04010,18,26805.6,1489.2,0
2025-03-19,ST22,SKU04854,13,23497.37,1807.49,0
2025-03-19,ST24,SKU04463,18,43543.08,2419.06,0
2025-03-19,ST25,SKU02513,6,4231.02,705.17,0
2025-03-19,ST28,SKU00695,9,821.43,91.27,0
2025-03-19,ST29,SKU00323,27,22187.52,821.76,1
2025-03-19,ST29,SKU01708,5,2261.95,452.39,0
2025-03-19,ST30,SKU01297,3,3134.91,1044.97,0
2025-03-19,ST30,SKU03526,13,20829.12,1602.24,0
2025-03-20,ST02,SKU04047,1,1450.58,1450.58,0
2025-03-20,ST02,SKU04691,13,16652.61,1280.97,1
2025-03-20,ST03,SKU00002,30,37770.6,1259.02,0
2025-03-20,ST03,SKU04542,11,5081.67,461.97,0
2025-03-20,ST05,SKU02386,20,30502.4,1525.12,0
2025-03-20,ST08,SKU04685,6,6531.18,1088.53,0
2025-03-20,ST10,SKU00469,6,6205.92,1034.32,0
2025-03-20,ST10,SKU01521,4,802.48,200.62,0
2025-03-20,ST10,SKU04007,6,10305.96,1717.66,0
2025-03-20,ST13,SKU00939,14,22825.6,1630.4,0
2025-03-20,ST13,SKU01484,26,40782.56,1568.56,0
2025-03-20,ST13,SKU02903,24,1533.6,63.9,1
2025-03-20,ST13,SKU04551,8,3717.44,464.68,1
2025-03-20,ST14,SKU01584,9,16435.53,1826.17,0
2025-03-20,ST15,SKU02135,7,3599.61,514.23,1
2025-03-20,ST15,SKU03639,4,908.88,227.22,0
2025-03-20,ST16,SKU00918,7,381.71,54.53,0
2025-03-20,ST17,SKU00816,19,2139.97,112.63,0
2025-03-20,ST17,SKU04289,14,29936.2,2138.3,0
2025-03-20,ST17,SKU04429,30,68211.0,2273.7,0
2025-03-20,ST18,SKU04775,9,6937.65,770.85,0
2025-03-20,ST19,SKU01403,13,10186.28,783.56,1
2025-03-20,ST19,SKU02460,11,26319.92,2392.72,0
2025-03-20,ST21,SKU04264,30,71527.5,2384.25,1
2025-03-20,ST22,SKU00502,2,964.44,482.22,0
2025-03-20,ST22,SKU02888,4,1580.88,395.22,0
2025-03-20,ST22,SKU03527,2,253.14,126.57,0
2025-03-20,ST23,SKU02775,7,5499.27,785.61,0
2025-03-20,ST24,SKU02241,3,4967.34,1655.78,0
2025-03-20,ST25,SKU01378,18,44948.16,2497.12,0
2025-03-20,ST25,SKU02918,7,4465.02,637.86,0
2025-03-20,ST25,SKU04983,7,7862.54,1123.22,1
2025-03-20,ST27,SKU00823,21,32721.78,1558.18,1
2025-03-20,ST27,SKU02939,5,1836.1,367.22,1
2025-03-20,ST28,SKU00176,9,12851.01,1427.89,1
2025-03-20,ST30,SKU04081,4,2449.48,612.37,0
2025-03-21,ST01,SKU02319,4,7202.92,1800.73,0
2025-03-21,ST02,SKU03194,34,5092.18,149.77,0
2025-03-21,ST04,SKU01466,26,24202.36,930.86,0
2025-03-21,ST05,SKU00964,8,11355.52,1419.44,0
2025-03-21,ST06,SKU00417,7,514.01,73.43,0
2025-03-21,ST06,SKU02642,15,6733.65,448.91,0
2025-03-21,ST07,SKU04977,12,10483.08,873.59,0
2025-03-21,ST08,SKU04327,3,7473.18,2491.06,0
2025-03-21,ST09,SKU01065,15,31251.6,2083.44,0
2025-03-21,ST09,SKU02561,13,20289.23,1560.71,0
2025-03-21,ST09,SKU04797,34,21494.12,632.18,1
2025-03-21,ST10,SKU00680,11,1313.29,119.39,1
2025-03-21,ST10,SKU04987,6,6699.96,1116.66,0
2025-03-21,ST11,SKU02940,7,534.17,76.31,0
2025-03-21,ST12,SKU01415,4,6871.64,1717.91,0
2025-03-21,ST12,SKU03406,4,1198.4,299.6,0
2025-03-21,ST14,SKU00874,4,9010.24,2252.56,1
2025-03-21,ST17,SKU01357,21,48527.22,2310.82,0
2025-03-21,ST19,SKU00595,12,10871.4,905.95,0
2025-03-21,ST20,SKU01747,11,15524.63,1411.33,0
2025-03-21,ST26,SKU00862,33,54492.9,1651.3,1
2025-03-21,ST26,SKU01281,6,7221.72,1203.62,0
2025-03-21,ST26,SKU03081,31,53727.34,1733.14,0
2025-03-21,ST28,SKU00292,10,22559.3,2255.93,0
2025-03-21,ST30,SKU00185,13,26748.67,2057.59,0
2025-03-22,ST01,SKU00638,6,826.56,137.76,0
2025-03-22,ST02,SKU03627,24,48540.24,2022.51,0
2025-03-22,ST03,SKU03167,9,17941.05,1993.45,1
2025-03-22,ST04,SKU00019,3,6774.63,2258.21,1
2025-03-22,ST04,SKU03362,6,2443.56,407.26,0
2025-03-22,ST05,SKU02856,17,4320.55,254.15,0
2025-03-22,ST07,SKU01008,19,17360.68,913.72,0
2025-03-22,ST07,SKU01636,3,1228.8,409.6,0
2025-03-22,ST07,SKU03844,19,41148.87,2165.73,0
2025-03-22,ST09,SKU03972,9,13825.8,1536.2,0
2025-03-22,ST10,SKU01992,12,8550.6,712.55,0
2025-03-22,ST14,SKU01899,6,457.32,76.22,1
2025-03-22,ST15,SKU02053,7,3789.66,541.38,0
2025-03-22,ST18,SKU02373,5,9195.9,1839.18,0
2025-03-22,ST18,SKU03597,13,12279.02,944.54,0
2025-03-22,ST19,SKU03259,7,13397.93,1913.99,0
2025-03-22,ST19,SKU03832,16,8496.8,531.05,0
2025-03-22,ST20,SKU03271,4,3953.2,988.3,0
2025-03-22,ST21,SKU00358,8,16874.96,2109.37,0
2025-03-22,ST21,SKU03937,4,9962.72,2490.68,0
2025-03-22,ST22,SKU03933,30,51617.1,1720.57,0
2025-03-22,ST23,SKU00763,12,9131.64,760.97,0
2025-03-22,ST24,SKU00229,10,22169.6,2216.96,1
2025-03-22,ST24,SKU02712,32,50319.36,1572.48,0
2025-03-22,ST24,SKU03620,10,874.4,87.44,1
2025-03-22,ST26,SKU00671,30,40857.6,1361.92,0
2025-03-22,ST26,SKU02659,4,2165.2,541.3,0
2025-03-22,ST28,SKU01028,3,6894.63,2298.21,0
2025-03-22,ST29,SKU02454,14,25922.4,1851.6,1
2025-03-22,ST30,SKU00237,6,4479.66,746.61,0
2025-03-22,ST30,SKU02815,10,6283.6,628.36,0
2025-03-23,ST01,SKU04576,4,786.48,196.62,0
2025-03-23,ST02,SKU04834,26,60771.62,2337.37,1
2025-03-23,ST03,SKU00421,2,172.92,86.46,0
2025-03-23,ST05,SKU00117,5,5375.85,1075.17,1
2025-03-23,ST07,SKU02138,5,10961.9,2192.38,0
2025-03-23,ST08,SKU02638,5,9421.3,1884.26,1
2025-03-23,ST09,SKU00133,17,24356.75,1432.75,0
2025-03-23,ST09,SKU01714,3,4047.3,1349.1,0
2025-03-23,ST10,SKU00243,16,38550.4,2409.4,0
2025-03-23,ST12,SKU00819,5,4157.25,831.45,0
2025-03-23,ST13,SKU00586,7,2702.63,386.09,1
2025-03-23,ST15,SKU01051,40,71586.8,1789.67,0
2025-03-23,ST15,SKU02583,18,44901.54,2494.53,1
2025-03-23,ST15,SKU04862,8,17213.36,2151.67,0
2025-03-23,ST16,SKU02588,11,19840.26,1803.66,0
2025-03-23,ST17,SKU04373,13,16065.4,1235.8,0
2025-03-23,ST18,SKU00496,8,7292.48,911.56,0
2025-03-23,ST19,SKU03579,7,13586.3,1940.9,1
2025-03-23,ST21,SKU04347,4,8144.88,2036.22,0
2025-03-23,ST22,SKU01223,3,3355.23,1118.41,0
2025-03-23,ST23,SKU00703,41,12144.2,296.2,0
2025-03-23,ST27,SKU00281,0,0.0,2046.73,0
2025-03-23,ST27,SKU04350,4,7194.32,1798.58,1
2025-03-24,ST01,SKU01223,32,35789.12,1118.41,0
2025-03-24,ST01,SKU02715,4,5715.24,1428.81,0
2025-03-24,ST01,SKU04504,8,13737.68,1717.21,0
2025-03-24,ST05,SKU04437,8,4603.92,575.49,1
2025-03-24,ST05,SKU04996,20,33869.4,1693.47,0
2025-03-24,ST07,SKU00925,16,27658.4,1728.65,0
2025-03-24,ST07,SKU04284,12,20864.4,1738.7,0
2025-03-24,ST08,SKU02467,19,10845.96,570.84,1
2025-03-24,ST08,SKU03039,9,20886.21,2320.69,0
2025-03-24,ST09,SKU04240,10,17782.0,1778.2,0
2025-03-24,ST12,SKU01471,12,28463.76,2371.98,1
2025-03-24,ST12,SKU01570,4,7099.32,1774.83,0
2025-03-24,ST12,SKU02703,18,18698.22,1038.79,0
2025-03-24,ST15,SKU01430,5,10442.1,2088.42,1
2025-03-24,ST16,SKU01798,13,15048.67,1157.59,1
2025-03-24,ST18,SKU03342,10,18473.8,1847.38,0
2025-03-24,ST18,SKU03885,4,1768.44,442.11,0
2025-03-24,ST20,SKU02235,11,14519.34,1319.94,0
2025-03-24,ST20,SKU03226,20,1724.2,86.21,1
2025-03-24,ST20,SKU04708,11,10097.12,917.92,1
2025-03-24,ST21,SKU00061,4,1929.36,482.34,1
2025-03-24,ST22,SKU00923,14,30293.2,2163.8,0
2025-03-24,ST22,SKU02154,3,4183.62,1394.54,0
2025-03-24,ST22,SKU04971,5,9530.05,1906.01,0
2025-03-24,ST23,SKU04983,16,17971.52,1123.22,0
2025-03-24,ST25,SKU02786,19,39757.88,2092.52,0
2025-03-24,ST26,SKU03521,20,7304.8,365.24,0
2025-03-24,ST26,SKU04301,21,48454.35,2307.35,0
2025-03-24,ST28,SKU00759,15,37261.2,2484.08,0
2025-03-24,ST29,SKU02062,10,22078.0,2207.8,0
2025-03-24,ST30,SKU04192,6,14121.6,2353.6,0
2025-03-25,ST01,SKU00196,11,4602.84,418.44,0
2025-03-25,ST01,SKU00839,22,33551.1,1525.05,0
2025-03-25,ST01,SKU00997,5,5731.45,1146.29,0
2025-03-25,ST01,SKU01594,8,6857.6,857.2,1
2025-03-25,ST01,SKU04929,20,26504.2,1325.21,0
2025-03-25,ST01,SKU04962,22,13205.72,600.26,0
2025-03-25,ST02,SKU00246,27,39819.87,1474.81,0
2025-03-25,ST02,SKU00526,4,5191.32,1297.83,0
2025-03-25,ST02,SKU02073,8,11136.64,1392.08,0
2025-03-25,ST02,SKU02080,10,10866.2,1086.62,0
2025-03-25,ST02,SKU03422,2,3370.46,1685.23,0
2025-03-25,ST03,SKU01595,1,485.92,485.92,0
2025-03-25,ST04,SKU01881,3,2251.05,750.35,0
2025-03-25,ST06,SKU00444,8,10517.76,1314.72,0
2025-03-25,ST06,SKU03858,10,17939.5,1793.95,0
2025-03-25,ST06,SKU04904,4,6264.2,1566.05,0
2025-03-25,ST07,SKU01132,17,17893.01,1052.53,0
2025-03-25,ST07,SKU01587,18,23186.16,1288.12,0
2025-03-25,ST09,SKU00249,19,8101.98,426.42,1
2025-03-25,ST09,SKU00976,2,472.08,236.04,0
2025-03-25,ST09,SKU01011,14,8501.64,607.26,0
2025-03-25,ST10,SKU01152,15,17481.75,1165.45,0
2025-03-25,ST12,SKU04792,0,0.0,2129.09,0
2025-03-25,ST13,SKU02627,8,15916.4,1989.55,0
2025-03-25,ST16,SKU00570,15,10873.2,724.88,0
2025-03-25,ST16,SKU04138,10,17746.5,1774.65,0
2025-03-25,ST16,SKU04866,9,20761.83,2306.87,0
2025-03-25,ST17,SKU02268,6,453.06,75.51,0
2025-03-25,ST17,SKU04546,14,20168.4,1440.6,0
2025-03-25,ST19,SKU03647,9,4617.09,513.01,1
2025-03-25,ST19,SKU04760,12,17338.32,1444.86,0
2025-03-25,ST20,SKU00190,3,2547.27,849.09,0
2025-03-25,ST20,SKU02116,0,0.0,2411.59,1
2025-03-25,ST20,SKU04041,7,8032.71,1147.53,0
2025-03-25,ST21,SKU00189,7,5973.45,853.35,0
2025-03-25,ST21,SKU00522,7,11229.68,1604.24,0
2025-03-25,ST21,SKU02815,25,15709.0,628.36,0
2025-03-25,ST22,SKU04410,10,11174.5,1117.45,0
2025-03-25,ST23,SKU00131,25,31921.25,1276.85,0
2025-03-25,ST24,SKU00625,4,6323.6,1580.9,0
2025-03-25,ST24,SKU03252,8,17430.32,2178.79,0
2025-03-25,ST24,SKU03276,6,2898.24,483.04,0
2025-03-25,ST25,SKU02784,6,6052.74,1008.79,0
2025-03-25,ST26,SKU01966,24,1941.84,80.91,0
2025-03-26,ST01,SKU00161,11,10429.87,948.17,0
2025-03-26,ST01,SKU00793,7,12128.9,1732.7,0
2025-03-26,ST02,SKU04467,14,11006.8,786.2,0
2025-03-26,ST03,SKU00820,25,32914.0,1316.56,0
2025-03-26,ST04,SKU02420,23,18935.44,823.28,1
2025-03-26,ST04,SKU04389,13,4823.13,371.01,0
2025-03-26,ST05,SKU01809,8,18747.04,2343.38,0
2025-03-26,ST05,SKU03441,14,19976.88,1426.92,0
2025-03-26,ST05,SKU03563,5,7611.25,1522.25,0
2025-03-26,ST06,SKU01095,16,3972.64,248.29,1
2025-03-26,ST06,SKU04963,5,8175.85,1635.17,0
2025-03-26,ST07,SKU01878,12,6939.12,578.26,0
2025-03-26,ST08,SKU03448,15,5789.55,385.97,0
2025-03-26,ST09,SKU01845,28,8541.68,305.06,1
2025-03-26,ST11,SKU04955,9,5127.93,569.77,0
2025-03-26,ST12,SKU02102,26,5804.76,223.26,1
2025-03-26,ST15,SKU03875,10,2232.1,223.21,0
2025-03-26,ST16,SKU01106,7,15261.4,2180.2,0
2025-03-26,ST16,SKU02784,51,51448.29,1008.79,0
2025-03-26,ST18,SKU00610,17,22109.18,1300.54,0
2025-03-26,ST18,SKU04691,15,19214.55,1280.97,0
2025-03-26,ST20,SKU02769,7,7616.98,1088.14,0
2025-03-26,ST21,SKU00887,4,1187.48,296.87,0
2025-03-26,ST23,SKU03522,17,23578.49,1386.97,1
2025-03-26,ST26,SKU00114,6,1261.56,210.26,1
2025-03-26,ST26,SKU03440,4,1180.92,295.23,0
2025-03-26,ST27,SKU04989,20,3499.4,174.97,0
2025-03-26,ST28,SKU02363,12,1939.56,161.63,0
2025-03-26,ST28,SKU03041,28,20027.0,715.25,1
2025-03-26,ST30,SKU02032,8,7261.6,907.7,0
2025-03-26,ST30,SKU03057,7,14426.02,2060.86,0
2025-03-27,ST01,SKU02924,3,2997.24,999.08,0
2025-03-27,ST01,SKU04230,7,10104.29,1443.47,0
2025-03-27,ST02,SKU03224,17,3000.67,176.51,0
2025-03-27,ST04,SKU00858,24,23149.68,964.57,1
2025-03-27,ST04,SKU02151,13,12347.53,949.81,0
2025-03-27,ST05,SKU00272,3,4710.99,1570.33,0
2025-03-27,ST05,SKU00952,31,33866.88,1092.48,0
2025-03-27,ST05,SKU01320,11,5959.03,541.73,0
2025-03-27,ST07,SKU01435,14,32220.3,2301.45,0
2025-03-27,ST07,SKU04142,14,24336.06,1738.29,0
2025-03-27,ST08,SKU00391,11,15493.61,1408.51,0
2025-03-27,ST10,SKU01699,11,2674.43,243.13,1
2025-03-27,ST11,SKU00795,14,25291.28,1806.52,0
2025-03-27,ST11,SKU03422,14,23593.22,1685.23,0
2025-03-27,ST12,SKU02620,15,30698.25,2046.55,0
2025-03-27,ST13,SKU00442,9,20438.64,2270.96,0
2025-03-27,ST14,SKU00205,7,15092.42,2156.06,0
2025-03-27,ST15,SKU00812,25,6952.75,278.11,0
2025-03-27,ST15,SKU00876,8,12980.16,1622.52,0
2025-03-27,ST15,SKU02770,6,9878.1,1646.35,1
2025-03-27,ST16,SKU02871,21,32119.5,1529.5,0
2025-03-27,ST17,SKU01059,13,6750.77,519.29,0
2025-03-27,ST18,SKU01590,6,4599.06,766.51,1
2025-03-27,ST18,SKU02787,4,1375.68,343.92,0
2025-03-27,ST18,SKU03229,2,1757.6,878.8,0
2025-03-27,ST18,SKU04198,9,16940.7,1882.3,0
2025-03-27,ST19,SKU01426,10,3587.6,358.76,0
2025-03-27,ST20,SKU01468,8,7812.88,976.61,0
2025-03-27,ST20,SKU04080,30,55239.0,1841.3,0
2025-03-27,ST20,SKU04992,11,23730.96,2157.36,0
2025-03-27,ST21,SKU00509,10,15242.8,1524.28,0
2025-03-27,ST21,SKU03509,20,25916.8,1295.84,1
2025-03-27,ST24,SKU04032,8,19744.64,2468.08,0
2025-03-27,ST25,SKU02005,12,14434.8,1202.9,0
2025-03-27,ST25,SKU02773,11,7817.59,710.69,0
2025-03-27,ST25,SKU04196,13,24247.08,1865.16,0
2025-03-27,ST28,SKU01455,26,58216.6,2239.1,0
2025-03-27,ST29,SKU00406,4,3714.52,928.63,0
2025-03-27,ST30,SKU04483,22,48024.02,2182.91,0
2025-03-28,ST01,SKU00605,42,55638.66,1324.73,1
2025-03-28,ST02,SKU01078,6,3362.1,560.35,0
2025-03-28,ST02,SKU03924,12,27978.96,2331.58,0
2025-03-28,ST03,SKU01848,18,35116.2,1950.9,1
2025-03-28,ST03,SKU03062,4,7370.04,1842.51,0
2025-03-28,ST03,SKU04628,5,9182.5,1836.5,0
2025-03-28,ST04,SKU00347,0,0.0,736.25,0
2025-03-28,ST05,SKU00272,6,9421.98,1570.33,0
2025-03-28,ST05,SKU03236,4,3626.6,906.65,0
2025-03-28,ST06,SKU02991,14,10428.74,744.91,1
2025-03-28,ST06,SKU04615,14,14752.08,1053.72,0
2025-03-28,ST08,SKU01187,6,2877.84,479.64,0
2025-03-28,ST08,SKU01335,13,29058.25,2235.25,1
2025-03-28,ST11,SKU00254,5,8964.2,1792.84,0
2025-03-28,ST11,SKU04795,14,7006.3,500.45,1
2025-03-28,ST12,SKU02437,26,57094.18,2195.93,0
2025-03-28,ST12,SKU03962,15,18540.6,1236.04,0
2025-03-28,ST12,SKU04097,3,2152.05,717.35,0
2025-03-28,ST13,SKU02313,18,40169.52,2231.64,0
2025-03-28,ST13,SKU02483,15,1695.9,113.06,0
2025-03-28,ST13,SKU02888,22,8694.84,395.22,0
2025-03-28,ST13,SKU04904,1,1566.05,1566.05,0
2025-03-28,ST14,SKU02636,18,43210.26,2400.57,0
2025-03-28,ST15,SKU04425,26,41649.66,1601.91,0
2025-03-28,ST16,SKU01812,5,11509.95,2301.99,0
2025-03-28,ST19,SKU04962,4,2401.04,600.26,1
2025-03-28,ST21,SKU00574,17,42129.06,2478.18,0
2025-03-28,ST23,SKU00302,0,0.0,594.62,0
2025-03-28,ST23,SKU04673,23,10589.89,460.43,0
2025-03-28,ST24,SKU02499,10,24091.3,2409.13,1
2025-03-28,ST24,SKU02840,4,7897.72,1974.43,0
2025-03-28,ST25,SKU00046,5,8327.0,1665.4,1
2025-03-28,ST25,SKU04073,5,293.7,58.74,0
2025-03-28,ST25,SKU04091,9,16172.37,1796.93,0
2025-03-28,ST26,SKU03462,12,23571.24,1964.27,0
2025-03-28,ST26,SKU03724,12,21307.44,1775.62,0
2025-03-28,ST26,SKU03829,27,53715.96,1989.48,0
2025-03-28,ST27,SKU03953,16,31453.76,1965.86,0
2025-03-28,ST28,SKU00268,12,9964.56,830.38,0
2025-03-28,ST28,SKU00413,17,6708.37,394.61,0
2025-03-28,ST29,SKU01863,23,27930.97,1214.39,1
2025-03-29,ST01,SKU00303,6,10182.96,1697.16,0
2025-03-29,ST01,SKU01695,0,0.0,528.72,0
2025-03-29,ST01,SKU03559,39,71940.18,1844.62,0
2025-03-29,ST02,SKU02115,22,3413.3,155.15,1
2025-03-29,ST02,SKU02639,19,45131.46,2375.34,1
2025-03-29,ST03,SKU00998,12,20026.44,1668.87,0
2025-03-29,ST05,SKU03528,16,38666.72,2416.67,0
2025-03-29,ST05,SKU04664,1,2344.67,2344.67,0
2025-03-29,ST07,SKU00269,16,30233.92,1889.62,1
2025-03-29,ST07,SKU01511,10,19254.7,1925.47,0
2025-03-29,ST07,SKU02661,9,16733.88,1859.32,0
2025-03-29,ST07,SKU04209,40,25622.0,640.55,0
2025-03-29,ST09,SKU03589,25,20265.25,810.61,0
2025-03-29,ST10,SKU02099,20,32877.4,1643.87,0
2025-03-29,ST11,SKU03326,10,7306.7,730.67,0
2025-03-29,ST14,SKU03691,51,61476.42,1205.42,0
2025-03-29,ST15,SKU03472,17,27188.1,1599.3,0
2025-03-29,ST16,SKU04106,8,16734.88,2091.86,0
2025-03-29,ST17,SKU01108,8,16891.84,2111.48,0
2025-03-29,ST18,SKU00326,40,58580.8,1464.52,0
2025-03-29,ST18,SKU01491,21,35327.67,1682.27,0
2025-03-29,ST19,SKU00216,16,827.04,51.69,0
2025-03-29,ST19,SKU03684,13,3290.3,253.1,0
2025-03-29,ST20,SKU00384,17,10154.44,597.32,0
2025-03-29,ST20,SKU04553,0,0.0,621.47,0
2025-03-29,ST21,SKU04893,13,27191.45,2091.65,0
2025-03-29,ST22,SKU01868,31,73328.95,2365.45,0
2025-03-29,ST23,SKU03572,12,17504.28,1458.69,0
2025-03-29,ST23,SKU04226,12,22591.32,1882.61,0
2025-03-29,ST26,SKU01674,6,12303.48,2050.58,0
2025-03-29,ST26,SKU02972,2,4609.48,2304.74,0
2025-03-29,ST27,SKU02666,10,13086.0,1308.6,0
2025-03-29,ST28,SKU02254,8,10072.16,1259.02,0
2025-03-29,ST28,SKU03829,27,53715.96,1989.48,0
2025-03-29,ST29,SKU00004,9,7343.55,815.95,0
2025-03-29,ST30,SKU00252,10,4430.1,443.01,0
2025-03-29,ST30,SKU01238,3,4186.86,1395.62,0
2025-03-29,ST30,SKU03678,0,0.0,2345.62,0
2025-03-30,ST01,SKU04944,5,8491.05,1698.21,0
2025-03-30,ST03,SKU00757,7,5012.63,716.09,0
2025-03-30,ST03,SKU02111,7,13819.89,1974.27,0
2025-03-30,ST03,SKU04036,16,23918.08,1494.88,0
2025-03-30,ST04,SKU00372,5,9301.15,1860.23,1
2025-03-30,ST05,SKU02648,13,2351.05,180.85,0
2025-03-30,ST05,SKU03266,15,6764.85,450.99,1
2025-03-30,ST08,SKU00677,0,0.0,1845.03,0
2025-03-30,ST09,SKU00726,27,62591.13,2318.19,1
2025-03-30,ST10,SKU04024,9,2507.85,278.65,0
2025-03-30,ST11,SKU01633,5,5153.35,1030.67,0
2025-03-30,ST11,SKU03027,20,33625.2,1681.26,1
2025-03-30,ST12,SKU03583,10,7767.3,776.73,0
2025-03-30,ST12,SKU03623,27,23280.21,862.23,0
2025-03-30,ST13,SKU00926,2,1964.68,982.34,0
2025-03-30,ST14,SKU04305,3,1363.86,454.62,0
2025-03-30,ST15,SKU02095,18,23895.18,1327.51,0
2025-03-30,ST16,SKU03288,14,17342.64,1238.76,0
2025-03-30,ST16,SKU03402,13,7282.47,560.19,0
2025-03-30,ST17,SKU01450,8,4420.32,552.54,1
2025-03-30,ST17,SKU01611,8,13344.24,1668.03,1
2025-03-30,ST17,SKU03131,9,8313.48,923.72,0
2025-03-30,ST18,SKU04564,3,7487.79,2495.93,1
2025-03-30,ST19,SKU04437,10,5754.9,575.49,1
2025-03-30,ST21,SKU02088,9,2493.36,277.04,0
2025-03-30,ST23,SKU00579,12,6894.48,574.54,1
2025-03-30,ST26,SKU02562,6,9313.38,1552.23,0
2025-03-30,ST26,SKU02988,4,223.0,55.75,0
2025-03-30,ST26,SKU03319,6,9117.12,1519.52,0
2025-03-30,ST29,SKU00426,2,276.54,138.27,0
2025-03-30,ST29,SKU00823,15,23372.7,1558.18,0
2025-03-30,ST29,SKU02434,6,7581.12,1263.52,0
2025-03-30,ST29,SKU04546,14,20168.4,1440.6,0
2025-03-30,ST30,SKU03648,39,65762.19,1686.21,1
2025-03-31,ST04,SKU02742,8,9297.92,1162.24,0
2025-03-31,ST05,SKU03591,4,2482.64,620.66,0
2025-03-31,ST06,SKU01411,3,7126.89,2375.63,0
2025-03-31,ST06,SKU01797,15,18793.05,1252.87,0
2025-03-31,ST08,SKU03625,14,8369.2,597.8,0
2025-03-31,ST09,SKU03941,5,7275.8,1455.16,0
2025-03-31,ST09,SKU04844,14,29854.86,2132.49,0
2025-03-31,ST11,SKU00249,15,6396.3,426.42,0
2025-03-31,ST11,SKU02690,12,29365.08,2447.09,0
2025-03-31,ST13,SKU01254,27,42344.37,1568.31,0
2025-03-31,ST14,SKU01795,9,10065.51,1118.39,0
2025-03-31,ST14,SKU03784,36,63144.72,1754.02,0
2025-03-31,ST16,SKU02190,10,6979.4,697.94,0
2025-03-31,ST16,SKU04532,18,42335.28,2351.96,0
2025-03-31,ST17,SKU00941,17,30067.39,1768.67,0
2025-03-31,ST17,SKU02604,13,27468.35,2112.95,0
2025-03-31,ST21,SKU04025,23,12306.38,535.06,0
2025-03-31,ST22,SKU04935,9,2611.71,290.19,0
2025-03-31,ST24,SKU00379,8,5802.16,725.27,0
2025-03-31,ST24,SKU01702,14,13416.76,958.34,0
2025-03-31,ST24,SKU02712,19,29877.12,1572.48,1
2025-03-31,ST24,SKU02803,21,52475.64,2498.84,0
2025-03-31,ST26,SKU00425,10,18184.4,1818.44,0
2025-03-31,ST27,SKU01885,4,8977.88,2244.47,0
2025-03-31,ST27,SKU04270,17,31618.81,1859.93,0
2025-03-31,ST27,SKU04785,3,6795.75,2265.25,0
2025-03-31,ST28,SKU02450,13,30853.81,2373.37,0
2025-03-31,ST29,SKU02980,29,66818.61,2304.09,0
2025-03-31,ST29,SKU04846,16,28908.96,1806.81,0
2025-03-31,ST30,SKU00615,13,7119.58,547.66,0
2025-04-01,ST04,SKU02391,10,1196.1,119.61,0
2025-04-01,ST04,SKU04803,12,21279.6,1773.3,0
2025-04-01,ST06,SKU01070,10,11634.3,1163.43,0
2025-04-01,ST06,SKU02753,4,7826.6,1956.65,1
2025-04-01,ST07,SKU00969,33,57879.36,1753.92,0
2025-04-01,ST09,SKU02566,14,5286.54,377.61,0
2025-04-01,ST09,SKU03761,15,11789.25,785.95,0
2025-04-01,ST10,SKU03098,9,8902.89,989.21,0
2025-04-01,ST10,SKU04037,26,50397.1,1938.35,1
2025-04-01,ST11,SKU04302,32,78432.96,2451.03,1
2025-04-01,ST13,SKU03338,9,8540.73,948.97,0
2025-04-01,ST15,SKU04855,9,16990.38,1887.82,0
2025-04-01,ST16,SKU02114,7,7544.25,1077.75,0
2025-04-01,ST16,SKU04353,24,1740.0,72.5,0
2025-04-01,ST18,SKU01730,11,18166.72,1651.52,0
2025-04-01,ST18,SKU01789,6,8519.46,1419.91,0
2025-04-01,ST18,SKU02959,1,2325.6,2325.6,0
2025-04-01,ST19,SKU02372,26,28131.74,1081.99,0
2025-04-01,ST19,SKU03497,4,5640.96,1410.24,0
2025-04-01,ST20,SKU01739,16,26126.24,1632.89,1
2025-04-01,ST20,SKU01814,18,39493.26,2194.07,1
2025-04-01,ST21,SKU00555,13,8574.28,659.56,0
2025-04-01,ST22,SKU01448,4,7713.2,1928.3,0
2025-04-01,ST23,SKU01723,25,27695.25,1107.81,0
2025-04-01,ST24,SKU01337,8,2370.0,296.25,0
2025-04-01,ST24,SKU02538,16,37923.52,2370.22,0
2025-04-01,ST25,SKU00361,32,70895.04,2215.47,0
2025-04-01,ST25,SKU00980,14,24994.9,1785.35,1
2025-04-01,ST26,SKU00955,19,31258.8,1645.2,0
2025-04-01,ST27,SKU02465,4,3756.68,939.17,0
2025-04-01,ST29,SKU00846,13,32258.2,2481.4,0
2025-04-01,ST29,SKU01334,15,4855.2,323.68,0
2025-04-01,ST30,SKU05000,10,1503.9,150.39,0
2025-04-02,ST02,SKU04311,6,9538.56,1589.76,0
2025-04-02,ST03,SKU04169,24,43579.92,1815.83,0
2025-04-02,ST04,SKU00453,7,16608.76,2372.68,0
2025-04-02,ST04,SKU01410,28,46907.84,1675.28,0
2025-04-02,ST05,SKU04133,9,17922.87,1991.43,1
2025-04-02,ST07,SKU01886,1,262.08,262.08,0
2025-04-02,ST07,SKU02530,4,2021.44,505.36,0
2025-04-02,ST08,SKU00263,23,2215.13,96.31,0
2025-04-02,ST08,SKU01729,5,6763.1,1352.62,0
2025-04-02,ST08,SKU03282,16,31271.68,1954.48,0
2025-04-02,ST08,SKU03839,13,14001.52,1077.04,0
2025-04-02,ST08,SKU04847,2,3619.2,1809.6,0
2025-04-02,ST10,SKU03861,14,30038.68,2145.62,0
2025-04-02,ST10,SKU04243,12,4041.48,336.79,0
2025-04-02,ST11,SKU01217,16,23196.32,1449.77,1
2025-04-02,ST12,SKU03185,23,32448.17,1410.79,1
2025-04-02,ST13,SKU02265,24,17800.08,741.67,0
2025-04-02,ST13,SKU03758,12,16048.2,1337.35,0
2025-04-02,ST14,SKU00924,21,43373.19,2065.39,0
2025-04-02,ST16,SKU01228,23,8924.46,388.02,0
2025-04-02,ST16,SKU01424,19,16130.62,848.98,0
2025-04-02,ST16,SKU01905,1,2239.16,2239.16,0
2025-04-02,ST16,SKU02808,3,6480.21,2160.07,0
2025-04-02,ST17,SKU00182,9,22012.11,2445.79,0
2025-04-02,ST17,SKU03225,12,11201.04,933.42,0
2025-04-02,ST17,SKU03316,19,17255.8,908.2,0
2025-04-02,ST17,SKU04764,16,15390.88,961.93,0
2025-04-02,ST18,SKU03137,7,5810.7,830.1,0
2025-04-02,ST20,SKU03188,22,51344.04,2333.82,1
2025-04-02,ST21,SKU02678,17,39524.32,2324.96,0
2025-04-02,ST22,SKU01163,13,2997.28,230.56,1
2025-04-02,ST24,SKU00414,7,7714.77,1102.11,0
2025-04-02,ST24,SKU00974,21,25159.68,1198.08,0
2025-04-02,ST24,SKU01246,16,16047.52,1002.97,0
2025-04-02,ST24,SKU02069,12,7919.04,659.92,0
2025-04-02,ST25,SKU02039,3,5994.87,1998.29,0
2025-04-02,ST25,SKU04405,20,9754.0,487.7,0
2025-04-02,ST26,SKU01549,50,78720.0,1574.4,1
2025-04-02,ST26,SKU01700,12,3564.24,297.02,0
2025-04-02,ST26,SKU02203,8,17338.48,2167.31,0
2025-04-02,ST26,SKU02809,2,4395.54,2197.77,1
2025-04-02,ST27,SKU00213,13,15039.83,1156.91,0
2025-04-02,ST28,SKU01893,20,38655.8,1932.79,1
2025-04-02,ST29,SKU04510,12,12947.64,1078.97,0
2025-04-02,ST29,SKU04604,49,116794.44,2383.56,0
2025-04-02,ST30,SKU01461,6,1172.34,195.39,0
2025-04-03,ST02,SKU02028,5,9387.35,1877.47,0
2025-04-03,ST02,SKU04823,38,56160.96,1477.92,0
2025-04-03,ST03,SKU03518,30,30727.5,1024.25,0
2025-04-03,ST06,SKU04620,13,26829.27,2063.79,0
2025-04-03,ST06,SKU04889,8,15163.28,1895.41,0
2025-04-03,ST07,SKU02169,3,5427.12,1809.04,0
2025-04-03,ST07,SKU03693,18,36471.24,2026.18,1
2025-04-03,ST08,SKU00918,7,381.71,54.53,0
2025-04-03,ST09,SKU00124,13,27429.61,2109.97,0
2025-04-03,ST09,SKU00529,11,25992.01,2362.91,0
2025-04-03,ST09,SKU00788,35,62870.85,1796.31,0
2025-04-03,ST09,SKU02636,9,21605.13,2400.57,0
2025-04-03,ST10,SKU01385,3,2887.92,962.64,0
2025-04-03,ST10,SKU02375,14,27931.54,1995.11,0
2025-04-03,ST14,SKU03858,21,37672.95,1793.95,1
2025-04-03,ST17,SKU02813,0,0.0,1469.75,0
2025-04-03,ST18,SKU03443,8,1590.72,198.84,0
2025-04-03,ST19,SKU01443,4,6505.28,1626.32,0
2025-04-03,ST20,SKU00892,7,13648.46,1949.78,0
2025-04-03,ST20,SKU01206,28,44979.48,1606.41,0
2025-04-03,ST22,SKU01604,20,48050.4,2402.52,0
2025-04-03,ST23,SKU01462,17,13938.3,819.9,1
2025-04-03,ST25,SKU00910,8,5646.0,705.75,0
2025-04-03,ST25,SKU01670,9,2919.24,324.36,0
2025-04-03,ST30,SKU00597,3,5049.21,1683.07,0
2025-04-03,ST30,SKU03847,52,15373.8,295.65,1
2025-04-03,ST30,SKU04520,1,116.44,116.44,0
2025-04-04,ST01,SKU04012,10,5136.8,513.68,0
2025-04-04,ST03,SKU00309,8,17382.64,2172.83,0
2025-04-04,ST03,SKU01164,6,9210.42,1535.07,0
2025-04-04,ST04,SKU00113,5,6746.55,1349.31,0
2025-04-04,ST05,SKU03154,24,44841.84,1868.41,0
2025-04-04,ST06,SKU00019,7,15807.47,2258.21,0
2025-04-04,ST07,SKU04026,23,1897.5,82.5,1
2025-04-04,ST07,SKU04218,27,16718.94,619.22,1
2025-04-04,ST12,SKU03919,4,1006.92,251.73,0
2025-04-04,ST12,SKU04273,13,915.46,70.42,0
2025-04-04,ST12,SKU04300,14,30294.74,2163.91,0
2025-04-04,ST13,SKU02705,14,8330.42,595.03,1
2025-04-04,ST16,SKU01746,5,8171.7,1634.34,0
2025-04-04,ST16,SKU02531,0,0.0,640.56,1
2025-04-04,ST16,SKU02887,27,26242.11,971.93,0
2025-04-04,ST16,SKU04424,21,42213.57,2010.17,1
2025-04-04,ST17,SKU01313,4,9973.92,2493.48,0
2025-04-04,ST19,SKU00314,4,7390.28,1847.57,0
2025-04-04,ST19,SKU00803,6,12167.22,2027.87,0
2025-04-04,ST20,SKU03821,5,6667.35,1333.47,0
2025-04-04,ST21,SKU02612,0,0.0,905.84,0
2025-04-04,ST22,SKU00880,13,9831.25,756.25,0
2025-04-04,ST22,SKU02045,37,80202.31,2167.63,0
2025-04-04,ST23,SKU04488,21,24220.14,1153.34,1
2025-04-04,ST25,SKU00258,4,3196.8,799.2,0
2025-04-04,ST25,SKU01524,7,3738.63,534.09,0
2025-04-04,ST26,SKU03257,9,16732.17,1859.13,0
2025-04-04,ST28,SKU02304,12,9924.36,827.03,0
2025-04-04,ST28,SKU04656,27,24275.7,899.1,0
2025-04-04,ST29,SKU00021,2,3382.34,1691.17,0
2025-04-04,ST29,SKU00053,1,2180.58,2180.58,0
2025-04-04,ST29,SKU04307,4,6873.48,1718.37,0
2025-04-04,ST30,SKU00298,38,13338.0,351.0,0
2025-04-04,ST30,SKU04232,19,45384.92,2388.68,0
2025-04-05,ST01,SKU01665,10,16383.1,1638.31,0
2025-04-05,ST01,SKU04893,15,31374.75,2091.65,0
2025-04-05,ST02,SKU00112,2,266.44,133.22,0
2025-04-05,ST02,SKU02063,45,34490.25,766.45,0
2025-04-05,ST02,SKU04850,27,27281.61,1010.43,0
2025-04-05,ST04,SKU01667,8,10755.28,1344.41,0
2025-04-05,ST06,SKU01458,10,6736.1,673.61,0
2025-04-05,ST06,SKU02081,56,131272.4,2344.15,1
2025-04-05,ST06,SKU04567,13,28215.46,2170.42,0
2025-04-05,ST07,SKU02969,9,14165.28,1573.92,0
2025-04-05,ST08,SKU02357,15,33077.85,2205.19,0
2025-04-05,ST08,SKU03847,14,4139.1,295.65,0
2025-04-05,ST09,SKU04412,4,2726.52,681.63,0
2025-04-05,ST09,SKU04800,37,57918.69,1565.37,0
2025-04-05,ST10,SKU01954,19,8623.72,453.88,1
2025-04-05,ST11,SKU00327,2,1401.7,700.85,0
2025-04-05,ST11,SKU03255,9,12125.7,1347.3,0
2025-04-05,ST11,SKU04705,25,51235.25,2049.41,0
2025-04-05,ST12,SKU00204,23,37544.74,1632.38,0
2025-04-05,ST12,SKU01029,7,14600.88,2085.84,0
2025-04-05,ST14,SKU02992,14,5560.38,397.17,0
2025-04-05,ST16,SKU02465,22,20661.74,939.17,1
2025-04-05,ST17,SKU01269,23,57079.33,2481.71,0
2025-04-05,ST17,SKU03104,18,5855.22,325.29,0
2025-04-05,ST17,SKU03804,22,44952.38,2043.29,0
2025-04-05,ST18,SKU01212,25,44550.25,1782.01,0
2025-04-05,ST18,SKU04308,3,795.6,265.2,0
2025-04-05,ST24,SKU01886,15,3931.2,262.08,0
2025-04-05,ST26,SKU03677,13,21055.84,1619.68,0
2025-04-05,ST26,SKU04014,12,18767.88,1563.99,0
2025-04-05,ST27,SKU01505,12,6867.84,572.32,0
2025-04-05,ST28,SKU04833,9,17191.8,1910.2,0
2025-04-06,ST01,SKU02520,14,22020.04,1572.86,0
2025-04-06,ST04,SKU03002,12,26041.32,2170.11,0
2025-04-06,ST06,SKU02973,7,15564.92,2223.56,0
2025-04-06,ST06,SKU03271,9,8894.7,988.3,0
2025-04-06,ST07,SKU02580,3,3118.02,1039.34,0
2025-04-06,ST07,SKU04131,22,29726.4,1351.2,1
2025-04-06,ST08,SKU02748,32,37831.36,1182.23,0
2025-04-06,ST09,SKU00509,8,12194.24,1524.28,0
2025-04-06,ST09,SKU00669,15,3061.2,204.08,0
2025-04-06,ST09,SKU01731,15,18958.95,1263.93,0
2025-04-06,ST10,SKU03408,21,42387.45,2018.45,0
2025-04-06,ST11,SKU01450,18,9945.72,552.54,0
2025-04-06,ST12,SKU04380,11,11805.31,1073.21,0
2025-04-06,ST13,SKU00087,1,1343.64,1343.64,0
2025-04-06,ST13,SKU02236,20,16179.0,808.95,0
2025-04-06,ST15,SKU01837,19,41583.4,2188.6,0
2025-04-06,ST15,SKU02789,13,2112.5,162.5,0
2025-04-06,ST16,SKU03339,6,11247.84,1874.64,0
2025-04-06,ST16,SKU03700,6,14194.38,2365.73,1
2025-04-06,ST16,SKU04698,16,8348.0,521.75,1
2025-04-06,ST17,SKU04227,7,2139.2,305.6,0
2025-04-06,ST18,SKU01663,14,4647.58,331.97,0
2025-04-06,ST19,SKU02274,6,14219.7,2369.95,0
2025-04-06,ST20,SKU00642,26,55261.7,2125.45,0
2025-04-06,ST20,SKU03880,14,13986.42,999.03,0
2025-04-06,ST21,SKU01319,27,44640.99,1653.37,0
2025-04-06,ST21,SKU02617,5,2752.8,550.56,0
2025-04-06,ST22,SKU00849,6,4122.06,687.01,0
2025-04-06,ST23,SKU01914,4,2822.64,705.66,0
2025-04-06,ST23,SKU03021,27,46169.46,1709.98,0
2025-04-06,ST26,SKU01874,11,18607.71,1691.61,1
2025-04-06,ST26,SKU02451,6,1190.76,198.46,0
2025-04-06,ST27,SKU03547,4,7109.36,1777.34,0
2025-04-06,ST29,SKU01370,11,24570.04,2233.64,0
2025-04-06,ST30,SKU02018,8,12569.04,1571.13,0
2025-04-06,ST30,SKU02028,0,0.0,1877.47,0
2025-04-07,ST01,SKU04958,9,15757.83,1750.87,0
2025-04-07,ST02,SKU00445,31,37947.1,1224.1,0
2025-04-07,ST02,SKU00778,18,1760.4,97.8,0
2025-04-07,ST03,SKU01635,2,4062.6,2031.3,0
2025-04-07,ST03,SKU04454,15,14722.2,981.48,0
2025-04-07,ST04,SKU00733,10,20066.9,2006.69,1
2025-04-07,ST04,SKU01714,11,14840.1,1349.1,0
2025-04-07,ST05,SKU02703,23,23892.17,1038.79,1
2025-04-07,ST06,SKU03695,3,5093.4,1697.8,0
2025-04-07,ST06,SKU04808,10,9975.8,997.58,1
2025-04-07,ST07,SKU04770,15,19569.9,1304.66,1
2025-04-07,ST08,SKU01667,10,13444.1,1344.41,0
2025-04-07,ST10,SKU02519,13,16551.47,1273.19,0
2025-04-07,ST11,SKU00445,10,12241.0,1224.1,0
2025-04-07,ST12,SKU00686,6,4050.54,675.09,0
2025-04-07,ST12,SKU02492,14,18178.58,1298.47,1
2025-04-07,ST12,SKU03214,16,27075.36,1692.21,0
2025-04-07,ST13,SKU02691,11,15637.6,1421.6,1
2025-04-07,ST15,SKU03070,5,4667.75,933.55,0
2025-04-07,ST16,SKU01769,2,4672.82,2336.41,0
2025-04-07,ST17,SKU02430,4,1956.72,489.18,0
2025-04-07,ST19,SKU02417,17,23501.48,1382.44,0
2025-04-07,ST20,SKU00139,6,14189.58,2364.93,0
2025-04-07,ST22,SKU00232,3,436.56,145.52,0
2025-04-07,ST23,SKU00307,11,8317.43,756.13,0
2025-04-07,ST23,SKU02095,2,2655.02,1327.51,0
2025-04-07,ST25,SKU00574,11,27259.98,2478.18,0
2025-04-07,ST25,SKU00878,13,1668.68,128.36,0
2025-04-07,ST26,SKU02381,2,4034.32,2017.16,0
2025-04-07,ST26,SKU04345,16,2920.8,182.55,0
2025-04-07,ST27,SKU03176,49,102689.3,2095.7,1
2025-04-07,ST27,SKU04186,13,21144.11,1626.47,0
2025-04-07,ST28,SKU01502,30,34271.7,1142.39,0
2025-04-07,ST29,SKU00655,11,21595.09,1963.19,0
2025-04-07,ST29,SKU01414,7,8570.52,1224.36,0
2025-04-07,ST29,SKU03034,7,9667.42,1381.06,0
2025-04-07,ST29,SKU04413,8,13718.16,1714.77,0
2025-04-07,ST29,SKU04532,12,28223.52,2351.96,0
2025-04-08,ST01,SKU02671,3,2103.54,701.18,0
2025-04-08,ST02,SKU01565,12,15720.24,1310.02,1
2025-04-08,ST02,SKU03226,18,1551.78,86.21,0
2025-04-08,ST04,SKU01933,12,18114.48,1509.54,0
2025-04-08,ST04,SKU04251,23,23154.79,1006.73,0
2025-04-08,ST07,SKU00633,5,11540.25,2308.05,0
2025-04-08,ST07,SKU02256,24,21339.6,889.15,1
2025-04-08,ST07,SKU03817,9,18087.39,2009.71,1
2025-04-08,ST07,SKU04454,21,20611.08,981.48,0
2025-04-08,ST08,SKU03154,41,76604.81,1868.41,1
2025-04-08,ST09,SKU01331,7,13711.95,1958.85,1
2025-04-08,ST09,SKU02582,13,6032.91,464.07,0
2025-04-08,ST10,SKU03763,24,32190.72,1341.28,0
2025-04-08,ST10,SKU04343,15,16732.65,1115.51,0
2025-04-08,ST11,SKU01075,44,39721.88,902.77,0
2025-04-08,ST11,SKU02480,18,7942.68,441.26,0
2025-04-08,ST12,SKU00024,25,16821.0,672.84,1
2025-04-08,ST14,SKU02213,4,5148.64,1287.16,0
2025-04-08,ST15,SKU00504,18,41829.66,2323.87,0
2025-04-08,ST15,SKU00675,8,702.72,87.84,0
2025-04-08,ST15,SKU01774,30,51124.2,1704.14,0
2025-04-08,ST15,SKU03041,7,5006.75,715.25,1
2025-04-08,ST15,SKU03827,8,8893.36,1111.67,0
2025-04-08,ST16,SKU02056,10,10381.7,1038.17,0
2025-04-08,ST16,SKU02658,15,13736.7,915.78,0
2025-04-08,ST17,SKU03672,6,14435.88,2405.98,0
2025-04-08,ST18,SKU04842,8,19119.68,2389.96,0
2025-04-08,ST19,SKU02601,8,2617.52,327.19,0
2025-04-08,ST21,SKU00516,34,20844.04,613.06,0
2025-04-08,ST21,SKU02687,2,1469.38,734.69,0
2025-04-08,ST21,SKU03102,3,1679.79,559.93,0
2025-04-08,ST22,SKU03056,6,13020.96,2170.16,0
2025-04-08,ST22,SKU03898,0,0.0,1775.47,0
2025-04-08,ST23,SKU01681,3,4724.7,1574.9,0
2025-04-08,ST24,SKU00242,10,22351.2,2235.12,0
2025-04-08,ST24,SKU04421,10,23831.5,2383.15,0
2025-04-08,ST25,SKU02491,7,1595.3,227.9,1
2025-04-08,ST26,SKU00281,5,10233.65,2046.73,0
2025-04-08,ST26,SKU02538,11,26072.42,2370.22,1
2025-04-08,ST26,SKU02572,5,7462.8,1492.56,0
2025-04-08,ST27,SKU04493,5,6334.1,1266.82,0
2025-04-08,ST28,SKU04418,13,28238.47,2172.19,0
2025-04-08,ST29,SKU00591,9,11095.83,1232.87,0
2025-04-08,ST29,SKU03896,6,14847.66,2474.61,0
2025-04-09,ST01,SKU02520,7,11010.02,1572.86,0
2025-04-09,ST01,SKU04216,22,53838.4,2447.2,0
2025-04-09,ST02,SKU03349,10,19511.0,1951.1,0
2025-04-09,ST03,SKU04137,12,21120.0,1760.0,1
2025-04-09,ST03,SKU04172,19,42807.57,2253.03,1
2025-04-09,ST05,SKU02196,19,19263.72,1013.88,1
2025-04-09,ST05,SKU04364,6,3903.18,650.53,0
2025-04-09,ST08,SKU04845,17,27292.31,1605.43,0
2025-04-09,ST09,SKU01092,4,9504.04,2376.01,0
2025-04-09,ST10,SKU00626,24,44188.56,1841.19,0
2025-04-09,ST10,SKU01556,16,10897.6,681.1,1
2025-04-09,ST10,SKU03188,11,25672.02,2333.82,0
2025-04-09,ST10,SKU03881,5,7440.25,1488.05,0
2025-04-09,ST12,SKU01792,4,7011.36,1752.84,1
2025-04-09,ST13,SKU01223,8,8947.28,1118.41,0
2025-04-09,ST13,SKU01313,6,14960.88,2493.48,0
2025-04-09,ST13,SKU02059,18,7167.24,398.18,0
2025-04-09,ST14,SKU01303,2,3821.46,1910.73,1
2025-04-09,ST14,SKU01798,7,8103.13,1157.59,0
2025-04-09,ST15,SKU02733,4,9907.8,2476.95,0
2025-04-09,ST15,SKU04319,11,12436.38,1130.58,0
2025-04-09,ST16,SKU00416,23,19774.48,859.76,1
2025-04-09,ST22,SKU00310,8,7543.84,942.98,0
2025-04-09,ST22,SKU01428,19,36136.86,1901.94,0
2025-04-09,ST23,SKU00368,5,10972.8,2194.56,0
2025-04-09,ST23,SKU00556,5,933.65,186.73,0
2025-04-09,ST23,SKU00895,1,496.09,496.09,0
2025-04-09,ST23,SKU03232,32,51798.72,1618.71,0
2025-04-09,ST24,SKU00453,4,9490.72,2372.68,0
2025-04-09,ST26,SKU02999,28,56222.04,2007.93,1
2025-04-09,ST27,SKU02132,4,2816.08,704.02,0
2025-04-09,ST27,SKU03465,0,0.0,264.14,0
2025-04-09,ST29,SKU03911,0,0.0,1995.83,0
2025-04-10,ST01,SKU00359,11,13415.49,1219.59,0
2025-04-10,ST01,SKU01589,5,8922.15,1784.43,0
2025-04-10,ST01,SKU02593,14,12403.02,885.93,1
2025-04-10,ST02,SKU01091,12,1553.64,129.47,0
2025-04-10,ST02,SKU02545,20,39241.4,1962.07,0
2025-04-10,ST03,SKU04154,28,47443.2,1694.4,0
2025-04-10,ST05,SKU03837,17,22858.71,1344.63,0
2025-04-10,ST06,SKU00046,0,0.0,1665.4,1
2025-04-10,ST06,SKU01610,14,4768.68,340.62,1
2025-04-10,ST09,SKU01564,11,4828.78,438.98,0
2025-04-10,ST10,SKU00813,15,29294.4,1952.96,1
2025-04-10,ST11,SKU03185,32,45145.28,1410.79,1
2025-04-10,ST11,SKU04744,18,29193.84,1621.88,0
2025-04-10,ST12,SKU02244,28,7024.08,250.86,0
2025-04-10,ST13,SKU00881,16,33108.0,2069.25,0
2025-04-10,ST13,SKU01817,8,13367.2,1670.9,0
2025-04-10,ST14,SKU00161,12,11378.04,948.17,0
2025-04-10,ST14,SKU00726,8,18545.52,2318.19,0
2025-04-10,ST16,SKU02782,25,31406.25,1256.25,0
2025-04-10,ST16,SKU03008,12,23038.08,1919.84,0
2025-04-10,ST16,SKU04998,9,16784.01,1864.89,0
2025-04-10,ST17,SKU00061,13,6270.42,482.34,0
2025-04-10,ST19,SKU04456,18,32139.18,1785.51,0
2025-04-10,ST20,SKU03480,7,8068.55,1152.65,0
2025-04-10,ST22,SKU04222,6,4789.08,798.18,1
2025-04-10,ST24,SKU01633,12,12368.04,1030.67,0
2025-04-10,ST24,SKU01681,13,20473.7,1574.9,0
2025-04-10,ST24,SKU02068,20,49734.8,2486.74,0
2025-04-10,ST24,SKU02745,6,11147.7,1857.95,0
2025-04-10,ST26,SKU00068,20,2007.8,100.39,0
2025-04-10,ST26,SKU04357,2,2935.6,1467.8,0
2025-04-10,ST27,SKU00625,15,23713.5,1580.9,0
2025-04-10,ST27,SKU04624,2,3563.28,1781.64,0
2025-04-11,ST01,SKU02966,17,13756.57,809.21,1
2025-04-11,ST02,SKU01118,10,7749.1,774.91,0
2025-04-11,ST02,SKU03101,17,16708.28,982.84,0
2025-04-11,ST02,SKU04246,10,18030.8,1803.08,0
2025-04-11,ST02,SKU04720,3,2486.58,828.86,0
2025-04-11,ST03,SKU00541,8,11002.56,1375.32,1
2025-04-11,ST04,SKU01507,11,3657.61,332.51,0
2025-04-11,ST05,SKU04113,13,2920.71,224.67,0
2025-04-11,ST06,SKU03461,6,7153.2,1192.2,0
2025-04-11,ST06,SKU04670,3,6775.44,2258.48,0
2025-04-11,ST06,SKU04680,9,13006.26,1445.14,0
2025-04-11,ST07,SKU00620,13,10262.07,789.39,0
2025-04-11,ST07,SKU00947,26,49989.42,1922.67,0
2025-04-11,ST07,SKU03417,11,3310.67,300.97,0
2025-04-11,ST10,SKU03339,8,14997.12,1874.64,0
2025-04-11,ST11,SKU01143,21,12260.22,583.82,0
2025-04-11,ST11,SKU03282,19,37135.12,1954.48,0
2025-04-11,ST12,SKU01978,10,20711.9,2071.19,0
2025-04-11,ST12,SKU02515,0,0.0,70.09,0
2025-04-11,ST13,SKU00538,10,9521.1,952.11,0
2025-04-11,ST15,SKU02086,15,19692.15,1312.81,0
2025-04-11,ST15,SKU04329,11,17919.22,1629.02,0
2025-04-11,ST15,SKU04650,19,27679.01,1456.79,0
2025-04-11,ST16,SKU02413,47,52817.19,1123.77,1
2025-04-11,ST16,SKU04922,32,4421.44,138.17,1
2025-04-11,ST17,SKU02887,11,10691.23,971.93,0
2025-04-11,ST17,SKU03608,12,17776.92,1481.41,0
2025-04-11,ST18,SKU00347,19,13988.75,736.25,1
2025-04-11,ST18,SKU03181,12,25076.76,2089.73,0
2025-04-11,ST22,SKU02982,12,19638.48,1636.54,0
2025-04-11,ST22,SKU03865,9,15514.56,1723.84,0
2025-04-11,ST22,SKU04417,7,15041.88,2148.84,0
2025-04-11,ST24,SKU02133,12,27675.12,2306.26,0
2025-04-11,ST25,SKU01365,21,26805.87,1276.47,1
2025-04-11,ST26,SKU04002,9,12766.77,1418.53,0
2025-04-11,ST27,SKU02208,16,31207.84,1950.49,0
2025-04-11,ST29,SKU02338,0,0.0,1442.38,1
2025-04-11,ST29,SKU04813,10,5256.4,525.64,0
2025-04-11,ST30,SKU02622,22,53427.88,2428.54,0
2025-04-12,ST02,SKU02421,2,215.64,107.82,0
2025-04-12,ST03,SKU02734,22,7697.8,349.9,1
2025-04-12,ST06,SKU03433,11,17018.21,1547.11,0
2025-04-12,ST07,SKU01335,5,11176.25,2235.25,0
2025-04-12,ST07,SKU01543,46,58289.82,1267.17,1
2025-04-12,ST07,SKU03601,8,13429.6,1678.7,0
2025-04-12,ST09,SKU00218,17,8527.71,501.63,0
2025-04-12,ST09,SKU04836,7,8973.72,1281.96,0
2025-04-12,ST10,SKU01176,9,6738.3,748.7,0
2025-04-12,ST12,SKU00112,28,3730.16,133.22,0
2025-04-12,ST12,SKU00848,15,13591.65,906.11,0
2025-04-12,ST15,SKU02606,16,28264.32,1766.52,0
2025-04-12,ST15,SKU02961,25,56452.75,2258.11,0
2025-04-12,ST20,SKU03961,26,13236.6,509.1,1
2025-04-12,ST21,SKU02117,18,35322.3,1962.35,0
2025-04-12,ST22,SKU04658,7,7908.81,1129.83,0
2025-04-12,ST23,SKU04714,5,10391.95,2078.39,0
2025-04-12,ST25,SKU00011,0,0.0,1976.19,0
2025-04-12,ST25,SKU01721,10,4361.5,436.15,0
2025-04-12,ST25,SKU04972,47,21338.94,454.02,1
2025-04-12,ST26,SKU03065,15,19690.8,1312.72,0
2025-04-12,ST26,SKU03086,11,11865.59,1078.69,0
2025-04-12,ST29,SKU01316,8,8498.08,1062.26,1
2025-04-12,ST29,SKU02124,21,18048.45,859.45,0
2025-04-12,ST29,SKU03615,9,13381.2,1486.8,0
2025-04-12,ST29,SKU04889,8,15163.28,1895.41,0
2025-04-12,ST30,SKU00308,13,19693.83,1514.91,0
2025-04-12,ST30,SKU02522,18,39138.12,2174.34,0
2025-04-12,ST30,SKU02814,14,22009.82,1572.13,0
2025-04-13,ST01,SKU02117,13,25510.55,1962.35,0
2025-04-13,ST01,SKU04901,55,30895.7,561.74,0
2025-04-13,ST03,SKU03670,1,735.57,735.57,0
2025-04-13,ST06,SKU01078,14,7844.9,560.35,0
2025-04-13,ST07,SKU00543,9,5196.42,577.38,0
2025-04-13,ST07,SKU00991,26,39396.24,1515.24,0
2025-04-13,ST07,SKU02217,48,53400.48,1112.51,0
2025-04-13,ST07,SKU03739,17,2040.85,120.05,1
2025-04-13,ST08,SKU00561,11,25310.01,2300.91,0
2025-04-13,ST08,SKU03615,10,14868.0,1486.8,0
2025-04-13,ST09,SKU03268,5,1192.35,238.47,0
2025-04-13,ST10,SKU02791,17,6676.24,392.72,0
2025-04-13,ST10,SKU04940,8,2710.16,338.77,0
2025-04-13,ST11,SKU02033,0,0.0,1896.23,0
2025-04-13,ST12,SKU03792,13,9514.05,731.85,0
2025-04-13,ST14,SKU00633,13,30004.65,2308.05,1
2025-04-13,ST14,SKU04457,18,14174.64,787.48,0
2025-04-13,ST15,SKU01512,4,1383.28,345.82,0
2025-04-13,ST17,SKU01758,9,20170.17,2241.13,0
2025-04-13,ST18,SKU01778,3,4644.66,1548.22,0
2025-04-13,ST20,SKU01467,5,3629.15,725.83,0
2025-04-13,ST20,SKU02652,11,5991.15,544.65,0
2025-04-13,ST20,SKU03223,3,5993.28,1997.76,0
2025-04-13,ST21,SKU00399,23,22899.03,995.61,1
2025-04-13,ST21,SKU01601,37,12049.42,325.66,1
2025-04-13,ST23,SKU01702,19,18208.46,958.34,0
2025-04-13,ST26,SKU02887,17,16522.81,971.93,0
2025-04-13,ST26,SKU03064,3,1454.79,484.93,0
2025-04-13,ST28,SKU04040,35,63467.25,1813.35,1
2025-04-13,ST29,SKU02438,7,1290.17,184.31,0
2025-04-13,ST29,SKU03165,42,75783.54,1804.37,0
2025-04-13,ST30,SKU00701,4,8311.56,2077.89,0
2025-04-13,ST30,SKU04712,11,3902.03,354.73,0
2025-04-14,ST04,SKU03142,18,35763.12,1986.84,0
2025-04-14,ST05,SKU02274,5,11849.75,2369.95,0
2025-04-14,ST07,SKU00862,10,16513.0,1651.3,0
2025-04-14,ST07,SKU03448,1,385.97,385.97,0
2025-04-14,ST07,SKU03816,15,23313.15,1554.21,0
2025-04-14,ST10,SKU04158,0,0.0,1353.19,0
2025-04-14,ST11,SKU00248,2,3795.42,1897.71,0
2025-04-14,ST11,SKU03542,12,24677.04,2056.42,0
2025-04-14,ST11,SKU04595,4,2638.64,659.66,1
2025-04-14,ST11,SKU04692,6,11619.78,1936.63,0
2025-04-14,ST12,SKU01300,29,32437.08,1118.52,0
2025-04-14,ST13,SKU02621,23,39330.23,1710.01,1
2025-04-14,ST14,SKU00416,0,0.0,859.76,0
2025-04-14,ST14,SKU00726,8,18545.52,2318.19,0
2025-04-14,ST15,SKU01887,17,33600.16,1976.48,0
2025-04-14,ST15,SKU02868,1,2285.83,2285.83,0
2025-04-14,ST16,SKU00721,11,20810.9,1891.9,0
2025-04-14,ST17,SKU00309,9,19555.47,2172.83,0
2025-04-14,ST18,SKU02444,19,17090.69,899.51,0
2025-04-14,ST18,SKU04351,12,6476.28,539.69,0
2025-04-14,ST18,SKU04638,5,3482.15,696.43,0
2025-04-14,ST19,SKU01878,13,7517.38,578.26,0
2025-04-14,ST20,SKU02887,12,11663.16,971.93,0
2025-04-14,ST20,SKU04048,4,4344.64,1086.16,0
2025-04-14,ST21,SKU01475,8,9784.8,1223.1,1
2025-04-14,ST21,SKU02077,8,4577.92,572.24,0
2025-04-14,ST21,SKU04683,5,1071.85,214.37,1
2025-04-14,ST22,SKU03202,27,2227.5,82.5,0
2025-04-14,ST25,SKU01587,12,15457.44,1288.12,0
2025-04-14,ST26,SKU02871,21,32119.5,1529.5,1
2025-04-14,ST26,SKU03204,9,18869.58,2096.62,1
2025-04-14,ST28,SKU01085,7,449.68,64.24,0
2025-04-14,ST28,SKU02487,6,11319.96,1886.66,0
2025-04-14,ST29,SKU01000,20,12129.0,606.45,0
2025-04-14,ST29,SKU02455,6,8798.64,1466.44,0
2025-04-14,ST29,SKU02780,0,0.0,702.1,1
2025-04-14,ST30,SKU00055,31,63720.5,2055.5,1
2025-04-14,ST30,SKU01580,10,827.6,82.76,0
2025-04-14,ST30,SKU02157,12,17758.92,1479.91,0
2025-04-14,ST30,SKU03018,19,42368.29,2229.91,1
2025-04-15,ST01,SKU01567,8,1463.2,182.9,0
2025-04-15,ST01,SKU03464,2,1412.5,706.25,0
2025-04-15,ST02,SKU02584,6,12883.98,2147.33,1
2025-04-15,ST02,SKU03685,8,14509.84,1813.73,0
2025-04-15,ST03,SKU00171,26,55193.58,2122.83,0
2025-04-15,ST03,SKU00625,4,6323.6,1580.9,1
2025-04-15,ST03,SKU00748,8,1402.24,175.28,0
2025-04-15,ST03,SKU03706,19,42402.49,2231.71,0
2025-04-15,ST03,SKU04367,0,0.0,1588.13,0
2025-04-15,ST04,SKU00926,13,12770.42,982.34,0
2025-04-15,ST04,SKU01592,14,18280.22,1305.73,0
2025-04-15,ST04,SKU02359,13,1956.89,150.53,0
2025-04-15,ST04,SKU03987,25,9549.0,381.96,1
2025-04-15,ST05,SKU02226,18,42387.48,2354.86,0
2025-04-15,ST06,SKU02111,14,27639.78,1974.27,0
2025-04-15,ST06,SKU03370,8,19303.2,2412.9,0
2025-04-15,ST06,SKU04572,34,73944.9,2174.85,0
2025-04-15,ST08,SKU01697,10,23425.0,2342.5,0
2025-04-15,ST08,SKU04271,14,8494.08,606.72,0
2025-04-15,ST09,SKU00997,8,9170.32,1146.29,0
2025-04-15,ST09,SKU02130,11,26009.39,2364.49,0
2025-04-15,ST09,SKU02765,5,7393.35,1478.67,1
2025-04-15,ST09,SKU04207,19,45620.71,2401.09,0
2025-04-15,ST11,SKU01858,13,26265.72,2020.44,1
2025-04-15,ST12,SKU03369,9,5402.34,600.26,0
2025-04-15,ST14,SKU00999,7,6621.02,945.86,1
2025-04-15,ST15,SKU00579,8,4596.32,574.54,0
2025-04-15,ST15,SKU03046,12,18971.64,1580.97,0
2025-04-15,ST17,SKU00631,10,22102.3,2210.23,1
2025-04-15,ST19,SKU02604,15,31694.25,2112.95,0
2025-04-15,ST20,SKU02509,6,3415.92,569.32,0
2025-04-15,ST20,SKU02633,25,41989.75,1679.59,0
2025-04-15,ST22,SKU04637,29,50496.83,1741.27,1
2025-04-15,ST24,SKU01990,18,30256.38,1680.91,0
2025-04-15,ST25,SKU02028,38,71343.86,1877.47,1
2025-04-15,ST25,SKU03518,4,4097.0,1024.25,0
2025-04-15,ST26,SKU00535,32,4340.16,135.63,0
2025-04-15,ST27,SKU02171,7,4777.85,682.55,1
2025-04-15,ST28,SKU01164,24,36841.68,1535.07,0
2025-04-15,ST29,SKU03234,6,9873.12,1645.52,0
2025-04-15,ST30,SKU00564,8,14537.28,1817.16,0
2025-04-15,ST30,SKU02255,10,8476.7,847.67,0
2025-04-16,ST02,SKU04350,5,8992.9,1798.58,0
2025-04-16,ST02,SKU04461,9,2052.9,228.1,0
2025-04-16,ST03,SKU04403,20,42627.0,2131.35,1
2025-04-16,ST04,SKU04978,0,0.0,485.44,0
2025-04-16,ST05,SKU03623,6,5173.38,862.23,0
2025-04-16,ST06,SKU04517,30,33389.4,1112.98,0
2025-04-16,ST07,SKU02731,4,1794.68,448.67,0
2025-04-16,ST08,SKU01966,8,647.28,80.91,0
2025-04-16,ST08,SKU03534,23,18399.54,799.98,0
2025-04-16,ST09,SKU02155,13,29884.79,2298.83,0
2025-04-16,ST09,SKU03501,12,4060.2,338.35,0
2025-04-16,ST10,SKU00152,16,24302.24,1518.89,0
2025-04-16,ST11,SKU03337,21,26106.78,1243.18,1
2025-04-16,ST12,SKU02789,16,2600.0,162.5,0
2025-04-16,ST14,SKU04403,28,59677.8,2131.35,0
2025-04-16,ST15,SKU04850,7,7073.01,1010.43,0
2025-04-16,ST16,SKU01533,18,8152.92,452.94,0
2025-04-16,ST18,SKU00557,7,16856.91,2408.13,0
2025-04-16,ST18,SKU02595,30,70972.8,2365.76,1
2025-04-16,ST19,SKU01570,41,72768.03,1774.83,1
2025-04-16,ST19,SKU03889,11,16988.4,1544.4,0
2025-04-16,ST20,SKU00056,8,17640.72,2205.09,0
2025-04-16,ST22,SKU00224,0,0.0,817.64,0
2025-04-16,ST23,SKU01115,16,39873.28,2492.08,0
2025-04-16,ST24,SKU03647,17,8721.17,513.01,0
2025-04-16,ST25,SKU03009,15,32477.4,2165.16,0
2025-04-16,ST26,SKU02603,11,14244.01,1294.91,1
2025-04-16,ST26,SKU02919,16,37177.44,2323.59,0
2025-04-16,ST27,SKU01052,1,1087.88,1087.88,0
2025-04-16,ST28,SKU03797,12,11493.96,957.83,1
2025-04-16,ST29,SKU00709,16,17028.16,1064.26,0
2025-04-16,ST30,SKU04715,4,9157.2,2289.3,0
2025-04-17,ST01,SKU00884,27,62972.64,2332.32,0
2025-04-17,ST01,SKU02198,19,42232.44,2222.76,0
2025-04-17,ST01,SKU02358,16,37883.2,2367.7,0
2025-04-17,ST01,SKU04620,7,14446.53,2063.79,0
2025-04-17,ST03,SKU04798,2,2754.32,1377.16,0
2025-04-17,ST06,SKU03074,14,15767.5,1126.25,1
2025-04-17,ST07,SKU02285,15,25671.75,1711.45,0
2025-04-17,ST08,SKU00489,1,195.6,195.6,0
2025-04-17,ST09,SKU02996,8,17228.8,2153.6,0
2025-04-17,ST10,SKU02003,10,5190.3,519.03,0
2025-04-17,ST11,SKU01432,5,2314.95,462.99,0
2025-04-17,ST11,SKU03429,30,44135.1,1471.17,1
2025-04-17,ST12,SKU01680,11,10141.56,921.96,0
2025-04-17,ST15,SKU03769,18,19971.54,1109.53,0
2025-04-17,ST16,SKU03481,12,20655.6,1721.3,0
2025-04-17,ST17,SKU02531,32,20497.92,640.56,0
2025-04-17,ST21,SKU00213,10,11569.1,1156.91,0
2025-04-17,ST21,SKU01513,20,30981.6,1549.08,1
2025-04-17,ST24,SKU00378,8,5771.52,721.44,0
2025-04-17,ST24,SKU00978,16,2111.2,131.95,0
2025-04-17,ST24,SKU02861,11,15095.3,1372.3,1
2025-04-17,ST25,SKU02200,30,49576.5,1652.55,1
2025-04-17,ST25,SKU04334,8,15960.32,1995.04,0
2025-04-17,ST26,SKU04427,13,31720.78,2440.06,1
2025-04-17,ST28,SKU02026,12,17722.08,1476.84,1
2025-04-17,ST29,SKU04923,7,11002.6,1571.8,0
2025-04-17,ST30,SKU02468,4,9636.0,2409.0,0
2025-04-18,ST04,SKU00592,6,9753.24,1625.54,0
2025-04-18,ST05,SKU03586,12,3397.08,283.09,0
2025-04-18,ST06,SKU03548,6,10224.42,1704.07,0
2025-04-18,ST06,SKU04219,10,1216.8,121.68,0
2025-04-18,ST07,SKU00078,15,14228.7,948.58,0
2025-04-18,ST08,SKU03218,30,50880.6,1696.02,1
2025-04-18,ST09,SKU00366,11,8560.42,778.22,0
2025-04-18,ST11,SKU00959,3,4323.99,1441.33,0
2025-04-18,ST12,SKU00657,13,25276.03,1944.31,0
2025-04-18,ST12,SKU02388,12,16634.88,1386.24,0
2025-04-18,ST12,SKU03184,12,11249.64,937.47,0
2025-04-18,ST15,SKU01738,17,31072.6,1827.8,0
2025-04-18,ST16,SKU00720,8,17243.92,2155.49,1
2025-04-18,ST18,SKU02221,21,14558.25,693.25,0
2025-04-18,ST18,SKU03059,12,817.8,68.15,0
2025-04-18,ST20,SKU03001,13,12128.35,932.95,0
2025-04-18,ST21,SKU03688,17,12508.43,735.79,0
2025-04-18,ST26,SKU01997,0,0.0,1435.88,0
2025-04-18,ST26,SKU04877,17,27646.93,1626.29,0
2025-04-18,ST27,SKU04546,16,23049.6,1440.6,0
2025-04-18,ST27,SKU04983,10,11232.2,1123.22,1
2025-04-18,ST28,SKU02004,7,14028.42,2004.06,0
2025-04-18,ST28,SKU03582,7,7561.47,1080.21,0
2025-04-18,ST29,SKU02071,17,12451.14,732.42,0
2025-04-18,ST29,SKU03275,25,45248.0,1809.92,0
2025-04-18,ST29,SKU03540,0,0.0,1870.01,1
2025-04-18,ST30,SKU01516,7,8654.87,1236.41,1
2025-04-19,ST01,SKU03855,2,4806.8,2403.4,0
2025-04-19,ST03,SKU01185,5,10026.7,2005.34,0
2025-04-19,ST03,SKU01220,4,5243.0,1310.75,0
2025-04-19,ST05,SKU01340,26,21677.76,833.76,0
2025-04-19,ST05,SKU03809,8,15236.8,1904.6,0
2025-04-19,ST06,SKU00232,25,3638.0,145.52,0
2025-04-19,ST06,SKU01182,12,1432.32,119.36,0
2025-04-19,ST09,SKU02081,5,11720.75,2344.15,0
2025-04-19,ST09,SKU02513,19,13398.23,705.17,0
2025-04-19,ST10,SKU00580,9,15758.01,1750.89,0
2025-04-19,ST11,SKU02040,17,6725.88,395.64,0
2025-04-19,ST11,SKU03638,10,4889.2,488.92,1
2025-04-19,ST11,SKU04375,9,21316.41,2368.49,0
2025-04-19,ST12,SKU00235,25,39401.0,1576.04,0
2025-04-19,ST12,SKU00483,31,64277.88,2073.48,0
2025-04-19,ST15,SKU01210,6,3363.24,560.54,0
2025-04-19,ST15,SKU03490,6,469.86,78.31,1
2025-04-19,ST16,SKU02876,26,11009.96,423.46,0
2025-04-19,ST20,SKU00055,9,18499.5,2055.5,0
2025-04-19,ST21,SKU00423,13,13186.42,1014.34,0
2025-04-19,ST25,SKU02060,0,0.0,2031.12,0
2025-04-19,ST29,SKU02850,19,11612.61,611.19,0
2025-04-20,ST01,SKU04174,10,17588.8,1758.88,0
2025-04-20,ST02,SKU02043,12,29844.48,2487.04,1
2025-04-20,ST05,SKU02815,3,1885.08,628.36,0
2025-04-20,ST05,SKU03984,23,5168.1,224.7,0
2025-04-20,ST07,SKU01125,15,11793.75,786.25,1
2025-04-20,ST08,SKU01830,30,11121.3,370.71,0
2025-04-20,ST09,SKU02509,3,1707.96,569.32,0
2025-04-20,ST11,SKU00662,21,10400.67,495.27,0
2025-04-20,ST11,SKU01042,32,64169.92,2005.31,1
2025-04-20,ST11,SKU01175,3,5167.86,1722.62,0
2025-04-20,ST11,SKU01746,17,27783.78,1634.34,0
2025-04-20,ST15,SKU02481,2,3072.84,1536.42,0
2025-04-20,ST16,SKU01817,3,5012.7,1670.9,0
2025-04-20,ST16,SKU02483,22,2487.32,113.06,1
2025-04-20,ST18,SKU01464,10,17507.9,1750.79,0
2025-04-20,ST18,SKU04255,18,23662.8,1314.6,1
2025-04-20,ST20,SKU00698,4,9121.56,2280.39,0
2025-04-20,ST21,SKU01210,6,3363.24,560.54,0
2025-04-20,ST21,SKU03286,22,2545.62,115.71,0
2025-04-20,ST22,SKU01762,16,37073.12,2317.07,0
2025-04-20,ST22,SKU03570,10,10693.7,1069.37,0
2025-04-20,ST23,SKU00360,21,35478.66,1689.46,0
2025-04-20,ST24,SKU02013,21,2157.12,102.72,1
2025-04-20,ST24,SKU04109,11,10306.56,936.96,0
2025-04-20,ST27,SKU00686,25,16877.25,675.09,0
2025-04-20,ST28,SKU04330,23,42065.39,1828.93,0
2025-04-20,ST29,SKU02100,8,17260.8,2157.6,0
2025-04-20,ST30,SKU03485,2,1173.06,586.53,0
2025-04-21,ST01,SKU03097,17,18303.39,1076.67,0
2025-04-21,ST01,SKU04478,7,13878.76,1982.68,0
2025-04-21,ST01,SKU04638,6,4178.58,696.43,0
2025-04-21,ST02,SKU01119,14,33357.1,2382.65,1
2025-04-21,ST05,SKU00388,5,6004.8,1200.96,0
2025-04-21,ST05,SKU01461,16,3126.24,195.39,1
2025-04-21,ST08,SKU03824,6,8943.66,1490.61,0
2025-04-21,ST09,SKU03899,19,12666.54,666.66,0
2025-04-21,ST10,SKU03263,4,7222.04,1805.51,0
2025-04-21,ST11,SKU01769,24,56073.84,2336.41,0
2025-04-21,ST13,SKU03485,8,4692.24,586.53,0
2025-04-21,ST13,SKU04190,19,19694.45,1036.55,0
2025-04-21,ST15,SKU00713,7,5529.09,789.87,0
2025-04-21,ST16,SKU01195,25,16829.5,673.18,0
2025-04-21,ST16,SKU02144,50,104305.5,2086.11,0
2025-04-21,ST17,SKU04109,8,7495.68,936.96,0
2025-04-21,ST17,SKU04795,3,1501.35,500.45,0
2025-04-21,ST18,SKU03630,18,32270.94,1792.83,0
2025-04-21,ST18,SKU04652,33,42572.31,1290.07,0
2025-04-21,ST23,SKU00949,2,971.34,485.67,0
2025-04-21,ST26,SKU01474,6,12460.74,2076.79,0
2025-04-21,ST28,SKU04177,22,13135.32,597.06,1
2025-04-22,ST02,SKU03333,21,25491.48,1213.88,0
2025-04-22,ST03,SKU04516,20,48955.2,2447.76,0
2025-04-22,ST06,SKU03331,16,39020.0,2438.75,1
2025-04-22,ST09,SKU04982,12,19470.84,1622.57,1
2025-04-22,ST10,SKU03056,47,101997.52,2170.16,1
2025-04-22,ST11,SKU02177,22,2716.56,123.48,0
2025-04-22,ST11,SKU04243,11,3704.69,336.79,0
2025-04-22,ST12,SKU01518,6,12821.64,2136.94,0
2025-04-22,ST12,SKU01732,23,23141.22,1006.14,0
2025-04-22,ST12,SKU02999,8,16063.44,2007.93,0
2025-04-22,ST16,SKU03268,6,1430.82,238.47,0
2025-04-22,ST18,SKU00928,12,19289.04,1607.42,0
2025-04-22,ST18,SKU03971,15,4760.85,317.39,0
2025-04-22,ST19,SKU03482,9,18009.0,2001.0,1
2025-04-22,ST21,SKU00045,3,2638.71,879.57,0
2025-04-22,ST21,SKU00566,29,27264.06,940.14,1
2025-04-22,ST21,SKU02757,19,2409.01,126.79,0
2025-04-22,ST23,SKU04145,16,34216.16,2138.51,0
2025-04-22,ST23,SKU04195,13,20026.63,1540.51,0
2025-04-22,ST23,SKU04439,2,855.28,427.64,0
2025-04-22,ST25,SKU02110,5,1052.65,210.53,1
2025-04-22,ST25,SKU03713,5,11172.5,2234.5,0
2025-04-22,ST26,SKU03370,4,9651.6,2412.9,1
2025-04-22,ST27,SKU02845,14,3353.0,239.5,0
2025-04-22,ST27,SKU03018,13,28988.83,2229.91,0
2025-04-22,ST27,SKU04156,7,2347.59,335.37,0
2025-04-22,ST28,SKU04498,5,11476.4,2295.28,0
2025-04-22,ST28,SKU04569,18,34688.88,1927.16,0
2025-04-22,ST28,SKU04684,25,30366.75,1214.67,0
2025-04-22,ST30,SKU04887,22,8811.66,400.53,0
2025-04-23,ST02,SKU04104,3,5012.07,1670.69,0
2025-04-23,ST03,SKU02994,11,17740.8,1612.8,0
2025-04-23,ST04,SKU01969,0,0.0,2423.62,0
2025-04-23,ST04,SKU02187,28,10756.76,384.17,1
2025-04-23,ST04,SKU03102,8,4479.44,559.93,0
2025-04-23,ST05,SKU00640,14,12553.1,896.65,0
2025-04-23,ST05,SKU02156,4,9702.44,2425.61,0
2025-04-23,ST09,SKU02117,19,37284.65,1962.35,0
2025-04-23,ST10,SKU02527,12,11354.52,946.21,1
2025-04-23,ST11,SKU00470,18,29806.74,1655.93,1
2025-04-23,ST11,SKU01700,8,2376.16,297.02,0
2025-04-23,ST11,SKU04132,11,7262.2,660.2,0
2025-04-23,ST12,SKU01865,11,16000.27,1454.57,0
2025-04-23,ST15,SKU04835,8,9732.88,1216.61,0
2025-04-23,ST16,SKU00220,20,34338.0,1716.9,1
2025-04-23,ST16,SKU00416,17,14615.92,859.76,0
2025-04-23,ST16,SKU04283,7,15001.63,2143.09,0
2025-04-23,ST17,SKU01202,3,4324.35,1441.45,0
2025-04-23,ST17,SKU04084,15,22750.35,1516.69,1
2025-04-23,ST18,SKU01601,24,7815.84,325.66,0
2025-04-23,ST19,SKU01496,18,44376.66,2465.37,0
2025-04-23,ST19,SKU03917,4,4452.96,1113.24,0
2025-04-23,ST19,SKU03995,15,17550.15,1170.01,0
2025-04-23,ST19,SKU04042,6,4512.84,752.14,0
2025-04-23,ST19,SKU04242,8,12141.76,1517.72,0
2025-04-23,ST19,SKU04478,6,11896.08,1982.68,0
2025-04-23,ST19,SKU04710,25,38612.75,1544.51,0
2025-04-23,ST20,SKU02607,11,11670.12,1060.92,0
2025-04-23,ST21,SKU00511,16,15490.4,968.15,1
2025-04-23,ST25,SKU04302,5,12255.15,2451.03,1
2025-04-23,ST26,SKU01957,8,3796.16,474.52,0
2025-04-23,ST27,SKU00262,0,0.0,467.46,1
2025-04-23,ST27,SKU02460,10,23927.2,2392.72,0
2025-04-23,ST27,SKU04228,12,21616.2,1801.35,0
2025-04-23,ST27,SKU04429,6,13642.2,2273.7,0
2025-04-23,ST27,SKU04473,18,38841.3,2157.85,1
2025-04-23,ST28,SKU03548,3,5112.21,1704.07,0
2025-04-24,ST04,SKU00361,9,19939.23,2215.47,0
2025-04-24,ST05,SKU03907,8,10730.56,1341.32,0
2025-04-24,ST06,SKU00927,12,5492.28,457.69,1
2025-04-24,ST06,SKU03512,8,8199.6,1024.95,0
2025-04-24,ST07,SKU01225,15,33621.6,2241.44,0
2025-04-24,ST07,SKU01757,22,46983.2,2135.6,1
2025-04-24,ST07,SKU01970,33,73786.68,2235.96,0
2025-04-24,ST07,SKU04822,9,6805.17,756.13,0
2025-04-24,ST08,SKU00701,2,4155.78,2077.89,1
2025-04-24,ST08,SKU02059,12,4778.16,398.18,0
2025-04-24,ST09,SKU02062,13,28701.4,2207.8,0
2025-04-24,ST10,SKU00133,10,14327.5,1432.75,0
2025-04-24,ST10,SKU00629,17,22688.37,1334.61,0
2025-04-24,ST10,SKU02834,36,3563.64,98.99,0
2025-04-24,ST10,SKU04389,10,3710.1,371.01,0
2025-04-24,ST13,SKU02402,17,12849.45,755.85,0
2025-04-24,ST16,SKU01216,6,9697.68,1616.28,1
2025-04-24,ST18,SKU04150,6,2235.24,372.54,0
2025-04-24,ST19,SKU00101,8,879.6,109.95,0
2025-04-24,ST23,SKU00294,11,3497.12,317.92,1
2025-04-24,ST24,SKU03869,22,1389.96,63.18,1
2025-04-24,ST25,SKU03264,11,10711.14,973.74,0
2025-04-24,ST25,SKU03952,79,134923.31,1707.89,1
2025-04-24,ST26,SKU00644,10,12773.3,1277.33,0
2025-04-24,ST27,SKU00907,4,4393.6,1098.4,0
2025-04-24,ST28,SKU03797,15,14367.45,957.83,1
2025-04-24,ST28,SKU04301,8,18458.8,2307.35,0
2025-04-24,ST28,SKU04862,7,15061.69,2151.67,0
2025-04-24,ST30,SKU02248,5,8019.9,1603.98,0
2025-04-25,ST01,SKU04571,18,27121.68,1506.76,0
2025-04-25,ST03,SKU02873,19,5347.17,281.43,1
2025-04-25,ST04,SKU03321,6,6694.86,1115.81,1
2025-04-25,ST04,SKU04741,3,1670.16,556.72,0
2025-04-25,ST05,SKU02527,20,18924.2,946.21,0
2025-04-25,ST05,SKU02817,2,1910.3,955.15,1
2025-04-25,ST05,SKU04650,6,8740.74,1456.79,0
2025-04-25,ST06,SKU01822,10,636.8,63.68,0
2025-04-25,ST06,SKU02580,7,7275.38,1039.34,0
2025-04-25,ST08,SKU04250,8,11515.04,1439.38,0
2025-04-25,ST09,SKU00036,26,26248.56,1009.56,0
2025-04-25,ST09,SKU00980,15,26780.25,1785.35,0
2025-04-25,ST11,SKU01507,3,997.53,332.51,0
2025-04-25,ST11,SKU01802,33,12399.09,375.73,0
2025-04-25,ST12,SKU00265,0,0.0,319.65,0
2025-04-25,ST16,SKU00999,7,6621.02,945.86,0
2025-04-25,ST16,SKU01531,20,45048.6,2252.43,0
2025-04-25,ST17,SKU04860,11,24140.38,2194.58,0
2025-04-25,ST18,SKU01756,12,14173.92,1181.16,0
2025-04-25,ST19,SKU02558,12,3354.12,279.51,0
2025-04-25,ST22,SKU03486,45,64309.5,1429.1,0
2025-04-25,ST22,SKU04906,28,67269.16,2402.47,1
2025-04-25,ST24,SKU03177,10,21266.5,2126.65,0
2025-04-25,ST27,SKU02248,15,24059.7,1603.98,0
2025-04-26,ST01,SKU00051,14,20055.42,1432.53,0
2025-04-26,ST01,SKU01445,8,2450.32,306.29,0
2025-04-26,ST02,SKU02760,7,16351.93,2335.99,0
2025-04-26,ST05,SKU00505,3,5207.19,1735.73,0
2025-04-26,ST05,SKU00625,30,47427.0,1580.9,0
2025-04-26,ST06,SKU01755,2,2676.14,1338.07,0
2025-04-26,ST06,SKU03826,25,42876.5,1715.06,0
2025-04-26,ST07,SKU02120,2,2985.92,1492.96,0
2025-04-26,ST08,SKU01956,15,28966.5,1931.1,1
2025-04-26,ST11,SKU01715,27,19570.14,724.82,0
2025-04-26,ST13,SKU00540,24,14580.48,607.52,1
2025-04-26,ST13,SKU01457,4,3511.36,877.84,0
2025-04-26,ST15,SKU02142,4,7011.24,1752.81,0
2025-04-26,ST16,SKU03109,7,16520.07,2360.01,0
2025-04-26,ST16,SKU03442,13,26996.06,2076.62,0
2025-04-26,ST18,SKU01019,39,72616.83,1861.97,0
2025-04-26,ST18,SKU01087,7,5318.6,759.8,0
2025-04-26,ST19,SKU00262,10,4674.6,467.46,1
2025-04-26,ST20,SKU04038,27,38497.95,1425.85,1
2025-04-26,ST21,SKU00471,3,6710.64,2236.88,0
2025-04-26,ST21,SKU04686,33,12380.94,375.18,0
2025-04-26,ST22,SKU00505,31,53807.63,1735.73,0
2025-04-26,ST22,SKU03665,8,17461.84,2182.73,0
2025-04-26,ST23,SKU02305,12,28810.92,2400.91,1
2025-04-26,ST23,SKU03396,9,20370.42,2263.38,0
2025-04-26,ST25,SKU04381,2,3712.08,1856.04,0
2025-04-26,ST26,SKU00729,19,26051.09,1371.11,0
2025-04-26,ST27,SKU04380,12,12878.52,1073.21,0
2025-04-26,ST28,SKU04872,22,6591.42,299.61,0
2025-04-26,ST29,SKU03784,5,8770.1,1754.02,0
2025-04-26,ST30,SKU00725,6,10023.72,1670.62,0
2025-04-26,ST30,SKU01499,18,8489.7,471.65,0
2025-04-26,ST30,SKU03303,14,26062.4,1861.6,0
2025-04-27,ST02,SKU02050,2,3497.68,1748.84,0
2025-04-27,ST02,SKU02778,13,7403.24,569.48,0
2025-04-27,ST02,SKU04188,16,37547.2,2346.7,0
2025-04-27,ST05,SKU00193,10,18912.8,1891.28,0
2025-04-27,ST05,SKU02318,9,881.82,97.98,0
2025-04-27,ST07,SKU04394,16,17256.8,1078.55,0
2025-04-27,ST08,SKU02188,3,4885.32,1628.44,0
2025-04-27,ST08,SKU04111,23,28534.26,1240.62,0
2025-04-27,ST09,SKU04638,16,11142.88,696.43,0
2025-04-27,ST10,SKU01757,28,59796.8,2135.6,0
2025-04-27,ST10,SKU03982,12,24627.12,2052.26,0
2025-04-27,ST14,SKU04099,14,14932.96,1066.64,1
2025-04-27,ST15,SKU01794,3,4247.82,1415.94,0
2025-04-27,ST15,SKU04366,14,30825.2,2201.8,0
2025-04-27,ST18,SKU03935,7,15214.36,2173.48,1
2025-04-27,ST19,SKU01357,30,69324.6,2310.82,0
2025-04-27,ST19,SKU03374,0,0.0,1706.66,0
2025-04-27,ST19,SKU03930,4,6078.4,1519.6,0
2025-04-27,ST21,SKU03176,10,20957.0,2095.7,1
2025-04-27,ST25,SKU00002,22,27698.44,1259.02,0
2025-04-27,ST25,SKU03410,8,19698.4,2462.3,0
2025-04-27,ST26,SKU03320,7,14368.27,2052.61,0
2025-04-27,ST27,SKU04413,6,10288.62,1714.77,0
2025-04-27,ST28,SKU04257,6,3643.92,607.32,0
2025-04-28,ST01,SKU04926,2,3194.48,1597.24,0
2025-04-28,ST03,SKU01689,10,19999.7,1999.97,0
2025-04-28,ST03,SKU03465,10,2641.4,264.14,0
2025-04-28,ST04,SKU01900,0,0.0,1352.22,0
2025-04-28,ST07,SKU00986,10,2079.7,207.97,1
2025-04-28,ST08,SKU00155,8,7333.52,916.69,0
2025-04-28,ST08,SKU00458,4,6803.24,1700.81,0
2025-04-28,ST09,SKU03517,4,3268.32,817.08,0
2025-04-28,ST10,SKU03320,3,6157.83,2052.61,0
2025-04-28,ST11,SKU00053,10,21805.8,2180.58,0
2025-04-28,ST11,SKU00786,3,3679.62,1226.54,0
2025-04-28,ST11,SKU02057,19,21845.44,1149.76,1
2025-04-28,ST13,SKU03141,50,12691.5,253.83,1
2025-04-28,ST13,SKU04812,9,15904.53,1767.17,0
2025-04-28,ST17,SKU00411,45,84721.95,1882.71,0
2025-04-28,ST19,SKU00428,30,59655.3,1988.51,0
2025-04-28,ST19,SKU04174,9,15829.92,1758.88,0
2025-04-28,ST19,SKU04869,27,39825.54,1475.02,1
2025-04-28,ST20,SKU01911,35,67640.3,1932.58,0
2025-04-28,ST22,SKU00741,7,10804.78,1543.54,0
2025-04-28,ST24,SKU00847,13,30670.64,2359.28,0
2025-04-28,ST25,SKU04811,28,7450.8,266.1,1
2025-04-28,ST26,SKU04702,4,4046.48,1011.62,0
2025-04-28,ST27,SKU00129,28,5416.32,193.44,0
2025-04-28,ST28,SKU03073,42,85350.3,2032.15,0
2025-04-28,ST30,SKU02614,23,52907.59,2300.33,0
2025-04-29,ST01,SKU02952,5,12383.7,2476.74,0
2025-04-29,ST03,SKU01271,8,13296.08,1662.01,1
2025-04-29,ST04,SKU04425,11,17621.01,1601.91,0
2025-04-29,ST07,SKU04938,9,22424.94,2491.66,0
2025-04-29,ST09,SKU03853,15,18973.35,1264.89,0
2025-04-29,ST12,SKU00480,14,20820.24,1487.16,1
2025-04-29,ST12,SKU01809,32,74988.16,2343.38,0
2025-04-29,ST13,SKU02080,19,20645.78,1086.62,0
2025-04-29,ST14,SKU01908,34,40228.46,1183.19,1
2025-04-29,ST14,SKU02150,9,14315.67,1590.63,1
2025-04-29,ST14,SKU02291,6,3297.06,549.51,0
2025-04-29,ST14,SKU02299,17,17231.03,1013.59,1
2025-04-29,ST14,SKU03291,8,7061.28,882.66,0
2025-04-29,ST15,SKU01016,7,12479.6,1782.8,0
2025-04-29,ST16,SKU00994,3,7180.23,2393.41,0
2025-04-29,ST16,SKU01201,8,14687.28,1835.91,0
2025-04-29,ST16,SKU02568,19,22832.49,1201.71,0
2025-04-29,ST17,SKU01917,8,2619.84,327.48,0
2025-04-29,ST17,SKU02851,25,15094.25,603.77,1
2025-04-29,ST17,SKU04017,26,15484.82,595.57,1
2025-04-29,ST19,SKU03216,8,7870.56,983.82,0
2025-04-29,ST21,SKU04253,5,303.8,60.76,0
2025-04-29,ST23,SKU04546,14,20168.4,1440.6,0
2025-04-29,ST24,SKU02262,6,11169.12,1861.52,1
2025-04-29,ST25,SKU02693,12,27585.6,2298.8,0
2025-04-29,ST26,SKU04192,12,28243.2,2353.6,0
2025-04-29,ST27,SKU01004,4,7926.88,1981.72,0
2025-04-29,ST29,SKU00262,20,9349.2,467.46,0
2025-04-29,ST29,SKU03218,14,23744.28,1696.02,0
2025-04-30,ST01,SKU04146,15,13964.4,930.96,0
2025-04-30,ST02,SKU00209,0,0.0,636.03,0
2025-04-30,ST02,SKU01737,2,4103.94,2051.97,0
2025-04-30,ST03,SKU03201,10,2968.3,296.83,1
2025-04-30,ST03,SKU04523,24,46642.08,1943.42,1
2025-04-30,ST04,SKU00795,6,10839.12,1806.52,0
2025-04-30,ST05,SKU01887,17,33600.16,1976.48,0
2025-04-30,ST05,SKU03751,3,311.19,103.73,0
2025-04-30,ST05,SKU04675,16,23803.68,1487.73,0
2025-04-30,ST06,SKU00705,8,19530.72,2441.34,0
2025-04-30,ST06,SKU01677,25,24412.25,976.49,1
2025-04-30,ST06,SKU02961,14,31613.54,2258.11,0
2025-04-30,ST08,SKU03039,14,32489.66,2320.69,0
2025-04-30,ST10,SKU02483,3,339.18,113.06,0
2025-04-30,ST12,SKU03611,26,57895.24,2226.74,0
2025-04-30,ST12,SKU04706,25,21489.75,859.59,0
2025-04-30,ST13,SKU02143,7,16398.9,2342.7,0
2025-04-30,ST13,SKU04023,24,31099.44,1295.81,0
2025-04-30,ST15,SKU00011,32,63238.08,1976.19,1
2025-04-30,ST15,SKU03815,21,6019.23,286.63,0
2025-04-30,ST18,SKU02346,15,6102.3,406.82,0
2025-04-30,ST18,SKU02385,8,13842.48,1730.31,1
2025-04-30,ST18,SKU02681,11,24616.79,2237.89,0
2025-04-30,ST19,SKU02782,19,23868.75,1256.25,1
2025-04-30,ST19,SKU02942,10,18246.5,1824.65,0
2025-04-30,ST20,SKU03238,21,23781.87,1132.47,0
2025-04-30,ST22,SKU02770,25,41158.75,1646.35,0
2025-04-30,ST22,SKU04046,13,11116.04,855.08,1
2025-04-30,ST24,SKU00353,4,4128.32,1032.08,0
2025-04-30,ST24,SKU04742,5,3046.0,609.2,0
2025-04-30,ST25,SKU00503,11,22004.84,2000.44,0
2025-04-30,ST26,SKU01618,5,8782.6,1756.52,0
2025-04-30,ST26,SKU02805,18,37494.18,2083.01,0
2025-04-30,ST28,SKU01524,9,4806.81,534.09,0
2025-04-30,ST28,SKU04447,9,22331.16,2481.24,0
2025-04-30,ST28,SKU04982,13,21093.41,1622.57,0
2025-04-30,ST29,SKU00997,15,17194.35,1146.29,0
2025-04-30,ST29,SKU01023,18,44754.84,2486.38,0
2025-04-30,ST30,SKU02171,11,7508.05,682.55,0
2025-05-01,ST01,SKU00313,3,4141.59,1380.53,1
2025-05-01,ST02,SKU01760,10,8331.2,833.12,1
2025-05-01,ST02,SKU02367,7,5076.12,725.16,0
2025-05-01,ST04,SKU03589,8,6484.88,810.61,0
2025-05-01,ST05,SKU02864,0,0.0,761.3,0
2025-05-01,ST05,SKU04014,15,23459.85,1563.99,0
2025-05-01,ST07,SKU03997,17,26569.81,1562.93,0
2025-05-01,ST08,SKU00332,5,3089.95,617.99,1
2025-05-01,ST08,SKU01027,19,24088.01,1267.79,0
2025-05-01,ST08,SKU04882,24,20095.68,837.32,1
2025-05-01,ST10,SKU02350,18,24473.52,1359.64,0
2025-05-01,ST11,SKU04126,7,4856.74,693.82,0
2025-05-01,ST13,SKU01119,20,47653.0,2382.65,1
2025-05-01,ST13,SKU03510,7,17274.46,2467.78,0
2025-05-01,ST14,SKU03732,1,2312.84,2312.84,0
2025-05-01,ST15,SKU01835,12,12420.36,1035.03,0
2025-05-01,ST15,SKU02557,15,24314.25,1620.95,1
2025-05-01,ST15,SKU03809,19,36187.4,1904.6,1
2025-05-01,ST16,SKU04348,13,7928.7,609.9,0
2025-05-01,ST17,SKU01048,10,18093.7,1809.37,0
2025-05-01,ST18,SKU00336,8,18032.88,2254.11,0
2025-05-01,ST18,SKU01108,11,23226.28,2111.48,0
2025-05-01,ST18,SKU01845,9,2745.54,305.06,0
2025-05-01,ST19,SKU03038,26,7296.12,280.62,0
2025-05-01,ST19,SKU03599,6,4145.58,690.93,0
2025-05-01,ST20,SKU01649,8,15779.92,1972.49,0
2025-05-01,ST20,SKU03508,13,18914.61,1454.97,0
2025-05-01,ST22,SKU01498,0,0.0,2111.53,0
2025-05-01,ST23,SKU02346,6,2440.92,406.82,0
2025-05-01,ST23,SKU03448,12,4631.64,385.97,0
2025-05-01,ST25,SKU01886,36,9434.88,262.08,0
2025-05-01,ST26,SKU00766,18,21766.14,1209.23,0
2025-05-01,ST28,SKU01047,14,27198.92,1942.78,0
2025-05-02,ST02,SKU01435,7,16110.15,2301.45,0
2025-05-02,ST02,SKU03460,2,1576.0,788.0,1
2025-05-02,ST04,SKU03542,6,12338.52,2056.42,0
2025-05-02,ST05,SKU02892,6,2868.9,478.15,0
2025-05-02,ST07,SKU01435,30,69043.5,2301.45,0
2025-05-02,ST07,SKU02090,30,54337.2,1811.24,1
2025-05-02,ST08,SKU01104,11,4644.97,422.27,0
2025-05-02,ST10,SKU01204,19,45232.73,2380.67,0
2025-05-02,ST10,SKU02796,6,899.04,149.84,0
2025-05-02,ST10,SKU03260,5,7672.55,1534.51,0
2025-05-02,ST12,SKU00907,34,37345.6,1098.4,1
2025-05-02,ST13,SKU01540,34,30219.54,888.81,0
2025-05-02,ST13,SKU02309,13,6965.01,535.77,1
2025-05-02,ST13,SKU03861,3,6436.86,2145.62,0
2025-05-02,ST15,SKU03691,8,9643.36,1205.42,0
2025-05-02,ST18,SKU01536,0,0.0,1029.56,0
2025-05-02,ST18,SKU02161,12,2285.04,190.42,0
2025-05-02,ST18,SKU03097,30,32300.1,1076.67,0
2025-05-02,ST18,SKU04159,4,7870.4,1967.6,1
2025-05-02,ST20,SKU00897,20,25051.8,1252.59,1
2025-05-02,ST22,SKU01140,17,9151.61,538.33,0
2025-05-02,ST22,SKU01465,33,81453.57,2468.29,0
2025-05-02,ST22,SKU03420,6,10419.54,1736.59,0
2025-05-02,ST25,SKU00456,24,22229.04,926.21,0
2025-05-02,ST25,SKU04098,33,5751.9,174.3,0
2025-05-02,ST27,SKU02460,4,9570.88,2392.72,0
2025-05-02,ST28,SKU00587,28,56115.36,2004.12,1
2025-05-02,ST30,SKU01568,8,12902.72,1612.84,0
2025-05-02,ST30,SKU02033,23,43613.29,1896.23,1
2025-05-03,ST01,SKU01998,10,15076.2,1507.62,0
2025-05-03,ST01,SKU02613,18,30290.58,1682.81,0
2025-05-03,ST02,SKU03837,38,51095.94,1344.63,1
2025-05-03,ST03,SKU00694,18,43949.34,2441.63,0
2025-05-03,ST04,SKU01825,11,920.26,83.66,0
2025-05-03,ST04,SKU03188,10,23338.2,2333.82,0
2025-05-03,ST05,SKU01468,12,11719.32,976.61,1
2025-05-03,ST05,SKU02464,18,7210.8,400.6,0
2025-05-03,ST05,SKU03888,8,1691.12,211.39,0
2025-05-03,ST06,SKU00825,6,13207.62,2201.27,0
2025-05-03,ST06,SKU04329,10,16290.2,1629.02,0
2025-05-03,ST07,SKU03142,12,23842.08,1986.84,0
2025-05-03,ST08,SKU01059,8,4154.32,519.29,0
2025-05-03,ST10,SKU03094,5,3062.05,612.41,0
2025-05-03,ST10,SKU03917,4,4452.96,1113.24,0
2025-05-03,ST11,SKU01716,7,11137.91,1591.13,0
2025-05-03,ST12,SKU01316,42,44614.92,1062.26,0
2025-05-03,ST12,SKU04086,13,10091.77,776.29,0
2025-05-03,ST12,SKU04357,1,1467.8,1467.8,0
2025-05-03,ST14,SKU04083,1,903.27,903.27,0
2025-05-03,ST14,SKU04101,14,23134.72,1652.48,0
2025-05-03,ST15,SKU02248,26,41703.48,1603.98,0
2025-05-03,ST17,SKU01977,22,52293.34,2376.97,0
2025-05-03,ST18,SKU03276,35,16906.4,483.04,1
2025-05-03,ST19,SKU01738,2,3655.6,1827.8,0
2025-05-03,ST21,SKU00172,7,1302.77,186.11,0
2025-05-03,ST21,SKU04170,4,2807.6,701.9,0
2025-05-03,ST22,SKU04561,26,31175.3,1199.05,1
2025-05-03,ST23,SKU02045,34,73699.42,2167.63,1
2025-05-03,ST23,SKU04107,7,3868.2,552.6,0
2025-05-03,ST23,SKU04532,12,28223.52,2351.96,0
2025-05-03,ST24,SKU03906,19,8867.87,466.73,0
2025-05-03,ST25,SKU04392,23,24362.52,1059.24,0
2025-05-03,ST28,SKU00492,35,27323.1,780.66,1
2025-05-03,ST28,SKU01986,28,40318.32,1439.94,0
2025-05-03,ST29,SKU02749,11,9758.1,887.1,0
2025-05-03,ST29,SKU03501,22,7443.7,338.35,0
2025-05-03,ST30,SKU01370,7,15635.48,2233.64,0
2025-05-04,ST02,SKU03183,11,4317.72,392.52,0
2025-05-04,ST05,SKU01071,3,2503.86,834.62,0
2025-05-04,ST05,SKU01559,8,7412.32,926.54,0
2025-05-04,ST08,SKU01946,5,3040.6,608.12,0
2025-05-04,ST13,SKU00772,4,4688.04,1172.01,1
2025-05-04,ST13,SKU01964,30,29829.9,994.33,0
2025-05-04,ST13,SKU04787,9,11015.37,1223.93,0
2025-05-04,ST14,SKU01322,10,3958.6,395.86,0
2025-05-04,ST16,SKU01613,31,64056.54,2066.34,1
2025-05-04,ST18,SKU00333,32,2804.8,87.65,1
2025-05-04,ST18,SKU03873,16,22108.48,1381.78,1
2025-05-04,ST18,SKU04491,8,6436.88,804.61,0
2025-05-04,ST19,SKU03612,6,8426.28,1404.38,0
2025-05-04,ST22,SKU00314,4,7390.28,1847.57,0
2025-05-04,ST23,SKU04173,19,11703.43,615.97,0
2025-05-04,ST23,SKU04491,7,5632.27,804.61,1
2025-05-04,ST24,SKU02407,16,29389.76,1836.86,0
2025-05-04,ST25,SKU01777,6,867.42,144.57,0
2025-05-04,ST25,SKU03363,22,21432.4,974.2,0
2025-05-04,ST26,SKU04853,23,12417.7,539.9,0
2025-05-04,ST28,SKU00793,12,20792.4,1732.7,0
2025-05-05,ST01,SKU03979,16,23500.0,1468.75,0
2025-05-05,ST02,SKU02844,4,9216.84,2304.21,0
2025-05-05,ST02,SKU02885,6,10604.16,1767.36,0
2025-05-05,ST02,SKU03362,10,4072.6,407.26,0
2025-05-05,ST03,SKU00715,17,35309.68,2077.04,0
2025-05-05,ST05,SKU02119,6,4269.42,711.57,0
2025-05-05,ST06,SKU00762,27,26915.22,996.86,0
2025-05-05,ST06,SKU01976,4,9077.68,2269.42,0
2025-05-05,ST07,SKU03837,17,22858.71,1344.63,0
2025-05-05,ST07,SKU03853,16,20238.24,1264.89,1
2025-05-05,ST07,SKU04239,47,99098.09,2108.47,1
2025-05-05,ST09,SKU01089,7,17068.24,2438.32,0
2025-05-05,ST09,SKU01658,20,5291.0,264.55,1
2025-05-05,ST09,SKU02964,20,45870.0,2293.5,1
2025-05-05,ST11,SKU04947,14,31667.3,2261.95,0
2025-05-05,ST12,SKU00386,26,40501.24,1557.74,0
2025-05-05,ST13,SKU00294,6,1907.52,317.92,0
2025-05-05,ST13,SKU01942,3,7057.05,2352.35,0
2025-05-05,ST14,SKU00329,17,29287.26,1722.78,0
2025-05-05,ST14,SKU04001,21,15522.15,739.15,0
2025-05-05,ST14,SKU04304,15,8455.8,563.72,0
2025-05-05,ST14,SKU04530,14,19881.82,1420.13,0
2025-05-05,ST16,SKU03703,28,30815.12,1100.54,0
2025-05-05,ST19,SKU03979,23,33781.25,1468.75,1
2025-05-05,ST20,SKU00825,10,22012.7,2201.27,0
2025-05-05,ST20,SKU00837,9,15780.42,1753.38,0
2025-05-05,ST20,SKU04665,5,3961.7,792.34,0
2025-05-05,ST21,SKU02571,3,5995.65,1998.55,0
2025-05-05,ST22,SKU01724,28,64173.76,2291.92,0
2025-05-05,ST23,SKU00858,15,14468.55,964.57,0
2025-05-05,ST24,SKU00513,9,6373.53,708.17,1
2025-05-05,ST24,SKU03286,15,1735.65,115.71,0
2025-05-05,ST24,SKU04822,30,22683.9,756.13,0
2025-05-05,ST25,SKU01572,9,20455.47,2272.83,0
2025-05-05,ST26,SKU00625,26,41103.4,1580.9,0
2025-05-05,ST28,SKU03019,5,10446.75,2089.35,0
2025-05-05,ST28,SKU03087,9,8634.06,959.34,0
2025-05-05,ST29,SKU04134,4,8686.72,2171.68,0
2025-05-06,ST01,SKU00259,3,7067.91,2355.97,0
2025-05-06,ST01,SKU04006,4,385.6,96.4,0
2025-05-06,ST02,SKU01206,9,14457.69,1606.41,0
2025-05-06,ST02,SKU01326,14,5682.46,405.89,1
2025-05-06,ST02,SKU04242,7,10624.04,1517.72,1
2025-05-06,ST02,SKU04799,6,9122.34,1520.39,0
2025-05-06,ST03,SKU03067,39,27084.33,694.47,0
2025-05-06,ST03,SKU03808,15,28550.55,1903.37,0
2025-05-06,ST04,SKU03550,27,12045.24,446.12,0
2025-05-06,ST04,SKU04654,8,14227.44,1778.43,0
2025-05-06,ST04,SKU04844,8,17059.92,2132.49,0
2025-05-06,ST05,SKU00113,4,5397.24,1349.31,0
2025-05-06,ST06,SKU03139,10,12659.4,1265.94,0
2025-05-06,ST07,SKU03053,19,9593.29,504.91,0
2025-05-06,ST08,SKU04853,17,9178.3,539.9,0
2025-05-06,ST09,SKU02356,11,17329.95,1575.45,0
2025-05-06,ST13,SKU03927,5,4738.5,947.7,0
2025-05-06,ST14,SKU04469,12,23444.88,1953.74,0
2025-05-06,ST15,SKU00764,21,1350.93,64.33,0
2025-05-06,ST15,SKU02332,28,3244.08,115.86,0
2025-05-06,ST18,SKU00925,5,8643.25,1728.65,0
2025-05-06,ST18,SKU03690,3,5058.78,1686.26,0
2025-05-06,ST19,SKU03259,15,28709.85,1913.99,0
2025-05-06,ST19,SKU04677,9,6762.42,751.38,0
2025-05-06,ST20,SKU04212,12,15973.92,1331.16,0
2025-05-06,ST22,SKU02830,30,39675.9,1322.53,1
2025-05-06,ST23,SKU00319,8,12313.04,1539.13,0
2025-05-06,ST23,SKU00690,9,10114.92,1123.88,0
2025-05-06,ST24,SKU02833,17,35429.87,2084.11,0
2025-05-06,ST27,SKU01358,11,5944.29,540.39,0
2025-05-06,ST28,SKU03334,10,7985.5,798.55,0
2025-05-06,ST29,SKU00631,21,46414.83,2210.23,0
2025-05-06,ST29,SKU02289,16,8401.92,525.12,0
2025-05-06,ST29,SKU02803,2,4997.68,2498.84,0
2025-05-06,ST30,SKU00971,8,9327.04,1165.88,0
2025-05-06,ST30,SKU01663,38,12614.86,331.97,1
2025-05-06,ST30,SKU04597,18,22197.78,1233.21,0
2025-05-06,ST30,SKU04995,15,31882.05,2125.47,0
2025-05-07,ST03,SKU01243,6,5252.76,875.46,0
2025-05-07,ST04,SKU01076,14,4197.34,299.81,0
2025-05-07,ST05,SKU00332,14,8651.86,617.99,0
2025-05-07,ST05,SKU02763,2,1715.76,857.88,0
2025-05-07,ST07,SKU00131,50,63842.5,1276.85,0
2025-05-07,ST07,SKU03654,15,31003.35,2066.89,0
2025-05-07,ST09,SKU01262,8,19026.48,2378.31,0
2025-05-07,ST10,SKU04225,10,9175.2,917.52,0
2025-05-07,ST11,SKU02231,22,41267.6,1875.8,0
2025-05-07,ST11,SKU03525,19,14588.77,767.83,0
2025-05-07,ST11,SKU04996,8,13547.76,1693.47,0
2025-05-07,ST12,SKU04460,4,4689.0,1172.25,0
2025-05-07,ST13,SKU01584,24,43828.08,1826.17,0
2025-05-07,ST14,SKU01327,26,7389.72,284.22,0
2025-05-07,ST14,SKU01652,25,6624.5,264.98,0
2025-05-07,ST16,SKU00165,13,21366.93,1643.61,0
2025-05-07,ST17,SKU00606,1,582.06,582.06,0
2025-05-07,ST17,SKU01419,3,5444.67,1814.89,0
2025-05-07,ST17,SKU01443,14,22768.48,1626.32,0
2025-05-07,ST17,SKU01511,7,13478.29,1925.47,0
2025-05-07,ST18,SKU01230,0,0.0,499.14,0
2025-05-07,ST18,SKU03151,7,6194.09,884.87,0
2025-05-07,ST20,SKU00602,7,9898.84,1414.12,0
2025-05-07,ST20,SKU00618,17,37950.29,2232.37,0
2025-05-07,ST21,SKU00269,9,17006.58,1889.62,0
2025-05-07,ST21,SKU01521,0,0.0,200.62,0
2025-05-07,ST22,SKU00655,11,21595.09,1963.19,0
2025-05-07,ST22,SKU03949,24,24422.64,1017.61,0
2025-05-07,ST23,SKU00174,1,708.22,708.22,0
2025-05-07,ST23,SKU00452,17,9591.57,564.21,0
2025-05-07,ST23,SKU00897,4,5010.36,1252.59,1
2025-05-07,ST24,SKU01670,8,2594.88,324.36,0
2025-05-07,ST24,SKU04459,24,49142.64,2047.61,0
2025-05-07,ST25,SKU03651,7,4314.24,616.32,0
2025-05-07,ST25,SKU04968,27,60972.21,2258.23,0
2025-05-07,ST28,SKU02555,13,28921.62,2224.74,0
2025-05-07,ST28,SKU03095,11,15036.45,1366.95,0
2025-05-07,ST29,SKU04324,17,38870.67,2286.51,1
2025-05-07,ST30,SKU01423,13,4687.8,360.6,0
2025-05-08,ST01,SKU03286,7,809.97,115.71,0
2025-05-08,ST01,SKU03870,28,50893.64,1817.63,0
2025-05-08,ST02,SKU03512,38,38948.1,1024.95,1
2025-05-08,ST03,SKU01672,16,21057.44,1316.09,0
2025-05-08,ST03,SKU04783,1,904.82,904.82,0
2025-05-08,ST06,SKU02403,31,48052.17,1550.07,1
2025-05-08,ST06,SKU03878,15,13208.1,880.54,0
2025-05-08,ST08,SKU04102,11,2289.54,208.14,0
2025-05-08,ST08,SKU04594,0,0.0,1169.18,0
2025-05-08,ST10,SKU00479,32,18391.68,574.74,1
2025-05-08,ST11,SKU00650,4,8576.68,2144.17,0
2025-05-08,ST11,SKU03626,4,1997.56,499.39,1
2025-05-08,ST11,SKU04597,13,16031.73,1233.21,0
2025-05-08,ST13,SKU01376,8,1391.6,173.95,0
2025-05-08,ST13,SKU02176,10,21612.9,2161.29,0
2025-05-08,ST14,SKU04635,39,84427.2,2164.8,1
2025-05-08,ST15,SKU00499,9,21549.87,2394.43,0
2025-05-08,ST15,SKU02557,18,29177.1,1620.95,0
2025-05-08,ST16,SKU03327,6,5189.88,864.98,0
2025-05-08,ST18,SKU00054,18,36280.26,2015.57,0
2025-05-08,ST18,SKU01445,28,8576.12,306.29,0
2025-05-08,ST18,SKU01905,2,4478.32,2239.16,1
2025-05-08,ST19,SKU03822,1,525.76,525.76,0
2025-05-08,ST21,SKU02308,8,14244.08,1780.51,0
2025-05-08,ST22,SKU00977,19,46560.45,2450.55,1
2025-05-08,ST25,SKU02709,11,13358.07,1214.37,0
2025-05-08,ST26,SKU01201,18,33046.38,1835.91,0
2025-05-08,ST26,SKU04776,13,3743.74,287.98,0
2025-05-08,ST27,SKU00348,13,5802.81,446.37,1
2025-05-08,ST27,SKU00740,0,0.0,1906.83,0
2025-05-08,ST27,SKU02593,6,5315.58,885.93,0
2025-05-08,ST28,SKU01175,17,29284.54,1722.62,0
2025-05-08,ST28,SKU02580,0,0.0,1039.34,0
2025-05-09,ST01,SKU02273,16,25159.52,1572.47,0
2025-05-09,ST05,SKU01345,6,12424.2,2070.7,0
2025-05-09,ST05,SKU01735,16,38662.08,2416.38,0
2025-05-09,ST05,SKU01815,23,10168.99,442.13,0
2025-05-09,ST05,SKU04340,13,13237.9,1018.3,0
2025-05-09,ST08,SKU02126,16,15764.0,985.25,0
2025-05-09,ST09,SKU02387,5,12208.95,2441.79,0
2025-05-09,ST09,SKU02632,19,47479.48,2498.92,0
2025-05-09,ST09,SKU02781,14,34122.76,2437.34,0
2025-05-09,ST10,SKU01772,13,16317.86,1255.22,0
2025-05-09,ST10,SKU04818,9,20831.58,2314.62,0
2025-05-09,ST11,SKU04999,20,49794.6,2489.73,0
2025-05-09,ST12,SKU04608,9,3807.27,423.03,1
2025-05-09,ST13,SKU00354,5,314.85,62.97,0
2025-05-09,ST13,SKU01084,20,16318.0,815.9,0
2025-05-09,ST14,SKU00620,4,3157.56,789.39,0
2025-05-09,ST14,SKU01789,19,26978.29,1419.91,0
2025-05-09,ST15,SKU04141,11,21742.05,1976.55,0
2025-05-09,ST17,SKU04031,20,41399.6,2069.98,1
2025-05-09,ST18,SKU01752,19,29085.2,1530.8,0
2025-05-09,ST21,SKU03958,4,1687.76,421.94,0
2025-05-09,ST22,SKU03410,3,7386.9,2462.3,0
2025-05-09,ST22,SKU03714,7,8943.83,1277.69,0
2025-05-09,ST25,SKU00842,12,27908.04,2325.67,1
2025-05-09,ST25,SKU04939,7,12124.91,1732.13,1
2025-05-09,ST26,SKU00686,0,0.0,675.09,0
2025-05-09,ST26,SKU03156,7,17018.54,2431.22,0
2025-05-09,ST27,SKU04045,8,5955.6,744.45,0
2025-05-09,ST28,SKU00561,33,75930.03,2300.91,1
2025-05-09,ST29,SKU01369,14,22735.86,1623.99,0
2025-05-09,ST29,SKU03542,9,18507.78,2056.42,0
2025-05-10,ST01,SKU00695,2,182.54,91.27,0
2025-05-10,ST04,SKU00528,30,71589.6,2386.32,0
2025-05-10,ST05,SKU04567,15,32556.3,2170.42,0
2025-05-10,ST06,SKU00853,11,24837.78,2257.98,0
2025-05-10,ST06,SKU03079,8,12164.96,1520.62,0
2025-05-10,ST12,SKU04693,13,9565.92,735.84,0
2025-05-10,ST14,SKU01364,6,6458.58,1076.43,0
2025-05-10,ST15,SKU04911,13,26730.86,2056.22,0
2025-05-10,ST16,SKU00584,2,594.2,297.1,0
2025-05-10,ST16,SKU04504,16,27475.36,1717.21,0
2025-05-10,ST16,SKU04668,13,4736.81,364.37,0
2025-05-10,ST17,SKU03063,15,27464.25,1830.95,1
2025-05-10,ST18,SKU00576,6,8856.54,1476.09,1
2025-05-10,ST18,SKU03611,6,13360.44,2226.74,0
2025-05-10,ST21,SKU04320,7,10309.25,1472.75,0
2025-05-10,ST22,SKU00680,33,3939.87,119.39,0
2025-05-10,ST22,SKU02127,12,3100.56,258.38,0
2025-05-10,ST22,SKU04712,21,7449.33,354.73,0
2025-05-10,ST24,SKU01509,15,6859.2,457.28,0
2025-05-10,ST26,SKU01628,16,1392.64,87.04,0
2025-05-10,ST27,SKU00646,11,16840.78,1530.98,0
2025-05-10,ST28,SKU00406,8,7429.04,928.63,0
2025-05-10,ST28,SKU01727,16,32783.68,2048.98,0
2025-05-10,ST28,SKU04419,6,12241.92,2040.32,0
2025-05-10,ST28,SKU04649,16,11827.84,739.24,0
2025-05-10,ST30,SKU00018,9,19304.28,2144.92,0
2025-05-11,ST01,SKU00080,13,11007.49,846.73,0
2025-05-11,ST01,SKU00396,12,28854.84,2404.57,0
2025-05-11,ST01,SKU04231,13,28871.83,2220.91,0
2025-05-11,ST02,SKU00823,9,14023.62,1558.18,0
2025-05-11,ST05,SKU03038,10,2806.2,280.62,0
2025-05-11,ST06,SKU03794,28,13765.08,491.61,0
2025-05-11,ST06,SKU04136,17,3003.9,176.7,1
2025-05-11,ST07,SKU00839,18,27450.9,1525.05,0
2025-05-11,ST08,SKU01423,5,1803.0,360.6,0
2025-05-11,ST09,SKU01528,22,32016.6,1455.3,0
2025-05-11,ST10,SKU02469,8,6191.44,773.93,0
2025-05-11,ST10,SKU02509,10,5693.2,569.32,0
2025-05-11,ST11,SKU01204,22,52374.74,2380.67,1
2025-05-11,ST13,SKU01530,37,75159.21,2031.33,1
2025-05-11,ST13,SKU02536,0,0.0,1365.34,0
2025-05-11,ST13,SKU02801,10,18585.4,1858.54,0
2025-05-11,ST14,SKU00985,7,10278.73,1468.39,0
2025-05-11,ST15,SKU03936,0,0.0,689.2,0
2025-05-11,ST18,SKU00277,3,7327.17,2442.39,0
2025-05-11,ST19,SKU03283,12,14174.04,1181.17,1
2025-05-11,ST20,SKU04591,5,3769.95,753.99,1
2025-05-11,ST22,SKU00963,2,4023.66,2011.83,0
2025-05-11,ST24,SKU00617,30,23905.2,796.84,0
2025-05-11,ST24,SKU01313,14,34908.72,2493.48,0
2025-05-11,ST24,SKU03449,8,18648.0,2331.0,0
2025-05-11,ST27,SKU02226,10,23548.6,2354.86,0
2025-05-11,ST27,SKU02344,11,18230.3,1657.3,1
2025-05-11,ST27,SKU03204,24,50318.88,2096.62,0
2025-05-11,ST27,SKU04893,19,39741.35,2091.65,1
2025-05-11,ST28,SKU00465,12,1871.64,155.97,0
2025-05-11,ST29,SKU02039,19,37967.51,1998.29,0
2025-05-12,ST01,SKU04924,5,7818.6,1563.72,1
2025-05-12,ST02,SKU03412,0,0.0,88.39,0
2025-05-12,ST02,SKU04919,17,37193.11,2187.83,0
2025-05-12,ST03,SKU00848,7,6342.77,906.11,0
2025-05-12,ST03,SKU01113,26,27550.64,1059.64,1
2025-05-12,ST03,SKU01998,0,0.0,1507.62,0
2025-05-12,ST03,SKU04314,25,32217.5,1288.7,1
2025-05-12,ST04,SKU01755,6,8028.42,1338.07,0
2025-05-12,ST07,SKU02386,7,10675.84,1525.12,0
2025-05-12,ST09,SKU01072,27,45589.77,1688.51,0
2025-05-12,ST10,SKU03303,11,20477.6,1861.6,1
2025-05-12,ST11,SKU00225,26,48764.04,1875.54,0
2025-05-12,ST11,SKU00445,10,12241.0,1224.1,1
2025-05-12,ST12,SKU00520,10,10929.6,1092.96,0
2025-05-12,ST12,SKU02576,27,42147.81,1561.03,0
2025-05-12,ST12,SKU03508,5,7274.85,1454.97,0
2025-05-12,ST14,SKU01935,12,17407.8,1450.65,0
2025-05-12,ST16,SKU00370,11,25921.72,2356.52,0
2025-05-12,ST16,SKU01681,7,11024.3,1574.9,1
2025-05-12,ST16,SKU04962,9,5402.34,600.26,0
2025-05-12,ST17,SKU03152,19,23995.48,1262.92,0
2025-05-12,ST17,SKU04100,0,0.0,1572.27,1
2025-05-12,ST18,SKU01232,4,9842.44,2460.61,0
2025-05-12,ST20,SKU03510,23,56758.94,2467.78,0
2025-05-12,ST22,SKU02614,17,39105.61,2300.33,0
2025-05-12,ST23,SKU02620,18,36837.9,2046.55,0
2025-05-12,ST24,SKU03236,9,8159.85,906.65,0
2025-05-12,ST25,SKU00530,23,6538.21,284.27,0
2025-05-12,ST25,SKU00843,8,6852.08,856.51,0
2025-05-12,ST25,SKU04346,21,42884.94,2042.14,0
2025-05-12,ST26,SKU02838,15,3495.9,233.06,0
2025-05-12,ST26,SKU04361,16,9884.8,617.8,0
2025-05-12,ST27,SKU01100,21,16869.51,803.31,0
2025-05-12,ST27,SKU01713,12,5113.68,426.14,0
2025-05-12,ST27,SKU02295,6,6159.72,1026.62,0
2025-05-12,ST30,SKU00079,0,0.0,1389.15,0
2025-05-12,ST30,SKU00798,7,12666.64,1809.52,0
2025-05-12,ST30,SKU03122,9,11540.61,1282.29,0
2025-05-13,ST01,SKU01341,6,435.96,72.66,0
2025-05-13,ST01,SKU02592,15,34217.4,2281.16,0
2025-05-13,ST01,SKU04505,15,22956.6,1530.44,0
2025-05-13,ST03,SKU01857,19,38915.8,2048.2,0
2025-05-13,ST03,SKU03113,4,754.52,188.63,0
2025-05-13,ST03,SKU03177,17,36153.05,2126.65,0
2025-05-13,ST04,SKU00740,19,36229.77,1906.83,0
2025-05-13,ST04,SKU01365,7,8935.29,1276.47,0
2025-05-13,ST04,SKU03078,32,71560.64,2236.27,0
2025-05-13,ST05,SKU03119,7,5806.57,829.51,1
2025-05-13,ST07,SKU01569,13,23622.56,1817.12,1
2025-05-13,ST07,SKU02016,30,50400.0,1680.0,0
2025-05-13,ST09,SKU04537,8,11663.04,1457.88,0
2025-05-13,ST11,SKU02615,7,4543.91,649.13,0
2025-05-13,ST13,SKU03562,5,7642.75,1528.55,1
2025-05-13,ST13,SKU03991,3,6105.42,2035.14,0
2025-05-13,ST14,SKU00962,24,21681.36,903.39,0
2025-05-13,ST14,SKU01599,4,2529.12,632.28,0
2025-05-13,ST15,SKU03446,14,15404.06,1100.29,0
2025-05-13,ST16,SKU03841,14,4911.76,350.84,0
2025-05-13,ST17,SKU00945,11,8147.37,740.67,0
2025-05-13,ST18,SKU01643,16,14798.24,924.89,0
2025-05-13,ST18,SKU02207,0,0.0,1834.81,0
2025-05-13,ST19,SKU01055,26,48435.66,1862.91,0
2025-05-13,ST19,SKU01416,3,3355.47,1118.49,0
2025-05-13,ST20,SKU02729,16,3898.24,243.64,0
2025-05-13,ST20,SKU03130,17,8423.67,495.51,0
2025-05-13,ST20,SKU03747,14,12982.48,927.32,0
2025-05-13,ST21,SKU03570,5,5346.85,1069.37,0
2025-05-13,ST21,SKU03649,4,7869.48,1967.37,0
2025-05-13,ST23,SKU00759,9,22356.72,2484.08,0
2025-05-13,ST23,SKU01922,0,0.0,1821.92,1
2025-05-13,ST23,SKU04028,4,6700.08,1675.02,0
2025-05-13,ST23,SKU04080,7,12889.1,1841.3,0
2025-05-13,ST23,SKU04290,8,12030.32,1503.79,0
2025-05-13,ST24,SKU02827,15,15470.85,1031.39,0
2025-05-13,ST24,SKU04633,11,22617.21,2056.11,0
2025-05-13,ST28,SKU00943,14,7873.04,562.36,0
2025-05-13,ST28,SKU02920,10,23231.8,2323.18,0
2025-05-13,ST28,SKU04080,18,33143.4,1841.3,0
2025-05-13,ST28,SKU04214,3,6900.27,2300.09,0
2025-05-13,ST28,SKU04537,4,5831.52,1457.88,0
2025-05-14,ST01,SKU03040,8,11480.96,1435.12,0
2025-05-14,ST02,SKU00973,3,4755.12,1585.04,0
2025-05-14,ST02,SKU04298,12,21750.72,1812.56,0
2025-05-14,ST06,SKU00715,0,0.0,2077.04,0
2025-05-14,ST06,SKU01673,4,9215.76,2303.94,0
2025-05-14,ST07,SKU00075,10,18031.9,1803.19,0
2025-05-14,ST07,SKU03364,10,24747.3,2474.73,0
2025-05-14,ST08,SKU02526,19,20551.73,1081.67,1
2025-05-14,ST08,SKU02981,18,34431.12,1912.84,1
2025-05-14,ST08,SKU04310,13,25590.63,1968.51,0
2025-05-14,ST09,SKU02381,22,44377.52,2017.16,1
2025-05-14,ST11,SKU01007,4,7199.48,1799.87,0
2025-05-14,ST11,SKU03752,20,5814.6,290.73,1
2025-05-14,ST13,SKU04824,15,36714.6,2447.64,0
2025-05-14,ST13,SKU04951,18,44684.82,2482.49,0
2025-05-14,ST14,SKU00017,11,9907.81,900.71,0
2025-05-14,ST14,SKU03478,7,11273.22,1610.46,0
2025-05-14,ST16,SKU00027,15,22351.8,1490.12,0
2025-05-14,ST16,SKU00381,9,18764.37,2084.93,0
2025-05-14,ST16,SKU02346,2,813.64,406.82,0
2025-05-14,ST17,SKU00265,14,4475.1,319.65,0
2025-05-14,ST17,SKU00662,13,6438.51,495.27,0
2025-05-14,ST17,SKU03967,4,1839.8,459.95,0
2025-05-14,ST18,SKU00898,5,1934.8,386.96,0
2025-05-14,ST18,SKU03820,22,46398.22,2109.01,1
2025-05-14,ST19,SKU02702,10,20625.6,2062.56,0
2025-05-14,ST19,SKU04152,16,39512.16,2469.51,1
2025-05-14,ST20,SKU01860,8,2153.84,269.23,0
2025-05-14,ST20,SKU03000,19,46950.14,2471.06,0
2025-05-14,ST20,SKU03141,54,13706.82,253.83,0
2025-05-14,ST22,SKU04760,10,14448.6,1444.86,0
2025-05-14,ST24,SKU00184,24,3516.0,146.5,0
2025-05-14,ST25,SKU00258,8,6393.6,799.2,0
2025-05-14,ST25,SKU03495,10,16211.2,1621.12,0
2025-05-14,ST26,SKU00558,10,1988.0,198.8,0
2025-05-14,ST26,SKU01298,6,3096.0,516.0,0
2025-05-14,ST28,SKU01382,17,19997.1,1176.3,0
2025-05-14,ST30,SKU02020,17,2748.73,161.69,0
2025-05-14,ST30,SKU02384,33,61548.3,1865.1,0
2025-05-14,ST30,SKU04584,10,3804.4,380.44,0
2025-05-15,ST01,SKU02046,36,35782.56,993.96,0
2025-05-15,ST01,SKU02992,11,4368.87,397.17,0
2025-05-15,ST02,SKU00463,11,2114.53,192.23,0
2025-05-15,ST02,SKU01822,14,891.52,63.68,0
2025-05-15,ST04,SKU00979,21,11756.64,559.84,0
2025-05-15,ST05,SKU00914,15,30737.55,2049.17,0
2025-05-15,ST05,SKU03616,14,18722.34,1337.31,1
2025-05-15,ST06,SKU00742,13,3106.61,238.97,0
2025-05-15,ST06,SKU01321,1,1544.28,1544.28,0
2025-05-15,ST06,SKU04783,24,21715.68,904.82,0
2025-05-15,ST08,SKU00271,40,68510.0,1712.75,0
2025-05-15,ST09,SKU03176,18,37722.6,2095.7,0
2025-05-15,ST11,SKU04959,12,5823.0,485.25,0
2025-05-15,ST11,SKU04990,12,20201.52,1683.46,0
2025-05-15,ST12,SKU02241,28,46361.84,1655.78,0
2025-05-15,ST12,SKU02407,15,27552.9,1836.86,0
2025-05-15,ST13,SKU02557,6,9725.7,1620.95,0
2025-05-15,ST13,SKU03383,15,10732.95,715.53,0
2025-05-15,ST14,SKU02341,4,5916.64,1479.16,0
2025-05-15,ST16,SKU02011,19,29978.01,1577.79,0
2025-05-15,ST17,SKU04807,8,9796.56,1224.57,0
2025-05-15,ST19,SKU00694,6,14649.78,2441.63,0
2025-05-15,ST20,SKU03508,53,77113.41,1454.97,0
2025-05-15,ST21,SKU00765,4,8577.88,2144.47,1
2025-05-15,ST23,SKU03354,3,298.62,99.54,0
2025-05-15,ST25,SKU01631,21,7861.77,374.37,0
2025-05-15,ST25,SKU02026,14,20675.76,1476.84,0
2025-05-15,ST25,SKU04963,14,22892.38,1635.17,1
2025-05-15,ST27,SKU02078,16,32097.92,2006.12,0
2025-05-15,ST27,SKU04787,12,14687.16,1223.93,0
2025-05-15,ST28,SKU02763,9,7720.92,857.88,0
2025-05-15,ST29,SKU03442,10,20766.2,2076.62,1
2025-05-16,ST01,SKU01486,6,7691.1,1281.85,0
2025-05-16,ST02,SKU02731,28,12562.76,448.67,1
2025-05-16,ST04,SKU04137,19,33440.0,1760.0,0
2025-05-16,ST05,SKU02352,20,31071.2,1553.56,0
2025-05-16,ST07,SKU00827,6,1924.32,320.72,0
2025-05-16,ST07,SKU04075,14,25853.52,1846.68,0
2025-05-16,ST08,SKU01097,21,51070.74,2431.94,0
2025-05-16,ST09,SKU03356,5,1679.45,335.89,0
2025-05-16,ST10,SKU00002,6,7554.12,1259.02,0
2025-05-16,ST10,SKU02697,18,21940.02,1218.89,1
2025-05-16,ST10,SKU02735,30,51700.8,1723.36,0
2025-05-16,ST10,SKU04136,13,2297.1,176.7,0
2025-05-16,ST11,SKU01320,13,7042.49,541.73,0
2025-05-16,ST11,SKU02188,1,1628.44,1628.44,0
2025-05-16,ST11,SKU04344,14,27618.36,1972.74,0
2025-05-16,ST12,SKU02342,11,582.12,52.92,0
2025-05-16,ST12,SKU02815,26,16337.36,628.36,0
2025-05-16,ST12,SKU03015,7,7202.86,1028.98,0
2025-05-16,ST13,SKU00176,27,38553.03,1427.89,1
2025-05-16,ST13,SKU00633,22,50777.1,2308.05,0
2025-05-16,ST13,SKU00920,12,3164.52,263.71,0
2025-05-16,ST13,SKU01685,9,6410.34,712.26,0
2025-05-16,ST13,SKU04215,19,33389.84,1757.36,0
2025-05-16,ST15,SKU02927,12,23018.04,1918.17,0
2025-05-16,ST17,SKU04465,8,19345.2,2418.15,1
2025-05-16,ST18,SKU00966,21,3771.18,179.58,0
2025-05-16,ST18,SKU01082,8,15225.84,1903.23,1
2025-05-16,ST18,SKU02684,38,26306.26,692.27,1
2025-05-16,ST18,SKU04955,35,19941.95,569.77,0
2025-05-16,ST19,SKU00768,2,4797.42,2398.71,0
2025-05-16,ST20,SKU01565,31,40610.62,1310.02,1
2025-05-16,ST22,SKU00012,9,10052.73,1116.97,0
2025-05-16,ST22,SKU03055,27,30338.01,1123.63,0
2025-05-16,ST23,SKU04065,20,38352.2,1917.61,0
2025-05-16,ST24,SKU00429,27,45234.45,1675.35,1
2025-05-16,ST25,SKU01081,8,17283.2,2160.4,0
2025-05-16,ST26,SKU03208,6,2634.36,439.06,0
2025-05-16,ST27,SKU01766,26,28381.86,1091.61,0
2025-05-16,ST29,SKU00474,12,9987.6,832.3,0
2025-05-16,ST29,SKU03035,12,19071.6,1589.3,0
2025-05-16,ST29,SKU04146,5,4654.8,930.96,0
2025-05-16,ST29,SKU04947,25,56548.75,2261.95,1
2025-05-16,ST30,SKU00084,23,9418.5,409.5,1
2025-05-16,ST30,SKU01205,15,12598.5,839.9,0
2025-05-16,ST30,SKU03615,39,57985.2,1486.8,0
2025-05-17,ST01,SKU00573,25,20146.5,805.86,0
2025-05-17,ST04,SKU01621,20,33517.2,1675.86,0
2025-05-17,ST05,SKU01516,21,25964.61,1236.41,0
2025-05-17,ST05,SKU02544,0,0.0,523.9,0
2025-05-17,ST05,SKU03304,10,15418.6,1541.86,1
2025-05-17,ST07,SKU03761,3,2357.85,785.95,0
2025-05-17,ST08,SKU02546,3,4134.09,1378.03,0
2025-05-17,ST08,SKU04804,12,5145.12,428.76,0
2025-05-17,ST09,SKU04304,0,0.0,563.72,1
2025-05-17,ST09,SKU04929,4,5300.84,1325.21,0
2025-05-17,ST10,SKU00216,33,1705.77,51.69,0
2025-05-17,ST10,SKU01388,15,31779.3,2118.62,0
2025-05-17,ST10,SKU01447,7,5177.9,739.7,0
2025-05-17,ST11,SKU04744,4,6487.52,1621.88,0
2025-05-17,ST12,SKU04112,5,1457.75,291.55,0
2025-05-17,ST13,SKU00729,13,17824.43,1371.11,0
2025-05-17,ST14,SKU00859,9,19888.56,2209.84,0
2025-05-17,ST16,SKU01587,14,18033.68,1288.12,0
2025-05-17,ST17,SKU01060,5,7543.6,1508.72,0
2025-05-17,ST18,SKU02142,10,17528.1,1752.81,0
2025-05-17,ST20,SKU03508,8,11639.76,1454.97,0
2025-05-17,ST22,SKU01890,18,16659.72,925.54,1
2025-05-17,ST23,SKU01706,15,24400.5,1626.7,0
2025-05-17,ST23,SKU01919,7,12182.45,1740.35,0
2025-05-17,ST23,SKU03970,4,1019.12,254.78,1
2025-05-17,ST24,SKU04915,0,0.0,2326.44,0
2025-05-17,ST26,SKU00283,17,7730.41,454.73,0
2025-05-17,ST26,SKU00815,11,11837.54,1076.14,0
2025-05-17,ST26,SKU02769,21,22850.94,1088.14,0
2025-05-17,ST26,SKU02984,11,1278.42,116.22,0
2025-05-17,ST27,SKU00248,7,13283.97,1897.71,0
2025-05-17,ST27,SKU00666,26,16806.66,646.41,0
2025-05-17,ST28,SKU03894,10,18577.1,1857.71,0
2025-05-17,ST29,SKU00147,7,16586.22,2369.46,0
2025-05-17,ST29,SKU00473,19,25737.4,1354.6,0
2025-05-17,ST29,SKU04408,61,123104.1,2018.1,1
2025-05-17,ST30,SKU01335,11,24587.75,2235.25,0
2025-05-17,ST30,SKU01971,27,7104.51,263.13,0
2025-05-17,ST30,SKU04674,5,7757.3,1551.46,0
2025-05-18,ST01,SKU00355,8,6435.6,804.45,0
2025-05-18,ST03,SKU00784,16,39979.52,2498.72,0
2025-05-18,ST03,SKU02505,24,15346.8,639.45,1
2025-05-18,ST03,SKU04362,21,5816.79,276.99,1
2025-05-18,ST04,SKU00361,10,22154.7,2215.47,0
2025-05-18,ST04,SKU03268,9,2146.23,238.47,1
2025-05-18,ST04,SKU04264,11,26226.75,2384.25,0
2025-05-18,ST04,SKU04728,16,24970.56,1560.66,0
2025-05-18,ST05,SKU04876,31,12379.23,399.33,0
2025-05-18,ST08,SKU02378,6,13533.18,2255.53,0
2025-05-18,ST09,SKU03287,3,6506.91,2168.97,0
2025-05-18,ST10,SKU01492,7,2228.24,318.32,0
2025-05-18,ST11,SKU03767,11,24004.53,2182.23,0
2025-05-18,ST13,SKU02492,16,20775.52,1298.47,0
2025-05-18,ST13,SKU02653,3,5551.8,1850.6,0
2025-05-18,ST13,SKU04615,20,21074.4,1053.72,0
2025-05-18,ST14,SKU03202,18,1485.0,82.5,0
2025-05-18,ST14,SKU04141,18,35577.9,1976.55,0
2025-05-18,ST15,SKU00540,26,15795.52,607.52,1
2025-05-18,ST16,SKU03613,13,11018.8,847.6,1
2025-05-18,ST16,SKU04305,7,3182.34,454.62,0
2025-05-18,ST17,SKU00115,27,62466.39,2313.57,1
2025-05-18,ST18,SKU02673,9,7450.92,827.88,0
2025-05-18,ST18,SKU04991,14,7711.34,550.81,0
2025-05-18,ST20,SKU01626,14,4518.64,322.76,0
2025-05-18,ST20,SKU01807,53,49592.63,935.71,1
2025-05-18,ST20,SKU02818,20,33600.8,1680.04,0
2025-05-18,ST21,SKU00235,13,20488.52,1576.04,0
2025-05-18,ST22,SKU04103,9,3071.52,341.28,1
2025-05-18,ST23,SKU01000,18,10916.1,606.45,0
2025-05-18,ST25,SKU01438,10,7716.8,771.68,0
2025-05-18,ST25,SKU03458,0,0.0,715.55,1
2025-05-18,ST26,SKU04732,15,23910.0,1594.0,0
2025-05-18,ST27,SKU00973,15,23775.6,1585.04,0
2025-05-18,ST27,SKU04175,3,1216.62,405.54,0
2025-05-18,ST29,SKU02719,17,2473.84,145.52,0
2025-05-18,ST30,SKU02333,10,20818.9,2081.89,0
2025-05-19,ST01,SKU03327,12,10379.76,864.98,0
2025-05-19,ST02,SKU01187,9,4316.76,479.64,0
2025-05-19,ST05,SKU03588,12,10216.44,851.37,0
2025-05-19,ST06,SKU00592,29,47140.66,1625.54,1
2025-05-19,ST09,SKU02597,14,16994.32,1213.88,0
2025-05-19,ST09,SKU04538,8,1076.48,134.56,0
2025-05-19,ST10,SKU01983,4,4974.76,1243.69,0
2025-05-19,ST12,SKU01211,19,1020.3,53.7,0
2025-05-19,ST12,SKU02431,2,1721.12,860.56,0
2025-05-19,ST12,SKU02504,6,9835.98,1639.33,0
2025-05-19,ST13,SKU01298,3,1548.0,516.0,0
2025-05-19,ST13,SKU04031,18,37259.64,2069.98,0
2025-05-19,ST15,SKU01272,23,16536.08,718.96,0
2025-05-19,ST15,SKU02553,4,786.36,196.59,0
2025-05-19,ST16,SKU01180,5,5994.4,1198.88,0
2025-05-19,ST16,SKU04522,14,28297.92,2021.28,0
2025-05-19,ST17,SKU01230,20,9982.8,499.14,0
2025-05-19,ST18,SKU01021,27,43988.94,1629.22,1
2025-05-19,ST18,SKU02513,4,2820.68,705.17,1
2025-05-19,ST19,SKU01631,7,2620.59,374.37,1
2025-05-19,ST19,SKU04466,32,55002.88,1718.84,1
2025-05-19,ST20,SKU02357,9,19846.71,2205.19,0
2025-05-19,ST20,SKU04323,3,193.35,64.45,0
2025-05-19,ST22,SKU01452,22,6327.64,287.62,1
2025-05-19,ST22,SKU01837,23,50337.8,2188.6,0
2025-05-19,ST23,SKU01795,10,11183.9,1118.39,0
2025-05-19,ST24,SKU00387,7,2474.29,353.47,1
2025-05-19,ST26,SKU00078,5,4742.9,948.58,0
2025-05-19,ST26,SKU02835,20,23389.8,1169.49,1
2025-05-19,ST26,SKU04947,11,24881.45,2261.95,0
2025-05-19,ST29,SKU00993,9,13196.79,1466.31,0
2025-05-19,ST30,SKU00285,7,3020.22,431.46,1
2025-05-19,ST30,SKU02520,10,15728.6,1572.86,0
2025-05-19,ST30,SKU03099,11,18081.36,1643.76,1
2025-05-20,ST01,SKU03607,11,25837.35,2348.85,0
2025-05-20,ST02,SKU04638,10,6964.3,696.43,0
2025-05-20,ST06,SKU01326,4,1623.56,405.89,0
2025-05-20,ST06,SKU03130,5,2477.55,495.51,0
2025-05-20,ST08,SKU00747,13,11972.87,920.99,0
2025-05-20,ST08,SKU03875,33,7365.93,223.21,1
2025-05-20,ST09,SKU04000,6,14157.6,2359.6,0
2025-05-20,ST10,SKU03997,10,15629.3,1562.93,0
2025-05-20,ST10,SKU04071,8,19941.12,2492.64,0
2025-05-20,ST11,SKU00288,9,16409.88,1823.32,1
2025-05-20,ST11,SKU01028,7,16087.47,2298.21,0
2025-05-20,ST11,SKU02609,2,2726.26,1363.13,0
2025-05-20,ST11,SKU04265,14,15731.38,1123.67,0
2025-05-20,ST12,SKU03980,20,2144.4,107.22,0
2025-05-20,ST13,SKU00221,3,3833.28,1277.76,0
2025-05-20,ST14,SKU02267,26,48600.24,1869.24,0
2025-05-20,ST17,SKU03426,19,25128.07,1322.53,0
2025-05-20,ST17,SKU03681,6,7802.22,1300.37,0
2025-05-20,ST18,SKU01530,6,12187.98,2031.33,0
2025-05-20,ST18,SKU03358,7,10686.97,1526.71,0
2025-05-20,ST18,SKU04843,5,4612.9,922.58,0
2025-05-20,ST19,SKU04400,11,21231.87,1930.17,0
2025-05-20,ST23,SKU04725,19,15773.42,830.18,1
2025-05-20,ST25,SKU04398,8,13243.6,1655.45,1
2025-05-20,ST27,SKU00532,11,21449.23,1949.93,1
2025-05-20,ST27,SKU03800,11,4564.45,414.95,0
2025-05-20,ST27,SKU04073,6,352.44,58.74,0
2025-05-20,ST29,SKU01429,3,1820.73,606.91,0
2025-05-21,ST03,SKU03431,10,14935.2,1493.52,0
2025-05-21,ST03,SKU03535,13,26413.01,2031.77,0
2025-05-21,ST05,SKU00782,7,8761.2,1251.6,0
2025-05-21,ST06,SKU00655,4,7852.76,1963.19,0
2025-05-21,ST06,SKU02396,15,30220.95,2014.73,0
2025-05-21,ST06,SKU03979,9,13218.75,1468.75,0
2025-05-21,ST07,SKU03662,3,2807.73,935.91,0
2025-05-21,ST09,SKU04239,12,25301.64,2108.47,0
2025-05-21,ST11,SKU00859,18,39777.12,2209.84,0
2025-05-21,ST12,SKU01842,4,8179.32,2044.83,0
2025-05-21,ST12,SKU04213,2,4556.64,2278.32,0
2025-05-21,ST15,SKU02850,10,6111.9,611.19,0
2025-05-21,ST15,SKU03917,2,2226.48,1113.24,0
2025-05-21,ST16,SKU00536,9,13434.3,1492.7,0
2025-05-21,ST17,SKU01290,17,12079.69,710.57,0
2025-05-21,ST18,SKU03667,20,28012.4,1400.62,0
2025-05-21,ST19,SKU01212,5,8910.05,1782.01,0
2025-05-21,ST20,SKU01749,10,13136.3,1313.63,0
2025-05-21,ST21,SKU01356,8,10626.56,1328.32,1
2025-05-21,ST21,SKU04518,27,14260.05,528.15,1
2025-05-21,ST22,SKU01482,26,63103.3,2427.05,0
2025-05-21,ST23,SKU04265,80,89893.6,1123.67,1
2025-05-21,ST24,SKU03523,68,70272.56,1033.42,1
2025-05-21,ST26,SKU00546,10,18822.9,1882.29,0
2025-05-21,ST26,SKU00770,15,25557.75,1703.85,0
2025-05-21,ST27,SKU01345,3,6212.1,2070.7,0
2025-05-21,ST28,SKU00818,19,36866.84,1940.36,0
2025-05-21,ST28,SKU01018,16,7895.84,493.49,0
2025-05-21,ST29,SKU00838,22,29821.88,1355.54,0
2025-05-21,ST29,SKU01579,2,4342.54,2171.27,0
2025-05-21,ST29,SKU01674,19,38961.02,2050.58,0
2025-05-21,ST29,SKU02485,22,14686.1,667.55,0
2025-05-21,ST29,SKU03706,11,24548.81,2231.71,0
2025-05-21,ST30,SKU00616,14,7858.2,561.3,0
2025-05-21,ST30,SKU04890,33,68767.05,2083.85,1
2025-05-22,ST01,SKU00461,5,913.55,182.71,0
2025-05-22,ST01,SKU01108,21,44341.08,2111.48,0
2025-05-22,ST01,SKU03415,7,12123.65,1731.95,0
2025-05-22,ST02,SKU00226,33,12300.42,372.74,0
2025-05-22,ST03,SKU01749,0,0.0,1313.63,0
2025-05-22,ST05,SKU03716,12,5893.68,491.14,0
2025-05-22,ST06,SKU01252,2,969.14,484.57,0
2025-05-22,ST08,SKU04698,14,7304.5,521.75,1
2025-05-22,ST10,SKU03868,28,28859.04,1030.68,1
2025-05-22,ST10,SKU04397,0,0.0,1091.5,1
2025-05-22,ST11,SKU02658,8,7326.24,915.78,0
2025-05-22,ST11,SKU04605,5,11589.75,2317.95,0
2025-05-22,ST12,SKU04210,21,51409.26,2448.06,1
2025-05-22,ST15,SKU01191,47,92272.28,1963.24,0
2025-05-22,ST15,SKU02015,10,12381.3,1238.13,0
2025-05-22,ST17,SKU02127,9,2325.42,258.38,0
2025-05-22,ST18,SKU01456,43,95463.44,2220.08,0
2025-05-22,ST21,SKU03455,3,2406.06,802.02,0
2025-05-22,ST21,SKU04227,10,3056.0,305.6,0
2025-05-22,ST24,SKU01074,6,1389.48,231.58,0
2025-05-22,ST25,SKU02387,1,2441.79,2441.79,0
2025-05-22,ST25,SKU02719,30,4365.6,145.52,0
2025-05-22,ST26,SKU00021,4,6764.68,1691.17,0
2025-05-22,ST26,SKU00290,20,36527.8,1826.39,0
2025-05-22,ST26,SKU04299,5,11406.45,2281.29,0
2025-05-22,ST26,SKU04465,6,14508.9,2418.15,0
2025-05-22,ST27,SKU02015,27,33429.51,1238.13,0
2025-05-22,ST28,SKU02427,18,14832.54,824.03,0
2025-05-22,ST29,SKU02629,6,12438.78,2073.13,1
2025-05-23,ST01,SKU02015,17,21048.21,1238.13,0
2025-05-23,ST01,SKU03684,5,1265.5,253.1,0
2025-05-23,ST01,SKU03746,8,2504.72,313.09,0
2025-05-23,ST02,SKU01250,11,12955.91,1177.81,0
2025-05-23,ST02,SKU04641,12,5143.32,428.61,0
2025-05-23,ST04,SKU00480,6,8922.96,1487.16,0
2025-05-23,ST04,SKU01798,32,37042.88,1157.59,1
2025-05-23,ST04,SKU02615,27,17526.51,649.13,0
2025-05-23,ST04,SKU03260,22,33759.22,1534.51,0
2025-05-23,ST05,SKU01275,18,42196.86,2344.27,0
2025-05-23,ST05,SKU01443,6,9757.92,1626.32,0
2025-05-23,ST05,SKU04145,12,25662.12,2138.51,0
2025-05-23,ST06,SKU00779,1,1487.72,1487.72,1
2025-05-23,ST06,SKU04483,21,45841.11,2182.91,0
2025-05-23,ST07,SKU01206,9,14457.69,1606.41,0
2025-05-23,ST07,SKU04110,9,14497.29,1610.81,0
2025-05-23,ST07,SKU04390,11,13049.63,1186.33,0
2025-05-23,ST09,SKU01000,12,7277.4,606.45,0
2025-05-23,ST10,SKU03371,26,28391.22,1091.97,0
2025-05-23,ST11,SKU02951,2,2241.88,1120.94,0
2025-05-23,ST11,SKU03732,31,71698.04,2312.84,0
2025-05-23,ST11,SKU04485,12,20190.84,1682.57,1
2025-05-23,ST12,SKU02232,0,0.0,1316.42,0
2025-05-23,ST12,SKU02651,0,0.0,2126.38,0
2025-05-23,ST12,SKU03912,4,7653.8,1913.45,0
2025-05-23,ST12,SKU03945,19,10886.05,572.95,0
2025-05-23,ST13,SKU04789,10,16576.0,1657.6,0
2025-05-23,ST15,SKU01149,10,3361.1,336.11,1
2025-05-23,ST16,SKU01548,13,7957.43,612.11,0
2025-05-23,ST16,SKU03193,16,16804.96,1050.31,0
2025-05-23,ST18,SKU03432,5,10768.2,2153.64,0
2025-05-23,ST19,SKU01563,7,11986.94,1712.42,0
2025-05-23,ST19,SKU02902,12,23328.12,1944.01,0
2025-05-23,ST19,SKU04078,16,23593.28,1474.58,1
2025-05-23,ST20,SKU00219,10,16347.6,1634.76,0
2025-05-23,ST21,SKU01109,22,29699.34,1349.97,0
2025-05-23,ST21,SKU01374,4,1818.4,454.6,0
2025-05-23,ST21,SKU03596,36,14852.88,412.58,0
2025-05-23,ST22,SKU01797,16,20045.92,1252.87,0
2025-05-23,ST24,SKU01429,9,5462.19,606.91,0
2025-05-23,ST25,SKU04290,10,15037.9,1503.79,0
2025-05-23,ST26,SKU02947,11,24277.99,2207.09,0
2025-05-23,ST27,SKU00369,15,2730.3,182.02,0
2025-05-23,ST27,SKU01266,5,10263.85,2052.77,1
2025-05-23,ST29,SKU01176,16,11979.2,748.7,0
2025-05-23,ST30,SKU04619,2,3605.3,1802.65,0
2025-05-24,ST03,SKU00226,7,2609.18,372.74,0
2025-05-24,ST03,SKU00314,50,92378.5,1847.57,0
2025-05-24,ST04,SKU02159,27,43339.86,1605.18,0
2025-05-24,ST04,SKU02267,22,41123.28,1869.24,0
2025-05-24,ST04,SKU03759,14,1299.62,92.83,0
2025-05-24,ST05,SKU01659,12,29520.0,2460.0,0
2025-05-24,ST05,SKU01774,13,22153.82,1704.14,0
2025-05-24,ST06,SKU03631,6,790.98,131.83,0
2025-05-24,ST06,SKU04227,23,7028.8,305.6,0
2025-05-24,ST07,SKU01616,41,64586.07,1575.27,0
2025-05-24,ST09,SKU00481,10,3586.0,358.6,0
2025-05-24,ST10,SKU00352,9,2570.94,285.66,0
2025-05-24,ST11,SKU03574,5,8194.85,1638.97,0
2025-05-24,ST12,SKU00066,9,1535.76,170.64,0
2025-05-24,ST12,SKU03131,8,7389.76,923.72,0
2025-05-24,ST12,SKU04286,67,48557.58,724.74,1
2025-05-24,ST15,SKU00909,13,20834.58,1602.66,0
2025-05-24,ST15,SKU03207,2,251.44,125.72,0
2025-05-24,ST15,SKU03343,14,9935.94,709.71,0
2025-05-24,ST17,SKU03296,17,34676.77,2039.81,0
2025-05-24,ST17,SKU03468,5,5663.55,1132.71,0
2025-05-24,ST18,SKU00849,19,13053.19,687.01,0
2025-05-24,ST18,SKU03874,17,3102.84,182.52,0
2025-05-24,ST19,SKU04876,49,19567.17,399.33,0
2025-05-24,ST20,SKU03444,7,8755.32,1250.76,0
2025-05-24,ST21,SKU01205,15,12598.5,839.9,0
2025-05-24,ST21,SKU01775,11,12262.47,1114.77,0
2025-05-24,ST21,SKU04485,34,57207.38,1682.57,0
2025-05-24,ST22,SKU04000,24,56630.4,2359.6,1
2025-05-24,ST23,SKU01485,7,17223.57,2460.51,0
2025-05-24,ST26,SKU00043,6,13395.78,2232.63,0
2025-05-24,ST28,SKU00531,18,42622.2,2367.9,0
2025-05-24,ST28,SKU02862,4,9150.72,2287.68,0
2025-05-24,ST29,SKU01166,40,27370.8,684.27,0
2025-05-24,ST30,SKU01223,18,20131.38,1118.41,0
2025-05-25,ST01,SKU00481,6,2151.6,358.6,0
2025-05-25,ST01,SKU02180,11,23151.37,2104.67,0
2025-05-25,ST01,SKU03851,8,14174.88,1771.86,0
2025-05-25,ST01,SKU04912,12,7066.68,588.89,0
2025-05-25,ST02,SKU00134,15,2814.15,187.61,0
2025-05-25,ST02,SKU02855,9,14577.57,1619.73,1
2025-05-25,ST04,SKU00726,12,27818.28,2318.19,0
2025-05-25,ST05,SKU00923,5,10819.0,2163.8,0
2025-05-25,ST05,SKU02514,8,11551.68,1443.96,1
2025-05-25,ST05,SKU03941,1,1455.16,1455.16,0
2025-05-25,ST05,SKU04968,6,13549.38,2258.23,0
2025-05-25,ST07,SKU00420,10,13799.5,1379.95,0
2025-05-25,ST07,SKU00595,22,19930.9,905.95,1
2025-05-25,ST07,SKU02570,12,17896.44,1491.37,0
2025-05-25,ST07,SKU03198,9,18620.82,2068.98,0
2025-05-25,ST08,SKU00134,14,2626.54,187.61,0
2025-05-25,ST08,SKU01645,12,9110.88,759.24,0
2025-05-25,ST09,SKU03783,11,4775.65,434.15,0
2025-05-25,ST10,SKU04995,8,17003.76,2125.47,0
2025-05-25,ST11,SKU04933,21,51572.01,2455.81,0
2025-05-25,ST12,SKU01171,11,2383.04,216.64,0
2025-05-25,ST13,SKU00540,10,6075.2,607.52,0
2025-05-25,ST14,SKU01479,18,37234.08,2068.56,0
2025-05-25,ST14,SKU01565,4,5240.08,1310.02,0
2025-05-25,ST14,SKU03189,2,592.26,296.13,0
2025-05-25,ST14,SKU03736,14,11735.64,838.26,0
2025-05-25,ST15,SKU02602,24,5313.36,221.39,0
2025-05-25,ST15,SKU03902,14,14359.8,1025.7,0
2025-05-25,ST17,SKU01797,19,23804.53,1252.87,1
2025-05-25,ST17,SKU02137,18,8855.28,491.96,0
2025-05-25,ST18,SKU02546,5,6890.15,1378.03,0
2025-05-25,ST19,SKU00513,9,6373.53,708.17,0
2025-05-25,ST20,SKU00617,14,11155.76,796.84,0
2025-05-25,ST20,SKU01922,13,23684.96,1821.92,0
2025-05-25,ST21,SKU04300,27,58425.57,2163.91,0
2025-05-25,ST22,SKU01830,12,4448.52,370.71,0
2025-05-25,ST24,SKU02175,5,9362.15,1872.43,0
2025-05-25,ST25,SKU01188,23,16675.92,725.04,0
2025-05-25,ST25,SKU02001,22,52666.46,2393.93,0
2025-05-25,ST25,SKU04665,3,2377.02,792.34,0
2025-05-25,ST26,SKU00299,18,9757.44,542.08,1
2025-05-25,ST27,SKU02682,19,29108.38,1532.02,0
2025-05-25,ST29,SKU00456,16,14819.36,926.21,0
2025-05-25,ST29,SKU04175,20,8110.8,405.54,0
2025-05-25,ST29,SKU04877,13,21141.77,1626.29,0
2025-05-25,ST30,SKU00555,43,28361.08,659.56,0
2025-05-25,ST30,SKU02204,3,6729.66,2243.22,0
2025-05-25,ST30,SKU02350,11,14956.04,1359.64,0
2025-05-26,ST01,SKU03375,20,23343.6,1167.18,0
2025-05-26,ST02,SKU01143,0,0.0,583.82,0
2025-05-26,ST02,SKU01912,26,49355.54,1898.29,1
2025-05-26,ST02,SKU03009,15,32477.4,2165.16,0
2025-05-26,ST02,SKU04260,16,26249.76,1640.61,0
2025-05-26,ST03,SKU01956,16,30897.6,1931.1,0
2025-05-26,ST03,SKU02330,31,18234.51,588.21,1
2025-05-26,ST03,SKU04373,25,30895.0,1235.8,1
2025-05-26,ST04,SKU02365,6,602.16,100.36,0
2025-05-26,ST05,SKU02720,28,49448.28,1766.01,1
2025-05-26,ST06,SKU01646,16,33550.4,2096.9,0
2025-05-26,ST06,SKU02517,27,56015.55,2074.65,0
2025-05-26,ST07,SKU02691,27,38383.2,1421.6,0
2025-05-26,ST08,SKU01542,28,65019.92,2322.14,0
2025-05-26,ST08,SKU01812,4,9207.96,2301.99,1
2025-05-26,ST08,SKU02863,10,15168.8,1516.88,0
2025-05-26,ST09,SKU01452,21,6040.02,287.62,0
2025-05-26,ST11,SKU03279,13,11207.04,862.08,0
2025-05-26,ST11,SKU04626,8,6889.68,861.21,0
2025-05-26,ST13,SKU00924,9,18588.51,2065.39,0
2025-05-26,ST14,SKU04739,26,52320.58,2012.33,0
2025-05-26,ST16,SKU00954,0,0.0,1812.18,0
2025-05-26,ST16,SKU03012,3,640.29,213.43,0
2025-05-26,ST17,SKU01629,22,9626.76,437.58,0
2025-05-26,ST19,SKU02562,9,13970.07,1552.23,1
2025-05-26,ST20,SKU02553,10,1965.9,196.59,0
2025-05-26,ST23,SKU03121,16,9297.44,581.09,0
2025-05-26,ST25,SKU01414,15,18365.4,1224.36,0
2025-05-26,ST25,SKU04948,23,47741.1,2075.7,0
2025-05-26,ST26,SKU04544,4,6040.04,1510.01,0
2025-05-26,ST27,SKU04163,15,18852.9,1256.86,0
2025-05-26,ST28,SKU04980,29,50206.54,1731.26,1
2025-05-26,ST30,SKU00282,9,5131.8,570.2,0
2025-05-26,ST30,SKU01078,9,5043.15,560.35,0
2025-05-27,ST01,SKU03034,20,27621.2,1381.06,1
2025-05-27,ST02,SKU04965,4,239.36,59.84,0
2025-05-27,ST04,SKU00396,5,12022.85,2404.57,0
2025-05-27,ST04,SKU00821,6,9214.68,1535.78,0
2025-05-27,ST07,SKU00232,6,873.12,145.52,0
2025-05-27,ST07,SKU00265,7,2237.55,319.65,1
2025-05-27,ST07,SKU01075,6,5416.62,902.77,0
2025-05-27,ST07,SKU02758,7,11133.08,1590.44,0
2025-05-27,ST08,SKU02266,6,11745.12,1957.52,0
2025-05-27,ST11,SKU01346,9,22474.62,2497.18,0
2025-05-27,ST14,SKU00332,2,1235.98,617.99,0
2025-05-27,ST14,SKU03484,15,32841.45,2189.43,0
2025-05-27,ST15,SKU03891,17,5625.3,330.9,0
2025-05-27,ST18,SKU04377,42,82399.38,1961.89,1
2025-05-27,ST19,SKU00450,14,31110.94,2222.21,0
2025-05-27,ST19,SKU01408,9,3842.01,426.89,0
2025-05-27,ST19,SKU04012,4,2054.72,513.68,0
2025-05-27,ST20,SKU00556,10,1867.3,186.73,0
2025-05-27,ST20,SKU03336,15,30457.5,2030.5,0
2025-05-27,ST21,SKU00603,11,11979.44,1089.04,0
2025-05-27,ST21,SKU04356,9,17707.59,1967.51,0
2025-05-27,ST22,SKU02764,16,16213.92,1013.37,1
2025-05-27,ST23,SKU01551,7,16975.7,2425.1,0
2025-05-27,ST23,SKU03381,2,3079.86,1539.93,0
2025-05-27,ST24,SKU03897,4,5922.48,1480.62,0
2025-05-27,ST24,SKU04722,4,2525.28,631.32,0
2025-05-27,ST25,SKU00352,14,3999.24,285.66,0
2025-05-27,ST26,SKU01656,6,9511.74,1585.29,0
2025-05-27,ST26,SKU02903,2,127.8,63.9,0
2025-05-27,ST26,SKU04090,6,1117.14,186.19,0
2025-05-27,ST27,SKU00459,26,37038.3,1424.55,1
2025-05-27,ST28,SKU03068,28,50450.96,1801.82,1
2025-05-27,ST28,SKU03376,14,32536.28,2324.02,0
2025-05-27,ST29,SKU01482,2,4854.1,2427.05,0
2025-05-27,ST30,SKU02738,17,8329.32,489.96,0
2025-05-28,ST01,SKU00643,29,11672.21,402.49,0
2025-05-28,ST02,SKU04625,6,14037.12,2339.52,0
2025-05-28,ST03,SKU00795,18,32517.36,1806.52,0
2025-05-28,ST04,SKU00410,0,0.0,2000.67,0
2025-05-28,ST07,SKU01832,6,13033.5,2172.25,0
2025-05-28,ST11,SKU03120,16,20735.2,1295.95,0
2025-05-28,ST11,SKU04781,5,3476.75,695.35,1
2025-05-28,ST13,SKU01840,7,5493.53,784.79,1
2025-05-28,ST15,SKU02591,2,2829.5,1414.75,0
2025-05-28,ST16,SKU01883,8,5518.48,689.81,0
2025-05-28,ST17,SKU01608,9,8555.31,950.59,0
2025-05-28,ST17,SKU01970,12,26831.52,2235.96,0
2025-05-28,ST20,SKU00374,4,9542.36,2385.59,0
2025-05-28,ST23,SKU00779,22,32729.84,1487.72,0
2025-05-28,ST24,SKU02075,25,49663.75,1986.55,0
2025-05-28,ST26,SKU04039,1,793.71,793.71,1
2025-05-28,ST30,SKU02684,11,7614.97,692.27,0
2025-05-29,ST02,SKU03341,22,33411.18,1518.69,1
2025-05-29,ST02,SKU03819,23,36791.03,1599.61,0
2025-05-29,ST03,SKU03537,14,8882.58,634.47,0
2025-05-29,ST03,SKU03765,17,37656.19,2215.07,0
2025-05-29,ST03,SKU03888,18,3805.02,211.39,0
2025-05-29,ST04,SKU01260,13,31199.22,2399.94,0
2025-05-29,ST04,SKU04179,12,17188.8,1432.4,0
2025-05-29,ST05,SKU04608,7,2961.21,423.03,0
2025-05-29,ST06,SKU04178,10,15054.6,1505.46,0
2025-05-29,ST08,SKU00843,5,4282.55,856.51,0
2025-05-29,ST08,SKU01407,3,3654.0,1218.0,0
2025-05-29,ST08,SKU03653,24,37041.6,1543.4,0
2025-05-29,ST12,SKU00195,5,1402.1,280.42,0
2025-05-29,ST13,SKU02175,25,46810.75,1872.43,1
2025-05-29,ST13,SKU04478,9,17844.12,1982.68,0
2025-05-29,ST14,SKU03947,18,35630.1,1979.45,0
2025-05-29,ST16,SKU04714,9,18705.51,2078.39,0
2025-05-29,ST19,SKU01727,5,10244.9,2048.98,0
2025-05-29,ST20,SKU02223,8,6020.96,752.62,1
2025-05-29,ST20,SKU02891,18,10351.8,575.1,1
2025-05-29,ST21,SKU00081,16,30604.96,1912.81,0
2025-05-29,ST21,SKU01179,14,26064.5,1861.75,0
2025-05-29,ST21,SKU03006,5,1490.95,298.19,0
2025-05-29,ST26,SKU04558,3,568.86,189.62,0
2025-05-29,ST28,SKU01947,5,2490.55,498.11,0
2025-05-29,ST29,SKU00160,26,48518.34,1866.09,1
2025-05-30,ST01,SKU02877,18,22170.6,1231.7,1
2025-05-30,ST01,SKU03535,8,16254.16,2031.77,0
2025-05-30,ST01,SKU04000,8,18876.8,2359.6,0
2025-05-30,ST02,SKU02981,10,19128.4,1912.84,0
2025-05-30,ST04,SKU04441,16,21996.48,1374.78,1
2025-05-30,ST06,SKU02625,15,33546.9,2236.46,0
2025-05-30,ST06,SKU03150,8,1417.28,177.16,0
2025-05-30,ST08,SKU02857,9,16130.43,1792.27,0
2025-05-30,ST09,SKU00916,16,6801.76,425.11,0
2025-05-30,ST10,SKU00689,11,4880.59,443.69,1
2025-05-30,ST10,SKU01091,16,2071.52,129.47,0
2025-05-30,ST10,SKU01573,5,4197.8,839.56,1
2025-05-30,ST11,SKU00734,11,9870.52,897.32,0
2025-05-30,ST11,SKU04474,18,31601.34,1755.63,0
2025-05-30,ST13,SKU00793,31,53713.7,1732.7,1
2025-05-30,ST14,SKU00340,1,1388.78,1388.78,1
2025-05-30,ST14,SKU03668,21,49637.28,2363.68,0
2025-05-30,ST14,SKU03961,7,3563.7,509.1,0
2025-05-30,ST14,SKU04214,14,32201.26,2300.09,0
2025-05-30,ST15,SKU03275,27,48867.84,1809.92,0
2025-05-30,ST18,SKU02602,12,2656.68,221.39,0
2025-05-30,ST21,SKU01284,4,4738.2,1184.55,0
2025-05-30,ST21,SKU04215,5,8786.8,1757.36,0
2025-05-30,ST21,SKU04588,2,286.64,143.32,0
2025-05-30,ST22,SKU00038,10,10486.6,1048.66,1
2025-05-30,ST22,SKU00697,19,6365.95,335.05,1
2025-05-30,ST25,SKU04117,10,7725.4,772.54,0
2025-05-30,ST27,SKU01930,14,12366.9,883.35,0
2025-05-30,ST28,SKU02593,8,7087.44,885.93,0
2025-05-30,ST29,SKU02214,7,5813.15,830.45,1
2025-05-30,ST30,SKU03530,14,3601.78,257.27,0
2025-05-31,ST08,SKU00018,27,57912.84,2144.92,0
2025-05-31,ST08,SKU01359,13,10620.87,816.99,1
2025-05-31,ST08,SKU03046,4,6323.88,1580.97,0
2025-05-31,ST09,SKU01141,26,64697.36,2488.36,0
2025-05-31,ST09,SKU02385,5,8651.55,1730.31,0
2025-05-31,ST09,SKU04455,14,32559.24,2325.66,0
2025-05-31,ST10,SKU02315,48,27391.68,570.66,0
2025-05-31,ST11,SKU01176,30,22461.0,748.7,0
2025-05-31,ST11,SKU03873,18,24872.04,1381.78,0
2025-05-31,ST12,SKU02269,13,15628.99,1202.23,0
2025-05-31,ST12,SKU02560,16,35278.88,2204.93,0
2025-05-31,ST14,SKU00578,31,7362.19,237.49,0
2025-05-31,ST14,SKU01599,12,7587.36,632.28,0
2025-05-31,ST14,SKU04751,20,45236.0,2261.8,0
2025-05-31,ST15,SKU01053,21,50470.35,2403.35,0
2025-05-31,ST16,SKU02076,7,14507.36,2072.48,0
2025-05-31,ST16,SKU02811,17,18710.03,1100.59,0
2025-05-31,ST17,SKU04799,26,39530.14,1520.39,0
2025-05-31,ST18,SKU02747,13,13475.28,1036.56,0
2025-05-31,ST18,SKU02771,21,12826.8,610.8,1
2025-05-31,ST18,SKU02832,15,23872.95,1591.53,0
2025-05-31,ST19,SKU02999,10,20079.3,2007.93,0
2025-05-31,ST19,SKU04048,11,11947.76,1086.16,0
2025-05-31,ST21,SKU04601,11,15694.36,1426.76,0
2025-05-31,ST21,SKU04835,35,42581.35,1216.61,1
2025-05-31,ST21,SKU04967,29,17176.12,592.28,0
2025-05-31,ST24,SKU01066,22,16271.2,739.6,0
2025-05-31,ST24,SKU03661,10,16804.4,1680.44,0
2025-05-31,ST27,SKU02197,13,29527.94,2271.38,1
2025-05-31,ST29,SKU00548,0,0.0,1762.03,0
2025-05-31,ST30,SKU02253,15,17894.55,1192.97,0
2025-05-31,ST30,SKU03025,22,10581.56,480.98,0
2025-05-31,ST30,SKU04551,7,3252.76,464.68,0
2025-06-01,ST01,SKU01596,40,84838.0,2120.95,0
2025-06-01,ST01,SKU03290,27,61337.25,2271.75,1
2025-06-01,ST02,SKU02183,30,41827.5,1394.25,0
2025-06-01,ST04,SKU00123,7,10064.81,1437.83,0
2025-06-01,ST05,SKU00214,13,14529.58,1117.66,0
2025-06-01,ST05,SKU01504,20,14845.6,742.28,0
2025-06-01,ST07,SKU00454,2,3908.76,1954.38,0
2025-06-01,ST07,SKU03199,7,5606.65,800.95,0
2025-06-01,ST07,SKU03890,5,9932.75,1986.55,0
2025-06-01,ST09,SKU02529,0,0.0,1900.5,1
2025-06-01,ST09,SKU03194,22,3294.94,149.77,0
2025-06-01,ST10,SKU01134,14,30572.36,2183.74,0
2025-06-01,ST11,SKU00293,43,21997.94,511.58,1
2025-06-01,ST12,SKU00033,7,499.59,71.37,0
2025-06-01,ST12,SKU02547,3,1328.85,442.95,0
2025-06-01,ST12,SKU03047,33,42961.05,1301.85,0
2025-06-01,ST15,SKU01005,21,13653.15,650.15,1
2025-06-01,ST16,SKU00402,23,32556.04,1415.48,1
2025-06-01,ST16,SKU00796,25,1549.0,61.96,0
2025-06-01,ST19,SKU02934,3,992.4,330.8,0
2025-06-01,ST20,SKU00937,23,9752.69,424.03,0
2025-06-01,ST21,SKU00219,3,4904.28,1634.76,0
2025-06-01,ST22,SKU01045,29,25010.18,862.42,1
2025-06-01,ST23,SKU02142,11,19280.91,1752.81,0
2025-06-01,ST23,SKU04264,7,16689.75,2384.25,0
2025-06-01,ST25,SKU04558,21,3982.02,189.62,1
2025-06-01,ST26,SKU02706,14,29573.32,2112.38,1
2025-06-01,ST26,SKU03999,10,24569.5,2456.95,0
2025-06-01,ST27,SKU02965,6,8394.48,1399.08,0
2025-06-01,ST28,SKU04578,6,3476.76,579.46,0
2025-06-01,ST29,SKU03846,22,52497.94,2386.27,1
2025-06-01,ST29,SKU04260,12,19687.32,1640.61,0
2025-06-01,ST30,SKU00701,39,81037.71,2077.89,0
2025-06-01,ST30,SKU01737,11,22571.67,2051.97,0
2025-06-01,ST30,SKU03937,13,32378.84,2490.68,0
2025-06-02,ST01,SKU00424,14,30898.14,2207.01,0
2025-06-02,ST01,SKU04712,18,6385.14,354.73,0
2025-06-02,ST02,SKU00304,5,5134.85,1026.97,0
2025-06-02,ST02,SKU02804,18,8557.92,475.44,0
2025-06-02,ST02,SKU04617,23,41181.27,1790.49,0
2025-06-02,ST05,SKU00553,3,4378.14,1459.38,0
2025-06-02,ST07,SKU02726,30,74314.8,2477.16,1
2025-06-02,ST07,SKU03952,22,37573.58,1707.89,0
2025-06-02,ST08,SKU02926,3,4801.95,1600.65,0
2025-06-02,ST08,SKU03279,4,3448.32,862.08,0
2025-06-02,ST09,SKU04972,2,908.04,454.02,0
2025-06-02,ST11,SKU01799,18,20260.98,1125.61,1
2025-06-02,ST11,SKU04879,24,19047.36,793.64,0
2025-06-02,ST12,SKU01778,5,7741.1,1548.22,0
2025-06-02,ST13,SKU00517,2,3778.46,1889.23,1
2025-06-02,ST13,SKU01196,12,6050.52,504.21,1
2025-06-02,ST14,SKU00316,8,9317.04,1164.63,0
2025-06-02,ST14,SKU01181,14,2316.02,165.43,0
2025-06-02,ST14,SKU03166,10,20408.9,2040.89,0
2025-06-02,ST14,SKU03509,9,11662.56,1295.84,0
2025-06-02,ST16,SKU04142,20,34765.8,1738.29,0
2025-06-02,ST16,SKU04211,10,12739.7,1273.97,1
2025-06-02,ST19,SKU00109,1,949.57,949.57,0
2025-06-02,ST19,SKU01256,9,18598.14,2066.46,0
2025-06-02,ST19,SKU04873,1,1846.14,1846.14,0
2025-06-02,ST20,SKU04754,19,6581.03,346.37,0
2025-06-02,ST20,SKU04815,0,0.0,977.19,0
2025-06-02,ST21,SKU02045,0,0.0,2167.63,0
2025-06-02,ST21,SKU03228,11,2691.15,244.65,1
2025-06-02,ST25,SKU01992,11,7838.05,712.55,0
2025-06-02,ST25,SKU04691,10,12809.7,1280.97,1
2025-06-02,ST26,SKU01616,14,22053.78,1575.27,0
2025-06-02,ST27,SKU02981,15,28692.6,1912.84,1
2025-06-02,ST29,SKU00431,13,26233.61,2017.97,0
2025-06-02,ST30,SKU00998,4,6675.48,1668.87,0
2025-06-03,ST02,SKU01626,15,4841.4,322.76,0
2025-06-03,ST03,SKU04612,22,18607.16,845.78,0
2025-06-03,ST04,SKU01445,22,6738.38,306.29,0
2025-06-03,ST04,SKU01568,13,20966.92,1612.84,0
2025-06-03,ST04,SKU03932,4,7781.68,1945.42,0
2025-06-03,ST05,SKU01814,10,21940.7,2194.07,0
2025-06-03,ST05,SKU03228,7,1712.55,244.65,0
2025-06-03,ST06,SKU03222,10,11839.2,1183.92,0
2025-06-03,ST06,SKU04920,15,31301.4,2086.76,0
2025-06-03,ST07,SKU00553,15,21890.7,1459.38,0
2025-06-03,ST08,SKU03660,9,12327.39,1369.71,0
2025-06-03,ST10,SKU01877,8,12467.36,1558.42,1
2025-06-03,ST11,SKU01357,44,101676.08,2310.82,1
2025-06-03,ST11,SKU04434,17,27609.53,1624.09,0
2025-06-03,ST12,SKU02027,12,25264.2,2105.35,0
2025-06-03,ST13,SKU03257,17,31605.21,1859.13,0
2025-06-03,ST14,SKU02087,6,10324.02,1720.67,0
2025-06-03,ST14,SKU03372,4,406.64,101.66,0
2025-06-03,ST15,SKU01302,2,4387.96,2193.98,0
2025-06-03,ST16,SKU00025,9,10730.52,1192.28,0
2025-06-03,ST16,SKU01543,20,25343.4,1267.17,0
2025-06-03,ST16,SKU03223,10,19977.6,1997.76,0
2025-06-03,ST17,SKU03281,10,9812.7,981.27,0
2025-06-03,ST20,SKU00789,41,91305.77,2226.97,1
2025-06-03,ST20,SKU02962,18,19909.44,1106.08,0
2025-06-03,ST21,SKU02402,3,2267.55,755.85,0
2025-06-03,ST21,SKU03011,5,979.75,195.95,0
2025-06-03,ST21,SKU04020,26,43410.38,1669.63,0
2025-06-03,ST23,SKU01128,35,4063.15,116.09,1
2025-06-03,ST26,SKU03680,7,645.33,92.19,0
2025-06-03,ST26,SKU04909,14,15495.76,1106.84,0
2025-06-03,ST27,SKU01883,9,6208.29,689.81,0
2025-06-03,ST27,SKU03350,4,5761.56,1440.39,0
2025-06-03,ST27,SKU03781,3,557.67,185.89,0
2025-06-03,ST28,SKU00421,4,345.84,86.46,0
2025-06-03,ST28,SKU02704,5,6918.95,1383.79,0
2025-06-03,ST28,SKU03653,11,16977.4,1543.4,0
2025-06-03,ST29,SKU00019,9,20323.89,2258.21,0
2025-06-03,ST29,SKU02106,10,11212.3,1121.23,0
2025-06-03,ST30,SKU02106,36,40364.28,1121.23,0
2025-06-03,ST30,SKU02127,21,5425.98,258.38,0
2025-06-03,ST30,SKU02365,9,903.24,100.36,0
2025-06-04,ST01,SKU04316,10,15322.0,1532.2,0
2025-06-04,ST01,SKU04390,12,14235.96,1186.33,0
2025-06-04,ST02,SKU00487,7,15722.7,2246.1,0
2025-06-04,ST02,SKU03900,6,4563.66,760.61,0
2025-06-04,ST03,SKU02485,13,8678.15,667.55,1
2025-06-04,ST06,SKU04805,2,3417.46,1708.73,0
2025-06-04,ST06,SKU04982,20,32451.4,1622.57,0
2025-06-04,ST08,SKU03168,16,29641.76,1852.61,0
2025-06-04,ST08,SKU04645,12,9843.96,820.33,0
2025-06-04,ST09,SKU02970,4,2777.84,694.46,0
2025-06-04,ST09,SKU02976,6,13159.62,2193.27,0
2025-06-04,ST09,SKU03072,13,15064.14,1158.78,1
2025-06-04,ST12,SKU00415,5,10405.5,2081.1,0
2025-06-04,ST12,SKU02214,5,4152.25,830.45,0
2025-06-04,ST12,SKU03050,9,22284.72,2476.08,0
2025-06-04,ST14,SKU03728,13,29230.11,2248.47,0
2025-06-04,ST14,SKU04018,36,77477.04,2152.14,1
2025-06-04,ST18,SKU01029,19,39630.96,2085.84,0
2025-06-04,ST19,SKU02867,15,29093.55,1939.57,1
2025-06-04,ST20,SKU01121,28,14299.6,510.7,0
2025-06-04,ST20,SKU02658,5,4578.9,915.78,0
2025-06-04,ST20,SKU04584,0,0.0,380.44,0
2025-06-04,ST21,SKU02987,10,21646.3,2164.63,0
2025-06-04,ST22,SKU00707,10,527.9,52.79,0
2025-06-04,ST22,SKU02794,5,11756.9,2351.38,1
2025-06-04,ST23,SKU01945,6,5917.5,986.25,0
2025-06-04,ST24,SKU01133,20,35817.6,1790.88,0
2025-06-04,ST24,SKU04286,6,4348.44,724.74,0
2025-06-04,ST25,SKU01041,2,1427.02,713.51,0
2025-06-04,ST28,SKU00717,23,39043.88,1697.56,0
2025-06-04,ST28,SKU04495,19,39852.12,2097.48,0
2025-06-04,ST29,SKU02763,3,2573.64,857.88,0
2025-06-05,ST01,SKU02406,9,20974.95,2330.55,0
2025-06-05,ST01,SKU02876,6,2540.76,423.46,0
2025-06-05,ST02,SKU00174,4,2832.88,708.22,0
2025-06-05,ST02,SKU02224,14,14511.98,1036.57,0
2025-06-05,ST02,SKU02832,3,4774.59,1591.53,0
2025-06-05,ST03,SKU01013,23,12988.56,564.72,0
2025-06-05,ST03,SKU02100,22,47467.2,2157.6,0
2025-06-05,ST06,SKU00262,6,2804.76,467.46,0
2025-06-05,ST06,SKU02614,16,36805.28,2300.33,0
2025-06-05,ST09,SKU01176,9,6738.3,748.7,0
2025-06-05,ST10,SKU01360,0,0.0,2219.7,0
2025-06-05,ST10,SKU03002,8,17360.88,2170.11,1
2025-06-05,ST12,SKU02405,20,16942.4,847.12,0
2025-06-05,ST12,SKU04606,18,10403.64,577.98,0
2025-06-05,ST15,SKU04224,12,2022.6,168.55,1
2025-06-05,ST16,SKU02649,3,5448.21,1816.07,0
2025-06-05,ST16,SKU04368,6,9178.74,1529.79,1
2025-06-05,ST16,SKU04458,7,1977.85,282.55,0
2025-06-05,ST18,SKU04377,6,11771.34,1961.89,0
2025-06-05,ST21,SKU02346,6,2440.92,406.82,0
2025-06-05,ST22,SKU03791,24,59633.28,2484.72,0
2025-06-05,ST24,SKU00466,34,12348.46,363.19,0
2025-06-05,ST24,SKU02397,7,2169.65,309.95,0
2025-06-05,ST25,SKU00003,26,12229.1,470.35,1
2025-06-05,ST26,SKU00126,12,5750.4,479.2,0
2025-06-05,ST27,SKU01885,8,17955.76,2244.47,0
2025-06-05,ST27,SKU02007,4,3115.52,778.88,0
2025-06-05,ST28,SKU00530,12,3411.24,284.27,0
2025-06-05,ST28,SKU01194,3,4281.99,1427.33,1
2025-06-05,ST29,SKU03814,8,14496.48,1812.06,1
2025-06-05,ST30,SKU00683,0,0.0,737.93,0
2025-06-05,ST30,SKU00844,11,8981.28,816.48,1
2025-06-05,ST30,SKU01683,18,35993.34,1999.63,0
2025-06-06,ST01,SKU03026,10,14176.7,1417.67,0
2025-06-06,ST01,SKU03336,7,14213.5,2030.5,1
2025-06-06,ST02,SKU00563,28,57721.16,2061.47,1
2025-06-06,ST03,SKU00224,11,8994.04,817.64,0
2025-06-06,ST03,SKU01820,4,6931.48,1732.87,0
2025-06-06,ST04,SKU02535,11,5644.98,513.18,0
2025-06-06,ST06,SKU04158,15,20297.85,1353.19,1
2025-06-06,ST07,SKU00768,4,9594.84,2398.71,0
2025-06-06,ST07,SKU03836,4,719.2,179.8,0
2025-06-06,ST08,SKU00854,13,24838.58,1910.66,0
2025-06-06,ST08,SKU03167,15,29901.75,1993.45,1
2025-06-06,ST08,SKU04273,26,1830.92,70.42,0
2025-06-06,ST09,SKU00177,2,1199.34,599.67,0
2025-06-06,ST10,SKU00342,9,11855.16,1317.24,0
2025-06-06,ST11,SKU04634,8,14263.12,1782.89,0
2025-06-06,ST12,SKU03177,7,14886.55,2126.65,0
2025-06-06,ST13,SKU04948,9,18681.3,2075.7,1
2025-06-06,ST14,SKU01158,31,15295.71,493.41,0
2025-06-06,ST16,SKU03335,11,19251.32,1750.12,0
2025-06-06,ST18,SKU01734,3,5301.03,1767.01,0
2025-06-06,ST19,SKU04861,5,12150.45,2430.09,1
2025-06-06,ST20,SKU02840,4,7897.72,1974.43,0
2025-06-06,ST21,SKU03386,10,20202.9,2020.29,0
2025-06-06,ST22,SKU00582,3,6037.53,2012.51,0
2025-06-06,ST22,SKU03739,19,2280.95,120.05,0
2025-06-06,ST25,SKU02270,10,11214.3,1121.43,0
2025-06-06,ST26,SKU00948,28,40482.12,1445.79,0
2025-06-06,ST26,SKU01233,2,575.54,287.77,0
2025-06-06,ST26,SKU04247,13,4117.36,316.72,1
2025-06-06,ST27,SKU02538,25,59255.5,2370.22,0
2025-06-06,ST30,SKU00773,2,4249.24,2124.62,0
2025-06-07,ST01,SKU00029,24,29062.08,1210.92,0
2025-06-07,ST01,SKU03370,32,77212.8,2412.9,0
2025-06-07,ST02,SKU00765,69,147968.43,2144.47,1
2025-06-07,ST06,SKU03327,13,11244.74,864.98,0
2025-06-07,ST07,SKU01657,51,57145.5,1120.5,1
2025-06-07,ST07,SKU03688,4,2943.16,735.79,0
2025-06-07,ST08,SKU01649,8,15779.92,1972.49,1
2025-06-07,ST08,SKU02897,10,11028.7,1102.87,0
2025-06-07,ST08,SKU03893,19,20258.94,1066.26,0
2025-06-07,ST09,SKU00978,51,6729.45,131.95,0
2025-06-07,ST09,SKU01784,3,2673.63,891.21,1
2025-06-07,ST09,SKU02169,22,39798.88,1809.04,0
2025-06-07,ST11,SKU03031,52,118706.12,2282.81,0
2025-06-07,ST11,SKU04616,24,15548.16,647.84,0
2025-06-07,ST12,SKU00201,2,3924.68,1962.34,0
2025-06-07,ST12,SKU04356,4,7870.04,1967.51,0
2025-06-07,ST13,SKU03370,19,45845.1,2412.9,0
2025-06-07,ST16,SKU02356,17,26782.65,1575.45,0
2025-06-07,ST17,SKU01570,24,42595.92,1774.83,0
2025-06-07,ST18,SKU03467,5,5362.75,1072.55,0
2025-06-07,ST18,SKU03672,12,28871.76,2405.98,0
2025-06-07,ST19,SKU03745,18,16188.84,899.38,0
2025-06-07,ST19,SKU03812,10,14502.1,1450.21,0
2025-06-07,ST19,SKU04509,6,5268.18,878.03,0
2025-06-07,ST19,SKU04934,17,19011.78,1118.34,0
2025-06-07,ST20,SKU01105,17,29847.92,1755.76,0
2025-06-07,ST21,SKU00224,18,14717.52,817.64,1
2025-06-07,ST21,SKU01322,1,395.86,395.86,0
2025-06-07,ST21,SKU04939,8,13857.04,1732.13,0
2025-06-07,ST22,SKU01705,5,5952.85,1190.57,1
2025-06-07,ST22,SKU02693,7,16091.6,2298.8,0
2025-06-07,ST22,SKU04875,0,0.0,1610.6,0
2025-06-07,ST24,SKU00593,32,4331.84,135.37,1
2025-06-07,ST24,SKU01440,24,14499.36,604.14,0
2025-06-07,ST24,SKU02904,14,22261.26,1590.09,0
2025-06-07,ST26,SKU04908,13,2174.64,167.28,0
2025-06-07,ST27,SKU02672,7,12525.52,1789.36,1
2025-06-07,ST28,SKU02289,44,23105.28,525.12,0
2025-06-07,ST29,SKU00868,16,9902.4,618.9,1
2025-06-07,ST30,SKU02196,4,4055.52,1013.88,0
2025-06-08,ST01,SKU00048,10,21282.7,2128.27,0
2025-06-08,ST01,SKU03356,11,3694.79,335.89,0
2025-06-08,ST02,SKU00851,14,15195.46,1085.39,0
2025-06-08,ST03,SKU03363,7,6819.4,974.2,0
2025-06-08,ST05,SKU00483,17,35249.16,2073.48,0
2025-06-08,ST05,SKU03695,12,20373.6,1697.8,0
2025-06-08,ST08,SKU01060,11,16595.92,1508.72,0
2025-06-08,ST09,SKU00956,36,26626.68,739.63,0
2025-06-08,ST10,SKU01955,9,10895.04,1210.56,0
2025-06-08,ST10,SKU04688,37,59823.45,1616.85,0
2025-06-08,ST11,SKU02708,10,23857.5,2385.75,0
2025-06-08,ST11,SKU02919,16,37177.44,2323.59,1
2025-06-08,ST11,SKU03845,33,74251.65,2250.05,1
2025-06-08,ST12,SKU01728,0,0.0,304.59,0
2025-06-08,ST12,SKU03445,18,3920.94,217.83,0
2025-06-08,ST12,SKU03819,5,7998.05,1599.61,0
2025-06-08,ST12,SKU04572,12,26098.2,2174.85,0
2025-06-08,ST13,SKU00033,23,1641.51,71.37,0
2025-06-08,ST13,SKU01142,15,27180.0,1812.0,0
2025-06-08,ST13,SKU01298,7,3612.0,516.0,0
2025-06-08,ST13,SKU03538,24,43487.52,1811.98,0
2025-06-08,ST13,SKU04004,9,20746.35,2305.15,1
2025-06-08,ST14,SKU00022,54,110591.46,2047.99,1
2025-06-08,ST14,SKU01381,12,3121.92,260.16,0
2025-06-08,ST15,SKU00573,6,4835.16,805.86,0
2025-06-08,ST15,SKU01908,41,48510.79,1183.19,0
2025-06-08,ST17,SKU01884,5,8658.75,1731.75,0
2025-06-08,ST17,SKU04046,11,9405.88,855.08,0
2025-06-08,ST18,SKU01073,20,24781.8,1239.09,1
2025-06-08,ST18,SKU03297,15,7938.6,529.24,0
2025-06-08,ST18,SKU03643,6,6058.02,1009.67,0
2025-06-08,ST19,SKU00707,18,950.22,52.79,0
2025-06-08,ST21,SKU01923,2,4972.18,2486.09,0
2025-06-08,ST23,SKU01769,10,23364.1,2336.41,0
2025-06-08,ST24,SKU03278,19,5661.05,297.95,0
2025-06-08,ST24,SKU04211,25,31849.25,1273.97,0
2025-06-08,ST25,SKU01563,3,5137.26,1712.42,0
2025-06-08,ST27,SKU02383,11,1816.43,165.13,1
2025-06-08,ST27,SKU03380,15,12227.4,815.16,1
2025-06-08,ST29,SKU01003,10,24006.0,2400.6,0
2025-06-09,ST03,SKU03293,11,25784.77,2344.07,1
2025-06-09,ST04,SKU00803,5,10139.35,2027.87,0
2025-06-09,ST04,SKU03290,13,29532.75,2271.75,1
2025-06-09,ST04,SKU03507,17,40835.53,2402.09,0
2025-06-09,ST06,SKU01258,10,2461.5,246.15,0
2025-06-09,ST07,SKU01702,16,15333.44,958.34,0
2025-06-09,ST07,SKU02805,30,62490.3,2083.01,0
2025-06-09,ST07,SKU04858,24,4496.88,187.37,0
2025-06-09,ST08,SKU02804,14,6656.16,475.44,0
2025-06-09,ST09,SKU02587,7,2877.91,411.13,0
2025-06-09,ST11,SKU01952,5,7996.5,1599.3,0
2025-06-09,ST11,SKU02654,6,9000.6,1500.1,0
2025-06-09,ST11,SKU02823,13,29189.03,2245.31,0
2025-06-09,ST11,SKU03056,6,13020.96,2170.16,0
2025-06-09,ST12,SKU00867,6,13756.08,2292.68,0
2025-06-09,ST12,SKU03773,2,2157.62,1078.81,1
2025-06-09,ST13,SKU03737,10,1996.5,199.65,0
2025-06-09,ST14,SKU02220,27,17257.59,639.17,0
2025-06-09,ST15,SKU03664,18,13802.22,766.79,0
2025-06-09,ST16,SKU04679,17,37772.13,2221.89,0
2025-06-09,ST19,SKU00035,19,3537.61,186.19,0
2025-06-09,ST19,SKU01527,5,706.1,141.22,0
2025-06-09,ST19,SKU02593,20,17718.6,885.93,0
2025-06-09,ST22,SKU00677,9,16605.27,1845.03,0
2025-06-09,ST22,SKU03407,11,17340.84,1576.44,0
2025-06-09,ST22,SKU03925,14,21408.52,1529.18,1
2025-06-09,ST23,SKU02980,13,29953.17,2304.09,0
2025-06-09,ST25,SKU03455,0,0.0,802.02,0
2025-06-09,ST25,SKU04058,5,5705.25,1141.05,0
2025-06-09,ST26,SKU00376,16,14650.08,915.63,0
2025-06-09,ST26,SKU02431,5,4302.8,860.56,0
2025-06-09,ST26,SKU04239,14,29518.58,2108.47,0
2025-06-09,ST27,SKU02363,16,2586.08,161.63,0
2025-06-09,ST29,SKU04419,7,14282.24,2040.32,0
2025-06-09,ST30,SKU02131,7,2121.7,303.1,0
2025-06-09,ST30,SKU04723,10,14523.0,1452.3,0
2025-06-10,ST01,SKU00346,19,22415.44,1179.76,0
2025-06-10,ST02,SKU00079,43,59733.45,1389.15,0
2025-06-10,ST02,SKU01011,8,4858.08,607.26,0
2025-06-10,ST02,SKU03478,19,30598.74,1610.46,0
2025-06-10,ST03,SKU01958,15,34395.3,2293.02,0
2025-06-10,ST04,SKU03025,0,0.0,480.98,0
2025-06-10,ST05,SKU01319,3,4960.11,1653.37,0
2025-06-10,ST06,SKU03015,1,1028.98,1028.98,0
2025-06-10,ST06,SKU03396,18,40740.84,2263.38,0
2025-06-10,ST07,SKU03963,7,16992.15,2427.45,0
2025-06-10,ST08,SKU00122,38,47631.86,1253.47,0
2025-06-10,ST08,SKU02689,20,1953.6,97.68,0
2025-06-10,ST09,SKU01870,15,17821.65,1188.11,0
2025-06-10,ST09,SKU03806,7,14775.11,2110.73,0
2025-06-10,ST10,SKU04240,2,3556.4,1778.2,0
2025-06-10,ST12,SKU04128,7,7402.08,1057.44,0
2025-06-10,ST13,SKU00063,18,29379.06,1632.17,0
2025-06-10,ST13,SKU01489,6,974.82,162.47,0
2025-06-10,ST14,SKU00893,13,27037.92,2079.84,0
2025-06-10,ST15,SKU01763,10,24804.3,2480.43,0
2025-06-10,ST16,SKU02899,16,20348.64,1271.79,0
2025-06-10,ST17,SKU00194,3,7042.59,2347.53,1
2025-06-10,ST17,SKU00908,32,75526.4,2360.2,0
2025-06-10,ST18,SKU04350,17,30575.86,1798.58,0
2025-06-10,ST19,SKU00874,0,0.0,2252.56,0
2025-06-10,ST20,SKU00158,11,3735.82,339.62,0
2025-06-10,ST20,SKU01125,12,9435.0,786.25,0
2025-06-10,ST20,SKU02260,13,4426.76,340.52,0
2025-06-10,ST21,SKU00598,30,21952.5,731.75,0
2025-06-10,ST22,SKU01029,15,31287.6,2085.84,0
2025-06-10,ST22,SKU01907,13,23668.45,1820.65,0
2025-06-10,ST23,SKU04771,7,11121.39,1588.77,0
2025-06-10,ST24,SKU02417,6,8294.64,1382.44,0
2025-06-10,ST24,SKU03277,13,9053.85,696.45,0
2025-06-10,ST27,SKU02392,0,0.0,1469.2,0
2025-06-10,ST27,SKU03176,17,35626.9,2095.7,0
2025-06-10,ST28,SKU01000,5,3032.25,606.45,0
2025-06-10,ST29,SKU00522,2,3208.48,1604.24,0
2025-06-10,ST30,SKU04498,7,16066.96,2295.28,1
2025-06-11,ST01,SKU00938,5,5206.4,1041.28,0
2025-06-11,ST01,SKU03782,24,18623.04,775.96,1
2025-06-11,ST02,SKU00066,27,4607.28,170.64,0
2025-06-11,ST03,SKU03576,10,22801.4,2280.14,0
2025-06-11,ST03,SKU04455,14,32559.24,2325.66,0
2025-06-11,ST05,SKU03754,8,9900.96,1237.62,0
2025-06-11,ST06,SKU02452,16,11418.24,713.64,0
2025-06-11,ST07,SKU02997,37,30389.95,821.35,0
2025-06-11,ST07,SKU04729,25,14663.75,586.55,0
2025-06-11,ST07,SKU04951,7,17377.43,2482.49,0
2025-06-11,ST09,SKU00556,22,4108.06,186.73,1
2025-06-11,ST09,SKU02912,3,3592.8,1197.6,0
2025-06-11,ST10,SKU02347,6,319.38,53.23,0
2025-06-11,ST10,SKU02897,5,5514.35,1102.87,0
2025-06-11,ST10,SKU04400,1,1930.17,1930.17,0
2025-06-11,ST11,SKU01258,22,5415.3,246.15,0
2025-06-11,ST11,SKU04871,11,7021.3,638.3,0
2025-06-11,ST12,SKU04896,16,3149.6,196.85,1
2025-06-11,ST14,SKU00875,9,22302.18,2478.02,0
2025-06-11,ST14,SKU01291,1,1639.92,1639.92,0
2025-06-11,ST14,SKU01818,5,3965.1,793.02,0
2025-06-11,ST14,SKU03797,14,13409.62,957.83,0
2025-06-11,ST14,SKU03928,11,24084.06,2189.46,0
2025-06-11,ST14,SKU04443,3,4248.15,1416.05,0
2025-06-11,ST17,SKU03351,6,6908.58,1151.43,0
2025-06-11,ST18,SKU00023,10,17835.2,1783.52,1
2025-06-11,ST18,SKU02493,4,2765.44,691.36,1
2025-06-11,ST20,SKU01690,10,14782.8,1478.28,0
2025-06-11,ST23,SKU00571,4,7568.16,1892.04,0
2025-06-11,ST23,SKU04993,8,16321.92,2040.24,0
2025-06-11,ST25,SKU03911,8,15966.64,1995.83,0
2025-06-11,ST25,SKU04751,11,24879.8,2261.8,0
2025-06-11,ST26,SKU02776,6,1290.84,215.14,0
2025-06-11,ST26,SKU03580,4,2465.96,616.49,0
2025-06-11,ST26,SKU03779,5,11957.45,2391.49,0
2025-06-11,ST27,SKU00974,1,1198.08,1198.08,0
2025-06-11,ST27,SKU04133,11,21905.73,1991.43,0
2025-06-11,ST29,SKU04683,10,2143.7,214.37,0
2025-06-11,ST29,SKU04899,22,22391.16,1017.78,0
2025-06-11,ST30,SKU01646,42,88069.8,2096.9,0
2025-06-11,ST30,SKU04721,3,2980.8,993.6,0
2025-06-12,ST03,SKU01327,21,5968.62,284.22,1
2025-06-12,ST03,SKU04530,5,7100.65,1420.13,0
2025-06-12,ST03,SKU04787,7,8567.51,1223.93,0
2025-06-12,ST05,SKU00016,5,636.7,127.34,0
2025-06-12,ST05,SKU00744,18,24371.82,1353.99,1
2025-06-12,ST08,SKU02605,0,0.0,360.56,0
2025-06-12,ST08,SKU03452,6,13617.36,2269.56,1
2025-06-12,ST09,SKU03696,48,45624.96,950.52,0
2025-06-12,ST10,SKU00285,37,15964.02,431.46,0
2025-06-12,ST10,SKU02724,18,10379.16,576.62,1
2025-06-12,ST11,SKU03266,13,5862.87,450.99,0
2025-06-12,ST11,SKU04346,3,6126.42,2042.14,0
2025-06-12,ST12,SKU03526,3,4806.72,1602.24,0
2025-06-12,ST13,SKU03062,6,11055.06,1842.51,0
2025-06-12,ST15,SKU01294,32,14080.32,440.01,1
2025-06-12,ST15,SKU01902,5,3531.8,706.36,1
2025-06-12,ST16,SKU03802,26,28132.52,1082.02,0
2025-06-12,ST18,SKU04393,9,15953.22,1772.58,0
2025-06-12,ST20,SKU04287,3,1153.89,384.63,0
2025-06-12,ST21,SKU00836,25,59335.25,2373.41,0
2025-06-12,ST21,SKU01983,7,8705.83,1243.69,0
2025-06-12,ST21,SKU02009,22,9990.42,454.11,1
2025-06-12,ST23,SKU01669,7,15971.9,2281.7,0
2025-06-12,ST23,SKU02068,36,89522.64,2486.74,0
2025-06-12,ST24,SKU01218,13,8258.77,635.29,0
2025-06-12,ST25,SKU00475,21,42245.07,2011.67,0
2025-06-12,ST27,SKU00765,7,15011.29,2144.47,1
2025-06-12,ST28,SKU02822,18,24998.22,1388.79,1
2025-06-13,ST01,SKU00965,14,8769.46,626.39,0
2025-06-13,ST01,SKU03132,9,21749.85,2416.65,0
2025-06-13,ST02,SKU00815,11,11837.54,1076.14,0
2025-06-13,ST04,SKU02279,21,48979.35,2332.35,0
2025-06-13,ST05,SKU01851,19,30047.74,1581.46,0
2025-06-13,ST05,SKU02644,4,5220.96,1305.24,0
2025-06-13,ST05,SKU04723,6,8713.8,1452.3,1
2025-06-13,ST05,SKU04816,15,29276.25,1951.75,0
2025-06-13,ST08,SKU01174,18,31176.72,1732.04,0
2025-06-13,ST09,SKU03644,26,22545.38,867.13,0
2025-06-13,ST09,SKU04586,0,0.0,827.01,0
2025-06-13,ST10,SKU03922,6,3079.86,513.31,1
2025-06-13,ST10,SKU04189,14,18776.52,1341.18,0
2025-06-13,ST11,SKU01151,12,14894.16,1241.18,0
2025-06-13,ST11,SKU01776,10,13159.0,1315.9,1
2025-06-13,ST11,SKU02017,11,10203.6,927.6,1
2025-06-13,ST11,SKU03940,7,5770.87,824.41,0
2025-06-13,ST13,SKU03454,29,54603.52,1882.88,0
2025-06-13,ST14,SKU01021,5,8146.1,1629.22,0
2025-06-13,ST14,SKU01511,26,50062.22,1925.47,0
2025-06-13,ST14,SKU04492,24,57923.76,2413.49,0
2025-06-13,ST15,SKU00532,16,31198.88,1949.93,0
2025-06-13,ST15,SKU02383,19,3137.47,165.13,1
2025-06-13,ST16,SKU00255,18,9111.6,506.2,1
2025-06-13,ST16,SKU04155,17,33862.98,1991.94,1
2025-06-13,ST17,SKU01348,27,2681.37,99.31,1
2025-06-13,ST18,SKU01115,13,32397.04,2492.08,0
2025-06-13,ST20,SKU04830,15,23965.65,1597.71,0
2025-06-13,ST21,SKU02716,0,0.0,597.1,0
2025-06-13,ST22,SKU01342,13,20448.22,1572.94,0
2025-06-13,ST22,SKU02009,20,9082.2,454.11,0
2025-06-13,ST22,SKU04362,8,2215.92,276.99,0
2025-06-13,ST23,SKU00238,30,45883.8,1529.46,1
2025-06-13,ST23,SKU00477,8,6301.6,787.7,1
2025-06-13,ST23,SKU01094,16,16222.08,1013.88,0
2025-06-13,ST23,SKU03748,6,5253.72,875.62,1
2025-06-13,ST24,SKU03526,9,14420.16,1602.24,1
2025-06-13,ST25,SKU02485,3,2002.65,667.55,0
2025-06-13,ST27,SKU02194,11,15898.52,1445.32,1
2025-06-13,ST28,SKU01971,12,3157.56,263.13,0
2025-06-13,ST29,SKU00284,15,35163.15,2344.21,0
2025-06-13,ST29,SKU03528,3,7250.01,2416.67,0
2025-06-13,ST29,SKU03665,36,78578.28,2182.73,0
2025-06-14,ST01,SKU00324,11,7971.37,724.67,1
2025-06-14,ST01,SKU00703,12,3554.4,296.2,0
2025-06-14,ST03,SKU00040,20,5914.6,295.73,0
2025-06-14,ST05,SKU02573,5,6738.35,1347.67,1
2025-06-14,ST05,SKU03941,16,23282.56,1455.16,0
2025-06-14,ST06,SKU00905,20,9166.4,458.32,0
2025-06-14,ST07,SKU02987,7,15152.41,2164.63,0
2025-06-14,ST08,SKU00619,14,14655.2,1046.8,0
2025-06-14,ST08,SKU04807,4,4898.28,1224.57,0
2025-06-14,ST09,SKU02517,10,20746.5,2074.65,0
2025-06-14,ST10,SKU03828,28,61589.92,2199.64,0
2025-06-14,ST12,SKU00278,5,10154.75,2030.95,1
2025-06-14,ST15,SKU01186,37,87828.38,2373.74,0
2025-06-14,ST16,SKU00229,23,50990.08,2216.96,0
2025-06-14,ST17,SKU00911,11,17873.35,1624.85,1
2025-06-14,ST17,SKU02553,6,1179.54,196.59,0
2025-06-14,ST18,SKU02826,12,15312.24,1276.02,0
2025-06-14,ST19,SKU02861,7,9606.1,1372.3,0
2025-06-14,ST20,SKU03199,27,21625.65,800.95,1
2025-06-14,ST21,SKU02813,7,10288.25,1469.75,0
2025-06-14,ST22,SKU01449,31,56912.9,1835.9,0
2025-06-14,ST23,SKU00275,17,33931.32,1995.96,0
2025-06-14,ST24,SKU01657,8,8964.0,1120.5,0
2025-06-14,ST25,SKU04201,27,42992.91,1592.33,1
2025-06-14,ST27,SKU00223,14,11506.46,821.89,0
2025-06-14,ST27,SKU00329,4,6891.12,1722.78,0
2025-06-14,ST27,SKU02074,8,1743.92,217.99,0
2025-06-14,ST28,SKU03409,11,17385.17,1580.47,0
2025-06-14,ST30,SKU03427,11,14283.28,1298.48,0
2025-06-15,ST01,SKU01780,10,568.4,56.84,0
2025-06-15,ST01,SKU01966,11,890.01,80.91,0
2025-06-15,ST02,SKU04956,12,1514.64,126.22,0
2025-06-15,ST03,SKU00367,20,15609.0,780.45,0
2025-06-15,ST04,SKU00648,8,12516.96,1564.62,0
2025-06-15,ST04,SKU03050,7,17332.56,2476.08,1
2025-06-15,ST05,SKU04658,27,30505.41,1129.83,0
2025-06-15,ST07,SKU04078,42,61932.36,1474.58,1
2025-06-15,ST07,SKU04606,18,10403.64,577.98,0
2025-06-15,ST08,SKU04073,3,176.22,58.74,0
2025-06-15,ST10,SKU01332,15,28154.85,1876.99,1
2025-06-15,ST11,SKU01140,36,19379.88,538.33,0
2025-06-15,ST11,SKU02870,17,14981.08,881.24,0
2025-06-15,ST13,SKU02942,1,1824.65,1824.65,0
2025-06-15,ST14,SKU02551,5,5152.45,1030.49,1
2025-06-15,ST14,SKU04670,14,31618.72,2258.48,1
2025-06-15,ST15,SKU03062,12,22110.12,1842.51,0
2025-06-15,ST16,SKU01008,13,11878.36,913.72,1
2025-06-15,ST17,SKU04460,0,0.0,1172.25,1
2025-06-15,ST18,SKU03166,22,44899.58,2040.89,0
2025-06-15,ST18,SKU03620,29,2535.76,87.44,1
2025-06-15,ST18,SKU03781,5,929.45,185.89,0
2025-06-15,ST18,SKU03881,5,7440.25,1488.05,0
2025-06-15,ST19,SKU00979,16,8957.44,559.84,0
2025-06-15,ST20,SKU01187,3,1438.92,479.64,0
2025-06-15,ST20,SKU02216,5,1263.1,252.62,0
2025-06-15,ST21,SKU03143,9,6603.84,733.76,0
2025-06-15,ST22,SKU03294,0,0.0,706.41,0
2025-06-15,ST23,SKU01324,23,34027.81,1479.47,1
2025-06-15,ST23,SKU04436,17,9964.55,586.15,0
2025-06-15,ST24,SKU02228,5,2519.7,503.94,0
2025-06-15,ST26,SKU02636,23,55213.11,2400.57,1
2025-06-15,ST27,SKU03239,18,2904.84,161.38,0
2025-06-15,ST27,SKU04711,15,9631.35,642.09,0
2025-06-15,ST27,SKU04766,16,31353.28,1959.58,0
2025-06-15,ST28,SKU02258,6,9425.82,1570.97,0
2025-06-15,ST30,SKU02112,13,9669.01,743.77,0
2025-06-16,ST01,SKU01599,17,10748.76,632.28,0
2025-06-16,ST01,SKU02004,13,26052.78,2004.06,0
2025-06-16,ST01,SKU03243,8,15771.52,1971.44,1
2025-06-16,ST02,SKU01898,15,5652.0,376.8,0
2025-06-16,ST03,SKU02719,10,1455.2,145.52,0
2025-06-16,ST04,SKU01756,6,7086.96,1181.16,0
2025-06-16,ST04,SKU02810,8,9724.08,1215.51,0
2025-06-16,ST04,SKU02959,0,0.0,2325.6,0
2025-06-16,ST06,SKU02295,11,11292.82,1026.62,0
2025-06-16,ST08,SKU03373,9,12369.51,1374.39,0
2025-06-16,ST10,SKU00876,20,32450.4,1622.52,0
2025-06-16,ST11,SKU01612,9,8361.36,929.04,0
2025-06-16,ST11,SKU03477,8,2638.56,329.82,1
2025-06-16,ST12,SKU00343,10,24004.1,2400.41,1
2025-06-16,ST13,SKU04382,2,296.12,148.06,0
2025-06-16,ST14,SKU03433,10,15471.1,1547.11,1
2025-06-16,ST15,SKU02142,8,14022.48,1752.81,1
2025-06-16,ST16,SKU02318,1,97.98,97.98,0
2025-06-16,ST16,SKU02673,13,10762.44,827.88,1
2025-06-16,ST16,SKU03517,3,2451.24,817.08,0
2025-06-16,ST18,SKU00638,16,2204.16,137.76,1
2025-06-16,ST18,SKU00721,7,13243.3,1891.9,0
2025-06-16,ST18,SKU00998,11,18357.57,1668.87,0
2025-06-16,ST18,SKU02479,6,1341.84,223.64,0
2025-06-16,ST20,SKU01091,38,4919.86,129.47,1
2025-06-16,ST20,SKU01458,9,6062.49,673.61,0
2025-06-16,ST21,SKU00646,3,4592.94,1530.98,0
2025-06-16,ST24,SKU01730,11,18166.72,1651.52,0
2025-06-16,ST24,SKU01984,12,3812.88,317.74,0
2025-06-16,ST27,SKU03284,16,18424.32,1151.52,0
2025-06-16,ST27,SKU04662,9,5065.56,562.84,0
2025-06-16,ST29,SKU03481,6,10327.8,1721.3,0
2025-06-16,ST30,SKU00032,33,70053.72,2122.84,0
2025-06-17,ST01,SKU02231,9,16882.2,1875.8,0
2025-06-17,ST02,SKU00216,12,620.28,51.69,0
2025-06-17,ST02,SKU00528,21,50112.72,2386.32,0
2025-06-17,ST02,SKU03764,9,5110.47,567.83,0
2025-06-17,ST04,SKU01552,25,52857.5,2114.3,1
2025-06-17,ST05,SKU01682,6,6322.38,1053.73,0
2025-06-17,ST05,SKU03061,5,5107.1,1021.42,0
2025-06-17,ST07,SKU02863,26,39438.88,1516.88,1
2025-06-17,ST08,SKU01115,5,12460.4,2492.08,0
2025-06-17,ST08,SKU04503,6,8021.1,1336.85,0
2025-06-17,ST09,SKU01084,17,13870.3,815.9,0
2025-06-17,ST10,SKU04230,0,0.0,1443.47,1
2025-06-17,ST16,SKU00894,17,8319.63,489.39,0
2025-06-17,ST16,SKU01158,7,3453.87,493.41,0
2025-06-17,ST16,SKU03306,9,9609.12,1067.68,0
2025-06-17,ST17,SKU00482,12,3558.12,296.51,0
2025-06-17,ST17,SKU00892,3,5849.34,1949.78,0
2025-06-17,ST17,SKU03830,11,22238.59,2021.69,0
2025-06-17,ST18,SKU04862,15,32275.05,2151.67,0
2025-06-17,ST19,SKU04031,8,16559.84,2069.98,0
2025-06-17,ST22,SKU02381,27,54463.32,2017.16,1
2025-06-17,ST22,SKU03348,14,14636.3,1045.45,0
2025-06-17,ST22,SKU04596,15,21545.85,1436.39,1
2025-06-17,ST23,SKU00531,16,37886.4,2367.9,0
2025-06-17,ST23,SKU03442,8,16612.96,2076.62,0
2025-06-17,ST23,SKU04082,2,4219.3,2109.65,0
2025-06-17,ST25,SKU02919,24,55766.16,2323.59,0
2025-06-17,ST27,SKU03897,23,34054.26,1480.62,0
2025-06-17,ST30,SKU03775,22,15820.42,719.11,0
2025-06-18,ST02,SKU01701,4,6613.88,1653.47,0
2025-06-18,ST05,SKU02822,13,18054.27,1388.79,0
2025-06-18,ST05,SKU03820,4,8436.04,2109.01,1
2025-06-18,ST06,SKU01806,25,41613.75,1664.55,0
2025-06-18,ST07,SKU00050,19,25024.9,1317.1,0
2025-06-18,ST07,SKU00166,4,1262.08,315.52,0
2025-06-18,ST07,SKU02269,30,36066.9,1202.23,0
2025-06-18,ST08,SKU03904,11,1913.56,173.96,0
2025-06-18,ST10,SKU00825,4,8805.08,2201.27,0
2025-06-18,ST10,SKU03398,10,18748.9,1874.89,0
2025-06-18,ST10,SKU03423,0,0.0,289.21,0
2025-06-18,ST11,SKU00912,29,69080.03,2382.07,0
2025-06-18,ST11,SKU03970,59,15032.02,254.78,1
2025-06-18,ST12,SKU01898,18,6782.4,376.8,0
2025-06-18,ST14,SKU03265,9,10091.61,1121.29,0
2025-06-18,ST15,SKU01328,13,8889.92,683.84,0
2025-06-18,ST15,SKU04087,8,9005.84,1125.73,0
2025-06-18,ST16,SKU03308,35,25504.15,728.69,1
2025-06-18,ST17,SKU03960,4,7737.8,1934.45,0
2025-06-18,ST18,SKU03245,10,14208.7,1420.87,0
2025-06-18,ST19,SKU04801,0,0.0,1722.86,0
2025-06-18,ST19,SKU04899,36,36640.08,1017.78,1
2025-06-18,ST20,SKU00075,14,25244.66,1803.19,0
2025-06-18,ST20,SKU03131,18,16626.96,923.72,0
2025-06-18,ST21,SKU00109,21,19940.97,949.57,0
2025-06-18,ST21,SKU04304,0,0.0,563.72,1
2025-06-18,ST22,SKU01237,10,23836.0,2383.6,0
2025-06-18,ST22,SKU03801,21,19326.3,920.3,0
2025-06-18,ST22,SKU04399,26,60534.5,2328.25,0
2025-06-18,ST23,SKU02258,11,17280.67,1570.97,0
2025-06-18,ST23,SKU04346,13,26547.82,2042.14,0
2025-06-18,ST23,SKU04532,18,42335.28,2351.96,0
2025-06-18,ST23,SKU04778,5,10626.4,2125.28,0
2025-06-18,ST24,SKU00939,12,19564.8,1630.4,0
2025-06-18,ST24,SKU02756,20,12910.6,645.53,0
2025-06-18,ST24,SKU03699,13,22806.29,1754.33,0
2025-06-18,ST24,SKU04839,14,34880.86,2491.49,0
2025-06-18,ST25,SKU02448,13,11099.79,853.83,0
2025-06-18,ST26,SKU00952,29,31681.92,1092.48,0
2025-06-18,ST26,SKU04081,7,4286.59,612.37,0
2025-06-18,ST28,SKU01875,3,588.75,196.25,0
2025-06-18,ST28,SKU02116,10,24115.9,2411.59,0
2025-06-18,ST30,SKU02101,2,4942.02,2471.01,0
2025-06-18,ST30,SKU02448,10,8538.3,853.83,0
2025-06-18,ST30,SKU04845,9,14448.87,1605.43,0
2025-06-19,ST01,SKU02407,0,0.0,1836.86,0
2025-06-19,ST03,SKU01247,13,26596.18,2045.86,0
2025-06-19,ST04,SKU04655,24,10163.04,423.46,0
2025-06-19,ST05,SKU01145,33,17761.92,538.24,1
2025-06-19,ST06,SKU00211,4,6816.6,1704.15,0
2025-06-19,ST06,SKU00476,7,2244.83,320.69,0
2025-06-19,ST06,SKU02158,13,26008.45,2000.65,0
2025-06-19,ST10,SKU00217,6,7665.12,1277.52,0
2025-06-19,ST11,SKU01104,10,4222.7,422.27,0
2025-06-19,ST11,SKU03258,7,12219.06,1745.58,0
2025-06-19,ST12,SKU04605,27,62584.65,2317.95,0
2025-06-19,ST13,SKU02960,6,6102.6,1017.1,0
2025-06-19,ST16,SKU04420,4,9155.92,2288.98,1
2025-06-19,ST17,SKU01999,17,6097.39,358.67,0
2025-06-19,ST17,SKU04229,20,38402.2,1920.11,0
2025-06-19,ST18,SKU00860,22,23098.9,1049.95,0
2025-06-19,ST18,SKU02290,39,96951.27,2485.93,0
2025-06-19,ST18,SKU03865,24,41372.16,1723.84,0
2025-06-19,ST18,SKU04398,7,11588.15,1655.45,0
2025-06-19,ST19,SKU03935,24,52163.52,2173.48,0
2025-06-19,ST20,SKU02657,12,2289.36,190.78,0
2025-06-19,ST22,SKU02578,9,4718.16,524.24,0
2025-06-19,ST23,SKU04197,30,28962.3,965.41,0
2025-06-19,ST26,SKU01047,47,91310.66,1942.78,1
2025-06-19,ST27,SKU03403,1,1819.56,1819.56,0
2025-06-19,ST28,SKU00906,18,17470.44,970.58,0
2025-06-19,ST29,SKU03038,8,2244.96,280.62,1
2025-06-19,ST30,SKU02461,11,6785.57,616.87,0
2025-06-19,ST30,SKU03951,6,828.78,138.13,0
2025-06-20,ST02,SKU02537,11,21146.29,1922.39,0
2025-06-20,ST02,SKU04156,7,2347.59,335.37,0
2025-06-20,ST04,SKU02096,2,4314.64,2157.32,0
2025-06-20,ST05,SKU02674,2,4262.94,2131.47,0
2025-06-20,ST05,SKU03103,7,11525.71,1646.53,0
2025-06-20,ST05,SKU04822,7,5292.91,756.13,0
2025-06-20,ST07,SKU01697,17,39822.5,2342.5,0
2025-06-20,ST09,SKU03606,8,19555.04,2444.38,0
2025-06-20,ST10,SKU01530,11,22344.63,2031.33,0
2025-06-20,ST12,SKU03329,9,17679.24,1964.36,0
2025-06-20,ST13,SKU01507,8,2660.08,332.51,0
2025-06-20,ST14,SKU04976,4,7158.32,1789.58,0
2025-06-20,ST17,SKU01834,11,14225.53,1293.23,1
2025-06-20,ST18,SKU00242,17,37997.04,2235.12,0
2025-06-20,ST18,SKU00780,7,8837.36,1262.48,0
2025-06-20,ST18,SKU04759,3,4291.02,1430.34,0
2025-06-20,ST22,SKU04316,21,32176.2,1532.2,1
2025-06-20,ST23,SKU00516,26,15939.56,613.06,1
2025-06-20,ST23,SKU01623,1,1761.66,1761.66,0
2025-06-20,ST24,SKU00344,5,5446.6,1089.32,1
2025-06-20,ST24,SKU02796,25,3746.0,149.84,0
2025-06-20,ST24,SKU03175,19,21740.94,1144.26,0
2025-06-20,ST27,SKU00958,23,43578.79,1894.73,0
2025-06-20,ST28,SKU01409,25,47791.5,1911.66,0
2025-06-20,ST28,SKU02752,8,8423.2,1052.9,1
2025-06-20,ST30,SKU00088,37,30905.36,835.28,0
2025-06-21,ST01,SKU00816,28,3153.64,112.63,0
2025-06-21,ST01,SKU01741,10,15528.5,1552.85,0
2025-06-21,ST01,SKU03035,58,92179.4,1589.3,0
2025-06-21,ST02,SKU04305,14,6364.68,454.62,0
2025-06-21,ST03,SKU01046,6,13540.08,2256.68,0
2025-06-21,ST03,SKU02310,29,15320.99,528.31,1
2025-06-21,ST04,SKU01026,13,20582.51,1583.27,0
2025-06-21,ST05,SKU01109,8,10799.76,1349.97,1
2025-06-21,ST05,SKU02862,5,11438.4,2287.68,0
2025-06-21,ST06,SKU00566,18,16922.52,940.14,0
2025-06-21,ST06,SKU03844,25,54143.25,2165.73,0
2025-06-21,ST06,SKU04961,5,11958.5,2391.7,0
2025-06-21,ST07,SKU03496,17,38729.06,2278.18,0
2025-06-21,ST09,SKU02583,0,0.0,2494.53,0
2025-06-21,ST10,SKU02251,5,2731.45,546.29,1
2025-06-21,ST11,SKU00067,10,11611.4,1161.14,0
2025-06-21,ST11,SKU04436,11,6447.65,586.15,0
2025-06-21,ST12,SKU00023,8,14268.16,1783.52,0
2025-06-21,ST13,SKU00261,12,8269.8,689.15,0
2025-06-21,ST13,SKU00678,10,16417.2,1641.72,0
2025-06-21,ST13,SKU04810,14,22336.72,1595.48,0
2025-06-21,ST14,SKU01083,23,31325.08,1361.96,0
2025-06-21,ST14,SKU01199,26,36814.44,1415.94,0
2025-06-21,ST14,SKU03215,7,3162.81,451.83,0
2025-06-21,ST15,SKU03567,26,32351.54,1244.29,0
2025-06-21,ST16,SKU04245,40,53918.8,1347.97,0
2025-06-21,ST17,SKU01913,13,14401.53,1107.81,0
2025-06-21,ST18,SKU01806,18,29961.9,1664.55,0
2025-06-21,ST19,SKU03668,2,4727.36,2363.68,0
2025-06-21,ST20,SKU00156,20,31819.6,1590.98,0
2025-06-21,ST20,SKU02359,44,6623.32,150.53,1
2025-06-21,ST22,SKU03463,49,60658.08,1237.92,0
2025-06-21,ST24,SKU02969,19,29904.48,1573.92,0
2025-06-21,ST24,SKU04363,12,26068.08,2172.34,1
2025-06-21,ST25,SKU02199,5,1096.55,219.31,0
2025-06-21,ST26,SKU01889,4,3428.2,857.05,0
2025-06-21,ST28,SKU02079,19,17774.5,935.5,0
2025-06-21,ST29,SKU02581,0,0.0,871.39,0
2025-06-21,ST29,SKU03908,4,989.2,247.3,0
2025-06-21,ST29,SKU04883,7,2022.51,288.93,0
2025-06-21,ST30,SKU00787,25,49317.75,1972.71,0
2025-06-21,ST30,SKU01361,21,24813.6,1181.6,0
2025-06-22,ST02,SKU00629,8,10676.88,1334.61,0
2025-06-22,ST02,SKU04771,26,41308.02,1588.77,1
2025-06-22,ST03,SKU02140,9,12131.64,1347.96,0
2025-06-22,ST04,SKU04445,25,16805.0,672.2,1
2025-06-22,ST06,SKU00833,14,25888.66,1849.19,0
2025-06-22,ST07,SKU01710,6,7071.0,1178.5,0
2025-06-22,ST08,SKU01319,20,33067.4,1653.37,0
2025-06-22,ST08,SKU04274,16,1697.6,106.1,0
2025-06-22,ST09,SKU03492,19,16237.02,854.58,0
2025-06-22,ST10,SKU00734,22,19741.04,897.32,1
2025-06-22,ST15,SKU02656,9,6349.14,705.46,1
2025-06-22,ST15,SKU03341,5,7593.45,1518.69,0
2025-06-22,ST17,SKU03209,2,3854.82,1927.41,0
2025-06-22,ST18,SKU03910,10,24663.0,2466.3,0
2025-06-22,ST19,SKU00944,15,1177.2,78.48,0
2025-06-22,ST19,SKU04859,11,14226.41,1293.31,0
2025-06-22,ST20,SKU03049,9,6245.19,693.91,0
2025-06-22,ST20,SKU04510,28,30211.16,1078.97,0
2025-06-22,ST21,SKU01280,4,3229.96,807.49,0
2025-06-22,ST22,SKU01807,12,11228.52,935.71,1
2025-06-22,ST23,SKU01510,10,8341.2,834.12,0
2025-06-22,ST23,SKU04389,24,8904.24,371.01,0
2025-06-22,ST24,SKU01492,34,10822.88,318.32,0
2025-06-22,ST25,SKU02197,14,31799.32,2271.38,1
2025-06-22,ST25,SKU03258,31,54112.98,1745.58,0
2025-06-22,ST25,SKU03933,2,3441.14,1720.57,0
2025-06-22,ST26,SKU01671,16,15255.04,953.44,0
2025-06-22,ST26,SKU02771,9,5497.2,610.8,0
2025-06-22,ST26,SKU03329,21,41251.56,1964.36,1
2025-06-22,ST26,SKU04006,19,1831.6,96.4,0
2025-06-22,ST27,SKU03558,6,6339.54,1056.59,0
2025-06-22,ST28,SKU02242,3,6174.6,2058.2,0
2025-06-22,ST28,SKU03009,4,8660.64,2165.16,0
2025-06-22,ST28,SKU03743,22,50250.64,2284.12,0
2025-06-22,ST30,SKU01429,15,9103.65,606.91,0
2025-06-22,ST30,SKU03464,18,12712.5,706.25,0
2025-06-23,ST01,SKU02608,18,2453.4,136.3,1
2025-06-23,ST02,SKU02601,16,5235.04,327.19,1
2025-06-23,ST03,SKU00022,7,14335.93,2047.99,0
2025-06-23,ST03,SKU00606,8,4656.48,582.06,1
2025-06-23,ST04,SKU04452,11,15890.49,1444.59,0
2025-06-23,ST05,SKU01161,9,3556.62,395.18,0
2025-06-23,ST06,SKU03702,11,3345.98,304.18,0
2025-06-23,ST07,SKU01190,27,66775.59,2473.17,1
2025-06-23,ST08,SKU00337,24,34914.72,1454.78,0
2025-06-23,ST08,SKU01197,0,0.0,777.59,1
2025-06-23,ST08,SKU02928,3,3183.66,1061.22,1
2025-06-23,ST09,SKU04157,18,22898.52,1272.14,1
2025-06-23,ST10,SKU04605,11,25497.45,2317.95,1
2025-06-23,ST12,SKU01267,21,44366.49,2112.69,1
2025-06-23,ST13,SKU00622,14,2003.12,143.08,1
2025-06-23,ST16,SKU01713,2,852.28,426.14,0
2025-06-23,ST16,SKU02510,5,7472.35,1494.47,0
2025-06-23,ST17,SKU00516,9,5517.54,613.06,0
2025-06-23,ST17,SKU02742,19,22082.56,1162.24,1
2025-06-23,ST19,SKU00368,4,8778.24,2194.56,1
2025-06-23,ST19,SKU02673,13,10762.44,827.88,0
2025-06-23,ST20,SKU03029,12,29206.2,2433.85,0
2025-06-23,ST21,SKU00994,11,26327.51,2393.41,0
2025-06-23,ST21,SKU01339,8,13638.08,1704.76,0
2025-06-23,ST21,SKU01598,21,18096.54,861.74,0
2025-06-23,ST22,SKU00031,23,13241.79,575.73,0
2025-06-23,ST22,SKU02674,5,10657.35,2131.47,1
2025-06-23,ST24,SKU00322,25,57955.5,2318.22,0
2025-06-23,ST24,SKU02478,16,16556.64,1034.79,1
2025-06-23,ST29,SKU02962,3,3318.24,1106.08,0
2025-06-24,ST01,SKU02897,21,23160.27,1102.87,0
2025-06-24,ST02,SKU00310,10,9429.8,942.98,0
2025-06-24,ST04,SKU00081,20,38256.2,1912.81,0
2025-06-24,ST04,SKU01093,8,6397.76,799.72,0
2025-06-24,ST04,SKU02462,17,26896.38,1582.14,0
2025-06-24,ST06,SKU01182,16,1909.76,119.36,0
2025-06-24,ST08,SKU00078,15,14228.7,948.58,0
2025-06-24,ST09,SKU00465,21,3275.37,155.97,0
2025-06-24,ST11,SKU00617,17,13546.28,796.84,0
2025-06-24,ST11,SKU03786,41,100577.92,2453.12,0
2025-06-24,ST12,SKU03231,11,20734.67,1884.97,1
2025-06-24,ST13,SKU00309,9,19555.47,2172.83,0
2025-06-24,ST13,SKU01345,11,22777.7,2070.7,0
2025-06-24,ST15,SKU04168,40,78704.4,1967.61,0
2025-06-24,ST16,SKU00854,7,13374.62,1910.66,0
2025-06-24,ST16,SKU01370,10,22336.4,2233.64,0
2025-06-24,ST16,SKU02058,10,24575.7,2457.57,0
2025-06-24,ST16,SKU03363,9,8767.8,974.2,0
2025-06-24,ST21,SKU02981,7,13389.88,1912.84,0
2025-06-24,ST22,SKU02077,10,5722.4,572.24,0
2025-06-24,ST23,SKU01267,10,21126.9,2112.69,1
2025-06-24,ST23,SKU02002,5,6473.15,1294.63,0
2025-06-24,ST24,SKU00189,12,10240.2,853.35,0
2025-06-24,ST28,SKU03402,32,17926.08,560.19,1
2025-06-24,ST29,SKU01289,18,13470.84,748.38,1
2025-06-24,ST29,SKU02775,39,30638.79,785.61,0
2025-06-24,ST30,SKU02460,24,57425.28,2392.72,0
2025-06-25,ST03,SKU04628,13,23874.5,1836.5,0
2025-06-25,ST04,SKU01615,18,39704.22,2205.79,0
2025-06-25,ST04,SKU02935,14,22890.56,1635.04,0
2025-06-25,ST06,SKU02091,30,8611.2,287.04,0
2025-06-25,ST06,SKU02341,21,31062.36,1479.16,0
2025-06-25,ST08,SKU01746,34,55567.56,1634.34,1
2025-06-25,ST12,SKU01350,8,5814.96,726.87,0
2025-06-25,ST12,SKU02802,13,6098.43,469.11,0
2025-06-25,ST14,SKU01541,9,20154.33,2239.37,0
2025-06-25,ST15,SKU02885,0,0.0,1767.36,1
2025-06-25,ST15,SKU03133,0,0.0,479.34,0
2025-06-25,ST17,SKU00736,11,3793.35,344.85,1
2025-06-25,ST18,SKU02534,9,16202.52,1800.28,0
2025-06-25,ST21,SKU02342,10,529.2,52.92,0
2025-06-25,ST22,SKU01868,21,49674.45,2365.45,0
2025-06-25,ST23,SKU00792,4,4025.92,1006.48,0
2025-06-25,ST24,SKU01733,9,21261.69,2362.41,0
2025-06-25,ST24,SKU03391,26,59881.9,2303.15,1
2025-06-25,ST25,SKU01920,23,47239.47,2053.89,0
2025-06-25,ST26,SKU02807,18,35408.52,1967.14,0
2025-06-25,ST30,SKU01216,6,9697.68,1616.28,1
2025-06-26,ST01,SKU00056,11,24255.99,2205.09,0
2025-06-26,ST02,SKU03202,25,2062.5,82.5,1
2025-06-26,ST04,SKU01810,7,14857.64,2122.52,0
2025-06-26,ST04,SKU02181,38,8949.38,235.51,0
2025-06-26,ST05,SKU00524,11,12408.55,1128.05,0
2025-06-26,ST06,SKU01018,2,986.98,493.49,0
2025-06-26,ST08,SKU00246,5,7374.05,1474.81,0
2025-06-26,ST08,SKU02240,14,4552.1,325.15,0
2025-06-26,ST09,SKU04407,17,36907.0,2171.0,0
2025-06-26,ST10,SKU01337,19,5628.75,296.25,0
2025-06-26,ST10,SKU04286,7,5073.18,724.74,0
2025-06-26,ST14,SKU02500,3,956.1,318.7,0
2025-06-26,ST15,SKU02785,8,3995.28,499.41,0
2025-06-26,ST16,SKU00470,6,9935.58,1655.93,0
2025-06-26,ST16,SKU01370,6,13401.84,2233.64,0
2025-06-26,ST16,SKU02286,24,22312.56,929.69,0
2025-06-26,ST16,SKU02629,7,14511.91,2073.13,0
2025-06-26,ST17,SKU04885,8,13092.4,1636.55,0
2025-06-26,ST18,SKU00538,19,18090.09,952.11,0
2025-06-26,ST18,SKU01708,15,6785.85,452.39,1
2025-06-26,ST19,SKU02108,6,8039.4,1339.9,0
2025-06-26,ST21,SKU02744,8,18467.12,2308.39,0
2025-06-26,ST23,SKU00276,23,49885.16,2168.92,0
2025-06-26,ST23,SKU01109,8,10799.76,1349.97,0
2025-06-26,ST23,SKU04040,22,39893.7,1813.35,0
2025-06-26,ST25,SKU02920,9,20908.62,2323.18,0
2025-06-26,ST25,SKU04886,3,2274.75,758.25,0
2025-06-26,ST26,SKU04078,3,4423.74,1474.58,0
2025-06-26,ST27,SKU03453,18,41921.1,2328.95,0
2025-06-26,ST28,SKU02447,20,18083.2,904.16,1
2025-06-26,ST28,SKU03720,12,24848.16,2070.68,0
2025-06-26,ST29,SKU00907,4,4393.6,1098.4,0
2025-06-26,ST29,SKU01686,12,15594.24,1299.52,0
2025-06-26,ST29,SKU02826,12,15312.24,1276.02,0
2025-06-27,ST01,SKU02317,20,48423.4,2421.17,0
2025-06-27,ST02,SKU01290,20,14211.4,710.57,0
2025-06-27,ST02,SKU01766,8,8732.88,1091.61,0
2025-06-27,ST05,SKU00580,11,19259.79,1750.89,0
2025-06-27,ST06,SKU03614,9,659.25,73.25,0
2025-06-27,ST07,SKU03492,8,6836.64,854.58,1
2025-06-27,ST08,SKU04182,2,4408.32,2204.16,0
2025-06-27,ST09,SKU01550,3,5735.19,1911.73,1
2025-06-27,ST09,SKU02780,16,11233.6,702.1,0
2025-06-27,ST10,SKU00453,8,18981.44,2372.68,0
2025-06-27,ST12,SKU01895,36,89720.64,2492.24,1
2025-06-27,ST13,SKU04377,7,13733.23,1961.89,0
2025-06-27,ST15,SKU01014,5,287.7,57.54,0
2025-06-27,ST15,SKU01394,10,10709.4,1070.94,0
2025-06-27,ST16,SKU00359,23,28050.57,1219.59,0
2025-06-27,ST16,SKU02078,21,42128.52,2006.12,0
2025-06-27,ST17,SKU02035,25,10265.25,410.61,0
2025-06-27,ST17,SKU04810,12,19145.76,1595.48,0
2025-06-27,ST18,SKU00790,8,18850.0,2356.25,1
2025-06-27,ST18,SKU01831,16,33102.24,2068.89,1
2025-06-27,ST21,SKU00677,10,18450.3,1845.03,0
2025-06-27,ST22,SKU02890,14,33733.0,2409.5,1
2025-06-27,ST24,SKU02259,14,11624.62,830.33,0
2025-06-27,ST28,SKU04082,7,14767.55,2109.65,0
2025-06-27,ST28,SKU04187,0,0.0,1429.85,1
2025-06-27,ST30,SKU03651,35,21571.2,616.32,1
2025-06-28,ST01,SKU02986,18,31144.68,1730.26,0
2025-06-28,ST05,SKU01682,33,34773.09,1053.73,0
2025-06-28,ST05,SKU02387,14,34185.06,2441.79,0
2025-06-28,ST05,SKU03575,7,1823.85,260.55,0
2025-06-28,ST06,SKU02992,3,1191.51,397.17,0
2025-06-28,ST08,SKU00441,3,2105.7,701.9,0
2025-06-28,ST08,SKU03032,10,10916.9,1091.69,0
2025-06-28,ST09,SKU00533,12,3735.36,311.28,0
2025-06-28,ST10,SKU00049,9,19115.19,2123.91,0
2025-06-28,ST11,SKU01308,24,42640.56,1776.69,0
2025-06-28,ST11,SKU02723,0,0.0,1749.05,0
2025-06-28,ST12,SKU00260,8,9937.76,1242.22,0
2025-06-28,ST14,SKU00144,16,38071.2,2379.45,0
2025-06-28,ST14,SKU03234,23,37846.96,1645.52,1
2025-06-28,ST14,SKU03705,25,15215.25,608.61,0
2025-06-28,ST14,SKU04255,12,15775.2,1314.6,1
2025-06-28,ST15,SKU02794,20,47027.6,2351.38,0
2025-06-28,ST16,SKU02711,29,37746.4,1301.6,0
2025-06-28,ST16,SKU03985,0,0.0,891.47,0
2025-06-28,ST16,SKU04834,11,25711.07,2337.37,0
2025-06-28,ST17,SKU00952,2,2184.96,1092.48,0
2025-06-28,ST17,SKU01637,1,1071.13,1071.13,0
2025-06-28,ST17,SKU04524,0,0.0,513.58,0
2025-06-28,ST23,SKU04528,34,23866.64,701.96,1
2025-06-28,ST24,SKU00819,5,4157.25,831.45,0
2025-06-28,ST24,SKU03390,24,13853.28,577.22,0
2025-06-28,ST24,SKU04248,13,14323.14,1101.78,0
2025-06-28,ST24,SKU04472,7,4291.28,613.04,1
2025-06-28,ST25,SKU04129,15,31641.6,2109.44,0
2025-06-28,ST26,SKU00435,19,24453.38,1287.02,1
2025-06-28,ST26,SKU04061,5,12422.2,2484.44,0
2025-06-28,ST27,SKU03932,13,25290.46,1945.42,0
2025-06-28,ST28,SKU04117,23,17768.42,772.54,1
2025-06-28,ST29,SKU04272,8,4015.2,501.9,0
2025-06-29,ST01,SKU03618,2,1016.32,508.16,0
2025-06-29,ST05,SKU03762,9,9861.66,1095.74,1
2025-06-29,ST05,SKU04419,10,20403.2,2040.32,0
2025-06-29,ST06,SKU00303,5,8485.8,1697.16,0
2025-06-29,ST06,SKU02981,15,28692.6,1912.84,0
2025-06-29,ST07,SKU01321,4,6177.12,1544.28,1
2025-06-29,ST07,SKU01419,6,10889.34,1814.89,0
2025-06-29,ST07,SKU01622,29,1926.18,66.42,1
2025-06-29,ST08,SKU00938,12,12495.36,1041.28,0
2025-06-29,ST09,SKU00655,5,9815.95,1963.19,1
2025-06-29,ST09,SKU03021,25,42749.5,1709.98,0
2025-06-29,ST10,SKU04087,26,29268.98,1125.73,0
2025-06-29,ST12,SKU00672,3,1390.83,463.61,0
2025-06-29,ST12,SKU04625,22,51469.44,2339.52,0
2025-06-29,ST13,SKU03824,8,11924.88,1490.61,0
2025-06-29,ST14,SKU03230,4,7861.12,1965.28,0
2025-06-29,ST15,SKU00034,12,26152.44,2179.37,0
2025-06-29,ST15,SKU04668,5,1821.85,364.37,0
2025-06-29,ST16,SKU00748,6,1051.68,175.28,0
2025-06-29,ST16,SKU01455,8,17912.8,2239.1,0
2025-06-29,ST16,SKU03678,21,49258.02,2345.62,0
2025-06-29,ST16,SKU04734,18,29110.32,1617.24,0
2025-06-29,ST18,SKU01904,14,15756.16,1125.44,1
2025-06-29,ST18,SKU03418,8,18379.84,2297.48,0
2025-06-29,ST18,SKU03666,39,59204.34,1518.06,1
2025-06-29,ST20,SKU02805,29,60407.29,2083.01,0
2025-06-29,ST23,SKU00661,6,9735.84,1622.64,0
2025-06-29,ST24,SKU00736,20,6897.0,344.85,0
2025-06-29,ST24,SKU03022,15,31895.7,2126.38,0
2025-06-29,ST25,SKU03789,23,53045.13,2306.31,0
2025-06-29,ST26,SKU01669,74,168845.8,2281.7,1
2025-06-29,ST26,SKU01986,16,23039.04,1439.94,1
2025-06-29,ST26,SKU03166,10,20408.9,2040.89,0
2025-06-29,ST26,SKU04236,31,32551.55,1050.05,1
2025-06-29,ST28,SKU01427,7,716.1,102.3,0
2025-06-29,ST28,SKU04242,11,16694.92,1517.72,0
2025-06-29,ST30,SKU01458,3,2020.83,673.61,0
2025-06-30,ST01,SKU02775,18,14140.98,785.61,0
2025-06-30,ST01,SKU03128,10,14270.9,1427.09,0
2025-06-30,ST01,SKU03819,21,33591.81,1599.61,0
2025-06-30,ST04,SKU02692,17,21217.87,1248.11,0
2025-06-30,ST04,SKU04508,14,12126.8,866.2,0
2025-06-30,ST05,SKU01088,3,1988.25,662.75,0
2025-06-30,ST05,SKU03660,9,12327.39,1369.71,0
2025-06-30,ST07,SKU04366,12,26421.6,2201.8,0
2025-06-30,ST08,SKU04063,15,26447.85,1763.19,0
2025-06-30,ST09,SKU02414,3,979.11,326.37,1
2025-06-30,ST09,SKU04190,14,14511.7,1036.55,1
2025-06-30,ST11,SKU03426,2,2645.06,1322.53,0
2025-06-30,ST13,SKU01756,21,24804.36,1181.16,0
2025-06-30,ST14,SKU00034,1,2179.37,2179.37,1
2025-06-30,ST16,SKU02923,7,7479.57,1068.51,0
2025-06-30,ST17,SKU00483,10,20734.8,2073.48,0
2025-06-30,ST17,SKU00727,34,84389.36,2482.04,0
2025-06-30,ST17,SKU02369,10,11326.2,1132.62,0
2025-06-30,ST18,SKU03984,23,5168.1,224.7,0
2025-06-30,ST20,SKU04833,5,9551.0,1910.2,0
2025-06-30,ST21,SKU01948,13,28479.23,2190.71,0
2025-06-30,ST22,SKU01037,3,709.47,236.49,0
2025-06-30,ST22,SKU02151,7,6648.67,949.81,1
2025-06-30,ST23,SKU01401,20,28342.0,1417.1,0
2025-06-30,ST23,SKU03205,8,18431.12,2303.89,0
2025-06-30,ST24,SKU00544,31,43587.24,1406.04,0
2025-06-30,ST24,SKU01065,39,81254.16,2083.44,0
2025-06-30,ST24,SKU01623,6,10569.96,1761.66,0
2025-06-30,ST25,SKU03111,15,13582.65,905.51,0
2025-06-30,ST27,SKU01118,14,10848.74,774.91,1
2025-06-30,ST28,SKU02428,3,1491.27,497.09,0
2025-06-30,ST28,SKU02465,13,12209.21,939.17,1
2025-06-30,ST29,SKU03894,13,24150.23,1857.71,1
2025-06-30,ST30,SKU01108,13,27449.24,2111.48,0
2025-07-01,ST01,SKU02375,27,53867.97,1995.11,0
2025-07-01,ST02,SKU00727,38,94317.52,2482.04,1
2025-07-01,ST07,SKU01079,14,24729.74,1766.41,0
2025-07-01,ST07,SKU02957,19,29292.49,1541.71,0
2025-07-01,ST08,SKU03056,13,28212.08,2170.16,0
2025-07-01,ST08,SKU03253,11,8751.16,795.56,0
2025-07-01,ST10,SKU01566,18,40665.96,2259.22,0
2025-07-01,ST10,SKU04206,6,4806.66,801.11,0
2025-07-01,ST11,SKU00520,3,3278.88,1092.96,0
2025-07-01,ST11,SKU04170,13,9124.7,701.9,0
2025-07-01,ST12,SKU00922,40,62848.0,1571.2,0
2025-07-01,ST12,SKU04571,8,12054.08,1506.76,0
2025-07-01,ST14,SKU02370,24,45234.96,1884.79,1
2025-07-01,ST14,SKU02902,18,34992.18,1944.01,0
2025-07-01,ST15,SKU03162,6,4468.56,744.76,0
2025-07-01,ST17,SKU01205,7,5879.3,839.9,0
2025-07-01,ST18,SKU02276,10,8765.2,876.52,1
2025-07-01,ST18,SKU03293,18,42193.26,2344.07,0
2025-07-01,ST18,SKU03902,14,14359.8,1025.7,0
2025-07-01,ST18,SKU04608,0,0.0,423.03,0
2025-07-01,ST20,SKU00534,9,11901.15,1322.35,0
2025-07-01,ST21,SKU00243,17,40959.8,2409.4,0
2025-07-01,ST21,SKU02902,6,11664.06,1944.01,0
2025-07-01,ST22,SKU01162,15,3896.55,259.77,0
2025-07-01,ST22,SKU01247,8,16366.88,2045.86,0
2025-07-01,ST23,SKU00525,8,16040.64,2005.08,0
2025-07-01,ST23,SKU01530,4,8125.32,2031.33,0
2025-07-01,ST24,SKU01229,16,34252.96,2140.81,0
2025-07-01,ST26,SKU00055,4,8222.0,2055.5,0
2025-07-01,ST29,SKU00731,32,56007.68,1750.24,0
2025-07-01,ST30,SKU01616,5,7876.35,1575.27,0
2025-07-01,ST30,SKU02651,5,10631.9,2126.38,0
2025-07-02,ST01,SKU01096,6,6239.76,1039.96,1
2025-07-02,ST01,SKU01443,3,4878.96,1626.32,0
2025-07-02,ST01,SKU04395,5,1340.3,268.06,0
2025-07-02,ST09,SKU02169,12,21708.48,1809.04,0
2025-07-02,ST09,SKU04060,17,20384.87,1199.11,1
2025-07-02,ST10,SKU02581,15,13070.85,871.39,0
2025-07-02,ST11,SKU03145,10,21269.1,2126.91,0
2025-07-02,ST18,SKU03708,21,26449.08,1259.48,0
2025-07-02,ST19,SKU00489,0,0.0,195.6,0
2025-07-02,ST19,SKU01081,12,25924.8,2160.4,0
2025-07-02,ST20,SKU02704,1,1383.79,1383.79,0
2025-07-02,ST20,SKU03759,18,1670.94,92.83,1
2025-07-02,ST21,SKU00922,9,14140.8,1571.2,0
2025-07-02,ST21,SKU01628,14,1218.56,87.04,0
2025-07-02,ST24,SKU04307,19,32649.03,1718.37,0
2025-07-02,ST25,SKU04082,8,16877.2,2109.65,1
2025-07-02,ST27,SKU03114,17,12411.53,730.09,0
2025-07-02,ST28,SKU00348,15,6695.55,446.37,0
2025-07-02,ST28,SKU01133,4,7163.52,1790.88,1
2025-07-02,ST30,SKU01015,10,17411.5,1741.15,0
2025-07-02,ST30,SKU02869,12,27228.12,2269.01,0
2025-07-03,ST01,SKU02097,13,31484.83,2421.91,1
2025-07-03,ST01,SKU03940,5,4122.05,824.41,0
2025-07-03,ST03,SKU03617,6,12234.6,2039.1,0
2025-07-03,ST03,SKU04443,18,25488.9,1416.05,0
2025-07-03,ST04,SKU03907,23,30850.36,1341.32,0
2025-07-03,ST06,SKU04566,17,40695.96,2393.88,1
2025-07-03,ST07,SKU00188,19,4208.88,221.52,1
2025-07-03,ST07,SKU00282,11,6272.2,570.2,0
2025-07-03,ST07,SKU04541,36,51448.68,1429.13,1
2025-07-03,ST08,SKU03218,12,20352.24,1696.02,0
2025-07-03,ST08,SKU04345,17,3103.35,182.55,0
2025-07-03,ST09,SKU01250,6,7066.86,1177.81,1
2025-07-03,ST11,SKU00223,52,42738.28,821.89,1
2025-07-03,ST11,SKU03909,12,10709.76,892.48,0
2025-07-03,ST13,SKU01273,17,6080.39,357.67,0
2025-07-03,ST13,SKU02078,1,2006.12,2006.12,0
2025-07-03,ST14,SKU01714,19,25632.9,1349.1,0
2025-07-03,ST14,SKU02011,17,26822.43,1577.79,0
2025-07-03,ST14,SKU03581,12,29875.68,2489.64,0
2025-07-03,ST16,SKU04439,11,4704.04,427.64,0
2025-07-03,ST18,SKU00032,7,14859.88,2122.84,0
2025-07-03,ST18,SKU01429,6,3641.46,606.91,0
2025-07-03,ST18,SKU04682,17,18065.22,1062.66,1
2025-07-03,ST20,SKU00409,16,28923.84,1807.74,1
2025-07-03,ST20,SKU02531,15,9608.4,640.56,0
2025-07-03,ST23,SKU04227,6,1833.6,305.6,0
2025-07-03,ST24,SKU01638,1,1105.88,1105.88,1
2025-07-03,ST24,SKU03875,30,6696.3,223.21,1
2025-07-03,ST25,SKU02272,15,5343.0,356.2,0
2025-07-03,ST27,SKU02104,23,50381.04,2190.48,0
2025-07-03,ST29,SKU00818,9,17463.24,1940.36,0
2025-07-03,ST29,SKU02489,4,7303.88,1825.97,0
2025-07-03,ST29,SKU03726,31,38816.03,1252.13,1
2025-07-03,ST30,SKU00385,4,2308.36,577.09,1
2025-07-04,ST01,SKU02960,0,0.0,1017.1,1
2025-07-04,ST01,SKU03335,10,17501.2,1750.12,0
2025-07-04,ST01,SKU04001,10,7391.5,739.15,0
2025-07-04,ST02,SKU00146,16,13010.4,813.15,1
2025-07-04,ST02,SKU03490,30,2349.3,78.31,0
2025-07-04,ST02,SKU04801,15,25842.9,1722.86,0
2025-07-04,ST03,SKU04472,17,10421.68,613.04,0
2025-07-04,ST04,SKU00420,6,8279.7,1379.95,1
2025-07-04,ST05,SKU00405,2,934.14,467.07,0
2025-07-04,ST08,SKU01156,15,34123.5,2274.9,0
2025-07-04,ST08,SKU03882,4,3627.88,906.97,0
2025-07-04,ST11,SKU00214,19,21235.54,1117.66,0
2025-07-04,ST13,SKU01722,8,16252.64,2031.58,1
2025-07-04,ST15,SKU02411,10,6489.9,648.99,0
2025-07-04,ST19,SKU02339,10,9691.8,969.18,0
2025-07-04,ST19,SKU02461,2,1233.74,616.87,0
2025-07-04,ST19,SKU04918,14,3227.56,230.54,0
2025-07-04,ST20,SKU00237,12,8959.32,746.61,0
2025-07-04,ST20,SKU00558,20,3976.0,198.8,0
2025-07-04,ST22,SKU01254,3,4704.93,1568.31,0
2025-07-04,ST23,SKU01100,5,4016.55,803.31,0
2025-07-04,ST23,SKU01479,18,37234.08,2068.56,0
2025-07-04,ST24,SKU00595,29,26272.55,905.95,0
2025-07-04,ST24,SKU03464,1,706.25,706.25,0
2025-07-04,ST24,SKU03957,0,0.0,889.28,0
2025-07-04,ST25,SKU03090,16,14287.68,892.98,0
2025-07-04,ST25,SKU03982,11,22574.86,2052.26,0
2025-07-04,ST28,SKU04794,5,8840.7,1768.14,0
2025-07-04,ST29,SKU00287,5,5214.45,1042.89,0
2025-07-05,ST01,SKU01636,25,10240.0,409.6,0
2025-07-05,ST02,SKU00462,23,47302.95,2056.65,0
2025-07-05,ST03,SKU03555,10,6071.5,607.15,0
2025-07-05,ST03,SKU03654,31,64073.59,2066.89,0
2025-07-05,ST04,SKU03047,5,6509.25,1301.85,0
2025-07-05,ST05,SKU01406,4,7682.4,1920.6,0
2025-07-05,ST05,SKU02081,29,67980.35,2344.15,0
2025-07-05,ST05,SKU03278,9,2681.55,297.95,0
2025-07-05,ST06,SKU00949,23,11170.41,485.67,0
2025-07-05,ST06,SKU03048,20,46520.6,2326.03,0
2025-07-05,ST09,SKU00530,23,6538.21,284.27,0
2025-07-05,ST09,SKU01565,13,17030.26,1310.02,0
2025-07-05,ST10,SKU04650,16,23308.64,1456.79,0
2025-07-05,ST12,SKU02951,12,13451.28,1120.94,1
2025-07-05,ST13,SKU00876,10,16225.2,1622.52,0
2025-07-05,ST13,SKU02624,16,16975.2,1060.95,0
2025-07-05,ST15,SKU02305,7,16806.37,2400.91,0
2025-07-05,ST16,SKU02167,16,6668.64,416.79,0
2025-07-05,ST17,SKU01375,12,9452.28,787.69,0
2025-07-05,ST17,SKU02120,10,14929.6,1492.96,1
2025-07-05,ST18,SKU03178,4,4163.0,1040.75,0
2025-07-05,ST18,SKU04481,8,17251.36,2156.42,0
2025-07-05,ST19,SKU02162,12,21701.64,1808.47,0
2025-07-05,ST20,SKU03514,0,0.0,1797.1,0
2025-07-05,ST21,SKU00211,3,5112.45,1704.15,0
2025-07-05,ST21,SKU02698,8,15582.8,1947.85,1
2025-07-05,ST23,SKU02734,9,3149.1,349.9,0
2025-07-05,ST28,SKU00166,22,6941.44,315.52,0
2025-07-05,ST28,SKU04959,33,16013.25,485.25,0
2025-07-05,ST29,SKU01252,19,9206.83,484.57,0
2025-07-05,ST29,SKU01288,6,5301.6,883.6,0
2025-07-05,ST30,SKU00980,29,51775.15,1785.35,1
2025-07-05,ST30,SKU02190,7,4885.58,697.94,0
2025-07-05,ST30,SKU02532,17,6941.44,408.32,1
2025-07-05,ST30,SKU04969,11,23147.74,2104.34,0
2025-07-06,ST01,SKU00570,23,16672.24,724.88,0
2025-07-06,ST01,SKU00691,14,27717.2,1979.8,0
2025-07-06,ST02,SKU01245,17,3843.19,226.07,0
2025-07-06,ST02,SKU01570,5,8874.15,1774.83,0
2025-07-06,ST03,SKU03737,6,1197.9,199.65,1
2025-07-06,ST03,SKU04358,4,8514.64,2128.66,0
2025-07-06,ST04,SKU00948,2,2891.58,1445.79,0
2025-07-06,ST04,SKU04239,29,61145.63,2108.47,0
2025-07-06,ST05,SKU04918,18,4149.72,230.54,1
2025-07-06,ST06,SKU00706,8,6438.64,804.83,0
2025-07-06,ST06,SKU03102,7,3919.51,559.93,0
2025-07-06,ST06,SKU03769,7,7766.71,1109.53,0
2025-07-06,ST07,SKU01076,7,2098.67,299.81,1
2025-07-06,ST09,SKU00333,6,525.9,87.65,0
2025-07-06,ST10,SKU03929,14,20660.5,1475.75,1
2025-07-06,ST11,SKU00890,15,13299.3,886.62,0
2025-07-06,ST11,SKU01657,23,25771.5,1120.5,0
2025-07-06,ST14,SKU02241,10,16557.8,1655.78,0
2025-07-06,ST16,SKU02547,0,0.0,442.95,0
2025-07-06,ST17,SKU01175,0,0.0,1722.62,0
2025-07-06,ST17,SKU01384,14,7614.32,543.88,0
2025-07-06,ST17,SKU04092,50,24850.5,497.01,1
2025-07-06,ST18,SKU00129,24,4642.56,193.44,1
2025-07-06,ST19,SKU03709,13,14984.58,1152.66,1
2025-07-06,ST20,SKU04950,8,9898.64,1237.33,0
2025-07-06,ST21,SKU00625,28,44265.2,1580.9,1
2025-07-06,ST21,SKU04419,0,0.0,2040.32,0
2025-07-06,ST21,SKU04648,27,28660.23,1061.49,0
2025-07-06,ST23,SKU01334,7,2265.76,323.68,1
2025-07-06,ST24,SKU03174,14,2026.78,144.77,0
2025-07-06,ST24,SKU03296,24,48955.44,2039.81,1
2025-07-06,ST25,SKU01534,20,21071.0,1053.55,0
2025-07-06,ST26,SKU03225,28,26135.76,933.42,0
2025-07-06,ST27,SKU03748,13,11383.06,875.62,0
2025-07-06,ST27,SKU03802,15,16230.3,1082.02,0
2025-07-06,ST27,SKU04444,5,3475.65,695.13,0
2025-07-06,ST30,SKU01567,10,1829.0,182.9,0
2025-07-07,ST01,SKU00691,11,21777.8,1979.8,0
2025-07-07,ST01,SKU04477,17,20616.75,1212.75,0
2025-07-07,ST02,SKU00245,19,14650.14,771.06,0
2025-07-07,ST03,SKU02011,14,22089.06,1577.79,1
2025-07-07,ST04,SKU00877,19,37364.45,1966.55,0
2025-07-07,ST05,SKU03125,9,6171.3,685.7,0
2025-07-07,ST06,SKU02662,0,0.0,570.66,0
2025-07-07,ST07,SKU00261,16,11026.4,689.15,0
2025-07-07,ST07,SKU01483,0,0.0,2370.1,0
2025-07-07,ST07,SKU01900,4,5408.88,1352.22,1
2025-07-07,ST07,SKU03107,18,37665.0,2092.5,0
2025-07-07,ST09,SKU03545,0,0.0,2035.13,0
2025-07-07,ST09,SKU03731,23,53128.16,2309.92,1
2025-07-07,ST10,SKU01479,32,66193.92,2068.56,0
2025-07-07,ST10,SKU01578,4,7839.6,1959.9,0
2025-07-07,ST10,SKU02007,6,4673.28,778.88,0
2025-07-07,ST11,SKU00864,18,22025.88,1223.66,0
2025-07-07,ST12,SKU02127,23,5942.74,258.38,0
2025-07-07,ST13,SKU00436,0,0.0,2386.6,0
2025-07-07,ST14,SKU03908,14,3462.2,247.3,0
2025-07-07,ST15,SKU00442,8,18167.68,2270.96,0
2025-07-07,ST15,SKU00482,10,2965.1,296.51,0
2025-07-07,ST16,SKU00943,24,13496.64,562.36,0
2025-07-07,ST17,SKU00076,20,31679.4,1583.97,1
2025-07-07,ST17,SKU01566,1,2259.22,2259.22,0
2025-07-07,ST19,SKU02252,15,26284.65,1752.31,0
2025-07-07,ST19,SKU02454,5,9258.0,1851.6,0
2025-07-07,ST20,SKU04728,12,18727.92,1560.66,0
2025-07-07,ST21,SKU01832,12,26067.0,2172.25,1
2025-07-07,ST22,SKU00515,6,8663.76,1443.96,1
2025-07-07,ST23,SKU02267,15,28038.6,1869.24,0
2025-07-07,ST23,SKU02801,10,18585.4,1858.54,0
2025-07-07,ST25,SKU00020,13,24742.12,1903.24,0
2025-07-07,ST25,SKU04727,6,11117.82,1852.97,0
2025-07-07,ST26,SKU04477,25,30318.75,1212.75,0
2025-07-07,ST27,SKU02483,15,1695.9,113.06,0
2025-07-07,ST28,SKU02087,7,12044.69,1720.67,0
2025-07-07,ST28,SKU04406,2,3169.86,1584.93,0
2025-07-07,ST30,SKU01976,5,11347.1,2269.42,0
2025-07-08,ST02,SKU00122,8,10027.76,1253.47,0
2025-07-08,ST02,SKU04595,20,13193.2,659.66,0
2025-07-08,ST03,SKU00504,10,23238.7,2323.87,0
2025-07-08,ST03,SKU01878,5,2891.3,578.26,0
2025-07-08,ST03,SKU04201,16,25477.28,1592.33,0
2025-07-08,ST04,SKU01337,21,6221.25,296.25,1
2025-07-08,ST04,SKU03138,5,8020.9,1604.18,0
2025-07-08,ST05,SKU01254,24,37639.44,1568.31,0
2025-07-08,ST07,SKU04892,7,12544.91,1792.13,0
2025-07-08,ST08,SKU01723,15,16617.15,1107.81,0
2025-07-08,ST09,SKU02093,12,22464.24,1872.02,1
2025-07-08,ST15,SKU00493,13,22078.16,1698.32,0
2025-07-08,ST16,SKU00737,14,17643.22,1260.23,0
2025-07-08,ST16,SKU03802,5,5410.1,1082.02,0
2025-07-08,ST16,SKU03884,5,7346.25,1469.25,0
2025-07-08,ST17,SKU01708,13,5881.07,452.39,0
2025-07-08,ST17,SKU03721,13,27417.78,2109.06,0
2025-07-08,ST18,SKU00033,13,927.81,71.37,0
2025-07-08,ST19,SKU00542,0,0.0,2016.31,0
2025-07-08,ST20,SKU01626,11,3550.36,322.76,1
2025-07-08,ST20,SKU01795,11,12302.29,1118.39,0
2025-07-08,ST20,SKU03790,5,7943.75,1588.75,0
2025-07-08,ST21,SKU02299,13,13176.67,1013.59,0
2025-07-08,ST22,SKU03559,35,64561.7,1844.62,1
2025-07-08,ST25,SKU01512,10,3458.2,345.82,0
2025-07-08,ST25,SKU03011,3,587.85,195.95,0
2025-07-08,ST26,SKU01219,7,9246.86,1320.98,0
2025-07-08,ST27,SKU00694,9,21974.67,2441.63,0
2025-07-08,ST27,SKU03600,9,4163.22,462.58,0
2025-07-08,ST28,SKU00253,14,3132.08,223.72,0
2025-07-08,ST28,SKU04897,40,30423.2,760.58,0
2025-07-08,ST29,SKU03260,20,30690.2,1534.51,0
2025-07-09,ST02,SKU00212,3,2167.05,722.35,1
2025-07-09,ST03,SKU04773,21,9357.39,445.59,0
2025-07-09,ST06,SKU02797,5,9580.3,1916.06,0
2025-07-09,ST07,SKU02490,8,15666.88,1958.36,0
2025-07-09,ST07,SKU02759,13,16837.86,1295.22,0
2025-07-09,ST08,SKU01772,10,12552.2,1255.22,0
2025-07-09,ST09,SKU01342,9,14156.46,1572.94,0
2025-07-09,ST10,SKU01212,5,8910.05,1782.01,1
2025-07-09,ST10,SKU03046,11,17390.67,1580.97,0
2025-07-09,ST13,SKU02048,26,33788.3,1299.55,0
2025-07-09,ST13,SKU04787,6,7343.58,1223.93,0
2025-07-09,ST15,SKU00575,24,3962.16,165.09,0
2025-07-09,ST15,SKU03701,5,3545.4,709.08,0
2025-07-09,ST17,SKU01139,7,6622.98,946.14,0
2025-07-09,ST17,SKU02646,17,18864.39,1109.67,1
2025-07-09,ST18,SKU01585,4,9991.12,2497.78,1
2025-07-09,ST19,SKU03930,3,4558.8,1519.6,0
2025-07-09,ST21,SKU02805,11,22913.11,2083.01,0
2025-07-09,ST21,SKU04891,8,9653.12,1206.64,0
2025-07-09,ST21,SKU04952,14,25471.32,1819.38,0
2025-07-09,ST22,SKU04565,33,15557.85,471.45,1
2025-07-09,ST22,SKU04827,20,43512.4,2175.62,1
2025-07-09,ST27,SKU00113,40,53972.4,1349.31,0
2025-07-09,ST29,SKU00007,21,23770.32,1131.92,0
2025-07-09,ST30,SKU02523,6,6228.9,1038.15,0
2025-07-10,ST01,SKU00605,10,13247.3,1324.73,0
2025-07-10,ST01,SKU01019,6,11171.82,1861.97,0
2025-07-10,ST01,SKU03857,7,14134.47,2019.21,1
2025-07-10,ST01,SKU04198,5,9411.5,1882.3,1
2025-07-10,ST03,SKU02162,32,57871.04,1808.47,0
2025-07-10,ST03,SKU02292,5,376.65,75.33,0
2025-07-10,ST05,SKU03111,12,10866.12,905.51,0
2025-07-10,ST05,SKU03731,8,18479.36,2309.92,0
2025-07-10,ST06,SKU00763,7,5326.79,760.97,0
2025-07-10,ST07,SKU00892,38,74091.64,1949.78,0
2025-07-10,ST07,SKU02566,3,1132.83,377.61,0
2025-07-10,ST10,SKU01116,17,39566.48,2327.44,0
2025-07-10,ST10,SKU01726,15,32955.9,2197.06,1
2025-07-10,ST10,SKU03526,1,1602.24,1602.24,1
2025-07-10,ST13,SKU02850,3,1833.57,611.19,0
2025-07-10,ST14,SKU00878,8,1026.88,128.36,0
2025-07-10,ST18,SKU02032,3,2723.1,907.7,0
2025-07-10,ST19,SKU01123,3,5978.61,1992.87,0
2025-07-10,ST19,SKU04355,16,2448.8,153.05,0
2025-07-10,ST20,SKU00780,20,25249.6,1262.48,1
2025-07-10,ST20,SKU04231,10,22209.1,2220.91,0
2025-07-10,ST21,SKU04399,9,20954.25,2328.25,0
2025-07-10,ST23,SKU01027,29,36765.91,1267.79,1
2025-07-10,ST23,SKU01328,10,6838.4,683.84,0
2025-07-10,ST23,SKU04188,5,11733.5,2346.7,0
2025-07-10,ST23,SKU04670,10,22584.8,2258.48,0
2025-07-10,ST24,SKU02089,32,73715.52,2303.61,0
2025-07-10,ST24,SKU03972,25,38405.0,1536.2,1
2025-07-10,ST27,SKU02793,11,14357.09,1305.19,0
2025-07-10,ST28,SKU03206,18,3615.84,200.88,0
2025-07-11,ST04,SKU01906,8,9252.8,1156.6,0
2025-07-11,ST04,SKU01977,26,61801.22,2376.97,0
2025-07-11,ST04,SKU02795,14,13259.96,947.14,0
2025-07-11,ST04,SKU03333,16,19422.08,1213.88,1
2025-07-11,ST06,SKU01508,2,1465.88,732.94,0
2025-07-11,ST07,SKU00650,10,21441.7,2144.17,1
2025-07-11,ST08,SKU01887,11,21741.28,1976.48,0
2025-07-11,ST09,SKU02612,14,12681.76,905.84,0
2025-07-11,ST10,SKU03150,5,885.8,177.16,0
2025-07-11,ST12,SKU01970,0,0.0,2235.96,0
2025-07-11,ST13,SKU00464,4,8833.56,2208.39,1
2025-07-11,ST14,SKU00997,4,4585.16,1146.29,1
2025-07-11,ST15,SKU00477,18,14178.6,787.7,0
2025-07-11,ST16,SKU02374,25,57955.75,2318.23,0
2025-07-11,ST17,SKU00532,11,21449.23,1949.93,0
2025-07-11,ST17,SKU02896,16,30962.56,1935.16,0
2025-07-11,ST18,SKU04861,15,36451.35,2430.09,0
2025-07-11,ST20,SKU01489,18,2924.46,162.47,0
2025-07-11,ST21,SKU04853,14,7558.6,539.9,0
2025-07-11,ST26,SKU01561,9,11669.85,1296.65,0
2025-07-11,ST27,SKU04287,7,2692.41,384.63,0
2025-07-11,ST28,SKU01392,1,226.45,226.45,0
2025-07-11,ST28,SKU02840,19,37514.17,1974.43,0
2025-07-11,ST28,SKU04814,16,12017.12,751.07,0
2025-07-11,ST30,SKU01132,10,10525.3,1052.53,0
2025-07-12,ST01,SKU00402,4,5661.92,1415.48,0
2025-07-12,ST01,SKU04140,21,14605.92,695.52,0
2025-07-12,ST01,SKU04723,4,5809.2,1452.3,0
2025-07-12,ST03,SKU03391,15,34547.25,2303.15,1
2025-07-12,ST04,SKU02395,6,12725.94,2120.99,0
2025-07-12,ST06,SKU04155,15,29879.1,1991.94,0
2025-07-12,ST07,SKU00607,11,15758.49,1432.59,0
2025-07-12,ST07,SKU04291,9,1460.52,162.28,0
2025-07-12,ST08,SKU02638,5,9421.3,1884.26,0
2025-07-12,ST08,SKU04443,3,4248.15,1416.05,0
2025-07-12,ST09,SKU00684,3,7108.86,2369.62,0
2025-07-12,ST09,SKU04181,8,10031.52,1253.94,0
2025-07-12,ST10,SKU00355,11,8848.95,804.45,0
2025-07-12,ST11,SKU01940,5,2980.9,596.18,0
2025-07-12,ST14,SKU03244,8,14202.48,1775.31,0
2025-07-12,ST15,SKU04037,10,19383.5,1938.35,0
2025-07-12,ST15,SKU04762,16,17447.84,1090.49,0
2025-07-12,ST16,SKU01982,3,4427.46,1475.82,1
2025-07-12,ST18,SKU04458,31,8759.05,282.55,0
2025-07-12,ST18,SKU04490,11,8622.13,783.83,0
2025-07-12,ST18,SKU04737,16,11811.84,738.24,0
2025-07-12,ST22,SKU02830,4,5290.12,1322.53,0
2025-07-12,ST22,SKU03549,23,20078.77,872.99,0
2025-07-12,ST25,SKU00273,30,66326.4,2210.88,1
2025-07-12,ST25,SKU02371,9,11400.93,1266.77,0
2025-07-12,ST26,SKU00299,1,542.08,542.08,0
2025-07-12,ST26,SKU01424,8,6791.84,848.98,0
2025-07-12,ST26,SKU03287,8,17351.76,2168.97,0
2025-07-12,ST26,SKU04158,10,13531.9,1353.19,0
2025-07-12,ST27,SKU02777,30,24995.1,833.17,0
2025-07-12,ST28,SKU01301,0,0.0,1063.44,0
2025-07-12,ST28,SKU01424,16,13583.68,848.98,1
2025-07-12,ST29,SKU04175,64,25954.56,405.54,1
2025-07-12,ST30,SKU04871,33,21063.9,638.3,0
2025-07-13,ST01,SKU01352,9,16138.62,1793.18,0
2025-07-13,ST01,SKU04636,5,4797.0,959.4,0
2025-07-13,ST02,SKU01168,5,9951.2,1990.24,0
2025-07-13,ST02,SKU02250,7,17404.45,2486.35,0
2025-07-13,ST02,SKU04678,4,1788.6,447.15,0
2025-07-13,ST06,SKU00722,16,37915.36,2369.71,0
2025-07-13,ST06,SKU02342,6,317.52,52.92,0
2025-07-13,ST07,SKU02998,24,9239.04,384.96,0
2025-07-13,ST12,SKU02882,6,5888.22,981.37,0
2025-07-13,ST12,SKU04747,14,26584.6,1898.9,0
2025-07-13,ST14,SKU02072,17,17859.52,1050.56,0
2025-07-13,ST14,SKU04941,9,7882.56,875.84,0
2025-07-13,ST18,SKU04746,7,5086.69,726.67,0
2025-07-13,ST19,SKU00764,13,836.29,64.33,0
2025-07-13,ST19,SKU00978,19,2507.05,131.95,1
2025-07-13,ST21,SKU03310,12,18206.16,1517.18,0
2025-07-13,ST22,SKU00191,43,34046.97,791.79,0
2025-07-13,ST23,SKU02388,17,23566.08,1386.24,0
2025-07-13,ST24,SKU01566,14,31629.08,2259.22,0
2025-07-13,ST25,SKU03171,24,54949.68,2289.57,1
2025-07-13,ST27,SKU00333,23,2015.95,87.65,0
2025-07-13,ST27,SKU02962,11,12166.88,1106.08,0
2025-07-13,ST27,SKU04774,4,3164.92,791.23,0
2025-07-13,ST28,SKU02154,33,46019.82,1394.54,1
2025-07-13,ST28,SKU04005,10,14854.7,1485.47,0
2025-07-13,ST30,SKU00042,19,28064.14,1477.06,0
2025-07-13,ST30,SKU01370,16,35738.24,2233.64,0
2025-07-13,ST30,SKU02315,9,5135.94,570.66,0
2025-07-14,ST01,SKU01503,0,0.0,1995.11,0
2025-07-14,ST01,SKU02661,11,20452.52,1859.32,0
2025-07-14,ST01,SKU04291,20,3245.6,162.28,0
2025-07-14,ST05,SKU01940,26,15500.68,596.18,1
2025-07-14,ST05,SKU02279,21,48979.35,2332.35,0
2025-07-14,ST06,SKU00661,23,37320.72,1622.64,1
2025-07-14,ST07,SKU03584,8,1616.48,202.06,0
2025-07-14,ST08,SKU00757,20,14321.8,716.09,1
2025-07-14,ST09,SKU00815,9,9685.26,1076.14,0
2025-07-14,ST09,SKU01608,6,5703.54,950.59,0
2025-07-14,ST09,SKU03109,11,25960.11,2360.01,1
2025-07-14,ST11,SKU01758,23,51545.99,2241.13,0
2025-07-14,ST12,SKU00008,8,3400.16,425.02,0
2025-07-14,ST12,SKU02357,14,30872.66,2205.19,0
2025-07-14,ST12,SKU02763,24,20589.12,857.88,1
2025-07-14,ST13,SKU04837,15,12650.55,843.37,0
2025-07-14,ST14,SKU02134,2,3326.86,1663.43,1
2025-07-14,ST14,SKU02469,31,23991.83,773.93,1
2025-07-14,ST15,SKU01002,5,1496.45,299.29,0
2025-07-14,ST15,SKU03409,9,14224.23,1580.47,0
2025-07-14,ST16,SKU02537,13,24991.07,1922.39,0
2025-07-14,ST17,SKU02621,23,39330.23,1710.01,0
2025-07-14,ST21,SKU02670,19,19287.85,1015.15,1
2025-07-14,ST21,SKU03986,17,21939.69,1290.57,0
2025-07-14,ST23,SKU04931,5,1891.1,378.22,0
2025-07-14,ST25,SKU00083,3,6240.84,2080.28,0
2025-07-14,ST25,SKU02716,11,6568.1,597.1,0
2025-07-14,ST26,SKU01742,26,6095.96,234.46,1
2025-07-14,ST27,SKU02916,9,13539.69,1504.41,0
2025-07-14,ST29,SKU01547,2,2443.36,1221.68,0
2025-07-15,ST01,SKU04328,25,45845.75,1833.83,1
2025-07-15,ST05,SKU03055,16,17978.08,1123.63,0
2025-07-15,ST05,SKU04634,28,49920.92,1782.89,0
2025-07-15,ST07,SKU00291,39,50863.02,1304.18,0
2025-07-15,ST07,SKU04245,12,16175.64,1347.97,1
2025-07-15,ST07,SKU04684,7,8502.69,1214.67,0
2025-07-15,ST08,SKU01442,2,1051.52,525.76,0
2025-07-15,ST11,SKU01250,17,20022.77,1177.81,1
2025-07-15,ST11,SKU04159,7,13773.2,1967.6,0
2025-07-15,ST14,SKU00674,9,18314.82,2034.98,0
2025-07-15,ST14,SKU01156,23,52322.7,2274.9,0
2025-07-15,ST17,SKU00366,13,10116.86,778.22,0
2025-07-15,ST17,SKU02865,21,11059.23,526.63,0
2025-07-15,ST17,SKU02900,3,7267.53,2422.51,0
2025-07-15,ST18,SKU02436,9,3665.61,407.29,0
2025-07-15,ST18,SKU04038,7,9980.95,1425.85,1
2025-07-15,ST19,SKU01029,10,20858.4,2085.84,0
2025-07-15,ST19,SKU02641,25,55624.5,2224.98,0
2025-07-15,ST22,SKU00700,16,12678.72,792.42,1
2025-07-15,ST22,SKU03100,30,13058.1,435.27,0
2025-07-15,ST22,SKU04677,16,12022.08,751.38,0
2025-07-15,ST23,SKU02281,11,702.02,63.82,1
2025-07-15,ST24,SKU01658,0,0.0,264.55,0
2025-07-15,ST24,SKU03555,11,6678.65,607.15,0
2025-07-15,ST26,SKU00823,13,20256.34,1558.18,0
2025-07-15,ST29,SKU04677,3,2254.14,751.38,0
2025-07-15,ST30,SKU04802,15,3286.8,219.12,0
2025-07-15,ST30,SKU04836,13,16665.48,1281.96,0
2025-07-16,ST02,SKU04699,6,10424.34,1737.39,0
2025-07-16,ST03,SKU02015,18,22286.34,1238.13,0
2025-07-16,ST04,SKU04309,8,16493.04,2061.63,0
2025-07-16,ST05,SKU01557,8,681.52,85.19,0
2025-07-16,ST07,SKU03469,2,3842.24,1921.12,0
2025-07-16,ST08,SKU01510,9,7507.08,834.12,0
2025-07-16,ST08,SKU02194,18,26015.76,1445.32,0
2025-07-16,ST08,SKU02262,17,31645.84,1861.52,0
2025-07-16,ST09,SKU00621,14,26122.46,1865.89,1
2025-07-16,ST11,SKU01750,3,2667.6,889.2,0
2025-07-16,ST11,SKU03173,23,2894.78,125.86,1
2025-07-16,ST11,SKU03867,14,4586.68,327.62,0
2025-07-16,ST11,SKU03947,23,45527.35,1979.45,0
2025-07-16,ST12,SKU00187,10,4817.9,481.79,0
2025-07-16,ST12,SKU01621,22,36868.92,1675.86,0
2025-07-16,ST13,SKU03188,7,16336.74,2333.82,0
2025-07-16,ST16,SKU00248,11,20874.81,1897.71,0
2025-07-16,ST16,SKU01242,5,3494.3,698.86,0
2025-07-16,ST16,SKU02332,1,115.86,115.86,0
2025-07-16,ST16,SKU04354,20,12259.8,612.99,1
2025-07-16,ST19,SKU00635,37,24041.86,649.78,1
2025-07-16,ST19,SKU01874,8,13532.88,1691.61,0
2025-07-16,ST20,SKU02835,7,8186.43,1169.49,0
2025-07-16,ST21,SKU03319,8,12156.16,1519.52,0
2025-07-16,ST22,SKU02530,8,4042.88,505.36,0
2025-07-16,ST28,SKU02279,9,20991.15,2332.35,0
2025-07-16,ST28,SKU04278,11,12890.68,1171.88,0
2025-07-16,ST29,SKU02668,7,10443.16,1491.88,0
2025-07-16,ST30,SKU03196,8,16831.92,2103.99,1
2025-07-16,ST30,SKU03210,14,7727.44,551.96,0
2025-07-16,ST30,SKU03915,9,15456.96,1717.44,0
2025-07-17,ST01,SKU03689,18,15309.54,850.53,0
2025-07-17,ST03,SKU02412,10,16620.4,1662.04,0
2025-07-17,ST03,SKU03088,16,30369.92,1898.12,1
2025-07-17,ST05,SKU02340,25,15279.25,611.17,0
2025-07-17,ST05,SKU03475,10,14414.1,1441.41,0
2025-07-17,ST06,SKU01716,1,1591.13,1591.13,0
2025-07-17,ST08,SKU00873,15,24790.2,1652.68,0
2025-07-17,ST10,SKU02102,21,4688.46,223.26,0
2025-07-17,ST10,SKU02592,8,18249.28,2281.16,0
2025-07-17,ST12,SKU04034,3,2004.15,668.05,0
2025-07-17,ST13,SKU00634,18,32669.82,1814.99,0
2025-07-17,ST13,SKU03215,6,2710.98,451.83,0
2025-07-17,ST14,SKU00927,6,2746.14,457.69,1
2025-07-17,ST14,SKU04158,2,2706.38,1353.19,0
2025-07-17,ST14,SKU04465,0,0.0,2418.15,0
2025-07-17,ST16,SKU04222,11,8779.98,798.18,0
2025-07-17,ST18,SKU01464,6,10504.74,1750.79,1
2025-07-17,ST19,SKU00864,18,22025.88,1223.66,0
2025-07-17,ST19,SKU03510,13,32081.14,2467.78,0
2025-07-17,ST20,SKU02286,4,3718.76,929.69,0
2025-07-17,ST21,SKU02143,4,9370.8,2342.7,0
2025-07-17,ST22,SKU01408,15,6403.35,426.89,0
2025-07-17,ST22,SKU02506,11,21727.53,1975.23,1
2025-07-17,ST22,SKU04754,9,3117.33,346.37,0
2025-07-17,ST26,SKU00853,6,13547.88,2257.98,0
2025-07-17,ST27,SKU01277,39,6771.57,173.63,1
2025-07-17,ST27,SKU01436,29,35867.78,1236.82,1
2025-07-17,ST27,SKU02346,24,9763.68,406.82,0
2025-07-17,ST28,SKU01898,38,14318.4,376.8,0
2025-07-17,ST29,SKU00879,8,8775.28,1096.91,0
2025-07-17,ST30,SKU01976,15,34041.3,2269.42,0
2025-07-17,ST30,SKU02419,17,27337.87,1608.11,0
2025-07-18,ST01,SKU02906,7,13276.06,1896.58,1
2025-07-18,ST02,SKU02437,7,15371.51,2195.93,0
2025-07-18,ST02,SKU03822,4,2103.04,525.76,0
2025-07-18,ST02,SKU04551,6,2788.08,464.68,0
2025-07-18,ST04,SKU00868,11,6807.9,618.9,0
2025-07-18,ST04,SKU01203,15,20310.75,1354.05,0
2025-07-18,ST04,SKU02002,24,31071.12,1294.63,0
2025-07-18,ST04,SKU04311,14,22256.64,1589.76,0
2025-07-18,ST06,SKU04246,5,9015.4,1803.08,0
2025-07-18,ST08,SKU02348,21,14964.18,712.58,0
2025-07-18,ST09,SKU00710,4,4423.16,1105.79,0
2025-07-18,ST09,SKU01650,11,22471.79,2042.89,0
2025-07-18,ST10,SKU04503,23,30747.55,1336.85,0
2025-07-18,ST10,SKU04630,4,4813.76,1203.44,0
2025-07-18,ST11,SKU04658,54,61010.82,1129.83,1
2025-07-18,ST12,SKU03674,16,25362.4,1585.15,1
2025-07-18,ST14,SKU03113,6,1131.78,188.63,0
2025-07-18,ST15,SKU01959,31,53483.99,1725.29,1
2025-07-18,ST15,SKU04565,37,17443.65,471.45,1
2025-07-18,ST16,SKU01338,11,14967.37,1360.67,0
2025-07-18,ST17,SKU04195,7,10783.57,1540.51,0
2025-07-18,ST18,SKU03730,25,55896.75,2235.87,1
2025-07-18,ST19,SKU00966,6,1077.48,179.58,0
2025-07-18,ST20,SKU00119,4,5774.44,1443.61,0
2025-07-18,ST20,SKU02609,8,10905.04,1363.13,0
2025-07-18,ST20,SKU04281,19,14429.55,759.45,1
2025-07-18,ST20,SKU04879,2,1587.28,793.64,0
2025-07-18,ST21,SKU03744,6,6312.36,1052.06,0
2025-07-18,ST22,SKU01563,13,22261.46,1712.42,0
2025-07-18,ST22,SKU03029,8,19470.8,2433.85,1
2025-07-18,ST23,SKU01098,12,21004.2,1750.35,0
2025-07-18,ST24,SKU04064,13,18134.61,1394.97,0
2025-07-18,ST25,SKU03162,49,36493.24,744.76,1
2025-07-18,ST25,SKU03656,14,12941.46,924.39,0
2025-07-18,ST26,SKU00252,16,7088.16,443.01,0
2025-07-18,ST26,SKU00587,14,28057.68,2004.12,0
2025-07-18,ST26,SKU02162,8,14467.76,1808.47,0
2025-07-18,ST26,SKU02422,11,24508.11,2228.01,0
2025-07-18,ST26,SKU04938,0,0.0,2491.66,0
2025-07-18,ST27,SKU02986,15,25953.9,1730.26,0
2025-07-18,ST28,SKU01011,11,6679.86,607.26,0
2025-07-18,ST28,SKU02271,4,6592.36,1648.09,1
2025-07-18,ST29,SKU00747,3,2762.97,920.99,0
2025-07-18,ST29,SKU02140,6,8087.76,1347.96,0
2025-07-18,ST30,SKU01614,34,54230.34,1595.01,1
2025-07-19,ST01,SKU01917,3,982.44,327.48,0
2025-07-19,ST01,SKU04592,6,8456.58,1409.43,0
2025-07-19,ST01,SKU04840,4,9777.12,2444.28,0
2025-07-19,ST04,SKU04179,9,12891.6,1432.4,0
2025-07-19,ST06,SKU00374,8,19084.72,2385.59,0
2025-07-19,ST06,SKU01946,16,9729.92,608.12,0
2025-07-19,ST06,SKU03112,11,6794.92,617.72,1
2025-07-19,ST06,SKU03601,29,48682.3,1678.7,1
2025-07-19,ST07,SKU01522,17,20930.4,1231.2,0
2025-07-19,ST07,SKU03250,14,19374.32,1383.88,0
2025-07-19,ST09,SKU00335,6,3312.24,552.04,0
2025-07-19,ST09,SKU00875,2,4956.04,2478.02,0
2025-07-19,ST09,SKU01588,13,28831.66,2217.82,0
2025-07-19,ST10,SKU00848,4,3624.44,906.11,0
2025-07-19,ST10,SKU01173,10,18698.7,1869.87,1
2025-07-19,ST10,SKU03455,16,12832.32,802.02,0
2025-07-19,ST12,SKU00689,18,7986.42,443.69,0
2025-07-19,ST12,SKU04959,0,0.0,485.25,0
2025-07-19,ST13,SKU01382,18,21173.4,1176.3,0
2025-07-19,ST14,SKU00490,10,22439.0,2243.9,0
2025-07-19,ST15,SKU02120,12,17915.52,1492.96,0
2025-07-19,ST15,SKU02995,19,28640.79,1507.41,0
2025-07-19,ST15,SKU04199,20,27021.6,1351.08,0
2025-07-19,ST17,SKU03793,42,104681.64,2492.42,0
2025-07-19,ST18,SKU00233,9,20570.76,2285.64,0
2025-07-19,ST22,SKU03072,19,22016.82,1158.78,0
2025-07-19,ST22,SKU04665,18,14262.12,792.34,0
2025-07-19,ST23,SKU04101,5,8262.4,1652.48,0
2025-07-19,ST25,SKU04652,2,2580.14,1290.07,0
2025-07-19,ST26,SKU00234,11,18751.81,1704.71,0
2025-07-19,ST27,SKU03830,9,18195.21,2021.69,0
2025-07-19,ST29,SKU03961,14,7127.4,509.1,1
2025-07-19,ST30,SKU00298,3,1053.0,351.0,0
2025-07-19,ST30,SKU02784,2,2017.58,1008.79,0
2025-07-19,ST30,SKU03055,0,0.0,1123.63,0
2025-07-19,ST30,SKU03397,1,1130.21,1130.21,0
2025-07-20,ST03,SKU03939,6,2063.94,343.99,0
2025-07-20,ST04,SKU02884,12,24217.2,2018.1,0
2025-07-20,ST05,SKU02049,9,6598.71,733.19,0
2025-07-20,ST07,SKU00760,10,9952.4,995.24,0
2025-07-20,ST08,SKU00711,11,19754.9,1795.9,1
2025-07-20,ST08,SKU00723,4,2489.2,622.3,0
2025-07-20,ST08,SKU03928,13,28462.98,2189.46,0
2025-07-20,ST11,SKU01708,4,1809.56,452.39,0
2025-07-20,ST11,SKU02678,18,41849.28,2324.96,0
2025-07-20,ST11,SKU04632,38,73143.16,1924.82,0
2025-07-20,ST13,SKU02146,14,8825.88,630.42,1
2025-07-20,ST13,SKU02563,15,14401.95,960.13,0
2025-07-20,ST14,SKU00474,29,24136.7,832.3,0
2025-07-20,ST14,SKU03723,16,28325.28,1770.33,0
2025-07-20,ST15,SKU04958,27,47273.49,1750.87,1
2025-07-20,ST16,SKU01085,18,1156.32,64.24,0
2025-07-20,ST16,SKU01296,7,4190.34,598.62,0
2025-07-20,ST16,SKU03491,11,25225.75,2293.25,0
2025-07-20,ST16,SKU03686,11,14092.65,1281.15,0
2025-07-20,ST17,SKU00126,6,2875.2,479.2,0
2025-07-20,ST17,SKU04681,13,7403.63,569.51,0
2025-07-20,ST17,SKU04755,30,20160.6,672.02,1
2025-07-20,ST18,SKU00280,21,49779.87,2370.47,1
2025-07-20,ST18,SKU02431,23,19792.88,860.56,1
2025-07-20,ST19,SKU00536,11,16419.7,1492.7,0
2025-07-20,ST20,SKU00959,11,15854.63,1441.33,0
2025-07-20,ST20,SKU04917,11,25843.62,2349.42,0
2025-07-20,ST22,SKU03351,4,4605.72,1151.43,0
2025-07-20,ST23,SKU01237,11,26219.6,2383.6,0
2025-07-20,ST23,SKU03778,11,16201.46,1472.86,0
2025-07-20,ST24,SKU01419,12,21778.68,1814.89,0
2025-07-20,ST27,SKU00103,18,29640.06,1646.67,0
2025-07-20,ST27,SKU00540,29,17618.08,607.52,0
2025-07-20,ST28,SKU02759,5,6476.1,1295.22,1
2025-07-20,ST28,SKU03911,5,9979.15,1995.83,0
2025-07-20,ST28,SKU04431,31,4332.87,139.77,1
2025-07-20,ST29,SKU00453,12,28472.16,2372.68,0
2025-07-20,ST30,SKU02259,0,0.0,830.33,0
2025-07-21,ST01,SKU01742,3,703.38,234.46,0
2025-07-21,ST01,SKU03766,7,12047.91,1721.13,0
2025-07-21,ST03,SKU03052,8,2723.28,340.41,0
2025-07-21,ST03,SKU03761,7,5501.65,785.95,0
2025-07-21,ST03,SKU04756,22,38862.78,1766.49,1
2025-07-21,ST04,SKU03698,3,4235.88,1411.96,1
2025-07-21,ST05,SKU02240,34,11055.1,325.15,0
2025-07-21,ST07,SKU02070,19,1877.2,98.8,1
2025-07-21,ST08,SKU01655,7,3918.39,559.77,0
2025-07-21,ST09,SKU01802,23,8641.79,375.73,0
2025-07-21,ST11,SKU03246,32,74191.36,2318.48,0
2025-07-21,ST11,SKU03382,7,10667.37,1523.91,0
2025-07-21,ST11,SKU03569,15,23207.7,1547.18,0
2025-07-21,ST12,SKU03758,12,16048.2,1337.35,0
2025-07-21,ST13,SKU00092,2,2910.56,1455.28,0
2025-07-21,ST13,SKU02199,13,2851.03,219.31,0
2025-07-21,ST14,SKU04373,1,1235.8,1235.8,0
2025-07-21,ST16,SKU04024,0,0.0,278.65,0
2025-07-21,ST18,SKU00662,38,18820.26,495.27,0
2025-07-21,ST22,SKU01192,20,24555.0,1227.75,0
2025-07-21,ST23,SKU02396,12,24176.76,2014.73,0
2025-07-21,ST28,SKU02600,7,3392.69,484.67,0
2025-07-21,ST28,SKU04732,16,25504.0,1594.0,0
2025-07-21,ST29,SKU00769,4,227.76,56.94,1
2025-07-21,ST29,SKU02211,10,23699.2,2369.92,0
2025-07-22,ST03,SKU04625,3,7018.56,2339.52,0
2025-07-22,ST06,SKU00120,4,1621.0,405.25,0
2025-07-22,ST07,SKU02436,1,407.29,407.29,1
2025-07-22,ST08,SKU04766,7,13717.06,1959.58,0
2025-07-22,ST10,SKU01618,14,24591.28,1756.52,0
2025-07-22,ST12,SKU03143,4,2935.04,733.76,0
2025-07-22,ST13,SKU00396,11,26450.27,2404.57,0
2025-07-22,ST14,SKU02401,2,1301.54,650.77,0
2025-07-22,ST16,SKU00786,15,18398.1,1226.54,0
2025-07-22,ST18,SKU01325,10,16074.3,1607.43,1
2025-07-22,ST18,SKU04987,0,0.0,1116.66,0
2025-07-22,ST20,SKU01626,41,13233.16,322.76,0
2025-07-22,ST21,SKU03201,17,5046.11,296.83,0
2025-07-22,ST22,SKU00668,18,37127.7,2062.65,0
2025-07-22,ST22,SKU01622,47,3121.74,66.42,0
2025-07-22,ST23,SKU03392,16,14563.36,910.21,0
2025-07-22,ST24,SKU00650,19,40739.23,2144.17,0
2025-07-22,ST24,SKU01427,6,613.8,102.3,0
2025-07-22,ST24,SKU03046,7,11066.79,1580.97,0
2025-07-22,ST24,SKU04673,27,12431.61,460.43,0
2025-07-22,ST25,SKU00866,9,9161.46,1017.94,1
2025-07-22,ST27,SKU03236,18,16319.7,906.65,0
2025-07-22,ST27,SKU03419,30,3699.3,123.31,0
2025-07-22,ST27,SKU03785,15,961.35,64.09,0
2025-07-23,ST01,SKU04117,3,2317.62,772.54,0
2025-07-23,ST02,SKU00795,15,27097.8,1806.52,0
2025-07-23,ST02,SKU03584,27,5455.62,202.06,0
2025-07-23,ST04,SKU02335,19,30281.63,1593.77,1
2025-07-23,ST05,SKU04065,6,11505.66,1917.61,0
2025-07-23,ST08,SKU02498,22,25636.38,1165.29,0
2025-07-23,ST09,SKU00210,37,58158.08,1571.84,0
2025-07-23,ST11,SKU01138,5,6998.45,1399.69,0
2025-07-23,ST11,SKU04822,9,6805.17,756.13,0
2025-07-23,ST13,SKU02248,6,9623.88,1603.98,0
2025-07-23,ST14,SKU00536,7,10448.9,1492.7,1
2025-07-23,ST14,SKU04165,8,9837.2,1229.65,1
2025-07-23,ST15,SKU03244,12,21303.72,1775.31,0
2025-07-23,ST16,SKU01119,15,35739.75,2382.65,1
2025-07-23,ST17,SKU04360,4,6179.12,1544.78,0
2025-07-23,ST20,SKU04158,2,2706.38,1353.19,0
2025-07-23,ST20,SKU04414,16,19468.0,1216.75,1
2025-07-23,ST22,SKU03131,10,9237.2,923.72,0
2025-07-23,ST23,SKU01977,2,4753.94,2376.97,0
2025-07-23,ST23,SKU03340,17,8824.02,519.06,0
2025-07-23,ST24,SKU02796,37,5544.08,149.84,0
2025-07-23,ST24,SKU04367,19,30174.47,1588.13,0
2025-07-23,ST26,SKU03209,0,0.0,1927.41,1
2025-07-23,ST26,SKU03621,3,4466.76,1488.92,0
2025-07-23,ST27,SKU03743,17,38830.04,2284.12,0
2025-07-23,ST28,SKU04159,9,17708.4,1967.6,0
2025-07-24,ST01,SKU01740,2,4445.62,2222.81,0
2025-07-24,ST03,SKU04431,9,1257.93,139.77,1
2025-07-24,ST04,SKU00219,4,6539.04,1634.76,0
2025-07-24,ST05,SKU03953,12,23590.32,1965.86,1
2025-07-24,ST06,SKU01463,35,66945.9,1912.74,0
2025-07-24,ST08,SKU01791,6,8977.26,1496.21,0
2025-07-24,ST08,SKU02089,16,36857.76,2303.61,0
2025-07-24,ST10,SKU00510,15,37431.9,2495.46,0
2025-07-24,ST10,SKU02352,13,20196.28,1553.56,0
2025-07-24,ST10,SKU03953,31,60941.66,1965.86,1
2025-07-24,ST11,SKU01679,25,38606.0,1544.24,1
2025-07-24,ST11,SKU02063,5,3832.25,766.45,0
2025-07-24,ST12,SKU01625,13,17907.11,1377.47,1
2025-07-24,ST12,SKU03144,7,14184.38,2026.34,0
2025-07-24,ST12,SKU03204,12,25159.44,2096.62,0
2025-07-24,ST13,SKU02285,8,13691.6,1711.45,0
2025-07-24,ST14,SKU04636,5,4797.0,959.4,0
2025-07-24,ST17,SKU04087,5,5628.65,1125.73,0
2025-07-24,ST17,SKU04428,3,2639.34,879.78,0
2025-07-24,ST18,SKU02351,21,7793.73,371.13,0
2025-07-24,ST18,SKU04554,16,1360.8,85.05,1
2025-07-24,ST19,SKU03916,6,617.88,102.98,0
2025-07-24,ST20,SKU03468,21,23786.91,1132.71,0
2025-07-24,ST20,SKU03793,4,9969.68,2492.42,0
2025-07-24,ST23,SKU02855,23,37253.79,1619.73,0
2025-07-24,ST24,SKU01589,2,3568.86,1784.43,0
2025-07-24,ST25,SKU04937,24,23838.72,993.28,0
2025-07-24,ST26,SKU00490,8,17951.2,2243.9,0
2025-07-24,ST26,SKU03655,17,3703.96,217.88,0
2025-07-24,ST27,SKU02002,16,20714.08,1294.63,0
2025-07-24,ST28,SKU01488,10,11782.3,1178.23,0
2025-07-24,ST28,SKU01812,16,36831.84,2301.99,0
2025-07-24,ST28,SKU04672,12,21966.24,1830.52,1
2025-07-24,ST30,SKU02209,4,7959.8,1989.95,0
2025-07-25,ST01,SKU03644,24,20811.12,867.13,0
2025-07-25,ST02,SKU02614,7,16102.31,2300.33,1
2025-07-25,ST02,SKU03659,3,878.19,292.73,0
2025-07-25,ST05,SKU00899,14,11627.84,830.56,1
2025-07-25,ST05,SKU01282,8,14640.88,1830.11,0
2025-07-25,ST05,SKU03369,12,7203.12,600.26,1
2025-07-25,ST06,SKU03625,13,7771.4,597.8,0
2025-07-25,ST06,SKU04432,24,51787.68,2157.82,0
2025-07-25,ST08,SKU01706,18,29280.6,1626.7,0
2025-07-25,ST08,SKU04088,26,55188.38,2122.63,1
2025-07-25,ST09,SKU00497,15,6495.15,433.01,0
2025-07-25,ST11,SKU01634,12,29433.96,2452.83,0
2025-07-25,ST11,SKU02566,10,3776.1,377.61,0
2025-07-25,ST11,SKU04028,7,11725.14,1675.02,0
2025-07-25,ST14,SKU01084,23,18765.7,815.9,0
2025-07-25,ST14,SKU01858,3,6061.32,2020.44,0
2025-07-25,ST15,SKU04318,18,11806.2,655.9,0
2025-07-25,ST17,SKU00393,12,27838.08,2319.84,0
2025-07-25,ST17,SKU01081,10,21604.0,2160.4,0
2025-07-25,ST18,SKU00787,18,35508.78,1972.71,1
2025-07-25,ST18,SKU01349,13,16348.93,1257.61,0
2025-07-25,ST22,SKU02739,19,34629.97,1822.63,0
2025-07-25,ST23,SKU01730,8,13212.16,1651.52,0
2025-07-25,ST23,SKU03143,32,23480.32,733.76,0
2025-07-25,ST24,SKU03055,15,16854.45,1123.63,1
2025-07-25,ST25,SKU00143,7,2175.6,310.8,0
2025-07-25,ST26,SKU04687,3,3416.13,1138.71,0
2025-07-25,ST28,SKU03175,16,18308.16,1144.26,0
2025-07-25,ST30,SKU00235,63,99290.52,1576.04,1
2025-07-25,ST30,SKU00675,5,439.2,87.84,0
2025-07-25,ST30,SKU00880,7,5293.75,756.25,0
2025-07-25,ST30,SKU02678,40,92998.4,2324.96,0
2025-07-25,ST30,SKU04804,0,0.0,428.76,0
2025-07-26,ST02,SKU00396,8,19236.56,2404.57,0
2025-07-26,ST02,SKU02355,6,8056.26,1342.71,0
2025-07-26,ST02,SKU04528,12,8423.52,701.96,0
2025-07-26,ST02,SKU04756,19,33563.31,1766.49,0
2025-07-26,ST03,SKU01521,8,1604.96,200.62,0
2025-07-26,ST03,SKU01793,13,18876.0,1452.0,0
2025-07-26,ST03,SKU02075,6,11919.3,1986.55,1
2025-07-26,ST04,SKU04701,4,823.92,205.98,0
2025-07-26,ST05,SKU00847,34,80215.52,2359.28,1
2025-07-26,ST05,SKU00952,20,21849.6,1092.48,1
2025-07-26,ST05,SKU02361,11,3669.82,333.62,1
2025-07-26,ST06,SKU01722,7,14221.06,2031.58,0
2025-07-26,ST06,SKU03831,3,4016.67,1338.89,1
2025-07-26,ST07,SKU00740,7,13347.81,1906.83,0
2025-07-26,ST07,SKU01586,0,0.0,2002.94,0
2025-07-26,ST07,SKU04431,1,139.77,139.77,0
2025-07-26,ST08,SKU00620,6,4736.34,789.39,0
2025-07-26,ST08,SKU04779,21,37094.82,1766.42,0
2025-07-26,ST09,SKU03661,14,23526.16,1680.44,0
2025-07-26,ST09,SKU04662,7,3939.88,562.84,1
2025-07-26,ST10,SKU00850,6,12138.96,2023.16,0
2025-07-26,ST10,SKU03214,14,23690.94,1692.21,0
2025-07-26,ST11,SKU02959,23,53488.8,2325.6,0
2025-07-26,ST13,SKU00594,0,0.0,136.79,0
2025-07-26,ST13,SKU02700,19,10288.31,541.49,1
2025-07-26,ST14,SKU03746,18,5635.62,313.09,0
2025-07-26,ST15,SKU00309,12,26073.96,2172.83,0
2025-07-26,ST16,SKU00071,17,26875.98,1580.94,0
2025-07-26,ST16,SKU04529,5,10181.5,2036.3,1
2025-07-26,ST19,SKU01576,26,30447.56,1171.06,0
2025-07-26,ST20,SKU04132,44,29048.8,660.2,1
2025-07-26,ST21,SKU04425,18,28834.38,1601.91,0
2025-07-26,ST22,SKU03035,11,17482.3,1589.3,1
2025-07-26,ST22,SKU04435,17,26447.58,1555.74,1
2025-07-26,ST23,SKU03721,22,46399.32,2109.06,0
2025-07-26,ST23,SKU04382,16,2368.96,148.06,0
2025-07-26,ST25,SKU00682,20,7159.6,357.98,0
2025-07-26,ST25,SKU04449,26,4764.76,183.26,0
2025-07-26,ST27,SKU02502,8,7089.2,886.15,0
2025-07-26,ST29,SKU01011,2,1214.52,607.26,0
2025-07-26,ST30,SKU03669,16,26865.28,1679.08,0
2025-07-26,ST30,SKU03675,14,6079.5,434.25,1
2025-07-26,ST30,SKU04615,6,6322.32,1053.72,0
2025-07-27,ST01,SKU00213,7,8098.37,1156.91,0
2025-07-27,ST01,SKU03757,26,15611.7,600.45,0
2025-07-27,ST01,SKU04325,25,1292.0,51.68,0
2025-07-27,ST01,SKU04979,6,7917.0,1319.5,1
2025-07-27,ST04,SKU01238,35,48846.7,1395.62,0
2025-07-27,ST04,SKU02533,37,70806.9,1913.7,0
2025-07-27,ST05,SKU00303,9,15274.44,1697.16,0
2025-07-27,ST05,SKU03601,6,10072.2,1678.7,0
2025-07-27,ST06,SKU01743,5,7386.4,1477.28,0
2025-07-27,ST06,SKU04430,7,10512.81,1501.83,0
2025-07-27,ST08,SKU02381,8,16137.28,2017.16,0
2025-07-27,ST09,SKU01145,22,11841.28,538.24,0
2025-07-27,ST10,SKU00723,3,1866.9,622.3,0
2025-07-27,ST10,SKU04909,12,13282.08,1106.84,1
2025-07-27,ST11,SKU02138,15,32885.7,2192.38,1
2025-07-27,ST11,SKU04671,2,1174.52,587.26,0
2025-07-27,ST13,SKU01522,5,6156.0,1231.2,0
2025-07-27,ST13,SKU04295,10,13935.6,1393.56,0
2025-07-27,ST14,SKU00385,4,2308.36,577.09,0
2025-07-27,ST14,SKU03621,0,0.0,1488.92,0
2025-07-27,ST16,SKU02593,14,12403.02,885.93,1
2025-07-27,ST17,SKU04840,14,34219.92,2444.28,0
2025-07-27,ST19,SKU00061,7,3376.38,482.34,0
2025-07-27,ST19,SKU04064,29,40454.13,1394.97,0
2025-07-27,ST19,SKU04199,3,4053.24,1351.08,1
2025-07-27,ST21,SKU00954,15,27182.7,1812.18,0
2025-07-27,ST22,SKU04473,18,38841.3,2157.85,0
2025-07-27,ST22,SKU04541,11,15720.43,1429.13,0
2025-07-27,ST23,SKU04576,21,4129.02,196.62,1
2025-07-27,ST23,SKU04837,10,8433.7,843.37,0
2025-07-27,ST25,SKU00768,7,16790.97,2398.71,0
2025-07-27,ST25,SKU02765,26,38445.42,1478.67,0
2025-07-27,ST26,SKU01295,18,43318.26,2406.57,0
2025-07-27,ST26,SKU01843,9,4073.58,452.62,0
2025-07-27,ST28,SKU04984,18,35224.38,1956.91,0
2025-07-27,ST30,SKU00007,45,50936.4,1131.92,0
2025-07-28,ST02,SKU04923,8,12574.4,1571.8,0
2025-07-28,ST05,SKU00018,11,23594.12,2144.92,0
2025-07-28,ST05,SKU05000,13,1955.07,150.39,1
2025-07-28,ST06,SKU01067,9,1081.89,120.21,0
2025-07-28,ST06,SKU01406,22,42253.2,1920.6,0
2025-07-28,ST07,SKU01984,13,4130.62,317.74,0
2025-07-28,ST08,SKU03899,16,10666.56,666.66,1
2025-07-28,ST09,SKU01933,18,27171.72,1509.54,0
2025-07-28,ST09,SKU04781,14,9734.9,695.35,0
2025-07-28,ST10,SKU00380,9,20267.46,2251.94,0
2025-07-28,ST11,SKU03328,27,6786.99,251.37,0
2025-07-28,ST13,SKU02087,11,18927.37,1720.67,0
2025-07-28,ST14,SKU02203,17,36844.27,2167.31,0
2025-07-28,ST15,SKU03866,8,2502.48,312.81,0
2025-07-28,ST16,SKU02554,13,28728.96,2209.92,0
2025-07-28,ST17,SKU01585,13,32471.14,2497.78,0
2025-07-28,ST17,SKU03951,7,966.91,138.13,0
2025-07-28,ST18,SKU00707,27,1425.33,52.79,1
2025-07-28,ST21,SKU01138,5,6998.45,1399.69,0
2025-07-28,ST22,SKU02531,25,16014.0,640.56,1
2025-07-28,ST22,SKU04162,14,24645.32,1760.38,0
2025-07-28,ST23,SKU00942,30,18670.8,622.36,0
2025-07-28,ST23,SKU03953,2,3931.72,1965.86,1
2025-07-28,ST26,SKU03892,14,31626.7,2259.05,0
2025-07-28,ST27,SKU04983,18,20217.96,1123.22,0
2025-07-28,ST29,SKU00903,14,722.26,51.59,1
2025-07-28,ST29,SKU01210,7,3923.78,560.54,0
2025-07-28,ST30,SKU00463,5,961.15,192.23,0
2025-07-28,ST30,SKU01590,7,5365.57,766.51,1
2025-07-28,ST30,SKU04236,13,13650.65,1050.05,0
2025-07-29,ST01,SKU02066,21,1905.75,90.75,1
2025-07-29,ST02,SKU01545,36,44368.2,1232.45,1
2025-07-29,ST03,SKU00264,15,14163.45,944.23,0
2025-07-29,ST04,SKU00412,14,9028.74,644.91,1
2025-07-29,ST08,SKU02888,21,8299.62,395.22,0
2025-07-29,ST12,SKU04016,6,2969.88,494.98,1
2025-07-29,ST13,SKU04112,12,3498.6,291.55,0
2025-07-29,ST14,SKU03271,8,7906.4,988.3,0
2025-07-29,ST15,SKU04127,8,14060.88,1757.61,0
2025-07-29,ST16,SKU01748,5,2673.3,534.66,0
2025-07-29,ST16,SKU03489,6,13462.56,2243.76,0
2025-07-29,ST19,SKU03685,5,9068.65,1813.73,0
2025-07-29,ST19,SKU04405,24,11704.8,487.7,0
2025-07-29,ST20,SKU00412,8,5159.28,644.91,1
2025-07-29,ST20,SKU02116,31,74759.29,2411.59,1
2025-07-29,ST20,SKU02577,4,4215.0,1053.75,0
2025-07-29,ST21,SKU01516,16,19782.56,1236.41,0
2025-07-29,ST24,SKU02555,30,66742.2,2224.74,0
2025-07-29,ST24,SKU02992,29,11517.93,397.17,0
2025-07-29,ST24,SKU03285,15,31030.95,2068.73,0
2025-07-29,ST25,SKU01587,5,6440.6,1288.12,0
2025-07-29,ST26,SKU01564,21,9218.58,438.98,0
2025-07-29,ST26,SKU01724,20,45838.4,2291.92,0
2025-07-29,ST27,SKU04332,12,23655.72,1971.31,1
2025-07-29,ST28,SKU00574,15,37172.7,2478.18,0
2025-07-29,ST29,SKU02149,12,2984.64,248.72,0
2025-07-30,ST01,SKU01797,7,8770.09,1252.87,0
2025-07-30,ST01,SKU03335,11,19251.32,1750.12,0
2025-07-30,ST01,SKU03528,6,14500.02,2416.67,0
2025-07-30,ST03,SKU01851,19,30047.74,1581.46,0
2025-07-30,ST08,SKU01034,10,6214.5,621.45,0
2025-07-30,ST09,SKU01510,0,0.0,834.12,0
2025-07-30,ST09,SKU04936,7,6404.72,914.96,0
2025-07-30,ST11,SKU00740,5,9534.15,1906.83,0
2025-07-30,ST11,SKU02111,19,37511.13,1974.27,0
2025-07-30,ST16,SKU00419,12,6481.8,540.15,0
2025-07-30,ST16,SKU04365,23,51499.76,2239.12,1
2025-07-30,ST17,SKU03228,6,1467.9,244.65,1
2025-07-30,ST18,SKU02243,15,12443.1,829.54,0
2025-07-30,ST18,SKU02391,2,239.22,119.61,0
2025-07-30,ST20,SKU00061,7,3376.38,482.34,0
2025-07-30,ST21,SKU03899,11,7333.26,666.66,0
2025-07-30,ST22,SKU00701,11,22856.79,2077.89,0
2025-07-30,ST22,SKU03584,9,1818.54,202.06,0
2025-07-30,ST22,SKU04109,8,7495.68,936.96,0
2025-07-30,ST23,SKU03370,17,41019.3,2412.9,0
2025-07-30,ST23,SKU03501,21,7105.35,338.35,0
2025-07-30,ST24,SKU01127,24,27943.92,1164.33,1
2025-07-30,ST25,SKU00306,6,9682.56,1613.76,0
2025-07-30,ST25,SKU01146,0,0.0,656.97,0
2025-07-30,ST25,SKU02966,3,2427.63,809.21,0
2025-07-30,ST26,SKU01996,13,7055.23,542.71,1
2025-07-30,ST27,SKU03368,5,8468.5,1693.7,1
2025-07-30,ST30,SKU04821,15,31198.65,2079.91,0
2025-07-31,ST01,SKU01393,26,18902.78,727.03,0
2025-07-31,ST01,SKU02360,6,3313.38,552.23,0
2025-07-31,ST02,SKU00786,11,13491.94,1226.54,0
2025-07-31,ST02,SKU02288,8,12699.84,1587.48,0
2025-07-31,ST03,SKU03247,17,12811.37,753.61,0
2025-07-31,ST05,SKU00944,12,941.76,78.48,0
2025-07-31,ST08,SKU00014,3,2944.89,981.63,0
2025-07-31,ST08,SKU02091,11,3157.44,287.04,1
2025-07-31,ST09,SKU01774,14,23857.96,1704.14,0
2025-07-31,ST09,SKU02866,5,8640.6,1728.12,0
2025-07-31,ST11,SKU03170,5,11635.85,2327.17,0
2025-07-31,ST14,SKU00484,13,4417.79,339.83,0
2025-07-31,ST16,SKU03339,6,11247.84,1874.64,0
2025-07-31,ST17,SKU04204,10,575.5,57.55,0
2025-07-31,ST18,SKU04969,8,16834.72,2104.34,0
2025-07-31,ST20,SKU04637,35,60944.45,1741.27,1
2025-07-31,ST21,SKU00414,22,24246.42,1102.11,0
2025-07-31,ST21,SKU03720,6,12424.08,2070.68,0
2025-07-31,ST22,SKU04917,9,21144.78,2349.42,0
2025-07-31,ST23,SKU00848,9,8154.99,906.11,0
2025-07-31,ST23,SKU02015,4,4952.52,1238.13,0
2025-07-31,ST25,SKU01695,3,1586.16,528.72,0
2025-07-31,ST27,SKU01061,19,18169.7,956.3,1
2025-08-01,ST01,SKU00885,5,1338.65,267.73,0
2025-08-01,ST01,SKU04034,2,1336.1,668.05,1
2025-08-01,ST02,SKU04739,22,44271.26,2012.33,1
2025-08-01,ST02,SKU04741,8,4453.76,556.72,0
2025-08-01,ST06,SKU01643,7,6474.23,924.89,0
2025-08-01,ST07,SKU03148,12,21712.92,1809.41,0
2025-08-01,ST08,SKU01202,11,15855.95,1441.45,0
2025-08-01,ST09,SKU02075,16,31784.8,1986.55,0
2025-08-01,ST09,SKU03243,13,25628.72,1971.44,1
2025-08-01,ST11,SKU02028,3,5632.41,1877.47,0
2025-08-01,ST12,SKU00434,5,4536.55,907.31,0
2025-08-01,ST12,SKU01661,7,9113.02,1301.86,0
2025-08-01,ST13,SKU01073,11,13629.99,1239.09,0
2025-08-01,ST13,SKU01489,22,3574.34,162.47,0
2025-08-01,ST14,SKU00530,30,8528.1,284.27,0
2025-08-01,ST15,SKU01037,3,709.47,236.49,0
2025-08-01,ST17,SKU00318,27,49309.02,1826.26,0
2025-08-01,ST19,SKU01953,8,3188.72,398.59,0
2025-08-01,ST19,SKU03088,1,1898.12,1898.12,0
2025-08-01,ST22,SKU02840,24,47386.32,1974.43,1
2025-08-01,ST22,SKU03455,31,24862.62,802.02,0
2025-08-01,ST23,SKU02625,9,20128.14,2236.46,0
2025-08-01,ST24,SKU00999,0,0.0,945.86,0
2025-08-01,ST24,SKU03144,0,0.0,2026.34,0
2025-08-01,ST25,SKU02294,18,19824.48,1101.36,0
2025-08-01,ST26,SKU01736,24,50958.24,2123.26,1
2025-08-01,ST27,SKU04309,4,8246.52,2061.63,0
2025-08-01,ST28,SKU00076,9,14255.73,1583.97,0
2025-08-01,ST28,SKU02501,19,27389.07,1441.53,1
2025-08-01,ST29,SKU00901,32,75974.72,2374.21,0
2025-08-01,ST29,SKU01148,18,11027.7,612.65,0
2025-08-01,ST30,SKU04605,5,11589.75,2317.95,0
2025-08-02,ST03,SKU00605,13,17221.49,1324.73,0
2025-08-02,ST04,SKU02927,23,44117.91,1918.17,1
2025-08-02,ST05,SKU03852,27,53344.98,1975.74,1
2025-08-02,ST07,SKU03952,11,18786.79,1707.89,0
2025-08-02,ST08,SKU01323,19,24079.46,1267.34,0
2025-08-02,ST10,SKU04714,14,29097.46,2078.39,1
2025-08-02,ST13,SKU00355,10,8044.5,804.45,0
2025-08-02,ST15,SKU01909,25,24093.75,963.75,0
2025-08-02,ST16,SKU01980,9,3845.79,427.31,0
2025-08-02,ST16,SKU02872,22,6571.84,298.72,0
2025-08-02,ST17,SKU02704,8,11070.32,1383.79,0
2025-08-02,ST18,SKU00105,48,30385.44,633.03,0
2025-08-02,ST19,SKU02196,18,18249.84,1013.88,0
2025-08-02,ST20,SKU02884,15,30271.5,2018.1,1
2025-08-02,ST20,SKU04751,8,18094.4,2261.8,0
2025-08-02,ST21,SKU01950,13,31892.9,2453.3,0
2025-08-02,ST21,SKU04650,4,5827.16,1456.79,1
2025-08-02,ST22,SKU04538,40,5382.4,134.56,1
2025-08-02,ST23,SKU00703,0,0.0,296.2,0
2025-08-02,ST24,SKU04831,12,9525.0,793.75,0
2025-08-02,ST26,SKU04365,5,11195.6,2239.12,0
2025-08-02,ST28,SKU01010,24,43440.96,1810.04,0
2025-08-02,ST28,SKU04687,42,47825.82,1138.71,0
2025-08-03,ST01,SKU02786,8,16740.16,2092.52,0
2025-08-03,ST03,SKU02404,1,653.44,653.44,0
2025-08-03,ST04,SKU00842,13,30233.71,2325.67,0
2025-08-03,ST05,SKU00724,2,1679.86,839.93,0
2025-08-03,ST05,SKU01450,13,7183.02,552.54,0
2025-08-03,ST07,SKU01181,18,2977.74,165.43,0
2025-08-03,ST07,SKU02263,6,8511.72,1418.62,0
2025-08-03,ST07,SKU02512,17,26247.32,1543.96,0
2025-08-03,ST07,SKU03739,1,120.05,120.05,0
2025-08-03,ST09,SKU00070,9,4284.63,476.07,0
2025-08-03,ST09,SKU00844,24,19595.52,816.48,0
2025-08-03,ST09,SKU02480,23,10148.98,441.26,0
2025-08-03,ST10,SKU01625,13,17907.11,1377.47,0
2025-08-03,ST10,SKU04379,20,42768.8,2138.44,1
2025-08-03,ST11,SKU00270,13,2783.56,214.12,0
2025-08-03,ST12,SKU02649,10,18160.7,1816.07,1
2025-08-03,ST12,SKU03828,14,30794.96,2199.64,0
2025-08-03,ST12,SKU03869,5,315.9,63.18,0
2025-08-03,ST13,SKU03108,4,7300.6,1825.15,1
2025-08-03,ST14,SKU01210,14,7847.56,560.54,0
2025-08-03,ST14,SKU04414,7,8517.25,1216.75,0
2025-08-03,ST14,SKU04648,11,11676.39,1061.49,0
2025-08-03,ST16,SKU03256,15,12055.95,803.73,0
2025-08-03,ST16,SKU03586,10,2830.9,283.09,0
2025-08-03,ST16,SKU03830,6,12130.14,2021.69,0
2025-08-03,ST16,SKU04008,14,3892.56,278.04,0
2025-08-03,ST23,SKU02208,4,7801.96,1950.49,1
2025-08-03,ST24,SKU00266,10,1161.8,116.18,0
2025-08-03,ST24,SKU00805,16,1657.44,103.59,0
2025-08-03,ST24,SKU01225,24,53794.56,2241.44,1
2025-08-03,ST24,SKU03675,2,868.5,434.25,0
2025-08-03,ST25,SKU00741,3,4630.62,1543.54,0
2025-08-03,ST25,SKU02233,5,1105.25,221.05,0
2025-08-03,ST27,SKU01448,8,15426.4,1928.3,0
2025-08-03,ST27,SKU03397,12,13562.52,1130.21,0
2025-08-04,ST01,SKU00379,21,15230.67,725.27,0
2025-08-04,ST03,SKU01446,20,7170.8,358.54,0
2025-08-04,ST05,SKU01001,6,1529.16,254.86,1
2025-08-04,ST05,SKU02532,7,2858.24,408.32,0
2025-08-04,ST05,SKU03213,4,8774.52,2193.63,0
2025-08-04,ST06,SKU01861,0,0.0,314.01,0
2025-08-04,ST06,SKU03325,4,5650.84,1412.71,0
2025-08-04,ST07,SKU04506,20,10959.4,547.97,0
2025-08-04,ST08,SKU02709,12,14572.44,1214.37,0
2025-08-04,ST09,SKU03910,18,44393.4,2466.3,0
2025-08-04,ST09,SKU04740,15,5195.25,346.35,0
2025-08-04,ST11,SKU01368,12,11452.44,954.37,0
2025-08-04,ST11,SKU03079,4,6082.48,1520.62,0
2025-08-04,ST12,SKU03543,36,58368.24,1621.34,0
2025-08-04,ST13,SKU01248,23,10909.36,474.32,1
2025-08-04,ST14,SKU01545,10,12324.5,1232.45,0
2025-08-04,ST16,SKU01182,5,596.8,119.36,1
2025-08-04,ST16,SKU02552,9,2922.03,324.67,0
2025-08-04,ST16,SKU04670,5,11292.4,2258.48,0
2025-08-04,ST17,SKU04425,22,35242.02,1601.91,0
2025-08-04,ST17,SKU04989,43,7523.71,174.97,1
2025-08-04,ST19,SKU03750,10,23037.9,2303.79,0
2025-08-04,ST20,SKU00517,4,7556.92,1889.23,0
2025-08-04,ST20,SKU04217,12,10268.76,855.73,0
2025-08-04,ST20,SKU04621,4,1192.08,298.02,0
2025-08-04,ST21,SKU02313,28,62485.92,2231.64,0
2025-08-04,ST22,SKU03261,2,2354.9,1177.45,1
2025-08-04,ST23,SKU02246,7,6488.16,926.88,0
2025-08-04,ST24,SKU03044,58,16752.14,288.83,1
2025-08-04,ST25,SKU00420,18,24839.1,1379.95,0
2025-08-04,ST25,SKU03146,9,19175.4,2130.6,0
2025-08-04,ST26,SKU04842,12,28679.52,2389.96,1
2025-08-04,ST27,SKU04952,15,27290.7,1819.38,0
2025-08-04,ST28,SKU04028,6,10050.12,1675.02,0
2025-08-04,ST29,SKU03298,11,20276.08,1843.28,0
2025-08-04,ST30,SKU00380,16,36031.04,2251.94,0
2025-08-05,ST01,SKU02519,7,8912.33,1273.19,0
2025-08-05,ST01,SKU04300,12,25966.92,2163.91,0
2025-08-05,ST02,SKU01547,11,13438.48,1221.68,0
2025-08-05,ST02,SKU04138,30,53239.5,1774.65,0
2025-08-05,ST03,SKU04905,6,3370.98,561.83,0
2025-08-05,ST04,SKU00235,10,15760.4,1576.04,0
2025-08-05,ST05,SKU00813,12,23435.52,1952.96,0
2025-08-05,ST06,SKU00791,26,13350.74,513.49,0
2025-08-05,ST06,SKU01444,27,31187.97,1155.11,0
2025-08-05,ST06,SKU04539,16,28796.16,1799.76,1
2025-08-05,ST07,SKU02238,8,4928.56,616.07,0
2025-08-05,ST08,SKU03971,5,1586.95,317.39,0
2025-08-05,ST09,SKU00544,8,11248.32,1406.04,0
2025-08-05,ST09,SKU03661,4,6721.76,1680.44,0
2025-08-05,ST10,SKU03380,7,5706.12,815.16,0
2025-08-05,ST10,SKU04167,3,3882.6,1294.2,0
2025-08-05,ST11,SKU01166,7,4789.89,684.27,0
2025-08-05,ST12,SKU02114,36,38799.0,1077.75,1
2025-08-05,ST13,SKU01211,11,590.7,53.7,0
2025-08-05,ST14,SKU01923,34,84527.06,2486.09,1
2025-08-05,ST16,SKU01110,28,55513.92,1982.64,0
2025-08-05,ST17,SKU00646,14,21433.72,1530.98,0
2025-08-05,ST17,SKU01809,5,11716.9,2343.38,0
2025-08-05,ST18,SKU01525,19,5124.3,269.7,0
2025-08-05,ST18,SKU02274,51,120867.45,2369.95,1
2025-08-05,ST19,SKU01715,13,9422.66,724.82,0
2025-08-05,ST21,SKU00165,8,13148.88,1643.61,0
2025-08-05,ST22,SKU00524,14,15792.7,1128.05,0
2025-08-05,ST22,SKU02761,15,16300.05,1086.67,0
2025-08-05,ST22,SKU04479,37,9241.86,249.78,1
2025-08-05,ST23,SKU02607,20,21218.4,1060.92,0
2025-08-05,ST23,SKU03058,20,37493.0,1874.65,0
2025-08-05,ST23,SKU04429,11,25010.7,2273.7,0
2025-08-05,ST25,SKU01242,19,13278.34,698.86,0
2025-08-05,ST28,SKU01074,20,4631.6,231.58,0
2025-08-06,ST02,SKU03003,12,23018.88,1918.24,0
2025-08-06,ST02,SKU04040,20,36267.0,1813.35,0
2025-08-06,ST04,SKU04302,5,12255.15,2451.03,0
2025-08-06,ST05,SKU04737,19,14026.56,738.24,0
2025-08-06,ST07,SKU04460,38,44545.5,1172.25,0
2025-08-06,ST08,SKU01391,19,46649.37,2455.23,0
2025-08-06,ST08,SKU03386,7,14142.03,2020.29,1
2025-08-06,ST09,SKU02853,38,29063.16,764.82,1
2025-08-06,ST10,SKU02502,7,6203.05,886.15,1
2025-08-06,ST12,SKU03146,14,29828.4,2130.6,1
2025-08-06,ST13,SKU03784,16,28064.32,1754.02,1
2025-08-06,ST14,SKU00668,3,6187.95,2062.65,0
2025-08-06,ST14,SKU01083,15,20429.4,1361.96,0
2025-08-06,ST14,SKU03468,11,12459.81,1132.71,0
2025-08-06,ST15,SKU01773,25,56116.25,2244.65,0
2025-08-06,ST15,SKU03146,20,42612.0,2130.6,0
2025-08-06,ST16,SKU01495,3,5982.9,1994.3,0
2025-08-06,ST17,SKU04143,11,24231.68,2202.88,0
2025-08-06,ST18,SKU00617,11,8765.24,796.84,0
2025-08-06,ST18,SKU01047,11,21370.58,1942.78,0
2025-08-06,ST19,SKU04947,32,72382.4,2261.95,1
2025-08-06,ST20,SKU03097,7,7536.69,1076.67,0
2025-08-06,ST21,SKU02212,2,1081.76,540.88,0
2025-08-06,ST23,SKU02563,9,8641.17,960.13,1
2025-08-06,ST24,SKU02902,6,11664.06,1944.01,0
2025-08-06,ST25,SKU03295,8,7075.84,884.48,0
2025-08-06,ST27,SKU04293,8,5879.44,734.93,0
2025-08-06,ST28,SKU00477,22,17329.4,787.7,0
2025-08-06,ST28,SKU01619,10,11833.5,1183.35,0
2025-08-06,ST28,SKU01901,21,45326.19,2158.39,0
2025-08-06,ST29,SKU04228,5,9006.75,1801.35,0
2025-08-07,ST01,SKU03403,8,14556.48,1819.56,0
2025-08-07,ST02,SKU01562,9,21997.44,2444.16,1
2025-08-07,ST02,SKU01659,7,17220.0,2460.0,1
2025-08-07,ST02,SKU02000,15,7793.4,519.56,1
2025-08-07,ST02,SKU02995,21,31655.61,1507.41,0
2025-08-07,ST02,SKU04193,23,28137.05,1223.35,0
2025-08-07,ST03,SKU04181,9,11285.46,1253.94,1
2025-08-07,ST04,SKU02654,21,31502.1,1500.1,1
2025-08-07,ST04,SKU04718,14,16338.42,1167.03,0
2025-08-07,ST06,SKU00716,41,50605.07,1234.27,0
2025-08-07,ST07,SKU03943,27,56167.29,2080.27,1
2025-08-07,ST08,SKU00151,28,16103.08,575.11,1
2025-08-07,ST08,SKU00484,7,2378.81,339.83,0
2025-08-07,ST08,SKU00866,6,6107.64,1017.94,0
2025-08-07,ST09,SKU00671,4,5447.68,1361.92,0
2025-08-07,ST10,SKU04464,2,1290.7,645.35,0
2025-08-07,ST11,SKU03774,8,3249.52,406.19,0
2025-08-07,ST12,SKU02867,20,38791.4,1939.57,0
2025-08-07,ST13,SKU03534,4,3199.92,799.98,0
2025-08-07,ST15,SKU01164,15,23026.05,1535.07,1
2025-08-07,ST16,SKU02602,8,1771.12,221.39,0
2025-08-07,ST18,SKU02002,13,16830.19,1294.63,0
2025-08-07,ST18,SKU02920,11,25554.98,2323.18,0
2025-08-07,ST19,SKU01663,19,6307.43,331.97,1
2025-08-07,ST20,SKU03884,9,13223.25,1469.25,0
2025-08-07,ST22,SKU04872,21,6291.81,299.61,0
2025-08-07,ST23,SKU00253,3,671.16,223.72,1
2025-08-07,ST23,SKU00384,16,9557.12,597.32,0
2025-08-07,ST24,SKU01352,16,28690.88,1793.18,0
2025-08-07,ST24,SKU05000,11,1654.29,150.39,0
2025-08-07,ST26,SKU02742,34,39516.16,1162.24,0
2025-08-07,ST27,SKU01666,17,21414.73,1259.69,0
2025-08-07,ST27,SKU04725,16,13282.88,830.18,0
2025-08-07,ST29,SKU02393,5,11304.75,2260.95,0
2025-08-08,ST01,SKU02115,11,1706.65,155.15,0
2025-08-08,ST06,SKU04527,6,10226.58,1704.43,1
2025-08-08,ST08,SKU03908,12,2967.6,247.3,0
2025-08-08,ST08,SKU04731,37,88612.41,2394.93,0
2025-08-08,ST09,SKU01836,24,21505.68,896.07,0
2025-08-08,ST09,SKU03041,5,3576.25,715.25,0
2025-08-08,ST09,SKU03714,5,6388.45,1277.69,0
2025-08-08,ST10,SKU00882,5,8550.35,1710.07,0
2025-08-08,ST10,SKU01250,17,20022.77,1177.81,0
2025-08-08,ST11,SKU02186,14,4367.44,311.96,0
2025-08-08,ST11,SKU04347,3,6108.66,2036.22,0
2025-08-08,ST13,SKU00447,4,2803.52,700.88,0
2025-08-08,ST13,SKU00548,4,7048.12,1762.03,0
2025-08-08,ST13,SKU00813,8,15623.68,1952.96,0
2025-08-08,ST14,SKU00972,9,12277.53,1364.17,0
2025-08-08,ST14,SKU02230,5,10598.4,2119.68,0
2025-08-08,ST14,SKU02985,9,6552.0,728.0,1
2025-08-08,ST14,SKU04360,7,10813.46,1544.78,0
2025-08-08,ST15,SKU01246,14,14041.58,1002.97,0
2025-08-08,ST15,SKU03829,18,35810.64,1989.48,0
2025-08-08,ST16,SKU04474,6,10533.78,1755.63,0
2025-08-08,ST17,SKU00594,29,3966.91,136.79,0
2025-08-08,ST18,SKU01055,13,24217.83,1862.91,0
2025-08-08,ST21,SKU03835,1,1318.06,1318.06,0
2025-08-08,ST23,SKU02244,28,7024.08,250.86,0
2025-08-08,ST23,SKU03602,9,11273.94,1252.66,1
2025-08-08,ST26,SKU01996,21,11396.91,542.71,0
2025-08-08,ST26,SKU04830,25,39942.75,1597.71,0
2025-08-08,ST27,SKU01711,9,12483.54,1387.06,0
2025-08-08,ST29,SKU01561,14,18153.1,1296.65,0
2025-08-08,ST29,SKU02501,4,5766.12,1441.53,0
2025-08-08,ST30,SKU00313,12,16566.36,1380.53,0
2025-08-08,ST30,SKU01204,12,28568.04,2380.67,0
2025-08-08,ST30,SKU04335,14,32925.76,2351.84,0
2025-08-09,ST03,SKU01090,26,12399.14,476.89,1
2025-08-09,ST03,SKU01726,12,26364.72,2197.06,0
2025-08-09,ST03,SKU02857,4,7169.08,1792.27,1
2025-08-09,ST04,SKU03551,8,14021.2,1752.65,1
2025-08-09,ST04,SKU04744,5,8109.4,1621.88,0
2025-08-09,ST04,SKU04937,5,4966.4,993.28,0
2025-08-09,ST05,SKU01471,37,87763.26,2371.98,0
2025-08-09,ST07,SKU01330,17,39654.54,2332.62,0
2025-08-09,ST07,SKU04983,22,24710.84,1123.22,0
2025-08-09,ST09,SKU02208,22,42910.78,1950.49,0
2025-08-09,ST12,SKU00509,12,18291.36,1524.28,0
2025-08-09,ST16,SKU01514,7,10378.76,1482.68,1
2025-08-09,ST17,SKU00765,3,6433.41,2144.47,0
2025-08-09,ST18,SKU02314,24,43568.16,1815.34,1
2025-08-09,ST18,SKU03998,9,702.18,78.02,1
2025-08-09,ST24,SKU01058,6,7758.06,1293.01,0
2025-08-09,ST24,SKU02560,1,2204.93,2204.93,0
2025-08-09,ST24,SKU03171,14,32053.98,2289.57,0
2025-08-09,ST24,SKU03984,8,1797.6,224.7,0
2025-08-09,ST25,SKU03583,7,5437.11,776.73,0
2025-08-09,ST26,SKU02828,16,27632.16,1727.01,0
2025-08-09,ST27,SKU01122,10,15613.4,1561.34,1
2025-08-09,ST28,SKU00741,10,15435.4,1543.54,0
2025-08-09,ST28,SKU00869,30,71366.7,2378.89,1
2025-08-09,ST28,SKU01284,49,58042.95,1184.55,0
2025-08-09,ST30,SKU04447,23,57068.52,2481.24,1
2025-08-10,ST01,SKU00136,25,47512.0,1900.48,1
2025-08-10,ST01,SKU00383,0,0.0,1471.44,0
2025-08-10,ST01,SKU00873,10,16526.8,1652.68,0
2025-08-10,ST02,SKU01738,2,3655.6,1827.8,0
2025-08-10,ST02,SKU03896,11,27220.71,2474.61,0
2025-08-10,ST02,SKU04001,16,11826.4,739.15,1
2025-08-10,ST03,SKU01012,9,12055.86,1339.54,0
2025-08-10,ST04,SKU00114,6,1261.56,210.26,0
2025-08-10,ST06,SKU02592,20,45623.2,2281.16,0
2025-08-10,ST07,SKU03072,2,2317.56,1158.78,0
2025-08-10,ST07,SKU03535,2,4063.54,2031.77,0
2025-08-10,ST07,SKU04506,6,3287.82,547.97,0
2025-08-10,ST08,SKU01819,13,32430.32,2494.64,1
2025-08-10,ST10,SKU00629,14,18684.54,1334.61,0
2025-08-10,ST10,SKU00733,29,58194.01,2006.69,0
2025-08-10,ST10,SKU04650,8,11654.32,1456.79,0
2025-08-10,ST11,SKU04962,28,16807.28,600.26,0
2025-08-10,ST12,SKU00962,13,11744.07,903.39,0
2025-08-10,ST13,SKU00382,3,927.42,309.14,0
2025-08-10,ST13,SKU01512,4,1383.28,345.82,1
2025-08-10,ST14,SKU00425,10,18184.4,1818.44,0
2025-08-10,ST14,SKU02272,26,9261.2,356.2,0
2025-08-10,ST14,SKU04867,20,28775.4,1438.77,1
2025-08-10,ST17,SKU01006,20,26928.2,1346.41,0
2025-08-10,ST18,SKU00056,10,22050.9,2205.09,0
2025-08-10,ST20,SKU00683,6,4427.58,737.93,0
2025-08-10,ST20,SKU04813,12,6307.68,525.64,0
2025-08-10,ST21,SKU00029,12,14531.04,1210.92,0
2025-08-10,ST22,SKU00113,18,24287.58,1349.31,0
2025-08-10,ST22,SKU03623,8,6897.84,862.23,0
2025-08-10,ST23,SKU01339,13,22161.88,1704.76,0
2025-08-10,ST23,SKU01378,14,34959.68,2497.12,0
2025-08-10,ST23,SKU01876,0,0.0,802.71,0
2025-08-10,ST25,SKU03486,9,12861.9,1429.1,0
2025-08-10,ST27,SKU02536,12,16384.08,1365.34,0
2025-08-10,ST27,SKU03957,10,8892.8,889.28,0
2025-08-10,ST27,SKU04528,24,16847.04,701.96,0
2025-08-10,ST30,SKU00760,15,14928.6,995.24,0
2025-08-10,ST30,SKU03530,7,1800.89,257.27,0
2025-08-11,ST01,SKU01072,12,20262.12,1688.51,1
2025-08-11,ST01,SKU03201,6,1780.98,296.83,0
2025-08-11,ST02,SKU03067,25,17361.75,694.47,0
2025-08-11,ST03,SKU00685,3,2368.68,789.56,0
2025-08-11,ST05,SKU00406,5,4643.15,928.63,0
2025-08-11,ST07,SKU01392,4,905.8,226.45,0
2025-08-11,ST07,SKU04568,8,19722.72,2465.34,0
2025-08-11,ST09,SKU00764,7,450.31,64.33,0
2025-08-11,ST11,SKU01381,23,5983.68,260.16,1
2025-08-11,ST12,SKU03071,3,2999.1,999.7,0
2025-08-11,ST14,SKU00508,9,2338.92,259.88,0
2025-08-11,ST15,SKU01270,9,2122.65,235.85,0
2025-08-11,ST16,SKU00217,10,12775.2,1277.52,0
2025-08-11,ST16,SKU01733,19,44885.79,2362.41,1
2025-08-11,ST16,SKU03374,7,11946.62,1706.66,0
2025-08-11,ST18,SKU04268,15,2485.2,165.68,0
2025-08-11,ST18,SKU04385,2,2341.76,1170.88,0
2025-08-11,ST18,SKU04728,11,17167.26,1560.66,0
2025-08-11,ST19,SKU02860,22,1577.62,71.71,0
2025-08-11,ST20,SKU01041,10,7135.1,713.51,1
2025-08-11,ST20,SKU02965,17,23784.36,1399.08,0
2025-08-11,ST20,SKU04288,19,2691.92,141.68,0
2025-08-11,ST22,SKU01023,22,54700.36,2486.38,0
2025-08-11,ST22,SKU04288,7,991.76,141.68,0
2025-08-11,ST23,SKU04238,15,26926.05,1795.07,0
2025-08-11,ST24,SKU02794,19,44676.22,2351.38,0
2025-08-11,ST27,SKU04212,19,25292.04,1331.16,1
2025-08-11,ST28,SKU00986,14,2911.58,207.97,0
2025-08-11,ST28,SKU02322,8,5731.04,716.38,0
2025-08-11,ST29,SKU00520,26,28416.96,1092.96,0
2025-08-11,ST29,SKU01465,6,14809.74,2468.29,0
2025-08-11,ST30,SKU03306,7,7473.76,1067.68,0
2025-08-12,ST02,SKU04300,17,36786.47,2163.91,0
2025-08-12,ST03,SKU02216,16,4041.92,252.62,0
2025-08-12,ST06,SKU02719,4,582.08,145.52,0
2025-08-12,ST07,SKU00148,31,4221.58,136.18,0
2025-08-12,ST07,SKU00582,18,36225.18,2012.51,1
2025-08-12,ST07,SKU01154,14,9412.06,672.29,0
2025-08-12,ST07,SKU02553,23,4521.57,196.59,1
2025-08-12,ST10,SKU00567,6,342.0,57.0,0
2025-08-12,ST11,SKU02291,6,3297.06,549.51,0
2025-08-12,ST14,SKU03387,23,48032.05,2088.35,0
2025-08-12,ST14,SKU04230,1,1443.47,1443.47,0
2025-08-12,ST16,SKU00601,9,1047.87,116.43,0
2025-08-12,ST16,SKU00856,16,28323.36,1770.21,0
2025-08-12,ST18,SKU03193,4,4201.24,1050.31,0
2025-08-12,ST19,SKU00596,11,19106.12,1736.92,0
2025-08-12,ST20,SKU00968,25,19479.0,779.16,0
2025-08-12,ST21,SKU01400,20,41025.8,2051.29,0
2025-08-12,ST21,SKU01942,17,39989.95,2352.35,0
2025-08-12,ST22,SKU02586,9,12924.9,1436.1,0
2025-08-12,ST22,SKU03003,5,9591.2,1918.24,0
2025-08-12,ST23,SKU02724,5,2883.1,576.62,0
2025-08-12,ST23,SKU02779,29,64874.45,2237.05,1
2025-08-12,ST24,SKU03525,57,43766.31,767.83,0
2025-08-12,ST26,SKU02876,12,5081.52,423.46,0
2025-08-12,ST28,SKU00723,20,12446.0,622.3,1
2025-08-12,ST28,SKU04408,10,20181.0,2018.1,0
2025-08-12,ST30,SKU00349,20,29367.4,1468.37,0
2025-08-12,ST30,SKU02578,22,11533.28,524.24,0
2025-08-12,ST30,SKU03944,20,34428.2,1721.41,0
2025-08-13,ST04,SKU04382,2,296.12,148.06,0
2025-08-13,ST05,SKU03739,19,2280.95,120.05,0
2025-08-13,ST05,SKU04603,0,0.0,1438.95,0
2025-08-13,ST06,SKU01889,71,60850.55,857.05,0
2025-08-13,ST07,SKU03679,18,30428.46,1690.47,1
2025-08-13,ST12,SKU00001,13,26343.59,2026.43,0
2025-08-13,ST12,SKU04784,2,2050.54,1025.27,0
2025-08-13,ST13,SKU00968,2,1558.32,779.16,0
2025-08-13,ST13,SKU03536,16,26900.64,1681.29,0
2025-08-13,ST13,SKU03834,4,875.44,218.86,0
2025-08-13,ST14,SKU01510,4,3336.48,834.12,0
2025-08-13,ST15,SKU01483,21,49772.1,2370.1,0
2025-08-13,ST16,SKU02360,9,4970.07,552.23,0
2025-08-13,ST17,SKU00676,1,1879.76,1879.76,1
2025-08-13,ST17,SKU02351,10,3711.3,371.13,1
2025-08-13,ST17,SKU03604,20,39602.6,1980.13,0
2025-08-13,ST18,SKU01421,7,8606.36,1229.48,0
2025-08-13,ST18,SKU02290,25,62148.25,2485.93,0
2025-08-13,ST18,SKU04019,4,4752.52,1188.13,1
2025-08-13,ST19,SKU00140,10,1633.7,163.37,0
2025-08-13,ST19,SKU02973,12,26682.72,2223.56,0
2025-08-13,ST20,SKU03062,8,14740.08,1842.51,0
2025-08-13,ST20,SKU03955,3,230.67,76.89,0
2025-08-13,ST22,SKU00360,31,52373.26,1689.46,1
2025-08-13,ST22,SKU02798,8,11758.24,1469.78,0
2025-08-13,ST22,SKU04534,36,70802.28,1966.73,0
2025-08-13,ST23,SKU00080,2,1693.46,846.73,1
2025-08-13,ST23,SKU04617,5,8952.45,1790.49,0
2025-08-13,ST23,SKU04907,27,23595.84,873.92,0
2025-08-13,ST24,SKU00099,10,10064.9,1006.49,0
2025-08-13,ST24,SKU00801,9,22235.94,2470.66,0
2025-08-13,ST24,SKU02181,9,2119.59,235.51,0
2025-08-13,ST24,SKU03019,40,83574.0,2089.35,1
2025-08-13,ST24,SKU03931,14,26504.66,1893.19,0
2025-08-13,ST27,SKU03802,16,17312.32,1082.02,0
2025-08-13,ST28,SKU03188,7,16336.74,2333.82,0
2025-08-14,ST01,SKU01501,4,7346.2,1836.55,0
2025-08-14,ST02,SKU00974,7,8386.56,1198.08,1
2025-08-14,ST04,SKU01557,13,1107.47,85.19,0
2025-08-14,ST04,SKU02431,0,0.0,860.56,0
2025-08-14,ST04,SKU03318,16,35475.68,2217.23,0
2025-08-14,ST05,SKU04761,18,38749.14,2152.73,0
2025-08-14,ST06,SKU03845,14,31500.7,2250.05,0
2025-08-14,ST07,SKU03988,0,0.0,1388.53,0
2025-08-14,ST08,SKU02409,10,23920.4,2392.04,1
2025-08-14,ST09,SKU00689,10,4436.9,443.69,0
2025-08-14,ST09,SKU00751,17,23290.51,1370.03,0
2025-08-14,ST11,SKU03558,11,11622.49,1056.59,0
2025-08-14,ST11,SKU04212,9,11980.44,1331.16,0
2025-08-14,ST15,SKU02852,20,37706.4,1885.32,0
2025-08-14,ST15,SKU03282,17,33226.16,1954.48,0
2025-08-14,ST17,SKU00691,7,13858.6,1979.8,0
2025-08-14,ST17,SKU04036,14,20928.32,1494.88,1
2025-08-14,ST19,SKU02123,21,49838.46,2373.26,0
2025-08-14,ST19,SKU03874,13,2372.76,182.52,0
2025-08-14,ST20,SKU02779,8,17896.4,2237.05,0
2025-08-14,ST20,SKU03733,21,1298.85,61.85,1
2025-08-14,ST25,SKU01617,10,19592.3,1959.23,1
2025-08-14,ST25,SKU03859,4,1572.88,393.22,0
2025-08-14,ST26,SKU01986,26,37438.44,1439.94,0
2025-08-14,ST28,SKU01673,11,25343.34,2303.94,0
2025-08-14,ST28,SKU04392,23,24362.52,1059.24,0
2025-08-14,ST29,SKU00421,7,605.22,86.46,0
2025-08-14,ST29,SKU00563,3,6184.41,2061.47,0
2025-08-15,ST01,SKU02525,29,63756.5,2198.5,0
2025-08-15,ST01,SKU03036,12,26159.28,2179.94,0
2025-08-15,ST01,SKU04045,6,4466.7,744.45,0
2025-08-15,ST02,SKU00274,15,7511.55,500.77,1
2025-08-15,ST02,SKU02566,51,19258.11,377.61,1
2025-08-15,ST05,SKU01521,11,2206.82,200.62,0
2025-08-15,ST05,SKU01856,13,1411.41,108.57,0
2025-08-15,ST06,SKU04081,23,14084.51,612.37,0
2025-08-15,ST07,SKU02361,6,2001.72,333.62,1
2025-08-15,ST07,SKU02897,7,7720.09,1102.87,0
2025-08-15,ST08,SKU02761,31,33686.77,1086.67,0
2025-08-15,ST08,SKU04377,6,11771.34,1961.89,0
2025-08-15,ST09,SKU04091,9,16172.37,1796.93,0
2025-08-15,ST10,SKU04430,25,37545.75,1501.83,0
2025-08-15,ST11,SKU04198,20,37646.0,1882.3,1
2025-08-15,ST12,SKU04249,9,6098.67,677.63,0
2025-08-15,ST12,SKU04962,6,3601.56,600.26,0
2025-08-15,ST12,SKU04979,5,6597.5,1319.5,0
2025-08-15,ST14,SKU01320,12,6500.76,541.73,0
2025-08-15,ST15,SKU02953,4,2447.96,611.99,0
2025-08-15,ST15,SKU04558,2,379.24,189.62,0
2025-08-15,ST16,SKU01550,2,3823.46,1911.73,0
2025-08-15,ST16,SKU03692,7,8705.34,1243.62,0
2025-08-15,ST19,SKU01758,31,69475.03,2241.13,1
2025-08-15,ST19,SKU02054,8,16630.8,2078.85,1
2025-08-15,ST20,SKU01948,18,39432.78,2190.71,0
2025-08-15,ST21,SKU02162,11,19893.17,1808.47,1
2025-08-15,ST22,SKU04008,6,1668.24,278.04,0
2025-08-15,ST23,SKU03339,8,14997.12,1874.64,0
2025-08-15,ST23,SKU03863,2,721.2,360.6,0
2025-08-15,ST24,SKU02888,4,1580.88,395.22,0
2025-08-15,ST24,SKU04960,16,38988.32,2436.77,0
2025-08-15,ST24,SKU04988,10,13625.3,1362.53,0
2025-08-15,ST25,SKU03901,6,12806.34,2134.39,0
2025-08-15,ST25,SKU03926,29,54793.47,1889.43,1
2025-08-15,ST25,SKU04985,17,27921.14,1642.42,1
2025-08-15,ST26,SKU03630,26,46613.58,1792.83,0
2025-08-15,ST26,SKU03788,6,7512.84,1252.14,0
2025-08-15,ST27,SKU04340,7,7128.1,1018.3,0
2025-08-15,ST28,SKU01824,14,25139.8,1795.7,0
2025-08-15,ST28,SKU03081,15,25997.1,1733.14,0
2025-08-15,ST29,SKU03973,11,5766.2,524.2,0
2025-08-15,ST30,SKU02333,20,41637.8,2081.89,1
2025-08-15,ST30,SKU04898,18,15003.9,833.55,0
2025-08-16,ST01,SKU00186,3,1776.51,592.17,0
2025-08-16,ST02,SKU04404,13,26882.7,2067.9,0
2025-08-16,ST04,SKU03839,6,6462.24,1077.04,0
2025-08-16,ST05,SKU01767,0,0.0,413.87,1
2025-08-16,ST06,SKU02777,31,25828.27,833.17,1
2025-08-16,ST07,SKU01782,24,31657.92,1319.08,0
2025-08-16,ST07,SKU02790,7,5488.28,784.04,0
2025-08-16,ST07,SKU03122,7,8976.03,1282.29,1
2025-08-16,ST07,SKU03563,26,39578.5,1522.25,0
2025-08-16,ST08,SKU02084,22,27409.14,1245.87,0
2025-08-16,ST10,SKU00547,6,10619.94,1769.99,1
2025-08-16,ST10,SKU04232,3,7166.04,2388.68,0
2025-08-16,ST11,SKU00824,15,16704.15,1113.61,0
2025-08-16,ST13,SKU03847,30,8869.5,295.65,0
2025-08-16,ST13,SKU04089,11,15327.84,1393.44,0
2025-08-16,ST14,SKU01752,15,22962.0,1530.8,0
2025-08-16,ST16,SKU04037,17,32951.95,1938.35,0
2025-08-16,ST18,SKU04743,2,3218.24,1609.12,0
2025-08-16,ST20,SKU03049,28,19429.48,693.91,1
2025-08-16,ST20,SKU03324,8,8357.6,1044.7,0
2025-08-16,ST20,SKU04893,5,10458.25,2091.65,0
2025-08-16,ST21,SKU02143,8,18741.6,2342.7,0
2025-08-16,ST23,SKU00379,22,15955.94,725.27,0
2025-08-16,ST23,SKU02828,2,3454.02,1727.01,0
2025-08-16,ST23,SKU04590,15,11789.4,785.96,0
2025-08-16,ST24,SKU03415,15,25979.25,1731.95,0
2025-08-16,ST24,SKU04183,32,54953.6,1717.3,0
2025-08-16,ST25,SKU01568,13,20966.92,1612.84,0
2025-08-16,ST25,SKU04221,37,56478.65,1526.45,1
2025-08-16,ST26,SKU02903,33,2108.7,63.9,1
2025-08-16,ST26,SKU04798,21,28920.36,1377.16,0
2025-08-16,ST28,SKU04939,15,25981.95,1732.13,0
2025-08-16,ST29,SKU00745,1,1751.64,1751.64,0
2025-08-16,ST29,SKU01990,10,16809.1,1680.91,0
2025-08-17,ST01,SKU00007,7,7923.44,1131.92,0
2025-08-17,ST02,SKU01716,6,9546.78,1591.13,1
2025-08-17,ST03,SKU02495,35,68881.75,1968.05,1
2025-08-17,ST04,SKU02610,22,14683.24,667.42,0
2025-08-17,ST05,SKU04298,11,19938.16,1812.56,0
2025-08-17,ST05,SKU04329,16,26064.32,1629.02,1
2025-08-17,ST06,SKU02819,11,5845.18,531.38,0
2025-08-17,ST08,SKU00687,32,77912.32,2434.76,0
2025-08-17,ST09,SKU04559,11,21648.55,1968.05,0
2025-08-17,ST11,SKU03038,10,2806.2,280.62,1
2025-08-17,ST12,SKU04494,8,1573.84,196.73,0
2025-08-17,ST13,SKU02541,13,11744.59,903.43,0
2025-08-17,ST14,SKU00614,43,102872.34,2392.38,0
2025-08-17,ST14,SKU03911,29,57879.07,1995.83,0
2025-08-17,ST15,SKU00801,23,56825.18,2470.66,0
2025-08-17,ST16,SKU01044,11,13071.63,1188.33,1
2025-08-17,ST16,SKU03096,5,9827.4,1965.48,0
2025-08-17,ST16,SKU04675,8,11901.84,1487.73,0
2025-08-17,ST19,SKU00233,7,15999.48,2285.64,0
2025-08-17,ST19,SKU00424,8,17656.08,2207.01,0
2025-08-17,ST19,SKU03264,9,8763.66,973.74,0
2025-08-17,ST19,SKU04829,22,51634.0,2347.0,0
2025-08-17,ST20,SKU00282,25,14255.0,570.2,0
2025-08-17,ST21,SKU01802,11,4133.03,375.73,0
2025-08-17,ST21,SKU03937,4,9962.72,2490.68,1
2025-08-17,ST21,SKU04901,0,0.0,561.74,0
2025-08-17,ST22,SKU00303,7,11880.12,1697.16,0
2025-08-17,ST22,SKU03264,24,23369.76,973.74,0
2025-08-17,ST22,SKU03507,21,50443.89,2402.09,1
2025-08-17,ST23,SKU04118,10,8212.5,821.25,0
2025-08-17,ST26,SKU01235,16,20193.6,1262.1,0
2025-08-17,ST27,SKU04375,2,4736.98,2368.49,0
2025-08-17,ST27,SKU04489,4,8071.64,2017.91,0
2025-08-17,ST29,SKU00905,8,3666.56,458.32,0
2025-08-17,ST29,SKU03027,18,30262.68,1681.26,0
2025-08-17,ST30,SKU00145,15,36083.7,2405.58,1
2025-08-17,ST30,SKU00888,11,9902.09,900.19,0
2025-08-17,ST30,SKU03689,5,4252.65,850.53,0
2025-08-18,ST01,SKU00762,9,8971.74,996.86,0
2025-08-18,ST01,SKU01884,16,27708.0,1731.75,0
2025-08-18,ST02,SKU00812,8,2224.88,278.11,0
2025-08-18,ST03,SKU00092,30,43658.4,1455.28,1
2025-08-18,ST03,SKU04781,9,6258.15,695.35,0
2025-08-18,ST04,SKU00311,2,3708.7,1854.35,0
2025-08-18,ST04,SKU02439,10,6368.5,636.85,0
2025-08-18,ST04,SKU04660,19,23337.51,1228.29,0
2025-08-18,ST05,SKU01598,15,12926.1,861.74,0
2025-08-18,ST05,SKU03877,10,12745.7,1274.57,0
2025-08-18,ST07,SKU00273,9,19897.92,2210.88,0
2025-08-18,ST07,SKU00353,15,15481.2,1032.08,0
2025-08-18,ST08,SKU03678,24,56294.88,2345.62,0
2025-08-18,ST09,SKU01818,14,11102.28,793.02,1
2025-08-18,ST09,SKU02571,3,5995.65,1998.55,0
2025-08-18,ST10,SKU04203,17,33621.24,1977.72,1
2025-08-18,ST11,SKU04315,23,10119.08,439.96,0
2025-08-18,ST12,SKU04290,2,3007.58,1503.79,0
2025-08-18,ST13,SKU01653,17,33594.55,1976.15,0
2025-08-18,ST13,SKU04042,57,42871.98,752.14,1
2025-08-18,ST14,SKU01695,13,6873.36,528.72,0
2025-08-18,ST14,SKU03880,13,12987.39,999.03,0
2025-08-18,ST14,SKU04624,33,58794.12,1781.64,0
2025-08-18,ST20,SKU00708,10,24431.4,2443.14,0
2025-08-18,ST21,SKU03805,2,165.74,82.87,0
2025-08-18,ST23,SKU02025,7,4903.85,700.55,1
2025-08-18,ST24,SKU01496,15,36980.55,2465.37,0
2025-08-18,ST24,SKU03571,6,10290.54,1715.09,0
2025-08-18,ST25,SKU01346,3,7491.54,2497.18,0
2025-08-18,ST25,SKU02026,8,11814.72,1476.84,0
2025-08-18,ST26,SKU02261,9,13200.21,1466.69,0
2025-08-18,ST27,SKU02244,1,250.86,250.86,0
2025-08-18,ST27,SKU03212,5,11139.55,2227.91,0
2025-08-18,ST27,SKU03775,8,5752.88,719.11,0
2025-08-18,ST27,SKU04593,20,42847.6,2142.38,0
2025-08-18,ST28,SKU00514,7,10139.22,1448.46,0
2025-08-19,ST01,SKU02549,5,1897.55,379.51,0
2025-08-19,ST02,SKU03385,14,11241.44,802.96,0
2025-08-19,ST02,SKU03991,12,24421.68,2035.14,0
2025-08-19,ST02,SKU04007,45,77294.7,1717.66,1
2025-08-19,ST04,SKU01109,9,12149.73,1349.97,1
2025-08-19,ST04,SKU04004,19,43797.85,2305.15,0
2025-08-19,ST07,SKU02107,13,19256.77,1481.29,0
2025-08-19,ST07,SKU02663,5,2983.7,596.74,0
2025-08-19,ST08,SKU02000,10,5195.6,519.56,0
2025-08-19,ST10,SKU04767,3,234.87,78.29,0
2025-08-19,ST14,SKU00867,28,64195.04,2292.68,0
2025-08-19,ST14,SKU02209,26,51738.7,1989.95,1
2025-08-19,ST16,SKU00610,8,10404.32,1300.54,0
2025-08-19,ST17,SKU02219,18,14674.32,815.24,0
2025-08-19,ST17,SKU03535,15,30476.55,2031.77,0
2025-08-19,ST19,SKU00847,15,35389.2,2359.28,1
2025-08-19,ST19,SKU02612,8,7246.72,905.84,0
2025-08-19,ST20,SKU04652,5,6450.35,1290.07,0
2025-08-19,ST21,SKU02370,3,5654.37,1884.79,1
2025-08-19,ST21,SKU04153,7,15699.53,2242.79,1
2025-08-19,ST21,SKU04744,13,21084.44,1621.88,0
2025-08-19,ST23,SKU01563,10,17124.2,1712.42,0
2025-08-19,ST23,SKU02688,2,128.12,64.06,0
2025-08-19,ST24,SKU00191,5,3958.95,791.79,0
2025-08-19,ST24,SKU01158,5,2467.05,493.41,0
2025-08-19,ST24,SKU01930,5,4416.75,883.35,0
2025-08-19,ST24,SKU02253,9,10736.73,1192.97,0
2025-08-19,ST25,SKU03966,9,12098.43,1344.27,0
2025-08-19,ST25,SKU04266,2,2944.82,1472.41,1
2025-08-19,ST26,SKU01560,15,3179.25,211.95,0
2025-08-19,ST27,SKU03394,9,10990.26,1221.14,0
2025-08-19,ST29,SKU01740,49,108917.69,2222.81,1
2025-08-19,ST30,SKU01258,8,1969.2,246.15,0
2025-08-20,ST01,SKU00166,23,7256.96,315.52,1
2025-08-20,ST05,SKU01624,7,4846.03,692.29,0
2025-08-20,ST06,SKU00236,12,22141.08,1845.09,0
2025-08-20,ST07,SKU00320,13,11062.74,850.98,1
2025-08-20,ST08,SKU04489,6,12107.46,2017.91,0
2025-08-20,ST09,SKU00619,19,19889.2,1046.8,0
2025-08-20,ST09,SKU01970,5,11179.8,2235.96,0
2025-08-20,ST10,SKU01408,7,2988.23,426.89,0
2025-08-20,ST10,SKU02952,19,47058.06,2476.74,0
2025-08-20,ST11,SKU01160,3,4735.17,1578.39,0
2025-08-20,ST11,SKU02947,9,19863.81,2207.09,0
2025-08-20,ST11,SKU03960,15,29016.75,1934.45,0
2025-08-20,ST13,SKU03621,9,13400.28,1488.92,0
2025-08-20,ST13,SKU03791,2,4969.44,2484.72,0
2025-08-20,ST14,SKU00027,16,23841.92,1490.12,0
2025-08-20,ST14,SKU04291,3,486.84,162.28,1
2025-08-20,ST15,SKU04507,20,32996.8,1649.84,0
2025-08-20,ST16,SKU04849,12,25658.4,2138.2,0
2025-08-20,ST17,SKU01042,11,22058.41,2005.31,1
2025-08-20,ST17,SKU02929,14,14660.1,1047.15,1
2025-08-20,ST17,SKU04468,9,8911.17,990.13,0
2025-08-20,ST18,SKU00834,20,7406.0,370.3,1
2025-08-20,ST18,SKU04346,12,24505.68,2042.14,0
2025-08-20,ST19,SKU00096,5,10407.2,2081.44,0
2025-08-20,ST19,SKU04225,11,10092.72,917.52,0
2025-08-20,ST20,SKU00906,1,970.58,970.58,0
2025-08-20,ST21,SKU03726,0,0.0,1252.13,0
2025-08-20,ST22,SKU02357,25,55129.75,2205.19,0
2025-08-20,ST23,SKU00059,9,21973.32,2441.48,0
2025-08-20,ST23,SKU00802,11,20398.95,1854.45,0
2025-08-20,ST23,SKU01765,14,24216.64,1729.76,0
2025-08-20,ST24,SKU00886,4,9547.64,2386.91,0
2025-08-20,ST24,SKU02949,1,1894.7,1894.7,1
2025-08-20,ST24,SKU04441,4,5499.12,1374.78,0
2025-08-20,ST24,SKU04941,5,4379.2,875.84,0
2025-08-20,ST25,SKU01783,28,39882.08,1424.36,1
2025-08-20,ST26,SKU04806,6,2123.34,353.89,0
2025-08-20,ST27,SKU03958,15,6329.1,421.94,0
2025-08-20,ST28,SKU00537,11,25699.41,2336.31,0
2025-08-20,ST28,SKU02913,24,25746.0,1072.75,0
2025-08-20,ST29,SKU04796,24,36480.72,1520.03,1
2025-08-20,ST30,SKU00557,4,9632.52,2408.13,0
2025-08-20,ST30,SKU02669,5,6150.65,1230.13,1
2025-08-20,ST30,SKU04100,10,15722.7,1572.27,0
2025-08-21,ST01,SKU03033,2,102.72,51.36,0
2025-08-21,ST03,SKU02811,2,2201.18,1100.59,0
2025-08-21,ST04,SKU03278,7,2085.65,297.95,0
2025-08-21,ST04,SKU03286,3,347.13,115.71,0
2025-08-21,ST05,SKU00087,30,40309.2,1343.64,0
2025-08-21,ST05,SKU01572,0,0.0,2272.83,1
2025-08-21,ST05,SKU01923,3,7458.27,2486.09,0
2025-08-21,ST05,SKU03797,4,3831.32,957.83,0
2025-08-21,ST08,SKU04336,3,6453.99,2151.33,0
2025-08-21,ST08,SKU04589,31,77440.17,2498.07,0
2025-08-21,ST09,SKU01181,17,2812.31,165.43,0
2025-08-21,ST09,SKU02618,11,2455.2,223.2,0
2025-08-21,ST10,SKU03262,18,20697.3,1149.85,0
2025-08-21,ST11,SKU03297,25,13231.0,529.24,0
2025-08-21,ST13,SKU03371,15,16379.55,1091.97,0
2025-08-21,ST14,SKU04294,7,4861.71,694.53,1
2025-08-21,ST14,SKU04808,4,3990.32,997.58,0
2025-08-21,ST15,SKU01179,15,27926.25,1861.75,1
2025-08-21,ST17,SKU00524,4,4512.2,1128.05,0
2025-08-21,ST18,SKU01697,19,44507.5,2342.5,0
2025-08-21,ST19,SKU00205,7,15092.42,2156.06,0
2025-08-21,ST19,SKU04179,10,14324.0,1432.4,0
2025-08-21,ST20,SKU04020,36,60106.68,1669.63,0
2025-08-21,ST21,SKU04639,24,27450.72,1143.78,0
2025-08-21,ST22,SKU03909,12,10709.76,892.48,0
2025-08-21,ST23,SKU00477,5,3938.5,787.7,0
2025-08-21,ST23,SKU04921,16,24101.44,1506.34,0
2025-08-21,ST24,SKU00395,14,9799.58,699.97,0
2025-08-21,ST26,SKU01047,3,5828.34,1942.78,0
2025-08-21,ST26,SKU04887,16,6408.48,400.53,0
2025-08-21,ST26,SKU04895,16,21468.96,1341.81,0
2025-08-21,ST28,SKU04622,15,823.05,54.87,0
2025-08-21,ST29,SKU04645,6,4921.98,820.33,0
2025-08-21,ST30,SKU04508,4,3464.8,866.2,1
2025-08-22,ST02,SKU02138,5,10961.9,2192.38,0
2025-08-22,ST03,SKU01941,25,61136.75,2445.47,1
2025-08-22,ST03,SKU03768,18,21867.3,1214.85,0
2025-08-22,ST05,SKU02036,6,2434.8,405.8,0
2025-08-22,ST05,SKU03569,8,12377.44,1547.18,0
2025-08-22,ST06,SKU03187,7,14595.35,2085.05,0
2025-08-22,ST10,SKU01431,15,33987.9,2265.86,1
2025-08-22,ST10,SKU03388,16,4658.72,291.17,0
2025-08-22,ST11,SKU03751,2,207.46,103.73,0
2025-08-22,ST11,SKU04602,5,1083.05,216.61,0
2025-08-22,ST13,SKU01521,15,3009.3,200.62,0
2025-08-22,ST13,SKU01585,4,9991.12,2497.78,0
2025-08-22,ST19,SKU00965,11,6890.29,626.39,1
2025-08-22,ST22,SKU03554,20,31698.8,1584.94,0
2025-08-22,ST23,SKU03840,57,61070.37,1071.41,0
2025-08-22,ST24,SKU01443,20,32526.4,1626.32,1
2025-08-22,ST24,SKU01577,15,2219.4,147.96,0
2025-08-22,ST26,SKU04293,7,5144.51,734.93,0
2025-08-22,ST27,SKU00592,5,8127.7,1625.54,0
2025-08-22,ST27,SKU02361,43,14345.66,333.62,1
2025-08-22,ST27,SKU04568,33,81356.22,2465.34,1
2025-08-22,ST28,SKU03915,7,12022.08,1717.44,1
2025-08-22,ST30,SKU02804,0,0.0,475.44,0
2025-08-22,ST30,SKU04897,20,15211.6,760.58,0
2025-08-23,ST01,SKU01317,5,4370.8,874.16,0
2025-08-23,ST01,SKU04403,14,29838.9,2131.35,0
2025-08-23,ST03,SKU02325,33,42601.35,1290.95,0
2025-08-23,ST03,SKU03708,20,25189.6,1259.48,1
2025-08-23,ST04,SKU02229,35,77474.6,2213.56,0
2025-08-23,ST04,SKU04288,65,9209.2,141.68,1
2025-08-23,ST06,SKU02045,5,10838.15,2167.63,0
2025-08-23,ST06,SKU02223,38,28599.56,752.62,1
2025-08-23,ST06,SKU03276,8,3864.32,483.04,0
2025-08-23,ST07,SKU00855,13,3514.03,270.31,1
2025-08-23,ST09,SKU00012,14,15637.58,1116.97,0
2025-08-23,ST09,SKU00648,20,31292.4,1564.62,1
2025-08-23,ST11,SKU01750,56,49795.2,889.2,0
2025-08-23,ST12,SKU00598,12,8781.0,731.75,1
2025-08-23,ST13,SKU03972,12,18434.4,1536.2,1
2025-08-23,ST13,SKU04223,25,36751.75,1470.07,0
2025-08-23,ST15,SKU02017,27,25045.2,927.6,0
2025-08-23,ST15,SKU04129,31,65392.64,2109.44,0
2025-08-23,ST17,SKU03926,5,9447.15,1889.43,0
2025-08-23,ST17,SKU04605,8,18543.6,2317.95,0
2025-08-23,ST17,SKU04963,20,32703.4,1635.17,0
2025-08-23,ST18,SKU01257,15,30394.65,2026.31,0
2025-08-23,ST18,SKU03529,17,38713.76,2277.28,1
2025-08-23,ST19,SKU00183,10,11861.9,1186.19,0
2025-08-23,ST19,SKU04064,7,9764.79,1394.97,0
2025-08-23,ST20,SKU00731,11,19252.64,1750.24,0
2025-08-23,ST20,SKU02472,29,34898.89,1203.41,0
2025-08-23,ST20,SKU02915,13,13200.72,1015.44,0
2025-08-23,ST21,SKU04642,7,966.63,138.09,0
2025-08-23,ST22,SKU01944,15,34251.15,2283.41,1
2025-08-23,ST22,SKU04690,13,23046.4,1772.8,0
2025-08-23,ST23,SKU03264,6,5842.44,973.74,0
2025-08-23,ST23,SKU03595,9,7430.76,825.64,0
2025-08-23,ST25,SKU03479,34,32433.62,953.93,1
2025-08-23,ST26,SKU00124,16,33759.52,2109.97,0
2025-08-23,ST26,SKU02900,8,19380.08,2422.51,0
2025-08-23,ST27,SKU03829,3,5968.44,1989.48,0
2025-08-23,ST28,SKU03377,7,15818.11,2259.73,0
2025-08-23,ST29,SKU03362,8,3258.08,407.26,0
2025-08-23,ST30,SKU03610,12,12639.48,1053.29,1
2025-08-24,ST01,SKU00804,7,14505.33,2072.19,1
2025-08-24,ST02,SKU00637,48,47895.84,997.83,0
2025-08-24,ST02,SKU02416,5,826.65,165.33,1
2025-08-24,ST02,SKU03284,23,26484.96,1151.52,0
2025-08-24,ST02,SKU03693,8,16209.44,2026.18,0
2025-08-24,ST08,SKU03720,6,12424.08,2070.68,0
2025-08-24,ST10,SKU03933,4,6882.28,1720.57,0
2025-08-24,ST12,SKU02614,10,23003.3,2300.33,1
2025-08-24,ST13,SKU03706,29,64719.59,2231.71,1
2025-08-24,ST13,SKU04175,12,4866.48,405.54,0
2025-08-24,ST14,SKU02448,7,5976.81,853.83,0
2025-08-24,ST14,SKU03245,1,1420.87,1420.87,0
2025-08-24,ST15,SKU02187,14,5378.38,384.17,0
2025-08-24,ST16,SKU01558,12,22790.88,1899.24,1
2025-08-24,ST16,SKU03888,34,7187.26,211.39,0
2025-08-24,ST16,SKU04822,17,12854.21,756.13,0
2025-08-24,ST17,SKU01686,12,15594.24,1299.52,0
2025-08-24,ST17,SKU02128,5,11718.3,2343.66,0
2025-08-24,ST17,SKU03491,7,16052.75,2293.25,0
2025-08-24,ST19,SKU00484,5,1699.15,339.83,0
2025-08-24,ST19,SKU02036,8,3246.4,405.8,0
2025-08-24,ST20,SKU01014,5,287.7,57.54,0
2025-08-24,ST21,SKU03598,10,23094.4,2309.44,0
2025-08-24,ST22,SKU03818,23,16638.43,723.41,1
2025-08-24,ST22,SKU03825,33,34220.67,1036.99,1
2025-08-24,ST24,SKU02491,9,2051.1,227.9,0
2025-08-24,ST28,SKU04190,4,4146.2,1036.55,0
2025-08-24,ST28,SKU04483,0,0.0,2182.91,0
2025-08-24,ST29,SKU02066,3,272.25,90.75,0
2025-08-24,ST30,SKU02251,10,5462.9,546.29,0
2025-08-24,ST30,SKU03383,20,14310.6,715.53,0
2025-08-25,ST03,SKU01225,4,8965.76,2241.44,0
2025-08-25,ST03,SKU02460,27,64603.44,2392.72,0
2025-08-25,ST03,SKU04987,6,6699.96,1116.66,0
2025-08-25,ST05,SKU03030,17,10401.45,611.85,0
2025-08-25,ST05,SKU03417,12,3611.64,300.97,0
2025-08-25,ST05,SKU03627,39,78877.89,2022.51,1
2025-08-25,ST06,SKU02107,18,26663.22,1481.29,0
2025-08-25,ST08,SKU01268,14,34257.16,2446.94,1
2025-08-25,ST10,SKU03504,23,43520.83,1892.21,1
2025-08-25,ST10,SKU03553,19,39969.73,2103.67,0
2025-08-25,ST10,SKU04539,9,16197.84,1799.76,0
2025-08-25,ST12,SKU00470,12,19871.16,1655.93,0
2025-08-25,ST13,SKU01750,26,23119.2,889.2,1
2025-08-25,ST14,SKU01635,18,36563.4,2031.3,0
2025-08-25,ST15,SKU01987,9,16391.16,1821.24,0
2025-08-25,ST18,SKU01927,6,2553.48,425.58,0
2025-08-25,ST18,SKU02123,3,7119.78,2373.26,1
2025-08-25,ST19,SKU03055,13,14607.19,1123.63,0
2025-08-25,ST19,SKU04629,7,17123.75,2446.25,1
2025-08-25,ST20,SKU00211,8,13633.2,1704.15,0
2025-08-25,ST20,SKU00521,0,0.0,361.58,0
2025-08-25,ST20,SKU01401,2,2834.2,1417.1,0
2025-08-25,ST20,SKU04693,15,11037.6,735.84,0
2025-08-25,ST21,SKU02563,29,27843.77,960.13,0
2025-08-25,ST21,SKU04436,17,9964.55,586.15,0
2025-08-25,ST23,SKU02397,9,2789.55,309.95,1
2025-08-25,ST26,SKU03011,5,979.75,195.95,0
2025-08-25,ST27,SKU01718,2,1181.6,590.8,0
2025-08-25,ST27,SKU02673,7,5795.16,827.88,0
2025-08-25,ST27,SKU03929,4,5903.0,1475.75,0
2025-08-25,ST30,SKU02569,9,4366.08,485.12,0
2025-08-26,ST01,SKU02722,18,12888.0,716.0,0
2025-08-26,ST01,SKU03768,2,2429.7,1214.85,0
2025-08-26,ST01,SKU04346,28,57179.92,2042.14,0
2025-08-26,ST02,SKU04671,4,2349.04,587.26,0
2025-08-26,ST02,SKU04797,19,12011.42,632.18,0
2025-08-26,ST03,SKU02724,11,6342.82,576.62,0
2025-08-26,ST04,SKU02660,9,3446.91,382.99,0
2025-08-26,ST04,SKU03644,6,5202.78,867.13,0
2025-08-26,ST04,SKU04626,9,7750.89,861.21,0
2025-08-26,ST05,SKU00662,43,21296.61,495.27,1
2025-08-26,ST05,SKU01050,19,46622.96,2453.84,0
2025-08-26,ST05,SKU01483,4,9480.4,2370.1,0
2025-08-26,ST06,SKU03818,15,10851.15,723.41,0
2025-08-26,ST06,SKU04853,8,4319.2,539.9,1
2025-08-26,ST08,SKU00292,3,6767.79,2255.93,0
2025-08-26,ST09,SKU02139,16,2753.28,172.08,0
2025-08-26,ST12,SKU04082,11,23206.15,2109.65,0
2025-08-26,ST14,SKU03782,6,4655.76,775.96,0
2025-08-26,ST17,SKU01716,24,38187.12,1591.13,0
2025-08-26,ST17,SKU01941,19,46463.93,2445.47,0
2025-08-26,ST17,SKU02238,16,9857.12,616.07,0
2025-08-26,ST18,SKU03950,35,81022.9,2314.94,1
2025-08-26,ST24,SKU03603,11,1823.47,165.77,0
2025-08-26,ST25,SKU04272,19,9536.1,501.9,0
2025-08-26,ST26,SKU00040,4,1182.92,295.73,0
2025-08-26,ST26,SKU01817,12,20050.8,1670.9,0
2025-08-26,ST26,SKU04041,16,18360.48,1147.53,0
2025-08-26,ST29,SKU01218,11,6988.19,635.29,0
2025-08-26,ST29,SKU03255,5,6736.5,1347.3,0
2025-08-26,ST29,SKU03981,26,1301.3,50.05,1
2025-08-26,ST30,SKU01565,5,6550.1,1310.02,0
2025-08-26,ST30,SKU01748,11,5881.26,534.66,0
2025-08-27,ST02,SKU03067,32,22223.04,694.47,0
2025-08-27,ST02,SKU03388,5,1455.85,291.17,0
2025-08-27,ST02,SKU04867,3,4316.31,1438.77,0
2025-08-27,ST06,SKU01128,22,2553.98,116.09,0
2025-08-27,ST07,SKU02614,20,46006.6,2300.33,0
2025-08-27,ST07,SKU02805,9,18747.09,2083.01,0
2025-08-27,ST08,SKU02181,9,2119.59,235.51,0
2025-08-27,ST09,SKU03848,10,7757.2,775.72,0
2025-08-27,ST14,SKU02006,18,29053.98,1614.11,0
2025-08-27,ST14,SKU04652,5,6450.35,1290.07,0
2025-08-27,ST15,SKU04099,9,9599.76,1066.64,0
2025-08-27,ST16,SKU04456,20,35710.2,1785.51,0
2025-08-27,ST18,SKU01059,24,12462.96,519.29,0
2025-08-27,ST18,SKU01760,5,4165.6,833.12,1
2025-08-27,ST19,SKU02150,5,7953.15,1590.63,0
2025-08-27,ST22,SKU01595,15,7288.8,485.92,0
2025-08-27,ST23,SKU00080,10,8467.3,846.73,0
2025-08-27,ST23,SKU02730,3,5869.92,1956.64,0
2025-08-27,ST24,SKU02220,28,17896.76,639.17,0
2025-08-27,ST24,SKU02646,27,29961.09,1109.67,0
2025-08-27,ST26,SKU03607,13,30535.05,2348.85,0
2025-08-27,ST28,SKU01341,29,2107.14,72.66,1
2025-08-27,ST30,SKU00040,19,5618.87,295.73,1
2025-08-27,ST30,SKU02770,33,54329.55,1646.35,0
2025-08-28,ST01,SKU02629,11,22804.43,2073.13,0
2025-08-28,ST01,SKU03221,15,33749.85,2249.99,0
2025-08-28,ST02,SKU01000,8,4851.6,606.45,1
2025-08-28,ST03,SKU00129,17,3288.48,193.44,0
2025-08-28,ST03,SKU00267,10,3023.0,302.3,0
2025-08-28,ST04,SKU00655,22,43190.18,1963.19,0
2025-08-28,ST04,SKU04198,5,9411.5,1882.3,0
2025-08-28,ST05,SKU00578,28,6649.72,237.49,0
2025-08-28,ST05,SKU00674,11,22384.78,2034.98,0
2025-08-28,ST05,SKU01760,24,19994.88,833.12,1
2025-08-28,ST05,SKU02147,22,7623.44,346.52,0
2025-08-28,ST05,SKU02161,3,571.26,190.42,0
2025-08-28,ST06,SKU02539,5,2436.9,487.38,0
2025-08-28,ST07,SKU04511,10,21378.3,2137.83,1
2025-08-28,ST08,SKU01721,5,2180.75,436.15,0
2025-08-28,ST08,SKU01852,6,11991.0,1998.5,0
2025-08-28,ST09,SKU04649,11,8131.64,739.24,0
2025-08-28,ST10,SKU04325,12,620.16,51.68,0
2025-08-28,ST11,SKU02684,4,2769.08,692.27,0
2025-08-28,ST11,SKU03783,7,3039.05,434.15,1
2025-08-28,ST13,SKU01807,13,12164.23,935.71,0
2025-08-28,ST13,SKU02542,0,0.0,1581.19,0
2025-08-28,ST16,SKU02123,9,21359.34,2373.26,0
2025-08-28,ST17,SKU01521,35,7021.7,200.62,0
2025-08-28,ST18,SKU01457,12,10534.08,877.84,1
2025-08-28,ST18,SKU01704,21,18391.17,875.77,0
2025-08-28,ST24,SKU02650,4,1064.64,266.16,0
2025-08-28,ST24,SKU02701,3,278.7,92.9,0
2025-08-28,ST25,SKU02442,12,24153.96,2012.83,0
2025-08-28,ST25,SKU04343,4,4462.04,1115.51,0
2025-08-28,ST25,SKU04665,6,4754.04,792.34,0
2025-08-28,ST26,SKU00477,5,3938.5,787.7,1
2025-08-28,ST28,SKU01498,18,38007.54,2111.53,1
2025-08-28,ST28,SKU04180,4,2194.44,548.61,0
2025-08-28,ST30,SKU02743,12,19265.16,1605.43,0
2025-08-29,ST01,SKU04424,1,2010.17,2010.17,0
2025-08-29,ST03,SKU04994,14,18808.86,1343.49,0
2025-08-29,ST04,SKU02018,1,1571.13,1571.13,0
2025-08-29,ST04,SKU04519,11,26575.12,2415.92,0
2025-08-29,ST06,SKU02171,0,0.0,682.55,0
2025-08-29,ST07,SKU02014,11,21179.18,1925.38,0
2025-08-29,ST07,SKU03284,19,21878.88,1151.52,0
2025-08-29,ST08,SKU02650,11,2927.76,266.16,0
2025-08-29,ST10,SKU01982,17,25088.94,1475.82,0
2025-08-29,ST11,SKU00596,11,19106.12,1736.92,0
2025-08-29,ST13,SKU02360,14,7731.22,552.23,1
2025-08-29,ST15,SKU03823,5,6983.6,1396.72,1
2025-08-29,ST17,SKU03197,12,3615.96,301.33,0
2025-08-29,ST18,SKU01553,11,2871.33,261.03,1
2025-08-29,ST19,SKU04143,13,28637.44,2202.88,0
2025-08-29,ST20,SKU01329,22,33818.84,1537.22,0
2025-08-29,ST20,SKU02505,8,5115.6,639.45,1
2025-08-29,ST21,SKU02280,15,36599.7,2439.98,0
2025-08-29,ST22,SKU02451,12,2381.52,198.46,0
2025-08-29,ST23,SKU01164,5,7675.35,1535.07,1
2025-08-29,ST24,SKU01887,4,7905.92,1976.48,0
2025-08-29,ST26,SKU03228,5,1223.25,244.65,0
2025-08-29,ST26,SKU03345,19,35174.7,1851.3,0
2025-08-29,ST28,SKU02499,3,7227.39,2409.13,0
2025-08-29,ST29,SKU01950,23,56425.9,2453.3,0
2025-08-29,ST29,SKU04380,6,6439.26,1073.21,0
2025-08-29,ST29,SKU04993,7,14281.68,2040.24,0
2025-08-29,ST30,SKU04359,6,14450.4,2408.4,0
2025-08-30,ST02,SKU02018,16,25138.08,1571.13,0
2025-08-30,ST03,SKU04498,11,25248.08,2295.28,0
2025-08-30,ST04,SKU03576,14,31921.96,2280.14,1
2025-08-30,ST04,SKU04513,16,10631.04,664.44,1
2025-08-30,ST05,SKU03074,6,6757.5,1126.25,0
2025-08-30,ST09,SKU04027,31,64704.13,2087.23,0
2025-08-30,ST10,SKU02011,29,45755.91,1577.79,0
2025-08-30,ST10,SKU03788,32,40068.48,1252.14,1
2025-08-30,ST10,SKU04149,15,30703.2,2046.88,0
2025-08-30,ST11,SKU03304,17,26211.62,1541.86,0
2025-08-30,ST12,SKU01490,7,9767.45,1395.35,0
2025-08-30,ST12,SKU03688,12,8829.48,735.79,0
2025-08-30,ST12,SKU04695,8,499.2,62.4,0
2025-08-30,ST13,SKU03196,21,44183.79,2103.99,0
2025-08-30,ST13,SKU04585,4,2562.8,640.7,1
2025-08-30,ST14,SKU00885,10,2677.3,267.73,0
2025-08-30,ST14,SKU02546,17,23426.51,1378.03,1
2025-08-30,ST18,SKU01472,8,10446.0,1305.75,0
2025-08-30,ST20,SKU00592,12,19506.48,1625.54,0
2025-08-30,ST20,SKU02719,11,1600.72,145.52,1
2025-08-30,ST21,SKU00567,7,399.0,57.0,0
2025-08-30,ST21,SKU00934,12,27109.68,2259.14,0
2025-08-30,ST21,SKU03198,7,14482.86,2068.98,0
2025-08-30,ST22,SKU01192,22,27010.5,1227.75,0
2025-08-30,ST22,SKU02824,5,3098.45,619.69,0
2025-08-30,ST22,SKU03817,6,12058.26,2009.71,0
2025-08-30,ST22,SKU04065,10,19176.1,1917.61,0
2025-08-30,ST23,SKU03322,12,11013.0,917.75,0
2025-08-30,ST24,SKU01268,10,24469.4,2446.94,0
2025-08-30,ST24,SKU04276,12,16525.32,1377.11,0
2025-08-30,ST25,SKU00601,13,1513.59,116.43,0
2025-08-30,ST27,SKU04571,29,43696.04,1506.76,0
2025-08-30,ST27,SKU04684,9,10932.03,1214.67,0
2025-08-30,ST28,SKU00202,5,2915.6,583.12,0
2025-08-30,ST28,SKU01490,17,23720.95,1395.35,0
2025-08-30,ST28,SKU02453,12,27689.76,2307.48,1
2025-08-30,ST28,SKU04236,4,4200.2,1050.05,0
2025-08-30,ST30,SKU02956,9,17499.15,1944.35,0
2025-08-31,ST01,SKU00195,12,3365.04,280.42,0
2025-08-31,ST02,SKU04702,22,22255.64,1011.62,0
2025-08-31,ST04,SKU01489,30,4874.1,162.47,0
2025-08-31,ST04,SKU03158,0,0.0,1975.03,0
2025-08-31,ST04,SKU04866,11,25375.57,2306.87,0
2025-08-31,ST05,SKU04129,56,118128.64,2109.44,0
2025-08-31,ST08,SKU02414,14,4569.18,326.37,0
2025-08-31,ST08,SKU03960,4,7737.8,1934.45,0
2025-08-31,ST09,SKU00793,31,53713.7,1732.7,0
2025-08-31,ST09,SKU04218,19,11765.18,619.22,0
2025-08-31,ST10,SKU01689,25,49999.25,1999.97,1
2025-08-31,ST10,SKU02136,7,10504.41,1500.63,0
2025-08-31,ST11,SKU03548,20,34081.4,1704.07,1
2025-08-31,ST13,SKU03774,25,10154.75,406.19,1
2025-08-31,ST14,SKU04689,4,9299.2,2324.8,0
2025-08-31,ST15,SKU02042,25,43998.5,1759.94,0
2025-08-31,ST16,SKU02609,11,14994.43,1363.13,0
2025-08-31,ST17,SKU02086,3,3938.43,1312.81,0
2025-08-31,ST17,SKU03992,4,4245.24,1061.31,1
2025-08-31,ST18,SKU00682,7,2505.86,357.98,0
2025-08-31,ST19,SKU03497,20,28204.8,1410.24,0
2025-08-31,ST20,SKU02247,25,51072.75,2042.91,0
2025-08-31,ST20,SKU04326,11,6390.34,580.94,0
2025-08-31,ST20,SKU04491,8,6436.88,804.61,0
2025-08-31,ST21,SKU04965,16,957.44,59.84,0
2025-08-31,ST24,SKU01098,21,36757.35,1750.35,0
2025-08-31,ST24,SKU04009,9,15249.51,1694.39,0
2025-08-31,ST24,SKU04044,15,21937.05,1462.47,0
2025-08-31,ST25,SKU00520,10,10929.6,1092.96,0
2025-08-31,ST25,SKU03516,31,51244.24,1653.04,0
2025-08-31,ST26,SKU01963,16,29539.84,1846.24,0
2025-08-31,ST26,SKU04338,14,23042.18,1645.87,0
2025-08-31,ST27,SKU00949,8,3885.36,485.67,0
2025-08-31,ST27,SKU02734,10,3499.0,349.9,0
2025-08-31,ST28,SKU04171,5,4040.15,808.03,0
2025-08-31,ST30,SKU02799,13,27003.86,2077.22,0
2025-09-01,ST01,SKU02063,40,30658.0,766.45,0
2025-09-01,ST02,SKU00181,19,28897.86,1520.94,0
2025-09-01,ST02,SKU03009,13,28147.08,2165.16,0
2025-09-01,ST02,SKU04091,4,7187.72,1796.93,0
2025-09-01,ST03,SKU00142,6,5610.72,935.12,0
2025-09-01,ST03,SKU03176,10,20957.0,2095.7,0
2025-09-01,ST05,SKU02258,14,21993.58,1570.97,0
2025-09-01,ST05,SKU03919,16,4027.68,251.73,0
2025-09-01,ST06,SKU00424,9,19863.09,2207.01,1
2025-09-01,ST06,SKU00904,22,31716.52,1441.66,0
2025-09-01,ST06,SKU02421,16,1725.12,107.82,1
2025-09-01,ST06,SKU02705,14,8330.42,595.03,0
2025-09-01,ST07,SKU01938,7,15081.29,2154.47,0
2025-09-01,ST07,SKU02624,4,4243.8,1060.95,1
2025-09-01,ST08,SKU01177,7,16360.19,2337.17,0
2025-09-01,ST08,SKU02875,5,11607.5,2321.5,0
2025-09-01,ST08,SKU04937,14,13905.92,993.28,0
2025-09-01,ST09,SKU01837,15,32829.0,2188.6,0
2025-09-01,ST09,SKU04294,14,9723.42,694.53,1
2025-09-01,ST10,SKU04877,10,16262.9,1626.29,1
2025-09-01,ST11,SKU00476,23,7375.87,320.69,0
2025-09-01,ST11,SKU03133,6,2876.04,479.34,0
2025-09-01,ST12,SKU00695,0,0.0,91.27,0
2025-09-01,ST12,SKU04367,20,31762.6,1588.13,0
2025-09-01,ST13,SKU01491,6,10093.62,1682.27,0
2025-09-01,ST15,SKU01989,17,14109.32,829.96,0
2025-09-01,ST15,SKU04220,14,12579.7,898.55,0
2025-09-01,ST16,SKU00444,3,3944.16,1314.72,0
2025-09-01,ST18,SKU01958,6,13758.12,2293.02,0
2025-09-01,ST20,SKU02021,1,2007.15,2007.15,0
2025-09-01,ST21,SKU00175,0,0.0,154.23,0
2025-09-01,ST21,SKU04491,6,4827.66,804.61,0
2025-09-01,ST22,SKU00347,15,11043.75,736.25,0
2025-09-01,ST24,SKU03950,14,32409.16,2314.94,0
2025-09-01,ST24,SKU04886,12,9099.0,758.25,0
2025-09-01,ST25,SKU02434,13,16425.76,1263.52,0
2025-09-01,ST26,SKU00282,9,5131.8,570.2,1
2025-09-01,ST26,SKU01030,4,1279.08,319.77,0
2025-09-01,ST27,SKU02951,35,39232.9,1120.94,0
2025-09-01,ST27,SKU04117,1,772.54,772.54,0
2025-09-01,ST28,SKU03454,25,47072.0,1882.88,0
2025-09-01,ST29,SKU03924,10,23315.8,2331.58,0
2025-09-01,ST30,SKU03353,8,479.6,59.95,0
2025-09-01,ST30,SKU03607,0,0.0,2348.85,0
2025-09-01,ST30,SKU03831,10,13388.9,1338.89,0
2025-09-02,ST01,SKU00654,3,1809.39,603.13,0
2025-09-02,ST01,SKU02639,12,28504.08,2375.34,1
2025-09-02,ST02,SKU03213,5,10968.15,2193.63,0
2025-09-02,ST04,SKU00254,10,17928.4,1792.84,0
2025-09-02,ST05,SKU01078,9,5043.15,560.35,0
2025-09-02,ST05,SKU01477,7,6604.5,943.5,1
2025-09-02,ST05,SKU03059,24,1635.6,68.15,0
2025-09-02,ST05,SKU04273,7,492.94,70.42,0
2025-09-02,ST06,SKU00886,13,31029.83,2386.91,1
2025-09-02,ST07,SKU02142,13,22786.53,1752.81,0
2025-09-02,ST08,SKU04747,0,0.0,1898.9,0
2025-09-02,ST10,SKU02980,15,34561.35,2304.09,0
2025-09-02,ST12,SKU01003,7,16804.2,2400.6,0
2025-09-02,ST12,SKU02029,14,2299.36,164.24,0
2025-09-02,ST12,SKU04468,24,23763.12,990.13,0
2025-09-02,ST13,SKU02811,17,18710.03,1100.59,0
2025-09-02,ST15,SKU04064,11,15344.67,1394.97,0
2025-09-02,ST17,SKU04514,28,1903.44,67.98,0
2025-09-02,ST18,SKU00654,4,2412.52,603.13,0
2025-09-02,ST20,SKU02637,15,32772.15,2184.81,0
2025-09-02,ST22,SKU01499,11,5188.15,471.65,0
2025-09-02,ST22,SKU04838,5,3542.3,708.46,0
2025-09-02,ST23,SKU00099,12,12077.88,1006.49,0
2025-09-02,ST23,SKU00640,7,6276.55,896.65,0
2025-09-02,ST24,SKU03484,45,98524.35,2189.43,1
2025-09-02,ST24,SKU03486,11,15720.1,1429.1,1
2025-09-02,ST25,SKU01737,27,55403.19,2051.97,0
2025-09-02,ST26,SKU03867,19,6224.78,327.62,1
2025-09-02,ST28,SKU00642,15,31881.75,2125.45,0
2025-09-02,ST28,SKU01855,8,15373.2,1921.65,0
2025-09-02,ST29,SKU02541,12,10841.16,903.43,1
2025-09-02,ST30,SKU02131,24,7274.4,303.1,0
2025-09-03,ST01,SKU01161,12,4742.16,395.18,0
2025-09-03,ST02,SKU03045,14,19050.78,1360.77,0
2025-09-03,ST02,SKU04187,47,67202.95,1429.85,0
2025-09-03,ST02,SKU04849,9,19243.8,2138.2,1
2025-09-03,ST02,SKU04866,27,62285.49,2306.87,1
2025-09-03,ST03,SKU00003,20,9407.0,470.35,0
2025-09-03,ST03,SKU00435,21,27027.42,1287.02,0
2025-09-03,ST03,SKU03419,24,2959.44,123.31,0
2025-09-03,ST04,SKU00734,3,2691.96,897.32,0
2025-09-03,ST04,SKU04777,3,1420.44,473.48,0
2025-09-03,ST05,SKU03644,8,6937.04,867.13,0
2025-09-03,ST06,SKU01908,26,30762.94,1183.19,0
2025-09-03,ST06,SKU03513,45,86026.95,1911.71,0
2025-09-03,ST07,SKU02042,33,58078.02,1759.94,0
2025-09-03,ST09,SKU00328,16,33839.84,2114.99,1
2025-09-03,ST13,SKU04306,9,14299.38,1588.82,1
2025-09-03,ST14,SKU00856,8,14161.68,1770.21,0
2025-09-03,ST14,SKU02599,12,7570.32,630.86,0
2025-09-03,ST14,SKU03638,0,0.0,488.92,0
2025-09-03,ST14,SKU03980,14,1501.08,107.22,0
2025-09-03,ST18,SKU00859,8,17678.72,2209.84,0
2025-09-03,ST19,SKU01556,11,7492.1,681.1,0
2025-09-03,ST19,SKU02018,38,59702.94,1571.13,0
2025-09-03,ST20,SKU04555,6,13410.06,2235.01,0
2025-09-03,ST21,SKU02740,24,10996.8,458.2,0
2025-09-03,ST22,SKU03789,14,32288.34,2306.31,0
2025-09-03,ST23,SKU02186,4,1247.84,311.96,0
2025-09-03,ST26,SKU00284,20,46884.2,2344.21,0
2025-09-03,ST27,SKU00900,6,12654.36,2109.06,0
2025-09-03,ST29,SKU01409,9,17204.94,1911.66,0
2025-09-03,ST29,SKU01508,20,14658.8,732.94,0
2025-09-04,ST02,SKU01511,21,40434.87,1925.47,0
2025-09-04,ST02,SKU02435,7,7684.18,1097.74,1
2025-09-04,ST03,SKU03338,6,5693.82,948.97,0
2025-09-04,ST04,SKU00128,23,45448.23,1976.01,0
2025-09-04,ST05,SKU00480,8,11897.28,1487.16,0
2025-09-04,ST05,SKU01662,0,0.0,1684.86,0
2025-09-04,ST08,SKU01724,23,52714.16,2291.92,0
2025-09-04,ST10,SKU01071,9,7511.58,834.62,1
2025-09-04,ST11,SKU03675,16,6948.0,434.25,0
2025-09-04,ST12,SKU00683,10,7379.3,737.93,0
2025-09-04,ST12,SKU04245,0,0.0,1347.97,0
2025-09-04,ST13,SKU04112,10,2915.5,291.55,0
2025-09-04,ST13,SKU04143,13,28637.44,2202.88,0
2025-09-04,ST14,SKU03356,33,11084.37,335.89,1
2025-09-04,ST15,SKU04305,11,5000.82,454.62,0
2025-09-04,ST19,SKU01292,9,9915.12,1101.68,0
2025-09-04,ST19,SKU04077,21,20271.72,965.32,0
2025-09-04,ST20,SKU03216,7,6886.74,983.82,0
2025-09-04,ST20,SKU03364,4,9898.92,2474.73,0
2025-09-04,ST24,SKU02545,22,43165.54,1962.07,0
2025-09-04,ST27,SKU00717,25,42439.0,1697.56,0
2025-09-04,ST27,SKU00979,10,5598.4,559.84,0
2025-09-04,ST27,SKU04077,15,14479.8,965.32,0
2025-09-04,ST29,SKU04093,19,23576.15,1240.85,1
2025-09-04,ST30,SKU00569,5,11909.15,2381.83,0
2025-09-04,ST30,SKU03188,16,37341.12,2333.82,0
2025-09-04,ST30,SKU04168,8,15740.88,1967.61,0
2025-09-05,ST01,SKU04734,6,9703.44,1617.24,0
2025-09-05,ST02,SKU01339,18,30685.68,1704.76,0
2025-09-05,ST02,SKU03280,22,51832.88,2356.04,0
2025-09-05,ST03,SKU04947,22,49762.9,2261.95,0
2025-09-05,ST06,SKU01869,0,0.0,1705.51,0
2025-09-05,ST06,SKU03034,6,8286.36,1381.06,1
2025-09-05,ST06,SKU03740,18,20569.5,1142.75,0
2025-09-05,ST07,SKU00542,6,12097.86,2016.31,0
2025-09-05,ST09,SKU03918,29,67426.16,2325.04,1
2025-09-05,ST09,SKU04894,14,23780.12,1698.58,0
2025-09-05,ST11,SKU02648,11,1989.35,180.85,0
2025-09-05,ST14,SKU00083,15,31204.2,2080.28,0
2025-09-05,ST15,SKU04663,22,17820.66,810.03,0
2025-09-05,ST16,SKU02571,7,13989.85,1998.55,0
2025-09-05,ST17,SKU01243,17,14882.82,875.46,1
2025-09-05,ST18,SKU02092,14,30506.28,2179.02,0
2025-09-05,ST19,SKU00300,6,12202.38,2033.73,0
2025-09-05,ST20,SKU02639,7,16627.38,2375.34,0
2025-09-05,ST21,SKU03074,6,6757.5,1126.25,1
2025-09-05,ST22,SKU00506,33,10489.05,317.85,0
2025-09-05,ST22,SKU04061,19,47204.36,2484.44,0
2025-09-05,ST23,SKU04211,10,12739.7,1273.97,0
2025-09-05,ST23,SKU04696,28,6377.0,227.75,0
2025-09-05,ST24,SKU00902,20,41281.8,2064.09,1
2025-09-05,ST25,SKU00152,18,27340.02,1518.89,0
2025-09-05,ST25,SKU02281,26,1659.32,63.82,0
2025-09-05,ST27,SKU02587,9,3700.17,411.13,0
2025-09-05,ST28,SKU02692,8,9984.88,1248.11,0
2025-09-05,ST29,SKU03125,9,6171.3,685.7,0
2025-09-05,ST30,SKU01306,2,4803.52,2401.76,0
2025-09-06,ST03,SKU04444,11,7646.43,695.13,1
2025-09-06,ST04,SKU01282,21,38432.31,1830.11,0
2025-09-06,ST05,SKU00587,22,44090.64,2004.12,0
2025-09-06,ST05,SKU02131,18,5455.8,303.1,0
2025-09-06,ST05,SKU02309,12,6429.24,535.77,0
2025-09-06,ST05,SKU02341,23,34020.68,1479.16,0
2025-09-06,ST05,SKU03104,13,4228.77,325.29,1
2025-09-06,ST05,SKU04216,7,17130.4,2447.2,0
2025-09-06,ST07,SKU03516,10,16530.4,1653.04,0
2025-09-06,ST09,SKU01618,8,14052.16,1756.52,0
2025-09-06,ST10,SKU00738,5,7043.8,1408.76,0
2025-09-06,ST10,SKU01151,12,14894.16,1241.18,0
2025-09-06,ST12,SKU00532,4,7799.72,1949.93,1
2025-09-06,ST13,SKU01880,5,7819.95,1563.99,0
2025-09-06,ST14,SKU00699,12,28098.0,2341.5,0
2025-09-06,ST15,SKU02747,7,7255.92,1036.56,0
2025-09-06,ST16,SKU01942,9,21171.15,2352.35,0
2025-09-06,ST19,SKU01840,21,16480.59,784.79,0
2025-09-06,ST20,SKU00776,25,36826.25,1473.05,0
2025-09-06,ST20,SKU02163,2,3531.28,1765.64,0
2025-09-06,ST21,SKU01846,25,11061.25,442.45,0
2025-09-06,ST23,SKU00618,15,33485.55,2232.37,0
2025-09-06,ST24,SKU03276,25,12076.0,483.04,0
2025-09-06,ST25,SKU00698,13,29645.07,2280.39,0
2025-09-06,ST27,SKU01473,0,0.0,1968.71,0
2025-09-06,ST28,SKU02865,5,2633.15,526.63,0
2025-09-06,ST29,SKU03907,1,1341.32,1341.32,0
2025-09-07,ST01,SKU02179,17,13935.92,819.76,0
2025-09-07,ST01,SKU03681,25,32509.25,1300.37,1
2025-09-07,ST03,SKU00952,14,15294.72,1092.48,0
2025-09-07,ST04,SKU02322,17,12178.46,716.38,1
2025-09-07,ST04,SKU04141,11,21742.05,1976.55,0
2025-09-07,ST05,SKU00905,20,9166.4,458.32,0
2025-09-07,ST06,SKU00420,8,11039.6,1379.95,0
2025-09-07,ST08,SKU00074,10,14303.7,1430.37,0
2025-09-07,ST08,SKU02140,3,4043.88,1347.96,0
2025-09-07,ST08,SKU04288,25,3542.0,141.68,0
2025-09-07,ST12,SKU00070,18,8569.26,476.07,1
2025-09-07,ST12,SKU02636,23,55213.11,2400.57,1
2025-09-07,ST12,SKU04275,7,7302.33,1043.19,0
2025-09-07,ST13,SKU04885,7,11455.85,1636.55,0
2025-09-07,ST14,SKU02144,20,41722.2,2086.11,0
2025-09-07,ST15,SKU01348,18,1787.58,99.31,0
2025-09-07,ST17,SKU02237,21,1561.35,74.35,0
2025-09-07,ST17,SKU04476,12,7817.52,651.46,0
2025-09-07,ST18,SKU00949,8,3885.36,485.67,0
2025-09-07,ST18,SKU04812,19,33576.23,1767.17,1
2025-09-07,ST19,SKU01250,12,14133.72,1177.81,0
2025-09-07,ST19,SKU03415,11,19051.45,1731.95,0
2025-09-07,ST21,SKU00296,13,3152.63,242.51,0
2025-09-07,ST21,SKU00360,16,27031.36,1689.46,0
2025-09-07,ST21,SKU00519,19,29952.55,1576.45,0
2025-09-07,ST21,SKU01282,24,43922.64,1830.11,0
2025-09-07,ST21,SKU03514,19,34144.9,1797.1,0
2025-09-07,ST22,SKU02438,0,0.0,184.31,0
2025-09-07,ST23,SKU03037,21,28861.98,1374.38,0
2025-09-07,ST25,SKU03863,29,10457.4,360.6,0
2025-09-07,ST26,SKU00852,10,24210.8,2421.08,0
2025-09-07,ST26,SKU02500,9,2868.3,318.7,0
2025-09-07,ST27,SKU01680,14,12907.44,921.96,0
2025-09-07,ST27,SKU01863,11,13358.29,1214.39,0
2025-09-07,ST28,SKU02297,2,226.58,113.29,0
2025-09-07,ST29,SKU03159,13,24257.22,1865.94,0
2025-09-08,ST05,SKU01217,35,50741.95,1449.77,1
2025-09-08,ST06,SKU00516,7,4291.42,613.06,0
2025-09-08,ST09,SKU03530,6,1543.62,257.27,0
2025-09-08,ST09,SKU04317,9,7284.69,809.41,0
2025-09-08,ST10,SKU04502,27,62930.25,2330.75,0
2025-09-08,ST12,SKU02848,0,0.0,1203.52,0
2025-09-08,ST13,SKU03173,8,1006.88,125.86,0
2025-09-08,ST14,SKU03639,8,1817.76,227.22,0
2025-09-08,ST15,SKU02059,11,4379.98,398.18,0
2025-09-08,ST18,SKU04139,14,33047.56,2360.54,0
2025-09-08,ST21,SKU02541,19,17165.17,903.43,0
2025-09-08,ST22,SKU01441,13,27012.7,2077.9,0
2025-09-08,ST22,SKU02509,17,9678.44,569.32,0
2025-09-08,ST23,SKU03018,13,28988.83,2229.91,0
2025-09-08,ST24,SKU00711,1,1795.9,1795.9,0
2025-09-08,ST26,SKU03611,12,26720.88,2226.74,1
2025-09-08,ST27,SKU01850,9,1624.77,180.53,0
2025-09-08,ST27,SKU03052,10,3404.1,340.41,0
2025-09-08,ST28,SKU01904,12,13505.28,1125.44,1
2025-09-08,ST30,SKU01537,6,1892.52,315.42,0
2025-09-08,ST30,SKU03297,4,2116.96,529.24,0
2025-09-08,ST30,SKU03823,18,25140.96,1396.72,0
2025-09-09,ST01,SKU01185,2,4010.68,2005.34,0
2025-09-09,ST01,SKU02010,15,36509.1,2433.94,0
2025-09-09,ST02,SKU03025,10,4809.8,480.98,0
2025-09-09,ST03,SKU00221,1,1277.76,1277.76,0
2025-09-09,ST03,SKU01299,16,28363.2,1772.7,0
2025-09-09,ST04,SKU00055,8,16444.0,2055.5,0
2025-09-09,ST06,SKU00592,0,0.0,1625.54,0
2025-09-09,ST06,SKU01237,15,35754.0,2383.6,0
2025-09-09,ST06,SKU01641,4,6764.76,1691.19,0
2025-09-09,ST07,SKU04042,5,3760.7,752.14,0
2025-09-09,ST08,SKU00729,15,20566.65,1371.11,0
2025-09-09,ST08,SKU02336,8,12656.88,1582.11,0
2025-09-09,ST11,SKU02535,22,11289.96,513.18,0
2025-09-09,ST12,SKU00399,3,2986.83,995.61,0
2025-09-09,ST12,SKU02940,6,457.86,76.31,0
2025-09-09,ST14,SKU00850,6,12138.96,2023.16,1
2025-09-09,ST14,SKU02514,11,15883.56,1443.96,0
2025-09-09,ST14,SKU03748,5,4378.1,875.62,1
2025-09-09,ST14,SKU03780,18,8745.3,485.85,0
2025-09-09,ST15,SKU01101,19,17989.39,946.81,1
2025-09-09,ST15,SKU03338,9,8540.73,948.97,0
2025-09-09,ST16,SKU01778,2,3096.44,1548.22,0
2025-09-09,ST17,SKU00132,8,11410.56,1426.32,0
2025-09-09,ST18,SKU02190,21,14656.74,697.94,0
2025-09-09,ST18,SKU02960,8,8136.8,1017.1,0
2025-09-09,ST18,SKU04518,10,5281.5,528.15,0
2025-09-09,ST18,SKU04820,8,1584.08,198.01,0
2025-09-09,ST19,SKU00638,7,964.32,137.76,0
2025-09-09,ST19,SKU01330,9,20993.58,2332.62,0
2025-09-09,ST20,SKU00437,4,6232.88,1558.22,0
2025-09-09,ST20,SKU00566,4,3760.56,940.14,0
2025-09-09,ST21,SKU00737,3,3780.69,1260.23,0
2025-09-09,ST22,SKU03936,13,8959.6,689.2,0
2025-09-09,ST23,SKU01108,33,69678.84,2111.48,1
2025-09-09,ST23,SKU01859,18,40060.26,2225.57,0
2025-09-09,ST24,SKU00184,4,586.0,146.5,0
2025-09-09,ST28,SKU02147,7,2425.64,346.52,0
2025-09-09,ST28,SKU02588,5,9018.3,1803.66,0
2025-09-09,ST29,SKU04528,4,2807.84,701.96,0
2025-09-09,ST30,SKU00197,11,16446.21,1495.11,0
2025-09-10,ST03,SKU01765,5,8648.8,1729.76,0
2025-09-10,ST06,SKU00902,44,90819.96,2064.09,1
2025-09-10,ST06,SKU03219,9,17647.47,1960.83,1
2025-09-10,ST07,SKU02259,3,2490.99,830.33,0
2025-09-10,ST09,SKU01178,22,50837.6,2310.8,0
2025-09-10,ST12,SKU02740,26,11913.2,458.2,1
2025-09-10,ST14,SKU00224,28,22893.92,817.64,0
2025-09-10,ST14,SKU04463,64,154819.84,2419.06,1
2025-09-10,ST15,SKU02083,23,22287.46,969.02,0
2025-09-10,ST15,SKU03950,3,6944.82,2314.94,0
2025-09-10,ST16,SKU00233,5,11428.2,2285.64,0
2025-09-10,ST16,SKU01325,10,16074.3,1607.43,0
2025-09-10,ST16,SKU02836,41,51541.92,1257.12,1
2025-09-10,ST17,SKU02444,3,2698.53,899.51,0
2025-09-10,ST18,SKU02363,7,1131.41,161.63,0
2025-09-10,ST20,SKU00711,19,34122.1,1795.9,0
2025-09-10,ST23,SKU04099,5,5333.2,1066.64,0
2025-09-10,ST23,SKU04464,18,11616.3,645.35,0
2025-09-10,ST24,SKU00860,29,30448.55,1049.95,0
2025-09-10,ST24,SKU00908,4,9440.8,2360.2,0
2025-09-10,ST26,SKU02198,12,26673.12,2222.76,0
2025-09-10,ST27,SKU03934,14,4778.62,341.33,0
2025-09-10,ST27,SKU04605,20,46359.0,2317.95,0
2025-09-11,ST01,SKU00509,2,3048.56,1524.28,0
2025-09-11,ST02,SKU02132,4,2816.08,704.02,0
2025-09-11,ST03,SKU00392,5,2885.1,577.02,0
2025-09-11,ST04,SKU00025,9,10730.52,1192.28,0
2025-09-11,ST04,SKU01686,2,2599.04,1299.52,1
2025-09-11,ST05,SKU03386,12,24243.48,2020.29,0
2025-09-11,ST05,SKU04124,23,8935.5,388.5,0
2025-09-11,ST06,SKU01264,10,16786.7,1678.67,0
2025-09-11,ST08,SKU02495,8,15744.4,1968.05,0
2025-09-11,ST10,SKU00751,6,8220.18,1370.03,0
2025-09-11,ST10,SKU03294,27,19073.07,706.41,1
2025-09-11,ST10,SKU03640,3,5325.63,1775.21,0
2025-09-11,ST11,SKU01904,6,6752.64,1125.44,0
2025-09-11,ST11,SKU03073,13,26417.95,2032.15,0
2025-09-11,ST11,SKU04773,17,7575.03,445.59,1
2025-09-11,ST14,SKU04230,27,38973.69,1443.47,0
2025-09-11,ST18,SKU03383,10,7155.3,715.53,0
2025-09-11,ST18,SKU03463,9,11141.28,1237.92,0
2025-09-11,ST18,SKU04369,3,7138.56,2379.52,0
2025-09-11,ST19,SKU01152,27,31467.15,1165.45,0
2025-09-11,ST19,SKU04285,10,12183.2,1218.32,1
2025-09-11,ST21,SKU03045,20,27215.4,1360.77,0
2025-09-11,ST23,SKU04193,9,11010.15,1223.35,0
2025-09-11,ST24,SKU03755,6,4664.1,777.35,0
2025-09-11,ST25,SKU03533,6,1292.34,215.39,0
2025-09-11,ST27,SKU01595,26,12633.92,485.92,1
2025-09-11,ST28,SKU04363,7,15206.38,2172.34,0
2025-09-11,ST30,SKU03182,16,25750.72,1609.42,0
2025-09-12,ST02,SKU03946,15,20552.85,1370.19,0
2025-09-12,ST05,SKU00984,22,40100.5,1822.75,0
2025-09-12,ST05,SKU03454,10,18828.8,1882.88,0
2025-09-12,ST05,SKU03756,9,6180.93,686.77,0
2025-09-12,ST05,SKU03854,22,31099.86,1413.63,0
2025-09-12,ST06,SKU01152,12,13985.4,1165.45,1
2025-09-12,ST07,SKU00156,21,33410.58,1590.98,0
2025-09-12,ST07,SKU01335,21,46940.25,2235.25,0
2025-09-12,ST08,SKU01169,0,0.0,239.78,0
2025-09-12,ST08,SKU03928,12,26273.52,2189.46,0
2025-09-12,ST10,SKU02140,18,24263.28,1347.96,0
2025-09-12,ST11,SKU03119,16,13272.16,829.51,1
2025-09-12,ST11,SKU03928,2,4378.92,2189.46,0
2025-09-12,ST13,SKU00341,12,5464.92,455.41,0
2025-09-12,ST13,SKU01878,8,4626.08,578.26,0
2025-09-12,ST14,SKU04187,2,2859.7,1429.85,0
2025-09-12,ST15,SKU03811,20,5575.6,278.78,1
2025-09-12,ST15,SKU03888,0,0.0,211.39,1
2025-09-12,ST16,SKU02478,18,18626.22,1034.79,0
2025-09-12,ST17,SKU01972,6,14713.62,2452.27,0
2025-09-12,ST22,SKU04982,2,3245.14,1622.57,0
2025-09-12,ST23,SKU00734,11,9870.52,897.32,0
2025-09-12,ST23,SKU02385,4,6921.24,1730.31,1
2025-09-12,ST24,SKU01656,4,6341.16,1585.29,0
2025-09-12,ST24,SKU03911,3,5987.49,1995.83,0
2025-09-12,ST25,SKU03494,10,2747.1,274.71,0
2025-09-12,ST26,SKU04342,13,21271.51,1636.27,1
2025-09-12,ST26,SKU04643,0,0.0,1694.99,0
2025-09-12,ST27,SKU01637,25,26778.25,1071.13,0
2025-09-12,ST29,SKU00053,19,41431.02,2180.58,0
2025-09-12,ST29,SKU01927,16,6809.28,425.58,0
2025-09-12,ST29,SKU02368,4,4811.52,1202.88,0
2025-09-12,ST30,SKU02332,14,1622.04,115.86,0
2025-09-13,ST02,SKU01327,7,1989.54,284.22,0
2025-09-13,ST02,SKU03667,26,36416.12,1400.62,0
2025-09-13,ST04,SKU00556,7,1307.11,186.73,0
2025-09-13,ST05,SKU01704,7,6130.39,875.77,0
2025-09-13,ST07,SKU00392,34,19618.68,577.02,1
2025-09-13,ST09,SKU03387,4,8353.4,2088.35,0
2025-09-13,ST10,SKU01629,4,1750.32,437.58,0
2025-09-13,ST11,SKU01809,30,70301.4,2343.38,1
2025-09-13,ST11,SKU02263,3,4255.86,1418.62,0
2025-09-13,ST12,SKU02303,32,73048.32,2282.76,1
2025-09-13,ST12,SKU04223,7,10290.49,1470.07,0
2025-09-13,ST12,SKU04551,0,0.0,464.68,0
2025-09-13,ST13,SKU00864,12,14683.92,1223.66,0
2025-09-13,ST14,SKU01612,6,5574.24,929.04,0
2025-09-13,ST15,SKU01237,5,11918.0,2383.6,1
2025-09-13,ST15,SKU02038,12,13959.84,1163.32,0
2025-09-13,ST15,SKU04876,7,2795.31,399.33,0
2025-09-13,ST16,SKU02341,25,36979.0,1479.16,0
2025-09-13,ST16,SKU02675,15,22291.5,1486.1,1
2025-09-13,ST18,SKU01216,18,29093.04,1616.28,1
2025-09-13,ST18,SKU04327,9,22419.54,2491.06,0
2025-09-13,ST19,SKU01164,22,33771.54,1535.07,1
2025-09-13,ST19,SKU04291,10,1622.8,162.28,0
2025-09-13,ST20,SKU04101,55,90886.4,1652.48,1
2025-09-13,ST21,SKU01661,4,5207.44,1301.86,0
2025-09-13,ST21,SKU02751,14,9373.0,669.5,0
2025-09-13,ST21,SKU04485,2,3365.14,1682.57,0
2025-09-13,ST25,SKU02146,31,19543.02,630.42,0
2025-09-13,ST25,SKU04824,7,17133.48,2447.64,0
2025-09-13,ST26,SKU04169,3,5447.49,1815.83,0
2025-09-13,ST27,SKU01654,4,4193.28,1048.32,0
2025-09-13,ST30,SKU02790,4,3136.16,784.04,1
2025-09-13,ST30,SKU04502,18,41953.5,2330.75,0
2025-09-14,ST01,SKU04735,9,21495.51,2388.39,0
2025-09-14,ST02,SKU01493,6,4057.26,676.21,0
2025-09-14,ST03,SKU04994,6,8060.94,1343.49,1
2025-09-14,ST04,SKU02789,14,2275.0,162.5,0
2025-09-14,ST06,SKU03145,15,31903.65,2126.91,0
2025-09-14,ST07,SKU02456,4,6675.96,1668.99,0
2025-09-14,ST07,SKU03462,14,27499.78,1964.27,0
2025-09-14,ST08,SKU00403,20,44828.6,2241.43,0
2025-09-14,ST09,SKU03257,20,37182.6,1859.13,0
2025-09-14,ST11,SKU04798,9,12394.44,1377.16,0
2025-09-14,ST12,SKU01914,11,7762.26,705.66,0
2025-09-14,ST13,SKU00291,14,18258.52,1304.18,0
2025-09-14,ST13,SKU01862,13,28447.12,2188.24,1
2025-09-14,ST13,SKU02256,6,5334.9,889.15,0
2025-09-14,ST13,SKU03210,24,13247.04,551.96,0
2025-09-14,ST16,SKU02004,8,16032.48,2004.06,0
2025-09-14,ST17,SKU03825,11,11406.89,1036.99,0
2025-09-14,ST18,SKU01352,12,21518.16,1793.18,0
2025-09-14,ST18,SKU03698,6,8471.76,1411.96,0
2025-09-14,ST19,SKU00802,16,29671.2,1854.45,0
2025-09-14,ST22,SKU00082,3,2486.55,828.85,0
2025-09-14,ST22,SKU00754,14,10179.54,727.11,0
2025-09-14,ST22,SKU02228,9,4535.46,503.94,0
2025-09-14,ST22,SKU03145,17,36157.47,2126.91,0
2025-09-14,ST25,SKU02182,14,19605.32,1400.38,0
2025-09-14,ST25,SKU02905,12,19788.72,1649.06,0
2025-09-14,ST26,SKU03899,7,4666.62,666.66,0
2025-09-14,ST27,SKU04019,12,14257.56,1188.13,0
2025-09-14,ST28,SKU00376,6,5493.78,915.63,0
2025-09-14,ST28,SKU02138,13,28500.94,2192.38,1
2025-09-14,ST29,SKU04736,9,7943.85,882.65,0
2025-09-15,ST04,SKU01762,18,41707.26,2317.07,0
2025-09-15,ST04,SKU04314,27,34794.9,1288.7,1
2025-09-15,ST05,SKU01180,26,31170.88,1198.88,1
2025-09-15,ST05,SKU02274,10,23699.5,2369.95,1
2025-09-15,ST06,SKU03377,20,45194.6,2259.73,0
2025-09-15,ST07,SKU00013,16,35831.2,2239.45,0
2025-09-15,ST10,SKU00930,15,3614.4,240.96,1
2025-09-15,ST10,SKU03790,23,36541.25,1588.75,0
2025-09-15,ST10,SKU04753,10,16236.3,1623.63,0
2025-09-15,ST11,SKU01556,12,8173.2,681.1,1
2025-09-15,ST12,SKU00057,4,1315.08,328.77,0
2025-09-15,ST12,SKU01334,19,6149.92,323.68,0
2025-09-15,ST12,SKU03878,14,12327.56,880.54,0
2025-09-15,ST13,SKU04671,10,5872.6,587.26,0
2025-09-15,ST15,SKU02282,26,58673.42,2256.67,1
2025-09-15,ST16,SKU00225,8,15004.32,1875.54,1
2025-09-15,ST17,SKU03243,5,9857.2,1971.44,0
2025-09-15,ST17,SKU04276,15,20656.65,1377.11,0
2025-09-15,ST18,SKU03851,20,35437.2,1771.86,0
2025-09-15,ST20,SKU04984,5,9784.55,1956.91,0
2025-09-15,ST21,SKU01275,9,21098.43,2344.27,1
2025-09-15,ST22,SKU02803,11,27487.24,2498.84,1
2025-09-15,ST23,SKU01844,11,7415.32,674.12,0
2025-09-15,ST23,SKU02591,5,7073.75,1414.75,0
2025-09-15,ST23,SKU03432,4,8614.56,2153.64,0
2025-09-15,ST23,SKU04103,34,11603.52,341.28,0
2025-09-15,ST23,SKU04372,8,8940.48,1117.56,0
2025-09-15,ST24,SKU04971,22,41932.22,1906.01,0
2025-09-15,ST25,SKU03804,20,40865.8,2043.29,0
2025-09-15,ST26,SKU00509,8,12194.24,1524.28,0
2025-09-15,ST30,SKU00293,4,2046.32,511.58,0
2025-09-15,ST30,SKU02777,4,3332.68,833.17,0
2025-09-15,ST30,SKU02964,13,29815.5,2293.5,1
2025-09-16,ST01,SKU00196,11,4602.84,418.44,0
2025-09-16,ST01,SKU02440,21,33024.81,1572.61,0
2025-09-16,ST02,SKU01244,6,8162.52,1360.42,0
2025-09-16,ST02,SKU01305,19,22762.95,1198.05,1
2025-09-16,ST02,SKU03347,5,4217.85,843.57,0
2025-09-16,ST03,SKU03139,2,2531.88,1265.94,0
2025-09-16,ST05,SKU00916,6,2550.66,425.11,0
2025-09-16,ST05,SKU02090,0,0.0,1811.24,0
2025-09-16,ST07,SKU01539,8,10193.6,1274.2,0
2025-09-16,ST07,SKU01677,6,5858.94,976.49,0
2025-09-16,ST08,SKU04536,23,4197.5,182.5,0
2025-09-16,ST09,SKU03951,9,1243.17,138.13,0
2025-09-16,ST10,SKU01393,6,4362.18,727.03,0
2025-09-16,ST10,SKU04450,4,7340.6,1835.15,0
2025-09-16,ST11,SKU01116,2,4654.88,2327.44,0
2025-09-16,ST11,SKU02159,17,27288.06,1605.18,0
2025-09-16,ST11,SKU02580,11,11432.74,1039.34,0
2025-09-16,ST11,SKU03563,3,4566.75,1522.25,0
2025-09-16,ST12,SKU01052,15,16318.2,1087.88,1
2025-09-16,ST14,SKU03039,2,4641.38,2320.69,0
2025-09-16,ST17,SKU02556,20,1126.4,56.32,0
2025-09-16,ST17,SKU04668,12,4372.44,364.37,1
2025-09-16,ST18,SKU01662,5,8424.3,1684.86,0
2025-09-16,ST19,SKU00537,15,35044.65,2336.31,0
2025-09-16,ST19,SKU02433,18,37786.32,2099.24,0
2025-09-16,ST19,SKU03938,6,5966.94,994.49,1
2025-09-16,ST20,SKU01882,12,16269.12,1355.76,0
2025-09-16,ST20,SKU04547,46,11641.22,253.07,1
2025-09-16,ST21,SKU02665,7,8284.5,1183.5,0
2025-09-16,ST22,SKU00516,4,2452.24,613.06,1
2025-09-16,ST23,SKU00894,14,6851.46,489.39,0
2025-09-16,ST23,SKU03884,13,19100.25,1469.25,0
2025-09-16,ST23,SKU04241,9,17591.67,1954.63,0
2025-09-16,ST24,SKU00076,17,26927.49,1583.97,0
2025-09-16,ST24,SKU00769,14,797.16,56.94,0
2025-09-16,ST25,SKU00552,10,17179.9,1717.99,0
2025-09-16,ST25,SKU02550,13,12201.67,938.59,1
2025-09-16,ST25,SKU03943,3,6240.81,2080.27,0
2025-09-16,ST25,SKU04445,2,1344.4,672.2,0
2025-09-16,ST25,SKU04947,1,2261.95,2261.95,0
2025-09-16,ST27,SKU01800,6,3392.46,565.41,0
2025-09-16,ST27,SKU04461,5,1140.5,228.1,0
2025-09-16,ST28,SKU02445,13,9840.35,756.95,0
2025-09-16,ST28,SKU03055,17,19101.71,1123.63,0
2025-09-16,ST28,SKU03402,26,14564.94,560.19,0
2025-09-16,ST29,SKU04221,12,18317.4,1526.45,0
2025-09-16,ST30,SKU00084,5,2047.5,409.5,0
2025-09-16,ST30,SKU01951,16,34051.52,2128.22,0
2025-09-16,ST30,SKU04842,12,28679.52,2389.96,0
2025-09-17,ST01,SKU01537,14,4415.88,315.42,0
2025-09-17,ST01,SKU03207,10,1257.2,125.72,0
2025-09-17,ST02,SKU01403,4,3134.24,783.56,0
2025-09-17,ST03,SKU02892,8,3825.2,478.15,0
2025-09-17,ST04,SKU03869,4,252.72,63.18,1
2025-09-17,ST07,SKU01675,7,6978.16,996.88,0
2025-09-17,ST07,SKU03490,4,313.24,78.31,1
2025-09-17,ST11,SKU00022,10,20479.9,2047.99,0
2025-09-17,ST12,SKU01735,3,7249.14,2416.38,0
2025-09-17,ST13,SKU04680,9,13006.26,1445.14,0
2025-09-17,ST14,SKU00715,16,33232.64,2077.04,1
2025-09-17,ST14,SKU01412,4,5388.24,1347.06,0
2025-09-17,ST14,SKU01712,20,6422.8,321.14,0
2025-09-17,ST16,SKU00415,17,35378.7,2081.1,0
2025-09-17,ST16,SKU00846,7,17369.8,2481.4,0
2025-09-17,ST16,SKU04078,3,4423.74,1474.58,0
2025-09-17,ST17,SKU03504,19,35951.99,1892.21,0
2025-09-17,ST19,SKU01617,9,17633.07,1959.23,0
2025-09-17,ST20,SKU01176,16,11979.2,748.7,0
2025-09-17,ST20,SKU01769,43,100465.63,2336.41,0
2025-09-17,ST21,SKU00719,25,2335.5,93.42,0
2025-09-17,ST21,SKU03869,6,379.08,63.18,1
2025-09-17,ST22,SKU02383,24,3963.12,165.13,0
2025-09-17,ST22,SKU03047,37,48168.45,1301.85,1
2025-09-17,ST23,SKU02679,46,49813.86,1082.91,1
2025-09-17,ST23,SKU03516,2,3306.08,1653.04,0
2025-09-17,ST24,SKU00052,13,27995.76,2153.52,0
2025-09-17,ST24,SKU02281,21,1340.22,63.82,0
2025-09-17,ST26,SKU01961,16,35521.76,2220.11,1
2025-09-17,ST26,SKU04049,6,2659.62,443.27,0
2025-09-17,ST28,SKU01377,10,9066.1,906.61,0
2025-09-17,ST28,SKU03170,8,18617.36,2327.17,0
2025-09-17,ST29,SKU03098,11,10881.31,989.21,0
2025-09-18,ST01,SKU00827,12,3848.64,320.72,0
2025-09-18,ST03,SKU00616,12,6735.6,561.3,0
2025-09-18,ST03,SKU01552,10,21143.0,2114.3,0
2025-09-18,ST03,SKU03688,3,2207.37,735.79,0
2025-09-18,ST05,SKU04583,18,27351.72,1519.54,0
2025-09-18,ST07,SKU00516,20,12261.2,613.06,0
2025-09-18,ST07,SKU00926,38,37328.92,982.34,0
2025-09-18,ST07,SKU00941,10,17686.7,1768.67,0
2025-09-18,ST07,SKU03247,12,9043.32,753.61,0
2025-09-18,ST08,SKU00096,8,16651.52,2081.44,0
2025-09-18,ST08,SKU00843,8,6852.08,856.51,0
2025-09-18,ST10,SKU02141,32,6576.32,205.51,1
2025-09-18,ST10,SKU03963,14,33984.3,2427.45,1
2025-09-18,ST12,SKU02819,12,6376.56,531.38,1
2025-09-18,ST12,SKU03327,16,13839.68,864.98,0
2025-09-18,ST13,SKU02391,7,837.27,119.61,0
2025-09-18,ST14,SKU02775,14,10998.54,785.61,0
2025-09-18,ST15,SKU02667,5,8390.7,1678.14,0
2025-09-18,ST16,SKU03682,27,61127.73,2263.99,1
2025-09-18,ST18,SKU00220,17,29187.3,1716.9,1
2025-09-18,ST18,SKU04082,11,23206.15,2109.65,0
2025-09-18,ST19,SKU02540,11,8751.71,795.61,0
2025-09-18,ST19,SKU02714,11,13749.34,1249.94,0
2025-09-18,ST20,SKU00101,9,989.55,109.95,0
2025-09-18,ST22,SKU02766,3,2167.59,722.53,0
2025-09-18,ST24,SKU04975,14,11790.1,842.15,0
2025-09-18,ST26,SKU03577,18,15677.1,870.95,0
2025-09-18,ST26,SKU03582,15,16203.15,1080.21,0
2025-09-18,ST27,SKU03098,16,15827.36,989.21,1
2025-09-18,ST29,SKU03414,17,11945.9,702.7,0
2025-09-18,ST30,SKU03110,21,36029.7,1715.7,0
2025-09-19,ST01,SKU02345,32,37275.2,1164.85,0
2025-09-19,ST01,SKU03493,20,35094.0,1754.7,0
2025-09-19,ST01,SKU04955,34,19372.18,569.77,0
2025-09-19,ST02,SKU00589,6,341.58,56.93,0
2025-09-19,ST02,SKU02609,13,17720.69,1363.13,0
2025-09-19,ST04,SKU03872,4,966.12,241.53,0
2025-09-19,ST04,SKU04014,18,28151.82,1563.99,0
2025-09-19,ST05,SKU01519,0,0.0,446.99,0
2025-09-19,ST05,SKU04296,5,5143.2,1028.64,0
2025-09-19,ST05,SKU04385,5,5854.4,1170.88,0
2025-09-19,ST06,SKU02503,5,8167.65,1633.53,0
2025-09-19,ST07,SKU01827,16,26336.8,1646.05,0
2025-09-19,ST08,SKU04480,9,22384.62,2487.18,0
2025-09-19,ST09,SKU02199,5,1096.55,219.31,1
2025-09-19,ST10,SKU01329,10,15372.2,1537.22,0
2025-09-19,ST11,SKU01437,5,4891.2,978.24,0
2025-09-19,ST11,SKU04657,12,3926.52,327.21,0
2025-09-19,ST14,SKU01934,11,21743.7,1976.7,0
2025-09-19,ST14,SKU04258,7,9135.14,1305.02,1
2025-09-19,ST16,SKU00668,4,8250.6,2062.65,1
2025-09-19,ST16,SKU03922,22,11292.82,513.31,0
2025-09-19,ST17,SKU04309,27,55664.01,2061.63,0
2025-09-19,ST18,SKU00511,3,2904.45,968.15,1
2025-09-19,ST19,SKU04419,6,12241.92,2040.32,0
2025-09-19,ST20,SKU02390,8,11473.36,1434.17,0
2025-09-19,ST20,SKU03140,8,19166.0,2395.75,0
2025-09-19,ST21,SKU03479,6,5723.58,953.93,0
2025-09-19,ST22,SKU04920,0,0.0,2086.76,0
2025-09-19,ST23,SKU00203,10,16865.6,1686.56,0
2025-09-19,ST23,SKU03610,16,16852.64,1053.29,0
2025-09-19,ST25,SKU03201,11,3265.13,296.83,0
2025-09-19,ST26,SKU02810,3,3646.53,1215.51,0
2025-09-19,ST26,SKU04953,7,16687.72,2383.96,0
2025-09-19,ST27,SKU00708,4,9772.56,2443.14,0
2025-09-19,ST28,SKU00866,3,3053.82,1017.94,0
2025-09-19,ST29,SKU01749,10,13136.3,1313.63,1
2025-09-19,ST29,SKU02257,9,15362.01,1706.89,0
2025-09-19,ST29,SKU02870,13,11456.12,881.24,0
2025-09-20,ST01,SKU01822,22,1400.96,63.68,0
2025-09-20,ST02,SKU01004,6,11890.32,1981.72,0
2025-09-20,ST04,SKU03931,26,49222.94,1893.19,0
2025-09-20,ST07,SKU03756,8,5494.16,686.77,0
2025-09-20,ST08,SKU00843,4,3426.04,856.51,0
2025-09-20,ST08,SKU01791,30,44886.3,1496.21,0
2025-09-20,ST08,SKU01930,5,4416.75,883.35,1
2025-09-20,ST09,SKU03354,26,2588.04,99.54,1
2025-09-20,ST09,SKU03749,4,8496.2,2124.05,0
2025-09-20,ST09,SKU04978,6,2912.64,485.44,0
2025-09-20,ST10,SKU01391,4,9820.92,2455.23,0
2025-09-20,ST10,SKU01640,22,27812.18,1264.19,0
2025-09-20,ST10,SKU02763,4,3431.52,857.88,0
2025-09-20,ST11,SKU00001,2,4052.86,2026.43,0
2025-09-20,ST11,SKU00162,37,47842.11,1293.03,0
2025-09-20,ST12,SKU02968,6,12196.14,2032.69,0
2025-09-20,ST12,SKU04189,27,36211.86,1341.18,0
2025-09-20,ST13,SKU02119,11,7827.27,711.57,0
2025-09-20,ST15,SKU04610,54,67534.02,1250.63,1
2025-09-20,ST16,SKU03836,33,5933.4,179.8,1
2025-09-20,ST19,SKU03585,25,3810.5,152.42,0
2025-09-20,ST19,SKU03766,11,18932.43,1721.13,0
2025-09-20,ST20,SKU00304,8,8215.76,1026.97,0
2025-09-20,ST20,SKU00918,1,54.53,54.53,0
2025-09-20,ST20,SKU00976,19,4484.76,236.04,0
2025-09-20,ST20,SKU02430,7,3424.26,489.18,0
2025-09-20,ST21,SKU01712,8,2569.12,321.14,0
2025-09-20,ST21,SKU04475,4,5109.96,1277.49,0
2025-09-20,ST22,SKU00277,10,24423.9,2442.39,0
2025-09-20,ST23,SKU00905,14,6416.48,458.32,0
2025-09-20,ST27,SKU02432,35,25813.2,737.52,1
2025-09-20,ST27,SKU03865,7,12066.88,1723.84,0
2025-09-20,ST28,SKU01640,0,0.0,1264.19,0
2025-09-20,ST29,SKU01856,17,1845.69,108.57,0
2025-09-20,ST29,SKU02772,1,2013.25,2013.25,0
2025-09-20,ST30,SKU03220,4,1592.92,398.23,0
2025-09-21,ST01,SKU04980,16,27700.16,1731.26,0
2025-09-21,ST02,SKU00459,16,22792.8,1424.55,0
2025-09-21,ST04,SKU00122,18,22562.46,1253.47,0
2025-09-21,ST04,SKU02128,11,25780.26,2343.66,0
2025-09-21,ST04,SKU04279,10,11759.3,1175.93,0
2025-09-21,ST04,SKU04900,12,28556.28,2379.69,0
2025-09-21,ST05,SKU01200,8,6440.8,805.1,0
2025-09-21,ST05,SKU04203,22,43509.84,1977.72,0
2025-09-21,ST07,SKU00777,3,3053.19,1017.73,0
2025-09-21,ST07,SKU04444,21,14597.73,695.13,1
2025-09-21,ST08,SKU01580,2,165.52,82.76,0
2025-09-21,ST12,SKU03191,36,36388.08,1010.78,0
2025-09-21,ST12,SKU04167,36,46591.2,1294.2,1
2025-09-21,ST13,SKU04999,17,42325.41,2489.73,0
2025-09-21,ST14,SKU01074,14,3242.12,231.58,0
2025-09-21,ST14,SKU02720,8,14128.08,1766.01,0
2025-09-21,ST15,SKU03632,3,6625.89,2208.63,0
2025-09-21,ST16,SKU01945,10,9862.5,986.25,0
2025-09-21,ST18,SKU01174,0,0.0,1732.04,0
2025-09-21,ST18,SKU04746,15,10900.05,726.67,0
2025-09-21,ST19,SKU01367,6,4378.68,729.78,1
2025-09-21,ST19,SKU02020,5,808.45,161.69,0
2025-09-21,ST22,SKU03476,5,9065.15,1813.03,0
2025-09-21,ST22,SKU03894,4,7430.84,1857.71,0
2025-09-21,ST23,SKU02828,12,20724.12,1727.01,1
2025-09-21,ST23,SKU03070,13,12136.15,933.55,1
2025-09-21,ST24,SKU00049,9,19115.19,2123.91,0
2025-09-21,ST27,SKU01843,6,2715.72,452.62,0
2025-09-21,ST30,SKU01119,16,38122.4,2382.65,0
2025-09-21,ST30,SKU04114,0,0.0,1710.35,1
2025-09-22,ST01,SKU01908,23,27213.37,1183.19,1
2025-09-22,ST03,SKU00474,42,34956.6,832.3,0
2025-09-22,ST04,SKU00956,15,11094.45,739.63,0
2025-09-22,ST04,SKU01164,6,9210.42,1535.07,0
2025-09-22,ST04,SKU01215,21,23556.96,1121.76,0
2025-09-22,ST05,SKU03595,13,10733.32,825.64,0
2025-09-22,ST05,SKU04773,17,7575.03,445.59,1
2025-09-22,ST09,SKU01438,11,8488.48,771.68,0
2025-09-22,ST09,SKU03342,3,5542.14,1847.38,0
2025-09-22,ST13,SKU01662,15,25272.9,1684.86,1
2025-09-22,ST15,SKU02459,10,6627.6,662.76,0
2025-09-22,ST17,SKU04790,11,25775.53,2343.23,0
2025-09-22,ST20,SKU01717,5,4816.2,963.24,0
2025-09-22,ST23,SKU00292,17,38350.81,2255.93,1
2025-09-22,ST23,SKU03290,4,9087.0,2271.75,0
2025-09-22,ST23,SKU04719,0,0.0,2016.19,1
2025-09-22,ST24,SKU02018,12,18853.56,1571.13,0
2025-09-22,ST25,SKU03050,0,0.0,2476.08,1
2025-09-22,ST26,SKU00134,17,3189.37,187.61,0
2025-09-22,ST26,SKU00881,15,31038.75,2069.25,0
2025-09-22,ST29,SKU02773,20,14213.8,710.69,0
2025-09-23,ST02,SKU02463,15,20790.75,1386.05,0
2025-09-23,ST05,SKU01577,11,1627.56,147.96,1
2025-09-23,ST13,SKU00084,4,1638.0,409.5,0
2025-09-23,ST14,SKU03396,25,56584.5,2263.38,1
2025-09-23,ST15,SKU02594,10,1744.7,174.47,0
2025-09-23,ST16,SKU04063,29,51132.51,1763.19,1
2025-09-23,ST17,SKU01952,3,4797.9,1599.3,0
2025-09-23,ST17,SKU02807,18,35408.52,1967.14,1
2025-09-23,ST18,SKU00628,25,40230.5,1609.22,1
2025-09-23,ST18,SKU03459,1,995.15,995.15,0
2025-09-23,ST18,SKU03938,11,10939.39,994.49,0
2025-09-23,ST19,SKU00687,9,21912.84,2434.76,0
2025-09-23,ST19,SKU02488,23,42592.78,1851.86,1
2025-09-23,ST20,SKU01918,4,1813.64,453.41,0
2025-09-23,ST20,SKU03749,3,6372.15,2124.05,0
2025-09-23,ST21,SKU02411,32,20767.68,648.99,0
2025-09-23,ST21,SKU04513,12,7973.28,664.44,0
2025-09-23,ST22,SKU01328,33,22566.72,683.84,0
2025-09-23,ST23,SKU04046,10,8550.8,855.08,0
2025-09-23,ST23,SKU04980,3,5193.78,1731.26,1
2025-09-23,ST24,SKU03802,24,25968.48,1082.02,0
2025-09-23,ST25,SKU03818,9,6510.69,723.41,0
2025-09-23,ST25,SKU04961,17,40658.9,2391.7,0
2025-09-23,ST27,SKU01302,10,21939.8,2193.98,1
2025-09-23,ST27,SKU02300,0,0.0,1324.81,0
2025-09-23,ST27,SKU02488,20,37037.2,1851.86,0
2025-09-23,ST27,SKU03232,11,17805.81,1618.71,0
2025-09-23,ST29,SKU03607,3,7046.55,2348.85,0
2025-09-23,ST29,SKU03900,18,13690.98,760.61,1
2025-09-23,ST30,SKU01629,14,6126.12,437.58,0
2025-09-24,ST02,SKU04360,9,13903.02,1544.78,1
2025-09-24,ST03,SKU03601,6,10072.2,1678.7,0
2025-09-24,ST05,SKU03071,7,6997.9,999.7,0
2025-09-24,ST05,SKU04527,14,23862.02,1704.43,0
2025-09-24,ST05,SKU04934,9,10065.06,1118.34,0
2025-09-24,ST06,SKU01050,0,0.0,2453.84,0
2025-09-24,ST07,SKU02563,11,10561.43,960.13,0
2025-09-24,ST09,SKU03073,4,8128.6,2032.15,0
2025-09-24,ST10,SKU00392,5,2885.1,577.02,0
2025-09-24,ST10,SKU04826,14,13557.6,968.4,0
2025-09-24,ST11,SKU01230,25,12478.5,499.14,0
2025-09-24,ST12,SKU00391,19,26761.69,1408.51,1
2025-09-24,ST12,SKU02179,10,8197.6,819.76,0
2025-09-24,ST13,SKU01148,0,0.0,612.65,0
2025-09-24,ST14,SKU02022,9,3194.46,354.94,0
2025-09-24,ST14,SKU02994,20,32256.0,1612.8,0
2025-09-24,ST15,SKU03239,8,1291.04,161.38,0
2025-09-24,ST16,SKU02606,17,30030.84,1766.52,0
2025-09-24,ST16,SKU03262,11,12648.35,1149.85,0
2025-09-24,ST17,SKU00675,10,878.4,87.84,1
2025-09-24,ST20,SKU00646,9,13778.82,1530.98,0
2025-09-24,ST20,SKU01743,0,0.0,1477.28,0
2025-09-24,ST21,SKU03006,23,6858.37,298.19,0
2025-09-24,ST21,SKU04313,16,6823.36,426.46,0
2025-09-24,ST21,SKU04634,19,33874.91,1782.89,0
2025-09-24,ST22,SKU00258,16,12787.2,799.2,0
2025-09-24,ST22,SKU03065,1,1312.72,1312.72,0
2025-09-24,ST22,SKU03357,0,0.0,342.99,1
2025-09-24,ST23,SKU03844,16,34651.68,2165.73,0
2025-09-24,ST24,SKU02884,7,14126.7,2018.1,0
2025-09-24,ST25,SKU00427,22,43655.26,1984.33,0
2025-09-24,ST25,SKU00872,22,53150.46,2415.93,0
2025-09-24,ST25,SKU02763,11,9436.68,857.88,0
2025-09-25,ST01,SKU03991,14,28491.96,2035.14,0
2025-09-25,ST01,SKU04742,18,10965.6,609.2,0
2025-09-25,ST02,SKU01023,9,22377.42,2486.38,0
2025-09-25,ST02,SKU03808,8,15226.96,1903.37,0
2025-09-25,ST03,SKU03177,4,8506.6,2126.65,0
2025-09-25,ST03,SKU03360,17,2714.73,159.69,0
2025-09-25,ST03,SKU03587,33,2056.89,62.33,1
2025-09-25,ST04,SKU01028,7,16087.47,2298.21,0
2025-09-25,ST04,SKU02641,21,46724.58,2224.98,0
2025-09-25,ST04,SKU03806,18,37993.14,2110.73,0
2025-09-25,ST05,SKU00057,16,5260.32,328.77,0
2025-09-25,ST07,SKU01326,12,4870.68,405.89,0
2025-09-25,ST07,SKU01675,9,8971.92,996.88,0
2025-09-25,ST11,SKU03360,7,1117.83,159.69,0
2025-09-25,ST11,SKU03755,6,4664.1,777.35,0
2025-09-25,ST11,SKU04976,8,14316.64,1789.58,0
2025-09-25,ST13,SKU01651,14,17533.18,1252.37,0
2025-09-25,ST13,SKU02332,16,1853.76,115.86,1
2025-09-25,ST13,SKU03051,10,974.1,97.41,1
2025-09-25,ST14,SKU01826,28,53711.56,1918.27,0
2025-09-25,ST16,SKU03070,22,20538.1,933.55,0
2025-09-25,ST17,SKU00288,3,5469.96,1823.32,0
2025-09-25,ST17,SKU02450,7,16613.59,2373.37,0
2025-09-25,ST17,SKU02466,7,13749.19,1964.17,0
2025-09-25,ST18,SKU03218,11,18656.22,1696.02,0
2025-09-25,ST18,SKU04969,7,14730.38,2104.34,0
2025-09-25,ST19,SKU04008,18,5004.72,278.04,0
2025-09-25,ST20,SKU04096,3,377.94,125.98,0
2025-09-25,ST20,SKU04853,17,9178.3,539.9,0
2025-09-25,ST22,SKU02408,20,37067.6,1853.38,0
2025-09-25,ST23,SKU00793,4,6930.8,1732.7,1
2025-09-25,ST23,SKU03467,10,10725.5,1072.55,0
2025-09-25,ST24,SKU01655,7,3918.39,559.77,0
2025-09-25,ST24,SKU02101,13,32123.13,2471.01,0
2025-09-25,ST24,SKU04802,3,657.36,219.12,0
2025-09-25,ST25,SKU03123,9,11697.3,1299.7,0
2025-09-25,ST26,SKU00222,14,19291.58,1377.97,1
2025-09-25,ST26,SKU02477,13,19971.12,1536.24,0
2025-09-25,ST28,SKU00113,11,14842.41,1349.31,1
2025-09-25,ST29,SKU04847,20,36192.0,1809.6,1
2025-09-26,ST01,SKU01348,3,297.93,99.31,0
2025-09-26,ST02,SKU00115,5,11567.85,2313.57,0
2025-09-26,ST02,SKU01624,4,2769.16,692.29,0
2025-09-26,ST02,SKU01749,4,5254.52,1313.63,0
2025-09-26,ST02,SKU02752,8,8423.2,1052.9,0
2025-09-26,ST02,SKU02879,3,2537.07,845.69,1
2025-09-26,ST07,SKU04493,8,10134.56,1266.82,0
2025-09-26,ST09,SKU02991,7,5214.37,744.91,0
2025-09-26,ST12,SKU04284,9,15648.3,1738.7,0
2025-09-26,ST13,SKU00089,20,32229.4,1611.47,0
2025-09-26,ST13,SKU00207,13,24540.49,1887.73,0
2025-09-26,ST13,SKU03110,30,51471.0,1715.7,1
2025-09-26,ST15,SKU00263,18,1733.58,96.31,0
2025-09-26,ST16,SKU00128,0,0.0,1976.01,0
2025-09-26,ST16,SKU02865,8,4213.04,526.63,0
2025-09-26,ST17,SKU00477,21,16541.7,787.7,0
2025-09-26,ST18,SKU02516,9,8706.69,967.41,0
2025-09-26,ST18,SKU04726,13,1421.68,109.36,0
2025-09-26,ST19,SKU01379,1,856.82,856.82,1
2025-09-26,ST19,SKU03781,3,557.67,185.89,0
2025-09-26,ST19,SKU04190,9,9328.95,1036.55,0
2025-09-26,ST19,SKU04349,3,426.9,142.3,0
2025-09-26,ST20,SKU00293,8,4092.64,511.58,0
2025-09-26,ST20,SKU00433,10,9847.9,984.79,0
2025-09-26,ST22,SKU04911,4,8224.88,2056.22,0
2025-09-26,ST23,SKU00989,5,12104.3,2420.86,0
2025-09-26,ST23,SKU02278,17,3240.54,190.62,0
2025-09-26,ST25,SKU01632,30,42599.4,1419.98,0
2025-09-26,ST28,SKU01011,18,10930.68,607.26,0
2025-09-26,ST28,SKU01170,24,25149.36,1047.89,0
2025-09-26,ST29,SKU00012,35,39093.95,1116.97,0
2025-09-26,ST29,SKU03505,30,24748.5,824.95,1
2025-09-27,ST02,SKU00760,0,0.0,995.24,0
2025-09-27,ST04,SKU03083,0,0.0,445.76,0
2025-09-27,ST04,SKU04700,13,20930.65,1610.05,0
2025-09-27,ST06,SKU04485,0,0.0,1682.57,1
2025-09-27,ST09,SKU04600,11,27390.88,2490.08,0
2025-09-27,ST11,SKU03205,7,16127.23,2303.89,1
2025-09-27,ST13,SKU00923,27,58422.6,2163.8,0
2025-09-27,ST13,SKU04980,3,5193.78,1731.26,0
2025-09-27,ST14,SKU02687,9,6612.21,734.69,0
2025-09-27,ST15,SKU01086,3,4906.47,1635.49,0
2025-09-27,ST15,SKU02649,2,3632.14,1816.07,0
2025-09-27,ST16,SKU03890,14,27811.7,1986.55,0
2025-09-27,ST17,SKU02776,15,3227.1,215.14,0
2025-09-27,ST18,SKU00487,22,49414.2,2246.1,0
2025-09-27,ST18,SKU01807,0,0.0,935.71,0
2025-09-27,ST19,SKU02481,14,21509.88,1536.42,0
2025-09-27,ST22,SKU00386,21,32712.54,1557.74,0
2025-09-27,ST23,SKU00633,33,76165.65,2308.05,1
2025-09-27,ST23,SKU00726,6,13909.14,2318.19,0
2025-09-27,ST24,SKU00960,17,26787.92,1575.76,0
2025-09-27,ST24,SKU03439,13,7447.31,572.87,1
2025-09-27,ST25,SKU03327,11,9514.78,864.98,0
2025-09-27,ST25,SKU04540,5,9276.05,1855.21,0
2025-09-27,ST28,SKU02530,22,11117.92,505.36,0
2025-09-27,ST28,SKU03344,6,9938.76,1656.46,0
2025-09-27,ST28,SKU04465,12,29017.8,2418.15,0
2025-09-27,ST29,SKU01477,49,46231.5,943.5,0
2025-09-27,ST29,SKU02346,12,4881.84,406.82,0
2025-09-27,ST30,SKU00483,10,20734.8,2073.48,0
2025-09-28,ST01,SKU00825,22,48427.94,2201.27,0
2025-09-28,ST01,SKU02500,29,9242.3,318.7,0
2025-09-28,ST02,SKU01996,8,4341.68,542.71,1
2025-09-28,ST04,SKU00649,13,24779.43,1906.11,0
2025-09-28,ST06,SKU03015,6,6173.88,1028.98,0
2025-09-28,ST10,SKU01058,31,40083.31,1293.01,0
2025-09-28,ST11,SKU00561,5,11504.55,2300.91,0
2025-09-28,ST12,SKU01064,32,14519.04,453.72,0
2025-09-28,ST12,SKU02313,19,42401.16,2231.64,0
2025-09-28,ST13,SKU03696,32,30416.64,950.52,0
2025-09-28,ST14,SKU01632,8,11359.84,1419.98,0
2025-09-28,ST14,SKU04347,23,46833.06,2036.22,0
2025-09-28,ST15,SKU03588,6,5108.22,851.37,0
2025-09-28,ST17,SKU02751,0,0.0,669.5,0
2025-09-28,ST17,SKU04773,20,8911.8,445.59,0
2025-09-28,ST18,SKU01763,28,69452.04,2480.43,1
2025-09-28,ST19,SKU00873,21,34706.28,1652.68,1
2025-09-28,ST19,SKU01667,23,30921.43,1344.41,0
2025-09-28,ST21,SKU00592,38,61770.52,1625.54,0
2025-09-28,ST21,SKU01304,1,1323.69,1323.69,0
2025-09-28,ST21,SKU04769,1,225.83,225.83,1
2025-09-28,ST24,SKU00560,6,9300.6,1550.1,0
2025-09-28,ST27,SKU04493,12,15201.84,1266.82,0
2025-09-28,ST28,SKU03911,9,17962.47,1995.83,0
2025-09-28,ST28,SKU04160,19,14104.65,742.35,0
2025-09-28,ST29,SKU00274,6,3004.62,500.77,0
2025-09-28,ST29,SKU00767,10,18137.3,1813.73,0
2025-09-28,ST29,SKU01600,32,11646.08,363.94,0
2025-09-28,ST30,SKU04918,2,461.08,230.54,0
2025-09-29,ST01,SKU00246,18,26546.58,1474.81,0
2025-09-29,ST01,SKU02534,29,52208.12,1800.28,0
2025-09-29,ST02,SKU03174,14,2026.78,144.77,0
2025-09-29,ST04,SKU01972,31,76020.37,2452.27,1
2025-09-29,ST05,SKU00483,12,24881.76,2073.48,0
2025-09-29,ST06,SKU01383,9,8199.72,911.08,0
2025-09-29,ST10,SKU00727,7,17374.28,2482.04,0
2025-09-29,ST14,SKU01726,16,35152.96,2197.06,0
2025-09-29,ST15,SKU04931,17,6429.74,378.22,0
2025-09-29,ST16,SKU04366,18,39632.4,2201.8,0
2025-09-29,ST17,SKU00181,10,15209.4,1520.94,0
2025-09-29,ST17,SKU03632,12,26503.56,2208.63,1
2025-09-29,ST18,SKU03681,3,3901.11,1300.37,0
2025-09-29,ST19,SKU00195,15,4206.3,280.42,0
2025-09-29,ST19,SKU02949,6,11368.2,1894.7,1
2025-09-29,ST20,SKU00497,5,2165.05,433.01,0
2025-09-29,ST20,SKU00647,10,4649.1,464.91,0
2025-09-29,ST23,SKU00300,14,28472.22,2033.73,0
2025-09-29,ST23,SKU00623,9,12551.4,1394.6,0
2025-09-29,ST23,SKU00669,32,6530.56,204.08,0
2025-09-29,ST23,SKU04257,8,4858.56,607.32,0
2025-09-29,ST25,SKU00732,3,6304.68,2101.56,0
2025-09-29,ST25,SKU01830,20,7414.2,370.71,0
2025-09-29,ST26,SKU04076,20,4570.0,228.5,0
2025-09-29,ST27,SKU04826,47,45514.8,968.4,1
2025-09-29,ST30,SKU02599,1,630.86,630.86,1
2025-09-30,ST01,SKU01501,9,16528.95,1836.55,0
2025-09-30,ST04,SKU02785,10,4994.1,499.41,0
2025-09-30,ST06,SKU02770,13,21402.55,1646.35,0
2025-09-30,ST07,SKU03744,34,35770.04,1052.06,0
2025-09-30,ST08,SKU01091,11,1424.17,129.47,0
2025-09-30,ST08,SKU04705,5,10247.05,2049.41,1
2025-09-30,ST10,SKU03634,20,40007.2,2000.36,0
2025-09-30,ST12,SKU02084,16,19933.92,1245.87,0
2025-09-30,ST12,SKU04606,9,5201.82,577.98,1
2025-09-30,ST15,SKU01701,14,23148.58,1653.47,0
2025-09-30,ST15,SKU03138,18,28875.24,1604.18,0
2025-09-30,ST17,SKU01123,6,11957.22,1992.87,0
2025-09-30,ST18,SKU00719,14,1307.88,93.42,1
2025-09-30,ST18,SKU04611,18,15807.78,878.21,0
2025-09-30,ST22,SKU04287,22,8461.86,384.63,0
2025-09-30,ST22,SKU04829,9,21123.0,2347.0,0
2025-09-30,ST24,SKU03032,0,0.0,1091.69,0
2025-09-30,ST26,SKU02949,26,49262.2,1894.7,0
2025-09-30,ST26,SKU03299,7,2564.94,366.42,0
2025-09-30,ST27,SKU04250,21,30226.98,1439.38,0
2025-09-30,ST28,SKU03135,11,27234.68,2475.88,0
2025-09-30,ST28,SKU04342,13,21271.51,1636.27,0
2025-09-30,ST30,SKU00521,20,7231.6,361.58,1
2025-09-30,ST30,SKU04761,22,47360.06,2152.73,1
2025-10-01,ST01,SKU00228,7,11583.46,1654.78,0
2025-10-01,ST01,SKU01387,16,20020.0,1251.25,0
2025-10-01,ST03,SKU02719,5,727.6,145.52,0
2025-10-01,ST04,SKU00065,25,50995.75,2039.83,0
2025-10-01,ST05,SKU00098,16,25603.52,1600.22,0
2025-10-01,ST05,SKU03532,22,18810.0,855.0,0
2025-10-01,ST06,SKU03253,22,17502.32,795.56,0
2025-10-01,ST08,SKU01937,9,2316.06,257.34,0
2025-10-01,ST11,SKU02258,19,29848.43,1570.97,0
2025-10-01,ST12,SKU02493,11,7604.96,691.36,0
2025-10-01,ST12,SKU02679,28,30321.48,1082.91,0
2025-10-01,ST13,SKU04190,19,19694.45,1036.55,0
2025-10-01,ST14,SKU03123,0,0.0,1299.7,0
2025-10-01,ST15,SKU01086,13,21261.37,1635.49,0
2025-10-01,ST20,SKU03427,6,7790.88,1298.48,0
2025-10-01,ST21,SKU03609,6,10384.5,1730.75,0
2025-10-01,ST24,SKU00932,38,31172.54,820.33,0
2025-10-01,ST25,SKU02573,11,14824.37,1347.67,1
2025-10-01,ST25,SKU03934,13,4437.29,341.33,0
2025-10-01,ST26,SKU01964,14,13920.62,994.33,1
2025-10-01,ST26,SKU03270,18,7238.88,402.16,0
2025-10-01,ST27,SKU01566,4,9036.88,2259.22,1
2025-10-01,ST29,SKU04959,6,2911.5,485.25,0
2025-10-01,ST30,SKU00178,37,43476.85,1175.05,0
2025-10-02,ST01,SKU02763,5,4289.4,857.88,0
2025-10-02,ST03,SKU02292,3,225.99,75.33,0
2025-10-02,ST03,SKU03383,26,18603.78,715.53,0
2025-10-02,ST03,SKU04903,14,34698.72,2478.48,0
2025-10-02,ST04,SKU01479,7,14479.92,2068.56,0
2025-10-02,ST05,SKU00804,12,24866.28,2072.19,0
2025-10-02,ST06,SKU01489,4,649.88,162.47,0
2025-10-02,ST07,SKU01685,8,5698.08,712.26,0
2025-10-02,ST07,SKU02620,23,47070.65,2046.55,0
2025-10-02,ST08,SKU02148,8,17523.04,2190.38,0
2025-10-02,ST08,SKU03343,9,6387.39,709.71,1
2025-10-02,ST09,SKU04659,10,22238.5,2223.85,0
2025-10-02,ST10,SKU03891,2,661.8,330.9,0
2025-10-02,ST12,SKU00817,2,3666.22,1833.11,0
2025-10-02,ST12,SKU03037,23,31610.74,1374.38,0
2025-10-02,ST14,SKU02948,9,21732.84,2414.76,0
2025-10-02,ST14,SKU03324,6,6268.2,1044.7,0
2025-10-02,ST15,SKU01495,10,19943.0,1994.3,0
2025-10-02,ST18,SKU04388,13,10313.29,793.33,1
2025-10-02,ST19,SKU01438,3,2315.04,771.68,0
2025-10-02,ST20,SKU02410,31,1990.2,64.2,0
2025-10-02,ST22,SKU01852,20,39970.0,1998.5,0
2025-10-02,ST23,SKU02417,8,11059.52,1382.44,0
2025-10-02,ST23,SKU04928,16,39823.84,2488.99,0
2025-10-02,ST24,SKU00392,4,2308.08,577.02,0
2025-10-02,ST24,SKU03426,3,3967.59,1322.53,0
2025-10-02,ST25,SKU00258,16,12787.2,799.2,1
2025-10-02,ST28,SKU02160,8,8777.04,1097.13,0
2025-10-02,ST29,SKU02458,7,14218.33,2031.19,0
2025-10-02,ST30,SKU02121,27,66659.49,2468.87,0
2025-10-03,ST01,SKU03909,1,892.48,892.48,0
2025-10-03,ST03,SKU00709,19,20220.94,1064.26,0
2025-10-03,ST04,SKU03697,5,5375.05,1075.01,0
2025-10-03,ST05,SKU03002,5,10850.55,2170.11,0
2025-10-03,ST08,SKU02099,9,14794.83,1643.87,1
2025-10-03,ST09,SKU00945,11,8147.37,740.67,0
2025-10-03,ST10,SKU01209,21,26905.83,1281.23,0
2025-10-03,ST10,SKU02110,11,2315.83,210.53,0
2025-10-03,ST10,SKU02679,21,22741.11,1082.91,0
2025-10-03,ST11,SKU03453,4,9315.8,2328.95,0
2025-10-03,ST12,SKU03790,0,0.0,1588.75,0
2025-10-03,ST14,SKU01938,8,17235.76,2154.47,0
2025-10-03,ST15,SKU03782,8,6207.68,775.96,0
2025-10-03,ST16,SKU02613,7,11779.67,1682.81,0
2025-10-03,ST16,SKU03962,15,18540.6,1236.04,1
2025-10-03,ST20,SKU04599,19,46749.69,2460.51,0
2025-10-03,ST22,SKU03845,1,2250.05,2250.05,0
2025-10-03,ST22,SKU04463,18,43543.08,2419.06,0
2025-10-03,ST23,SKU04123,2,4197.82,2098.91,0
2025-10-03,ST24,SKU04917,6,14096.52,2349.42,0
2025-10-03,ST28,SKU02444,16,14392.16,899.51,0
2025-10-03,ST29,SKU01210,1,560.54,560.54,1
2025-10-03,ST30,SKU04556,1,2020.38,2020.38,0
2025-10-04,ST01,SKU04646,14,15422.82,1101.63,0
2025-10-04,ST02,SKU01285,8,10442.88,1305.36,0
2025-10-04,ST03,SKU03576,38,86645.32,2280.14,0
2025-10-04,ST03,SKU04788,15,5706.0,380.4,0
2025-10-04,ST06,SKU03925,18,27525.24,1529.18,0
2025-10-04,ST07,SKU00566,3,2820.42,940.14,0
2025-10-04,ST09,SKU02350,5,6798.2,1359.64,0
2025-10-04,ST09,SKU04683,12,2572.44,214.37,0
2025-10-04,ST09,SKU04748,11,1405.03,127.73,1
2025-10-04,ST11,SKU03597,1,944.54,944.54,0
2025-10-04,ST12,SKU00940,11,7313.46,664.86,0
2025-10-04,ST13,SKU02843,14,13185.48,941.82,0
2025-10-04,ST13,SKU03895,4,9010.68,2252.67,0
2025-10-04,ST14,SKU01641,6,10147.14,1691.19,1
2025-10-04,ST14,SKU02160,16,17554.08,1097.13,0
2025-10-04,ST17,SKU01697,27,63247.5,2342.5,0
2025-10-04,ST17,SKU02448,5,4269.15,853.83,0
2025-10-04,ST18,SKU03459,6,5970.9,995.15,1
2025-10-04,ST18,SKU03732,3,6938.52,2312.84,0
2025-10-04,ST18,SKU04680,14,20231.96,1445.14,0
2025-10-04,ST19,SKU00600,7,12065.62,1723.66,0
2025-10-04,ST19,SKU02768,7,15922.97,2274.71,0
2025-10-04,ST21,SKU01308,24,42640.56,1776.69,0
2025-10-04,ST22,SKU04683,3,643.11,214.37,0
2025-10-04,ST23,SKU02884,6,12108.6,2018.1,0
2025-10-04,ST24,SKU02826,11,14036.22,1276.02,0
2025-10-04,ST28,SKU01561,50,64832.5,1296.65,1
2025-10-04,ST30,SKU02062,10,22078.0,2207.8,0
2025-10-04,ST30,SKU04682,4,4250.64,1062.66,0
2025-10-05,ST02,SKU01365,37,47229.39,1276.47,0
2025-10-05,ST03,SKU01293,14,15305.08,1093.22,0
2025-10-05,ST04,SKU01313,15,37402.2,2493.48,1
2025-10-05,ST05,SKU01150,1,975.44,975.44,0
2025-10-05,ST05,SKU03069,25,59930.75,2397.23,0
2025-10-05,ST06,SKU02575,17,1297.95,76.35,1
2025-10-05,ST06,SKU04099,0,0.0,1066.64,0
2025-10-05,ST07,SKU03569,28,43321.04,1547.18,0
2025-10-05,ST09,SKU02112,18,13387.86,743.77,0
2025-10-05,ST09,SKU03614,17,1245.25,73.25,0
2025-10-05,ST11,SKU00933,17,939.08,55.24,0
2025-10-05,ST14,SKU00698,5,11401.95,2280.39,0
2025-10-05,ST14,SKU00917,14,31531.08,2252.22,0
2025-10-05,ST15,SKU03451,5,10577.45,2115.49,0
2025-10-05,ST16,SKU02117,27,52983.45,1962.35,0
2025-10-05,ST17,SKU03899,5,3333.3,666.66,0
2025-10-05,ST18,SKU03544,27,9645.21,357.23,0
2025-10-05,ST19,SKU03345,9,16661.7,1851.3,0
2025-10-05,ST20,SKU03283,20,23623.4,1181.17,0
2025-10-05,ST21,SKU00596,7,12158.44,1736.92,0
2025-10-05,ST22,SKU01684,21,50149.26,2388.06,0
2025-10-05,ST24,SKU00767,7,12696.11,1813.73,1
2025-10-05,ST24,SKU02255,12,10172.04,847.67,0
2025-10-05,ST24,SKU03280,2,4712.08,2356.04,0
2025-10-05,ST26,SKU01503,29,57858.19,1995.11,0
2025-10-05,ST27,SKU01316,21,22307.46,1062.26,0
2025-10-05,ST27,SKU03455,59,47319.18,802.02,0
2025-10-05,ST27,SKU04416,18,15755.76,875.32,0
2025-10-05,ST28,SKU00979,6,3359.04,559.84,0
2025-10-05,ST29,SKU03227,7,12672.03,1810.29,0
2025-10-05,ST30,SKU04942,6,1013.82,168.97,0
2025-10-06,ST04,SKU02697,7,8532.23,1218.89,0
2025-10-06,ST06,SKU03223,13,25970.88,1997.76,0
2025-10-06,ST07,SKU00228,23,38059.94,1654.78,0
2025-10-06,ST07,SKU00561,18,41416.38,2300.91,1
2025-10-06,ST08,SKU00520,30,32788.8,1092.96,0
2025-10-06,ST08,SKU02563,11,10561.43,960.13,1
2025-10-06,ST08,SKU03805,0,0.0,82.87,0
2025-10-06,ST11,SKU00115,15,34703.55,2313.57,1
2025-10-06,ST11,SKU02362,1,1942.27,1942.27,1
2025-10-06,ST12,SKU04586,25,20675.25,827.01,0
2025-10-06,ST12,SKU04845,6,9632.58,1605.43,0
2025-10-06,ST13,SKU04322,12,28929.96,2410.83,0
2025-10-06,ST14,SKU04954,8,1803.04,225.38,1
2025-10-06,ST15,SKU00046,7,11657.8,1665.4,1
2025-10-06,ST15,SKU01642,8,12961.44,1620.18,0
2025-10-06,ST16,SKU04421,7,16682.05,2383.15,0
2025-10-06,ST17,SKU04637,8,13930.16,1741.27,0
2025-10-06,ST17,SKU04890,17,35425.45,2083.85,0
2025-10-06,ST18,SKU00486,22,20073.46,912.43,1
2025-10-06,ST18,SKU02064,0,0.0,775.59,0
2025-10-06,ST19,SKU04865,17,9761.91,574.23,0
2025-10-06,ST20,SKU01120,12,1459.92,121.66,0
2025-10-06,ST20,SKU01761,8,1146.56,143.32,0
2025-10-06,ST21,SKU04710,11,16989.61,1544.51,0
2025-10-06,ST22,SKU03511,10,6124.2,612.42,0
2025-10-06,ST22,SKU04635,12,25977.6,2164.8,0
2025-10-06,ST25,SKU04900,27,64251.63,2379.69,1
2025-10-06,ST27,SKU02037,38,70303.8,1850.1,0
2025-10-06,ST29,SKU03044,25,7220.75,288.83,0
2025-10-06,ST29,SKU04074,2,2242.82,1121.41,0
2025-10-06,ST29,SKU04092,28,13916.28,497.01,1
2025-10-06,ST30,SKU00692,15,33250.2,2216.68,0
2025-10-06,ST30,SKU01397,7,10090.78,1441.54,0
2025-10-06,ST30,SKU03707,3,6021.54,2007.18,0
2025-10-07,ST02,SKU02073,6,8352.48,1392.08,0
2025-10-07,ST02,SKU02366,14,21367.36,1526.24,0
2025-10-07,ST02,SKU04995,10,21254.7,2125.47,0
2025-10-07,ST03,SKU02085,6,4511.88,751.98,0
2025-10-07,ST04,SKU01894,31,61826.09,1994.39,0
2025-10-07,ST06,SKU00009,3,2388.48,796.16,0
2025-10-07,ST08,SKU00668,48,99007.2,2062.65,0
2025-10-07,ST08,SKU00719,1,93.42,93.42,0
2025-10-07,ST08,SKU03598,4,9237.76,2309.44,1
2025-10-07,ST09,SKU02655,8,7958.16,994.77,0
2025-10-07,ST10,SKU00464,26,57418.14,2208.39,0
2025-10-07,ST11,SKU01493,5,3381.05,676.21,0
2025-10-07,ST11,SKU03452,11,24965.16,2269.56,0
2025-10-07,ST11,SKU04552,16,8941.92,558.87,0
2025-10-07,ST12,SKU02747,15,15548.4,1036.56,0
2025-10-07,ST12,SKU02924,4,3996.32,999.08,0
2025-10-07,ST13,SKU01246,13,13038.61,1002.97,0
2025-10-07,ST13,SKU04453,37,82865.2,2239.6,0
2025-10-07,ST14,SKU01250,15,17667.15,1177.81,0
2025-10-07,ST14,SKU04425,6,9611.46,1601.91,0
2025-10-07,ST16,SKU04467,0,0.0,786.2,0
2025-10-07,ST16,SKU04813,12,6307.68,525.64,0
2025-10-07,ST17,SKU01701,14,23148.58,1653.47,0
2025-10-07,ST19,SKU01032,13,8951.54,688.58,0
2025-10-07,ST19,SKU03094,7,4286.87,612.41,0
2025-10-07,ST20,SKU04070,11,25712.17,2337.47,1
2025-10-07,ST20,SKU04482,18,14922.36,829.02,0
2025-10-07,ST21,SKU00748,14,2453.92,175.28,0
2025-10-07,ST25,SKU02895,2,831.26,415.63,0
2025-10-07,ST27,SKU01550,8,15293.84,1911.73,0
2025-10-07,ST27,SKU02365,8,802.88,100.36,0
2025-10-07,ST27,SKU04592,9,12684.87,1409.43,1
2025-10-07,ST28,SKU02485,5,3337.75,667.55,0
2025-10-07,ST28,SKU03256,22,17682.06,803.73,0
2025-10-07,ST28,SKU04158,19,25710.61,1353.19,0
2025-10-07,ST28,SKU04334,0,0.0,1995.04,0
2025-10-07,ST29,SKU02589,24,29664.0,1236.0,1
2025-10-07,ST29,SKU03916,14,1441.72,102.98,0
2025-10-07,ST30,SKU01635,16,32500.8,2031.3,0
2025-10-08,ST02,SKU02369,17,19254.54,1132.62,0
2025-10-08,ST03,SKU01557,28,2385.32,85.19,1
2025-10-08,ST03,SKU01907,14,25489.1,1820.65,0
2025-10-08,ST03,SKU02143,3,7028.1,2342.7,0
2025-10-08,ST03,SKU03146,7,14914.2,2130.6,0
2025-10-08,ST03,SKU03772,24,36078.0,1503.25,1
2025-10-08,ST05,SKU02165,32,19637.44,613.67,0
2025-10-08,ST06,SKU04899,6,6106.68,1017.78,0
2025-10-08,ST08,SKU00422,5,6483.4,1296.68,0
2025-10-08,ST08,SKU01298,14,7224.0,516.0,0
2025-10-08,ST08,SKU04028,9,15075.18,1675.02,0
2025-10-08,ST09,SKU01023,3,7459.14,2486.38,1
2025-10-08,ST09,SKU02100,22,47467.2,2157.6,1
2025-10-08,ST10,SKU03296,9,18358.29,2039.81,0
2025-10-08,ST11,SKU02538,5,11851.1,2370.22,0
2025-10-08,ST12,SKU00128,19,37544.19,1976.01,0
2025-10-08,ST12,SKU01749,21,27586.23,1313.63,0
2025-10-08,ST13,SKU03007,8,2719.76,339.97,0
2025-10-08,ST13,SKU04743,10,16091.2,1609.12,0
2025-10-08,ST14,SKU01379,8,6854.56,856.82,0
2025-10-08,ST14,SKU02570,19,28336.03,1491.37,0
2025-10-08,ST18,SKU04805,8,13669.84,1708.73,1
2025-10-08,ST19,SKU03876,19,23548.41,1239.39,0
2025-10-08,ST20,SKU00193,22,41608.16,1891.28,0
2025-10-08,ST20,SKU01388,22,46609.64,2118.62,0
2025-10-08,ST20,SKU02938,28,37646.84,1344.53,1
2025-10-08,ST21,SKU04632,7,13473.74,1924.82,1
2025-10-08,ST22,SKU02542,13,20555.47,1581.19,1
2025-10-08,ST23,SKU00583,11,17395.4,1581.4,0
2025-10-08,ST23,SKU00634,4,7259.96,1814.99,1
2025-10-08,ST24,SKU01692,5,10885.8,2177.16,0
2025-10-08,ST24,SKU04855,21,39644.22,1887.82,1
2025-10-08,ST26,SKU01695,22,11631.84,528.72,0
2025-10-08,ST26,SKU03604,14,27721.82,1980.13,0
2025-10-08,ST26,SKU03955,10,768.9,76.89,1
2025-10-08,ST26,SKU04405,20,9754.0,487.7,0
2025-10-08,ST26,SKU04521,7,8653.47,1236.21,0
2025-10-08,ST27,SKU04394,7,7549.85,1078.55,0
2025-10-08,ST27,SKU04596,18,25855.02,1436.39,1
2025-10-08,ST29,SKU00880,2,1512.5,756.25,0
2025-10-08,ST29,SKU04198,18,33881.4,1882.3,0
2025-10-08,ST30,SKU04997,5,1980.45,396.09,0
2025-10-09,ST02,SKU00706,11,8853.13,804.83,0
2025-10-09,ST02,SKU01735,6,14498.28,2416.38,0
2025-10-09,ST03,SKU00572,29,37578.78,1295.82,0
2025-10-09,ST04,SKU01943,14,29708.42,2122.03,0
2025-10-09,ST04,SKU04015,12,9428.64,785.72,1
2025-10-09,ST05,SKU00371,33,28092.9,851.3,0
2025-10-09,ST05,SKU01122,21,32788.14,1561.34,0
2025-10-09,ST06,SKU04950,12,14847.96,1237.33,0
2025-10-09,ST07,SKU00809,15,23680.2,1578.68,0
2025-10-09,ST07,SKU04224,11,1854.05,168.55,0
2025-10-09,ST08,SKU00893,9,18718.56,2079.84,1
2025-10-09,ST09,SKU03576,0,0.0,2280.14,0
2025-10-09,ST10,SKU01382,24,28231.2,1176.3,0
2025-10-09,ST10,SKU02593,13,11517.09,885.93,0
2025-10-09,ST11,SKU00774,43,9681.88,225.16,0
2025-10-09,ST11,SKU01010,9,16290.36,1810.04,0
2025-10-09,ST13,SKU01396,16,22200.48,1387.53,0
2025-10-09,ST13,SKU04820,17,3366.17,198.01,0
2025-10-09,ST15,SKU03392,30,27306.3,910.21,0
2025-10-09,ST16,SKU00921,7,10948.63,1564.09,0
2025-10-09,ST17,SKU01957,14,6643.28,474.52,0
2025-10-09,ST17,SKU04807,20,24491.4,1224.57,0
2025-10-09,ST18,SKU00944,12,941.76,78.48,1
2025-10-09,ST18,SKU02216,11,2778.82,252.62,0
2025-10-09,ST21,SKU00307,13,9829.69,756.13,0
2025-10-09,ST21,SKU01468,6,5859.66,976.61,0
2025-10-09,ST21,SKU04378,10,1411.4,141.14,0
2025-10-09,ST22,SKU02157,27,39957.57,1479.91,0
2025-10-09,ST24,SKU03082,25,59995.25,2399.81,0
2025-10-09,ST24,SKU03652,0,0.0,2211.18,0
2025-10-09,ST25,SKU04138,21,37267.65,1774.65,0
2025-10-09,ST26,SKU02755,3,6666.6,2222.2,0
2025-10-09,ST26,SKU04643,22,37289.78,1694.99,0
2025-10-09,ST27,SKU04329,35,57015.7,1629.02,0
2025-10-09,ST29,SKU00574,3,7434.54,2478.18,0
2025-10-09,ST29,SKU02660,11,4212.89,382.99,0
2025-10-10,ST02,SKU04596,18,25855.02,1436.39,0
2025-10-10,ST05,SKU03599,6,4145.58,690.93,1
2025-10-10,ST06,SKU02281,25,1595.5,63.82,0
2025-10-10,ST06,SKU04897,1,760.58,760.58,0
2025-10-10,ST07,SKU03821,12,16001.64,1333.47,0
2025-10-10,ST08,SKU03981,7,350.35,50.05,1
2025-10-10,ST08,SKU04503,7,9357.95,1336.85,0
2025-10-10,ST09,SKU00775,32,79185.6,2474.55,0
2025-10-10,ST09,SKU00785,9,7773.12,863.68,1
2025-10-10,ST09,SKU03457,3,3973.35,1324.45,0
2025-10-10,ST09,SKU03982,20,41045.2,2052.26,0
2025-10-10,ST10,SKU01984,6,1906.44,317.74,0
2025-10-10,ST10,SKU02599,22,13878.92,630.86,1
2025-10-10,ST11,SKU03862,9,17638.11,1959.79,0
2025-10-10,ST12,SKU01959,15,25879.35,1725.29,1
2025-10-10,ST12,SKU03597,16,15112.64,944.54,0
2025-10-10,ST14,SKU01415,27,46383.57,1717.91,0
2025-10-10,ST14,SKU03606,11,26888.18,2444.38,0
2025-10-10,ST16,SKU00682,27,9665.46,357.98,0
2025-10-10,ST17,SKU02175,7,13107.01,1872.43,0
2025-10-10,ST19,SKU01181,8,1323.44,165.43,0
2025-10-10,ST19,SKU02607,21,22279.32,1060.92,0
2025-10-10,ST21,SKU01124,13,28793.7,2214.9,0
2025-10-10,ST21,SKU02729,6,1461.84,243.64,0
2025-10-10,ST21,SKU04508,15,12993.0,866.2,0
2025-10-10,ST22,SKU00244,9,18274.05,2030.45,0
2025-10-10,ST22,SKU02192,26,11302.46,434.71,0
2025-10-10,ST22,SKU04823,2,2955.84,1477.92,1
2025-10-10,ST24,SKU00348,10,4463.7,446.37,0
2025-10-10,ST24,SKU03116,20,19092.0,954.6,0
2025-10-10,ST24,SKU03318,1,2217.23,2217.23,0
2025-10-10,ST25,SKU03903,12,24779.52,2064.96,0
2025-10-10,ST25,SKU04932,11,19963.46,1814.86,0
2025-10-10,ST28,SKU04773,10,4455.9,445.59,0
2025-10-10,ST29,SKU03510,8,19742.24,2467.78,0
2025-10-10,ST29,SKU03923,39,20623.98,528.82,0
2025-10-11,ST01,SKU00001,28,56740.04,2026.43,0
2025-10-11,ST01,SKU04923,5,7859.0,1571.8,0
2025-10-11,ST02,SKU00860,6,6299.7,1049.95,1
2025-10-11,ST02,SKU04205,0,0.0,2054.54,1
2025-10-11,ST03,SKU00967,34,53013.82,1559.23,0
2025-10-11,ST03,SKU03785,23,1474.07,64.09,0
2025-10-11,ST04,SKU01488,4,4712.92,1178.23,0
2025-10-11,ST04,SKU04218,10,6192.2,619.22,1
2025-10-11,ST05,SKU03775,23,16539.53,719.11,0
2025-10-11,ST06,SKU01251,8,1785.84,223.23,1
2025-10-11,ST08,SKU02306,16,34705.44,2169.09,0
2025-10-11,ST08,SKU04198,38,71527.4,1882.3,0
2025-10-11,ST10,SKU00067,22,25545.08,1161.14,0
2025-10-11,ST11,SKU00402,19,26894.12,1415.48,1
2025-10-11,ST13,SKU02491,21,4785.9,227.9,0
2025-10-11,ST13,SKU02920,35,81311.3,2323.18,1
2025-10-11,ST14,SKU04971,4,7624.04,1906.01,0
2025-10-11,ST15,SKU00059,8,19531.84,2441.48,0
2025-10-11,ST15,SKU03735,22,38358.1,1743.55,1
2025-10-11,ST16,SKU04658,6,6778.98,1129.83,0
2025-10-11,ST17,SKU03315,6,14570.52,2428.42,0
2025-10-11,ST17,SKU03836,19,3416.2,179.8,0
2025-10-11,ST19,SKU01791,32,47878.72,1496.21,1
2025-10-11,ST19,SKU04105,13,17568.33,1351.41,0
2025-10-11,ST21,SKU00314,10,18475.7,1847.57,0
2025-10-11,ST21,SKU01961,11,24421.21,2220.11,0
2025-10-11,ST23,SKU03332,38,26083.58,686.41,0
2025-10-11,ST23,SKU03906,18,8401.14,466.73,0
2025-10-11,ST24,SKU01292,0,0.0,1101.68,0
2025-10-11,ST25,SKU01750,8,7113.6,889.2,0
2025-10-11,ST26,SKU02472,12,14440.92,1203.41,0
2025-10-11,ST26,SKU02908,4,7587.6,1896.9,0
2025-10-11,ST27,SKU02677,27,35006.58,1296.54,1
2025-10-11,ST29,SKU02736,17,20258.56,1191.68,0
2025-10-11,ST29,SKU04314,25,32217.5,1288.7,0
2025-10-11,ST29,SKU04772,7,527.94,75.42,1
2025-10-12,ST01,SKU03891,20,6618.0,330.9,0
2025-10-12,ST01,SKU04539,5,8998.8,1799.76,0
2025-10-12,ST02,SKU00025,7,8345.96,1192.28,0
2025-10-12,ST02,SKU02625,16,35783.36,2236.46,0
2025-10-12,ST06,SKU03434,44,23310.76,529.79,1
2025-10-12,ST08,SKU03270,30,12064.8,402.16,0
2025-10-12,ST08,SKU03472,10,15993.0,1599.3,0
2025-10-12,ST09,SKU02891,18,10351.8,575.1,0
2025-10-12,ST09,SKU03227,21,38016.09,1810.29,0
2025-10-12,ST10,SKU04442,56,20746.88,370.48,1
2025-10-12,ST11,SKU03106,8,12085.2,1510.65,1
2025-10-12,ST11,SKU04879,8,6349.12,793.64,0
2025-10-12,ST12,SKU00490,9,20195.1,2243.9,0
2025-10-12,ST12,SKU04647,2,117.38,58.69,0
2025-10-12,ST13,SKU00058,13,9970.61,766.97,0
2025-10-12,ST13,SKU01565,1,1310.02,1310.02,0
2025-10-12,ST13,SKU02018,15,23566.95,1571.13,0
2025-10-12,ST14,SKU00309,15,32592.45,2172.83,0
2025-10-12,ST14,SKU01383,7,6377.56,911.08,0
2025-10-12,ST16,SKU01560,64,13564.8,211.95,0
2025-10-12,ST16,SKU02172,31,29882.45,963.95,1
2025-10-12,ST18,SKU01607,21,45056.76,2145.56,0
2025-10-12,ST19,SKU00195,10,2804.2,280.42,0
2025-10-12,ST19,SKU03413,21,26775.21,1275.01,0
2025-10-12,ST19,SKU03513,18,34410.78,1911.71,0
2025-10-12,ST20,SKU00195,3,841.26,280.42,0
2025-10-12,ST21,SKU00867,4,9170.72,2292.68,0
2025-10-12,ST21,SKU01525,8,2157.6,269.7,0
2025-10-12,ST21,SKU02571,11,21984.05,1998.55,0
2025-10-12,ST21,SKU04356,30,59025.3,1967.51,1
2025-10-12,ST22,SKU02609,31,42257.03,1363.13,1
2025-10-12,ST22,SKU03536,24,40350.96,1681.29,0
2025-10-12,ST23,SKU00820,5,6582.8,1316.56,0
2025-10-12,ST24,SKU04086,11,8539.19,776.29,1
2025-10-12,ST25,SKU01577,3,443.88,147.96,1
2025-10-12,ST26,SKU00151,2,1150.22,575.11,0
2025-10-12,ST27,SKU00454,1,1954.38,1954.38,0
2025-10-12,ST29,SKU01157,3,7204.53,2401.51,1
2025-10-12,ST29,SKU02307,22,51099.62,2322.71,1
2025-10-12,ST29,SKU04475,4,5109.96,1277.49,1
2025-10-13,ST01,SKU00868,21,12996.9,618.9,1
2025-10-13,ST01,SKU01086,16,26167.84,1635.49,0
2025-10-13,ST02,SKU03596,23,9489.34,412.58,1
2025-10-13,ST04,SKU03372,8,813.28,101.66,0
2025-10-13,ST05,SKU02103,8,10270.96,1283.87,0
2025-10-13,ST06,SKU00387,27,9543.69,353.47,0
2025-10-13,ST06,SKU03786,23,56421.76,2453.12,0
2025-10-13,ST07,SKU01698,3,2930.13,976.71,0
2025-10-13,ST09,SKU00488,5,8917.5,1783.5,0
2025-10-13,ST09,SKU01022,7,16867.83,2409.69,0
2025-10-13,ST10,SKU00411,17,32006.07,1882.71,0
2025-10-13,ST10,SKU02018,24,37707.12,1571.13,0
2025-10-13,ST11,SKU00117,0,0.0,1075.17,0
2025-10-13,ST12,SKU00071,14,22133.16,1580.94,0
2025-10-13,ST12,SKU00171,6,12736.98,2122.83,0
2025-10-13,ST12,SKU02239,16,24543.04,1533.94,0
2025-10-13,ST12,SKU03271,8,7906.4,988.3,0
2025-10-13,ST13,SKU01646,11,23065.9,2096.9,0
2025-10-13,ST13,SKU03342,3,5542.14,1847.38,0
2025-10-13,ST14,SKU03355,22,14059.98,639.09,0
2025-10-13,ST14,SKU04727,0,0.0,1852.97,1
2025-10-13,ST15,SKU02863,0,0.0,1516.88,0
2025-10-13,ST16,SKU01276,44,75897.36,1724.94,0
2025-10-13,ST17,SKU01718,32,18905.6,590.8,0
2025-10-13,ST20,SKU00175,22,3393.06,154.23,1
2025-10-13,ST20,SKU02460,16,38283.52,2392.72,0
2025-10-13,ST20,SKU04739,31,62382.23,2012.33,0
2025-10-13,ST21,SKU00204,11,17956.18,1632.38,0
2025-10-13,ST21,SKU03067,9,6250.23,694.47,0
2025-10-13,ST22,SKU02618,20,4464.0,223.2,0
2025-10-13,ST23,SKU04529,31,63125.3,2036.3,0
2025-10-13,ST26,SKU04137,14,24640.0,1760.0,0
2025-10-13,ST26,SKU04273,5,352.1,70.42,0
2025-10-13,ST27,SKU02919,8,18588.72,2323.59,0
2025-10-13,ST27,SKU03016,11,18084.22,1644.02,0
2025-10-13,ST28,SKU02593,40,35437.2,885.93,0
2025-10-13,ST29,SKU02339,3,2907.54,969.18,0
2025-10-13,ST29,SKU03743,8,18272.96,2284.12,0
2025-10-13,ST30,SKU00011,15,29642.85,1976.19,1
2025-10-13,ST30,SKU02258,36,56554.92,1570.97,0
2025-10-13,ST30,SKU02790,5,3920.2,784.04,0
2025-10-13,ST30,SKU03031,15,34242.15,2282.81,0
2025-10-13,ST30,SKU03314,4,413.72,103.43,0
2025-10-14,ST08,SKU00326,3,4393.56,1464.52,0
2025-10-14,ST08,SKU01233,5,1438.85,287.77,1
2025-10-14,ST10,SKU00398,9,6902.82,766.98,0
2025-10-14,ST10,SKU01114,27,14852.97,550.11,0
2025-10-14,ST12,SKU01674,11,22556.38,2050.58,0
2025-10-14,ST12,SKU01885,7,15711.29,2244.47,0
2025-10-14,ST12,SKU04832,32,64720.64,2022.52,0
2025-10-14,ST14,SKU04299,7,15969.03,2281.29,0
2025-10-14,ST17,SKU03748,7,6129.34,875.62,0
2025-10-14,ST18,SKU03690,4,6745.04,1686.26,0
2025-10-14,ST19,SKU02411,3,1946.97,648.99,0
2025-10-14,ST20,SKU03996,13,21533.59,1656.43,0
2025-10-14,ST22,SKU02265,7,5191.69,741.67,1
2025-10-14,ST23,SKU03613,20,16952.0,847.6,0
2025-10-14,ST24,SKU04431,13,1817.01,139.77,0
2025-10-14,ST25,SKU01311,34,82027.04,2412.56,0
2025-10-14,ST26,SKU00422,10,12966.8,1296.68,0
2025-10-14,ST29,SKU00635,9,5848.02,649.78,1
2025-10-15,ST01,SKU00785,41,35410.88,863.68,0
2025-10-15,ST01,SKU03502,26,43705.22,1680.97,1
2025-10-15,ST01,SKU04676,27,42491.79,1573.77,0
2025-10-15,ST02,SKU02985,16,11648.0,728.0,0
2025-10-15,ST05,SKU02931,19,45951.88,2418.52,0
2025-10-15,ST06,SKU00397,37,26120.52,705.96,0
2025-10-15,ST06,SKU03575,17,4429.35,260.55,1
2025-10-15,ST09,SKU03075,14,17378.2,1241.3,0
2025-10-15,ST13,SKU04974,10,17868.8,1786.88,0
2025-10-15,ST14,SKU00944,4,313.92,78.48,0
2025-10-15,ST15,SKU01162,20,5195.4,259.77,0
2025-10-15,ST16,SKU02322,39,27938.82,716.38,1
2025-10-15,ST16,SKU03231,7,13194.79,1884.97,0
2025-10-15,ST16,SKU03375,2,2334.36,1167.18,0
2025-10-15,ST16,SKU04774,13,10285.99,791.23,0
2025-10-15,ST17,SKU04822,19,14366.47,756.13,0
2025-10-15,ST20,SKU02282,32,72213.44,2256.67,0
2025-10-15,ST22,SKU01630,4,394.96,98.74,0
2025-10-15,ST22,SKU02464,10,4006.0,400.6,1
2025-10-15,ST22,SKU03955,4,307.56,76.89,0
2025-10-15,ST23,SKU01255,5,1319.7,263.94,0
2025-10-15,ST23,SKU01797,18,22551.66,1252.87,0
2025-10-15,ST23,SKU03650,11,22978.23,2088.93,0
2025-10-15,ST24,SKU02899,17,21620.43,1271.79,1
2025-10-15,ST29,SKU04435,3,4667.22,1555.74,0
2025-10-15,ST30,SKU04801,11,18951.46,1722.86,0
2025-10-15,ST30,SKU04870,10,19708.2,1970.82,0
2025-10-16,ST01,SKU02754,12,11311.68,942.64,0
2025-10-16,ST02,SKU02457,14,4029.2,287.8,1
2025-10-16,ST03,SKU00354,16,1007.52,62.97,0
2025-10-16,ST03,SKU02630,19,9284.54,488.66,0
2025-10-16,ST04,SKU02469,18,13930.74,773.93,1
2025-10-16,ST04,SKU02856,8,2033.2,254.15,0
2025-10-16,ST06,SKU00949,12,5828.04,485.67,0
2025-10-16,ST06,SKU01254,31,48617.61,1568.31,0
2025-10-16,ST06,SKU03607,32,75163.2,2348.85,0
2025-10-16,ST11,SKU02677,0,0.0,1296.54,0
2025-10-16,ST12,SKU04432,6,12946.92,2157.82,1
2025-10-16,ST13,SKU04669,7,5691.84,813.12,0
2025-10-16,ST14,SKU00166,23,7256.96,315.52,0
2025-10-16,ST14,SKU00684,4,9478.48,2369.62,0
2025-10-16,ST14,SKU02885,18,31812.48,1767.36,0
2025-10-16,ST15,SKU03058,10,18746.5,1874.65,0
2025-10-16,ST18,SKU02335,23,36656.71,1593.77,0
2025-10-16,ST18,SKU04755,20,13440.4,672.02,0
2025-10-16,ST19,SKU00759,14,34777.12,2484.08,1
2025-10-16,ST19,SKU04514,9,611.82,67.98,0
2025-10-16,ST20,SKU01065,9,18750.96,2083.44,0
2025-10-16,ST20,SKU04393,18,31906.44,1772.58,0
2025-10-16,ST21,SKU00107,31,66087.97,2131.87,0
2025-10-16,ST21,SKU02047,9,820.17,91.13,0
2025-10-16,ST22,SKU01944,25,57085.25,2283.41,0
2025-10-16,ST23,SKU00901,39,92594.19,2374.21,1
2025-10-16,ST25,SKU02084,9,11212.83,1245.87,0
2025-10-16,ST27,SKU02284,5,7126.65,1425.33,0
2025-10-16,ST28,SKU04375,8,18947.92,2368.49,0
2025-10-16,ST28,SKU04522,20,40425.6,2021.28,1
2025-10-16,ST29,SKU04056,55,48393.95,879.89,0
2025-10-16,ST30,SKU03568,28,53699.8,1917.85,0
2025-10-17,ST01,SKU00530,11,3126.97,284.27,0
2025-10-17,ST01,SKU01578,17,33318.3,1959.9,1
2025-10-17,ST06,SKU01623,17,29948.22,1761.66,0
2025-10-17,ST06,SKU02058,12,29490.84,2457.57,0
2025-10-17,ST08,SKU02567,2,3393.9,1696.95,0
2025-10-17,ST08,SKU03739,9,1080.45,120.05,0
2025-10-17,ST09,SKU03015,28,28811.44,1028.98,0
2025-10-17,ST10,SKU03338,7,6642.79,948.97,0
2025-10-17,ST11,SKU01506,11,15340.16,1394.56,0
2025-10-17,ST12,SKU00121,21,42156.24,2007.44,0
2025-10-17,ST13,SKU01152,18,20978.1,1165.45,0
2025-10-17,ST13,SKU03090,6,5357.88,892.98,0
2025-10-17,ST13,SKU03361,25,37628.5,1505.14,1
2025-10-17,ST14,SKU00967,15,23388.45,1559.23,0
2025-10-17,ST15,SKU03782,8,6207.68,775.96,1
2025-10-17,ST16,SKU00874,10,22525.6,2252.56,0
2025-10-17,ST20,SKU00631,22,48625.06,2210.23,0
2025-10-17,ST22,SKU00757,17,12173.53,716.09,0
2025-10-17,ST22,SKU01590,54,41391.54,766.51,1
2025-10-17,ST23,SKU03495,20,32422.4,1621.12,0
2025-10-17,ST24,SKU00770,6,10223.1,1703.85,1
2025-10-17,ST24,SKU02078,7,14042.84,2006.12,0
2025-10-17,ST24,SKU03086,13,14022.97,1078.69,0
2025-10-17,ST26,SKU04862,13,27971.71,2151.67,0
2025-10-17,ST29,SKU02001,2,4787.86,2393.93,0
2025-10-17,ST30,SKU00045,5,4397.85,879.57,0
2025-10-17,ST30,SKU00415,15,31216.5,2081.1,1
2025-10-17,ST30,SKU04560,9,600.03,66.67,0
2025-10-18,ST01,SKU01270,15,3537.75,235.85,0
2025-10-18,ST01,SKU04617,22,39390.78,1790.49,0
2025-10-18,ST03,SKU00091,16,31980.0,1998.75,1
2025-10-18,ST04,SKU00276,4,8675.68,2168.92,1
2025-10-18,ST06,SKU03249,17,8490.14,499.42,0
2025-10-18,ST07,SKU02849,5,8071.25,1614.25,0
2025-10-18,ST07,SKU03116,18,17182.8,954.6,0
2025-10-18,ST13,SKU02704,55,76108.45,1383.79,1
2025-10-18,ST14,SKU03238,10,11324.7,1132.47,0
2025-10-18,ST15,SKU02255,7,5933.69,847.67,1
2025-10-18,ST15,SKU03622,25,25557.25,1022.29,0
2025-10-18,ST16,SKU00123,30,43134.9,1437.83,0
2025-10-18,ST16,SKU01180,21,25176.48,1198.88,0
2025-10-18,ST16,SKU02320,35,85680.35,2448.01,0
2025-10-18,ST19,SKU00246,25,36870.25,1474.81,0
2025-10-18,ST20,SKU00554,10,21736.7,2173.67,1
2025-10-18,ST23,SKU01397,18,25947.72,1441.54,0
2025-10-18,ST29,SKU02249,8,17410.56,2176.32,0
2025-10-18,ST30,SKU04193,24,29360.4,1223.35,0
2025-10-19,ST01,SKU04639,33,37744.74,1143.78,0
2025-10-19,ST02,SKU01811,11,15853.53,1441.23,0
2025-10-19,ST03,SKU00945,15,11110.05,740.67,0
2025-10-19,ST03,SKU04515,16,6876.32,429.77,1
2025-10-19,ST04,SKU01013,18,10164.96,564.72,0
2025-10-19,ST04,SKU02921,52,65821.6,1265.8,0
2025-10-19,ST05,SKU03706,6,13390.26,2231.71,0
2025-10-19,ST05,SKU04465,8,19345.2,2418.15,0
2025-10-19,ST06,SKU00548,14,24668.42,1762.03,1
2025-10-19,ST09,SKU01263,12,8816.16,734.68,0
2025-10-19,ST10,SKU04167,21,27178.2,1294.2,1
2025-10-19,ST11,SKU03775,5,3595.55,719.11,1
2025-10-19,ST13,SKU02901,14,7033.88,502.42,0
2025-10-19,ST14,SKU00361,24,53171.28,2215.47,1
2025-10-19,ST16,SKU03574,9,14750.73,1638.97,0
2025-10-19,ST16,SKU03753,26,42273.66,1625.91,1
2025-10-19,ST18,SKU03808,6,11420.22,1903.37,0
2025-10-19,ST19,SKU00338,3,1687.5,562.5,0
2025-10-19,ST19,SKU01964,20,19886.6,994.33,0
2025-10-19,ST19,SKU04932,12,21778.32,1814.86,0
2025-10-19,ST19,SKU04943,0,0.0,1650.0,0
2025-10-19,ST20,SKU00747,12,11051.88,920.99,0
2025-10-19,ST22,SKU01818,49,38857.98,793.02,0
2025-10-19,ST23,SKU00922,18,28281.6,1571.2,0
2025-10-19,ST24,SKU04929,18,23853.78,1325.21,0
2025-10-19,ST24,SKU04946,20,17440.4,872.02,0
2025-10-19,ST25,SKU00404,9,5761.26,640.14,0
2025-10-19,ST25,SKU03890,3,5959.65,1986.55,1
2025-10-19,ST25,SKU04993,28,57126.72,2040.24,0
2025-10-19,ST27,SKU00702,27,43042.86,1594.18,0
2025-10-19,ST27,SKU03388,2,582.34,291.17,0
2025-10-19,ST27,SKU04762,5,5452.45,1090.49,1
2025-10-19,ST28,SKU01945,11,10848.75,986.25,0
2025-10-19,ST29,SKU01454,9,17942.31,1993.59,0
2025-10-19,ST29,SKU03039,10,23206.9,2320.69,0
2025-10-19,ST30,SKU02438,10,1843.1,184.31,1
2025-10-19,ST30,SKU02972,18,41485.32,2304.74,1
2025-10-20,ST01,SKU04383,7,15679.93,2239.99,0
2025-10-20,ST04,SKU00237,18,13438.98,746.61,0
2025-10-20,ST04,SKU03669,2,3358.16,1679.08,1
2025-10-20,ST04,SKU04811,37,9845.7,266.1,0
2025-10-20,ST06,SKU03007,9,3059.73,339.97,0
2025-10-20,ST08,SKU02207,20,36696.2,1834.81,0
2025-10-20,ST08,SKU04106,9,18826.74,2091.86,0
2025-10-20,ST09,SKU00830,14,32789.96,2342.14,0
2025-10-20,ST09,SKU01856,21,2279.97,108.57,0
2025-10-20,ST09,SKU02107,7,10369.03,1481.29,0
2025-10-20,ST11,SKU00093,3,7185.96,2395.32,0
2025-10-20,ST12,SKU01163,32,7377.92,230.56,0
2025-10-20,ST12,SKU01223,2,2236.82,1118.41,0
2025-10-20,ST12,SKU04489,8,16143.28,2017.91,0
2025-10-20,ST13,SKU02081,8,18753.2,2344.15,0
2025-10-20,ST16,SKU00865,26,4467.84,171.84,0
2025-10-20,ST17,SKU01867,8,13016.8,1627.1,0
2025-10-20,ST17,SKU01950,23,56425.9,2453.3,0
2025-10-20,ST17,SKU02652,10,5446.5,544.65,0
2025-10-20,ST17,SKU03856,24,15313.68,638.07,1
2025-10-20,ST18,SKU02371,40,50670.8,1266.77,0
2025-10-20,ST18,SKU03065,21,27567.12,1312.72,0
2025-10-20,ST18,SKU04929,16,21203.36,1325.21,0
2025-10-20,ST19,SKU00950,10,14419.1,1441.91,0
2025-10-20,ST21,SKU02615,17,11035.21,649.13,0
2025-10-20,ST21,SKU03081,14,24263.96,1733.14,0
2025-10-20,ST21,SKU03709,18,20747.88,1152.66,1
2025-10-20,ST22,SKU02450,8,18986.96,2373.37,1
2025-10-20,ST24,SKU00573,8,6446.88,805.86,0
2025-10-20,ST25,SKU00035,4,744.76,186.19,0
2025-10-20,ST25,SKU01023,9,22377.42,2486.38,0
2025-10-20,ST25,SKU04498,15,34429.2,2295.28,0
2025-10-20,ST26,SKU03536,4,6725.16,1681.29,0
2025-10-20,ST26,SKU03693,25,50654.5,2026.18,0
2025-10-20,ST27,SKU00907,16,17574.4,1098.4,1
2025-10-20,ST27,SKU02014,22,42358.36,1925.38,0
2025-10-20,ST27,SKU03837,42,56474.46,1344.63,0
2025-10-20,ST30,SKU02103,24,30812.88,1283.87,0
2025-10-21,ST01,SKU00498,5,7519.7,1503.94,0
2025-10-21,ST01,SKU00597,29,48809.03,1683.07,0
2025-10-21,ST02,SKU02679,7,7580.37,1082.91,0
2025-10-21,ST02,SKU03520,17,39322.87,2313.11,1
2025-10-21,ST07,SKU00460,16,31223.84,1951.49,0
2025-10-21,ST07,SKU00767,41,74362.93,1813.73,0
2025-10-21,ST07,SKU01216,16,25860.48,1616.28,0
2025-10-21,ST07,SKU02565,13,16551.73,1273.21,0
2025-10-21,ST10,SKU03748,0,0.0,875.62,0
2025-10-21,ST10,SKU04856,5,11303.2,2260.64,0
2025-10-21,ST11,SKU00677,19,35055.57,1845.03,1
2025-10-21,ST13,SKU03908,15,3709.5,247.3,1
2025-10-21,ST14,SKU03645,11,24623.06,2238.46,0
2025-10-21,ST16,SKU03218,19,32224.38,1696.02,0
2025-10-21,ST18,SKU01141,3,7465.08,2488.36,0
2025-10-21,ST19,SKU04938,5,12458.3,2491.66,0
2025-10-21,ST20,SKU04319,4,4522.32,1130.58,0
2025-10-21,ST21,SKU01141,10,24883.6,2488.36,0
2025-10-21,ST23,SKU00178,13,15275.65,1175.05,0
2025-10-21,ST24,SKU04131,0,0.0,1351.2,0
2025-10-21,ST28,SKU03769,13,14423.89,1109.53,0
2025-10-21,ST29,SKU02763,43,36888.84,857.88,0
2025-10-22,ST01,SKU02962,17,18803.36,1106.08,1
2025-10-22,ST01,SKU03131,8,7389.76,923.72,0
2025-10-22,ST02,SKU00408,6,14208.42,2368.07,0
2025-10-22,ST02,SKU00553,44,64212.72,1459.38,0
2025-10-22,ST03,SKU02365,19,1906.84,100.36,0
2025-10-22,ST03,SKU02891,5,2875.5,575.1,0
2025-10-22,ST04,SKU00444,8,10517.76,1314.72,0
2025-10-22,ST04,SKU04959,7,3396.75,485.25,0
2025-10-22,ST07,SKU03493,22,38603.4,1754.7,0
2025-10-22,ST08,SKU01607,8,17164.48,2145.56,0
2025-10-22,ST08,SKU02737,7,9630.67,1375.81,0
2025-10-22,ST08,SKU04048,24,26067.84,1086.16,0
2025-10-22,ST11,SKU00734,0,0.0,897.32,0
2025-10-22,ST15,SKU01006,20,26928.2,1346.41,0
2025-10-22,ST16,SKU01313,27,67323.96,2493.48,0
2025-10-22,ST16,SKU01382,17,19997.1,1176.3,1
2025-10-22,ST16,SKU02557,13,21072.35,1620.95,1
2025-10-22,ST16,SKU03072,18,20858.04,1158.78,0
2025-10-22,ST18,SKU00966,34,6105.72,179.58,0
2025-10-22,ST18,SKU02296,26,18860.14,725.39,0
2025-10-22,ST19,SKU00172,19,3536.09,186.11,1
2025-10-22,ST20,SKU02921,9,11392.2,1265.8,0
2025-10-22,ST21,SKU03156,12,29174.64,2431.22,0
2025-10-22,ST21,SKU03841,20,7016.8,350.84,0
2025-10-22,ST22,SKU03301,14,17867.36,1276.24,1
2025-10-22,ST23,SKU03788,13,16277.82,1252.14,1
2025-10-22,ST24,SKU00771,18,6132.06,340.67,1
2025-10-22,ST24,SKU04619,17,30645.05,1802.65,0
2025-10-22,ST25,SKU00897,13,16283.67,1252.59,0
2025-10-22,ST25,SKU01423,14,5048.4,360.6,1
2025-10-22,ST25,SKU01566,5,11296.1,2259.22,0
2025-10-22,ST25,SKU02223,3,2257.86,752.62,0
2025-10-22,ST29,SKU03374,25,42666.5,1706.66,0
2025-10-22,ST30,SKU03321,17,18968.77,1115.81,0
2025-10-23,ST03,SKU04925,11,15566.43,1415.13,1
2025-10-23,ST05,SKU02034,20,48236.2,2411.81,0
2025-10-23,ST06,SKU02444,25,22487.75,899.51,0
2025-10-23,ST07,SKU04793,8,3930.24,491.28,0
2025-10-23,ST09,SKU00641,26,1549.86,59.61,0
2025-10-23,ST09,SKU01106,9,19621.8,2180.2,0
2025-10-23,ST09,SKU01296,22,13169.64,598.62,0
2025-10-23,ST11,SKU00528,12,28635.84,2386.32,0
2025-10-23,ST11,SKU01509,1,457.28,457.28,0
2025-10-23,ST11,SKU03076,0,0.0,594.68,0
2025-10-23,ST12,SKU02111,20,39485.4,1974.27,0
2025-10-23,ST12,SKU04253,18,1093.68,60.76,0
2025-10-23,ST13,SKU01149,14,4705.54,336.11,1
2025-10-23,ST13,SKU02907,3,6955.83,2318.61,0
2025-10-23,ST13,SKU03246,36,83465.28,2318.48,0
2025-10-23,ST19,SKU01073,5,6195.45,1239.09,0
2025-10-23,ST20,SKU04482,8,6632.16,829.02,0
2025-10-23,ST23,SKU01311,9,21713.04,2412.56,0
2025-10-23,ST24,SKU03283,16,18898.72,1181.17,0
2025-10-23,ST25,SKU00886,2,4773.82,2386.91,0
2025-10-23,ST25,SKU02858,19,41891.39,2204.81,0
2025-10-23,ST26,SKU00316,19,22127.97,1164.63,0
2025-10-23,ST26,SKU04540,22,40814.62,1855.21,0
2025-10-23,ST28,SKU03115,4,1541.12,385.28,0
2025-10-23,ST28,SKU04493,2,2533.64,1266.82,0
2025-10-23,ST29,SKU01636,20,8192.0,409.6,0
2025-10-23,ST30,SKU04656,12,10789.2,899.1,0
2025-10-24,ST01,SKU04599,51,125486.01,2460.51,1
2025-10-24,ST02,SKU03054,8,1959.68,244.96,0
2025-10-24,ST03,SKU03952,19,32449.91,1707.89,0
2025-10-24,ST03,SKU04746,19,13806.73,726.67,0
2025-10-24,ST04,SKU01803,10,22763.4,2276.34,0
2025-10-24,ST05,SKU02046,18,17891.28,993.96,0
2025-10-24,ST05,SKU02138,3,6577.14,2192.38,0
2025-10-24,ST05,SKU04955,8,4558.16,569.77,0
2025-10-24,ST06,SKU00503,6,12002.64,2000.44,0
2025-10-24,ST06,SKU04313,19,8102.74,426.46,0
2025-10-24,ST07,SKU01083,23,31325.08,1361.96,0
2025-10-24,ST07,SKU04491,3,2413.83,804.61,0
2025-10-24,ST08,SKU04309,4,8246.52,2061.63,0
2025-10-24,ST14,SKU00658,33,79874.85,2420.45,0
2025-10-24,ST14,SKU02777,4,3332.68,833.17,0
2025-10-24,ST15,SKU02158,26,52016.9,2000.65,0
2025-10-24,ST15,SKU03087,7,6715.38,959.34,0
2025-10-24,ST16,SKU01193,25,36503.5,1460.14,0
2025-10-24,ST17,SKU01856,6,651.42,108.57,0
2025-10-24,ST19,SKU02198,12,26673.12,2222.76,0
2025-10-24,ST20,SKU04141,12,23718.6,1976.55,0
2025-10-24,ST22,SKU00326,10,14645.2,1464.52,0
2025-10-24,ST22,SKU02869,41,93029.41,2269.01,1
2025-10-24,ST22,SKU03055,8,8989.04,1123.63,0
2025-10-24,ST24,SKU03979,9,13218.75,1468.75,0
2025-10-24,ST24,SKU04897,3,2281.74,760.58,0
2025-10-24,ST27,SKU00005,14,33407.78,2386.27,0
2025-10-24,ST28,SKU01292,10,11016.8,1101.68,0
2025-10-24,ST29,SKU04641,0,0.0,428.61,0
2025-10-24,ST30,SKU00632,3,5696.25,1898.75,0
2025-10-25,ST02,SKU00928,4,6429.68,1607.42,0
2025-10-25,ST02,SKU03326,1,730.67,730.67,0
2025-10-25,ST04,SKU00156,20,31819.6,1590.98,0
2025-10-25,ST04,SKU02943,30,62395.8,2079.86,1
2025-10-25,ST05,SKU01944,28,63935.48,2283.41,0
2025-10-25,ST05,SKU04668,20,7287.4,364.37,0
2025-10-25,ST05,SKU04979,3,3958.5,1319.5,0
2025-10-25,ST06,SKU01385,14,13476.96,962.64,1
2025-10-25,ST06,SKU02790,3,2352.12,784.04,0
2025-10-25,ST07,SKU00464,19,41959.41,2208.39,1
2025-10-25,ST07,SKU01702,20,19166.8,958.34,0
2025-10-25,ST08,SKU02916,22,33097.02,1504.41,1
2025-10-25,ST11,SKU00235,2,3152.08,1576.04,0
2025-10-25,ST14,SKU01030,26,8314.02,319.77,0
2025-10-25,ST15,SKU01370,23,51373.72,2233.64,0
2025-10-25,ST17,SKU04905,0,0.0,561.83,0
2025-10-25,ST19,SKU01186,27,64090.98,2373.74,1
2025-10-25,ST19,SKU04214,55,126504.95,2300.09,0
2025-10-25,ST19,SKU04463,17,41124.02,2419.06,0
2025-10-25,ST20,SKU01981,20,3889.4,194.47,1
2025-10-25,ST20,SKU04938,11,27408.26,2491.66,0
2025-10-25,ST21,SKU00435,19,24453.38,1287.02,0
2025-10-25,ST23,SKU03882,13,11790.61,906.97,0
2025-10-25,ST25,SKU00530,8,2274.16,284.27,0
2025-10-25,ST25,SKU03659,21,6147.33,292.73,1
2025-10-25,ST25,SKU04347,32,65159.04,2036.22,0
2025-10-25,ST27,SKU04166,18,38220.48,2123.36,0
2025-10-25,ST28,SKU03032,18,19650.42,1091.69,0
2025-10-25,ST28,SKU04933,7,17190.67,2455.81,0
2025-10-25,ST29,SKU01929,45,13533.75,300.75,0
2025-10-26,ST03,SKU00172,25,4652.75,186.11,0
2025-10-26,ST04,SKU00596,66,114636.72,1736.92,1
2025-10-26,ST05,SKU00214,30,33529.8,1117.66,0
2025-10-26,ST06,SKU04314,40,51548.0,1288.7,1
2025-10-26,ST07,SKU04358,20,42573.2,2128.66,0
2025-10-26,ST08,SKU03867,11,3603.82,327.62,0
2025-10-26,ST12,SKU00020,19,36161.56,1903.24,0
2025-10-26,ST13,SKU01106,5,10901.0,2180.2,0
2025-10-26,ST13,SKU02166,24,44249.04,1843.71,0
2025-10-26,ST15,SKU03624,7,7781.06,1111.58,0
2025-10-26,ST15,SKU03655,13,2832.44,217.88,0
2025-10-26,ST15,SKU04030,34,61261.2,1801.8,1
2025-10-26,ST17,SKU04139,29,68455.66,2360.54,0
2025-10-26,ST17,SKU04702,18,18209.16,1011.62,0
2025-10-26,ST18,SKU02134,16,26614.88,1663.43,0
2025-10-26,ST20,SKU01166,16,10948.32,684.27,0
2025-10-26,ST20,SKU03681,6,7802.22,1300.37,0
2025-10-26,ST21,SKU00396,17,40877.69,2404.57,0
2025-10-26,ST21,SKU01845,10,3050.6,305.06,0
2025-10-26,ST22,SKU04013,13,16371.42,1259.34,1
2025-10-26,ST23,SKU00830,39,91343.46,2342.14,1
2025-10-26,ST25,SKU01536,13,13384.28,1029.56,0
2025-10-26,ST26,SKU01493,22,14876.62,676.21,0
2025-10-26,ST29,SKU03023,14,32607.54,2329.11,0
2025-10-26,ST30,SKU02172,73,70368.35,963.95,1
2025-10-27,ST01,SKU01857,27,55301.4,2048.2,0
2025-10-27,ST01,SKU03797,0,0.0,957.83,0
2025-10-27,ST03,SKU00593,22,2978.14,135.37,0
2025-10-27,ST03,SKU01877,21,32726.82,1558.42,0
2025-10-27,ST03,SKU03008,4,7679.36,1919.84,0
2025-10-27,ST05,SKU00073,18,28485.9,1582.55,1
2025-10-27,ST06,SKU00400,45,20419.65,453.77,0
2025-10-27,ST07,SKU01885,9,20200.23,2244.47,1
2025-10-27,ST08,SKU04822,15,11341.95,756.13,0
2025-10-27,ST09,SKU00643,13,5232.37,402.49,0
2025-10-27,ST09,SKU01855,3,5764.95,1921.65,0
2025-10-27,ST10,SKU02208,12,23405.88,1950.49,0
2025-10-27,ST10,SKU02404,17,11108.48,653.44,0
2025-10-27,ST11,SKU02554,25,55248.0,2209.92,0
2025-10-27,ST11,SKU03040,2,2870.24,1435.12,0
2025-10-27,ST12,SKU01481,24,14027.04,584.46,0
2025-10-27,ST12,SKU04440,16,13990.08,874.38,0
2025-10-27,ST14,SKU03902,9,9231.3,1025.7,0
2025-10-27,ST15,SKU01405,52,52092.56,1001.78,1
2025-10-27,ST16,SKU04247,14,4434.08,316.72,1
2025-10-27,ST17,SKU01011,31,18825.06,607.26,0
2025-10-27,ST18,SKU01984,14,4448.36,317.74,0
2025-10-27,ST19,SKU01892,35,8201.2,234.32,0
2025-10-27,ST19,SKU02484,0,0.0,1382.89,0
2025-10-27,ST20,SKU01352,4,7172.72,1793.18,0
2025-10-27,ST20,SKU04145,5,10692.55,2138.51,0
2025-10-27,ST21,SKU04250,24,34545.12,1439.38,0
2025-10-27,ST23,SKU03689,21,17861.13,850.53,0
2025-10-27,ST23,SKU04157,1,1272.14,1272.14,0
2025-10-27,ST23,SKU04904,9,14094.45,1566.05,1
2025-10-27,ST24,SKU00405,20,9341.4,467.07,0
2025-10-27,ST26,SKU04657,5,1636.05,327.21,0
2025-10-27,ST29,SKU00649,16,30497.76,1906.11,1
2025-10-27,ST30,SKU00720,8,17243.92,2155.49,1
2025-10-27,ST30,SKU02517,10,20746.5,2074.65,0
2025-10-27,ST30,SKU03415,8,13855.6,1731.95,0
2025-10-28,ST01,SKU01535,7,15468.95,2209.85,0
2025-10-28,ST02,SKU02920,28,65049.04,2323.18,0
2025-10-28,ST02,SKU04606,7,4045.86,577.98,0
2025-10-28,ST03,SKU01180,0,0.0,1198.88,0
2025-10-28,ST03,SKU02115,32,4964.8,155.15,0
2025-10-28,ST04,SKU01372,13,21230.3,1633.1,1
2025-10-28,ST04,SKU01494,2,3633.8,1816.9,0
2025-10-28,ST04,SKU03755,11,8550.85,777.35,0
2025-10-28,ST07,SKU00448,12,10399.2,866.6,0
2025-10-28,ST07,SKU03419,17,2096.27,123.31,1
2025-10-28,ST08,SKU04035,11,3282.51,298.41,0
2025-10-28,ST10,SKU01605,20,14677.6,733.88,0
2025-10-28,ST11,SKU00086,18,8990.82,499.49,1
2025-10-28,ST11,SKU04762,14,15266.86,1090.49,0
2025-10-28,ST13,SKU01663,6,1991.82,331.97,0
2025-10-28,ST14,SKU00879,20,21938.2,1096.91,1
2025-10-28,ST14,SKU02050,11,19237.24,1748.84,0
2025-10-28,ST15,SKU00060,10,13847.0,1384.7,0
2025-10-28,ST16,SKU00325,1,297.46,297.46,0
2025-10-28,ST17,SKU00756,24,42806.88,1783.62,0
2025-10-28,ST17,SKU00802,7,12981.15,1854.45,0
2025-10-28,ST18,SKU03480,8,9221.2,1152.65,1
2025-10-28,ST20,SKU00260,18,22359.96,1242.22,0
2025-10-28,ST20,SKU00862,11,18164.3,1651.3,1
2025-10-28,ST20,SKU03159,17,31720.98,1865.94,1
2025-10-28,ST20,SKU03760,22,40925.94,1860.27,1
2025-10-28,ST23,SKU02003,17,8823.51,519.03,0
2025-10-28,ST23,SKU04966,23,39962.73,1737.51,0
2025-10-28,ST24,SKU00849,3,2061.03,687.01,0
2025-10-28,ST28,SKU03865,13,22409.92,1723.84,0
2025-10-28,ST29,SKU01005,17,11052.55,650.15,0
2025-10-29,ST01,SKU01932,35,54353.25,1552.95,0
2025-10-29,ST02,SKU01349,3,3772.83,1257.61,0
2025-10-29,ST02,SKU02521,19,21162.39,1113.81,0
2025-10-29,ST02,SKU04860,9,19751.22,2194.58,0
2025-10-29,ST03,SKU00673,24,10909.2,454.55,1
2025-10-29,ST05,SKU04991,17,9363.77,550.81,0
2025-10-29,ST07,SKU00518,11,2921.93,265.63,0
2025-10-29,ST07,SKU01632,12,17039.76,1419.98,0
2025-10-29,ST07,SKU03325,10,14127.1,1412.71,1
2025-10-29,ST08,SKU00286,4,7815.6,1953.9,1
2025-10-29,ST08,SKU04656,13,11688.3,899.1,0
2025-10-29,ST09,SKU01414,29,35506.44,1224.36,0
2025-10-29,ST10,SKU00785,12,10364.16,863.68,1
2025-10-29,ST10,SKU01831,43,88962.27,2068.89,0
2025-10-29,ST10,SKU04463,7,16933.42,2419.06,0
2025-10-29,ST11,SKU00087,47,63151.08,1343.64,0
2025-10-29,ST12,SKU01170,9,9431.01,1047.89,0
2025-10-29,ST12,SKU01506,24,33469.44,1394.56,0
2025-10-29,ST12,SKU01610,6,2043.72,340.62,0
2025-10-29,ST12,SKU01874,42,71047.62,1691.61,1
2025-10-29,ST12,SKU03629,10,18555.8,1855.58,0
2025-10-29,ST13,SKU04352,19,47314.75,2490.25,0
2025-10-29,ST15,SKU03142,2,3973.68,1986.84,1
2025-10-29,ST16,SKU02862,27,61767.36,2287.68,1
2025-10-29,ST16,SKU02927,11,21099.87,1918.17,0
2025-10-29,ST16,SKU03305,20,14333.6,716.68,0
2025-10-29,ST17,SKU02952,23,56965.02,2476.74,0
2025-10-29,ST17,SKU03487,10,4206.0,420.6,0
2025-10-29,ST17,SKU04215,16,28117.76,1757.36,1
2025-10-29,ST17,SKU04365,35,78369.2,2239.12,1
2025-10-29,ST18,SKU03940,6,4946.46,824.41,1
2025-10-29,ST19,SKU01769,3,7009.23,2336.41,0
2025-10-29,ST19,SKU02458,14,28436.66,2031.19,0
2025-10-29,ST20,SKU02511,35,31531.85,900.91,0
2025-10-29,ST20,SKU02823,12,26943.72,2245.31,0
2025-10-29,ST22,SKU00508,15,3898.2,259.88,0
2025-10-29,ST22,SKU03244,8,14202.48,1775.31,0
2025-10-29,ST22,SKU04887,39,15620.67,400.53,0
2025-10-29,ST23,SKU03274,3,2520.03,840.01,0
2025-10-29,ST23,SKU03676,18,36905.94,2050.33,0
2025-10-29,ST24,SKU01165,22,44472.12,2021.46,0
2025-10-29,ST25,SKU04015,7,5500.04,785.72,0
2025-10-29,ST26,SKU04429,17,38652.9,2273.7,0
2025-10-29,ST27,SKU01213,6,10041.72,1673.62,0
2025-10-29,ST27,SKU04839,12,29897.88,2491.49,0
2025-10-29,ST29,SKU02643,6,2987.28,497.88,0
2025-10-29,ST30,SKU03797,31,29692.73,957.83,1
2025-10-30,ST02,SKU00058,5,3834.85,766.97,0
2025-10-30,ST03,SKU03659,5,1463.65,292.73,0
2025-10-30,ST03,SKU04027,10,20872.3,2087.23,0
2025-10-30,ST03,SKU04418,30,65165.7,2172.19,1
2025-10-30,ST05,SKU01137,44,103939.88,2362.27,0
2025-10-30,ST06,SKU01259,10,22260.8,2226.08,0
2025-10-30,ST08,SKU04228,0,0.0,1801.35,0
2025-10-30,ST09,SKU00942,26,16181.36,622.36,0
2025-10-30,ST09,SKU02244,7,1756.02,250.86,0
2025-10-30,ST09,SKU03935,23,49990.04,2173.48,1
2025-10-30,ST11,SKU02020,3,485.07,161.69,1
2025-10-30,ST12,SKU01355,22,19490.9,885.95,0
2025-10-30,ST12,SKU03907,17,22802.44,1341.32,1
2025-10-30,ST13,SKU03265,14,15698.06,1121.29,0
2025-10-30,ST13,SKU04183,7,12021.1,1717.3,1
2025-10-30,ST17,SKU02488,57,105556.02,1851.86,0
2025-10-30,ST17,SKU02737,12,16509.72,1375.81,0
2025-10-30,ST18,SKU01393,9,6543.27,727.03,0
2025-10-30,ST19,SKU02504,15,24589.95,1639.33,0
2025-10-30,ST19,SKU04422,23,28864.54,1254.98,0
2025-10-30,ST20,SKU02541,6,5420.58,903.43,0
2025-10-30,ST20,SKU04569,19,36616.04,1927.16,0
2025-10-30,ST21,SKU00149,16,39251.2,2453.2,1
2025-10-30,ST22,SKU02710,8,19540.64,2442.58,0
2025-10-30,ST26,SKU04045,5,3722.25,744.45,0
2025-10-30,ST27,SKU00004,31,25294.45,815.95,0
2025-10-30,ST27,SKU04393,12,21270.96,1772.58,0
2025-10-30,ST27,SKU04396,28,59851.4,2137.55,0
2025-10-30,ST29,SKU01662,3,5054.58,1684.86,0
2025-10-30,ST29,SKU02475,12,18798.72,1566.56,0
2025-10-30,ST29,SKU02547,12,5315.4,442.95,0
2025-10-30,ST30,SKU01240,8,17434.48,2179.31,0
2025-10-31,ST01,SKU01127,4,4657.32,1164.33,0
2025-10-31,ST03,SKU04164,18,38045.16,2113.62,0
2025-10-31,ST04,SKU02555,18,40045.32,2224.74,0
2025-10-31,ST05,SKU00845,9,4668.75,518.75,0
2025-10-31,ST06,SKU00471,9,20131.92,2236.88,0
2025-10-31,ST08,SKU02729,8,1949.12,243.64,0
2025-10-31,ST09,SKU00116,3,3395.37,1131.79,0
2025-10-31,ST09,SKU04739,8,16098.64,2012.33,1
2025-10-31,ST10,SKU00860,11,11549.45,1049.95,0
2025-10-31,ST11,SKU01159,18,11737.62,652.09,0
2025-10-31,ST11,SKU02208,61,118979.89,1950.49,0
2025-10-31,ST11,SKU04592,3,4228.29,1409.43,0
2025-10-31,ST12,SKU00897,10,12525.9,1252.59,1
2025-10-31,ST12,SKU02301,27,31623.21,1171.23,1
2025-10-31,ST12,SKU04407,30,65130.0,2171.0,0
2025-10-31,ST13,SKU02471,15,23493.3,1566.22,0
2025-10-31,ST14,SKU00714,14,4129.3,294.95,1
2025-10-31,ST16,SKU02496,17,5329.16,313.48,0
2025-10-31,ST17,SKU00095,17,26148.04,1538.12,0
2025-10-31,ST17,SKU04745,5,4805.6,961.12,0
2025-10-31,ST18,SKU01172,20,45844.6,2292.23,0
2025-10-31,ST18,SKU01788,17,27696.57,1629.21,1
2025-10-31,ST18,SKU04656,5,4495.5,899.1,0
2025-10-31,ST19,SKU01928,8,17953.92,2244.24,0
2025-10-31,ST20,SKU00513,5,3540.85,708.17,1
2025-10-31,ST20,SKU00909,3,4807.98,1602.66,0
2025-10-31,ST20,SKU04076,15,3427.5,228.5,0
2025-10-31,ST20,SKU04120,26,63962.86,2460.11,0
2025-10-31,ST21,SKU01162,3,779.31,259.77,0
2025-10-31,ST21,SKU04410,7,7822.15,1117.45,0
2025-10-31,ST22,SKU03911,9,17962.47,1995.83,0
2025-10-31,ST23,SKU01029,10,20858.4,2085.84,0
2025-10-31,ST23,SKU01395,18,26597.16,1477.62,1
2025-10-31,ST23,SKU04413,3,5144.31,1714.77,0
2025-10-31,ST24,SKU03374,16,27306.56,1706.66,0
2025-10-31,ST25,SKU00516,3,1839.18,613.06,0
2025-10-31,ST25,SKU02160,1,1097.13,1097.13,1
2025-10-31,ST25,SKU03942,22,22198.88,1009.04,1
2025-10-31,ST29,SKU00926,32,31434.88,982.34,0
2025-10-31,ST29,SKU01020,0,0.0,2372.52,0
2025-10-31,ST29,SKU04447,41,101730.84,2481.24,0
