sku_id,avg_stock,avg_reorder,avg_safety,stockout_count,critical_count,sku_name,category,brand
SKU02381,0.0,53.73076923076923,18.807692307692307,26,26,SoftTouch Storage & Containers Small,Home & Kitchen,SoftTouch
SKU02660,0.0,54.88461538461539,20.576923076923077,26,26,HomeStyle Biscuits & Cookies Family Pack,Snacks & Confectionery,HomeStyle
SKU03030,2.074074074074074,54.55555555555556,19.814814814814813,26,26,MetroBrand Chips & Crisps 500ml,Snacks & Confectionery,MetroBrand
SKU00996,5.851851851851852,64.77777777777777,23.37037037037037,25,26,MetroBrand Pest Control 1kg,Home Care,MetroBrand
SKU00002,0.0,63.28,22.92,25,25,CrispKing Bread Family Pack,Dairy & Bakery,CrispKing
SKU00190,0.0,57.84,19.8,25,25,ZestyCo Writing Instruments 1L,Stationery & Office,ZestyCo
SKU00264,8.576923076923077,64.0,22.0,25,25,PurePlus Energy Drinks 500g,Beverages,PurePlus
SKU00484,0.0,56.32,18.76,25,25,PurePlus Hair Care 2L,Personal Care,PurePlus
SKU01152,0.0,65.84,22.72,25,25,FamilyChoice Skin Care 1L,Personal Care,FamilyChoice
SKU01466,0.0,67.32,25.16,25,25,BasicNeeds Chips & Crisps Pack of 12,Snacks & Confectionery,BasicNeeds
SKU03057,0.0,64.4,20.44,25,25,SoftTouch Writing Instruments 1kg,Stationery & Office,SoftTouch
SKU04126,2.423076923076923,53.11538461538461,17.96153846153846,25,25,CrispKing Kids Wear Medium,Apparel & Footwear,CrispKing
SKU01021,0.0,74.08333333333333,24.666666666666668,24,24,EverydayPlus First Aid 2L,Health & Wellness,EverydayPlus
SKU01170,0.0,55.75,19.583333333333332,24,24,TrueTaste Hair Care 250ml,Personal Care,TrueTaste
SKU01414,0.0,61.125,20.875,24,24,CityFresh Notebooks 2L,Stationery & Office,CityFresh
SKU01578,0.0,64.95833333333333,23.333333333333332,24,24,TrueTaste Ice Cream 250ml,Frozen Foods,TrueTaste
SKU01751,6.8,60.88,20.0,24,24,SmartBuy Frozen Vegetables Family Pack,Frozen Foods,SmartBuy
SKU02046,0.0,60.5,19.583333333333332,24,24,ValueChoice Footwear Pack of 6,Apparel & Footwear,ValueChoice
SKU02268,11.64,62.44,22.88,24,24,NovaFresh Butter & Ghee 100g,Dairy & Bakery,NovaFresh
SKU02484,6.68,63.52,23.04,24,24,MetroBrand Frozen Meat Medium,Frozen Foods,MetroBrand
SKU02531,0.0,66.66666666666667,25.0,24,24,MetroBrand Bottled Water 100g,Beverages,MetroBrand
SKU02833,5.72,58.12,21.28,24,24,QuickBite Kids Wear Large,Apparel & Footwear,QuickBite
SKU03476,0.0,61.125,21.416666666666668,24,24,CleanWave Mobile Accessories 1kg,Electronics & Accessories,CleanWave
SKU03578,0.0,55.708333333333336,18.916666666666668,24,24,ZestyCo Ready Meals 1L,Frozen Foods,ZestyCo
SKU03743,0.0,61.75,19.583333333333332,24,24,PremiumSelect Air Fresheners 500g,Home Care,PremiumSelect
SKU03870,0.0,60.083333333333336,20.791666666666668,24,24,MetroBrand Mobile Accessories 250g,Electronics & Accessories,MetroBrand
SKU03907,0.0,57.666666666666664,21.208333333333332,24,24,QuickBite Home Decor 1L,Home & Kitchen,QuickBite
SKU04157,2.32,77.48,25.52,24,24,PremiumSelect Small Appliances 1L,Electronics & Accessories,PremiumSelect
SKU04315,3.48,60.32,20.8,24,24,HealthFirst Laundry Small,Home Care,HealthFirst
SKU04362,0.56,61.96,21.44,24,24,PurePlus Ice Cream 500ml,Frozen Foods,PurePlus
SKU04783,0.0,62.541666666666664,22.291666666666668,24,24,PureLife Cookware 250g,Home & Kitchen,PureLife
SKU03171,1.36,62.32,24.4,23,24,PrimeCare Tea 100g,Beverages,PrimeCare
SKU00020,0.0,59.04347826086956,21.652173913043477,23,23,SmartBuy Rice & Grains 2L,Grocery,SmartBuy
SKU00254,3.2916666666666665,51.291666666666664,17.708333333333332,23,23,HomeStyle Writing Instruments 1L,Stationery & Office,HomeStyle
SKU00363,0.0,58.30434782608695,19.043478260869566,23,23,CityFresh Home Decor 2L,Home & Kitchen,CityFresh
SKU00376,3.1666666666666665,55.5,17.833333333333332,23,23,UrbanBite Milk 1kg,Dairy & Bakery,UrbanBite
SKU00500,4.166666666666667,62.458333333333336,22.125,23,23,UrbanBite Home Decor Family Pack,Home & Kitchen,UrbanBite
SKU00539,3.0,54.666666666666664,19.041666666666668,23,23,PremiumSelect Air Fresheners Pack of 12,Home Care,PremiumSelect
SKU00929,7.125,61.666666666666664,22.166666666666668,23,23,TrueTaste Surface Cleaners 1kg,Home Care,TrueTaste
SKU01138,0.0,67.0,24.26086956521739,23,23,SoftTouch Chips & Crisps 250ml,Snacks & Confectionery,SoftTouch
SKU01153,0.0,61.391304347826086,21.0,23,23,GreenValley Mobile Accessories 1kg,Electronics & Accessories,GreenValley
SKU01274,0.0,63.130434782608695,23.130434782608695,23,23,ValueChoice Small Appliances Family Pack,Electronics & Accessories,ValueChoice
SKU01317,5.916666666666667,65.25,23.25,23,23,TrueTaste First Aid 2kg,Health & Wellness,TrueTaste
SKU01370,0.0,60.52173913043478,20.52173913043478,23,23,PurePlus Laundry 2L,Home Care,PurePlus
SKU01507,4.5,63.25,21.791666666666668,23,23,CleanWave Home Decor Pack of 6,Home & Kitchen,CleanWave
SKU01685,8.416666666666666,50.041666666666664,17.375,23,23,FamilyChoice Skin Care Large,Personal Care,FamilyChoice
SKU02176,0.0,54.47826086956522,18.782608695652176,23,23,CleanWave Footwear Family Pack,Apparel & Footwear,CleanWave
SKU02247,0.0,55.21739130434783,17.91304347826087,23,23,CityFresh Writing Instruments 2L,Stationery & Office,CityFresh
SKU02355,3.8333333333333335,58.291666666666664,21.208333333333332,23,23,EverydayPlus Spices & Seasoning Medium,Grocery,EverydayPlus
SKU02449,6.125,61.916666666666664,20.791666666666668,23,23,EverydayPlus Notebooks 2kg,Stationery & Office,EverydayPlus
SKU02526,1.4583333333333333,54.625,19.625,23,23,CleanWave Vitamins & Supplements Pack of 12,Health & Wellness,CleanWave
SKU02737,1.625,49.416666666666664,17.791666666666668,23,23,BasicNeeds Notebooks 1kg,Stationery & Office,BasicNeeds
SKU02892,0.0,60.69565217391305,21.434782608695652,23,23,CityFresh Cheese 2kg,Dairy & Bakery,CityFresh
SKU03199,0.0,68.30434782608695,22.82608695652174,23,23,QuickBite Coffee 500ml,Beverages,QuickBite
SKU03274,6.833333333333333,63.958333333333336,22.125,23,23,PremiumSelect Hair Care 250ml,Personal Care,PremiumSelect
SKU04016,11.28,57.04,19.04,23,23,HealthFirst Small Appliances 1kg,Electronics & Accessories,HealthFirst
SKU04329,0.0,53.391304347826086,20.0,23,23,SoftTouch Cookware 2kg,Home & Kitchen,SoftTouch
SKU04350,0.0,61.130434782608695,20.304347826086957,23,23,NutriPlus Skin Care 250g,Personal Care,NutriPlus
SKU04453,0.0,56.04347826086956,20.434782608695652,23,23,TrueTaste Milk 2L,Dairy & Bakery,TrueTaste
SKU04551,3.875,66.75,23.916666666666668,23,23,DailyBest Cookware Small,Home & Kitchen,DailyBest
SKU02462,0.21739130434782608,55.30434782608695,17.695652173913043,22,23,DailyBest Notebooks 2L,Stationery & Office,DailyBest
SKU02954,0.43478260869565216,57.30434782608695,19.0,22,23,GoldenHarvest Air Fresheners 2L,Home Care,GoldenHarvest
SKU03353,0.043478260869565216,53.17391304347826,20.08695652173913,22,23,EverydayPlus Cheese 100g,Dairy & Bakery,EverydayPlus
SKU04562,0.5652173913043478,52.78260869565217,18.869565217391305,22,23,SoftTouch Footwear 250g,Apparel & Footwear,SoftTouch
SKU00169,0.0,50.18181818181818,17.136363636363637,22,22,DailyBest Office Supplies 500ml,Stationery & Office,DailyBest
SKU00416,0.0,55.18181818181818,20.40909090909091,22,22,CityFresh Namkeen 1L,Snacks & Confectionery,CityFresh
SKU00506,4.434782608695652,58.17391304347826,19.47826086956522,22,22,SmartBuy Frozen Vegetables 500g,Frozen Foods,SmartBuy
SKU00531,2.9130434782608696,64.43478260869566,24.695652173913043,22,22,FamilyChoice Mobile Accessories Large,Electronics & Accessories,FamilyChoice
SKU00692,0.0,57.31818181818182,18.727272727272727,22,22,SoftTouch OTC Medicine Pack of 6,Health & Wellness,SoftTouch
SKU00728,0.0,54.5,18.0,22,22,NatureBlend Mobile Accessories 1kg,Electronics & Accessories,NatureBlend
SKU00823,0.0,60.0,22.09090909090909,22,22,HealthFirst Surface Cleaners Medium,Home Care,HealthFirst
SKU00830,0.0,59.22727272727273,20.681818181818183,22,22,TrueTaste Ice Cream Medium,Frozen Foods,TrueTaste
SKU00953,0.0,50.31818181818182,17.045454545454547,22,22,CityFresh Writing Instruments 250ml,Stationery & Office,CityFresh
SKU00976,10.173913043478262,57.69565217391305,20.52173913043478,22,22,GreenValley Cookware 2L,Home & Kitchen,GreenValley
SKU01030,0.0,57.13636363636363,21.636363636363637,22,22,NutriPlus Sugar & Salt 250g,Grocery,NutriPlus
SKU01371,0.0,55.90909090909091,18.545454545454547,22,22,PureLife Cookware 1L,Home & Kitchen,PureLife
SKU01547,6.956521739130435,60.73913043478261,20.869565217391305,22,22,SparkleClean Pest Control 500g,Home Care,SparkleClean
SKU02503,0.0,47.72727272727273,16.818181818181817,22,22,PremiumSelect Notebooks 100g,Stationery & Office,PremiumSelect
SKU02543,0.0,55.68181818181818,20.90909090909091,22,22,CityFresh Storage & Containers Pack of 12,Home & Kitchen,CityFresh
SKU02640,0.0,55.90909090909091,21.045454545454547,22,22,NutriPlus Home Decor 250ml,Home & Kitchen,NutriPlus
SKU02648,5.0,65.65217391304348,22.08695652173913,22,22,ValueChoice Frozen Vegetables 2kg,Frozen Foods,ValueChoice
SKU02747,4.391304347826087,55.608695652173914,19.82608695652174,22,22,NovaFresh OTC Medicine 250ml,Health & Wellness,NovaFresh
SKU02930,0.0,48.81818181818182,17.863636363636363,22,22,TrueTaste Pest Control 100g,Home Care,TrueTaste
SKU03292,0.0,61.18181818181818,22.40909090909091,22,22,SoftTouch Pulses & Lentils Family Pack,Grocery,SoftTouch
SKU03425,0.0,55.81818181818182,18.90909090909091,22,22,QuickBite Office Supplies 250g,Stationery & Office,QuickBite
SKU03546,0.0,59.31818181818182,22.681818181818183,22,22,PrimeCare OTC Medicine Medium,Health & Wellness,PrimeCare
SKU03633,0.0,59.22727272727273,19.818181818181817,22,22,SunriseFoods Soft Drinks 500ml,Beverages,SunriseFoods
SKU03812,0.6521739130434783,59.08695652173913,20.52173913043478,22,22,CityFresh Storage & Containers Family Pack,Home & Kitchen,CityFresh
SKU03840,2.9565217391304346,67.91304347826087,23.652173913043477,22,22,HealthFirst Dishwashing 250g,Home Care,HealthFirst
SKU04046,2.0434782608695654,62.34782608695652,21.043478260869566,22,22,CleanWave Laundry 250ml,Home Care,CleanWave
SKU04166,0.0,58.09090909090909,19.545454545454547,22,22,NatureBlend Milk 100g,Dairy & Bakery,NatureBlend
SKU04346,0.0,66.63636363636364,22.59090909090909,22,22,HomeStyle First Aid Large,Health & Wellness,HomeStyle
SKU04571,9.333333333333334,64.08333333333333,20.708333333333332,22,22,EliteHome Ready Meals 250g,Frozen Foods,EliteHome
SKU02826,0.5454545454545454,60.36363636363637,18.045454545454547,21,22,QuickBite Surface Cleaners Family Pack,Home Care,QuickBite
SKU03063,0.18181818181818182,53.09090909090909,19.636363636363637,21,22,NutriPlus Men's Grooming 250ml,Personal Care,NutriPlus
SKU00285,0.0,63.904761904761905,23.38095238095238,21,21,NutriPlus Surface Cleaners 1kg,Home Care,NutriPlus
SKU00291,0.0,61.904761904761905,22.0,21,21,SunriseFoods Writing Instruments 500ml,Stationery & Office,SunriseFoods
SKU00774,0.0,62.904761904761905,22.476190476190474,21,21,GreenValley Energy Drinks 1kg,Beverages,GreenValley
SKU00920,0.0,60.0,22.095238095238095,21,21,PremiumSelect Sugar & Salt 100g,Grocery,PremiumSelect
SKU01037,0.0,62.285714285714285,21.142857142857142,21,21,EliteHome Bottled Water Large,Beverages,EliteHome
SKU01775,1.7272727272727273,60.54545454545455,22.09090909090909,21,21,CityFresh Hair Care 2L,Personal Care,CityFresh
SKU02340,0.0,65.28571428571429,21.476190476190474,21,21,HomeStyle Skin Care 2L,Personal Care,HomeStyle
SKU02840,3.227272727272727,48.22727272727273,14.409090909090908,21,21,PremiumSelect Dishwashing 500ml,Home Care,PremiumSelect
SKU03535,12.136363636363637,44.04545454545455,15.409090909090908,21,21,DailyBest Office Supplies 2L,Stationery & Office,DailyBest
SKU04032,5.434782608695652,58.21739130434783,20.17391304347826,21,21,SunriseFoods Hair Care Pack of 12,Personal Care,SunriseFoods
SKU04273,0.0,65.19047619047619,23.095238095238095,21,21,CityFresh Women's Wear 1L,Apparel & Footwear,CityFresh
SKU04280,14.565217391304348,55.391304347826086,17.869565217391305,21,21,BasicNeeds Writing Instruments 100g,Stationery & Office,BasicNeeds
SKU04489,0.0,58.285714285714285,20.61904761904762,21,21,PureLife OTC Medicine 250g,Health & Wellness,PureLife
SKU04663,0.0,66.57142857142857,21.095238095238095,21,21,NovaFresh Frozen Meat 100g,Frozen Foods,NovaFresh
SKU04913,6.363636363636363,59.68181818181818,20.363636363636363,21,21,TrueTaste OTC Medicine 2kg,Health & Wellness,TrueTaste
SKU04926,0.0,60.42857142857143,20.80952380952381,21,21,BasicNeeds Skin Care Pack of 6,Personal Care,BasicNeeds
SKU02079,0.047619047619047616,58.76190476190476,21.761904761904763,20,21,ValueChoice Yogurt Pack of 6,Dairy & Bakery,ValueChoice
SKU03088,1.5238095238095237,66.76190476190476,26.571428571428573,20,21,GoldenHarvest Notebooks Pack of 6,Stationery & Office,GoldenHarvest
SKU00445,0.0,57.3,22.4,20,20,QuickBite Yogurt Large,Dairy & Bakery,QuickBite
SKU00832,0.0,53.7,20.55,20,20,ZestyCo Small Appliances 2L,Electronics & Accessories,ZestyCo
SKU00845,5.818181818181818,52.63636363636363,18.09090909090909,20,20,ZestyCo Frozen Vegetables 1L,Frozen Foods,ZestyCo
SKU00942,0.0,64.65,22.4,20,20,FreshFarm Pest Control 1kg,Home Care,FreshFarm
SKU00994,0.0,63.35,20.65,20,20,NovaFresh Home Decor 2L,Home & Kitchen,NovaFresh
SKU01009,0.0,62.8,20.95,20,20,SparkleClean Bath & Body Pack of 6,Personal Care,SparkleClean
SKU01045,0.0,62.8,21.4,20,20,PurePlus Frozen Meat Medium,Frozen Foods,PurePlus
SKU01420,0.0,64.55,23.55,20,20,GoldenHarvest Notebooks 250g,Stationery & Office,GoldenHarvest
SKU02155,0.0,52.5,18.65,20,20,HomeStyle Home Decor Medium,Home & Kitchen,HomeStyle
SKU02482,0.0,59.4,20.85,20,20,MetroBrand Batteries 2kg,Electronics & Accessories,MetroBrand
SKU02538,3.4761904761904763,67.85714285714286,22.428571428571427,20,20,EverydayPlus Ice Cream 2L,Frozen Foods,EverydayPlus
SKU02657,8.285714285714286,53.04761904761905,19.523809523809526,20,20,DailyBest Cheese Pack of 12,Dairy & Bakery,DailyBest
SKU02692,0.0,60.25,20.6,20,20,CleanWave Mobile Accessories 500ml,Electronics & Accessories,CleanWave
SKU02740,0.0,56.0,20.8,20,20,CrispKing Chips & Crisps Small,Snacks & Confectionery,CrispKing
SKU02776,1.0,53.19047619047619,19.285714285714285,20,20,SparkleClean Namkeen Pack of 12,Snacks & Confectionery,SparkleClean
SKU03259,4.904761904761905,59.38095238095238,18.80952380952381,20,20,CleanWave Vitamins & Supplements 100g,Health & Wellness,CleanWave
SKU03693,8.238095238095237,65.47619047619048,20.857142857142858,20,20,UrbanBite Ice Cream 1L,Frozen Foods,UrbanBite
SKU03851,0.0,67.65,23.75,20,20,SoftTouch Butter & Ghee 500ml,Dairy & Bakery,SoftTouch
SKU04041,0.0,62.2,23.7,20,20,PurePlus Laundry 1kg,Home Care,PurePlus
SKU04154,14.217391304347826,63.95652173913044,22.608695652173914,20,20,TrueTaste Spices & Seasoning Medium,Grocery,TrueTaste
SKU04191,0.0,71.85,23.95,20,20,HomeStyle Spices & Seasoning 2L,Grocery,HomeStyle
SKU04305,0.0,52.5,18.15,20,20,GoldenHarvest Vitamins & Supplements 2kg,Health & Wellness,GoldenHarvest
SKU04381,0.0,64.3,22.95,20,20,UrbanBite Spices & Seasoning 100g,Grocery,UrbanBite
SKU04508,0.0,57.7,19.05,20,20,FreshFarm Ready Meals 500ml,Frozen Foods,FreshFarm
SKU04574,0.0,55.75,17.6,20,20,HealthFirst Sugar & Salt 1L,Grocery,HealthFirst
SKU04633,0.0,55.6,16.95,20,20,CrispKing Men's Grooming Small,Personal Care,CrispKing
SKU04710,20.625,57.041666666666664,20.916666666666668,20,20,SmartBuy Women's Wear 1L,Apparel & Footwear,SmartBuy
SKU04756,0.0,53.85,18.4,20,20,PrimeCare Vitamins & Supplements Medium,Health & Wellness,PrimeCare
SKU04847,9.476190476190476,63.42857142857143,23.476190476190474,20,20,ValueChoice Small Appliances 500g,Electronics & Accessories,ValueChoice
SKU00328,3.4285714285714284,70.95238095238095,26.0,19,20,EverydayPlus Spices & Seasoning 250g,Grocery,EverydayPlus
SKU02368,0.05,61.55,19.2,19,20,SunriseFoods Ready Meals 250ml,Frozen Foods,SunriseFoods
SKU00062,11.4,61.05,21.35,19,19,EverydayPlus Mobile Accessories Family Pack,Electronics & Accessories,EverydayPlus
SKU00369,0.0,67.21052631578948,21.42105263157895,19,19,MetroBrand Surface Cleaners 500ml,Home Care,MetroBrand
SKU00538,5.2,54.95,17.95,19,19,EliteHome Vitamins & Supplements 2L,Health & Wellness,EliteHome
SKU00628,2.1,52.95,17.2,19,19,EverydayPlus Soft Drinks Pack of 12,Beverages,EverydayPlus
SKU01048,3.5,62.55,23.5,19,19,EliteHome Notebooks 500ml,Stationery & Office,EliteHome
SKU01189,0.0,51.1578947368421,18.42105263157895,19,19,PureLife Footwear 500g,Apparel & Footwear,PureLife
SKU01485,0.0,54.89473684210526,19.894736842105264,19,19,PrimeCare Men's Grooming 250g,Personal Care,PrimeCare
SKU01662,0.0,61.78947368421053,19.473684210526315,19,19,FamilyChoice OTC Medicine Medium,Health & Wellness,FamilyChoice
SKU01784,0.0,49.63157894736842,17.263157894736842,19,19,HealthFirst Writing Instruments 250ml,Stationery & Office,HealthFirst
SKU02141,10.4,57.15,20.75,19,19,PureLife Bath & Body Family Pack,Personal Care,PureLife
SKU02532,7.2,66.35,23.7,19,19,FamilyChoice Coffee 500g,Beverages,FamilyChoice
SKU02614,0.0,54.89473684210526,19.473684210526315,19,19,FamilyChoice Sugar & Salt Family Pack,Grocery,FamilyChoice
SKU02683,3.35,67.2,23.9,19,19,DailyBest Butter & Ghee Pack of 12,Dairy & Bakery,DailyBest
SKU03053,0.0,51.26315789473684,17.526315789473685,19,19,PremiumSelect Kids Wear Family Pack,Apparel & Footwear,PremiumSelect
SKU03323,7.190476190476191,58.142857142857146,17.80952380952381,19,19,UrbanBite Batteries 250ml,Electronics & Accessories,UrbanBite
SKU03727,5.1,59.4,21.15,19,19,QuickBite Mobile Accessories 2kg,Electronics & Accessories,QuickBite
SKU04035,0.0,61.31578947368421,18.94736842105263,19,19,ValueChoice Sugar & Salt 250g,Grocery,ValueChoice
SKU04140,5.4,62.3,21.55,19,19,PremiumSelect Cheese Medium,Dairy & Bakery,PremiumSelect
SKU04245,4.714285714285714,59.38095238095238,21.571428571428573,19,19,PrimeCare Frozen Vegetables 1kg,Frozen Foods,PrimeCare
SKU04596,0.0,63.73684210526316,22.36842105263158,19,19,ValueChoice Eggs Pack of 6,Dairy & Bakery,ValueChoice
SKU00177,2.8421052631578947,60.10526315789474,22.05263157894737,18,18,FamilyChoice Chocolates Pack of 12,Snacks & Confectionery,FamilyChoice
SKU00263,5.7894736842105265,56.26315789473684,20.36842105263158,18,18,CityFresh Bread 500g,Dairy & Bakery,CityFresh
SKU01677,9.45,69.9,24.9,18,18,ValueChoice Tea Pack of 6,Beverages,ValueChoice
SKU01988,2.3157894736842106,56.68421052631579,20.210526315789473,18,18,FreshFarm Sugar & Salt Pack of 12,Grocery,FreshFarm
SKU02068,2.789473684210526,55.1578947368421,20.94736842105263,18,18,SoftTouch Notebooks 1kg,Stationery & Office,SoftTouch
SKU02088,2.263157894736842,67.78947368421052,24.210526315789473,18,18,PremiumSelect Cheese 500g,Dairy & Bakery,PremiumSelect
SKU02898,2.55,50.85,19.65,18,18,CrispKing Footwear 1L,Apparel & Footwear,CrispKing
SKU02950,0.0,64.11111111111111,20.055555555555557,18,18,FreshFarm Eggs 250ml,Dairy & Bakery,FreshFarm
SKU02983,0.0,67.94444444444444,20.944444444444443,18,18,SparkleClean Kids Wear 2kg,Apparel & Footwear,SparkleClean
SKU04321,13.68421052631579,54.0,16.894736842105264,18,18,EliteHome Hair Care Pack of 6,Personal Care,EliteHome
SKU04824,0.0,70.0,24.833333333333332,18,18,GoldenHarvest Kids Wear Medium,Apparel & Footwear,GoldenHarvest
SKU04646,0.3333333333333333,56.05555555555556,19.38888888888889,17,18,ZestyCo Chocolates Small,Snacks & Confectionery,ZestyCo
SKU00079,7.666666666666667,63.44444444444444,21.0,17,17,DailyBest Frozen Vegetables 2kg,Frozen Foods,DailyBest
SKU00286,8.944444444444445,64.77777777777777,26.27777777777778,17,17,PurePlus Energy Drinks Medium,Beverages,PurePlus
SKU01438,0.0,60.76470588235294,19.823529411764707,17,17,GreenValley Cooking Oil 100g,Grocery,GreenValley
SKU02401,0.0,59.35294117647059,22.235294117647058,17,17,SoftTouch First Aid 100g,Health & Wellness,SoftTouch
SKU02858,11.105263157894736,63.68421052631579,23.105263157894736,17,17,FamilyChoice Dishwashing 100g,Home Care,FamilyChoice
SKU03800,0.0,63.0,21.0,17,17,ValueChoice Chocolates 250ml,Snacks & Confectionery,ValueChoice
SKU04318,2.111111111111111,55.166666666666664,20.22222222222222,17,17,SoftTouch Notebooks 500g,Stationery & Office,SoftTouch
SKU04348,0.8888888888888888,59.72222222222222,21.666666666666668,17,17,HealthFirst Men's Grooming Medium,Personal Care,HealthFirst
SKU04626,11.736842105263158,62.578947368421055,22.894736842105264,17,17,GreenValley Spices & Seasoning Small,Grocery,GreenValley
SKU04627,0.0,58.05882352941177,20.647058823529413,17,17,SunriseFoods Men's Grooming Small,Personal Care,SunriseFoods
SKU00050,2.6666666666666665,59.22222222222222,20.555555555555557,16,17,PremiumSelect Office Supplies 2L,Stationery & Office,PremiumSelect
SKU00893,5.631578947368421,51.78947368421053,19.894736842105264,16,16,FreshFarm Hair Care 2L,Personal Care,FreshFarm
SKU00974,0.0,51.4375,17.375,16,16,CleanWave Chocolates 1kg,Snacks & Confectionery,CleanWave
SKU01993,0.0,52.9375,18.625,16,16,DailyBest Office Supplies Pack of 12,Stationery & Office,DailyBest
SKU02333,0.0,66.125,21.875,16,16,NovaFresh Chocolates Pack of 12,Snacks & Confectionery,NovaFresh
SKU02923,8.11111111111111,70.22222222222223,24.11111111111111,16,16,EverydayPlus Namkeen 2L,Snacks & Confectionery,EverydayPlus
SKU03876,4.0588235294117645,55.64705882352941,17.647058823529413,16,16,NovaFresh Energy Drinks 1kg,Beverages,NovaFresh
SKU04105,4.0,67.38888888888889,25.88888888888889,16,16,BasicNeeds Men's Grooming 100g,Personal Care,BasicNeeds
SKU03622,5.0625,61.4375,22.9375,15,15,NatureBlend Yogurt 1L,Dairy & Bakery,NatureBlend
SKU03702,1.0,58.625,20.75,15,15,HomeStyle Cooking Oil Small,Grocery,HomeStyle
SKU04012,0.0,68.6,21.733333333333334,15,15,BasicNeeds Bath & Body Pack of 12,Personal Care,BasicNeeds
SKU04476,0.0,60.2,21.2,15,15,PrimeCare Oral Care Pack of 6,Personal Care,PrimeCare
SKU01164,19.0,64.11764705882354,21.294117647058822,14,15,SmartBuy Cookware Large,Home & Kitchen,SmartBuy
SKU01363,1.2666666666666666,68.4,23.733333333333334,14,14,CrispKing Mobile Accessories 2L,Electronics & Accessories,CrispKing
SKU02031,25.333333333333332,41.333333333333336,13.333333333333334,2,2,PureLife Batteries 100g,Electronics & Accessories,PureLife
SKU01613,20.75,40.25,14.5,1,3,CrispKing Rice & Grains 250g,Grocery,CrispKing
SKU02486,5.0,57.333333333333336,26.333333333333332,1,3,SparkleClean Pulses & Lentils Small,Grocery,SparkleClean
SKU00298,64.66666666666667,55.0,18.333333333333332,1,2,GreenValley Writing Instruments 250ml,Stationery & Office,GreenValley
SKU00835,66.6,63.2,21.4,1,2,FamilyChoice Vitamins & Supplements 2kg,Health & Wellness,FamilyChoice
SKU00861,12.0,62.5,26.5,1,2,MetroBrand Butter & Ghee 100g,Dairy & Bakery,MetroBrand
SKU00884,31.0,47.75,16.75,1,2,HomeStyle Yogurt Small,Dairy & Bakery,HomeStyle
SKU00892,35.25,45.75,16.0,1,2,EverydayPlus Storage & Containers 500g,Home & Kitchen,EverydayPlus
SKU00922,3.5,46.5,13.0,1,2,TrueTaste Namkeen Medium,Snacks & Confectionery,TrueTaste
SKU01010,16.75,50.25,12.25,1,2,TrueTaste Hair Care Family Pack,Personal Care,TrueTaste
SKU01216,62.5,53.75,18.75,1,2,HomeStyle Cooking Oil 1L,Grocery,HomeStyle
SKU01258,36.25,57.75,22.0,1,2,TrueTaste Storage & Containers 2L,Home & Kitchen,TrueTaste
SKU02122,44.0,45.333333333333336,19.666666666666668,1,2,GoldenHarvest Milk 1L,Dairy & Bakery,GoldenHarvest
SKU02245,57.2,65.2,17.0,1,2,NutriPlus Surface Cleaners 500ml,Home Care,NutriPlus
SKU02506,12.0,45.5,20.0,1,2,EliteHome Frozen Meat Family Pack,Frozen Foods,EliteHome
SKU03029,134.0,72.2,25.0,1,2,ZestyCo Namkeen Small,Snacks & Confectionery,ZestyCo
SKU03222,104.4,70.0,28.2,1,2,CleanWave Candy Family Pack,Snacks & Confectionery,CleanWave
SKU03992,113.5,73.5,27.5,1,2,QuickBite Cookware 250g,Home & Kitchen,QuickBite
SKU04309,5.5,77.0,24.5,1,2,HealthFirst Coffee Small,Beverages,HealthFirst
SKU04778,33.666666666666664,47.666666666666664,17.0,1,2,SmartBuy Vitamins & Supplements Family Pack,Health & Wellness,SmartBuy
SKU04871,0.5,46.5,14.5,1,2,GreenValley Cookware 500ml,Home & Kitchen,GreenValley
SKU00076,51.0,46.0,14.0,1,1,TrueTaste Butter & Ghee Pack of 12,Dairy & Bakery,TrueTaste
SKU00245,26.333333333333332,57.0,16.0,1,1,FreshFarm Batteries Pack of 12,Electronics & Accessories,FreshFarm
SKU00267,105.6,73.8,25.0,1,1,UrbanBite Writing Instruments 2L,Stationery & Office,UrbanBite
SKU00272,23.0,29.5,11.5,1,1,EverydayPlus Small Appliances 500ml,Electronics & Accessories,EverydayPlus
SKU00397,118.33333333333333,53.333333333333336,20.0,1,1,PremiumSelect Laundry Pack of 12,Home Care,PremiumSelect
SKU00408,82.0,49.0,13.333333333333334,1,1,HomeStyle Cookware 1kg,Home & Kitchen,HomeStyle
SKU00481,0.0,37.0,11.0,1,1,UrbanBite Batteries 2L,Electronics & Accessories,UrbanBite
SKU00657,0.0,29.0,14.0,1,1,TrueTaste Frozen Meat 250ml,Frozen Foods,TrueTaste
SKU00668,48.0,34.666666666666664,11.0,1,1,CrispKing Energy Drinks 1L,Beverages,CrispKing
SKU00694,0.0,28.0,10.0,1,1,SunriseFoods Rice & Grains 250ml,Grocery,SunriseFoods
SKU00742,68.875,47.125,13.875,1,1,FreshFarm Batteries 1kg,Electronics & Accessories,FreshFarm
SKU00768,89.0,53.666666666666664,19.666666666666668,1,1,HomeStyle Men's Wear 250g,Apparel & Footwear,HomeStyle
SKU00867,24.5,40.5,15.0,1,1,FamilyChoice Hair Care 500ml,Personal Care,FamilyChoice
SKU00984,50.0,60.333333333333336,16.666666666666668,1,1,QuickBite Women's Wear 250g,Apparel & Footwear,QuickBite
SKU01020,25.333333333333332,76.33333333333333,25.0,1,1,SparkleClean Office Supplies 250g,Stationery & Office,SparkleClean
SKU01081,139.2,75.2,22.6,1,1,FamilyChoice Women's Wear Small,Apparel & Footwear,FamilyChoice
SKU01102,41.5,36.5,15.0,1,1,NutriPlus Skin Care 250ml,Personal Care,NutriPlus
SKU01121,56.25,59.0,21.5,1,1,PrimeCare Oral Care 100g,Personal Care,PrimeCare
SKU01355,121.0,67.0,24.666666666666668,1,1,FreshFarm First Aid Medium,Health & Wellness,FreshFarm
SKU01499,0.0,43.0,9.0,1,1,EverydayPlus Writing Instruments 1L,Stationery & Office,EverydayPlus
SKU01584,0.0,23.0,6.0,1,1,BasicNeeds Home Decor 250g,Home & Kitchen,BasicNeeds
SKU01620,66.0,47.0,12.0,1,1,SunriseFoods Biscuits & Cookies 500g,Snacks & Confectionery,SunriseFoods
SKU01643,232.0,59.0,21.318181818181817,1,1,FreshFarm Men's Grooming Pack of 6,Personal Care,FreshFarm
SKU01687,138.5,60.5,24.75,1,1,HealthFirst Office Supplies 500g,Stationery & Office,HealthFirst
SKU01837,60.0,63.0,22.0,1,1,EverydayPlus Kids Wear 100g,Apparel & Footwear,EverydayPlus
SKU01842,36.0,86.5,33.5,1,1,SoftTouch Pest Control 1L,Home Care,SoftTouch
SKU01858,49.0,31.0,8.0,1,1,UrbanBite Tea 2L,Beverages,UrbanBite
SKU01884,131.66666666666666,81.0,35.333333333333336,1,1,UrbanBite Batteries Large,Electronics & Accessories,UrbanBite
SKU01991,44.333333333333336,48.0,16.0,1,1,CleanWave Mobile Accessories 250ml,Electronics & Accessories,CleanWave
SKU02203,32.666666666666664,46.0,15.666666666666666,1,1,MetroBrand Batteries 100g,Electronics & Accessories,MetroBrand
SKU02602,0.0,32.0,11.0,1,1,CrispKing Cooking Oil 2kg,Grocery,CrispKing
SKU02837,45.5,70.0,24.5,1,1,EliteHome Small Appliances Small,Electronics & Accessories,EliteHome
SKU02857,104.75,61.0,22.75,1,1,MetroBrand First Aid 1L,Health & Wellness,MetroBrand
SKU03002,64.33333333333333,52.666666666666664,13.333333333333334,1,1,NutriPlus Chocolates 250g,Snacks & Confectionery,NutriPlus
SKU03110,0.0,20.0,5.0,1,1,PureLife Men's Grooming Pack of 6,Personal Care,PureLife
SKU03298,149.0,65.33333333333333,21.0,1,1,GreenValley Frozen Vegetables Pack of 12,Frozen Foods,GreenValley
SKU03856,69.0,59.333333333333336,25.666666666666668,1,1,EliteHome Writing Instruments Pack of 6,Stationery & Office,EliteHome
SKU03901,66.66666666666667,37.333333333333336,16.333333333333332,1,1,CrispKing Milk Large,Dairy & Bakery,CrispKing
SKU03906,115.0,70.0,26.666666666666668,1,1,GoldenHarvest Bath & Body 250g,Personal Care,GoldenHarvest
SKU04156,0.0,64.0,21.0,1,1,CityFresh Men's Wear 500g,Apparel & Footwear,CityFresh
SKU04169,38.5,33.0,13.5,1,1,GreenValley Storage & Containers 2L,Home & Kitchen,GreenValley
SKU04264,85.25,51.0,17.75,1,1,ValueChoice Mobile Accessories Small,Electronics & Accessories,ValueChoice
SKU04269,0.0,22.0,6.0,1,1,CleanWave Mobile Accessories 500ml,Electronics & Accessories,CleanWave
SKU04434,25.0,37.0,12.0,1,1,FreshFarm Mobile Accessories 250g,Electronics & Accessories,FreshFarm
SKU04486,107.75,60.0,21.0,1,1,CityFresh Kids Wear 100g,Apparel & Footwear,CityFresh
SKU04615,36.0,51.25,14.25,1,1,NutriPlus Air Fresheners Family Pack,Home Care,NutriPlus
SKU04722,106.5,61.0,17.5,1,1,EverydayPlus Notebooks 2kg,Stationery & Office,EverydayPlus
SKU04809,77.0,42.333333333333336,15.0,1,1,CleanWave Notebooks Small,Stationery & Office,CleanWave
SKU00450,29.2,44.8,18.8,0,3,DailyBest OTC Medicine 2kg,Health & Wellness,DailyBest
SKU01246,34.8,57.8,21.4,0,3,SmartBuy Vitamins & Supplements 1kg,Health & Wellness,SmartBuy
SKU01786,40.0,58.0,24.25,0,3,FreshFarm Juices 1L,Beverages,FreshFarm
SKU02198,8.666666666666666,44.0,15.666666666666666,0,3,PrimeCare Women's Wear 500g,Apparel & Footwear,PrimeCare
SKU02289,30.25,65.0,26.75,0,3,ValueChoice Storage & Containers Family Pack,Home & Kitchen,ValueChoice
SKU03236,32.5,54.0,20.75,0,3,FamilyChoice Chocolates 1L,Snacks & Confectionery,FamilyChoice
SKU00252,90.75,59.75,26.0,0,2,GoldenHarvest Kids Wear 500g,Apparel & Footwear,GoldenHarvest
SKU00275,19.333333333333332,47.333333333333336,21.333333333333332,0,2,UrbanBite Dishwashing Pack of 12,Home Care,UrbanBite
SKU00289,73.0,74.25,25.75,0,2,DailyBest Cooking Oil 500ml,Grocery,DailyBest
SKU00338,38.666666666666664,67.33333333333333,30.0,0,2,GoldenHarvest Ready Meals Large,Frozen Foods,GoldenHarvest
SKU00349,33.25,53.75,18.25,0,2,PureLife Office Supplies 2L,Stationery & Office,PureLife
SKU00351,52.833333333333336,53.333333333333336,19.5,0,2,DailyBest Energy Drinks 500ml,Beverages,DailyBest
SKU00420,89.5,56.0,23.0,0,2,HomeStyle Frozen Vegetables 250ml,Frozen Foods,HomeStyle
SKU00426,53.75,65.75,20.75,0,2,ValueChoice Oral Care Medium,Personal Care,ValueChoice
SKU00629,71.0,73.25,26.5,0,2,FreshFarm Eggs 1L,Dairy & Bakery,FreshFarm
SKU00677,56.285714285714285,54.285714285714285,17.142857142857142,0,2,EliteHome Mobile Accessories 500ml,Electronics & Accessories,EliteHome
SKU00681,46.333333333333336,44.666666666666664,12.666666666666666,0,2,FreshFarm Biscuits & Cookies Small,Snacks & Confectionery,FreshFarm
SKU00726,45.333333333333336,55.333333333333336,24.666666666666668,0,2,CrispKing Frozen Vegetables 1kg,Frozen Foods,CrispKing
SKU00796,6.0,90.0,26.5,0,2,NatureBlend Soft Drinks 1L,Beverages,NatureBlend
SKU00800,77.75,63.5,26.5,0,2,PureLife Bread Small,Dairy & Bakery,PureLife
SKU00872,55.75,55.75,21.5,0,2,GreenValley Pulses & Lentils Family Pack,Grocery,GreenValley
SKU00878,30.5,72.25,29.25,0,2,ZestyCo Eggs 250ml,Dairy & Bakery,ZestyCo
SKU00949,57.5,52.25,20.0,0,2,UrbanBite Spices & Seasoning 1L,Grocery,UrbanBite
SKU00956,6.5,59.5,23.5,0,2,CleanWave Namkeen Large,Snacks & Confectionery,CleanWave
SKU00968,58.666666666666664,67.66666666666667,22.666666666666668,0,2,PureLife Vitamins & Supplements Pack of 12,Health & Wellness,PureLife
SKU01123,70.75,55.0,16.25,0,2,MetroBrand Writing Instruments 2kg,Stationery & Office,MetroBrand
SKU01127,49.25,61.0,27.25,0,2,SunriseFoods Vitamins & Supplements 500ml,Health & Wellness,SunriseFoods
SKU01132,111.25,68.25,28.5,0,2,SoftTouch Mobile Accessories 2kg,Electronics & Accessories,SoftTouch
SKU01146,84.4,62.8,21.2,0,2,DailyBest Ice Cream 1kg,Frozen Foods,DailyBest
SKU01150,18.0,27.0,10.333333333333334,0,2,HomeStyle Pulses & Lentils 250g,Grocery,HomeStyle
SKU01184,4.0,28.0,13.0,0,2,GoldenHarvest Men's Wear Pack of 12,Apparel & Footwear,GoldenHarvest
SKU01225,50.25,69.25,26.0,0,2,QuickBite Cookware Pack of 12,Home & Kitchen,QuickBite
SKU01237,76.0,65.0,28.0,0,2,ValueChoice Frozen Meat Pack of 6,Frozen Foods,ValueChoice
SKU01513,32.0,74.33333333333333,32.0,0,2,FamilyChoice Chocolates 250g,Snacks & Confectionery,FamilyChoice
SKU01632,66.33333333333333,71.0,26.333333333333332,0,2,NatureBlend Skin Care Pack of 12,Personal Care,NatureBlend
SKU01681,25.333333333333332,52.666666666666664,18.0,0,2,ValueChoice Bath & Body 2kg,Personal Care,ValueChoice
SKU01682,84.0,58.75,18.0,0,2,EliteHome Notebooks Medium,Stationery & Office,EliteHome
SKU01736,3.0,48.5,19.5,0,2,UrbanBite Chips & Crisps 2kg,Snacks & Confectionery,UrbanBite
SKU01777,43.75,49.0,17.25,0,2,UrbanBite Hair Care 250ml,Personal Care,UrbanBite
SKU01909,20.75,36.75,11.25,0,2,CrispKing Men's Grooming Pack of 12,Personal Care,CrispKing
SKU01925,8.333333333333334,35.333333333333336,10.333333333333334,0,2,HomeStyle Small Appliances 1kg,Electronics & Accessories,HomeStyle
SKU01943,37.5,49.25,16.75,0,2,BasicNeeds Women's Wear Medium,Apparel & Footwear,BasicNeeds
SKU02016,25.4,57.2,22.8,0,2,EliteHome Writing Instruments 2L,Stationery & Office,EliteHome
SKU02109,16.333333333333332,68.0,28.0,0,2,PurePlus Rice & Grains Medium,Grocery,PurePlus
SKU02120,50.333333333333336,86.0,24.0,0,2,ZestyCo Writing Instruments 250g,Stationery & Office,ZestyCo
SKU02121,25.0,80.0,32.0,0,2,PremiumSelect Cheese 250g,Dairy & Bakery,PremiumSelect
SKU02222,22.0,48.666666666666664,18.333333333333332,0,2,SparkleClean Men's Wear 250g,Apparel & Footwear,SparkleClean
SKU02324,14.0,57.5,26.5,0,2,PrimeCare Biscuits & Cookies 2L,Snacks & Confectionery,PrimeCare
SKU02328,13.5,43.5,16.5,0,2,PremiumSelect Namkeen Small,Snacks & Confectionery,PremiumSelect
SKU02336,41.0,61.0,20.666666666666668,0,2,PurePlus Men's Grooming 500g,Personal Care,PurePlus
SKU02407,45.666666666666664,66.66666666666667,27.666666666666668,0,2,HomeStyle Footwear 2kg,Apparel & Footwear,HomeStyle
SKU02427,59.857142857142854,61.857142857142854,19.857142857142858,0,2,FreshFarm Yogurt 500ml,Dairy & Bakery,FreshFarm
SKU02442,51.166666666666664,47.0,16.5,0,2,HealthFirst Bath & Body 2L,Personal Care,HealthFirst
SKU02488,70.2,66.2,22.8,0,2,SunriseFoods Small Appliances Small,Electronics & Accessories,SunriseFoods
SKU02554,89.0,62.666666666666664,22.0,0,2,SmartBuy Cookware 500g,Home & Kitchen,SmartBuy
SKU02563,3.0,56.0,21.0,0,2,CleanWave Writing Instruments 2kg,Stationery & Office,CleanWave
SKU02622,19.5,45.0,21.0,0,2,FamilyChoice Rice & Grains 500g,Grocery,FamilyChoice
SKU02695,48.75,51.75,16.25,0,2,PureLife Laundry 2kg,Home Care,PureLife
SKU02798,84.0,81.0,35.5,0,2,EliteHome Laundry 100g,Home Care,EliteHome
SKU02924,68.5,65.25,24.5,0,2,GreenValley Women's Wear Large,Apparel & Footwear,GreenValley
SKU03004,93.0,83.0,34.666666666666664,0,2,EverydayPlus Kids Wear Medium,Apparel & Footwear,EverydayPlus
SKU03012,5.0,46.5,19.0,0,2,BasicNeeds Storage & Containers 1L,Home & Kitchen,BasicNeeds
SKU03017,38.8,38.8,17.0,0,2,GoldenHarvest Mobile Accessories Large,Electronics & Accessories,GoldenHarvest
SKU03154,42.5,51.75,19.5,0,2,CityFresh Bread 250ml,Dairy & Bakery,CityFresh
SKU03239,36.75,55.0,16.25,0,2,SoftTouch Yogurt Pack of 12,Dairy & Bakery,SoftTouch
SKU03262,53.333333333333336,64.0,17.333333333333332,0,2,SunriseFoods Office Supplies Medium,Stationery & Office,SunriseFoods
SKU03348,53.5,58.0,23.25,0,2,EverydayPlus Laundry Pack of 6,Home Care,EverydayPlus
SKU03432,103.8,72.0,24.8,0,2,SoftTouch Men's Wear 500ml,Apparel & Footwear,SoftTouch
SKU03433,27.75,64.75,26.75,0,2,HealthFirst Biscuits & Cookies 250g,Snacks & Confectionery,HealthFirst
SKU03489,15.0,60.0,22.5,0,2,NovaFresh Spices & Seasoning 250g,Grocery,NovaFresh
SKU03533,29.8,35.6,12.0,0,2,MetroBrand Chips & Crisps Medium,Snacks & Confectionery,MetroBrand
SKU03614,73.75,54.75,18.75,0,2,QuickBite Vitamins & Supplements 500ml,Health & Wellness,QuickBite
SKU03741,26.0,83.0,33.5,0,2,HealthFirst Ready Meals 250ml,Frozen Foods,HealthFirst
SKU03797,54.0,63.25,25.75,0,2,PremiumSelect Rice & Grains Small,Grocery,PremiumSelect
SKU03895,21.0,54.5,17.75,0,2,BasicNeeds Men's Grooming Medium,Personal Care,BasicNeeds
SKU03917,47.5,47.833333333333336,18.833333333333332,0,2,EverydayPlus Home Decor 2kg,Home & Kitchen,EverydayPlus
SKU03934,44.0,90.66666666666667,27.333333333333332,0,2,HomeStyle Men's Wear Family Pack,Apparel & Footwear,HomeStyle
SKU03939,9.0,60.0,19.5,0,2,DailyBest Notebooks 100g,Stationery & Office,DailyBest
SKU04038,89.25,76.75,23.25,0,2,HealthFirst Biscuits & Cookies Pack of 6,Snacks & Confectionery,HealthFirst
SKU04056,19.0,53.0,23.0,0,2,EliteHome Footwear Pack of 12,Apparel & Footwear,EliteHome
SKU04287,6.0,44.0,19.5,0,2,SmartBuy Vitamins & Supplements Pack of 6,Health & Wellness,SmartBuy
SKU04358,28.666666666666668,66.66666666666667,29.333333333333332,0,2,NutriPlus First Aid 100g,Health & Wellness,NutriPlus
SKU04424,27.0,79.66666666666667,32.333333333333336,0,2,HealthFirst Cookware 1kg,Home & Kitchen,HealthFirst
SKU04456,70.57142857142857,49.42857142857143,14.571428571428571,0,2,FamilyChoice Laundry Pack of 12,Home Care,FamilyChoice
SKU04478,3.5,57.5,17.5,0,2,NutriPlus Candy 100g,Snacks & Confectionery,NutriPlus
SKU04515,52.0,47.0,19.0,0,2,PrimeCare Milk Pack of 12,Dairy & Bakery,PrimeCare
SKU04632,21.5,70.0,26.5,0,2,GoldenHarvest Vitamins & Supplements 2L,Health & Wellness,GoldenHarvest
SKU04703,27.4,56.6,18.6,0,2,PureLife Energy Drinks Pack of 12,Beverages,PureLife
SKU04707,40.666666666666664,48.0,15.333333333333334,0,2,ZestyCo Cookware 1kg,Home & Kitchen,ZestyCo
SKU04733,63.0,41.6,14.4,0,2,TrueTaste Dishwashing Medium,Home Care,TrueTaste
SKU04810,61.5,50.25,16.0,0,2,SmartBuy Office Supplies 250g,Stationery & Office,SmartBuy
SKU04821,33.0,67.33333333333333,21.666666666666668,0,2,PurePlus Cookware Small,Home & Kitchen,PurePlus
SKU04832,54.75,49.25,15.25,0,2,NatureBlend Notebooks 2kg,Stationery & Office,NatureBlend
SKU04900,57.333333333333336,74.33333333333333,25.666666666666668,0,2,HomeStyle Storage & Containers 1kg,Home & Kitchen,HomeStyle
SKU00005,82.2,56.8,20.8,0,1,SunriseFoods Pest Control Pack of 6,Home Care,SunriseFoods
SKU00011,3.0,35.0,17.0,0,1,PremiumSelect Writing Instruments 500g,Stationery & Office,PremiumSelect
SKU00018,49.333333333333336,62.666666666666664,18.333333333333332,0,1,PurePlus Chips & Crisps Small,Snacks & Confectionery,PurePlus
SKU00027,102.0,56.5,19.5,0,1,TrueTaste Mobile Accessories Small,Electronics & Accessories,TrueTaste
SKU00035,99.0,49.666666666666664,18.833333333333332,0,1,PremiumSelect Air Fresheners Large,Home Care,PremiumSelect
SKU00038,18.0,49.0,24.0,0,1,CleanWave Skin Care Medium,Personal Care,CleanWave
SKU00056,37.666666666666664,63.0,19.666666666666668,0,1,NovaFresh Butter & Ghee 1L,Dairy & Bakery,NovaFresh
SKU00068,8.0,99.0,39.0,0,1,MetroBrand Tea 2kg,Beverages,MetroBrand
SKU00080,1.0,43.0,16.0,0,1,GreenValley Biscuits & Cookies 500ml,Snacks & Confectionery,GreenValley
SKU00084,19.5,54.0,16.5,0,1,NutriPlus Men's Wear 2kg,Apparel & Footwear,NutriPlus
SKU00086,76.66666666666667,74.66666666666667,33.333333333333336,0,1,HealthFirst Small Appliances Pack of 12,Electronics & Accessories,HealthFirst
SKU00099,18.0,77.0,34.0,0,1,HealthFirst Footwear Family Pack,Apparel & Footwear,HealthFirst
SKU00102,65.5,65.0,28.5,0,1,PurePlus Surface Cleaners 100g,Home Care,PurePlus
SKU00106,87.2,65.4,27.2,0,1,CrispKing Bottled Water Large,Beverages,CrispKing
SKU00107,69.5,60.0,22.0,0,1,HealthFirst Mobile Accessories Family Pack,Electronics & Accessories,HealthFirst
SKU00108,92.33333333333333,64.0,22.333333333333332,0,1,SmartBuy Juices 100g,Beverages,SmartBuy
SKU00110,67.0,41.5,12.5,0,1,CityFresh Vitamins & Supplements Medium,Health & Wellness,CityFresh
SKU00116,10.0,41.0,11.0,0,1,CrispKing Ready Meals Large,Frozen Foods,CrispKing
SKU00119,5.0,22.0,11.0,0,1,CleanWave OTC Medicine 250ml,Health & Wellness,CleanWave
SKU00127,262.42105263157896,62.526315789473685,21.263157894736842,0,1,PremiumSelect Dishwashing 2L,Home Care,PremiumSelect
SKU00134,69.66666666666667,61.333333333333336,21.0,0,1,ValueChoice Air Fresheners Large,Home Care,ValueChoice
SKU00135,54.5,66.25,27.75,0,1,ValueChoice Pest Control 100g,Home Care,ValueChoice
SKU00138,99.0,63.0,21.2,0,1,SmartBuy Ready Meals Pack of 12,Frozen Foods,SmartBuy
SKU00147,14.0,43.0,17.0,0,1,EliteHome Cookware Family Pack,Home & Kitchen,EliteHome
SKU00157,107.0,69.33333333333333,22.666666666666668,0,1,QuickBite Butter & Ghee Family Pack,Dairy & Bakery,QuickBite
SKU00182,42.4,43.2,16.8,0,1,TrueTaste Men's Grooming 500ml,Personal Care,TrueTaste
SKU00189,51.5,43.0,16.0,0,1,FamilyChoice Biscuits & Cookies Pack of 6,Snacks & Confectionery,FamilyChoice
SKU00191,36.5,54.0,18.5,0,1,QuickBite Vitamins & Supplements 1L,Health & Wellness,QuickBite
SKU00195,99.16666666666667,57.333333333333336,22.666666666666668,0,1,SparkleClean Cookware Small,Home & Kitchen,SparkleClean
SKU00198,134.25,67.75,25.5,0,1,PurePlus Writing Instruments 500ml,Stationery & Office,PurePlus
SKU00200,63.4,46.8,18.2,0,1,HomeStyle Tea 1L,Beverages,HomeStyle
SKU00214,58.0,73.0,24.5,0,1,SoftTouch Home Decor Pack of 12,Home & Kitchen,SoftTouch
SKU00215,117.33333333333333,70.66666666666667,22.666666666666668,0,1,EliteHome Juices 2L,Beverages,EliteHome
SKU00218,90.0,56.8,19.8,0,1,PureLife Bread Medium,Dairy & Bakery,PureLife
SKU00221,76.0,74.25,28.25,0,1,GreenValley Bath & Body Pack of 12,Personal Care,GreenValley
SKU00231,31.333333333333332,28.666666666666668,11.333333333333334,0,1,TrueTaste Rice & Grains 100g,Grocery,TrueTaste
SKU00233,41.0,66.66666666666667,26.0,0,1,CrispKing Writing Instruments 250g,Stationery & Office,CrispKing
SKU00246,42.666666666666664,26.333333333333332,8.666666666666666,0,1,CleanWave Cookware Medium,Home & Kitchen,CleanWave
SKU00253,43.5,64.5,24.5,0,1,PureLife Eggs 100g,Dairy & Bakery,PureLife
SKU00255,46.0,69.5,22.5,0,1,PremiumSelect Laundry Family Pack,Home Care,PremiumSelect
SKU00273,68.0,60.0,21.0,0,1,FamilyChoice Men's Wear 250ml,Apparel & Footwear,FamilyChoice
SKU00277,30.0,52.0,14.0,0,1,TrueTaste Home Decor 1kg,Home & Kitchen,TrueTaste
SKU00293,52.0,59.333333333333336,28.666666666666668,0,1,CleanWave Energy Drinks 2L,Beverages,CleanWave
SKU00295,62.5,67.25,28.25,0,1,FamilyChoice Frozen Meat 1kg,Frozen Foods,FamilyChoice
SKU00302,110.33333333333333,78.0,23.0,0,1,EverydayPlus Office Supplies 250ml,Stationery & Office,EverydayPlus
SKU00308,82.0,57.75,14.25,0,1,HomeStyle First Aid Pack of 6,Health & Wellness,HomeStyle
SKU00314,25.0,60.0,26.0,0,1,SmartBuy Dishwashing 500ml,Home Care,SmartBuy
SKU00332,52.5,31.0,10.5,0,1,UrbanBite Men's Wear 1L,Apparel & Footwear,UrbanBite
SKU00353,60.0,64.5,26.5,0,1,QuickBite Notebooks Small,Stationery & Office,QuickBite
SKU00360,85.66666666666667,63.0,18.333333333333332,0,1,TrueTaste Candy 500ml,Snacks & Confectionery,TrueTaste
SKU00361,75.75,59.75,20.25,0,1,EliteHome Writing Instruments 100g,Stationery & Office,EliteHome
SKU00375,85.0,72.66666666666667,26.666666666666668,0,1,PrimeCare Bread Small,Dairy & Bakery,PrimeCare
SKU00381,71.33333333333333,75.33333333333333,27.333333333333332,0,1,GoldenHarvest First Aid 2kg,Health & Wellness,GoldenHarvest
SKU00382,115.33333333333333,48.666666666666664,16.333333333333332,0,1,PurePlus Energy Drinks 100g,Beverages,PurePlus
SKU00386,237.19230769230768,55.65384615384615,17.346153846153847,0,1,FamilyChoice Coffee 250ml,Beverages,FamilyChoice
SKU00405,81.5,55.25,18.5,0,1,SmartBuy Writing Instruments 500ml,Stationery & Office,SmartBuy
SKU00407,82.66666666666667,55.0,15.333333333333334,0,1,TrueTaste Mobile Accessories Pack of 6,Electronics & Accessories,TrueTaste
SKU00410,21.333333333333332,49.333333333333336,21.666666666666668,0,1,SparkleClean Cookware Pack of 12,Home & Kitchen,SparkleClean
SKU00411,125.5,70.0,20.5,0,1,TrueTaste Frozen Meat 250g,Frozen Foods,TrueTaste
SKU00427,36.5,74.0,22.0,0,1,PremiumSelect Writing Instruments Pack of 12,Stationery & Office,PremiumSelect
SKU00430,30.0,45.666666666666664,15.0,0,1,NutriPlus Bottled Water 1kg,Beverages,NutriPlus
SKU00431,26.0,26.5,6.0,0,1,TrueTaste Tea 250ml,Beverages,TrueTaste
SKU00436,38.5,64.0,19.0,0,1,PremiumSelect Office Supplies 500g,Stationery & Office,PremiumSelect
SKU00444,62.0,34.5,14.5,0,1,CityFresh Writing Instruments 1kg,Stationery & Office,CityFresh
SKU00453,49.0,52.0,13.0,0,1,DailyBest Mobile Accessories Pack of 6,Electronics & Accessories,DailyBest
SKU00456,1.0,22.0,10.0,0,1,SparkleClean Frozen Vegetables 250ml,Frozen Foods,SparkleClean
SKU00457,57.0,71.33333333333333,28.0,0,1,MetroBrand Butter & Ghee Pack of 12,Dairy & Bakery,MetroBrand
SKU00471,13.0,43.0,16.0,0,1,SoftTouch Laundry Small,Home Care,SoftTouch
SKU00474,34.0,41.0,16.666666666666668,0,1,GoldenHarvest Pest Control 2L,Home Care,GoldenHarvest
SKU00478,78.5,72.5,31.5,0,1,QuickBite Skin Care 1kg,Personal Care,QuickBite
SKU00488,66.8,46.8,17.2,0,1,PrimeCare Butter & Ghee Family Pack,Dairy & Bakery,PrimeCare
SKU00492,70.33333333333333,66.0,28.0,0,1,DailyBest Cookware Pack of 6,Home & Kitchen,DailyBest
SKU00510,40.5,69.5,22.0,0,1,CleanWave Eggs 500g,Dairy & Bakery,CleanWave
SKU00529,53.333333333333336,75.33333333333333,26.666666666666668,0,1,GoldenHarvest Ice Cream 2kg,Frozen Foods,GoldenHarvest
SKU00534,54.75,82.25,26.0,0,1,PurePlus Writing Instruments 2kg,Stationery & Office,PurePlus
SKU00542,117.16666666666667,78.33333333333333,29.5,0,1,DailyBest Kids Wear 2kg,Apparel & Footwear,DailyBest
SKU00545,81.6,59.8,21.0,0,1,TrueTaste Tea Large,Beverages,TrueTaste
SKU00554,2.0,49.0,23.0,0,1,TrueTaste Chocolates Medium,Snacks & Confectionery,TrueTaste
SKU00559,47.666666666666664,42.0,18.0,0,1,HealthFirst Surface Cleaners 100g,Home Care,HealthFirst
SKU00576,11.0,100.0,50.0,0,1,UrbanBite Juices 250g,Beverages,UrbanBite
SKU00583,42.666666666666664,55.0,20.0,0,1,GoldenHarvest Office Supplies 2kg,Stationery & Office,GoldenHarvest
SKU00589,294.56,63.76,23.32,0,1,NovaFresh Mobile Accessories Pack of 12,Electronics & Accessories,NovaFresh
SKU00591,114.0,87.0,28.0,0,1,EliteHome Footwear Medium,Apparel & Footwear,EliteHome
SKU00596,71.5,77.0,35.5,0,1,NovaFresh Skin Care 1kg,Personal Care,NovaFresh
SKU00606,98.83333333333333,74.0,30.0,0,1,SparkleClean Surface Cleaners Small,Home Care,SparkleClean
SKU00607,24.333333333333332,42.0,11.333333333333334,0,1,UrbanBite Mobile Accessories 100g,Electronics & Accessories,UrbanBite
SKU00615,41.5,49.25,18.5,0,1,SmartBuy Hair Care 250g,Personal Care,SmartBuy
SKU00625,65.66666666666667,72.33333333333333,24.0,0,1,HomeStyle Storage & Containers 250ml,Home & Kitchen,HomeStyle
SKU00632,94.0,62.0,22.333333333333332,0,1,ValueChoice Vitamins & Supplements 2L,Health & Wellness,ValueChoice
SKU00643,67.0,69.25,22.25,0,1,ZestyCo Batteries 500ml,Electronics & Accessories,ZestyCo
SKU00660,3.0,34.0,11.0,0,1,ValueChoice Writing Instruments Family Pack,Stationery & Office,ValueChoice
SKU00664,9.0,49.0,19.0,0,1,CleanWave Yogurt Pack of 6,Dairy & Bakery,CleanWave
SKU00666,17.0,65.0,32.0,0,1,UrbanBite Cookware Medium,Home & Kitchen,UrbanBite
SKU00670,72.5,76.5,28.5,0,1,BasicNeeds Writing Instruments 250ml,Stationery & Office,BasicNeeds
SKU00684,130.66666666666666,79.0,28.333333333333332,0,1,NovaFresh Juices Large,Beverages,NovaFresh
SKU00685,61.0,51.0,18.25,0,1,GreenValley Cookware 2L,Home & Kitchen,GreenValley
SKU00687,30.0,74.5,29.0,0,1,EverydayPlus Footwear Medium,Apparel & Footwear,EverydayPlus
SKU00691,236.58620689655172,55.58620689655172,17.93103448275862,0,1,CityFresh Eggs 2L,Dairy & Bakery,CityFresh
SKU00700,18.0,68.0,23.0,0,1,SmartBuy Vitamins & Supplements Medium,Health & Wellness,SmartBuy
SKU00711,106.5,71.5,24.0,0,1,NovaFresh Writing Instruments Small,Stationery & Office,NovaFresh
SKU00719,92.75,62.5,28.0,0,1,SoftTouch Pest Control 1kg,Home Care,SoftTouch
SKU00736,26.5,36.5,14.75,0,1,BasicNeeds Small Appliances Pack of 12,Electronics & Accessories,BasicNeeds
SKU00737,4.0,27.0,6.0,0,1,NovaFresh Sugar & Salt 1kg,Grocery,NovaFresh
SKU00769,44.5,65.0,21.5,0,1,UrbanBite Eggs 2kg,Dairy & Bakery,UrbanBite
SKU00772,63.0,54.5,18.666666666666668,0,1,PureLife Ready Meals 500g,Frozen Foods,PureLife
SKU00773,52.0,50.25,17.75,0,1,NutriPlus Air Fresheners 2kg,Home Care,NutriPlus
SKU00787,93.6,74.8,22.6,0,1,NatureBlend Soft Drinks Medium,Beverages,NatureBlend
SKU00792,27.25,65.5,19.0,0,1,NutriPlus Oral Care Pack of 6,Personal Care,NutriPlus
SKU00794,47.5,68.0,26.5,0,1,PurePlus Air Fresheners 500g,Home Care,PurePlus
SKU00808,14.0,23.5,9.0,0,1,EliteHome OTC Medicine Large,Health & Wellness,EliteHome
SKU00809,59.0,90.5,34.0,0,1,QuickBite Writing Instruments 250ml,Stationery & Office,QuickBite
SKU00816,2.0,99.0,49.0,0,1,CleanWave Vitamins & Supplements Large,Health & Wellness,CleanWave
SKU00819,127.5,62.666666666666664,22.666666666666668,0,1,NovaFresh Notebooks Pack of 6,Stationery & Office,NovaFresh
SKU00831,13.5,33.0,14.0,0,1,MetroBrand First Aid 500g,Health & Wellness,MetroBrand
SKU00839,9.0,41.0,11.0,0,1,EverydayPlus Candy 1L,Snacks & Confectionery,EverydayPlus
SKU00840,109.28571428571429,67.42857142857143,24.571428571428573,0,1,PremiumSelect Kids Wear 100g,Apparel & Footwear,PremiumSelect
SKU00846,104.5,74.5,27.5,0,1,ZestyCo Vitamins & Supplements 1L,Health & Wellness,ZestyCo
SKU00848,65.25,52.75,17.75,0,1,NovaFresh Men's Grooming 1kg,Personal Care,NovaFresh
SKU00851,82.0,74.33333333333333,21.0,0,1,PremiumSelect Kids Wear Family Pack,Apparel & Footwear,PremiumSelect
SKU00856,107.0,67.5,29.0,0,1,GreenValley Notebooks 2kg,Stationery & Office,GreenValley
SKU00866,162.33333333333334,74.33333333333333,20.333333333333332,0,1,PrimeCare Cookware Medium,Home & Kitchen,PrimeCare
SKU00877,14.0,43.0,15.0,0,1,SparkleClean Cooking Oil 250g,Grocery,SparkleClean
SKU00880,46.0,53.666666666666664,16.666666666666668,0,1,GreenValley Hair Care 100g,Personal Care,GreenValley
SKU00886,3.0,31.0,11.0,0,1,HomeStyle Mobile Accessories Pack of 12,Electronics & Accessories,HomeStyle
SKU00898,94.66666666666667,45.333333333333336,14.666666666666666,0,1,PureLife First Aid 500ml,Health & Wellness,PureLife
SKU00909,89.66666666666667,58.333333333333336,21.0,0,1,FamilyChoice Air Fresheners Medium,Home Care,FamilyChoice
SKU00915,85.5,85.5,23.5,0,1,BasicNeeds Women's Wear 500g,Apparel & Footwear,BasicNeeds
SKU00923,53.5,71.0,29.0,0,1,EverydayPlus Kids Wear Small,Apparel & Footwear,EverydayPlus
SKU00925,114.5,71.0,32.5,0,1,CrispKing Pest Control 100g,Home Care,CrispKing
SKU00926,55.0,52.4,20.2,0,1,NutriPlus Soft Drinks 1L,Beverages,NutriPlus
SKU00944,40.666666666666664,61.0,27.333333333333332,0,1,CityFresh Oral Care Pack of 12,Personal Care,CityFresh
SKU00945,107.5,57.5,21.75,0,1,SparkleClean Cheese 1kg,Dairy & Bakery,SparkleClean
SKU00980,31.0,75.5,31.0,0,1,SmartBuy First Aid Family Pack,Health & Wellness,SmartBuy
SKU01007,76.25,73.5,28.5,0,1,CrispKing Soft Drinks 1L,Beverages,CrispKing
SKU01011,12.0,37.5,14.5,0,1,SunriseFoods Frozen Vegetables Pack of 6,Frozen Foods,SunriseFoods
SKU01015,72.75,58.5,22.0,0,1,EliteHome Frozen Vegetables 2kg,Frozen Foods,EliteHome
SKU01022,57.0,52.5,18.25,0,1,NatureBlend Vitamins & Supplements Medium,Health & Wellness,NatureBlend
SKU01025,94.4,58.6,17.2,0,1,DailyBest Cooking Oil 1kg,Grocery,DailyBest
SKU01028,61.5,86.0,26.5,0,1,SunriseFoods Chocolates 500ml,Snacks & Confectionery,SunriseFoods
SKU01032,223.69230769230768,53.53846153846154,18.692307692307693,0,1,PrimeCare Office Supplies 250ml,Stationery & Office,PrimeCare
SKU01033,126.5,94.0,30.5,0,1,NutriPlus Mobile Accessories Small,Electronics & Accessories,NutriPlus
SKU01041,22.0,67.0,25.5,0,1,GoldenHarvest Men's Grooming 100g,Personal Care,GoldenHarvest
SKU01044,56.8,39.6,13.2,0,1,SmartBuy Mobile Accessories 250g,Electronics & Accessories,SmartBuy
SKU01053,75.75,54.75,16.25,0,1,PrimeCare Notebooks Small,Stationery & Office,PrimeCare
SKU01066,77.75,61.0,21.75,0,1,EliteHome Tea Medium,Beverages,EliteHome
SKU01070,277.5769230769231,63.19230769230769,21.576923076923077,0,1,SparkleClean Pest Control Pack of 6,Home Care,SparkleClean
SKU01072,80.33333333333333,71.33333333333333,29.666666666666668,0,1,PurePlus Frozen Meat 2kg,Frozen Foods,PurePlus
SKU01077,11.0,65.0,24.0,0,1,SmartBuy Tea 500g,Beverages,SmartBuy
SKU01082,72.6,44.6,17.4,0,1,CrispKing Batteries Family Pack,Electronics & Accessories,CrispKing
SKU01086,105.25,84.25,27.5,0,1,PremiumSelect Bath & Body 250ml,Personal Care,PremiumSelect
SKU01087,31.0,70.0,26.5,0,1,CityFresh Spices & Seasoning 1kg,Grocery,CityFresh
SKU01088,92.5,63.0,18.5,0,1,NutriPlus Juices 250ml,Beverages,NutriPlus
SKU01115,3.0,25.0,11.0,0,1,CityFresh Chocolates 100g,Snacks & Confectionery,CityFresh
SKU01118,35.0,82.5,32.0,0,1,DailyBest Skin Care Medium,Personal Care,DailyBest
SKU01122,20.0,97.0,27.0,0,1,PureLife Coffee 500ml,Beverages,PureLife
SKU01125,86.5,79.0,23.0,0,1,GreenValley Kids Wear 250g,Apparel & Footwear,GreenValley
SKU01143,3.0,93.0,22.0,0,1,HealthFirst Laundry Large,Home Care,HealthFirst
SKU01147,36.0,66.0,21.0,0,1,CityFresh Milk 500g,Dairy & Bakery,CityFresh
SKU01155,95.5,64.25,18.75,0,1,TrueTaste Vitamins & Supplements Pack of 12,Health & Wellness,TrueTaste
SKU01163,40.0,41.5,14.5,0,1,SparkleClean Men's Wear 1kg,Apparel & Footwear,SparkleClean
SKU01165,67.66666666666667,52.666666666666664,23.666666666666668,0,1,HealthFirst Home Decor Pack of 6,Home & Kitchen,HealthFirst
SKU01167,191.83333333333334,49.791666666666664,18.625,0,1,UrbanBite Small Appliances Small,Electronics & Accessories,UrbanBite
SKU01177,24.5,39.5,11.0,0,1,GreenValley Mobile Accessories 2kg,Electronics & Accessories,GreenValley
SKU01178,1.0,20.0,7.0,0,1,GreenValley Coffee 1kg,Beverages,GreenValley
SKU01188,69.33333333333333,40.666666666666664,11.666666666666666,0,1,QuickBite Milk 1kg,Dairy & Bakery,QuickBite
SKU01194,115.33333333333333,82.0,34.0,0,1,FamilyChoice Ice Cream Pack of 12,Frozen Foods,FamilyChoice
SKU01195,130.25,92.75,31.0,0,1,PureLife Chips & Crisps 1kg,Snacks & Confectionery,PureLife
SKU01199,59.666666666666664,74.33333333333333,32.0,0,1,CrispKing Batteries 500g,Electronics & Accessories,CrispKing
SKU01200,254.16666666666666,58.0,21.0,0,1,MetroBrand OTC Medicine 250g,Health & Wellness,MetroBrand
SKU01205,105.66666666666667,58.333333333333336,18.0,0,1,CityFresh Namkeen 1kg,Snacks & Confectionery,CityFresh
SKU01211,68.66666666666667,50.666666666666664,15.333333333333334,0,1,PremiumSelect Flour & Atta Medium,Grocery,PremiumSelect
SKU01221,4.0,77.0,27.0,0,1,BasicNeeds Home Decor 250g,Home & Kitchen,BasicNeeds
SKU01222,109.33333333333333,71.0,29.0,0,1,NovaFresh Skin Care Large,Personal Care,NovaFresh
SKU01238,112.33333333333333,50.666666666666664,17.0,0,1,PremiumSelect Eggs Large,Dairy & Bakery,PremiumSelect
SKU01249,22.0,56.5,18.5,0,1,EliteHome Flour & Atta Family Pack,Grocery,EliteHome
SKU01256,238.33333333333334,58.611111111111114,21.38888888888889,0,1,PurePlus Energy Drinks 1kg,Beverages,PurePlus
SKU01271,85.5,87.0,24.5,0,1,ValueChoice Writing Instruments Pack of 12,Stationery & Office,ValueChoice
SKU01295,15.5,50.0,22.0,0,1,ZestyCo Soft Drinks 250ml,Beverages,ZestyCo
SKU01301,56.0,78.66666666666667,32.0,0,1,HealthFirst Eggs 500ml,Dairy & Bakery,HealthFirst
SKU01305,63.25,60.25,26.75,0,1,CityFresh Frozen Meat 500g,Frozen Foods,CityFresh
SKU01306,19.5,27.5,6.5,0,1,ZestyCo Pulses & Lentils 500g,Grocery,ZestyCo
SKU01308,8.0,70.0,27.0,0,1,SmartBuy Air Fresheners Family Pack,Home Care,SmartBuy
SKU01311,41.5,43.5,16.0,0,1,UrbanBite Men's Wear 500g,Apparel & Footwear,UrbanBite
SKU01313,71.75,52.5,20.25,0,1,EliteHome Pulses & Lentils 2L,Grocery,EliteHome
SKU01326,116.5,97.0,45.0,0,1,PureLife Cheese 1L,Dairy & Bakery,PureLife
SKU01329,79.0,48.0,17.0,0,1,HomeStyle Namkeen Small,Snacks & Confectionery,HomeStyle
SKU01334,7.0,92.0,21.0,0,1,QuickBite Tea Family Pack,Beverages,QuickBite
SKU01346,27.75,35.5,11.25,0,1,NatureBlend Pest Control 250g,Home Care,NatureBlend
SKU01357,147.5,86.0,28.0,0,1,ZestyCo Home Decor Pack of 6,Home & Kitchen,ZestyCo
SKU01359,57.333333333333336,55.666666666666664,18.0,0,1,HomeStyle Home Decor 250g,Home & Kitchen,HomeStyle
SKU01372,31.0,83.0,40.0,0,1,DailyBest Mobile Accessories 250ml,Electronics & Accessories,DailyBest
SKU01388,10.0,27.0,13.0,0,1,CleanWave Energy Drinks Pack of 12,Beverages,CleanWave
SKU01391,14.0,66.0,22.0,0,1,BasicNeeds Pest Control Medium,Home Care,BasicNeeds
SKU01395,66.75,54.5,19.0,0,1,PremiumSelect Chips & Crisps 2kg,Snacks & Confectionery,PremiumSelect
SKU01398,43.75,80.0,25.75,0,1,MetroBrand Home Decor Pack of 12,Home & Kitchen,MetroBrand
SKU01403,50.5,45.25,15.75,0,1,PureLife Frozen Vegetables Medium,Frozen Foods,PureLife
SKU01406,61.0,69.0,21.0,0,1,ValueChoice Tea Small,Beverages,ValueChoice
SKU01411,58.0,34.5,10.0,0,1,SoftTouch Bread 1L,Dairy & Bakery,SoftTouch
SKU01416,71.0,58.333333333333336,18.666666666666668,0,1,EverydayPlus Dishwashing 250ml,Home Care,EverydayPlus
SKU01418,47.5,48.0,14.5,0,1,PremiumSelect Vitamins & Supplements 1L,Health & Wellness,PremiumSelect
SKU01424,6.0,50.0,12.0,0,1,FamilyChoice Kids Wear 500ml,Apparel & Footwear,FamilyChoice
SKU01427,22.0,75.0,36.0,0,1,HealthFirst Frozen Vegetables 250g,Frozen Foods,HealthFirst
SKU01429,84.75,46.75,13.0,0,1,CityFresh Soft Drinks Small,Beverages,CityFresh
SKU01446,47.666666666666664,70.66666666666667,20.333333333333332,0,1,SmartBuy Bottled Water 2kg,Beverages,SmartBuy
SKU01450,30.333333333333332,41.0,16.666666666666668,0,1,SoftTouch Mobile Accessories 250ml,Electronics & Accessories,SoftTouch
SKU01451,90.33333333333333,53.666666666666664,17.0,0,1,FamilyChoice Milk Family Pack,Dairy & Bakery,FamilyChoice
SKU01455,84.6,76.4,22.0,0,1,PureLife Bottled Water Family Pack,Beverages,PureLife
SKU01461,61.5,69.5,27.5,0,1,CleanWave Women's Wear Medium,Apparel & Footwear,CleanWave
SKU01481,68.25,59.75,21.5,0,1,NutriPlus Frozen Meat 1L,Frozen Foods,NutriPlus
SKU01484,6.0,100.0,41.0,0,1,ZestyCo Home Decor Large,Home & Kitchen,ZestyCo
SKU01493,61.666666666666664,69.33333333333333,21.333333333333332,0,1,ZestyCo Pest Control 100g,Home Care,ZestyCo
SKU01498,98.0,62.0,17.5,0,1,HomeStyle OTC Medicine Family Pack,Health & Wellness,HomeStyle
SKU01512,98.75,58.5,24.25,0,1,PureLife OTC Medicine 500g,Health & Wellness,PureLife
SKU01517,55.0,70.0,23.5,0,1,CleanWave Men's Wear Pack of 12,Apparel & Footwear,CleanWave
SKU01519,107.2,69.4,22.0,0,1,NutriPlus Frozen Meat 500g,Frozen Foods,NutriPlus
SKU01521,105.0,98.0,30.5,0,1,CrispKing Men's Wear 2kg,Apparel & Footwear,CrispKing
SKU01529,69.8,44.8,16.4,0,1,DailyBest Office Supplies 500ml,Stationery & Office,DailyBest
SKU01531,46.0,46.0,21.5,0,1,FreshFarm Notebooks 1L,Stationery & Office,FreshFarm
SKU01533,46.25,61.0,21.75,0,1,NatureBlend Spices & Seasoning 1kg,Grocery,NatureBlend
SKU01536,128.5,72.5,25.5,0,1,FreshFarm Frozen Vegetables Pack of 12,Frozen Foods,FreshFarm
SKU01537,13.0,61.0,29.0,0,1,QuickBite Laundry Large,Home Care,QuickBite
SKU01539,65.0,61.0,23.5,0,1,UrbanBite Office Supplies 2L,Stationery & Office,UrbanBite
SKU01543,90.0,62.0,20.75,0,1,SparkleClean OTC Medicine 2kg,Health & Wellness,SparkleClean
SKU01546,17.5,63.0,20.0,0,1,CrispKing Batteries 500g,Electronics & Accessories,CrispKing
SKU01548,53.0,65.5,20.5,0,1,GreenValley Coffee 100g,Beverages,GreenValley
SKU01552,70.0,92.0,32.5,0,1,CityFresh Chips & Crisps Large,Snacks & Confectionery,CityFresh
SKU01555,11.0,41.0,19.0,0,1,GreenValley Office Supplies Pack of 12,Stationery & Office,GreenValley
SKU01571,80.0,41.5,17.0,0,1,SunriseFoods Energy Drinks Medium,Beverages,SunriseFoods
SKU01575,63.5,56.5,19.25,0,1,FreshFarm Frozen Meat 1L,Frozen Foods,FreshFarm
SKU01576,25.0,97.0,47.0,0,1,QuickBite Kids Wear 1L,Apparel & Footwear,QuickBite
SKU01579,26.0,53.0,16.5,0,1,CityFresh Laundry 250ml,Home Care,CityFresh
SKU01590,73.0,66.5,21.5,0,1,HomeStyle Chocolates 250g,Snacks & Confectionery,HomeStyle
SKU01595,127.5,63.75,23.25,0,1,EliteHome Candy 2kg,Snacks & Confectionery,EliteHome
SKU01596,62.2,50.8,20.4,0,1,GreenValley Office Supplies 1kg,Stationery & Office,GreenValley
SKU01606,94.0,72.25,28.5,0,1,HomeStyle Yogurt Medium,Dairy & Bakery,HomeStyle
SKU01615,5.0,58.0,25.0,0,1,SunriseFoods Frozen Meat 2kg,Frozen Foods,SunriseFoods
SKU01624,83.75,46.75,15.5,0,1,GoldenHarvest Oral Care Family Pack,Personal Care,GoldenHarvest
SKU01630,53.5,56.0,27.0,0,1,DailyBest Mobile Accessories 2L,Electronics & Accessories,DailyBest
SKU01637,82.25,58.75,23.75,0,1,ValueChoice Namkeen 250g,Snacks & Confectionery,ValueChoice
SKU01644,102.0,53.0,16.25,0,1,GreenValley Milk 2L,Dairy & Bakery,GreenValley
SKU01650,105.0,56.8,20.6,0,1,PurePlus Ice Cream Small,Frozen Foods,PurePlus
SKU01652,23.5,51.0,21.0,0,1,BasicNeeds Laundry 1L,Home Care,BasicNeeds
SKU01663,35.0,47.5,19.0,0,1,ValueChoice Batteries 2kg,Electronics & Accessories,ValueChoice
SKU01668,45.5,59.25,20.0,0,1,FreshFarm Bread Large,Dairy & Bakery,FreshFarm
SKU01671,63.75,54.75,23.0,0,1,SparkleClean Eggs Family Pack,Dairy & Bakery,SparkleClean
SKU01675,251.27586206896552,58.206896551724135,19.413793103448278,0,1,ValueChoice Kids Wear 250ml,Apparel & Footwear,ValueChoice
SKU01688,8.5,27.0,8.0,0,1,FamilyChoice Milk 250ml,Dairy & Bakery,FamilyChoice
SKU01689,140.66666666666666,80.33333333333333,34.0,0,1,GoldenHarvest Chips & Crisps 100g,Snacks & Confectionery,GoldenHarvest
SKU01695,63.6,57.4,21.4,0,1,UrbanBite Mobile Accessories 1L,Electronics & Accessories,UrbanBite
SKU01699,81.0,87.0,30.5,0,1,ZestyCo Frozen Meat 500g,Frozen Foods,ZestyCo
SKU01702,67.33333333333333,65.33333333333333,27.0,0,1,HomeStyle Bread 2L,Dairy & Bakery,HomeStyle
SKU01713,56.0,55.333333333333336,14.0,0,1,QuickBite Cookware 1kg,Home & Kitchen,QuickBite
SKU01716,116.33333333333333,67.66666666666667,23.333333333333332,0,1,ZestyCo Men's Grooming Large,Personal Care,ZestyCo
SKU01728,45.5,50.5,17.5,0,1,QuickBite Cookware Family Pack,Home & Kitchen,QuickBite
SKU01744,76.0,45.5,12.0,0,1,PurePlus Small Appliances 500ml,Electronics & Accessories,PurePlus
SKU01745,61.0,58.666666666666664,23.0,0,1,ValueChoice Coffee Pack of 6,Beverages,ValueChoice
SKU01752,53.5,92.0,33.0,0,1,CleanWave Ice Cream Family Pack,Frozen Foods,CleanWave
SKU01759,1.0,31.0,6.0,0,1,MetroBrand Rice & Grains 1L,Grocery,MetroBrand
SKU01769,123.0,53.5,25.0,0,1,ZestyCo Laundry Pack of 12,Home Care,ZestyCo
SKU01773,19.5,42.5,18.5,0,1,DailyBest Women's Wear 1L,Apparel & Footwear,DailyBest
SKU01774,80.0,48.0,15.0,0,1,UrbanBite Air Fresheners Pack of 6,Home Care,UrbanBite
SKU01795,14.0,61.0,23.0,0,1,TrueTaste Bath & Body Medium,Personal Care,TrueTaste
SKU01799,20.5,38.5,13.5,0,1,HomeStyle Cooking Oil 500g,Grocery,HomeStyle
SKU01804,58.25,42.75,13.75,0,1,TrueTaste Pest Control Small,Home Care,TrueTaste
SKU01809,1.0,44.0,18.0,0,1,NovaFresh Vitamins & Supplements Medium,Health & Wellness,NovaFresh
SKU01810,110.0,87.5,30.0,0,1,QuickBite Chocolates Medium,Snacks & Confectionery,QuickBite
SKU01812,31.5,44.5,20.5,0,1,MetroBrand Writing Instruments 100g,Stationery & Office,MetroBrand
SKU01815,22.0,45.5,12.0,0,1,GoldenHarvest Men's Wear 2L,Apparel & Footwear,GoldenHarvest
SKU01819,81.66666666666667,73.66666666666667,30.0,0,1,NutriPlus Storage & Containers 250ml,Home & Kitchen,NutriPlus
SKU01823,108.0,69.5,29.0,0,1,EliteHome Mobile Accessories 1L,Electronics & Accessories,EliteHome
SKU01831,2.0,43.0,12.0,0,1,QuickBite Vitamins & Supplements 250ml,Health & Wellness,QuickBite
SKU01844,76.33333333333333,69.0,25.0,0,1,EliteHome OTC Medicine 500g,Health & Wellness,EliteHome
SKU01846,72.5,52.5,14.75,0,1,BasicNeeds Spices & Seasoning Large,Grocery,BasicNeeds
SKU01860,28.0,67.0,33.0,0,1,PurePlus OTC Medicine Pack of 12,Health & Wellness,PurePlus
SKU01869,95.33333333333333,49.666666666666664,17.0,0,1,DailyBest Batteries 1L,Electronics & Accessories,DailyBest
SKU01878,59.0,76.5,25.0,0,1,NutriPlus Office Supplies Family Pack,Stationery & Office,NutriPlus
SKU01885,38.6,44.8,15.4,0,1,EverydayPlus Office Supplies 1kg,Stationery & Office,EverydayPlus
SKU01887,64.0,45.666666666666664,17.333333333333332,0,1,MetroBrand Vitamins & Supplements Family Pack,Health & Wellness,MetroBrand
SKU01888,44.75,62.0,19.75,0,1,TrueTaste Flour & Atta 2L,Grocery,TrueTaste
SKU01889,42.6,45.8,17.2,0,1,SparkleClean Office Supplies 100g,Stationery & Office,SparkleClean
SKU01892,31.0,91.0,26.0,0,1,CityFresh Storage & Containers Pack of 6,Home & Kitchen,CityFresh
SKU01898,86.5,69.0,25.0,0,1,FamilyChoice Frozen Meat 500ml,Frozen Foods,FamilyChoice
SKU01902,72.75,47.75,16.5,0,1,FamilyChoice Butter & Ghee Medium,Dairy & Bakery,FamilyChoice
SKU01905,73.0,61.0,21.666666666666668,0,1,SparkleClean Small Appliances 1kg,Electronics & Accessories,SparkleClean
SKU01920,69.0,65.0,20.333333333333332,0,1,CityFresh Air Fresheners Small,Home Care,CityFresh
SKU01930,39.0,60.333333333333336,22.333333333333332,0,1,PrimeCare Juices 1kg,Beverages,PrimeCare
SKU01933,52.0,76.0,26.0,0,1,HealthFirst Eggs 2L,Dairy & Bakery,HealthFirst
SKU01942,69.33333333333333,49.0,14.333333333333334,0,1,SoftTouch Butter & Ghee 1L,Dairy & Bakery,SoftTouch
SKU01945,76.5,60.5,24.0,0,1,EliteHome Energy Drinks Large,Beverages,EliteHome
SKU01965,18.0,83.0,20.0,0,1,QuickBite Batteries Large,Electronics & Accessories,QuickBite
SKU01974,45.0,36.0,11.666666666666666,0,1,PrimeCare First Aid 1kg,Health & Wellness,PrimeCare
SKU01976,73.33333333333333,82.0,34.666666666666664,0,1,UrbanBite Yogurt Large,Dairy & Bakery,UrbanBite
SKU01996,34.0,79.0,37.0,0,1,NovaFresh Dishwashing Medium,Home Care,NovaFresh
SKU02009,38.5,93.5,43.5,0,1,GreenValley Men's Wear 100g,Apparel & Footwear,GreenValley
SKU02010,110.25,61.0,24.5,0,1,PremiumSelect Skin Care 500g,Personal Care,PremiumSelect
SKU02030,111.0,93.5,33.0,0,1,SparkleClean Dishwashing Pack of 6,Home Care,SparkleClean
SKU02034,42.0,39.0,15.5,0,1,GreenValley Vitamins & Supplements 100g,Health & Wellness,GreenValley
SKU02040,33.0,71.33333333333333,29.0,0,1,CityFresh Vitamins & Supplements 250g,Health & Wellness,CityFresh
SKU02048,100.0,62.5,24.75,0,1,QuickBite Home Decor 500ml,Home & Kitchen,QuickBite
SKU02051,34.333333333333336,73.66666666666667,25.666666666666668,0,1,ValueChoice Bath & Body Medium,Personal Care,ValueChoice
SKU02073,4.0,82.0,34.0,0,1,MetroBrand Cooking Oil 500g,Grocery,MetroBrand
SKU02077,4.0,31.0,13.0,0,1,CrispKing Cookware Medium,Home & Kitchen,CrispKing
SKU02081,46.0,43.0,17.0,0,1,DailyBest First Aid Family Pack,Health & Wellness,DailyBest
SKU02083,44.5,59.5,16.5,0,1,SunriseFoods Writing Instruments Small,Stationery & Office,SunriseFoods
SKU02096,30.5,67.5,31.0,0,1,PureLife Women's Wear 500g,Apparel & Footwear,PureLife
SKU02105,72.66666666666667,59.333333333333336,20.666666666666668,0,1,CityFresh Cheese Pack of 6,Dairy & Bakery,CityFresh
SKU02106,14.666666666666666,27.0,9.0,0,1,NovaFresh Small Appliances Large,Electronics & Accessories,NovaFresh
SKU02107,69.0,52.8,17.0,0,1,NatureBlend Footwear 1kg,Apparel & Footwear,NatureBlend
SKU02118,1.0,33.0,10.0,0,1,GoldenHarvest Batteries Pack of 6,Electronics & Accessories,GoldenHarvest
SKU02127,2.0,59.0,14.0,0,1,FamilyChoice Biscuits & Cookies 100g,Snacks & Confectionery,FamilyChoice
SKU02145,76.2,57.4,17.0,0,1,SparkleClean Mobile Accessories 250g,Electronics & Accessories,SparkleClean
SKU02146,13.0,67.0,29.0,0,1,ZestyCo Women's Wear 1kg,Apparel & Footwear,ZestyCo
SKU02147,49.5,45.5,12.5,0,1,TrueTaste Biscuits & Cookies 500ml,Snacks & Confectionery,TrueTaste
SKU02149,83.33333333333333,64.66666666666667,26.0,0,1,BasicNeeds Chocolates 100g,Snacks & Confectionery,BasicNeeds
SKU02151,73.0,77.33333333333333,25.333333333333332,0,1,TrueTaste Eggs 2kg,Dairy & Bakery,TrueTaste
SKU02154,120.25,82.5,27.75,0,1,SparkleClean Cookware Family Pack,Home & Kitchen,SparkleClean
SKU02175,44.0,60.0,23.0,0,1,SmartBuy Batteries Large,Electronics & Accessories,SmartBuy
SKU02195,95.5,68.0,21.75,0,1,ValueChoice OTC Medicine Pack of 6,Health & Wellness,ValueChoice
SKU02207,71.66666666666667,50.0,22.666666666666668,0,1,CityFresh Hair Care Medium,Personal Care,CityFresh
SKU02213,107.0,68.66666666666667,29.666666666666668,0,1,CityFresh Notebooks 250ml,Stationery & Office,CityFresh
SKU02214,43.0,64.0,22.0,0,1,MetroBrand Juices Pack of 6,Beverages,MetroBrand
SKU02218,11.0,73.0,26.0,0,1,QuickBite Chocolates Medium,Snacks & Confectionery,QuickBite
SKU02220,55.8,65.6,19.2,0,1,HomeStyle Chips & Crisps 1kg,Snacks & Confectionery,HomeStyle
SKU02229,75.0,64.75,24.25,0,1,HealthFirst Writing Instruments 250g,Stationery & Office,HealthFirst
SKU02238,41.4,55.8,18.6,0,1,SunriseFoods Writing Instruments 100g,Stationery & Office,SunriseFoods
SKU02242,54.333333333333336,70.66666666666667,28.333333333333332,0,1,PrimeCare Chocolates 1L,Snacks & Confectionery,PrimeCare
SKU02243,51.666666666666664,65.66666666666667,25.666666666666668,0,1,SunriseFoods Vitamins & Supplements 1kg,Health & Wellness,SunriseFoods
SKU02244,55.0,57.333333333333336,26.666666666666668,0,1,HealthFirst Biscuits & Cookies 500g,Snacks & Confectionery,HealthFirst
SKU02250,23.0,72.0,33.0,0,1,CityFresh Batteries 250g,Electronics & Accessories,CityFresh
SKU02264,77.0,77.0,27.0,0,1,SoftTouch Vitamins & Supplements 250g,Health & Wellness,SoftTouch
SKU02271,76.5,56.0,17.5,0,1,MetroBrand Eggs Pack of 6,Dairy & Bakery,MetroBrand
SKU02277,302.25,66.64285714285714,23.178571428571427,0,1,NutriPlus Tea 250g,Beverages,NutriPlus
SKU02297,32.333333333333336,33.666666666666664,11.666666666666666,0,1,PurePlus Men's Wear 2kg,Apparel & Footwear,PurePlus
SKU02301,77.5,60.0,21.0,0,1,QuickBite Home Decor 500ml,Home & Kitchen,QuickBite
SKU02309,33.5,48.0,17.5,0,1,SunriseFoods Laundry Family Pack,Home Care,SunriseFoods
SKU02310,1.0,72.0,36.0,0,1,EverydayPlus Spices & Seasoning 250ml,Grocery,EverydayPlus
SKU02312,88.16666666666667,57.666666666666664,21.0,0,1,SmartBuy Candy 1kg,Snacks & Confectionery,SmartBuy
SKU02326,42.0,76.0,28.0,0,1,PureLife Air Fresheners 250ml,Home Care,PureLife
SKU02332,52.666666666666664,39.0,16.0,0,1,QuickBite Cookware 100g,Home & Kitchen,QuickBite
SKU02337,66.66666666666667,53.0,24.0,0,1,HomeStyle Candy Pack of 12,Snacks & Confectionery,HomeStyle
SKU02343,80.66666666666667,65.66666666666667,27.0,0,1,GoldenHarvest Notebooks Pack of 12,Stationery & Office,GoldenHarvest
SKU02348,3.0,22.0,10.0,0,1,NutriPlus Cookware Small,Home & Kitchen,NutriPlus
SKU02349,119.25,81.0,30.75,0,1,GoldenHarvest Flour & Atta Small,Grocery,GoldenHarvest
SKU02357,90.2,55.2,22.0,0,1,ZestyCo Laundry 1kg,Home Care,ZestyCo
SKU02362,154.0,83.0,28.333333333333332,0,1,SmartBuy Storage & Containers 1kg,Home & Kitchen,SmartBuy
SKU02363,121.0,70.0,22.5,0,1,CityFresh Writing Instruments 1kg,Stationery & Office,CityFresh
SKU02364,22.666666666666668,36.666666666666664,11.666666666666666,0,1,QuickBite Women's Wear 2kg,Apparel & Footwear,QuickBite
SKU02370,16.0,76.5,18.5,0,1,GoldenHarvest Notebooks 500g,Stationery & Office,GoldenHarvest
SKU02374,113.5,66.0,25.5,0,1,UrbanBite Hair Care 250g,Personal Care,UrbanBite
SKU02382,83.0,49.0,16.0,0,1,PremiumSelect Footwear 500ml,Apparel & Footwear,PremiumSelect
SKU02396,78.5,64.0,18.5,0,1,EliteHome Bath & Body Pack of 12,Personal Care,EliteHome
SKU02409,26.0,94.0,38.0,0,1,PrimeCare Rice & Grains 100g,Grocery,PrimeCare
SKU02416,62.333333333333336,46.666666666666664,17.333333333333332,0,1,SoftTouch Pest Control Family Pack,Home Care,SoftTouch
SKU02428,83.75,60.25,22.25,0,1,CleanWave Dishwashing 2kg,Home Care,CleanWave
SKU02432,44.5,45.0,18.5,0,1,SparkleClean Dishwashing Large,Home Care,SparkleClean
SKU02433,38.2,61.2,22.8,0,1,SmartBuy Eggs 1kg,Dairy & Bakery,SmartBuy
SKU02444,52.5,96.0,31.0,0,1,BasicNeeds Tea 1L,Beverages,BasicNeeds
SKU02455,120.0,52.0,20.5,0,1,PremiumSelect Men's Wear Small,Apparel & Footwear,PremiumSelect
SKU02457,70.0,64.66666666666667,20.666666666666668,0,1,NutriPlus Ice Cream Family Pack,Frozen Foods,NutriPlus
SKU02465,65.66666666666667,66.33333333333333,23.333333333333332,0,1,EverydayPlus Coffee 100g,Beverages,EverydayPlus
SKU02467,95.5,77.0,25.0,0,1,DailyBest Writing Instruments 1kg,Stationery & Office,DailyBest
SKU02475,78.0,65.0,29.0,0,1,PurePlus Office Supplies 250ml,Stationery & Office,PurePlus
SKU02481,73.5,62.25,19.5,0,1,NovaFresh Notebooks 250ml,Stationery & Office,NovaFresh
SKU02485,29.666666666666668,48.333333333333336,21.333333333333332,0,1,CleanWave Rice & Grains 2L,Grocery,CleanWave
SKU02487,60.333333333333336,72.33333333333333,22.666666666666668,0,1,FamilyChoice Skin Care 1kg,Personal Care,FamilyChoice
SKU02502,97.2,74.0,25.2,0,1,HomeStyle Storage & Containers Large,Home & Kitchen,HomeStyle
SKU02509,93.5,77.0,23.0,0,1,DailyBest Batteries Pack of 12,Electronics & Accessories,DailyBest
SKU02512,92.0,57.0,22.0,0,1,EverydayPlus Women's Wear 100g,Apparel & Footwear,EverydayPlus
SKU02527,68.0,70.0,24.5,0,1,EverydayPlus Office Supplies Family Pack,Stationery & Office,EverydayPlus
SKU02528,33.5,66.0,19.5,0,1,UrbanBite Home Decor 500g,Home & Kitchen,UrbanBite
SKU02530,103.0,88.5,35.5,0,1,SparkleClean Hair Care Pack of 12,Personal Care,SparkleClean
SKU02535,83.0,62.333333333333336,23.666666666666668,0,1,DailyBest Ice Cream 250ml,Frozen Foods,DailyBest
SKU02542,71.33333333333333,73.33333333333333,22.0,0,1,QuickBite First Aid 2L,Health & Wellness,QuickBite
SKU02575,105.0,59.666666666666664,15.0,0,1,SmartBuy Footwear Family Pack,Apparel & Footwear,SmartBuy
SKU02582,77.5,67.0,28.0,0,1,CleanWave Frozen Meat 1L,Frozen Foods,CleanWave
SKU02591,23.0,37.0,12.5,0,1,EverydayPlus Chips & Crisps Small,Snacks & Confectionery,EverydayPlus
SKU02593,59.25,48.75,18.75,0,1,FreshFarm Ready Meals 500g,Frozen Foods,FreshFarm
SKU02596,34.0,49.5,20.0,0,1,CityFresh Skin Care 100g,Personal Care,CityFresh
SKU02598,21.5,87.0,33.0,0,1,SparkleClean Men's Wear Small,Apparel & Footwear,SparkleClean
SKU02600,53.0,58.25,23.25,0,1,FreshFarm Office Supplies 100g,Stationery & Office,FreshFarm
SKU02634,40.333333333333336,57.333333333333336,22.666666666666668,0,1,NutriPlus Storage & Containers Pack of 12,Home & Kitchen,NutriPlus
SKU02649,14.0,48.5,11.5,0,1,ValueChoice Batteries Large,Electronics & Accessories,ValueChoice
SKU02651,79.2,80.6,24.4,0,1,FamilyChoice Women's Wear 250g,Apparel & Footwear,FamilyChoice
SKU02663,23.25,43.5,16.0,0,1,QuickBite Chips & Crisps Large,Snacks & Confectionery,QuickBite
SKU02671,3.0,52.0,14.0,0,1,PrimeCare Frozen Vegetables Medium,Frozen Foods,PrimeCare
SKU02679,68.0,73.5,31.5,0,1,MetroBrand First Aid Small,Health & Wellness,MetroBrand
SKU02682,84.0,75.0,32.0,0,1,UrbanBite Women's Wear 1kg,Apparel & Footwear,UrbanBite
SKU02687,102.0,63.0,31.0,0,1,GreenValley Writing Instruments 500g,Stationery & Office,GreenValley
SKU02690,8.0,31.0,11.0,0,1,PureLife Writing Instruments Small,Stationery & Office,PureLife
SKU02693,36.333333333333336,59.333333333333336,15.0,0,1,NutriPlus Footwear Pack of 6,Apparel & Footwear,NutriPlus
SKU02694,5.0,24.0,11.0,0,1,MetroBrand Pest Control Small,Home Care,MetroBrand
SKU02697,45.0,41.0,12.5,0,1,PrimeCare Cookware 250g,Home & Kitchen,PrimeCare
SKU02698,41.5,64.0,23.0,0,1,HealthFirst Men's Grooming 250ml,Personal Care,HealthFirst
SKU02699,39.0,70.0,22.0,0,1,GoldenHarvest Milk Pack of 12,Dairy & Bakery,GoldenHarvest
SKU02701,40.0,45.5,15.5,0,1,SmartBuy Biscuits & Cookies Pack of 6,Snacks & Confectionery,SmartBuy
SKU02714,107.66666666666667,80.66666666666667,20.333333333333332,0,1,EverydayPlus First Aid 2kg,Health & Wellness,EverydayPlus
SKU02719,90.0,70.0,30.333333333333332,0,1,MetroBrand Storage & Containers Pack of 6,Home & Kitchen,MetroBrand
SKU02735,22.0,82.0,24.0,0,1,NutriPlus Men's Grooming 2kg,Personal Care,NutriPlus
SKU02752,122.75,87.5,36.5,0,1,FreshFarm Women's Wear 2kg,Apparel & Footwear,FreshFarm
SKU02756,28.666666666666668,65.33333333333333,18.333333333333332,0,1,SunriseFoods Home Decor 2kg,Home & Kitchen,SunriseFoods
SKU02771,44.666666666666664,54.333333333333336,23.333333333333332,0,1,SmartBuy Butter & Ghee 500ml,Dairy & Bakery,SmartBuy
SKU02773,46.5,45.0,16.25,0,1,UrbanBite Tea Family Pack,Beverages,UrbanBite
SKU02775,70.5,96.5,24.5,0,1,ZestyCo Laundry 2kg,Home Care,ZestyCo
SKU02778,92.0,56.25,20.0,0,1,GoldenHarvest Cheese 2L,Dairy & Bakery,GoldenHarvest
SKU02779,28.5,42.0,16.0,0,1,PurePlus Candy Pack of 6,Snacks & Confectionery,PurePlus
SKU02781,14.0,53.5,23.0,0,1,PrimeCare Biscuits & Cookies 500g,Snacks & Confectionery,PrimeCare
SKU02782,73.66666666666667,75.33333333333333,26.333333333333332,0,1,PremiumSelect Mobile Accessories 500g,Electronics & Accessories,PremiumSelect
SKU02795,68.0,64.0,24.333333333333332,0,1,TrueTaste Footwear Family Pack,Apparel & Footwear,TrueTaste
SKU02799,83.0,58.75,21.5,0,1,EliteHome Ice Cream 250g,Frozen Foods,EliteHome
SKU02801,64.75,53.75,22.0,0,1,NovaFresh Flour & Atta Small,Grocery,NovaFresh
SKU02804,59.25,65.5,21.0,0,1,HealthFirst Laundry 100g,Home Care,HealthFirst
SKU02809,84.33333333333333,61.666666666666664,23.333333333333332,0,1,PrimeCare Ready Meals 2kg,Frozen Foods,PrimeCare
SKU02812,100.5,55.75,21.75,0,1,TrueTaste Laundry 1L,Home Care,TrueTaste
SKU02823,8.0,27.0,11.0,0,1,SmartBuy First Aid 1L,Health & Wellness,SmartBuy
SKU02830,81.0,74.0,31.5,0,1,CityFresh Pest Control 250ml,Home Care,CityFresh
SKU02835,84.5,87.5,33.0,0,1,ZestyCo Small Appliances Medium,Electronics & Accessories,ZestyCo
SKU02844,54.0,40.5,14.5,0,1,EverydayPlus Cookware Medium,Home & Kitchen,EverydayPlus
SKU02850,23.0,35.5,11.0,0,1,EliteHome Vitamins & Supplements Pack of 6,Health & Wellness,EliteHome
SKU02855,49.2,39.4,12.4,0,1,GoldenHarvest Small Appliances 100g,Electronics & Accessories,GoldenHarvest
SKU02870,1.0,45.0,18.0,0,1,EliteHome Batteries 100g,Electronics & Accessories,EliteHome
SKU02877,241.875,55.541666666666664,20.375,0,1,CrispKing Tea 100g,Beverages,CrispKing
SKU02880,26.333333333333332,61.666666666666664,22.0,0,1,UrbanBite Storage & Containers Family Pack,Home & Kitchen,UrbanBite
SKU02884,67.5,79.0,34.0,0,1,SparkleClean Juices Pack of 6,Beverages,SparkleClean
SKU02895,7.0,93.0,46.0,0,1,CleanWave Chocolates Pack of 6,Snacks & Confectionery,CleanWave
SKU02896,87.0,74.5,25.0,0,1,PurePlus Cookware Large,Home & Kitchen,PurePlus
SKU02913,6.0,60.0,22.0,0,1,PrimeCare Skin Care 1L,Personal Care,PrimeCare
SKU02916,81.5,66.0,29.0,0,1,SparkleClean Ice Cream 250ml,Frozen Foods,SparkleClean
SKU02922,37.333333333333336,51.333333333333336,20.666666666666668,0,1,HomeStyle Dishwashing 2kg,Home Care,HomeStyle
SKU02953,118.0,77.0,33.666666666666664,0,1,CleanWave Pulses & Lentils 250ml,Grocery,CleanWave
SKU02963,55.0,81.0,24.666666666666668,0,1,EverydayPlus Pulses & Lentils 1L,Grocery,EverydayPlus
SKU02970,118.0,82.0,23.333333333333332,0,1,CrispKing Home Decor Medium,Home & Kitchen,CrispKing
SKU02981,62.5,40.75,13.25,0,1,SmartBuy Skin Care 250ml,Personal Care,SmartBuy
SKU02982,51.5,59.5,27.0,0,1,PureLife Air Fresheners Pack of 6,Home Care,PureLife
SKU02996,56.0,56.0,25.0,0,1,QuickBite Frozen Meat Pack of 6,Frozen Foods,QuickBite
SKU03016,5.0,45.0,18.0,0,1,TrueTaste Bath & Body 250g,Personal Care,TrueTaste
SKU03022,106.4,61.4,20.4,0,1,GoldenHarvest Office Supplies 250g,Stationery & Office,GoldenHarvest
SKU03025,96.0,83.0,32.0,0,1,NovaFresh Notebooks 2L,Stationery & Office,NovaFresh
SKU03028,28.0,38.5,14.5,0,1,PremiumSelect Milk 1L,Dairy & Bakery,PremiumSelect
SKU03043,263.8888888888889,64.92592592592592,22.962962962962962,0,1,HealthFirst Mobile Accessories Medium,Electronics & Accessories,HealthFirst
SKU03045,31.0,100.0,50.0,0,1,FamilyChoice Mobile Accessories 250g,Electronics & Accessories,FamilyChoice
SKU03049,74.0,50.0,21.0,0,1,DailyBest Writing Instruments 2kg,Stationery & Office,DailyBest
SKU03054,83.57142857142857,72.71428571428571,23.285714285714285,0,1,GreenValley Tea 1L,Beverages,GreenValley
SKU03065,55.333333333333336,61.0,23.333333333333332,0,1,GreenValley Frozen Vegetables 1L,Frozen Foods,GreenValley
SKU03071,1.0,62.0,19.0,0,1,SunriseFoods Mobile Accessories Pack of 12,Electronics & Accessories,SunriseFoods
SKU03078,91.66666666666667,72.0,27.333333333333332,0,1,GreenValley Oral Care 1L,Personal Care,GreenValley
SKU03085,21.0,37.5,12.5,0,1,HomeStyle Frozen Meat 500g,Frozen Foods,HomeStyle
SKU03091,97.0,73.0,24.5,0,1,EliteHome Namkeen Pack of 6,Snacks & Confectionery,EliteHome
SKU03094,12.0,53.0,22.0,0,1,FreshFarm Ready Meals Family Pack,Frozen Foods,FreshFarm
SKU03096,73.0,57.75,23.25,0,1,NovaFresh Footwear Large,Apparel & Footwear,NovaFresh
SKU03097,78.6,82.0,30.8,0,1,NovaFresh Women's Wear Family Pack,Apparel & Footwear,NovaFresh
SKU03098,3.0,67.0,14.0,0,1,PrimeCare Bottled Water 250ml,Beverages,PrimeCare
SKU03101,74.0,71.75,28.25,0,1,CrispKing Bath & Body 1L,Personal Care,CrispKing
SKU03116,12.0,84.0,41.0,0,1,FamilyChoice First Aid 500ml,Health & Wellness,FamilyChoice
SKU03117,33.0,54.333333333333336,17.333333333333332,0,1,QuickBite Mobile Accessories 250g,Electronics & Accessories,QuickBite
SKU03120,7.0,37.0,17.0,0,1,HealthFirst Writing Instruments 100g,Stationery & Office,HealthFirst
SKU03122,53.0,80.5,19.5,0,1,GoldenHarvest Skin Care Pack of 12,Personal Care,GoldenHarvest
SKU03124,75.66666666666667,73.33333333333333,18.666666666666668,0,1,GreenValley Oral Care 1L,Personal Care,GreenValley
SKU03125,82.75,55.75,19.0,0,1,SmartBuy Chips & Crisps Medium,Snacks & Confectionery,SmartBuy
SKU03126,18.0,75.0,25.0,0,1,SparkleClean Office Supplies Pack of 6,Stationery & Office,SparkleClean
SKU03128,34.5,44.5,10.5,0,1,HealthFirst Namkeen 2kg,Snacks & Confectionery,HealthFirst
SKU03134,85.0,62.5,22.0,0,1,BasicNeeds Tea Family Pack,Beverages,BasicNeeds
SKU03137,103.0,76.0,25.666666666666668,0,1,TrueTaste Soft Drinks 100g,Beverages,TrueTaste
SKU03140,76.33333333333333,59.0,24.0,0,1,NutriPlus Chocolates 100g,Snacks & Confectionery,NutriPlus
SKU03143,63.333333333333336,44.666666666666664,15.0,0,1,NovaFresh Chips & Crisps 500ml,Snacks & Confectionery,NovaFresh
SKU03153,4.0,20.0,8.0,0,1,EliteHome First Aid 250ml,Health & Wellness,EliteHome
SKU03163,27.666666666666668,34.0,10.666666666666666,0,1,GreenValley Writing Instruments Small,Stationery & Office,GreenValley
SKU03175,25.0,66.0,30.0,0,1,ZestyCo Surface Cleaners 100g,Home Care,ZestyCo
SKU03181,7.0,65.0,17.0,0,1,SparkleClean Vitamins & Supplements 1kg,Health & Wellness,SparkleClean
SKU03185,127.0,68.5,22.0,0,1,NatureBlend Sugar & Salt 500ml,Grocery,NatureBlend
SKU03186,57.0,48.5,20.5,0,1,SunriseFoods Chocolates 250g,Snacks & Confectionery,SunriseFoods
SKU03190,105.75,73.0,22.5,0,1,PremiumSelect Storage & Containers 2kg,Home & Kitchen,PremiumSelect
SKU03205,22.0,64.5,18.5,0,1,CityFresh Writing Instruments 100g,Stationery & Office,CityFresh
SKU03206,48.4,53.2,20.2,0,1,FamilyChoice Pest Control 1L,Home Care,FamilyChoice
SKU03213,59.666666666666664,67.0,26.333333333333332,0,1,UrbanBite Spices & Seasoning Pack of 6,Grocery,UrbanBite
SKU03214,104.33333333333333,65.33333333333333,21.333333333333332,0,1,FamilyChoice Men's Wear 250g,Apparel & Footwear,FamilyChoice
SKU03227,50.6,58.0,21.0,0,1,CleanWave Frozen Vegetables 250ml,Frozen Foods,CleanWave
SKU03233,60.8,59.8,19.6,0,1,HealthFirst Writing Instruments 250g,Stationery & Office,HealthFirst
SKU03238,79.5,64.5,21.0,0,1,BasicNeeds Small Appliances 1kg,Electronics & Accessories,BasicNeeds
SKU03243,10.0,64.0,24.0,0,1,SparkleClean Footwear 250ml,Apparel & Footwear,SparkleClean
SKU03244,2.0,43.0,9.0,0,1,CleanWave Chips & Crisps 2L,Snacks & Confectionery,CleanWave
SKU03247,62.5,59.5,23.0,0,1,SunriseFoods Air Fresheners 2kg,Home Care,SunriseFoods
SKU03248,123.25,66.5,22.0,0,1,SparkleClean Notebooks 2kg,Stationery & Office,SparkleClean
SKU03251,260.26666666666665,59.53333333333333,20.433333333333334,0,1,SmartBuy Kids Wear 1L,Apparel & Footwear,SmartBuy
SKU03255,109.0,49.0,19.25,0,1,SunriseFoods Men's Grooming Small,Personal Care,SunriseFoods
SKU03258,8.0,45.0,11.0,0,1,GreenValley First Aid 250ml,Health & Wellness,GreenValley
SKU03261,47.666666666666664,62.333333333333336,22.666666666666668,0,1,FamilyChoice Sugar & Salt Small,Grocery,FamilyChoice
SKU03263,78.0,72.5,24.5,0,1,EverydayPlus Biscuits & Cookies Family Pack,Snacks & Confectionery,EverydayPlus
SKU03270,21.0,65.0,16.0,0,1,UrbanBite Cheese Small,Dairy & Bakery,UrbanBite
SKU03290,266.26666666666665,54.3,18.033333333333335,0,1,EverydayPlus Kids Wear 500g,Apparel & Footwear,EverydayPlus
SKU03299,94.5,54.5,23.5,0,1,ZestyCo OTC Medicine 250ml,Health & Wellness,ZestyCo
SKU03301,115.0,73.0,27.0,0,1,NovaFresh Surface Cleaners Family Pack,Home Care,NovaFresh
SKU03307,42.5,60.5,21.5,0,1,UrbanBite Footwear Small,Apparel & Footwear,UrbanBite
SKU03308,58.0,50.0,18.333333333333332,0,1,TrueTaste Flour & Atta Small,Grocery,TrueTaste
SKU03309,49.5,59.5,26.0,0,1,DailyBest Storage & Containers 1kg,Home & Kitchen,DailyBest
SKU03316,1.0,34.0,15.0,0,1,PremiumSelect Small Appliances 2L,Electronics & Accessories,PremiumSelect
SKU03326,15.0,46.0,18.0,0,1,EliteHome Candy Pack of 12,Snacks & Confectionery,EliteHome
SKU03335,96.5,78.0,22.5,0,1,ZestyCo Skin Care 2L,Personal Care,ZestyCo
SKU03338,72.25,69.0,26.75,0,1,NovaFresh Writing Instruments 1kg,Stationery & Office,NovaFresh
SKU03356,33.0,36.75,11.25,0,1,HealthFirst Cookware Pack of 12,Home & Kitchen,HealthFirst
SKU03369,42.0,40.666666666666664,13.0,0,1,FamilyChoice Small Appliances Pack of 6,Electronics & Accessories,FamilyChoice
SKU03378,45.5,69.0,26.5,0,1,PureLife Coffee Medium,Beverages,PureLife
SKU03379,88.0,54.666666666666664,22.333333333333332,0,1,QuickBite Candy 250ml,Snacks & Confectionery,QuickBite
SKU03384,63.75,57.75,22.25,0,1,BasicNeeds Writing Instruments 1L,Stationery & Office,BasicNeeds
SKU03388,77.0,73.66666666666667,27.0,0,1,BasicNeeds Coffee Large,Beverages,BasicNeeds
SKU03393,11.0,69.0,15.0,0,1,DailyBest Bottled Water Pack of 12,Beverages,DailyBest
SKU03394,107.2,59.2,21.8,0,1,EliteHome Women's Wear Small,Apparel & Footwear,EliteHome
SKU03397,45.333333333333336,31.666666666666668,9.0,0,1,SmartBuy Bath & Body 250g,Personal Care,SmartBuy
SKU03400,119.0,81.66666666666667,25.333333333333332,0,1,MetroBrand Vitamins & Supplements Pack of 6,Health & Wellness,MetroBrand
SKU03401,64.0,64.33333333333333,23.666666666666668,0,1,MetroBrand Pest Control 100g,Home Care,MetroBrand
SKU03406,100.66666666666667,66.66666666666667,18.333333333333332,0,1,ValueChoice Pest Control 100g,Home Care,ValueChoice
SKU03408,58.75,64.75,19.25,0,1,CleanWave Hair Care 2kg,Personal Care,CleanWave
SKU03426,8.0,28.0,12.0,0,1,SparkleClean Mobile Accessories 2L,Electronics & Accessories,SparkleClean
SKU03429,14.0,65.0,15.0,0,1,GoldenHarvest Home Decor 500g,Home & Kitchen,GoldenHarvest
SKU03456,97.2,59.0,19.8,0,1,SunriseFoods Energy Drinks 1kg,Beverages,SunriseFoods
SKU03459,2.0,72.0,34.0,0,1,NovaFresh OTC Medicine 500ml,Health & Wellness,NovaFresh
SKU03460,67.0,35.0,9.0,0,1,FamilyChoice Mobile Accessories 100g,Electronics & Accessories,FamilyChoice
SKU03464,51.5,60.5,15.0,0,1,MetroBrand Flour & Atta Medium,Grocery,MetroBrand
SKU03465,80.0,56.333333333333336,19.666666666666668,0,1,DailyBest Men's Wear 2L,Apparel & Footwear,DailyBest
SKU03468,39.5,65.0,27.0,0,1,PrimeCare Men's Grooming 250ml,Personal Care,PrimeCare
SKU03496,82.0,47.666666666666664,15.333333333333334,0,1,SunriseFoods Ice Cream 500g,Frozen Foods,SunriseFoods
SKU03511,7.0,78.0,38.0,0,1,TrueTaste Ready Meals 100g,Frozen Foods,TrueTaste
SKU03516,124.0,95.5,42.5,0,1,GoldenHarvest Laundry 250ml,Home Care,GoldenHarvest
SKU03517,84.0,70.5,29.5,0,1,HealthFirst OTC Medicine 100g,Health & Wellness,HealthFirst
SKU03527,8.0,23.0,11.0,0,1,CleanWave Bath & Body 100g,Personal Care,CleanWave
SKU03534,80.25,66.25,21.75,0,1,CityFresh Frozen Vegetables 100g,Frozen Foods,CityFresh
SKU03537,90.5,59.0,25.0,0,1,UrbanBite Soft Drinks 250ml,Beverages,UrbanBite
SKU03543,31.0,66.0,33.0,0,1,NutriPlus Candy 100g,Snacks & Confectionery,NutriPlus
SKU03549,95.8,62.6,24.2,0,1,SoftTouch Butter & Ghee Small,Dairy & Bakery,SoftTouch
SKU03561,47.5,54.25,19.5,0,1,NovaFresh Hair Care 500g,Personal Care,NovaFresh
SKU03563,59.333333333333336,54.0,16.0,0,1,HealthFirst Footwear Small,Apparel & Footwear,HealthFirst
SKU03566,52.25,60.25,17.0,0,1,ZestyCo Cheese Pack of 6,Dairy & Bakery,ZestyCo
SKU03575,113.0,66.71428571428571,21.571428571428573,0,1,SoftTouch Sugar & Salt 100g,Grocery,SoftTouch
SKU03577,26.333333333333332,66.33333333333333,16.666666666666668,0,1,DailyBest Energy Drinks 2L,Beverages,DailyBest
SKU03585,56.0,62.5,26.5,0,1,PureLife Eggs 500ml,Dairy & Bakery,PureLife
SKU03587,76.25,54.0,21.25,0,1,SunriseFoods Oral Care Family Pack,Personal Care,SunriseFoods
SKU03605,92.0,76.6,24.4,0,1,FamilyChoice Spices & Seasoning 100g,Grocery,FamilyChoice
SKU03607,56.8,60.6,24.0,0,1,SparkleClean OTC Medicine 500g,Health & Wellness,SparkleClean
SKU03612,18.0,49.0,23.0,0,1,PurePlus Ice Cream 500ml,Frozen Foods,PurePlus
SKU03618,77.0,72.0,29.5,0,1,BasicNeeds Batteries Large,Electronics & Accessories,BasicNeeds
SKU03619,294.3125,62.75,22.875,0,1,SparkleClean Men's Wear 100g,Apparel & Footwear,SparkleClean
SKU03624,266.51851851851853,63.03703703703704,21.444444444444443,0,1,PrimeCare Juices Large,Beverages,PrimeCare
SKU03648,89.33333333333333,72.66666666666667,28.333333333333332,0,1,NutriPlus Rice & Grains Small,Grocery,NutriPlus
SKU03652,94.0,64.0,22.75,0,1,CleanWave Ready Meals Pack of 6,Frozen Foods,CleanWave
SKU03663,68.0,69.0,24.333333333333332,0,1,FreshFarm Batteries Small,Electronics & Accessories,FreshFarm
SKU03667,46.5,38.0,11.5,0,1,BasicNeeds Dishwashing 250ml,Home Care,BasicNeeds
SKU03669,44.0,49.0,16.0,0,1,QuickBite OTC Medicine Large,Health & Wellness,QuickBite
SKU03677,63.4,48.8,17.0,0,1,PrimeCare Hair Care Pack of 6,Personal Care,PrimeCare
SKU03682,21.0,51.333333333333336,17.0,0,1,FamilyChoice Namkeen 2L,Snacks & Confectionery,FamilyChoice
SKU03687,92.25,65.75,19.25,0,1,DailyBest Biscuits & Cookies Pack of 6,Snacks & Confectionery,DailyBest
SKU03689,61.666666666666664,66.66666666666667,18.0,0,1,SparkleClean Office Supplies 500ml,Stationery & Office,SparkleClean
SKU03710,45.5,46.5,17.25,0,1,CityFresh Laundry Medium,Home Care,CityFresh
SKU03713,60.333333333333336,75.33333333333333,30.333333333333332,0,1,PrimeCare Candy Pack of 12,Snacks & Confectionery,PrimeCare
SKU03717,90.5,75.0,25.0,0,1,FreshFarm Frozen Vegetables Pack of 6,Frozen Foods,FreshFarm
SKU03719,68.75,79.0,31.25,0,1,PureLife Namkeen Family Pack,Snacks & Confectionery,PureLife
SKU03723,112.33333333333333,88.0,33.666666666666664,0,1,NovaFresh Home Decor Large,Home & Kitchen,NovaFresh
SKU03729,5.0,61.0,20.0,0,1,FamilyChoice Biscuits & Cookies 2L,Snacks & Confectionery,FamilyChoice
SKU03750,21.333333333333332,75.66666666666667,26.0,0,1,FamilyChoice Notebooks 250ml,Stationery & Office,FamilyChoice
SKU03754,60.5,65.5,18.0,0,1,CityFresh Sugar & Salt 1kg,Grocery,CityFresh
SKU03757,51.333333333333336,41.0,14.333333333333334,0,1,FamilyChoice Small Appliances 500ml,Electronics & Accessories,FamilyChoice
SKU03763,79.5,53.0,21.5,0,1,GoldenHarvest Namkeen 2L,Snacks & Confectionery,GoldenHarvest
SKU03769,11.0,48.0,18.0,0,1,GoldenHarvest Spices & Seasoning 250ml,Grocery,GoldenHarvest
SKU03770,37.0,62.0,23.0,0,1,SmartBuy OTC Medicine Family Pack,Health & Wellness,SmartBuy
SKU03775,60.0,61.25,21.75,0,1,HealthFirst First Aid 250g,Health & Wellness,HealthFirst
SKU03783,41.75,46.75,17.5,0,1,CrispKing Batteries Family Pack,Electronics & Accessories,CrispKing
SKU03787,75.0,63.5,25.5,0,1,MetroBrand Ready Meals Large,Frozen Foods,MetroBrand
SKU03788,24.5,43.0,17.5,0,1,EliteHome Pest Control 2L,Home Care,EliteHome
SKU03799,4.0,58.0,24.0,0,1,FreshFarm Office Supplies Large,Stationery & Office,FreshFarm
SKU03811,85.14285714285714,60.857142857142854,24.142857142857142,0,1,NutriPlus Writing Instruments Family Pack,Stationery & Office,NutriPlus
SKU03816,62.333333333333336,54.166666666666664,17.0,0,1,FreshFarm Home Decor Family Pack,Home & Kitchen,FreshFarm
SKU03838,129.5,76.5,24.5,0,1,MetroBrand Rice & Grains 2L,Grocery,MetroBrand
SKU03846,41.5,89.5,39.0,0,1,SoftTouch Oral Care 250g,Personal Care,SoftTouch
SKU03855,86.25,67.75,27.5,0,1,MetroBrand Footwear 2L,Apparel & Footwear,MetroBrand
SKU03861,54.0,95.5,39.5,0,1,TrueTaste Oral Care Medium,Personal Care,TrueTaste
SKU03877,98.5,47.75,18.5,0,1,SoftTouch Candy 100g,Snacks & Confectionery,SoftTouch
SKU03882,96.0,48.0,16.0,0,1,CityFresh Frozen Meat Large,Frozen Foods,CityFresh
SKU03890,95.25,54.75,20.5,0,1,ValueChoice Hair Care 500g,Personal Care,ValueChoice
SKU03891,1.0,74.0,22.0,0,1,MetroBrand Eggs Medium,Dairy & Bakery,MetroBrand
SKU03898,77.25,55.75,22.5,0,1,SunriseFoods Candy 1L,Snacks & Confectionery,SunriseFoods
SKU03903,70.5,45.75,14.5,0,1,FreshFarm Men's Wear 250g,Apparel & Footwear,FreshFarm
SKU03913,13.5,41.5,13.0,0,1,NutriPlus First Aid 100g,Health & Wellness,NutriPlus
SKU03918,91.0,72.33333333333333,29.666666666666668,0,1,GreenValley Surface Cleaners 1L,Home Care,GreenValley
SKU03920,32.0,28.0,11.0,0,1,UrbanBite Tea Large,Beverages,UrbanBite
SKU03925,61.0,54.0,16.333333333333332,0,1,BasicNeeds Butter & Ghee 2kg,Dairy & Bakery,BasicNeeds
SKU03930,24.5,36.0,13.5,0,1,SmartBuy Women's Wear 250g,Apparel & Footwear,SmartBuy
SKU03936,110.75,53.5,19.0,0,1,DailyBest OTC Medicine 500ml,Health & Wellness,DailyBest
SKU03945,103.33333333333333,71.66666666666667,22.666666666666668,0,1,ZestyCo Notebooks Large,Stationery & Office,ZestyCo
SKU03951,56.25,69.0,21.25,0,1,CityFresh Juices Family Pack,Beverages,CityFresh
SKU03952,35.5,89.5,30.0,0,1,CityFresh Notebooks Large,Stationery & Office,CityFresh
SKU03956,87.5,75.5,28.5,0,1,SoftTouch Laundry Pack of 6,Home Care,SoftTouch
SKU03969,74.75,54.0,16.0,0,1,ZestyCo Biscuits & Cookies 1L,Snacks & Confectionery,ZestyCo
SKU04000,5.0,23.0,8.0,0,1,HealthFirst Men's Grooming 100g,Personal Care,HealthFirst
SKU04003,88.0,61.5,20.0,0,1,BasicNeeds Cookware Pack of 6,Home & Kitchen,BasicNeeds
SKU04005,53.75,58.25,20.75,0,1,EverydayPlus Candy 500g,Snacks & Confectionery,EverydayPlus
SKU04009,95.0,74.0,24.25,0,1,FreshFarm Chocolates Pack of 6,Snacks & Confectionery,FreshFarm
SKU04010,50.5,33.0,14.0,0,1,NatureBlend Rice & Grains 250g,Grocery,NatureBlend
SKU04013,80.5,50.5,13.5,0,1,GoldenHarvest Ice Cream 1kg,Frozen Foods,GoldenHarvest
SKU04014,39.0,42.5,19.5,0,1,PremiumSelect Namkeen 100g,Snacks & Confectionery,PremiumSelect
SKU04028,93.0,67.75,25.5,0,1,HomeStyle Batteries Small,Electronics & Accessories,HomeStyle
SKU04044,85.25,66.75,28.0,0,1,SunriseFoods Cooking Oil 500g,Grocery,SunriseFoods
SKU04057,142.2,77.0,27.8,0,1,PremiumSelect Storage & Containers Family Pack,Home & Kitchen,PremiumSelect
SKU04063,16.666666666666668,56.0,18.0,0,1,NatureBlend Men's Grooming 500ml,Personal Care,NatureBlend
SKU04065,118.0,59.0,25.666666666666668,0,1,CityFresh Small Appliances 500g,Electronics & Accessories,CityFresh
SKU04069,68.5,62.0,29.0,0,1,EverydayPlus Frozen Vegetables 1kg,Frozen Foods,EverydayPlus
SKU04074,7.0,50.0,19.0,0,1,EliteHome Frozen Meat Pack of 12,Frozen Foods,EliteHome
SKU04079,42.0,63.5,25.0,0,1,HealthFirst Men's Grooming 2kg,Personal Care,HealthFirst
SKU04081,44.5,39.5,11.5,0,1,EliteHome Flour & Atta 500g,Grocery,EliteHome
SKU04085,102.5,91.5,39.5,0,1,EverydayPlus Butter & Ghee Pack of 12,Dairy & Bakery,EverydayPlus
SKU04086,96.66666666666667,65.33333333333333,26.333333333333332,0,1,PureLife Flour & Atta 250g,Grocery,PureLife
SKU04087,64.0,43.5,19.0,0,1,FamilyChoice Writing Instruments 500g,Stationery & Office,FamilyChoice
SKU04104,30.0,36.5,14.5,0,1,ZestyCo Men's Grooming 1kg,Personal Care,ZestyCo
SKU04117,38.5,68.5,30.5,0,1,CityFresh Oral Care Pack of 12,Personal Care,CityFresh
SKU04121,54.5,51.75,18.0,0,1,EverydayPlus Footwear 2kg,Apparel & Footwear,EverydayPlus
SKU04123,41.0,34.5,13.5,0,1,ValueChoice Office Supplies Family Pack,Stationery & Office,ValueChoice
SKU04125,137.0,92.0,32.5,0,1,SunriseFoods Rice & Grains Pack of 12,Grocery,SunriseFoods
SKU04135,121.33333333333333,75.66666666666667,23.333333333333332,0,1,GoldenHarvest Soft Drinks Large,Beverages,GoldenHarvest
SKU04136,86.0,57.0,20.5,0,1,TrueTaste Women's Wear Large,Apparel & Footwear,TrueTaste
SKU04141,55.0,52.0,21.0,0,1,ValueChoice Flour & Atta Small,Grocery,ValueChoice
SKU04162,15.5,27.5,10.5,0,1,TrueTaste Home Decor Medium,Home & Kitchen,TrueTaste
SKU04163,53.0,63.0,24.0,0,1,SoftTouch Oral Care 250g,Personal Care,SoftTouch
SKU04165,95.66666666666667,55.666666666666664,18.0,0,1,PremiumSelect Men's Wear 500ml,Apparel & Footwear,PremiumSelect
SKU04171,5.0,88.0,26.0,0,1,CityFresh Vitamins & Supplements Pack of 6,Health & Wellness,CityFresh
SKU04203,96.0,78.25,33.0,0,1,CleanWave Frozen Vegetables 500g,Frozen Foods,CleanWave
SKU04211,40.0,50.0,16.333333333333332,0,1,EverydayPlus Spices & Seasoning 2L,Grocery,EverydayPlus
SKU04234,64.5,74.0,24.5,0,1,FreshFarm Frozen Vegetables 500g,Frozen Foods,FreshFarm
SKU04255,64.0,57.0,20.6,0,1,FamilyChoice Eggs 1kg,Dairy & Bakery,FamilyChoice
SKU04256,18.0,42.5,18.5,0,1,NovaFresh Storage & Containers Family Pack,Home & Kitchen,NovaFresh
SKU04267,87.0,48.0,12.333333333333334,0,1,FamilyChoice Surface Cleaners Pack of 12,Home Care,FamilyChoice
SKU04284,50.75,47.5,15.25,0,1,PureLife Bottled Water 1kg,Beverages,PureLife
SKU04291,108.0,70.33333333333333,22.0,0,1,GoldenHarvest Butter & Ghee 100g,Dairy & Bakery,GoldenHarvest
SKU04295,28.0,34.0,9.666666666666666,0,1,UrbanBite Small Appliances 100g,Electronics & Accessories,UrbanBite
SKU04306,70.5,53.0,18.0,0,1,ZestyCo Pulses & Lentils 1kg,Grocery,ZestyCo
SKU04307,92.25,71.75,23.25,0,1,PremiumSelect Vitamins & Supplements 250ml,Health & Wellness,PremiumSelect
SKU04313,82.33333333333333,59.333333333333336,20.0,0,1,DailyBest First Aid 500g,Health & Wellness,DailyBest
SKU04324,3.0,27.0,13.0,0,1,CleanWave Coffee 100g,Beverages,CleanWave
SKU04328,48.666666666666664,69.0,25.333333333333332,0,1,SunriseFoods Skin Care Pack of 6,Personal Care,SunriseFoods
SKU04331,108.25,68.25,27.75,0,1,NatureBlend Surface Cleaners 2kg,Home Care,NatureBlend
SKU04335,44.0,60.0,21.0,0,1,EverydayPlus Surface Cleaners 250g,Home Care,EverydayPlus
SKU04344,17.0,33.0,16.0,0,1,FamilyChoice Butter & Ghee Pack of 6,Dairy & Bakery,FamilyChoice
SKU04345,96.0,58.5,22.75,0,1,NovaFresh Bread Family Pack,Dairy & Bakery,NovaFresh
SKU04354,66.0,47.0,15.0,0,1,MetroBrand Kids Wear Large,Apparel & Footwear,MetroBrand
SKU04368,14.0,37.5,17.0,0,1,SparkleClean Rice & Grains 250g,Grocery,SparkleClean
SKU04369,122.5,59.333333333333336,17.333333333333332,0,1,CleanWave Small Appliances Small,Electronics & Accessories,CleanWave
SKU04372,8.0,62.0,30.0,0,1,FamilyChoice Batteries Large,Electronics & Accessories,FamilyChoice
SKU04396,123.75,75.25,26.75,0,1,NovaFresh Men's Wear Pack of 12,Apparel & Footwear,NovaFresh
SKU04397,29.0,33.0,10.0,0,1,FamilyChoice Vitamins & Supplements 250ml,Health & Wellness,FamilyChoice
SKU04398,106.0,69.66666666666667,18.5,0,1,GoldenHarvest Storage & Containers 2L,Home & Kitchen,GoldenHarvest
SKU04402,20.0,41.5,13.5,0,1,TrueTaste Rice & Grains 250g,Grocery,TrueTaste
SKU04403,58.25,52.25,17.0,0,1,DailyBest Bottled Water 500ml,Beverages,DailyBest
SKU04405,27.0,74.0,26.5,0,1,CleanWave Batteries 1kg,Electronics & Accessories,CleanWave
SKU04410,77.0,73.0,26.5,0,1,TrueTaste First Aid Medium,Health & Wellness,TrueTaste
SKU04411,111.0,78.66666666666667,31.0,0,1,UrbanBite Surface Cleaners 500ml,Home Care,UrbanBite
SKU04427,18.5,55.0,23.5,0,1,ZestyCo Cooking Oil 250ml,Grocery,ZestyCo
SKU04431,37.5,59.0,15.5,0,1,HomeStyle Chocolates Pack of 6,Snacks & Confectionery,HomeStyle
SKU04440,98.0,68.75,24.0,0,1,QuickBite Cheese 500g,Dairy & Bakery,QuickBite
SKU04441,40.5,44.5,17.0,0,1,NutriPlus Mobile Accessories 1kg,Electronics & Accessories,NutriPlus
SKU04449,81.0,78.5,29.5,0,1,SoftTouch Writing Instruments 500g,Stationery & Office,SoftTouch
SKU04450,63.0,49.6,19.2,0,1,QuickBite Small Appliances 500ml,Electronics & Accessories,QuickBite
SKU04454,43.0,60.333333333333336,24.333333333333332,0,1,QuickBite Men's Wear Pack of 6,Apparel & Footwear,QuickBite
SKU04463,29.75,51.5,18.0,0,1,NovaFresh Men's Wear 1L,Apparel & Footwear,NovaFresh
SKU04469,29.5,62.0,17.5,0,1,HomeStyle First Aid 2kg,Health & Wellness,HomeStyle
SKU04472,57.8,57.2,13.0,0,1,SoftTouch Writing Instruments 2kg,Stationery & Office,SoftTouch
SKU04480,38.333333333333336,28.0,10.0,0,1,ZestyCo Oral Care Family Pack,Personal Care,ZestyCo
SKU04492,24.0,70.0,34.0,0,1,PurePlus Spices & Seasoning Medium,Grocery,PurePlus
SKU04494,94.75,55.0,21.5,0,1,PurePlus Pulses & Lentils Large,Grocery,PurePlus
SKU04497,4.0,80.0,22.0,0,1,CityFresh Batteries Pack of 12,Electronics & Accessories,CityFresh
SKU04504,157.6,43.35,13.85,0,1,CityFresh Chips & Crisps Large,Snacks & Confectionery,CityFresh
SKU04506,85.0,58.285714285714285,22.142857142857142,0,1,PrimeCare Chocolates 1L,Snacks & Confectionery,PrimeCare
SKU04507,39.0,26.0,9.5,0,1,UrbanBite Energy Drinks Medium,Beverages,UrbanBite
SKU04509,64.5,64.5,20.25,0,1,QuickBite Air Fresheners Pack of 12,Home Care,QuickBite
SKU04513,69.0,67.66666666666667,28.666666666666668,0,1,DailyBest Soft Drinks 500g,Beverages,DailyBest
SKU04521,79.83333333333333,64.83333333333333,24.166666666666668,0,1,SmartBuy Coffee 500ml,Beverages,SmartBuy
SKU04524,5.0,74.0,35.0,0,1,QuickBite Cookware 500g,Home & Kitchen,QuickBite
SKU04536,6.0,29.0,10.0,0,1,FamilyChoice Mobile Accessories 500g,Electronics & Accessories,FamilyChoice
SKU04543,100.75,57.75,21.25,0,1,NovaFresh Writing Instruments Family Pack,Stationery & Office,NovaFresh
SKU04544,99.0,68.0,26.666666666666668,0,1,CleanWave Cookware Medium,Home & Kitchen,CleanWave
SKU04548,3.0,41.0,10.0,0,1,GoldenHarvest Soft Drinks 250ml,Beverages,GoldenHarvest
SKU04550,10.5,63.0,16.0,0,1,GreenValley Spices & Seasoning 100g,Grocery,GreenValley
SKU04553,81.0,62.0,27.333333333333332,0,1,NutriPlus Frozen Meat 500ml,Frozen Foods,NutriPlus
SKU04560,119.66666666666667,67.66666666666667,26.166666666666668,0,1,SunriseFoods Laundry 250g,Home Care,SunriseFoods
SKU04564,109.25,75.5,34.75,0,1,SparkleClean Surface Cleaners Pack of 6,Home Care,SparkleClean
SKU04570,68.4,49.0,15.0,0,1,QuickBite Juices 1L,Beverages,QuickBite
SKU04573,35.0,94.5,33.0,0,1,SparkleClean Notebooks 2L,Stationery & Office,SparkleClean
SKU04580,222.46666666666667,55.1,20.066666666666666,0,1,HomeStyle First Aid 100g,Health & Wellness,HomeStyle
SKU04584,106.25,54.75,19.0,0,1,HomeStyle Cheese 100g,Dairy & Bakery,HomeStyle
SKU04585,31.333333333333332,63.666666666666664,24.333333333333332,0,1,PremiumSelect Women's Wear 2kg,Apparel & Footwear,PremiumSelect
SKU04601,86.25,64.75,27.25,0,1,QuickBite Pulses & Lentils 250ml,Grocery,QuickBite
SKU04604,83.25,56.5,17.0,0,1,DailyBest Cookware Medium,Home & Kitchen,DailyBest
SKU04608,9.0,87.0,40.0,0,1,PrimeCare Bottled Water 500g,Beverages,PrimeCare
SKU04610,106.0,77.0,30.0,0,1,CleanWave Batteries 250ml,Electronics & Accessories,CleanWave
SKU04614,71.2,55.2,14.0,0,1,SoftTouch Chocolates 250g,Snacks & Confectionery,SoftTouch
SKU04617,35.5,35.0,15.0,0,1,CrispKing Frozen Meat 500ml,Frozen Foods,CrispKing
SKU04645,112.66666666666667,53.0,19.666666666666668,0,1,QuickBite Men's Grooming Family Pack,Personal Care,QuickBite
SKU04672,32.5,85.5,29.0,0,1,TrueTaste Mobile Accessories 250g,Electronics & Accessories,TrueTaste
SKU04675,81.66666666666667,59.333333333333336,19.0,0,1,SparkleClean Laundry Family Pack,Home Care,SparkleClean
SKU04680,27.666666666666668,47.333333333333336,13.666666666666666,0,1,QuickBite Dishwashing 2kg,Home Care,QuickBite
SKU04684,84.0,71.75,22.75,0,1,CrispKing Namkeen 2L,Snacks & Confectionery,CrispKing
SKU04685,72.5,71.0,21.5,0,1,GreenValley Notebooks 2kg,Stationery & Office,GreenValley
SKU04695,60.0,63.5,24.0,0,1,GreenValley Kids Wear 2L,Apparel & Footwear,GreenValley
SKU04716,32.0,51.0,22.5,0,1,SparkleClean OTC Medicine 1L,Health & Wellness,SparkleClean
SKU04739,52.5,94.5,24.5,0,1,SparkleClean Men's Grooming 500ml,Personal Care,SparkleClean
SKU04750,32.0,45.0,19.5,0,1,SunriseFoods OTC Medicine 2L,Health & Wellness,SunriseFoods
SKU04752,29.5,30.0,9.0,0,1,GoldenHarvest Vitamins & Supplements 100g,Health & Wellness,GoldenHarvest
SKU04759,65.0,50.666666666666664,17.333333333333332,0,1,TrueTaste Kids Wear 2kg,Apparel & Footwear,TrueTaste
SKU04766,6.0,69.0,15.0,0,1,BasicNeeds Juices 500g,Beverages,BasicNeeds
SKU04772,61.5,74.5,19.0,0,1,SunriseFoods Cookware 500ml,Home & Kitchen,SunriseFoods
SKU04773,7.0,25.0,9.0,0,1,HomeStyle Ice Cream Small,Frozen Foods,HomeStyle
SKU04777,29.5,68.5,30.0,0,1,EliteHome Oral Care 250g,Personal Care,EliteHome
SKU04786,13.0,68.0,22.0,0,1,HomeStyle Vitamins & Supplements Pack of 6,Health & Wellness,HomeStyle
SKU04792,130.5,78.5,29.25,0,1,HomeStyle Air Fresheners Pack of 12,Home Care,HomeStyle
SKU04800,20.0,66.0,32.0,0,1,SoftTouch Oral Care Pack of 6,Personal Care,SoftTouch
SKU04811,71.25,64.75,27.25,0,1,MetroBrand Skin Care 500ml,Personal Care,MetroBrand
SKU04820,2.0,81.0,17.0,0,1,FreshFarm Women's Wear Pack of 6,Apparel & Footwear,FreshFarm
SKU04822,27.0,42.666666666666664,10.666666666666666,0,1,HealthFirst Hair Care Family Pack,Personal Care,HealthFirst
SKU04825,36.0,93.0,39.0,0,1,PremiumSelect Kids Wear 1L,Apparel & Footwear,PremiumSelect
SKU04830,10.0,29.0,14.0,0,1,NovaFresh Vitamins & Supplements 250ml,Health & Wellness,NovaFresh
SKU04833,123.0,76.66666666666667,32.333333333333336,0,1,EverydayPlus Biscuits & Cookies 1L,Snacks & Confectionery,EverydayPlus
SKU04837,49.0,58.5,24.0,0,1,DailyBest Writing Instruments 1L,Stationery & Office,DailyBest
SKU04842,44.5,46.0,18.0,0,1,TrueTaste Frozen Vegetables 500ml,Frozen Foods,TrueTaste
SKU04844,88.0,70.5,31.0,0,1,ZestyCo Frozen Vegetables 2kg,Frozen Foods,ZestyCo
SKU04859,54.666666666666664,40.0,12.0,0,1,CityFresh Small Appliances Pack of 12,Electronics & Accessories,CityFresh
SKU04862,111.66666666666667,62.333333333333336,22.0,0,1,TrueTaste Cooking Oil 500g,Grocery,TrueTaste
SKU04865,76.5,72.25,25.75,0,1,PureLife OTC Medicine 1kg,Health & Wellness,PureLife
SKU04880,49.5,55.0,12.5,0,1,SparkleClean Chips & Crisps Family Pack,Snacks & Confectionery,SparkleClean
SKU04882,78.5,64.0,19.0,0,1,MetroBrand Cookware 250g,Home & Kitchen,MetroBrand
SKU04891,58.666666666666664,33.333333333333336,13.666666666666666,0,1,FamilyChoice Oral Care Pack of 12,Personal Care,FamilyChoice
SKU04892,96.0,82.33333333333333,28.0,0,1,PurePlus Energy Drinks 500g,Beverages,PurePlus
SKU04895,2.0,34.0,8.0,0,1,PurePlus Kids Wear Medium,Apparel & Footwear,PurePlus
SKU04899,51.0,59.0,17.666666666666668,0,1,FreshFarm Cheese 2L,Dairy & Bakery,FreshFarm
SKU04916,78.85714285714286,40.285714285714285,14.857142857142858,0,1,SoftTouch Mobile Accessories Pack of 12,Electronics & Accessories,SoftTouch
SKU04917,31.333333333333332,49.333333333333336,14.666666666666666,0,1,PureLife Ready Meals Large,Frozen Foods,PureLife
SKU04925,20.0,96.0,33.0,0,1,CleanWave Coffee Family Pack,Beverages,CleanWave
SKU04932,33.333333333333336,53.0,15.0,0,1,NatureBlend Frozen Vegetables 100g,Frozen Foods,NatureBlend
SKU04947,103.25,66.75,24.5,0,1,FreshFarm OTC Medicine Family Pack,Health & Wellness,FreshFarm
SKU04951,8.0,98.0,26.0,0,1,ZestyCo Ready Meals 1L,Frozen Foods,ZestyCo
SKU04962,119.5,79.0,28.0,0,1,SmartBuy Mobile Accessories 500g,Electronics & Accessories,SmartBuy
SKU04965,66.5,30.75,8.75,0,1,ValueChoice Namkeen Large,Snacks & Confectionery,ValueChoice
SKU04978,22.0,96.0,30.0,0,1,EverydayPlus Frozen Vegetables 250g,Frozen Foods,EverydayPlus
SKU04991,122.0,73.66666666666667,32.333333333333336,0,1,GreenValley Hair Care Pack of 6,Personal Care,GreenValley
SKU04999,35.5,58.5,23.5,0,1,NovaFresh Oral Care 1L,Personal Care,NovaFresh
SKU00001,215.0,100.0,33.0,0,0,NutriPlus Cookware Large,Home & Kitchen,NutriPlus
SKU00003,103.5,62.5,21.25,0,0,SoftTouch Notebooks 2L,Stationery & Office,SoftTouch
SKU00004,148.0,99.0,35.0,0,0,SunriseFoods Eggs Large,Dairy & Bakery,SunriseFoods
SKU00006,124.2,64.8,26.0,0,0,UrbanBite OTC Medicine 100g,Health & Wellness,UrbanBite
SKU00007,43.5,81.5,27.0,0,0,GreenValley Energy Drinks Pack of 12,Beverages,GreenValley
SKU00009,42.5,77.0,19.5,0,0,SmartBuy Frozen Vegetables Medium,Frozen Foods,SmartBuy
SKU00012,265.037037037037,57.44444444444444,20.22222222222222,0,0,HomeStyle Vitamins & Supplements 1kg,Health & Wellness,HomeStyle
SKU00013,157.0,72.5,27.5,0,0,PrimeCare Hair Care Pack of 12,Personal Care,PrimeCare
SKU00014,33.0,76.0,17.0,0,0,EliteHome Men's Grooming Medium,Personal Care,EliteHome
SKU00015,79.0,28.0,12.0,0,0,EverydayPlus Dishwashing 2L,Home Care,EverydayPlus
SKU00016,53.0,28.0,11.0,0,0,PrimeCare Men's Wear 500g,Apparel & Footwear,PrimeCare
SKU00017,38.5,27.5,9.5,0,0,CleanWave Eggs Large,Dairy & Bakery,CleanWave
SKU00019,120.0,86.0,40.0,0,0,PremiumSelect Hair Care 500ml,Personal Care,PremiumSelect
SKU00021,126.0,55.5,21.5,0,0,DailyBest Tea Family Pack,Beverages,DailyBest
SKU00023,20.0,39.0,13.0,0,0,MetroBrand Footwear 100g,Apparel & Footwear,MetroBrand
SKU00024,258.12,58.68,19.6,0,0,HealthFirst Batteries 500g,Electronics & Accessories,HealthFirst
SKU00025,71.0,56.333333333333336,19.0,0,0,CityFresh Mobile Accessories Pack of 6,Electronics & Accessories,CityFresh
SKU00026,81.0,51.0,24.0,0,0,PrimeCare Laundry Family Pack,Home Care,PrimeCare
SKU00028,92.75,61.75,19.0,0,0,NatureBlend Bottled Water Pack of 6,Beverages,NatureBlend
SKU00030,41.0,52.5,22.0,0,0,FreshFarm Frozen Meat 500ml,Frozen Foods,FreshFarm
SKU00031,101.6,54.0,15.2,0,0,BasicNeeds Office Supplies 100g,Stationery & Office,BasicNeeds
SKU00032,262.3,63.6,22.0,0,0,PrimeCare Coffee 250ml,Beverages,PrimeCare
SKU00033,136.0,64.0,18.0,0,0,NovaFresh Air Fresheners Pack of 6,Home Care,NovaFresh
SKU00034,68.0,56.5,24.5,0,0,TrueTaste Small Appliances Large,Electronics & Accessories,TrueTaste
SKU00036,134.0,85.0,25.0,0,0,CleanWave Air Fresheners Medium,Home Care,CleanWave
SKU00037,167.0,71.5,30.5,0,0,EverydayPlus Energy Drinks 100g,Beverages,EverydayPlus
SKU00039,96.66666666666667,59.666666666666664,18.666666666666668,0,0,GreenValley Candy 1kg,Snacks & Confectionery,GreenValley
SKU00040,101.0,84.0,35.0,0,0,CityFresh Cheese Pack of 6,Dairy & Bakery,CityFresh
SKU00041,61.5,57.5,23.0,0,0,NovaFresh Small Appliances Family Pack,Electronics & Accessories,NovaFresh
SKU00043,107.0,68.0,26.0,0,0,NovaFresh First Aid Pack of 6,Health & Wellness,NovaFresh
SKU00044,105.33333333333333,45.0,16.666666666666668,0,0,PureLife Skin Care 2kg,Personal Care,PureLife
SKU00045,45.0,54.5,20.0,0,0,SmartBuy Writing Instruments 1L,Stationery & Office,SmartBuy
SKU00046,81.0,61.0,24.25,0,0,QuickBite Bottled Water Pack of 12,Beverages,QuickBite
SKU00047,72.75,40.0,16.75,0,0,NutriPlus Men's Grooming 1L,Personal Care,NutriPlus
SKU00048,166.0,86.5,41.0,0,0,BasicNeeds Energy Drinks 500ml,Beverages,BasicNeeds
SKU00049,50.0,35.0,7.0,0,0,CityFresh Oral Care 500ml,Personal Care,CityFresh
SKU00051,123.0,71.0,24.0,0,0,CrispKing Oral Care 100g,Personal Care,CrispKing
SKU00052,245.4090909090909,59.04545454545455,21.181818181818183,0,0,ValueChoice Storage & Containers Family Pack,Home & Kitchen,ValueChoice
SKU00053,60.0,27.0,9.0,0,0,BasicNeeds Pest Control 250g,Home Care,BasicNeeds
SKU00057,30.0,31.0,15.0,0,0,FamilyChoice Kids Wear 500ml,Apparel & Footwear,FamilyChoice
SKU00058,149.0,93.0,29.0,0,0,NutriPlus Office Supplies 2L,Stationery & Office,NutriPlus
SKU00059,200.33333333333334,77.66666666666667,17.666666666666668,0,0,TrueTaste Butter & Ghee 500ml,Dairy & Bakery,TrueTaste
SKU00060,126.5,74.0,24.5,0,0,BasicNeeds Men's Wear Large,Apparel & Footwear,BasicNeeds
SKU00061,98.66666666666667,59.0,22.666666666666668,0,0,CrispKing Milk 100g,Dairy & Bakery,CrispKing
SKU00063,84.0,82.0,39.0,0,0,PremiumSelect Women's Wear Pack of 12,Apparel & Footwear,PremiumSelect
SKU00064,136.33333333333334,89.66666666666667,27.0,0,0,UrbanBite Air Fresheners Small,Home Care,UrbanBite
SKU00065,215.0,76.0,33.0,0,0,BasicNeeds Small Appliances 500g,Electronics & Accessories,BasicNeeds
SKU00066,212.6,51.84,18.28,0,0,FreshFarm Cheese 100g,Dairy & Bakery,FreshFarm
SKU00067,102.0,70.0,27.5,0,0,EliteHome Spices & Seasoning 250ml,Grocery,EliteHome
SKU00069,286.48148148148147,59.77777777777778,20.85185185185185,0,0,PureLife Laundry Small,Home Care,PureLife
SKU00070,94.5,48.25,16.75,0,0,PremiumSelect Storage & Containers Large,Home & Kitchen,PremiumSelect
SKU00071,142.5,71.0,21.0,0,0,CleanWave Juices 500ml,Beverages,CleanWave
SKU00073,126.0,60.0,22.0,0,0,PrimeCare Small Appliances 100g,Electronics & Accessories,PrimeCare
SKU00074,44.0,37.0,11.0,0,0,NutriPlus Candy Small,Snacks & Confectionery,NutriPlus
SKU00075,243.82758620689654,58.86206896551724,21.17241379310345,0,0,TrueTaste Batteries 250g,Electronics & Accessories,TrueTaste
SKU00077,68.66666666666667,65.0,18.666666666666668,0,0,CleanWave Women's Wear 250ml,Apparel & Footwear,CleanWave
SKU00078,69.0,30.0,14.0,0,0,NatureBlend Ready Meals 500ml,Frozen Foods,NatureBlend
SKU00081,138.0,58.5,27.5,0,0,NovaFresh Laundry Large,Home Care,NovaFresh
SKU00082,87.5,56.5,22.5,0,0,SmartBuy Storage & Containers Medium,Home & Kitchen,SmartBuy
SKU00083,258.77777777777777,59.44444444444444,23.0,0,0,HomeStyle Pulses & Lentils 250ml,Grocery,HomeStyle
SKU00085,154.0,83.5,25.5,0,0,BasicNeeds Dishwashing 1L,Home Care,BasicNeeds
SKU00087,28.0,77.0,27.0,0,0,NatureBlend First Aid 500g,Health & Wellness,NatureBlend
SKU00090,342.0869565217391,75.52173913043478,26.0,0,0,MetroBrand OTC Medicine Medium,Health & Wellness,MetroBrand
SKU00091,86.66666666666667,45.666666666666664,15.666666666666666,0,0,PureLife Bottled Water 2L,Beverages,PureLife
SKU00092,68.5,57.5,17.0,0,0,NutriPlus OTC Medicine 2kg,Health & Wellness,NutriPlus
SKU00093,138.0,79.0,24.5,0,0,ValueChoice Energy Drinks 2kg,Beverages,ValueChoice
SKU00094,44.0,36.5,12.0,0,0,ZestyCo OTC Medicine Small,Health & Wellness,ZestyCo
SKU00095,98.0,77.0,25.0,0,0,GreenValley First Aid 500ml,Health & Wellness,GreenValley
SKU00096,127.0,76.0,24.0,0,0,PrimeCare Juices 250g,Beverages,PrimeCare
SKU00097,188.5,86.0,31.5,0,0,GoldenHarvest Kids Wear Pack of 12,Apparel & Footwear,GoldenHarvest
SKU00098,224.0,83.0,20.0,0,0,ValueChoice Men's Grooming 500g,Personal Care,ValueChoice
SKU00100,88.5,58.0,27.5,0,0,ValueChoice Flour & Atta 500ml,Grocery,ValueChoice
SKU00103,73.5,44.0,12.75,0,0,QuickBite Namkeen 500g,Snacks & Confectionery,QuickBite
SKU00104,149.5,68.5,27.0,0,0,EverydayPlus Bread Family Pack,Dairy & Bakery,EverydayPlus
SKU00105,244.92307692307693,53.42307692307692,19.076923076923077,0,0,GreenValley First Aid 2L,Health & Wellness,GreenValley
SKU00111,147.33333333333334,63.666666666666664,23.666666666666668,0,0,HomeStyle Footwear 1L,Apparel & Footwear,HomeStyle
SKU00112,94.25,48.5,12.25,0,0,FreshFarm Chips & Crisps 1L,Snacks & Confectionery,FreshFarm
SKU00113,115.0,72.5,26.5,0,0,SmartBuy Bread 2L,Dairy & Bakery,SmartBuy
SKU00114,48.0,61.5,18.5,0,0,HomeStyle Writing Instruments Pack of 12,Stationery & Office,HomeStyle
SKU00115,112.0,83.33333333333333,23.666666666666668,0,0,QuickBite Office Supplies Family Pack,Stationery & Office,QuickBite
SKU00117,69.5,47.75,18.5,0,0,ZestyCo Surface Cleaners Pack of 6,Home Care,ZestyCo
SKU00118,117.0,53.0,17.666666666666668,0,0,SunriseFoods Bath & Body 2L,Personal Care,SunriseFoods
SKU00120,126.0,90.0,24.5,0,0,FamilyChoice First Aid 250g,Health & Wellness,FamilyChoice
SKU00122,32.666666666666664,53.333333333333336,15.333333333333334,0,0,MetroBrand Cooking Oil 100g,Grocery,MetroBrand
SKU00123,115.5,64.0,27.0,0,0,MetroBrand Juices Pack of 12,Beverages,MetroBrand
SKU00124,15.0,27.0,13.0,0,0,PurePlus Writing Instruments 1L,Stationery & Office,PurePlus
SKU00125,93.0,49.0,15.5,0,0,GoldenHarvest Air Fresheners Small,Home Care,GoldenHarvest
SKU00126,70.0,71.5,23.5,0,0,PurePlus Dishwashing Family Pack,Home Care,PurePlus
SKU00128,124.0,53.0,25.0,0,0,CrispKing Footwear 2L,Apparel & Footwear,CrispKing
SKU00129,83.0,47.0,17.0,0,0,CleanWave Cooking Oil 1L,Grocery,CleanWave
SKU00130,112.5,61.5,24.5,0,0,PremiumSelect Pulses & Lentils 250ml,Grocery,PremiumSelect
SKU00131,130.5,70.0,28.5,0,0,SparkleClean Eggs 250g,Dairy & Bakery,SparkleClean
SKU00133,121.66666666666667,44.333333333333336,17.333333333333332,0,0,PurePlus Small Appliances Pack of 12,Electronics & Accessories,PurePlus
SKU00136,112.0,57.0,26.0,0,0,ZestyCo Writing Instruments 2kg,Stationery & Office,ZestyCo
SKU00137,156.0,68.0,20.0,0,0,TrueTaste Juices Pack of 6,Beverages,TrueTaste
SKU00140,287.96666666666664,69.26666666666667,22.133333333333333,0,0,ZestyCo Dishwashing Pack of 12,Home Care,ZestyCo
SKU00141,66.5,60.0,20.0,0,0,ZestyCo Footwear 250g,Apparel & Footwear,ZestyCo
SKU00142,89.5,89.0,23.0,0,0,PremiumSelect Yogurt 1kg,Dairy & Bakery,PremiumSelect
SKU00143,79.0,44.0,17.0,0,0,DailyBest Writing Instruments 1L,Stationery & Office,DailyBest
SKU00144,55.0,31.666666666666668,10.666666666666666,0,0,FamilyChoice Eggs 100g,Dairy & Bakery,FamilyChoice
SKU00145,43.0,28.5,10.0,0,0,HealthFirst Ready Meals 250ml,Frozen Foods,HealthFirst
SKU00146,127.0,76.66666666666667,18.666666666666668,0,0,SunriseFoods Ready Meals 250ml,Frozen Foods,SunriseFoods
SKU00149,87.0,40.0,9.0,0,0,HealthFirst Cheese Family Pack,Dairy & Bakery,HealthFirst
SKU00150,262.3448275862069,59.93103448275862,21.862068965517242,0,0,FreshFarm Sugar & Salt Pack of 12,Grocery,FreshFarm
SKU00151,261.0,89.0,22.0,0,0,PurePlus Skin Care Pack of 12,Personal Care,PurePlus
SKU00153,87.0,51.5,16.0,0,0,UrbanBite Pulses & Lentils Medium,Grocery,UrbanBite
SKU00154,46.0,41.0,12.0,0,0,DailyBest Storage & Containers 1kg,Home & Kitchen,DailyBest
SKU00155,258.8965517241379,57.724137931034484,20.96551724137931,0,0,CityFresh Frozen Vegetables 500ml,Frozen Foods,CityFresh
SKU00156,85.5,79.5,18.0,0,0,SunriseFoods Coffee 1L,Beverages,SunriseFoods
SKU00159,200.0,82.5,22.0,0,0,GreenValley Milk 1L,Dairy & Bakery,GreenValley
SKU00160,76.0,46.0,14.0,0,0,PurePlus Bottled Water 1kg,Beverages,PurePlus
SKU00161,52.0,27.0,10.0,0,0,CleanWave OTC Medicine 1kg,Health & Wellness,CleanWave
SKU00162,84.0,57.0,20.0,0,0,NovaFresh Small Appliances Small,Electronics & Accessories,NovaFresh
SKU00163,179.0,60.0,23.0,0,0,PrimeCare Juices 1kg,Beverages,PrimeCare
SKU00166,83.5,45.0,19.5,0,0,EliteHome First Aid Small,Health & Wellness,EliteHome
SKU00167,240.7,52.1,19.266666666666666,0,0,ZestyCo Batteries 500g,Electronics & Accessories,ZestyCo
SKU00168,52.0,93.0,27.0,0,0,EverydayPlus Mobile Accessories 500g,Electronics & Accessories,EverydayPlus
SKU00170,240.43333333333334,55.6,19.166666666666668,0,0,ZestyCo Men's Wear 2L,Apparel & Footwear,ZestyCo
SKU00171,113.0,97.0,47.0,0,0,CityFresh Cheese Small,Dairy & Bakery,CityFresh
SKU00173,212.04347826086956,54.0,18.217391304347824,0,0,SunriseFoods OTC Medicine 500g,Health & Wellness,SunriseFoods
SKU00175,25.0,95.0,22.0,0,0,MetroBrand Office Supplies Large,Stationery & Office,MetroBrand
SKU00178,132.5,60.0,26.0,0,0,PrimeCare Pulses & Lentils Family Pack,Grocery,PrimeCare
SKU00179,79.0,56.333333333333336,14.666666666666666,0,0,NutriPlus Juices 1L,Beverages,NutriPlus
SKU00180,81.0,31.0,10.0,0,0,QuickBite Frozen Meat 500g,Frozen Foods,QuickBite
SKU00181,126.6,76.0,21.6,0,0,ZestyCo Ice Cream Pack of 6,Frozen Foods,ZestyCo
SKU00183,84.0,73.0,36.0,0,0,MetroBrand Butter & Ghee Small,Dairy & Bakery,MetroBrand
SKU00184,96.0,33.0,15.0,0,0,CleanWave Footwear Small,Apparel & Footwear,CleanWave
SKU00185,199.0,87.5,38.0,0,0,FreshFarm Air Fresheners 1L,Home Care,FreshFarm
SKU00186,219.5,49.7,16.2,0,0,TrueTaste Men's Wear 250ml,Apparel & Footwear,TrueTaste
SKU00188,101.0,52.0,15.0,0,0,GreenValley Bread Pack of 6,Dairy & Bakery,GreenValley
SKU00192,103.5,65.0,19.5,0,0,SparkleClean Bread Family Pack,Dairy & Bakery,SparkleClean
SKU00193,79.0,73.0,15.0,0,0,PremiumSelect First Aid 1kg,Health & Wellness,PremiumSelect
SKU00194,20.0,40.0,9.0,0,0,NutriPlus Frozen Meat 500g,Frozen Foods,NutriPlus
SKU00196,148.0,100.0,35.0,0,0,PremiumSelect Butter & Ghee Family Pack,Dairy & Bakery,PremiumSelect
SKU00197,57.0,26.333333333333332,12.666666666666666,0,0,NatureBlend Writing Instruments Pack of 6,Stationery & Office,NatureBlend
SKU00199,62.0,39.0,12.0,0,0,TrueTaste Biscuits & Cookies 250ml,Snacks & Confectionery,TrueTaste
SKU00201,125.33333333333333,60.0,24.333333333333332,0,0,FamilyChoice Frozen Vegetables 100g,Frozen Foods,FamilyChoice
SKU00202,78.5,43.5,15.75,0,0,PurePlus Flour & Atta 1L,Grocery,PurePlus
SKU00203,46.5,40.5,12.5,0,0,GoldenHarvest Milk 2kg,Dairy & Bakery,GoldenHarvest
SKU00204,20.0,31.0,15.0,0,0,HomeStyle Surface Cleaners 1kg,Home Care,HomeStyle
SKU00205,45.0,59.0,13.0,0,0,NutriPlus Office Supplies 2L,Stationery & Office,NutriPlus
SKU00206,185.0,63.0,29.0,0,0,NovaFresh Office Supplies Family Pack,Stationery & Office,NovaFresh
SKU00209,89.0,96.0,23.0,0,0,CityFresh Soft Drinks 1L,Beverages,CityFresh
SKU00210,84.5,74.5,26.0,0,0,MetroBrand Batteries Family Pack,Electronics & Accessories,MetroBrand
SKU00212,61.0,46.0,15.0,0,0,QuickBite Home Decor Family Pack,Home & Kitchen,QuickBite
SKU00213,50.0,33.5,12.5,0,0,ValueChoice Chocolates Pack of 6,Snacks & Confectionery,ValueChoice
SKU00216,124.66666666666667,68.0,23.666666666666668,0,0,NovaFresh Frozen Vegetables 500ml,Frozen Foods,NovaFresh
SKU00219,131.0,46.0,14.5,0,0,CleanWave Flour & Atta Small,Grocery,CleanWave
SKU00220,104.33333333333333,52.333333333333336,15.333333333333334,0,0,PurePlus Women's Wear 100g,Apparel & Footwear,PurePlus
SKU00222,25.0,35.0,16.0,0,0,PremiumSelect OTC Medicine Medium,Health & Wellness,PremiumSelect
SKU00223,95.33333333333333,43.0,14.0,0,0,ZestyCo Hair Care Small,Personal Care,ZestyCo
SKU00224,184.66666666666666,88.66666666666667,39.666666666666664,0,0,NovaFresh Hair Care 1L,Personal Care,NovaFresh
SKU00225,76.25,59.75,22.0,0,0,SparkleClean Home Decor 250ml,Home & Kitchen,SparkleClean
SKU00226,91.25,68.75,22.75,0,0,MetroBrand Coffee Pack of 12,Beverages,MetroBrand
SKU00227,124.66666666666667,79.0,24.0,0,0,EverydayPlus Mobile Accessories Pack of 6,Electronics & Accessories,EverydayPlus
SKU00228,165.0,60.0,20.666666666666668,0,0,FamilyChoice Mobile Accessories 250ml,Electronics & Accessories,FamilyChoice
SKU00229,51.0,21.0,5.0,0,0,ZestyCo Oral Care 500ml,Personal Care,ZestyCo
SKU00230,54.333333333333336,42.666666666666664,13.0,0,0,EliteHome Bread 250ml,Dairy & Bakery,EliteHome
SKU00232,130.0,79.5,28.5,0,0,NutriPlus Office Supplies 100g,Stationery & Office,NutriPlus
SKU00234,35.0,30.5,10.5,0,0,PureLife Biscuits & Cookies 500ml,Snacks & Confectionery,PureLife
SKU00235,80.5,62.0,23.0,0,0,TrueTaste Rice & Grains 1L,Grocery,TrueTaste
SKU00236,113.0,57.5,17.0,0,0,GreenValley Energy Drinks 500ml,Beverages,GreenValley
SKU00237,292.93333333333334,63.5,22.133333333333333,0,0,UrbanBite Pulses & Lentils Family Pack,Grocery,UrbanBite
SKU00238,48.0,49.5,22.0,0,0,PureLife Footwear 1kg,Apparel & Footwear,PureLife
SKU00239,105.0,44.0,12.6,0,0,GreenValley Storage & Containers 250ml,Home & Kitchen,GreenValley
SKU00240,271.9,63.0,21.233333333333334,0,0,FamilyChoice Energy Drinks 1kg,Beverages,FamilyChoice
SKU00241,141.0,67.0,16.0,0,0,GreenValley Mobile Accessories 2kg,Electronics & Accessories,GreenValley
SKU00242,80.42857142857143,66.57142857142857,21.428571428571427,0,0,CityFresh Chips & Crisps 2L,Snacks & Confectionery,CityFresh
SKU00243,53.0,28.0,8.0,0,0,PureLife Men's Grooming 2kg,Personal Care,PureLife
SKU00244,76.5,61.0,23.5,0,0,EverydayPlus OTC Medicine 2kg,Health & Wellness,EverydayPlus
SKU00247,120.5,67.75,23.0,0,0,TrueTaste Sugar & Salt 1kg,Grocery,TrueTaste
SKU00248,136.33333333333334,54.0,17.666666666666668,0,0,TrueTaste Biscuits & Cookies 250g,Snacks & Confectionery,TrueTaste
SKU00249,116.0,63.666666666666664,22.333333333333332,0,0,CrispKing Yogurt 1kg,Dairy & Bakery,CrispKing
SKU00251,292.13793103448273,62.206896551724135,19.79310344827586,0,0,CityFresh Office Supplies Family Pack,Stationery & Office,CityFresh
SKU00256,114.0,70.0,18.0,0,0,HomeStyle Frozen Meat 2L,Frozen Foods,HomeStyle
SKU00259,180.66666666666666,73.33333333333333,19.0,0,0,SoftTouch Writing Instruments 100g,Stationery & Office,SoftTouch
SKU00260,43.5,42.5,15.5,0,0,HomeStyle Spices & Seasoning 500ml,Grocery,HomeStyle
SKU00262,264.0,59.5,20.4,0,0,NovaFresh Chocolates 1L,Snacks & Confectionery,NovaFresh
SKU00265,117.33333333333333,50.0,18.0,0,0,CleanWave Pulses & Lentils Pack of 6,Grocery,CleanWave
SKU00266,36.75,49.0,21.0,0,0,SmartBuy Mobile Accessories 500ml,Electronics & Accessories,SmartBuy
SKU00268,101.0,68.0,18.0,0,0,DailyBest Juices 250ml,Beverages,DailyBest
SKU00269,158.0,72.0,21.0,0,0,TrueTaste Bread 250ml,Dairy & Bakery,TrueTaste
SKU00270,178.0,60.0,13.0,0,0,DailyBest Ice Cream Pack of 6,Frozen Foods,DailyBest
SKU00274,39.5,21.0,7.0,0,0,GoldenHarvest Frozen Vegetables Small,Frozen Foods,GoldenHarvest
SKU00276,53.75,55.25,17.75,0,0,NatureBlend Biscuits & Cookies 500ml,Snacks & Confectionery,NatureBlend
SKU00278,42.5,26.0,8.0,0,0,SmartBuy Men's Wear 1kg,Apparel & Footwear,SmartBuy
SKU00279,76.0,59.0,13.0,0,0,ZestyCo Rice & Grains 1kg,Grocery,ZestyCo
SKU00280,83.0,44.333333333333336,13.666666666666666,0,0,PrimeCare Small Appliances 2kg,Electronics & Accessories,PrimeCare
SKU00283,130.25,76.75,27.25,0,0,GoldenHarvest Women's Wear 100g,Apparel & Footwear,GoldenHarvest
SKU00287,95.5,34.0,15.5,0,0,CleanWave Frozen Meat Small,Frozen Foods,CleanWave
SKU00288,189.5,76.0,22.0,0,0,FreshFarm Notebooks Small,Stationery & Office,FreshFarm
SKU00292,131.5,68.0,18.5,0,0,GreenValley Bread 500g,Dairy & Bakery,GreenValley
SKU00294,50.6,40.6,16.8,0,0,ValueChoice Pest Control Medium,Home Care,ValueChoice
SKU00296,243.5,87.0,36.0,0,0,DailyBest First Aid 100g,Health & Wellness,DailyBest
SKU00299,57.5,28.5,10.5,0,0,PrimeCare Frozen Meat Small,Frozen Foods,PrimeCare
SKU00301,116.5,56.5,15.0,0,0,HealthFirst Notebooks Family Pack,Stationery & Office,HealthFirst
SKU00303,57.5,26.5,10.0,0,0,NatureBlend Pest Control Large,Home Care,NatureBlend
SKU00304,31.0,21.0,5.0,0,0,UrbanBite Spices & Seasoning 250g,Grocery,UrbanBite
SKU00305,270.375,62.458333333333336,19.416666666666668,0,0,PurePlus Vitamins & Supplements 250ml,Health & Wellness,PurePlus
SKU00306,67.0,72.33333333333333,21.333333333333332,0,0,NovaFresh Frozen Vegetables 1kg,Frozen Foods,NovaFresh
SKU00307,131.0,65.5,24.0,0,0,CleanWave Soft Drinks Large,Beverages,CleanWave
SKU00309,109.5,62.0,20.0,0,0,DailyBest Storage & Containers 250ml,Home & Kitchen,DailyBest
SKU00310,111.5,62.5,18.0,0,0,GoldenHarvest Energy Drinks 500g,Beverages,GoldenHarvest
SKU00311,87.0,53.0,12.0,0,0,CityFresh Small Appliances Small,Electronics & Accessories,CityFresh
SKU00312,128.5,91.5,36.5,0,0,BasicNeeds Soft Drinks Pack of 6,Beverages,BasicNeeds
SKU00313,87.5,71.0,25.5,0,0,NovaFresh Small Appliances Medium,Electronics & Accessories,NovaFresh
SKU00315,149.5,59.5,25.0,0,0,CrispKing Pulses & Lentils 500g,Grocery,CrispKing
SKU00316,92.0,68.33333333333333,21.666666666666668,0,0,PrimeCare Writing Instruments 250ml,Stationery & Office,PrimeCare
SKU00317,221.4,50.5,18.466666666666665,0,0,ZestyCo Soft Drinks Pack of 6,Beverages,ZestyCo
SKU00318,83.25,47.0,17.0,0,0,PrimeCare First Aid 1kg,Health & Wellness,PrimeCare
SKU00319,116.6,66.0,20.6,0,0,TrueTaste Chocolates 250g,Snacks & Confectionery,TrueTaste
SKU00320,53.0,98.0,48.0,0,0,SparkleClean Notebooks Medium,Stationery & Office,SparkleClean
SKU00321,110.0,54.0,18.0,0,0,EliteHome Batteries 1L,Electronics & Accessories,EliteHome
SKU00322,95.0,73.0,26.0,0,0,NutriPlus Women's Wear 250ml,Apparel & Footwear,NutriPlus
SKU00323,128.0,96.5,28.0,0,0,SparkleClean Air Fresheners 2L,Home Care,SparkleClean
SKU00324,139.66666666666666,70.66666666666667,27.0,0,0,HomeStyle Laundry Small,Home Care,HomeStyle
SKU00325,46.0,34.5,13.5,0,0,SoftTouch Vitamins & Supplements 100g,Health & Wellness,SoftTouch
SKU00326,162.0,75.0,23.0,0,0,GreenValley Kids Wear 500ml,Apparel & Footwear,GreenValley
SKU00327,96.25,50.5,17.0,0,0,SparkleClean Cookware 1kg,Home & Kitchen,SparkleClean
SKU00330,306.3333333333333,65.53333333333333,22.733333333333334,0,0,ValueChoice Tea 500ml,Beverages,ValueChoice
SKU00331,245.0,53.266666666666666,17.9,0,0,FreshFarm Yogurt 2L,Dairy & Bakery,FreshFarm
SKU00333,114.8,65.8,21.8,0,0,CityFresh Cheese Small,Dairy & Bakery,CityFresh
SKU00334,72.33333333333333,51.666666666666664,15.0,0,0,FreshFarm Footwear 500ml,Apparel & Footwear,FreshFarm
SKU00335,143.5,91.5,28.5,0,0,GreenValley Surface Cleaners 2L,Home Care,GreenValley
SKU00336,159.0,69.5,33.0,0,0,ZestyCo Chips & Crisps Medium,Snacks & Confectionery,ZestyCo
SKU00337,88.33333333333333,59.333333333333336,18.0,0,0,SmartBuy Hair Care Pack of 6,Personal Care,SmartBuy
SKU00339,103.66666666666667,58.666666666666664,25.333333333333332,0,0,CityFresh Footwear 1kg,Apparel & Footwear,CityFresh
SKU00340,55.666666666666664,39.333333333333336,14.333333333333334,0,0,EverydayPlus First Aid Small,Health & Wellness,EverydayPlus
SKU00342,228.8,52.2,18.233333333333334,0,0,QuickBite Home Decor 2L,Home & Kitchen,QuickBite
SKU00343,150.0,69.0,21.5,0,0,PurePlus Men's Wear 100g,Apparel & Footwear,PurePlus
SKU00344,145.0,57.333333333333336,19.0,0,0,MetroBrand Vitamins & Supplements 2L,Health & Wellness,MetroBrand
SKU00346,37.0,76.5,23.5,0,0,CrispKing Skin Care Pack of 6,Personal Care,CrispKing
SKU00347,58.5,59.0,19.25,0,0,ValueChoice Coffee 100g,Beverages,ValueChoice
SKU00348,79.0,85.0,31.0,0,0,GreenValley Oral Care 2kg,Personal Care,GreenValley
SKU00350,270.2083333333333,57.208333333333336,20.25,0,0,BasicNeeds Laundry Medium,Home Care,BasicNeeds
SKU00354,277.0,62.166666666666664,21.833333333333332,0,0,PurePlus Home Decor 2kg,Home & Kitchen,PurePlus
SKU00355,263.8965517241379,58.55172413793103,19.689655172413794,0,0,SoftTouch Bread 500g,Dairy & Bakery,SoftTouch
SKU00356,221.0,78.0,26.0,0,0,GoldenHarvest Pest Control Large,Home Care,GoldenHarvest
SKU00357,99.66666666666667,59.333333333333336,20.666666666666668,0,0,PurePlus Frozen Vegetables 2L,Frozen Foods,PurePlus
SKU00358,115.0,41.0,11.0,0,0,BasicNeeds Chips & Crisps Medium,Snacks & Confectionery,BasicNeeds
SKU00364,113.0,53.666666666666664,16.666666666666668,0,0,NutriPlus Footwear 250g,Apparel & Footwear,NutriPlus
SKU00365,77.5,58.5,15.5,0,0,CleanWave Writing Instruments 1L,Stationery & Office,CleanWave
SKU00366,23.5,38.0,11.0,0,0,PrimeCare Coffee 100g,Beverages,PrimeCare
SKU00367,154.8,69.6,30.6,0,0,BasicNeeds Storage & Containers 2kg,Home & Kitchen,BasicNeeds
SKU00368,93.0,85.0,30.0,0,0,PrimeCare Spices & Seasoning 250ml,Grocery,PrimeCare
SKU00371,296.65384615384613,60.57692307692308,21.26923076923077,0,0,CityFresh Oral Care Medium,Personal Care,CityFresh
SKU00372,57.0,68.0,22.0,0,0,QuickBite Tea 250ml,Beverages,QuickBite
SKU00373,133.0,66.0,28.0,0,0,ZestyCo Namkeen Small,Snacks & Confectionery,ZestyCo
SKU00374,34.5,59.0,14.0,0,0,EliteHome Footwear Family Pack,Apparel & Footwear,EliteHome
SKU00377,139.25,62.5,19.5,0,0,FamilyChoice Writing Instruments Pack of 12,Stationery & Office,FamilyChoice
SKU00378,31.333333333333332,58.666666666666664,15.666666666666666,0,0,FamilyChoice Juices 2kg,Beverages,FamilyChoice
SKU00379,75.0,43.0,10.0,0,0,PremiumSelect Cookware 1L,Home & Kitchen,PremiumSelect
SKU00380,111.0,79.0,27.5,0,0,SoftTouch Notebooks Pack of 6,Stationery & Office,SoftTouch
SKU00383,181.0,83.0,39.0,0,0,SparkleClean Tea Medium,Beverages,SparkleClean
SKU00384,186.0,68.0,25.0,0,0,ZestyCo Butter & Ghee Pack of 12,Dairy & Bakery,ZestyCo
SKU00385,271.62068965517244,59.6551724137931,21.103448275862068,0,0,FamilyChoice Frozen Vegetables 250g,Frozen Foods,FamilyChoice
SKU00387,89.0,43.0,9.0,0,0,GreenValley Laundry 1kg,Home Care,GreenValley
SKU00388,14.0,40.0,11.0,0,0,SmartBuy Energy Drinks Family Pack,Beverages,SmartBuy
SKU00389,286.11538461538464,65.26923076923077,22.807692307692307,0,0,UrbanBite Ready Meals Family Pack,Frozen Foods,UrbanBite
SKU00390,73.0,36.0,8.0,0,0,SunriseFoods Sugar & Salt Pack of 12,Grocery,SunriseFoods
SKU00391,179.33333333333334,83.33333333333333,23.666666666666668,0,0,SunriseFoods Mobile Accessories 500ml,Electronics & Accessories,SunriseFoods
SKU00393,113.33333333333333,62.666666666666664,25.666666666666668,0,0,QuickBite Biscuits & Cookies 1kg,Snacks & Confectionery,QuickBite
SKU00394,70.0,51.0,15.0,0,0,FamilyChoice Namkeen 250g,Snacks & Confectionery,FamilyChoice
SKU00395,72.0,64.0,20.5,0,0,EliteHome Men's Wear Small,Apparel & Footwear,EliteHome
SKU00396,111.0,45.0,16.0,0,0,BasicNeeds Sugar & Salt 250g,Grocery,BasicNeeds
SKU00398,179.0,92.0,37.0,0,0,PremiumSelect Vitamins & Supplements Family Pack,Health & Wellness,PremiumSelect
SKU00400,150.0,72.0,27.0,0,0,SoftTouch Small Appliances Pack of 12,Electronics & Accessories,SoftTouch
SKU00401,268.53333333333336,61.06666666666667,20.266666666666666,0,0,CityFresh Kids Wear Large,Apparel & Footwear,CityFresh
SKU00402,251.17857142857142,59.857142857142854,20.285714285714285,0,0,TrueTaste Hair Care 500ml,Personal Care,TrueTaste
SKU00403,92.75,64.75,24.0,0,0,SmartBuy Kids Wear 500ml,Apparel & Footwear,SmartBuy
SKU00404,131.0,92.0,45.0,0,0,EliteHome Bread 1kg,Dairy & Bakery,EliteHome
SKU00409,55.333333333333336,43.0,16.0,0,0,EliteHome Kids Wear 1L,Apparel & Footwear,EliteHome
SKU00413,84.0,73.0,31.0,0,0,ZestyCo Air Fresheners 1kg,Home Care,ZestyCo
SKU00414,81.0,53.0,12.0,0,0,ZestyCo Chips & Crisps 2kg,Snacks & Confectionery,ZestyCo
SKU00415,113.5,72.5,21.0,0,0,CityFresh Cookware 500ml,Home & Kitchen,CityFresh
SKU00417,122.0,85.0,17.0,0,0,HomeStyle Biscuits & Cookies Large,Snacks & Confectionery,HomeStyle
SKU00418,136.33333333333334,59.333333333333336,20.333333333333332,0,0,SoftTouch Biscuits & Cookies 1kg,Snacks & Confectionery,SoftTouch
SKU00419,261.6666666666667,62.958333333333336,23.041666666666668,0,0,NatureBlend Vitamins & Supplements 1kg,Health & Wellness,NatureBlend
SKU00421,275.93333333333334,62.86666666666667,22.366666666666667,0,0,HealthFirst Office Supplies Medium,Stationery & Office,HealthFirst
SKU00423,57.666666666666664,59.666666666666664,15.333333333333334,0,0,HomeStyle Cheese 500ml,Dairy & Bakery,HomeStyle
SKU00424,46.5,58.5,19.5,0,0,HealthFirst Spices & Seasoning Pack of 12,Grocery,HealthFirst
SKU00428,73.4,42.0,16.4,0,0,ZestyCo Ready Meals 2L,Frozen Foods,ZestyCo
SKU00429,84.0,52.0,11.0,0,0,MetroBrand Storage & Containers Family Pack,Home & Kitchen,MetroBrand
SKU00432,212.5,88.0,28.5,0,0,ZestyCo Home Decor Pack of 12,Home & Kitchen,ZestyCo
SKU00434,114.0,54.0,16.0,0,0,EverydayPlus Rice & Grains 1L,Grocery,EverydayPlus
SKU00437,232.43333333333334,54.766666666666666,17.933333333333334,0,0,SoftTouch Mobile Accessories Medium,Electronics & Accessories,SoftTouch
SKU00438,149.0,72.0,34.333333333333336,0,0,PureLife Energy Drinks 500ml,Beverages,PureLife
SKU00439,78.66666666666667,45.0,13.333333333333334,0,0,NatureBlend Home Decor Medium,Home & Kitchen,NatureBlend
SKU00440,50.0,56.5,18.5,0,0,TrueTaste Home Decor Pack of 6,Home & Kitchen,TrueTaste
SKU00441,191.0,77.0,37.0,0,0,CityFresh Men's Wear 500g,Apparel & Footwear,CityFresh
SKU00442,184.0,77.0,17.5,0,0,EliteHome Storage & Containers Small,Home & Kitchen,EliteHome
SKU00443,108.66666666666667,52.333333333333336,19.0,0,0,FreshFarm Chocolates 100g,Snacks & Confectionery,FreshFarm
SKU00446,91.33333333333333,59.333333333333336,15.666666666666666,0,0,GoldenHarvest Women's Wear Large,Apparel & Footwear,GoldenHarvest
SKU00448,128.5,47.0,16.5,0,0,GoldenHarvest Kids Wear 250ml,Apparel & Footwear,GoldenHarvest
SKU00449,272.65384615384613,58.80769230769231,22.692307692307693,0,0,PremiumSelect OTC Medicine 250g,Health & Wellness,PremiumSelect
SKU00451,104.0,41.5,19.5,0,0,TrueTaste First Aid Family Pack,Health & Wellness,TrueTaste
SKU00452,90.66666666666667,51.666666666666664,19.0,0,0,ValueChoice Footwear 500g,Apparel & Footwear,ValueChoice
SKU00454,131.75,57.75,19.0,0,0,NutriPlus Bottled Water Medium,Beverages,NutriPlus
SKU00455,60.0,36.0,17.0,0,0,TrueTaste Kids Wear Large,Apparel & Footwear,TrueTaste
SKU00458,46.666666666666664,54.0,22.666666666666668,0,0,CleanWave Ice Cream 1L,Frozen Foods,CleanWave
SKU00460,125.0,100.0,20.0,0,0,NovaFresh Cookware 1kg,Home & Kitchen,NovaFresh
SKU00461,113.33333333333333,52.0,15.333333333333334,0,0,CleanWave Cookware Small,Home & Kitchen,CleanWave
SKU00462,245.77777777777777,52.03703703703704,17.555555555555557,0,0,NutriPlus Dishwashing Pack of 12,Home Care,NutriPlus
SKU00463,53.0,33.0,12.0,0,0,PurePlus Kids Wear 1L,Apparel & Footwear,PurePlus
SKU00464,95.0,35.0,10.0,0,0,CityFresh Hair Care Small,Personal Care,CityFresh
SKU00465,41.0,22.0,7.0,0,0,EliteHome Batteries Pack of 12,Electronics & Accessories,EliteHome
SKU00466,250.37037037037038,54.333333333333336,19.962962962962962,0,0,FreshFarm OTC Medicine 250ml,Health & Wellness,FreshFarm
SKU00467,63.0,28.0,12.0,0,0,NatureBlend Namkeen 2kg,Snacks & Confectionery,NatureBlend
SKU00469,111.5,73.5,33.0,0,0,NatureBlend Sugar & Salt Family Pack,Grocery,NatureBlend
SKU00472,36.0,38.0,15.5,0,0,PrimeCare Laundry 250g,Home Care,PrimeCare
SKU00473,73.0,35.0,16.0,0,0,CityFresh Juices Medium,Beverages,CityFresh
SKU00475,48.0,23.0,8.0,0,0,CityFresh Vitamins & Supplements Pack of 12,Health & Wellness,CityFresh
SKU00476,214.0,75.5,30.5,0,0,CleanWave Namkeen Pack of 12,Snacks & Confectionery,CleanWave
SKU00477,108.5,40.5,12.5,0,0,FreshFarm Oral Care Pack of 6,Personal Care,FreshFarm
SKU00479,57.0,22.0,5.0,0,0,PureLife Frozen Meat Medium,Frozen Foods,PureLife
SKU00480,47.0,42.0,13.0,0,0,CleanWave Skin Care 2L,Personal Care,CleanWave
SKU00482,14.0,22.0,5.0,0,0,SoftTouch Bread 2kg,Dairy & Bakery,SoftTouch
SKU00485,174.0,69.0,21.0,0,0,DailyBest Namkeen 250ml,Snacks & Confectionery,DailyBest
SKU00486,106.0,40.0,11.5,0,0,SmartBuy Batteries Pack of 6,Electronics & Accessories,SmartBuy
SKU00487,66.33333333333333,52.0,16.333333333333332,0,0,PurePlus Biscuits & Cookies 250ml,Snacks & Confectionery,PurePlus
SKU00489,41.0,32.0,10.0,0,0,TrueTaste Men's Wear Pack of 12,Apparel & Footwear,TrueTaste
SKU00490,123.0,76.33333333333333,27.0,0,0,ZestyCo Office Supplies 500ml,Stationery & Office,ZestyCo
SKU00491,131.0,89.66666666666667,19.333333333333332,0,0,SunriseFoods Small Appliances Pack of 12,Electronics & Accessories,SunriseFoods
SKU00493,144.8,66.8,25.0,0,0,HealthFirst Home Decor Pack of 6,Home & Kitchen,HealthFirst
SKU00494,58.666666666666664,66.33333333333333,22.333333333333332,0,0,QuickBite Air Fresheners 2L,Home Care,QuickBite
SKU00495,59.0,24.0,7.0,0,0,PremiumSelect Kids Wear Large,Apparel & Footwear,PremiumSelect
SKU00496,46.5,35.5,10.5,0,0,PremiumSelect Milk 2kg,Dairy & Bakery,PremiumSelect
SKU00497,239.0,94.0,25.0,0,0,CleanWave Pest Control 500ml,Home Care,CleanWave
SKU00498,294.0344827586207,62.275862068965516,20.310344827586206,0,0,PurePlus Ready Meals 1kg,Frozen Foods,PurePlus
SKU00499,138.5,53.0,16.0,0,0,CleanWave Office Supplies 2L,Stationery & Office,CleanWave
SKU00501,273.4230769230769,60.19230769230769,22.0,0,0,MetroBrand Pest Control Pack of 6,Home Care,MetroBrand
SKU00502,293.1333333333333,68.76666666666667,24.1,0,0,UrbanBite OTC Medicine 1kg,Health & Wellness,UrbanBite
SKU00503,40.0,36.0,11.0,0,0,SmartBuy Chips & Crisps Large,Snacks & Confectionery,SmartBuy
SKU00504,134.66666666666666,87.66666666666667,33.333333333333336,0,0,NutriPlus Women's Wear Small,Apparel & Footwear,NutriPlus
SKU00507,294.46666666666664,63.53333333333333,21.8,0,0,HealthFirst Footwear 500ml,Apparel & Footwear,HealthFirst
SKU00508,28.0,28.0,9.0,0,0,EverydayPlus OTC Medicine Medium,Health & Wellness,EverydayPlus
SKU00509,163.0,88.66666666666667,21.333333333333332,0,0,UrbanBite Flour & Atta 2L,Grocery,UrbanBite
SKU00511,122.33333333333333,75.0,21.0,0,0,EliteHome Chips & Crisps 500g,Snacks & Confectionery,EliteHome
SKU00512,166.0,59.0,27.0,0,0,TrueTaste Mobile Accessories Family Pack,Electronics & Accessories,TrueTaste
SKU00513,127.0,76.0,22.0,0,0,GoldenHarvest Sugar & Salt 500ml,Grocery,GoldenHarvest
SKU00516,287.42857142857144,67.14285714285714,21.0,0,0,GoldenHarvest Batteries 250g,Electronics & Accessories,GoldenHarvest
SKU00517,63.666666666666664,35.0,9.666666666666666,0,0,EverydayPlus Frozen Vegetables 500ml,Frozen Foods,EverydayPlus
SKU00519,129.0,49.333333333333336,13.333333333333334,0,0,PrimeCare Office Supplies 250ml,Stationery & Office,PrimeCare
SKU00520,52.0,42.0,18.0,0,0,CleanWave Coffee Pack of 6,Beverages,CleanWave
SKU00521,234.96296296296296,52.18518518518518,18.22222222222222,0,0,FreshFarm Writing Instruments 500ml,Stationery & Office,FreshFarm
SKU00522,79.0,66.0,31.0,0,0,HealthFirst First Aid 250ml,Health & Wellness,HealthFirst
SKU00523,121.0,63.8,17.8,0,0,ZestyCo OTC Medicine 1kg,Health & Wellness,ZestyCo
SKU00524,272.7,59.46666666666667,19.4,0,0,PureLife Tea 1kg,Beverages,PureLife
SKU00525,78.5,40.5,12.5,0,0,SparkleClean First Aid 1kg,Health & Wellness,SparkleClean
SKU00526,120.5,63.5,14.5,0,0,QuickBite Mobile Accessories Pack of 12,Electronics & Accessories,QuickBite
SKU00527,111.75,58.25,15.25,0,0,FreshFarm Ice Cream 250ml,Frozen Foods,FreshFarm
SKU00528,246.0,88.0,27.0,0,0,BasicNeeds Bottled Water Small,Beverages,BasicNeeds
SKU00530,87.5,52.75,16.5,0,0,FreshFarm Notebooks 2kg,Stationery & Office,FreshFarm
SKU00532,207.23333333333332,45.166666666666664,15.733333333333333,0,0,CleanWave Coffee Large,Beverages,CleanWave
SKU00533,164.0,64.0,22.0,0,0,PureLife Writing Instruments 500ml,Stationery & Office,PureLife
SKU00535,258.22222222222223,57.666666666666664,22.0,0,0,NutriPlus Chocolates Pack of 12,Snacks & Confectionery,NutriPlus
SKU00536,99.5,41.5,12.5,0,0,FamilyChoice Women's Wear 250g,Apparel & Footwear,FamilyChoice
SKU00537,45.0,63.0,31.0,0,0,SparkleClean Bath & Body 500ml,Personal Care,SparkleClean
SKU00540,129.0,69.0,33.0,0,0,FreshFarm Men's Wear 250g,Apparel & Footwear,FreshFarm
SKU00543,212.0,85.0,19.0,0,0,PureLife Office Supplies 250g,Stationery & Office,PureLife
SKU00544,65.0,79.0,17.0,0,0,SparkleClean Notebooks 1L,Stationery & Office,SparkleClean
SKU00546,266.4642857142857,57.357142857142854,18.857142857142858,0,0,TrueTaste Milk 2kg,Dairy & Bakery,TrueTaste
SKU00547,58.5,37.5,16.5,0,0,GreenValley Mobile Accessories 500ml,Electronics & Accessories,GreenValley
SKU00550,271.03333333333336,59.3,19.766666666666666,0,0,CrispKing Bottled Water Pack of 12,Beverages,CrispKing
SKU00551,244.42857142857142,55.5,18.464285714285715,0,0,SunriseFoods Ice Cream 1kg,Frozen Foods,SunriseFoods
SKU00553,264.04347826086956,58.391304347826086,20.08695652173913,0,0,PrimeCare Biscuits & Cookies Pack of 12,Snacks & Confectionery,PrimeCare
SKU00555,134.0,57.5,21.0,0,0,MetroBrand Juices 500g,Beverages,MetroBrand
SKU00556,109.0,92.0,41.0,0,0,QuickBite Ready Meals 2L,Frozen Foods,QuickBite
SKU00558,70.5,59.0,26.0,0,0,QuickBite Frozen Meat 1L,Frozen Foods,QuickBite
SKU00560,76.0,96.0,35.0,0,0,SmartBuy Air Fresheners 1kg,Home Care,SmartBuy
SKU00562,94.0,72.0,23.0,0,0,SmartBuy Ready Meals Small,Frozen Foods,SmartBuy
SKU00563,175.0,93.0,43.0,0,0,NutriPlus Batteries 2kg,Electronics & Accessories,NutriPlus
SKU00565,147.0,51.5,18.0,0,0,ZestyCo Office Supplies 2kg,Stationery & Office,ZestyCo
SKU00566,60.5,70.0,23.0,0,0,PrimeCare Women's Wear 1kg,Apparel & Footwear,PrimeCare
SKU00567,22.0,62.0,17.0,0,0,QuickBite Frozen Vegetables Small,Frozen Foods,QuickBite
SKU00568,116.25,53.0,22.0,0,0,CleanWave Air Fresheners Medium,Home Care,CleanWave
SKU00569,14.0,39.0,13.0,0,0,FreshFarm Chips & Crisps 100g,Snacks & Confectionery,FreshFarm
SKU00570,159.0,59.5,23.5,0,0,BasicNeeds First Aid Small,Health & Wellness,BasicNeeds
SKU00571,270.92,59.96,20.56,0,0,PrimeCare Energy Drinks Small,Beverages,PrimeCare
SKU00572,129.0,55.0,12.0,0,0,QuickBite Writing Instruments Pack of 6,Stationery & Office,QuickBite
SKU00573,83.0,39.0,12.0,0,0,NovaFresh Home Decor Large,Home & Kitchen,NovaFresh
SKU00574,304.6190476190476,69.0,23.047619047619047,0,0,DailyBest Tea 100g,Beverages,DailyBest
SKU00575,53.5,32.0,13.0,0,0,PremiumSelect Men's Wear Pack of 12,Apparel & Footwear,PremiumSelect
SKU00577,99.0,46.0,13.5,0,0,HealthFirst Batteries Large,Electronics & Accessories,HealthFirst
SKU00578,65.0,47.0,21.0,0,0,SmartBuy Soft Drinks 1L,Beverages,SmartBuy
SKU00580,145.5,80.5,17.5,0,0,FamilyChoice First Aid Small,Health & Wellness,FamilyChoice
SKU00581,86.0,56.4,19.8,0,0,PrimeCare Small Appliances Small,Electronics & Accessories,PrimeCare
SKU00582,15.0,27.0,12.0,0,0,NatureBlend Laundry 500ml,Home Care,NatureBlend
SKU00584,253.0,59.34782608695652,19.82608695652174,0,0,PrimeCare Women's Wear 100g,Apparel & Footwear,PrimeCare
SKU00585,288.57142857142856,63.392857142857146,23.464285714285715,0,0,SoftTouch Namkeen Large,Snacks & Confectionery,SoftTouch
SKU00586,44.5,72.0,29.0,0,0,HealthFirst Batteries 500g,Electronics & Accessories,HealthFirst
SKU00588,76.0,89.0,41.0,0,0,BasicNeeds Men's Grooming 2L,Personal Care,BasicNeeds
SKU00590,99.0,58.5,13.0,0,0,ZestyCo Cookware Pack of 12,Home & Kitchen,ZestyCo
SKU00592,313.3448275862069,69.79310344827586,24.137931034482758,0,0,UrbanBite Kids Wear 100g,Apparel & Footwear,UrbanBite
SKU00593,62.0,94.0,27.0,0,0,SunriseFoods OTC Medicine Family Pack,Health & Wellness,SunriseFoods
SKU00594,18.0,49.0,11.0,0,0,CityFresh Butter & Ghee 100g,Dairy & Bakery,CityFresh
SKU00595,178.5,71.0,25.5,0,0,BasicNeeds Men's Wear Family Pack,Apparel & Footwear,BasicNeeds
SKU00597,47.5,57.5,16.5,0,0,EliteHome Frozen Meat Medium,Frozen Foods,EliteHome
SKU00598,261.76,61.24,19.2,0,0,EliteHome Cheese 250g,Dairy & Bakery,EliteHome
SKU00599,179.0,80.5,31.0,0,0,DailyBest Yogurt 500ml,Dairy & Bakery,DailyBest
SKU00601,26.0,46.0,22.0,0,0,MetroBrand Office Supplies Family Pack,Stationery & Office,MetroBrand
SKU00602,60.0,97.0,45.0,0,0,PureLife Juices 250g,Beverages,PureLife
SKU00603,120.0,60.0,22.0,0,0,FreshFarm Soft Drinks 100g,Beverages,FreshFarm
SKU00604,147.0,72.0,20.0,0,0,GoldenHarvest Notebooks Pack of 6,Stationery & Office,GoldenHarvest
SKU00605,116.8,69.0,23.6,0,0,TrueTaste Frozen Vegetables 100g,Frozen Foods,TrueTaste
SKU00608,199.75,44.5625,16.5625,0,0,CrispKing Oral Care Family Pack,Personal Care,CrispKing
SKU00609,37.0,75.0,27.0,0,0,EliteHome Tea 1L,Beverages,EliteHome
SKU00610,89.0,46.5,14.0,0,0,BasicNeeds Mobile Accessories Family Pack,Electronics & Accessories,BasicNeeds
SKU00611,85.0,68.0,21.666666666666668,0,0,CrispKing Chips & Crisps 250g,Snacks & Confectionery,CrispKing
SKU00612,29.0,34.0,8.0,0,0,CrispKing Frozen Vegetables 2kg,Frozen Foods,CrispKing
SKU00613,87.0,61.0,21.666666666666668,0,0,BasicNeeds Notebooks 500ml,Stationery & Office,BasicNeeds
SKU00614,128.5,83.0,25.0,0,0,PureLife Notebooks 100g,Stationery & Office,PureLife
SKU00616,78.0,53.0,17.0,0,0,HealthFirst Kids Wear 2kg,Apparel & Footwear,HealthFirst
SKU00617,107.0,66.0,20.0,0,0,NatureBlend Vitamins & Supplements Small,Health & Wellness,NatureBlend
SKU00618,186.0,94.0,20.0,0,0,HomeStyle Dishwashing Pack of 12,Home Care,HomeStyle
SKU00619,205.5,88.5,26.0,0,0,FreshFarm Bottled Water 250g,Beverages,FreshFarm
SKU00620,122.0,71.33333333333333,25.666666666666668,0,0,GoldenHarvest Oral Care 100g,Personal Care,GoldenHarvest
SKU00621,64.25,77.5,27.75,0,0,PurePlus Vitamins & Supplements Pack of 6,Health & Wellness,PurePlus
SKU00622,89.5,70.0,31.5,0,0,HealthFirst Notebooks 250ml,Stationery & Office,HealthFirst
SKU00623,27.0,30.0,6.0,0,0,QuickBite Cooking Oil Small,Grocery,QuickBite
SKU00624,102.0,80.5,29.5,0,0,DailyBest Mobile Accessories 2kg,Electronics & Accessories,DailyBest
SKU00626,54.0,26.0,6.0,0,0,HomeStyle Office Supplies 1kg,Stationery & Office,HomeStyle
SKU00630,87.0,45.0,11.0,0,0,SmartBuy Cookware Pack of 6,Home & Kitchen,SmartBuy
SKU00631,270.44444444444446,64.14814814814815,22.51851851851852,0,0,CrispKing Cookware 250g,Home & Kitchen,CrispKing
SKU00633,141.0,78.4,20.4,0,0,EverydayPlus Energy Drinks 500ml,Beverages,EverydayPlus
SKU00634,208.0,85.0,26.0,0,0,SoftTouch Energy Drinks Large,Beverages,SoftTouch
SKU00635,96.5,63.75,21.75,0,0,BasicNeeds Surface Cleaners 500ml,Home Care,BasicNeeds
SKU00637,132.0,88.0,39.0,0,0,NovaFresh Flour & Atta Pack of 12,Grocery,NovaFresh
SKU00638,241.45833333333334,50.958333333333336,16.666666666666668,0,0,EverydayPlus Batteries 500g,Electronics & Accessories,EverydayPlus
SKU00639,41.5,35.5,15.0,0,0,GreenValley Ice Cream Large,Frozen Foods,GreenValley
SKU00641,133.5,54.0,15.5,0,0,NutriPlus Coffee Small,Beverages,NutriPlus
SKU00642,64.0,40.0,12.0,0,0,PrimeCare Laundry Pack of 6,Home Care,PrimeCare
SKU00644,162.0,91.0,44.0,0,0,ZestyCo Footwear 2L,Apparel & Footwear,ZestyCo
SKU00645,289.7241379310345,62.172413793103445,22.862068965517242,0,0,FreshFarm Surface Cleaners 500g,Home Care,FreshFarm
SKU00646,153.5,79.5,29.0,0,0,ZestyCo Cheese 250g,Dairy & Bakery,ZestyCo
SKU00647,107.0,66.0,17.0,0,0,SoftTouch Office Supplies Small,Stationery & Office,SoftTouch
SKU00648,105.5,56.5,23.0,0,0,PureLife Air Fresheners Family Pack,Home Care,PureLife
SKU00649,269.7,61.4,22.3,0,0,DailyBest Bread Medium,Dairy & Bakery,DailyBest
SKU00650,243.55555555555554,55.0,21.27777777777778,0,0,PurePlus Surface Cleaners 2kg,Home Care,PurePlus
SKU00651,69.0,41.0,16.0,0,0,MetroBrand Rice & Grains 250ml,Grocery,MetroBrand
SKU00652,180.0,83.0,29.0,0,0,PureLife Butter & Ghee 250ml,Dairy & Bakery,PureLife
SKU00653,40.0,25.0,6.0,0,0,GoldenHarvest Frozen Meat Pack of 12,Frozen Foods,GoldenHarvest
SKU00654,262.03333333333336,61.166666666666664,20.9,0,0,CrispKing Office Supplies Pack of 6,Stationery & Office,CrispKing
SKU00655,22.0,54.0,21.0,0,0,NutriPlus Mobile Accessories Small,Electronics & Accessories,NutriPlus
SKU00662,274.0,64.95454545454545,21.954545454545453,0,0,SparkleClean Storage & Containers 500g,Home & Kitchen,SparkleClean
SKU00665,49.0,39.0,18.0,0,0,UrbanBite Kids Wear Family Pack,Apparel & Footwear,UrbanBite
SKU00667,80.5,54.0,17.25,0,0,TrueTaste Cooking Oil 100g,Grocery,TrueTaste
SKU00669,86.75,64.5,18.75,0,0,MetroBrand First Aid 500g,Health & Wellness,MetroBrand
SKU00671,113.2,61.8,24.6,0,0,FamilyChoice Flour & Atta Family Pack,Grocery,FamilyChoice
SKU00672,129.0,77.0,35.0,0,0,FreshFarm OTC Medicine Family Pack,Health & Wellness,FreshFarm
SKU00673,59.666666666666664,63.666666666666664,22.333333333333332,0,0,GreenValley Energy Drinks 500g,Beverages,GreenValley
SKU00674,166.5,80.0,30.0,0,0,HealthFirst Vitamins & Supplements 500g,Health & Wellness,HealthFirst
SKU00676,69.0,25.0,6.0,0,0,ZestyCo Tea 500ml,Beverages,ZestyCo
SKU00678,263.0,97.0,37.0,0,0,HomeStyle Home Decor Large,Home & Kitchen,HomeStyle
SKU00679,236.7,52.5,17.3,0,0,SparkleClean Cookware Large,Home & Kitchen,SparkleClean
SKU00680,66.0,67.5,21.75,0,0,SparkleClean Cooking Oil Large,Grocery,SparkleClean
SKU00682,267.3666666666667,59.7,21.433333333333334,0,0,SunriseFoods Chips & Crisps Family Pack,Snacks & Confectionery,SunriseFoods
SKU00683,78.0,45.0,19.0,0,0,CleanWave Pest Control Pack of 12,Home Care,CleanWave
SKU00686,227.66666666666666,95.66666666666667,35.333333333333336,0,0,NatureBlend Footwear 100g,Apparel & Footwear,NatureBlend
SKU00688,46.0,25.0,10.0,0,0,UrbanBite Chips & Crisps Large,Snacks & Confectionery,UrbanBite
SKU00690,115.0,94.0,44.0,0,0,CleanWave Home Decor 500ml,Home & Kitchen,CleanWave
SKU00693,94.0,61.0,21.5,0,0,CityFresh Storage & Containers Pack of 12,Home & Kitchen,CityFresh
SKU00696,32.0,24.0,6.0,0,0,HealthFirst Rice & Grains Medium,Grocery,HealthFirst
SKU00697,86.66666666666667,53.333333333333336,23.666666666666668,0,0,NovaFresh Soft Drinks Family Pack,Beverages,NovaFresh
SKU00698,91.0,93.0,23.0,0,0,NovaFresh Spices & Seasoning 2L,Grocery,NovaFresh
SKU00699,256.3666666666667,56.96666666666667,20.166666666666668,0,0,SmartBuy Kids Wear 250g,Apparel & Footwear,SmartBuy
SKU00701,179.0,63.0,17.0,0,0,GreenValley Notebooks 250g,Stationery & Office,GreenValley
SKU00702,108.0,58.0,17.333333333333332,0,0,QuickBite Kids Wear 500g,Apparel & Footwear,QuickBite
SKU00703,259.0,94.0,45.0,0,0,SmartBuy Notebooks 2kg,Stationery & Office,SmartBuy
SKU00704,56.5,64.0,20.75,0,0,NatureBlend Namkeen 500g,Snacks & Confectionery,NatureBlend
SKU00705,86.0,68.0,15.0,0,0,FreshFarm Butter & Ghee Pack of 12,Dairy & Bakery,FreshFarm
SKU00706,287.32,65.16,21.84,0,0,BasicNeeds Storage & Containers 500ml,Home & Kitchen,BasicNeeds
SKU00707,31.5,31.5,10.0,0,0,QuickBite Chocolates 1kg,Snacks & Confectionery,QuickBite
SKU00708,72.0,42.5,17.0,0,0,SmartBuy Cooking Oil 100g,Grocery,SmartBuy
SKU00710,103.0,60.75,25.0,0,0,NutriPlus Kids Wear Pack of 12,Apparel & Footwear,NutriPlus
SKU00712,95.4,57.8,18.0,0,0,CleanWave Writing Instruments 2kg,Stationery & Office,CleanWave
SKU00713,97.25,67.75,20.5,0,0,NovaFresh Tea 250g,Beverages,NovaFresh
SKU00714,21.0,36.0,12.5,0,0,EverydayPlus Men's Wear 2L,Apparel & Footwear,EverydayPlus
SKU00715,112.33333333333333,58.333333333333336,20.666666666666668,0,0,BasicNeeds Home Decor Small,Home & Kitchen,BasicNeeds
SKU00716,51.0,40.0,20.0,0,0,QuickBite Batteries 250g,Electronics & Accessories,QuickBite
SKU00717,122.5,88.5,36.25,0,0,ZestyCo Kids Wear Small,Apparel & Footwear,ZestyCo
SKU00720,95.0,41.0,9.0,0,0,SparkleClean Spices & Seasoning Pack of 6,Grocery,SparkleClean
SKU00721,284.69565217391306,61.0,21.347826086956523,0,0,GoldenHarvest Air Fresheners 100g,Home Care,GoldenHarvest
SKU00722,54.0,33.0,8.0,0,0,DailyBest Chocolates 2kg,Snacks & Confectionery,DailyBest
SKU00723,124.0,92.0,25.0,0,0,MetroBrand Coffee 500g,Beverages,MetroBrand
SKU00724,78.0,36.0,8.0,0,0,BasicNeeds Juices 1kg,Beverages,BasicNeeds
SKU00727,69.66666666666667,36.666666666666664,15.0,0,0,PurePlus Ready Meals 100g,Frozen Foods,PurePlus
SKU00729,122.0,84.66666666666667,28.333333333333332,0,0,TrueTaste Ice Cream 250g,Frozen Foods,TrueTaste
SKU00732,239.03703703703704,51.592592592592595,17.703703703703702,0,0,GreenValley Home Decor 500g,Home & Kitchen,GreenValley
SKU00733,136.0,74.0,21.0,0,0,SoftTouch Pest Control Pack of 12,Home Care,SoftTouch
SKU00734,280.52,59.2,19.88,0,0,BasicNeeds Juices 250ml,Beverages,BasicNeeds
SKU00735,80.0,63.5,25.5,0,0,UrbanBite Men's Wear 250g,Apparel & Footwear,UrbanBite
SKU00738,30.0,39.0,15.0,0,0,TrueTaste Chips & Crisps 1L,Snacks & Confectionery,TrueTaste
SKU00739,144.0,94.0,46.0,0,0,FreshFarm Flour & Atta 1L,Grocery,FreshFarm
SKU00740,276.77777777777777,61.833333333333336,20.22222222222222,0,0,NatureBlend Cheese 2L,Dairy & Bakery,NatureBlend
SKU00741,23.0,20.0,9.0,0,0,SunriseFoods Coffee 500g,Beverages,SunriseFoods
SKU00743,52.5,34.0,8.0,0,0,GoldenHarvest Frozen Vegetables Small,Frozen Foods,GoldenHarvest
SKU00744,60.0,52.0,15.0,0,0,BasicNeeds Notebooks Large,Stationery & Office,BasicNeeds
SKU00745,99.0,37.0,13.0,0,0,PrimeCare Batteries 100g,Electronics & Accessories,PrimeCare
SKU00746,37.0,20.0,7.0,0,0,CleanWave OTC Medicine 500ml,Health & Wellness,CleanWave
SKU00747,74.0,61.0,13.0,0,0,TrueTaste Frozen Vegetables Large,Frozen Foods,TrueTaste
SKU00748,54.0,22.0,7.0,0,0,ValueChoice Sugar & Salt 2kg,Grocery,ValueChoice
SKU00749,274.56666666666666,60.1,20.5,0,0,QuickBite Flour & Atta 500ml,Grocery,QuickBite
SKU00751,121.0,54.75,15.25,0,0,PurePlus Sugar & Salt Family Pack,Grocery,PurePlus
SKU00752,51.5,73.0,23.5,0,0,NovaFresh Rice & Grains Pack of 6,Grocery,NovaFresh
SKU00754,144.0,66.66666666666667,17.666666666666668,0,0,EliteHome Home Decor Pack of 6,Home & Kitchen,EliteHome
SKU00755,138.0,66.0,29.0,0,0,MetroBrand Laundry 2kg,Home Care,MetroBrand
SKU00756,120.5,59.5,25.0,0,0,TrueTaste Mobile Accessories Large,Electronics & Accessories,TrueTaste
SKU00758,271.92,60.56,20.08,0,0,HomeStyle Candy 100g,Snacks & Confectionery,HomeStyle
SKU00759,117.0,62.5,25.0,0,0,NatureBlend Bath & Body Pack of 6,Personal Care,NatureBlend
SKU00760,101.5,59.0,24.5,0,0,SmartBuy Tea Medium,Beverages,SmartBuy
SKU00761,100.0,54.666666666666664,19.0,0,0,NutriPlus Men's Wear Medium,Apparel & Footwear,NutriPlus
SKU00762,145.0,58.5,13.0,0,0,MetroBrand Biscuits & Cookies Pack of 12,Snacks & Confectionery,MetroBrand
SKU00763,67.33333333333333,41.666666666666664,17.0,0,0,HomeStyle Bath & Body 250ml,Personal Care,HomeStyle
SKU00764,112.0,65.0,30.0,0,0,HomeStyle Notebooks 250ml,Stationery & Office,HomeStyle
SKU00765,126.75,62.0,21.75,0,0,NovaFresh First Aid 500ml,Health & Wellness,NovaFresh
SKU00766,61.0,66.0,23.0,0,0,QuickBite Laundry 1kg,Home Care,QuickBite
SKU00767,230.05263157894737,54.473684210526315,18.94736842105263,0,0,PrimeCare Frozen Meat 500ml,Frozen Foods,PrimeCare
SKU00770,53.0,40.0,19.0,0,0,PurePlus OTC Medicine Family Pack,Health & Wellness,PurePlus
SKU00775,258.0357142857143,56.892857142857146,19.857142857142858,0,0,PurePlus Candy 2kg,Snacks & Confectionery,PurePlus
SKU00776,94.66666666666667,50.0,21.0,0,0,GreenValley Notebooks Pack of 12,Stationery & Office,GreenValley
SKU00777,46.0,46.5,15.5,0,0,TrueTaste Ice Cream Large,Frozen Foods,TrueTaste
SKU00778,158.75,70.75,21.25,0,0,TrueTaste Bread Pack of 12,Dairy & Bakery,TrueTaste
SKU00779,50.0,49.0,21.0,0,0,FreshFarm Laundry 1L,Home Care,FreshFarm
SKU00780,68.5,53.5,15.5,0,0,PurePlus Frozen Meat 500g,Frozen Foods,PurePlus
SKU00781,97.0,40.0,16.0,0,0,ZestyCo Ready Meals 500g,Frozen Foods,ZestyCo
SKU00782,124.5,73.0,24.5,0,0,BasicNeeds Batteries Medium,Electronics & Accessories,BasicNeeds
SKU00783,147.33333333333334,80.33333333333333,26.333333333333332,0,0,UrbanBite Butter & Ghee Pack of 12,Dairy & Bakery,UrbanBite
SKU00784,83.75,62.75,21.0,0,0,HealthFirst Vitamins & Supplements 1L,Health & Wellness,HealthFirst
SKU00785,64.2,49.0,18.6,0,0,EverydayPlus Pest Control 2L,Home Care,EverydayPlus
SKU00786,57.5,63.0,21.0,0,0,UrbanBite Notebooks Medium,Stationery & Office,UrbanBite
SKU00788,255.8125,65.1875,22.4375,0,0,MetroBrand Tea 250g,Beverages,MetroBrand
SKU00789,117.0,75.0,34.0,0,0,PureLife Pest Control 250ml,Home Care,PureLife
SKU00791,138.5,82.5,23.5,0,0,SoftTouch Mobile Accessories 250ml,Electronics & Accessories,SoftTouch
SKU00793,47.5,48.5,17.0,0,0,QuickBite Cookware 1kg,Home & Kitchen,QuickBite
SKU00795,56.5,51.0,18.5,0,0,NutriPlus Juices 1L,Beverages,NutriPlus
SKU00797,85.0,44.0,16.0,0,0,HealthFirst Notebooks Pack of 12,Stationery & Office,HealthFirst
SKU00798,66.0,37.333333333333336,12.0,0,0,CrispKing Energy Drinks 100g,Beverages,CrispKing
SKU00799,136.0,57.333333333333336,19.666666666666668,0,0,SmartBuy Office Supplies 1kg,Stationery & Office,SmartBuy
SKU00801,94.5,58.5,23.5,0,0,PurePlus Bottled Water Pack of 12,Beverages,PurePlus
SKU00802,39.0,33.0,7.0,0,0,GreenValley Eggs Large,Dairy & Bakery,GreenValley
SKU00803,97.5,54.0,25.0,0,0,SmartBuy Vitamins & Supplements Medium,Health & Wellness,SmartBuy
SKU00804,44.833333333333336,59.333333333333336,20.666666666666668,0,0,CrispKing Air Fresheners Medium,Home Care,CrispKing
SKU00805,92.5,62.0,16.0,0,0,DailyBest Kids Wear 1L,Apparel & Footwear,DailyBest
SKU00806,115.5,54.0,14.25,0,0,EverydayPlus OTC Medicine Family Pack,Health & Wellness,EverydayPlus
SKU00807,44.0,58.0,18.0,0,0,MetroBrand Hair Care 500ml,Personal Care,MetroBrand
SKU00810,71.0,44.75,17.5,0,0,CityFresh Men's Grooming 500ml,Personal Care,CityFresh
SKU00811,173.0,76.33333333333333,24.666666666666668,0,0,TrueTaste Juices Pack of 12,Beverages,TrueTaste
SKU00813,84.66666666666667,44.0,10.333333333333334,0,0,DailyBest Home Decor 500g,Home & Kitchen,DailyBest
SKU00815,102.0,38.0,14.0,0,0,SoftTouch Office Supplies 500ml,Stationery & Office,SoftTouch
SKU00818,108.0,68.66666666666667,19.333333333333332,0,0,CleanWave Bread Family Pack,Dairy & Bakery,CleanWave
SKU00820,269.0,94.0,38.0,0,0,FamilyChoice Rice & Grains Small,Grocery,FamilyChoice
SKU00821,221.72413793103448,52.758620689655174,19.0,0,0,GoldenHarvest Eggs Small,Dairy & Bakery,GoldenHarvest
SKU00822,157.0,64.5,22.5,0,0,SmartBuy Dishwashing 1kg,Home Care,SmartBuy
SKU00824,55.0,69.66666666666667,25.333333333333332,0,0,FamilyChoice Laundry Family Pack,Home Care,FamilyChoice
SKU00825,33.0,69.0,18.0,0,0,BasicNeeds Energy Drinks Pack of 6,Beverages,BasicNeeds
SKU00827,84.25,48.0,16.25,0,0,NutriPlus Energy Drinks Medium,Beverages,NutriPlus
SKU00828,71.25,37.75,13.5,0,0,PrimeCare Frozen Vegetables Pack of 6,Frozen Foods,PrimeCare
SKU00829,48.333333333333336,55.333333333333336,17.0,0,0,NutriPlus Hair Care 1L,Personal Care,NutriPlus
SKU00833,125.0,68.0,23.0,0,0,SmartBuy Ready Meals Medium,Frozen Foods,SmartBuy
SKU00834,124.0,58.25,19.0,0,0,QuickBite OTC Medicine Family Pack,Health & Wellness,QuickBite
SKU00837,282.76666666666665,68.2,24.066666666666666,0,0,PremiumSelect OTC Medicine 250ml,Health & Wellness,PremiumSelect
SKU00838,23.0,49.0,12.0,0,0,ZestyCo Bread Medium,Dairy & Bakery,ZestyCo
SKU00841,68.0,52.5,22.5,0,0,CleanWave Skin Care 250g,Personal Care,CleanWave
SKU00842,95.0,70.0,29.5,0,0,GoldenHarvest Frozen Meat 250ml,Frozen Foods,GoldenHarvest
SKU00843,46.5,50.5,23.5,0,0,SmartBuy Candy 250ml,Snacks & Confectionery,SmartBuy
SKU00844,126.0,77.5,28.5,0,0,NatureBlend Air Fresheners 500g,Home Care,NatureBlend
SKU00849,30.0,73.0,21.5,0,0,ValueChoice Office Supplies Pack of 6,Stationery & Office,ValueChoice
SKU00850,80.33333333333333,43.666666666666664,15.0,0,0,GoldenHarvest Frozen Vegetables Family Pack,Frozen Foods,GoldenHarvest
SKU00852,78.33333333333333,49.0,17.333333333333332,0,0,HomeStyle Small Appliances 2L,Electronics & Accessories,HomeStyle
SKU00853,76.5,55.0,24.75,0,0,QuickBite Ice Cream 100g,Frozen Foods,QuickBite
SKU00854,95.5,45.25,15.5,0,0,MetroBrand Storage & Containers Large,Home & Kitchen,MetroBrand
SKU00855,254.14814814814815,59.18518518518518,20.185185185185187,0,0,NutriPlus Bottled Water Family Pack,Beverages,NutriPlus
SKU00857,38.0,67.0,26.0,0,0,EverydayPlus Cookware 500ml,Home & Kitchen,EverydayPlus
SKU00858,290.0740740740741,62.666666666666664,21.037037037037038,0,0,NutriPlus Ice Cream 100g,Frozen Foods,NutriPlus
SKU00859,55.0,26.0,6.5,0,0,CleanWave Mobile Accessories Medium,Electronics & Accessories,CleanWave
SKU00860,214.36,48.2,15.68,0,0,FamilyChoice Frozen Vegetables Small,Frozen Foods,FamilyChoice
SKU00863,39.0,74.0,34.0,0,0,NovaFresh Namkeen 500ml,Snacks & Confectionery,NovaFresh
SKU00864,169.5,91.5,36.0,0,0,HomeStyle Bread 2L,Dairy & Bakery,HomeStyle
SKU00865,221.0,97.0,27.0,0,0,SunriseFoods Ice Cream 1kg,Frozen Foods,SunriseFoods
SKU00868,287.0,97.0,39.0,0,0,HealthFirst Laundry Medium,Home Care,HealthFirst
SKU00869,122.33333333333333,56.0,20.333333333333332,0,0,UrbanBite Spices & Seasoning 500g,Grocery,UrbanBite
SKU00870,103.8,69.6,28.4,0,0,EliteHome Coffee 2L,Beverages,EliteHome
SKU00873,142.66666666666666,65.66666666666667,20.666666666666668,0,0,QuickBite Cookware 2L,Home & Kitchen,QuickBite
SKU00874,237.77777777777777,54.111111111111114,21.27777777777778,0,0,ValueChoice Home Decor Pack of 12,Home & Kitchen,ValueChoice
SKU00875,148.5,77.0,17.0,0,0,DailyBest Women's Wear 250g,Apparel & Footwear,DailyBest
SKU00876,105.0,41.0,18.0,0,0,SunriseFoods Spices & Seasoning Pack of 12,Grocery,SunriseFoods
SKU00879,52.5,50.0,16.0,0,0,CleanWave Ice Cream 1kg,Frozen Foods,CleanWave
SKU00881,143.0,86.5,27.0,0,0,CrispKing Pest Control 2L,Home Care,CrispKing
SKU00882,107.0,61.0,15.5,0,0,CityFresh Namkeen 1kg,Snacks & Confectionery,CityFresh
SKU00883,76.66666666666667,51.333333333333336,14.0,0,0,NutriPlus Small Appliances 1L,Electronics & Accessories,NutriPlus
SKU00885,138.0,47.0,16.0,0,0,SunriseFoods Pulses & Lentils 500g,Grocery,SunriseFoods
SKU00887,92.0,56.5,24.0,0,0,EverydayPlus Storage & Containers 2kg,Home & Kitchen,EverydayPlus
SKU00888,98.0,69.0,22.0,0,0,UrbanBite Pulses & Lentils 2kg,Grocery,UrbanBite
SKU00889,275.0,100.0,33.0,0,0,NutriPlus Surface Cleaners 2L,Home Care,NutriPlus
SKU00890,247.75862068965517,55.793103448275865,19.413793103448278,0,0,EliteHome Men's Wear Pack of 6,Apparel & Footwear,EliteHome
SKU00891,113.0,89.0,21.0,0,0,QuickBite Batteries Pack of 6,Electronics & Accessories,QuickBite
SKU00894,259.23809523809524,60.714285714285715,22.142857142857142,0,0,GoldenHarvest Bath & Body 1kg,Personal Care,GoldenHarvest
SKU00895,88.75,59.5,19.25,0,0,CrispKing Batteries 2kg,Electronics & Accessories,CrispKing
SKU00896,57.5,32.0,14.0,0,0,PrimeCare Bottled Water Family Pack,Beverages,PrimeCare
SKU00897,90.0,72.0,30.5,0,0,EverydayPlus Chips & Crisps 250g,Snacks & Confectionery,EverydayPlus
SKU00899,144.5,51.5,11.5,0,0,PurePlus Mobile Accessories 500ml,Electronics & Accessories,PurePlus
SKU00900,174.66666666666666,83.66666666666667,27.666666666666668,0,0,FreshFarm Juices 1kg,Beverages,FreshFarm
SKU00901,153.0,86.0,34.0,0,0,PremiumSelect Frozen Meat Small,Frozen Foods,PremiumSelect
SKU00902,182.0,99.0,36.0,0,0,SmartBuy Skin Care 1L,Personal Care,SmartBuy
SKU00904,207.0,83.0,41.0,0,0,ZestyCo Notebooks 250ml,Stationery & Office,ZestyCo
SKU00905,72.0,59.5,13.5,0,0,UrbanBite Sugar & Salt Large,Grocery,UrbanBite
SKU00906,241.8148148148148,53.333333333333336,18.88888888888889,0,0,HomeStyle Office Supplies Pack of 12,Stationery & Office,HomeStyle
SKU00908,62.0,55.0,20.0,0,0,NatureBlend Kids Wear Family Pack,Apparel & Footwear,NatureBlend
SKU00911,121.0,66.0,25.5,0,0,SparkleClean Women's Wear 100g,Apparel & Footwear,SparkleClean
SKU00912,82.0,73.0,25.0,0,0,CleanWave Small Appliances 2L,Electronics & Accessories,CleanWave
SKU00913,117.0,83.0,39.0,0,0,SunriseFoods Bottled Water Pack of 12,Beverages,SunriseFoods
SKU00914,88.5,55.5,19.0,0,0,PremiumSelect Mobile Accessories 250ml,Electronics & Accessories,PremiumSelect
SKU00916,127.5,73.0,28.25,0,0,MetroBrand Hair Care 2L,Personal Care,MetroBrand
SKU00917,172.0,97.0,35.0,0,0,PremiumSelect Writing Instruments Medium,Stationery & Office,PremiumSelect
SKU00918,75.0,44.0,9.5,0,0,CleanWave Vitamins & Supplements 2kg,Health & Wellness,CleanWave
SKU00919,173.25,68.25,25.0,0,0,PrimeCare Skin Care 500ml,Personal Care,PrimeCare
SKU00921,86.0,81.0,26.0,0,0,SoftTouch Mobile Accessories Pack of 12,Electronics & Accessories,SoftTouch
SKU00924,23.0,90.0,23.0,0,0,FreshFarm Ice Cream 500ml,Frozen Foods,FreshFarm
SKU00927,114.25,60.25,20.75,0,0,SunriseFoods Mobile Accessories Family Pack,Electronics & Accessories,SunriseFoods
SKU00928,76.33333333333333,50.666666666666664,19.333333333333332,0,0,SoftTouch Juices 250g,Beverages,SoftTouch
SKU00930,61.0,61.666666666666664,22.666666666666668,0,0,NovaFresh Storage & Containers Medium,Home & Kitchen,NovaFresh
SKU00931,139.0,58.666666666666664,14.333333333333334,0,0,DailyBest Office Supplies 2L,Stationery & Office,DailyBest
SKU00932,269.7,64.06666666666666,21.866666666666667,0,0,NatureBlend Writing Instruments 500g,Stationery & Office,NatureBlend
SKU00933,115.0,66.0,27.0,0,0,QuickBite Notebooks 100g,Stationery & Office,QuickBite
SKU00934,96.0,55.0,18.5,0,0,ValueChoice Ready Meals 500ml,Frozen Foods,ValueChoice
SKU00935,243.79310344827587,55.48275862068966,20.20689655172414,0,0,NovaFresh Namkeen 2L,Snacks & Confectionery,NovaFresh
SKU00936,305.72222222222223,68.05555555555556,23.444444444444443,0,0,EliteHome Home Decor Medium,Home & Kitchen,EliteHome
SKU00937,88.33333333333333,71.0,25.0,0,0,EverydayPlus Women's Wear Large,Apparel & Footwear,EverydayPlus
SKU00938,40.0,32.0,13.5,0,0,EliteHome Writing Instruments 500ml,Stationery & Office,EliteHome
SKU00939,123.33333333333333,64.66666666666667,26.0,0,0,PurePlus First Aid 500ml,Health & Wellness,PurePlus
SKU00940,160.0,82.0,29.25,0,0,ValueChoice Coffee Large,Beverages,ValueChoice
SKU00946,72.0,49.5,19.5,0,0,NutriPlus Flour & Atta Family Pack,Grocery,NutriPlus
SKU00948,50.0,24.5,11.5,0,0,PureLife Footwear 2L,Apparel & Footwear,PureLife
SKU00950,221.0,92.0,35.0,0,0,EverydayPlus Dishwashing Pack of 12,Home Care,EverydayPlus
SKU00951,95.5,77.0,22.5,0,0,FamilyChoice Dishwashing Large,Home Care,FamilyChoice
SKU00954,263.7241379310345,64.58620689655173,21.862068965517242,0,0,PurePlus Soft Drinks Small,Beverages,PurePlus
SKU00955,82.0,53.0,23.666666666666668,0,0,ZestyCo Eggs Family Pack,Dairy & Bakery,ZestyCo
SKU00957,211.0,87.0,31.0,0,0,NutriPlus Chips & Crisps Small,Snacks & Confectionery,NutriPlus
SKU00958,248.8,53.93333333333333,18.6,0,0,HomeStyle Home Decor Pack of 12,Home & Kitchen,HomeStyle
SKU00959,51.0,42.0,13.0,0,0,CrispKing Writing Instruments Small,Stationery & Office,CrispKing
SKU00960,173.5,82.0,27.5,0,0,QuickBite Flour & Atta Family Pack,Grocery,QuickBite
SKU00961,160.5,71.5,20.5,0,0,FreshFarm OTC Medicine 100g,Health & Wellness,FreshFarm
SKU00962,141.0,81.0,30.0,0,0,FamilyChoice Chocolates 2L,Snacks & Confectionery,FamilyChoice
SKU00963,195.0,79.0,23.0,0,0,FamilyChoice Chocolates 100g,Snacks & Confectionery,FamilyChoice
SKU00964,43.0,54.0,15.5,0,0,ZestyCo Bread 2L,Dairy & Bakery,ZestyCo
SKU00965,263.48275862068965,59.241379310344826,20.413793103448278,0,0,ValueChoice Chips & Crisps 250ml,Snacks & Confectionery,ValueChoice
SKU00966,162.0,91.0,31.0,0,0,ZestyCo Laundry 2kg,Home Care,ZestyCo
SKU00967,119.0,51.0,11.0,0,0,CleanWave Office Supplies Large,Stationery & Office,CleanWave
SKU00970,89.0,56.333333333333336,21.333333333333332,0,0,UrbanBite Dishwashing Large,Home Care,UrbanBite
SKU00971,64.33333333333333,70.66666666666667,27.666666666666668,0,0,GoldenHarvest Pulses & Lentils 250g,Grocery,GoldenHarvest
SKU00972,280.55,59.4,19.6,0,0,SmartBuy Tea Pack of 6,Beverages,SmartBuy
SKU00973,116.5,68.5,20.5,0,0,GoldenHarvest Eggs 500g,Dairy & Bakery,GoldenHarvest
SKU00975,206.5,98.0,29.0,0,0,NutriPlus Cookware 500g,Home & Kitchen,NutriPlus
SKU00977,104.0,55.0,17.5,0,0,FreshFarm Cookware Pack of 6,Home & Kitchen,FreshFarm
SKU00978,281.48275862068965,58.0,21.344827586206897,0,0,HomeStyle OTC Medicine Small,Health & Wellness,HomeStyle
SKU00979,26.0,59.0,15.0,0,0,SmartBuy Frozen Meat 500ml,Frozen Foods,SmartBuy
SKU00981,118.5,85.5,20.5,0,0,TrueTaste Skin Care 250ml,Personal Care,TrueTaste
SKU00982,80.5,67.5,18.5,0,0,GoldenHarvest Batteries 500g,Electronics & Accessories,GoldenHarvest
SKU00983,126.5,50.5,22.5,0,0,NutriPlus Footwear 100g,Apparel & Footwear,NutriPlus
SKU00986,268.60714285714283,60.714285714285715,20.642857142857142,0,0,UrbanBite Pulses & Lentils 500ml,Grocery,UrbanBite
SKU00987,304.2,66.6,23.766666666666666,0,0,TrueTaste Mobile Accessories Medium,Electronics & Accessories,TrueTaste
SKU00988,61.0,30.0,13.0,0,0,HomeStyle Bath & Body 250g,Personal Care,HomeStyle
SKU00989,123.0,58.0,16.5,0,0,EliteHome Mobile Accessories 1kg,Electronics & Accessories,EliteHome
SKU00990,98.0,66.6,28.4,0,0,FamilyChoice Frozen Meat Family Pack,Frozen Foods,FamilyChoice
SKU00991,263.7307692307692,61.03846153846154,22.384615384615383,0,0,PurePlus Cookware 100g,Home & Kitchen,PurePlus
SKU00992,89.5,62.0,23.0,0,0,UrbanBite Skin Care 500ml,Personal Care,UrbanBite
SKU00993,64.0,29.0,6.0,0,0,BasicNeeds Writing Instruments 500g,Stationery & Office,BasicNeeds
SKU00997,84.75,53.25,18.0,0,0,CleanWave Ice Cream 250ml,Frozen Foods,CleanWave
SKU00998,109.0,94.0,43.0,0,0,PremiumSelect Kids Wear 500ml,Apparel & Footwear,PremiumSelect
SKU01001,93.66666666666667,50.0,18.0,0,0,NovaFresh Skin Care 250g,Personal Care,NovaFresh
SKU01002,72.0,49.0,11.0,0,0,GreenValley Ready Meals 1L,Frozen Foods,GreenValley
SKU01003,60.0,52.0,17.666666666666668,0,0,GreenValley Air Fresheners Small,Home Care,GreenValley
SKU01004,124.0,86.0,35.5,0,0,CityFresh Storage & Containers 100g,Home & Kitchen,CityFresh
SKU01005,55.5,49.75,16.75,0,0,EliteHome Milk Medium,Dairy & Bakery,EliteHome
SKU01006,168.5,65.5,19.0,0,0,PureLife First Aid 1kg,Health & Wellness,PureLife
SKU01008,118.0,72.0,16.0,0,0,PremiumSelect Storage & Containers Family Pack,Home & Kitchen,PremiumSelect
SKU01012,101.0,63.0,23.5,0,0,PureLife Dishwashing 1kg,Home Care,PureLife
SKU01017,272.6666666666667,60.666666666666664,21.555555555555557,0,0,NatureBlend Pulses & Lentils Pack of 6,Grocery,NatureBlend
SKU01018,110.5,56.5,25.5,0,0,SparkleClean Bath & Body 2L,Personal Care,SparkleClean
SKU01019,125.0,84.0,18.0,0,0,TrueTaste Office Supplies Small,Stationery & Office,TrueTaste
SKU01023,223.3913043478261,59.43478260869565,20.043478260869566,0,0,CrispKing Men's Grooming Large,Personal Care,CrispKing
SKU01024,64.0,27.0,10.0,0,0,EliteHome Biscuits & Cookies Family Pack,Snacks & Confectionery,EliteHome
SKU01027,124.0,58.0,26.0,0,0,EliteHome Eggs 2L,Dairy & Bakery,EliteHome
SKU01029,74.25,50.0,17.75,0,0,NatureBlend Eggs 1kg,Dairy & Bakery,NatureBlend
SKU01031,246.1,60.7,21.233333333333334,0,0,PrimeCare First Aid 500g,Health & Wellness,PrimeCare
SKU01034,296.3888888888889,58.77777777777778,22.88888888888889,0,0,HealthFirst Pest Control 100g,Home Care,HealthFirst
SKU01036,118.0,100.0,38.0,0,0,EliteHome Yogurt 1kg,Dairy & Bakery,EliteHome
SKU01038,251.53333333333333,54.8,18.6,0,0,NovaFresh OTC Medicine Family Pack,Health & Wellness,NovaFresh
SKU01039,40.0,49.0,23.0,0,0,SmartBuy Frozen Vegetables 500ml,Frozen Foods,SmartBuy
SKU01042,258.93333333333334,57.03333333333333,20.4,0,0,QuickBite Milk Medium,Dairy & Bakery,QuickBite
SKU01043,75.0,61.5,24.0,0,0,PureLife Biscuits & Cookies 500ml,Snacks & Confectionery,PureLife
SKU01046,250.41379310344828,58.44827586206897,19.103448275862068,0,0,PrimeCare First Aid 1L,Health & Wellness,PrimeCare
SKU01047,53.0,47.0,12.333333333333334,0,0,HomeStyle Batteries 250ml,Electronics & Accessories,HomeStyle
SKU01049,61.0,26.5,9.0,0,0,MetroBrand Men's Wear 1kg,Apparel & Footwear,MetroBrand
SKU01050,64.0,57.0,19.0,0,0,SunriseFoods Vitamins & Supplements Large,Health & Wellness,SunriseFoods
SKU01052,249.91666666666666,56.166666666666664,21.0,0,0,MetroBrand Pest Control 500g,Home Care,MetroBrand
SKU01054,135.5,59.5,23.0,0,0,DailyBest Men's Wear 500g,Apparel & Footwear,DailyBest
SKU01055,21.0,52.0,16.0,0,0,FreshFarm Vitamins & Supplements 500ml,Health & Wellness,FreshFarm
SKU01056,139.5,70.5,24.5,0,0,FamilyChoice Home Decor Small,Home & Kitchen,FamilyChoice
SKU01057,42.5,25.5,7.5,0,0,EverydayPlus Ice Cream 100g,Frozen Foods,EverydayPlus
SKU01058,91.0,48.0,20.0,0,0,SmartBuy Small Appliances Pack of 12,Electronics & Accessories,SmartBuy
SKU01059,81.0,49.5,18.5,0,0,MetroBrand Cheese 1kg,Dairy & Bakery,MetroBrand
SKU01061,139.0,63.0,23.0,0,0,PrimeCare Vitamins & Supplements 1L,Health & Wellness,PrimeCare
SKU01063,275.5357142857143,62.785714285714285,21.142857142857142,0,0,DailyBest Surface Cleaners Small,Home Care,DailyBest
SKU01064,123.66666666666667,55.333333333333336,22.333333333333332,0,0,PurePlus Cookware 1kg,Home & Kitchen,PurePlus
SKU01065,40.5,30.5,7.0,0,0,SunriseFoods Spices & Seasoning Family Pack,Grocery,SunriseFoods
SKU01067,124.75,71.5,25.0,0,0,ValueChoice Frozen Meat 500g,Frozen Foods,ValueChoice
SKU01068,266.8,58.03333333333333,20.733333333333334,0,0,PrimeCare Mobile Accessories Pack of 6,Electronics & Accessories,PrimeCare
SKU01069,30.0,30.0,9.0,0,0,FreshFarm Men's Wear 250ml,Apparel & Footwear,FreshFarm
SKU01071,101.25,54.25,15.25,0,0,NutriPlus Vitamins & Supplements 2L,Health & Wellness,NutriPlus
SKU01073,134.5,60.0,16.5,0,0,EverydayPlus Office Supplies Pack of 6,Stationery & Office,EverydayPlus
SKU01074,106.0,49.0,24.0,0,0,SparkleClean Vitamins & Supplements 1kg,Health & Wellness,SparkleClean
SKU01075,264.08,56.52,19.96,0,0,HealthFirst Dishwashing Large,Home Care,HealthFirst
SKU01076,92.5,55.0,18.75,0,0,FreshFarm Office Supplies Family Pack,Stationery & Office,FreshFarm
SKU01078,76.33333333333333,64.66666666666667,25.0,0,0,QuickBite Writing Instruments Pack of 12,Stationery & Office,QuickBite
SKU01083,13.0,34.0,9.0,0,0,UrbanBite Notebooks 1kg,Stationery & Office,UrbanBite
SKU01085,120.0,71.0,26.0,0,0,DailyBest OTC Medicine Small,Health & Wellness,DailyBest
SKU01090,16.0,21.0,7.0,0,0,DailyBest Pulses & Lentils Pack of 12,Grocery,DailyBest
SKU01091,62.0,79.0,35.0,0,0,NutriPlus Ice Cream 250ml,Frozen Foods,NutriPlus
SKU01092,114.75,71.5,21.75,0,0,EverydayPlus Men's Wear 250ml,Apparel & Footwear,EverydayPlus
SKU01093,19.0,71.0,15.0,0,0,FreshFarm Office Supplies Family Pack,Stationery & Office,FreshFarm
SKU01094,103.0,37.0,15.0,0,0,ZestyCo Dishwashing 2L,Home Care,ZestyCo
SKU01095,170.0,79.0,36.0,0,0,ValueChoice Home Decor Large,Home & Kitchen,ValueChoice
SKU01096,118.0,95.0,23.0,0,0,QuickBite Notebooks Pack of 12,Stationery & Office,QuickBite
SKU01097,45.5,56.0,27.0,0,0,UrbanBite Home Decor Large,Home & Kitchen,UrbanBite
SKU01099,51.0,54.0,22.0,0,0,SmartBuy Milk Family Pack,Dairy & Bakery,SmartBuy
SKU01100,152.0,91.5,39.0,0,0,NovaFresh Notebooks Family Pack,Stationery & Office,NovaFresh
SKU01101,45.0,27.5,9.0,0,0,FamilyChoice Namkeen 100g,Snacks & Confectionery,FamilyChoice
SKU01103,34.0,34.0,8.0,0,0,CleanWave Pulses & Lentils 500ml,Grocery,CleanWave
SKU01104,260.76666666666665,58.5,21.6,0,0,TrueTaste Kids Wear 500ml,Apparel & Footwear,TrueTaste
SKU01106,71.0,87.0,27.0,0,0,HealthFirst Soft Drinks Pack of 12,Beverages,HealthFirst
SKU01107,159.0,93.5,35.5,0,0,DailyBest Namkeen 1kg,Snacks & Confectionery,DailyBest
SKU01108,126.5,66.5,21.5,0,0,PurePlus Ice Cream Pack of 6,Frozen Foods,PurePlus
SKU01109,131.66666666666666,77.33333333333333,26.0,0,0,QuickBite Ice Cream Family Pack,Frozen Foods,QuickBite
SKU01110,39.5,48.5,18.0,0,0,ZestyCo Footwear 500ml,Apparel & Footwear,ZestyCo
SKU01112,258.1666666666667,59.93333333333333,21.6,0,0,PrimeCare Writing Instruments Pack of 6,Stationery & Office,PrimeCare
SKU01113,76.5,47.5,17.5,0,0,SparkleClean Dishwashing Large,Home Care,SparkleClean
SKU01114,62.0,55.5,21.5,0,0,HomeStyle Footwear Large,Apparel & Footwear,HomeStyle
SKU01116,71.0,49.0,15.0,0,0,PrimeCare Rice & Grains Medium,Grocery,PrimeCare
SKU01117,139.25,72.0,22.75,0,0,UrbanBite Spices & Seasoning 500g,Grocery,UrbanBite
SKU01119,42.0,58.0,20.333333333333332,0,0,PremiumSelect Notebooks Medium,Stationery & Office,PremiumSelect
SKU01120,73.33333333333333,49.0,19.666666666666668,0,0,GreenValley Spices & Seasoning 1kg,Grocery,GreenValley
SKU01124,122.8,68.8,27.8,0,0,GoldenHarvest Small Appliances 2L,Electronics & Accessories,GoldenHarvest
SKU01128,69.0,50.0,16.5,0,0,PurePlus Footwear Small,Apparel & Footwear,PurePlus
SKU01129,52.0,89.0,37.0,0,0,HomeStyle Rice & Grains 2kg,Grocery,HomeStyle
SKU01130,124.0,68.0,16.0,0,0,ValueChoice Storage & Containers 2kg,Home & Kitchen,ValueChoice
SKU01131,124.0,86.0,30.0,0,0,HomeStyle Mobile Accessories 500g,Electronics & Accessories,HomeStyle
SKU01133,244.06896551724137,58.13793103448276,21.17241379310345,0,0,GreenValley Oral Care 2kg,Personal Care,GreenValley
SKU01134,57.0,59.0,20.0,0,0,HealthFirst Men's Wear 1kg,Apparel & Footwear,HealthFirst
SKU01135,176.0,82.0,28.0,0,0,NutriPlus Oral Care 250ml,Personal Care,NutriPlus
SKU01136,124.5,59.25,19.25,0,0,HealthFirst Sugar & Salt 2kg,Grocery,HealthFirst
SKU01137,200.5,85.5,36.5,0,0,PurePlus Cookware Pack of 12,Home & Kitchen,PurePlus
SKU01140,135.25,63.75,24.25,0,0,NutriPlus OTC Medicine Pack of 6,Health & Wellness,NutriPlus
SKU01142,90.66666666666667,50.0,22.333333333333332,0,0,CrispKing Storage & Containers 2L,Home & Kitchen,CrispKing
SKU01144,106.25,71.75,23.75,0,0,EliteHome Spices & Seasoning 1kg,Grocery,EliteHome
SKU01145,224.5,78.0,25.0,0,0,BasicNeeds Notebooks Family Pack,Stationery & Office,BasicNeeds
SKU01148,64.0,29.0,11.0,0,0,EverydayPlus Small Appliances Medium,Electronics & Accessories,EverydayPlus
SKU01149,32.0,26.0,10.0,0,0,FreshFarm Frozen Meat Large,Frozen Foods,FreshFarm
SKU01151,85.33333333333333,45.333333333333336,16.0,0,0,CityFresh Women's Wear 2L,Apparel & Footwear,CityFresh
SKU01154,81.5,31.0,12.0,0,0,EverydayPlus Storage & Containers 1L,Home & Kitchen,EverydayPlus
SKU01156,95.0,81.0,25.0,0,0,EliteHome Batteries 2L,Electronics & Accessories,EliteHome
SKU01157,151.33333333333334,66.33333333333333,19.666666666666668,0,0,HomeStyle Eggs 1L,Dairy & Bakery,HomeStyle
SKU01158,264.42105263157896,55.10526315789474,18.05263157894737,0,0,CleanWave Chips & Crisps Large,Snacks & Confectionery,CleanWave
SKU01159,64.0,70.0,15.0,0,0,SoftTouch Hair Care 1kg,Personal Care,SoftTouch
SKU01160,155.66666666666666,59.666666666666664,26.666666666666668,0,0,FreshFarm Cookware Pack of 6,Home & Kitchen,FreshFarm
SKU01161,120.0,70.0,26.0,0,0,NatureBlend Frozen Meat 2kg,Frozen Foods,NatureBlend
SKU01162,93.0,49.0,18.5,0,0,CrispKing Hair Care Family Pack,Personal Care,CrispKing
SKU01168,25.5,39.5,14.5,0,0,GreenValley OTC Medicine 1kg,Health & Wellness,GreenValley
SKU01169,43.0,59.666666666666664,16.0,0,0,HealthFirst Surface Cleaners 1kg,Home Care,HealthFirst
SKU01171,300.6296296296296,66.85185185185185,23.51851851851852,0,0,TrueTaste Coffee Pack of 12,Beverages,TrueTaste
SKU01172,117.0,51.0,17.0,0,0,PrimeCare Yogurt 250ml,Dairy & Bakery,PrimeCare
SKU01174,311.62068965517244,65.44827586206897,21.137931034482758,0,0,NovaFresh Home Decor 2L,Home & Kitchen,NovaFresh
SKU01175,130.0,74.0,26.5,0,0,FreshFarm Home Decor 500g,Home & Kitchen,FreshFarm
SKU01176,156.0,80.0,24.333333333333332,0,0,MetroBrand Chips & Crisps 1kg,Snacks & Confectionery,MetroBrand
SKU01179,237.4,54.06666666666667,20.166666666666668,0,0,PurePlus Mobile Accessories Large,Electronics & Accessories,PurePlus
SKU01181,92.0,35.0,11.5,0,0,CityFresh Laundry 500ml,Home Care,CityFresh
SKU01182,85.0,44.0,19.0,0,0,PureLife Small Appliances Pack of 12,Electronics & Accessories,PureLife
SKU01183,50.666666666666664,39.666666666666664,16.0,0,0,NatureBlend Dishwashing Small,Home Care,NatureBlend
SKU01185,50.5,47.0,19.0,0,0,EliteHome Frozen Vegetables 2L,Frozen Foods,EliteHome
SKU01186,81.66666666666667,58.666666666666664,19.666666666666668,0,0,FamilyChoice Notebooks Family Pack,Stationery & Office,FamilyChoice
SKU01187,274.3333333333333,60.666666666666664,20.61111111111111,0,0,CleanWave First Aid Large,Health & Wellness,CleanWave
SKU01190,29.0,22.5,6.5,0,0,BasicNeeds Bath & Body 250ml,Personal Care,BasicNeeds
SKU01191,282.84,63.4,21.0,0,0,CityFresh Frozen Meat Medium,Frozen Foods,CityFresh
SKU01193,115.0,41.0,16.0,0,0,EliteHome Tea Pack of 12,Beverages,EliteHome
SKU01196,85.5,68.0,24.5,0,0,CleanWave Office Supplies 2L,Stationery & Office,CleanWave
SKU01201,78.0,66.0,24.0,0,0,NutriPlus Cooking Oil Family Pack,Grocery,NutriPlus
SKU01202,100.0,78.0,36.0,0,0,SmartBuy Skin Care Large,Personal Care,SmartBuy
SKU01203,66.0,62.75,21.0,0,0,EliteHome Laundry Pack of 12,Home Care,EliteHome
SKU01204,42.0,26.0,10.0,0,0,UrbanBite Home Decor Pack of 6,Home & Kitchen,UrbanBite
SKU01206,143.5,81.5,23.0,0,0,EliteHome Dishwashing 2L,Home Care,EliteHome
SKU01207,106.5,70.5,34.0,0,0,FreshFarm Bath & Body Small,Personal Care,FreshFarm
SKU01208,80.33333333333333,48.666666666666664,18.0,0,0,TrueTaste Soft Drinks 2L,Beverages,TrueTaste
SKU01209,59.0,33.0,12.0,0,0,SoftTouch Soft Drinks 2kg,Beverages,SoftTouch
SKU01210,125.66666666666667,82.33333333333333,28.0,0,0,SoftTouch Oral Care 250ml,Personal Care,SoftTouch
SKU01213,99.0,72.0,18.5,0,0,MetroBrand Bath & Body Family Pack,Personal Care,MetroBrand
SKU01215,188.5,69.0,16.5,0,0,PremiumSelect Ready Meals Large,Frozen Foods,PremiumSelect
SKU01217,103.0,47.0,19.0,0,0,TrueTaste Eggs 1kg,Dairy & Bakery,TrueTaste
SKU01218,78.0,63.0,22.0,0,0,EliteHome Laundry 100g,Home Care,EliteHome
SKU01220,212.0,74.0,22.0,0,0,PrimeCare Vitamins & Supplements 250ml,Health & Wellness,PrimeCare
SKU01223,61.0,25.0,12.0,0,0,TrueTaste Pest Control Family Pack,Home Care,TrueTaste
SKU01224,335.3478260869565,70.82608695652173,25.17391304347826,0,0,DailyBest Air Fresheners 250ml,Home Care,DailyBest
SKU01226,92.0,47.0,15.0,0,0,HomeStyle Office Supplies 500ml,Stationery & Office,HomeStyle
SKU01227,55.0,52.333333333333336,15.0,0,0,NatureBlend Notebooks 1L,Stationery & Office,NatureBlend
SKU01228,45.666666666666664,32.333333333333336,9.666666666666666,0,0,HealthFirst Men's Wear Pack of 6,Apparel & Footwear,HealthFirst
SKU01229,254.57142857142858,56.92857142857143,17.535714285714285,0,0,GreenValley Ice Cream 500ml,Frozen Foods,GreenValley
SKU01230,134.0,68.66666666666667,25.666666666666668,0,0,FamilyChoice Frozen Meat Medium,Frozen Foods,FamilyChoice
SKU01231,25.0,20.0,6.0,0,0,GoldenHarvest Notebooks 500g,Stationery & Office,GoldenHarvest
SKU01232,20.0,35.0,10.0,0,0,ValueChoice Cheese Pack of 12,Dairy & Bakery,ValueChoice
SKU01234,122.0,49.0,17.0,0,0,GreenValley Cookware Medium,Home & Kitchen,GreenValley
SKU01235,37.0,41.5,14.5,0,0,GoldenHarvest Hair Care 100g,Personal Care,GoldenHarvest
SKU01236,116.0,47.5,11.5,0,0,ValueChoice Chocolates 250g,Snacks & Confectionery,ValueChoice
SKU01241,103.5,47.5,19.0,0,0,NovaFresh Eggs 500g,Dairy & Bakery,NovaFresh
SKU01242,116.33333333333333,67.33333333333333,21.333333333333332,0,0,FreshFarm Frozen Meat 1L,Frozen Foods,FreshFarm
SKU01243,202.0,85.0,39.0,0,0,HomeStyle Notebooks Pack of 12,Stationery & Office,HomeStyle
SKU01247,115.75,57.0,20.75,0,0,PureLife First Aid 500ml,Health & Wellness,PureLife
SKU01248,82.0,88.0,42.0,0,0,PremiumSelect Vitamins & Supplements 500ml,Health & Wellness,PremiumSelect
SKU01250,22.0,26.0,7.0,0,0,PurePlus Yogurt 1kg,Dairy & Bakery,PurePlus
SKU01251,57.75,55.5,24.75,0,0,CleanWave Storage & Containers 2kg,Home & Kitchen,CleanWave
SKU01253,59.0,57.0,22.333333333333332,0,0,PurePlus Cheese 500g,Dairy & Bakery,PurePlus
SKU01254,90.0,59.0,16.5,0,0,DailyBest Yogurt Family Pack,Dairy & Bakery,DailyBest
SKU01255,85.0,75.0,19.0,0,0,PremiumSelect Candy Medium,Snacks & Confectionery,PremiumSelect
SKU01257,120.0,72.5,27.0,0,0,NatureBlend Bath & Body Pack of 12,Personal Care,NatureBlend
SKU01259,72.5,47.0,15.0,0,0,QuickBite Flour & Atta Large,Grocery,QuickBite
SKU01261,53.0,28.0,9.0,0,0,DailyBest Sugar & Salt Family Pack,Grocery,DailyBest
SKU01262,123.33333333333333,69.33333333333333,25.666666666666668,0,0,PrimeCare Frozen Meat 250ml,Frozen Foods,PrimeCare
SKU01263,273.0,94.0,41.0,0,0,BasicNeeds Milk Pack of 12,Dairy & Bakery,BasicNeeds
SKU01264,271.25,57.75,21.0,0,0,SmartBuy Men's Wear 250ml,Apparel & Footwear,SmartBuy
SKU01265,99.0,86.0,21.0,0,0,EverydayPlus Vitamins & Supplements Pack of 12,Health & Wellness,EverydayPlus
SKU01266,75.25,69.25,21.25,0,0,PremiumSelect Men's Wear 250ml,Apparel & Footwear,PremiumSelect
SKU01267,163.0,76.5,32.5,0,0,HealthFirst Vitamins & Supplements Medium,Health & Wellness,HealthFirst
SKU01268,128.25,73.5,24.75,0,0,PurePlus Laundry Pack of 6,Home Care,PurePlus
SKU01269,39.0,34.5,9.5,0,0,NutriPlus Home Decor 2kg,Home & Kitchen,NutriPlus
SKU01270,111.25,53.75,24.0,0,0,NutriPlus Laundry Family Pack,Home Care,NutriPlus
SKU01272,53.5,67.0,16.5,0,0,HealthFirst Writing Instruments 500ml,Stationery & Office,HealthFirst
SKU01273,186.0,91.0,39.0,0,0,FamilyChoice Vitamins & Supplements 500g,Health & Wellness,FamilyChoice
SKU01275,84.66666666666667,51.666666666666664,19.333333333333332,0,0,ZestyCo Yogurt Small,Dairy & Bakery,ZestyCo
SKU01276,38.0,59.0,18.333333333333332,0,0,CityFresh Footwear Pack of 12,Apparel & Footwear,CityFresh
SKU01277,110.5,57.5,24.0,0,0,NatureBlend Small Appliances Medium,Electronics & Accessories,NatureBlend
SKU01278,122.33333333333333,69.66666666666667,27.0,0,0,PureLife Storage & Containers Pack of 6,Home & Kitchen,PureLife
SKU01280,91.0,61.25,17.25,0,0,GreenValley Men's Wear 1kg,Apparel & Footwear,GreenValley
SKU01281,66.5,58.0,18.5,0,0,PrimeCare Pest Control 250g,Home Care,PrimeCare
SKU01282,148.66666666666666,71.33333333333333,17.0,0,0,HomeStyle Namkeen 100g,Snacks & Confectionery,HomeStyle
SKU01283,71.0,42.0,19.5,0,0,MetroBrand Biscuits & Cookies Pack of 12,Snacks & Confectionery,MetroBrand
SKU01284,81.0,64.0,28.0,0,0,BasicNeeds Frozen Meat Medium,Frozen Foods,BasicNeeds
SKU01286,96.0,76.0,17.0,0,0,CityFresh Soft Drinks 2L,Beverages,CityFresh
SKU01287,294.56666666666666,62.56666666666667,23.0,0,0,GreenValley Pest Control 250g,Home Care,GreenValley
SKU01288,140.0,97.0,42.0,0,0,DailyBest Vitamins & Supplements 500ml,Health & Wellness,DailyBest
SKU01289,58.0,22.0,10.0,0,0,CityFresh Milk Small,Dairy & Bakery,CityFresh
SKU01290,121.66666666666667,65.33333333333333,28.666666666666668,0,0,GreenValley Notebooks Medium,Stationery & Office,GreenValley
SKU01292,150.0,70.0,19.0,0,0,TrueTaste Frozen Meat 2kg,Frozen Foods,TrueTaste
SKU01293,45.0,39.5,18.0,0,0,ZestyCo Writing Instruments Family Pack,Stationery & Office,ZestyCo
SKU01294,22.0,53.0,14.5,0,0,PurePlus Pest Control Small,Home Care,PurePlus
SKU01296,78.0,56.0,18.5,0,0,DailyBest Spices & Seasoning 2kg,Grocery,DailyBest
SKU01297,40.5,21.5,6.5,0,0,PureLife Notebooks 250g,Stationery & Office,PureLife
SKU01298,63.5,37.0,11.0,0,0,FamilyChoice Office Supplies Large,Stationery & Office,FamilyChoice
SKU01299,143.0,61.0,23.5,0,0,CityFresh Mobile Accessories 1kg,Electronics & Accessories,CityFresh
SKU01302,92.0,65.5,23.0,0,0,FamilyChoice Spices & Seasoning 500g,Grocery,FamilyChoice
SKU01303,239.86666666666667,54.63333333333333,18.533333333333335,0,0,HealthFirst Sugar & Salt Medium,Grocery,HealthFirst
SKU01309,177.0,80.5,31.0,0,0,ZestyCo Butter & Ghee 500ml,Dairy & Bakery,ZestyCo
SKU01310,288.2758620689655,65.55172413793103,20.79310344827586,0,0,FreshFarm Frozen Meat Pack of 6,Frozen Foods,FreshFarm
SKU01312,202.0,80.0,31.5,0,0,FreshFarm Butter & Ghee 1kg,Dairy & Bakery,FreshFarm
SKU01314,70.0,46.0,18.666666666666668,0,0,FamilyChoice Rice & Grains 1kg,Grocery,FamilyChoice
SKU01315,104.5,59.5,21.5,0,0,UrbanBite Cookware Pack of 6,Home & Kitchen,UrbanBite
SKU01316,110.33333333333333,59.0,21.333333333333332,0,0,PureLife Tea Large,Beverages,PureLife
SKU01318,238.26666666666668,54.63333333333333,19.9,0,0,FamilyChoice Skin Care Pack of 6,Personal Care,FamilyChoice
SKU01319,101.5,86.5,18.5,0,0,TrueTaste Kids Wear Large,Apparel & Footwear,TrueTaste
SKU01320,128.4,71.0,25.2,0,0,UrbanBite Rice & Grains Large,Grocery,UrbanBite
SKU01321,112.2,69.4,22.4,0,0,SunriseFoods Cookware 100g,Home & Kitchen,SunriseFoods
SKU01323,119.0,50.5,17.75,0,0,SmartBuy Surface Cleaners Family Pack,Home Care,SmartBuy
SKU01324,80.0,74.0,29.0,0,0,NutriPlus Candy Large,Snacks & Confectionery,NutriPlus
SKU01325,23.0,51.5,20.5,0,0,NatureBlend Notebooks 2kg,Stationery & Office,NatureBlend
SKU01327,69.0,30.0,12.0,0,0,PurePlus Dishwashing 2L,Home Care,PurePlus
SKU01328,59.0,38.5,9.5,0,0,SmartBuy Hair Care Pack of 12,Personal Care,SmartBuy
SKU01330,59.0,31.0,7.0,0,0,SoftTouch Hair Care 250ml,Personal Care,SoftTouch
SKU01331,211.0,86.0,30.333333333333332,0,0,GoldenHarvest Tea Large,Beverages,GoldenHarvest
SKU01332,52.666666666666664,33.0,12.666666666666666,0,0,SparkleClean Sugar & Salt 100g,Grocery,SparkleClean
SKU01333,81.66666666666667,60.333333333333336,17.666666666666668,0,0,NovaFresh Yogurt 100g,Dairy & Bakery,NovaFresh
SKU01335,132.0,52.0,18.0,0,0,PremiumSelect Bath & Body 500g,Personal Care,PremiumSelect
SKU01336,97.66666666666667,54.666666666666664,21.666666666666668,0,0,HealthFirst Home Decor Family Pack,Home & Kitchen,HealthFirst
SKU01337,259.7,58.2,20.733333333333334,0,0,ZestyCo Coffee 2kg,Beverages,ZestyCo
SKU01338,72.0,63.5,16.5,0,0,FamilyChoice Pulses & Lentils 250ml,Grocery,FamilyChoice
SKU01339,318.2142857142857,67.39285714285714,23.321428571428573,0,0,CleanWave Soft Drinks 100g,Beverages,CleanWave
SKU01340,274.75,60.25,19.958333333333332,0,0,PureLife Frozen Vegetables Family Pack,Frozen Foods,PureLife
SKU01341,130.0,63.333333333333336,26.333333333333332,0,0,MetroBrand Yogurt 250ml,Dairy & Bakery,MetroBrand
SKU01342,99.75,61.0,15.5,0,0,DailyBest Surface Cleaners 500g,Home Care,DailyBest
SKU01343,42.5,64.0,27.5,0,0,NovaFresh Pulses & Lentils 1L,Grocery,NovaFresh
SKU01347,273.9166666666667,60.458333333333336,21.458333333333332,0,0,PrimeCare Ice Cream 1L,Frozen Foods,PrimeCare
SKU01348,44.0,58.0,17.0,0,0,CityFresh Footwear 250ml,Apparel & Footwear,CityFresh
SKU01349,64.0,65.0,30.0,0,0,PurePlus Dishwashing 100g,Home Care,PurePlus
SKU01350,55.0,23.0,6.0,0,0,CityFresh Storage & Containers 100g,Home & Kitchen,CityFresh
SKU01351,134.25,65.75,21.5,0,0,CrispKing Frozen Vegetables 1L,Frozen Foods,CrispKing
SKU01352,74.5,54.0,16.0,0,0,PurePlus Yogurt 250ml,Dairy & Bakery,PurePlus
SKU01354,22.0,96.0,20.0,0,0,SoftTouch Bread 500g,Dairy & Bakery,SoftTouch
SKU01356,256.7037037037037,55.629629629629626,19.14814814814815,0,0,TrueTaste Biscuits & Cookies Pack of 12,Snacks & Confectionery,TrueTaste
SKU01358,87.0,55.5,24.5,0,0,TrueTaste Surface Cleaners Medium,Home Care,TrueTaste
SKU01360,203.33333333333334,92.66666666666667,28.333333333333332,0,0,DailyBest Mobile Accessories Pack of 12,Electronics & Accessories,DailyBest
SKU01361,82.25,56.0,13.75,0,0,ZestyCo Hair Care Small,Personal Care,ZestyCo
SKU01362,169.5,79.0,21.0,0,0,NutriPlus Candy 1kg,Snacks & Confectionery,NutriPlus
SKU01365,72.0,81.0,39.5,0,0,TrueTaste Candy Pack of 6,Snacks & Confectionery,TrueTaste
SKU01366,108.0,86.5,28.0,0,0,SunriseFoods Notebooks 1kg,Stationery & Office,SunriseFoods
SKU01367,77.0,80.0,31.0,0,0,PrimeCare Dishwashing Pack of 6,Home Care,PrimeCare
SKU01369,141.0,74.0,36.0,0,0,NovaFresh Laundry 100g,Home Care,NovaFresh
SKU01373,28.0,36.0,17.0,0,0,GoldenHarvest Chips & Crisps 100g,Snacks & Confectionery,GoldenHarvest
SKU01374,33.0,42.333333333333336,14.666666666666666,0,0,SmartBuy Coffee 250g,Beverages,SmartBuy
SKU01375,92.5,65.5,29.5,0,0,CleanWave Vitamins & Supplements Small,Health & Wellness,CleanWave
SKU01376,154.0,83.0,23.0,0,0,TrueTaste Rice & Grains Medium,Grocery,TrueTaste
SKU01377,43.0,41.0,12.0,0,0,CleanWave Milk 500ml,Dairy & Bakery,CleanWave
SKU01378,50.0,99.0,23.0,0,0,SmartBuy Bottled Water Family Pack,Beverages,SmartBuy
SKU01379,264.0,99.0,41.0,0,0,BasicNeeds Sugar & Salt Large,Grocery,BasicNeeds
SKU01382,129.5,79.5,29.5,0,0,PrimeCare Pulses & Lentils Family Pack,Grocery,PrimeCare
SKU01383,97.33333333333333,67.66666666666667,22.0,0,0,NatureBlend Writing Instruments Pack of 6,Stationery & Office,NatureBlend
SKU01384,131.0,84.0,30.0,0,0,CleanWave Chips & Crisps Family Pack,Snacks & Confectionery,CleanWave
SKU01385,67.0,50.0,13.0,0,0,PremiumSelect Footwear Family Pack,Apparel & Footwear,PremiumSelect
SKU01386,117.33333333333333,78.66666666666667,28.333333333333332,0,0,NutriPlus Spices & Seasoning 500g,Grocery,NutriPlus
SKU01387,67.66666666666667,50.0,18.666666666666668,0,0,QuickBite Bottled Water Pack of 6,Beverages,QuickBite
SKU01389,94.8,65.2,19.8,0,0,BasicNeeds Mobile Accessories Medium,Electronics & Accessories,BasicNeeds
SKU01390,102.33333333333333,50.666666666666664,19.666666666666668,0,0,TrueTaste Vitamins & Supplements 250ml,Health & Wellness,TrueTaste
SKU01392,300.5,69.625,26.5,0,0,BasicNeeds Candy 1L,Snacks & Confectionery,BasicNeeds
SKU01393,128.5,74.5,25.0,0,0,UrbanBite Juices 250ml,Beverages,UrbanBite
SKU01394,47.0,42.0,14.5,0,0,FamilyChoice Ice Cream 500g,Frozen Foods,FamilyChoice
SKU01396,287.9310344827586,62.06896551724138,22.137931034482758,0,0,GoldenHarvest First Aid Family Pack,Health & Wellness,GoldenHarvest
SKU01397,54.0,33.0,12.0,0,0,CityFresh Small Appliances Pack of 12,Electronics & Accessories,CityFresh
SKU01399,74.66666666666667,44.666666666666664,12.0,0,0,ZestyCo Surface Cleaners Large,Home Care,ZestyCo
SKU01401,174.8,73.4,25.8,0,0,CleanWave Bread Pack of 6,Dairy & Bakery,CleanWave
SKU01402,194.66666666666666,89.33333333333333,29.333333333333332,0,0,PurePlus Home Decor 250ml,Home & Kitchen,PurePlus
SKU01404,23.5,23.5,8.5,0,0,SparkleClean First Aid 500ml,Health & Wellness,SparkleClean
SKU01405,78.57142857142857,44.0,16.571428571428573,0,0,PureLife Surface Cleaners Medium,Home Care,PureLife
SKU01407,284.32142857142856,61.964285714285715,22.535714285714285,0,0,CleanWave Cookware Small,Home & Kitchen,CleanWave
SKU01412,158.0,93.0,21.0,0,0,CityFresh Bread 1L,Dairy & Bakery,CityFresh
SKU01413,279.6666666666667,57.06666666666667,19.866666666666667,0,0,PremiumSelect Chocolates 100g,Snacks & Confectionery,PremiumSelect
SKU01415,120.33333333333333,83.33333333333333,26.333333333333332,0,0,HomeStyle Frozen Vegetables 500ml,Frozen Foods,HomeStyle
SKU01417,101.0,34.0,8.0,0,0,GreenValley Notebooks 250g,Stationery & Office,GreenValley
SKU01419,94.0,58.0,14.0,0,0,MetroBrand Cookware 2L,Home & Kitchen,MetroBrand
SKU01421,23.0,27.0,9.0,0,0,DailyBest Sugar & Salt Pack of 6,Grocery,DailyBest
SKU01422,55.666666666666664,72.33333333333333,25.333333333333332,0,0,TrueTaste Bath & Body 500g,Personal Care,TrueTaste
SKU01423,290.06666666666666,61.93333333333333,22.1,0,0,BasicNeeds Mobile Accessories 500g,Electronics & Accessories,BasicNeeds
SKU01425,86.75,65.75,25.5,0,0,CityFresh Soft Drinks 250ml,Beverages,CityFresh
SKU01428,277.22222222222223,59.81481481481482,21.444444444444443,0,0,BasicNeeds Men's Wear 250ml,Apparel & Footwear,BasicNeeds
SKU01430,79.33333333333333,37.333333333333336,13.0,0,0,EverydayPlus First Aid 1kg,Health & Wellness,EverydayPlus
SKU01431,171.0,81.0,32.0,0,0,TrueTaste Butter & Ghee Family Pack,Dairy & Bakery,TrueTaste
SKU01433,280.03333333333336,63.06666666666667,20.9,0,0,GreenValley Ice Cream Family Pack,Frozen Foods,GreenValley
SKU01434,132.33333333333334,82.33333333333333,24.0,0,0,PureLife Bath & Body Family Pack,Personal Care,PureLife
SKU01436,77.0,56.0,17.0,0,0,GreenValley Bread 500ml,Dairy & Bakery,GreenValley
SKU01437,92.5,53.0,21.25,0,0,HomeStyle Kids Wear Small,Apparel & Footwear,HomeStyle
SKU01439,78.0,35.5,12.0,0,0,FamilyChoice Cookware 500ml,Home & Kitchen,FamilyChoice
SKU01440,40.5,38.0,13.0,0,0,HealthFirst Cooking Oil Pack of 12,Grocery,HealthFirst
SKU01441,287.8695652173913,63.21739130434783,21.956521739130434,0,0,GreenValley Mobile Accessories Small,Electronics & Accessories,GreenValley
SKU01442,47.0,45.0,12.5,0,0,NutriPlus Men's Grooming 500ml,Personal Care,NutriPlus
SKU01443,155.0,79.0,29.0,0,0,QuickBite Hair Care Medium,Personal Care,QuickBite
SKU01444,103.75,51.0,18.75,0,0,MetroBrand Spices & Seasoning Pack of 12,Grocery,MetroBrand
SKU01445,162.5,80.5,29.0,0,0,NutriPlus Small Appliances 100g,Electronics & Accessories,NutriPlus
SKU01452,57.5,36.0,13.5,0,0,PrimeCare Small Appliances Pack of 12,Electronics & Accessories,PrimeCare
SKU01453,88.75,37.75,16.25,0,0,HealthFirst Women's Wear 500g,Apparel & Footwear,HealthFirst
SKU01454,45.333333333333336,34.666666666666664,11.666666666666666,0,0,NutriPlus Cheese 250ml,Dairy & Bakery,NutriPlus
SKU01456,67.33333333333333,50.333333333333336,15.666666666666666,0,0,TrueTaste Cookware 1kg,Home & Kitchen,TrueTaste
SKU01457,242.42857142857142,56.80952380952381,20.428571428571427,0,0,TrueTaste Energy Drinks 2L,Beverages,TrueTaste
SKU01458,212.0,85.0,39.0,0,0,ValueChoice OTC Medicine 500ml,Health & Wellness,ValueChoice
SKU01459,112.33333333333333,62.333333333333336,20.0,0,0,NutriPlus Chips & Crisps Small,Snacks & Confectionery,NutriPlus
SKU01460,190.33333333333334,73.33333333333333,20.666666666666668,0,0,MetroBrand Coffee Small,Beverages,MetroBrand
SKU01462,168.0,85.0,35.0,0,0,SparkleClean Soft Drinks 250g,Beverages,SparkleClean
SKU01463,151.0,54.0,27.0,0,0,FamilyChoice Small Appliances 500ml,Electronics & Accessories,FamilyChoice
SKU01464,52.0,55.0,19.0,0,0,SparkleClean Mobile Accessories Pack of 12,Electronics & Accessories,SparkleClean
SKU01465,116.5,64.0,24.5,0,0,HealthFirst Pulses & Lentils 500ml,Grocery,HealthFirst
SKU01467,102.5,58.5,24.5,0,0,SoftTouch Women's Wear Pack of 6,Apparel & Footwear,SoftTouch
SKU01468,122.5,83.5,31.25,0,0,PurePlus Ice Cream 250ml,Frozen Foods,PurePlus
SKU01469,126.66666666666667,63.333333333333336,26.666666666666668,0,0,CleanWave Juices 250g,Beverages,CleanWave
SKU01470,137.0,67.0,23.5,0,0,TrueTaste Notebooks Family Pack,Stationery & Office,TrueTaste
SKU01471,186.5,77.5,23.0,0,0,BasicNeeds Milk Medium,Dairy & Bakery,BasicNeeds
SKU01472,152.75,69.25,26.0,0,0,MetroBrand Sugar & Salt Large,Grocery,MetroBrand
SKU01473,58.666666666666664,41.666666666666664,12.666666666666666,0,0,HealthFirst Office Supplies 2kg,Stationery & Office,HealthFirst
SKU01476,121.0,43.0,21.0,0,0,PureLife Writing Instruments 100g,Stationery & Office,PureLife
SKU01477,68.0,40.0,11.0,0,0,MetroBrand Ready Meals 500g,Frozen Foods,MetroBrand
SKU01479,110.0,79.66666666666667,26.666666666666668,0,0,SunriseFoods Oral Care Family Pack,Personal Care,SunriseFoods
SKU01480,48.0,60.0,29.0,0,0,MetroBrand Juices 1kg,Beverages,MetroBrand
SKU01483,148.5,75.0,23.5,0,0,GoldenHarvest Juices 250ml,Beverages,GoldenHarvest
SKU01486,82.0,68.0,24.5,0,0,CrispKing Frozen Vegetables Large,Frozen Foods,CrispKing
SKU01487,76.0,47.0,20.0,0,0,CleanWave Soft Drinks Small,Beverages,CleanWave
SKU01488,63.5,24.5,8.0,0,0,CleanWave Vitamins & Supplements 2kg,Health & Wellness,CleanWave
SKU01489,56.0,74.0,16.0,0,0,ZestyCo Namkeen Small,Snacks & Confectionery,ZestyCo
SKU01490,211.0,74.0,30.0,0,0,PrimeCare Cheese 500ml,Dairy & Bakery,PrimeCare
SKU01491,137.0,81.0,18.0,0,0,MetroBrand Mobile Accessories Family Pack,Electronics & Accessories,MetroBrand
SKU01492,126.0,70.25,20.25,0,0,PureLife Rice & Grains 100g,Grocery,PureLife
SKU01494,103.83333333333333,65.66666666666667,24.333333333333332,0,0,PremiumSelect First Aid 2L,Health & Wellness,PremiumSelect
SKU01495,238.53846153846155,53.73076923076923,18.192307692307693,0,0,SunriseFoods Coffee Large,Beverages,SunriseFoods
SKU01496,281.0,98.0,38.0,0,0,SparkleClean Eggs 100g,Dairy & Bakery,SparkleClean
SKU01500,102.0,48.0,21.0,0,0,CleanWave Storage & Containers Large,Home & Kitchen,CleanWave
SKU01501,82.0,41.5,16.5,0,0,SunriseFoods Biscuits & Cookies Small,Snacks & Confectionery,SunriseFoods
SKU01502,176.0,74.0,23.0,0,0,UrbanBite Sugar & Salt 1kg,Grocery,UrbanBite
SKU01503,61.0,96.0,45.0,0,0,SunriseFoods Sugar & Salt Medium,Grocery,SunriseFoods
SKU01504,22.0,51.0,20.0,0,0,PureLife First Aid Pack of 12,Health & Wellness,PureLife
SKU01505,237.0,80.0,39.0,0,0,SparkleClean Soft Drinks 100g,Beverages,SparkleClean
SKU01506,84.66666666666667,82.66666666666667,30.666666666666668,0,0,GoldenHarvest Candy 2L,Snacks & Confectionery,GoldenHarvest
SKU01508,83.5,47.5,13.0,0,0,MetroBrand Storage & Containers Medium,Home & Kitchen,MetroBrand
SKU01509,84.0,43.0,12.5,0,0,MetroBrand Storage & Containers Small,Home & Kitchen,MetroBrand
SKU01510,67.0,38.0,15.0,0,0,HealthFirst Cheese 1L,Dairy & Bakery,HealthFirst
SKU01514,127.25,64.25,22.75,0,0,FreshFarm Frozen Meat Pack of 6,Frozen Foods,FreshFarm
SKU01515,79.0,61.0,21.333333333333332,0,0,BasicNeeds Ice Cream Family Pack,Frozen Foods,BasicNeeds
SKU01516,96.5,61.75,16.25,0,0,ZestyCo Skin Care 250g,Personal Care,ZestyCo
SKU01518,115.0,71.4,20.6,0,0,QuickBite Mobile Accessories 2L,Electronics & Accessories,QuickBite
SKU01520,69.25,57.75,17.25,0,0,ValueChoice Batteries 1kg,Electronics & Accessories,ValueChoice
SKU01523,127.0,55.5,18.0,0,0,SmartBuy Butter & Ghee 2kg,Dairy & Bakery,SmartBuy
SKU01524,62.666666666666664,42.333333333333336,15.666666666666666,0,0,FamilyChoice Kids Wear Medium,Apparel & Footwear,FamilyChoice
SKU01525,40.0,27.0,12.0,0,0,FamilyChoice Batteries 250ml,Electronics & Accessories,FamilyChoice
SKU01526,149.5,69.0,19.0,0,0,MetroBrand Office Supplies 250g,Stationery & Office,MetroBrand
SKU01528,105.0,70.0,31.0,0,0,SunriseFoods Dishwashing 500ml,Home Care,SunriseFoods
SKU01530,91.0,53.0,12.0,0,0,HomeStyle Ice Cream Small,Frozen Foods,HomeStyle
SKU01532,28.0,24.0,7.0,0,0,SoftTouch Cooking Oil 500g,Grocery,SoftTouch
SKU01534,247.5,86.0,22.5,0,0,ZestyCo Footwear 2L,Apparel & Footwear,ZestyCo
SKU01535,154.0,81.0,35.0,0,0,NutriPlus Hair Care 250ml,Personal Care,NutriPlus
SKU01538,307.8965517241379,65.24137931034483,22.75862068965517,0,0,EliteHome Skin Care 250ml,Personal Care,EliteHome
SKU01540,100.5,54.0,13.5,0,0,EverydayPlus Tea Medium,Beverages,EverydayPlus
SKU01542,309.6,66.16666666666667,22.2,0,0,FamilyChoice Home Decor 1L,Home & Kitchen,FamilyChoice
SKU01544,32.0,21.0,7.5,0,0,NatureBlend Bath & Body Pack of 6,Personal Care,NatureBlend
SKU01545,136.33333333333334,67.0,24.0,0,0,FamilyChoice Soft Drinks Small,Beverages,FamilyChoice
SKU01549,79.25,57.75,18.5,0,0,NatureBlend Hair Care 100g,Personal Care,NatureBlend
SKU01550,98.5,47.75,12.75,0,0,HealthFirst Writing Instruments 100g,Stationery & Office,HealthFirst
SKU01551,137.5,70.5,24.5,0,0,PureLife Yogurt Pack of 12,Dairy & Bakery,PureLife
SKU01553,82.0,85.0,22.0,0,0,PremiumSelect Batteries 500ml,Electronics & Accessories,PremiumSelect
SKU01554,110.75,69.75,27.25,0,0,PremiumSelect Chips & Crisps Large,Snacks & Confectionery,PremiumSelect
SKU01557,46.0,69.0,24.0,0,0,NatureBlend Notebooks Small,Stationery & Office,NatureBlend
SKU01558,305.625,67.33333333333333,23.333333333333332,0,0,GoldenHarvest Cookware 500g,Home & Kitchen,GoldenHarvest
SKU01560,64.0,33.0,10.0,0,0,PurePlus Chocolates 1L,Snacks & Confectionery,PurePlus
SKU01561,94.5,82.5,34.0,0,0,NutriPlus Hair Care Pack of 6,Personal Care,NutriPlus
SKU01562,40.5,47.5,11.5,0,0,BasicNeeds Dishwashing Small,Home Care,BasicNeeds
SKU01564,15.0,59.5,13.5,0,0,EliteHome Batteries Pack of 12,Electronics & Accessories,EliteHome
SKU01565,37.0,52.0,14.0,0,0,QuickBite OTC Medicine Medium,Health & Wellness,QuickBite
SKU01567,275.41379310344826,63.6551724137931,21.82758620689655,0,0,EverydayPlus First Aid 500ml,Health & Wellness,EverydayPlus
SKU01568,275.0,64.03703703703704,20.40740740740741,0,0,ValueChoice Bath & Body Large,Personal Care,ValueChoice
SKU01569,41.0,39.0,18.0,0,0,NatureBlend Skin Care 100g,Personal Care,NatureBlend
SKU01570,131.66666666666666,67.33333333333333,30.666666666666668,0,0,GoldenHarvest Ice Cream 500g,Frozen Foods,GoldenHarvest
SKU01572,199.0,69.0,14.0,0,0,NutriPlus Mobile Accessories 500g,Electronics & Accessories,NutriPlus
SKU01573,93.33333333333333,80.66666666666667,26.333333333333332,0,0,EliteHome Vitamins & Supplements Pack of 12,Health & Wellness,EliteHome
SKU01577,35.0,88.0,24.0,0,0,PureLife Office Supplies 500ml,Stationery & Office,PureLife
SKU01580,302.3529411764706,66.47058823529412,25.235294117647058,0,0,PureLife Juices 2L,Beverages,PureLife
SKU01581,106.0,60.5,20.5,0,0,EliteHome Kids Wear Large,Apparel & Footwear,EliteHome
SKU01582,282.44444444444446,62.25925925925926,21.59259259259259,0,0,ZestyCo Cookware Family Pack,Home & Kitchen,ZestyCo
SKU01585,130.5,67.5,21.5,0,0,SunriseFoods Cookware 2kg,Home & Kitchen,SunriseFoods
SKU01586,93.5,37.0,13.0,0,0,SparkleClean Kids Wear Small,Apparel & Footwear,SparkleClean
SKU01587,133.0,66.5,21.0,0,0,GreenValley Frozen Meat 2L,Frozen Foods,GreenValley
SKU01589,154.0,85.66666666666667,30.0,0,0,CrispKing Cooking Oil 2kg,Grocery,CrispKing
SKU01591,37.5,39.5,13.0,0,0,NutriPlus Laundry 2kg,Home Care,NutriPlus
SKU01592,283.5833333333333,59.75,22.458333333333332,0,0,QuickBite Small Appliances 500ml,Electronics & Accessories,QuickBite
SKU01593,230.0,81.0,27.0,0,0,ValueChoice Surface Cleaners 500ml,Home Care,ValueChoice
SKU01597,49.0,34.0,10.0,0,0,SunriseFoods Notebooks Large,Stationery & Office,SunriseFoods
SKU01599,142.0,72.66666666666667,21.333333333333332,0,0,DailyBest Women's Wear 1kg,Apparel & Footwear,DailyBest
SKU01600,91.0,50.0,17.333333333333332,0,0,UrbanBite Batteries Pack of 6,Electronics & Accessories,UrbanBite
SKU01601,63.5,40.5,19.5,0,0,GreenValley Office Supplies 2L,Stationery & Office,GreenValley
SKU01602,123.25,76.0,20.75,0,0,SunriseFoods Storage & Containers 2L,Home & Kitchen,SunriseFoods
SKU01604,87.0,75.0,24.0,0,0,NutriPlus Skin Care Pack of 12,Personal Care,NutriPlus
SKU01605,263.1666666666667,62.03333333333333,22.433333333333334,0,0,EverydayPlus First Aid 500g,Health & Wellness,EverydayPlus
SKU01607,113.0,72.0,27.0,0,0,NovaFresh Oral Care 500ml,Personal Care,NovaFresh
SKU01608,104.0,56.5,19.75,0,0,SparkleClean First Aid 500ml,Health & Wellness,SparkleClean
SKU01609,170.66666666666666,89.66666666666667,31.333333333333332,0,0,CityFresh Frozen Meat 250ml,Frozen Foods,CityFresh
SKU01610,88.0,40.0,9.333333333333334,0,0,FreshFarm Ready Meals 500ml,Frozen Foods,FreshFarm
SKU01611,188.0,79.0,20.5,0,0,CrispKing Skin Care Pack of 6,Personal Care,CrispKing
SKU01612,52.0,36.0,13.0,0,0,ZestyCo Hair Care 1L,Personal Care,ZestyCo
SKU01614,107.0,40.0,15.0,0,0,CrispKing OTC Medicine 2L,Health & Wellness,CrispKing
SKU01616,51.0,27.0,11.0,0,0,HealthFirst Office Supplies 250g,Stationery & Office,HealthFirst
SKU01617,64.66666666666667,88.0,30.0,0,0,SparkleClean Ice Cream Medium,Frozen Foods,SparkleClean
SKU01618,233.0,82.0,23.0,0,0,NatureBlend Surface Cleaners 2kg,Home Care,NatureBlend
SKU01619,105.0,79.66666666666667,24.333333333333332,0,0,CleanWave Flour & Atta 2L,Grocery,CleanWave
SKU01621,118.66666666666667,75.66666666666667,23.666666666666668,0,0,SoftTouch Oral Care 250ml,Personal Care,SoftTouch
SKU01623,167.5,61.0,22.0,0,0,SoftTouch Men's Grooming 500g,Personal Care,SoftTouch
SKU01625,104.5,40.5,16.0,0,0,SunriseFoods Footwear 2kg,Apparel & Footwear,SunriseFoods
SKU01626,79.0,48.0,20.0,0,0,UrbanBite Energy Drinks 2L,Beverages,UrbanBite
SKU01627,5.0,23.0,5.0,0,0,TrueTaste Bread 2L,Dairy & Bakery,TrueTaste
SKU01628,89.5,71.0,24.0,0,0,PremiumSelect Bottled Water 500ml,Beverages,PremiumSelect
SKU01629,171.5,76.25,26.5,0,0,NatureBlend Milk 2L,Dairy & Bakery,NatureBlend
SKU01631,118.0,55.5,20.0,0,0,GreenValley Sugar & Salt 250g,Grocery,GreenValley
SKU01633,100.33333333333333,66.33333333333333,24.666666666666668,0,0,PremiumSelect Cooking Oil 250g,Grocery,PremiumSelect
SKU01634,156.5,64.5,17.0,0,0,EliteHome Office Supplies 500ml,Stationery & Office,EliteHome
SKU01635,75.5,56.0,21.5,0,0,ZestyCo Mobile Accessories 250ml,Electronics & Accessories,ZestyCo
SKU01636,77.0,87.0,23.0,0,0,MetroBrand Candy 500ml,Snacks & Confectionery,MetroBrand
SKU01638,139.5,55.5,14.0,0,0,PremiumSelect Soft Drinks Pack of 12,Beverages,PremiumSelect
SKU01639,142.33333333333334,61.666666666666664,18.333333333333332,0,0,MetroBrand Dishwashing 500ml,Home Care,MetroBrand
SKU01640,81.0,31.0,10.0,0,0,NovaFresh Kids Wear 100g,Apparel & Footwear,NovaFresh
SKU01641,41.0,22.0,8.0,0,0,PureLife OTC Medicine 100g,Health & Wellness,PureLife
SKU01642,54.333333333333336,61.666666666666664,25.0,0,0,HealthFirst Home Decor 2L,Home & Kitchen,HealthFirst
SKU01645,304.32,68.56,23.96,0,0,UrbanBite Air Fresheners Pack of 12,Home Care,UrbanBite
SKU01646,150.0,91.33333333333333,32.0,0,0,PremiumSelect Chips & Crisps Small,Snacks & Confectionery,PremiumSelect
SKU01647,140.0,56.0,25.0,0,0,EverydayPlus Notebooks Large,Stationery & Office,EverydayPlus
SKU01648,198.0,81.0,28.0,0,0,MetroBrand Namkeen Family Pack,Snacks & Confectionery,MetroBrand
SKU01649,309.2758620689655,67.62068965517241,23.137931034482758,0,0,NatureBlend Surface Cleaners Large,Home Care,NatureBlend
SKU01651,273.8888888888889,57.77777777777778,19.333333333333332,0,0,CrispKing Sugar & Salt 500ml,Grocery,CrispKing
SKU01653,83.5,40.0,16.5,0,0,ValueChoice Surface Cleaners Pack of 6,Home Care,ValueChoice
SKU01655,135.0,76.0,17.0,0,0,SparkleClean Bottled Water Pack of 12,Beverages,SparkleClean
SKU01656,61.0,50.0,15.0,0,0,UrbanBite Flour & Atta 2L,Grocery,UrbanBite
SKU01657,94.0,57.666666666666664,17.666666666666668,0,0,HealthFirst Cooking Oil 1L,Grocery,HealthFirst
SKU01659,78.6,46.8,13.8,0,0,BasicNeeds Soft Drinks Pack of 12,Beverages,BasicNeeds
SKU01660,114.0,81.5,25.0,0,0,EverydayPlus Office Supplies Large,Stationery & Office,EverydayPlus
SKU01665,93.0,70.0,27.5,0,0,UrbanBite Storage & Containers 2kg,Home & Kitchen,UrbanBite
SKU01666,121.0,60.5,23.5,0,0,NutriPlus Juices Pack of 12,Beverages,NutriPlus
SKU01667,200.0,85.66666666666667,23.666666666666668,0,0,EliteHome Candy Medium,Snacks & Confectionery,EliteHome
SKU01669,112.5,61.0,20.5,0,0,HealthFirst Coffee Pack of 12,Beverages,HealthFirst
SKU01670,110.0,97.0,27.0,0,0,UrbanBite Milk Pack of 12,Dairy & Bakery,UrbanBite
SKU01672,117.0,57.333333333333336,23.0,0,0,NatureBlend Kids Wear Pack of 12,Apparel & Footwear,NatureBlend
SKU01673,85.0,53.0,19.0,0,0,EliteHome Yogurt 500g,Dairy & Bakery,EliteHome
SKU01674,246.4814814814815,54.7037037037037,18.40740740740741,0,0,GreenValley Cookware 1L,Home & Kitchen,GreenValley
SKU01676,87.0,40.0,8.0,0,0,MetroBrand Storage & Containers Pack of 6,Home & Kitchen,MetroBrand
SKU01678,295.48148148148147,66.4074074074074,23.11111111111111,0,0,FreshFarm Notebooks 2kg,Stationery & Office,FreshFarm
SKU01679,93.0,55.333333333333336,21.666666666666668,0,0,NutriPlus First Aid 2kg,Health & Wellness,NutriPlus
SKU01683,249.0,85.0,34.0,0,0,QuickBite First Aid Pack of 6,Health & Wellness,QuickBite
SKU01684,232.12,51.12,18.48,0,0,HealthFirst Flour & Atta Family Pack,Grocery,HealthFirst
SKU01686,38.0,41.0,13.0,0,0,HealthFirst Coffee Medium,Beverages,HealthFirst
SKU01690,93.5,56.0,15.0,0,0,FreshFarm Ready Meals 250g,Frozen Foods,FreshFarm
SKU01691,120.0,58.0,18.5,0,0,MetroBrand Dishwashing 1kg,Home Care,MetroBrand
SKU01692,41.0,31.5,9.5,0,0,EverydayPlus Energy Drinks 2kg,Beverages,EverydayPlus
SKU01693,120.33333333333333,68.0,18.333333333333332,0,0,SparkleClean Women's Wear 100g,Apparel & Footwear,SparkleClean
SKU01694,209.0,81.0,18.0,0,0,NovaFresh Storage & Containers Medium,Home & Kitchen,NovaFresh
SKU01696,273.2,61.6,21.633333333333333,0,0,TrueTaste First Aid Pack of 6,Health & Wellness,TrueTaste
SKU01697,61.666666666666664,36.666666666666664,11.333333333333334,0,0,BasicNeeds Skin Care Pack of 6,Personal Care,BasicNeeds
SKU01698,41.5,60.0,14.5,0,0,ZestyCo Frozen Meat Family Pack,Frozen Foods,ZestyCo
SKU01700,92.0,63.0,29.0,0,0,ValueChoice Soft Drinks 250ml,Beverages,ValueChoice
SKU01701,66.0,65.5,28.5,0,0,SunriseFoods Cooking Oil 2kg,Grocery,SunriseFoods
SKU01704,232.5,93.0,33.0,0,0,BasicNeeds Soft Drinks Small,Beverages,BasicNeeds
SKU01705,89.0,94.0,23.0,0,0,SparkleClean Energy Drinks 2L,Beverages,SparkleClean
SKU01706,156.0,73.0,29.0,0,0,BasicNeeds Home Decor 1kg,Home & Kitchen,BasicNeeds
SKU01707,71.0,25.0,12.0,0,0,QuickBite Bath & Body 2L,Personal Care,QuickBite
SKU01708,125.33333333333333,57.333333333333336,23.666666666666668,0,0,FamilyChoice OTC Medicine Family Pack,Health & Wellness,FamilyChoice
SKU01710,56.0,22.0,10.0,0,0,PurePlus Small Appliances 2L,Electronics & Accessories,PurePlus
SKU01712,109.66666666666667,62.333333333333336,22.0,0,0,CityFresh Bread 100g,Dairy & Bakery,CityFresh
SKU01714,49.5,59.5,17.0,0,0,GoldenHarvest Oral Care 100g,Personal Care,GoldenHarvest
SKU01715,166.5,93.0,37.5,0,0,PremiumSelect Home Decor 500ml,Home & Kitchen,PremiumSelect
SKU01717,256.3,58.05,21.45,0,0,EliteHome Bottled Water 500ml,Beverages,EliteHome
SKU01718,33.5,72.0,22.5,0,0,GoldenHarvest Men's Wear Pack of 6,Apparel & Footwear,GoldenHarvest
SKU01719,287.0,97.0,33.0,0,0,DailyBest Spices & Seasoning Medium,Grocery,DailyBest
SKU01720,94.0,63.5,21.0,0,0,FreshFarm Men's Wear Small,Apparel & Footwear,FreshFarm
SKU01721,82.0,87.0,28.0,0,0,CrispKing Rice & Grains Pack of 6,Grocery,CrispKing
SKU01722,72.0,25.0,8.0,0,0,ValueChoice Chocolates Small,Snacks & Confectionery,ValueChoice
SKU01723,127.0,53.5,19.0,0,0,NovaFresh OTC Medicine 2kg,Health & Wellness,NovaFresh
SKU01724,91.0,34.0,10.0,0,0,GoldenHarvest Notebooks 500ml,Stationery & Office,GoldenHarvest
SKU01725,49.333333333333336,49.0,15.333333333333334,0,0,EliteHome Oral Care 250ml,Personal Care,EliteHome
SKU01726,75.5,34.0,13.0,0,0,SoftTouch Juices Small,Beverages,SoftTouch
SKU01727,132.0,64.0,19.0,0,0,QuickBite Chocolates 500ml,Snacks & Confectionery,QuickBite
SKU01729,121.5,56.75,21.75,0,0,NatureBlend Batteries 500g,Electronics & Accessories,NatureBlend
SKU01730,65.5,44.0,13.5,0,0,PremiumSelect Tea 500g,Beverages,PremiumSelect
SKU01731,102.0,50.0,24.0,0,0,CrispKing Hair Care Pack of 12,Personal Care,CrispKing
SKU01732,72.0,65.33333333333333,22.666666666666668,0,0,PureLife Cheese Small,Dairy & Bakery,PureLife
SKU01733,244.76470588235293,56.705882352941174,20.58823529411765,0,0,NutriPlus Namkeen Pack of 12,Snacks & Confectionery,NutriPlus
SKU01734,115.5,55.25,22.75,0,0,EliteHome Cookware 2kg,Home & Kitchen,EliteHome
SKU01735,165.5,64.5,23.5,0,0,HealthFirst Vitamins & Supplements 100g,Health & Wellness,HealthFirst
SKU01738,96.0,64.0,24.0,0,0,BasicNeeds Hair Care 500ml,Personal Care,BasicNeeds
SKU01739,158.0,99.0,49.0,0,0,FamilyChoice Rice & Grains Large,Grocery,FamilyChoice
SKU01740,73.0,54.5,22.5,0,0,PurePlus Pest Control Medium,Home Care,PurePlus
SKU01741,110.0,64.0,29.0,0,0,SunriseFoods Chips & Crisps Small,Snacks & Confectionery,SunriseFoods
SKU01742,64.0,43.5,16.0,0,0,GoldenHarvest Biscuits & Cookies 100g,Snacks & Confectionery,GoldenHarvest
SKU01743,221.0,84.0,23.0,0,0,HomeStyle Cookware 250g,Home & Kitchen,HomeStyle
SKU01746,123.0,61.666666666666664,15.666666666666666,0,0,PureLife Home Decor Pack of 12,Home & Kitchen,PureLife
SKU01747,131.0,72.0,26.0,0,0,MetroBrand Frozen Meat 2kg,Frozen Foods,MetroBrand
SKU01748,120.33333333333333,61.333333333333336,20.333333333333332,0,0,SoftTouch Cookware 250g,Home & Kitchen,SoftTouch
SKU01750,115.0,56.0,17.0,0,0,QuickBite Men's Grooming Small,Personal Care,QuickBite
SKU01753,96.0,40.0,11.0,0,0,GoldenHarvest Small Appliances 2L,Electronics & Accessories,GoldenHarvest
SKU01754,254.48275862068965,55.3448275862069,20.0,0,0,EverydayPlus Chocolates 250g,Snacks & Confectionery,EverydayPlus
SKU01755,187.0,98.0,37.0,0,0,MetroBrand Bread Family Pack,Dairy & Bakery,MetroBrand
SKU01756,145.33333333333334,68.0,26.5,0,0,EverydayPlus Chips & Crisps 500g,Snacks & Confectionery,EverydayPlus
SKU01757,75.33333333333333,72.66666666666667,23.0,0,0,BasicNeeds Milk 2kg,Dairy & Bakery,BasicNeeds
SKU01758,112.0,65.0,30.0,0,0,PurePlus Soft Drinks Family Pack,Beverages,PurePlus
SKU01760,58.5,59.5,23.0,0,0,PrimeCare Office Supplies 500g,Stationery & Office,PrimeCare
SKU01761,67.0,99.0,40.0,0,0,CrispKing Flour & Atta 1L,Grocery,CrispKing
SKU01762,256.6666666666667,58.083333333333336,22.208333333333332,0,0,QuickBite Home Decor 250g,Home & Kitchen,QuickBite
SKU01764,161.0,57.0,23.5,0,0,ValueChoice Footwear Family Pack,Apparel & Footwear,ValueChoice
SKU01766,260.07142857142856,65.14285714285714,23.678571428571427,0,0,DailyBest Ready Meals Large,Frozen Foods,DailyBest
SKU01767,109.0,60.0,12.0,0,0,PrimeCare Milk 2L,Dairy & Bakery,PrimeCare
SKU01768,78.5,37.5,12.0,0,0,PureLife Laundry Pack of 6,Home Care,PureLife
SKU01770,282.3333333333333,63.63333333333333,21.366666666666667,0,0,ZestyCo Ready Meals 2L,Frozen Foods,ZestyCo
SKU01771,45.5,45.0,13.5,0,0,PremiumSelect Hair Care 100g,Personal Care,PremiumSelect
SKU01772,133.0,68.0,27.5,0,0,NovaFresh Frozen Meat Large,Frozen Foods,NovaFresh
SKU01776,181.0,76.0,30.0,0,0,SunriseFoods Soft Drinks Pack of 6,Beverages,SunriseFoods
SKU01778,100.5,66.5,22.5,0,0,ZestyCo Juices Medium,Beverages,ZestyCo
SKU01779,216.0,73.0,18.0,0,0,CityFresh Namkeen 1kg,Snacks & Confectionery,CityFresh
SKU01781,247.5,52.666666666666664,18.5,0,0,CrispKing Soft Drinks 2L,Beverages,CrispKing
SKU01782,169.0,99.0,25.0,0,0,GoldenHarvest Air Fresheners 1L,Home Care,GoldenHarvest
SKU01783,71.5,57.5,26.0,0,0,DailyBest Cookware 100g,Home & Kitchen,DailyBest
SKU01785,87.0,90.0,20.0,0,0,UrbanBite Bottled Water 100g,Beverages,UrbanBite
SKU01788,82.5,44.0,19.0,0,0,NutriPlus Frozen Meat 1L,Frozen Foods,NutriPlus
SKU01790,287.55555555555554,68.22222222222223,25.166666666666668,0,0,HealthFirst Candy 250ml,Snacks & Confectionery,HealthFirst
SKU01791,49.0,65.5,19.0,0,0,FreshFarm Coffee 2kg,Beverages,FreshFarm
SKU01792,278.37931034482756,58.793103448275865,19.75862068965517,0,0,SoftTouch Butter & Ghee 500ml,Dairy & Bakery,SoftTouch
SKU01793,84.25,74.0,26.75,0,0,SoftTouch Storage & Containers 1kg,Home & Kitchen,SoftTouch
SKU01794,74.0,88.0,31.0,0,0,PurePlus Cooking Oil Medium,Grocery,PurePlus
SKU01796,73.0,47.0,12.0,0,0,ValueChoice Tea 500ml,Beverages,ValueChoice
SKU01797,97.0,46.0,13.0,0,0,SunriseFoods Bottled Water Small,Beverages,SunriseFoods
SKU01798,110.5,55.0,15.0,0,0,CityFresh Writing Instruments 100g,Stationery & Office,CityFresh
SKU01800,45.0,64.0,26.0,0,0,CityFresh Bread 2kg,Dairy & Bakery,CityFresh
SKU01801,56.0,41.5,15.0,0,0,PureLife Home Decor 250ml,Home & Kitchen,PureLife
SKU01802,87.0,58.0,16.333333333333332,0,0,CrispKing First Aid 1kg,Health & Wellness,CrispKing
SKU01803,254.55172413793105,60.6551724137931,21.862068965517242,0,0,PureLife Spices & Seasoning 1L,Grocery,PureLife
SKU01805,329.48148148148147,70.22222222222223,25.22222222222222,0,0,CleanWave Writing Instruments 500ml,Stationery & Office,CleanWave
SKU01807,86.0,37.0,10.0,0,0,PremiumSelect Frozen Vegetables 100g,Frozen Foods,PremiumSelect
SKU01808,99.75,58.25,23.5,0,0,UrbanBite Ready Meals 2kg,Frozen Foods,UrbanBite
SKU01811,65.0,49.0,20.0,0,0,SmartBuy Cookware 250g,Home & Kitchen,SmartBuy
SKU01814,30.5,36.5,13.5,0,0,ValueChoice Kids Wear 500g,Apparel & Footwear,ValueChoice
SKU01816,54.0,22.0,10.0,0,0,BasicNeeds Small Appliances Medium,Electronics & Accessories,BasicNeeds
SKU01817,145.33333333333334,71.66666666666667,19.333333333333332,0,0,NutriPlus Men's Grooming Small,Personal Care,NutriPlus
SKU01818,260.7037037037037,58.074074074074076,19.37037037037037,0,0,CleanWave Surface Cleaners 2L,Home Care,CleanWave
SKU01820,167.5,75.5,28.5,0,0,PureLife Coffee Small,Beverages,PureLife
SKU01821,87.0,61.0,23.0,0,0,PureLife Men's Wear Pack of 12,Apparel & Footwear,PureLife
SKU01822,302.9655172413793,65.20689655172414,24.344827586206897,0,0,CleanWave Office Supplies Medium,Stationery & Office,CleanWave
SKU01824,164.0,59.0,12.0,0,0,PurePlus Bath & Body Family Pack,Personal Care,PurePlus
SKU01825,62.333333333333336,47.0,16.0,0,0,PrimeCare Frozen Meat Small,Frozen Foods,PrimeCare
SKU01826,43.0,37.0,11.0,0,0,SoftTouch Spices & Seasoning 100g,Grocery,SoftTouch
SKU01827,272.07142857142856,60.857142857142854,20.785714285714285,0,0,ValueChoice Office Supplies 2kg,Stationery & Office,ValueChoice
SKU01828,289.05263157894734,65.36842105263158,22.68421052631579,0,0,NatureBlend Hair Care Small,Personal Care,NatureBlend
SKU01829,72.5,56.0,26.0,0,0,NatureBlend Flour & Atta 250g,Grocery,NatureBlend
SKU01830,273.0,57.52,20.88,0,0,SunriseFoods Women's Wear Pack of 12,Apparel & Footwear,SunriseFoods
SKU01832,156.5,62.0,22.5,0,0,GreenValley First Aid 1kg,Health & Wellness,GreenValley
SKU01833,73.66666666666667,39.333333333333336,13.333333333333334,0,0,SunriseFoods Sugar & Salt 2L,Grocery,SunriseFoods
SKU01834,281.53333333333336,62.43333333333333,21.433333333333334,0,0,PureLife Men's Wear Large,Apparel & Footwear,PureLife
SKU01835,81.33333333333333,55.0,16.666666666666668,0,0,PureLife OTC Medicine Large,Health & Wellness,PureLife
SKU01836,63.0,33.5,13.0,0,0,NatureBlend Footwear 500ml,Apparel & Footwear,NatureBlend
SKU01838,187.0,82.0,33.5,0,0,SmartBuy Namkeen Large,Snacks & Confectionery,SmartBuy
SKU01839,34.0,67.0,19.0,0,0,CityFresh Biscuits & Cookies Large,Snacks & Confectionery,CityFresh
SKU01840,172.0,81.5,25.0,0,0,EliteHome Notebooks Pack of 6,Stationery & Office,EliteHome
SKU01841,89.0,57.25,25.25,0,0,DailyBest Ice Cream Pack of 6,Frozen Foods,DailyBest
SKU01845,99.0,45.0,16.5,0,0,NatureBlend Kids Wear 500g,Apparel & Footwear,NatureBlend
SKU01847,92.0,45.0,15.0,0,0,PurePlus Frozen Meat 100g,Frozen Foods,PurePlus
SKU01848,59.0,98.0,37.0,0,0,PremiumSelect Writing Instruments 2L,Stationery & Office,PremiumSelect
SKU01849,67.0,72.0,24.666666666666668,0,0,CleanWave Butter & Ghee 250ml,Dairy & Bakery,CleanWave
SKU01850,41.0,64.0,13.0,0,0,BasicNeeds Yogurt 100g,Dairy & Bakery,BasicNeeds
SKU01851,251.8,56.4,19.95,0,0,MetroBrand Home Decor Large,Home & Kitchen,MetroBrand
SKU01853,27.0,40.0,17.0,0,0,DailyBest Men's Grooming Medium,Personal Care,DailyBest
SKU01854,280.5,62.666666666666664,22.8,0,0,GreenValley Surface Cleaners Small,Home Care,GreenValley
SKU01855,26.0,52.0,16.0,0,0,EliteHome Women's Wear Small,Apparel & Footwear,EliteHome
SKU01856,98.33333333333333,53.666666666666664,13.666666666666666,0,0,EliteHome Soft Drinks 500g,Beverages,EliteHome
SKU01857,248.52380952380952,57.19047619047619,20.904761904761905,0,0,ValueChoice Air Fresheners Large,Home Care,ValueChoice
SKU01859,140.33333333333334,71.0,33.666666666666664,0,0,MetroBrand Footwear 500ml,Apparel & Footwear,MetroBrand
SKU01861,104.25,60.5,25.75,0,0,UrbanBite Laundry 250ml,Home Care,UrbanBite
SKU01862,80.4,51.8,20.6,0,0,SunriseFoods Oral Care 2kg,Personal Care,SunriseFoods
SKU01863,236.52,54.12,20.04,0,0,NutriPlus Coffee 2kg,Beverages,NutriPlus
SKU01864,130.0,59.0,27.0,0,0,QuickBite Writing Instruments 2L,Stationery & Office,QuickBite
SKU01865,89.75,56.25,22.25,0,0,CityFresh First Aid Pack of 6,Health & Wellness,CityFresh
SKU01867,204.5,76.5,25.5,0,0,SoftTouch Bath & Body 1kg,Personal Care,SoftTouch
SKU01868,137.0,63.5,27.5,0,0,HealthFirst Small Appliances Family Pack,Electronics & Accessories,HealthFirst
SKU01870,152.0,94.0,26.0,0,0,PremiumSelect Dishwashing Medium,Home Care,PremiumSelect
SKU01871,40.0,95.0,19.0,0,0,SoftTouch Bread 2kg,Dairy & Bakery,SoftTouch
SKU01872,78.5,45.5,18.0,0,0,TrueTaste OTC Medicine 2kg,Health & Wellness,TrueTaste
SKU01874,244.66666666666666,53.111111111111114,19.37037037037037,0,0,SparkleClean OTC Medicine 1L,Health & Wellness,SparkleClean
SKU01875,92.5,42.0,18.25,0,0,SmartBuy Rice & Grains Small,Grocery,SmartBuy
SKU01876,47.5,41.5,19.0,0,0,NovaFresh Pest Control 1L,Home Care,NovaFresh
SKU01877,213.05882352941177,50.35294117647059,14.941176470588236,0,0,HomeStyle Vitamins & Supplements 2kg,Health & Wellness,HomeStyle
SKU01879,223.5,89.0,33.5,0,0,ValueChoice Frozen Meat 2L,Frozen Foods,ValueChoice
SKU01880,270.2307692307692,58.53846153846154,20.884615384615383,0,0,GreenValley Men's Grooming 250ml,Personal Care,GreenValley
SKU01881,147.5,61.0,16.5,0,0,SparkleClean Ready Meals 100g,Frozen Foods,SparkleClean
SKU01882,65.0,60.0,15.0,0,0,PurePlus Namkeen 2L,Snacks & Confectionery,PurePlus
SKU01883,152.5,73.0,28.5,0,0,CityFresh Energy Drinks Pack of 6,Beverages,CityFresh
SKU01886,48.0,33.0,11.0,0,0,BasicNeeds Cookware 500g,Home & Kitchen,BasicNeeds
SKU01891,140.5,55.5,18.5,0,0,EverydayPlus Bread 1L,Dairy & Bakery,EverydayPlus
SKU01893,86.33333333333333,55.0,19.0,0,0,MetroBrand Batteries 1kg,Electronics & Accessories,MetroBrand
SKU01895,153.0,76.0,28.0,0,0,SparkleClean Yogurt Small,Dairy & Bakery,SparkleClean
SKU01896,75.5,68.5,32.0,0,0,GreenValley Notebooks Family Pack,Stationery & Office,GreenValley
SKU01897,178.0,78.5,30.0,0,0,QuickBite Surface Cleaners 1L,Home Care,QuickBite
SKU01899,76.0,59.5,20.5,0,0,GreenValley Footwear 250ml,Apparel & Footwear,GreenValley
SKU01900,116.83333333333333,59.166666666666664,21.333333333333332,0,0,PremiumSelect First Aid 500g,Health & Wellness,PremiumSelect
SKU01901,115.5,65.0,23.5,0,0,GreenValley Candy 100g,Snacks & Confectionery,GreenValley
SKU01903,303.24,64.2,20.84,0,0,HealthFirst Bath & Body 100g,Personal Care,HealthFirst
SKU01904,82.5,42.5,17.0,0,0,UrbanBite Notebooks Medium,Stationery & Office,UrbanBite
SKU01906,262.27272727272725,56.40909090909091,19.727272727272727,0,0,GreenValley Skin Care Pack of 12,Personal Care,GreenValley
SKU01908,53.0,23.0,8.5,0,0,SmartBuy Small Appliances Small,Electronics & Accessories,SmartBuy
SKU01911,257.76666666666665,58.833333333333336,20.333333333333332,0,0,PrimeCare Storage & Containers 2L,Home & Kitchen,PrimeCare
SKU01912,46.0,67.5,23.5,0,0,SoftTouch Frozen Vegetables Pack of 6,Frozen Foods,SoftTouch
SKU01913,38.0,51.0,17.5,0,0,PurePlus Energy Drinks 500ml,Beverages,PurePlus
SKU01914,132.0,95.0,34.0,0,0,EverydayPlus Mobile Accessories 100g,Electronics & Accessories,EverydayPlus
SKU01915,285.6896551724138,62.3448275862069,21.93103448275862,0,0,GoldenHarvest Vitamins & Supplements Large,Health & Wellness,GoldenHarvest
SKU01916,162.0,80.0,30.5,0,0,GreenValley Frozen Meat 500g,Frozen Foods,GreenValley
SKU01917,88.0,62.666666666666664,14.0,0,0,FreshFarm Mobile Accessories Family Pack,Electronics & Accessories,FreshFarm
SKU01918,166.0,56.0,17.0,0,0,NovaFresh Cookware Large,Home & Kitchen,NovaFresh
SKU01919,271.22222222222223,62.74074074074074,22.962962962962962,0,0,SmartBuy Bread 100g,Dairy & Bakery,SmartBuy
SKU01921,52.666666666666664,36.333333333333336,13.666666666666666,0,0,SoftTouch Biscuits & Cookies Pack of 6,Snacks & Confectionery,SoftTouch
SKU01922,62.0,26.0,10.0,0,0,FamilyChoice OTC Medicine 1kg,Health & Wellness,FamilyChoice
SKU01923,154.75,94.0,30.0,0,0,EverydayPlus Bath & Body Medium,Personal Care,EverydayPlus
SKU01924,68.0,26.0,8.0,0,0,SmartBuy Hair Care 250g,Personal Care,SmartBuy
SKU01927,21.0,22.0,9.0,0,0,TrueTaste Pest Control Small,Home Care,TrueTaste
SKU01928,77.5,87.0,36.0,0,0,CrispKing Laundry 250g,Home Care,CrispKing
SKU01931,55.0,39.0,11.0,0,0,PrimeCare Women's Wear 250g,Apparel & Footwear,PrimeCare
SKU01932,98.0,36.0,11.0,0,0,EverydayPlus Energy Drinks 500g,Beverages,EverydayPlus
SKU01934,144.66666666666666,76.0,30.666666666666668,0,0,NovaFresh Batteries 100g,Electronics & Accessories,NovaFresh
SKU01935,19.0,40.0,15.0,0,0,TrueTaste Tea 2kg,Beverages,TrueTaste
SKU01936,101.0,79.0,16.0,0,0,HealthFirst OTC Medicine 2kg,Health & Wellness,HealthFirst
SKU01937,119.5,52.5,16.0,0,0,BasicNeeds Batteries Family Pack,Electronics & Accessories,BasicNeeds
SKU01938,80.0,55.5,20.5,0,0,CityFresh Vitamins & Supplements Family Pack,Health & Wellness,CityFresh
SKU01939,267.04347826086956,63.608695652173914,21.782608695652176,0,0,HealthFirst Milk Medium,Dairy & Bakery,HealthFirst
SKU01940,154.0,58.0,19.5,0,0,MetroBrand Pulses & Lentils 250ml,Grocery,MetroBrand
SKU01941,98.0,36.0,8.0,0,0,EverydayPlus Storage & Containers 1L,Home & Kitchen,EverydayPlus
SKU01944,151.66666666666666,63.666666666666664,25.0,0,0,SoftTouch Chocolates Small,Snacks & Confectionery,SoftTouch
SKU01946,146.0,62.0,27.0,0,0,DailyBest Footwear 2L,Apparel & Footwear,DailyBest
SKU01947,124.0,63.0,18.0,0,0,ZestyCo Notebooks Large,Stationery & Office,ZestyCo
SKU01948,74.0,49.5,20.0,0,0,GoldenHarvest Cookware Small,Home & Kitchen,GoldenHarvest
SKU01949,130.4,71.8,22.8,0,0,EverydayPlus Men's Wear Small,Apparel & Footwear,EverydayPlus
SKU01950,120.0,64.75,25.0,0,0,MetroBrand Candy Pack of 6,Snacks & Confectionery,MetroBrand
SKU01951,56.0,61.0,24.5,0,0,SparkleClean Storage & Containers 250ml,Home & Kitchen,SparkleClean
SKU01952,80.0,67.0,23.0,0,0,PrimeCare Small Appliances Pack of 6,Electronics & Accessories,PrimeCare
SKU01953,144.0,74.5,32.5,0,0,UrbanBite Namkeen 250ml,Snacks & Confectionery,UrbanBite
SKU01954,102.0,65.0,19.0,0,0,ValueChoice Tea Pack of 6,Beverages,ValueChoice
SKU01955,103.6,70.6,22.2,0,0,PurePlus Cookware 1kg,Home & Kitchen,PurePlus
SKU01956,148.0,64.0,28.0,0,0,PremiumSelect Butter & Ghee Small,Dairy & Bakery,PremiumSelect
SKU01958,67.0,65.0,32.0,0,0,CrispKing Tea Pack of 12,Beverages,CrispKing
SKU01960,127.0,85.0,29.0,0,0,NovaFresh Cheese Small,Dairy & Bakery,NovaFresh
SKU01962,100.75,71.75,27.5,0,0,PurePlus Small Appliances 500g,Electronics & Accessories,PurePlus
SKU01963,147.5,91.0,39.0,0,0,NatureBlend Home Decor 250ml,Home & Kitchen,NatureBlend
SKU01964,125.0,67.0,23.0,0,0,UrbanBite Storage & Containers Pack of 12,Home & Kitchen,UrbanBite
SKU01966,158.0,88.0,25.0,0,0,EliteHome Candy Small,Snacks & Confectionery,EliteHome
SKU01967,140.0,83.0,30.5,0,0,GoldenHarvest Writing Instruments 1L,Stationery & Office,GoldenHarvest
SKU01968,51.666666666666664,53.0,14.0,0,0,BasicNeeds Ice Cream 2kg,Frozen Foods,BasicNeeds
SKU01969,195.0,73.0,22.0,0,0,GreenValley Frozen Meat Large,Frozen Foods,GreenValley
SKU01970,271.2758620689655,61.13793103448276,20.586206896551722,0,0,FamilyChoice Batteries Large,Electronics & Accessories,FamilyChoice
SKU01971,262.44827586206895,62.172413793103445,20.103448275862068,0,0,TrueTaste Kids Wear Large,Apparel & Footwear,TrueTaste
SKU01972,183.0,66.0,26.0,0,0,QuickBite Office Supplies 2kg,Stationery & Office,QuickBite
SKU01975,51.0,26.0,12.0,0,0,FreshFarm Mobile Accessories Family Pack,Electronics & Accessories,FreshFarm
SKU01977,106.33333333333333,70.66666666666667,22.333333333333332,0,0,SmartBuy Yogurt 500g,Dairy & Bakery,SmartBuy
SKU01978,180.0,70.0,15.0,0,0,PrimeCare Vitamins & Supplements 1kg,Health & Wellness,PrimeCare
SKU01979,75.0,48.0,24.0,0,0,BasicNeeds Pulses & Lentils 2L,Grocery,BasicNeeds
SKU01981,302.9310344827586,63.51724137931034,20.96551724137931,0,0,NatureBlend Mobile Accessories 500ml,Electronics & Accessories,NatureBlend
SKU01982,118.0,61.5,16.0,0,0,FamilyChoice Office Supplies 250ml,Stationery & Office,FamilyChoice
SKU01983,192.0,78.0,22.0,0,0,ZestyCo Ready Meals Pack of 12,Frozen Foods,ZestyCo
SKU01984,81.5,59.0,23.0,0,0,SunriseFoods Men's Grooming Large,Personal Care,SunriseFoods
SKU01986,248.0,57.333333333333336,22.88888888888889,0,0,CrispKing Batteries 500ml,Electronics & Accessories,CrispKing
SKU01987,11.0,23.0,6.0,0,0,NovaFresh Ice Cream Medium,Frozen Foods,NovaFresh
SKU01989,105.25,45.75,16.0,0,0,EliteHome Frozen Vegetables 500g,Frozen Foods,EliteHome
SKU01990,44.0,35.0,15.0,0,0,UrbanBite Hair Care Small,Personal Care,UrbanBite
SKU01992,75.0,45.0,22.0,0,0,SmartBuy Home Decor Pack of 6,Home & Kitchen,SmartBuy
SKU01994,124.66666666666667,61.333333333333336,17.666666666666668,0,0,PurePlus Vitamins & Supplements Family Pack,Health & Wellness,PurePlus
SKU01995,108.0,40.5,9.5,0,0,PrimeCare Hair Care Family Pack,Personal Care,PrimeCare
SKU01997,121.5,47.0,21.5,0,0,NovaFresh Candy 1L,Snacks & Confectionery,NovaFresh
SKU01999,69.0,40.0,20.0,0,0,GreenValley Cookware 500ml,Home & Kitchen,GreenValley
SKU02000,108.33333333333333,71.33333333333333,27.0,0,0,BasicNeeds Cookware Family Pack,Home & Kitchen,BasicNeeds
SKU02001,146.5,62.0,13.5,0,0,GreenValley Bread 1kg,Dairy & Bakery,GreenValley
SKU02002,76.0,32.0,15.0,0,0,MetroBrand Butter & Ghee 1L,Dairy & Bakery,MetroBrand
SKU02004,82.0,42.0,14.0,0,0,NutriPlus Ready Meals 100g,Frozen Foods,NutriPlus
SKU02005,66.0,47.0,13.0,0,0,QuickBite Batteries Pack of 6,Electronics & Accessories,QuickBite
SKU02007,136.33333333333334,72.66666666666667,30.666666666666668,0,0,FamilyChoice Air Fresheners 2kg,Home Care,FamilyChoice
SKU02011,140.0,68.5,23.5,0,0,DailyBest Men's Wear 500ml,Apparel & Footwear,DailyBest
SKU02012,138.0,93.0,21.0,0,0,HomeStyle Namkeen 2L,Snacks & Confectionery,HomeStyle
SKU02013,61.5,62.5,27.5,0,0,HomeStyle Bath & Body 250g,Personal Care,HomeStyle
SKU02014,289.2758620689655,63.206896551724135,21.551724137931036,0,0,NovaFresh Home Decor 250ml,Home & Kitchen,NovaFresh
SKU02015,57.0,56.5,19.75,0,0,GreenValley Writing Instruments 2kg,Stationery & Office,GreenValley
SKU02017,263.0,98.0,37.0,0,0,QuickBite Bread 2kg,Dairy & Bakery,QuickBite
SKU02018,159.0,63.0,27.0,0,0,DailyBest Home Decor 100g,Home & Kitchen,DailyBest
SKU02019,17.0,22.0,7.0,0,0,NatureBlend Writing Instruments 1L,Stationery & Office,NatureBlend
SKU02020,81.5,42.0,18.0,0,0,DailyBest Office Supplies Medium,Stationery & Office,DailyBest
SKU02021,61.0,69.0,25.0,0,0,PureLife Sugar & Salt 2L,Grocery,PureLife
SKU02022,41.0,62.5,25.0,0,0,BasicNeeds Small Appliances 250ml,Electronics & Accessories,BasicNeeds
SKU02023,84.0,33.0,12.0,0,0,MetroBrand Office Supplies 1L,Stationery & Office,MetroBrand
SKU02024,147.0,99.0,26.0,0,0,SunriseFoods Women's Wear 500g,Apparel & Footwear,SunriseFoods
SKU02025,85.0,57.666666666666664,17.333333333333332,0,0,GreenValley Chips & Crisps 1kg,Snacks & Confectionery,GreenValley
SKU02026,26.0,35.0,8.0,0,0,GoldenHarvest Women's Wear 500ml,Apparel & Footwear,GoldenHarvest
SKU02027,26.0,67.0,17.0,0,0,PremiumSelect Coffee 2L,Beverages,PremiumSelect
SKU02028,105.5,57.0,15.5,0,0,CleanWave Air Fresheners 1L,Home Care,CleanWave
SKU02029,83.6,38.2,12.8,0,0,PurePlus First Aid Family Pack,Health & Wellness,PurePlus
SKU02032,290.0,98.0,35.0,0,0,PurePlus Candy 1L,Snacks & Confectionery,PurePlus
SKU02033,46.0,87.0,36.0,0,0,PurePlus Vitamins & Supplements 2L,Health & Wellness,PurePlus
SKU02035,106.0,46.0,13.0,0,0,PurePlus Vitamins & Supplements 250ml,Health & Wellness,PurePlus
SKU02037,47.666666666666664,44.333333333333336,16.333333333333332,0,0,GreenValley Butter & Ghee 250ml,Dairy & Bakery,GreenValley
SKU02038,244.07407407407408,58.25925925925926,18.666666666666668,0,0,NutriPlus Milk 500ml,Dairy & Bakery,NutriPlus
SKU02039,86.5,56.0,21.0,0,0,HomeStyle Dishwashing 1kg,Home Care,HomeStyle
SKU02042,84.0,54.0,20.666666666666668,0,0,SoftTouch Men's Grooming Small,Personal Care,SoftTouch
SKU02044,99.5,70.0,25.5,0,0,PurePlus Candy Pack of 6,Snacks & Confectionery,PurePlus
SKU02045,76.0,26.0,11.0,0,0,PurePlus OTC Medicine Medium,Health & Wellness,PurePlus
SKU02047,181.0,88.5,32.0,0,0,NovaFresh Cheese Pack of 6,Dairy & Bakery,NovaFresh
SKU02050,45.0,88.5,29.5,0,0,UrbanBite Chocolates 500ml,Snacks & Confectionery,UrbanBite
SKU02052,98.66666666666667,52.666666666666664,17.666666666666668,0,0,ValueChoice Pulses & Lentils 2L,Grocery,ValueChoice
SKU02053,69.0,31.0,11.5,0,0,TrueTaste Pulses & Lentils Small,Grocery,TrueTaste
SKU02054,63.0,40.0,13.0,0,0,HomeStyle Skin Care 100g,Personal Care,HomeStyle
SKU02055,243.875,56.041666666666664,19.916666666666668,0,0,ValueChoice Laundry 1kg,Home Care,ValueChoice
SKU02056,105.0,41.0,13.0,0,0,PremiumSelect Kids Wear 2kg,Apparel & Footwear,PremiumSelect
SKU02057,277.84615384615387,59.96153846153846,22.884615384615383,0,0,FreshFarm Energy Drinks 250ml,Beverages,FreshFarm
SKU02058,166.0,92.0,26.0,0,0,PremiumSelect Cookware Family Pack,Home & Kitchen,PremiumSelect
SKU02061,62.0,26.0,10.0,0,0,FamilyChoice Small Appliances Pack of 6,Electronics & Accessories,FamilyChoice
SKU02062,63.0,39.0,9.0,0,0,CityFresh Men's Wear 500ml,Apparel & Footwear,CityFresh
SKU02063,127.33333333333333,75.0,23.0,0,0,GoldenHarvest First Aid Family Pack,Health & Wellness,GoldenHarvest
SKU02064,253.7,56.93333333333333,19.933333333333334,0,0,CityFresh Soft Drinks 1kg,Beverages,CityFresh
SKU02065,81.5,62.25,20.25,0,0,NovaFresh Juices 100g,Beverages,NovaFresh
SKU02067,38.75,48.25,11.5,0,0,PurePlus Air Fresheners Pack of 6,Home Care,PurePlus
SKU02070,240.21052631578948,53.473684210526315,17.842105263157894,0,0,NutriPlus Biscuits & Cookies 500g,Snacks & Confectionery,NutriPlus
SKU02071,91.25,71.25,32.25,0,0,NutriPlus Writing Instruments 1kg,Stationery & Office,NutriPlus
SKU02072,236.0,94.0,31.0,0,0,DailyBest Tea 500g,Beverages,DailyBest
SKU02074,82.0,62.0,19.0,0,0,SoftTouch Dishwashing Pack of 12,Home Care,SoftTouch
SKU02075,253.16666666666666,57.77777777777778,20.333333333333332,0,0,SunriseFoods Oral Care Pack of 12,Personal Care,SunriseFoods
SKU02076,30.0,51.0,19.0,0,0,GoldenHarvest First Aid Pack of 6,Health & Wellness,GoldenHarvest
SKU02078,228.0,98.0,29.0,0,0,NatureBlend Office Supplies 250g,Stationery & Office,NatureBlend
SKU02080,54.333333333333336,38.0,9.0,0,0,PrimeCare Writing Instruments 250g,Stationery & Office,PrimeCare
SKU02082,36.5,48.5,17.0,0,0,TrueTaste Spices & Seasoning Pack of 6,Grocery,TrueTaste
SKU02084,119.5,63.0,17.0,0,0,SoftTouch Bottled Water 2L,Beverages,SoftTouch
SKU02085,106.75,43.75,13.5,0,0,PureLife First Aid 250ml,Health & Wellness,PureLife
SKU02087,79.5,85.0,33.5,0,0,MetroBrand Candy Medium,Snacks & Confectionery,MetroBrand
SKU02089,81.5,46.5,15.0,0,0,EverydayPlus Dishwashing Large,Home Care,EverydayPlus
SKU02090,142.4,72.2,22.6,0,0,NovaFresh Home Decor Pack of 12,Home & Kitchen,NovaFresh
SKU02091,139.25,72.0,24.75,0,0,CrispKing Chocolates 250g,Snacks & Confectionery,CrispKing
SKU02092,190.0,86.5,27.5,0,0,PurePlus First Aid Family Pack,Health & Wellness,PurePlus
SKU02093,133.5,54.0,14.0,0,0,MetroBrand Dishwashing 500g,Home Care,MetroBrand
SKU02094,238.05263157894737,55.1578947368421,18.94736842105263,0,0,CleanWave Juices Pack of 6,Beverages,CleanWave
SKU02095,235.0,87.0,29.0,0,0,GreenValley Small Appliances 250g,Electronics & Accessories,GreenValley
SKU02097,28.5,36.5,15.0,0,0,HomeStyle Frozen Vegetables Pack of 6,Frozen Foods,HomeStyle
SKU02099,97.0,59.5,21.5,0,0,CityFresh Bottled Water Pack of 12,Beverages,CityFresh
SKU02100,117.25,49.75,16.0,0,0,PurePlus Air Fresheners 250ml,Home Care,PurePlus
SKU02101,70.0,84.0,31.0,0,0,GoldenHarvest Frozen Meat Medium,Frozen Foods,GoldenHarvest
SKU02103,255.76923076923077,58.15384615384615,21.846153846153847,0,0,MetroBrand Namkeen Medium,Snacks & Confectionery,MetroBrand
SKU02104,271.55555555555554,63.96296296296296,22.037037037037038,0,0,GoldenHarvest Ready Meals 2kg,Frozen Foods,GoldenHarvest
SKU02108,115.0,52.0,20.0,0,0,ValueChoice First Aid 500ml,Health & Wellness,ValueChoice
SKU02110,74.25,39.25,15.25,0,0,GreenValley Notebooks Medium,Stationery & Office,GreenValley
SKU02111,35.0,62.0,16.0,0,0,GreenValley Pulses & Lentils 1kg,Grocery,GreenValley
SKU02112,282.6333333333333,59.63333333333333,19.3,0,0,FreshFarm Notebooks 1L,Stationery & Office,FreshFarm
SKU02113,175.0,98.0,45.0,0,0,ZestyCo Spices & Seasoning 2kg,Grocery,ZestyCo
SKU02114,231.07692307692307,58.0,20.115384615384617,0,0,QuickBite Ready Meals 1L,Frozen Foods,QuickBite
SKU02115,178.25,68.25,23.75,0,0,ZestyCo Tea 250ml,Beverages,ZestyCo
SKU02116,88.33333333333333,57.333333333333336,18.333333333333332,0,0,SparkleClean Tea 100g,Beverages,SparkleClean
SKU02117,81.0,100.0,46.0,0,0,FreshFarm Small Appliances Large,Electronics & Accessories,FreshFarm
SKU02119,43.0,42.0,16.0,0,0,FreshFarm Bottled Water 500ml,Beverages,FreshFarm
SKU02123,132.5,79.5,35.0,0,0,FreshFarm Bread Pack of 6,Dairy & Bakery,FreshFarm
SKU02124,126.0,57.0,12.0,0,0,NatureBlend Pest Control 1kg,Home Care,NatureBlend
SKU02125,109.0,48.0,17.0,0,0,QuickBite Chips & Crisps Small,Snacks & Confectionery,QuickBite
SKU02126,69.0,52.0,22.0,0,0,HomeStyle Dishwashing 250ml,Home Care,HomeStyle
SKU02128,219.38095238095238,50.285714285714285,16.142857142857142,0,0,HomeStyle Spices & Seasoning 2L,Grocery,HomeStyle
SKU02129,284.6,64.3,21.833333333333332,0,0,UrbanBite Oral Care 500g,Personal Care,UrbanBite
SKU02130,53.333333333333336,75.0,24.666666666666668,0,0,EverydayPlus Batteries 100g,Electronics & Accessories,EverydayPlus
SKU02131,173.0,84.0,31.0,0,0,PureLife Kids Wear 250g,Apparel & Footwear,PureLife
SKU02132,48.666666666666664,62.333333333333336,23.0,0,0,HomeStyle Hair Care 2kg,Personal Care,HomeStyle
SKU02133,56.0,41.0,13.0,0,0,TrueTaste Eggs 1L,Dairy & Bakery,TrueTaste
SKU02134,116.0,60.0,17.0,0,0,UrbanBite Men's Wear Family Pack,Apparel & Footwear,UrbanBite
SKU02135,144.0,79.0,17.0,0,0,HealthFirst Mobile Accessories 1kg,Electronics & Accessories,HealthFirst
SKU02136,53.333333333333336,61.666666666666664,16.333333333333332,0,0,DailyBest Footwear 100g,Apparel & Footwear,DailyBest
SKU02137,179.0,69.0,34.0,0,0,EverydayPlus Storage & Containers 500g,Home & Kitchen,EverydayPlus
SKU02138,87.5,65.5,25.5,0,0,QuickBite Men's Wear 2kg,Apparel & Footwear,QuickBite
SKU02139,207.0,89.0,27.0,0,0,GoldenHarvest Writing Instruments 1kg,Stationery & Office,GoldenHarvest
SKU02140,94.0,58.0,19.0,0,0,NutriPlus Skin Care 2kg,Personal Care,NutriPlus
SKU02142,247.72727272727272,58.09090909090909,21.0,0,0,QuickBite Eggs 250ml,Dairy & Bakery,QuickBite
SKU02143,63.666666666666664,60.666666666666664,25.333333333333332,0,0,SoftTouch Biscuits & Cookies Pack of 6,Snacks & Confectionery,SoftTouch
SKU02144,83.0,36.0,13.0,0,0,HealthFirst Batteries Pack of 12,Electronics & Accessories,HealthFirst
SKU02148,100.33333333333333,56.333333333333336,21.0,0,0,SmartBuy Dishwashing 500ml,Home Care,SmartBuy
SKU02150,23.0,26.0,8.0,0,0,SparkleClean Home Decor Pack of 6,Home & Kitchen,SparkleClean
SKU02152,88.0,88.0,32.0,0,0,BasicNeeds Juices 2kg,Beverages,BasicNeeds
SKU02153,175.5,79.5,23.5,0,0,FreshFarm Ready Meals Pack of 6,Frozen Foods,FreshFarm
SKU02156,81.66666666666667,58.666666666666664,16.5,0,0,CleanWave Juices Family Pack,Beverages,CleanWave
SKU02157,78.0,47.0,21.0,0,0,NatureBlend Bread 500ml,Dairy & Bakery,NatureBlend
SKU02159,86.0,42.0,14.0,0,0,PremiumSelect Eggs 1kg,Dairy & Bakery,PremiumSelect
SKU02160,137.0,47.0,14.0,0,0,PrimeCare Frozen Meat 250ml,Frozen Foods,PrimeCare
SKU02161,206.0,69.0,17.0,0,0,CrispKing Yogurt 2kg,Dairy & Bakery,CrispKing
SKU02162,46.0,56.0,22.0,0,0,DailyBest Rice & Grains 1kg,Grocery,DailyBest
SKU02163,282.0,96.0,38.0,0,0,ValueChoice Ice Cream 500g,Frozen Foods,ValueChoice
SKU02164,260.8,60.3,21.066666666666666,0,0,EverydayPlus Rice & Grains 500g,Grocery,EverydayPlus
SKU02166,53.333333333333336,58.0,14.666666666666666,0,0,PurePlus Cooking Oil 1L,Grocery,PurePlus
SKU02167,101.0,49.0,15.5,0,0,FreshFarm Coffee 100g,Beverages,FreshFarm
SKU02168,183.0,80.0,17.0,0,0,NovaFresh Pest Control 2L,Home Care,NovaFresh
SKU02169,105.66666666666667,51.833333333333336,19.666666666666668,0,0,ZestyCo Storage & Containers Medium,Home & Kitchen,ZestyCo
SKU02171,119.0,66.33333333333333,23.0,0,0,UrbanBite Juices 2kg,Beverages,UrbanBite
SKU02172,259.1578947368421,55.10526315789474,17.57894736842105,0,0,PureLife Pulses & Lentils 2kg,Grocery,PureLife
SKU02173,216.0,94.0,35.0,0,0,NovaFresh Men's Grooming 250ml,Personal Care,NovaFresh
SKU02177,163.0,70.0,25.0,0,0,HomeStyle Hair Care 250ml,Personal Care,HomeStyle
SKU02178,64.0,54.0,14.0,0,0,EliteHome Namkeen Large,Snacks & Confectionery,EliteHome
SKU02179,121.75,74.5,24.5,0,0,FreshFarm Cooking Oil Medium,Grocery,FreshFarm
SKU02180,58.0,55.75,19.25,0,0,FamilyChoice Juices 250g,Beverages,FamilyChoice
SKU02182,80.0,56.0,21.0,0,0,QuickBite Storage & Containers Pack of 6,Home & Kitchen,QuickBite
SKU02183,67.0,52.0,19.5,0,0,QuickBite Butter & Ghee 500ml,Dairy & Bakery,QuickBite
SKU02184,77.0,54.666666666666664,22.0,0,0,NutriPlus Men's Wear 500ml,Apparel & Footwear,NutriPlus
SKU02185,102.0,73.0,21.0,0,0,TrueTaste Frozen Meat 1L,Frozen Foods,TrueTaste
SKU02186,92.0,54.0,18.0,0,0,EverydayPlus Frozen Vegetables Pack of 12,Frozen Foods,EverydayPlus
SKU02187,126.0,80.0,34.0,0,0,CityFresh Pest Control 2kg,Home Care,CityFresh
SKU02188,67.0,46.0,16.0,0,0,CleanWave Women's Wear 2L,Apparel & Footwear,CleanWave
SKU02189,68.5,59.5,19.5,0,0,NovaFresh Rice & Grains 1kg,Grocery,NovaFresh
SKU02190,156.0,84.0,26.0,0,0,PureLife Tea Large,Beverages,PureLife
SKU02191,137.0,62.0,20.0,0,0,QuickBite Pest Control 250g,Home Care,QuickBite
SKU02192,101.25,50.5,22.0,0,0,CityFresh Hair Care 250g,Personal Care,CityFresh
SKU02193,125.0,57.0,22.0,0,0,SoftTouch Ready Meals 100g,Frozen Foods,SoftTouch
SKU02194,230.53846153846155,52.88461538461539,18.576923076923077,0,0,PrimeCare Batteries 250ml,Electronics & Accessories,PrimeCare
SKU02196,100.0,56.0,20.0,0,0,SoftTouch Cheese Family Pack,Dairy & Bakery,SoftTouch
SKU02197,67.25,52.5,19.5,0,0,HealthFirst Milk 500ml,Dairy & Bakery,HealthFirst
SKU02199,96.0,61.0,25.333333333333332,0,0,HealthFirst Candy 250ml,Snacks & Confectionery,HealthFirst
SKU02200,114.0,72.0,15.0,0,0,PrimeCare Ready Meals 250g,Frozen Foods,PrimeCare
SKU02201,121.33333333333333,57.0,17.666666666666668,0,0,CrispKing Ready Meals 1L,Frozen Foods,CrispKing
SKU02202,16.0,38.0,8.0,0,0,CityFresh Footwear Pack of 12,Apparel & Footwear,CityFresh
SKU02204,54.75,39.0,15.0,0,0,SparkleClean Dishwashing Small,Home Care,SparkleClean
SKU02205,238.06666666666666,56.666666666666664,17.633333333333333,0,0,EliteHome Yogurt 1kg,Dairy & Bakery,EliteHome
SKU02206,45.5,54.5,17.0,0,0,CleanWave Oral Care Pack of 12,Personal Care,CleanWave
SKU02208,179.0,76.5,21.5,0,0,SoftTouch Biscuits & Cookies Small,Snacks & Confectionery,SoftTouch
SKU02209,276.39285714285717,59.464285714285715,20.357142857142858,0,0,CityFresh OTC Medicine Pack of 12,Health & Wellness,CityFresh
SKU02210,127.5,62.5,22.0,0,0,PrimeCare Chips & Crisps Pack of 12,Snacks & Confectionery,PrimeCare
SKU02211,275.35714285714283,61.464285714285715,18.785714285714285,0,0,NovaFresh Vitamins & Supplements 500g,Health & Wellness,NovaFresh
SKU02216,75.0,79.0,23.5,0,0,BasicNeeds Bottled Water Small,Beverages,BasicNeeds
SKU02217,247.16666666666666,57.53333333333333,20.1,0,0,NutriPlus Bath & Body 2kg,Personal Care,NutriPlus
SKU02219,21.333333333333332,38.333333333333336,15.666666666666666,0,0,PureLife Soft Drinks 500ml,Beverages,PureLife
SKU02221,276.6923076923077,57.57692307692308,21.26923076923077,0,0,DailyBest Spices & Seasoning Small,Grocery,DailyBest
SKU02223,261.3125,62.125,21.4375,0,0,NovaFresh Flour & Atta 500ml,Grocery,NovaFresh
SKU02224,259.94117647058823,54.1764705882353,19.41176470588235,0,0,SparkleClean Hair Care Small,Personal Care,SparkleClean
SKU02226,17.0,25.0,6.0,0,0,GoldenHarvest Office Supplies 1kg,Stationery & Office,GoldenHarvest
SKU02227,61.75,65.25,25.5,0,0,SparkleClean Storage & Containers 500g,Home & Kitchen,SparkleClean
SKU02228,103.33333333333333,78.33333333333333,24.666666666666668,0,0,NutriPlus Tea 100g,Beverages,NutriPlus
SKU02230,42.333333333333336,57.0,17.666666666666668,0,0,NutriPlus First Aid Medium,Health & Wellness,NutriPlus
SKU02234,129.5,74.5,20.5,0,0,UrbanBite Bath & Body 2kg,Personal Care,UrbanBite
SKU02235,57.0,52.0,23.0,0,0,FamilyChoice Namkeen 500g,Snacks & Confectionery,FamilyChoice
SKU02236,44.0,26.0,7.0,0,0,HomeStyle Cookware 100g,Home & Kitchen,HomeStyle
SKU02237,28.0,26.0,6.0,0,0,ValueChoice Office Supplies Pack of 12,Stationery & Office,ValueChoice
SKU02239,125.0,58.5,16.5,0,0,HealthFirst Notebooks 250g,Stationery & Office,HealthFirst
SKU02240,48.333333333333336,40.0,14.666666666666666,0,0,PurePlus Home Decor Small,Home & Kitchen,PurePlus
SKU02241,112.0,43.0,17.0,0,0,GreenValley Pest Control 2L,Home Care,GreenValley
SKU02246,119.0,42.5,20.0,0,0,UrbanBite Vitamins & Supplements 250ml,Health & Wellness,UrbanBite
SKU02248,283.82142857142856,61.285714285714285,20.642857142857142,0,0,EverydayPlus Milk 500g,Dairy & Bakery,EverydayPlus
SKU02249,59.0,27.0,10.0,0,0,NatureBlend Milk 1kg,Dairy & Bakery,NatureBlend
SKU02252,46.5,47.0,19.0,0,0,MetroBrand Ready Meals 2kg,Frozen Foods,MetroBrand
SKU02253,301.8666666666667,64.86666666666666,21.5,0,0,PrimeCare Mobile Accessories 1kg,Electronics & Accessories,PrimeCare
SKU02254,104.0,72.0,30.0,0,0,SunriseFoods Frozen Vegetables 2L,Frozen Foods,SunriseFoods
SKU02255,264.72222222222223,57.166666666666664,19.88888888888889,0,0,ZestyCo Oral Care 1L,Personal Care,ZestyCo
SKU02257,103.33333333333333,56.666666666666664,15.333333333333334,0,0,SunriseFoods Men's Grooming Pack of 12,Personal Care,SunriseFoods
SKU02258,60.0,68.0,21.0,0,0,HomeStyle Small Appliances 250ml,Electronics & Accessories,HomeStyle
SKU02259,148.0,97.0,43.0,0,0,FreshFarm Surface Cleaners 250ml,Home Care,FreshFarm
SKU02261,84.0,32.5,13.0,0,0,PremiumSelect Frozen Vegetables 500g,Frozen Foods,PremiumSelect
SKU02262,127.5,72.0,28.5,0,0,PureLife Rice & Grains 500ml,Grocery,PureLife
SKU02263,56.0,20.0,5.0,0,0,SoftTouch Writing Instruments 2L,Stationery & Office,SoftTouch
SKU02265,47.666666666666664,54.333333333333336,20.666666666666668,0,0,DailyBest Hair Care 2L,Personal Care,DailyBest
SKU02267,278.7586206896552,63.06896551724138,22.310344827586206,0,0,SmartBuy OTC Medicine Pack of 6,Health & Wellness,SmartBuy
SKU02269,112.75,73.5,23.0,0,0,UrbanBite Yogurt 500g,Dairy & Bakery,UrbanBite
SKU02270,74.25,58.25,23.25,0,0,PremiumSelect Air Fresheners 250ml,Home Care,PremiumSelect
SKU02272,71.0,27.0,10.0,0,0,NovaFresh Footwear Pack of 12,Apparel & Footwear,NovaFresh
SKU02273,99.0,46.25,13.75,0,0,SunriseFoods Juices 1L,Beverages,SunriseFoods
SKU02274,109.0,90.0,39.0,0,0,TrueTaste Footwear 250g,Apparel & Footwear,TrueTaste
SKU02275,121.0,45.0,14.0,0,0,CleanWave Men's Grooming 250ml,Personal Care,CleanWave
SKU02276,20.0,27.0,8.0,0,0,SoftTouch Ready Meals Small,Frozen Foods,SoftTouch
SKU02278,96.0,63.0,26.0,0,0,EliteHome Bath & Body Pack of 12,Personal Care,EliteHome
SKU02279,294.1923076923077,69.0,24.73076923076923,0,0,SmartBuy Footwear 250ml,Apparel & Footwear,SmartBuy
SKU02280,130.0,63.0,31.0,0,0,GoldenHarvest Yogurt 100g,Dairy & Bakery,GoldenHarvest
SKU02282,61.5,40.5,19.5,0,0,UrbanBite Ready Meals 100g,Frozen Foods,UrbanBite
SKU02283,125.8,67.0,21.2,0,0,QuickBite Bottled Water 250ml,Beverages,QuickBite
SKU02284,142.33333333333334,67.0,20.666666666666668,0,0,ValueChoice Eggs 500g,Dairy & Bakery,ValueChoice
SKU02286,39.0,23.0,5.0,0,0,PureLife Ready Meals 100g,Frozen Foods,PureLife
SKU02287,84.5,56.75,15.75,0,0,SoftTouch OTC Medicine 250g,Health & Wellness,SoftTouch
SKU02288,92.33333333333333,47.0,16.666666666666668,0,0,HomeStyle Small Appliances 1L,Electronics & Accessories,HomeStyle
SKU02290,256.75,56.8125,16.6875,0,0,EverydayPlus Cooking Oil 100g,Grocery,EverydayPlus
SKU02292,76.0,44.5,12.0,0,0,EverydayPlus Flour & Atta Medium,Grocery,EverydayPlus
SKU02293,140.5,73.5,33.0,0,0,SmartBuy Flour & Atta 2kg,Grocery,SmartBuy
SKU02295,103.0,73.25,23.25,0,0,FreshFarm OTC Medicine Medium,Health & Wellness,FreshFarm
SKU02296,99.66666666666667,49.333333333333336,18.666666666666668,0,0,ValueChoice Home Decor Pack of 12,Home & Kitchen,ValueChoice
SKU02298,109.5,66.5,25.25,0,0,UrbanBite First Aid Small,Health & Wellness,UrbanBite
SKU02299,41.0,36.75,15.25,0,0,ValueChoice Kids Wear Pack of 12,Apparel & Footwear,ValueChoice
SKU02300,73.5,40.5,10.5,0,0,MetroBrand Candy 1L,Snacks & Confectionery,MetroBrand
SKU02302,308.0,64.64285714285714,24.678571428571427,0,0,GreenValley Home Decor Large,Home & Kitchen,GreenValley
SKU02303,66.0,32.5,11.0,0,0,PremiumSelect Energy Drinks Large,Beverages,PremiumSelect
SKU02304,199.0,86.5,35.5,0,0,SunriseFoods Pest Control Family Pack,Home Care,SunriseFoods
SKU02305,87.33333333333333,44.666666666666664,15.333333333333334,0,0,UrbanBite Kids Wear Pack of 12,Apparel & Footwear,UrbanBite
SKU02307,90.0,70.33333333333333,29.333333333333332,0,0,CrispKing Storage & Containers 250g,Home & Kitchen,CrispKing
SKU02308,217.5,95.0,44.5,0,0,EverydayPlus Office Supplies 250g,Stationery & Office,EverydayPlus
SKU02311,135.0,75.2,24.0,0,0,EverydayPlus Oral Care 250g,Personal Care,EverydayPlus
SKU02313,103.0,76.0,26.0,0,0,NatureBlend Dishwashing 100g,Home Care,NatureBlend
SKU02314,32.0,79.0,28.0,0,0,SunriseFoods OTC Medicine 1L,Health & Wellness,SunriseFoods
SKU02315,145.5,69.0,19.5,0,0,NatureBlend Surface Cleaners 2L,Home Care,NatureBlend
SKU02316,96.0,67.0,18.0,0,0,BasicNeeds Chocolates 250ml,Snacks & Confectionery,BasicNeeds
SKU02317,88.66666666666667,51.0,16.666666666666668,0,0,BasicNeeds Bread Small,Dairy & Bakery,BasicNeeds
SKU02318,54.5,64.0,24.5,0,0,CrispKing Batteries 1L,Electronics & Accessories,CrispKing
SKU02319,123.5,70.5,19.5,0,0,EverydayPlus Sugar & Salt Family Pack,Grocery,EverydayPlus
SKU02320,165.0,65.0,22.0,0,0,CleanWave Chips & Crisps Small,Snacks & Confectionery,CleanWave
SKU02321,205.0,71.0,35.0,0,0,DailyBest Home Decor 250g,Home & Kitchen,DailyBest
SKU02323,136.5,56.0,23.5,0,0,NutriPlus Hair Care Small,Personal Care,NutriPlus
SKU02325,213.0,90.0,39.0,0,0,BasicNeeds Bottled Water Small,Beverages,BasicNeeds
SKU02327,83.5,62.5,24.0,0,0,DailyBest Ready Meals 100g,Frozen Foods,DailyBest
SKU02329,283.125,63.375,21.041666666666668,0,0,SunriseFoods Spices & Seasoning Small,Grocery,SunriseFoods
SKU02330,99.0,63.75,27.75,0,0,ValueChoice Bottled Water Pack of 6,Beverages,ValueChoice
SKU02331,289.0,66.78947368421052,23.736842105263158,0,0,NatureBlend First Aid 500ml,Health & Wellness,NatureBlend
SKU02334,98.33333333333333,53.666666666666664,17.333333333333332,0,0,HomeStyle Cheese Pack of 6,Dairy & Bakery,HomeStyle
SKU02339,71.0,41.0,20.0,0,0,UrbanBite Frozen Vegetables Medium,Frozen Foods,UrbanBite
SKU02341,145.0,53.5,25.5,0,0,MetroBrand Skin Care Pack of 12,Personal Care,MetroBrand
SKU02342,68.5,64.5,21.0,0,0,DailyBest Eggs 500ml,Dairy & Bakery,DailyBest
SKU02344,35.5,40.0,12.0,0,0,NatureBlend Vitamins & Supplements Pack of 12,Health & Wellness,NatureBlend
SKU02345,156.0,84.5,39.0,0,0,NutriPlus Pest Control Small,Home Care,NutriPlus
SKU02346,203.0,91.0,36.0,0,0,NatureBlend Candy Medium,Snacks & Confectionery,NatureBlend
SKU02347,15.0,42.0,10.0,0,0,CleanWave Footwear 100g,Apparel & Footwear,CleanWave
SKU02350,152.0,62.5,16.5,0,0,SoftTouch Notebooks 2L,Stationery & Office,SoftTouch
SKU02351,256.32142857142856,56.392857142857146,19.071428571428573,0,0,HomeStyle Small Appliances 1L,Electronics & Accessories,HomeStyle
SKU02352,109.0,57.0,14.0,0,0,BasicNeeds Soft Drinks Pack of 12,Beverages,BasicNeeds
SKU02353,119.5,72.5,17.0,0,0,HomeStyle Kids Wear 500ml,Apparel & Footwear,HomeStyle
SKU02354,174.0,71.0,23.0,0,0,CrispKing Tea 500ml,Beverages,CrispKing
SKU02356,172.5,81.0,32.0,0,0,PrimeCare Bottled Water Small,Beverages,PrimeCare
SKU02358,181.5,85.5,29.5,0,0,CleanWave OTC Medicine Medium,Health & Wellness,CleanWave
SKU02359,266.0,100.0,21.0,0,0,FreshFarm Bath & Body 2kg,Personal Care,FreshFarm
SKU02360,142.0,71.0,27.0,0,0,SmartBuy Bottled Water 500g,Beverages,SmartBuy
SKU02361,102.0,66.5,21.0,0,0,EliteHome Biscuits & Cookies Large,Snacks & Confectionery,EliteHome
SKU02365,272.1666666666667,67.33333333333333,22.333333333333332,0,0,BasicNeeds Juices 1L,Beverages,BasicNeeds
SKU02367,103.66666666666667,63.0,22.666666666666668,0,0,NatureBlend Mobile Accessories 500g,Electronics & Accessories,NatureBlend
SKU02369,39.0,31.0,15.0,0,0,SparkleClean Juices 1kg,Beverages,SparkleClean
SKU02371,66.0,54.5,21.5,0,0,DailyBest Laundry Large,Home Care,DailyBest
SKU02373,39.5,43.5,13.0,0,0,EverydayPlus Chocolates 100g,Snacks & Confectionery,EverydayPlus
SKU02375,274.05,60.85,21.3,0,0,QuickBite Cooking Oil Medium,Grocery,QuickBite
SKU02376,298.4642857142857,67.17857142857143,22.607142857142858,0,0,PurePlus Milk 2kg,Dairy & Bakery,PurePlus
SKU02377,90.0,63.333333333333336,20.333333333333332,0,0,EverydayPlus Dishwashing 500g,Home Care,EverydayPlus
SKU02378,57.5,87.5,26.0,0,0,SparkleClean Notebooks Pack of 6,Stationery & Office,SparkleClean
SKU02379,130.5,98.0,37.5,0,0,SparkleClean Coffee Medium,Beverages,SparkleClean
SKU02380,121.66666666666667,63.666666666666664,16.0,0,0,EverydayPlus Frozen Vegetables 250ml,Frozen Foods,EverydayPlus
SKU02383,173.0,68.0,26.0,0,0,HomeStyle Office Supplies 250g,Stationery & Office,HomeStyle
SKU02384,74.0,30.0,11.0,0,0,DailyBest Chocolates Small,Snacks & Confectionery,DailyBest
SKU02385,36.0,36.0,13.5,0,0,UrbanBite Men's Wear Large,Apparel & Footwear,UrbanBite
SKU02386,255.42857142857142,60.67857142857143,22.857142857142858,0,0,BasicNeeds Writing Instruments Family Pack,Stationery & Office,BasicNeeds
SKU02387,241.3,57.2,20.566666666666666,0,0,SunriseFoods Cheese 250g,Dairy & Bakery,SunriseFoods
SKU02388,57.0,42.5,17.0,0,0,PurePlus Air Fresheners 2L,Home Care,PurePlus
SKU02389,80.33333333333333,67.0,21.666666666666668,0,0,HomeStyle Frozen Meat Pack of 6,Frozen Foods,HomeStyle
SKU02390,103.0,56.0,17.0,0,0,NovaFresh Air Fresheners 250g,Home Care,NovaFresh
SKU02391,137.0,75.0,30.0,0,0,BasicNeeds Bread Family Pack,Dairy & Bakery,BasicNeeds
SKU02392,125.0,69.0,31.0,0,0,EverydayPlus Office Supplies 250g,Stationery & Office,EverydayPlus
SKU02393,76.0,51.0,15.5,0,0,DailyBest Writing Instruments 2kg,Stationery & Office,DailyBest
SKU02394,64.0,65.33333333333333,24.666666666666668,0,0,CrispKing Men's Grooming Family Pack,Personal Care,CrispKing
SKU02395,121.0,65.0,24.0,0,0,NutriPlus Women's Wear 2L,Apparel & Footwear,NutriPlus
SKU02397,118.33333333333333,51.666666666666664,17.0,0,0,BasicNeeds Kids Wear 1L,Apparel & Footwear,BasicNeeds
SKU02398,67.5,42.0,9.5,0,0,NovaFresh OTC Medicine Small,Health & Wellness,NovaFresh
SKU02399,113.0,59.5,22.0,0,0,DailyBest Surface Cleaners 250g,Home Care,DailyBest
SKU02402,116.5,46.5,19.75,0,0,SparkleClean Butter & Ghee 500g,Dairy & Bakery,SparkleClean
SKU02403,110.5,55.5,16.0,0,0,QuickBite Chocolates 1L,Snacks & Confectionery,QuickBite
SKU02404,73.0,59.0,17.333333333333332,0,0,CrispKing Namkeen 500ml,Snacks & Confectionery,CrispKing
SKU02406,91.2,55.0,19.4,0,0,QuickBite Soft Drinks Small,Beverages,QuickBite
SKU02408,271.88,57.64,19.44,0,0,TrueTaste Home Decor Medium,Home & Kitchen,TrueTaste
SKU02410,177.75,83.0,26.0,0,0,PurePlus OTC Medicine 1kg,Health & Wellness,PurePlus
SKU02412,79.0,46.0,17.0,0,0,HealthFirst Skin Care 2L,Personal Care,HealthFirst
SKU02413,158.33333333333334,83.0,23.666666666666668,0,0,PureLife Batteries 500ml,Electronics & Accessories,PureLife
SKU02414,31.0,53.0,14.0,0,0,FreshFarm Men's Grooming 500g,Personal Care,FreshFarm
SKU02417,169.0,100.0,34.0,0,0,EverydayPlus Women's Wear 500g,Apparel & Footwear,EverydayPlus
SKU02418,33.0,46.0,19.0,0,0,DailyBest Vitamins & Supplements 1kg,Health & Wellness,DailyBest
SKU02419,29.0,29.0,6.0,0,0,CityFresh Hair Care 1L,Personal Care,CityFresh
SKU02420,52.5,26.5,9.5,0,0,PremiumSelect Writing Instruments Pack of 12,Stationery & Office,PremiumSelect
SKU02421,247.0,56.206896551724135,21.24137931034483,0,0,HomeStyle Kids Wear 500g,Apparel & Footwear,HomeStyle
SKU02422,151.0,55.0,27.0,0,0,ValueChoice Office Supplies 1kg,Stationery & Office,ValueChoice
SKU02423,127.33333333333333,74.33333333333333,24.0,0,0,HealthFirst Mobile Accessories 1kg,Electronics & Accessories,HealthFirst
SKU02424,163.0,93.5,25.5,0,0,MetroBrand Men's Grooming Pack of 6,Personal Care,MetroBrand
SKU02425,266.63157894736844,60.26315789473684,21.526315789473685,0,0,CrispKing Kids Wear 250g,Apparel & Footwear,CrispKing
SKU02426,139.0,79.0,39.0,0,0,CityFresh Milk Pack of 6,Dairy & Bakery,CityFresh
SKU02429,78.0,91.0,39.0,0,0,SoftTouch Writing Instruments Medium,Stationery & Office,SoftTouch
SKU02431,121.0,45.0,21.0,0,0,MetroBrand Skin Care Medium,Personal Care,MetroBrand
SKU02434,101.5,50.0,19.5,0,0,SmartBuy Vitamins & Supplements Medium,Health & Wellness,SmartBuy
SKU02435,59.0,25.5,8.5,0,0,PremiumSelect Skin Care 500g,Personal Care,PremiumSelect
SKU02436,233.625,53.5,17.208333333333332,0,0,SmartBuy Frozen Vegetables 2kg,Frozen Foods,SmartBuy
SKU02437,165.0,63.0,16.0,0,0,NatureBlend Men's Grooming 2L,Personal Care,NatureBlend
SKU02438,129.66666666666666,56.333333333333336,22.333333333333332,0,0,CityFresh Milk Small,Dairy & Bakery,CityFresh
SKU02439,88.5,46.0,18.25,0,0,QuickBite Notebooks 2L,Stationery & Office,QuickBite
SKU02440,195.5,74.5,33.5,0,0,GreenValley Oral Care 2L,Personal Care,GreenValley
SKU02441,112.0,45.0,15.0,0,0,GreenValley Rice & Grains 250ml,Grocery,GreenValley
SKU02445,184.0,64.0,25.0,0,0,NatureBlend Butter & Ghee 2L,Dairy & Bakery,NatureBlend
SKU02446,275.0,60.925925925925924,20.962962962962962,0,0,QuickBite Coffee Pack of 6,Beverages,QuickBite
SKU02447,188.0,96.0,39.0,0,0,TrueTaste Ice Cream 2kg,Frozen Foods,TrueTaste
SKU02448,156.75,80.5,26.75,0,0,FreshFarm Batteries 500g,Electronics & Accessories,FreshFarm
SKU02450,170.33333333333334,78.0,33.333333333333336,0,0,NatureBlend Hair Care 500ml,Personal Care,NatureBlend
SKU02451,218.0,80.0,18.0,0,0,BasicNeeds Cookware 500g,Home & Kitchen,BasicNeeds
SKU02452,86.33333333333333,60.666666666666664,20.0,0,0,CrispKing Chips & Crisps 500g,Snacks & Confectionery,CrispKing
SKU02453,12.0,22.0,6.0,0,0,NatureBlend Women's Wear Family Pack,Apparel & Footwear,NatureBlend
SKU02454,61.666666666666664,64.33333333333333,17.333333333333332,0,0,SunriseFoods Frozen Vegetables 2kg,Frozen Foods,SunriseFoods
SKU02456,152.5,66.0,24.5,0,0,MetroBrand Women's Wear 250g,Apparel & Footwear,MetroBrand
SKU02458,113.0,89.0,36.0,0,0,UrbanBite Cheese 1kg,Dairy & Bakery,UrbanBite
SKU02459,218.0,88.0,36.0,0,0,CleanWave Frozen Meat 250ml,Frozen Foods,CleanWave
SKU02461,38.0,24.0,10.0,0,0,PremiumSelect Notebooks 1kg,Stationery & Office,PremiumSelect
SKU02463,286.44,62.64,20.68,0,0,DailyBest Chocolates Small,Snacks & Confectionery,DailyBest
SKU02464,85.0,29.0,6.0,0,0,PureLife First Aid 100g,Health & Wellness,PureLife
SKU02466,127.0,56.0,14.0,0,0,PremiumSelect Batteries Small,Electronics & Accessories,PremiumSelect
SKU02469,87.66666666666667,63.0,21.666666666666668,0,0,PurePlus Vitamins & Supplements Large,Health & Wellness,PurePlus
SKU02470,101.0,72.0,27.0,0,0,SparkleClean Office Supplies Large,Stationery & Office,SparkleClean
SKU02471,283.2142857142857,60.392857142857146,20.428571428571427,0,0,PremiumSelect Home Decor Family Pack,Home & Kitchen,PremiumSelect
SKU02472,252.93333333333334,60.1,20.866666666666667,0,0,UrbanBite Oral Care Medium,Personal Care,UrbanBite
SKU02473,61.5,56.75,25.0,0,0,ZestyCo Energy Drinks 250ml,Beverages,ZestyCo
SKU02476,98.5,64.0,26.5,0,0,NatureBlend Ice Cream 2L,Frozen Foods,NatureBlend
SKU02477,33.0,43.0,19.0,0,0,FamilyChoice Notebooks 100g,Stationery & Office,FamilyChoice
SKU02478,73.0,61.0,21.5,0,0,UrbanBite Rice & Grains Family Pack,Grocery,UrbanBite
SKU02479,29.0,100.0,27.0,0,0,UrbanBite OTC Medicine 2L,Health & Wellness,UrbanBite
SKU02483,82.33333333333333,43.333333333333336,15.333333333333334,0,0,PurePlus Home Decor 1L,Home & Kitchen,PurePlus
SKU02491,21.0,26.0,5.0,0,0,CityFresh Namkeen 100g,Snacks & Confectionery,CityFresh
SKU02492,81.0,83.0,23.0,0,0,CrispKing Air Fresheners 250ml,Home Care,CrispKing
SKU02493,116.0,63.0,23.5,0,0,GoldenHarvest Chocolates 250g,Snacks & Confectionery,GoldenHarvest
SKU02494,110.0,58.5,22.75,0,0,SoftTouch Air Fresheners 500ml,Home Care,SoftTouch
SKU02496,98.0,62.0,24.0,0,0,PremiumSelect Flour & Atta Pack of 6,Grocery,PremiumSelect
SKU02497,69.5,42.0,9.5,0,0,FreshFarm Ice Cream Small,Frozen Foods,FreshFarm
SKU02498,138.0,67.0,16.0,0,0,GreenValley Men's Wear Small,Apparel & Footwear,GreenValley
SKU02500,286.1666666666667,64.5,21.366666666666667,0,0,EliteHome Eggs Large,Dairy & Bakery,EliteHome
SKU02501,253.0,55.47826086956522,20.347826086956523,0,0,SoftTouch Storage & Containers 2L,Home & Kitchen,SoftTouch
SKU02504,107.5,68.5,20.0,0,0,PremiumSelect Hair Care Pack of 12,Personal Care,PremiumSelect
SKU02507,64.0,40.0,15.0,0,0,GoldenHarvest Spices & Seasoning 1L,Grocery,GoldenHarvest
SKU02508,155.0,87.0,27.25,0,0,PrimeCare Yogurt 500g,Dairy & Bakery,PrimeCare
SKU02510,116.33333333333333,49.333333333333336,18.666666666666668,0,0,GoldenHarvest Tea Family Pack,Beverages,GoldenHarvest
SKU02511,180.5,82.0,30.5,0,0,EverydayPlus Air Fresheners 100g,Home Care,EverydayPlus
SKU02513,109.75,72.75,22.0,0,0,DailyBest Bottled Water Pack of 6,Beverages,DailyBest
SKU02514,297.0,65.66666666666667,21.666666666666668,0,0,NatureBlend Air Fresheners 2L,Home Care,NatureBlend
SKU02515,54.0,35.333333333333336,12.0,0,0,FreshFarm Namkeen 2L,Snacks & Confectionery,FreshFarm
SKU02516,90.33333333333333,69.0,23.666666666666668,0,0,MetroBrand Frozen Meat 250g,Frozen Foods,MetroBrand
SKU02517,265.0,94.0,45.0,0,0,EverydayPlus Chocolates 2L,Snacks & Confectionery,EverydayPlus
SKU02518,11.0,26.0,7.0,0,0,SunriseFoods Writing Instruments 2L,Stationery & Office,SunriseFoods
SKU02519,278.4,62.28,22.04,0,0,PremiumSelect Pulses & Lentils Medium,Grocery,PremiumSelect
SKU02520,293.0,63.666666666666664,20.40740740740741,0,0,TrueTaste Notebooks 250ml,Stationery & Office,TrueTaste
SKU02521,84.0,34.0,8.0,0,0,FamilyChoice Men's Wear 250ml,Apparel & Footwear,FamilyChoice
SKU02522,117.33333333333333,51.666666666666664,15.333333333333334,0,0,SoftTouch Storage & Containers 250g,Home & Kitchen,SoftTouch
SKU02523,116.0,76.5,21.5,0,0,GoldenHarvest Home Decor 2L,Home & Kitchen,GoldenHarvest
SKU02524,116.0,58.0,25.0,0,0,PrimeCare Namkeen Pack of 6,Snacks & Confectionery,PrimeCare
SKU02525,41.0,47.0,22.0,0,0,ValueChoice Office Supplies 2kg,Stationery & Office,ValueChoice
SKU02529,82.66666666666667,66.0,21.666666666666668,0,0,EliteHome Frozen Meat 2L,Frozen Foods,EliteHome
SKU02533,234.72,52.16,17.08,0,0,CityFresh Men's Grooming 250ml,Personal Care,CityFresh
SKU02534,272.08,62.44,20.96,0,0,SmartBuy Kids Wear 500g,Apparel & Footwear,SmartBuy
SKU02536,88.0,79.0,18.0,0,0,FamilyChoice Air Fresheners 500g,Home Care,FamilyChoice
SKU02537,47.333333333333336,58.666666666666664,26.666666666666668,0,0,CleanWave Chips & Crisps Large,Snacks & Confectionery,CleanWave
SKU02539,131.5,70.0,27.0,0,0,PrimeCare Vitamins & Supplements 2kg,Health & Wellness,PrimeCare
SKU02540,20.0,41.0,14.0,0,0,FreshFarm Office Supplies Small,Stationery & Office,FreshFarm
SKU02541,287.2068965517241,65.27586206896552,24.103448275862068,0,0,FamilyChoice Small Appliances 100g,Electronics & Accessories,FamilyChoice
SKU02544,113.0,82.0,28.666666666666668,0,0,NatureBlend Air Fresheners Medium,Home Care,NatureBlend
SKU02546,334.77272727272725,70.5909090909091,25.227272727272727,0,0,SparkleClean Bath & Body 2L,Personal Care,SparkleClean
SKU02549,131.0,72.5,25.0,0,0,TrueTaste Soft Drinks 500g,Beverages,TrueTaste
SKU02550,86.0,75.0,23.0,0,0,PureLife Juices Family Pack,Beverages,PureLife
SKU02551,64.5,59.5,25.5,0,0,SmartBuy Storage & Containers 2kg,Home & Kitchen,SmartBuy
SKU02552,100.33333333333333,61.0,20.666666666666668,0,0,HealthFirst Women's Wear 250ml,Apparel & Footwear,HealthFirst
SKU02553,14.0,25.0,8.0,0,0,NutriPlus Chocolates 500g,Snacks & Confectionery,NutriPlus
SKU02555,118.0,61.5,25.5,0,0,GreenValley Sugar & Salt 1kg,Grocery,GreenValley
SKU02556,105.0,63.333333333333336,17.0,0,0,TrueTaste Butter & Ghee 500g,Dairy & Bakery,TrueTaste
SKU02557,74.5,53.5,16.5,0,0,SoftTouch Small Appliances Pack of 12,Electronics & Accessories,SoftTouch
SKU02558,238.77777777777777,55.25925925925926,18.333333333333332,0,0,PrimeCare Butter & Ghee 2L,Dairy & Bakery,PrimeCare
SKU02559,27.0,77.0,27.0,0,0,HealthFirst Batteries 250ml,Electronics & Accessories,HealthFirst
SKU02560,100.0,75.0,29.0,0,0,FreshFarm Storage & Containers 2L,Home & Kitchen,FreshFarm
SKU02561,77.0,38.0,9.666666666666666,0,0,FamilyChoice Pulses & Lentils Pack of 6,Grocery,FamilyChoice
SKU02562,54.5,64.5,22.5,0,0,SunriseFoods Pulses & Lentils 500g,Grocery,SunriseFoods
SKU02564,133.33333333333334,55.666666666666664,20.333333333333332,0,0,ZestyCo Ready Meals Large,Frozen Foods,ZestyCo
SKU02565,183.0,63.0,31.0,0,0,PrimeCare Frozen Vegetables 100g,Frozen Foods,PrimeCare
SKU02566,296.2857142857143,63.57142857142857,19.928571428571427,0,0,NatureBlend Surface Cleaners Family Pack,Home Care,NatureBlend
SKU02567,248.58620689655172,59.51724137931034,21.344827586206897,0,0,GreenValley Air Fresheners Family Pack,Home Care,GreenValley
SKU02568,38.0,30.0,11.0,0,0,MetroBrand Small Appliances 1kg,Electronics & Accessories,MetroBrand
SKU02570,295.46666666666664,64.76666666666667,22.333333333333332,0,0,SunriseFoods Soft Drinks 1kg,Beverages,SunriseFoods
SKU02572,167.0,62.5,20.5,0,0,CleanWave Batteries 1kg,Electronics & Accessories,CleanWave
SKU02573,90.0,69.66666666666667,21.0,0,0,UrbanBite Coffee Small,Beverages,UrbanBite
SKU02574,82.0,61.0,22.0,0,0,QuickBite Skin Care 250ml,Personal Care,QuickBite
SKU02576,240.8695652173913,54.608695652173914,18.52173913043478,0,0,MetroBrand OTC Medicine Medium,Health & Wellness,MetroBrand
SKU02577,63.666666666666664,51.333333333333336,21.666666666666668,0,0,PrimeCare Soft Drinks 500ml,Beverages,PrimeCare
SKU02578,116.5,53.75,17.0,0,0,GreenValley Cooking Oil 2L,Grocery,GreenValley
SKU02579,17.0,63.0,14.0,0,0,NatureBlend Frozen Vegetables 100g,Frozen Foods,NatureBlend
SKU02580,274.85714285714283,62.57142857142857,22.642857142857142,0,0,FamilyChoice Pest Control 250g,Home Care,FamilyChoice
SKU02581,73.0,41.0,17.0,0,0,SmartBuy Writing Instruments 1L,Stationery & Office,SmartBuy
SKU02584,252.6551724137931,54.51724137931034,17.79310344827586,0,0,PrimeCare Chocolates 250g,Snacks & Confectionery,PrimeCare
SKU02585,93.0,53.5,18.0,0,0,GoldenHarvest Laundry Medium,Home Care,GoldenHarvest
SKU02586,105.5,64.5,22.5,0,0,CrispKing Juices 500ml,Beverages,CrispKing
SKU02587,158.0,92.0,20.0,0,0,SoftTouch Frozen Vegetables 1L,Frozen Foods,SoftTouch
SKU02590,280.72727272727275,62.90909090909091,23.045454545454547,0,0,SparkleClean Oral Care Pack of 6,Personal Care,SparkleClean
SKU02592,30.0,38.0,9.0,0,0,FamilyChoice Bottled Water 2L,Beverages,FamilyChoice
SKU02594,40.0,33.5,13.5,0,0,PurePlus Notebooks Large,Stationery & Office,PurePlus
SKU02595,84.0,61.0,17.0,0,0,ZestyCo Chips & Crisps 2kg,Snacks & Confectionery,ZestyCo
SKU02597,58.333333333333336,33.0,11.666666666666666,0,0,ZestyCo Candy 100g,Snacks & Confectionery,ZestyCo
SKU02599,20.0,33.0,13.0,0,0,PremiumSelect Oral Care 250ml,Personal Care,PremiumSelect
SKU02601,226.0,76.0,22.0,0,0,QuickBite Namkeen Medium,Snacks & Confectionery,QuickBite
SKU02603,130.5,70.0,19.25,0,0,CleanWave Frozen Vegetables Family Pack,Frozen Foods,CleanWave
SKU02604,49.0,36.0,11.0,0,0,FreshFarm Vitamins & Supplements Large,Health & Wellness,FreshFarm
SKU02605,175.5,72.5,17.5,0,0,PureLife Notebooks 100g,Stationery & Office,PureLife
SKU02606,60.0,39.0,17.0,0,0,FamilyChoice Home Decor Pack of 12,Home & Kitchen,FamilyChoice
SKU02608,144.5,68.5,28.5,0,0,FreshFarm Vitamins & Supplements 500g,Health & Wellness,FreshFarm
SKU02609,103.0,64.5,20.5,0,0,BasicNeeds Men's Grooming 250ml,Personal Care,BasicNeeds
SKU02610,50.0,43.0,21.0,0,0,EverydayPlus Surface Cleaners 1L,Home Care,EverydayPlus
SKU02611,22.5,29.0,9.0,0,0,MetroBrand Bottled Water 500g,Beverages,MetroBrand
SKU02612,61.5,61.0,19.0,0,0,SparkleClean Air Fresheners Pack of 12,Home Care,SparkleClean
SKU02613,96.0,54.0,14.5,0,0,UrbanBite Oral Care 2kg,Personal Care,UrbanBite
SKU02615,136.66666666666666,74.0,26.666666666666668,0,0,CleanWave Chocolates Medium,Snacks & Confectionery,CleanWave
SKU02616,77.0,56.5,19.0,0,0,QuickBite Ice Cream Pack of 6,Frozen Foods,QuickBite
SKU02617,141.0,57.0,19.0,0,0,PrimeCare Men's Grooming 250g,Personal Care,PrimeCare
SKU02618,150.0,73.0,26.5,0,0,TrueTaste Writing Instruments 100g,Stationery & Office,TrueTaste
SKU02619,73.25,57.0,22.0,0,0,NutriPlus Dishwashing 500g,Home Care,NutriPlus
SKU02620,98.5,54.5,15.0,0,0,HomeStyle Office Supplies 1L,Stationery & Office,HomeStyle
SKU02621,181.0,85.0,25.0,0,0,HomeStyle Vitamins & Supplements Small,Health & Wellness,HomeStyle
SKU02623,73.0,67.0,20.5,0,0,MetroBrand Chocolates Pack of 12,Snacks & Confectionery,MetroBrand
SKU02624,125.0,73.0,16.0,0,0,FreshFarm Small Appliances 100g,Electronics & Accessories,FreshFarm
SKU02625,89.33333333333333,70.33333333333333,28.666666666666668,0,0,UrbanBite Frozen Vegetables 1kg,Frozen Foods,UrbanBite
SKU02626,257.7,52.75,17.55,0,0,GreenValley Yogurt 2L,Dairy & Bakery,GreenValley
SKU02629,132.5,91.0,33.5,0,0,SoftTouch Oral Care 1L,Personal Care,SoftTouch
SKU02630,259.3333333333333,60.611111111111114,21.0,0,0,CrispKing Pulses & Lentils 100g,Grocery,CrispKing
SKU02631,66.33333333333333,57.333333333333336,24.0,0,0,PrimeCare Bread 2kg,Dairy & Bakery,PrimeCare
SKU02632,134.66666666666666,54.0,16.333333333333332,0,0,UrbanBite Notebooks Small,Stationery & Office,UrbanBite
SKU02633,84.5,47.5,16.0,0,0,ValueChoice Footwear 250g,Apparel & Footwear,ValueChoice
SKU02635,128.66666666666666,78.66666666666667,31.333333333333332,0,0,CityFresh Storage & Containers Pack of 12,Home & Kitchen,CityFresh
SKU02636,50.333333333333336,44.333333333333336,18.0,0,0,ZestyCo Tea Small,Beverages,ZestyCo
SKU02637,127.25,60.75,25.5,0,0,HomeStyle Eggs 1kg,Dairy & Bakery,HomeStyle
SKU02638,96.25,65.5,25.75,0,0,UrbanBite Flour & Atta 1kg,Grocery,UrbanBite
SKU02639,260.6551724137931,58.827586206896555,20.517241379310345,0,0,SoftTouch Sugar & Salt 500g,Grocery,SoftTouch
SKU02641,145.6,68.8,26.6,0,0,PurePlus Office Supplies 1L,Stationery & Office,PurePlus
SKU02642,94.0,67.5,23.0,0,0,TrueTaste Tea 250g,Beverages,TrueTaste
SKU02644,105.0,40.0,19.0,0,0,HealthFirst Frozen Meat 1kg,Frozen Foods,HealthFirst
SKU02645,93.5,90.0,23.5,0,0,EverydayPlus Rice & Grains 2L,Grocery,EverydayPlus
SKU02647,134.6,90.2,35.6,0,0,NovaFresh Home Decor Family Pack,Home & Kitchen,NovaFresh
SKU02650,115.5,66.0,16.0,0,0,BasicNeeds Skin Care 500g,Personal Care,BasicNeeds
SKU02652,147.0,62.0,26.0,0,0,UrbanBite Laundry 500g,Home Care,UrbanBite
SKU02655,128.0,74.0,23.0,0,0,GreenValley Namkeen 500g,Snacks & Confectionery,GreenValley
SKU02656,99.0,51.0,15.0,0,0,NovaFresh Office Supplies Small,Stationery & Office,NovaFresh
SKU02658,159.0,80.0,16.0,0,0,MetroBrand Bread 250ml,Dairy & Bakery,MetroBrand
SKU02659,83.66666666666667,47.333333333333336,19.0,0,0,UrbanBite Men's Wear 250ml,Apparel & Footwear,UrbanBite
SKU02661,62.5,53.5,18.0,0,0,GreenValley Ice Cream Pack of 12,Frozen Foods,GreenValley
SKU02662,266.17241379310343,61.0,20.20689655172414,0,0,SparkleClean Eggs 1kg,Dairy & Bakery,SparkleClean
SKU02664,67.33333333333333,54.666666666666664,22.666666666666668,0,0,NatureBlend Office Supplies 500ml,Stationery & Office,NatureBlend
SKU02665,105.0,51.0,14.0,0,0,GreenValley Chocolates 250g,Snacks & Confectionery,GreenValley
SKU02669,69.0,68.0,27.0,0,0,GreenValley Coffee Pack of 12,Beverages,GreenValley
SKU02670,196.0,67.0,29.0,0,0,CrispKing Small Appliances 1kg,Electronics & Accessories,CrispKing
SKU02672,134.0,51.0,24.0,0,0,NovaFresh Kids Wear 250ml,Apparel & Footwear,NovaFresh
SKU02673,144.0,53.0,15.0,0,0,SoftTouch Soft Drinks 2kg,Beverages,SoftTouch
SKU02674,82.4,49.4,21.8,0,0,TrueTaste Writing Instruments 1L,Stationery & Office,TrueTaste
SKU02675,306.625,74.875,25.9375,0,0,MetroBrand OTC Medicine 2kg,Health & Wellness,MetroBrand
SKU02676,63.333333333333336,32.0,10.666666666666666,0,0,EverydayPlus Home Decor Pack of 6,Home & Kitchen,EverydayPlus
SKU02677,138.33333333333334,70.0,24.0,0,0,SunriseFoods Hair Care Small,Personal Care,SunriseFoods
SKU02678,28.0,21.0,10.0,0,0,NatureBlend Writing Instruments 500ml,Stationery & Office,NatureBlend
SKU02680,66.66666666666667,73.66666666666667,24.0,0,0,ValueChoice Bottled Water 500ml,Beverages,ValueChoice
SKU02681,266.625,58.125,21.458333333333332,0,0,SmartBuy Notebooks Family Pack,Stationery & Office,SmartBuy
SKU02684,206.5,73.5,28.5,0,0,EverydayPlus Ice Cream 2L,Frozen Foods,EverydayPlus
SKU02685,46.0,35.0,10.666666666666666,0,0,ZestyCo Men's Grooming Family Pack,Personal Care,ZestyCo
SKU02686,277.85185185185185,62.22222222222222,19.62962962962963,0,0,CrispKing Ice Cream 1kg,Frozen Foods,CrispKing
SKU02688,51.666666666666664,41.333333333333336,9.333333333333334,0,0,FamilyChoice Storage & Containers Large,Home & Kitchen,FamilyChoice
SKU02689,31.0,27.0,10.0,0,0,NutriPlus Namkeen Large,Snacks & Confectionery,NutriPlus
SKU02691,75.5,64.5,27.5,0,0,GreenValley Surface Cleaners 1L,Home Care,GreenValley
SKU02696,132.0,48.0,20.0,0,0,PureLife Dishwashing 100g,Home Care,PureLife
SKU02700,291.9230769230769,64.07692307692308,22.96153846153846,0,0,DailyBest Hair Care 500ml,Personal Care,DailyBest
SKU02702,49.0,58.333333333333336,17.333333333333332,0,0,NovaFresh Oral Care 1L,Personal Care,NovaFresh
SKU02703,92.6,59.8,24.0,0,0,FreshFarm Juices 1kg,Beverages,FreshFarm
SKU02704,155.0,100.0,40.0,0,0,GreenValley Tea Small,Beverages,GreenValley
SKU02705,119.0,50.0,19.0,0,0,CrispKing Small Appliances Pack of 12,Electronics & Accessories,CrispKing
SKU02706,59.5,88.0,24.5,0,0,SoftTouch Spices & Seasoning Family Pack,Grocery,SoftTouch
SKU02707,79.0,49.0,11.0,0,0,GreenValley Frozen Vegetables Medium,Frozen Foods,GreenValley
SKU02708,143.0,84.5,33.0,0,0,SunriseFoods Men's Wear 250ml,Apparel & Footwear,SunriseFoods
SKU02709,126.0,73.0,26.0,0,0,SmartBuy Mobile Accessories Pack of 12,Electronics & Accessories,SmartBuy
SKU02710,263.7,54.93333333333333,18.7,0,0,UrbanBite Pest Control 250ml,Home Care,UrbanBite
SKU02711,62.4,55.8,16.2,0,0,SmartBuy Namkeen Large,Snacks & Confectionery,SmartBuy
SKU02712,29.0,59.0,24.0,0,0,PrimeCare Writing Instruments Pack of 6,Stationery & Office,PrimeCare
SKU02713,100.0,50.5,23.5,0,0,EliteHome Home Decor Medium,Home & Kitchen,EliteHome
SKU02715,99.0,54.666666666666664,15.0,0,0,ZestyCo Juices 100g,Beverages,ZestyCo
SKU02716,143.5,68.0,25.166666666666668,0,0,GreenValley Flour & Atta 500g,Grocery,GreenValley
SKU02717,82.5,42.5,13.0,0,0,EliteHome Eggs 1L,Dairy & Bakery,EliteHome
SKU02718,285.2142857142857,62.035714285714285,22.571428571428573,0,0,SmartBuy Soft Drinks Family Pack,Beverages,SmartBuy
SKU02720,58.5,36.5,12.75,0,0,EliteHome Chocolates Medium,Snacks & Confectionery,EliteHome
SKU02722,299.73333333333335,65.46666666666667,24.066666666666666,0,0,SoftTouch Notebooks Family Pack,Stationery & Office,SoftTouch
SKU02723,43.0,54.5,19.0,0,0,GreenValley Women's Wear Family Pack,Apparel & Footwear,GreenValley
SKU02724,110.5,54.0,17.5,0,0,MetroBrand Biscuits & Cookies 1kg,Snacks & Confectionery,MetroBrand
SKU02725,194.0,94.5,24.0,0,0,FamilyChoice Hair Care Medium,Personal Care,FamilyChoice
SKU02726,214.0,95.0,30.0,0,0,ZestyCo Ice Cream 100g,Frozen Foods,ZestyCo
SKU02727,65.0,50.0,23.0,0,0,FamilyChoice First Aid 2L,Health & Wellness,FamilyChoice
SKU02728,280.93333333333334,64.2,21.566666666666666,0,0,PremiumSelect Writing Instruments 500ml,Stationery & Office,PremiumSelect
SKU02731,124.0,82.0,29.0,0,0,TrueTaste Cooking Oil Pack of 6,Grocery,TrueTaste
SKU02732,16.0,26.0,12.0,0,0,SunriseFoods Chips & Crisps 500g,Snacks & Confectionery,SunriseFoods
SKU02733,73.0,62.0,26.0,0,0,PureLife Ready Meals 500g,Frozen Foods,PureLife
SKU02734,65.5,61.5,14.0,0,0,SmartBuy Pulses & Lentils 250g,Grocery,SmartBuy
SKU02736,85.66666666666667,65.33333333333333,25.333333333333332,0,0,PremiumSelect Juices 250g,Beverages,PremiumSelect
SKU02738,175.5,80.0,21.5,0,0,BasicNeeds Flour & Atta Small,Grocery,BasicNeeds
SKU02739,162.5,70.5,25.0,0,0,PremiumSelect Coffee Large,Beverages,PremiumSelect
SKU02741,99.0,80.5,23.5,0,0,NovaFresh Juices 1L,Beverages,NovaFresh
SKU02742,133.66666666666666,74.66666666666667,26.666666666666668,0,0,UrbanBite Ready Meals Pack of 12,Frozen Foods,UrbanBite
SKU02743,122.0,49.0,12.0,0,0,GoldenHarvest Hair Care Family Pack,Personal Care,GoldenHarvest
SKU02744,56.0,78.0,34.0,0,0,PureLife Cookware 100g,Home & Kitchen,PureLife
SKU02745,66.0,38.0,15.0,0,0,MetroBrand Eggs Large,Dairy & Bakery,MetroBrand
SKU02746,98.5,47.0,18.0,0,0,SunriseFoods Frozen Vegetables Pack of 12,Frozen Foods,SunriseFoods
SKU02748,50.0,54.5,22.5,0,0,PureLife OTC Medicine 500ml,Health & Wellness,PureLife
SKU02751,96.0,53.0,16.5,0,0,GreenValley Frozen Vegetables 1kg,Frozen Foods,GreenValley
SKU02753,195.5,80.0,19.0,0,0,PurePlus Storage & Containers 100g,Home & Kitchen,PurePlus
SKU02754,89.33333333333333,48.333333333333336,13.333333333333334,0,0,FreshFarm OTC Medicine 1L,Health & Wellness,FreshFarm
SKU02755,36.0,23.0,10.0,0,0,SmartBuy First Aid 1L,Health & Wellness,SmartBuy
SKU02757,126.66666666666667,53.333333333333336,19.666666666666668,0,0,EverydayPlus OTC Medicine 500g,Health & Wellness,EverydayPlus
SKU02758,123.75,64.75,19.75,0,0,FreshFarm Office Supplies Family Pack,Stationery & Office,FreshFarm
SKU02759,93.0,90.0,28.0,0,0,GoldenHarvest Soft Drinks Pack of 12,Beverages,GoldenHarvest
SKU02761,158.0,76.5,23.0,0,0,CityFresh Soft Drinks Pack of 12,Beverages,CityFresh
SKU02763,244.57894736842104,60.05263157894737,20.210526315789473,0,0,TrueTaste Dishwashing 1kg,Home Care,TrueTaste
SKU02764,75.0,61.0,25.0,0,0,SunriseFoods Candy Pack of 12,Snacks & Confectionery,SunriseFoods
SKU02765,172.0,61.0,23.0,0,0,DailyBest Skin Care Small,Personal Care,DailyBest
SKU02766,127.66666666666667,57.333333333333336,16.0,0,0,SparkleClean Pest Control Pack of 6,Home Care,SparkleClean
SKU02767,57.8,30.0,11.6,0,0,BasicNeeds OTC Medicine 2L,Health & Wellness,BasicNeeds
SKU02768,208.3181818181818,52.09090909090909,17.818181818181817,0,0,MetroBrand Notebooks 100g,Stationery & Office,MetroBrand
SKU02769,173.0,84.0,30.0,0,0,DailyBest Cookware Pack of 6,Home & Kitchen,DailyBest
SKU02770,35.0,83.0,22.0,0,0,SparkleClean Hair Care Pack of 6,Personal Care,SparkleClean
SKU02772,217.0,79.0,35.0,0,0,CrispKing Women's Wear 1kg,Apparel & Footwear,CrispKing
SKU02774,194.0,72.5,31.0,0,0,TrueTaste Frozen Vegetables 250ml,Frozen Foods,TrueTaste
SKU02777,71.0,63.0,29.0,0,0,SparkleClean OTC Medicine 1L,Health & Wellness,SparkleClean
SKU02780,288.3333333333333,60.56666666666667,21.8,0,0,ValueChoice First Aid 250ml,Health & Wellness,ValueChoice
SKU02783,42.0,32.0,9.0,0,0,CleanWave Bottled Water Family Pack,Beverages,CleanWave
SKU02785,126.66666666666667,72.33333333333333,21.0,0,0,PremiumSelect Kids Wear 500ml,Apparel & Footwear,PremiumSelect
SKU02786,14.0,21.0,9.0,0,0,TrueTaste Chips & Crisps 2kg,Snacks & Confectionery,TrueTaste
SKU02787,26.5,54.0,19.0,0,0,NutriPlus Men's Wear Pack of 12,Apparel & Footwear,NutriPlus
SKU02788,87.0,65.0,20.0,0,0,NatureBlend Batteries Large,Electronics & Accessories,NatureBlend
SKU02789,118.33333333333333,59.0,22.333333333333332,0,0,HealthFirst Cookware Small,Home & Kitchen,HealthFirst
SKU02790,164.0,69.0,23.0,0,0,PremiumSelect Chips & Crisps 2L,Snacks & Confectionery,PremiumSelect
SKU02791,82.0,66.0,30.0,0,0,HealthFirst Batteries 1L,Electronics & Accessories,HealthFirst
SKU02792,68.25,54.5,16.25,0,0,PrimeCare Office Supplies Medium,Stationery & Office,PrimeCare
SKU02793,80.0,59.0,24.0,0,0,PurePlus Kids Wear Medium,Apparel & Footwear,PurePlus
SKU02794,238.17241379310346,56.206896551724135,20.413793103448278,0,0,NutriPlus Chips & Crisps 250ml,Snacks & Confectionery,NutriPlus
SKU02796,74.5,54.5,20.0,0,0,CityFresh Tea Medium,Beverages,CityFresh
SKU02797,162.0,81.0,27.0,0,0,PureLife OTC Medicine Medium,Health & Wellness,PureLife
SKU02800,91.5,45.25,17.0,0,0,GreenValley Frozen Vegetables 2kg,Frozen Foods,GreenValley
SKU02802,113.0,81.5,29.0,0,0,PurePlus Frozen Vegetables 250g,Frozen Foods,PurePlus
SKU02803,113.0,62.5,26.5,0,0,SmartBuy Office Supplies 250g,Stationery & Office,SmartBuy
SKU02805,45.333333333333336,45.333333333333336,16.333333333333332,0,0,GoldenHarvest Bread 500g,Dairy & Bakery,GoldenHarvest
SKU02806,119.0,72.0,32.5,0,0,PrimeCare Notebooks Large,Stationery & Office,PrimeCare
SKU02807,114.25,70.5,25.25,0,0,SunriseFoods Coffee Pack of 12,Beverages,SunriseFoods
SKU02808,105.0,54.333333333333336,20.0,0,0,GoldenHarvest Surface Cleaners Pack of 12,Home Care,GoldenHarvest
SKU02810,54.0,70.0,29.0,0,0,CleanWave Air Fresheners Pack of 6,Home Care,CleanWave
SKU02811,98.2,54.4,16.2,0,0,PureLife Writing Instruments Small,Stationery & Office,PureLife
SKU02813,186.0,82.4,24.8,0,0,DailyBest Writing Instruments Medium,Stationery & Office,DailyBest
SKU02815,121.66666666666667,56.0,16.0,0,0,CityFresh Mobile Accessories 2kg,Electronics & Accessories,CityFresh
SKU02816,98.0,69.0,26.666666666666668,0,0,FamilyChoice First Aid Pack of 6,Health & Wellness,FamilyChoice
SKU02817,75.33333333333333,53.0,15.333333333333334,0,0,HealthFirst Biscuits & Cookies Family Pack,Snacks & Confectionery,HealthFirst
SKU02818,58.0,65.0,28.0,0,0,TrueTaste Biscuits & Cookies Medium,Snacks & Confectionery,TrueTaste
SKU02819,43.5,57.0,18.0,0,0,NovaFresh Mobile Accessories 1L,Electronics & Accessories,NovaFresh
SKU02820,33.333333333333336,60.666666666666664,20.0,0,0,CityFresh First Aid 2L,Health & Wellness,CityFresh
SKU02821,108.0,92.0,28.5,0,0,TrueTaste Vitamins & Supplements Family Pack,Health & Wellness,TrueTaste
SKU02822,277.58620689655174,65.44827586206897,22.137931034482758,0,0,FamilyChoice Rice & Grains Small,Grocery,FamilyChoice
SKU02824,89.5,53.0,18.5,0,0,GoldenHarvest Notebooks 2kg,Stationery & Office,GoldenHarvest
SKU02825,77.33333333333333,53.0,21.333333333333332,0,0,NovaFresh Rice & Grains Large,Grocery,NovaFresh
SKU02827,50.0,36.0,10.5,0,0,EverydayPlus Laundry 250g,Home Care,EverydayPlus
SKU02828,195.66666666666666,82.66666666666667,25.666666666666668,0,0,NovaFresh Home Decor 100g,Home & Kitchen,NovaFresh
SKU02829,272.5,61.875,23.75,0,0,FreshFarm Butter & Ghee 250g,Dairy & Bakery,FreshFarm
SKU02831,73.75,50.0,23.0,0,0,CleanWave Small Appliances 500g,Electronics & Accessories,CleanWave
SKU02832,130.25,61.5,19.75,0,0,GoldenHarvest Sugar & Salt Large,Grocery,GoldenHarvest
SKU02834,100.0,36.0,11.0,0,0,QuickBite Women's Wear 500g,Apparel & Footwear,QuickBite
SKU02836,123.0,76.66666666666667,27.666666666666668,0,0,PremiumSelect Vitamins & Supplements 500g,Health & Wellness,PremiumSelect
SKU02838,151.0,61.25,21.75,0,0,UrbanBite Women's Wear 250ml,Apparel & Footwear,UrbanBite
SKU02839,53.0,37.0,16.0,0,0,ZestyCo Cookware 100g,Home & Kitchen,ZestyCo
SKU02841,139.66666666666666,64.0,17.333333333333332,0,0,DailyBest Dishwashing Medium,Home Care,DailyBest
SKU02842,269.0740740740741,59.111111111111114,21.074074074074073,0,0,NovaFresh Vitamins & Supplements Family Pack,Health & Wellness,NovaFresh
SKU02843,44.0,37.0,17.0,0,0,QuickBite Namkeen 250g,Snacks & Confectionery,QuickBite
SKU02845,130.0,91.0,32.5,0,0,GoldenHarvest Footwear 2kg,Apparel & Footwear,GoldenHarvest
SKU02846,265.0,92.0,43.0,0,0,SunriseFoods First Aid 500ml,Health & Wellness,SunriseFoods
SKU02847,64.0,50.0,12.0,0,0,HomeStyle Eggs 250g,Dairy & Bakery,HomeStyle
SKU02848,199.0,72.5,26.0,0,0,SoftTouch Hair Care Family Pack,Personal Care,SoftTouch
SKU02849,168.0,91.0,25.0,0,0,GoldenHarvest Laundry Small,Home Care,GoldenHarvest
SKU02851,126.5,46.5,12.5,0,0,PureLife Kids Wear Pack of 12,Apparel & Footwear,PureLife
SKU02853,18.0,34.5,12.0,0,0,DailyBest Notebooks 500g,Stationery & Office,DailyBest
SKU02856,110.6,63.8,23.8,0,0,EliteHome Men's Grooming 1L,Personal Care,EliteHome
SKU02859,84.0,42.0,14.5,0,0,SmartBuy Vitamins & Supplements Pack of 6,Health & Wellness,SmartBuy
SKU02860,135.0,57.666666666666664,20.0,0,0,HealthFirst Kids Wear 100g,Apparel & Footwear,HealthFirst
SKU02861,194.0,80.5,26.0,0,0,HomeStyle Oral Care Small,Personal Care,HomeStyle
SKU02863,50.0,54.25,19.0,0,0,FamilyChoice Rice & Grains Medium,Grocery,FamilyChoice
SKU02864,22.0,35.0,17.0,0,0,NatureBlend Batteries 250g,Electronics & Accessories,NatureBlend
SKU02865,52.0,31.0,15.0,0,0,GoldenHarvest Air Fresheners Large,Home Care,GoldenHarvest
SKU02866,45.0,47.0,19.0,0,0,PurePlus Laundry 2L,Home Care,PurePlus
SKU02867,150.5,73.0,24.5,0,0,PureLife Frozen Meat Medium,Frozen Foods,PureLife
SKU02868,141.0,96.0,42.0,0,0,EliteHome Chips & Crisps Pack of 12,Snacks & Confectionery,EliteHome
SKU02869,25.0,39.5,14.0,0,0,FamilyChoice Vitamins & Supplements Pack of 6,Health & Wellness,FamilyChoice
SKU02871,314.2068965517241,66.93103448275862,23.93103448275862,0,0,TrueTaste Hair Care Pack of 12,Personal Care,TrueTaste
SKU02872,40.333333333333336,48.666666666666664,13.333333333333334,0,0,HealthFirst Juices 500ml,Beverages,HealthFirst
SKU02873,21.0,78.0,18.0,0,0,NovaFresh Men's Grooming Medium,Personal Care,NovaFresh
SKU02874,34.0,53.0,20.333333333333332,0,0,UrbanBite Chips & Crisps Pack of 12,Snacks & Confectionery,UrbanBite
SKU02875,68.0,28.0,7.0,0,0,HealthFirst Skin Care 250g,Personal Care,HealthFirst
SKU02876,158.5,69.5,26.0,0,0,HomeStyle OTC Medicine Large,Health & Wellness,HomeStyle
SKU02878,153.0,64.0,22.5,0,0,TrueTaste Mobile Accessories 2kg,Electronics & Accessories,TrueTaste
SKU02879,142.0,57.0,13.0,0,0,CrispKing Chocolates 1kg,Snacks & Confectionery,CrispKing
SKU02881,183.0,63.0,29.0,0,0,NovaFresh Mobile Accessories 500g,Electronics & Accessories,NovaFresh
SKU02882,94.5,58.75,20.75,0,0,SunriseFoods Bread Medium,Dairy & Bakery,SunriseFoods
SKU02883,61.666666666666664,48.0,12.333333333333334,0,0,QuickBite Ice Cream 1kg,Frozen Foods,QuickBite
SKU02885,117.0,50.0,18.0,0,0,SmartBuy Coffee 250g,Beverages,SmartBuy
SKU02886,33.0,43.5,15.0,0,0,QuickBite Writing Instruments 250ml,Stationery & Office,QuickBite
SKU02887,67.0,97.0,44.0,0,0,TrueTaste Footwear Pack of 6,Apparel & Footwear,TrueTaste
SKU02888,105.8,60.2,23.0,0,0,CrispKing Soft Drinks Pack of 12,Beverages,CrispKing
SKU02889,64.0,55.0,14.0,0,0,CleanWave Cheese Large,Dairy & Bakery,CleanWave
SKU02890,125.33333333333333,56.666666666666664,20.666666666666668,0,0,ZestyCo Namkeen Medium,Snacks & Confectionery,ZestyCo
SKU02891,145.0,52.0,24.0,0,0,PurePlus Men's Grooming 1L,Personal Care,PurePlus
SKU02893,38.5,60.5,17.0,0,0,GoldenHarvest Yogurt 1kg,Dairy & Bakery,GoldenHarvest
SKU02894,93.5,49.0,19.5,0,0,EverydayPlus Frozen Vegetables Family Pack,Frozen Foods,EverydayPlus
SKU02897,236.4,53.2,17.466666666666665,0,0,SmartBuy Batteries 500ml,Electronics & Accessories,SmartBuy
SKU02900,93.0,33.0,9.0,0,0,CleanWave Small Appliances Pack of 12,Electronics & Accessories,CleanWave
SKU02901,69.5,50.5,22.0,0,0,UrbanBite Cookware 1kg,Home & Kitchen,UrbanBite
SKU02902,227.0,85.0,18.0,0,0,CityFresh Candy 1L,Snacks & Confectionery,CityFresh
SKU02904,59.0,31.0,9.0,0,0,ZestyCo Bath & Body Small,Personal Care,ZestyCo
SKU02905,94.0,75.66666666666667,30.333333333333332,0,0,FreshFarm Kids Wear 100g,Apparel & Footwear,FreshFarm
SKU02906,178.5,82.5,22.5,0,0,NovaFresh Air Fresheners Medium,Home Care,NovaFresh
SKU02907,242.25,57.357142857142854,19.892857142857142,0,0,NovaFresh Kids Wear Large,Apparel & Footwear,NovaFresh
SKU02908,42.5,69.5,24.5,0,0,MetroBrand Bottled Water 100g,Beverages,MetroBrand
SKU02909,51.333333333333336,42.333333333333336,16.333333333333332,0,0,CrispKing Bath & Body Pack of 6,Personal Care,CrispKing
SKU02910,99.0,52.0,21.0,0,0,DailyBest Yogurt 250g,Dairy & Bakery,DailyBest
SKU02911,270.10526315789474,54.421052631578945,20.68421052631579,0,0,FreshFarm Biscuits & Cookies 250ml,Snacks & Confectionery,FreshFarm
SKU02912,112.5,74.5,22.0,0,0,FreshFarm Bread 250ml,Dairy & Bakery,FreshFarm
SKU02915,231.16,55.84,16.96,0,0,ZestyCo Small Appliances 500ml,Electronics & Accessories,ZestyCo
SKU02917,62.5,82.0,26.0,0,0,HealthFirst Men's Wear 250g,Apparel & Footwear,HealthFirst
SKU02918,108.2,59.4,18.2,0,0,PurePlus Batteries Large,Electronics & Accessories,PurePlus
SKU02919,93.0,39.0,10.0,0,0,MetroBrand Coffee 2kg,Beverages,MetroBrand
SKU02920,71.5,45.0,12.0,0,0,EverydayPlus Rice & Grains 500ml,Grocery,EverydayPlus
SKU02921,76.33333333333333,71.66666666666667,28.333333333333332,0,0,MetroBrand Laundry 250g,Home Care,MetroBrand
SKU02925,171.5,64.0,24.0,0,0,NatureBlend Ready Meals 2kg,Frozen Foods,NatureBlend
SKU02926,43.5,56.0,21.0,0,0,EliteHome Small Appliances 2L,Electronics & Accessories,EliteHome
SKU02927,91.875,49.5,18.625,0,0,PurePlus Tea Large,Beverages,PurePlus
SKU02929,92.6,50.2,17.2,0,0,SmartBuy Chips & Crisps 2kg,Snacks & Confectionery,SmartBuy
SKU02931,83.0,64.66666666666667,19.0,0,0,FreshFarm Pest Control Large,Home Care,FreshFarm
SKU02932,92.5,45.0,15.5,0,0,FamilyChoice Women's Wear 250g,Apparel & Footwear,FamilyChoice
SKU02933,17.0,43.0,12.0,0,0,HomeStyle Bread 1kg,Dairy & Bakery,HomeStyle
SKU02934,85.0,45.5,14.0,0,0,GoldenHarvest Namkeen 500g,Snacks & Confectionery,GoldenHarvest
SKU02935,79.0,37.75,12.0,0,0,UrbanBite Bath & Body Pack of 12,Personal Care,UrbanBite
SKU02936,95.5,47.5,15.5,0,0,SmartBuy Skin Care 250ml,Personal Care,SmartBuy
SKU02937,155.0,75.33333333333333,24.333333333333332,0,0,SparkleClean Namkeen Pack of 12,Snacks & Confectionery,SparkleClean
SKU02938,294.60714285714283,64.96428571428571,24.142857142857142,0,0,MetroBrand Candy Pack of 6,Snacks & Confectionery,MetroBrand
SKU02939,18.0,21.0,6.0,0,0,PureLife Namkeen 100g,Snacks & Confectionery,PureLife
SKU02940,94.33333333333333,48.666666666666664,17.333333333333332,0,0,GoldenHarvest Surface Cleaners 2kg,Home Care,GoldenHarvest
SKU02941,55.0,22.0,7.0,0,0,DailyBest Oral Care 100g,Personal Care,DailyBest
SKU02942,93.75,56.25,20.75,0,0,PremiumSelect Hair Care 100g,Personal Care,PremiumSelect
SKU02943,77.0,75.33333333333333,27.666666666666668,0,0,NatureBlend Batteries 1L,Electronics & Accessories,NatureBlend
SKU02944,171.5,86.5,21.5,0,0,PurePlus Biscuits & Cookies 1kg,Snacks & Confectionery,PurePlus
SKU02945,141.0,54.0,17.0,0,0,PurePlus Storage & Containers 250g,Home & Kitchen,PurePlus
SKU02946,237.07407407407408,56.51851851851852,21.11111111111111,0,0,ValueChoice Women's Wear 500ml,Apparel & Footwear,ValueChoice
SKU02947,21.0,27.0,9.0,0,0,PurePlus Biscuits & Cookies 500ml,Snacks & Confectionery,PurePlus
SKU02948,54.0,61.0,29.0,0,0,SparkleClean Butter & Ghee Family Pack,Dairy & Bakery,SparkleClean
SKU02949,79.33333333333333,58.666666666666664,22.0,0,0,NatureBlend Chips & Crisps Pack of 6,Snacks & Confectionery,NatureBlend
SKU02951,98.0,74.0,32.0,0,0,FreshFarm Oral Care 1L,Personal Care,FreshFarm
SKU02955,100.0,77.0,19.0,0,0,DailyBest Mobile Accessories 100g,Electronics & Accessories,DailyBest
SKU02956,108.0,52.0,19.666666666666668,0,0,PremiumSelect Bread Large,Dairy & Bakery,PremiumSelect
SKU02957,103.66666666666667,80.33333333333333,26.0,0,0,SmartBuy Storage & Containers 1L,Home & Kitchen,SmartBuy
SKU02959,21.666666666666668,33.333333333333336,8.666666666666666,0,0,BasicNeeds Storage & Containers 2kg,Home & Kitchen,BasicNeeds
SKU02960,100.0,44.0,19.0,0,0,UrbanBite Candy Medium,Snacks & Confectionery,UrbanBite
SKU02961,117.0,68.5,28.5,0,0,UrbanBite Frozen Meat 250ml,Frozen Foods,UrbanBite
SKU02962,251.0,98.0,29.0,0,0,SoftTouch Footwear Large,Apparel & Footwear,SoftTouch
SKU02964,272.1923076923077,59.23076923076923,21.346153846153847,0,0,PremiumSelect Notebooks Pack of 6,Stationery & Office,PremiumSelect
SKU02965,94.33333333333333,51.0,17.0,0,0,PureLife Hair Care 1kg,Personal Care,PureLife
SKU02966,74.0,39.0,9.0,0,0,UrbanBite Pest Control Family Pack,Home Care,UrbanBite
SKU02967,140.33333333333334,76.66666666666667,23.666666666666668,0,0,EliteHome Vitamins & Supplements 500g,Health & Wellness,EliteHome
SKU02968,90.0,86.0,22.0,0,0,FamilyChoice First Aid 100g,Health & Wellness,FamilyChoice
SKU02969,309.27272727272725,69.36363636363636,22.5,0,0,QuickBite Cooking Oil 500ml,Grocery,QuickBite
SKU02971,117.0,79.0,24.333333333333332,0,0,GreenValley First Aid Large,Health & Wellness,GreenValley
SKU02972,177.0,98.0,48.0,0,0,EverydayPlus Office Supplies Medium,Stationery & Office,EverydayPlus
SKU02973,30.0,37.0,7.0,0,0,SunriseFoods Air Fresheners 2L,Home Care,SunriseFoods
SKU02974,116.5,55.5,14.0,0,0,CleanWave OTC Medicine Large,Health & Wellness,CleanWave
SKU02976,64.5,43.0,18.5,0,0,GreenValley Cookware 1L,Home & Kitchen,GreenValley
SKU02977,79.0,48.666666666666664,19.666666666666668,0,0,MetroBrand Women's Wear 500g,Apparel & Footwear,MetroBrand
SKU02978,35.0,31.0,10.0,0,0,NatureBlend Storage & Containers Small,Home & Kitchen,NatureBlend
SKU02980,234.0,82.0,31.0,0,0,EverydayPlus Men's Wear 500g,Apparel & Footwear,EverydayPlus
SKU02984,54.0,61.0,25.0,0,0,EliteHome Pulses & Lentils 250ml,Grocery,EliteHome
SKU02986,89.0,56.0,24.0,0,0,MetroBrand Spices & Seasoning 2L,Grocery,MetroBrand
SKU02987,115.33333333333333,62.333333333333336,19.0,0,0,NutriPlus Ready Meals Pack of 12,Frozen Foods,NutriPlus
SKU02988,114.66666666666667,64.66666666666667,23.833333333333332,0,0,NutriPlus Pest Control Pack of 12,Home Care,NutriPlus
SKU02989,81.0,62.5,22.5,0,0,TrueTaste Pest Control 500g,Home Care,TrueTaste
SKU02990,46.5,80.0,24.0,0,0,FamilyChoice Laundry 250ml,Home Care,FamilyChoice
SKU02991,115.0,49.5,17.5,0,0,FreshFarm Air Fresheners Pack of 6,Home Care,FreshFarm
SKU02992,37.0,20.0,7.0,0,0,PureLife Hair Care 1kg,Personal Care,PureLife
SKU02994,80.0,74.0,18.0,0,0,MetroBrand Ice Cream 2kg,Frozen Foods,MetroBrand
SKU02995,159.0,60.0,19.0,0,0,FamilyChoice Kids Wear Pack of 12,Apparel & Footwear,FamilyChoice
SKU02997,275.8333333333333,59.75,21.208333333333332,0,0,FreshFarm OTC Medicine 250g,Health & Wellness,FreshFarm
SKU02999,253.2,58.333333333333336,21.266666666666666,0,0,CleanWave Notebooks 500g,Stationery & Office,CleanWave
SKU03000,45.0,26.0,12.0,0,0,PrimeCare Soft Drinks Small,Beverages,PrimeCare
SKU03001,51.0,38.5,11.0,0,0,CrispKing Small Appliances 2L,Electronics & Accessories,CrispKing
SKU03003,107.0,50.666666666666664,14.666666666666666,0,0,HomeStyle Chocolates 250ml,Snacks & Confectionery,HomeStyle
SKU03005,283.76,62.32,21.84,0,0,NatureBlend Cooking Oil 500ml,Grocery,NatureBlend
SKU03006,173.0,64.0,20.0,0,0,TrueTaste Storage & Containers Pack of 12,Home & Kitchen,TrueTaste
SKU03007,113.0,50.0,20.0,0,0,PrimeCare Men's Wear Small,Apparel & Footwear,PrimeCare
SKU03009,101.25,69.5,23.5,0,0,NovaFresh Small Appliances Large,Electronics & Accessories,NovaFresh
SKU03010,147.0,64.5,18.5,0,0,NatureBlend Storage & Containers 250ml,Home & Kitchen,NatureBlend
SKU03011,99.0,40.0,14.0,0,0,CleanWave Juices Small,Beverages,CleanWave
SKU03013,71.66666666666667,46.333333333333336,18.666666666666668,0,0,NatureBlend Bottled Water 2L,Beverages,NatureBlend
SKU03014,225.55172413793105,51.41379310344828,16.862068965517242,0,0,NutriPlus Cheese 250ml,Dairy & Bakery,NutriPlus
SKU03015,98.75,53.25,19.75,0,0,NutriPlus Juices Medium,Beverages,NutriPlus
SKU03018,93.0,75.0,20.0,0,0,HomeStyle Cheese 1kg,Dairy & Bakery,HomeStyle
SKU03020,124.25,59.25,23.5,0,0,SunriseFoods First Aid 100g,Health & Wellness,SunriseFoods
SKU03021,126.0,73.0,20.5,0,0,TrueTaste OTC Medicine 100g,Health & Wellness,TrueTaste
SKU03023,178.0,96.0,29.0,0,0,ValueChoice Dishwashing 2L,Home Care,ValueChoice
SKU03024,132.0,48.0,13.0,0,0,NovaFresh Oral Care 1kg,Personal Care,NovaFresh
SKU03026,100.0,73.5,23.5,0,0,CityFresh Ice Cream Medium,Frozen Foods,CityFresh
SKU03027,56.5,50.5,22.5,0,0,PremiumSelect Vitamins & Supplements 100g,Health & Wellness,PremiumSelect
SKU03031,276.6896551724138,61.06896551724138,22.344827586206897,0,0,PureLife Chocolates Large,Snacks & Confectionery,PureLife
SKU03032,154.5,83.5,24.0,0,0,GoldenHarvest Chips & Crisps Pack of 6,Snacks & Confectionery,GoldenHarvest
SKU03033,165.0,87.0,39.0,0,0,TrueTaste Small Appliances 100g,Electronics & Accessories,TrueTaste
SKU03035,104.0,36.0,11.0,0,0,PrimeCare First Aid 250ml,Health & Wellness,PrimeCare
SKU03036,266.10714285714283,58.42857142857143,19.964285714285715,0,0,EverydayPlus Office Supplies 250g,Stationery & Office,EverydayPlus
SKU03037,158.0,72.0,18.0,0,0,ZestyCo Women's Wear Family Pack,Apparel & Footwear,ZestyCo
SKU03038,67.5,39.0,10.5,0,0,BasicNeeds Skin Care 1kg,Personal Care,BasicNeeds
SKU03040,206.5,78.0,22.0,0,0,CityFresh Cookware 1kg,Home & Kitchen,CityFresh
SKU03041,168.0,61.0,28.0,0,0,HealthFirst Pulses & Lentils Medium,Grocery,HealthFirst
SKU03042,194.0,99.0,44.0,0,0,CleanWave Mobile Accessories 2L,Electronics & Accessories,CleanWave
SKU03046,80.0,57.5,22.0,0,0,FreshFarm Namkeen 250ml,Snacks & Confectionery,FreshFarm
SKU03048,53.0,51.0,14.5,0,0,DailyBest Kids Wear 2L,Apparel & Footwear,DailyBest
SKU03050,48.0,65.0,20.0,0,0,SoftTouch Yogurt Family Pack,Dairy & Bakery,SoftTouch
SKU03051,156.5,79.5,27.0,0,0,ValueChoice Writing Instruments 250ml,Stationery & Office,ValueChoice
SKU03052,138.75,67.25,20.75,0,0,NovaFresh Cookware 2kg,Home & Kitchen,NovaFresh
SKU03055,118.0,82.0,30.0,0,0,CityFresh Butter & Ghee 500g,Dairy & Bakery,CityFresh
SKU03056,94.0,77.0,22.5,0,0,FreshFarm Batteries 1L,Electronics & Accessories,FreshFarm
SKU03058,274.73333333333335,62.1,21.8,0,0,UrbanBite Women's Wear Pack of 12,Apparel & Footwear,UrbanBite
SKU03059,70.0,60.0,22.0,0,0,BasicNeeds Dishwashing 2L,Home Care,BasicNeeds
SKU03060,78.5,63.5,30.0,0,0,SparkleClean Candy Pack of 12,Snacks & Confectionery,SparkleClean
SKU03061,49.0,68.0,16.5,0,0,DailyBest Office Supplies Family Pack,Stationery & Office,DailyBest
SKU03062,136.25,78.0,22.75,0,0,GreenValley Milk Pack of 12,Dairy & Bakery,GreenValley
SKU03066,169.0,76.33333333333333,25.333333333333332,0,0,CrispKing Eggs 500ml,Dairy & Bakery,CrispKing
SKU03067,129.0,80.0,27.0,0,0,ValueChoice Flour & Atta 2kg,Grocery,ValueChoice
SKU03068,142.0,76.0,25.5,0,0,GreenValley Pest Control Medium,Home Care,GreenValley
SKU03069,134.0,65.66666666666667,21.0,0,0,ZestyCo Writing Instruments Large,Stationery & Office,ZestyCo
SKU03070,102.5,49.5,12.5,0,0,NovaFresh Surface Cleaners 250ml,Home Care,NovaFresh
SKU03072,56.0,49.0,15.0,0,0,SparkleClean Cheese Family Pack,Dairy & Bakery,SparkleClean
SKU03073,316.35,68.15,26.75,0,0,PrimeCare Kids Wear 100g,Apparel & Footwear,PrimeCare
SKU03075,132.0,79.0,27.0,0,0,PrimeCare OTC Medicine Small,Health & Wellness,PrimeCare
SKU03076,48.0,87.0,22.0,0,0,MetroBrand Footwear 1L,Apparel & Footwear,MetroBrand
SKU03077,28.0,23.5,8.5,0,0,UrbanBite Ice Cream Small,Frozen Foods,UrbanBite
SKU03080,105.0,57.666666666666664,21.0,0,0,CityFresh Home Decor 500ml,Home & Kitchen,CityFresh
SKU03081,59.666666666666664,64.33333333333333,25.666666666666668,0,0,SparkleClean Cookware 500ml,Home & Kitchen,SparkleClean
SKU03082,210.0,83.0,32.0,0,0,GreenValley Biscuits & Cookies Medium,Snacks & Confectionery,GreenValley
SKU03083,149.33333333333334,75.0,28.333333333333332,0,0,ZestyCo Small Appliances 500g,Electronics & Accessories,ZestyCo
SKU03084,117.33333333333333,48.0,12.666666666666666,0,0,PrimeCare Flour & Atta 500g,Grocery,PrimeCare
SKU03086,98.5,75.5,26.0,0,0,PremiumSelect Ready Meals 2L,Frozen Foods,PremiumSelect
SKU03087,118.0,64.0,27.0,0,0,NatureBlend Men's Grooming Family Pack,Personal Care,NatureBlend
SKU03089,260.46666666666664,59.1,19.933333333333334,0,0,NovaFresh Storage & Containers Medium,Home & Kitchen,NovaFresh
SKU03090,274.6296296296296,62.77777777777778,23.333333333333332,0,0,FreshFarm Cooking Oil Medium,Grocery,FreshFarm
SKU03092,247.52380952380952,57.523809523809526,18.0,0,0,BasicNeeds Candy Pack of 6,Snacks & Confectionery,BasicNeeds
SKU03093,102.33333333333333,42.666666666666664,15.0,0,0,CleanWave Storage & Containers 1kg,Home & Kitchen,CleanWave
SKU03095,87.0,70.0,30.0,0,0,GoldenHarvest Batteries Small,Electronics & Accessories,GoldenHarvest
SKU03099,62.333333333333336,56.0,18.333333333333332,0,0,NutriPlus Bottled Water 500g,Beverages,NutriPlus
SKU03100,105.0,59.5,18.5,0,0,NovaFresh Men's Grooming Medium,Personal Care,NovaFresh
SKU03102,74.0,50.0,20.0,0,0,SmartBuy Mobile Accessories Family Pack,Electronics & Accessories,SmartBuy
SKU03103,223.0,77.0,24.0,0,0,CityFresh Soft Drinks Pack of 12,Beverages,CityFresh
SKU03104,172.0,61.0,27.0,0,0,QuickBite Oral Care 1kg,Personal Care,QuickBite
SKU03105,282.58620689655174,60.827586206896555,19.862068965517242,0,0,MetroBrand Candy 250ml,Snacks & Confectionery,MetroBrand
SKU03106,65.25,52.0,19.25,0,0,EliteHome Chocolates Pack of 6,Snacks & Confectionery,EliteHome
SKU03107,103.5,69.5,16.0,0,0,SoftTouch Chocolates 250ml,Snacks & Confectionery,SoftTouch
SKU03108,262.26666666666665,58.06666666666667,20.2,0,0,CrispKing Namkeen 2kg,Snacks & Confectionery,CrispKing
SKU03109,35.0,57.5,17.5,0,0,SoftTouch Ice Cream 1kg,Frozen Foods,SoftTouch
SKU03111,96.0,54.333333333333336,23.333333333333332,0,0,QuickBite Air Fresheners 100g,Home Care,QuickBite
SKU03112,143.16666666666666,66.16666666666667,21.833333333333332,0,0,PureLife Air Fresheners 250g,Home Care,PureLife
SKU03113,75.0,38.0,19.0,0,0,NutriPlus Small Appliances 100g,Electronics & Accessories,NutriPlus
SKU03114,50.0,45.0,15.0,0,0,PurePlus Storage & Containers Small,Home & Kitchen,PurePlus
SKU03115,350.5,72.36666666666666,25.6,0,0,NutriPlus Frozen Vegetables 100g,Frozen Foods,NutriPlus
SKU03118,171.0,77.0,35.0,0,0,EliteHome Batteries 2L,Electronics & Accessories,EliteHome
SKU03119,183.0,67.0,23.5,0,0,CrispKing Soft Drinks 100g,Beverages,CrispKing
SKU03121,259.0,88.0,42.0,0,0,EverydayPlus Bottled Water 500ml,Beverages,EverydayPlus
SKU03123,247.0,96.0,42.0,0,0,SunriseFoods Vitamins & Supplements 250g,Health & Wellness,SunriseFoods
SKU03127,41.0,50.0,15.0,0,0,ZestyCo Spices & Seasoning Small,Grocery,ZestyCo
SKU03129,295.51724137931035,64.82758620689656,21.137931034482758,0,0,PurePlus Notebooks Family Pack,Stationery & Office,PurePlus
SKU03130,129.0,60.333333333333336,20.666666666666668,0,0,SoftTouch Small Appliances 500g,Electronics & Accessories,SoftTouch
SKU03131,69.0,77.0,31.0,0,0,QuickBite Tea Pack of 6,Beverages,QuickBite
SKU03132,79.0,57.333333333333336,21.666666666666668,0,0,NovaFresh Women's Wear 500ml,Apparel & Footwear,NovaFresh
SKU03133,99.5,82.0,22.0,0,0,SparkleClean Notebooks 100g,Stationery & Office,SparkleClean
SKU03135,151.0,93.0,34.0,0,0,EliteHome Bath & Body Pack of 12,Personal Care,EliteHome
SKU03136,83.0,76.5,32.0,0,0,CrispKing Laundry 1kg,Home Care,CrispKing
SKU03138,203.0,83.0,23.0,0,0,CleanWave Biscuits & Cookies Pack of 12,Snacks & Confectionery,CleanWave
SKU03139,279.88461538461536,60.23076923076923,22.307692307692307,0,0,TrueTaste Chocolates 2L,Snacks & Confectionery,TrueTaste
SKU03144,133.5,59.0,22.0,0,0,DailyBest Milk 1kg,Dairy & Bakery,DailyBest
SKU03146,114.33333333333333,52.333333333333336,22.333333333333332,0,0,NovaFresh Kids Wear 500ml,Apparel & Footwear,NovaFresh
SKU03147,101.0,51.333333333333336,14.666666666666666,0,0,NatureBlend Namkeen 100g,Snacks & Confectionery,NatureBlend
SKU03148,23.5,26.0,8.0,0,0,SmartBuy Storage & Containers 250ml,Home & Kitchen,SmartBuy
SKU03149,66.5,56.0,19.0,0,0,HomeStyle Frozen Vegetables 1kg,Frozen Foods,HomeStyle
SKU03150,264.96666666666664,61.1,20.4,0,0,ZestyCo Women's Wear 250g,Apparel & Footwear,ZestyCo
SKU03152,247.3846153846154,54.53846153846154,19.692307692307693,0,0,QuickBite Cheese 250ml,Dairy & Bakery,QuickBite
SKU03155,130.0,56.0,15.0,0,0,NutriPlus Juices Pack of 12,Beverages,NutriPlus
SKU03156,152.0,78.0,32.75,0,0,PureLife Butter & Ghee 1L,Dairy & Bakery,PureLife
SKU03159,68.0,61.0,20.5,0,0,FreshFarm Spices & Seasoning Pack of 12,Grocery,FreshFarm
SKU03160,41.0,65.0,21.0,0,0,MetroBrand Writing Instruments 1L,Stationery & Office,MetroBrand
SKU03161,48.333333333333336,60.333333333333336,16.0,0,0,SmartBuy Frozen Vegetables 100g,Frozen Foods,SmartBuy
SKU03162,108.0,50.0,20.0,0,0,SoftTouch Skin Care Large,Personal Care,SoftTouch
SKU03164,115.0,70.33333333333333,28.0,0,0,EliteHome Candy 500ml,Snacks & Confectionery,EliteHome
SKU03165,89.5,33.0,10.0,0,0,HealthFirst Skin Care 500g,Personal Care,HealthFirst
SKU03166,117.0,51.0,19.5,0,0,NatureBlend Cookware 250g,Home & Kitchen,NatureBlend
SKU03167,159.0,60.0,17.0,0,0,ValueChoice OTC Medicine 2kg,Health & Wellness,ValueChoice
SKU03168,123.2,57.0,21.8,0,0,HealthFirst Oral Care 1kg,Personal Care,HealthFirst
SKU03169,27.0,39.0,15.0,0,0,GoldenHarvest Cheese 1kg,Dairy & Bakery,GoldenHarvest
SKU03170,71.0,91.0,45.0,0,0,PrimeCare Pulses & Lentils 500ml,Grocery,PrimeCare
SKU03172,150.0,70.75,23.5,0,0,ZestyCo Tea 2kg,Beverages,ZestyCo
SKU03173,270.625,58.125,20.208333333333332,0,0,SparkleClean Kids Wear Large,Apparel & Footwear,SparkleClean
SKU03174,117.0,57.0,23.0,0,0,FamilyChoice Vitamins & Supplements Medium,Health & Wellness,FamilyChoice
SKU03177,262.3809523809524,60.904761904761905,22.285714285714285,0,0,BasicNeeds Juices Family Pack,Beverages,BasicNeeds
SKU03178,169.0,62.0,15.0,0,0,PremiumSelect Biscuits & Cookies 2L,Snacks & Confectionery,PremiumSelect
SKU03179,259.23333333333335,60.53333333333333,22.166666666666668,0,0,NatureBlend Skin Care 250ml,Personal Care,NatureBlend
SKU03180,85.33333333333333,44.666666666666664,15.666666666666666,0,0,GoldenHarvest Writing Instruments 1L,Stationery & Office,GoldenHarvest
SKU03182,118.0,58.333333333333336,21.0,0,0,SparkleClean Cookware 250ml,Home & Kitchen,SparkleClean
SKU03183,47.0,65.0,32.0,0,0,HealthFirst Namkeen Family Pack,Snacks & Confectionery,HealthFirst
SKU03184,83.75,58.25,20.25,0,0,BasicNeeds Cookware Pack of 6,Home & Kitchen,BasicNeeds
SKU03187,279.0,94.0,31.0,0,0,DailyBest Frozen Meat Large,Frozen Foods,DailyBest
SKU03188,254.0,95.0,28.0,0,0,HomeStyle Flour & Atta 500g,Grocery,HomeStyle
SKU03189,88.0,44.0,16.0,0,0,FamilyChoice Storage & Containers Pack of 12,Home & Kitchen,FamilyChoice
SKU03192,271.54545454545456,60.72727272727273,21.318181818181817,0,0,SoftTouch Yogurt 500g,Dairy & Bakery,SoftTouch
SKU03193,93.66666666666667,65.66666666666667,23.666666666666668,0,0,GoldenHarvest Juices 250ml,Beverages,GoldenHarvest
SKU03194,108.5,50.5,15.5,0,0,ZestyCo OTC Medicine Pack of 12,Health & Wellness,ZestyCo
SKU03196,76.0,31.0,14.0,0,0,MetroBrand Footwear 100g,Apparel & Footwear,MetroBrand
SKU03197,91.33333333333333,72.0,26.333333333333332,0,0,SunriseFoods Vitamins & Supplements 1kg,Health & Wellness,SunriseFoods
SKU03198,27.0,61.0,18.0,0,0,EverydayPlus Juices 500g,Beverages,EverydayPlus
SKU03200,162.5,80.0,26.5,0,0,PureLife Footwear Large,Apparel & Footwear,PureLife
SKU03201,31.333333333333332,38.666666666666664,10.666666666666666,0,0,PurePlus Soft Drinks Family Pack,Beverages,PurePlus
SKU03202,108.33333333333333,64.33333333333333,23.666666666666668,0,0,UrbanBite Writing Instruments Family Pack,Stationery & Office,UrbanBite
SKU03203,81.0,71.5,21.5,0,0,CleanWave Bottled Water 250g,Beverages,CleanWave
SKU03204,61.0,67.0,30.0,0,0,EverydayPlus Batteries 1L,Electronics & Accessories,EverydayPlus
SKU03207,41.666666666666664,40.0,11.333333333333334,0,0,QuickBite Sugar & Salt 2L,Grocery,QuickBite
SKU03208,200.0,84.33333333333333,28.333333333333332,0,0,PurePlus Storage & Containers Small,Home & Kitchen,PurePlus
SKU03209,95.0,38.0,14.0,0,0,GreenValley Namkeen 250ml,Snacks & Confectionery,GreenValley
SKU03210,258.95238095238096,56.523809523809526,22.61904761904762,0,0,EverydayPlus Ready Meals 100g,Frozen Foods,EverydayPlus
SKU03211,77.0,52.5,14.0,0,0,EliteHome Notebooks 500ml,Stationery & Office,EliteHome
SKU03212,146.0,72.0,30.0,0,0,QuickBite Small Appliances 500ml,Electronics & Accessories,QuickBite
SKU03215,150.0,77.5,30.0,0,0,SunriseFoods Energy Drinks Pack of 6,Beverages,SunriseFoods
SKU03216,122.0,72.0,28.0,0,0,EliteHome Small Appliances 500ml,Electronics & Accessories,EliteHome
SKU03218,43.0,51.333333333333336,19.333333333333332,0,0,BasicNeeds Butter & Ghee Family Pack,Dairy & Bakery,BasicNeeds
SKU03219,11.0,24.0,9.0,0,0,ValueChoice Surface Cleaners 1kg,Home Care,ValueChoice
SKU03220,236.52173913043478,56.869565217391305,18.73913043478261,0,0,CrispKing Energy Drinks Small,Beverages,CrispKing
SKU03221,99.0,48.0,18.0,0,0,ZestyCo Office Supplies 250g,Stationery & Office,ZestyCo
SKU03223,107.66666666666667,76.66666666666667,30.666666666666668,0,0,NovaFresh Bread 1L,Dairy & Bakery,NovaFresh
SKU03224,14.0,25.0,7.0,0,0,NatureBlend Frozen Vegetables Small,Frozen Foods,NatureBlend
SKU03228,135.0,61.0,22.0,0,0,ValueChoice Frozen Vegetables Small,Frozen Foods,ValueChoice
SKU03229,57.75,47.5,15.5,0,0,EverydayPlus Home Decor 1L,Home & Kitchen,EverydayPlus
SKU03230,268.46153846153845,58.69230769230769,20.076923076923077,0,0,SunriseFoods Oral Care Pack of 6,Personal Care,SunriseFoods
SKU03231,109.5,70.5,19.5,0,0,EliteHome Men's Wear Pack of 6,Apparel & Footwear,EliteHome
SKU03232,41.0,69.0,23.0,0,0,EverydayPlus Men's Wear 500ml,Apparel & Footwear,EverydayPlus
SKU03234,91.0,56.75,19.25,0,0,PurePlus Home Decor 2kg,Home & Kitchen,PurePlus
SKU03235,236.63333333333333,54.3,17.566666666666666,0,0,HomeStyle Footwear Family Pack,Apparel & Footwear,HomeStyle
SKU03237,67.33333333333333,86.0,27.666666666666668,0,0,FamilyChoice Kids Wear Pack of 6,Apparel & Footwear,FamilyChoice
SKU03240,117.0,71.0,24.333333333333332,0,0,EverydayPlus Mobile Accessories 1L,Electronics & Accessories,EverydayPlus
SKU03241,70.25,56.75,18.25,0,0,NovaFresh Yogurt 1kg,Dairy & Bakery,NovaFresh
SKU03242,135.5,54.0,23.0,0,0,FreshFarm Ice Cream 500g,Frozen Foods,FreshFarm
SKU03245,68.0,66.0,13.0,0,0,SunriseFoods Skin Care 2kg,Personal Care,SunriseFoods
SKU03246,64.0,38.0,14.0,0,0,GreenValley Footwear 1kg,Apparel & Footwear,GreenValley
SKU03249,58.5,64.0,25.0,0,0,EliteHome Sugar & Salt Small,Grocery,EliteHome
SKU03250,97.0,84.0,23.0,0,0,ValueChoice Mobile Accessories 1L,Electronics & Accessories,ValueChoice
SKU03252,139.0,53.0,19.0,0,0,GoldenHarvest Notebooks 500g,Stationery & Office,GoldenHarvest
SKU03254,287.5769230769231,63.61538461538461,23.03846153846154,0,0,NutriPlus Office Supplies Family Pack,Stationery & Office,NutriPlus
SKU03256,114.0,41.0,16.0,0,0,CityFresh Skin Care 500ml,Personal Care,CityFresh
SKU03257,292.9,63.4,23.433333333333334,0,0,PurePlus Skin Care 2kg,Personal Care,PurePlus
SKU03260,52.0,33.0,16.0,0,0,EverydayPlus Air Fresheners 100g,Home Care,EverydayPlus
SKU03264,234.0,92.0,37.0,0,0,HomeStyle Juices Pack of 6,Beverages,HomeStyle
SKU03265,35.0,57.5,19.0,0,0,EverydayPlus OTC Medicine Large,Health & Wellness,EverydayPlus
SKU03266,272.2413793103448,58.10344827586207,22.96551724137931,0,0,MetroBrand Skin Care 500ml,Personal Care,MetroBrand
SKU03267,109.33333333333333,59.333333333333336,27.333333333333332,0,0,EliteHome First Aid 1kg,Health & Wellness,EliteHome
SKU03268,72.5,38.5,13.5,0,0,NutriPlus Storage & Containers 1kg,Home & Kitchen,NutriPlus
SKU03269,34.0,43.0,11.0,0,0,PrimeCare Coffee 1kg,Beverages,PrimeCare
SKU03271,101.75,62.25,26.75,0,0,UrbanBite Ready Meals 100g,Frozen Foods,UrbanBite
SKU03273,142.0,54.0,13.5,0,0,NutriPlus Vitamins & Supplements Small,Health & Wellness,NutriPlus
SKU03275,62.666666666666664,52.666666666666664,18.0,0,0,FamilyChoice Vitamins & Supplements Pack of 12,Health & Wellness,FamilyChoice
SKU03276,115.0,55.0,21.5,0,0,ZestyCo Writing Instruments 500g,Stationery & Office,ZestyCo
SKU03277,245.14285714285714,52.5,18.035714285714285,0,0,DailyBest Dishwashing 500ml,Home Care,DailyBest
SKU03278,17.0,24.0,10.0,0,0,NutriPlus Cookware 250g,Home & Kitchen,NutriPlus
SKU03279,81.33333333333333,55.333333333333336,19.0,0,0,PurePlus Kids Wear 250g,Apparel & Footwear,PurePlus
SKU03281,340.3666666666667,72.7,25.333333333333332,0,0,SoftTouch Chips & Crisps Small,Snacks & Confectionery,SoftTouch
SKU03282,45.0,27.0,13.0,0,0,PremiumSelect Men's Wear Small,Apparel & Footwear,PremiumSelect
SKU03283,134.5,82.5,22.5,0,0,NutriPlus Chips & Crisps Large,Snacks & Confectionery,NutriPlus
SKU03284,247.0,56.88461538461539,20.115384615384617,0,0,TrueTaste Bath & Body Family Pack,Personal Care,TrueTaste
SKU03285,188.0,81.0,22.0,0,0,PrimeCare Biscuits & Cookies Family Pack,Snacks & Confectionery,PrimeCare
SKU03286,272.32,60.6,20.08,0,0,PremiumSelect Vitamins & Supplements Family Pack,Health & Wellness,PremiumSelect
SKU03287,147.5,69.0,19.0,0,0,MetroBrand Cheese 100g,Dairy & Bakery,MetroBrand
SKU03288,91.0,56.0,14.0,0,0,NutriPlus OTC Medicine Small,Health & Wellness,NutriPlus
SKU03291,238.69565217391303,51.391304347826086,18.82608695652174,0,0,PremiumSelect Writing Instruments 500g,Stationery & Office,PremiumSelect
SKU03294,115.66666666666667,56.333333333333336,23.0,0,0,SoftTouch Chips & Crisps 2kg,Snacks & Confectionery,SoftTouch
SKU03295,278.75,62.0625,22.0,0,0,SoftTouch Office Supplies 250g,Stationery & Office,SoftTouch
SKU03297,128.33333333333334,58.666666666666664,24.666666666666668,0,0,DailyBest Butter & Ghee 100g,Dairy & Bakery,DailyBest
SKU03300,125.5,69.0,28.0,0,0,PrimeCare Dishwashing 100g,Home Care,PrimeCare
SKU03302,106.66666666666667,65.83333333333333,26.333333333333332,0,0,SoftTouch Sugar & Salt Medium,Grocery,SoftTouch
SKU03303,259.0,95.0,45.0,0,0,ZestyCo Air Fresheners Large,Home Care,ZestyCo
SKU03304,84.5,58.0,24.5,0,0,PurePlus Bath & Body Family Pack,Personal Care,PurePlus
SKU03305,68.5,51.5,14.5,0,0,GoldenHarvest Footwear 100g,Apparel & Footwear,GoldenHarvest
SKU03306,146.5,76.0,28.0,0,0,FreshFarm Cookware Small,Home & Kitchen,FreshFarm
SKU03310,234.0,80.0,32.0,0,0,EliteHome Hair Care 250ml,Personal Care,EliteHome
SKU03311,253.58620689655172,56.758620689655174,20.655172413793103,0,0,QuickBite Bath & Body Large,Personal Care,QuickBite
SKU03312,112.33333333333333,64.66666666666667,23.333333333333332,0,0,BasicNeeds Office Supplies 100g,Stationery & Office,BasicNeeds
SKU03313,105.2,69.6,21.0,0,0,ValueChoice Home Decor Pack of 6,Home & Kitchen,ValueChoice
SKU03314,187.0,86.5,30.25,0,0,ValueChoice Rice & Grains Small,Grocery,ValueChoice
SKU03315,175.0,65.0,26.0,0,0,TrueTaste Oral Care Small,Personal Care,TrueTaste
SKU03317,187.0,100.0,41.0,0,0,CrispKing Frozen Meat Small,Frozen Foods,CrispKing
SKU03318,115.0,55.666666666666664,22.0,0,0,HealthFirst Eggs Large,Dairy & Bakery,HealthFirst
SKU03319,62.0,33.0,12.0,0,0,EverydayPlus Ice Cream Small,Frozen Foods,EverydayPlus
SKU03320,272.6666666666667,59.904761904761905,20.571428571428573,0,0,DailyBest Cookware 250g,Home & Kitchen,DailyBest
SKU03321,100.5,81.5,28.5,0,0,NutriPlus Chocolates 1kg,Snacks & Confectionery,NutriPlus
SKU03322,66.33333333333333,41.333333333333336,14.333333333333334,0,0,CityFresh Mobile Accessories 2kg,Electronics & Accessories,CityFresh
SKU03324,48.0,69.5,21.5,0,0,NovaFresh Storage & Containers 250ml,Home & Kitchen,NovaFresh
SKU03325,63.666666666666664,36.333333333333336,16.333333333333332,0,0,SmartBuy Eggs 1kg,Dairy & Bakery,SmartBuy
SKU03327,118.0,51.333333333333336,17.666666666666668,0,0,CrispKing Frozen Meat 250g,Frozen Foods,CrispKing
SKU03328,139.5,72.0,28.0,0,0,HealthFirst Ice Cream Small,Frozen Foods,HealthFirst
SKU03329,87.66666666666667,63.333333333333336,25.0,0,0,SoftTouch Bath & Body Pack of 6,Personal Care,SoftTouch
SKU03330,93.0,51.0,25.0,0,0,ZestyCo Kids Wear Family Pack,Apparel & Footwear,ZestyCo
SKU03332,105.75,56.5,20.0,0,0,EliteHome Namkeen 2kg,Snacks & Confectionery,EliteHome
SKU03333,27.0,48.0,17.0,0,0,UrbanBite Footwear Large,Apparel & Footwear,UrbanBite
SKU03334,68.5,55.25,20.5,0,0,CleanWave Candy 1L,Snacks & Confectionery,CleanWave
SKU03337,178.5,67.0,21.0,0,0,TrueTaste Oral Care Small,Personal Care,TrueTaste
SKU03339,78.5,35.5,14.0,0,0,NatureBlend Surface Cleaners Family Pack,Home Care,NatureBlend
SKU03340,14.0,27.0,12.0,0,0,DailyBest Small Appliances 250ml,Electronics & Accessories,DailyBest
SKU03341,187.0,100.0,28.0,0,0,CleanWave Bottled Water 500g,Beverages,CleanWave
SKU03342,149.5,60.5,19.5,0,0,DailyBest Vitamins & Supplements 2L,Health & Wellness,DailyBest
SKU03343,136.0,68.0,26.0,0,0,SoftTouch Oral Care 1L,Personal Care,SoftTouch
SKU03346,231.0,96.0,48.0,0,0,MetroBrand Frozen Vegetables 250ml,Frozen Foods,MetroBrand
SKU03347,266.0689655172414,56.55172413793103,21.275862068965516,0,0,HealthFirst Energy Drinks 250ml,Beverages,HealthFirst
SKU03349,267.2307692307692,59.19230769230769,22.423076923076923,0,0,GreenValley Tea 500g,Beverages,GreenValley
SKU03350,30.0,22.0,11.0,0,0,PureLife Pest Control Medium,Home Care,PureLife
SKU03351,12.0,24.0,10.0,0,0,HomeStyle Pulses & Lentils 1kg,Grocery,HomeStyle
SKU03352,90.0,39.0,16.0,0,0,NovaFresh First Aid 1kg,Health & Wellness,NovaFresh
SKU03357,269.037037037037,59.74074074074074,21.333333333333332,0,0,EliteHome Storage & Containers Large,Home & Kitchen,EliteHome
SKU03358,39.5,33.0,11.0,0,0,SmartBuy Kids Wear Small,Apparel & Footwear,SmartBuy
SKU03359,85.0,56.0,20.5,0,0,SunriseFoods Rice & Grains 2kg,Grocery,SunriseFoods
SKU03360,91.0,38.0,11.0,0,0,EverydayPlus Men's Grooming Medium,Personal Care,EverydayPlus
SKU03361,31.0,45.0,18.0,0,0,PremiumSelect Office Supplies 500g,Stationery & Office,PremiumSelect
SKU03362,251.39285714285714,56.035714285714285,20.035714285714285,0,0,DailyBest Frozen Vegetables 1kg,Frozen Foods,DailyBest
SKU03363,85.75,63.25,22.5,0,0,CleanWave Energy Drinks 250ml,Beverages,CleanWave
SKU03365,127.5,53.0,16.5,0,0,FreshFarm Bread 1kg,Dairy & Bakery,FreshFarm
SKU03367,94.5,49.0,18.0,0,0,FreshFarm Chocolates 2kg,Snacks & Confectionery,FreshFarm
SKU03368,106.0,39.0,11.0,0,0,PrimeCare Home Decor 250ml,Home & Kitchen,PrimeCare
SKU03370,158.0,72.5,24.5,0,0,GoldenHarvest Notebooks 500ml,Stationery & Office,GoldenHarvest
SKU03371,27.0,38.0,15.0,0,0,CityFresh Kids Wear 500ml,Apparel & Footwear,CityFresh
SKU03372,110.0,41.0,11.0,0,0,PurePlus Yogurt Family Pack,Dairy & Bakery,PurePlus
SKU03373,44.333333333333336,50.333333333333336,16.666666666666668,0,0,GoldenHarvest Kids Wear 500ml,Apparel & Footwear,GoldenHarvest
SKU03374,63.0,85.0,41.0,0,0,EliteHome Candy 250g,Snacks & Confectionery,EliteHome
SKU03375,262.9310344827586,61.0,23.413793103448278,0,0,EliteHome Butter & Ghee Pack of 12,Dairy & Bakery,EliteHome
SKU03376,289.77777777777777,63.666666666666664,21.59259259259259,0,0,SmartBuy Biscuits & Cookies Pack of 12,Snacks & Confectionery,SmartBuy
SKU03377,52.0,40.0,12.0,0,0,NatureBlend Tea 1kg,Beverages,NatureBlend
SKU03380,178.0,66.0,30.0,0,0,ZestyCo Coffee 500g,Beverages,ZestyCo
SKU03381,101.0,39.0,18.0,0,0,BasicNeeds Bath & Body 500g,Personal Care,BasicNeeds
SKU03383,142.33333333333334,76.0,18.333333333333332,0,0,NovaFresh Pulses & Lentils 1kg,Grocery,NovaFresh
SKU03385,143.33333333333334,77.0,21.333333333333332,0,0,CleanWave Bottled Water Small,Beverages,CleanWave
SKU03386,55.0,96.0,31.0,0,0,SunriseFoods Spices & Seasoning Medium,Grocery,SunriseFoods
SKU03387,72.0,85.0,30.0,0,0,SunriseFoods Flour & Atta 1L,Grocery,SunriseFoods
SKU03389,63.0,50.0,18.0,0,0,FreshFarm Frozen Vegetables 2kg,Frozen Foods,FreshFarm
SKU03390,139.0,56.0,24.0,0,0,SoftTouch Footwear Large,Apparel & Footwear,SoftTouch
SKU03391,145.66666666666666,64.33333333333333,19.333333333333332,0,0,PurePlus Batteries 1kg,Electronics & Accessories,PurePlus
SKU03392,74.0,33.0,15.0,0,0,CleanWave Ready Meals 100g,Frozen Foods,CleanWave
SKU03395,128.0,61.5,23.5,0,0,FamilyChoice Rice & Grains Large,Grocery,FamilyChoice
SKU03396,56.0,25.0,7.0,0,0,EverydayPlus OTC Medicine Large,Health & Wellness,EverydayPlus
SKU03398,61.0,23.0,9.0,0,0,CityFresh Home Decor Pack of 6,Home & Kitchen,CityFresh
SKU03402,87.0,63.666666666666664,22.333333333333332,0,0,SoftTouch Frozen Vegetables 100g,Frozen Foods,SoftTouch
SKU03403,122.5,58.5,24.0,0,0,BasicNeeds Writing Instruments Pack of 12,Stationery & Office,BasicNeeds
SKU03404,128.0,76.5,33.5,0,0,SoftTouch Batteries Medium,Electronics & Accessories,SoftTouch
SKU03405,77.0,47.0,13.5,0,0,PurePlus Men's Grooming 500g,Personal Care,PurePlus
SKU03407,131.0,57.0,24.0,0,0,CrispKing Small Appliances 500ml,Electronics & Accessories,CrispKing
SKU03409,42.5,26.5,9.5,0,0,MetroBrand Chocolates Family Pack,Snacks & Confectionery,MetroBrand
SKU03410,176.0,61.0,25.0,0,0,SparkleClean Air Fresheners Large,Home Care,SparkleClean
SKU03411,82.0,66.0,20.0,0,0,FreshFarm Sugar & Salt 2L,Grocery,FreshFarm
SKU03412,128.25,61.75,18.75,0,0,SoftTouch Chips & Crisps Family Pack,Snacks & Confectionery,SoftTouch
SKU03413,80.5,44.0,15.5,0,0,DailyBest Pest Control 1kg,Home Care,DailyBest
SKU03414,237.0,53.89655172413793,18.82758620689655,0,0,SoftTouch Women's Wear Family Pack,Apparel & Footwear,SoftTouch
SKU03415,181.0,98.0,39.0,0,0,EliteHome Men's Wear 500ml,Apparel & Footwear,EliteHome
SKU03416,263.4074074074074,62.77777777777778,20.703703703703702,0,0,NutriPlus Bread 1L,Dairy & Bakery,NutriPlus
SKU03417,111.33333333333333,58.666666666666664,22.333333333333332,0,0,FreshFarm Air Fresheners 100g,Home Care,FreshFarm
SKU03418,68.5,36.0,12.5,0,0,PurePlus Soft Drinks 500g,Beverages,PurePlus
SKU03419,71.5,82.5,26.5,0,0,EliteHome Men's Wear 500g,Apparel & Footwear,EliteHome
SKU03420,71.66666666666667,38.333333333333336,12.333333333333334,0,0,QuickBite Candy 1L,Snacks & Confectionery,QuickBite
SKU03421,87.0,49.333333333333336,19.666666666666668,0,0,DailyBest Footwear 500g,Apparel & Footwear,DailyBest
SKU03422,95.0,59.0,15.0,0,0,MetroBrand Cookware 250g,Home & Kitchen,MetroBrand
SKU03423,93.5,42.0,15.0,0,0,DailyBest Small Appliances Pack of 6,Electronics & Accessories,DailyBest
SKU03424,146.0,81.0,37.0,0,0,EverydayPlus Yogurt Large,Dairy & Bakery,EverydayPlus
SKU03428,251.72413793103448,57.86206896551724,20.24137931034483,0,0,TrueTaste Home Decor 500ml,Home & Kitchen,TrueTaste
SKU03430,101.5,69.5,22.0,0,0,PremiumSelect Flour & Atta 250g,Grocery,PremiumSelect
SKU03434,133.0,78.0,19.0,0,0,ZestyCo Milk Medium,Dairy & Bakery,ZestyCo
SKU03435,69.0,53.333333333333336,15.666666666666666,0,0,DailyBest Men's Wear Medium,Apparel & Footwear,DailyBest
SKU03436,277.5,65.75,21.428571428571427,0,0,SparkleClean Chips & Crisps Pack of 12,Snacks & Confectionery,SparkleClean
SKU03437,249.0,98.5,28.0,0,0,QuickBite Air Fresheners 250g,Home Care,QuickBite
SKU03438,42.0,52.0,14.0,0,0,EliteHome Batteries 250g,Electronics & Accessories,EliteHome
SKU03439,62.0,51.333333333333336,15.333333333333334,0,0,UrbanBite First Aid 1kg,Health & Wellness,UrbanBite
SKU03440,86.0,58.0,21.0,0,0,NutriPlus Home Decor 500g,Home & Kitchen,NutriPlus
SKU03441,273.17857142857144,61.035714285714285,22.75,0,0,HomeStyle Bottled Water 1L,Beverages,HomeStyle
SKU03442,102.0,40.0,10.0,0,0,ValueChoice Butter & Ghee 250ml,Dairy & Bakery,ValueChoice
SKU03443,41.0,54.0,18.0,0,0,MetroBrand Notebooks Small,Stationery & Office,MetroBrand
SKU03444,171.5,71.5,21.5,0,0,HealthFirst Frozen Meat 250g,Frozen Foods,HealthFirst
SKU03445,126.0,46.0,15.0,0,0,CityFresh Chips & Crisps Pack of 12,Snacks & Confectionery,CityFresh
SKU03446,244.0,93.0,31.0,0,0,HomeStyle Bread Family Pack,Dairy & Bakery,HomeStyle
SKU03447,78.25,48.25,18.0,0,0,GreenValley Men's Grooming 250g,Personal Care,GreenValley
SKU03448,52.0,56.333333333333336,23.333333333333332,0,0,ValueChoice Ice Cream Pack of 6,Frozen Foods,ValueChoice
SKU03449,112.5,46.5,11.5,0,0,NatureBlend Cheese 1L,Dairy & Bakery,NatureBlend
SKU03450,70.0,27.0,12.0,0,0,UrbanBite OTC Medicine 250g,Health & Wellness,UrbanBite
SKU03451,15.0,33.0,10.0,0,0,SunriseFoods Pest Control 2kg,Home Care,SunriseFoods
SKU03452,70.6,43.0,14.0,0,0,PrimeCare First Aid Small,Health & Wellness,PrimeCare
SKU03453,85.5,37.5,14.5,0,0,ZestyCo Juices Large,Beverages,ZestyCo
SKU03454,279.55555555555554,59.629629629629626,20.77777777777778,0,0,QuickBite OTC Medicine 250ml,Health & Wellness,QuickBite
SKU03455,49.0,23.0,6.0,0,0,FreshFarm Notebooks 250g,Stationery & Office,FreshFarm
SKU03457,275.5925925925926,59.592592592592595,22.25925925925926,0,0,PremiumSelect Cheese Medium,Dairy & Bakery,PremiumSelect
SKU03458,92.5,49.5,17.5,0,0,SoftTouch Batteries 2L,Electronics & Accessories,SoftTouch
SKU03461,48.0,46.25,16.0,0,0,FreshFarm Frozen Vegetables Small,Frozen Foods,FreshFarm
SKU03462,105.66666666666667,67.0,20.333333333333332,0,0,HealthFirst Mobile Accessories 500ml,Electronics & Accessories,HealthFirst
SKU03463,39.666666666666664,32.0,13.333333333333334,0,0,TrueTaste First Aid 2L,Health & Wellness,TrueTaste
SKU03466,99.0,61.75,20.0,0,0,NatureBlend Dishwashing Large,Home Care,NatureBlend
SKU03467,240.9,56.45,20.85,0,0,PureLife Spices & Seasoning 2L,Grocery,PureLife
SKU03469,123.5,75.5,23.5,0,0,PremiumSelect Laundry Large,Home Care,PremiumSelect
SKU03470,31.0,40.0,14.5,0,0,HealthFirst Tea Pack of 6,Beverages,HealthFirst
SKU03471,74.66666666666667,49.333333333333336,21.0,0,0,TrueTaste Notebooks Small,Stationery & Office,TrueTaste
SKU03472,120.5,68.0,25.5,0,0,HomeStyle Chocolates 1kg,Snacks & Confectionery,HomeStyle
SKU03474,182.0,95.0,27.0,0,0,FreshFarm Air Fresheners 2L,Home Care,FreshFarm
SKU03475,195.5,71.5,24.5,0,0,DailyBest Men's Wear 250g,Apparel & Footwear,DailyBest
SKU03477,29.0,54.0,18.0,0,0,GreenValley Footwear Large,Apparel & Footwear,GreenValley
SKU03478,206.0,79.0,21.5,0,0,GreenValley Candy 2L,Snacks & Confectionery,GreenValley
SKU03479,80.0,77.0,24.0,0,0,SparkleClean Cookware Small,Home & Kitchen,SparkleClean
SKU03480,119.0,73.0,28.5,0,0,MetroBrand Men's Wear 500g,Apparel & Footwear,MetroBrand
SKU03481,36.0,73.0,27.0,0,0,SoftTouch Surface Cleaners 1kg,Home Care,SoftTouch
SKU03483,125.0,77.0,30.0,0,0,HealthFirst Cooking Oil 500ml,Grocery,HealthFirst
SKU03484,265.26666666666665,59.1,20.4,0,0,QuickBite Footwear Large,Apparel & Footwear,QuickBite
SKU03485,66.25,55.0,16.0,0,0,EliteHome Office Supplies Medium,Stationery & Office,EliteHome
SKU03486,92.0,84.0,20.0,0,0,HomeStyle Air Fresheners 250ml,Home Care,HomeStyle
SKU03487,105.66666666666667,52.666666666666664,17.0,0,0,GreenValley Frozen Vegetables Family Pack,Frozen Foods,GreenValley
SKU03488,210.5,92.0,32.5,0,0,GreenValley Pest Control Small,Home Care,GreenValley
SKU03490,110.0,48.0,13.0,0,0,CityFresh First Aid 250g,Health & Wellness,CityFresh
SKU03491,311.1666666666667,64.33333333333333,22.166666666666668,0,0,SoftTouch Batteries 250g,Electronics & Accessories,SoftTouch
SKU03492,275.67857142857144,59.535714285714285,22.428571428571427,0,0,QuickBite Office Supplies Small,Stationery & Office,QuickBite
SKU03493,269.2857142857143,61.892857142857146,23.428571428571427,0,0,CityFresh Office Supplies 500g,Stationery & Office,CityFresh
SKU03494,128.25,61.5,22.5,0,0,NatureBlend Surface Cleaners 2kg,Home Care,NatureBlend
SKU03495,93.4,57.6,24.0,0,0,ZestyCo Notebooks 500ml,Stationery & Office,ZestyCo
SKU03498,119.4,61.4,23.2,0,0,PurePlus Vitamins & Supplements Pack of 12,Health & Wellness,PurePlus
SKU03500,122.0,60.0,25.0,0,0,EliteHome Mobile Accessories 1L,Electronics & Accessories,EliteHome
SKU03501,131.0,57.0,22.0,0,0,SoftTouch Energy Drinks Small,Beverages,SoftTouch
SKU03502,50.5,38.0,10.5,0,0,ValueChoice Flour & Atta 1L,Grocery,ValueChoice
SKU03503,112.5,51.5,20.75,0,0,TrueTaste Hair Care 500ml,Personal Care,TrueTaste
SKU03504,284.9655172413793,64.24137931034483,21.0,0,0,NovaFresh Frozen Vegetables 1L,Frozen Foods,NovaFresh
SKU03505,140.0,57.0,23.5,0,0,QuickBite Mobile Accessories Family Pack,Electronics & Accessories,QuickBite
SKU03506,64.66666666666667,49.666666666666664,19.333333333333332,0,0,PremiumSelect Air Fresheners 100g,Home Care,PremiumSelect
SKU03507,44.5,29.0,10.5,0,0,SparkleClean Frozen Meat 1L,Frozen Foods,SparkleClean
SKU03508,53.5,48.5,22.5,0,0,NutriPlus Office Supplies 100g,Stationery & Office,NutriPlus
SKU03512,131.0,77.0,37.0,0,0,SunriseFoods Laundry Pack of 6,Home Care,SunriseFoods
SKU03513,124.5,55.0,15.0,0,0,EliteHome Writing Instruments 500ml,Stationery & Office,EliteHome
SKU03514,106.5,62.5,25.5,0,0,NutriPlus Office Supplies 100g,Stationery & Office,NutriPlus
SKU03515,146.5,71.75,21.25,0,0,GreenValley Frozen Meat Family Pack,Frozen Foods,GreenValley
SKU03518,219.66666666666666,83.66666666666667,31.0,0,0,CityFresh Chocolates Pack of 6,Snacks & Confectionery,CityFresh
SKU03519,163.33333333333334,75.33333333333333,20.333333333333332,0,0,FreshFarm Laundry 250ml,Home Care,FreshFarm
SKU03520,253.07692307692307,58.73076923076923,20.23076923076923,0,0,PrimeCare Candy Pack of 6,Snacks & Confectionery,PrimeCare
SKU03521,237.0,81.5,29.5,0,0,SmartBuy Coffee 500g,Beverages,SmartBuy
SKU03522,44.0,38.0,14.0,0,0,UrbanBite Soft Drinks Medium,Beverages,UrbanBite
SKU03523,292.3103448275862,60.93103448275862,19.137931034482758,0,0,GoldenHarvest Vitamins & Supplements 500ml,Health & Wellness,GoldenHarvest
SKU03525,98.75,59.75,17.25,0,0,GoldenHarvest OTC Medicine Medium,Health & Wellness,GoldenHarvest
SKU03526,48.0,23.0,11.0,0,0,QuickBite Laundry 2L,Home Care,QuickBite
SKU03528,185.0,79.0,22.0,0,0,CityFresh Kids Wear 2L,Apparel & Footwear,CityFresh
SKU03529,24.0,29.0,10.0,0,0,FamilyChoice Ice Cream Pack of 6,Frozen Foods,FamilyChoice
SKU03530,204.0,71.0,18.0,0,0,FamilyChoice Small Appliances 2kg,Electronics & Accessories,FamilyChoice
SKU03531,125.0,78.0,27.0,0,0,SparkleClean Small Appliances 500g,Electronics & Accessories,SparkleClean
SKU03532,190.0,99.0,23.0,0,0,SparkleClean Rice & Grains 100g,Grocery,SparkleClean
SKU03536,26.0,42.0,17.0,0,0,SparkleClean Tea Medium,Beverages,SparkleClean
SKU03538,104.0,45.5,12.0,0,0,CleanWave Notebooks 1kg,Stationery & Office,CleanWave
SKU03539,135.0,67.0,19.5,0,0,GoldenHarvest Writing Instruments Pack of 12,Stationery & Office,GoldenHarvest
SKU03540,87.0,40.666666666666664,13.333333333333334,0,0,NutriPlus Namkeen Pack of 6,Snacks & Confectionery,NutriPlus
SKU03541,132.5,79.5,38.5,0,0,HealthFirst Hair Care 100g,Personal Care,HealthFirst
SKU03542,97.5,67.75,26.0,0,0,DailyBest OTC Medicine 2L,Health & Wellness,DailyBest
SKU03544,244.5,85.0,23.5,0,0,CrispKing Eggs 250ml,Dairy & Bakery,CrispKing
SKU03545,137.0,84.0,25.0,0,0,DailyBest Oral Care 2kg,Personal Care,DailyBest
SKU03547,105.0,59.5,13.5,0,0,EliteHome Eggs Family Pack,Dairy & Bakery,EliteHome
SKU03548,268.5,58.9,20.7,0,0,CrispKing Oral Care Pack of 12,Personal Care,CrispKing
SKU03550,81.0,64.0,21.5,0,0,NatureBlend Footwear 100g,Apparel & Footwear,NatureBlend
SKU03551,105.25,49.5,17.25,0,0,CleanWave Tea 100g,Beverages,CleanWave
SKU03552,154.0,78.0,29.0,0,0,CityFresh Chips & Crisps Small,Snacks & Confectionery,CityFresh
SKU03553,45.5,29.0,14.0,0,0,PremiumSelect Candy 500ml,Snacks & Confectionery,PremiumSelect
SKU03556,97.0,50.5,23.5,0,0,SparkleClean Ice Cream 250ml,Frozen Foods,SparkleClean
SKU03557,72.0,27.0,8.0,0,0,EverydayPlus Tea Pack of 12,Beverages,EverydayPlus
SKU03558,22.0,29.0,14.0,0,0,PrimeCare Men's Wear Pack of 12,Apparel & Footwear,PrimeCare
SKU03559,21.0,29.0,14.0,0,0,ZestyCo Surface Cleaners 1kg,Home Care,ZestyCo
SKU03560,124.0,71.5,22.0,0,0,UrbanBite Home Decor Pack of 12,Home & Kitchen,UrbanBite
SKU03562,232.06666666666666,55.13333333333333,21.4,0,0,CleanWave Office Supplies 2kg,Stationery & Office,CleanWave
SKU03564,61.0,75.0,30.0,0,0,GoldenHarvest Candy Family Pack,Snacks & Confectionery,GoldenHarvest
SKU03567,130.0,52.5,17.0,0,0,EliteHome Bath & Body 2L,Personal Care,EliteHome
SKU03568,131.6,68.0,21.0,0,0,CrispKing Butter & Ghee Pack of 6,Dairy & Bakery,CrispKing
SKU03569,47.0,23.0,5.0,0,0,CrispKing Batteries Small,Electronics & Accessories,CrispKing
SKU03570,125.33333333333333,64.0,28.333333333333332,0,0,GreenValley Eggs 250g,Dairy & Bakery,GreenValley
SKU03571,50.0,20.0,5.0,0,0,ZestyCo OTC Medicine Small,Health & Wellness,ZestyCo
SKU03572,73.0,55.0,20.0,0,0,CrispKing Frozen Vegetables 2kg,Frozen Foods,CrispKing
SKU03573,108.0,37.0,8.0,0,0,BasicNeeds Footwear 500g,Apparel & Footwear,BasicNeeds
SKU03574,291.8095238095238,60.80952380952381,22.571428571428573,0,0,SmartBuy Writing Instruments 500ml,Stationery & Office,SmartBuy
SKU03576,14.0,21.0,5.0,0,0,DailyBest Writing Instruments Pack of 6,Stationery & Office,DailyBest
SKU03579,98.33333333333333,56.5,22.5,0,0,EverydayPlus Men's Grooming 100g,Personal Care,EverydayPlus
SKU03580,228.92857142857142,51.142857142857146,17.071428571428573,0,0,MetroBrand OTC Medicine Small,Health & Wellness,MetroBrand
SKU03581,62.0,48.0,22.0,0,0,ZestyCo Batteries 100g,Electronics & Accessories,ZestyCo
SKU03582,238.75,54.375,18.875,0,0,CleanWave Cookware 1kg,Home & Kitchen,CleanWave
SKU03583,244.36,57.52,20.68,0,0,FreshFarm Hair Care 250ml,Personal Care,FreshFarm
SKU03584,115.0,61.0,26.0,0,0,MetroBrand Writing Instruments Pack of 12,Stationery & Office,MetroBrand
SKU03588,75.0,76.5,29.0,0,0,QuickBite Frozen Vegetables Small,Frozen Foods,QuickBite
SKU03589,41.0,75.0,28.0,0,0,PureLife Small Appliances 100g,Electronics & Accessories,PureLife
SKU03590,70.0,51.0,18.0,0,0,ValueChoice Women's Wear Small,Apparel & Footwear,ValueChoice
SKU03591,114.33333333333333,64.0,24.0,0,0,MetroBrand Chips & Crisps 1kg,Snacks & Confectionery,MetroBrand
SKU03592,245.5,54.733333333333334,20.3,0,0,PureLife Cheese Large,Dairy & Bakery,PureLife
SKU03593,59.5,23.0,7.5,0,0,SoftTouch Office Supplies Family Pack,Stationery & Office,SoftTouch
SKU03594,84.0,71.0,21.0,0,0,EliteHome Laundry 250g,Home Care,EliteHome
SKU03595,134.0,77.0,34.0,0,0,ZestyCo Chocolates 250g,Snacks & Confectionery,ZestyCo
SKU03596,62.5,61.0,19.5,0,0,EverydayPlus Writing Instruments Pack of 12,Stationery & Office,EverydayPlus
SKU03597,126.0,68.0,24.333333333333332,0,0,GreenValley Laundry 500g,Home Care,GreenValley
SKU03598,121.25,70.75,25.0,0,0,CleanWave Notebooks Family Pack,Stationery & Office,CleanWave
SKU03599,32.0,37.0,8.0,0,0,UrbanBite Office Supplies 2L,Stationery & Office,UrbanBite
SKU03600,279.26666666666665,64.03333333333333,22.5,0,0,CrispKing Storage & Containers 2L,Home & Kitchen,CrispKing
SKU03601,127.6,70.6,28.4,0,0,PrimeCare Frozen Vegetables Medium,Frozen Foods,PrimeCare
SKU03602,265.4761904761905,60.904761904761905,23.857142857142858,0,0,MetroBrand Men's Wear 1kg,Apparel & Footwear,MetroBrand
SKU03603,289.9655172413793,64.17241379310344,20.413793103448278,0,0,NatureBlend Writing Instruments 2L,Stationery & Office,NatureBlend
SKU03604,44.5,52.5,18.0,0,0,NovaFresh Eggs Family Pack,Dairy & Bakery,NovaFresh
SKU03606,86.25,55.0,14.25,0,0,ZestyCo Cheese 500g,Dairy & Bakery,ZestyCo
SKU03608,108.5,70.0,29.5,0,0,PureLife Ready Meals 250ml,Frozen Foods,PureLife
SKU03609,313.06666666666666,66.93333333333334,21.7,0,0,CityFresh Pulses & Lentils 250g,Grocery,CityFresh
SKU03610,88.0,64.0,16.0,0,0,GreenValley Frozen Vegetables 500g,Frozen Foods,GreenValley
SKU03611,47.0,46.0,14.0,0,0,CityFresh Candy Medium,Snacks & Confectionery,CityFresh
SKU03613,84.0,41.0,17.4,0,0,FamilyChoice Ready Meals 250ml,Frozen Foods,FamilyChoice
SKU03615,64.66666666666667,56.333333333333336,16.666666666666668,0,0,SunriseFoods Hair Care Family Pack,Personal Care,SunriseFoods
SKU03616,55.75,40.0,14.75,0,0,SoftTouch Hair Care 1L,Personal Care,SoftTouch
SKU03617,121.4,59.6,21.2,0,0,DailyBest Mobile Accessories 1L,Electronics & Accessories,DailyBest
SKU03620,44.5,39.0,15.5,0,0,NatureBlend Men's Grooming 1L,Personal Care,NatureBlend
SKU03621,270.4166666666667,58.875,19.625,0,0,SparkleClean Surface Cleaners Small,Home Care,SparkleClean
SKU03623,128.5,52.5,24.5,0,0,FamilyChoice Ice Cream Large,Frozen Foods,FamilyChoice
SKU03625,114.0,53.0,19.5,0,0,SparkleClean Surface Cleaners 250ml,Home Care,SparkleClean
SKU03627,278.6551724137931,61.58620689655172,21.06896551724138,0,0,HealthFirst Ready Meals 1kg,Frozen Foods,HealthFirst
SKU03628,174.5,78.5,32.5,0,0,NutriPlus Home Decor 1kg,Home & Kitchen,NutriPlus
SKU03629,176.66666666666666,86.0,26.666666666666668,0,0,EverydayPlus Notebooks Family Pack,Stationery & Office,EverydayPlus
SKU03631,47.0,76.0,36.0,0,0,FreshFarm Flour & Atta 250ml,Grocery,FreshFarm
SKU03632,72.0,77.0,18.0,0,0,NutriPlus Biscuits & Cookies Pack of 6,Snacks & Confectionery,NutriPlus
SKU03634,229.28571428571428,49.392857142857146,17.464285714285715,0,0,ZestyCo Footwear Medium,Apparel & Footwear,ZestyCo
SKU03635,44.5,69.5,24.5,0,0,CityFresh Notebooks 1kg,Stationery & Office,CityFresh
SKU03636,29.0,23.0,6.0,0,0,PurePlus Ice Cream 2L,Frozen Foods,PurePlus
SKU03637,94.0,66.5,26.0,0,0,TrueTaste Biscuits & Cookies 250g,Snacks & Confectionery,TrueTaste
SKU03638,123.0,60.0,25.5,0,0,CrispKing Flour & Atta 1kg,Grocery,CrispKing
SKU03639,197.0,89.0,39.0,0,0,CrispKing Notebooks 500g,Stationery & Office,CrispKing
SKU03641,35.333333333333336,56.666666666666664,19.0,0,0,GreenValley Tea 1kg,Beverages,GreenValley
SKU03642,253.5,60.8,23.0,0,0,GreenValley Chocolates Pack of 12,Snacks & Confectionery,GreenValley
SKU03643,163.66666666666666,75.0,29.333333333333332,0,0,BasicNeeds Bread 250ml,Dairy & Bakery,BasicNeeds
SKU03645,151.0,76.0,25.0,0,0,EliteHome Storage & Containers Large,Home & Kitchen,EliteHome
SKU03646,85.0,87.0,34.0,0,0,NovaFresh Eggs Medium,Dairy & Bakery,NovaFresh
SKU03647,55.0,62.0,22.5,0,0,PremiumSelect Batteries 100g,Electronics & Accessories,PremiumSelect
SKU03649,241.0,85.0,39.0,0,0,MetroBrand Sugar & Salt Family Pack,Grocery,MetroBrand
SKU03650,109.2,71.0,27.4,0,0,NatureBlend Spices & Seasoning Pack of 12,Grocery,NatureBlend
SKU03651,112.0,55.0,13.0,0,0,PrimeCare Office Supplies 500g,Stationery & Office,PrimeCare
SKU03653,56.0,22.0,10.0,0,0,HealthFirst Footwear Pack of 6,Apparel & Footwear,HealthFirst
SKU03654,122.5,62.5,20.5,0,0,MetroBrand Spices & Seasoning Pack of 6,Grocery,MetroBrand
SKU03655,90.0,56.0,21.5,0,0,SparkleClean Flour & Atta 500ml,Grocery,SparkleClean
SKU03656,58.5,56.5,27.5,0,0,PureLife Cookware 1L,Home & Kitchen,PureLife
SKU03657,62.0,88.0,21.0,0,0,PremiumSelect Tea Pack of 6,Beverages,PremiumSelect
SKU03658,60.0,61.0,16.5,0,0,ZestyCo Juices 500ml,Beverages,ZestyCo
SKU03659,139.5,59.5,21.5,0,0,DailyBest Ready Meals Small,Frozen Foods,DailyBest
SKU03660,51.0,23.0,5.0,0,0,SunriseFoods First Aid Pack of 12,Health & Wellness,SunriseFoods
SKU03661,125.5,64.5,31.5,0,0,QuickBite Candy 2kg,Snacks & Confectionery,QuickBite
SKU03662,173.33333333333334,69.66666666666667,21.666666666666668,0,0,BasicNeeds Surface Cleaners Pack of 6,Home Care,BasicNeeds
SKU03664,36.0,24.0,10.0,0,0,TrueTaste Pest Control 1L,Home Care,TrueTaste
SKU03665,97.6,56.8,19.0,0,0,BasicNeeds Oral Care Pack of 12,Personal Care,BasicNeeds
SKU03666,174.0,86.0,37.0,0,0,BasicNeeds Cooking Oil 250g,Grocery,BasicNeeds
SKU03670,119.5,62.5,15.5,0,0,SoftTouch Cookware Pack of 6,Home & Kitchen,SoftTouch
SKU03671,153.5,65.5,21.0,0,0,EverydayPlus Bottled Water Pack of 6,Beverages,EverydayPlus
SKU03672,208.0,74.0,19.0,0,0,TrueTaste Cooking Oil 250ml,Grocery,TrueTaste
SKU03674,41.75,44.5,16.25,0,0,NutriPlus Chips & Crisps 250ml,Snacks & Confectionery,NutriPlus
SKU03675,67.0,62.0,19.0,0,0,EliteHome OTC Medicine 100g,Health & Wellness,EliteHome
SKU03676,190.33333333333334,78.66666666666667,26.666666666666668,0,0,QuickBite Home Decor 1kg,Home & Kitchen,QuickBite
SKU03678,80.6,52.0,17.2,0,0,TrueTaste Frozen Vegetables Family Pack,Frozen Foods,TrueTaste
SKU03679,37.5,52.5,16.5,0,0,DailyBest Batteries 1L,Electronics & Accessories,DailyBest
SKU03681,22.0,42.0,17.0,0,0,BasicNeeds Home Decor Small,Home & Kitchen,BasicNeeds
SKU03683,180.0,88.0,19.0,0,0,SmartBuy Footwear Medium,Apparel & Footwear,SmartBuy
SKU03684,188.0,74.0,22.0,0,0,CleanWave First Aid 500ml,Health & Wellness,CleanWave
SKU03685,228.0,91.0,29.5,0,0,PurePlus Energy Drinks 500ml,Beverages,PurePlus
SKU03686,116.11111111111111,67.55555555555556,27.0,0,0,QuickBite Mobile Accessories Small,Electronics & Accessories,QuickBite
SKU03688,137.33333333333334,73.0,24.0,0,0,FreshFarm Vitamins & Supplements 1L,Health & Wellness,FreshFarm
SKU03690,64.5,58.5,19.5,0,0,EliteHome Writing Instruments Family Pack,Stationery & Office,EliteHome
SKU03691,159.0,90.0,22.0,0,0,NutriPlus Cookware 100g,Home & Kitchen,NutriPlus
SKU03692,135.0,59.0,22.0,0,0,TrueTaste Dishwashing 100g,Home Care,TrueTaste
SKU03694,108.5,51.0,22.5,0,0,HealthFirst Cheese 100g,Dairy & Bakery,HealthFirst
SKU03695,71.0,28.0,13.0,0,0,EliteHome Writing Instruments 250ml,Stationery & Office,EliteHome
SKU03696,235.0,100.0,27.0,0,0,PrimeCare Air Fresheners 2L,Home Care,PrimeCare
SKU03697,59.0,29.0,8.0,0,0,EverydayPlus Men's Wear 500ml,Apparel & Footwear,EverydayPlus
SKU03698,136.5,57.5,15.5,0,0,MetroBrand Hair Care 1kg,Personal Care,MetroBrand
SKU03699,79.25,70.5,20.0,0,0,ValueChoice Batteries 2kg,Electronics & Accessories,ValueChoice
SKU03700,130.0,54.333333333333336,13.0,0,0,CleanWave Chocolates Pack of 6,Snacks & Confectionery,CleanWave
SKU03701,130.0,93.0,40.0,0,0,CrispKing Mobile Accessories Family Pack,Electronics & Accessories,CrispKing
SKU03703,133.0,46.0,10.0,0,0,CleanWave Tea 2L,Beverages,CleanWave
SKU03705,151.5,62.0,16.0,0,0,MetroBrand Surface Cleaners 1kg,Home Care,MetroBrand
SKU03706,105.0,49.5,11.0,0,0,SmartBuy Mobile Accessories 500ml,Electronics & Accessories,SmartBuy
SKU03707,71.5,50.0,16.0,0,0,GreenValley Skin Care 1kg,Personal Care,GreenValley
SKU03709,267.82142857142856,63.214285714285715,22.571428571428573,0,0,PurePlus Cheese 250ml,Dairy & Bakery,PurePlus
SKU03711,82.75,64.25,24.5,0,0,SparkleClean Ready Meals 2kg,Frozen Foods,SparkleClean
SKU03712,25.0,27.0,10.0,0,0,GoldenHarvest Vitamins & Supplements 1L,Health & Wellness,GoldenHarvest
SKU03714,81.2,55.8,16.6,0,0,SparkleClean OTC Medicine 1kg,Health & Wellness,SparkleClean
SKU03715,88.5,66.75,26.0,0,0,NatureBlend OTC Medicine Small,Health & Wellness,NatureBlend
SKU03716,112.0,94.0,19.0,0,0,EliteHome Footwear 2L,Apparel & Footwear,EliteHome
SKU03718,130.0,76.0,31.0,0,0,PureLife Women's Wear 500ml,Apparel & Footwear,PureLife
SKU03720,91.33333333333333,47.666666666666664,16.333333333333332,0,0,QuickBite Batteries Small,Electronics & Accessories,QuickBite
SKU03721,191.0,71.5,24.0,0,0,PurePlus Rice & Grains 500g,Grocery,PurePlus
SKU03724,224.0,94.0,39.0,0,0,SmartBuy Pest Control 2kg,Home Care,SmartBuy
SKU03725,140.5,69.0,28.5,0,0,FamilyChoice First Aid 2L,Health & Wellness,FamilyChoice
SKU03726,81.33333333333333,48.666666666666664,18.0,0,0,ValueChoice Vitamins & Supplements Small,Health & Wellness,ValueChoice
SKU03728,62.0,53.0,21.0,0,0,DailyBest Biscuits & Cookies 1L,Snacks & Confectionery,DailyBest
SKU03730,194.33333333333334,88.33333333333333,30.0,0,0,FreshFarm Pulses & Lentils 500g,Grocery,FreshFarm
SKU03731,69.0,49.333333333333336,20.333333333333332,0,0,GoldenHarvest Storage & Containers 500g,Home & Kitchen,GoldenHarvest
SKU03732,160.14285714285714,72.42857142857143,24.0,0,0,SparkleClean Chips & Crisps 2L,Snacks & Confectionery,SparkleClean
SKU03733,53.0,61.0,24.5,0,0,NatureBlend Frozen Meat 500g,Frozen Foods,NatureBlend
SKU03734,99.0,45.333333333333336,14.333333333333334,0,0,SunriseFoods Dishwashing Family Pack,Home Care,SunriseFoods
SKU03735,134.0,58.0,20.5,0,0,MetroBrand Soft Drinks 1L,Beverages,MetroBrand
SKU03736,48.666666666666664,56.333333333333336,23.666666666666668,0,0,ValueChoice Men's Grooming Pack of 12,Personal Care,ValueChoice
SKU03737,227.06666666666666,55.43333333333333,19.833333333333332,0,0,FreshFarm Spices & Seasoning 250ml,Grocery,FreshFarm
SKU03738,90.0,54.0,19.5,0,0,EliteHome Candy 2kg,Snacks & Confectionery,EliteHome
SKU03739,100.0,64.0,23.0,0,0,NatureBlend Tea 1L,Beverages,NatureBlend
SKU03740,261.5357142857143,59.035714285714285,20.928571428571427,0,0,SoftTouch Men's Wear Pack of 12,Apparel & Footwear,SoftTouch
SKU03744,262.2413793103448,57.241379310344826,19.79310344827586,0,0,SparkleClean Biscuits & Cookies 2L,Snacks & Confectionery,SparkleClean
SKU03746,130.0,86.5,28.0,0,0,SparkleClean Writing Instruments 1L,Stationery & Office,SparkleClean
SKU03747,90.0,51.5,16.5,0,0,CityFresh Frozen Meat 1kg,Frozen Foods,CityFresh
SKU03748,56.0,74.0,25.0,0,0,SparkleClean Flour & Atta 1kg,Grocery,SparkleClean
SKU03749,276.6296296296296,61.55555555555556,19.444444444444443,0,0,PremiumSelect Eggs 250ml,Dairy & Bakery,PremiumSelect
SKU03752,83.0,59.333333333333336,16.0,0,0,EliteHome Office Supplies Family Pack,Stationery & Office,EliteHome
SKU03753,175.0,62.0,25.0,0,0,SparkleClean Ice Cream 2kg,Frozen Foods,SparkleClean
SKU03755,111.66666666666667,45.333333333333336,19.333333333333332,0,0,SoftTouch Storage & Containers Pack of 6,Home & Kitchen,SoftTouch
SKU03756,36.0,24.0,10.0,0,0,GreenValley Kids Wear Medium,Apparel & Footwear,GreenValley
SKU03758,46.0,99.0,21.0,0,0,NutriPlus Writing Instruments Pack of 12,Stationery & Office,NutriPlus
SKU03759,130.66666666666666,85.0,29.333333333333332,0,0,PrimeCare Biscuits & Cookies 250g,Snacks & Confectionery,PrimeCare
SKU03760,121.5,49.0,14.5,0,0,SparkleClean Storage & Containers 1L,Home & Kitchen,SparkleClean
SKU03761,110.0,58.0,22.0,0,0,NovaFresh Biscuits & Cookies 100g,Snacks & Confectionery,NovaFresh
SKU03762,104.75,69.5,27.5,0,0,SunriseFoods Writing Instruments 500g,Stationery & Office,SunriseFoods
SKU03764,123.0,58.0,25.0,0,0,FreshFarm Frozen Vegetables 1kg,Frozen Foods,FreshFarm
SKU03765,37.0,28.0,8.0,0,0,CityFresh Kids Wear 100g,Apparel & Footwear,CityFresh
SKU03766,118.0,61.5,22.5,0,0,ValueChoice Flour & Atta 500g,Grocery,ValueChoice
SKU03767,105.33333333333333,60.0,16.0,0,0,UrbanBite Pulses & Lentils Small,Grocery,UrbanBite
SKU03768,44.5,24.5,9.0,0,0,CleanWave Cookware 2L,Home & Kitchen,CleanWave
SKU03771,51.0,42.0,17.0,0,0,FreshFarm Office Supplies 250ml,Stationery & Office,FreshFarm
SKU03772,168.0,63.0,20.5,0,0,CleanWave First Aid Large,Health & Wellness,CleanWave
SKU03773,269.6666666666667,60.733333333333334,22.266666666666666,0,0,CleanWave Air Fresheners 250ml,Home Care,CleanWave
SKU03774,88.66666666666667,72.33333333333333,21.666666666666668,0,0,HomeStyle Surface Cleaners 100g,Home Care,HomeStyle
SKU03777,131.66666666666666,94.66666666666667,33.0,0,0,EverydayPlus Frozen Vegetables 500g,Frozen Foods,EverydayPlus
SKU03778,23.0,25.0,10.0,0,0,SoftTouch Energy Drinks 500g,Beverages,SoftTouch
SKU03779,148.0,100.0,45.0,0,0,PureLife First Aid 250ml,Health & Wellness,PureLife
SKU03780,185.0,89.5,36.0,0,0,DailyBest Mobile Accessories Family Pack,Electronics & Accessories,DailyBest
SKU03781,135.0,69.0,31.0,0,0,SmartBuy Small Appliances 1kg,Electronics & Accessories,SmartBuy
SKU03782,76.0,30.0,9.5,0,0,ValueChoice Rice & Grains 1kg,Grocery,ValueChoice
SKU03784,62.0,65.0,29.0,0,0,ValueChoice Mobile Accessories 1kg,Electronics & Accessories,ValueChoice
SKU03785,30.0,51.0,18.0,0,0,PremiumSelect Biscuits & Cookies Medium,Snacks & Confectionery,PremiumSelect
SKU03786,10.0,40.0,10.0,0,0,HomeStyle Storage & Containers Pack of 6,Home & Kitchen,HomeStyle
SKU03789,126.5,63.0,24.5,0,0,BasicNeeds Small Appliances 2L,Electronics & Accessories,BasicNeeds
SKU03791,202.0,91.0,30.0,0,0,TrueTaste Frozen Vegetables 2L,Frozen Foods,TrueTaste
SKU03792,97.0,47.0,21.0,0,0,HealthFirst Yogurt Pack of 12,Dairy & Bakery,HealthFirst
SKU03793,151.0,81.0,35.666666666666664,0,0,FamilyChoice Office Supplies Family Pack,Stationery & Office,FamilyChoice
SKU03794,21.0,43.0,14.0,0,0,CleanWave Notebooks 250g,Stationery & Office,CleanWave
SKU03795,168.5,62.5,23.5,0,0,SparkleClean Soft Drinks 500g,Beverages,SparkleClean
SKU03798,188.0,86.0,43.0,0,0,NatureBlend Skin Care 250g,Personal Care,NatureBlend
SKU03802,76.66666666666667,50.333333333333336,19.0,0,0,NovaFresh Namkeen Family Pack,Snacks & Confectionery,NovaFresh
SKU03803,280.96153846153845,63.07692307692308,22.615384615384617,0,0,SparkleClean Batteries Pack of 12,Electronics & Accessories,SparkleClean
SKU03805,249.96666666666667,56.266666666666666,20.966666666666665,0,0,FamilyChoice OTC Medicine Large,Health & Wellness,FamilyChoice
SKU03807,233.33333333333334,51.42857142857143,16.571428571428573,0,0,TrueTaste Ice Cream Pack of 6,Frozen Foods,TrueTaste
SKU03808,95.0,76.5,23.5,0,0,HealthFirst Small Appliances 2kg,Electronics & Accessories,HealthFirst
SKU03809,80.0,67.5,24.0,0,0,NovaFresh Bottled Water Family Pack,Beverages,NovaFresh
SKU03810,133.2,60.0,16.6,0,0,SparkleClean Candy Pack of 12,Snacks & Confectionery,SparkleClean
SKU03813,200.5,74.5,22.5,0,0,PurePlus OTC Medicine 2L,Health & Wellness,PurePlus
SKU03814,131.5,53.5,16.0,0,0,NatureBlend Bath & Body 250ml,Personal Care,NatureBlend
SKU03815,150.0,53.0,15.0,0,0,EliteHome Candy Family Pack,Snacks & Confectionery,EliteHome
SKU03817,121.0,60.0,13.0,0,0,SoftTouch Kids Wear 250g,Apparel & Footwear,SoftTouch
SKU03818,96.5,58.25,15.5,0,0,TrueTaste Biscuits & Cookies Pack of 6,Snacks & Confectionery,TrueTaste
SKU03819,107.5,61.0,24.0,0,0,CityFresh First Aid Pack of 6,Health & Wellness,CityFresh
SKU03820,47.0,31.0,13.0,0,0,ZestyCo OTC Medicine Small,Health & Wellness,ZestyCo
SKU03821,57.75,44.75,13.25,0,0,CityFresh Air Fresheners Family Pack,Home Care,CityFresh
SKU03822,270.3448275862069,57.827586206896555,20.482758620689655,0,0,NutriPlus Notebooks 1kg,Stationery & Office,NutriPlus
SKU03823,256.9230769230769,58.88461538461539,20.423076923076923,0,0,HomeStyle Juices Family Pack,Beverages,HomeStyle
SKU03824,134.5,60.5,20.0,0,0,EliteHome Eggs Pack of 6,Dairy & Bakery,EliteHome
SKU03825,186.0,86.0,27.0,0,0,BasicNeeds Juices 250g,Beverages,BasicNeeds
SKU03826,117.5,63.0,17.0,0,0,PurePlus Mobile Accessories 1L,Electronics & Accessories,PurePlus
SKU03828,283.52,63.6,22.52,0,0,NovaFresh Notebooks Family Pack,Stationery & Office,NovaFresh
SKU03829,144.0,64.0,21.333333333333332,0,0,EliteHome Ready Meals Small,Frozen Foods,EliteHome
SKU03830,45.0,24.0,6.5,0,0,PurePlus Tea Large,Beverages,PurePlus
SKU03831,149.5,86.5,37.0,0,0,SmartBuy Pest Control Pack of 6,Home Care,SmartBuy
SKU03832,28.0,49.0,17.0,0,0,GreenValley Tea 250ml,Beverages,GreenValley
SKU03833,296.46666666666664,63.766666666666666,20.7,0,0,DailyBest Small Appliances 500ml,Electronics & Accessories,DailyBest
SKU03834,46.0,45.0,18.0,0,0,GoldenHarvest Small Appliances Family Pack,Electronics & Accessories,GoldenHarvest
SKU03835,22.0,32.0,14.0,0,0,TrueTaste Cookware 500g,Home & Kitchen,TrueTaste
SKU03837,281.60714285714283,62.42857142857143,22.25,0,0,GoldenHarvest Eggs 500ml,Dairy & Bakery,GoldenHarvest
SKU03839,268.56666666666666,60.7,21.633333333333333,0,0,HealthFirst Skin Care Pack of 12,Personal Care,HealthFirst
SKU03841,25.5,49.5,20.5,0,0,UrbanBite Men's Wear 500g,Apparel & Footwear,UrbanBite
SKU03842,149.0,58.0,23.0,0,0,PremiumSelect Women's Wear 500g,Apparel & Footwear,PremiumSelect
SKU03843,95.0,75.0,19.0,0,0,FamilyChoice Energy Drinks Small,Beverages,FamilyChoice
SKU03845,133.25,65.75,27.25,0,0,MetroBrand Frozen Vegetables Pack of 6,Frozen Foods,MetroBrand
SKU03847,87.5,40.0,16.5,0,0,FamilyChoice Pulses & Lentils Small,Grocery,FamilyChoice
SKU03848,223.57142857142858,53.04761904761905,19.476190476190474,0,0,PremiumSelect Home Decor Family Pack,Home & Kitchen,PremiumSelect
SKU03849,62.0,53.75,15.25,0,0,MetroBrand Mobile Accessories 500ml,Electronics & Accessories,MetroBrand
SKU03850,66.0,26.0,6.5,0,0,TrueTaste Ready Meals 1kg,Frozen Foods,TrueTaste
SKU03852,101.0,70.0,25.666666666666668,0,0,TrueTaste Cookware Pack of 12,Home & Kitchen,TrueTaste
SKU03853,64.0,29.333333333333332,8.0,0,0,DailyBest Spices & Seasoning Pack of 12,Grocery,DailyBest
SKU03854,94.66666666666667,48.666666666666664,18.333333333333332,0,0,SmartBuy Surface Cleaners Pack of 6,Home Care,SmartBuy
SKU03857,120.33333333333333,58.0,23.333333333333332,0,0,HomeStyle Eggs 1kg,Dairy & Bakery,HomeStyle
SKU03859,72.0,40.0,16.0,0,0,NovaFresh Chips & Crisps Large,Snacks & Confectionery,NovaFresh
SKU03860,126.5,70.5,25.0,0,0,FamilyChoice Soft Drinks 2L,Beverages,FamilyChoice
SKU03862,137.0,57.666666666666664,23.0,0,0,EverydayPlus Storage & Containers Pack of 6,Home & Kitchen,EverydayPlus
SKU03863,285.8,63.4,20.5,0,0,PremiumSelect Small Appliances 500ml,Electronics & Accessories,PremiumSelect
SKU03864,281.57142857142856,63.285714285714285,21.714285714285715,0,0,BasicNeeds Surface Cleaners 2L,Home Care,BasicNeeds
SKU03865,89.5,47.0,16.0,0,0,GreenValley Yogurt Pack of 12,Dairy & Bakery,GreenValley
SKU03866,151.66666666666666,68.66666666666667,23.0,0,0,PurePlus Juices 500g,Beverages,PurePlus
SKU03868,119.5,59.5,21.5,0,0,NovaFresh Coffee Pack of 12,Beverages,NovaFresh
SKU03869,68.66666666666667,31.0,12.333333333333334,0,0,EliteHome Chips & Crisps 250g,Snacks & Confectionery,EliteHome
SKU03871,82.6,63.6,24.2,0,0,ValueChoice Coffee 500g,Beverages,ValueChoice
SKU03873,166.66666666666666,76.66666666666667,28.333333333333332,0,0,SmartBuy Ready Meals 1kg,Frozen Foods,SmartBuy
SKU03874,92.0,78.0,30.0,0,0,CityFresh Bread 500ml,Dairy & Bakery,CityFresh
SKU03875,84.0,77.5,25.0,0,0,EliteHome Pest Control 500g,Home Care,EliteHome
SKU03878,159.0,63.0,18.0,0,0,SparkleClean Laundry Medium,Home Care,SparkleClean
SKU03879,89.66666666666667,57.333333333333336,19.0,0,0,TrueTaste Batteries 500ml,Electronics & Accessories,TrueTaste
SKU03880,43.0,48.5,17.75,0,0,GoldenHarvest Skin Care 500g,Personal Care,GoldenHarvest
SKU03881,136.75,63.0,24.0,0,0,BasicNeeds Frozen Vegetables 1L,Frozen Foods,BasicNeeds
SKU03883,73.25,71.5,25.75,0,0,MetroBrand Bread Medium,Dairy & Bakery,MetroBrand
SKU03884,268.61538461538464,60.80769230769231,21.5,0,0,SoftTouch Butter & Ghee Large,Dairy & Bakery,SoftTouch
SKU03885,150.5,93.5,23.5,0,0,MetroBrand Pest Control 500ml,Home Care,MetroBrand
SKU03886,126.0,82.0,29.0,0,0,NovaFresh Pulses & Lentils 250ml,Grocery,NovaFresh
SKU03887,56.0,39.0,13.0,0,0,MetroBrand Batteries 2kg,Electronics & Accessories,MetroBrand
SKU03888,108.0,60.0,17.666666666666668,0,0,NovaFresh OTC Medicine 2kg,Health & Wellness,NovaFresh
SKU03889,182.0,90.0,34.0,0,0,PurePlus Yogurt Large,Dairy & Bakery,PurePlus
SKU03892,264.6842105263158,58.94736842105263,20.526315789473685,0,0,CityFresh Vitamins & Supplements Large,Health & Wellness,CityFresh
SKU03893,78.0,46.25,19.25,0,0,MetroBrand Kids Wear Medium,Apparel & Footwear,MetroBrand
SKU03894,89.33333333333333,61.333333333333336,25.666666666666668,0,0,CityFresh Bottled Water Pack of 6,Beverages,CityFresh
SKU03896,114.33333333333333,59.666666666666664,14.0,0,0,CleanWave Spices & Seasoning 100g,Grocery,CleanWave
SKU03897,175.0,100.0,36.0,0,0,SmartBuy Pest Control Medium,Home Care,SmartBuy
SKU03899,69.85714285714286,40.285714285714285,11.714285714285714,0,0,EliteHome Oral Care Family Pack,Personal Care,EliteHome
SKU03900,129.33333333333334,70.0,30.0,0,0,GreenValley Air Fresheners 250g,Home Care,GreenValley
SKU03902,54.333333333333336,71.33333333333333,27.666666666666668,0,0,MetroBrand Oral Care 2L,Personal Care,MetroBrand
SKU03904,50.0,51.5,21.5,0,0,EliteHome Kids Wear 1L,Apparel & Footwear,EliteHome
SKU03905,265.52,58.2,18.92,0,0,DailyBest Sugar & Salt 100g,Grocery,DailyBest
SKU03908,127.0,63.5,19.0,0,0,NutriPlus Frozen Vegetables Medium,Frozen Foods,NutriPlus
SKU03909,70.0,79.0,17.0,0,0,CityFresh Candy 250g,Snacks & Confectionery,CityFresh
SKU03910,61.0,71.0,25.0,0,0,FamilyChoice First Aid 1kg,Health & Wellness,FamilyChoice
SKU03911,119.5,65.0,18.5,0,0,BasicNeeds Coffee 250ml,Beverages,BasicNeeds
SKU03912,103.66666666666667,39.0,13.333333333333334,0,0,NovaFresh Spices & Seasoning 2L,Grocery,NovaFresh
SKU03914,185.0,96.0,44.0,0,0,CrispKing Frozen Meat Pack of 6,Frozen Foods,CrispKing
SKU03915,95.0,70.0,18.0,0,0,FreshFarm Kids Wear 1L,Apparel & Footwear,FreshFarm
SKU03916,97.5,62.5,21.5,0,0,CrispKing Bath & Body Family Pack,Personal Care,CrispKing
SKU03919,158.0,63.0,13.0,0,0,MetroBrand Batteries 250g,Electronics & Accessories,MetroBrand
SKU03921,198.0,87.0,38.5,0,0,MetroBrand Soft Drinks Medium,Beverages,MetroBrand
SKU03922,191.0,91.0,42.0,0,0,NutriPlus Men's Wear 250ml,Apparel & Footwear,NutriPlus
SKU03923,88.5,56.5,20.0,0,0,HomeStyle Cookware 500ml,Home & Kitchen,HomeStyle
SKU03924,105.0,69.5,22.0,0,0,GreenValley Writing Instruments Medium,Stationery & Office,GreenValley
SKU03927,189.0,88.0,31.0,0,0,GoldenHarvest Office Supplies 1kg,Stationery & Office,GoldenHarvest
SKU03928,101.0,62.0,29.0,0,0,FamilyChoice Vitamins & Supplements Pack of 12,Health & Wellness,FamilyChoice
SKU03929,164.0,98.0,26.0,0,0,CrispKing Chips & Crisps 1kg,Snacks & Confectionery,CrispKing
SKU03931,237.0,64.2,20.4,0,0,GreenValley Home Decor 500g,Home & Kitchen,GreenValley
SKU03932,339.962962962963,70.74074074074075,24.925925925925927,0,0,QuickBite Milk Family Pack,Dairy & Bakery,QuickBite
SKU03933,67.0,58.0,19.0,0,0,NovaFresh Men's Wear Large,Apparel & Footwear,NovaFresh
SKU03935,257.65,56.6,21.05,0,0,PrimeCare Frozen Meat 2kg,Frozen Foods,PrimeCare
SKU03937,88.0,66.0,27.6,0,0,EverydayPlus Eggs 1L,Dairy & Bakery,EverydayPlus
SKU03938,270.0,91.0,44.0,0,0,CrispKing Writing Instruments 1L,Stationery & Office,CrispKing
SKU03940,40.5,56.75,21.0,0,0,NatureBlend Writing Instruments 2L,Stationery & Office,NatureBlend
SKU03941,284.1333333333333,59.833333333333336,21.533333333333335,0,0,CityFresh Batteries 100g,Electronics & Accessories,CityFresh
SKU03942,74.0,49.0,12.5,0,0,NatureBlend Pulses & Lentils 2kg,Grocery,NatureBlend
SKU03943,42.0,66.5,27.5,0,0,UrbanBite Bath & Body 2kg,Personal Care,UrbanBite
SKU03944,131.2,78.0,27.0,0,0,SoftTouch Pest Control Pack of 12,Home Care,SoftTouch
SKU03947,124.0,65.0,26.0,0,0,PrimeCare Frozen Vegetables 500ml,Frozen Foods,PrimeCare
SKU03948,22.0,61.0,21.0,0,0,MetroBrand Coffee 1L,Beverages,MetroBrand
SKU03949,217.0,76.0,35.0,0,0,SunriseFoods Women's Wear 1L,Apparel & Footwear,SunriseFoods
SKU03950,273.2758620689655,64.17241379310344,22.482758620689655,0,0,FreshFarm Hair Care 500g,Personal Care,FreshFarm
SKU03953,38.0,52.0,15.0,0,0,ZestyCo Chocolates 1kg,Snacks & Confectionery,ZestyCo
SKU03954,131.0,84.5,29.0,0,0,CrispKing Spices & Seasoning 250g,Grocery,CrispKing
SKU03955,46.666666666666664,31.0,7.666666666666667,0,0,MetroBrand Pulses & Lentils 500g,Grocery,MetroBrand
SKU03958,168.33333333333334,73.33333333333333,27.333333333333332,0,0,PrimeCare Home Decor 250g,Home & Kitchen,PrimeCare
SKU03959,205.0,89.0,34.0,0,0,PurePlus Frozen Meat Pack of 6,Frozen Foods,PurePlus
SKU03960,216.0,80.0,30.0,0,0,GreenValley Cheese 500g,Dairy & Bakery,GreenValley
SKU03961,262.05882352941177,64.0,22.058823529411764,0,0,DailyBest Rice & Grains 250g,Grocery,DailyBest
SKU03962,69.0,34.0,14.0,0,0,SoftTouch Air Fresheners 100g,Home Care,SoftTouch
SKU03963,134.8,64.4,22.6,0,0,ZestyCo Energy Drinks Pack of 12,Beverages,ZestyCo
SKU03964,88.5,66.0,25.5,0,0,PremiumSelect Office Supplies 250ml,Stationery & Office,PremiumSelect
SKU03965,131.0,88.0,35.0,0,0,FamilyChoice Bread 2kg,Dairy & Bakery,FamilyChoice
SKU03966,259.52941176470586,59.529411764705884,20.88235294117647,0,0,UrbanBite Air Fresheners Pack of 6,Home Care,UrbanBite
SKU03967,133.0,58.0,26.0,0,0,NatureBlend Cooking Oil 500g,Grocery,NatureBlend
SKU03968,284.76666666666665,58.166666666666664,20.766666666666666,0,0,EliteHome Soft Drinks 1L,Beverages,EliteHome
SKU03970,104.0,48.0,15.0,0,0,PrimeCare Spices & Seasoning Pack of 12,Grocery,PrimeCare
SKU03971,69.0,44.5,12.0,0,0,EverydayPlus Batteries Pack of 6,Electronics & Accessories,EverydayPlus
SKU03972,106.0,53.0,20.5,0,0,HomeStyle Office Supplies Pack of 12,Stationery & Office,HomeStyle
SKU03974,125.0,65.0,14.0,0,0,NovaFresh Cheese 500g,Dairy & Bakery,NovaFresh
SKU03975,295.1666666666667,64.7,21.5,0,0,DailyBest Men's Wear 2L,Apparel & Footwear,DailyBest
SKU03976,209.5,72.5,29.0,0,0,FreshFarm Frozen Meat 100g,Frozen Foods,FreshFarm
SKU03977,89.5,66.0,25.5,0,0,UrbanBite Sugar & Salt 500ml,Grocery,UrbanBite
SKU03978,189.0,70.0,22.0,0,0,PurePlus Coffee Pack of 6,Beverages,PurePlus
SKU03979,223.0,83.0,23.0,0,0,SoftTouch Frozen Vegetables Medium,Frozen Foods,SoftTouch
SKU03980,124.5,81.25,28.5,0,0,SoftTouch Laundry Pack of 6,Home Care,SoftTouch
SKU03981,93.66666666666667,65.33333333333333,26.0,0,0,GreenValley Flour & Atta Family Pack,Grocery,GreenValley
SKU03982,73.5,48.0,16.5,0,0,BasicNeeds Writing Instruments 2L,Stationery & Office,BasicNeeds
SKU03983,111.66666666666667,48.333333333333336,17.0,0,0,FamilyChoice Small Appliances 500ml,Electronics & Accessories,FamilyChoice
SKU03984,125.2,71.6,28.4,0,0,SparkleClean Ready Meals 1kg,Frozen Foods,SparkleClean
SKU03985,129.66666666666666,71.33333333333333,23.666666666666668,0,0,MetroBrand Notebooks Pack of 12,Stationery & Office,MetroBrand
SKU03986,82.0,55.333333333333336,26.666666666666668,0,0,NatureBlend Notebooks Medium,Stationery & Office,NatureBlend
SKU03987,25.0,41.0,16.0,0,0,CleanWave Writing Instruments 2kg,Stationery & Office,CleanWave
SKU03988,47.0,52.5,17.5,0,0,PrimeCare Bread 250g,Dairy & Bakery,PrimeCare
SKU03989,57.25,49.0,21.0,0,0,NovaFresh Home Decor 100g,Home & Kitchen,NovaFresh
SKU03990,32.0,40.0,19.0,0,0,SparkleClean Ice Cream Pack of 6,Frozen Foods,SparkleClean
SKU03991,263.38461538461536,61.69230769230769,22.846153846153847,0,0,DailyBest Batteries Pack of 6,Electronics & Accessories,DailyBest
SKU03994,153.5,74.5,26.0,0,0,CrispKing Pest Control Pack of 6,Home Care,CrispKing
SKU03995,176.5,90.5,35.5,0,0,NutriPlus Coffee 250ml,Beverages,NutriPlus
SKU03996,84.25,75.0,26.5,0,0,ZestyCo Milk 500ml,Dairy & Bakery,ZestyCo
SKU03997,80.66666666666667,58.666666666666664,16.333333333333332,0,0,SoftTouch Bath & Body 1kg,Personal Care,SoftTouch
SKU03998,38.0,45.0,15.0,0,0,MetroBrand Storage & Containers Pack of 12,Home & Kitchen,MetroBrand
SKU04001,108.25,66.0,22.75,0,0,SoftTouch Yogurt 250g,Dairy & Bakery,SoftTouch
SKU04002,134.33333333333334,81.0,33.333333333333336,0,0,EverydayPlus Frozen Vegetables 2L,Frozen Foods,EverydayPlus
SKU04004,102.0,36.0,7.0,0,0,CrispKing Office Supplies 500g,Stationery & Office,CrispKing
SKU04006,51.0,34.0,10.0,0,0,CityFresh Chips & Crisps Pack of 12,Snacks & Confectionery,CityFresh
SKU04007,78.5,48.0,19.5,0,0,SoftTouch Small Appliances 500ml,Electronics & Accessories,SoftTouch
SKU04008,77.33333333333333,49.333333333333336,18.666666666666668,0,0,GreenValley Butter & Ghee 250g,Dairy & Bakery,GreenValley
SKU04011,53.0,58.0,25.0,0,0,TrueTaste Bath & Body 1kg,Personal Care,TrueTaste
SKU04015,137.33333333333334,66.0,25.666666666666668,0,0,SoftTouch Small Appliances Family Pack,Electronics & Accessories,SoftTouch
SKU04017,130.5,76.5,35.5,0,0,FamilyChoice Air Fresheners 1L,Home Care,FamilyChoice
SKU04018,316.0869565217391,62.73913043478261,22.130434782608695,0,0,CrispKing Candy Medium,Snacks & Confectionery,CrispKing
SKU04019,287.76666666666665,62.5,22.0,0,0,NatureBlend Ice Cream Family Pack,Frozen Foods,NatureBlend
SKU04020,47.0,47.75,18.5,0,0,NutriPlus Small Appliances Medium,Electronics & Accessories,NutriPlus
SKU04021,101.0,49.666666666666664,16.666666666666668,0,0,SparkleClean Oral Care 250ml,Personal Care,SparkleClean
SKU04022,106.33333333333333,78.0,20.0,0,0,TrueTaste Eggs Medium,Dairy & Bakery,TrueTaste
SKU04023,111.0,65.5,17.0,0,0,HomeStyle Frozen Vegetables 100g,Frozen Foods,HomeStyle
SKU04024,115.0,61.0,25.5,0,0,TrueTaste Oral Care 2kg,Personal Care,TrueTaste
SKU04025,77.5,39.5,12.0,0,0,CrispKing Oral Care 500g,Personal Care,CrispKing
SKU04026,122.5,62.0,14.5,0,0,FreshFarm Men's Grooming 1L,Personal Care,FreshFarm
SKU04029,118.0,94.0,28.0,0,0,CityFresh Laundry Family Pack,Home Care,CityFresh
SKU04030,154.0,79.0,32.0,0,0,ZestyCo Pest Control 500g,Home Care,ZestyCo
SKU04031,87.0,38.0,15.0,0,0,SoftTouch OTC Medicine Small,Health & Wellness,SoftTouch
SKU04033,80.5,47.0,15.5,0,0,SparkleClean Energy Drinks 500ml,Beverages,SparkleClean
SKU04034,73.0,68.0,20.0,0,0,EliteHome Storage & Containers 250g,Home & Kitchen,EliteHome
SKU04036,179.0,77.0,26.0,0,0,PremiumSelect Ice Cream Large,Frozen Foods,PremiumSelect
SKU04037,107.0,60.0,20.0,0,0,SunriseFoods Milk 2kg,Dairy & Bakery,SunriseFoods
SKU04039,143.0,76.0,31.0,0,0,SmartBuy Cooking Oil Family Pack,Grocery,SmartBuy
SKU04040,30.0,30.0,9.0,0,0,PureLife Cookware 1L,Home & Kitchen,PureLife
SKU04042,80.5,53.5,18.5,0,0,GoldenHarvest Men's Grooming 1L,Personal Care,GoldenHarvest
SKU04045,114.0,88.0,37.5,0,0,FreshFarm Frozen Vegetables Medium,Frozen Foods,FreshFarm
SKU04048,275.625,61.791666666666664,21.083333333333332,0,0,GoldenHarvest Juices Pack of 12,Beverages,GoldenHarvest
SKU04049,151.4,70.2,22.0,0,0,HealthFirst Notebooks 2L,Stationery & Office,HealthFirst
SKU04050,98.75,70.25,22.75,0,0,NovaFresh Biscuits & Cookies 2L,Snacks & Confectionery,NovaFresh
SKU04051,96.5,37.5,12.5,0,0,PremiumSelect Batteries 500g,Electronics & Accessories,PremiumSelect
SKU04052,257.0833333333333,59.125,21.583333333333332,0,0,CleanWave Batteries 1L,Electronics & Accessories,CleanWave
SKU04053,261.7931034482759,62.0,22.93103448275862,0,0,BasicNeeds Hair Care Small,Personal Care,BasicNeeds
SKU04054,250.8,56.43333333333333,19.666666666666668,0,0,GoldenHarvest Energy Drinks 500g,Beverages,GoldenHarvest
SKU04055,41.0,26.0,7.0,0,0,BasicNeeds Bread 1kg,Dairy & Bakery,BasicNeeds
SKU04058,67.0,89.0,18.0,0,0,PurePlus Writing Instruments 250ml,Stationery & Office,PurePlus
SKU04060,90.5,50.333333333333336,18.666666666666668,0,0,FreshFarm OTC Medicine 500g,Health & Wellness,FreshFarm
SKU04061,48.0,39.5,16.0,0,0,CleanWave Coffee 2L,Beverages,CleanWave
SKU04062,263.1333333333333,59.5,23.033333333333335,0,0,PurePlus Mobile Accessories Family Pack,Electronics & Accessories,PurePlus
SKU04066,166.0,73.33333333333333,24.666666666666668,0,0,EliteHome Notebooks 1L,Stationery & Office,EliteHome
SKU04068,67.0,24.0,6.0,0,0,CleanWave Skin Care Family Pack,Personal Care,CleanWave
SKU04070,57.5,61.0,16.5,0,0,UrbanBite Energy Drinks 250ml,Beverages,UrbanBite
SKU04071,122.66666666666667,49.666666666666664,16.333333333333332,0,0,SmartBuy Soft Drinks Pack of 6,Beverages,SmartBuy
SKU04072,55.0,81.0,21.0,0,0,NatureBlend Ready Meals Family Pack,Frozen Foods,NatureBlend
SKU04073,251.3,57.8,19.533333333333335,0,0,ValueChoice Women's Wear 1kg,Apparel & Footwear,ValueChoice
SKU04075,59.0,94.0,28.0,0,0,SparkleClean Men's Wear Large,Apparel & Footwear,SparkleClean
SKU04076,27.0,23.0,7.0,0,0,PureLife Namkeen Pack of 6,Snacks & Confectionery,PureLife
SKU04077,168.66666666666666,62.0,21.666666666666668,0,0,PurePlus Air Fresheners 500ml,Home Care,PurePlus
SKU04078,97.0,75.0,32.666666666666664,0,0,MetroBrand First Aid 1kg,Health & Wellness,MetroBrand
SKU04080,186.0,67.0,18.0,0,0,BasicNeeds Pulses & Lentils 100g,Grocery,BasicNeeds
SKU04082,110.0,55.0,21.0,0,0,FamilyChoice Notebooks 500ml,Stationery & Office,FamilyChoice
SKU04083,191.0,82.0,33.0,0,0,EliteHome First Aid 500g,Health & Wellness,EliteHome
SKU04084,116.25,72.5,23.5,0,0,SoftTouch Milk 100g,Dairy & Bakery,SoftTouch
SKU04088,73.0,28.0,7.0,0,0,CrispKing Bottled Water 2L,Beverages,CrispKing
SKU04089,124.33333333333333,63.0,24.333333333333332,0,0,FreshFarm Kids Wear Large,Apparel & Footwear,FreshFarm
SKU04090,158.66666666666666,77.33333333333333,16.666666666666668,0,0,QuickBite Chocolates Pack of 12,Snacks & Confectionery,QuickBite
SKU04091,60.0,68.0,32.5,0,0,TrueTaste Hair Care 100g,Personal Care,TrueTaste
SKU04092,155.0,84.0,31.0,0,0,SoftTouch Cheese 500g,Dairy & Bakery,SoftTouch
SKU04093,122.0,65.5,27.5,0,0,QuickBite Kids Wear Small,Apparel & Footwear,QuickBite
SKU04094,72.0,57.0,12.5,0,0,NovaFresh Sugar & Salt Pack of 12,Grocery,NovaFresh
SKU04095,146.0,58.666666666666664,19.666666666666668,0,0,FreshFarm Bath & Body 250ml,Personal Care,FreshFarm
SKU04096,88.0,41.0,12.0,0,0,NatureBlend Bread Family Pack,Dairy & Bakery,NatureBlend
SKU04097,53.5,39.5,15.0,0,0,EliteHome Yogurt Large,Dairy & Bakery,EliteHome
SKU04098,114.5,55.0,20.75,0,0,FamilyChoice Candy Small,Snacks & Confectionery,FamilyChoice
SKU04101,58.5,31.5,11.5,0,0,CityFresh Air Fresheners 500g,Home Care,CityFresh
SKU04102,290.5769230769231,67.92307692307692,24.96153846153846,0,0,CityFresh Bath & Body Pack of 12,Personal Care,CityFresh
SKU04103,16.0,46.0,15.0,0,0,FamilyChoice Notebooks Family Pack,Stationery & Office,FamilyChoice
SKU04106,242.72,50.92,17.44,0,0,EverydayPlus Cheese 250ml,Dairy & Bakery,EverydayPlus
SKU04107,269.1034482758621,59.51724137931034,20.862068965517242,0,0,PremiumSelect Butter & Ghee 2kg,Dairy & Bakery,PremiumSelect
SKU04108,135.33333333333334,73.33333333333333,24.333333333333332,0,0,PremiumSelect Juices Family Pack,Beverages,PremiumSelect
SKU04109,71.33333333333333,62.333333333333336,26.666666666666668,0,0,EverydayPlus Vitamins & Supplements 500ml,Health & Wellness,EverydayPlus
SKU04110,165.0,70.0,29.0,0,0,ZestyCo Pulses & Lentils Pack of 6,Grocery,ZestyCo
SKU04111,104.0,50.0,17.0,0,0,CityFresh Biscuits & Cookies Family Pack,Snacks & Confectionery,CityFresh
SKU04114,213.0,84.0,38.0,0,0,QuickBite Women's Wear Family Pack,Apparel & Footwear,QuickBite
SKU04116,104.75,64.75,20.5,0,0,GreenValley Notebooks 1kg,Stationery & Office,GreenValley
SKU04118,263.5238095238095,57.0,18.714285714285715,0,0,PrimeCare Notebooks 2kg,Stationery & Office,PrimeCare
SKU04119,117.0,83.0,19.0,0,0,NovaFresh Spices & Seasoning 2kg,Grocery,NovaFresh
SKU04120,77.5,46.0,15.0,0,0,ZestyCo Ice Cream Pack of 6,Frozen Foods,ZestyCo
SKU04122,117.66666666666667,56.666666666666664,22.666666666666668,0,0,PureLife Frozen Vegetables 100g,Frozen Foods,PureLife
SKU04124,102.0,59.0,13.0,0,0,UrbanBite Butter & Ghee 2L,Dairy & Bakery,UrbanBite
SKU04127,137.0,81.0,24.0,0,0,FreshFarm Pulses & Lentils Pack of 6,Grocery,FreshFarm
SKU04128,154.0,78.0,28.0,0,0,SparkleClean Men's Wear Pack of 6,Apparel & Footwear,SparkleClean
SKU04129,140.5,62.0,18.5,0,0,BasicNeeds Small Appliances Small,Electronics & Accessories,BasicNeeds
SKU04130,44.0,92.0,18.0,0,0,UrbanBite Cookware 2kg,Home & Kitchen,UrbanBite
SKU04131,80.5,52.5,16.5,0,0,NutriPlus Surface Cleaners Medium,Home Care,NutriPlus
SKU04132,150.0,51.0,16.0,0,0,PrimeCare Cookware Pack of 12,Home & Kitchen,PrimeCare
SKU04133,98.33333333333333,54.333333333333336,18.666666666666668,0,0,CleanWave Chips & Crisps 500g,Snacks & Confectionery,CleanWave
SKU04137,45.5,53.5,18.0,0,0,PrimeCare Batteries Family Pack,Electronics & Accessories,PrimeCare
SKU04138,35.5,40.5,12.5,0,0,DailyBest Men's Wear 250g,Apparel & Footwear,DailyBest
SKU04139,86.0,55.5,19.0,0,0,HealthFirst Women's Wear Large,Apparel & Footwear,HealthFirst
SKU04142,247.64285714285714,57.642857142857146,21.428571428571427,0,0,SparkleClean Office Supplies 1L,Stationery & Office,SparkleClean
SKU04144,271.85714285714283,64.25,23.142857142857142,0,0,CleanWave Energy Drinks 500ml,Beverages,CleanWave
SKU04145,253.66666666666666,53.77777777777778,19.703703703703702,0,0,CleanWave Notebooks 100g,Stationery & Office,CleanWave
SKU04146,161.0,60.0,28.0,0,0,TrueTaste Notebooks 1L,Stationery & Office,TrueTaste
SKU04147,283.0,61.51851851851852,22.703703703703702,0,0,CleanWave Air Fresheners 1kg,Home Care,CleanWave
SKU04148,37.0,49.0,21.0,0,0,SparkleClean Women's Wear 1kg,Apparel & Footwear,SparkleClean
SKU04149,34.0,28.0,13.0,0,0,ZestyCo Sugar & Salt 100g,Grocery,ZestyCo
SKU04150,93.0,74.0,25.0,0,0,NutriPlus Bottled Water 500ml,Beverages,NutriPlus
SKU04151,53.2,47.8,14.4,0,0,CrispKing Cheese 100g,Dairy & Bakery,CrispKing
SKU04152,263.7857142857143,57.67857142857143,19.785714285714285,0,0,ValueChoice OTC Medicine Medium,Health & Wellness,ValueChoice
SKU04153,274.4,59.666666666666664,21.1,0,0,DailyBest Tea Large,Beverages,DailyBest
SKU04155,74.0,64.0,19.0,0,0,NovaFresh Batteries 2kg,Electronics & Accessories,NovaFresh
SKU04158,273.5625,66.25,24.375,0,0,EliteHome Men's Wear Pack of 12,Apparel & Footwear,EliteHome
SKU04159,82.66666666666667,61.0,17.0,0,0,SmartBuy Kids Wear 100g,Apparel & Footwear,SmartBuy
SKU04160,249.88888888888889,55.22222222222222,20.555555555555557,0,0,BasicNeeds First Aid Medium,Health & Wellness,BasicNeeds
SKU04161,66.0,69.0,27.0,0,0,UrbanBite Ready Meals 500ml,Frozen Foods,UrbanBite
SKU04164,66.5,28.5,8.5,0,0,PremiumSelect Energy Drinks 500ml,Beverages,PremiumSelect
SKU04170,61.0,53.666666666666664,16.0,0,0,UrbanBite Rice & Grains 250ml,Grocery,UrbanBite
SKU04172,119.0,61.0,16.0,0,0,EliteHome Air Fresheners 250ml,Home Care,EliteHome
SKU04173,35.75,36.75,11.0,0,0,CleanWave Pest Control 250ml,Home Care,CleanWave
SKU04174,128.0,57.0,13.5,0,0,EverydayPlus Yogurt Small,Dairy & Bakery,EverydayPlus
SKU04175,25.5,55.0,17.0,0,0,HomeStyle Writing Instruments 2L,Stationery & Office,HomeStyle
SKU04176,10.0,25.0,8.0,0,0,EliteHome Oral Care 1kg,Personal Care,EliteHome
SKU04177,108.0,53.8,17.2,0,0,PrimeCare Cookware 500ml,Home & Kitchen,PrimeCare
SKU04178,84.75,46.0,15.0,0,0,HealthFirst Laundry Medium,Home Care,HealthFirst
SKU04179,88.5,41.0,17.0,0,0,NovaFresh Cooking Oil 1L,Grocery,NovaFresh
SKU04180,87.6,64.0,22.0,0,0,SmartBuy Storage & Containers 250g,Home & Kitchen,SmartBuy
SKU04181,55.0,97.0,48.0,0,0,PurePlus Chips & Crisps Medium,Snacks & Confectionery,PurePlus
SKU04184,125.0,54.0,13.0,0,0,SparkleClean Home Decor Family Pack,Home & Kitchen,SparkleClean
SKU04185,36.333333333333336,34.0,10.666666666666666,0,0,QuickBite Office Supplies Family Pack,Stationery & Office,QuickBite
SKU04186,170.0,62.5,18.5,0,0,HomeStyle Dishwashing Family Pack,Home Care,HomeStyle
SKU04187,101.66666666666667,67.33333333333333,22.333333333333332,0,0,SunriseFoods Women's Wear 250ml,Apparel & Footwear,SunriseFoods
SKU04188,71.5,69.5,24.5,0,0,ValueChoice Yogurt Large,Dairy & Bakery,ValueChoice
SKU04189,77.5,55.5,12.5,0,0,EverydayPlus Small Appliances Medium,Electronics & Accessories,EverydayPlus
SKU04190,51.0,42.0,16.5,0,0,NovaFresh Frozen Meat Large,Frozen Foods,NovaFresh
SKU04192,190.0,91.75,24.75,0,0,MetroBrand Laundry 2kg,Home Care,MetroBrand
SKU04193,46.0,30.0,13.0,0,0,GoldenHarvest Surface Cleaners 1kg,Home Care,GoldenHarvest
SKU04194,296.9166666666667,65.83333333333333,22.958333333333332,0,0,ValueChoice Cheese Family Pack,Dairy & Bakery,ValueChoice
SKU04195,210.0,81.0,22.0,0,0,UrbanBite Men's Grooming 1L,Personal Care,UrbanBite
SKU04196,223.0,86.0,35.0,0,0,TrueTaste Frozen Vegetables Large,Frozen Foods,TrueTaste
SKU04197,155.0,74.5,27.75,0,0,HomeStyle Sugar & Salt 2L,Grocery,HomeStyle
SKU04198,201.0,90.0,37.0,0,0,QuickBite Juices 2L,Beverages,QuickBite
SKU04199,114.5,51.0,13.5,0,0,PremiumSelect Men's Wear 250g,Apparel & Footwear,PremiumSelect
SKU04201,108.33333333333333,61.333333333333336,18.666666666666668,0,0,UrbanBite OTC Medicine 2L,Health & Wellness,UrbanBite
SKU04202,77.75,55.5,22.75,0,0,NovaFresh Frozen Vegetables 250g,Frozen Foods,NovaFresh
SKU04204,95.66666666666667,52.333333333333336,16.333333333333332,0,0,GreenValley Skin Care 2L,Personal Care,GreenValley
SKU04205,127.0,90.0,33.0,0,0,FamilyChoice Surface Cleaners 1kg,Home Care,FamilyChoice
SKU04206,38.0,64.0,24.0,0,0,CityFresh Men's Wear Pack of 12,Apparel & Footwear,CityFresh
SKU04207,65.0,84.5,27.0,0,0,CityFresh Office Supplies 500ml,Stationery & Office,CityFresh
SKU04208,73.0,90.0,30.0,0,0,SmartBuy Milk 500ml,Dairy & Bakery,SmartBuy
SKU04209,88.5,41.0,18.0,0,0,EliteHome Small Appliances 250g,Electronics & Accessories,EliteHome
SKU04212,253.06896551724137,58.275862068965516,21.620689655172413,0,0,GoldenHarvest Footwear 2L,Apparel & Footwear,GoldenHarvest
SKU04213,155.0,63.0,17.0,0,0,PremiumSelect Pest Control 2kg,Home Care,PremiumSelect
SKU04214,73.0,54.0,25.0,0,0,EverydayPlus Notebooks 100g,Stationery & Office,EverydayPlus
SKU04215,250.86206896551724,57.06896551724138,19.75862068965517,0,0,SoftTouch Frozen Meat Family Pack,Frozen Foods,SoftTouch
SKU04216,95.0,53.5,18.5,0,0,PureLife Home Decor Family Pack,Home & Kitchen,PureLife
SKU04217,286.4782608695652,63.608695652173914,20.956521739130434,0,0,SoftTouch Bottled Water Large,Beverages,SoftTouch
SKU04218,93.0,71.0,20.0,0,0,CleanWave Coffee 2kg,Beverages,CleanWave
SKU04219,110.33333333333333,65.0,23.666666666666668,0,0,CrispKing Office Supplies Pack of 6,Stationery & Office,CrispKing
SKU04220,128.5,68.0,24.0,0,0,DailyBest Ready Meals 500g,Frozen Foods,DailyBest
SKU04221,90.5,47.0,20.5,0,0,PurePlus Frozen Meat Large,Frozen Foods,PurePlus
SKU04222,289.73333333333335,64.83333333333333,23.3,0,0,PrimeCare Biscuits & Cookies 100g,Snacks & Confectionery,PrimeCare
SKU04223,56.5,53.0,18.25,0,0,CityFresh Chips & Crisps 1L,Snacks & Confectionery,CityFresh
SKU04225,169.0,65.0,17.0,0,0,QuickBite Cheese Pack of 12,Dairy & Bakery,QuickBite
SKU04226,153.66666666666666,76.33333333333333,29.0,0,0,ZestyCo First Aid Medium,Health & Wellness,ZestyCo
SKU04227,80.0,28.0,6.0,0,0,ZestyCo Butter & Ghee 1L,Dairy & Bakery,ZestyCo
SKU04228,268.48148148148147,60.74074074074074,20.22222222222222,0,0,UrbanBite Yogurt 250g,Dairy & Bakery,UrbanBite
SKU04229,142.0,58.0,29.0,0,0,ValueChoice Coffee 100g,Beverages,ValueChoice
SKU04230,32.0,50.0,13.0,0,0,QuickBite Office Supplies 500g,Stationery & Office,QuickBite
SKU04231,155.0,61.0,24.0,0,0,CleanWave Notebooks 100g,Stationery & Office,CleanWave
SKU04233,123.5,90.5,22.5,0,0,SunriseFoods Bath & Body 100g,Personal Care,SunriseFoods
SKU04235,96.2,61.4,21.8,0,0,PureLife Oral Care 500ml,Personal Care,PureLife
SKU04236,317.5416666666667,68.125,23.916666666666668,0,0,ValueChoice Small Appliances Small,Electronics & Accessories,ValueChoice
SKU04237,78.0,31.0,7.0,0,0,PurePlus Eggs Pack of 12,Dairy & Bakery,PurePlus
SKU04238,89.33333333333333,75.66666666666667,22.666666666666668,0,0,SunriseFoods Sugar & Salt 100g,Grocery,SunriseFoods
SKU04239,87.0,58.0,17.5,0,0,SoftTouch Oral Care Large,Personal Care,SoftTouch
SKU04240,66.0,42.0,10.0,0,0,HealthFirst First Aid 2L,Health & Wellness,HealthFirst
SKU04241,46.0,37.0,11.0,0,0,ZestyCo Biscuits & Cookies 250ml,Snacks & Confectionery,ZestyCo
SKU04242,107.0,53.0,21.0,0,0,NatureBlend Kids Wear 250ml,Apparel & Footwear,NatureBlend
SKU04243,28.0,31.0,12.0,0,0,NutriPlus Cooking Oil Medium,Grocery,NutriPlus
SKU04244,279.47058823529414,63.529411764705884,20.470588235294116,0,0,GreenValley Cooking Oil 500ml,Grocery,GreenValley
SKU04246,130.0,68.0,16.0,0,0,FamilyChoice Frozen Meat 500ml,Frozen Foods,FamilyChoice
SKU04247,88.0,30.0,12.0,0,0,GoldenHarvest Cheese 250g,Dairy & Bakery,GoldenHarvest
SKU04249,288.24,65.08,22.36,0,0,HealthFirst Sugar & Salt 2kg,Grocery,HealthFirst
SKU04250,290.0344827586207,63.275862068965516,21.96551724137931,0,0,PureLife OTC Medicine 1kg,Health & Wellness,PureLife
SKU04251,70.6,59.8,22.0,0,0,DailyBest Oral Care 250ml,Personal Care,DailyBest
SKU04252,60.5,29.5,12.5,0,0,SoftTouch Energy Drinks 100g,Beverages,SoftTouch
SKU04253,20.0,54.0,12.0,0,0,CleanWave Men's Grooming Pack of 6,Personal Care,CleanWave
SKU04254,91.75,54.5,19.0,0,0,CleanWave Writing Instruments 250g,Stationery & Office,CleanWave
SKU04258,130.0,66.0,28.0,0,0,CityFresh Biscuits & Cookies 2kg,Snacks & Confectionery,CityFresh
SKU04259,154.0,79.66666666666667,29.0,0,0,FamilyChoice Cheese 1L,Dairy & Bakery,FamilyChoice
SKU04261,256.3448275862069,56.13793103448276,20.655172413793103,0,0,CityFresh Energy Drinks 2kg,Beverages,CityFresh
SKU04262,89.0,39.0,19.0,0,0,PrimeCare Vitamins & Supplements 250g,Health & Wellness,PrimeCare
SKU04263,111.33333333333333,56.0,18.333333333333332,0,0,NutriPlus Men's Grooming 500ml,Personal Care,NutriPlus
SKU04265,271.15,57.1,18.55,0,0,PurePlus Surface Cleaners 2L,Home Care,PurePlus
SKU04266,112.33333333333333,49.333333333333336,20.333333333333332,0,0,PurePlus Surface Cleaners Large,Home Care,PurePlus
SKU04270,184.5,93.5,34.5,0,0,NutriPlus Bottled Water Pack of 6,Beverages,NutriPlus
SKU04272,26.0,20.0,9.0,0,0,MetroBrand Office Supplies Medium,Stationery & Office,MetroBrand
SKU04274,138.5,84.5,31.0,0,0,HealthFirst Dishwashing 500ml,Home Care,HealthFirst
SKU04275,28.0,46.0,18.0,0,0,NatureBlend Cheese 250g,Dairy & Bakery,NatureBlend
SKU04276,72.0,60.0,23.0,0,0,QuickBite Storage & Containers Medium,Home & Kitchen,QuickBite
SKU04277,127.0,60.333333333333336,18.666666666666668,0,0,CityFresh Butter & Ghee 500ml,Dairy & Bakery,CityFresh
SKU04281,279.88,63.72,19.84,0,0,FamilyChoice Notebooks Pack of 6,Stationery & Office,FamilyChoice
SKU04282,106.5,59.0,25.5,0,0,DailyBest Juices 1L,Beverages,DailyBest
SKU04283,136.0,80.0,25.0,0,0,SmartBuy Home Decor 1kg,Home & Kitchen,SmartBuy
SKU04285,159.0,62.0,21.0,0,0,FamilyChoice First Aid Pack of 6,Health & Wellness,FamilyChoice
SKU04286,107.0,69.0,24.0,0,0,SparkleClean Writing Instruments 250g,Stationery & Office,SparkleClean
SKU04289,86.5,72.5,19.5,0,0,HomeStyle Hair Care 250g,Personal Care,HomeStyle
SKU04290,85.0,58.0,29.0,0,0,HomeStyle Milk 100g,Dairy & Bakery,HomeStyle
SKU04292,269.44444444444446,61.111111111111114,20.666666666666668,0,0,CrispKing Oral Care Pack of 12,Personal Care,CrispKing
SKU04293,36.0,25.0,6.0,0,0,EverydayPlus Mobile Accessories Medium,Electronics & Accessories,EverydayPlus
SKU04294,88.5,72.5,17.0,0,0,HomeStyle Surface Cleaners Family Pack,Home Care,HomeStyle
SKU04296,70.0,26.0,7.0,0,0,MetroBrand Hair Care 1L,Personal Care,MetroBrand
SKU04297,128.5,81.0,36.0,0,0,HealthFirst Yogurt 100g,Dairy & Bakery,HealthFirst
SKU04298,94.5,45.5,19.5,0,0,UrbanBite Namkeen 250ml,Snacks & Confectionery,UrbanBite
SKU04299,126.66666666666667,66.0,26.0,0,0,MetroBrand Ready Meals 2kg,Frozen Foods,MetroBrand
SKU04300,58.25,49.0,13.5,0,0,QuickBite Cookware Pack of 6,Home & Kitchen,QuickBite
SKU04301,89.0,62.0,21.0,0,0,SparkleClean Home Decor Large,Home & Kitchen,SparkleClean
SKU04302,69.0,30.0,8.0,0,0,GreenValley Butter & Ghee Medium,Dairy & Bakery,GreenValley
SKU04303,151.0,65.0,26.0,0,0,TrueTaste Air Fresheners 100g,Home Care,TrueTaste
SKU04304,49.5,38.0,14.0,0,0,NovaFresh Small Appliances 1kg,Electronics & Accessories,NovaFresh
SKU04308,87.0,35.0,13.0,0,0,HomeStyle Flour & Atta Pack of 6,Grocery,HomeStyle
SKU04310,103.0,69.66666666666667,16.0,0,0,CityFresh First Aid Family Pack,Health & Wellness,CityFresh
SKU04311,132.0,60.5,21.5,0,0,NatureBlend Soft Drinks Pack of 12,Beverages,NatureBlend
SKU04314,101.5,70.5,29.5,0,0,CrispKing OTC Medicine 250ml,Health & Wellness,CrispKing
SKU04317,106.0,56.5,19.5,0,0,QuickBite Kids Wear 250ml,Apparel & Footwear,QuickBite
SKU04319,258.11538461538464,57.23076923076923,20.26923076923077,0,0,HealthFirst Home Decor 100g,Home & Kitchen,HealthFirst
SKU04320,119.5,60.5,20.5,0,0,NutriPlus Small Appliances 250g,Electronics & Accessories,NutriPlus
SKU04322,65.0,52.5,18.0,0,0,HealthFirst Home Decor 2L,Home & Kitchen,HealthFirst
SKU04323,37.0,47.0,14.0,0,0,NatureBlend Air Fresheners Pack of 6,Home Care,NatureBlend
SKU04325,77.0,32.0,12.0,0,0,MetroBrand Cookware 500ml,Home & Kitchen,MetroBrand
SKU04326,96.5,55.5,21.0,0,0,NutriPlus Milk 500g,Dairy & Bakery,NutriPlus
SKU04327,38.0,55.666666666666664,19.333333333333332,0,0,BasicNeeds Writing Instruments 250ml,Stationery & Office,BasicNeeds
SKU04330,64.0,42.0,17.0,0,0,PremiumSelect Ice Cream Pack of 6,Frozen Foods,PremiumSelect
SKU04332,46.0,42.0,18.0,0,0,EliteHome Cheese 1L,Dairy & Bakery,EliteHome
SKU04333,59.5,52.5,23.25,0,0,GreenValley Cookware 500ml,Home & Kitchen,GreenValley
SKU04334,272.46153846153845,60.38461538461539,21.307692307692307,0,0,FreshFarm Pulses & Lentils 250ml,Grocery,FreshFarm
SKU04336,184.0,92.0,35.0,0,0,SparkleClean Bath & Body 2L,Personal Care,SparkleClean
SKU04338,134.0,58.0,12.5,0,0,BasicNeeds Cheese Pack of 6,Dairy & Bakery,BasicNeeds
SKU04339,12.0,41.0,11.0,0,0,NovaFresh First Aid Small,Health & Wellness,NovaFresh
SKU04340,98.6,58.6,25.2,0,0,EverydayPlus Skin Care Medium,Personal Care,EverydayPlus
SKU04342,95.0,41.0,18.0,0,0,CityFresh Chips & Crisps Small,Snacks & Confectionery,CityFresh
SKU04343,110.0,83.0,26.0,0,0,UrbanBite Batteries 1kg,Electronics & Accessories,UrbanBite
SKU04347,213.0,99.0,25.0,0,0,PremiumSelect Butter & Ghee 500ml,Dairy & Bakery,PremiumSelect
SKU04349,162.0,87.0,29.5,0,0,CityFresh Candy Pack of 6,Snacks & Confectionery,CityFresh
SKU04351,168.0,64.0,22.0,0,0,NutriPlus Small Appliances 1kg,Electronics & Accessories,NutriPlus
SKU04352,304.92,63.76,22.36,0,0,ValueChoice Frozen Vegetables Family Pack,Frozen Foods,ValueChoice
SKU04353,74.0,58.0,18.0,0,0,MetroBrand Notebooks Large,Stationery & Office,MetroBrand
SKU04355,47.5,44.0,9.5,0,0,FreshFarm Rice & Grains 250ml,Grocery,FreshFarm
SKU04356,176.0,65.5,22.5,0,0,PremiumSelect Hair Care 2kg,Personal Care,PremiumSelect
SKU04357,96.5,43.0,14.75,0,0,CleanWave Cheese Medium,Dairy & Bakery,CleanWave
SKU04360,115.0,73.5,24.0,0,0,ValueChoice Office Supplies Pack of 6,Stationery & Office,ValueChoice
SKU04361,97.0,42.0,20.0,0,0,NutriPlus Cheese Pack of 6,Dairy & Bakery,NutriPlus
SKU04363,73.0,81.0,33.0,0,0,ZestyCo Bottled Water Family Pack,Beverages,ZestyCo
SKU04364,179.16666666666666,79.83333333333333,28.166666666666668,0,0,EverydayPlus Storage & Containers Small,Home & Kitchen,EverydayPlus
SKU04365,100.0,60.333333333333336,27.0,0,0,SoftTouch Storage & Containers 100g,Home & Kitchen,SoftTouch
SKU04366,125.0,53.5,14.5,0,0,SmartBuy Footwear 1L,Apparel & Footwear,SmartBuy
SKU04370,89.25,69.0,26.0,0,0,PurePlus Pest Control 1kg,Home Care,PurePlus
SKU04373,96.0,52.4,19.2,0,0,SunriseFoods Ready Meals 1L,Frozen Foods,SunriseFoods
SKU04375,116.0,84.0,34.0,0,0,SmartBuy Women's Wear 100g,Apparel & Footwear,SmartBuy
SKU04377,122.0,70.0,31.0,0,0,CrispKing Spices & Seasoning Large,Grocery,CrispKing
SKU04378,104.0,59.666666666666664,18.0,0,0,NovaFresh Tea 2kg,Beverages,NovaFresh
SKU04379,38.0,48.0,19.0,0,0,TrueTaste Laundry Family Pack,Home Care,TrueTaste
SKU04380,36.0,27.0,8.5,0,0,ValueChoice Frozen Meat 500ml,Frozen Foods,ValueChoice
SKU04383,70.0,54.0,22.0,0,0,CityFresh Batteries Family Pack,Electronics & Accessories,CityFresh
SKU04384,114.33333333333333,59.666666666666664,20.0,0,0,ZestyCo Kids Wear 1kg,Apparel & Footwear,ZestyCo
SKU04386,14.0,27.0,12.0,0,0,NutriPlus Ice Cream Pack of 6,Frozen Foods,NutriPlus
SKU04387,149.66666666666666,60.666666666666664,14.333333333333334,0,0,CleanWave Spices & Seasoning 250ml,Grocery,CleanWave
SKU04388,244.5,59.04545454545455,18.90909090909091,0,0,SmartBuy Mobile Accessories Pack of 12,Electronics & Accessories,SmartBuy
SKU04389,233.0,93.0,41.0,0,0,PureLife Storage & Containers 500ml,Home & Kitchen,PureLife
SKU04391,70.66666666666667,29.0,7.333333333333333,0,0,GoldenHarvest Vitamins & Supplements Large,Health & Wellness,GoldenHarvest
SKU04392,265.39285714285717,59.785714285714285,21.892857142857142,0,0,PremiumSelect First Aid 250ml,Health & Wellness,PremiumSelect
SKU04394,64.5,50.0,21.5,0,0,SmartBuy First Aid Small,Health & Wellness,SmartBuy
SKU04395,32.0,33.0,7.0,0,0,CleanWave Air Fresheners 250g,Home Care,CleanWave
SKU04400,165.0,78.5,30.0,0,0,SparkleClean Cookware Small,Home & Kitchen,SparkleClean
SKU04401,277.6923076923077,62.34615384615385,21.03846153846154,0,0,CrispKing Spices & Seasoning 500g,Grocery,CrispKing
SKU04404,131.33333333333334,61.666666666666664,14.666666666666666,0,0,SoftTouch Frozen Meat 250g,Frozen Foods,SoftTouch
SKU04408,16.0,24.0,9.0,0,0,NutriPlus Cookware Pack of 12,Home & Kitchen,NutriPlus
SKU04409,277.57142857142856,60.285714285714285,20.357142857142858,0,0,SunriseFoods Footwear 2kg,Apparel & Footwear,SunriseFoods
SKU04412,274.84,61.4,21.84,0,0,SparkleClean Dishwashing 500g,Home Care,SparkleClean
SKU04413,135.0,72.0,34.0,0,0,PurePlus Flour & Atta Small,Grocery,PurePlus
SKU04414,304.2,62.93333333333333,22.2,0,0,DailyBest Candy 1L,Snacks & Confectionery,DailyBest
SKU04415,151.0,80.0,28.666666666666668,0,0,SparkleClean Home Decor 250ml,Home & Kitchen,SparkleClean
SKU04416,102.33333333333333,94.0,25.0,0,0,UrbanBite Men's Grooming Pack of 6,Personal Care,UrbanBite
SKU04417,102.8,61.6,25.8,0,0,HealthFirst Mobile Accessories Pack of 12,Electronics & Accessories,HealthFirst
SKU04418,101.33333333333333,58.0,18.0,0,0,GreenValley Batteries 1kg,Electronics & Accessories,GreenValley
SKU04419,55.0,43.0,16.0,0,0,UrbanBite Butter & Ghee 250g,Dairy & Bakery,UrbanBite
SKU04420,15.0,21.0,6.0,0,0,SmartBuy Candy 1L,Snacks & Confectionery,SmartBuy
SKU04421,133.66666666666666,64.0,19.0,0,0,HomeStyle Small Appliances 100g,Electronics & Accessories,HomeStyle
SKU04422,73.33333333333333,69.0,18.333333333333332,0,0,SmartBuy Energy Drinks Pack of 6,Beverages,SmartBuy
SKU04425,269.375,63.375,21.375,0,0,NatureBlend Small Appliances 2L,Electronics & Accessories,NatureBlend
SKU04428,165.25,77.5,27.25,0,0,EliteHome Chips & Crisps 1kg,Snacks & Confectionery,EliteHome
SKU04429,20.0,58.0,12.0,0,0,PremiumSelect Milk Pack of 12,Dairy & Bakery,PremiumSelect
SKU04430,139.0,48.0,16.0,0,0,HomeStyle Eggs Large,Dairy & Bakery,HomeStyle
SKU04432,44.0,50.0,17.5,0,0,SoftTouch Writing Instruments 1kg,Stationery & Office,SoftTouch
SKU04433,108.25,72.5,26.25,0,0,CrispKing Coffee Medium,Beverages,CrispKing
SKU04435,185.5,96.5,37.0,0,0,GreenValley OTC Medicine 2kg,Health & Wellness,GreenValley
SKU04436,66.5,81.5,25.0,0,0,BasicNeeds Vitamins & Supplements 100g,Health & Wellness,BasicNeeds
SKU04437,49.0,37.0,14.0,0,0,HealthFirst Candy Medium,Snacks & Confectionery,HealthFirst
SKU04438,66.66666666666667,52.0,12.666666666666666,0,0,UrbanBite Yogurt 100g,Dairy & Bakery,UrbanBite
SKU04439,35.0,52.0,13.0,0,0,ValueChoice First Aid 2L,Health & Wellness,ValueChoice
SKU04442,271.17241379310343,56.3448275862069,20.137931034482758,0,0,CityFresh Pulses & Lentils Pack of 6,Grocery,CityFresh
SKU04443,288.25,61.607142857142854,22.857142857142858,0,0,QuickBite Sugar & Salt Medium,Grocery,QuickBite
SKU04445,155.5,77.5,27.0,0,0,NovaFresh First Aid 500g,Health & Wellness,NovaFresh
SKU04446,80.75,61.0,19.5,0,0,DailyBest Cooking Oil 2kg,Grocery,DailyBest
SKU04447,117.0,48.333333333333336,18.666666666666668,0,0,NutriPlus Home Decor Family Pack,Home & Kitchen,NutriPlus
SKU04448,63.166666666666664,66.5,23.166666666666668,0,0,SmartBuy Sugar & Salt 100g,Grocery,SmartBuy
SKU04451,26.0,27.0,10.0,0,0,CrispKing Writing Instruments 2kg,Stationery & Office,CrispKing
SKU04452,65.6,70.2,27.2,0,0,EverydayPlus Writing Instruments 100g,Stationery & Office,EverydayPlus
SKU04455,135.0,67.5,22.833333333333332,0,0,GreenValley Chocolates 500g,Snacks & Confectionery,GreenValley
SKU04457,78.75,44.75,14.5,0,0,SmartBuy Biscuits & Cookies 100g,Snacks & Confectionery,SmartBuy
SKU04458,71.0,63.0,19.0,0,0,SunriseFoods Surface Cleaners Pack of 12,Home Care,SunriseFoods
SKU04459,147.0,87.0,41.0,0,0,CleanWave Storage & Containers 1kg,Home & Kitchen,CleanWave
SKU04461,270.3125,62.375,19.9375,0,0,BasicNeeds Energy Drinks 500g,Beverages,BasicNeeds
SKU04462,107.66666666666667,64.33333333333333,27.333333333333332,0,0,EverydayPlus Eggs Large,Dairy & Bakery,EverydayPlus
SKU04464,130.33333333333334,66.33333333333333,24.333333333333332,0,0,DailyBest Frozen Meat Pack of 12,Frozen Foods,DailyBest
SKU04465,52.0,25.0,7.0,0,0,BasicNeeds Ice Cream 1kg,Frozen Foods,BasicNeeds
SKU04466,116.0,61.0,17.0,0,0,HealthFirst Surface Cleaners 100g,Home Care,HealthFirst
SKU04467,108.33333333333333,57.0,17.333333333333332,0,0,HealthFirst Butter & Ghee 100g,Dairy & Bakery,HealthFirst
SKU04468,254.4,57.3,19.15,0,0,GreenValley First Aid 500ml,Health & Wellness,GreenValley
SKU04470,263.94117647058823,62.8235294117647,24.0,0,0,SoftTouch Storage & Containers Small,Home & Kitchen,SoftTouch
SKU04471,63.0,52.0,15.0,0,0,CrispKing Vitamins & Supplements Small,Health & Wellness,CrispKing
SKU04473,221.0,83.0,19.0,0,0,ValueChoice Men's Wear 500ml,Apparel & Footwear,ValueChoice
SKU04474,201.5,86.5,26.0,0,0,FreshFarm Spices & Seasoning 250ml,Grocery,FreshFarm
SKU04475,324.6666666666667,71.56666666666666,24.866666666666667,0,0,GreenValley Men's Grooming Pack of 12,Personal Care,GreenValley
SKU04477,134.0,73.0,18.0,0,0,SparkleClean Cooking Oil Pack of 6,Grocery,SparkleClean
SKU04479,177.5,75.5,34.5,0,0,ZestyCo Kids Wear 250ml,Apparel & Footwear,ZestyCo
SKU04481,116.2,63.8,27.8,0,0,EliteHome Soft Drinks 250ml,Beverages,EliteHome
SKU04482,48.0,62.0,21.333333333333332,0,0,HomeStyle Milk 500g,Dairy & Bakery,HomeStyle
SKU04483,122.75,70.75,27.75,0,0,PremiumSelect Cheese 500g,Dairy & Bakery,PremiumSelect
SKU04484,261.0,93.0,36.0,0,0,FamilyChoice Biscuits & Cookies 100g,Snacks & Confectionery,FamilyChoice
SKU04485,33.0,79.0,23.0,0,0,NovaFresh Coffee Small,Beverages,NovaFresh
SKU04487,8.0,27.0,8.0,0,0,NovaFresh Footwear 2L,Apparel & Footwear,NovaFresh
SKU04488,153.33333333333334,83.33333333333333,24.333333333333332,0,0,EverydayPlus Surface Cleaners 250ml,Home Care,EverydayPlus
SKU04490,65.5,71.0,35.0,0,0,ZestyCo Writing Instruments Large,Stationery & Office,ZestyCo
SKU04491,292.06666666666666,61.3,21.266666666666666,0,0,CrispKing Storage & Containers Small,Home & Kitchen,CrispKing
SKU04493,127.5,76.25,27.0,0,0,SparkleClean Writing Instruments Family Pack,Stationery & Office,SparkleClean
SKU04495,122.0,65.25,29.5,0,0,SunriseFoods Cooking Oil Pack of 12,Grocery,SunriseFoods
SKU04498,114.0,64.0,22.666666666666668,0,0,SmartBuy Spices & Seasoning 500ml,Grocery,SmartBuy
SKU04499,272.25,68.8,21.7,0,0,BasicNeeds Yogurt 500g,Dairy & Bakery,BasicNeeds
SKU04500,71.33333333333333,51.333333333333336,20.0,0,0,SparkleClean Butter & Ghee 250ml,Dairy & Bakery,SparkleClean
SKU04501,66.0,47.333333333333336,13.0,0,0,ValueChoice Hair Care 1L,Personal Care,ValueChoice
SKU04502,32.5,35.5,12.5,0,0,CleanWave Writing Instruments 100g,Stationery & Office,CleanWave
SKU04503,125.0,58.333333333333336,23.666666666666668,0,0,UrbanBite Yogurt Medium,Dairy & Bakery,UrbanBite
SKU04505,291.0,62.86666666666667,23.3,0,0,SoftTouch Energy Drinks 500ml,Beverages,SoftTouch
SKU04510,74.66666666666667,36.333333333333336,13.333333333333334,0,0,PrimeCare Pest Control 1L,Home Care,PrimeCare
SKU04511,100.2,55.4,20.6,0,0,EliteHome Men's Wear 2kg,Apparel & Footwear,EliteHome
SKU04512,76.5,51.0,20.5,0,0,CrispKing Ice Cream Small,Frozen Foods,CrispKing
SKU04516,144.2,80.8,30.2,0,0,CleanWave Kids Wear Pack of 12,Apparel & Footwear,CleanWave
SKU04517,33.0,54.0,14.0,0,0,FreshFarm Bread Family Pack,Dairy & Bakery,FreshFarm
SKU04518,116.33333333333333,63.333333333333336,22.666666666666668,0,0,QuickBite Coffee Pack of 12,Beverages,QuickBite
SKU04519,90.66666666666667,70.66666666666667,16.666666666666668,0,0,ValueChoice Mobile Accessories 100g,Electronics & Accessories,ValueChoice
SKU04520,37.0,29.0,7.0,0,0,SoftTouch Dishwashing Medium,Home Care,SoftTouch
SKU04522,117.5,53.75,23.5,0,0,SmartBuy Small Appliances 100g,Electronics & Accessories,SmartBuy
SKU04523,149.0,65.33333333333333,23.333333333333332,0,0,HomeStyle Candy 2L,Snacks & Confectionery,HomeStyle
SKU04525,71.66666666666667,49.666666666666664,13.666666666666666,0,0,CityFresh Women's Wear 500ml,Apparel & Footwear,CityFresh
SKU04526,266.5,59.9,20.633333333333333,0,0,SunriseFoods Skin Care 1L,Personal Care,SunriseFoods
SKU04527,86.25,73.75,26.0,0,0,NovaFresh Ready Meals 250g,Frozen Foods,NovaFresh
SKU04528,77.0,87.0,26.0,0,0,GreenValley Frozen Vegetables Medium,Frozen Foods,GreenValley
SKU04530,148.0,73.5,20.0,0,0,SmartBuy Rice & Grains Family Pack,Grocery,SmartBuy
SKU04531,12.0,25.0,5.0,0,0,GreenValley Milk 500ml,Dairy & Bakery,GreenValley
SKU04532,267.82758620689657,60.758620689655174,20.17241379310345,0,0,ValueChoice Candy 2L,Snacks & Confectionery,ValueChoice
SKU04533,55.0,62.0,17.666666666666668,0,0,SunriseFoods Batteries Medium,Electronics & Accessories,SunriseFoods
SKU04535,71.0,53.0,17.5,0,0,NutriPlus Ice Cream Large,Frozen Foods,NutriPlus
SKU04538,77.66666666666667,48.0,13.666666666666666,0,0,PurePlus Butter & Ghee Pack of 6,Dairy & Bakery,PurePlus
SKU04539,114.5,75.0,27.0,0,0,CleanWave Pulses & Lentils 1L,Grocery,CleanWave
SKU04540,124.25,57.75,18.0,0,0,ZestyCo Batteries 1kg,Electronics & Accessories,ZestyCo
SKU04541,133.0,80.0,24.0,0,0,SparkleClean Rice & Grains 2L,Grocery,SparkleClean
SKU04542,90.25,49.5,18.75,0,0,ValueChoice Pulses & Lentils 2L,Grocery,ValueChoice
SKU04546,186.0,67.0,23.0,0,0,SunriseFoods Storage & Containers 250ml,Home & Kitchen,SunriseFoods
SKU04549,42.0,24.0,9.0,0,0,ZestyCo Eggs 100g,Dairy & Bakery,ZestyCo
SKU04552,154.0,68.0,22.0,0,0,PurePlus Pulses & Lentils 1kg,Grocery,PurePlus
SKU04554,282.6896551724138,61.172413793103445,22.482758620689655,0,0,UrbanBite Home Decor Pack of 12,Home & Kitchen,UrbanBite
SKU04555,35.0,58.0,14.0,0,0,EliteHome Mobile Accessories Pack of 6,Electronics & Accessories,EliteHome
SKU04556,112.5,73.0,31.5,0,0,NatureBlend Candy 250ml,Snacks & Confectionery,NatureBlend
SKU04557,83.0,50.0,15.0,0,0,PureLife Dishwashing Small,Home Care,PureLife
SKU04558,97.0,45.0,15.0,0,0,EliteHome Frozen Vegetables 500g,Frozen Foods,EliteHome
SKU04559,70.0,32.0,7.0,0,0,GreenValley Footwear 1L,Apparel & Footwear,GreenValley
SKU04561,319.3529411764706,70.52941176470588,21.529411764705884,0,0,FamilyChoice Milk 1L,Dairy & Bakery,FamilyChoice
SKU04563,137.33333333333334,65.66666666666667,22.333333333333332,0,0,BasicNeeds Storage & Containers Family Pack,Home & Kitchen,BasicNeeds
SKU04565,34.0,50.0,11.0,0,0,FreshFarm Spices & Seasoning 1kg,Grocery,FreshFarm
SKU04566,249.96428571428572,58.214285714285715,19.571428571428573,0,0,UrbanBite Ice Cream Pack of 6,Frozen Foods,UrbanBite
SKU04567,74.66666666666667,66.33333333333333,20.666666666666668,0,0,NovaFresh Storage & Containers 250ml,Home & Kitchen,NovaFresh
SKU04568,58.0,56.0,14.666666666666666,0,0,FreshFarm Notebooks 1L,Stationery & Office,FreshFarm
SKU04569,210.0,75.0,36.0,0,0,ZestyCo Oral Care 500g,Personal Care,ZestyCo
SKU04572,85.66666666666667,76.0,21.333333333333332,0,0,SunriseFoods Kids Wear 500g,Apparel & Footwear,SunriseFoods
SKU04575,30.5,31.5,10.5,0,0,SparkleClean Cheese 2kg,Dairy & Bakery,SparkleClean
SKU04577,78.0,36.0,16.0,0,0,CleanWave Energy Drinks 500ml,Beverages,CleanWave
SKU04578,215.0,98.0,28.0,0,0,BasicNeeds Home Decor Large,Home & Kitchen,BasicNeeds
SKU04579,45.0,56.0,14.0,0,0,PrimeCare Energy Drinks Pack of 12,Beverages,PrimeCare
SKU04581,127.0,64.66666666666667,23.666666666666668,0,0,UrbanBite Office Supplies Family Pack,Stationery & Office,UrbanBite
SKU04582,82.0,66.5,30.5,0,0,DailyBest Mobile Accessories 500ml,Electronics & Accessories,DailyBest
SKU04583,126.5,74.0,23.5,0,0,NatureBlend Kids Wear 2L,Apparel & Footwear,NatureBlend
SKU04586,86.5,52.0,22.0,0,0,HealthFirst Dishwashing Small,Home Care,HealthFirst
SKU04587,17.0,30.0,7.0,0,0,EverydayPlus Pulses & Lentils 2kg,Grocery,EverydayPlus
SKU04588,158.0,94.0,36.0,0,0,SmartBuy Oral Care 500g,Personal Care,SmartBuy
SKU04589,122.0,77.33333333333333,26.333333333333332,0,0,SmartBuy Men's Grooming 250g,Personal Care,SmartBuy
SKU04591,293.7083333333333,62.5,21.791666666666668,0,0,SunriseFoods Butter & Ghee Medium,Dairy & Bakery,SunriseFoods
SKU04592,126.0,66.0,17.666666666666668,0,0,FreshFarm Surface Cleaners 100g,Home Care,FreshFarm
SKU04593,115.0,78.5,26.5,0,0,PurePlus Surface Cleaners Large,Home Care,PurePlus
SKU04595,131.0,44.0,18.0,0,0,FamilyChoice Batteries 250ml,Electronics & Accessories,FamilyChoice
SKU04597,221.0,91.0,22.0,0,0,DailyBest Men's Wear 1kg,Apparel & Footwear,DailyBest
SKU04598,78.0,75.0,27.5,0,0,BasicNeeds Bread 1kg,Dairy & Bakery,BasicNeeds
SKU04602,181.0,68.0,21.0,0,0,UrbanBite Tea 250ml,Beverages,UrbanBite
SKU04603,32.5,27.5,9.0,0,0,PurePlus Footwear 500g,Apparel & Footwear,PurePlus
SKU04605,249.51724137931035,54.793103448275865,18.586206896551722,0,0,NatureBlend Chocolates Pack of 12,Snacks & Confectionery,NatureBlend
SKU04607,228.20833333333334,50.416666666666664,17.291666666666668,0,0,PrimeCare Frozen Meat 1L,Frozen Foods,PrimeCare
SKU04609,73.0,68.33333333333333,22.0,0,0,PrimeCare Pest Control 2kg,Home Care,PrimeCare
SKU04611,58.0,64.0,26.5,0,0,ValueChoice Writing Instruments Family Pack,Stationery & Office,ValueChoice
SKU04612,280.25925925925924,59.629629629629626,22.14814814814815,0,0,CleanWave Cookware 1kg,Home & Kitchen,CleanWave
SKU04613,71.8,37.6,15.8,0,0,NutriPlus Energy Drinks Pack of 12,Beverages,NutriPlus
SKU04616,64.33333333333333,54.0,15.666666666666666,0,0,NatureBlend Tea Pack of 6,Beverages,NatureBlend
SKU04618,62.0,50.0,18.0,0,0,PurePlus Cooking Oil 250ml,Grocery,PurePlus
SKU04620,17.0,24.0,8.0,0,0,GreenValley Sugar & Salt 1kg,Grocery,GreenValley
SKU04623,200.0,73.0,20.0,0,0,PrimeCare Candy 1kg,Snacks & Confectionery,PrimeCare
SKU04625,43.0,42.0,10.0,0,0,HealthFirst Milk 2L,Dairy & Bakery,HealthFirst
SKU04628,106.0,59.333333333333336,21.666666666666668,0,0,PurePlus Batteries 100g,Electronics & Accessories,PurePlus
SKU04629,81.0,49.0,22.5,0,0,SunriseFoods Tea 100g,Beverages,SunriseFoods
SKU04630,7.0,23.0,6.0,0,0,CrispKing Sugar & Salt Large,Grocery,CrispKing
SKU04634,35.0,42.0,12.0,0,0,NovaFresh Women's Wear 1L,Apparel & Footwear,NovaFresh
SKU04635,44.0,33.5,14.0,0,0,GreenValley Storage & Containers 100g,Home & Kitchen,GreenValley
SKU04636,216.45454545454547,51.90909090909091,17.90909090909091,0,0,CrispKing Oral Care 100g,Personal Care,CrispKing
SKU04637,57.5,64.5,16.5,0,0,CrispKing Ice Cream Pack of 12,Frozen Foods,CrispKing
SKU04638,102.5,90.0,27.5,0,0,TrueTaste Pulses & Lentils Large,Grocery,TrueTaste
SKU04639,61.0,75.0,21.0,0,0,FamilyChoice Eggs 250ml,Dairy & Bakery,FamilyChoice
SKU04640,60.0,29.0,8.0,0,0,PremiumSelect OTC Medicine 2L,Health & Wellness,PremiumSelect
SKU04641,273.77777777777777,62.03703703703704,21.85185185185185,0,0,NatureBlend Biscuits & Cookies Family Pack,Snacks & Confectionery,NatureBlend
SKU04642,178.0,81.0,26.0,0,0,FamilyChoice Writing Instruments Medium,Stationery & Office,FamilyChoice
SKU04643,265.88461538461536,57.88461538461539,21.807692307692307,0,0,EverydayPlus Notebooks 2L,Stationery & Office,EverydayPlus
SKU04644,110.0,48.0,23.0,0,0,SoftTouch Cheese Pack of 6,Dairy & Bakery,SoftTouch
SKU04648,51.5,66.5,23.0,0,0,CityFresh Energy Drinks Pack of 12,Beverages,CityFresh
SKU04649,10.0,38.0,9.0,0,0,HomeStyle Bath & Body 2kg,Personal Care,HomeStyle
SKU04650,155.0,62.0,22.5,0,0,HealthFirst Ready Meals Large,Frozen Foods,HealthFirst
SKU04651,53.0,34.0,8.0,0,0,NatureBlend OTC Medicine 250g,Health & Wellness,NatureBlend
SKU04652,219.33333333333334,51.666666666666664,16.766666666666666,0,0,ValueChoice First Aid 1kg,Health & Wellness,ValueChoice
SKU04653,264.53333333333336,58.13333333333333,20.066666666666666,0,0,CleanWave Namkeen 250ml,Snacks & Confectionery,CleanWave
SKU04654,208.06666666666666,53.333333333333336,19.033333333333335,0,0,GoldenHarvest Women's Wear 1kg,Apparel & Footwear,GoldenHarvest
SKU04657,100.5,57.0,20.5,0,0,TrueTaste Pest Control Large,Home Care,TrueTaste
SKU04659,167.0,82.0,27.0,0,0,CrispKing Skin Care Pack of 6,Personal Care,CrispKing
SKU04660,42.0,68.0,14.0,0,0,ValueChoice Kids Wear 2L,Apparel & Footwear,ValueChoice
SKU04661,262.0,91.0,33.0,0,0,BasicNeeds Candy 100g,Snacks & Confectionery,BasicNeeds
SKU04662,26.0,33.0,15.0,0,0,NovaFresh Chocolates Pack of 12,Snacks & Confectionery,NovaFresh
SKU04664,269.6551724137931,60.10344827586207,21.75862068965517,0,0,NatureBlend Ready Meals 2L,Frozen Foods,NatureBlend
SKU04665,276.56666666666666,59.6,20.866666666666667,0,0,TrueTaste Batteries Family Pack,Electronics & Accessories,TrueTaste
SKU04667,30.0,34.0,16.0,0,0,SmartBuy Cookware 1L,Home & Kitchen,SmartBuy
SKU04668,127.0,49.0,16.5,0,0,EliteHome Eggs 2kg,Dairy & Bakery,EliteHome
SKU04669,27.0,35.0,17.0,0,0,MetroBrand Frozen Meat Medium,Frozen Foods,MetroBrand
SKU04670,261.76,63.44,22.56,0,0,CrispKing Notebooks Medium,Stationery & Office,CrispKing
SKU04671,153.5,76.5,27.5,0,0,BasicNeeds Ready Meals 250ml,Frozen Foods,BasicNeeds
SKU04673,143.5,59.5,16.0,0,0,FreshFarm Cookware 2L,Home & Kitchen,FreshFarm
SKU04674,118.33333333333333,73.33333333333333,27.333333333333332,0,0,TrueTaste Writing Instruments Pack of 6,Stationery & Office,TrueTaste
SKU04676,66.5,58.0,26.0,0,0,DailyBest Dishwashing Large,Home Care,DailyBest
SKU04677,293.0,98.0,30.0,0,0,UrbanBite Candy 1kg,Snacks & Confectionery,UrbanBite
SKU04678,132.0,69.5,22.5,0,0,EliteHome Ready Meals 1kg,Frozen Foods,EliteHome
SKU04679,283.2857142857143,63.392857142857146,22.428571428571427,0,0,NutriPlus Office Supplies Family Pack,Stationery & Office,NutriPlus
SKU04681,68.0,54.5,22.5,0,0,SoftTouch Skin Care 500ml,Personal Care,SoftTouch
SKU04682,26.0,43.0,15.333333333333334,0,0,PremiumSelect Coffee 2kg,Beverages,PremiumSelect
SKU04683,77.66666666666667,53.0,18.333333333333332,0,0,EverydayPlus Hair Care 250ml,Personal Care,EverydayPlus
SKU04686,93.0,72.0,36.0,0,0,FamilyChoice Ice Cream 500ml,Frozen Foods,FamilyChoice
SKU04688,136.0,79.0,31.666666666666668,0,0,EverydayPlus Sugar & Salt 250g,Grocery,EverydayPlus
SKU04690,277.73333333333335,58.03333333333333,21.5,0,0,DailyBest Writing Instruments Large,Stationery & Office,DailyBest
SKU04692,30.5,44.0,16.5,0,0,GreenValley Bottled Water 1kg,Beverages,GreenValley
SKU04693,280.96153846153845,61.96153846153846,20.923076923076923,0,0,MetroBrand Tea Pack of 6,Beverages,MetroBrand
SKU04694,55.0,33.0,15.5,0,0,HomeStyle Chips & Crisps 2L,Snacks & Confectionery,HomeStyle
SKU04698,101.33333333333333,60.0,22.166666666666668,0,0,SunriseFoods Energy Drinks 100g,Beverages,SunriseFoods
SKU04699,93.8,60.0,19.2,0,0,UrbanBite Tea 250g,Beverages,UrbanBite
SKU04700,23.5,43.0,10.5,0,0,TrueTaste Storage & Containers 250g,Home & Kitchen,TrueTaste
SKU04701,95.0,43.0,17.5,0,0,SunriseFoods Notebooks 500g,Stationery & Office,SunriseFoods
SKU04702,170.0,64.33333333333333,14.0,0,0,HomeStyle Batteries Family Pack,Electronics & Accessories,HomeStyle
SKU04704,137.5,75.0,18.5,0,0,CityFresh Pulses & Lentils Pack of 6,Grocery,CityFresh
SKU04705,35.0,26.5,11.5,0,0,ValueChoice Flour & Atta Pack of 12,Grocery,ValueChoice
SKU04706,221.1875,54.5625,19.75,0,0,UrbanBite Batteries 100g,Electronics & Accessories,UrbanBite
SKU04708,102.0,59.0,15.5,0,0,EliteHome OTC Medicine Small,Health & Wellness,EliteHome
SKU04709,163.0,87.0,22.0,0,0,CityFresh Butter & Ghee 500ml,Dairy & Bakery,CityFresh
SKU04711,125.0,68.5,23.25,0,0,SmartBuy Flour & Atta Small,Grocery,SmartBuy
SKU04712,120.0,64.33333333333333,22.666666666666668,0,0,BasicNeeds Footwear 250g,Apparel & Footwear,BasicNeeds
SKU04713,74.5,50.0,18.0,0,0,EliteHome Home Decor Small,Home & Kitchen,EliteHome
SKU04715,25.0,27.0,9.0,0,0,TrueTaste Storage & Containers 500ml,Home & Kitchen,TrueTaste
SKU04717,293.4736842105263,66.6842105263158,22.157894736842106,0,0,QuickBite Dishwashing 250g,Home Care,QuickBite
SKU04718,59.0,46.333333333333336,12.333333333333334,0,0,UrbanBite Cheese 1kg,Dairy & Bakery,UrbanBite
SKU04719,119.5,50.5,13.5,0,0,FamilyChoice Writing Instruments 1kg,Stationery & Office,FamilyChoice
SKU04720,117.5,44.0,13.0,0,0,NovaFresh Batteries Large,Electronics & Accessories,NovaFresh
SKU04721,143.0,75.5,24.5,0,0,PrimeCare Namkeen 250g,Snacks & Confectionery,PrimeCare
SKU04723,117.66666666666667,52.0,18.0,0,0,CityFresh Spices & Seasoning 250g,Grocery,CityFresh
SKU04724,95.0,60.0,22.0,0,0,DailyBest First Aid 2kg,Health & Wellness,DailyBest
SKU04726,311.0416666666667,67.66666666666667,21.708333333333332,0,0,CleanWave OTC Medicine 2kg,Health & Wellness,CleanWave
SKU04727,62.5,36.0,9.0,0,0,DailyBest Men's Grooming Pack of 12,Personal Care,DailyBest
SKU04728,120.0,62.25,25.25,0,0,CrispKing Air Fresheners Small,Home Care,CrispKing
SKU04729,249.0,56.3448275862069,19.310344827586206,0,0,PrimeCare Batteries 250ml,Electronics & Accessories,PrimeCare
SKU04731,143.2,67.8,24.4,0,0,SoftTouch Hair Care Pack of 6,Personal Care,SoftTouch
SKU04732,84.75,77.25,22.5,0,0,FamilyChoice Office Supplies Large,Stationery & Office,FamilyChoice
SKU04734,201.0,80.0,31.0,0,0,BasicNeeds Soft Drinks 1kg,Beverages,BasicNeeds
SKU04735,44.0,29.5,8.5,0,0,PremiumSelect Pulses & Lentils 2L,Grocery,PremiumSelect
SKU04736,201.0,81.0,34.0,0,0,SparkleClean Chocolates Small,Snacks & Confectionery,SparkleClean
SKU04737,141.0,58.0,12.0,0,0,TrueTaste Batteries 2kg,Electronics & Accessories,TrueTaste
SKU04738,69.0,48.0,22.0,0,0,UrbanBite Ready Meals 2L,Frozen Foods,UrbanBite
SKU04740,13.0,30.0,11.0,0,0,PurePlus Surface Cleaners 2kg,Home Care,PurePlus
SKU04741,274.22222222222223,60.2962962962963,19.962962962962962,0,0,TrueTaste Storage & Containers 500g,Home & Kitchen,TrueTaste
SKU04742,103.2,65.6,22.4,0,0,QuickBite Ready Meals 100g,Frozen Foods,QuickBite
SKU04743,103.6,56.2,23.4,0,0,TrueTaste Rice & Grains Small,Grocery,TrueTaste
SKU04745,96.0,73.5,36.0,0,0,SoftTouch Surface Cleaners Pack of 6,Home Care,SoftTouch
SKU04746,101.0,81.0,37.0,0,0,SoftTouch Bath & Body 1kg,Personal Care,SoftTouch
SKU04747,264.3333333333333,64.5,23.0,0,0,EliteHome Home Decor 100g,Home & Kitchen,EliteHome
SKU04748,53.0,23.0,7.0,0,0,SunriseFoods Ice Cream Pack of 6,Frozen Foods,SunriseFoods
SKU04749,116.0,64.5,20.0,0,0,CleanWave Kids Wear 500g,Apparel & Footwear,CleanWave
SKU04751,72.5,58.5,27.5,0,0,ValueChoice Oral Care Family Pack,Personal Care,ValueChoice
SKU04753,255.4,54.04,17.08,0,0,QuickBite Vitamins & Supplements 2L,Health & Wellness,QuickBite
SKU04754,67.5,47.0,13.0,0,0,ZestyCo Small Appliances Family Pack,Electronics & Accessories,ZestyCo
SKU04755,108.5,77.5,25.5,0,0,FreshFarm Namkeen 250ml,Snacks & Confectionery,FreshFarm
SKU04757,296.7916666666667,63.625,24.541666666666668,0,0,GreenValley Yogurt Medium,Dairy & Bakery,GreenValley
SKU04758,123.0,52.0,16.0,0,0,NutriPlus Footwear 1L,Apparel & Footwear,NutriPlus
SKU04760,46.0,57.0,13.0,0,0,NatureBlend Vitamins & Supplements Pack of 12,Health & Wellness,NatureBlend
SKU04761,53.666666666666664,36.333333333333336,12.333333333333334,0,0,FreshFarm Office Supplies Pack of 6,Stationery & Office,FreshFarm
SKU04762,136.0,65.0,22.0,0,0,ValueChoice Frozen Vegetables 1L,Frozen Foods,ValueChoice
SKU04763,97.66666666666667,57.0,20.666666666666668,0,0,MetroBrand Cooking Oil 500g,Grocery,MetroBrand
SKU04764,99.0,78.0,35.5,0,0,SparkleClean OTC Medicine Small,Health & Wellness,SparkleClean
SKU04765,101.0,84.0,19.5,0,0,NutriPlus Kids Wear 1kg,Apparel & Footwear,NutriPlus
SKU04767,175.0,66.5,28.5,0,0,PremiumSelect Soft Drinks 250g,Beverages,PremiumSelect
SKU04768,277.5357142857143,58.67857142857143,20.678571428571427,0,0,GreenValley Butter & Ghee 500ml,Dairy & Bakery,GreenValley
SKU04770,89.5,65.0,15.0,0,0,QuickBite Ice Cream 250ml,Frozen Foods,QuickBite
SKU04771,259.96666666666664,63.1,21.966666666666665,0,0,ValueChoice Notebooks 1kg,Stationery & Office,ValueChoice
SKU04774,56.5,48.75,14.75,0,0,EliteHome Mobile Accessories 500ml,Electronics & Accessories,EliteHome
SKU04775,131.25,85.5,30.75,0,0,TrueTaste Milk 2L,Dairy & Bakery,TrueTaste
SKU04776,210.33333333333334,79.0,26.666666666666668,0,0,PurePlus Bottled Water 500g,Beverages,PurePlus
SKU04779,117.5,57.0,24.5,0,0,EliteHome Biscuits & Cookies Pack of 6,Snacks & Confectionery,EliteHome
SKU04781,140.25,54.25,16.75,0,0,CleanWave Cooking Oil 2L,Grocery,CleanWave
SKU04784,207.0,71.0,31.0,0,0,CrispKing Women's Wear 250ml,Apparel & Footwear,CrispKing
SKU04785,41.0,32.5,9.5,0,0,NovaFresh Skin Care Pack of 6,Personal Care,NovaFresh
SKU04787,141.5,69.5,26.0,0,0,NatureBlend Writing Instruments Small,Stationery & Office,NatureBlend
SKU04788,234.0,99.0,29.0,0,0,HealthFirst Vitamins & Supplements 500g,Health & Wellness,HealthFirst
SKU04789,228.0,96.0,32.0,0,0,FreshFarm Bread 500g,Dairy & Bakery,FreshFarm
SKU04790,37.0,59.0,12.0,0,0,EliteHome Bath & Body 1L,Personal Care,EliteHome
SKU04791,270.52,61.0,22.32,0,0,CleanWave Batteries Large,Electronics & Accessories,CleanWave
SKU04794,240.5,98.0,46.0,0,0,BasicNeeds Cookware 250g,Home & Kitchen,BasicNeeds
SKU04795,276.0,59.38461538461539,20.846153846153847,0,0,CleanWave Pulses & Lentils Large,Grocery,CleanWave
SKU04796,67.33333333333333,68.16666666666667,23.666666666666668,0,0,CleanWave Mobile Accessories Family Pack,Electronics & Accessories,CleanWave
SKU04797,257.47058823529414,57.88235294117647,20.529411764705884,0,0,BasicNeeds Bath & Body 2L,Personal Care,BasicNeeds
SKU04798,279.40909090909093,67.45454545454545,22.045454545454547,0,0,EverydayPlus Ready Meals 250ml,Frozen Foods,EverydayPlus
SKU04801,99.0,47.333333333333336,17.0,0,0,EverydayPlus Butter & Ghee Large,Dairy & Bakery,EverydayPlus
SKU04802,140.0,66.0,23.5,0,0,MetroBrand Cooking Oil 250g,Grocery,MetroBrand
SKU04803,154.5,65.5,29.0,0,0,PurePlus Men's Wear 1L,Apparel & Footwear,PurePlus
SKU04804,73.0,35.0,16.0,0,0,SunriseFoods Bottled Water Pack of 12,Beverages,SunriseFoods
SKU04805,154.66666666666666,70.66666666666667,26.0,0,0,EverydayPlus Oral Care 250ml,Personal Care,EverydayPlus
SKU04806,106.0,36.0,12.0,0,0,FreshFarm Biscuits & Cookies Medium,Snacks & Confectionery,FreshFarm
SKU04807,111.5,60.0,26.5,0,0,CleanWave Coffee 100g,Beverages,CleanWave
SKU04808,75.4,42.6,16.2,0,0,PrimeCare Men's Grooming 250g,Personal Care,PrimeCare
SKU04812,72.0,36.0,17.0,0,0,MetroBrand Ready Meals 2kg,Frozen Foods,MetroBrand
SKU04814,103.5,52.0,19.0,0,0,SmartBuy Biscuits & Cookies 100g,Snacks & Confectionery,SmartBuy
SKU04815,101.5,62.5,24.0,0,0,NovaFresh Writing Instruments 250ml,Stationery & Office,NovaFresh
SKU04816,58.0,30.0,14.0,0,0,ValueChoice Juices Family Pack,Beverages,ValueChoice
SKU04817,130.5,60.0,25.5,0,0,HomeStyle Namkeen 250ml,Snacks & Confectionery,HomeStyle
SKU04818,144.0,70.0,19.0,0,0,HealthFirst Skin Care 2L,Personal Care,HealthFirst
SKU04819,59.0,28.0,9.0,0,0,SoftTouch Pulses & Lentils Family Pack,Grocery,SoftTouch
SKU04823,13.0,31.0,7.0,0,0,SoftTouch Storage & Containers Pack of 6,Home & Kitchen,SoftTouch
SKU04826,119.0,69.0,20.0,0,0,NovaFresh Men's Wear Medium,Apparel & Footwear,NovaFresh
SKU04828,69.0,61.0,22.0,0,0,UrbanBite Energy Drinks 250ml,Beverages,UrbanBite
SKU04829,143.0,78.0,33.5,0,0,GreenValley Notebooks 2L,Stationery & Office,GreenValley
SKU04831,267.76666666666665,62.13333333333333,21.133333333333333,0,0,HomeStyle Storage & Containers 250ml,Home & Kitchen,HomeStyle
SKU04836,82.25,66.5,25.5,0,0,TrueTaste Spices & Seasoning 250ml,Grocery,TrueTaste
SKU04838,129.5,63.25,22.25,0,0,GreenValley Writing Instruments 500g,Stationery & Office,GreenValley
SKU04839,35.0,43.0,21.0,0,0,NovaFresh Writing Instruments 250ml,Stationery & Office,NovaFresh
SKU04840,156.0,81.0,20.0,0,0,FamilyChoice Storage & Containers 250ml,Home & Kitchen,FamilyChoice
SKU04841,88.33333333333333,52.666666666666664,20.333333333333332,0,0,PureLife Vitamins & Supplements Family Pack,Health & Wellness,PureLife
SKU04843,141.0,65.0,30.0,0,0,SmartBuy Office Supplies 100g,Stationery & Office,SmartBuy
SKU04845,120.0,60.333333333333336,21.666666666666668,0,0,SparkleClean OTC Medicine Pack of 12,Health & Wellness,SparkleClean
SKU04846,66.0,39.0,13.0,0,0,MetroBrand Chocolates 500g,Snacks & Confectionery,MetroBrand
SKU04848,20.0,21.0,5.0,0,0,QuickBite Women's Wear 250ml,Apparel & Footwear,QuickBite
SKU04849,273.14285714285717,58.535714285714285,19.75,0,0,SunriseFoods Batteries 250ml,Electronics & Accessories,SunriseFoods
SKU04850,142.66666666666666,72.33333333333333,18.666666666666668,0,0,NovaFresh Air Fresheners 1L,Home Care,NovaFresh
SKU04851,44.0,33.0,8.0,0,0,DailyBest Biscuits & Cookies 100g,Snacks & Confectionery,DailyBest
SKU04852,155.5,83.5,25.5,0,0,MetroBrand Pulses & Lentils Pack of 12,Grocery,MetroBrand
SKU04853,161.5,72.5,21.5,0,0,EliteHome First Aid 1kg,Health & Wellness,EliteHome
SKU04854,267.0,61.4,19.55,0,0,SparkleClean Batteries Pack of 12,Electronics & Accessories,SparkleClean
SKU04855,141.5,71.5,26.5,0,0,EliteHome Women's Wear 2L,Apparel & Footwear,EliteHome
SKU04856,266.55555555555554,60.111111111111114,21.666666666666668,0,0,HomeStyle Office Supplies 1kg,Stationery & Office,HomeStyle
SKU04857,200.0,72.0,19.0,0,0,SoftTouch Air Fresheners 1L,Home Care,SoftTouch
SKU04858,217.0,86.0,28.0,0,0,EverydayPlus Men's Wear 100g,Apparel & Footwear,EverydayPlus
SKU04861,78.5,39.0,14.0,0,0,QuickBite Storage & Containers 250ml,Home & Kitchen,QuickBite
SKU04864,63.0,28.0,14.0,0,0,NatureBlend Office Supplies 250ml,Stationery & Office,NatureBlend
SKU04866,154.0,84.0,29.0,0,0,PremiumSelect Writing Instruments Family Pack,Stationery & Office,PremiumSelect
SKU04867,99.0,57.0,15.0,0,0,TrueTaste Sugar & Salt 2kg,Grocery,TrueTaste
SKU04868,44.0,23.0,6.0,0,0,NutriPlus Ice Cream 500g,Frozen Foods,NutriPlus
SKU04869,96.0,71.0,23.0,0,0,NovaFresh Footwear 2L,Apparel & Footwear,NovaFresh
SKU04872,64.0,56.0,19.666666666666668,0,0,NutriPlus Dishwashing Pack of 12,Home Care,NutriPlus
SKU04873,24.5,39.0,13.5,0,0,SparkleClean Batteries 250g,Electronics & Accessories,SparkleClean
SKU04874,64.0,35.0,10.0,0,0,ValueChoice Surface Cleaners 1L,Home Care,ValueChoice
SKU04876,75.0,92.0,27.0,0,0,PurePlus Juices 100g,Beverages,PurePlus
SKU04877,108.0,72.0,35.0,0,0,PureLife Yogurt 250g,Dairy & Bakery,PureLife
SKU04878,91.0,56.5,23.0,0,0,PureLife Coffee 500g,Beverages,PureLife
SKU04879,334.6666666666667,66.66666666666667,22.8,0,0,SunriseFoods Small Appliances 250ml,Electronics & Accessories,SunriseFoods
SKU04881,48.5,52.5,14.5,0,0,HealthFirst Milk Large,Dairy & Bakery,HealthFirst
SKU04883,156.0,81.0,31.0,0,0,PurePlus Men's Grooming Family Pack,Personal Care,PurePlus
SKU04884,208.0,93.0,44.0,0,0,FamilyChoice Tea Pack of 6,Beverages,FamilyChoice
SKU04885,85.4,70.2,26.4,0,0,SunriseFoods Spices & Seasoning 2L,Grocery,SunriseFoods
SKU04886,155.5,89.0,29.5,0,0,PureLife Chocolates Small,Snacks & Confectionery,PureLife
SKU04887,288.72,59.44,21.56,0,0,SmartBuy Storage & Containers 1L,Home & Kitchen,SmartBuy
SKU04888,238.35714285714286,51.964285714285715,19.821428571428573,0,0,CleanWave Ice Cream 1kg,Frozen Foods,CleanWave
SKU04889,104.0,57.666666666666664,24.333333333333332,0,0,NutriPlus Office Supplies 1L,Stationery & Office,NutriPlus
SKU04893,162.0,67.0,25.0,0,0,ValueChoice Hair Care Family Pack,Personal Care,ValueChoice
SKU04894,265.0,60.13636363636363,20.636363636363637,0,0,CleanWave Ready Meals 2kg,Frozen Foods,CleanWave
SKU04896,123.5,98.5,39.5,0,0,EverydayPlus Men's Grooming 2kg,Personal Care,EverydayPlus
SKU04897,26.0,65.0,16.0,0,0,NatureBlend Women's Wear 100g,Apparel & Footwear,NatureBlend
SKU04901,281.5,62.785714285714285,22.607142857142858,0,0,GreenValley Dishwashing 100g,Home Care,GreenValley
SKU04902,282.03333333333336,63.43333333333333,22.2,0,0,CrispKing Tea 250g,Beverages,CrispKing
SKU04903,73.0,75.33333333333333,23.333333333333332,0,0,EliteHome Office Supplies 500g,Stationery & Office,EliteHome
SKU04904,116.5,59.5,19.5,0,0,HealthFirst Storage & Containers Large,Home & Kitchen,HealthFirst
SKU04905,251.5,56.63333333333333,19.133333333333333,0,0,PureLife Cooking Oil 500g,Grocery,PureLife
SKU04906,117.75,59.25,21.5,0,0,HealthFirst Cookware 500g,Home & Kitchen,HealthFirst
SKU04907,123.5,50.0,17.5,0,0,SparkleClean Office Supplies Medium,Stationery & Office,SparkleClean
SKU04908,44.0,22.0,6.0,0,0,SoftTouch Kids Wear Large,Apparel & Footwear,SoftTouch
SKU04909,93.0,50.0,23.0,0,0,SmartBuy Bread 1kg,Dairy & Bakery,SmartBuy
SKU04910,17.0,36.0,7.0,0,0,HomeStyle Vitamins & Supplements Pack of 6,Health & Wellness,HomeStyle
SKU04911,24.0,80.0,21.0,0,0,PureLife Frozen Vegetables 2L,Frozen Foods,PureLife
SKU04912,74.33333333333333,41.333333333333336,16.666666666666668,0,0,GreenValley Vitamins & Supplements 2L,Health & Wellness,GreenValley
SKU04914,62.0,57.0,20.5,0,0,DailyBest OTC Medicine Small,Health & Wellness,DailyBest
SKU04918,99.0,52.0,19.0,0,0,PurePlus Flour & Atta 250g,Grocery,PurePlus
SKU04919,288.5357142857143,63.107142857142854,20.392857142857142,0,0,GoldenHarvest Pulses & Lentils Pack of 6,Grocery,GoldenHarvest
SKU04920,131.33333333333334,51.0,18.333333333333332,0,0,CleanWave Writing Instruments Family Pack,Stationery & Office,CleanWave
SKU04922,47.0,51.0,21.0,0,0,NatureBlend Vitamins & Supplements Family Pack,Health & Wellness,NatureBlend
SKU04923,88.16666666666667,43.333333333333336,14.333333333333334,0,0,NutriPlus Biscuits & Cookies 250ml,Snacks & Confectionery,NutriPlus
SKU04924,69.0,65.0,20.0,0,0,MetroBrand Footwear Large,Apparel & Footwear,MetroBrand
SKU04927,77.5,48.5,14.5,0,0,GreenValley Bread Pack of 12,Dairy & Bakery,GreenValley
SKU04928,34.0,70.0,25.0,0,0,GreenValley Sugar & Salt 1L,Grocery,GreenValley
SKU04929,123.33333333333333,58.666666666666664,19.333333333333332,0,0,CrispKing Footwear 2kg,Apparel & Footwear,CrispKing
SKU04930,216.0,73.0,34.0,0,0,FreshFarm Ready Meals 2L,Frozen Foods,FreshFarm
SKU04931,30.0,24.0,10.0,0,0,EverydayPlus Milk Family Pack,Dairy & Bakery,EverydayPlus
SKU04934,58.0,27.0,12.0,0,0,SoftTouch Laundry 1L,Home Care,SoftTouch
SKU04935,52.0,34.0,12.333333333333334,0,0,CrispKing Frozen Vegetables 250ml,Frozen Foods,CrispKing
SKU04936,203.5,84.0,35.5,0,0,QuickBite Hair Care Pack of 6,Personal Care,QuickBite
SKU04937,38.0,27.0,6.0,0,0,GoldenHarvest Kids Wear 250ml,Apparel & Footwear,GoldenHarvest
SKU04938,123.0,82.0,30.0,0,0,CityFresh Biscuits & Cookies Pack of 6,Snacks & Confectionery,CityFresh
SKU04939,34.0,28.0,13.0,0,0,SunriseFoods Bottled Water 250g,Beverages,SunriseFoods
SKU04940,78.33333333333333,48.666666666666664,14.0,0,0,ValueChoice Frozen Vegetables 2kg,Frozen Foods,ValueChoice
SKU04941,304.8421052631579,58.8421052631579,20.0,0,0,SmartBuy Cookware Pack of 12,Home & Kitchen,SmartBuy
SKU04942,213.0,86.0,24.0,0,0,ZestyCo Men's Grooming 1L,Personal Care,ZestyCo
SKU04943,85.5,56.0,16.25,0,0,SunriseFoods Flour & Atta Pack of 12,Grocery,SunriseFoods
SKU04944,42.666666666666664,44.666666666666664,15.0,0,0,MetroBrand Notebooks Pack of 6,Stationery & Office,MetroBrand
SKU04945,273.875,57.875,20.0,0,0,FreshFarm Pest Control 2kg,Home Care,FreshFarm
SKU04946,41.5,29.5,6.0,0,0,PurePlus Candy 500ml,Snacks & Confectionery,PurePlus
SKU04948,81.75,51.0,16.5,0,0,GreenValley Milk Family Pack,Dairy & Bakery,GreenValley
SKU04950,40.5,49.75,22.5,0,0,NovaFresh Yogurt Pack of 12,Dairy & Bakery,NovaFresh
SKU04952,206.0,94.0,31.0,0,0,FamilyChoice Frozen Vegetables 100g,Frozen Foods,FamilyChoice
SKU04953,239.3,54.95,20.15,0,0,EliteHome Candy Pack of 6,Snacks & Confectionery,EliteHome
SKU04954,166.5,66.5,23.5,0,0,PureLife Surface Cleaners 100g,Home Care,PureLife
SKU04955,251.2,58.56666666666667,21.433333333333334,0,0,PureLife Bottled Water 2kg,Beverages,PureLife
SKU04957,21.333333333333332,43.666666666666664,15.666666666666666,0,0,NutriPlus Footwear Medium,Apparel & Footwear,NutriPlus
SKU04958,275.44827586206895,62.241379310344826,21.06896551724138,0,0,CrispKing Notebooks 500ml,Stationery & Office,CrispKing
SKU04959,141.66666666666666,51.333333333333336,21.333333333333332,0,0,QuickBite Bread Medium,Dairy & Bakery,QuickBite
SKU04960,106.0,61.0,21.0,0,0,PureLife Eggs Medium,Dairy & Bakery,PureLife
SKU04961,123.5,60.5,15.5,0,0,FamilyChoice Ice Cream 500ml,Frozen Foods,FamilyChoice
SKU04963,91.0,32.0,10.0,0,0,NovaFresh Notebooks Pack of 6,Stationery & Office,NovaFresh
SKU04964,130.66666666666666,54.0,24.333333333333332,0,0,FreshFarm Flour & Atta 100g,Grocery,FreshFarm
SKU04966,112.0,55.0,26.0,0,0,ZestyCo Bread 250ml,Dairy & Bakery,ZestyCo
SKU04967,137.5,65.5,28.5,0,0,NutriPlus Yogurt Small,Dairy & Bakery,NutriPlus
SKU04968,51.0,57.0,17.5,0,0,PremiumSelect Air Fresheners Small,Home Care,PremiumSelect
SKU04969,48.0,64.0,28.0,0,0,GoldenHarvest Storage & Containers 1L,Home & Kitchen,GoldenHarvest
SKU04970,111.66666666666667,63.333333333333336,21.333333333333332,0,0,FamilyChoice Rice & Grains Family Pack,Grocery,FamilyChoice
SKU04971,145.0,52.0,17.0,0,0,FamilyChoice Kids Wear Small,Apparel & Footwear,FamilyChoice
SKU04972,203.5,72.5,25.0,0,0,SmartBuy Vitamins & Supplements Large,Health & Wellness,SmartBuy
SKU04973,78.0,38.5,11.0,0,0,DailyBest OTC Medicine 250g,Health & Wellness,DailyBest
SKU04974,110.0,52.5,21.5,0,0,FreshFarm Mobile Accessories 1L,Electronics & Accessories,FreshFarm
SKU04975,10.0,23.0,6.0,0,0,GreenValley Energy Drinks Family Pack,Beverages,GreenValley
SKU04977,80.0,48.5,16.0,0,0,PurePlus Chocolates 500ml,Snacks & Confectionery,PurePlus
SKU04979,76.0,50.0,25.0,0,0,DailyBest Mobile Accessories 2kg,Electronics & Accessories,DailyBest
SKU04980,86.0,39.0,13.0,0,0,FreshFarm OTC Medicine 2L,Health & Wellness,FreshFarm
SKU04981,89.0,44.0,14.0,0,0,CityFresh Cheese Pack of 6,Dairy & Bakery,CityFresh
SKU04982,92.0,43.0,19.0,0,0,FamilyChoice Oral Care Large,Personal Care,FamilyChoice
SKU04983,83.66666666666667,66.0,25.333333333333332,0,0,NatureBlend Pest Control 250g,Home Care,NatureBlend
SKU04984,123.0,75.0,27.0,0,0,PurePlus Flour & Atta 250ml,Grocery,PurePlus
SKU04985,119.0,66.0,22.0,0,0,QuickBite Mobile Accessories 2kg,Electronics & Accessories,QuickBite
SKU04986,24.333333333333332,41.333333333333336,15.333333333333334,0,0,QuickBite Bottled Water Family Pack,Beverages,QuickBite
SKU04987,284.6666666666667,65.83333333333333,23.866666666666667,0,0,GreenValley Dishwashing 500g,Home Care,GreenValley
SKU04988,94.5,37.5,12.5,0,0,SmartBuy Vitamins & Supplements 1kg,Health & Wellness,SmartBuy
SKU04989,149.66666666666666,76.0,25.333333333333332,0,0,PrimeCare Pulses & Lentils 2kg,Grocery,PrimeCare
SKU04990,65.0,66.5,25.0,0,0,CityFresh Writing Instruments 250g,Stationery & Office,CityFresh
SKU04992,78.0,45.0,21.0,0,0,QuickBite Pulses & Lentils 1L,Grocery,QuickBite
SKU04993,39.0,48.0,10.0,0,0,GreenValley First Aid 2L,Health & Wellness,GreenValley
SKU04994,78.0,92.0,41.0,0,0,NatureBlend Frozen Meat Large,Frozen Foods,NatureBlend
SKU04995,127.0,52.0,13.5,0,0,NutriPlus Vitamins & Supplements 500ml,Health & Wellness,NutriPlus
SKU04996,296.39285714285717,67.39285714285714,24.464285714285715,0,0,DailyBest Women's Wear 2kg,Apparel & Footwear,DailyBest
SKU04997,123.0,85.5,26.0,0,0,CrispKing Pest Control 250ml,Home Care,CrispKing
SKU04998,115.0,60.0,26.0,0,0,CleanWave Kids Wear Medium,Apparel & Footwear,CleanWave
SKU05000,240.2,56.0,19.65,0,0,NovaFresh Ready Meals 500g,Frozen Foods,NovaFresh
