sku_id,total_records,stockout_records,avg_stock,avg_reorder_point,stockout_rate
SKU02381,26,26,0.0,53.73076923076923,100.0
SKU02660,26,26,0.0,54.88461538461539,100.0
SKU00002,25,25,0.0,63.28,100.0
SKU00190,25,25,0.0,57.84,100.0
SKU00484,25,25,0.0,56.32,100.0
SKU01152,25,25,0.0,65.84,100.0
SKU01466,25,25,0.0,67.32,100.0
SKU03057,25,25,0.0,64.4,100.0
SKU01021,24,24,0.0,74.08333333333333,100.0
SKU01170,24,24,0.0,55.75,100.0
SKU01414,24,24,0.0,61.125,100.0
SKU01578,24,24,0.0,64.95833333333333,100.0
SKU02046,24,24,0.0,60.5,100.0
SKU02531,24,24,0.0,66.66666666666667,100.0
SKU03476,24,24,0.0,61.125,100.0
SKU03578,24,24,0.0,55.708333333333336,100.0
SKU03743,24,24,0.0,61.75,100.0
SKU03870,24,24,0.0,60.083333333333336,100.0
SKU03907,24,24,0.0,57.666666666666664,100.0
SKU04783,24,24,0.0,62.541666666666664,100.0
SKU00020,23,23,0.0,59.04347826086956,100.0
SKU00363,23,23,0.0,58.30434782608695,100.0
SKU01138,23,23,0.0,67.0,100.0
SKU01153,23,23,0.0,61.391304347826086,100.0
SKU01274,23,23,0.0,63.130434782608695,100.0
SKU01370,23,23,0.0,60.52173913043478,100.0
SKU02176,23,23,0.0,54.47826086956522,100.0
SKU02247,23,23,0.0,55.21739130434783,100.0
SKU02892,23,23,0.0,60.69565217391305,100.0
SKU03199,23,23,0.0,68.30434782608695,100.0
SKU04329,23,23,0.0,53.391304347826086,100.0
SKU04350,23,23,0.0,61.130434782608695,100.0
SKU04453,23,23,0.0,56.04347826086956,100.0
SKU00169,22,22,0.0,50.18181818181818,100.0
SKU00416,22,22,0.0,55.18181818181818,100.0
SKU00692,22,22,0.0,57.31818181818182,100.0
SKU00728,22,22,0.0,54.5,100.0
SKU00823,22,22,0.0,60.0,100.0
SKU00830,22,22,0.0,59.22727272727273,100.0
SKU00953,22,22,0.0,50.31818181818182,100.0
SKU01030,22,22,0.0,57.13636363636363,100.0
SKU01371,22,22,0.0,55.90909090909091,100.0
SKU02503,22,22,0.0,47.72727272727273,100.0
SKU02543,22,22,0.0,55.68181818181818,100.0
SKU02640,22,22,0.0,55.90909090909091,100.0
SKU02930,22,22,0.0,48.81818181818182,100.0
SKU03292,22,22,0.0,61.18181818181818,100.0
SKU03425,22,22,0.0,55.81818181818182,100.0
SKU03546,22,22,0.0,59.31818181818182,100.0
SKU03633,22,22,0.0,59.22727272727273,100.0
SKU04166,22,22,0.0,58.09090909090909,100.0
SKU04346,22,22,0.0,66.63636363636364,100.0
SKU00285,21,21,0.0,63.904761904761905,100.0
SKU00291,21,21,0.0,61.904761904761905,100.0
SKU00774,21,21,0.0,62.904761904761905,100.0
SKU00920,21,21,0.0,60.0,100.0
SKU01037,21,21,0.0,62.285714285714285,100.0
SKU02340,21,21,0.0,65.28571428571429,100.0
SKU04273,21,21,0.0,65.19047619047619,100.0
SKU04489,21,21,0.0,58.285714285714285,100.0
SKU04663,21,21,0.0,66.57142857142857,100.0
SKU04926,21,21,0.0,60.42857142857143,100.0
SKU00445,20,20,0.0,57.3,100.0
SKU00832,20,20,0.0,53.7,100.0
SKU00942,20,20,0.0,64.65,100.0
SKU00994,20,20,0.0,63.35,100.0
SKU01009,20,20,0.0,62.8,100.0
SKU01045,20,20,0.0,62.8,100.0
SKU01420,20,20,0.0,64.55,100.0
SKU02155,20,20,0.0,52.5,100.0
SKU02482,20,20,0.0,59.4,100.0
SKU02692,20,20,0.0,60.25,100.0
SKU02740,20,20,0.0,56.0,100.0
SKU03851,20,20,0.0,67.65,100.0
SKU04041,20,20,0.0,62.2,100.0
SKU04191,20,20,0.0,71.85,100.0
SKU04305,20,20,0.0,52.5,100.0
SKU04381,20,20,0.0,64.3,100.0
SKU04508,20,20,0.0,57.7,100.0
SKU04574,20,20,0.0,55.75,100.0
SKU04633,20,20,0.0,55.6,100.0
SKU04756,20,20,0.0,53.85,100.0
SKU00369,19,19,0.0,67.21052631578948,100.0
SKU01189,19,19,0.0,51.1578947368421,100.0
SKU01485,19,19,0.0,54.89473684210526,100.0
SKU01662,19,19,0.0,61.78947368421053,100.0
SKU01784,19,19,0.0,49.63157894736842,100.0
SKU02614,19,19,0.0,54.89473684210526,100.0
SKU03053,19,19,0.0,51.26315789473684,100.0
SKU04035,19,19,0.0,61.31578947368421,100.0
SKU04596,19,19,0.0,63.73684210526316,100.0
SKU02950,18,18,0.0,64.11111111111111,100.0
SKU02983,18,18,0.0,67.94444444444444,100.0
SKU04824,18,18,0.0,70.0,100.0
SKU01438,17,17,0.0,60.76470588235294,100.0
SKU02401,17,17,0.0,59.35294117647059,100.0
SKU03800,17,17,0.0,63.0,100.0
SKU04627,17,17,0.0,58.05882352941177,100.0
SKU00974,16,16,0.0,51.4375,100.0
SKU01993,16,16,0.0,52.9375,100.0
SKU02333,16,16,0.0,66.125,100.0
SKU04012,15,15,0.0,68.6,100.0
SKU04476,15,15,0.0,60.2,100.0
SKU00481,1,1,0.0,37.0,100.0
SKU00657,1,1,0.0,29.0,100.0
SKU00694,1,1,0.0,28.0,100.0
SKU01499,1,1,0.0,43.0,100.0
SKU01584,1,1,0.0,23.0,100.0
SKU02602,1,1,0.0,32.0,100.0
SKU03110,1,1,0.0,20.0,100.0
SKU04156,1,1,0.0,64.0,100.0
SKU04269,1,1,0.0,22.0,100.0
SKU03030,27,26,2.074074074074074,54.55555555555556,96.29629629629629
SKU00264,26,25,8.576923076923077,64.0,96.15384615384616
SKU04126,26,25,2.423076923076923,53.11538461538461,96.15384615384616
SKU01751,25,24,6.8,60.88,96.0
SKU02268,25,24,11.64,62.44,96.0
SKU02484,25,24,6.68,63.52,96.0
SKU02833,25,24,5.72,58.12,96.0
SKU04157,25,24,2.32,77.48,96.0
SKU04315,25,24,3.48,60.32,96.0
SKU04362,25,24,0.56,61.96,96.0
SKU00254,24,23,3.2916666666666665,51.291666666666664,95.83333333333334
SKU00376,24,23,3.1666666666666665,55.5,95.83333333333334
SKU00500,24,23,4.166666666666667,62.458333333333336,95.83333333333334
SKU00539,24,23,3.0,54.666666666666664,95.83333333333334
SKU00929,24,23,7.125,61.666666666666664,95.83333333333334
SKU01317,24,23,5.916666666666667,65.25,95.83333333333334
SKU01507,24,23,4.5,63.25,95.83333333333334
SKU01685,24,23,8.416666666666666,50.041666666666664,95.83333333333334
SKU02355,24,23,3.8333333333333335,58.291666666666664,95.83333333333334
SKU02449,24,23,6.125,61.916666666666664,95.83333333333334
SKU02526,24,23,1.4583333333333333,54.625,95.83333333333334
SKU02737,24,23,1.625,49.416666666666664,95.83333333333334
SKU03274,24,23,6.833333333333333,63.958333333333336,95.83333333333334
SKU04551,24,23,3.875,66.75,95.83333333333334
SKU00506,23,22,4.434782608695652,58.17391304347826,95.65217391304348
SKU00531,23,22,2.9130434782608696,64.43478260869566,95.65217391304348
SKU00976,23,22,10.173913043478262,57.69565217391305,95.65217391304348
SKU01547,23,22,6.956521739130435,60.73913043478261,95.65217391304348
SKU02462,23,22,0.21739130434782608,55.30434782608695,95.65217391304348
SKU02648,23,22,5.0,65.65217391304348,95.65217391304348
SKU02747,23,22,4.391304347826087,55.608695652173914,95.65217391304348
SKU02954,23,22,0.43478260869565216,57.30434782608695,95.65217391304348
SKU03353,23,22,0.043478260869565216,53.17391304347826,95.65217391304348
SKU03812,23,22,0.6521739130434783,59.08695652173913,95.65217391304348
SKU03840,23,22,2.9565217391304346,67.91304347826087,95.65217391304348
SKU04046,23,22,2.0434782608695654,62.34782608695652,95.65217391304348
SKU04562,23,22,0.5652173913043478,52.78260869565217,95.65217391304348
SKU01775,22,21,1.7272727272727273,60.54545454545455,95.45454545454545
SKU02826,22,21,0.5454545454545454,60.36363636363637,95.45454545454545
SKU02840,22,21,3.227272727272727,48.22727272727273,95.45454545454545
SKU03063,22,21,0.18181818181818182,53.09090909090909,95.45454545454545
SKU03535,22,21,12.136363636363637,44.04545454545455,95.45454545454545
SKU04913,22,21,6.363636363636363,59.68181818181818,95.45454545454545
SKU02079,21,20,0.047619047619047616,58.76190476190476,95.23809523809523
SKU02538,21,20,3.4761904761904763,67.85714285714286,95.23809523809523
SKU02657,21,20,8.285714285714286,53.04761904761905,95.23809523809523
SKU02776,21,20,1.0,53.19047619047619,95.23809523809523
SKU03088,21,20,1.5238095238095237,66.76190476190476,95.23809523809523
SKU03259,21,20,4.904761904761905,59.38095238095238,95.23809523809523
SKU03693,21,20,8.238095238095237,65.47619047619048,95.23809523809523
SKU04847,21,20,9.476190476190476,63.42857142857143,95.23809523809523
SKU00062,20,19,11.4,61.05,95.0
SKU00538,20,19,5.2,54.95,95.0
SKU00628,20,19,2.1,52.95,95.0
SKU01048,20,19,3.5,62.55,95.0
SKU02141,20,19,10.4,57.15,95.0
SKU02368,20,19,0.05,61.55,95.0
SKU02532,20,19,7.2,66.35,95.0
SKU02683,20,19,3.35,67.2,95.0
SKU03727,20,19,5.1,59.4,95.0
SKU04140,20,19,5.4,62.3,95.0
SKU00177,19,18,2.8421052631578947,60.10526315789474,94.73684210526315
SKU00263,19,18,5.7894736842105265,56.26315789473684,94.73684210526315
SKU01988,19,18,2.3157894736842106,56.68421052631579,94.73684210526315
SKU02068,19,18,2.789473684210526,55.1578947368421,94.73684210526315
SKU02088,19,18,2.263157894736842,67.78947368421052,94.73684210526315
SKU04321,19,18,13.68421052631579,54.0,94.73684210526315
SKU00079,18,17,7.666666666666667,63.44444444444444,94.44444444444444
SKU00286,18,17,8.944444444444445,64.77777777777777,94.44444444444444
SKU04318,18,17,2.111111111111111,55.166666666666664,94.44444444444444
SKU04348,18,17,0.8888888888888888,59.72222222222222,94.44444444444444
SKU04646,18,17,0.3333333333333333,56.05555555555556,94.44444444444444
SKU03876,17,16,4.0588235294117645,55.64705882352941,94.11764705882352
SKU03622,16,15,5.0625,61.4375,93.75
SKU03702,16,15,1.0,58.625,93.75
SKU01363,15,14,1.2666666666666666,68.4,93.33333333333333
SKU00996,27,25,5.851851851851852,64.77777777777777,92.5925925925926
SKU03171,25,23,1.36,62.32,92.0
SKU04016,25,23,11.28,57.04,92.0
SKU04571,24,22,9.333333333333334,64.08333333333333,91.66666666666666
SKU04032,23,21,5.434782608695652,58.21739130434783,91.30434782608695
SKU04280,23,21,14.565217391304348,55.391304347826086,91.30434782608695
SKU00845,22,20,5.818181818181818,52.63636363636363,90.9090909090909
SKU00328,21,19,3.4285714285714284,70.95238095238095,90.47619047619048
SKU03323,21,19,7.190476190476191,58.142857142857146,90.47619047619048
SKU04245,21,19,4.714285714285714,59.38095238095238,90.47619047619048
SKU01677,20,18,9.45,69.9,90.0
SKU02898,20,18,2.55,50.85,90.0
SKU02858,19,17,11.105263157894736,63.68421052631579,89.47368421052632
SKU04626,19,17,11.736842105263158,62.578947368421055,89.47368421052632
SKU00050,18,16,2.6666666666666665,59.22222222222222,88.88888888888889
SKU02923,18,16,8.11111111111111,70.22222222222223,88.88888888888889
SKU04105,18,16,4.0,67.38888888888889,88.88888888888889
SKU04154,23,20,14.217391304347826,63.95652173913044,86.95652173913044
SKU00893,19,16,5.631578947368421,51.78947368421053,84.21052631578947
SKU04710,24,20,20.625,57.041666666666664,83.33333333333334
SKU01164,17,14,19.0,64.11764705882354,82.35294117647058
SKU02031,3,2,25.333333333333332,41.333333333333336,66.66666666666666
SKU00272,2,1,23.0,29.5,50.0
SKU00861,2,1,12.0,62.5,50.0
SKU00867,2,1,24.5,40.5,50.0
SKU00922,2,1,3.5,46.5,50.0
SKU01102,2,1,41.5,36.5,50.0
SKU01620,2,1,66.0,47.0,50.0
SKU01837,2,1,60.0,63.0,50.0
SKU01842,2,1,36.0,86.5,50.0
SKU01858,2,1,49.0,31.0,50.0
SKU02506,2,1,12.0,45.5,50.0
SKU02837,2,1,45.5,70.0,50.0
SKU04169,2,1,38.5,33.0,50.0
SKU04309,2,1,5.5,77.0,50.0
SKU04434,2,1,25.0,37.0,50.0
SKU04871,2,1,0.5,46.5,50.0
SKU00076,3,1,51.0,46.0,33.33333333333333
SKU00245,3,1,26.333333333333332,57.0,33.33333333333333
SKU00397,3,1,118.33333333333333,53.333333333333336,33.33333333333333
SKU00408,3,1,82.0,49.0,33.33333333333333
SKU00668,3,1,48.0,34.666666666666664,33.33333333333333
SKU00768,3,1,89.0,53.666666666666664,33.33333333333333
SKU00984,3,1,50.0,60.333333333333336,33.33333333333333
SKU01020,3,1,25.333333333333332,76.33333333333333,33.33333333333333
SKU01355,3,1,121.0,67.0,33.33333333333333
SKU01884,3,1,131.66666666666666,81.0,33.33333333333333
SKU01991,3,1,44.333333333333336,48.0,33.33333333333333
SKU02122,3,1,44.0,45.333333333333336,33.33333333333333
SKU02203,3,1,32.666666666666664,46.0,33.33333333333333
SKU02486,3,1,5.0,57.333333333333336,33.33333333333333
SKU03002,3,1,64.33333333333333,52.666666666666664,33.33333333333333
SKU03298,3,1,149.0,65.33333333333333,33.33333333333333
SKU03856,3,1,69.0,59.333333333333336,33.33333333333333
SKU03901,3,1,66.66666666666667,37.333333333333336,33.33333333333333
SKU03906,3,1,115.0,70.0,33.33333333333333
SKU04778,3,1,33.666666666666664,47.666666666666664,33.33333333333333
SKU04809,3,1,77.0,42.333333333333336,33.33333333333333
SKU00884,4,1,31.0,47.75,25.0
SKU00892,4,1,35.25,45.75,25.0
SKU01010,4,1,16.75,50.25,25.0
SKU01121,4,1,56.25,59.0,25.0
SKU01216,4,1,62.5,53.75,25.0
SKU01258,4,1,36.25,57.75,25.0
SKU01613,4,1,20.75,40.25,25.0
SKU01687,4,1,138.5,60.5,25.0
SKU02857,4,1,104.75,61.0,25.0
SKU04264,4,1,85.25,51.0,25.0
SKU04486,4,1,107.75,60.0,25.0
SKU04615,4,1,36.0,51.25,25.0
SKU04722,4,1,106.5,61.0,25.0
SKU00267,5,1,105.6,73.8,20.0
SKU00835,5,1,66.6,63.2,20.0
SKU01081,5,1,139.2,75.2,20.0
SKU02245,5,1,57.2,65.2,20.0
SKU03029,5,1,134.0,72.2,20.0
SKU03222,5,1,104.4,70.0,20.0
SKU00298,6,1,64.66666666666667,55.0,16.666666666666664
SKU03992,6,1,113.5,73.5,16.666666666666664
SKU00742,8,1,68.875,47.125,12.5
SKU01643,22,1,232.0,59.0,4.545454545454546
SKU00001,1,0,215.0,100.0,0.0
SKU00003,4,0,103.5,62.5,0.0
SKU00004,1,0,148.0,99.0,0.0
SKU00005,5,0,82.2,56.8,0.0
SKU00006,5,0,124.2,64.8,0.0
SKU00007,2,0,43.5,81.5,0.0
SKU00009,2,0,42.5,77.0,0.0
SKU00011,1,0,3.0,35.0,0.0
SKU00012,27,0,265.037037037037,57.44444444444444,0.0
SKU00013,2,0,157.0,72.5,0.0
SKU00014,1,0,33.0,76.0,0.0
SKU00015,1,0,79.0,28.0,0.0
SKU00016,2,0,53.0,28.0,0.0
SKU00017,2,0,38.5,27.5,0.0
SKU00018,3,0,49.333333333333336,62.666666666666664,0.0
SKU00019,1,0,120.0,86.0,0.0
SKU00021,2,0,126.0,55.5,0.0
SKU00023,1,0,20.0,39.0,0.0
SKU00024,25,0,258.12,58.68,0.0
SKU00025,3,0,71.0,56.333333333333336,0.0
SKU00026,1,0,81.0,51.0,0.0
SKU00027,2,0,102.0,56.5,0.0
SKU00028,4,0,92.75,61.75,0.0
SKU00030,2,0,41.0,52.5,0.0
SKU00031,5,0,101.6,54.0,0.0
SKU00032,20,0,262.3,63.6,0.0
SKU00033,1,0,136.0,64.0,0.0
SKU00034,2,0,68.0,56.5,0.0
SKU00035,6,0,99.0,49.666666666666664,0.0
SKU00036,1,0,134.0,85.0,0.0
SKU00037,2,0,167.0,71.5,0.0
SKU00038,1,0,18.0,49.0,0.0
SKU00039,3,0,96.66666666666667,59.666666666666664,0.0
SKU00040,1,0,101.0,84.0,0.0
SKU00041,2,0,61.5,57.5,0.0
SKU00043,1,0,107.0,68.0,0.0
SKU00044,3,0,105.33333333333333,45.0,0.0
SKU00045,2,0,45.0,54.5,0.0
SKU00046,4,0,81.0,61.0,0.0
SKU00047,4,0,72.75,40.0,0.0
SKU00048,2,0,166.0,86.5,0.0
SKU00049,1,0,50.0,35.0,0.0
SKU00051,1,0,123.0,71.0,0.0
SKU00052,22,0,245.4090909090909,59.04545454545455,0.0
SKU00053,1,0,60.0,27.0,0.0
SKU00056,3,0,37.666666666666664,63.0,0.0
SKU00057,1,0,30.0,31.0,0.0
SKU00058,1,0,149.0,93.0,0.0
SKU00059,3,0,200.33333333333334,77.66666666666667,0.0
SKU00060,2,0,126.5,74.0,0.0
SKU00061,3,0,98.66666666666667,59.0,0.0
SKU00063,1,0,84.0,82.0,0.0
SKU00064,3,0,136.33333333333334,89.66666666666667,0.0
SKU00065,1,0,215.0,76.0,0.0
SKU00066,25,0,212.6,51.84,0.0
SKU00067,2,0,102.0,70.0,0.0
SKU00068,1,0,8.0,99.0,0.0
SKU00069,27,0,286.48148148148147,59.77777777777778,0.0
SKU00070,4,0,94.5,48.25,0.0
SKU00071,2,0,142.5,71.0,0.0
SKU00073,1,0,126.0,60.0,0.0
SKU00074,2,0,44.0,37.0,0.0
SKU00075,29,0,243.82758620689654,58.86206896551724,0.0
SKU00077,3,0,68.66666666666667,65.0,0.0
SKU00078,1,0,69.0,30.0,0.0
SKU00080,1,0,1.0,43.0,0.0
SKU00081,2,0,138.0,58.5,0.0
SKU00082,2,0,87.5,56.5,0.0
SKU00083,27,0,258.77777777777777,59.44444444444444,0.0
SKU00084,2,0,19.5,54.0,0.0
SKU00085,2,0,154.0,83.5,0.0
SKU00086,3,0,76.66666666666667,74.66666666666667,0.0
SKU00087,1,0,28.0,77.0,0.0
SKU00090,23,0,342.0869565217391,75.52173913043478,0.0
SKU00091,3,0,86.66666666666667,45.666666666666664,0.0
SKU00092,2,0,68.5,57.5,0.0
SKU00093,2,0,138.0,79.0,0.0
SKU00094,2,0,44.0,36.5,0.0
SKU00095,1,0,98.0,77.0,0.0
SKU00096,1,0,127.0,76.0,0.0
SKU00097,2,0,188.5,86.0,0.0
SKU00098,1,0,224.0,83.0,0.0
SKU00099,1,0,18.0,77.0,0.0
SKU00100,2,0,88.5,58.0,0.0
SKU00102,2,0,65.5,65.0,0.0
SKU00103,4,0,73.5,44.0,0.0
SKU00104,2,0,149.5,68.5,0.0
SKU00105,26,0,244.92307692307693,53.42307692307692,0.0
SKU00106,5,0,87.2,65.4,0.0
SKU00107,4,0,69.5,60.0,0.0
SKU00108,3,0,92.33333333333333,64.0,0.0
SKU00110,2,0,67.0,41.5,0.0
SKU00111,3,0,147.33333333333334,63.666666666666664,0.0
SKU00112,4,0,94.25,48.5,0.0
SKU00113,2,0,115.0,72.5,0.0
SKU00114,2,0,48.0,61.5,0.0
SKU00115,3,0,112.0,83.33333333333333,0.0
SKU00116,1,0,10.0,41.0,0.0
SKU00117,4,0,69.5,47.75,0.0
SKU00118,3,0,117.0,53.0,0.0
SKU00119,1,0,5.0,22.0,0.0
SKU00120,2,0,126.0,90.0,0.0
SKU00122,3,0,32.666666666666664,53.333333333333336,0.0
SKU00123,2,0,115.5,64.0,0.0
SKU00124,1,0,15.0,27.0,0.0
SKU00125,2,0,93.0,49.0,0.0
SKU00126,2,0,70.0,71.5,0.0
SKU00127,19,0,262.42105263157896,62.526315789473685,0.0
SKU00128,1,0,124.0,53.0,0.0
SKU00129,1,0,83.0,47.0,0.0
SKU00130,2,0,112.5,61.5,0.0
SKU00131,2,0,130.5,70.0,0.0
SKU00133,3,0,121.66666666666667,44.333333333333336,0.0
SKU00134,3,0,69.66666666666667,61.333333333333336,0.0
SKU00135,4,0,54.5,66.25,0.0
SKU00136,1,0,112.0,57.0,0.0
SKU00137,1,0,156.0,68.0,0.0
SKU00138,5,0,99.0,63.0,0.0
SKU00140,30,0,287.96666666666664,69.26666666666667,0.0
SKU00141,2,0,66.5,60.0,0.0
SKU00142,2,0,89.5,89.0,0.0
SKU00143,1,0,79.0,44.0,0.0
SKU00144,3,0,55.0,31.666666666666668,0.0
SKU00145,2,0,43.0,28.5,0.0
SKU00146,3,0,127.0,76.66666666666667,0.0
SKU00147,1,0,14.0,43.0,0.0
SKU00149,1,0,87.0,40.0,0.0
SKU00150,29,0,262.3448275862069,59.93103448275862,0.0
SKU00151,1,0,261.0,89.0,0.0
SKU00153,2,0,87.0,51.5,0.0
SKU00154,1,0,46.0,41.0,0.0
SKU00155,29,0,258.8965517241379,57.724137931034484,0.0
SKU00156,2,0,85.5,79.5,0.0
SKU00157,3,0,107.0,69.33333333333333,0.0
SKU00159,2,0,200.0,82.5,0.0
SKU00160,1,0,76.0,46.0,0.0
SKU00161,1,0,52.0,27.0,0.0
SKU00162,1,0,84.0,57.0,0.0
SKU00163,1,0,179.0,60.0,0.0
SKU00166,2,0,83.5,45.0,0.0
SKU00167,30,0,240.7,52.1,0.0
SKU00168,1,0,52.0,93.0,0.0
SKU00170,30,0,240.43333333333334,55.6,0.0
SKU00171,1,0,113.0,97.0,0.0
SKU00173,23,0,212.04347826086956,54.0,0.0
SKU00175,1,0,25.0,95.0,0.0
SKU00178,2,0,132.5,60.0,0.0
SKU00179,3,0,79.0,56.333333333333336,0.0
SKU00180,1,0,81.0,31.0,0.0
SKU00181,5,0,126.6,76.0,0.0
SKU00182,5,0,42.4,43.2,0.0
SKU00183,1,0,84.0,73.0,0.0
SKU00184,1,0,96.0,33.0,0.0
SKU00185,2,0,199.0,87.5,0.0
SKU00186,20,0,219.5,49.7,0.0
SKU00188,1,0,101.0,52.0,0.0
SKU00189,2,0,51.5,43.0,0.0
SKU00191,2,0,36.5,54.0,0.0
SKU00192,2,0,103.5,65.0,0.0
SKU00193,1,0,79.0,73.0,0.0
SKU00194,1,0,20.0,40.0,0.0
SKU00195,6,0,99.16666666666667,57.333333333333336,0.0
SKU00196,1,0,148.0,100.0,0.0
SKU00197,3,0,57.0,26.333333333333332,0.0
SKU00198,4,0,134.25,67.75,0.0
SKU00199,1,0,62.0,39.0,0.0
SKU00200,5,0,63.4,46.8,0.0
SKU00201,3,0,125.33333333333333,60.0,0.0
SKU00202,4,0,78.5,43.5,0.0
SKU00203,2,0,46.5,40.5,0.0
SKU00204,1,0,20.0,31.0,0.0
SKU00205,1,0,45.0,59.0,0.0
SKU00206,1,0,185.0,63.0,0.0
SKU00209,1,0,89.0,96.0,0.0
SKU00210,2,0,84.5,74.5,0.0
SKU00212,1,0,61.0,46.0,0.0
SKU00213,2,0,50.0,33.5,0.0
SKU00214,2,0,58.0,73.0,0.0
SKU00215,3,0,117.33333333333333,70.66666666666667,0.0
SKU00216,3,0,124.66666666666667,68.0,0.0
SKU00218,5,0,90.0,56.8,0.0
SKU00219,2,0,131.0,46.0,0.0
SKU00220,3,0,104.33333333333333,52.333333333333336,0.0
SKU00221,4,0,76.0,74.25,0.0
SKU00222,1,0,25.0,35.0,0.0
SKU00223,3,0,95.33333333333333,43.0,0.0
SKU00224,3,0,184.66666666666666,88.66666666666667,0.0
SKU00225,4,0,76.25,59.75,0.0
SKU00226,4,0,91.25,68.75,0.0
SKU00227,3,0,124.66666666666667,79.0,0.0
SKU00228,3,0,165.0,60.0,0.0
SKU00229,1,0,51.0,21.0,0.0
SKU00230,3,0,54.333333333333336,42.666666666666664,0.0
SKU00231,3,0,31.333333333333332,28.666666666666668,0.0
SKU00232,2,0,130.0,79.5,0.0
SKU00233,3,0,41.0,66.66666666666667,0.0
SKU00234,2,0,35.0,30.5,0.0
SKU00235,2,0,80.5,62.0,0.0
SKU00236,2,0,113.0,57.5,0.0
SKU00237,30,0,292.93333333333334,63.5,0.0
SKU00238,2,0,48.0,49.5,0.0
SKU00239,5,0,105.0,44.0,0.0
SKU00240,30,0,271.9,63.0,0.0
SKU00241,1,0,141.0,67.0,0.0
SKU00242,7,0,80.42857142857143,66.57142857142857,0.0
SKU00243,1,0,53.0,28.0,0.0
SKU00244,4,0,76.5,61.0,0.0
SKU00246,3,0,42.666666666666664,26.333333333333332,0.0
SKU00247,4,0,120.5,67.75,0.0
SKU00248,3,0,136.33333333333334,54.0,0.0
SKU00249,3,0,116.0,63.666666666666664,0.0
SKU00251,29,0,292.13793103448273,62.206896551724135,0.0
SKU00252,4,0,90.75,59.75,0.0
SKU00253,2,0,43.5,64.5,0.0
SKU00255,2,0,46.0,69.5,0.0
SKU00256,1,0,114.0,70.0,0.0
SKU00259,3,0,180.66666666666666,73.33333333333333,0.0
SKU00260,2,0,43.5,42.5,0.0
SKU00262,30,0,264.0,59.5,0.0
SKU00265,3,0,117.33333333333333,50.0,0.0
SKU00266,4,0,36.75,49.0,0.0
SKU00268,1,0,101.0,68.0,0.0
SKU00269,1,0,158.0,72.0,0.0
SKU00270,1,0,178.0,60.0,0.0
SKU00273,3,0,68.0,60.0,0.0
SKU00274,2,0,39.5,21.0,0.0
SKU00275,3,0,19.333333333333332,47.333333333333336,0.0
SKU00276,4,0,53.75,55.25,0.0
SKU00277,3,0,30.0,52.0,0.0
SKU00278,2,0,42.5,26.0,0.0
SKU00279,1,0,76.0,59.0,0.0
SKU00280,3,0,83.0,44.333333333333336,0.0
SKU00283,4,0,130.25,76.75,0.0
SKU00287,2,0,95.5,34.0,0.0
SKU00288,2,0,189.5,76.0,0.0
SKU00289,4,0,73.0,74.25,0.0
SKU00292,2,0,131.5,68.0,0.0
SKU00293,3,0,52.0,59.333333333333336,0.0
SKU00294,5,0,50.6,40.6,0.0
SKU00295,4,0,62.5,67.25,0.0
SKU00296,2,0,243.5,87.0,0.0
SKU00299,2,0,57.5,28.5,0.0
SKU00301,2,0,116.5,56.5,0.0
SKU00302,3,0,110.33333333333333,78.0,0.0
SKU00303,2,0,57.5,26.5,0.0
SKU00304,1,0,31.0,21.0,0.0
SKU00305,24,0,270.375,62.458333333333336,0.0
SKU00306,3,0,67.0,72.33333333333333,0.0
SKU00307,2,0,131.0,65.5,0.0
SKU00308,4,0,82.0,57.75,0.0
SKU00309,2,0,109.5,62.0,0.0
SKU00310,2,0,111.5,62.5,0.0
SKU00311,1,0,87.0,53.0,0.0
SKU00312,2,0,128.5,91.5,0.0
SKU00313,4,0,87.5,71.0,0.0
SKU00314,1,0,25.0,60.0,0.0
SKU00315,2,0,149.5,59.5,0.0
SKU00316,3,0,92.0,68.33333333333333,0.0
SKU00317,30,0,221.4,50.5,0.0
SKU00318,4,0,83.25,47.0,0.0
SKU00319,5,0,116.6,66.0,0.0
SKU00320,1,0,53.0,98.0,0.0
SKU00321,1,0,110.0,54.0,0.0
SKU00322,1,0,95.0,73.0,0.0
SKU00323,2,0,128.0,96.5,0.0
SKU00324,3,0,139.66666666666666,70.66666666666667,0.0
SKU00325,2,0,46.0,34.5,0.0
SKU00326,1,0,162.0,75.0,0.0
SKU00327,4,0,96.25,50.5,0.0
SKU00330,15,0,306.3333333333333,65.53333333333333,0.0
SKU00331,30,0,245.0,53.266666666666666,0.0
SKU00332,2,0,52.5,31.0,0.0
SKU00333,5,0,114.8,65.8,0.0
SKU00334,3,0,72.33333333333333,51.666666666666664,0.0
SKU00335,2,0,143.5,91.5,0.0
SKU00336,2,0,159.0,69.5,0.0
SKU00337,3,0,88.33333333333333,59.333333333333336,0.0
SKU00338,3,0,38.666666666666664,67.33333333333333,0.0
SKU00339,3,0,103.66666666666667,58.666666666666664,0.0
SKU00340,3,0,55.666666666666664,39.333333333333336,0.0
SKU00342,30,0,228.8,52.2,0.0
SKU00343,2,0,150.0,69.0,0.0
SKU00344,3,0,145.0,57.333333333333336,0.0
SKU00346,2,0,37.0,76.5,0.0
SKU00347,4,0,58.5,59.0,0.0
SKU00348,1,0,79.0,85.0,0.0
SKU00349,4,0,33.25,53.75,0.0
SKU00350,24,0,270.2083333333333,57.208333333333336,0.0
SKU00351,6,0,52.833333333333336,53.333333333333336,0.0
SKU00353,2,0,60.0,64.5,0.0
SKU00354,24,0,277.0,62.166666666666664,0.0
SKU00355,29,0,263.8965517241379,58.55172413793103,0.0
SKU00356,1,0,221.0,78.0,0.0
SKU00357,3,0,99.66666666666667,59.333333333333336,0.0
SKU00358,1,0,115.0,41.0,0.0
SKU00360,3,0,85.66666666666667,63.0,0.0
SKU00361,4,0,75.75,59.75,0.0
SKU00364,3,0,113.0,53.666666666666664,0.0
SKU00365,2,0,77.5,58.5,0.0
SKU00366,2,0,23.5,38.0,0.0
SKU00367,5,0,154.8,69.6,0.0
SKU00368,2,0,93.0,85.0,0.0
SKU00371,26,0,296.65384615384613,60.57692307692308,0.0
SKU00372,1,0,57.0,68.0,0.0
SKU00373,1,0,133.0,66.0,0.0
SKU00374,2,0,34.5,59.0,0.0
SKU00375,3,0,85.0,72.66666666666667,0.0
SKU00377,4,0,139.25,62.5,0.0
SKU00378,3,0,31.333333333333332,58.666666666666664,0.0
SKU00379,1,0,75.0,43.0,0.0
SKU00380,2,0,111.0,79.0,0.0
SKU00381,3,0,71.33333333333333,75.33333333333333,0.0
SKU00382,3,0,115.33333333333333,48.666666666666664,0.0
SKU00383,1,0,181.0,83.0,0.0
SKU00384,1,0,186.0,68.0,0.0
SKU00385,29,0,271.62068965517244,59.6551724137931,0.0
SKU00386,26,0,237.19230769230768,55.65384615384615,0.0
SKU00387,1,0,89.0,43.0,0.0
SKU00388,1,0,14.0,40.0,0.0
SKU00389,26,0,286.11538461538464,65.26923076923077,0.0
SKU00390,1,0,73.0,36.0,0.0
SKU00391,3,0,179.33333333333334,83.33333333333333,0.0
SKU00393,3,0,113.33333333333333,62.666666666666664,0.0
SKU00394,1,0,70.0,51.0,0.0
SKU00395,2,0,72.0,64.0,0.0
SKU00396,1,0,111.0,45.0,0.0
SKU00398,1,0,179.0,92.0,0.0
SKU00400,2,0,150.0,72.0,0.0
SKU00401,30,0,268.53333333333336,61.06666666666667,0.0
SKU00402,28,0,251.17857142857142,59.857142857142854,0.0
SKU00403,4,0,92.75,64.75,0.0
SKU00404,1,0,131.0,92.0,0.0
SKU00405,4,0,81.5,55.25,0.0
SKU00407,3,0,82.66666666666667,55.0,0.0
SKU00409,3,0,55.333333333333336,43.0,0.0
SKU00410,3,0,21.333333333333332,49.333333333333336,0.0
SKU00411,4,0,125.5,70.0,0.0
SKU00413,1,0,84.0,73.0,0.0
SKU00414,1,0,81.0,53.0,0.0
SKU00415,2,0,113.5,72.5,0.0
SKU00417,1,0,122.0,85.0,0.0
SKU00418,3,0,136.33333333333334,59.333333333333336,0.0
SKU00419,24,0,261.6666666666667,62.958333333333336,0.0
SKU00420,4,0,89.5,56.0,0.0
SKU00421,30,0,275.93333333333334,62.86666666666667,0.0
SKU00423,3,0,57.666666666666664,59.666666666666664,0.0
SKU00424,2,0,46.5,58.5,0.0
SKU00426,4,0,53.75,65.75,0.0
SKU00427,2,0,36.5,74.0,0.0
SKU00428,5,0,73.4,42.0,0.0
SKU00429,1,0,84.0,52.0,0.0
SKU00430,3,0,30.0,45.666666666666664,0.0
SKU00431,2,0,26.0,26.5,0.0
SKU00432,2,0,212.5,88.0,0.0
SKU00434,1,0,114.0,54.0,0.0
SKU00436,2,0,38.5,64.0,0.0
SKU00437,30,0,232.43333333333334,54.766666666666666,0.0
SKU00438,3,0,149.0,72.0,0.0
SKU00439,3,0,78.66666666666667,45.0,0.0
SKU00440,2,0,50.0,56.5,0.0
SKU00441,1,0,191.0,77.0,0.0
SKU00442,2,0,184.0,77.0,0.0
SKU00443,3,0,108.66666666666667,52.333333333333336,0.0
SKU00444,2,0,62.0,34.5,0.0
SKU00446,3,0,91.33333333333333,59.333333333333336,0.0
SKU00448,2,0,128.5,47.0,0.0
SKU00449,26,0,272.65384615384613,58.80769230769231,0.0
SKU00450,5,0,29.2,44.8,0.0
SKU00451,2,0,104.0,41.5,0.0
SKU00452,3,0,90.66666666666667,51.666666666666664,0.0
SKU00453,2,0,49.0,52.0,0.0
SKU00454,4,0,131.75,57.75,0.0
SKU00455,1,0,60.0,36.0,0.0
SKU00456,1,0,1.0,22.0,0.0
SKU00457,3,0,57.0,71.33333333333333,0.0
SKU00458,3,0,46.666666666666664,54.0,0.0
SKU00460,1,0,125.0,100.0,0.0
SKU00461,3,0,113.33333333333333,52.0,0.0
SKU00462,27,0,245.77777777777777,52.03703703703704,0.0
SKU00463,1,0,53.0,33.0,0.0
SKU00464,1,0,95.0,35.0,0.0
SKU00465,1,0,41.0,22.0,0.0
SKU00466,27,0,250.37037037037038,54.333333333333336,0.0
SKU00467,1,0,63.0,28.0,0.0
SKU00469,2,0,111.5,73.5,0.0
SKU00471,1,0,13.0,43.0,0.0
SKU00472,2,0,36.0,38.0,0.0
SKU00473,1,0,73.0,35.0,0.0
SKU00474,3,0,34.0,41.0,0.0
SKU00475,1,0,48.0,23.0,0.0
SKU00476,2,0,214.0,75.5,0.0
SKU00477,2,0,108.5,40.5,0.0
SKU00478,2,0,78.5,72.5,0.0
SKU00479,1,0,57.0,22.0,0.0
SKU00480,1,0,47.0,42.0,0.0
SKU00482,1,0,14.0,22.0,0.0
SKU00485,1,0,174.0,69.0,0.0
SKU00486,2,0,106.0,40.0,0.0
SKU00487,3,0,66.33333333333333,52.0,0.0
SKU00488,5,0,66.8,46.8,0.0
SKU00489,2,0,41.0,32.0,0.0
SKU00490,3,0,123.0,76.33333333333333,0.0
SKU00491,3,0,131.0,89.66666666666667,0.0
SKU00492,3,0,70.33333333333333,66.0,0.0
SKU00493,5,0,144.8,66.8,0.0
SKU00494,3,0,58.666666666666664,66.33333333333333,0.0
SKU00495,1,0,59.0,24.0,0.0
SKU00496,2,0,46.5,35.5,0.0
SKU00497,1,0,239.0,94.0,0.0
SKU00498,29,0,294.0344827586207,62.275862068965516,0.0
SKU00499,2,0,138.5,53.0,0.0
SKU00501,26,0,273.4230769230769,60.19230769230769,0.0
SKU00502,30,0,293.1333333333333,68.76666666666667,0.0
SKU00503,1,0,40.0,36.0,0.0
SKU00504,3,0,134.66666666666666,87.66666666666667,0.0
SKU00507,30,0,294.46666666666664,63.53333333333333,0.0
SKU00508,1,0,28.0,28.0,0.0
SKU00509,3,0,163.0,88.66666666666667,0.0
SKU00510,2,0,40.5,69.5,0.0
SKU00511,3,0,122.33333333333333,75.0,0.0
SKU00512,1,0,166.0,59.0,0.0
SKU00513,1,0,127.0,76.0,0.0
SKU00516,21,0,287.42857142857144,67.14285714285714,0.0
SKU00517,3,0,63.666666666666664,35.0,0.0
SKU00519,3,0,129.0,49.333333333333336,0.0
SKU00520,2,0,52.0,42.0,0.0
SKU00521,27,0,234.96296296296296,52.18518518518518,0.0
SKU00522,1,0,79.0,66.0,0.0
SKU00523,5,0,121.0,63.8,0.0
SKU00524,30,0,272.7,59.46666666666667,0.0
SKU00525,2,0,78.5,40.5,0.0
SKU00526,2,0,120.5,63.5,0.0
SKU00527,4,0,111.75,58.25,0.0
SKU00528,1,0,246.0,88.0,0.0
SKU00529,3,0,53.333333333333336,75.33333333333333,0.0
SKU00530,4,0,87.5,52.75,0.0
SKU00532,30,0,207.23333333333332,45.166666666666664,0.0
SKU00533,1,0,164.0,64.0,0.0
SKU00534,4,0,54.75,82.25,0.0
SKU00535,27,0,258.22222222222223,57.666666666666664,0.0
SKU00536,2,0,99.5,41.5,0.0
SKU00537,1,0,45.0,63.0,0.0
SKU00540,1,0,129.0,69.0,0.0
SKU00542,6,0,117.16666666666667,78.33333333333333,0.0
SKU00543,1,0,212.0,85.0,0.0
SKU00544,1,0,65.0,79.0,0.0
SKU00545,5,0,81.6,59.8,0.0
SKU00546,28,0,266.4642857142857,57.357142857142854,0.0
SKU00547,2,0,58.5,37.5,0.0
SKU00550,30,0,271.03333333333336,59.3,0.0
SKU00551,28,0,244.42857142857142,55.5,0.0
SKU00553,23,0,264.04347826086956,58.391304347826086,0.0
SKU00554,1,0,2.0,49.0,0.0
SKU00555,2,0,134.0,57.5,0.0
SKU00556,1,0,109.0,92.0,0.0
SKU00558,2,0,70.5,59.0,0.0
SKU00559,3,0,47.666666666666664,42.0,0.0
SKU00560,1,0,76.0,96.0,0.0
SKU00562,1,0,94.0,72.0,0.0
SKU00563,1,0,175.0,93.0,0.0
SKU00565,2,0,147.0,51.5,0.0
SKU00566,2,0,60.5,70.0,0.0
SKU00567,1,0,22.0,62.0,0.0
SKU00568,4,0,116.25,53.0,0.0
SKU00569,1,0,14.0,39.0,0.0
SKU00570,2,0,159.0,59.5,0.0
SKU00571,25,0,270.92,59.96,0.0
SKU00572,2,0,129.0,55.0,0.0
SKU00573,1,0,83.0,39.0,0.0
SKU00574,21,0,304.6190476190476,69.0,0.0
SKU00575,2,0,53.5,32.0,0.0
SKU00576,1,0,11.0,100.0,0.0
SKU00577,2,0,99.0,46.0,0.0
SKU00578,2,0,65.0,47.0,0.0
SKU00580,2,0,145.5,80.5,0.0
SKU00581,5,0,86.0,56.4,0.0
SKU00582,1,0,15.0,27.0,0.0
SKU00583,3,0,42.666666666666664,55.0,0.0
SKU00584,23,0,253.0,59.34782608695652,0.0
SKU00585,28,0,288.57142857142856,63.392857142857146,0.0
SKU00586,2,0,44.5,72.0,0.0
SKU00588,1,0,76.0,89.0,0.0
SKU00589,25,0,294.56,63.76,0.0
SKU00590,2,0,99.0,58.5,0.0
SKU00591,2,0,114.0,87.0,0.0
SKU00592,29,0,313.3448275862069,69.79310344827586,0.0
SKU00593,1,0,62.0,94.0,0.0
SKU00594,2,0,18.0,49.0,0.0
SKU00595,2,0,178.5,71.0,0.0
SKU00596,2,0,71.5,77.0,0.0
SKU00597,4,0,47.5,57.5,0.0
SKU00598,25,0,261.76,61.24,0.0
SKU00599,2,0,179.0,80.5,0.0
SKU00601,1,0,26.0,46.0,0.0
SKU00602,1,0,60.0,97.0,0.0
SKU00603,2,0,120.0,60.0,0.0
SKU00604,1,0,147.0,72.0,0.0
SKU00605,5,0,116.8,69.0,0.0
SKU00606,6,0,98.83333333333333,74.0,0.0
SKU00607,3,0,24.333333333333332,42.0,0.0
SKU00608,16,0,199.75,44.5625,0.0
SKU00609,1,0,37.0,75.0,0.0
SKU00610,2,0,89.0,46.5,0.0
SKU00611,3,0,85.0,68.0,0.0
SKU00612,1,0,29.0,34.0,0.0
SKU00613,3,0,87.0,61.0,0.0
SKU00614,2,0,128.5,83.0,0.0
SKU00615,4,0,41.5,49.25,0.0
SKU00616,1,0,78.0,53.0,0.0
SKU00617,1,0,107.0,66.0,0.0
SKU00618,1,0,186.0,94.0,0.0
SKU00619,2,0,205.5,88.5,0.0
SKU00620,3,0,122.0,71.33333333333333,0.0
SKU00621,4,0,64.25,77.5,0.0
SKU00622,2,0,89.5,70.0,0.0
SKU00623,1,0,27.0,30.0,0.0
SKU00624,2,0,102.0,80.5,0.0
SKU00625,3,0,65.66666666666667,72.33333333333333,0.0
SKU00626,1,0,54.0,26.0,0.0
SKU00629,4,0,71.0,73.25,0.0
SKU00630,1,0,87.0,45.0,0.0
SKU00631,27,0,270.44444444444446,64.14814814814815,0.0
SKU00632,3,0,94.0,62.0,0.0
SKU00633,5,0,141.0,78.4,0.0
SKU00634,1,0,208.0,85.0,0.0
SKU00635,4,0,96.5,63.75,0.0
SKU00637,1,0,132.0,88.0,0.0
SKU00638,24,0,241.45833333333334,50.958333333333336,0.0
SKU00639,2,0,41.5,35.5,0.0
SKU00641,2,0,133.5,54.0,0.0
SKU00642,1,0,64.0,40.0,0.0
SKU00643,4,0,67.0,69.25,0.0
SKU00644,1,0,162.0,91.0,0.0
SKU00645,29,0,289.7241379310345,62.172413793103445,0.0
SKU00646,2,0,153.5,79.5,0.0
SKU00647,1,0,107.0,66.0,0.0
SKU00648,2,0,105.5,56.5,0.0
SKU00649,30,0,269.7,61.4,0.0
SKU00650,18,0,243.55555555555554,55.0,0.0
SKU00651,1,0,69.0,41.0,0.0
SKU00652,1,0,180.0,83.0,0.0
SKU00653,1,0,40.0,25.0,0.0
SKU00654,30,0,262.03333333333336,61.166666666666664,0.0
SKU00655,1,0,22.0,54.0,0.0
SKU00660,1,0,3.0,34.0,0.0
SKU00662,22,0,274.0,64.95454545454545,0.0
SKU00664,1,0,9.0,49.0,0.0
SKU00665,1,0,49.0,39.0,0.0
SKU00666,1,0,17.0,65.0,0.0
SKU00667,4,0,80.5,54.0,0.0
SKU00669,4,0,86.75,64.5,0.0
SKU00670,2,0,72.5,76.5,0.0
SKU00671,5,0,113.2,61.8,0.0
SKU00672,1,0,129.0,77.0,0.0
SKU00673,3,0,59.666666666666664,63.666666666666664,0.0
SKU00674,2,0,166.5,80.0,0.0
SKU00676,1,0,69.0,25.0,0.0
SKU00677,7,0,56.285714285714285,54.285714285714285,0.0
SKU00678,2,0,263.0,97.0,0.0
SKU00679,20,0,236.7,52.5,0.0
SKU00680,4,0,66.0,67.5,0.0
SKU00681,3,0,46.333333333333336,44.666666666666664,0.0
SKU00682,30,0,267.3666666666667,59.7,0.0
SKU00683,1,0,78.0,45.0,0.0
SKU00684,3,0,130.66666666666666,79.0,0.0
SKU00685,4,0,61.0,51.0,0.0
SKU00686,3,0,227.66666666666666,95.66666666666667,0.0
SKU00687,2,0,30.0,74.5,0.0
SKU00688,1,0,46.0,25.0,0.0
SKU00690,1,0,115.0,94.0,0.0
SKU00691,29,0,236.58620689655172,55.58620689655172,0.0
SKU00693,2,0,94.0,61.0,0.0
SKU00696,1,0,32.0,24.0,0.0
SKU00697,3,0,86.66666666666667,53.333333333333336,0.0
SKU00698,2,0,91.0,93.0,0.0
SKU00699,30,0,256.3666666666667,56.96666666666667,0.0
SKU00700,1,0,18.0,68.0,0.0
SKU00701,1,0,179.0,63.0,0.0
SKU00702,3,0,108.0,58.0,0.0
SKU00703,1,0,259.0,94.0,0.0
SKU00704,4,0,56.5,64.0,0.0
SKU00705,1,0,86.0,68.0,0.0
SKU00706,25,0,287.32,65.16,0.0
SKU00707,2,0,31.5,31.5,0.0
SKU00708,2,0,72.0,42.5,0.0
SKU00710,4,0,103.0,60.75,0.0
SKU00711,2,0,106.5,71.5,0.0
SKU00712,5,0,95.4,57.8,0.0
SKU00713,4,0,97.25,67.75,0.0
SKU00714,2,0,21.0,36.0,0.0
SKU00715,3,0,112.33333333333333,58.333333333333336,0.0
SKU00716,1,0,51.0,40.0,0.0
SKU00717,4,0,122.5,88.5,0.0
SKU00719,4,0,92.75,62.5,0.0
SKU00720,1,0,95.0,41.0,0.0
SKU00721,23,0,284.69565217391306,61.0,0.0
SKU00722,2,0,54.0,33.0,0.0
SKU00723,1,0,124.0,92.0,0.0
SKU00724,1,0,78.0,36.0,0.0
SKU00726,3,0,45.333333333333336,55.333333333333336,0.0
SKU00727,3,0,69.66666666666667,36.666666666666664,0.0
SKU00729,3,0,122.0,84.66666666666667,0.0
SKU00732,27,0,239.03703703703704,51.592592592592595,0.0
SKU00733,2,0,136.0,74.0,0.0
SKU00734,25,0,280.52,59.2,0.0
SKU00735,2,0,80.0,63.5,0.0
SKU00736,4,0,26.5,36.5,0.0
SKU00737,1,0,4.0,27.0,0.0
SKU00738,2,0,30.0,39.0,0.0
SKU00739,1,0,144.0,94.0,0.0
SKU00740,18,0,276.77777777777777,61.833333333333336,0.0
SKU00741,1,0,23.0,20.0,0.0
SKU00743,2,0,52.5,34.0,0.0
SKU00744,1,0,60.0,52.0,0.0
SKU00745,1,0,99.0,37.0,0.0
SKU00746,1,0,37.0,20.0,0.0
SKU00747,1,0,74.0,61.0,0.0
SKU00748,1,0,54.0,22.0,0.0
SKU00749,30,0,274.56666666666666,60.1,0.0
SKU00751,4,0,121.0,54.75,0.0
SKU00752,2,0,51.5,73.0,0.0
SKU00754,3,0,144.0,66.66666666666667,0.0
SKU00755,1,0,138.0,66.0,0.0
SKU00756,2,0,120.5,59.5,0.0
SKU00758,25,0,271.92,60.56,0.0
SKU00759,2,0,117.0,62.5,0.0
SKU00760,2,0,101.5,59.0,0.0
SKU00761,3,0,100.0,54.666666666666664,0.0
SKU00762,2,0,145.0,58.5,0.0
SKU00763,3,0,67.33333333333333,41.666666666666664,0.0
SKU00764,1,0,112.0,65.0,0.0
SKU00765,4,0,126.75,62.0,0.0
SKU00766,1,0,61.0,66.0,0.0
SKU00767,19,0,230.05263157894737,54.473684210526315,0.0
SKU00769,2,0,44.5,65.0,0.0
SKU00770,1,0,53.0,40.0,0.0
SKU00772,6,0,63.0,54.5,0.0
SKU00773,4,0,52.0,50.25,0.0
SKU00775,28,0,258.0357142857143,56.892857142857146,0.0
SKU00776,3,0,94.66666666666667,50.0,0.0
SKU00777,2,0,46.0,46.5,0.0
SKU00778,4,0,158.75,70.75,0.0
SKU00779,1,0,50.0,49.0,0.0
SKU00780,2,0,68.5,53.5,0.0
SKU00781,1,0,97.0,40.0,0.0
SKU00782,2,0,124.5,73.0,0.0
SKU00783,3,0,147.33333333333334,80.33333333333333,0.0
SKU00784,4,0,83.75,62.75,0.0
SKU00785,5,0,64.2,49.0,0.0
SKU00786,2,0,57.5,63.0,0.0
SKU00787,5,0,93.6,74.8,0.0
SKU00788,16,0,255.8125,65.1875,0.0
SKU00789,1,0,117.0,75.0,0.0
SKU00791,2,0,138.5,82.5,0.0
SKU00792,4,0,27.25,65.5,0.0
SKU00793,2,0,47.5,48.5,0.0
SKU00794,2,0,47.5,68.0,0.0
SKU00795,2,0,56.5,51.0,0.0
SKU00796,2,0,6.0,90.0,0.0
SKU00797,1,0,85.0,44.0,0.0
SKU00798,3,0,66.0,37.333333333333336,0.0
SKU00799,3,0,136.0,57.333333333333336,0.0
SKU00800,4,0,77.75,63.5,0.0
SKU00801,2,0,94.5,58.5,0.0
SKU00802,1,0,39.0,33.0,0.0
SKU00803,2,0,97.5,54.0,0.0
SKU00804,6,0,44.833333333333336,59.333333333333336,0.0
SKU00805,2,0,92.5,62.0,0.0
SKU00806,4,0,115.5,54.0,0.0
SKU00807,1,0,44.0,58.0,0.0
SKU00808,2,0,14.0,23.5,0.0
SKU00809,2,0,59.0,90.5,0.0
SKU00810,4,0,71.0,44.75,0.0
SKU00811,3,0,173.0,76.33333333333333,0.0
SKU00813,3,0,84.66666666666667,44.0,0.0
SKU00815,1,0,102.0,38.0,0.0
SKU00816,1,0,2.0,99.0,0.0
SKU00818,3,0,108.0,68.66666666666667,0.0
SKU00819,6,0,127.5,62.666666666666664,0.0
SKU00820,1,0,269.0,94.0,0.0
SKU00821,29,0,221.72413793103448,52.758620689655174,0.0
SKU00822,2,0,157.0,64.5,0.0
SKU00824,3,0,55.0,69.66666666666667,0.0
SKU00825,1,0,33.0,69.0,0.0
SKU00827,4,0,84.25,48.0,0.0
SKU00828,4,0,71.25,37.75,0.0
SKU00829,3,0,48.333333333333336,55.333333333333336,0.0
SKU00831,2,0,13.5,33.0,0.0
SKU00833,1,0,125.0,68.0,0.0
SKU00834,4,0,124.0,58.25,0.0
SKU00837,30,0,282.76666666666665,68.2,0.0
SKU00838,1,0,23.0,49.0,0.0
SKU00839,1,0,9.0,41.0,0.0
SKU00840,7,0,109.28571428571429,67.42857142857143,0.0
SKU00841,2,0,68.0,52.5,0.0
SKU00842,2,0,95.0,70.0,0.0
SKU00843,2,0,46.5,50.5,0.0
SKU00844,2,0,126.0,77.5,0.0
SKU00846,2,0,104.5,74.5,0.0
SKU00848,4,0,65.25,52.75,0.0
SKU00849,2,0,30.0,73.0,0.0
SKU00850,3,0,80.33333333333333,43.666666666666664,0.0
SKU00851,3,0,82.0,74.33333333333333,0.0
SKU00852,3,0,78.33333333333333,49.0,0.0
SKU00853,4,0,76.5,55.0,0.0
SKU00854,4,0,95.5,45.25,0.0
SKU00855,27,0,254.14814814814815,59.18518518518518,0.0
SKU00856,2,0,107.0,67.5,0.0
SKU00857,2,0,38.0,67.0,0.0
SKU00858,27,0,290.0740740740741,62.666666666666664,0.0
SKU00859,2,0,55.0,26.0,0.0
SKU00860,25,0,214.36,48.2,0.0
SKU00863,2,0,39.0,74.0,0.0
SKU00864,2,0,169.5,91.5,0.0
SKU00865,1,0,221.0,97.0,0.0
SKU00866,3,0,162.33333333333334,74.33333333333333,0.0
SKU00868,1,0,287.0,97.0,0.0
SKU00869,3,0,122.33333333333333,56.0,0.0
SKU00870,5,0,103.8,69.6,0.0
SKU00872,4,0,55.75,55.75,0.0
SKU00873,3,0,142.66666666666666,65.66666666666667,0.0
SKU00874,18,0,237.77777777777777,54.111111111111114,0.0
SKU00875,2,0,148.5,77.0,0.0
SKU00876,1,0,105.0,41.0,0.0
SKU00877,1,0,14.0,43.0,0.0
SKU00878,4,0,30.5,72.25,0.0
SKU00879,2,0,52.5,50.0,0.0
SKU00880,3,0,46.0,53.666666666666664,0.0
SKU00881,2,0,143.0,86.5,0.0
SKU00882,2,0,107.0,61.0,0.0
SKU00883,3,0,76.66666666666667,51.333333333333336,0.0
SKU00885,1,0,138.0,47.0,0.0
SKU00886,1,0,3.0,31.0,0.0
SKU00887,2,0,92.0,56.5,0.0
SKU00888,3,0,98.0,69.0,0.0
SKU00889,1,0,275.0,100.0,0.0
SKU00890,29,0,247.75862068965517,55.793103448275865,0.0
SKU00891,1,0,113.0,89.0,0.0
SKU00894,21,0,259.23809523809524,60.714285714285715,0.0
SKU00895,4,0,88.75,59.5,0.0
SKU00896,2,0,57.5,32.0,0.0
SKU00897,2,0,90.0,72.0,0.0
SKU00898,3,0,94.66666666666667,45.333333333333336,0.0
SKU00899,2,0,144.5,51.5,0.0
SKU00900,3,0,174.66666666666666,83.66666666666667,0.0
SKU00901,1,0,153.0,86.0,0.0
SKU00902,2,0,182.0,99.0,0.0
SKU00904,1,0,207.0,83.0,0.0
SKU00905,2,0,72.0,59.5,0.0
SKU00906,27,0,241.8148148148148,53.333333333333336,0.0
SKU00908,2,0,62.0,55.0,0.0
SKU00909,3,0,89.66666666666667,58.333333333333336,0.0
SKU00911,2,0,121.0,66.0,0.0
SKU00912,2,0,82.0,73.0,0.0
SKU00913,1,0,117.0,83.0,0.0
SKU00914,2,0,88.5,55.5,0.0
SKU00915,2,0,85.5,85.5,0.0
SKU00916,4,0,127.5,73.0,0.0
SKU00917,1,0,172.0,97.0,0.0
SKU00918,2,0,75.0,44.0,0.0
SKU00919,4,0,173.25,68.25,0.0
SKU00921,1,0,86.0,81.0,0.0
SKU00923,2,0,53.5,71.0,0.0
SKU00924,1,0,23.0,90.0,0.0
SKU00925,2,0,114.5,71.0,0.0
SKU00926,5,0,55.0,52.4,0.0
SKU00927,4,0,114.25,60.25,0.0
SKU00928,3,0,76.33333333333333,50.666666666666664,0.0
SKU00930,3,0,61.0,61.666666666666664,0.0
SKU00931,3,0,139.0,58.666666666666664,0.0
SKU00932,30,0,269.7,64.06666666666666,0.0
SKU00933,1,0,115.0,66.0,0.0
SKU00934,2,0,96.0,55.0,0.0
SKU00935,29,0,243.79310344827587,55.48275862068966,0.0
SKU00936,18,0,305.72222222222223,68.05555555555556,0.0
SKU00937,3,0,88.33333333333333,71.0,0.0
SKU00938,2,0,40.0,32.0,0.0
SKU00939,3,0,123.33333333333333,64.66666666666667,0.0
SKU00940,4,0,160.0,82.0,0.0
SKU00944,3,0,40.666666666666664,61.0,0.0
SKU00945,4,0,107.5,57.5,0.0
SKU00946,2,0,72.0,49.5,0.0
SKU00948,2,0,50.0,24.5,0.0
SKU00949,4,0,57.5,52.25,0.0
SKU00950,1,0,221.0,92.0,0.0
SKU00951,2,0,95.5,77.0,0.0
SKU00954,29,0,263.7241379310345,64.58620689655173,0.0
SKU00955,3,0,82.0,53.0,0.0
SKU00956,2,0,6.5,59.5,0.0
SKU00957,1,0,211.0,87.0,0.0
SKU00958,15,0,248.8,53.93333333333333,0.0
SKU00959,1,0,51.0,42.0,0.0
SKU00960,2,0,173.5,82.0,0.0
SKU00961,2,0,160.5,71.5,0.0
SKU00962,1,0,141.0,81.0,0.0
SKU00963,1,0,195.0,79.0,0.0
SKU00964,2,0,43.0,54.0,0.0
SKU00965,29,0,263.48275862068965,59.241379310344826,0.0
SKU00966,1,0,162.0,91.0,0.0
SKU00967,1,0,119.0,51.0,0.0
SKU00968,3,0,58.666666666666664,67.66666666666667,0.0
SKU00970,3,0,89.0,56.333333333333336,0.0
SKU00971,3,0,64.33333333333333,70.66666666666667,0.0
SKU00972,20,0,280.55,59.4,0.0
SKU00973,4,0,116.5,68.5,0.0
SKU00975,2,0,206.5,98.0,0.0
SKU00977,2,0,104.0,55.0,0.0
SKU00978,29,0,281.48275862068965,58.0,0.0
SKU00979,1,0,26.0,59.0,0.0
SKU00980,2,0,31.0,75.5,0.0
SKU00981,2,0,118.5,85.5,0.0
SKU00982,2,0,80.5,67.5,0.0
SKU00983,2,0,126.5,50.5,0.0
SKU00986,28,0,268.60714285714283,60.714285714285715,0.0
SKU00987,30,0,304.2,66.6,0.0
SKU00988,1,0,61.0,30.0,0.0
SKU00989,2,0,123.0,58.0,0.0
SKU00990,5,0,98.0,66.6,0.0
SKU00991,26,0,263.7307692307692,61.03846153846154,0.0
SKU00992,2,0,89.5,62.0,0.0
SKU00993,1,0,64.0,29.0,0.0
SKU00997,4,0,84.75,53.25,0.0
SKU00998,1,0,109.0,94.0,0.0
SKU01001,3,0,93.66666666666667,50.0,0.0
SKU01002,2,0,72.0,49.0,0.0
SKU01003,3,0,60.0,52.0,0.0
SKU01004,2,0,124.0,86.0,0.0
SKU01005,4,0,55.5,49.75,0.0
SKU01006,2,0,168.5,65.5,0.0
SKU01007,4,0,76.25,73.5,0.0
SKU01008,1,0,118.0,72.0,0.0
SKU01011,2,0,12.0,37.5,0.0
SKU01012,4,0,101.0,63.0,0.0
SKU01015,4,0,72.75,58.5,0.0
SKU01017,18,0,272.6666666666667,60.666666666666664,0.0
SKU01018,2,0,110.5,56.5,0.0
SKU01019,1,0,125.0,84.0,0.0
SKU01022,4,0,57.0,52.5,0.0
SKU01023,23,0,223.3913043478261,59.43478260869565,0.0
SKU01024,1,0,64.0,27.0,0.0
SKU01025,5,0,94.4,58.6,0.0
SKU01027,1,0,124.0,58.0,0.0
SKU01028,2,0,61.5,86.0,0.0
SKU01029,4,0,74.25,50.0,0.0
SKU01031,30,0,246.1,60.7,0.0
SKU01032,26,0,223.69230769230768,53.53846153846154,0.0
SKU01033,2,0,126.5,94.0,0.0
SKU01034,18,0,296.3888888888889,58.77777777777778,0.0
SKU01036,1,0,118.0,100.0,0.0
SKU01038,30,0,251.53333333333333,54.8,0.0
SKU01039,1,0,40.0,49.0,0.0
SKU01041,2,0,22.0,67.0,0.0
SKU01042,30,0,258.93333333333334,57.03333333333333,0.0
SKU01043,2,0,75.0,61.5,0.0
SKU01044,5,0,56.8,39.6,0.0
SKU01046,29,0,250.41379310344828,58.44827586206897,0.0
SKU01047,3,0,53.0,47.0,0.0
SKU01049,2,0,61.0,26.5,0.0
SKU01050,1,0,64.0,57.0,0.0
SKU01052,24,0,249.91666666666666,56.166666666666664,0.0
SKU01053,4,0,75.75,54.75,0.0
SKU01054,2,0,135.5,59.5,0.0
SKU01055,1,0,21.0,52.0,0.0
SKU01056,2,0,139.5,70.5,0.0
SKU01057,2,0,42.5,25.5,0.0
SKU01058,1,0,91.0,48.0,0.0
SKU01059,2,0,81.0,49.5,0.0
SKU01061,2,0,139.0,63.0,0.0
SKU01063,28,0,275.5357142857143,62.785714285714285,0.0
SKU01064,3,0,123.66666666666667,55.333333333333336,0.0
SKU01065,2,0,40.5,30.5,0.0
SKU01066,4,0,77.75,61.0,0.0
SKU01067,4,0,124.75,71.5,0.0
SKU01068,30,0,266.8,58.03333333333333,0.0
SKU01069,1,0,30.0,30.0,0.0
SKU01070,26,0,277.5769230769231,63.19230769230769,0.0
SKU01071,4,0,101.25,54.25,0.0
SKU01072,3,0,80.33333333333333,71.33333333333333,0.0
SKU01073,2,0,134.5,60.0,0.0
SKU01074,1,0,106.0,49.0,0.0
SKU01075,25,0,264.08,56.52,0.0
SKU01076,4,0,92.5,55.0,0.0
SKU01077,1,0,11.0,65.0,0.0
SKU01078,3,0,76.33333333333333,64.66666666666667,0.0
SKU01082,5,0,72.6,44.6,0.0
SKU01083,1,0,13.0,34.0,0.0
SKU01085,3,0,120.0,71.0,0.0
SKU01086,4,0,105.25,84.25,0.0
SKU01087,2,0,31.0,70.0,0.0
SKU01088,2,0,92.5,63.0,0.0
SKU01090,1,0,16.0,21.0,0.0
SKU01091,1,0,62.0,79.0,0.0
SKU01092,4,0,114.75,71.5,0.0
SKU01093,1,0,19.0,71.0,0.0
SKU01094,1,0,103.0,37.0,0.0
SKU01095,1,0,170.0,79.0,0.0
SKU01096,1,0,118.0,95.0,0.0
SKU01097,2,0,45.5,56.0,0.0
SKU01099,2,0,51.0,54.0,0.0
SKU01100,2,0,152.0,91.5,0.0
SKU01101,2,0,45.0,27.5,0.0
SKU01103,1,0,34.0,34.0,0.0
SKU01104,30,0,260.76666666666665,58.5,0.0
SKU01106,1,0,71.0,87.0,0.0
SKU01107,2,0,159.0,93.5,0.0
SKU01108,2,0,126.5,66.5,0.0
SKU01109,3,0,131.66666666666666,77.33333333333333,0.0
SKU01110,2,0,39.5,48.5,0.0
SKU01112,30,0,258.1666666666667,59.93333333333333,0.0
SKU01113,2,0,76.5,47.5,0.0
SKU01114,2,0,62.0,55.5,0.0
SKU01115,1,0,3.0,25.0,0.0
SKU01116,1,0,71.0,49.0,0.0
SKU01117,4,0,139.25,72.0,0.0
SKU01118,2,0,35.0,82.5,0.0
SKU01119,3,0,42.0,58.0,0.0
SKU01120,3,0,73.33333333333333,49.0,0.0
SKU01122,1,0,20.0,97.0,0.0
SKU01123,4,0,70.75,55.0,0.0
SKU01124,5,0,122.8,68.8,0.0
SKU01125,2,0,86.5,79.0,0.0
SKU01127,4,0,49.25,61.0,0.0
SKU01128,4,0,69.0,50.0,0.0
SKU01129,1,0,52.0,89.0,0.0
SKU01130,2,0,124.0,68.0,0.0
SKU01131,1,0,124.0,86.0,0.0
SKU01132,4,0,111.25,68.25,0.0
SKU01133,29,0,244.06896551724137,58.13793103448276,0.0
SKU01134,1,0,57.0,59.0,0.0
SKU01135,1,0,176.0,82.0,0.0
SKU01136,4,0,124.5,59.25,0.0
SKU01137,2,0,200.5,85.5,0.0
SKU01140,4,0,135.25,63.75,0.0
SKU01142,3,0,90.66666666666667,50.0,0.0
SKU01143,1,0,3.0,93.0,0.0
SKU01144,4,0,106.25,71.75,0.0
SKU01145,2,0,224.5,78.0,0.0
SKU01146,5,0,84.4,62.8,0.0
SKU01147,3,0,36.0,66.0,0.0
SKU01148,1,0,64.0,29.0,0.0
SKU01149,1,0,32.0,26.0,0.0
SKU01150,3,0,18.0,27.0,0.0
SKU01151,3,0,85.33333333333333,45.333333333333336,0.0
SKU01154,2,0,81.5,31.0,0.0
SKU01155,4,0,95.5,64.25,0.0
SKU01156,2,0,95.0,81.0,0.0
SKU01157,3,0,151.33333333333334,66.33333333333333,0.0
SKU01158,19,0,264.42105263157896,55.10526315789474,0.0
SKU01159,1,0,64.0,70.0,0.0
SKU01160,3,0,155.66666666666666,59.666666666666664,0.0
SKU01161,1,0,120.0,70.0,0.0
SKU01162,2,0,93.0,49.0,0.0
SKU01163,4,0,40.0,41.5,0.0
SKU01165,3,0,67.66666666666667,52.666666666666664,0.0
SKU01167,24,0,191.83333333333334,49.791666666666664,0.0
SKU01168,2,0,25.5,39.5,0.0
SKU01169,3,0,43.0,59.666666666666664,0.0
SKU01171,27,0,300.6296296296296,66.85185185185185,0.0
SKU01172,1,0,117.0,51.0,0.0
SKU01174,29,0,311.62068965517244,65.44827586206897,0.0
SKU01175,2,0,130.0,74.0,0.0
SKU01176,3,0,156.0,80.0,0.0
SKU01177,2,0,24.5,39.5,0.0
SKU01178,1,0,1.0,20.0,0.0
SKU01179,30,0,237.4,54.06666666666667,0.0
SKU01181,2,0,92.0,35.0,0.0
SKU01182,1,0,85.0,44.0,0.0
SKU01183,3,0,50.666666666666664,39.666666666666664,0.0
SKU01184,2,0,4.0,28.0,0.0
SKU01185,2,0,50.5,47.0,0.0
SKU01186,3,0,81.66666666666667,58.666666666666664,0.0
SKU01187,18,0,274.3333333333333,60.666666666666664,0.0
SKU01188,3,0,69.33333333333333,40.666666666666664,0.0
SKU01190,2,0,29.0,22.5,0.0
SKU01191,25,0,282.84,63.4,0.0
SKU01193,1,0,115.0,41.0,0.0
SKU01194,3,0,115.33333333333333,82.0,0.0
SKU01195,4,0,130.25,92.75,0.0
SKU01196,2,0,85.5,68.0,0.0
SKU01199,3,0,59.666666666666664,74.33333333333333,0.0
SKU01200,18,0,254.16666666666666,58.0,0.0
SKU01201,2,0,78.0,66.0,0.0
SKU01202,1,0,100.0,78.0,0.0
SKU01203,4,0,66.0,62.75,0.0
SKU01204,1,0,42.0,26.0,0.0
SKU01205,3,0,105.66666666666667,58.333333333333336,0.0
SKU01206,2,0,143.5,81.5,0.0
SKU01207,2,0,106.5,70.5,0.0
SKU01208,3,0,80.33333333333333,48.666666666666664,0.0
SKU01209,1,0,59.0,33.0,0.0
SKU01210,3,0,125.66666666666667,82.33333333333333,0.0
SKU01211,3,0,68.66666666666667,50.666666666666664,0.0
SKU01213,2,0,99.0,72.0,0.0
SKU01215,2,0,188.5,69.0,0.0
SKU01217,1,0,103.0,47.0,0.0
SKU01218,2,0,78.0,63.0,0.0
SKU01220,1,0,212.0,74.0,0.0
SKU01221,1,0,4.0,77.0,0.0
SKU01222,3,0,109.33333333333333,71.0,0.0
SKU01223,1,0,61.0,25.0,0.0
SKU01224,23,0,335.3478260869565,70.82608695652173,0.0
SKU01225,4,0,50.25,69.25,0.0
SKU01226,1,0,92.0,47.0,0.0
SKU01227,3,0,55.0,52.333333333333336,0.0
SKU01228,3,0,45.666666666666664,32.333333333333336,0.0
SKU01229,28,0,254.57142857142858,56.92857142857143,0.0
SKU01230,3,0,134.0,68.66666666666667,0.0
SKU01231,1,0,25.0,20.0,0.0
SKU01232,1,0,20.0,35.0,0.0
SKU01234,2,0,122.0,49.0,0.0
SKU01235,2,0,37.0,41.5,0.0
SKU01236,2,0,116.0,47.5,0.0
SKU01237,3,0,76.0,65.0,0.0
SKU01238,3,0,112.33333333333333,50.666666666666664,0.0
SKU01241,2,0,103.5,47.5,0.0
SKU01242,3,0,116.33333333333333,67.33333333333333,0.0
SKU01243,1,0,202.0,85.0,0.0
SKU01246,5,0,34.8,57.8,0.0
SKU01247,4,0,115.75,57.0,0.0
SKU01248,1,0,82.0,88.0,0.0
SKU01249,2,0,22.0,56.5,0.0
SKU01250,1,0,22.0,26.0,0.0
SKU01251,4,0,57.75,55.5,0.0
SKU01253,3,0,59.0,57.0,0.0
SKU01254,2,0,90.0,59.0,0.0
SKU01255,2,0,85.0,75.0,0.0
SKU01256,18,0,238.33333333333334,58.611111111111114,0.0
SKU01257,4,0,120.0,72.5,0.0
SKU01259,2,0,72.5,47.0,0.0
SKU01261,2,0,53.0,28.0,0.0
SKU01262,3,0,123.33333333333333,69.33333333333333,0.0
SKU01263,1,0,273.0,94.0,0.0
SKU01264,20,0,271.25,57.75,0.0
SKU01265,1,0,99.0,86.0,0.0
SKU01266,4,0,75.25,69.25,0.0
SKU01267,2,0,163.0,76.5,0.0
SKU01268,4,0,128.25,73.5,0.0
SKU01269,2,0,39.0,34.5,0.0
SKU01270,4,0,111.25,53.75,0.0
SKU01271,2,0,85.5,87.0,0.0
SKU01272,2,0,53.5,67.0,0.0
SKU01273,1,0,186.0,91.0,0.0
SKU01275,3,0,84.66666666666667,51.666666666666664,0.0
SKU01276,3,0,38.0,59.0,0.0
SKU01277,2,0,110.5,57.5,0.0
SKU01278,3,0,122.33333333333333,69.66666666666667,0.0
SKU01280,4,0,91.0,61.25,0.0
SKU01281,2,0,66.5,58.0,0.0
SKU01282,3,0,148.66666666666666,71.33333333333333,0.0
SKU01283,2,0,71.0,42.0,0.0
SKU01284,1,0,81.0,64.0,0.0
SKU01286,1,0,96.0,76.0,0.0
SKU01287,30,0,294.56666666666666,62.56666666666667,0.0
SKU01288,1,0,140.0,97.0,0.0
SKU01289,1,0,58.0,22.0,0.0
SKU01290,3,0,121.66666666666667,65.33333333333333,0.0
SKU01292,1,0,150.0,70.0,0.0
SKU01293,2,0,45.0,39.5,0.0
SKU01294,2,0,22.0,53.0,0.0
SKU01295,2,0,15.5,50.0,0.0
SKU01296,2,0,78.0,56.0,0.0
SKU01297,2,0,40.5,21.5,0.0
SKU01298,2,0,63.5,37.0,0.0
SKU01299,2,0,143.0,61.0,0.0
SKU01301,3,0,56.0,78.66666666666667,0.0
SKU01302,4,0,92.0,65.5,0.0
SKU01303,30,0,239.86666666666667,54.63333333333333,0.0
SKU01305,4,0,63.25,60.25,0.0
SKU01306,2,0,19.5,27.5,0.0
SKU01308,1,0,8.0,70.0,0.0
SKU01309,2,0,177.0,80.5,0.0
SKU01310,29,0,288.2758620689655,65.55172413793103,0.0
SKU01311,2,0,41.5,43.5,0.0
SKU01312,2,0,202.0,80.0,0.0
SKU01313,4,0,71.75,52.5,0.0
SKU01314,3,0,70.0,46.0,0.0
SKU01315,2,0,104.5,59.5,0.0
SKU01316,3,0,110.33333333333333,59.0,0.0
SKU01318,30,0,238.26666666666668,54.63333333333333,0.0
SKU01319,2,0,101.5,86.5,0.0
SKU01320,5,0,128.4,71.0,0.0
SKU01321,5,0,112.2,69.4,0.0
SKU01323,4,0,119.0,50.5,0.0
SKU01324,1,0,80.0,74.0,0.0
SKU01325,2,0,23.0,51.5,0.0
SKU01326,2,0,116.5,97.0,0.0
SKU01327,1,0,69.0,30.0,0.0
SKU01328,2,0,59.0,38.5,0.0
SKU01329,2,0,79.0,48.0,0.0
SKU01330,1,0,59.0,31.0,0.0
SKU01331,3,0,211.0,86.0,0.0
SKU01332,3,0,52.666666666666664,33.0,0.0
SKU01333,3,0,81.66666666666667,60.333333333333336,0.0
SKU01334,1,0,7.0,92.0,0.0
SKU01335,1,0,132.0,52.0,0.0
SKU01336,3,0,97.66666666666667,54.666666666666664,0.0
SKU01337,30,0,259.7,58.2,0.0
SKU01338,2,0,72.0,63.5,0.0
SKU01339,28,0,318.2142857142857,67.39285714285714,0.0
SKU01340,24,0,274.75,60.25,0.0
SKU01341,3,0,130.0,63.333333333333336,0.0
SKU01342,4,0,99.75,61.0,0.0
SKU01343,2,0,42.5,64.0,0.0
SKU01346,4,0,27.75,35.5,0.0
SKU01347,24,0,273.9166666666667,60.458333333333336,0.0
SKU01348,1,0,44.0,58.0,0.0
SKU01349,1,0,64.0,65.0,0.0
SKU01350,1,0,55.0,23.0,0.0
SKU01351,4,0,134.25,65.75,0.0
SKU01352,2,0,74.5,54.0,0.0
SKU01354,1,0,22.0,96.0,0.0
SKU01356,27,0,256.7037037037037,55.629629629629626,0.0
SKU01357,2,0,147.5,86.0,0.0
SKU01358,2,0,87.0,55.5,0.0
SKU01359,3,0,57.333333333333336,55.666666666666664,0.0
SKU01360,3,0,203.33333333333334,92.66666666666667,0.0
SKU01361,4,0,82.25,56.0,0.0
SKU01362,2,0,169.5,79.0,0.0
SKU01365,2,0,72.0,81.0,0.0
SKU01366,2,0,108.0,86.5,0.0
SKU01367,1,0,77.0,80.0,0.0
SKU01369,1,0,141.0,74.0,0.0
SKU01372,1,0,31.0,83.0,0.0
SKU01373,1,0,28.0,36.0,0.0
SKU01374,3,0,33.0,42.333333333333336,0.0
SKU01375,2,0,92.5,65.5,0.0
SKU01376,1,0,154.0,83.0,0.0
SKU01377,1,0,43.0,41.0,0.0
SKU01378,1,0,50.0,99.0,0.0
SKU01379,1,0,264.0,99.0,0.0
SKU01382,2,0,129.5,79.5,0.0
SKU01383,3,0,97.33333333333333,67.66666666666667,0.0
SKU01384,1,0,131.0,84.0,0.0
SKU01385,1,0,67.0,50.0,0.0
SKU01386,3,0,117.33333333333333,78.66666666666667,0.0
SKU01387,3,0,67.66666666666667,50.0,0.0
SKU01388,1,0,10.0,27.0,0.0
SKU01389,5,0,94.8,65.2,0.0
SKU01390,3,0,102.33333333333333,50.666666666666664,0.0
SKU01391,1,0,14.0,66.0,0.0
SKU01392,16,0,300.5,69.625,0.0
SKU01393,2,0,128.5,74.5,0.0
SKU01394,2,0,47.0,42.0,0.0
SKU01395,4,0,66.75,54.5,0.0
SKU01396,29,0,287.9310344827586,62.06896551724138,0.0
SKU01397,1,0,54.0,33.0,0.0
SKU01398,4,0,43.75,80.0,0.0
SKU01399,3,0,74.66666666666667,44.666666666666664,0.0
SKU01401,5,0,174.8,73.4,0.0
SKU01402,3,0,194.66666666666666,89.33333333333333,0.0
SKU01403,4,0,50.5,45.25,0.0
SKU01404,2,0,23.5,23.5,0.0
SKU01405,7,0,78.57142857142857,44.0,0.0
SKU01406,2,0,61.0,69.0,0.0
SKU01407,28,0,284.32142857142856,61.964285714285715,0.0
SKU01411,2,0,58.0,34.5,0.0
SKU01412,1,0,158.0,93.0,0.0
SKU01413,15,0,279.6666666666667,57.06666666666667,0.0
SKU01415,3,0,120.33333333333333,83.33333333333333,0.0
SKU01416,3,0,71.0,58.333333333333336,0.0
SKU01417,1,0,101.0,34.0,0.0
SKU01418,2,0,47.5,48.0,0.0
SKU01419,1,0,94.0,58.0,0.0
SKU01421,1,0,23.0,27.0,0.0
SKU01422,3,0,55.666666666666664,72.33333333333333,0.0
SKU01423,30,0,290.06666666666666,61.93333333333333,0.0
SKU01424,1,0,6.0,50.0,0.0
SKU01425,4,0,86.75,65.75,0.0
SKU01427,1,0,22.0,75.0,0.0
SKU01428,27,0,277.22222222222223,59.81481481481482,0.0
SKU01429,4,0,84.75,46.75,0.0
SKU01430,3,0,79.33333333333333,37.333333333333336,0.0
SKU01431,1,0,171.0,81.0,0.0
SKU01433,30,0,280.03333333333336,63.06666666666667,0.0
SKU01434,3,0,132.33333333333334,82.33333333333333,0.0
SKU01436,1,0,77.0,56.0,0.0
SKU01437,4,0,92.5,53.0,0.0
SKU01439,2,0,78.0,35.5,0.0
SKU01440,2,0,40.5,38.0,0.0
SKU01441,23,0,287.8695652173913,63.21739130434783,0.0
SKU01442,2,0,47.0,45.0,0.0
SKU01443,1,0,155.0,79.0,0.0
SKU01444,4,0,103.75,51.0,0.0
SKU01445,2,0,162.5,80.5,0.0
SKU01446,3,0,47.666666666666664,70.66666666666667,0.0
SKU01450,3,0,30.333333333333332,41.0,0.0
SKU01451,3,0,90.33333333333333,53.666666666666664,0.0
SKU01452,2,0,57.5,36.0,0.0
SKU01453,4,0,88.75,37.75,0.0
SKU01454,3,0,45.333333333333336,34.666666666666664,0.0
SKU01455,5,0,84.6,76.4,0.0
SKU01456,6,0,67.33333333333333,50.333333333333336,0.0
SKU01457,21,0,242.42857142857142,56.80952380952381,0.0
SKU01458,1,0,212.0,85.0,0.0
SKU01459,3,0,112.33333333333333,62.333333333333336,0.0
SKU01460,3,0,190.33333333333334,73.33333333333333,0.0
SKU01461,2,0,61.5,69.5,0.0
SKU01462,1,0,168.0,85.0,0.0
SKU01463,1,0,151.0,54.0,0.0
SKU01464,1,0,52.0,55.0,0.0
SKU01465,2,0,116.5,64.0,0.0
SKU01467,2,0,102.5,58.5,0.0
SKU01468,4,0,122.5,83.5,0.0
SKU01469,3,0,126.66666666666667,63.333333333333336,0.0
SKU01470,2,0,137.0,67.0,0.0
SKU01471,2,0,186.5,77.5,0.0
SKU01472,4,0,152.75,69.25,0.0
SKU01473,3,0,58.666666666666664,41.666666666666664,0.0
SKU01476,1,0,121.0,43.0,0.0
SKU01477,1,0,68.0,40.0,0.0
SKU01479,3,0,110.0,79.66666666666667,0.0
SKU01480,1,0,48.0,60.0,0.0
SKU01481,4,0,68.25,59.75,0.0
SKU01483,2,0,148.5,75.0,0.0
SKU01484,1,0,6.0,100.0,0.0
SKU01486,2,0,82.0,68.0,0.0
SKU01487,1,0,76.0,47.0,0.0
SKU01488,2,0,63.5,24.5,0.0
SKU01489,1,0,56.0,74.0,0.0
SKU01490,1,0,211.0,74.0,0.0
SKU01491,1,0,137.0,81.0,0.0
SKU01492,4,0,126.0,70.25,0.0
SKU01493,3,0,61.666666666666664,69.33333333333333,0.0
SKU01494,6,0,103.83333333333333,65.66666666666667,0.0
SKU01495,26,0,238.53846153846155,53.73076923076923,0.0
SKU01496,1,0,281.0,98.0,0.0
SKU01498,2,0,98.0,62.0,0.0
SKU01500,1,0,102.0,48.0,0.0
SKU01501,2,0,82.0,41.5,0.0
SKU01502,2,0,176.0,74.0,0.0
SKU01503,1,0,61.0,96.0,0.0
SKU01504,1,0,22.0,51.0,0.0
SKU01505,1,0,237.0,80.0,0.0
SKU01506,3,0,84.66666666666667,82.66666666666667,0.0
SKU01508,2,0,83.5,47.5,0.0
SKU01509,2,0,84.0,43.0,0.0
SKU01510,1,0,67.0,38.0,0.0
SKU01512,4,0,98.75,58.5,0.0
SKU01513,3,0,32.0,74.33333333333333,0.0
SKU01514,4,0,127.25,64.25,0.0
SKU01515,3,0,79.0,61.0,0.0
SKU01516,4,0,96.5,61.75,0.0
SKU01517,2,0,55.0,70.0,0.0
SKU01518,5,0,115.0,71.4,0.0
SKU01519,5,0,107.2,69.4,0.0
SKU01520,4,0,69.25,57.75,0.0
SKU01521,2,0,105.0,98.0,0.0
SKU01523,2,0,127.0,55.5,0.0
SKU01524,3,0,62.666666666666664,42.333333333333336,0.0
SKU01525,1,0,40.0,27.0,0.0
SKU01526,2,0,149.5,69.0,0.0
SKU01528,1,0,105.0,70.0,0.0
SKU01529,5,0,69.8,44.8,0.0
SKU01530,1,0,91.0,53.0,0.0
SKU01531,2,0,46.0,46.0,0.0
SKU01532,1,0,28.0,24.0,0.0
SKU01533,4,0,46.25,61.0,0.0
SKU01534,2,0,247.5,86.0,0.0
SKU01535,1,0,154.0,81.0,0.0
SKU01536,2,0,128.5,72.5,0.0
SKU01537,1,0,13.0,61.0,0.0
SKU01538,29,0,307.8965517241379,65.24137931034483,0.0
SKU01539,2,0,65.0,61.0,0.0
SKU01540,2,0,100.5,54.0,0.0
SKU01542,30,0,309.6,66.16666666666667,0.0
SKU01543,4,0,90.0,62.0,0.0
SKU01544,2,0,32.0,21.0,0.0
SKU01545,3,0,136.33333333333334,67.0,0.0
SKU01546,2,0,17.5,63.0,0.0
SKU01548,2,0,53.0,65.5,0.0
SKU01549,4,0,79.25,57.75,0.0
SKU01550,4,0,98.5,47.75,0.0
SKU01551,2,0,137.5,70.5,0.0
SKU01552,2,0,70.0,92.0,0.0
SKU01553,1,0,82.0,85.0,0.0
SKU01554,4,0,110.75,69.75,0.0
SKU01555,1,0,11.0,41.0,0.0
SKU01557,1,0,46.0,69.0,0.0
SKU01558,24,0,305.625,67.33333333333333,0.0
SKU01560,1,0,64.0,33.0,0.0
SKU01561,2,0,94.5,82.5,0.0
SKU01562,2,0,40.5,47.5,0.0
SKU01564,2,0,15.0,59.5,0.0
SKU01565,1,0,37.0,52.0,0.0
SKU01567,29,0,275.41379310344826,63.6551724137931,0.0
SKU01568,27,0,275.0,64.03703703703704,0.0
SKU01569,1,0,41.0,39.0,0.0
SKU01570,3,0,131.66666666666666,67.33333333333333,0.0
SKU01571,2,0,80.0,41.5,0.0
SKU01572,1,0,199.0,69.0,0.0
SKU01573,3,0,93.33333333333333,80.66666666666667,0.0
SKU01575,4,0,63.5,56.5,0.0
SKU01576,1,0,25.0,97.0,0.0
SKU01577,1,0,35.0,88.0,0.0
SKU01579,2,0,26.0,53.0,0.0
SKU01580,17,0,302.3529411764706,66.47058823529412,0.0
SKU01581,2,0,106.0,60.5,0.0
SKU01582,27,0,282.44444444444446,62.25925925925926,0.0
SKU01585,2,0,130.5,67.5,0.0
SKU01586,2,0,93.5,37.0,0.0
SKU01587,2,0,133.0,66.5,0.0
SKU01589,3,0,154.0,85.66666666666667,0.0
SKU01590,6,0,73.0,66.5,0.0
SKU01591,2,0,37.5,39.5,0.0
SKU01592,24,0,283.5833333333333,59.75,0.0
SKU01593,1,0,230.0,81.0,0.0
SKU01595,4,0,127.5,63.75,0.0
SKU01596,5,0,62.2,50.8,0.0
SKU01597,1,0,49.0,34.0,0.0
SKU01599,3,0,142.0,72.66666666666667,0.0
SKU01600,3,0,91.0,50.0,0.0
SKU01601,2,0,63.5,40.5,0.0
SKU01602,4,0,123.25,76.0,0.0
SKU01604,1,0,87.0,75.0,0.0
SKU01605,30,0,263.1666666666667,62.03333333333333,0.0
SKU01606,4,0,94.0,72.25,0.0
SKU01607,1,0,113.0,72.0,0.0
SKU01608,4,0,104.0,56.5,0.0
SKU01609,3,0,170.66666666666666,89.66666666666667,0.0
SKU01610,3,0,88.0,40.0,0.0
SKU01611,2,0,188.0,79.0,0.0
SKU01612,1,0,52.0,36.0,0.0
SKU01614,1,0,107.0,40.0,0.0
SKU01615,1,0,5.0,58.0,0.0
SKU01616,2,0,51.0,27.0,0.0
SKU01617,3,0,64.66666666666667,88.0,0.0
SKU01618,1,0,233.0,82.0,0.0
SKU01619,3,0,105.0,79.66666666666667,0.0
SKU01621,3,0,118.66666666666667,75.66666666666667,0.0
SKU01623,2,0,167.5,61.0,0.0
SKU01624,4,0,83.75,46.75,0.0
SKU01625,2,0,104.5,40.5,0.0
SKU01626,2,0,79.0,48.0,0.0
SKU01627,1,0,5.0,23.0,0.0
SKU01628,2,0,89.5,71.0,0.0
SKU01629,4,0,171.5,76.25,0.0
SKU01630,2,0,53.5,56.0,0.0
SKU01631,2,0,118.0,55.5,0.0
SKU01632,3,0,66.33333333333333,71.0,0.0
SKU01633,3,0,100.33333333333333,66.33333333333333,0.0
SKU01634,2,0,156.5,64.5,0.0
SKU01635,2,0,75.5,56.0,0.0
SKU01636,1,0,77.0,87.0,0.0
SKU01637,4,0,82.25,58.75,0.0
SKU01638,2,0,139.5,55.5,0.0
SKU01639,3,0,142.33333333333334,61.666666666666664,0.0
SKU01640,1,0,81.0,31.0,0.0
SKU01641,1,0,41.0,22.0,0.0
SKU01642,3,0,54.333333333333336,61.666666666666664,0.0
SKU01644,4,0,102.0,53.0,0.0
SKU01645,25,0,304.32,68.56,0.0
SKU01646,3,0,150.0,91.33333333333333,0.0
SKU01647,2,0,140.0,56.0,0.0
SKU01648,1,0,198.0,81.0,0.0
SKU01649,29,0,309.2758620689655,67.62068965517241,0.0
SKU01650,5,0,105.0,56.8,0.0
SKU01651,27,0,273.8888888888889,57.77777777777778,0.0
SKU01652,2,0,23.5,51.0,0.0
SKU01653,2,0,83.5,40.0,0.0
SKU01655,1,0,135.0,76.0,0.0
SKU01656,1,0,61.0,50.0,0.0
SKU01657,3,0,94.0,57.666666666666664,0.0
SKU01659,5,0,78.6,46.8,0.0
SKU01660,2,0,114.0,81.5,0.0
SKU01663,2,0,35.0,47.5,0.0
SKU01665,2,0,93.0,70.0,0.0
SKU01666,2,0,121.0,60.5,0.0
SKU01667,3,0,200.0,85.66666666666667,0.0
SKU01668,4,0,45.5,59.25,0.0
SKU01669,2,0,112.5,61.0,0.0
SKU01670,1,0,110.0,97.0,0.0
SKU01671,4,0,63.75,54.75,0.0
SKU01672,3,0,117.0,57.333333333333336,0.0
SKU01673,1,0,85.0,53.0,0.0
SKU01674,27,0,246.4814814814815,54.7037037037037,0.0
SKU01675,29,0,251.27586206896552,58.206896551724135,0.0
SKU01676,1,0,87.0,40.0,0.0
SKU01678,27,0,295.48148148148147,66.4074074074074,0.0
SKU01679,3,0,93.0,55.333333333333336,0.0
SKU01681,3,0,25.333333333333332,52.666666666666664,0.0
SKU01682,4,0,84.0,58.75,0.0
SKU01683,1,0,249.0,85.0,0.0
SKU01684,25,0,232.12,51.12,0.0
SKU01686,1,0,38.0,41.0,0.0
SKU01688,2,0,8.5,27.0,0.0
SKU01689,3,0,140.66666666666666,80.33333333333333,0.0
SKU01690,2,0,93.5,56.0,0.0
SKU01691,2,0,120.0,58.0,0.0
SKU01692,2,0,41.0,31.5,0.0
SKU01693,3,0,120.33333333333333,68.0,0.0
SKU01694,1,0,209.0,81.0,0.0
SKU01695,5,0,63.6,57.4,0.0
SKU01696,30,0,273.2,61.6,0.0
SKU01697,3,0,61.666666666666664,36.666666666666664,0.0
SKU01698,2,0,41.5,60.0,0.0
SKU01699,2,0,81.0,87.0,0.0
SKU01700,1,0,92.0,63.0,0.0
SKU01701,2,0,66.0,65.5,0.0
SKU01702,3,0,67.33333333333333,65.33333333333333,0.0
SKU01704,2,0,232.5,93.0,0.0
SKU01705,1,0,89.0,94.0,0.0
SKU01706,1,0,156.0,73.0,0.0
SKU01707,1,0,71.0,25.0,0.0
SKU01708,3,0,125.33333333333333,57.333333333333336,0.0
SKU01710,1,0,56.0,22.0,0.0
SKU01712,3,0,109.66666666666667,62.333333333333336,0.0
SKU01713,3,0,56.0,55.333333333333336,0.0
SKU01714,2,0,49.5,59.5,0.0
SKU01715,2,0,166.5,93.0,0.0
SKU01716,3,0,116.33333333333333,67.66666666666667,0.0
SKU01717,20,0,256.3,58.05,0.0
SKU01718,2,0,33.5,72.0,0.0
SKU01719,1,0,287.0,97.0,0.0
SKU01720,2,0,94.0,63.5,0.0
SKU01721,1,0,82.0,87.0,0.0
SKU01722,1,0,72.0,25.0,0.0
SKU01723,2,0,127.0,53.5,0.0
SKU01724,1,0,91.0,34.0,0.0
SKU01725,3,0,49.333333333333336,49.0,0.0
SKU01726,2,0,75.5,34.0,0.0
SKU01727,1,0,132.0,64.0,0.0
SKU01728,2,0,45.5,50.5,0.0
SKU01729,4,0,121.5,56.75,0.0
SKU01730,2,0,65.5,44.0,0.0
SKU01731,1,0,102.0,50.0,0.0
SKU01732,3,0,72.0,65.33333333333333,0.0
SKU01733,17,0,244.76470588235293,56.705882352941174,0.0
SKU01734,4,0,115.5,55.25,0.0
SKU01735,2,0,165.5,64.5,0.0
SKU01736,2,0,3.0,48.5,0.0
SKU01738,1,0,96.0,64.0,0.0
SKU01739,1,0,158.0,99.0,0.0
SKU01740,2,0,73.0,54.5,0.0
SKU01741,2,0,110.0,64.0,0.0
SKU01742,2,0,64.0,43.5,0.0
SKU01743,1,0,221.0,84.0,0.0
SKU01744,2,0,76.0,45.5,0.0
SKU01745,3,0,61.0,58.666666666666664,0.0
SKU01746,3,0,123.0,61.666666666666664,0.0
SKU01747,2,0,131.0,72.0,0.0
SKU01748,3,0,120.33333333333333,61.333333333333336,0.0
SKU01750,1,0,115.0,56.0,0.0
SKU01752,2,0,53.5,92.0,0.0
SKU01753,1,0,96.0,40.0,0.0
SKU01754,29,0,254.48275862068965,55.3448275862069,0.0
SKU01755,1,0,187.0,98.0,0.0
SKU01756,6,0,145.33333333333334,68.0,0.0
SKU01757,3,0,75.33333333333333,72.66666666666667,0.0
SKU01758,1,0,112.0,65.0,0.0
SKU01759,1,0,1.0,31.0,0.0
SKU01760,2,0,58.5,59.5,0.0
SKU01761,1,0,67.0,99.0,0.0
SKU01762,24,0,256.6666666666667,58.083333333333336,0.0
SKU01764,2,0,161.0,57.0,0.0
SKU01766,28,0,260.07142857142856,65.14285714285714,0.0
SKU01767,1,0,109.0,60.0,0.0
SKU01768,2,0,78.5,37.5,0.0
SKU01769,2,0,123.0,53.5,0.0
SKU01770,30,0,282.3333333333333,63.63333333333333,0.0
SKU01771,2,0,45.5,45.0,0.0
SKU01772,2,0,133.0,68.0,0.0
SKU01773,2,0,19.5,42.5,0.0
SKU01774,3,0,80.0,48.0,0.0
SKU01776,2,0,181.0,76.0,0.0
SKU01777,4,0,43.75,49.0,0.0
SKU01778,2,0,100.5,66.5,0.0
SKU01779,1,0,216.0,73.0,0.0
SKU01781,30,0,247.5,52.666666666666664,0.0
SKU01782,1,0,169.0,99.0,0.0
SKU01783,2,0,71.5,57.5,0.0
SKU01785,1,0,87.0,90.0,0.0
SKU01786,4,0,40.0,58.0,0.0
SKU01788,2,0,82.5,44.0,0.0
SKU01790,18,0,287.55555555555554,68.22222222222223,0.0
SKU01791,2,0,49.0,65.5,0.0
SKU01792,29,0,278.37931034482756,58.793103448275865,0.0
SKU01793,4,0,84.25,74.0,0.0
SKU01794,1,0,74.0,88.0,0.0
SKU01795,1,0,14.0,61.0,0.0
SKU01796,1,0,73.0,47.0,0.0
SKU01797,2,0,97.0,46.0,0.0
SKU01798,2,0,110.5,55.0,0.0
SKU01799,2,0,20.5,38.5,0.0
SKU01800,1,0,45.0,64.0,0.0
SKU01801,2,0,56.0,41.5,0.0
SKU01802,3,0,87.0,58.0,0.0
SKU01803,29,0,254.55172413793105,60.6551724137931,0.0
SKU01804,4,0,58.25,42.75,0.0
SKU01805,27,0,329.48148148148147,70.22222222222223,0.0
SKU01807,1,0,86.0,37.0,0.0
SKU01808,4,0,99.75,58.25,0.0
SKU01809,1,0,1.0,44.0,0.0
SKU01810,2,0,110.0,87.5,0.0
SKU01811,1,0,65.0,49.0,0.0
SKU01812,2,0,31.5,44.5,0.0
SKU01814,2,0,30.5,36.5,0.0
SKU01815,2,0,22.0,45.5,0.0
SKU01816,1,0,54.0,22.0,0.0
SKU01817,3,0,145.33333333333334,71.66666666666667,0.0
SKU01818,27,0,260.7037037037037,58.074074074074076,0.0
SKU01819,3,0,81.66666666666667,73.66666666666667,0.0
SKU01820,2,0,167.5,75.5,0.0
SKU01821,1,0,87.0,61.0,0.0
SKU01822,29,0,302.9655172413793,65.20689655172414,0.0
SKU01823,2,0,108.0,69.5,0.0
SKU01824,1,0,164.0,59.0,0.0
SKU01825,3,0,62.333333333333336,47.0,0.0
SKU01826,1,0,43.0,37.0,0.0
SKU01827,28,0,272.07142857142856,60.857142857142854,0.0
SKU01828,19,0,289.05263157894734,65.36842105263158,0.0
SKU01829,2,0,72.5,56.0,0.0
SKU01830,25,0,273.0,57.52,0.0
SKU01831,1,0,2.0,43.0,0.0
SKU01832,2,0,156.5,62.0,0.0
SKU01833,3,0,73.66666666666667,39.333333333333336,0.0
SKU01834,30,0,281.53333333333336,62.43333333333333,0.0
SKU01835,3,0,81.33333333333333,55.0,0.0
SKU01836,2,0,63.0,33.5,0.0
SKU01838,2,0,187.0,82.0,0.0
SKU01839,1,0,34.0,67.0,0.0
SKU01840,2,0,172.0,81.5,0.0
SKU01841,4,0,89.0,57.25,0.0
SKU01844,3,0,76.33333333333333,69.0,0.0
SKU01845,2,0,99.0,45.0,0.0
SKU01846,4,0,72.5,52.5,0.0
SKU01847,1,0,92.0,45.0,0.0
SKU01848,1,0,59.0,98.0,0.0
SKU01849,3,0,67.0,72.0,0.0
SKU01850,1,0,41.0,64.0,0.0
SKU01851,20,0,251.8,56.4,0.0
SKU01853,1,0,27.0,40.0,0.0
SKU01854,30,0,280.5,62.666666666666664,0.0
SKU01855,1,0,26.0,52.0,0.0
SKU01856,3,0,98.33333333333333,53.666666666666664,0.0
SKU01857,21,0,248.52380952380952,57.19047619047619,0.0
SKU01859,3,0,140.33333333333334,71.0,0.0
SKU01860,1,0,28.0,67.0,0.0
SKU01861,4,0,104.25,60.5,0.0
SKU01862,5,0,80.4,51.8,0.0
SKU01863,25,0,236.52,54.12,0.0
SKU01864,1,0,130.0,59.0,0.0
SKU01865,4,0,89.75,56.25,0.0
SKU01867,2,0,204.5,76.5,0.0
SKU01868,2,0,137.0,63.5,0.0
SKU01869,3,0,95.33333333333333,49.666666666666664,0.0
SKU01870,1,0,152.0,94.0,0.0
SKU01871,1,0,40.0,95.0,0.0
SKU01872,2,0,78.5,45.5,0.0
SKU01874,27,0,244.66666666666666,53.111111111111114,0.0
SKU01875,4,0,92.5,42.0,0.0
SKU01876,2,0,47.5,41.5,0.0
SKU01877,17,0,213.05882352941177,50.35294117647059,0.0
SKU01878,2,0,59.0,76.5,0.0
SKU01879,2,0,223.5,89.0,0.0
SKU01880,26,0,270.2307692307692,58.53846153846154,0.0
SKU01881,2,0,147.5,61.0,0.0
SKU01882,2,0,65.0,60.0,0.0
SKU01883,2,0,152.5,73.0,0.0
SKU01885,5,0,38.6,44.8,0.0
SKU01886,2,0,48.0,33.0,0.0
SKU01887,3,0,64.0,45.666666666666664,0.0
SKU01888,4,0,44.75,62.0,0.0
SKU01889,5,0,42.6,45.8,0.0
SKU01891,4,0,140.5,55.5,0.0
SKU01892,2,0,31.0,91.0,0.0
SKU01893,3,0,86.33333333333333,55.0,0.0
SKU01895,3,0,153.0,76.0,0.0
SKU01896,2,0,75.5,68.5,0.0
SKU01897,2,0,178.0,78.5,0.0
SKU01898,2,0,86.5,69.0,0.0
SKU01899,2,0,76.0,59.5,0.0
SKU01900,6,0,116.83333333333333,59.166666666666664,0.0
SKU01901,2,0,115.5,65.0,0.0
SKU01902,4,0,72.75,47.75,0.0
SKU01903,25,0,303.24,64.2,0.0
SKU01904,2,0,82.5,42.5,0.0
SKU01905,6,0,73.0,61.0,0.0
SKU01906,22,0,262.27272727272725,56.40909090909091,0.0
SKU01908,2,0,53.0,23.0,0.0
SKU01909,4,0,20.75,36.75,0.0
SKU01911,30,0,257.76666666666665,58.833333333333336,0.0
SKU01912,2,0,46.0,67.5,0.0
SKU01913,2,0,38.0,51.0,0.0
SKU01914,1,0,132.0,95.0,0.0
SKU01915,29,0,285.6896551724138,62.3448275862069,0.0
SKU01916,2,0,162.0,80.0,0.0
SKU01917,3,0,88.0,62.666666666666664,0.0
SKU01918,1,0,166.0,56.0,0.0
SKU01919,27,0,271.22222222222223,62.74074074074074,0.0
SKU01920,3,0,69.0,65.0,0.0
SKU01921,3,0,52.666666666666664,36.333333333333336,0.0
SKU01922,1,0,62.0,26.0,0.0
SKU01923,4,0,154.75,94.0,0.0
SKU01924,1,0,68.0,26.0,0.0
SKU01925,3,0,8.333333333333334,35.333333333333336,0.0
SKU01927,1,0,21.0,22.0,0.0
SKU01928,2,0,77.5,87.0,0.0
SKU01930,3,0,39.0,60.333333333333336,0.0
SKU01931,2,0,55.0,39.0,0.0
SKU01932,1,0,98.0,36.0,0.0
SKU01933,2,0,52.0,76.0,0.0
SKU01934,3,0,144.66666666666666,76.0,0.0
SKU01935,1,0,19.0,40.0,0.0
SKU01936,1,0,101.0,79.0,0.0
SKU01937,2,0,119.5,52.5,0.0
SKU01938,2,0,80.0,55.5,0.0
SKU01939,23,0,267.04347826086956,63.608695652173914,0.0
SKU01940,2,0,154.0,58.0,0.0
SKU01941,1,0,98.0,36.0,0.0
SKU01942,3,0,69.33333333333333,49.0,0.0
SKU01943,4,0,37.5,49.25,0.0
SKU01944,3,0,151.66666666666666,63.666666666666664,0.0
SKU01945,4,0,76.5,60.5,0.0
SKU01946,1,0,146.0,62.0,0.0
SKU01947,2,0,124.0,63.0,0.0
SKU01948,2,0,74.0,49.5,0.0
SKU01949,5,0,130.4,71.8,0.0
SKU01950,4,0,120.0,64.75,0.0
SKU01951,2,0,56.0,61.0,0.0
SKU01952,1,0,80.0,67.0,0.0
SKU01953,2,0,144.0,74.5,0.0
SKU01954,1,0,102.0,65.0,0.0
SKU01955,5,0,103.6,70.6,0.0
SKU01956,1,0,148.0,64.0,0.0
SKU01958,1,0,67.0,65.0,0.0
SKU01960,1,0,127.0,85.0,0.0
SKU01962,4,0,100.75,71.75,0.0
SKU01963,2,0,147.5,91.0,0.0
SKU01964,1,0,125.0,67.0,0.0
SKU01965,1,0,18.0,83.0,0.0
SKU01966,1,0,158.0,88.0,0.0
SKU01967,2,0,140.0,83.0,0.0
SKU01968,3,0,51.666666666666664,53.0,0.0
SKU01969,1,0,195.0,73.0,0.0
SKU01970,29,0,271.2758620689655,61.13793103448276,0.0
SKU01971,29,0,262.44827586206895,62.172413793103445,0.0
SKU01972,1,0,183.0,66.0,0.0
SKU01974,3,0,45.0,36.0,0.0
SKU01975,1,0,51.0,26.0,0.0
SKU01976,3,0,73.33333333333333,82.0,0.0
SKU01977,3,0,106.33333333333333,70.66666666666667,0.0
SKU01978,1,0,180.0,70.0,0.0
SKU01979,1,0,75.0,48.0,0.0
SKU01981,29,0,302.9310344827586,63.51724137931034,0.0
SKU01982,2,0,118.0,61.5,0.0
SKU01983,1,0,192.0,78.0,0.0
SKU01984,2,0,81.5,59.0,0.0
SKU01986,18,0,248.0,57.333333333333336,0.0
SKU01987,1,0,11.0,23.0,0.0
SKU01989,4,0,105.25,45.75,0.0
SKU01990,1,0,44.0,35.0,0.0
SKU01992,1,0,75.0,45.0,0.0
SKU01994,3,0,124.66666666666667,61.333333333333336,0.0
SKU01995,2,0,108.0,40.5,0.0
SKU01996,2,0,34.0,79.0,0.0
SKU01997,2,0,121.5,47.0,0.0
SKU01999,1,0,69.0,40.0,0.0
SKU02000,3,0,108.33333333333333,71.33333333333333,0.0
SKU02001,2,0,146.5,62.0,0.0
SKU02002,1,0,76.0,32.0,0.0
SKU02004,1,0,82.0,42.0,0.0
SKU02005,1,0,66.0,47.0,0.0
SKU02007,3,0,136.33333333333334,72.66666666666667,0.0
SKU02009,2,0,38.5,93.5,0.0
SKU02010,4,0,110.25,61.0,0.0
SKU02011,2,0,140.0,68.5,0.0
SKU02012,1,0,138.0,93.0,0.0
SKU02013,2,0,61.5,62.5,0.0
SKU02014,29,0,289.2758620689655,63.206896551724135,0.0
SKU02015,4,0,57.0,56.5,0.0
SKU02016,5,0,25.4,57.2,0.0
SKU02017,1,0,263.0,98.0,0.0
SKU02018,2,0,159.0,63.0,0.0
SKU02019,1,0,17.0,22.0,0.0
SKU02020,2,0,81.5,42.0,0.0
SKU02021,2,0,61.0,69.0,0.0
SKU02022,2,0,41.0,62.5,0.0
SKU02023,1,0,84.0,33.0,0.0
SKU02024,1,0,147.0,99.0,0.0
SKU02025,3,0,85.0,57.666666666666664,0.0
SKU02026,1,0,26.0,35.0,0.0
SKU02027,1,0,26.0,67.0,0.0
SKU02028,2,0,105.5,57.0,0.0
SKU02029,5,0,83.6,38.2,0.0
SKU02030,2,0,111.0,93.5,0.0
SKU02032,1,0,290.0,98.0,0.0
SKU02033,1,0,46.0,87.0,0.0
SKU02034,2,0,42.0,39.0,0.0
SKU02035,1,0,106.0,46.0,0.0
SKU02037,3,0,47.666666666666664,44.333333333333336,0.0
SKU02038,27,0,244.07407407407408,58.25925925925926,0.0
SKU02039,2,0,86.5,56.0,0.0
SKU02040,3,0,33.0,71.33333333333333,0.0
SKU02042,3,0,84.0,54.0,0.0
SKU02044,2,0,99.5,70.0,0.0
SKU02045,1,0,76.0,26.0,0.0
SKU02047,2,0,181.0,88.5,0.0
SKU02048,4,0,100.0,62.5,0.0
SKU02050,2,0,45.0,88.5,0.0
SKU02051,3,0,34.333333333333336,73.66666666666667,0.0
SKU02052,3,0,98.66666666666667,52.666666666666664,0.0
SKU02053,2,0,69.0,31.0,0.0
SKU02054,2,0,63.0,40.0,0.0
SKU02055,24,0,243.875,56.041666666666664,0.0
SKU02056,1,0,105.0,41.0,0.0
SKU02057,26,0,277.84615384615387,59.96153846153846,0.0
SKU02058,1,0,166.0,92.0,0.0
SKU02061,1,0,62.0,26.0,0.0
SKU02062,1,0,63.0,39.0,0.0
SKU02063,3,0,127.33333333333333,75.0,0.0
SKU02064,30,0,253.7,56.93333333333333,0.0
SKU02065,4,0,81.5,62.25,0.0
SKU02067,4,0,38.75,48.25,0.0
SKU02070,19,0,240.21052631578948,53.473684210526315,0.0
SKU02071,4,0,91.25,71.25,0.0
SKU02072,1,0,236.0,94.0,0.0
SKU02073,1,0,4.0,82.0,0.0
SKU02074,1,0,82.0,62.0,0.0
SKU02075,18,0,253.16666666666666,57.77777777777778,0.0
SKU02076,1,0,30.0,51.0,0.0
SKU02077,1,0,4.0,31.0,0.0
SKU02078,1,0,228.0,98.0,0.0
SKU02080,3,0,54.333333333333336,38.0,0.0
SKU02081,2,0,46.0,43.0,0.0
SKU02082,2,0,36.5,48.5,0.0
SKU02083,2,0,44.5,59.5,0.0
SKU02084,2,0,119.5,63.0,0.0
SKU02085,4,0,106.75,43.75,0.0
SKU02087,2,0,79.5,85.0,0.0
SKU02089,2,0,81.5,46.5,0.0
SKU02090,5,0,142.4,72.2,0.0
SKU02091,4,0,139.25,72.0,0.0
SKU02092,2,0,190.0,86.5,0.0
SKU02093,2,0,133.5,54.0,0.0
SKU02094,19,0,238.05263157894737,55.1578947368421,0.0
SKU02095,1,0,235.0,87.0,0.0
SKU02096,2,0,30.5,67.5,0.0
SKU02097,2,0,28.5,36.5,0.0
SKU02099,4,0,97.0,59.5,0.0
SKU02100,4,0,117.25,49.75,0.0
SKU02101,1,0,70.0,84.0,0.0
SKU02103,26,0,255.76923076923077,58.15384615384615,0.0
SKU02104,27,0,271.55555555555554,63.96296296296296,0.0
SKU02105,3,0,72.66666666666667,59.333333333333336,0.0
SKU02106,3,0,14.666666666666666,27.0,0.0
SKU02107,5,0,69.0,52.8,0.0
SKU02108,1,0,115.0,52.0,0.0
SKU02109,3,0,16.333333333333332,68.0,0.0
SKU02110,4,0,74.25,39.25,0.0
SKU02111,1,0,35.0,62.0,0.0
SKU02112,30,0,282.6333333333333,59.63333333333333,0.0
SKU02113,1,0,175.0,98.0,0.0
SKU02114,26,0,231.07692307692307,58.0,0.0
SKU02115,4,0,178.25,68.25,0.0
SKU02116,3,0,88.33333333333333,57.333333333333336,0.0
SKU02117,1,0,81.0,100.0,0.0
SKU02118,1,0,1.0,33.0,0.0
SKU02119,1,0,43.0,42.0,0.0
SKU02120,3,0,50.333333333333336,86.0,0.0
SKU02121,2,0,25.0,80.0,0.0
SKU02123,2,0,132.5,79.5,0.0
SKU02124,1,0,126.0,57.0,0.0
SKU02125,1,0,109.0,48.0,0.0
SKU02126,1,0,69.0,52.0,0.0
SKU02127,1,0,2.0,59.0,0.0
SKU02128,21,0,219.38095238095238,50.285714285714285,0.0
SKU02129,30,0,284.6,64.3,0.0
SKU02130,3,0,53.333333333333336,75.0,0.0
SKU02131,1,0,173.0,84.0,0.0
SKU02132,3,0,48.666666666666664,62.333333333333336,0.0
SKU02133,1,0,56.0,41.0,0.0
SKU02134,1,0,116.0,60.0,0.0
SKU02135,1,0,144.0,79.0,0.0
SKU02136,3,0,53.333333333333336,61.666666666666664,0.0
SKU02137,1,0,179.0,69.0,0.0
SKU02138,2,0,87.5,65.5,0.0
SKU02139,1,0,207.0,89.0,0.0
SKU02140,1,0,94.0,58.0,0.0
SKU02142,22,0,247.72727272727272,58.09090909090909,0.0
SKU02143,3,0,63.666666666666664,60.666666666666664,0.0
SKU02144,1,0,83.0,36.0,0.0
SKU02145,5,0,76.2,57.4,0.0
SKU02146,1,0,13.0,67.0,0.0
SKU02147,2,0,49.5,45.5,0.0
SKU02148,3,0,100.33333333333333,56.333333333333336,0.0
SKU02149,3,0,83.33333333333333,64.66666666666667,0.0
SKU02150,1,0,23.0,26.0,0.0
SKU02151,3,0,73.0,77.33333333333333,0.0
SKU02152,1,0,88.0,88.0,0.0
SKU02153,2,0,175.5,79.5,0.0
SKU02154,4,0,120.25,82.5,0.0
SKU02156,6,0,81.66666666666667,58.666666666666664,0.0
SKU02157,1,0,78.0,47.0,0.0
SKU02159,1,0,86.0,42.0,0.0
SKU02160,1,0,137.0,47.0,0.0
SKU02161,1,0,206.0,69.0,0.0
SKU02162,1,0,46.0,56.0,0.0
SKU02163,1,0,282.0,96.0,0.0
SKU02164,30,0,260.8,60.3,0.0
SKU02166,3,0,53.333333333333336,58.0,0.0
SKU02167,2,0,101.0,49.0,0.0
SKU02168,1,0,183.0,80.0,0.0
SKU02169,6,0,105.66666666666667,51.833333333333336,0.0
SKU02171,3,0,119.0,66.33333333333333,0.0
SKU02172,19,0,259.1578947368421,55.10526315789474,0.0
SKU02173,1,0,216.0,94.0,0.0
SKU02175,2,0,44.0,60.0,0.0
SKU02177,1,0,163.0,70.0,0.0
SKU02178,1,0,64.0,54.0,0.0
SKU02179,4,0,121.75,74.5,0.0
SKU02180,4,0,58.0,55.75,0.0
SKU02182,1,0,80.0,56.0,0.0
SKU02183,2,0,67.0,52.0,0.0
SKU02184,3,0,77.0,54.666666666666664,0.0
SKU02185,1,0,102.0,73.0,0.0
SKU02186,1,0,92.0,54.0,0.0
SKU02187,1,0,126.0,80.0,0.0
SKU02188,1,0,67.0,46.0,0.0
SKU02189,2,0,68.5,59.5,0.0
SKU02190,1,0,156.0,84.0,0.0
SKU02191,2,0,137.0,62.0,0.0
SKU02192,4,0,101.25,50.5,0.0
SKU02193,1,0,125.0,57.0,0.0
SKU02194,26,0,230.53846153846155,52.88461538461539,0.0
SKU02195,4,0,95.5,68.0,0.0
SKU02196,2,0,100.0,56.0,0.0
SKU02197,4,0,67.25,52.5,0.0
SKU02198,3,0,8.666666666666666,44.0,0.0
SKU02199,3,0,96.0,61.0,0.0
SKU02200,1,0,114.0,72.0,0.0
SKU02201,3,0,121.33333333333333,57.0,0.0
SKU02202,1,0,16.0,38.0,0.0
SKU02204,4,0,54.75,39.0,0.0
SKU02205,30,0,238.06666666666666,56.666666666666664,0.0
SKU02206,2,0,45.5,54.5,0.0
SKU02207,3,0,71.66666666666667,50.0,0.0
SKU02208,2,0,179.0,76.5,0.0
SKU02209,28,0,276.39285714285717,59.464285714285715,0.0
SKU02210,2,0,127.5,62.5,0.0
SKU02211,28,0,275.35714285714283,61.464285714285715,0.0
SKU02213,3,0,107.0,68.66666666666667,0.0
SKU02214,2,0,43.0,64.0,0.0
SKU02216,2,0,75.0,79.0,0.0
SKU02217,30,0,247.16666666666666,57.53333333333333,0.0
SKU02218,1,0,11.0,73.0,0.0
SKU02219,3,0,21.333333333333332,38.333333333333336,0.0
SKU02220,5,0,55.8,65.6,0.0
SKU02221,26,0,276.6923076923077,57.57692307692308,0.0
SKU02222,3,0,22.0,48.666666666666664,0.0
SKU02223,16,0,261.3125,62.125,0.0
SKU02224,17,0,259.94117647058823,54.1764705882353,0.0
SKU02226,1,0,17.0,25.0,0.0
SKU02227,4,0,61.75,65.25,0.0
SKU02228,3,0,103.33333333333333,78.33333333333333,0.0
SKU02229,4,0,75.0,64.75,0.0
SKU02230,3,0,42.333333333333336,57.0,0.0
SKU02234,4,0,129.5,74.5,0.0
SKU02235,2,0,57.0,52.0,0.0
SKU02236,1,0,44.0,26.0,0.0
SKU02237,1,0,28.0,26.0,0.0
SKU02238,5,0,41.4,55.8,0.0
SKU02239,2,0,125.0,58.5,0.0
SKU02240,3,0,48.333333333333336,40.0,0.0
SKU02241,2,0,112.0,43.0,0.0
SKU02242,3,0,54.333333333333336,70.66666666666667,0.0
SKU02243,3,0,51.666666666666664,65.66666666666667,0.0
SKU02244,3,0,55.0,57.333333333333336,0.0
SKU02246,2,0,119.0,42.5,0.0
SKU02248,28,0,283.82142857142856,61.285714285714285,0.0
SKU02249,1,0,59.0,27.0,0.0
SKU02250,1,0,23.0,72.0,0.0
SKU02252,2,0,46.5,47.0,0.0
SKU02253,30,0,301.8666666666667,64.86666666666666,0.0
SKU02254,1,0,104.0,72.0,0.0
SKU02255,18,0,264.72222222222223,57.166666666666664,0.0
SKU02257,3,0,103.33333333333333,56.666666666666664,0.0
SKU02258,2,0,60.0,68.0,0.0
SKU02259,1,0,148.0,97.0,0.0
SKU02261,2,0,84.0,32.5,0.0
SKU02262,2,0,127.5,72.0,0.0
SKU02263,1,0,56.0,20.0,0.0
SKU02264,2,0,77.0,77.0,0.0
SKU02265,3,0,47.666666666666664,54.333333333333336,0.0
SKU02267,29,0,278.7586206896552,63.06896551724138,0.0
SKU02269,4,0,112.75,73.5,0.0
SKU02270,4,0,74.25,58.25,0.0
SKU02271,6,0,76.5,56.0,0.0
SKU02272,1,0,71.0,27.0,0.0
SKU02273,4,0,99.0,46.25,0.0
SKU02274,1,0,109.0,90.0,0.0
SKU02275,1,0,121.0,45.0,0.0
SKU02276,1,0,20.0,27.0,0.0
SKU02277,28,0,302.25,66.64285714285714,0.0
SKU02278,1,0,96.0,63.0,0.0
SKU02279,26,0,294.1923076923077,69.0,0.0
SKU02280,1,0,130.0,63.0,0.0
SKU02282,2,0,61.5,40.5,0.0
SKU02283,5,0,125.8,67.0,0.0
SKU02284,3,0,142.33333333333334,67.0,0.0
SKU02286,1,0,39.0,23.0,0.0
SKU02287,4,0,84.5,56.75,0.0
SKU02288,3,0,92.33333333333333,47.0,0.0
SKU02289,4,0,30.25,65.0,0.0
SKU02290,16,0,256.75,56.8125,0.0
SKU02292,2,0,76.0,44.5,0.0
SKU02293,2,0,140.5,73.5,0.0
SKU02295,4,0,103.0,73.25,0.0
SKU02296,3,0,99.66666666666667,49.333333333333336,0.0
SKU02297,3,0,32.333333333333336,33.666666666666664,0.0
SKU02298,4,0,109.5,66.5,0.0
SKU02299,4,0,41.0,36.75,0.0
SKU02300,2,0,73.5,40.5,0.0
SKU02301,2,0,77.5,60.0,0.0
SKU02302,28,0,308.0,64.64285714285714,0.0
SKU02303,2,0,66.0,32.5,0.0
SKU02304,2,0,199.0,86.5,0.0
SKU02305,3,0,87.33333333333333,44.666666666666664,0.0
SKU02307,3,0,90.0,70.33333333333333,0.0
SKU02308,2,0,217.5,95.0,0.0
SKU02309,2,0,33.5,48.0,0.0
SKU02310,1,0,1.0,72.0,0.0
SKU02311,5,0,135.0,75.2,0.0
SKU02312,6,0,88.16666666666667,57.666666666666664,0.0
SKU02313,3,0,103.0,76.0,0.0
SKU02314,1,0,32.0,79.0,0.0
SKU02315,2,0,145.5,69.0,0.0
SKU02316,1,0,96.0,67.0,0.0
SKU02317,3,0,88.66666666666667,51.0,0.0
SKU02318,2,0,54.5,64.0,0.0
SKU02319,2,0,123.5,70.5,0.0
SKU02320,1,0,165.0,65.0,0.0
SKU02321,1,0,205.0,71.0,0.0
SKU02323,2,0,136.5,56.0,0.0
SKU02324,2,0,14.0,57.5,0.0
SKU02325,1,0,213.0,90.0,0.0
SKU02326,3,0,42.0,76.0,0.0
SKU02327,2,0,83.5,62.5,0.0
SKU02328,2,0,13.5,43.5,0.0
SKU02329,24,0,283.125,63.375,0.0
SKU02330,4,0,99.0,63.75,0.0
SKU02331,19,0,289.0,66.78947368421052,0.0
SKU02332,3,0,52.666666666666664,39.0,0.0
SKU02334,3,0,98.33333333333333,53.666666666666664,0.0
SKU02336,3,0,41.0,61.0,0.0
SKU02337,3,0,66.66666666666667,53.0,0.0
SKU02339,1,0,71.0,41.0,0.0
SKU02341,2,0,145.0,53.5,0.0
SKU02342,2,0,68.5,64.5,0.0
SKU02343,3,0,80.66666666666667,65.66666666666667,0.0
SKU02344,2,0,35.5,40.0,0.0
SKU02345,2,0,156.0,84.5,0.0
SKU02346,1,0,203.0,91.0,0.0
SKU02347,1,0,15.0,42.0,0.0
SKU02348,1,0,3.0,22.0,0.0
SKU02349,4,0,119.25,81.0,0.0
SKU02350,2,0,152.0,62.5,0.0
SKU02351,28,0,256.32142857142856,56.392857142857146,0.0
SKU02352,2,0,109.0,57.0,0.0
SKU02353,2,0,119.5,72.5,0.0
SKU02354,1,0,174.0,71.0,0.0
SKU02356,2,0,172.5,81.0,0.0
SKU02357,5,0,90.2,55.2,0.0
SKU02358,2,0,181.5,85.5,0.0
SKU02359,1,0,266.0,100.0,0.0
SKU02360,2,0,142.0,71.0,0.0
SKU02361,2,0,102.0,66.5,0.0
SKU02362,3,0,154.0,83.0,0.0
SKU02363,2,0,121.0,70.0,0.0
SKU02364,3,0,22.666666666666668,36.666666666666664,0.0
SKU02365,18,0,272.1666666666667,67.33333333333333,0.0
SKU02367,3,0,103.66666666666667,63.0,0.0
SKU02369,1,0,39.0,31.0,0.0
SKU02370,2,0,16.0,76.5,0.0
SKU02371,2,0,66.0,54.5,0.0
SKU02373,2,0,39.5,43.5,0.0
SKU02374,2,0,113.5,66.0,0.0
SKU02375,20,0,274.05,60.85,0.0
SKU02376,28,0,298.4642857142857,67.17857142857143,0.0
SKU02377,3,0,90.0,63.333333333333336,0.0
SKU02378,2,0,57.5,87.5,0.0
SKU02379,2,0,130.5,98.0,0.0
SKU02380,3,0,121.66666666666667,63.666666666666664,0.0
SKU02382,3,0,83.0,49.0,0.0
SKU02383,1,0,173.0,68.0,0.0
SKU02384,1,0,74.0,30.0,0.0
SKU02385,2,0,36.0,36.0,0.0
SKU02386,28,0,255.42857142857142,60.67857142857143,0.0
SKU02387,30,0,241.3,57.2,0.0
SKU02388,2,0,57.0,42.5,0.0
SKU02389,3,0,80.33333333333333,67.0,0.0
SKU02390,1,0,103.0,56.0,0.0
SKU02391,1,0,137.0,75.0,0.0
SKU02392,1,0,125.0,69.0,0.0
SKU02393,2,0,76.0,51.0,0.0
SKU02394,3,0,64.0,65.33333333333333,0.0
SKU02395,1,0,121.0,65.0,0.0
SKU02396,2,0,78.5,64.0,0.0
SKU02397,3,0,118.33333333333333,51.666666666666664,0.0
SKU02398,2,0,67.5,42.0,0.0
SKU02399,2,0,113.0,59.5,0.0
SKU02402,4,0,116.5,46.5,0.0
SKU02403,2,0,110.5,55.5,0.0
SKU02404,3,0,73.0,59.0,0.0
SKU02406,5,0,91.2,55.0,0.0
SKU02407,3,0,45.666666666666664,66.66666666666667,0.0
SKU02408,25,0,271.88,57.64,0.0
SKU02409,1,0,26.0,94.0,0.0
SKU02410,4,0,177.75,83.0,0.0
SKU02412,2,0,79.0,46.0,0.0
SKU02413,3,0,158.33333333333334,83.0,0.0
SKU02414,1,0,31.0,53.0,0.0
SKU02416,3,0,62.333333333333336,46.666666666666664,0.0
SKU02417,1,0,169.0,100.0,0.0
SKU02418,2,0,33.0,46.0,0.0
SKU02419,1,0,29.0,29.0,0.0
SKU02420,2,0,52.5,26.5,0.0
SKU02421,29,0,247.0,56.206896551724135,0.0
SKU02422,1,0,151.0,55.0,0.0
SKU02423,3,0,127.33333333333333,74.33333333333333,0.0
SKU02424,2,0,163.0,93.5,0.0
SKU02425,19,0,266.63157894736844,60.26315789473684,0.0
SKU02426,1,0,139.0,79.0,0.0
SKU02427,7,0,59.857142857142854,61.857142857142854,0.0
SKU02428,4,0,83.75,60.25,0.0
SKU02429,1,0,78.0,91.0,0.0
SKU02431,1,0,121.0,45.0,0.0
SKU02432,2,0,44.5,45.0,0.0
SKU02433,5,0,38.2,61.2,0.0
SKU02434,2,0,101.5,50.0,0.0
SKU02435,2,0,59.0,25.5,0.0
SKU02436,24,0,233.625,53.5,0.0
SKU02437,1,0,165.0,63.0,0.0
SKU02438,3,0,129.66666666666666,56.333333333333336,0.0
SKU02439,4,0,88.5,46.0,0.0
SKU02440,2,0,195.5,74.5,0.0
SKU02441,1,0,112.0,45.0,0.0
SKU02442,6,0,51.166666666666664,47.0,0.0
SKU02444,2,0,52.5,96.0,0.0
SKU02445,1,0,184.0,64.0,0.0
SKU02446,27,0,275.0,60.925925925925924,0.0
SKU02447,1,0,188.0,96.0,0.0
SKU02448,4,0,156.75,80.5,0.0
SKU02450,3,0,170.33333333333334,78.0,0.0
SKU02451,1,0,218.0,80.0,0.0
SKU02452,3,0,86.33333333333333,60.666666666666664,0.0
SKU02453,1,0,12.0,22.0,0.0
SKU02454,3,0,61.666666666666664,64.33333333333333,0.0
SKU02455,4,0,120.0,52.0,0.0
SKU02456,2,0,152.5,66.0,0.0
SKU02457,3,0,70.0,64.66666666666667,0.0
SKU02458,1,0,113.0,89.0,0.0
SKU02459,1,0,218.0,88.0,0.0
SKU02461,1,0,38.0,24.0,0.0
SKU02463,25,0,286.44,62.64,0.0
SKU02464,1,0,85.0,29.0,0.0
SKU02465,3,0,65.66666666666667,66.33333333333333,0.0
SKU02466,1,0,127.0,56.0,0.0
SKU02467,2,0,95.5,77.0,0.0
SKU02469,3,0,87.66666666666667,63.0,0.0
SKU02470,1,0,101.0,72.0,0.0
SKU02471,28,0,283.2142857142857,60.392857142857146,0.0
SKU02472,30,0,252.93333333333334,60.1,0.0
SKU02473,4,0,61.5,56.75,0.0
SKU02475,3,0,78.0,65.0,0.0
SKU02476,2,0,98.5,64.0,0.0
SKU02477,1,0,33.0,43.0,0.0
SKU02478,2,0,73.0,61.0,0.0
SKU02479,1,0,29.0,100.0,0.0
SKU02481,4,0,73.5,62.25,0.0
SKU02483,3,0,82.33333333333333,43.333333333333336,0.0
SKU02485,3,0,29.666666666666668,48.333333333333336,0.0
SKU02487,3,0,60.333333333333336,72.33333333333333,0.0
SKU02488,5,0,70.2,66.2,0.0
SKU02491,1,0,21.0,26.0,0.0
SKU02492,2,0,81.0,83.0,0.0
SKU02493,6,0,116.0,63.0,0.0
SKU02494,4,0,110.0,58.5,0.0
SKU02496,2,0,98.0,62.0,0.0
SKU02497,2,0,69.5,42.0,0.0
SKU02498,1,0,138.0,67.0,0.0
SKU02500,30,0,286.1666666666667,64.5,0.0
SKU02501,23,0,253.0,55.47826086956522,0.0
SKU02502,5,0,97.2,74.0,0.0
SKU02504,2,0,107.5,68.5,0.0
SKU02507,1,0,64.0,40.0,0.0
SKU02508,4,0,155.0,87.0,0.0
SKU02509,2,0,93.5,77.0,0.0
SKU02510,3,0,116.33333333333333,49.333333333333336,0.0
SKU02511,2,0,180.5,82.0,0.0
SKU02512,4,0,92.0,57.0,0.0
SKU02513,4,0,109.75,72.75,0.0
SKU02514,30,0,297.0,65.66666666666667,0.0
SKU02515,3,0,54.0,35.333333333333336,0.0
SKU02516,3,0,90.33333333333333,69.0,0.0
SKU02517,1,0,265.0,94.0,0.0
SKU02518,1,0,11.0,26.0,0.0
SKU02519,25,0,278.4,62.28,0.0
SKU02520,27,0,293.0,63.666666666666664,0.0
SKU02521,1,0,84.0,34.0,0.0
SKU02522,3,0,117.33333333333333,51.666666666666664,0.0
SKU02523,4,0,116.0,76.5,0.0
SKU02524,1,0,116.0,58.0,0.0
SKU02525,1,0,41.0,47.0,0.0
SKU02527,2,0,68.0,70.0,0.0
SKU02528,2,0,33.5,66.0,0.0
SKU02529,3,0,82.66666666666667,66.0,0.0
SKU02530,2,0,103.0,88.5,0.0
SKU02533,25,0,234.72,52.16,0.0
SKU02534,25,0,272.08,62.44,0.0
SKU02535,3,0,83.0,62.333333333333336,0.0
SKU02536,1,0,88.0,79.0,0.0
SKU02537,3,0,47.333333333333336,58.666666666666664,0.0
SKU02539,2,0,131.5,70.0,0.0
SKU02540,1,0,20.0,41.0,0.0
SKU02541,29,0,287.2068965517241,65.27586206896552,0.0
SKU02542,3,0,71.33333333333333,73.33333333333333,0.0
SKU02544,3,0,113.0,82.0,0.0
SKU02546,22,0,334.77272727272725,70.5909090909091,0.0
SKU02549,2,0,131.0,72.5,0.0
SKU02550,1,0,86.0,75.0,0.0
SKU02551,2,0,64.5,59.5,0.0
SKU02552,3,0,100.33333333333333,61.0,0.0
SKU02553,1,0,14.0,25.0,0.0
SKU02554,3,0,89.0,62.666666666666664,0.0
SKU02555,2,0,118.0,61.5,0.0
SKU02556,3,0,105.0,63.333333333333336,0.0
SKU02557,2,0,74.5,53.5,0.0
SKU02558,27,0,238.77777777777777,55.25925925925926,0.0
SKU02559,1,0,27.0,77.0,0.0
SKU02560,1,0,100.0,75.0,0.0
SKU02561,3,0,77.0,38.0,0.0
SKU02562,2,0,54.5,64.5,0.0
SKU02563,2,0,3.0,56.0,0.0
SKU02564,3,0,133.33333333333334,55.666666666666664,0.0
SKU02565,1,0,183.0,63.0,0.0
SKU02566,28,0,296.2857142857143,63.57142857142857,0.0
SKU02567,29,0,248.58620689655172,59.51724137931034,0.0
SKU02568,1,0,38.0,30.0,0.0
SKU02570,30,0,295.46666666666664,64.76666666666667,0.0
SKU02572,2,0,167.0,62.5,0.0
SKU02573,3,0,90.0,69.66666666666667,0.0
SKU02574,1,0,82.0,61.0,0.0
SKU02575,3,0,105.0,59.666666666666664,0.0
SKU02576,23,0,240.8695652173913,54.608695652173914,0.0
SKU02577,3,0,63.666666666666664,51.333333333333336,0.0
SKU02578,4,0,116.5,53.75,0.0
SKU02579,1,0,17.0,63.0,0.0
SKU02580,28,0,274.85714285714283,62.57142857142857,0.0
SKU02581,1,0,73.0,41.0,0.0
SKU02582,2,0,77.5,67.0,0.0
SKU02584,29,0,252.6551724137931,54.51724137931034,0.0
SKU02585,2,0,93.0,53.5,0.0
SKU02586,2,0,105.5,64.5,0.0
SKU02587,1,0,158.0,92.0,0.0
SKU02590,22,0,280.72727272727275,62.90909090909091,0.0
SKU02591,2,0,23.0,37.0,0.0
SKU02592,1,0,30.0,38.0,0.0
SKU02593,4,0,59.25,48.75,0.0
SKU02594,2,0,40.0,33.5,0.0
SKU02595,1,0,84.0,61.0,0.0
SKU02596,2,0,34.0,49.5,0.0
SKU02597,3,0,58.333333333333336,33.0,0.0
SKU02598,2,0,21.5,87.0,0.0
SKU02599,1,0,20.0,33.0,0.0
SKU02600,4,0,53.0,58.25,0.0
SKU02601,1,0,226.0,76.0,0.0
SKU02603,4,0,130.5,70.0,0.0
SKU02604,1,0,49.0,36.0,0.0
SKU02605,2,0,175.5,72.5,0.0
SKU02606,5,0,60.0,39.0,0.0
SKU02608,2,0,144.5,68.5,0.0
SKU02609,2,0,103.0,64.5,0.0
SKU02610,1,0,50.0,43.0,0.0
SKU02611,2,0,22.5,29.0,0.0
SKU02612,2,0,61.5,61.0,0.0
SKU02613,2,0,96.0,54.0,0.0
SKU02615,3,0,136.66666666666666,74.0,0.0
SKU02616,2,0,77.0,56.5,0.0
SKU02617,1,0,141.0,57.0,0.0
SKU02618,2,0,150.0,73.0,0.0
SKU02619,4,0,73.25,57.0,0.0
SKU02620,2,0,98.5,54.5,0.0
SKU02621,1,0,181.0,85.0,0.0
SKU02622,2,0,19.5,45.0,0.0
SKU02623,2,0,73.0,67.0,0.0
SKU02624,1,0,125.0,73.0,0.0
SKU02625,3,0,89.33333333333333,70.33333333333333,0.0
SKU02626,20,0,257.7,52.75,0.0
SKU02629,2,0,132.5,91.0,0.0
SKU02630,18,0,259.3333333333333,60.611111111111114,0.0
SKU02631,3,0,66.33333333333333,57.333333333333336,0.0
SKU02632,3,0,134.66666666666666,54.0,0.0
SKU02633,2,0,84.5,47.5,0.0
SKU02634,3,0,40.333333333333336,57.333333333333336,0.0
SKU02635,3,0,128.66666666666666,78.66666666666667,0.0
SKU02636,3,0,50.333333333333336,44.333333333333336,0.0
SKU02637,4,0,127.25,60.75,0.0
SKU02638,4,0,96.25,65.5,0.0
SKU02639,29,0,260.6551724137931,58.827586206896555,0.0
SKU02641,5,0,145.6,68.8,0.0
SKU02642,2,0,94.0,67.5,0.0
SKU02644,1,0,105.0,40.0,0.0
SKU02645,2,0,93.5,90.0,0.0
SKU02647,5,0,134.6,90.2,0.0
SKU02649,2,0,14.0,48.5,0.0
SKU02650,2,0,115.5,66.0,0.0
SKU02651,5,0,79.2,80.6,0.0
SKU02652,1,0,147.0,62.0,0.0
SKU02655,1,0,128.0,74.0,0.0
SKU02656,1,0,99.0,51.0,0.0
SKU02658,1,0,159.0,80.0,0.0
SKU02659,3,0,83.66666666666667,47.333333333333336,0.0
SKU02661,2,0,62.5,53.5,0.0
SKU02662,29,0,266.17241379310343,61.0,0.0
SKU02663,4,0,23.25,43.5,0.0
SKU02664,3,0,67.33333333333333,54.666666666666664,0.0
SKU02665,1,0,105.0,51.0,0.0
SKU02669,1,0,69.0,68.0,0.0
SKU02670,1,0,196.0,67.0,0.0
SKU02671,1,0,3.0,52.0,0.0
SKU02672,1,0,134.0,51.0,0.0
SKU02673,1,0,144.0,53.0,0.0
SKU02674,5,0,82.4,49.4,0.0
SKU02675,16,0,306.625,74.875,0.0
SKU02676,3,0,63.333333333333336,32.0,0.0
SKU02677,3,0,138.33333333333334,70.0,0.0
SKU02678,1,0,28.0,21.0,0.0
SKU02679,2,0,68.0,73.5,0.0
SKU02680,3,0,66.66666666666667,73.66666666666667,0.0
SKU02681,24,0,266.625,58.125,0.0
SKU02682,2,0,84.0,75.0,0.0
SKU02684,2,0,206.5,73.5,0.0
SKU02685,3,0,46.0,35.0,0.0
SKU02686,27,0,277.85185185185185,62.22222222222222,0.0
SKU02687,2,0,102.0,63.0,0.0
SKU02688,3,0,51.666666666666664,41.333333333333336,0.0
SKU02689,1,0,31.0,27.0,0.0
SKU02690,2,0,8.0,31.0,0.0
SKU02691,2,0,75.5,64.5,0.0
SKU02693,3,0,36.333333333333336,59.333333333333336,0.0
SKU02694,1,0,5.0,24.0,0.0
SKU02695,4,0,48.75,51.75,0.0
SKU02696,1,0,132.0,48.0,0.0
SKU02697,2,0,45.0,41.0,0.0
SKU02698,2,0,41.5,64.0,0.0
SKU02699,2,0,39.0,70.0,0.0
SKU02700,26,0,291.9230769230769,64.07692307692308,0.0
SKU02701,2,0,40.0,45.5,0.0
SKU02702,3,0,49.0,58.333333333333336,0.0
SKU02703,5,0,92.6,59.8,0.0
SKU02704,1,0,155.0,100.0,0.0
SKU02705,1,0,119.0,50.0,0.0
SKU02706,2,0,59.5,88.0,0.0
SKU02707,1,0,79.0,49.0,0.0
SKU02708,2,0,143.0,84.5,0.0
SKU02709,2,0,126.0,73.0,0.0
SKU02710,30,0,263.7,54.93333333333333,0.0
SKU02711,5,0,62.4,55.8,0.0
SKU02712,1,0,29.0,59.0,0.0
SKU02713,2,0,100.0,50.5,0.0
SKU02714,3,0,107.66666666666667,80.66666666666667,0.0
SKU02715,3,0,99.0,54.666666666666664,0.0
SKU02716,6,0,143.5,68.0,0.0
SKU02717,2,0,82.5,42.5,0.0
SKU02718,28,0,285.2142857142857,62.035714285714285,0.0
SKU02719,3,0,90.0,70.0,0.0
SKU02720,4,0,58.5,36.5,0.0
SKU02722,30,0,299.73333333333335,65.46666666666667,0.0
SKU02723,2,0,43.0,54.5,0.0
SKU02724,2,0,110.5,54.0,0.0
SKU02725,2,0,194.0,94.5,0.0
SKU02726,2,0,214.0,95.0,0.0
SKU02727,2,0,65.0,50.0,0.0
SKU02728,30,0,280.93333333333334,64.2,0.0
SKU02731,3,0,124.0,82.0,0.0
SKU02732,1,0,16.0,26.0,0.0
SKU02733,1,0,73.0,62.0,0.0
SKU02734,2,0,65.5,61.5,0.0
SKU02735,1,0,22.0,82.0,0.0
SKU02736,3,0,85.66666666666667,65.33333333333333,0.0
SKU02738,2,0,175.5,80.0,0.0
SKU02739,2,0,162.5,70.5,0.0
SKU02741,2,0,99.0,80.5,0.0
SKU02742,3,0,133.66666666666666,74.66666666666667,0.0
SKU02743,1,0,122.0,49.0,0.0
SKU02744,1,0,56.0,78.0,0.0
SKU02745,1,0,66.0,38.0,0.0
SKU02746,2,0,98.5,47.0,0.0
SKU02748,2,0,50.0,54.5,0.0
SKU02751,2,0,96.0,53.0,0.0
SKU02752,4,0,122.75,87.5,0.0
SKU02753,2,0,195.5,80.0,0.0
SKU02754,3,0,89.33333333333333,48.333333333333336,0.0
SKU02755,1,0,36.0,23.0,0.0
SKU02756,3,0,28.666666666666668,65.33333333333333,0.0
SKU02757,3,0,126.66666666666667,53.333333333333336,0.0
SKU02758,4,0,123.75,64.75,0.0
SKU02759,1,0,93.0,90.0,0.0
SKU02761,2,0,158.0,76.5,0.0
SKU02763,19,0,244.57894736842104,60.05263157894737,0.0
SKU02764,1,0,75.0,61.0,0.0
SKU02765,1,0,172.0,61.0,0.0
SKU02766,3,0,127.66666666666667,57.333333333333336,0.0
SKU02767,5,0,57.8,30.0,0.0
SKU02768,22,0,208.3181818181818,52.09090909090909,0.0
SKU02769,1,0,173.0,84.0,0.0
SKU02770,1,0,35.0,83.0,0.0
SKU02771,3,0,44.666666666666664,54.333333333333336,0.0
SKU02772,1,0,217.0,79.0,0.0
SKU02773,4,0,46.5,45.0,0.0
SKU02774,2,0,194.0,72.5,0.0
SKU02775,2,0,70.5,96.5,0.0
SKU02777,3,0,71.0,63.0,0.0
SKU02778,4,0,92.0,56.25,0.0
SKU02779,4,0,28.5,42.0,0.0
SKU02780,30,0,288.3333333333333,60.56666666666667,0.0
SKU02781,2,0,14.0,53.5,0.0
SKU02782,3,0,73.66666666666667,75.33333333333333,0.0
SKU02783,1,0,42.0,32.0,0.0
SKU02785,3,0,126.66666666666667,72.33333333333333,0.0
SKU02786,1,0,14.0,21.0,0.0
SKU02787,2,0,26.5,54.0,0.0
SKU02788,1,0,87.0,65.0,0.0
SKU02789,3,0,118.33333333333333,59.0,0.0
SKU02790,1,0,164.0,69.0,0.0
SKU02791,1,0,82.0,66.0,0.0
SKU02792,4,0,68.25,54.5,0.0
SKU02793,2,0,80.0,59.0,0.0
SKU02794,29,0,238.17241379310346,56.206896551724135,0.0
SKU02795,3,0,68.0,64.0,0.0
SKU02796,2,0,74.5,54.5,0.0
SKU02797,1,0,162.0,81.0,0.0
SKU02798,4,0,84.0,81.0,0.0
SKU02799,4,0,83.0,58.75,0.0
SKU02800,4,0,91.5,45.25,0.0
SKU02801,4,0,64.75,53.75,0.0
SKU02802,2,0,113.0,81.5,0.0
SKU02803,4,0,113.0,62.5,0.0
SKU02804,4,0,59.25,65.5,0.0
SKU02805,3,0,45.333333333333336,45.333333333333336,0.0
SKU02806,2,0,119.0,72.0,0.0
SKU02807,4,0,114.25,70.5,0.0
SKU02808,3,0,105.0,54.333333333333336,0.0
SKU02809,3,0,84.33333333333333,61.666666666666664,0.0
SKU02810,1,0,54.0,70.0,0.0
SKU02811,5,0,98.2,54.4,0.0
SKU02812,4,0,100.5,55.75,0.0
SKU02813,5,0,186.0,82.4,0.0
SKU02815,3,0,121.66666666666667,56.0,0.0
SKU02816,3,0,98.0,69.0,0.0
SKU02817,3,0,75.33333333333333,53.0,0.0
SKU02818,1,0,58.0,65.0,0.0
SKU02819,2,0,43.5,57.0,0.0
SKU02820,3,0,33.333333333333336,60.666666666666664,0.0
SKU02821,2,0,108.0,92.0,0.0
SKU02822,29,0,277.58620689655174,65.44827586206897,0.0
SKU02823,1,0,8.0,27.0,0.0
SKU02824,2,0,89.5,53.0,0.0
SKU02825,3,0,77.33333333333333,53.0,0.0
SKU02827,2,0,50.0,36.0,0.0
SKU02828,3,0,195.66666666666666,82.66666666666667,0.0
SKU02829,16,0,272.5,61.875,0.0
SKU02830,2,0,81.0,74.0,0.0
SKU02831,4,0,73.75,50.0,0.0
SKU02832,4,0,130.25,61.5,0.0
SKU02834,1,0,100.0,36.0,0.0
SKU02835,2,0,84.5,87.5,0.0
SKU02836,3,0,123.0,76.66666666666667,0.0
SKU02838,4,0,151.0,61.25,0.0
SKU02839,1,0,53.0,37.0,0.0
SKU02841,3,0,139.66666666666666,64.0,0.0
SKU02842,27,0,269.0740740740741,59.111111111111114,0.0
SKU02843,1,0,44.0,37.0,0.0
SKU02844,2,0,54.0,40.5,0.0
SKU02845,2,0,130.0,91.0,0.0
SKU02846,1,0,265.0,92.0,0.0
SKU02847,1,0,64.0,50.0,0.0
SKU02848,2,0,199.0,72.5,0.0
SKU02849,1,0,168.0,91.0,0.0
SKU02850,2,0,23.0,35.5,0.0
SKU02851,2,0,126.5,46.5,0.0
SKU02853,2,0,18.0,34.5,0.0
SKU02855,5,0,49.2,39.4,0.0
SKU02856,5,0,110.6,63.8,0.0
SKU02859,2,0,84.0,42.0,0.0
SKU02860,3,0,135.0,57.666666666666664,0.0
SKU02861,2,0,194.0,80.5,0.0
SKU02863,4,0,50.0,54.25,0.0
SKU02864,1,0,22.0,35.0,0.0
SKU02865,1,0,52.0,31.0,0.0
SKU02866,1,0,45.0,47.0,0.0
SKU02867,2,0,150.5,73.0,0.0
SKU02868,1,0,141.0,96.0,0.0
SKU02869,2,0,25.0,39.5,0.0
SKU02870,1,0,1.0,45.0,0.0
SKU02871,29,0,314.2068965517241,66.93103448275862,0.0
SKU02872,3,0,40.333333333333336,48.666666666666664,0.0
SKU02873,1,0,21.0,78.0,0.0
SKU02874,3,0,34.0,53.0,0.0
SKU02875,1,0,68.0,28.0,0.0
SKU02876,2,0,158.5,69.5,0.0
SKU02877,24,0,241.875,55.541666666666664,0.0
SKU02878,2,0,153.0,64.0,0.0
SKU02879,1,0,142.0,57.0,0.0
SKU02880,3,0,26.333333333333332,61.666666666666664,0.0
SKU02881,1,0,183.0,63.0,0.0
SKU02882,4,0,94.5,58.75,0.0
SKU02883,3,0,61.666666666666664,48.0,0.0
SKU02884,4,0,67.5,79.0,0.0
SKU02885,1,0,117.0,50.0,0.0
SKU02886,2,0,33.0,43.5,0.0
SKU02887,1,0,67.0,97.0,0.0
SKU02888,5,0,105.8,60.2,0.0
SKU02889,1,0,64.0,55.0,0.0
SKU02890,3,0,125.33333333333333,56.666666666666664,0.0
SKU02891,1,0,145.0,52.0,0.0
SKU02893,2,0,38.5,60.5,0.0
SKU02894,2,0,93.5,49.0,0.0
SKU02895,1,0,7.0,93.0,0.0
SKU02896,2,0,87.0,74.5,0.0
SKU02897,15,0,236.4,53.2,0.0
SKU02900,1,0,93.0,33.0,0.0
SKU02901,2,0,69.5,50.5,0.0
SKU02902,1,0,227.0,85.0,0.0
SKU02904,1,0,59.0,31.0,0.0
SKU02905,3,0,94.0,75.66666666666667,0.0
SKU02906,2,0,178.5,82.5,0.0
SKU02907,28,0,242.25,57.357142857142854,0.0
SKU02908,2,0,42.5,69.5,0.0
SKU02909,3,0,51.333333333333336,42.333333333333336,0.0
SKU02910,2,0,99.0,52.0,0.0
SKU02911,19,0,270.10526315789474,54.421052631578945,0.0
SKU02912,2,0,112.5,74.5,0.0
SKU02913,1,0,6.0,60.0,0.0
SKU02915,25,0,231.16,55.84,0.0
SKU02916,2,0,81.5,66.0,0.0
SKU02917,2,0,62.5,82.0,0.0
SKU02918,5,0,108.2,59.4,0.0
SKU02919,2,0,93.0,39.0,0.0
SKU02920,2,0,71.5,45.0,0.0
SKU02921,3,0,76.33333333333333,71.66666666666667,0.0
SKU02922,3,0,37.333333333333336,51.333333333333336,0.0
SKU02924,4,0,68.5,65.25,0.0
SKU02925,2,0,171.5,64.0,0.0
SKU02926,2,0,43.5,56.0,0.0
SKU02927,8,0,91.875,49.5,0.0
SKU02929,5,0,92.6,50.2,0.0
SKU02931,3,0,83.0,64.66666666666667,0.0
SKU02932,2,0,92.5,45.0,0.0
SKU02933,1,0,17.0,43.0,0.0
SKU02934,2,0,85.0,45.5,0.0
SKU02935,4,0,79.0,37.75,0.0
SKU02936,2,0,95.5,47.5,0.0
SKU02937,3,0,155.0,75.33333333333333,0.0
SKU02938,28,0,294.60714285714283,64.96428571428571,0.0
SKU02939,1,0,18.0,21.0,0.0
SKU02940,3,0,94.33333333333333,48.666666666666664,0.0
SKU02941,1,0,55.0,22.0,0.0
SKU02942,4,0,93.75,56.25,0.0
SKU02943,3,0,77.0,75.33333333333333,0.0
SKU02944,2,0,171.5,86.5,0.0
SKU02945,1,0,141.0,54.0,0.0
SKU02946,27,0,237.07407407407408,56.51851851851852,0.0
SKU02947,1,0,21.0,27.0,0.0
SKU02948,2,0,54.0,61.0,0.0
SKU02949,3,0,79.33333333333333,58.666666666666664,0.0
SKU02951,1,0,98.0,74.0,0.0
SKU02953,3,0,118.0,77.0,0.0
SKU02955,1,0,100.0,77.0,0.0
SKU02956,3,0,108.0,52.0,0.0
SKU02957,3,0,103.66666666666667,80.33333333333333,0.0
SKU02959,3,0,21.666666666666668,33.333333333333336,0.0
SKU02960,1,0,100.0,44.0,0.0
SKU02961,2,0,117.0,68.5,0.0
SKU02962,1,0,251.0,98.0,0.0
SKU02963,3,0,55.0,81.0,0.0
SKU02964,26,0,272.1923076923077,59.23076923076923,0.0
SKU02965,3,0,94.33333333333333,51.0,0.0
SKU02966,1,0,74.0,39.0,0.0
SKU02967,3,0,140.33333333333334,76.66666666666667,0.0
SKU02968,1,0,90.0,86.0,0.0
SKU02969,22,0,309.27272727272725,69.36363636363636,0.0
SKU02970,3,0,118.0,82.0,0.0
SKU02971,3,0,117.0,79.0,0.0
SKU02972,1,0,177.0,98.0,0.0
SKU02973,1,0,30.0,37.0,0.0
SKU02974,2,0,116.5,55.5,0.0
SKU02976,2,0,64.5,43.0,0.0
SKU02977,3,0,79.0,48.666666666666664,0.0
SKU02978,1,0,35.0,31.0,0.0
SKU02980,1,0,234.0,82.0,0.0
SKU02981,4,0,62.5,40.75,0.0
SKU02982,2,0,51.5,59.5,0.0
SKU02984,1,0,54.0,61.0,0.0
SKU02986,3,0,89.0,56.0,0.0
SKU02987,3,0,115.33333333333333,62.333333333333336,0.0
SKU02988,6,0,114.66666666666667,64.66666666666667,0.0
SKU02989,2,0,81.0,62.5,0.0
SKU02990,2,0,46.5,80.0,0.0
SKU02991,2,0,115.0,49.5,0.0
SKU02992,1,0,37.0,20.0,0.0
SKU02994,1,0,80.0,74.0,0.0
SKU02995,1,0,159.0,60.0,0.0
SKU02996,2,0,56.0,56.0,0.0
SKU02997,24,0,275.8333333333333,59.75,0.0
SKU02999,30,0,253.2,58.333333333333336,0.0
SKU03000,1,0,45.0,26.0,0.0
SKU03001,2,0,51.0,38.5,0.0
SKU03003,3,0,107.0,50.666666666666664,0.0
SKU03004,3,0,93.0,83.0,0.0
SKU03005,25,0,283.76,62.32,0.0
SKU03006,1,0,173.0,64.0,0.0
SKU03007,2,0,113.0,50.0,0.0
SKU03009,4,0,101.25,69.5,0.0
SKU03010,2,0,147.0,64.5,0.0
SKU03011,2,0,99.0,40.0,0.0
SKU03012,2,0,5.0,46.5,0.0
SKU03013,3,0,71.66666666666667,46.333333333333336,0.0
SKU03014,29,0,225.55172413793105,51.41379310344828,0.0
SKU03015,4,0,98.75,53.25,0.0
SKU03016,1,0,5.0,45.0,0.0
SKU03017,5,0,38.8,38.8,0.0
SKU03018,1,0,93.0,75.0,0.0
SKU03020,4,0,124.25,59.25,0.0
SKU03021,2,0,126.0,73.0,0.0
SKU03022,5,0,106.4,61.4,0.0
SKU03023,1,0,178.0,96.0,0.0
SKU03024,1,0,132.0,48.0,0.0
SKU03025,2,0,96.0,83.0,0.0
SKU03026,2,0,100.0,73.5,0.0
SKU03027,4,0,56.5,50.5,0.0
SKU03028,2,0,28.0,38.5,0.0
SKU03031,29,0,276.6896551724138,61.06896551724138,0.0
SKU03032,2,0,154.5,83.5,0.0
SKU03033,1,0,165.0,87.0,0.0
SKU03035,1,0,104.0,36.0,0.0
SKU03036,28,0,266.10714285714283,58.42857142857143,0.0
SKU03037,1,0,158.0,72.0,0.0
SKU03038,2,0,67.5,39.0,0.0
SKU03040,2,0,206.5,78.0,0.0
SKU03041,1,0,168.0,61.0,0.0
SKU03042,1,0,194.0,99.0,0.0
SKU03043,27,0,263.8888888888889,64.92592592592592,0.0
SKU03045,1,0,31.0,100.0,0.0
SKU03046,2,0,80.0,57.5,0.0
SKU03048,2,0,53.0,51.0,0.0
SKU03049,2,0,74.0,50.0,0.0
SKU03050,1,0,48.0,65.0,0.0
SKU03051,2,0,156.5,79.5,0.0
SKU03052,4,0,138.75,67.25,0.0
SKU03054,7,0,83.57142857142857,72.71428571428571,0.0
SKU03055,1,0,118.0,82.0,0.0
SKU03056,2,0,94.0,77.0,0.0
SKU03058,30,0,274.73333333333335,62.1,0.0
SKU03059,1,0,70.0,60.0,0.0
SKU03060,2,0,78.5,63.5,0.0
SKU03061,2,0,49.0,68.0,0.0
SKU03062,4,0,136.25,78.0,0.0
SKU03065,3,0,55.333333333333336,61.0,0.0
SKU03066,3,0,169.0,76.33333333333333,0.0
SKU03067,1,0,129.0,80.0,0.0
SKU03068,2,0,142.0,76.0,0.0
SKU03069,3,0,134.0,65.66666666666667,0.0
SKU03070,2,0,102.5,49.5,0.0
SKU03071,1,0,1.0,62.0,0.0
SKU03072,1,0,56.0,49.0,0.0
SKU03073,20,0,316.35,68.15,0.0
SKU03075,1,0,132.0,79.0,0.0
SKU03076,1,0,48.0,87.0,0.0
SKU03077,2,0,28.0,23.5,0.0
SKU03078,3,0,91.66666666666667,72.0,0.0
SKU03080,3,0,105.0,57.666666666666664,0.0
SKU03081,3,0,59.666666666666664,64.33333333333333,0.0
SKU03082,1,0,210.0,83.0,0.0
SKU03083,3,0,149.33333333333334,75.0,0.0
SKU03084,3,0,117.33333333333333,48.0,0.0
SKU03085,2,0,21.0,37.5,0.0
SKU03086,2,0,98.5,75.5,0.0
SKU03087,2,0,118.0,64.0,0.0
SKU03089,30,0,260.46666666666664,59.1,0.0
SKU03090,27,0,274.6296296296296,62.77777777777778,0.0
SKU03091,2,0,97.0,73.0,0.0
SKU03092,21,0,247.52380952380952,57.523809523809526,0.0
SKU03093,3,0,102.33333333333333,42.666666666666664,0.0
SKU03094,1,0,12.0,53.0,0.0
SKU03095,2,0,87.0,70.0,0.0
SKU03096,4,0,73.0,57.75,0.0
SKU03097,5,0,78.6,82.0,0.0
SKU03098,1,0,3.0,67.0,0.0
SKU03099,3,0,62.333333333333336,56.0,0.0
SKU03100,4,0,105.0,59.5,0.0
SKU03101,4,0,74.0,71.75,0.0
SKU03102,1,0,74.0,50.0,0.0
SKU03103,1,0,223.0,77.0,0.0
SKU03104,1,0,172.0,61.0,0.0
SKU03105,29,0,282.58620689655174,60.827586206896555,0.0
SKU03106,4,0,65.25,52.0,0.0
SKU03107,2,0,103.5,69.5,0.0
SKU03108,30,0,262.26666666666665,58.06666666666667,0.0
SKU03109,2,0,35.0,57.5,0.0
SKU03111,6,0,96.0,54.333333333333336,0.0
SKU03112,6,0,143.16666666666666,66.16666666666667,0.0
SKU03113,1,0,75.0,38.0,0.0
SKU03114,1,0,50.0,45.0,0.0
SKU03115,30,0,350.5,72.36666666666666,0.0
SKU03116,1,0,12.0,84.0,0.0
SKU03117,3,0,33.0,54.333333333333336,0.0
SKU03118,1,0,171.0,77.0,0.0
SKU03119,2,0,183.0,67.0,0.0
SKU03120,1,0,7.0,37.0,0.0
SKU03121,1,0,259.0,88.0,0.0
SKU03122,2,0,53.0,80.5,0.0
SKU03123,1,0,247.0,96.0,0.0
SKU03124,3,0,75.66666666666667,73.33333333333333,0.0
SKU03125,4,0,82.75,55.75,0.0
SKU03126,1,0,18.0,75.0,0.0
SKU03127,1,0,41.0,50.0,0.0
SKU03128,2,0,34.5,44.5,0.0
SKU03129,29,0,295.51724137931035,64.82758620689656,0.0
SKU03130,3,0,129.0,60.333333333333336,0.0
SKU03131,1,0,69.0,77.0,0.0
SKU03132,3,0,79.0,57.333333333333336,0.0
SKU03133,2,0,99.5,82.0,0.0
SKU03134,2,0,85.0,62.5,0.0
SKU03135,1,0,151.0,93.0,0.0
SKU03136,2,0,83.0,76.5,0.0
SKU03137,3,0,103.0,76.0,0.0
SKU03138,1,0,203.0,83.0,0.0
SKU03139,26,0,279.88461538461536,60.23076923076923,0.0
SKU03140,3,0,76.33333333333333,59.0,0.0
SKU03143,3,0,63.333333333333336,44.666666666666664,0.0
SKU03144,2,0,133.5,59.0,0.0
SKU03146,3,0,114.33333333333333,52.333333333333336,0.0
SKU03147,3,0,101.0,51.333333333333336,0.0
SKU03148,2,0,23.5,26.0,0.0
SKU03149,2,0,66.5,56.0,0.0
SKU03150,30,0,264.96666666666664,61.1,0.0
SKU03152,26,0,247.3846153846154,54.53846153846154,0.0
SKU03153,1,0,4.0,20.0,0.0
SKU03154,4,0,42.5,51.75,0.0
SKU03155,1,0,130.0,56.0,0.0
SKU03156,4,0,152.0,78.0,0.0
SKU03159,2,0,68.0,61.0,0.0
SKU03160,1,0,41.0,65.0,0.0
SKU03161,3,0,48.333333333333336,60.333333333333336,0.0
SKU03162,2,0,108.0,50.0,0.0
SKU03163,3,0,27.666666666666668,34.0,0.0
SKU03164,3,0,115.0,70.33333333333333,0.0
SKU03165,2,0,89.5,33.0,0.0
SKU03166,2,0,117.0,51.0,0.0
SKU03167,1,0,159.0,60.0,0.0
SKU03168,5,0,123.2,57.0,0.0
SKU03169,1,0,27.0,39.0,0.0
SKU03170,1,0,71.0,91.0,0.0
SKU03172,4,0,150.0,70.75,0.0
SKU03173,24,0,270.625,58.125,0.0
SKU03174,1,0,117.0,57.0,0.0
SKU03175,1,0,25.0,66.0,0.0
SKU03177,21,0,262.3809523809524,60.904761904761905,0.0
SKU03178,1,0,169.0,62.0,0.0
SKU03179,30,0,259.23333333333335,60.53333333333333,0.0
SKU03180,3,0,85.33333333333333,44.666666666666664,0.0
SKU03181,1,0,7.0,65.0,0.0
SKU03182,3,0,118.0,58.333333333333336,0.0
SKU03183,1,0,47.0,65.0,0.0
SKU03184,4,0,83.75,58.25,0.0
SKU03185,2,0,127.0,68.5,0.0
SKU03186,4,0,57.0,48.5,0.0
SKU03187,1,0,279.0,94.0,0.0
SKU03188,1,0,254.0,95.0,0.0
SKU03189,1,0,88.0,44.0,0.0
SKU03190,4,0,105.75,73.0,0.0
SKU03192,22,0,271.54545454545456,60.72727272727273,0.0
SKU03193,3,0,93.66666666666667,65.66666666666667,0.0
SKU03194,2,0,108.5,50.5,0.0
SKU03196,1,0,76.0,31.0,0.0
SKU03197,3,0,91.33333333333333,72.0,0.0
SKU03198,1,0,27.0,61.0,0.0
SKU03200,2,0,162.5,80.0,0.0
SKU03201,3,0,31.333333333333332,38.666666666666664,0.0
SKU03202,3,0,108.33333333333333,64.33333333333333,0.0
SKU03203,2,0,81.0,71.5,0.0
SKU03204,3,0,61.0,67.0,0.0
SKU03205,2,0,22.0,64.5,0.0
SKU03206,5,0,48.4,53.2,0.0
SKU03207,3,0,41.666666666666664,40.0,0.0
SKU03208,3,0,200.0,84.33333333333333,0.0
SKU03209,2,0,95.0,38.0,0.0
SKU03210,21,0,258.95238095238096,56.523809523809526,0.0
SKU03211,2,0,77.0,52.5,0.0
SKU03212,1,0,146.0,72.0,0.0
SKU03213,3,0,59.666666666666664,67.0,0.0
SKU03214,3,0,104.33333333333333,65.33333333333333,0.0
SKU03215,2,0,150.0,77.5,0.0
SKU03216,1,0,122.0,72.0,0.0
SKU03218,3,0,43.0,51.333333333333336,0.0
SKU03219,1,0,11.0,24.0,0.0
SKU03220,23,0,236.52173913043478,56.869565217391305,0.0
SKU03221,1,0,99.0,48.0,0.0
SKU03223,3,0,107.66666666666667,76.66666666666667,0.0
SKU03224,1,0,14.0,25.0,0.0
SKU03227,5,0,50.6,58.0,0.0
SKU03228,2,0,135.0,61.0,0.0
SKU03229,4,0,57.75,47.5,0.0
SKU03230,26,0,268.46153846153845,58.69230769230769,0.0
SKU03231,2,0,109.5,70.5,0.0
SKU03232,1,0,41.0,69.0,0.0
SKU03233,5,0,60.8,59.8,0.0
SKU03234,4,0,91.0,56.75,0.0
SKU03235,30,0,236.63333333333333,54.3,0.0
SKU03236,4,0,32.5,54.0,0.0
SKU03237,3,0,67.33333333333333,86.0,0.0
SKU03238,2,0,79.5,64.5,0.0
SKU03239,4,0,36.75,55.0,0.0
SKU03240,3,0,117.0,71.0,0.0
SKU03241,4,0,70.25,56.75,0.0
SKU03242,2,0,135.5,54.0,0.0
SKU03243,1,0,10.0,64.0,0.0
SKU03244,1,0,2.0,43.0,0.0
SKU03245,1,0,68.0,66.0,0.0
SKU03246,1,0,64.0,38.0,0.0
SKU03247,2,0,62.5,59.5,0.0
SKU03248,4,0,123.25,66.5,0.0
SKU03249,2,0,58.5,64.0,0.0
SKU03250,2,0,97.0,84.0,0.0
SKU03251,30,0,260.26666666666665,59.53333333333333,0.0
SKU03252,1,0,139.0,53.0,0.0
SKU03254,26,0,287.5769230769231,63.61538461538461,0.0
SKU03255,4,0,109.0,49.0,0.0
SKU03256,1,0,114.0,41.0,0.0
SKU03257,30,0,292.9,63.4,0.0
SKU03258,1,0,8.0,45.0,0.0
SKU03260,1,0,52.0,33.0,0.0
SKU03261,3,0,47.666666666666664,62.333333333333336,0.0
SKU03262,3,0,53.333333333333336,64.0,0.0
SKU03263,2,0,78.0,72.5,0.0
SKU03264,1,0,234.0,92.0,0.0
SKU03265,2,0,35.0,57.5,0.0
SKU03266,29,0,272.2413793103448,58.10344827586207,0.0
SKU03267,3,0,109.33333333333333,59.333333333333336,0.0
SKU03268,2,0,72.5,38.5,0.0
SKU03269,2,0,34.0,43.0,0.0
SKU03270,2,0,21.0,65.0,0.0
SKU03271,4,0,101.75,62.25,0.0
SKU03273,2,0,142.0,54.0,0.0
SKU03275,3,0,62.666666666666664,52.666666666666664,0.0
SKU03276,2,0,115.0,55.0,0.0
SKU03277,28,0,245.14285714285714,52.5,0.0
SKU03278,1,0,17.0,24.0,0.0
SKU03279,3,0,81.33333333333333,55.333333333333336,0.0
SKU03281,30,0,340.3666666666667,72.7,0.0
SKU03282,1,0,45.0,27.0,0.0
SKU03283,2,0,134.5,82.5,0.0
SKU03284,26,0,247.0,56.88461538461539,0.0
SKU03285,1,0,188.0,81.0,0.0
SKU03286,25,0,272.32,60.6,0.0
SKU03287,2,0,147.5,69.0,0.0
SKU03288,1,0,91.0,56.0,0.0
SKU03290,30,0,266.26666666666665,54.3,0.0
SKU03291,23,0,238.69565217391303,51.391304347826086,0.0
SKU03294,3,0,115.66666666666667,56.333333333333336,0.0
SKU03295,16,0,278.75,62.0625,0.0
SKU03297,3,0,128.33333333333334,58.666666666666664,0.0
SKU03299,2,0,94.5,54.5,0.0
SKU03300,2,0,125.5,69.0,0.0
SKU03301,2,0,115.0,73.0,0.0
SKU03302,6,0,106.66666666666667,65.83333333333333,0.0
SKU03303,1,0,259.0,95.0,0.0
SKU03304,2,0,84.5,58.0,0.0
SKU03305,2,0,68.5,51.5,0.0
SKU03306,2,0,146.5,76.0,0.0
SKU03307,2,0,42.5,60.5,0.0
SKU03308,3,0,58.0,50.0,0.0
SKU03309,2,0,49.5,59.5,0.0
SKU03310,1,0,234.0,80.0,0.0
SKU03311,29,0,253.58620689655172,56.758620689655174,0.0
SKU03312,3,0,112.33333333333333,64.66666666666667,0.0
SKU03313,5,0,105.2,69.6,0.0
SKU03314,4,0,187.0,86.5,0.0
SKU03315,1,0,175.0,65.0,0.0
SKU03316,1,0,1.0,34.0,0.0
SKU03317,1,0,187.0,100.0,0.0
SKU03318,3,0,115.0,55.666666666666664,0.0
SKU03319,1,0,62.0,33.0,0.0
SKU03320,21,0,272.6666666666667,59.904761904761905,0.0
SKU03321,2,0,100.5,81.5,0.0
SKU03322,3,0,66.33333333333333,41.333333333333336,0.0
SKU03324,2,0,48.0,69.5,0.0
SKU03325,3,0,63.666666666666664,36.333333333333336,0.0
SKU03326,1,0,15.0,46.0,0.0
SKU03327,3,0,118.0,51.333333333333336,0.0
SKU03328,2,0,139.5,72.0,0.0
SKU03329,3,0,87.66666666666667,63.333333333333336,0.0
SKU03330,1,0,93.0,51.0,0.0
SKU03332,4,0,105.75,56.5,0.0
SKU03333,1,0,27.0,48.0,0.0
SKU03334,4,0,68.5,55.25,0.0
SKU03335,2,0,96.5,78.0,0.0
SKU03337,2,0,178.5,67.0,0.0
SKU03338,4,0,72.25,69.0,0.0
SKU03339,2,0,78.5,35.5,0.0
SKU03340,1,0,14.0,27.0,0.0
SKU03341,1,0,187.0,100.0,0.0
SKU03342,2,0,149.5,60.5,0.0
SKU03343,1,0,136.0,68.0,0.0
SKU03346,1,0,231.0,96.0,0.0
SKU03347,29,0,266.0689655172414,56.55172413793103,0.0
SKU03348,4,0,53.5,58.0,0.0
SKU03349,26,0,267.2307692307692,59.19230769230769,0.0
SKU03350,1,0,30.0,22.0,0.0
SKU03351,1,0,12.0,24.0,0.0
SKU03352,1,0,90.0,39.0,0.0
SKU03356,4,0,33.0,36.75,0.0
SKU03357,27,0,269.037037037037,59.74074074074074,0.0
SKU03358,2,0,39.5,33.0,0.0
SKU03359,2,0,85.0,56.0,0.0
SKU03360,1,0,91.0,38.0,0.0
SKU03361,1,0,31.0,45.0,0.0
SKU03362,28,0,251.39285714285714,56.035714285714285,0.0
SKU03363,4,0,85.75,63.25,0.0
SKU03365,2,0,127.5,53.0,0.0
SKU03367,2,0,94.5,49.0,0.0
SKU03368,2,0,106.0,39.0,0.0
SKU03369,3,0,42.0,40.666666666666664,0.0
SKU03370,2,0,158.0,72.5,0.0
SKU03371,1,0,27.0,38.0,0.0
SKU03372,1,0,110.0,41.0,0.0
SKU03373,3,0,44.333333333333336,50.333333333333336,0.0
SKU03374,1,0,63.0,85.0,0.0
SKU03375,29,0,262.9310344827586,61.0,0.0
SKU03376,27,0,289.77777777777777,63.666666666666664,0.0
SKU03377,1,0,52.0,40.0,0.0
SKU03378,2,0,45.5,69.0,0.0
SKU03379,3,0,88.0,54.666666666666664,0.0
SKU03380,1,0,178.0,66.0,0.0
SKU03381,1,0,101.0,39.0,0.0
SKU03383,3,0,142.33333333333334,76.0,0.0
SKU03384,4,0,63.75,57.75,0.0
SKU03385,3,0,143.33333333333334,77.0,0.0
SKU03386,1,0,55.0,96.0,0.0
SKU03387,1,0,72.0,85.0,0.0
SKU03388,3,0,77.0,73.66666666666667,0.0
SKU03389,1,0,63.0,50.0,0.0
SKU03390,1,0,139.0,56.0,0.0
SKU03391,3,0,145.66666666666666,64.33333333333333,0.0
SKU03392,1,0,74.0,33.0,0.0
SKU03393,1,0,11.0,69.0,0.0
SKU03394,5,0,107.2,59.2,0.0
SKU03395,2,0,128.0,61.5,0.0
SKU03396,2,0,56.0,25.0,0.0
SKU03397,3,0,45.333333333333336,31.666666666666668,0.0
SKU03398,1,0,61.0,23.0,0.0
SKU03400,3,0,119.0,81.66666666666667,0.0
SKU03401,3,0,64.0,64.33333333333333,0.0
SKU03402,3,0,87.0,63.666666666666664,0.0
SKU03403,2,0,122.5,58.5,0.0
SKU03404,2,0,128.0,76.5,0.0
SKU03405,2,0,77.0,47.0,0.0
SKU03406,3,0,100.66666666666667,66.66666666666667,0.0
SKU03407,1,0,131.0,57.0,0.0
SKU03408,4,0,58.75,64.75,0.0
SKU03409,2,0,42.5,26.5,0.0
SKU03410,1,0,176.0,61.0,0.0
SKU03411,1,0,82.0,66.0,0.0
SKU03412,4,0,128.25,61.75,0.0
SKU03413,2,0,80.5,44.0,0.0
SKU03414,29,0,237.0,53.89655172413793,0.0
SKU03415,1,0,181.0,98.0,0.0
SKU03416,27,0,263.4074074074074,62.77777777777778,0.0
SKU03417,3,0,111.33333333333333,58.666666666666664,0.0
SKU03418,2,0,68.5,36.0,0.0
SKU03419,2,0,71.5,82.5,0.0
SKU03420,3,0,71.66666666666667,38.333333333333336,0.0
SKU03421,3,0,87.0,49.333333333333336,0.0
SKU03422,2,0,95.0,59.0,0.0
SKU03423,2,0,93.5,42.0,0.0
SKU03424,2,0,146.0,81.0,0.0
SKU03426,1,0,8.0,28.0,0.0
SKU03428,29,0,251.72413793103448,57.86206896551724,0.0
SKU03429,1,0,14.0,65.0,0.0
SKU03430,2,0,101.5,69.5,0.0
SKU03432,5,0,103.8,72.0,0.0
SKU03433,4,0,27.75,64.75,0.0
SKU03434,2,0,133.0,78.0,0.0
SKU03435,3,0,69.0,53.333333333333336,0.0
SKU03436,28,0,277.5,65.75,0.0
SKU03437,2,0,249.0,98.5,0.0
SKU03438,3,0,42.0,52.0,0.0
SKU03439,3,0,62.0,51.333333333333336,0.0
SKU03440,1,0,86.0,58.0,0.0
SKU03441,28,0,273.17857142857144,61.035714285714285,0.0
SKU03442,1,0,102.0,40.0,0.0
SKU03443,1,0,41.0,54.0,0.0
SKU03444,2,0,171.5,71.5,0.0
SKU03445,1,0,126.0,46.0,0.0
SKU03446,1,0,244.0,93.0,0.0
SKU03447,4,0,78.25,48.25,0.0
SKU03448,3,0,52.0,56.333333333333336,0.0
SKU03449,2,0,112.5,46.5,0.0
SKU03450,1,0,70.0,27.0,0.0
SKU03451,1,0,15.0,33.0,0.0
SKU03452,5,0,70.6,43.0,0.0
SKU03453,2,0,85.5,37.5,0.0
SKU03454,27,0,279.55555555555554,59.629629629629626,0.0
SKU03455,1,0,49.0,23.0,0.0
SKU03456,5,0,97.2,59.0,0.0
SKU03457,27,0,275.5925925925926,59.592592592592595,0.0
SKU03458,2,0,92.5,49.5,0.0
SKU03459,1,0,2.0,72.0,0.0
SKU03460,2,0,67.0,35.0,0.0
SKU03461,4,0,48.0,46.25,0.0
SKU03462,3,0,105.66666666666667,67.0,0.0
SKU03463,3,0,39.666666666666664,32.0,0.0
SKU03464,2,0,51.5,60.5,0.0
SKU03465,3,0,80.0,56.333333333333336,0.0
SKU03466,4,0,99.0,61.75,0.0
SKU03467,20,0,240.9,56.45,0.0
SKU03468,2,0,39.5,65.0,0.0
SKU03469,2,0,123.5,75.5,0.0
SKU03470,2,0,31.0,40.0,0.0
SKU03471,3,0,74.66666666666667,49.333333333333336,0.0
SKU03472,2,0,120.5,68.0,0.0
SKU03474,1,0,182.0,95.0,0.0
SKU03475,2,0,195.5,71.5,0.0
SKU03477,1,0,29.0,54.0,0.0
SKU03478,2,0,206.0,79.0,0.0
SKU03479,1,0,80.0,77.0,0.0
SKU03480,2,0,119.0,73.0,0.0
SKU03481,1,0,36.0,73.0,0.0
SKU03483,1,0,125.0,77.0,0.0
SKU03484,30,0,265.26666666666665,59.1,0.0
SKU03485,4,0,66.25,55.0,0.0
SKU03486,1,0,92.0,84.0,0.0
SKU03487,3,0,105.66666666666667,52.666666666666664,0.0
SKU03488,2,0,210.5,92.0,0.0
SKU03489,2,0,15.0,60.0,0.0
SKU03490,1,0,110.0,48.0,0.0
SKU03491,30,0,311.1666666666667,64.33333333333333,0.0
SKU03492,28,0,275.67857142857144,59.535714285714285,0.0
SKU03493,28,0,269.2857142857143,61.892857142857146,0.0
SKU03494,4,0,128.25,61.5,0.0
SKU03495,5,0,93.4,57.6,0.0
SKU03496,3,0,82.0,47.666666666666664,0.0
SKU03498,5,0,119.4,61.4,0.0
SKU03500,3,0,122.0,60.0,0.0
SKU03501,1,0,131.0,57.0,0.0
SKU03502,2,0,50.5,38.0,0.0
SKU03503,4,0,112.5,51.5,0.0
SKU03504,29,0,284.9655172413793,64.24137931034483,0.0
SKU03505,2,0,140.0,57.0,0.0
SKU03506,3,0,64.66666666666667,49.666666666666664,0.0
SKU03507,2,0,44.5,29.0,0.0
SKU03508,2,0,53.5,48.5,0.0
SKU03511,1,0,7.0,78.0,0.0
SKU03512,1,0,131.0,77.0,0.0
SKU03513,2,0,124.5,55.0,0.0
SKU03514,2,0,106.5,62.5,0.0
SKU03515,4,0,146.5,71.75,0.0
SKU03516,2,0,124.0,95.5,0.0
SKU03517,2,0,84.0,70.5,0.0
SKU03518,3,0,219.66666666666666,83.66666666666667,0.0
SKU03519,3,0,163.33333333333334,75.33333333333333,0.0
SKU03520,26,0,253.07692307692307,58.73076923076923,0.0
SKU03521,2,0,237.0,81.5,0.0
SKU03522,1,0,44.0,38.0,0.0
SKU03523,29,0,292.3103448275862,60.93103448275862,0.0
SKU03525,4,0,98.75,59.75,0.0
SKU03526,1,0,48.0,23.0,0.0
SKU03527,1,0,8.0,23.0,0.0
SKU03528,1,0,185.0,79.0,0.0
SKU03529,1,0,24.0,29.0,0.0
SKU03530,1,0,204.0,71.0,0.0
SKU03531,3,0,125.0,78.0,0.0
SKU03532,1,0,190.0,99.0,0.0
SKU03533,5,0,29.8,35.6,0.0
SKU03534,4,0,80.25,66.25,0.0
SKU03536,2,0,26.0,42.0,0.0
SKU03537,2,0,90.5,59.0,0.0
SKU03538,2,0,104.0,45.5,0.0
SKU03539,2,0,135.0,67.0,0.0
SKU03540,3,0,87.0,40.666666666666664,0.0
SKU03541,2,0,132.5,79.5,0.0
SKU03542,4,0,97.5,67.75,0.0
SKU03543,1,0,31.0,66.0,0.0
SKU03544,2,0,244.5,85.0,0.0
SKU03545,1,0,137.0,84.0,0.0
SKU03547,2,0,105.0,59.5,0.0
SKU03548,30,0,268.5,58.9,0.0
SKU03549,5,0,95.8,62.6,0.0
SKU03550,2,0,81.0,64.0,0.0
SKU03551,4,0,105.25,49.5,0.0
SKU03552,1,0,154.0,78.0,0.0
SKU03553,2,0,45.5,29.0,0.0
SKU03556,2,0,97.0,50.5,0.0
SKU03557,1,0,72.0,27.0,0.0
SKU03558,1,0,22.0,29.0,0.0
SKU03559,1,0,21.0,29.0,0.0
SKU03560,2,0,124.0,71.5,0.0
SKU03561,4,0,47.5,54.25,0.0
SKU03562,30,0,232.06666666666666,55.13333333333333,0.0
SKU03563,3,0,59.333333333333336,54.0,0.0
SKU03564,2,0,61.0,75.0,0.0
SKU03566,4,0,52.25,60.25,0.0
SKU03567,2,0,130.0,52.5,0.0
SKU03568,5,0,131.6,68.0,0.0
SKU03569,1,0,47.0,23.0,0.0
SKU03570,3,0,125.33333333333333,64.0,0.0
SKU03571,1,0,50.0,20.0,0.0
SKU03572,1,0,73.0,55.0,0.0
SKU03573,1,0,108.0,37.0,0.0
SKU03574,21,0,291.8095238095238,60.80952380952381,0.0
SKU03575,7,0,113.0,66.71428571428571,0.0
SKU03576,1,0,14.0,21.0,0.0
SKU03577,3,0,26.333333333333332,66.33333333333333,0.0
SKU03579,6,0,98.33333333333333,56.5,0.0
SKU03580,28,0,228.92857142857142,51.142857142857146,0.0
SKU03581,1,0,62.0,48.0,0.0
SKU03582,16,0,238.75,54.375,0.0
SKU03583,25,0,244.36,57.52,0.0
SKU03584,1,0,115.0,61.0,0.0
SKU03585,2,0,56.0,62.5,0.0
SKU03587,4,0,76.25,54.0,0.0
SKU03588,2,0,75.0,76.5,0.0
SKU03589,1,0,41.0,75.0,0.0
SKU03590,1,0,70.0,51.0,0.0
SKU03591,3,0,114.33333333333333,64.0,0.0
SKU03592,30,0,245.5,54.733333333333334,0.0
SKU03593,2,0,59.5,23.0,0.0
SKU03594,1,0,84.0,71.0,0.0
SKU03595,1,0,134.0,77.0,0.0
SKU03596,2,0,62.5,61.0,0.0
SKU03597,3,0,126.0,68.0,0.0
SKU03598,4,0,121.25,70.75,0.0
SKU03599,1,0,32.0,37.0,0.0
SKU03600,30,0,279.26666666666665,64.03333333333333,0.0
SKU03601,5,0,127.6,70.6,0.0
SKU03602,21,0,265.4761904761905,60.904761904761905,0.0
SKU03603,29,0,289.9655172413793,64.17241379310344,0.0
SKU03604,2,0,44.5,52.5,0.0
SKU03605,5,0,92.0,76.6,0.0
SKU03606,4,0,86.25,55.0,0.0
SKU03607,5,0,56.8,60.6,0.0
SKU03608,2,0,108.5,70.0,0.0
SKU03609,30,0,313.06666666666666,66.93333333333334,0.0
SKU03610,1,0,88.0,64.0,0.0
SKU03611,1,0,47.0,46.0,0.0
SKU03612,1,0,18.0,49.0,0.0
SKU03613,5,0,84.0,41.0,0.0
SKU03614,4,0,73.75,54.75,0.0
SKU03615,3,0,64.66666666666667,56.333333333333336,0.0
SKU03616,4,0,55.75,40.0,0.0
SKU03617,5,0,121.4,59.6,0.0
SKU03618,2,0,77.0,72.0,0.0
SKU03619,16,0,294.3125,62.75,0.0
SKU03620,2,0,44.5,39.0,0.0
SKU03621,24,0,270.4166666666667,58.875,0.0
SKU03623,2,0,128.5,52.5,0.0
SKU03624,27,0,266.51851851851853,63.03703703703704,0.0
SKU03625,2,0,114.0,53.0,0.0
SKU03627,29,0,278.6551724137931,61.58620689655172,0.0
SKU03628,2,0,174.5,78.5,0.0
SKU03629,3,0,176.66666666666666,86.0,0.0
SKU03631,1,0,47.0,76.0,0.0
SKU03632,1,0,72.0,77.0,0.0
SKU03634,28,0,229.28571428571428,49.392857142857146,0.0
SKU03635,2,0,44.5,69.5,0.0
SKU03636,1,0,29.0,23.0,0.0
SKU03637,2,0,94.0,66.5,0.0
SKU03638,2,0,123.0,60.0,0.0
SKU03639,1,0,197.0,89.0,0.0
SKU03641,3,0,35.333333333333336,56.666666666666664,0.0
SKU03642,20,0,253.5,60.8,0.0
SKU03643,3,0,163.66666666666666,75.0,0.0
SKU03645,1,0,151.0,76.0,0.0
SKU03646,1,0,85.0,87.0,0.0
SKU03647,2,0,55.0,62.0,0.0
SKU03648,3,0,89.33333333333333,72.66666666666667,0.0
SKU03649,1,0,241.0,85.0,0.0
SKU03650,5,0,109.2,71.0,0.0
SKU03651,1,0,112.0,55.0,0.0
SKU03652,4,0,94.0,64.0,0.0
SKU03653,1,0,56.0,22.0,0.0
SKU03654,2,0,122.5,62.5,0.0
SKU03655,2,0,90.0,56.0,0.0
SKU03656,2,0,58.5,56.5,0.0
SKU03657,1,0,62.0,88.0,0.0
SKU03658,2,0,60.0,61.0,0.0
SKU03659,2,0,139.5,59.5,0.0
SKU03660,1,0,51.0,23.0,0.0
SKU03661,2,0,125.5,64.5,0.0
SKU03662,3,0,173.33333333333334,69.66666666666667,0.0
SKU03663,3,0,68.0,69.0,0.0
SKU03664,1,0,36.0,24.0,0.0
SKU03665,5,0,97.6,56.8,0.0
SKU03666,1,0,174.0,86.0,0.0
SKU03667,4,0,46.5,38.0,0.0
SKU03669,2,0,44.0,49.0,0.0
SKU03670,2,0,119.5,62.5,0.0
SKU03671,4,0,153.5,65.5,0.0
SKU03672,1,0,208.0,74.0,0.0
SKU03674,4,0,41.75,44.5,0.0
SKU03675,1,0,67.0,62.0,0.0
SKU03676,3,0,190.33333333333334,78.66666666666667,0.0
SKU03677,5,0,63.4,48.8,0.0
SKU03678,5,0,80.6,52.0,0.0
SKU03679,2,0,37.5,52.5,0.0
SKU03681,1,0,22.0,42.0,0.0
SKU03682,3,0,21.0,51.333333333333336,0.0
SKU03683,1,0,180.0,88.0,0.0
SKU03684,1,0,188.0,74.0,0.0
SKU03685,2,0,228.0,91.0,0.0
SKU03686,9,0,116.11111111111111,67.55555555555556,0.0
SKU03687,4,0,92.25,65.75,0.0
SKU03688,3,0,137.33333333333334,73.0,0.0
SKU03689,3,0,61.666666666666664,66.66666666666667,0.0
SKU03690,2,0,64.5,58.5,0.0
SKU03691,1,0,159.0,90.0,0.0
SKU03692,1,0,135.0,59.0,0.0
SKU03694,2,0,108.5,51.0,0.0
SKU03695,1,0,71.0,28.0,0.0
SKU03696,1,0,235.0,100.0,0.0
SKU03697,1,0,59.0,29.0,0.0
SKU03698,2,0,136.5,57.5,0.0
SKU03699,4,0,79.25,70.5,0.0
SKU03700,3,0,130.0,54.333333333333336,0.0
SKU03701,1,0,130.0,93.0,0.0
SKU03703,1,0,133.0,46.0,0.0
SKU03705,2,0,151.5,62.0,0.0
SKU03706,2,0,105.0,49.5,0.0
SKU03707,2,0,71.5,50.0,0.0
SKU03709,28,0,267.82142857142856,63.214285714285715,0.0
SKU03710,4,0,45.5,46.5,0.0
SKU03711,4,0,82.75,64.25,0.0
SKU03712,1,0,25.0,27.0,0.0
SKU03713,3,0,60.333333333333336,75.33333333333333,0.0
SKU03714,5,0,81.2,55.8,0.0
SKU03715,4,0,88.5,66.75,0.0
SKU03716,1,0,112.0,94.0,0.0
SKU03717,2,0,90.5,75.0,0.0
SKU03718,1,0,130.0,76.0,0.0
SKU03719,4,0,68.75,79.0,0.0
SKU03720,3,0,91.33333333333333,47.666666666666664,0.0
SKU03721,2,0,191.0,71.5,0.0
SKU03723,3,0,112.33333333333333,88.0,0.0
SKU03724,1,0,224.0,94.0,0.0
SKU03725,2,0,140.5,69.0,0.0
SKU03726,3,0,81.33333333333333,48.666666666666664,0.0
SKU03728,1,0,62.0,53.0,0.0
SKU03729,1,0,5.0,61.0,0.0
SKU03730,3,0,194.33333333333334,88.33333333333333,0.0
SKU03731,3,0,69.0,49.333333333333336,0.0
SKU03732,7,0,160.14285714285714,72.42857142857143,0.0
SKU03733,2,0,53.0,61.0,0.0
SKU03734,3,0,99.0,45.333333333333336,0.0
SKU03735,2,0,134.0,58.0,0.0
SKU03736,3,0,48.666666666666664,56.333333333333336,0.0
SKU03737,30,0,227.06666666666666,55.43333333333333,0.0
SKU03738,2,0,90.0,54.0,0.0
SKU03739,3,0,100.0,64.0,0.0
SKU03740,28,0,261.5357142857143,59.035714285714285,0.0
SKU03741,2,0,26.0,83.0,0.0
SKU03744,29,0,262.2413793103448,57.241379310344826,0.0
SKU03746,2,0,130.0,86.5,0.0
SKU03747,2,0,90.0,51.5,0.0
SKU03748,1,0,56.0,74.0,0.0
SKU03749,27,0,276.6296296296296,61.55555555555556,0.0
SKU03750,3,0,21.333333333333332,75.66666666666667,0.0
SKU03752,3,0,83.0,59.333333333333336,0.0
SKU03753,1,0,175.0,62.0,0.0
SKU03754,2,0,60.5,65.5,0.0
SKU03755,3,0,111.66666666666667,45.333333333333336,0.0
SKU03756,1,0,36.0,24.0,0.0
SKU03757,3,0,51.333333333333336,41.0,0.0
SKU03758,1,0,46.0,99.0,0.0
SKU03759,3,0,130.66666666666666,85.0,0.0
SKU03760,2,0,121.5,49.0,0.0
SKU03761,2,0,110.0,58.0,0.0
SKU03762,4,0,104.75,69.5,0.0
SKU03763,4,0,79.5,53.0,0.0
SKU03764,1,0,123.0,58.0,0.0
SKU03765,1,0,37.0,28.0,0.0
SKU03766,2,0,118.0,61.5,0.0
SKU03767,3,0,105.33333333333333,60.0,0.0
SKU03768,2,0,44.5,24.5,0.0
SKU03769,1,0,11.0,48.0,0.0
SKU03770,3,0,37.0,62.0,0.0
SKU03771,1,0,51.0,42.0,0.0
SKU03772,2,0,168.0,63.0,0.0
SKU03773,30,0,269.6666666666667,60.733333333333334,0.0
SKU03774,3,0,88.66666666666667,72.33333333333333,0.0
SKU03775,4,0,60.0,61.25,0.0
SKU03777,3,0,131.66666666666666,94.66666666666667,0.0
SKU03778,1,0,23.0,25.0,0.0
SKU03779,1,0,148.0,100.0,0.0
SKU03780,2,0,185.0,89.5,0.0
SKU03781,1,0,135.0,69.0,0.0
SKU03782,2,0,76.0,30.0,0.0
SKU03783,4,0,41.75,46.75,0.0
SKU03784,2,0,62.0,65.0,0.0
SKU03785,1,0,30.0,51.0,0.0
SKU03786,1,0,10.0,40.0,0.0
SKU03787,2,0,75.0,63.5,0.0
SKU03788,2,0,24.5,43.0,0.0
SKU03789,2,0,126.5,63.0,0.0
SKU03791,1,0,202.0,91.0,0.0
SKU03792,2,0,97.0,47.0,0.0
SKU03793,3,0,151.0,81.0,0.0
SKU03794,1,0,21.0,43.0,0.0
SKU03795,2,0,168.5,62.5,0.0
SKU03797,4,0,54.0,63.25,0.0
SKU03798,1,0,188.0,86.0,0.0
SKU03799,1,0,4.0,58.0,0.0
SKU03802,3,0,76.66666666666667,50.333333333333336,0.0
SKU03803,26,0,280.96153846153845,63.07692307692308,0.0
SKU03805,30,0,249.96666666666667,56.266666666666666,0.0
SKU03807,21,0,233.33333333333334,51.42857142857143,0.0
SKU03808,2,0,95.0,76.5,0.0
SKU03809,2,0,80.0,67.5,0.0
SKU03810,5,0,133.2,60.0,0.0
SKU03811,7,0,85.14285714285714,60.857142857142854,0.0
SKU03813,2,0,200.5,74.5,0.0
SKU03814,2,0,131.5,53.5,0.0
SKU03815,1,0,150.0,53.0,0.0
SKU03816,6,0,62.333333333333336,54.166666666666664,0.0
SKU03817,1,0,121.0,60.0,0.0
SKU03818,4,0,96.5,58.25,0.0
SKU03819,2,0,107.5,61.0,0.0
SKU03820,1,0,47.0,31.0,0.0
SKU03821,4,0,57.75,44.75,0.0
SKU03822,29,0,270.3448275862069,57.827586206896555,0.0
SKU03823,26,0,256.9230769230769,58.88461538461539,0.0
SKU03824,2,0,134.5,60.5,0.0
SKU03825,1,0,186.0,86.0,0.0
SKU03826,2,0,117.5,63.0,0.0
SKU03828,25,0,283.52,63.6,0.0
SKU03829,3,0,144.0,64.0,0.0
SKU03830,2,0,45.0,24.0,0.0
SKU03831,2,0,149.5,86.5,0.0
SKU03832,1,0,28.0,49.0,0.0
SKU03833,30,0,296.46666666666664,63.766666666666666,0.0
SKU03834,1,0,46.0,45.0,0.0
SKU03835,1,0,22.0,32.0,0.0
SKU03837,28,0,281.60714285714283,62.42857142857143,0.0
SKU03838,2,0,129.5,76.5,0.0
SKU03839,30,0,268.56666666666666,60.7,0.0
SKU03841,2,0,25.5,49.5,0.0
SKU03842,1,0,149.0,58.0,0.0
SKU03843,1,0,95.0,75.0,0.0
SKU03845,4,0,133.25,65.75,0.0
SKU03846,2,0,41.5,89.5,0.0
SKU03847,2,0,87.5,40.0,0.0
SKU03848,21,0,223.57142857142858,53.04761904761905,0.0
SKU03849,4,0,62.0,53.75,0.0
SKU03850,2,0,66.0,26.0,0.0
SKU03852,3,0,101.0,70.0,0.0
SKU03853,3,0,64.0,29.333333333333332,0.0
SKU03854,3,0,94.66666666666667,48.666666666666664,0.0
SKU03855,4,0,86.25,67.75,0.0
SKU03857,3,0,120.33333333333333,58.0,0.0
SKU03859,2,0,72.0,40.0,0.0
SKU03860,2,0,126.5,70.5,0.0
SKU03861,2,0,54.0,95.5,0.0
SKU03862,3,0,137.0,57.666666666666664,0.0
SKU03863,30,0,285.8,63.4,0.0
SKU03864,28,0,281.57142857142856,63.285714285714285,0.0
SKU03865,2,0,89.5,47.0,0.0
SKU03866,3,0,151.66666666666666,68.66666666666667,0.0
SKU03868,2,0,119.5,59.5,0.0
SKU03869,3,0,68.66666666666667,31.0,0.0
SKU03871,5,0,82.6,63.6,0.0
SKU03873,3,0,166.66666666666666,76.66666666666667,0.0
SKU03874,1,0,92.0,78.0,0.0
SKU03875,2,0,84.0,77.5,0.0
SKU03877,4,0,98.5,47.75,0.0
SKU03878,1,0,159.0,63.0,0.0
SKU03879,3,0,89.66666666666667,57.333333333333336,0.0
SKU03880,4,0,43.0,48.5,0.0
SKU03881,4,0,136.75,63.0,0.0
SKU03882,2,0,96.0,48.0,0.0
SKU03883,4,0,73.25,71.5,0.0
SKU03884,26,0,268.61538461538464,60.80769230769231,0.0
SKU03885,2,0,150.5,93.5,0.0
SKU03886,1,0,126.0,82.0,0.0
SKU03887,2,0,56.0,39.0,0.0
SKU03888,3,0,108.0,60.0,0.0
SKU03889,1,0,182.0,90.0,0.0
SKU03890,4,0,95.25,54.75,0.0
SKU03891,1,0,1.0,74.0,0.0
SKU03892,19,0,264.6842105263158,58.94736842105263,0.0
SKU03893,4,0,78.0,46.25,0.0
SKU03894,3,0,89.33333333333333,61.333333333333336,0.0
SKU03895,4,0,21.0,54.5,0.0
SKU03896,3,0,114.33333333333333,59.666666666666664,0.0
SKU03897,1,0,175.0,100.0,0.0
SKU03898,4,0,77.25,55.75,0.0
SKU03899,7,0,69.85714285714286,40.285714285714285,0.0
SKU03900,3,0,129.33333333333334,70.0,0.0
SKU03902,3,0,54.333333333333336,71.33333333333333,0.0
SKU03903,4,0,70.5,45.75,0.0
SKU03904,2,0,50.0,51.5,0.0
SKU03905,25,0,265.52,58.2,0.0
SKU03908,2,0,127.0,63.5,0.0
SKU03909,1,0,70.0,79.0,0.0
SKU03910,2,0,61.0,71.0,0.0
SKU03911,2,0,119.5,65.0,0.0
SKU03912,3,0,103.66666666666667,39.0,0.0
SKU03913,2,0,13.5,41.5,0.0
SKU03914,1,0,185.0,96.0,0.0
SKU03915,1,0,95.0,70.0,0.0
SKU03916,2,0,97.5,62.5,0.0
SKU03917,6,0,47.5,47.833333333333336,0.0
SKU03918,3,0,91.0,72.33333333333333,0.0
SKU03919,1,0,158.0,63.0,0.0
SKU03920,2,0,32.0,28.0,0.0
SKU03921,2,0,198.0,87.0,0.0
SKU03922,1,0,191.0,91.0,0.0
SKU03923,2,0,88.5,56.5,0.0
SKU03924,2,0,105.0,69.5,0.0
SKU03925,3,0,61.0,54.0,0.0
SKU03927,1,0,189.0,88.0,0.0
SKU03928,1,0,101.0,62.0,0.0
SKU03929,1,0,164.0,98.0,0.0
SKU03930,2,0,24.5,36.0,0.0
SKU03931,15,0,237.0,64.2,0.0
SKU03932,27,0,339.962962962963,70.74074074074075,0.0
SKU03933,2,0,67.0,58.0,0.0
SKU03934,3,0,44.0,90.66666666666667,0.0
SKU03935,20,0,257.65,56.6,0.0
SKU03936,4,0,110.75,53.5,0.0
SKU03937,5,0,88.0,66.0,0.0
SKU03938,1,0,270.0,91.0,0.0
SKU03939,2,0,9.0,60.0,0.0
SKU03940,4,0,40.5,56.75,0.0
SKU03941,30,0,284.1333333333333,59.833333333333336,0.0
SKU03942,2,0,74.0,49.0,0.0
SKU03943,2,0,42.0,66.5,0.0
SKU03944,5,0,131.2,78.0,0.0
SKU03945,3,0,103.33333333333333,71.66666666666667,0.0
SKU03947,2,0,124.0,65.0,0.0
SKU03948,2,0,22.0,61.0,0.0
SKU03949,1,0,217.0,76.0,0.0
SKU03950,29,0,273.2758620689655,64.17241379310344,0.0
SKU03951,4,0,56.25,69.0,0.0
SKU03952,2,0,35.5,89.5,0.0
SKU03953,3,0,38.0,52.0,0.0
SKU03954,2,0,131.0,84.5,0.0
SKU03955,3,0,46.666666666666664,31.0,0.0
SKU03956,2,0,87.5,75.5,0.0
SKU03958,3,0,168.33333333333334,73.33333333333333,0.0
SKU03959,1,0,205.0,89.0,0.0
SKU03960,1,0,216.0,80.0,0.0
SKU03961,17,0,262.05882352941177,64.0,0.0
SKU03962,1,0,69.0,34.0,0.0
SKU03963,5,0,134.8,64.4,0.0
SKU03964,2,0,88.5,66.0,0.0
SKU03965,2,0,131.0,88.0,0.0
SKU03966,17,0,259.52941176470586,59.529411764705884,0.0
SKU03967,3,0,133.0,58.0,0.0
SKU03968,30,0,284.76666666666665,58.166666666666664,0.0
SKU03969,4,0,74.75,54.0,0.0
SKU03970,1,0,104.0,48.0,0.0
SKU03971,2,0,69.0,44.5,0.0
SKU03972,4,0,106.0,53.0,0.0
SKU03974,1,0,125.0,65.0,0.0
SKU03975,30,0,295.1666666666667,64.7,0.0
SKU03976,2,0,209.5,72.5,0.0
SKU03977,2,0,89.5,66.0,0.0
SKU03978,1,0,189.0,70.0,0.0
SKU03979,1,0,223.0,83.0,0.0
SKU03980,4,0,124.5,81.25,0.0
SKU03981,3,0,93.66666666666667,65.33333333333333,0.0
SKU03982,2,0,73.5,48.0,0.0
SKU03983,3,0,111.66666666666667,48.333333333333336,0.0
SKU03984,5,0,125.2,71.6,0.0
SKU03985,3,0,129.66666666666666,71.33333333333333,0.0
SKU03986,3,0,82.0,55.333333333333336,0.0
SKU03987,2,0,25.0,41.0,0.0
SKU03988,2,0,47.0,52.5,0.0
SKU03989,4,0,57.25,49.0,0.0
SKU03990,1,0,32.0,40.0,0.0
SKU03991,26,0,263.38461538461536,61.69230769230769,0.0
SKU03994,2,0,153.5,74.5,0.0
SKU03995,2,0,176.5,90.5,0.0
SKU03996,4,0,84.25,75.0,0.0
SKU03997,3,0,80.66666666666667,58.666666666666664,0.0
SKU03998,1,0,38.0,45.0,0.0
SKU04000,1,0,5.0,23.0,0.0
SKU04001,4,0,108.25,66.0,0.0
SKU04002,3,0,134.33333333333334,81.0,0.0
SKU04003,2,0,88.0,61.5,0.0
SKU04004,1,0,102.0,36.0,0.0
SKU04005,4,0,53.75,58.25,0.0
SKU04006,1,0,51.0,34.0,0.0
SKU04007,2,0,78.5,48.0,0.0
SKU04008,3,0,77.33333333333333,49.333333333333336,0.0
SKU04009,4,0,95.0,74.0,0.0
SKU04010,2,0,50.5,33.0,0.0
SKU04011,2,0,53.0,58.0,0.0
SKU04013,2,0,80.5,50.5,0.0
SKU04014,2,0,39.0,42.5,0.0
SKU04015,3,0,137.33333333333334,66.0,0.0
SKU04017,2,0,130.5,76.5,0.0
SKU04018,23,0,316.0869565217391,62.73913043478261,0.0
SKU04019,30,0,287.76666666666665,62.5,0.0
SKU04020,4,0,47.0,47.75,0.0
SKU04021,3,0,101.0,49.666666666666664,0.0
SKU04022,3,0,106.33333333333333,78.0,0.0
SKU04023,2,0,111.0,65.5,0.0
SKU04024,2,0,115.0,61.0,0.0
SKU04025,2,0,77.5,39.5,0.0
SKU04026,2,0,122.5,62.0,0.0
SKU04028,4,0,93.0,67.75,0.0
SKU04029,1,0,118.0,94.0,0.0
SKU04030,2,0,154.0,79.0,0.0
SKU04031,1,0,87.0,38.0,0.0
SKU04033,2,0,80.5,47.0,0.0
SKU04034,1,0,73.0,68.0,0.0
SKU04036,1,0,179.0,77.0,0.0
SKU04037,2,0,107.0,60.0,0.0
SKU04038,4,0,89.25,76.75,0.0
SKU04039,1,0,143.0,76.0,0.0
SKU04040,1,0,30.0,30.0,0.0
SKU04042,2,0,80.5,53.5,0.0
SKU04044,4,0,85.25,66.75,0.0
SKU04045,2,0,114.0,88.0,0.0
SKU04048,24,0,275.625,61.791666666666664,0.0
SKU04049,5,0,151.4,70.2,0.0
SKU04050,4,0,98.75,70.25,0.0
SKU04051,2,0,96.5,37.5,0.0
SKU04052,24,0,257.0833333333333,59.125,0.0
SKU04053,29,0,261.7931034482759,62.0,0.0
SKU04054,30,0,250.8,56.43333333333333,0.0
SKU04055,1,0,41.0,26.0,0.0
SKU04056,2,0,19.0,53.0,0.0
SKU04057,5,0,142.2,77.0,0.0
SKU04058,1,0,67.0,89.0,0.0
SKU04060,6,0,90.5,50.333333333333336,0.0
SKU04061,2,0,48.0,39.5,0.0
SKU04062,30,0,263.1333333333333,59.5,0.0
SKU04063,3,0,16.666666666666668,56.0,0.0
SKU04065,3,0,118.0,59.0,0.0
SKU04066,3,0,166.0,73.33333333333333,0.0
SKU04068,1,0,67.0,24.0,0.0
SKU04069,2,0,68.5,62.0,0.0
SKU04070,2,0,57.5,61.0,0.0
SKU04071,3,0,122.66666666666667,49.666666666666664,0.0
SKU04072,1,0,55.0,81.0,0.0
SKU04073,30,0,251.3,57.8,0.0
SKU04074,1,0,7.0,50.0,0.0
SKU04075,1,0,59.0,94.0,0.0
SKU04076,1,0,27.0,23.0,0.0
SKU04077,3,0,168.66666666666666,62.0,0.0
SKU04078,6,0,97.0,75.0,0.0
SKU04079,2,0,42.0,63.5,0.0
SKU04080,1,0,186.0,67.0,0.0
SKU04081,4,0,44.5,39.5,0.0
SKU04082,1,0,110.0,55.0,0.0
SKU04083,1,0,191.0,82.0,0.0
SKU04084,4,0,116.25,72.5,0.0
SKU04085,2,0,102.5,91.5,0.0
SKU04086,3,0,96.66666666666667,65.33333333333333,0.0
SKU04087,2,0,64.0,43.5,0.0
SKU04088,1,0,73.0,28.0,0.0
SKU04089,3,0,124.33333333333333,63.0,0.0
SKU04090,3,0,158.66666666666666,77.33333333333333,0.0
SKU04091,2,0,60.0,68.0,0.0
SKU04092,2,0,155.0,84.0,0.0
SKU04093,2,0,122.0,65.5,0.0
SKU04094,2,0,72.0,57.0,0.0
SKU04095,3,0,146.0,58.666666666666664,0.0
SKU04096,1,0,88.0,41.0,0.0
SKU04097,2,0,53.5,39.5,0.0
SKU04098,4,0,114.5,55.0,0.0
SKU04101,2,0,58.5,31.5,0.0
SKU04102,26,0,290.5769230769231,67.92307692307692,0.0
SKU04103,1,0,16.0,46.0,0.0
SKU04104,2,0,30.0,36.5,0.0
SKU04106,25,0,242.72,50.92,0.0
SKU04107,29,0,269.1034482758621,59.51724137931034,0.0
SKU04108,3,0,135.33333333333334,73.33333333333333,0.0
SKU04109,3,0,71.33333333333333,62.333333333333336,0.0
SKU04110,1,0,165.0,70.0,0.0
SKU04111,1,0,104.0,50.0,0.0
SKU04114,1,0,213.0,84.0,0.0
SKU04116,4,0,104.75,64.75,0.0
SKU04117,2,0,38.5,68.5,0.0
SKU04118,21,0,263.5238095238095,57.0,0.0
SKU04119,1,0,117.0,83.0,0.0
SKU04120,2,0,77.5,46.0,0.0
SKU04121,4,0,54.5,51.75,0.0
SKU04122,3,0,117.66666666666667,56.666666666666664,0.0
SKU04123,2,0,41.0,34.5,0.0
SKU04124,1,0,102.0,59.0,0.0
SKU04125,2,0,137.0,92.0,0.0
SKU04127,1,0,137.0,81.0,0.0
SKU04128,1,0,154.0,78.0,0.0
SKU04129,2,0,140.5,62.0,0.0
SKU04130,1,0,44.0,92.0,0.0
SKU04131,2,0,80.5,52.5,0.0
SKU04132,1,0,150.0,51.0,0.0
SKU04133,3,0,98.33333333333333,54.333333333333336,0.0
SKU04135,3,0,121.33333333333333,75.66666666666667,0.0
SKU04136,2,0,86.0,57.0,0.0
SKU04137,2,0,45.5,53.5,0.0
SKU04138,2,0,35.5,40.5,0.0
SKU04139,2,0,86.0,55.5,0.0
SKU04141,2,0,55.0,52.0,0.0
SKU04142,28,0,247.64285714285714,57.642857142857146,0.0
SKU04144,28,0,271.85714285714283,64.25,0.0
SKU04145,27,0,253.66666666666666,53.77777777777778,0.0
SKU04146,1,0,161.0,60.0,0.0
SKU04147,27,0,283.0,61.51851851851852,0.0
SKU04148,1,0,37.0,49.0,0.0
SKU04149,1,0,34.0,28.0,0.0
SKU04150,1,0,93.0,74.0,0.0
SKU04151,5,0,53.2,47.8,0.0
SKU04152,28,0,263.7857142857143,57.67857142857143,0.0
SKU04153,30,0,274.4,59.666666666666664,0.0
SKU04155,1,0,74.0,64.0,0.0
SKU04158,16,0,273.5625,66.25,0.0
SKU04159,3,0,82.66666666666667,61.0,0.0
SKU04160,27,0,249.88888888888889,55.22222222222222,0.0
SKU04161,1,0,66.0,69.0,0.0
SKU04162,2,0,15.5,27.5,0.0
SKU04163,2,0,53.0,63.0,0.0
SKU04164,2,0,66.5,28.5,0.0
SKU04165,3,0,95.66666666666667,55.666666666666664,0.0
SKU04170,3,0,61.0,53.666666666666664,0.0
SKU04171,1,0,5.0,88.0,0.0
SKU04172,2,0,119.0,61.0,0.0
SKU04173,4,0,35.75,36.75,0.0
SKU04174,2,0,128.0,57.0,0.0
SKU04175,2,0,25.5,55.0,0.0
SKU04176,1,0,10.0,25.0,0.0
SKU04177,5,0,108.0,53.8,0.0
SKU04178,4,0,84.75,46.0,0.0
SKU04179,2,0,88.5,41.0,0.0
SKU04180,5,0,87.6,64.0,0.0
SKU04181,1,0,55.0,97.0,0.0
SKU04184,1,0,125.0,54.0,0.0
SKU04185,3,0,36.333333333333336,34.0,0.0
SKU04186,2,0,170.0,62.5,0.0
SKU04187,3,0,101.66666666666667,67.33333333333333,0.0
SKU04188,2,0,71.5,69.5,0.0
SKU04189,2,0,77.5,55.5,0.0
SKU04190,2,0,51.0,42.0,0.0
SKU04192,4,0,190.0,91.75,0.0
SKU04193,1,0,46.0,30.0,0.0
SKU04194,24,0,296.9166666666667,65.83333333333333,0.0
SKU04195,1,0,210.0,81.0,0.0
SKU04196,1,0,223.0,86.0,0.0
SKU04197,4,0,155.0,74.5,0.0
SKU04198,2,0,201.0,90.0,0.0
SKU04199,2,0,114.5,51.0,0.0
SKU04201,3,0,108.33333333333333,61.333333333333336,0.0
SKU04202,4,0,77.75,55.5,0.0
SKU04203,4,0,96.0,78.25,0.0
SKU04204,3,0,95.66666666666667,52.333333333333336,0.0
SKU04205,1,0,127.0,90.0,0.0
SKU04206,1,0,38.0,64.0,0.0
SKU04207,2,0,65.0,84.5,0.0
SKU04208,1,0,73.0,90.0,0.0
SKU04209,2,0,88.5,41.0,0.0
SKU04211,3,0,40.0,50.0,0.0
SKU04212,29,0,253.06896551724137,58.275862068965516,0.0
SKU04213,1,0,155.0,63.0,0.0
SKU04214,1,0,73.0,54.0,0.0
SKU04215,29,0,250.86206896551724,57.06896551724138,0.0
SKU04216,2,0,95.0,53.5,0.0
SKU04217,23,0,286.4782608695652,63.608695652173914,0.0
SKU04218,1,0,93.0,71.0,0.0
SKU04219,3,0,110.33333333333333,65.0,0.0
SKU04220,2,0,128.5,68.0,0.0
SKU04221,2,0,90.5,47.0,0.0
SKU04222,30,0,289.73333333333335,64.83333333333333,0.0
SKU04223,4,0,56.5,53.0,0.0
SKU04225,1,0,169.0,65.0,0.0
SKU04226,3,0,153.66666666666666,76.33333333333333,0.0
SKU04227,1,0,80.0,28.0,0.0
SKU04228,27,0,268.48148148148147,60.74074074074074,0.0
SKU04229,1,0,142.0,58.0,0.0
SKU04230,1,0,32.0,50.0,0.0
SKU04231,1,0,155.0,61.0,0.0
SKU04233,2,0,123.5,90.5,0.0
SKU04234,2,0,64.5,74.0,0.0
SKU04235,5,0,96.2,61.4,0.0
SKU04236,24,0,317.5416666666667,68.125,0.0
SKU04237,1,0,78.0,31.0,0.0
SKU04238,3,0,89.33333333333333,75.66666666666667,0.0
SKU04239,2,0,87.0,58.0,0.0
SKU04240,1,0,66.0,42.0,0.0
SKU04241,1,0,46.0,37.0,0.0
SKU04242,1,0,107.0,53.0,0.0
SKU04243,1,0,28.0,31.0,0.0
SKU04244,17,0,279.47058823529414,63.529411764705884,0.0
SKU04246,1,0,130.0,68.0,0.0
SKU04247,1,0,88.0,30.0,0.0
SKU04249,25,0,288.24,65.08,0.0
SKU04250,29,0,290.0344827586207,63.275862068965516,0.0
SKU04251,5,0,70.6,59.8,0.0
SKU04252,2,0,60.5,29.5,0.0
SKU04253,1,0,20.0,54.0,0.0
SKU04254,4,0,91.75,54.5,0.0
SKU04255,5,0,64.0,57.0,0.0
SKU04256,2,0,18.0,42.5,0.0
SKU04258,2,0,130.0,66.0,0.0
SKU04259,3,0,154.0,79.66666666666667,0.0
SKU04261,29,0,256.3448275862069,56.13793103448276,0.0
SKU04262,1,0,89.0,39.0,0.0
SKU04263,3,0,111.33333333333333,56.0,0.0
SKU04265,20,0,271.15,57.1,0.0
SKU04266,3,0,112.33333333333333,49.333333333333336,0.0
SKU04267,3,0,87.0,48.0,0.0
SKU04270,2,0,184.5,93.5,0.0
SKU04272,1,0,26.0,20.0,0.0
SKU04274,2,0,138.5,84.5,0.0
SKU04275,1,0,28.0,46.0,0.0
SKU04276,2,0,72.0,60.0,0.0
SKU04277,3,0,127.0,60.333333333333336,0.0
SKU04281,25,0,279.88,63.72,0.0
SKU04282,2,0,106.5,59.0,0.0
SKU04283,1,0,136.0,80.0,0.0
SKU04284,4,0,50.75,47.5,0.0
SKU04285,3,0,159.0,62.0,0.0
SKU04286,2,0,107.0,69.0,0.0
SKU04287,2,0,6.0,44.0,0.0
SKU04289,2,0,86.5,72.5,0.0
SKU04290,1,0,85.0,58.0,0.0
SKU04291,3,0,108.0,70.33333333333333,0.0
SKU04292,27,0,269.44444444444446,61.111111111111114,0.0
SKU04293,2,0,36.0,25.0,0.0
SKU04294,2,0,88.5,72.5,0.0
SKU04295,3,0,28.0,34.0,0.0
SKU04296,1,0,70.0,26.0,0.0
SKU04297,2,0,128.5,81.0,0.0
SKU04298,2,0,94.5,45.5,0.0
SKU04299,3,0,126.66666666666667,66.0,0.0
SKU04300,4,0,58.25,49.0,0.0
SKU04301,1,0,89.0,62.0,0.0
SKU04302,1,0,69.0,30.0,0.0
SKU04303,3,0,151.0,65.0,0.0
SKU04304,2,0,49.5,38.0,0.0
SKU04306,4,0,70.5,53.0,0.0
SKU04307,4,0,92.25,71.75,0.0
SKU04308,1,0,87.0,35.0,0.0
SKU04310,3,0,103.0,69.66666666666667,0.0
SKU04311,2,0,132.0,60.5,0.0
SKU04313,3,0,82.33333333333333,59.333333333333336,0.0
SKU04314,2,0,101.5,70.5,0.0
SKU04317,2,0,106.0,56.5,0.0
SKU04319,26,0,258.11538461538464,57.23076923076923,0.0
SKU04320,2,0,119.5,60.5,0.0
SKU04322,2,0,65.0,52.5,0.0
SKU04323,1,0,37.0,47.0,0.0
SKU04324,1,0,3.0,27.0,0.0
SKU04325,1,0,77.0,32.0,0.0
SKU04326,2,0,96.5,55.5,0.0
SKU04327,3,0,38.0,55.666666666666664,0.0
SKU04328,3,0,48.666666666666664,69.0,0.0
SKU04330,1,0,64.0,42.0,0.0
SKU04331,4,0,108.25,68.25,0.0
SKU04332,1,0,46.0,42.0,0.0
SKU04333,4,0,59.5,52.5,0.0
SKU04334,26,0,272.46153846153845,60.38461538461539,0.0
SKU04335,3,0,44.0,60.0,0.0
SKU04336,1,0,184.0,92.0,0.0
SKU04338,2,0,134.0,58.0,0.0
SKU04339,1,0,12.0,41.0,0.0
SKU04340,5,0,98.6,58.6,0.0
SKU04342,1,0,95.0,41.0,0.0
SKU04343,1,0,110.0,83.0,0.0
SKU04344,2,0,17.0,33.0,0.0
SKU04345,4,0,96.0,58.5,0.0
SKU04347,1,0,213.0,99.0,0.0
SKU04349,2,0,162.0,87.0,0.0
SKU04351,1,0,168.0,64.0,0.0
SKU04352,25,0,304.92,63.76,0.0
SKU04353,1,0,74.0,58.0,0.0
SKU04354,2,0,66.0,47.0,0.0
SKU04355,2,0,47.5,44.0,0.0
SKU04356,2,0,176.0,65.5,0.0
SKU04357,4,0,96.5,43.0,0.0
SKU04358,3,0,28.666666666666668,66.66666666666667,0.0
SKU04360,2,0,115.0,73.5,0.0
SKU04361,1,0,97.0,42.0,0.0
SKU04363,1,0,73.0,81.0,0.0
SKU04364,6,0,179.16666666666666,79.83333333333333,0.0
SKU04365,3,0,100.0,60.333333333333336,0.0
SKU04366,2,0,125.0,53.5,0.0
SKU04368,2,0,14.0,37.5,0.0
SKU04369,6,0,122.5,59.333333333333336,0.0
SKU04370,4,0,89.25,69.0,0.0
SKU04372,1,0,8.0,62.0,0.0
SKU04373,5,0,96.0,52.4,0.0
SKU04375,1,0,116.0,84.0,0.0
SKU04377,1,0,122.0,70.0,0.0
SKU04378,3,0,104.0,59.666666666666664,0.0
SKU04379,3,0,38.0,48.0,0.0
SKU04380,2,0,36.0,27.0,0.0
SKU04383,1,0,70.0,54.0,0.0
SKU04384,3,0,114.33333333333333,59.666666666666664,0.0
SKU04386,1,0,14.0,27.0,0.0
SKU04387,3,0,149.66666666666666,60.666666666666664,0.0
SKU04388,22,0,244.5,59.04545454545455,0.0
SKU04389,1,0,233.0,93.0,0.0
SKU04391,3,0,70.66666666666667,29.0,0.0
SKU04392,28,0,265.39285714285717,59.785714285714285,0.0
SKU04394,2,0,64.5,50.0,0.0
SKU04395,1,0,32.0,33.0,0.0
SKU04396,4,0,123.75,75.25,0.0
SKU04397,2,0,29.0,33.0,0.0
SKU04398,6,0,106.0,69.66666666666667,0.0
SKU04400,2,0,165.0,78.5,0.0
SKU04401,26,0,277.6923076923077,62.34615384615385,0.0
SKU04402,2,0,20.0,41.5,0.0
SKU04403,4,0,58.25,52.25,0.0
SKU04404,3,0,131.33333333333334,61.666666666666664,0.0
SKU04405,2,0,27.0,74.0,0.0
SKU04408,1,0,16.0,24.0,0.0
SKU04409,28,0,277.57142857142856,60.285714285714285,0.0
SKU04410,2,0,77.0,73.0,0.0
SKU04411,3,0,111.0,78.66666666666667,0.0
SKU04412,25,0,274.84,61.4,0.0
SKU04413,2,0,135.0,72.0,0.0
SKU04414,30,0,304.2,62.93333333333333,0.0
SKU04415,3,0,151.0,80.0,0.0
SKU04416,3,0,102.33333333333333,94.0,0.0
SKU04417,5,0,102.8,61.6,0.0
SKU04418,3,0,101.33333333333333,58.0,0.0
SKU04419,2,0,55.0,43.0,0.0
SKU04420,1,0,15.0,21.0,0.0
SKU04421,3,0,133.66666666666666,64.0,0.0
SKU04422,3,0,73.33333333333333,69.0,0.0
SKU04424,3,0,27.0,79.66666666666667,0.0
SKU04425,16,0,269.375,63.375,0.0
SKU04427,2,0,18.5,55.0,0.0
SKU04428,4,0,165.25,77.5,0.0
SKU04429,1,0,20.0,58.0,0.0
SKU04430,1,0,139.0,48.0,0.0
SKU04431,2,0,37.5,59.0,0.0
SKU04432,2,0,44.0,50.0,0.0
SKU04433,4,0,108.25,72.5,0.0
SKU04435,2,0,185.5,96.5,0.0
SKU04436,2,0,66.5,81.5,0.0
SKU04437,1,0,49.0,37.0,0.0
SKU04438,3,0,66.66666666666667,52.0,0.0
SKU04439,1,0,35.0,52.0,0.0
SKU04440,4,0,98.0,68.75,0.0
SKU04441,2,0,40.5,44.5,0.0
SKU04442,29,0,271.17241379310343,56.3448275862069,0.0
SKU04443,28,0,288.25,61.607142857142854,0.0
SKU04445,2,0,155.5,77.5,0.0
SKU04446,4,0,80.75,61.0,0.0
SKU04447,3,0,117.0,48.333333333333336,0.0
SKU04448,6,0,63.166666666666664,66.5,0.0
SKU04449,2,0,81.0,78.5,0.0
SKU04450,5,0,63.0,49.6,0.0
SKU04451,1,0,26.0,27.0,0.0
SKU04452,5,0,65.6,70.2,0.0
SKU04454,3,0,43.0,60.333333333333336,0.0
SKU04455,6,0,135.0,67.5,0.0
SKU04456,7,0,70.57142857142857,49.42857142857143,0.0
SKU04457,4,0,78.75,44.75,0.0
SKU04458,3,0,71.0,63.0,0.0
SKU04459,1,0,147.0,87.0,0.0
SKU04461,16,0,270.3125,62.375,0.0
SKU04462,3,0,107.66666666666667,64.33333333333333,0.0
SKU04463,4,0,29.75,51.5,0.0
SKU04464,3,0,130.33333333333334,66.33333333333333,0.0
SKU04465,1,0,52.0,25.0,0.0
SKU04466,1,0,116.0,61.0,0.0
SKU04467,3,0,108.33333333333333,57.0,0.0
SKU04468,20,0,254.4,57.3,0.0
SKU04469,2,0,29.5,62.0,0.0
SKU04470,17,0,263.94117647058823,62.8235294117647,0.0
SKU04471,1,0,63.0,52.0,0.0
SKU04472,5,0,57.8,57.2,0.0
SKU04473,1,0,221.0,83.0,0.0
SKU04474,2,0,201.5,86.5,0.0
SKU04475,30,0,324.6666666666667,71.56666666666666,0.0
SKU04477,1,0,134.0,73.0,0.0
SKU04478,2,0,3.5,57.5,0.0
SKU04479,2,0,177.5,75.5,0.0
SKU04480,3,0,38.333333333333336,28.0,0.0
SKU04481,5,0,116.2,63.8,0.0
SKU04482,3,0,48.0,62.0,0.0
SKU04483,4,0,122.75,70.75,0.0
SKU04484,1,0,261.0,93.0,0.0
SKU04485,1,0,33.0,79.0,0.0
SKU04487,1,0,8.0,27.0,0.0
SKU04488,3,0,153.33333333333334,83.33333333333333,0.0
SKU04490,2,0,65.5,71.0,0.0
SKU04491,30,0,292.06666666666666,61.3,0.0
SKU04492,1,0,24.0,70.0,0.0
SKU04493,4,0,127.5,76.25,0.0
SKU04494,4,0,94.75,55.0,0.0
SKU04495,4,0,122.0,65.25,0.0
SKU04497,1,0,4.0,80.0,0.0
SKU04498,3,0,114.0,64.0,0.0
SKU04499,20,0,272.25,68.8,0.0
SKU04500,3,0,71.33333333333333,51.333333333333336,0.0
SKU04501,3,0,66.0,47.333333333333336,0.0
SKU04502,2,0,32.5,35.5,0.0
SKU04503,3,0,125.0,58.333333333333336,0.0
SKU04504,20,0,157.6,43.35,0.0
SKU04505,30,0,291.0,62.86666666666667,0.0
SKU04506,7,0,85.0,58.285714285714285,0.0
SKU04507,2,0,39.0,26.0,0.0
SKU04509,4,0,64.5,64.5,0.0
SKU04510,3,0,74.66666666666667,36.333333333333336,0.0
SKU04511,5,0,100.2,55.4,0.0
SKU04512,2,0,76.5,51.0,0.0
SKU04513,3,0,69.0,67.66666666666667,0.0
SKU04515,4,0,52.0,47.0,0.0
SKU04516,5,0,144.2,80.8,0.0
SKU04517,1,0,33.0,54.0,0.0
SKU04518,3,0,116.33333333333333,63.333333333333336,0.0
SKU04519,3,0,90.66666666666667,70.66666666666667,0.0
SKU04520,1,0,37.0,29.0,0.0
SKU04521,6,0,79.83333333333333,64.83333333333333,0.0
SKU04522,4,0,117.5,53.75,0.0
SKU04523,3,0,149.0,65.33333333333333,0.0
SKU04524,1,0,5.0,74.0,0.0
SKU04525,3,0,71.66666666666667,49.666666666666664,0.0
SKU04526,30,0,266.5,59.9,0.0
SKU04527,4,0,86.25,73.75,0.0
SKU04528,1,0,77.0,87.0,0.0
SKU04530,2,0,148.0,73.5,0.0
SKU04531,1,0,12.0,25.0,0.0
SKU04532,29,0,267.82758620689657,60.758620689655174,0.0
SKU04533,3,0,55.0,62.0,0.0
SKU04535,2,0,71.0,53.0,0.0
SKU04536,1,0,6.0,29.0,0.0
SKU04538,3,0,77.66666666666667,48.0,0.0
SKU04539,2,0,114.5,75.0,0.0
SKU04540,4,0,124.25,57.75,0.0
SKU04541,1,0,133.0,80.0,0.0
SKU04542,4,0,90.25,49.5,0.0
SKU04543,8,0,100.75,57.75,0.0
SKU04544,3,0,99.0,68.0,0.0
SKU04546,1,0,186.0,67.0,0.0
SKU04548,1,0,3.0,41.0,0.0
SKU04549,1,0,42.0,24.0,0.0
SKU04550,2,0,10.5,63.0,0.0
SKU04552,2,0,154.0,68.0,0.0
SKU04553,3,0,81.0,62.0,0.0
SKU04554,29,0,282.6896551724138,61.172413793103445,0.0
SKU04555,1,0,35.0,58.0,0.0
SKU04556,2,0,112.5,73.0,0.0
SKU04557,2,0,83.0,50.0,0.0
SKU04558,1,0,97.0,45.0,0.0
SKU04559,1,0,70.0,32.0,0.0
SKU04560,6,0,119.66666666666667,67.66666666666667,0.0
SKU04561,17,0,319.3529411764706,70.52941176470588,0.0
SKU04563,3,0,137.33333333333334,65.66666666666667,0.0
SKU04564,4,0,109.25,75.5,0.0
SKU04565,1,0,34.0,50.0,0.0
SKU04566,28,0,249.96428571428572,58.214285714285715,0.0
SKU04567,3,0,74.66666666666667,66.33333333333333,0.0
SKU04568,3,0,58.0,56.0,0.0
SKU04569,1,0,210.0,75.0,0.0
SKU04570,5,0,68.4,49.0,0.0
SKU04572,3,0,85.66666666666667,76.0,0.0
SKU04573,2,0,35.0,94.5,0.0
SKU04575,2,0,30.5,31.5,0.0
SKU04577,1,0,78.0,36.0,0.0
SKU04578,2,0,215.0,98.0,0.0
SKU04579,1,0,45.0,56.0,0.0
SKU04580,30,0,222.46666666666667,55.1,0.0
SKU04581,3,0,127.0,64.66666666666667,0.0
SKU04582,2,0,82.0,66.5,0.0
SKU04583,2,0,126.5,74.0,0.0
SKU04584,4,0,106.25,54.75,0.0
SKU04585,3,0,31.333333333333332,63.666666666666664,0.0
SKU04586,2,0,86.5,52.0,0.0
SKU04587,2,0,17.0,30.0,0.0
SKU04588,1,0,158.0,94.0,0.0
SKU04589,3,0,122.0,77.33333333333333,0.0
SKU04591,24,0,293.7083333333333,62.5,0.0
SKU04592,3,0,126.0,66.0,0.0
SKU04593,4,0,115.0,78.5,0.0
SKU04595,1,0,131.0,44.0,0.0
SKU04597,2,0,221.0,91.0,0.0
SKU04598,2,0,78.0,75.0,0.0
SKU04601,4,0,86.25,64.75,0.0
SKU04602,2,0,181.0,68.0,0.0
SKU04603,2,0,32.5,27.5,0.0
SKU04604,4,0,83.25,56.5,0.0
SKU04605,29,0,249.51724137931035,54.793103448275865,0.0
SKU04607,24,0,228.20833333333334,50.416666666666664,0.0
SKU04608,1,0,9.0,87.0,0.0
SKU04609,3,0,73.0,68.33333333333333,0.0
SKU04610,2,0,106.0,77.0,0.0
SKU04611,2,0,58.0,64.0,0.0
SKU04612,27,0,280.25925925925924,59.629629629629626,0.0
SKU04613,5,0,71.8,37.6,0.0
SKU04614,5,0,71.2,55.2,0.0
SKU04616,3,0,64.33333333333333,54.0,0.0
SKU04617,2,0,35.5,35.0,0.0
SKU04618,1,0,62.0,50.0,0.0
SKU04620,1,0,17.0,24.0,0.0
SKU04623,1,0,200.0,73.0,0.0
SKU04625,2,0,43.0,42.0,0.0
SKU04628,3,0,106.0,59.333333333333336,0.0
SKU04629,2,0,81.0,49.0,0.0
SKU04630,1,0,7.0,23.0,0.0
SKU04632,2,0,21.5,70.0,0.0
SKU04634,1,0,35.0,42.0,0.0
SKU04635,2,0,44.0,33.5,0.0
SKU04636,22,0,216.45454545454547,51.90909090909091,0.0
SKU04637,2,0,57.5,64.5,0.0
SKU04638,2,0,102.5,90.0,0.0
SKU04639,1,0,61.0,75.0,0.0
SKU04640,1,0,60.0,29.0,0.0
SKU04641,27,0,273.77777777777777,62.03703703703704,0.0
SKU04642,2,0,178.0,81.0,0.0
SKU04643,26,0,265.88461538461536,57.88461538461539,0.0
SKU04644,1,0,110.0,48.0,0.0
SKU04645,3,0,112.66666666666667,53.0,0.0
SKU04648,2,0,51.5,66.5,0.0
SKU04649,1,0,10.0,38.0,0.0
SKU04650,2,0,155.0,62.0,0.0
SKU04651,1,0,53.0,34.0,0.0
SKU04652,30,0,219.33333333333334,51.666666666666664,0.0
SKU04653,30,0,264.53333333333336,58.13333333333333,0.0
SKU04654,30,0,208.06666666666666,53.333333333333336,0.0
SKU04657,2,0,100.5,57.0,0.0
SKU04659,1,0,167.0,82.0,0.0
SKU04660,1,0,42.0,68.0,0.0
SKU04661,1,0,262.0,91.0,0.0
SKU04662,1,0,26.0,33.0,0.0
SKU04664,29,0,269.6551724137931,60.10344827586207,0.0
SKU04665,30,0,276.56666666666666,59.6,0.0
SKU04667,1,0,30.0,34.0,0.0
SKU04668,2,0,127.0,49.0,0.0
SKU04669,1,0,27.0,35.0,0.0
SKU04670,25,0,261.76,63.44,0.0
SKU04671,2,0,153.5,76.5,0.0
SKU04672,2,0,32.5,85.5,0.0
SKU04673,2,0,143.5,59.5,0.0
SKU04674,3,0,118.33333333333333,73.33333333333333,0.0
SKU04675,3,0,81.66666666666667,59.333333333333336,0.0
SKU04676,2,0,66.5,58.0,0.0
SKU04677,1,0,293.0,98.0,0.0
SKU04678,2,0,132.0,69.5,0.0
SKU04679,28,0,283.2857142857143,63.392857142857146,0.0
SKU04680,3,0,27.666666666666668,47.333333333333336,0.0
SKU04681,2,0,68.0,54.5,0.0
SKU04682,3,0,26.0,43.0,0.0
SKU04683,3,0,77.66666666666667,53.0,0.0
SKU04684,4,0,84.0,71.75,0.0
SKU04685,2,0,72.5,71.0,0.0
SKU04686,1,0,93.0,72.0,0.0
SKU04688,3,0,136.0,79.0,0.0
SKU04690,30,0,277.73333333333335,58.03333333333333,0.0
SKU04692,2,0,30.5,44.0,0.0
SKU04693,26,0,280.96153846153845,61.96153846153846,0.0
SKU04694,2,0,55.0,33.0,0.0
SKU04695,2,0,60.0,63.5,0.0
SKU04698,6,0,101.33333333333333,60.0,0.0
SKU04699,5,0,93.8,60.0,0.0
SKU04700,2,0,23.5,43.0,0.0
SKU04701,2,0,95.0,43.0,0.0
SKU04702,3,0,170.0,64.33333333333333,0.0
SKU04703,5,0,27.4,56.6,0.0
SKU04704,2,0,137.5,75.0,0.0
SKU04705,2,0,35.0,26.5,0.0
SKU04706,16,0,221.1875,54.5625,0.0
SKU04707,3,0,40.666666666666664,48.0,0.0
SKU04708,2,0,102.0,59.0,0.0
SKU04709,1,0,163.0,87.0,0.0
SKU04711,4,0,125.0,68.5,0.0
SKU04712,3,0,120.0,64.33333333333333,0.0
SKU04713,2,0,74.5,50.0,0.0
SKU04715,1,0,25.0,27.0,0.0
SKU04716,2,0,32.0,51.0,0.0
SKU04717,19,0,293.4736842105263,66.6842105263158,0.0
SKU04718,3,0,59.0,46.333333333333336,0.0
SKU04719,2,0,119.5,50.5,0.0
SKU04720,2,0,117.5,44.0,0.0
SKU04721,2,0,143.0,75.5,0.0
SKU04723,3,0,117.66666666666667,52.0,0.0
SKU04724,2,0,95.0,60.0,0.0
SKU04726,24,0,311.0416666666667,67.66666666666667,0.0
SKU04727,2,0,62.5,36.0,0.0
SKU04728,4,0,120.0,62.25,0.0
SKU04729,29,0,249.0,56.3448275862069,0.0
SKU04731,5,0,143.2,67.8,0.0
SKU04732,4,0,84.75,77.25,0.0
SKU04733,5,0,63.0,41.6,0.0
SKU04734,1,0,201.0,80.0,0.0
SKU04735,2,0,44.0,29.5,0.0
SKU04736,2,0,201.0,81.0,0.0
SKU04737,1,0,141.0,58.0,0.0
SKU04738,1,0,69.0,48.0,0.0
SKU04739,2,0,52.5,94.5,0.0
SKU04740,1,0,13.0,30.0,0.0
SKU04741,27,0,274.22222222222223,60.2962962962963,0.0
SKU04742,5,0,103.2,65.6,0.0
SKU04743,5,0,103.6,56.2,0.0
SKU04745,2,0,96.0,73.5,0.0
SKU04746,1,0,101.0,81.0,0.0
SKU04747,30,0,264.3333333333333,64.5,0.0
SKU04748,1,0,53.0,23.0,0.0
SKU04749,2,0,116.0,64.5,0.0
SKU04750,4,0,32.0,45.0,0.0
SKU04751,2,0,72.5,58.5,0.0
SKU04752,2,0,29.5,30.0,0.0
SKU04753,25,0,255.4,54.04,0.0
SKU04754,2,0,67.5,47.0,0.0
SKU04755,2,0,108.5,77.5,0.0
SKU04757,24,0,296.7916666666667,63.625,0.0
SKU04758,1,0,123.0,52.0,0.0
SKU04759,3,0,65.0,50.666666666666664,0.0
SKU04760,1,0,46.0,57.0,0.0
SKU04761,3,0,53.666666666666664,36.333333333333336,0.0
SKU04762,1,0,136.0,65.0,0.0
SKU04763,3,0,97.66666666666667,57.0,0.0
SKU04764,2,0,99.0,78.0,0.0
SKU04765,2,0,101.0,84.0,0.0
SKU04766,1,0,6.0,69.0,0.0
SKU04767,2,0,175.0,66.5,0.0
SKU04768,28,0,277.5357142857143,58.67857142857143,0.0
SKU04770,2,0,89.5,65.0,0.0
SKU04771,30,0,259.96666666666664,63.1,0.0
SKU04772,2,0,61.5,74.5,0.0
SKU04773,1,0,7.0,25.0,0.0
SKU04774,4,0,56.5,48.75,0.0
SKU04775,4,0,131.25,85.5,0.0
SKU04776,3,0,210.33333333333334,79.0,0.0
SKU04777,2,0,29.5,68.5,0.0
SKU04779,2,0,117.5,57.0,0.0
SKU04781,4,0,140.25,54.25,0.0
SKU04784,1,0,207.0,71.0,0.0
SKU04785,2,0,41.0,32.5,0.0
SKU04786,1,0,13.0,68.0,0.0
SKU04787,4,0,141.5,69.5,0.0
SKU04788,1,0,234.0,99.0,0.0
SKU04789,1,0,228.0,96.0,0.0
SKU04790,1,0,37.0,59.0,0.0
SKU04791,25,0,270.52,61.0,0.0
SKU04792,4,0,130.5,78.5,0.0
SKU04794,2,0,240.5,98.0,0.0
SKU04795,26,0,276.0,59.38461538461539,0.0
SKU04796,6,0,67.33333333333333,68.16666666666667,0.0
SKU04797,17,0,257.47058823529414,57.88235294117647,0.0
SKU04798,22,0,279.40909090909093,67.45454545454545,0.0
SKU04800,1,0,20.0,66.0,0.0
SKU04801,3,0,99.0,47.333333333333336,0.0
SKU04802,2,0,140.0,66.0,0.0
SKU04803,2,0,154.5,65.5,0.0
SKU04804,1,0,73.0,35.0,0.0
SKU04805,3,0,154.66666666666666,70.66666666666667,0.0
SKU04806,1,0,106.0,36.0,0.0
SKU04807,2,0,111.5,60.0,0.0
SKU04808,5,0,75.4,42.6,0.0
SKU04810,4,0,61.5,50.25,0.0
SKU04811,4,0,71.25,64.75,0.0
SKU04812,1,0,72.0,36.0,0.0
SKU04814,2,0,103.5,52.0,0.0
SKU04815,2,0,101.5,62.5,0.0
SKU04816,1,0,58.0,30.0,0.0
SKU04817,2,0,130.5,60.0,0.0
SKU04818,1,0,144.0,70.0,0.0
SKU04819,1,0,59.0,28.0,0.0
SKU04820,1,0,2.0,81.0,0.0
SKU04821,3,0,33.0,67.33333333333333,0.0
SKU04822,3,0,27.0,42.666666666666664,0.0
SKU04823,1,0,13.0,31.0,0.0
SKU04825,1,0,36.0,93.0,0.0
SKU04826,1,0,119.0,69.0,0.0
SKU04828,3,0,69.0,61.0,0.0
SKU04829,2,0,143.0,78.0,0.0
SKU04830,1,0,10.0,29.0,0.0
SKU04831,30,0,267.76666666666665,62.13333333333333,0.0
SKU04832,4,0,54.75,49.25,0.0
SKU04833,3,0,123.0,76.66666666666667,0.0
SKU04836,4,0,82.25,66.5,0.0
SKU04837,2,0,49.0,58.5,0.0
SKU04838,4,0,129.5,63.25,0.0
SKU04839,1,0,35.0,43.0,0.0
SKU04840,1,0,156.0,81.0,0.0
SKU04841,3,0,88.33333333333333,52.666666666666664,0.0
SKU04842,2,0,44.5,46.0,0.0
SKU04843,1,0,141.0,65.0,0.0
SKU04844,2,0,88.0,70.5,0.0
SKU04845,3,0,120.0,60.333333333333336,0.0
SKU04846,1,0,66.0,39.0,0.0
SKU04848,1,0,20.0,21.0,0.0
SKU04849,28,0,273.14285714285717,58.535714285714285,0.0
SKU04850,3,0,142.66666666666666,72.33333333333333,0.0
SKU04851,1,0,44.0,33.0,0.0
SKU04852,2,0,155.5,83.5,0.0
SKU04853,2,0,161.5,72.5,0.0
SKU04854,20,0,267.0,61.4,0.0
SKU04855,2,0,141.5,71.5,0.0
SKU04856,27,0,266.55555555555554,60.111111111111114,0.0
SKU04857,1,0,200.0,72.0,0.0
SKU04858,1,0,217.0,86.0,0.0
SKU04859,3,0,54.666666666666664,40.0,0.0
SKU04861,2,0,78.5,39.0,0.0
SKU04862,3,0,111.66666666666667,62.333333333333336,0.0
SKU04864,1,0,63.0,28.0,0.0
SKU04865,4,0,76.5,72.25,0.0
SKU04866,2,0,154.0,84.0,0.0
SKU04867,1,0,99.0,57.0,0.0
SKU04868,1,0,44.0,23.0,0.0
SKU04869,1,0,96.0,71.0,0.0
SKU04872,3,0,64.0,56.0,0.0
SKU04873,2,0,24.5,39.0,0.0
SKU04874,1,0,64.0,35.0,0.0
SKU04876,2,0,75.0,92.0,0.0
SKU04877,1,0,108.0,72.0,0.0
SKU04878,2,0,91.0,56.5,0.0
SKU04879,15,0,334.6666666666667,66.66666666666667,0.0
SKU04880,2,0,49.5,55.0,0.0
SKU04881,2,0,48.5,52.5,0.0
SKU04882,2,0,78.5,64.0,0.0
SKU04883,1,0,156.0,81.0,0.0
SKU04884,1,0,208.0,93.0,0.0
SKU04885,5,0,85.4,70.2,0.0
SKU04886,2,0,155.5,89.0,0.0
SKU04887,25,0,288.72,59.44,0.0
SKU04888,28,0,238.35714285714286,51.964285714285715,0.0
SKU04889,3,0,104.0,57.666666666666664,0.0
SKU04891,3,0,58.666666666666664,33.333333333333336,0.0
SKU04892,3,0,96.0,82.33333333333333,0.0
SKU04893,1,0,162.0,67.0,0.0
SKU04894,22,0,265.0,60.13636363636363,0.0
SKU04895,1,0,2.0,34.0,0.0
SKU04896,2,0,123.5,98.5,0.0
SKU04897,1,0,26.0,65.0,0.0
SKU04899,3,0,51.0,59.0,0.0
SKU04900,3,0,57.333333333333336,74.33333333333333,0.0
SKU04901,28,0,281.5,62.785714285714285,0.0
SKU04902,30,0,282.03333333333336,63.43333333333333,0.0
SKU04903,3,0,73.0,75.33333333333333,0.0
SKU04904,2,0,116.5,59.5,0.0
SKU04905,30,0,251.5,56.63333333333333,0.0
SKU04906,4,0,117.75,59.25,0.0
SKU04907,2,0,123.5,50.0,0.0
SKU04908,1,0,44.0,22.0,0.0
SKU04909,1,0,93.0,50.0,0.0
SKU04910,1,0,17.0,36.0,0.0
SKU04911,1,0,24.0,80.0,0.0
SKU04912,3,0,74.33333333333333,41.333333333333336,0.0
SKU04914,2,0,62.0,57.0,0.0
SKU04916,7,0,78.85714285714286,40.285714285714285,0.0
SKU04917,3,0,31.333333333333332,49.333333333333336,0.0
SKU04918,2,0,99.0,52.0,0.0
SKU04919,28,0,288.5357142857143,63.107142857142854,0.0
SKU04920,3,0,131.33333333333334,51.0,0.0
SKU04922,1,0,47.0,51.0,0.0
SKU04923,6,0,88.16666666666667,43.333333333333336,0.0
SKU04924,1,0,69.0,65.0,0.0
SKU04925,1,0,20.0,96.0,0.0
SKU04927,2,0,77.5,48.5,0.0
SKU04928,1,0,34.0,70.0,0.0
SKU04929,3,0,123.33333333333333,58.666666666666664,0.0
SKU04930,1,0,216.0,73.0,0.0
SKU04931,1,0,30.0,24.0,0.0
SKU04932,3,0,33.333333333333336,53.0,0.0
SKU04934,1,0,58.0,27.0,0.0
SKU04935,3,0,52.0,34.0,0.0
SKU04936,2,0,203.5,84.0,0.0
SKU04937,1,0,38.0,27.0,0.0
SKU04938,1,0,123.0,82.0,0.0
SKU04939,1,0,34.0,28.0,0.0
SKU04940,3,0,78.33333333333333,48.666666666666664,0.0
SKU04941,19,0,304.8421052631579,58.8421052631579,0.0
SKU04942,1,0,213.0,86.0,0.0
SKU04943,4,0,85.5,56.0,0.0
SKU04944,3,0,42.666666666666664,44.666666666666664,0.0
SKU04945,16,0,273.875,57.875,0.0
SKU04946,2,0,41.5,29.5,0.0
SKU04947,4,0,103.25,66.75,0.0
SKU04948,4,0,81.75,51.0,0.0
SKU04950,4,0,40.5,49.75,0.0
SKU04951,1,0,8.0,98.0,0.0
SKU04952,1,0,206.0,94.0,0.0
SKU04953,20,0,239.3,54.95,0.0
SKU04954,2,0,166.5,66.5,0.0
SKU04955,30,0,251.2,58.56666666666667,0.0
SKU04957,3,0,21.333333333333332,43.666666666666664,0.0
SKU04958,29,0,275.44827586206895,62.241379310344826,0.0
SKU04959,3,0,141.66666666666666,51.333333333333336,0.0
SKU04960,1,0,106.0,61.0,0.0
SKU04961,2,0,123.5,60.5,0.0
SKU04962,4,0,119.5,79.0,0.0
SKU04963,1,0,91.0,32.0,0.0
SKU04964,3,0,130.66666666666666,54.0,0.0
SKU04965,4,0,66.5,30.75,0.0
SKU04966,1,0,112.0,55.0,0.0
SKU04967,2,0,137.5,65.5,0.0
SKU04968,2,0,51.0,57.0,0.0
SKU04969,1,0,48.0,64.0,0.0
SKU04970,3,0,111.66666666666667,63.333333333333336,0.0
SKU04971,4,0,145.0,52.0,0.0
SKU04972,2,0,203.5,72.5,0.0
SKU04973,2,0,78.0,38.5,0.0
SKU04974,2,0,110.0,52.5,0.0
SKU04975,1,0,10.0,23.0,0.0
SKU04977,2,0,80.0,48.5,0.0
SKU04978,1,0,22.0,96.0,0.0
SKU04979,1,0,76.0,50.0,0.0
SKU04980,1,0,86.0,39.0,0.0
SKU04981,1,0,89.0,44.0,0.0
SKU04982,1,0,92.0,43.0,0.0
SKU04983,3,0,83.66666666666667,66.0,0.0
SKU04984,2,0,123.0,75.0,0.0
SKU04985,4,0,119.0,66.0,0.0
SKU04986,3,0,24.333333333333332,41.333333333333336,0.0
SKU04987,30,0,284.6666666666667,65.83333333333333,0.0
SKU04988,2,0,94.5,37.5,0.0
SKU04989,3,0,149.66666666666666,76.0,0.0
SKU04990,2,0,65.0,66.5,0.0
SKU04991,3,0,122.0,73.66666666666667,0.0
SKU04992,1,0,78.0,45.0,0.0
SKU04993,1,0,39.0,48.0,0.0
SKU04994,1,0,78.0,92.0,0.0
SKU04995,2,0,127.0,52.0,0.0
SKU04996,28,0,296.39285714285717,67.39285714285714,0.0
SKU04997,2,0,123.0,85.5,0.0
SKU04998,1,0,115.0,60.0,0.0
SKU04999,2,0,35.5,58.5,0.0
SKU05000,20,0,240.2,56.0,0.0
