store_id,sku_id,sku_name,category,stock_on_hand,reorder_point,safety_stock,forecast_total_demand,forecast_average_daily_demand,forecast_demand_std,days_of_forecast_coverage,demand_variability_ratio,stockout_risk_flag,overstock_risk_flag,demand_volatility_flag,inventory_status,replenishment_priority,recommended_order_quantity
ST01,SKU00825,BasicNeeds Energy Drinks Pack of 6,Beverages,33.0,69.0,18.0,22.43516666666667,22.43516666666667,0.0,1.4709050523359901,0.0,1,0,0,REORDER,HIGH,36
ST01,SKU01086,PremiumSelect Bath & Body 250ml,Personal Care,32.0,91.0,35.0,15.959333333333332,15.959333333333332,0.0,2.0050962863945863,0.0,1,0,0,CRITICAL,HIGH,59
ST04,SKU02469,PurePlus Vitamins & Supplements Large,Health & Wellness,45.0,59.0,27.0,17.845985714285717,17.845985714285717,0.0,2.5215754803601285,0.0,1,0,0,REORDER,HIGH,14
ST04,SKU02921,MetroBrand Laundry 250g,Home Care,36.0,75.0,32.0,47.47608095238097,47.47608095238097,0.0,0.7582765737573915,0.0,1,0,0,REORDER,HIGH,39
ST04,SKU04900,HomeStyle Storage & Containers 1kg,Home & Kitchen,5.0,76.0,19.0,12.0318,12.0318,0.0,0.41556541830815,0.0,1,0,0,CRITICAL,HIGH,71
ST07,SKU00926,NutriPlus Soft Drinks 1L,Beverages,23.0,79.0,25.0,39.61149206349208,39.61149206349208,0.0,0.5806395770988375,0.0,1,0,0,CRITICAL,HIGH,56
ST07,SKU03821,CityFresh Air Fresheners Family Pack,Home Care,40.0,75.0,19.0,11.986857142857144,11.986857142857144,0.0,3.3369881298565094,0.0,1,0,0,REORDER,HIGH,35
ST08,SKU04309,HealthFirst Coffee Small,Beverages,11.0,66.0,25.0,4.009666666666667,4.009666666666667,0.0,2.7433701887106157,0.0,1,0,0,CRITICAL,HIGH,55
ST10,SKU02593,FreshFarm Ready Meals 500g,Frozen Foods,10.0,44.0,19.0,13.018238095238091,13.018238095238091,0.0,0.7681531038872207,0.0,1,0,0,CRITICAL,HIGH,34
ST11,SKU02580,FamilyChoice Pest Control 250g,Home Care,59.0,89.0,26.0,10.852933333333334,10.852933333333334,0.0,5.436318291828937,0.0,1,0,0,REORDER,HIGH,30
ST11,SKU03563,HealthFirst Footwear Small,Apparel & Footwear,13.0,68.0,14.0,2.987,2.987,0.0,4.352192835621024,0.0,1,0,0,CRITICAL,HIGH,55
ST12,SKU01506,GoldenHarvest Candy 2L,Snacks & Confectionery,72.0,91.0,32.0,24.394066666666664,0.554410606060606,3.677543920193135,129.8676454110426,6.6332495807108,1,0,1,REORDER,HIGH,19
ST12,SKU01885,EverydayPlus Office Supplies 1kg,Stationery & Office,31.0,38.0,10.0,7.014666666666667,7.014666666666667,0.0,4.419311917886334,0.0,1,0,0,REORDER,HIGH,7
ST12,SKU03597,GreenValley Laundry 500g,Home Care,22.0,23.0,5.0,16.048700000000004,16.048700000000004,0.0,1.3708275436639725,0.0,1,0,0,REORDER,HIGH,1
ST13,SKU04680,QuickBite Dishwashing 2kg,Home Care,22.0,52.0,13.0,9.023428571428571,9.023428571428571,0.0,2.438097650560446,0.0,1,0,0,REORDER,HIGH,30
ST14,SKU00714,EverydayPlus Men's Wear 2L,Apparel & Footwear,23.0,28.0,11.0,13.8555,13.8555,0.0,1.6599906174443362,0.0,1,0,0,REORDER,HIGH,5
ST15,SKU02649,ValueChoice Batteries Large,Electronics & Accessories,2.0,69.0,15.0,2.008,2.008,0.0,0.9960159362549801,0.0,1,0,0,CRITICAL,HIGH,67
ST15,SKU02863,FamilyChoice Rice & Grains Medium,Grocery,75.0,80.0,34.0,0.0,0.0,0.0,0.0,0.0,1,0,0,REORDER,HIGH,5
ST16,SKU02606,FamilyChoice Home Decor Pack of 12,Home & Kitchen,19.0,30.0,15.0,17.098980952380956,17.098980952380956,0.0,1.1111773299773362,0.0,1,0,0,REORDER,HIGH,11
ST17,SKU01718,GoldenHarvest Men's Wear Pack of 6,Apparel & Footwear,35.0,63.0,21.0,31.424271428571416,31.424271428571416,0.0,1.1137887501880943,0.0,1,0,0,REORDER,HIGH,28
ST17,SKU02488,SunriseFoods Small Appliances Small,Electronics & Accessories,18.0,79.0,36.0,49.35130476190475,49.35130476190475,0.0,0.36473199820837476,0.0,1,0,0,CRITICAL,HIGH,61
ST18,SKU03940,NatureBlend Writing Instruments 2L,Stationery & Office,33.0,42.0,16.0,6.280399999999999,6.280399999999999,0.0,5.254442392204319,0.0,1,0,0,REORDER,HIGH,9
ST19,SKU00338,GoldenHarvest Ready Meals Large,Frozen Foods,1.0,28.0,12.0,3.023,3.023,0.0,0.33079722130334105,0.0,1,0,0,CRITICAL,HIGH,27
ST19,SKU01617,SparkleClean Ice Cream Medium,Frozen Foods,70.0,93.0,31.0,8.996533333333334,8.996533333333334,0.0,7.7807748169665345,0.0,1,0,0,REORDER,HIGH,23
ST19,SKU02433,SmartBuy Eggs 1kg,Dairy & Bakery,24.0,46.0,17.0,18.088438095238097,18.088438095238097,0.0,1.3268143923558642,0.0,1,0,0,REORDER,HIGH,22
ST21,SKU04632,GoldenHarvest Vitamins & Supplements 2L,Health & Wellness,25.0,72.0,33.0,7.009333333333334,7.009333333333334,0.0,3.5666730074186797,0.0,1,0,0,CRITICAL,HIGH,47
ST22,SKU01590,HomeStyle Chocolates 250g,Snacks & Confectionery,47.0,54.0,20.0,49.5326619047619,49.5326619047619,0.0,0.948868851231304,0.0,1,0,0,REORDER,HIGH,7
ST22,SKU02265,DailyBest Hair Care 2L,Personal Care,41.0,60.0,25.0,6.993333333333334,6.993333333333334,0.0,5.862726406101048,0.0,1,0,0,REORDER,HIGH,19
ST22,SKU03955,MetroBrand Pulses & Lentils 500g,Grocery,34.0,37.0,10.0,4.656557142857142,4.656557142857142,0.0,7.301531787740177,0.0,1,0,0,REORDER,HIGH,3
ST23,SKU00623,QuickBite Cooking Oil Small,Grocery,27.0,30.0,6.0,9.125,9.125,0.0,2.958904109589041,0.0,1,0,0,REORDER,HIGH,3
ST24,SKU00076,TrueTaste Butter & Ghee Pack of 12,Dairy & Bakery,33.0,35.0,14.0,16.971,16.971,0.0,1.9444935478168641,0.0,1,0,0,REORDER,HIGH,2
ST25,SKU03943,UrbanBite Bath & Body 2kg,Personal Care,38.0,86.0,34.0,3.007,3.007,0.0,12.637179913535084,0.0,1,0,0,REORDER,HIGH,48
ST28,SKU04334,FreshFarm Pulses & Lentils 250ml,Grocery,33.0,39.0,11.0,0.0,0.0,0.0,0.0,0.0,1,0,0,REORDER,HIGH,6
ST29,SKU04314,CrispKing OTC Medicine 250ml,Health & Wellness,61.0,74.0,32.0,24.84933968253968,24.84933968253968,0.0,2.454793599318918,0.0,1,0,0,REORDER,HIGH,13
ST30,SKU02121,PremiumSelect Cheese 250g,Dairy & Bakery,31.0,83.0,33.0,28.028071428571423,28.028071428571423,0.0,1.1060340016259211,0.0,1,0,0,CRITICAL,HIGH,52
ST30,SKU02258,HomeStyle Small Appliances 250ml,Electronics & Accessories,55.0,87.0,31.0,35.656261904761905,35.656261904761905,0.0,1.5425060581758496,0.0,1,0,0,REORDER,HIGH,32
ST01,SKU00498,PurePlus Ready Meals 1kg,Frozen Foods,384.0,70.0,20.0,5.011333333333334,5.011333333333334,0.0,76.62631368897165,0.0,0,1,0,OVERSTOCK,NONE,0
ST01,SKU00530,FreshFarm Notebooks 2kg,Stationery & Office,107.0,41.0,16.0,11.433541269841273,11.433541269841273,0.0,9.35843038256558,0.0,0,1,0,OVERSTOCK,NONE,0
ST01,SKU01822,CleanWave Office Supplies Medium,Stationery & Office,290.0,82.0,36.0,22.33422698412698,22.33422698412698,0.0,12.984555060092482,0.0,0,1,0,OVERSTOCK,NONE,0
ST01,SKU01857,ValueChoice Air Fresheners Large,Home Care,83.0,20.0,4.0,27.00810476190476,27.00810476190476,0.0,3.073151586596052,0.0,0,1,0,OVERSTOCK,NONE,0
ST01,SKU02500,EliteHome Eggs Large,Dairy & Bakery,100.0,24.0,7.0,28.85445714285715,28.85445714285715,0.0,3.465669082072984,0.0,0,1,0,OVERSTOCK,NONE,0
ST01,SKU02534,SmartBuy Kids Wear 500g,Apparel & Footwear,275.0,70.0,20.0,29.10670000000001,29.10670000000001,0.0,9.447996509394741,0.0,0,1,0,OVERSTOCK,NONE,0
ST01,SKU02763,TrueTaste Dishwashing 1kg,Home Care,108.0,63.0,15.0,5.045933333333332,5.045933333333332,0.0,21.403374334447545,0.0,0,1,0,OVERSTOCK,NONE,0
ST01,SKU03991,DailyBest Batteries Pack of 6,Electronics & Accessories,200.0,38.0,18.0,13.630333333333336,13.630333333333336,0.0,14.673155462082118,0.0,0,1,0,OVERSTOCK,NONE,0
ST01,SKU04742,QuickBite Ready Meals 100g,Frozen Foods,137.0,65.0,14.0,18.071942857142854,18.071942857142854,0.0,7.580811929462878,0.0,0,1,0,OVERSTOCK,NONE,0
ST01,SKU04955,PureLife Bottled Water 2kg,Beverages,473.0,82.0,24.0,34.23491746031746,34.23491746031746,0.0,13.816303209968769,0.0,0,1,0,OVERSTOCK,NONE,0
ST02,SKU00553,PrimeCare Biscuits & Cookies Pack of 12,Snacks & Confectionery,508.0,90.0,35.0,47.73290952380953,47.73290952380953,0.0,10.64255259249608,0.0,0,1,0,OVERSTOCK,NONE,0
ST02,SKU00589,NovaFresh Mobile Accessories Pack of 12,Electronics & Accessories,284.0,61.0,22.0,5.7975047619047615,5.7975047619047615,0.0,48.98659193281839,0.0,0,1,0,OVERSTOCK,NONE,0
ST02,SKU00706,BasicNeeds Storage & Containers 500ml,Home & Kitchen,421.0,93.0,31.0,10.957933333333331,10.957933333333331,0.0,38.41965334095846,0.0,0,1,0,OVERSTOCK,NONE,0
ST02,SKU00860,FamilyChoice Frozen Vegetables Small,Frozen Foods,94.0,25.0,5.0,5.970333333333333,5.970333333333333,0.0,15.74451454413489,0.0,0,1,0,OVERSTOCK,NONE,0
ST02,SKU01305,CityFresh Frozen Meat 500g,Frozen Foods,30.0,21.0,7.0,19.017333333333333,19.017333333333333,0.0,1.5775082380985768,0.0,0,1,0,OVERSTOCK,NONE,0
ST02,SKU02463,DailyBest Chocolates Small,Snacks & Confectionery,251.0,45.0,20.0,14.983133333333331,14.983133333333331,0.0,16.75217021806743,0.0,0,1,0,OVERSTOCK,NONE,0
ST02,SKU03347,HealthFirst Energy Drinks 250ml,Beverages,165.0,46.0,19.0,5.102333333333333,5.102333333333333,0.0,32.33814594629908,0.0,0,1,0,OVERSTOCK,NONE,0
ST02,SKU03520,PrimeCare Candy Pack of 6,Snacks & Confectionery,337.0,93.0,31.0,16.912,16.912,0.0,19.92667928098392,0.0,0,1,0,OVERSTOCK,NONE,0
ST02,SKU03596,EverydayPlus Writing Instruments Pack of 12,Stationery & Office,84.0,76.0,29.0,23.364052380952383,23.364052380952383,0.0,3.59526672130222,0.0,0,1,0,OVERSTOCK,NONE,0
ST03,SKU00354,PurePlus Home Decor 2kg,Home & Kitchen,477.0,80.0,39.0,16.252871428571428,16.252871428571428,0.0,29.34866014884403,0.0,0,1,0,OVERSTOCK,NONE,0
ST03,SKU00572,QuickBite Writing Instruments Pack of 6,Stationery & Office,198.0,71.0,16.0,29.28070793650793,29.28070793650793,0.0,6.76213158607168,0.0,0,1,0,OVERSTOCK,NONE,0
ST03,SKU01877,HomeStyle Vitamins & Supplements 2kg,Health & Wellness,102.0,30.0,8.0,20.973466666666663,20.973466666666663,0.0,4.863287582405707,0.0,0,1,0,OVERSTOCK,NONE,0
ST03,SKU02365,BasicNeeds Juices 1L,Beverages,134.0,93.0,25.0,19.369450793650792,19.369450793650792,0.0,6.918110452771564,0.0,0,1,0,OVERSTOCK,NONE,0
ST03,SKU02630,CrispKing Pulses & Lentils 100g,Grocery,381.0,86.0,17.0,19.310636507936515,19.310636507936515,0.0,19.73005912277475,0.0,0,1,0,OVERSTOCK,NONE,0
ST03,SKU03139,TrueTaste Chocolates 2L,Snacks & Confectionery,149.0,31.0,14.0,2.128,2.128,0.0,70.0187969924812,0.0,0,1,0,OVERSTOCK,NONE,0
ST03,SKU03177,BasicNeeds Juices Family Pack,Beverages,191.0,62.0,18.0,4.025333333333333,0.4025333333333333,1.2729221674731117,474.49486584961915,3.16227766016838,0,1,1,OVERSTOCK,NONE,0
ST03,SKU03587,SunriseFoods Oral Care Family Pack,Personal Care,99.0,47.0,22.0,28.173900000000007,28.173900000000007,0.0,3.513890515690053,0.0,0,1,0,OVERSTOCK,NONE,0
ST04,SKU00237,UrbanBite Pulses & Lentils Family Pack,Grocery,145.0,45.0,21.0,17.74962857142857,17.74962857142857,0.0,8.169185029223952,0.0,0,1,0,OVERSTOCK,NONE,0
ST04,SKU00649,DailyBest Bread Medium,Dairy & Bakery,320.0,67.0,32.0,12.954000000000002,12.954000000000002,0.0,24.70279450362822,0.0,0,1,0,OVERSTOCK,NONE,0
ST04,SKU01803,PureLife Spices & Seasoning 1L,Grocery,118.0,39.0,9.0,10.049066666666668,10.049066666666668,0.0,11.742384035665001,0.0,0,1,0,OVERSTOCK,NONE,0
ST04,SKU02128,HomeStyle Spices & Seasoning 2L,Grocery,370.0,83.0,17.0,10.998666666666669,10.998666666666669,0.0,33.64044126560795,0.0,0,1,0,OVERSTOCK,NONE,0
ST04,SKU03869,EliteHome Chips & Crisps 250g,Snacks & Confectionery,98.0,33.0,10.0,2.799073015873016,2.799073015873016,0.0,35.011591139016545,0.0,0,1,0,OVERSTOCK,NONE,0
ST04,SKU03931,GreenValley Home Decor 500g,Home & Kitchen,264.0,61.0,13.0,26.13093333333333,26.13093333333333,0.0,10.102968639977142,0.0,0,1,0,OVERSTOCK,NONE,0
ST05,SKU00371,CityFresh Oral Care Medium,Personal Care,350.0,74.0,15.0,32.5699523809524,32.5699523809524,0.0,10.746101065983979,0.0,0,1,0,OVERSTOCK,NONE,0
ST05,SKU02103,MetroBrand Namkeen Medium,Snacks & Confectionery,366.0,93.0,29.0,8.018,8.018,0.0,45.64729358942379,0.0,0,1,0,OVERSTOCK,NONE,0
ST05,SKU04955,PureLife Bottled Water 2kg,Beverages,139.0,44.0,14.0,8.025333333333332,8.025333333333332,0.0,17.320152849310517,0.0,0,1,0,OVERSTOCK,NONE,0
ST05,SKU04979,DailyBest Mobile Accessories 2kg,Electronics & Accessories,76.0,50.0,25.0,3.006,3.006,0.0,25.282767797737858,0.0,0,1,0,OVERSTOCK,NONE,0
ST07,SKU00516,GoldenHarvest Batteries 250g,Electronics & Accessories,227.0,62.0,16.0,20.043676190476184,20.043676190476184,0.0,11.32526777237899,0.0,0,1,0,OVERSTOCK,NONE,0
ST07,SKU01675,ValueChoice Kids Wear 250ml,Apparel & Footwear,439.0,77.0,33.0,16.014266666666668,1.779362962962963,3.5598866834510825,246.71751022005378,2.0006523444341133,0,1,1,OVERSTOCK,NONE,0
ST07,SKU01827,ValueChoice Office Supplies 2kg,Stationery & Office,235.0,49.0,13.0,16.029933333333336,16.029933333333336,0.0,14.66007344592824,0.0,0,1,0,OVERSTOCK,NONE,0
ST07,SKU02620,HomeStyle Office Supplies 1L,Stationery & Office,70.0,65.0,16.0,22.980209523809524,22.980209523809524,0.0,3.046099293719399,0.0,0,1,0,OVERSTOCK,NONE,0
ST07,SKU03493,CityFresh Office Supplies 500g,Stationery & Office,497.0,95.0,38.0,22.058371428571427,22.058371428571427,0.0,22.531128447508756,0.0,0,1,0,OVERSTOCK,NONE,0
ST07,SKU03744,SparkleClean Biscuits & Cookies 2L,Snacks & Confectionery,159.0,47.0,18.0,33.24323968253969,33.24323968253969,0.0,4.782927341570485,0.0,0,1,0,OVERSTOCK,NONE,0
ST07,SKU04491,CrispKing Storage & Containers Small,Home & Kitchen,101.0,20.0,5.0,3.0216666666666665,3.0216666666666665,0.0,33.42526199669057,0.0,0,1,0,OVERSTOCK,NONE,0
ST08,SKU00719,SoftTouch Pest Control 1kg,Home Care,54.0,37.0,9.0,1.1064666666666667,1.1064666666666667,0.0,48.804000723022234,0.0,0,1,0,OVERSTOCK,NONE,0
ST08,SKU00893,FreshFarm Hair Care 2L,Personal Care,54.0,32.0,9.0,9.010333333333332,9.010333333333332,0.0,5.99311901150531,0.0,0,1,0,OVERSTOCK,NONE,0
ST08,SKU02567,GreenValley Air Fresheners Family Pack,Home Care,369.0,91.0,45.0,2.0216666666666665,2.0216666666666665,0.0,182.52267106347898,0.0,0,1,0,OVERSTOCK,NONE,0
ST08,SKU03805,FamilyChoice OTC Medicine Large,Health & Wellness,265.0,71.0,22.0,0.0075333333333333,0.0075333333333333,0.0,35176.991150442635,0.0,0,1,0,OVERSTOCK,NONE,0
ST08,SKU04028,HomeStyle Batteries Small,Electronics & Accessories,204.0,86.0,36.0,8.953666666666669,8.953666666666669,0.0,22.783961877815415,0.0,0,1,0,OVERSTOCK,NONE,0
ST08,SKU04048,GoldenHarvest Juices Pack of 12,Beverages,158.0,47.0,13.0,24.109961904761903,24.109961904761903,0.0,6.5533077415934775,0.0,0,1,0,OVERSTOCK,NONE,0
ST08,SKU04106,EverydayPlus Cheese 250ml,Dairy & Bakery,315.0,57.0,17.0,8.975666666666665,8.975666666666665,0.0,35.09488617372897,0.0,0,1,0,OVERSTOCK,NONE,0
ST08,SKU04228,UrbanBite Yogurt 250g,Dairy & Bakery,215.0,44.0,17.0,0.0,0.0,0.0,0.0,0.0,0,1,0,OVERSTOCK,NONE,0
ST08,SKU04480,ZestyCo Oral Care Family Pack,Personal Care,52.0,28.0,7.0,9.012,9.012,0.0,5.770084332001775,0.0,0,1,0,OVERSTOCK,NONE,0
ST09,SKU00488,PrimeCare Butter & Ghee Family Pack,Dairy & Bakery,47.0,22.0,5.0,5.008666666666667,5.008666666666667,0.0,9.383734859576734,0.0,0,1,0,OVERSTOCK,NONE,0
ST09,SKU00775,PurePlus Candy 2kg,Snacks & Confectionery,86.0,21.0,10.0,33.83806031746031,33.83806031746031,0.0,2.5415168361652314,0.0,0,1,0,OVERSTOCK,NONE,0
ST09,SKU01022,NatureBlend Vitamins & Supplements Medium,Health & Wellness,25.0,25.0,8.0,7.016,7.016,0.0,3.563283922462942,0.0,0,0,0,HEALTHY,NONE,0
ST09,SKU01023,CrispKing Men's Grooming Large,Personal Care,173.0,37.0,12.0,3.122466666666667,3.122466666666667,0.0,55.40491491769327,0.0,0,1,0,OVERSTOCK,NONE,0
ST09,SKU02112,FreshFarm Notebooks 1L,Stationery & Office,290.0,51.0,23.0,17.735857142857146,17.735857142857146,0.0,16.351056374898306,0.0,0,1,0,OVERSTOCK,NONE,0
ST09,SKU03073,PrimeCare Kids Wear 100g,Apparel & Footwear,340.0,63.0,27.0,4.02,4.02,0.0,84.5771144278607,0.0,0,1,0,OVERSTOCK,NONE,0
ST09,SKU03457,PremiumSelect Cheese Medium,Dairy & Bakery,159.0,36.0,11.0,2.9926666666666666,2.9926666666666666,0.0,53.12987302294498,0.0,0,1,0,OVERSTOCK,NONE,0
ST09,SKU03749,PremiumSelect Eggs 250ml,Dairy & Bakery,318.0,97.0,35.0,4.022,4.022,0.0,79.06514172053704,0.0,0,1,0,OVERSTOCK,NONE,0
ST09,SKU03935,PrimeCare Frozen Meat 2kg,Frozen Foods,207.0,46.0,14.0,23.05436666666667,23.05436666666667,0.0,8.978776254968327,0.0,0,1,0,OVERSTOCK,NONE,0
ST10,SKU01058,SmartBuy Small Appliances Pack of 12,Electronics & Accessories,91.0,48.0,20.0,30.432714285714287,2.340978021978022,8.440516292976024,38.872641753000764,3.6055512754639896,0,1,1,OVERSTOCK,NONE,0
ST10,SKU01605,EverydayPlus First Aid 500g,Health & Wellness,320.0,83.0,27.0,20.20699523809524,20.20699523809524,0.0,15.836100134111973,0.0,0,1,0,OVERSTOCK,NONE,0
ST10,SKU02763,TrueTaste Dishwashing 1kg,Home Care,83.0,20.0,8.0,3.9828666666666654,3.9828666666666654,0.0,20.83926150343974,0.0,0,1,0,OVERSTOCK,NONE,0
ST10,SKU03634,ZestyCo Footwear Medium,Apparel & Footwear,254.0,44.0,11.0,19.746366666666678,19.746366666666678,0.0,12.86312587463347,0.0,0,1,0,OVERSTOCK,NONE,0
ST10,SKU04442,CityFresh Pulses & Lentils Pack of 6,Grocery,304.0,56.0,13.0,50.70567741147741,50.70567741147741,0.0,5.995383860726975,0.0,0,1,0,OVERSTOCK,NONE,0
ST10,SKU04856,HomeStyle Office Supplies 1kg,Stationery & Office,213.0,42.0,15.0,5.002666666666667,5.002666666666667,0.0,42.5772921108742,0.0,0,1,0,OVERSTOCK,NONE,0
ST11,SKU00115,QuickBite Office Supplies Family Pack,Stationery & Office,128.0,72.0,28.0,15.02033333333333,15.02033333333333,0.0,8.521781584962609,0.0,0,1,0,OVERSTOCK,NONE,0
ST11,SKU00235,TrueTaste Rice & Grains 1L,Grocery,128.0,61.0,27.0,2.0113333333333334,2.0113333333333334,0.0,63.639376864434865,0.0,0,1,0,OVERSTOCK,NONE,0
ST11,SKU00402,TrueTaste Hair Care 500ml,Personal Care,183.0,43.0,21.0,18.970095238095237,18.970095238095237,0.0,9.646762322653199,0.0,0,1,0,OVERSTOCK,NONE,0
ST11,SKU00734,BasicNeeds Juices 250ml,Beverages,107.0,22.0,10.0,0.0,0.0,0.0,0.0,0.0,0,1,0,OVERSTOCK,NONE,0
ST12,SKU00171,CityFresh Cheese Small,Dairy & Bakery,113.0,97.0,47.0,6.070333333333334,6.070333333333334,0.0,18.61512272802152,0.0,0,1,0,OVERSTOCK,NONE,0
ST12,SKU01052,MetroBrand Pest Control 500g,Home Care,404.0,78.0,23.0,15.109266666666668,15.109266666666668,0.0,26.738557794554332,0.0,0,1,0,OVERSTOCK,NONE,0
ST12,SKU01674,GreenValley Cookware 1L,Home & Kitchen,117.0,32.0,11.0,10.958333333333334,10.958333333333334,0.0,10.67680608365019,0.0,0,1,0,OVERSTOCK,NONE,0
ST12,SKU01874,SparkleClean OTC Medicine 1L,Health & Wellness,154.0,51.0,24.0,41.48572380952382,41.48572380952382,0.0,3.7121203599356374,0.0,0,1,0,OVERSTOCK,NONE,0
ST12,SKU02084,SoftTouch Bottled Water 2L,Beverages,85.0,63.0,17.0,16.026333333333334,16.026333333333334,0.0,5.303770877098109,0.0,0,1,0,OVERSTOCK,NONE,0
ST12,SKU02179,FreshFarm Cooking Oil Medium,Grocery,177.0,86.0,18.0,10.011933333333332,10.011933333333332,0.0,17.678903175543855,0.0,0,1,0,OVERSTOCK,NONE,0
ST12,SKU02313,NatureBlend Dishwashing 100g,Home Care,81.0,65.0,18.0,19.026066666666665,19.026066666666665,0.0,4.257317154360159,0.0,0,1,0,OVERSTOCK,NONE,0
ST12,SKU02924,GreenValley Women's Wear Large,Apparel & Footwear,108.0,76.0,22.0,4.008666666666667,4.008666666666667,0.0,26.941626475968736,0.0,0,1,0,OVERSTOCK,NONE,0
ST12,SKU03327,CrispKing Frozen Meat 250g,Frozen Foods,105.0,49.0,19.0,15.855461904761906,15.855461904761906,0.0,6.622323627699872,0.0,0,1,0,OVERSTOCK,NONE,0
ST12,SKU04440,QuickBite Cheese 500g,Dairy & Bakery,189.0,99.0,25.0,15.906685714285713,15.906685714285713,0.0,11.881796333617132,0.0,0,1,0,OVERSTOCK,NONE,0
ST13,SKU01651,CrispKing Sugar & Salt 500ml,Grocery,363.0,82.0,31.0,14.2654,14.2654,0.0,25.446184474322486,0.0,0,1,0,OVERSTOCK,NONE,0
ST13,SKU02471,PremiumSelect Home Decor Family Pack,Home & Kitchen,410.0,74.0,28.0,14.993,14.993,0.0,27.346094844260655,0.0,0,1,0,OVERSTOCK,NONE,0
ST13,SKU02907,NovaFresh Kids Wear Large,Apparel & Footwear,289.0,91.0,31.0,3.001333333333333,3.001333333333333,0.0,96.29053753887162,0.0,0,1,0,OVERSTOCK,NONE,0
ST13,SKU03051,ValueChoice Writing Instruments 250ml,Stationery & Office,116.0,88.0,27.0,10.216201587301589,10.216201587301589,0.0,11.354513613375081,0.0,0,1,0,OVERSTOCK,NONE,0
ST13,SKU03090,FreshFarm Cooking Oil Medium,Grocery,255.0,58.0,21.0,6.045933333333334,6.045933333333334,0.0,42.17711078521099,0.0,0,1,0,OVERSTOCK,NONE,0
ST13,SKU04352,ValueChoice Frozen Vegetables Family Pack,Frozen Foods,366.0,62.0,24.0,19.39946666666667,19.39946666666667,0.0,18.8664980480563,0.0,0,1,0,OVERSTOCK,NONE,0
ST14,SKU00309,DailyBest Storage & Containers 250ml,Home & Kitchen,95.0,52.0,20.0,14.83426666666667,14.83426666666667,0.0,6.404091427955094,0.0,0,1,0,OVERSTOCK,NONE,0
ST14,SKU02570,SunriseFoods Soft Drinks 1kg,Beverages,133.0,28.0,11.0,19.02433333333333,19.02433333333333,0.0,6.991046554412771,0.0,0,1,0,OVERSTOCK,NONE,0
ST14,SKU03606,ZestyCo Cheese 500g,Dairy & Bakery,128.0,73.0,16.0,11.270666666666664,11.270666666666664,0.0,11.356914704838522,0.0,0,1,0,OVERSTOCK,NONE,0
ST14,SKU03645,EliteHome Storage & Containers Large,Home & Kitchen,151.0,76.0,25.0,11.011333333333331,11.011333333333331,0.0,13.713144033420114,0.0,0,1,0,OVERSTOCK,NONE,0
ST14,SKU04425,NatureBlend Small Appliances 2L,Electronics & Accessories,404.0,74.0,34.0,6.022333333333334,6.022333333333334,0.0,67.08363314329993,0.0,0,1,0,OVERSTOCK,NONE,0
ST15,SKU01495,SunriseFoods Coffee Large,Beverages,149.0,30.0,7.0,9.907600000000002,9.907600000000002,0.0,15.038959990310465,0.0,0,1,0,OVERSTOCK,NONE,0
ST15,SKU02255,ZestyCo Oral Care 1L,Personal Care,557.0,94.0,41.0,7.024933333333334,7.024933333333334,0.0,79.2890086738664,0.0,0,1,0,OVERSTOCK,NONE,0
ST15,SKU03058,UrbanBite Women's Wear Pack of 12,Apparel & Footwear,99.0,31.0,13.0,9.999666666666668,9.999666666666668,0.0,9.900330011000365,0.0,0,1,0,OVERSTOCK,NONE,0
ST15,SKU03624,PrimeCare Juices Large,Beverages,275.0,70.0,15.0,7.063866666666666,7.063866666666666,0.0,38.93051963985731,0.0,0,1,0,OVERSTOCK,NONE,0
ST15,SKU03655,SparkleClean Flour & Atta 500ml,Grocery,94.0,78.0,27.0,13.364577777777775,13.364577777777775,0.0,7.033518122532866,0.0,0,1,0,OVERSTOCK,NONE,0
ST16,SKU00682,SunriseFoods Chips & Crisps Family Pack,Snacks & Confectionery,496.0,86.0,41.0,26.318622222222213,26.318622222222213,0.0,18.84597133588554,0.0,0,1,0,OVERSTOCK,NONE,0
ST16,SKU00874,ValueChoice Home Decor Pack of 12,Home & Kitchen,320.0,65.0,23.0,9.9668,9.9668,0.0,32.106593891720514,0.0,0,1,0,OVERSTOCK,NONE,0
ST16,SKU02172,PureLife Pulses & Lentils 2kg,Grocery,244.0,53.0,26.0,30.834411111111105,30.834411111111105,0.0,7.913236906673895,0.0,0,1,0,OVERSTOCK,NONE,0
ST16,SKU03375,EliteHome Butter & Ghee Pack of 12,Dairy & Bakery,413.0,84.0,33.0,2.0286666666666666,2.0286666666666666,0.0,203.5819914558002,0.0,0,1,0,OVERSTOCK,NONE,0
ST17,SKU03504,NovaFresh Frozen Vegetables 1L,Frozen Foods,205.0,57.0,28.0,19.030942857142858,19.030942857142858,0.0,10.77193082543767,0.0,0,1,0,OVERSTOCK,NONE,0
ST17,SKU03856,EliteHome Writing Instruments Pack of 6,Stationery & Office,118.0,84.0,40.0,24.711299999999994,24.711299999999994,0.0,4.775143355468956,0.0,0,1,0,OVERSTOCK,NONE,0
ST17,SKU04215,SoftTouch Frozen Meat Family Pack,Frozen Foods,248.0,71.0,14.0,15.864000000000004,15.864000000000004,0.0,15.632879475542104,0.0,0,1,0,OVERSTOCK,NONE,0
ST17,SKU04905,PureLife Cooking Oil 500g,Grocery,422.0,79.0,38.0,0.0,0.0,0.0,0.0,0.0,0,1,0,OVERSTOCK,NONE,0
ST18,SKU00486,SmartBuy Batteries Pack of 6,Electronics & Accessories,81.0,31.0,9.0,21.78677301587302,21.78677301587302,0.0,3.7178521087536214,0.0,0,1,0,OVERSTOCK,NONE,0
ST18,SKU01174,NovaFresh Home Decor 2L,Home & Kitchen,454.0,80.0,23.0,0.0,0.0,0.0,0.0,0.0,0,1,0,OVERSTOCK,NONE,0
ST18,SKU01788,NutriPlus Frozen Meat 1L,Frozen Foods,89.0,54.0,22.0,17.045066666666667,17.045066666666667,0.0,5.2214521503778215,0.0,0,1,0,OVERSTOCK,NONE,0
ST18,SKU02064,CityFresh Soft Drinks 1kg,Beverages,185.0,40.0,18.0,0.0,0.0,0.0,0.0,0.0,0,1,0,OVERSTOCK,NONE,0
ST18,SKU04388,SmartBuy Mobile Accessories Pack of 12,Electronics & Accessories,172.0,51.0,13.0,12.895333333333332,12.895333333333332,0.0,13.338158506953421,0.0,0,1,0,OVERSTOCK,NONE,0
ST18,SKU04726,CleanWave OTC Medicine 2kg,Health & Wellness,90.0,23.0,6.0,13.348323809523816,13.348323809523816,0.0,6.742419593970776,0.0,0,1,0,OVERSTOCK,NONE,0
ST19,SKU00873,QuickBite Cookware 2L,Home & Kitchen,69.0,36.0,17.0,20.897733333333328,20.897733333333328,0.0,3.3017934959453346,0.0,0,1,0,OVERSTOCK,NONE,0
ST19,SKU01032,PrimeCare Office Supplies 250ml,Stationery & Office,149.0,28.0,12.0,12.876866666666668,12.876866666666668,0.0,11.57113790621942,0.0,0,1,0,OVERSTOCK,NONE,0
ST19,SKU01181,CityFresh Laundry 500ml,Home Care,119.0,47.0,17.0,8.528455555555555,8.528455555555555,0.0,13.95328840313669,0.0,0,1,0,OVERSTOCK,NONE,0
ST19,SKU01186,FamilyChoice Notebooks Family Pack,Stationery & Office,95.0,63.0,17.0,27.447657142857132,27.447657142857132,0.0,3.4611332947490716,0.0,0,1,0,OVERSTOCK,NONE,0
ST19,SKU02768,MetroBrand Notebooks 100g,Stationery & Office,119.0,39.0,11.0,7.019666666666667,7.019666666666667,0.0,16.95237190749798,0.0,0,1,0,OVERSTOCK,NONE,0
ST19,SKU04943,SunriseFoods Flour & Atta Pack of 12,Grocery,89.0,52.0,26.0,0.0,0.0,0.0,0.0,0.0,0,1,0,OVERSTOCK,NONE,0
ST20,SKU00631,CrispKing Cookware 250g,Home & Kitchen,283.0,90.0,24.0,22.6145,22.6145,0.0,12.514094939087753,0.0,0,1,0,OVERSTOCK,NONE,0
ST20,SKU01176,MetroBrand Chips & Crisps 1kg,Snacks & Confectionery,144.0,83.0,22.0,15.95509523809524,15.95509523809524,0.0,9.025330018474468,0.0,0,1,0,OVERSTOCK,NONE,0
ST20,SKU01981,NatureBlend Mobile Accessories 500ml,Electronics & Accessories,234.0,43.0,11.0,19.89462857142858,19.89462857142858,0.0,11.761968772619166,0.0,0,1,0,OVERSTOCK,NONE,0
ST20,SKU02938,MetroBrand Candy Pack of 6,Snacks & Confectionery,189.0,54.0,17.0,28.81266507936508,28.81266507936508,0.0,6.5596153455223805,0.0,0,1,0,OVERSTOCK,NONE,0
ST20,SKU03749,PremiumSelect Eggs 250ml,Dairy & Bakery,124.0,22.0,9.0,3.009,3.009,0.0,41.20970422067132,0.0,0,1,0,OVERSTOCK,NONE,0
ST20,SKU03760,SparkleClean Storage & Containers 1L,Home & Kitchen,86.0,45.0,13.0,21.649271428571424,21.649271428571424,0.0,3.972420055046393,0.0,0,1,0,OVERSTOCK,NONE,0
ST20,SKU04145,CleanWave Notebooks 100g,Stationery & Office,510.0,86.0,29.0,5.011333333333334,5.011333333333334,0.0,101.76932286816547,0.0,0,1,0,OVERSTOCK,NONE,0
ST20,SKU04319,HealthFirst Home Decor 100g,Home & Kitchen,252.0,72.0,19.0,4.0555,4.0555,0.0,62.13783750462335,0.0,0,1,0,OVERSTOCK,NONE,0
ST21,SKU00592,UrbanBite Kids Wear 100g,Apparel & Footwear,483.0,81.0,37.0,40.63217460317464,40.63217460317464,0.0,11.887131435053998,0.0,0,1,0,OVERSTOCK,NONE,0
ST21,SKU00596,NovaFresh Skin Care 1kg,Personal Care,115.0,83.0,37.0,6.957666666666667,6.957666666666667,0.0,16.528529679490248,0.0,0,1,0,OVERSTOCK,NONE,0
ST21,SKU03006,TrueTaste Storage & Containers Pack of 12,Home & Kitchen,173.0,64.0,20.0,22.762436507936503,2.5291596119929447,7.587478835978834,68.40216773178592,3.0,0,1,1,OVERSTOCK,NONE,0
ST21,SKU03609,CityFresh Pulses & Lentils 250g,Grocery,508.0,97.0,41.0,6.029733333333334,6.029733333333334,0.0,84.24916524777215,0.0,0,1,0,OVERSTOCK,NONE,0
ST21,SKU03709,PurePlus Cheese 250ml,Dairy & Bakery,272.0,76.0,20.0,18.02866666666666,18.02866666666666,0.0,15.08708353363163,0.0,0,1,0,OVERSTOCK,NONE,0
ST21,SKU04250,PureLife OTC Medicine 1kg,Health & Wellness,100.0,29.0,11.0,24.97444761904761,24.97444761904761,0.0,4.0040925639425,0.0,0,1,0,OVERSTOCK,NONE,0
ST21,SKU04475,GreenValley Men's Grooming Pack of 12,Personal Care,428.0,93.0,40.0,3.917533333333333,3.917533333333333,0.0,109.25242074094244,0.0,0,1,0,OVERSTOCK,NONE,0
ST22,SKU00386,FamilyChoice Coffee 250ml,Beverages,434.0,94.0,23.0,20.9309,20.9309,0.0,20.734894342813732,0.0,0,1,0,OVERSTOCK,NONE,0
ST22,SKU00516,GoldenHarvest Batteries 250g,Electronics & Accessories,284.0,94.0,23.0,4.037933333333334,4.037933333333334,0.0,70.33300863478016,0.0,0,1,0,OVERSTOCK,NONE,0
ST22,SKU01684,HealthFirst Flour & Atta Family Pack,Grocery,378.0,91.0,39.0,21.018266666666666,21.018266666666666,0.0,17.98435646453561,0.0,0,1,0,OVERSTOCK,NONE,0
ST22,SKU01818,CleanWave Surface Cleaners 2L,Home Care,248.0,80.0,17.0,47.09321904761904,47.09321904761904,0.0,5.266150945197247,0.0,0,1,0,OVERSTOCK,NONE,0
ST22,SKU02408,TrueTaste Home Decor Medium,Home & Kitchen,264.0,56.0,26.0,19.803933333333333,19.803933333333333,0.0,13.33068515008803,0.0,0,1,0,OVERSTOCK,NONE,0
ST22,SKU02464,PureLife First Aid 100g,Health & Wellness,85.0,29.0,6.0,10.017847619047618,10.017847619047618,0.0,8.484856551259943,0.0,0,1,0,OVERSTOCK,NONE,0
ST22,SKU02710,UrbanBite Pest Control 250ml,Home Care,254.0,62.0,18.0,8.004666666666667,8.004666666666667,0.0,31.731489964187556,0.0,0,1,0,OVERSTOCK,NONE,0
ST22,SKU03357,EliteHome Storage & Containers Large,Home & Kitchen,206.0,49.0,10.0,0.0,0.0,0.0,0.0,0.0,0,1,0,OVERSTOCK,NONE,0
ST22,SKU04887,SmartBuy Storage & Containers 1L,Home & Kitchen,205.0,44.0,15.0,41.24469365079367,41.24469365079367,0.0,4.970336347644449,0.0,0,1,0,OVERSTOCK,NONE,0
ST23,SKU00894,GoldenHarvest Bath & Body 1kg,Personal Care,306.0,93.0,44.0,14.013666666666664,14.013666666666664,0.0,21.83582693085322,0.0,0,1,0,OVERSTOCK,NONE,0
ST23,SKU02884,SparkleClean Juices Pack of 6,Beverages,159.0,91.0,36.0,5.939533333333332,5.939533333333332,0.0,26.769779892920884,0.0,0,1,0,OVERSTOCK,NONE,0
ST23,SKU03290,EverydayPlus Kids Wear 500g,Apparel & Footwear,374.0,65.0,16.0,4.016,4.016,0.0,93.12749003984064,0.0,0,1,0,OVERSTOCK,NONE,0
ST23,SKU03332,EliteHome Namkeen 2kg,Snacks & Confectionery,161.0,57.0,15.0,38.41239365079367,38.41239365079367,0.0,4.191355567779709,0.0,0,1,0,OVERSTOCK,NONE,0
ST23,SKU03613,FamilyChoice Ready Meals 250ml,Frozen Foods,115.0,41.0,18.0,20.202885714285717,20.202885714285717,0.0,5.692256127483909,0.0,0,1,0,OVERSTOCK,NONE,0
ST24,SKU00932,NatureBlend Writing Instruments 500g,Stationery & Office,292.0,95.0,32.0,38.25758412698413,38.25758412698413,0.0,7.632473577808703,0.0,0,1,0,OVERSTOCK,NONE,0
ST24,SKU02255,ZestyCo Oral Care 1L,Personal Care,150.0,44.0,15.0,12.004133333333332,12.004133333333332,0.0,12.495695926958494,0.0,0,1,0,OVERSTOCK,NONE,0
ST24,SKU03318,HealthFirst Eggs Large,Dairy & Bakery,58.0,54.0,23.0,1.002,1.002,0.0,57.884231536926144,0.0,0,1,0,OVERSTOCK,NONE,0
ST24,SKU03439,UrbanBite First Aid 1kg,Health & Wellness,50.0,48.0,13.0,12.85886666666667,12.85886666666667,0.0,3.8883675596086738,0.0,0,1,0,OVERSTOCK,NONE,0
ST25,SKU00516,GoldenHarvest Batteries 250g,Electronics & Accessories,423.0,83.0,23.0,3.067333333333333,3.067333333333333,0.0,137.90480330362965,0.0,0,1,0,OVERSTOCK,NONE,0
ST25,SKU00732,GreenValley Home Decor 500g,Home & Kitchen,305.0,66.0,25.0,3.006333333333333,3.006333333333333,0.0,101.45248918948887,0.0,0,1,0,OVERSTOCK,NONE,0
ST25,SKU01023,CrispKing Men's Grooming Large,Personal Care,206.0,57.0,12.0,9.018666666666666,0.25767619047619045,1.524432901062316,799.4529863985808,5.916079783099616,0,1,1,OVERSTOCK,NONE,0
ST25,SKU01423,BasicNeeds Mobile Accessories 500g,Electronics & Accessories,458.0,96.0,34.0,14.060290476190474,14.060290476190474,0.0,32.57400697201609,0.0,0,1,0,OVERSTOCK,NONE,0
ST25,SKU02550,PureLife Juices Family Pack,Beverages,86.0,75.0,23.0,12.912333333333336,12.912333333333336,0.0,6.6602989389988885,0.0,0,1,0,OVERSTOCK,NONE,0
ST25,SKU02763,TrueTaste Dishwashing 1kg,Home Care,307.0,83.0,24.0,11.113333333333332,11.113333333333332,0.0,27.62447510497901,0.0,0,1,0,OVERSTOCK,NONE,0
ST25,SKU03942,NatureBlend Pulses & Lentils 2kg,Grocery,70.0,32.0,9.0,22.36403809523809,22.36403809523809,0.0,3.130025074268895,0.0,0,1,0,OVERSTOCK,NONE,0
ST26,SKU02472,UrbanBite Oral Care Medium,Personal Care,312.0,87.0,39.0,12.0598,12.0598,0.0,25.871075805568918,0.0,0,1,0,OVERSTOCK,NONE,0
ST26,SKU02949,NatureBlend Chips & Crisps Pack of 6,Snacks & Confectionery,72.0,29.0,7.0,26.0338,26.0338,0.0,2.765635443154668,0.0,0,1,0,OVERSTOCK,NONE,0
ST26,SKU03582,CleanWave Cookware 1kg,Home & Kitchen,405.0,83.0,25.0,15.233333333333334,15.233333333333334,0.0,26.58643326039387,0.0,0,1,0,OVERSTOCK,NONE,0
ST26,SKU04540,ZestyCo Batteries 1kg,Electronics & Accessories,79.0,35.0,14.0,21.64336666666667,21.64336666666667,0.0,3.6500790850468423,0.0,0,1,0,OVERSTOCK,NONE,0
ST26,SKU04643,EverydayPlus Notebooks 2L,Stationery & Office,174.0,35.0,11.0,22.125733333333336,0.9219055555555556,4.516396404296322,188.73950693912968,4.898979485566357,0,1,1,OVERSTOCK,NONE,0
ST26,SKU04953,EliteHome Candy Pack of 6,Snacks & Confectionery,157.0,29.0,8.0,7.023666666666666,7.023666666666666,0.0,22.35299701010868,0.0,0,1,0,OVERSTOCK,NONE,0
ST27,SKU01302,FamilyChoice Spices & Seasoning 500g,Grocery,113.0,63.0,30.0,9.995733333333334,9.995733333333334,0.0,11.304823391313626,0.0,0,1,0,OVERSTOCK,NONE,0
ST27,SKU02014,NovaFresh Home Decor 250ml,Home & Kitchen,249.0,78.0,30.0,22.01298095238096,22.01298095238096,0.0,11.311507539058118,0.0,0,1,0,OVERSTOCK,NONE,0
ST27,SKU02284,ValueChoice Eggs 500g,Dairy & Bakery,85.0,74.0,22.0,4.966,4.966,0.0,17.1163914619412,0.0,0,1,0,OVERSTOCK,NONE,0
ST27,SKU02365,BasicNeeds Juices 1L,Beverages,364.0,90.0,44.0,7.561006349206348,7.561006349206348,0.0,48.14173976169294,0.0,0,1,0,OVERSTOCK,NONE,0
ST27,SKU02432,SparkleClean Dishwashing Large,Home Care,77.0,27.0,8.0,34.40513333333334,34.40513333333334,0.0,2.238038122218196,0.0,0,1,0,OVERSTOCK,NONE,0
ST27,SKU03837,GoldenHarvest Eggs 500ml,Dairy & Bakery,158.0,28.0,11.0,41.30586190476191,41.30586190476191,0.0,3.82512294173397,0.0,0,1,0,OVERSTOCK,NONE,0
ST27,SKU04250,PureLife OTC Medicine 1kg,Health & Wellness,123.0,37.0,10.0,21.60340952380953,21.60340952380953,0.0,5.693545727790762,0.0,0,1,0,OVERSTOCK,NONE,0
ST28,SKU00866,PrimeCare Cookware Medium,Home & Kitchen,245.0,90.0,29.0,3.018666666666667,3.018666666666667,0.0,81.16166077738515,0.0,0,1,0,OVERSTOCK,NONE,0
ST28,SKU02445,NatureBlend Butter & Ghee 2L,Dairy & Bakery,184.0,64.0,25.0,12.962333333333332,12.962333333333332,0.0,14.194975184508964,0.0,0,1,0,OVERSTOCK,NONE,0
ST28,SKU03115,NutriPlus Frozen Vegetables 100g,Frozen Foods,126.0,25.0,5.0,4.1044,4.1044,0.0,30.698762303869017,0.0,0,1,0,OVERSTOCK,NONE,0
ST28,SKU04158,EliteHome Men's Wear Pack of 12,Apparel & Footwear,220.0,64.0,16.0,18.904666666666667,18.904666666666667,0.0,11.637338223366363,0.0,0,1,0,OVERSTOCK,NONE,0
ST28,SKU04160,BasicNeeds First Aid Medium,Health & Wellness,496.0,86.0,25.0,18.9118,18.9118,0.0,26.227011706976597,0.0,0,1,0,OVERSTOCK,NONE,0
ST28,SKU04375,SmartBuy Women's Wear 100g,Apparel & Footwear,116.0,84.0,34.0,8.002666666666666,8.002666666666666,0.0,14.49516827724092,0.0,0,1,0,OVERSTOCK,NONE,0
ST29,SKU00012,HomeStyle Vitamins & Supplements 1kg,Health & Wellness,324.0,97.0,26.0,34.67464285714286,34.67464285714286,0.0,9.34400395513395,0.0,0,1,0,OVERSTOCK,NONE,0
ST29,SKU00649,DailyBest Bread Medium,Dairy & Bakery,189.0,38.0,11.0,16.028533333333336,16.028533333333336,0.0,11.79147187515597,0.0,0,1,0,OVERSTOCK,NONE,0
ST29,SKU00767,PrimeCare Frozen Meat 500ml,Frozen Foods,356.0,95.0,43.0,10.013333333333332,10.013333333333332,0.0,35.552596537949405,0.0,0,1,0,OVERSTOCK,NONE,0
ST29,SKU02763,TrueTaste Dishwashing 1kg,Home Care,433.0,74.0,27.0,42.733538095238096,1.1870427248677249,7.12225634920635,364.7720431025347,6.000000000000001,0,1,1,OVERSTOCK,NONE,0
ST29,SKU02773,UrbanBite Tea Family Pack,Beverages,74.0,37.0,13.0,19.635780952380948,19.635780952380948,0.0,3.768630347805295,0.0,0,1,0,OVERSTOCK,NONE,0
ST29,SKU03414,SoftTouch Women's Wear Family Pack,Apparel & Footwear,189.0,49.0,17.0,16.625133333333338,16.625133333333338,0.0,11.368329878056112,0.0,0,1,0,OVERSTOCK,NONE,0
ST29,SKU03923,HomeStyle Cookware 500ml,Home & Kitchen,102.0,61.0,25.0,38.38778253968256,38.38778253968256,0.0,2.6570953895177367,0.0,0,1,0,OVERSTOCK,NONE,0
ST29,SKU04475,GreenValley Men's Grooming Pack of 12,Personal Care,190.0,51.0,19.0,3.919533333333333,3.919533333333333,0.0,48.475158607317205,0.0,0,1,0,OVERSTOCK,NONE,0
ST29,SKU04641,NatureBlend Biscuits & Cookies Family Pack,Snacks & Confectionery,125.0,22.0,10.0,0.0,0.0,0.0,0.0,0.0,0,1,0,OVERSTOCK,NONE,0
ST29,SKU04847,ValueChoice Small Appliances 500g,Electronics & Accessories,199.0,98.0,32.0,20.004304761904763,20.004304761904763,0.0,9.947858841811192,0.0,0,1,0,OVERSTOCK,NONE,0
ST30,SKU00521,FreshFarm Writing Instruments 500ml,Stationery & Office,303.0,74.0,20.0,19.97714285714286,19.97714285714286,0.0,15.167334096109839,0.0,0,1,0,OVERSTOCK,NONE,0
ST30,SKU02172,PureLife Pulses & Lentils 2kg,Grocery,104.0,30.0,8.0,53.11594444444444,53.11594444444444,0.0,1.9579808113696768,0.0,0,1,0,OVERSTOCK,NONE,0
ST30,SKU03031,PureLife Chocolates Large,Snacks & Confectionery,448.0,85.0,29.0,15.008333333333333,15.008333333333333,0.0,29.850083287062745,0.0,0,1,0,OVERSTOCK,NONE,0
ST30,SKU03220,CrispKing Energy Drinks Small,Beverages,178.0,38.0,14.0,3.957333333333333,3.957333333333333,0.0,44.97978436657682,0.0,0,1,0,OVERSTOCK,NONE,0
ST30,SKU04761,FreshFarm Office Supplies Pack of 6,Stationery & Office,34.0,29.0,14.0,22.45955238095238,22.45955238095238,0.0,1.5138324853185812,0.0,0,1,0,OVERSTOCK,NONE,0
ST30,SKU04801,EverydayPlus Butter & Ghee Large,Dairy & Bakery,95.0,54.0,16.0,10.998333333333331,10.998333333333331,0.0,8.637672374602214,0.0,0,1,0,OVERSTOCK,NONE,0
ST01,SKU00001,NutriPlus Cookware Large,Home & Kitchen,0.0,0.0,0.0,27.741828571428574,1.0669934065934066,5.440620201094621,0.0,5.099019513592785,1,0,1,STOCKOUT,URGENT,28
ST01,SKU00196,PremiumSelect Butter & Ghee Family Pack,Dairy & Bakery,0.0,0.0,0.0,11.033704761904762,11.033704761904762,0.0,0.0,0.0,1,0,0,STOCKOUT,URGENT,12
ST01,SKU00228,FamilyChoice Mobile Accessories 250ml,Electronics & Accessories,0.0,0.0,0.0,6.998800000000001,6.998800000000001,0.0,0.0,0.0,1,0,0,STOCKOUT,URGENT,7
ST01,SKU00246,CleanWave Cookware Medium,Home & Kitchen,0.0,0.0,0.0,18.19242380952381,18.19242380952381,0.0,0.0,0.0,1,0,0,STOCKOUT,URGENT,19
ST01,SKU00597,EliteHome Frozen Meat Medium,Frozen Foods,0.0,0.0,0.0,29.10224761904762,29.10224761904762,0.0,0.0,0.0,1,0,0,STOCKOUT,URGENT,30
ST01,SKU00785,EverydayPlus Pest Control 2L,Home Care,0.0,0.0,0.0,40.22589523809525,40.22589523809525,0.0,0.0,0.0,1,0,0,STOCKOUT,URGENT,41
ST01,SKU00827,NutriPlus Energy Drinks Medium,Beverages,0.0,0.0,0.0,12.119361904761904,12.119361904761904,0.0,0.0,0.0,1,0,0,STOCKOUT,URGENT,13
ST01,SKU00868,HealthFirst Laundry Medium,Home Care,0.0,0.0,0.0,20.55299047619047,20.55299047619047,0.0,0.0,0.0,1,0,0,STOCKOUT,URGENT,21
ST01,SKU01127,SunriseFoods Vitamins & Supplements 500ml,Health & Wellness,0.0,0.0,0.0,3.999333333333333,3.999333333333333,0.0,0.0,0.0,1,0,0,STOCKOUT,URGENT,4
ST01,SKU01270,NutriPlus Laundry Family Pack,Home Care,0.0,0.0,0.0,15.104814285714284,15.104814285714284,0.0,0.0,0.0,1,0,0,STOCKOUT,URGENT,16
ST01,SKU01348,CityFresh Footwear 250ml,Apparel & Footwear,0.0,0.0,0.0,3.2846523809523807,3.2846523809523807,0.0,0.0,0.0,1,0,0,STOCKOUT,URGENT,4
ST01,SKU01387,QuickBite Bottled Water Pack of 6,Beverages,0.0,0.0,0.0,16.096999999999998,16.096999999999998,0.0,0.0,0.0,1,0,0,STOCKOUT,URGENT,17
ST01,SKU01501,SunriseFoods Biscuits & Cookies Small,Snacks & Confectionery,0.0,0.0,0.0,8.976,0.5984,2.3175932343705186,0.0,3.872983346207417,1,0,1,STOCKOUT,URGENT,9
ST01,SKU01535,NutriPlus Hair Care 250ml,Personal Care,0.0,0.0,0.0,7.0553333333333335,7.0553333333333335,0.0,0.0,0.0,1,0,0,STOCKOUT,URGENT,8
ST01,SKU01537,QuickBite Laundry Large,Home Care,0.0,0.0,0.0,14.046380952380952,14.046380952380952,0.0,0.0,0.0,1,0,0,STOCKOUT,URGENT,15
ST01,SKU01578,TrueTaste Ice Cream 250ml,Frozen Foods,0.0,0.0,0.0,17.06853333333333,17.06853333333333,0.0,0.0,0.0,1,0,0,STOCKOUT,URGENT,18
ST01,SKU01908,SmartBuy Small Appliances Small,Electronics & Accessories,0.0,0.0,0.0,22.7435,22.7435,0.0,0.0,0.0,1,0,0,STOCKOUT,URGENT,23
ST01,SKU01932,EverydayPlus Energy Drinks 500g,Beverages,0.0,0.0,0.0,35.32479047619048,35.32479047619048,0.0,0.0,0.0,1,0,0,STOCKOUT,URGENT,36
ST01,SKU02345,NutriPlus Pest Control Small,Home Care,0.0,0.0,0.0,32.025717316017314,32.025717316017314,0.0,0.0,0.0,1,0,0,STOCKOUT,URGENT,33
ST01,SKU02440,GreenValley Oral Care 2L,Personal Care,0.0,0.0,0.0,20.85091428571428,20.85091428571428,0.0,0.0,0.0,1,0,0,STOCKOUT,URGENT,21
ST01,SKU02754,FreshFarm OTC Medicine 1L,Health & Wellness,0.0,0.0,0.0,11.942666666666666,11.942666666666666,0.0,0.0,0.0,1,0,0,STOCKOUT,URGENT,12
ST01,SKU02962,SoftTouch Footwear Large,Apparel & Footwear,0.0,0.0,0.0,17.075533333333333,17.075533333333333,0.0,0.0,0.0,1,0,0,STOCKOUT,URGENT,18
ST01,SKU03131,QuickBite Tea Pack of 6,Beverages,0.0,0.0,0.0,8.021428571428572,8.021428571428572,0.0,0.0,0.0,1,0,0,STOCKOUT,URGENT,9
ST01,SKU03207,QuickBite Sugar & Salt 2L,Grocery,0.0,0.0,0.0,9.309563492063493,9.309563492063493,0.0,0.0,0.0,1,0,0,STOCKOUT,URGENT,10
ST01,SKU03493,CityFresh Office Supplies 500g,Stationery & Office,0.0,0.0,0.0,19.81533333333333,19.81533333333333,0.0,0.0,0.0,1,0,0,STOCKOUT,URGENT,20
ST01,SKU03502,ValueChoice Flour & Atta 1L,Grocery,0.0,0.0,0.0,26.347047619047625,26.347047619047625,0.0,0.0,0.0,1,0,0,STOCKOUT,URGENT,27
ST01,SKU03797,PremiumSelect Rice & Grains Small,Grocery,0.0,0.0,0.0,0.0,0.0,0.0,0.0,0.0,1,0,0,STOCKOUT,URGENT,0
ST01,SKU03891,MetroBrand Eggs Medium,Dairy & Bakery,0.0,0.0,0.0,19.676133333333336,19.676133333333336,0.0,0.0,0.0,1,0,0,STOCKOUT,URGENT,20
ST01,SKU03909,CityFresh Candy 250g,Snacks & Confectionery,0.0,0.0,0.0,1.008,1.008,0.0,0.0,0.0,1,0,0,STOCKOUT,URGENT,2
ST01,SKU04383,CityFresh Batteries Family Pack,Electronics & Accessories,0.0,0.0,0.0,7.021333333333333,7.021333333333333,0.0,0.0,0.0,1,0,0,STOCKOUT,URGENT,8
ST01,SKU04539,CleanWave Pulses & Lentils 1L,Grocery,0.0,0.0,0.0,4.994,4.994,0.0,0.0,0.0,1,0,0,STOCKOUT,URGENT,5
ST01,SKU04599,FreshFarm Home Decor Pack of 12,Home & Kitchen,0.0,0.0,0.0,58.27795238095234,58.27795238095234,0.0,0.0,0.0,1,0,0,STOCKOUT,URGENT,59
ST01,SKU04617,CrispKing Frozen Meat 500ml,Frozen Foods,0.0,0.0,0.0,22.15738095238096,22.15738095238096,0.0,0.0,0.0,1,0,0,STOCKOUT,URGENT,23
ST01,SKU04639,FamilyChoice Eggs 250ml,Dairy & Bakery,0.0,0.0,0.0,32.347041125541125,32.347041125541125,0.0,0.0,0.0,1,0,0,STOCKOUT,URGENT,33
ST01,SKU04646,ZestyCo Chocolates Small,Snacks & Confectionery,0.0,37.0,9.0,13.9692,13.9692,0.0,0.0,0.0,1,0,0,STOCKOUT,URGENT,37
ST01,SKU04676,DailyBest Dishwashing Large,Home Care,0.0,0.0,0.0,26.841961904761902,26.841961904761902,0.0,0.0,0.0,1,0,0,STOCKOUT,URGENT,27
ST01,SKU04923,NutriPlus Biscuits & Cookies 250ml,Snacks & Confectionery,0.0,0.0,0.0,5.0612,5.0612,0.0,0.0,0.0,1,0,0,STOCKOUT,URGENT,6
ST01,SKU04980,FreshFarm OTC Medicine 2L,Health & Wellness,0.0,0.0,0.0,15.902466666666667,15.902466666666667,0.0,0.0,0.0,1,0,0,STOCKOUT,URGENT,16
ST02,SKU00025,CityFresh Mobile Accessories Pack of 6,Electronics & Accessories,0.0,0.0,0.0,6.992666666666667,6.992666666666667,0.0,0.0,0.0,1,0,0,STOCKOUT,URGENT,7
ST02,SKU00058,NutriPlus Office Supplies 2L,Stationery & Office,0.0,0.0,0.0,4.99,4.99,0.0,0.0,0.0,1,0,0,STOCKOUT,URGENT,5
ST02,SKU00115,QuickBite Office Supplies Family Pack,Stationery & Office,0.0,0.0,0.0,4.998,4.998,0.0,0.0,0.0,1,0,0,STOCKOUT,URGENT,5
ST02,SKU00408,HomeStyle Cookware 1kg,Home & Kitchen,0.0,0.0,0.0,6.008666666666666,6.008666666666666,0.0,0.0,0.0,1,0,0,STOCKOUT,URGENT,7
ST02,SKU00459,UrbanBite Writing Instruments 250g,Stationery & Office,0.0,0.0,0.0,15.980666666666664,15.980666666666664,0.0,0.0,0.0,1,0,0,STOCKOUT,URGENT,16
ST02,SKU00760,SmartBuy Tea Medium,Beverages,0.0,0.0,0.0,0.0,0.0,0.0,0.0,0.0,1,0,0,STOCKOUT,URGENT,0
ST02,SKU00928,SoftTouch Juices 250g,Beverages,0.0,0.0,0.0,4.002,4.002,0.0,0.0,0.0,1,0,0,STOCKOUT,URGENT,5
ST02,SKU01004,CityFresh Storage & Containers 100g,Home & Kitchen,0.0,0.0,0.0,5.994800000000001,5.994800000000001,0.0,0.0,0.0,1,0,0,STOCKOUT,URGENT,6
ST02,SKU01023,CrispKing Men's Grooming Large,Personal Care,0.0,0.0,0.0,9.008,9.008,0.0,0.0,0.0,1,0,0,STOCKOUT,URGENT,10
ST02,SKU01244,GreenValley Batteries Pack of 6,Electronics & Accessories,0.0,0.0,0.0,6.035466666666667,6.035466666666667,0.0,0.0,0.0,1,0,0,STOCKOUT,URGENT,7
ST02,SKU01285,CrispKing Bread 500g,Dairy & Bakery,0.0,0.0,0.0,7.998733333333333,7.998733333333333,0.0,0.0,0.0,1,0,0,STOCKOUT,URGENT,8
ST02,SKU01349,PurePlus Dishwashing 100g,Home Care,0.0,0.0,0.0,2.995,2.995,0.0,0.0,0.0,1,0,0,STOCKOUT,URGENT,3
ST02,SKU01365,TrueTaste Candy Pack of 6,Snacks & Confectionery,0.0,0.0,0.0,35.04420793650795,35.04420793650795,0.0,0.0,0.0,1,0,0,STOCKOUT,URGENT,36
ST02,SKU01403,PureLife Frozen Vegetables Medium,Frozen Foods,0.0,0.0,0.0,4.021199999999999,4.021199999999999,0.0,0.0,0.0,1,0,0,STOCKOUT,URGENT,5
ST02,SKU01624,GoldenHarvest Oral Care Family Pack,Personal Care,0.0,0.0,0.0,4.031,4.031,0.0,0.0,0.0,1,0,0,STOCKOUT,URGENT,5
ST02,SKU01735,HealthFirst Vitamins & Supplements 100g,Health & Wellness,0.0,0.0,0.0,6.002,6.002,0.0,0.0,0.0,1,0,0,STOCKOUT,URGENT,7
ST02,SKU01749,HealthFirst Small Appliances 2kg,Electronics & Accessories,0.0,0.0,0.0,4.019466666666666,4.019466666666666,0.0,0.0,0.0,1,0,0,STOCKOUT,URGENT,5
ST02,SKU01811,SmartBuy Cookware 250g,Home & Kitchen,0.0,0.0,0.0,10.9792,10.9792,0.0,0.0,0.0,1,0,0,STOCKOUT,URGENT,11
ST02,SKU01996,NovaFresh Dishwashing Medium,Home Care,0.0,0.0,0.0,8.074666666666666,8.074666666666666,0.0,0.0,0.0,1,0,0,STOCKOUT,URGENT,9
ST02,SKU02073,MetroBrand Cooking Oil 500g,Grocery,0.0,0.0,0.0,6.032,0.2741818181818182,1.2860267210570422,0.0,4.69041575982343,1,0,1,STOCKOUT,URGENT,7
ST02,SKU02366,GreenValley Women's Wear 500g,Apparel & Footwear,0.0,0.0,0.0,13.950666666666669,13.950666666666669,0.0,0.0,0.0,1,0,0,STOCKOUT,URGENT,14
ST02,SKU02369,SparkleClean Juices 1kg,Beverages,0.0,0.0,0.0,16.919266666666665,16.919266666666665,0.0,0.0,0.0,1,0,0,STOCKOUT,URGENT,17
ST02,SKU02457,NutriPlus Ice Cream Family Pack,Frozen Foods,0.0,0.0,0.0,14.64133492063492,14.64133492063492,0.0,0.0,0.0,1,0,0,STOCKOUT,URGENT,15
ST02,SKU02521,FamilyChoice Men's Wear 250ml,Apparel & Footwear,0.0,0.0,0.0,18.809171428571425,18.809171428571425,0.0,0.0,0.0,1,0,0,STOCKOUT,URGENT,19
ST02,SKU02609,BasicNeeds Men's Grooming 250ml,Personal Care,0.0,0.0,0.0,12.868333333333334,12.868333333333334,0.0,0.0,0.0,1,0,0,STOCKOUT,URGENT,13
ST02,SKU02625,UrbanBite Frozen Vegetables 1kg,Frozen Foods,0.0,0.0,0.0,15.988,15.988,0.0,0.0,0.0,1,0,0,STOCKOUT,URGENT,16
ST02,SKU02679,MetroBrand First Aid Small,Health & Wellness,0.0,0.0,0.0,7.0264,7.0264,0.0,0.0,0.0,1,0,0,STOCKOUT,URGENT,8
ST02,SKU02752,FreshFarm Women's Wear 2kg,Apparel & Footwear,0.0,0.0,0.0,7.977666666666667,7.977666666666667,0.0,0.0,0.0,1,0,0,STOCKOUT,URGENT,8
ST02,SKU02879,CrispKing Chocolates 1kg,Snacks & Confectionery,0.0,0.0,0.0,3.026666666666667,3.026666666666667,0.0,0.0,0.0,1,0,0,STOCKOUT,URGENT,4
ST02,SKU02920,EverydayPlus Rice & Grains 500ml,Grocery,0.0,0.0,0.0,28.098961904761893,28.098961904761893,0.0,0.0,0.0,1,0,0,STOCKOUT,URGENT,29
ST02,SKU02985,TrueTaste Small Appliances 2kg,Electronics & Accessories,0.0,0.0,0.0,15.766222222222224,15.766222222222224,0.0,0.0,0.0,1,0,0,STOCKOUT,URGENT,16
ST02,SKU03054,GreenValley Tea 1L,Beverages,0.0,0.0,0.0,8.267866666666668,8.267866666666668,0.0,0.0,0.0,1,0,0,STOCKOUT,URGENT,9
ST02,SKU03174,FamilyChoice Vitamins & Supplements Medium,Health & Wellness,0.0,0.0,0.0,14.24639682539683,14.24639682539683,0.0,0.0,0.0,1,0,0,STOCKOUT,URGENT,15
ST02,SKU03326,EliteHome Candy Pack of 12,Snacks & Confectionery,0.0,0.0,0.0,1.032,1.032,0.0,0.0,0.0,1,0,0,STOCKOUT,URGENT,2
ST02,SKU03808,HealthFirst Small Appliances 2kg,Electronics & Accessories,0.0,0.0,0.0,7.951733333333332,7.951733333333332,0.0,0.0,0.0,1,0,0,STOCKOUT,URGENT,8
ST02,SKU04205,FamilyChoice Surface Cleaners 1kg,Home Care,0.0,0.0,0.0,0.0,0.0,0.0,0.0,0.0,1,0,0,STOCKOUT,URGENT,0
ST02,SKU04360,ValueChoice Office Supplies Pack of 6,Stationery & Office,0.0,0.0,0.0,8.992333333333335,8.992333333333335,0.0,0.0,0.0,1,0,0,STOCKOUT,URGENT,9
ST02,SKU04596,ValueChoice Eggs Pack of 6,Dairy & Bakery,0.0,0.0,0.0,17.893719047619047,17.893719047619047,0.0,0.0,0.0,1,0,0,STOCKOUT,URGENT,18
ST02,SKU04606,NatureBlend OTC Medicine Medium,Health & Wellness,0.0,0.0,0.0,6.9909333333333326,6.9909333333333326,0.0,0.0,0.0,1,0,0,STOCKOUT,URGENT,7
ST02,SKU04860,MetroBrand Milk 2kg,Dairy & Bakery,0.0,0.0,0.0,9.003,9.003,0.0,0.0,0.0,1,0,0,STOCKOUT,URGENT,10
ST02,SKU04995,NutriPlus Vitamins & Supplements 500ml,Health & Wellness,0.0,0.0,0.0,9.982266666666666,9.982266666666666,0.0,0.0,0.0,1,0,0,STOCKOUT,URGENT,10
ST03,SKU00091,PureLife Bottled Water 2L,Beverages,0.0,0.0,0.0,16.1028,16.1028,0.0,0.0,0.0,1,0,0,STOCKOUT,URGENT,17
ST03,SKU00172,CityFresh Energy Drinks 500ml,Beverages,0.0,0.0,0.0,24.39312409812409,24.39312409812409,0.0,0.0,0.0,1,0,0,STOCKOUT,URGENT,25
ST03,SKU00474,GoldenHarvest Pest Control 2L,Home Care,0.0,0.0,0.0,40.35048412698414,40.35048412698414,0.0,0.0,0.0,1,0,0,STOCKOUT,URGENT,41
ST03,SKU00593,SunriseFoods OTC Medicine Family Pack,Health & Wellness,0.0,0.0,0.0,22.02279365079367,22.02279365079367,0.0,0.0,0.0,1,0,0,STOCKOUT,URGENT,23
ST03,SKU00616,HealthFirst Kids Wear 2kg,Apparel & Footwear,0.0,0.0,0.0,12.0092,12.0092,0.0,0.0,0.0,1,0,0,STOCKOUT,URGENT,13
ST03,SKU00673,GreenValley Energy Drinks 500g,Beverages,0.0,0.0,0.0,24.19597142857142,24.19597142857142,0.0,0.0,0.0,1,0,0,STOCKOUT,URGENT,25
ST03,SKU00709,UrbanBite Batteries 1kg,Electronics & Accessories,0.0,0.0,0.0,19.029033333333334,19.029033333333334,0.0,0.0,0.0,1,0,0,STOCKOUT,URGENT,20
ST03,SKU00945,SparkleClean Cheese 1kg,Dairy & Bakery,0.0,0.0,0.0,15.356888888888893,15.356888888888893,0.0,0.0,0.0,1,0,0,STOCKOUT,URGENT,16
ST03,SKU00967,CleanWave Office Supplies Large,Stationery & Office,0.0,0.0,0.0,33.639133333333334,33.639133333333334,0.0,0.0,0.0,1,0,0,STOCKOUT,URGENT,34
ST03,SKU01180,CrispKing Bath & Body 250ml,Personal Care,0.0,0.0,0.0,0.0,0.0,0.0,0.0,0.0,1,0,0,STOCKOUT,URGENT,0
ST03,SKU01293,ZestyCo Writing Instruments Family Pack,Stationery & Office,0.0,0.0,0.0,14.041333333333334,14.041333333333334,0.0,0.0,0.0,1,0,0,STOCKOUT,URGENT,15
ST03,SKU01552,CityFresh Chips & Crisps Large,Snacks & Confectionery,0.0,0.0,0.0,10.0204,10.0204,0.0,0.0,0.0,1,0,0,STOCKOUT,URGENT,11
ST03,SKU01557,NatureBlend Notebooks Small,Stationery & Office,0.0,0.0,0.0,26.24698412698413,26.24698412698413,0.0,0.0,0.0,1,0,0,STOCKOUT,URGENT,27
ST03,SKU01907,EliteHome Batteries Family Pack,Electronics & Accessories,0.0,0.0,0.0,13.936933333333334,13.936933333333334,0.0,0.0,0.0,1,0,0,STOCKOUT,URGENT,14
ST03,SKU02085,PureLife First Aid 250ml,Health & Wellness,0.0,0.0,0.0,6.017999999999999,6.017999999999999,0.0,0.0,0.0,1,0,0,STOCKOUT,URGENT,7
ST03,SKU02115,ZestyCo Tea 250ml,Beverages,0.0,0.0,0.0,33.377231746031754,33.377231746031754,0.0,0.0,0.0,1,0,0,STOCKOUT,URGENT,34
ST03,SKU02143,SoftTouch Biscuits & Cookies Pack of 6,Snacks & Confectionery,0.0,0.0,0.0,3.0,3.0,0.0,0.0,0.0,1,0,0,STOCKOUT,URGENT,3
ST03,SKU02292,EverydayPlus Flour & Atta Medium,Grocery,0.0,0.0,0.0,2.743895238095239,0.1614056022408964,0.6654923466056464,0.0,4.123105625617661,1,0,1,STOCKOUT,URGENT,3
ST03,SKU02719,MetroBrand Storage & Containers Pack of 6,Home & Kitchen,0.0,0.0,0.0,4.913901587301588,0.30711884920634924,1.228475396825397,0.0,4.0,1,0,1,STOCKOUT,URGENT,5
ST03,SKU02891,PurePlus Men's Grooming 1L,Personal Care,0.0,0.0,0.0,4.963333333333333,4.963333333333333,0.0,0.0,0.0,1,0,0,STOCKOUT,URGENT,5
ST03,SKU02892,CityFresh Cheese 2kg,Dairy & Bakery,0.0,0.0,0.0,8.006933333333333,8.006933333333333,0.0,0.0,0.0,1,0,0,STOCKOUT,URGENT,9
ST03,SKU03008,CityFresh Notebooks 100g,Stationery & Office,0.0,0.0,0.0,4.012733333333333,4.012733333333333,0.0,0.0,0.0,1,0,0,STOCKOUT,URGENT,5
ST03,SKU03146,NovaFresh Kids Wear 500ml,Apparel & Footwear,0.0,0.0,0.0,6.973333333333334,6.973333333333334,0.0,0.0,0.0,1,0,0,STOCKOUT,URGENT,7
ST03,SKU03360,EverydayPlus Men's Grooming Medium,Personal Care,0.0,0.0,0.0,17.379014285714284,17.379014285714284,0.0,0.0,0.0,1,0,0,STOCKOUT,URGENT,18
ST03,SKU03383,NovaFresh Pulses & Lentils 1kg,Grocery,0.0,0.0,0.0,26.073192063492066,26.073192063492066,0.0,0.0,0.0,1,0,0,STOCKOUT,URGENT,27
ST03,SKU03576,DailyBest Writing Instruments Pack of 6,Stationery & Office,0.0,0.0,0.0,38.17772813852813,2.0093541125541123,8.758571518411227,0.0,4.358898943540673,1,0,1,STOCKOUT,URGENT,39
ST03,SKU03601,PrimeCare Frozen Vegetables Medium,Frozen Foods,0.0,0.0,0.0,6.043666666666667,6.043666666666667,0.0,0.0,0.0,1,0,0,STOCKOUT,URGENT,7
ST03,SKU03659,DailyBest Ready Meals Small,Frozen Foods,0.0,0.0,0.0,5.000333333333334,5.000333333333334,0.0,0.0,0.0,1,0,0,STOCKOUT,URGENT,6
ST03,SKU03688,FreshFarm Vitamins & Supplements 1L,Health & Wellness,0.0,0.0,0.0,2.975,2.975,0.0,0.0,0.0,1,0,0,STOCKOUT,URGENT,3
ST03,SKU03772,CleanWave First Aid Large,Health & Wellness,0.0,0.0,0.0,23.670019047619054,23.670019047619054,0.0,0.0,0.0,1,0,0,STOCKOUT,URGENT,24
ST03,SKU03785,PremiumSelect Biscuits & Cookies Medium,Snacks & Confectionery,0.0,0.0,0.0,23.1451468975469,23.1451468975469,0.0,0.0,0.0,1,0,0,STOCKOUT,URGENT,24
ST03,SKU03952,CityFresh Notebooks Large,Stationery & Office,0.0,0.0,0.0,18.9952,18.9952,0.0,0.0,0.0,1,0,0,STOCKOUT,URGENT,19
ST03,SKU04027,GreenValley Milk Large,Dairy & Bakery,0.0,0.0,0.0,10.031733333333332,10.031733333333332,0.0,0.0,0.0,1,0,0,STOCKOUT,URGENT,11
ST03,SKU04164,PremiumSelect Energy Drinks 500ml,Beverages,0.0,0.0,0.0,18.12286666666666,18.12286666666666,0.0,0.0,0.0,1,0,0,STOCKOUT,URGENT,19
ST03,SKU04418,GreenValley Batteries 1kg,Electronics & Accessories,0.0,0.0,0.0,30.1492507936508,30.1492507936508,0.0,0.0,0.0,1,0,0,STOCKOUT,URGENT,31
ST03,SKU04515,PrimeCare Milk Pack of 12,Dairy & Bakery,0.0,0.0,0.0,15.740733333333337,15.740733333333337,0.0,0.0,0.0,1,0,0,STOCKOUT,URGENT,16
ST03,SKU04746,SoftTouch Bath & Body 1kg,Personal Care,0.0,0.0,0.0,18.403009523809526,18.403009523809526,0.0,0.0,0.0,1,0,0,STOCKOUT,URGENT,19
ST03,SKU04788,HealthFirst Vitamins & Supplements 500g,Health & Wellness,0.0,0.0,0.0,15.013214285714286,15.013214285714286,0.0,0.0,0.0,1,0,0,STOCKOUT,URGENT,16
ST03,SKU04903,EliteHome Office Supplies 500g,Stationery & Office,0.0,0.0,0.0,14.202,14.202,0.0,0.0,0.0,1,0,0,STOCKOUT,URGENT,15
ST03,SKU04925,CleanWave Coffee Family Pack,Beverages,0.0,0.0,0.0,11.009666666666664,11.009666666666664,0.0,0.0,0.0,1,0,0,STOCKOUT,URGENT,12
ST04,SKU00065,BasicNeeds Small Appliances 500g,Electronics & Accessories,0.0,0.0,0.0,24.60318095238095,24.60318095238095,0.0,0.0,0.0,1,0,0,STOCKOUT,URGENT,25
ST04,SKU00122,MetroBrand Cooking Oil 100g,Grocery,0.0,0.0,0.0,17.85493333333333,17.85493333333333,0.0,0.0,0.0,1,0,0,STOCKOUT,URGENT,18
ST04,SKU00156,SunriseFoods Coffee 1L,Beverages,0.0,0.0,0.0,20.039580952380945,20.039580952380945,0.0,0.0,0.0,1,0,0,STOCKOUT,URGENT,21
ST04,SKU00276,NatureBlend Biscuits & Cookies 500ml,Snacks & Confectionery,0.0,0.0,0.0,4.006,4.006,0.0,0.0,0.0,1,0,0,STOCKOUT,URGENT,5
ST04,SKU00444,CityFresh Writing Instruments 1kg,Stationery & Office,0.0,0.0,0.0,8.007000000000001,8.007000000000001,0.0,0.0,0.0,1,0,0,STOCKOUT,URGENT,9
ST04,SKU00596,NovaFresh Skin Care 1kg,Personal Care,0.0,0.0,0.0,55.84013650793651,55.84013650793651,0.0,0.0,0.0,1,0,0,STOCKOUT,URGENT,56
ST04,SKU00956,CleanWave Namkeen Large,Snacks & Confectionery,0.0,0.0,0.0,15.368422222222229,15.368422222222229,0.0,0.0,0.0,1,0,0,STOCKOUT,URGENT,16
ST04,SKU01013,ValueChoice Cookware Pack of 12,Home & Kitchen,0.0,0.0,0.0,18.07220000000001,18.07220000000001,0.0,0.0,0.0,1,0,0,STOCKOUT,URGENT,19
ST04,SKU01028,SunriseFoods Chocolates 500ml,Snacks & Confectionery,0.0,0.0,0.0,7.0,7.0,0.0,0.0,0.0,1,0,0,STOCKOUT,URGENT,7
ST04,SKU01164,SmartBuy Cookware Large,Home & Kitchen,0.0,35.0,9.0,5.9943333333333335,5.9943333333333335,0.0,0.0,0.0,1,0,0,STOCKOUT,URGENT,35
ST04,SKU01215,PremiumSelect Ready Meals Large,Frozen Foods,0.0,0.0,0.0,21.153249206349216,21.153249206349216,0.0,0.0,0.0,1,0,0,STOCKOUT,URGENT,22
ST04,SKU01313,EliteHome Pulses & Lentils 2L,Grocery,0.0,0.0,0.0,15.275723809523814,15.275723809523814,0.0,0.0,0.0,1,0,0,STOCKOUT,URGENT,16
ST04,SKU01372,DailyBest Mobile Accessories 250ml,Electronics & Accessories,0.0,0.0,0.0,12.972,12.972,0.0,0.0,0.0,1,0,0,STOCKOUT,URGENT,13
ST04,SKU01479,SunriseFoods Oral Care Family Pack,Personal Care,0.0,0.0,0.0,6.979333333333334,6.979333333333334,0.0,0.0,0.0,1,0,0,STOCKOUT,URGENT,7
ST04,SKU01488,CleanWave Vitamins & Supplements 2kg,Health & Wellness,0.0,0.0,0.0,3.9986666666666655,3.9986666666666655,0.0,0.0,0.0,1,0,0,STOCKOUT,URGENT,4
ST04,SKU01494,PremiumSelect First Aid 2L,Health & Wellness,0.0,0.0,0.0,2.0066666666666664,2.0066666666666664,0.0,0.0,0.0,1,0,0,STOCKOUT,URGENT,3
ST04,SKU01894,FamilyChoice Small Appliances 250ml,Electronics & Accessories,0.0,0.0,0.0,30.49932222222223,30.49932222222223,0.0,0.0,0.0,1,0,0,STOCKOUT,URGENT,31
ST04,SKU01943,BasicNeeds Women's Wear Medium,Apparel & Footwear,0.0,0.0,0.0,14.046,14.046,0.0,0.0,0.0,1,0,0,STOCKOUT,URGENT,15
ST04,SKU01972,QuickBite Office Supplies 2kg,Stationery & Office,0.0,0.0,0.0,32.08589365079366,32.08589365079366,0.0,0.0,0.0,1,0,0,STOCKOUT,URGENT,33
ST04,SKU02555,GreenValley Sugar & Salt 1kg,Grocery,0.0,0.0,0.0,17.932800000000004,17.932800000000004,0.0,0.0,0.0,1,0,0,STOCKOUT,URGENT,18
ST04,SKU02641,PurePlus Office Supplies 1L,Stationery & Office,0.0,0.0,0.0,21.198866666666667,21.198866666666667,0.0,0.0,0.0,1,0,0,STOCKOUT,URGENT,22
ST04,SKU02697,PrimeCare Cookware 250g,Home & Kitchen,0.0,0.0,0.0,7.068666666666667,7.068666666666667,0.0,0.0,0.0,1,0,0,STOCKOUT,URGENT,8
ST04,SKU02785,PremiumSelect Kids Wear 500ml,Apparel & Footwear,0.0,0.0,0.0,9.956733333333332,9.956733333333332,0.0,0.0,0.0,1,0,0,STOCKOUT,URGENT,10
ST04,SKU02856,EliteHome Men's Grooming 1L,Personal Care,0.0,0.0,0.0,8.208390476190475,8.208390476190475,0.0,0.0,0.0,1,0,0,STOCKOUT,URGENT,9
ST04,SKU02943,NatureBlend Batteries 1L,Electronics & Accessories,0.0,0.0,0.0,29.8523746031746,29.8523746031746,0.0,0.0,0.0,1,0,0,STOCKOUT,URGENT,30
ST04,SKU03083,ZestyCo Small Appliances 500g,Electronics & Accessories,0.0,0.0,0.0,0.0,0.0,0.0,0.0,0.0,1,0,0,STOCKOUT,URGENT,0
ST04,SKU03372,PurePlus Yogurt Family Pack,Dairy & Bakery,0.0,0.0,0.0,7.47784126984127,7.47784126984127,0.0,0.0,0.0,1,0,0,STOCKOUT,URGENT,8
ST04,SKU03669,QuickBite OTC Medicine Large,Health & Wellness,0.0,0.0,0.0,2.016,2.016,0.0,0.0,0.0,1,0,0,STOCKOUT,URGENT,3
ST04,SKU03697,EverydayPlus Men's Wear 500ml,Apparel & Footwear,0.0,0.0,0.0,5.0216,5.0216,0.0,0.0,0.0,1,0,0,STOCKOUT,URGENT,6
ST04,SKU03755,SoftTouch Storage & Containers Pack of 6,Home & Kitchen,0.0,0.0,0.0,11.004666666666669,11.004666666666669,0.0,0.0,0.0,1,0,0,STOCKOUT,URGENT,12
ST04,SKU03806,HomeStyle Notebooks Small,Stationery & Office,0.0,0.0,0.0,18.13303809523809,18.13303809523809,0.0,0.0,0.0,1,0,0,STOCKOUT,URGENT,19
ST04,SKU03872,DailyBest Flour & Atta 2L,Grocery,0.0,0.0,0.0,3.9978000000000007,0.9994500000000002,1.9989000000000001,0.0,1.9999999999999998,1,0,1,STOCKOUT,URGENT,4
ST04,SKU04014,PremiumSelect Namkeen 100g,Snacks & Confectionery,0.0,0.0,0.0,18.179466666666663,18.179466666666663,0.0,0.0,0.0,1,0,0,STOCKOUT,URGENT,19
ST04,SKU04015,SoftTouch Small Appliances Family Pack,Electronics & Accessories,0.0,0.0,0.0,12.003666666666666,12.003666666666666,0.0,0.0,0.0,1,0,0,STOCKOUT,URGENT,13
ST04,SKU04218,CleanWave Coffee 2kg,Beverages,0.0,0.0,0.0,10.096866666666669,10.096866666666669,0.0,0.0,0.0,1,0,0,STOCKOUT,URGENT,11
ST04,SKU04279,ValueChoice Women's Wear Pack of 12,Apparel & Footwear,0.0,0.0,0.0,10.034,10.034,0.0,0.0,0.0,1,0,0,STOCKOUT,URGENT,11
ST04,SKU04700,TrueTaste Storage & Containers 250g,Home & Kitchen,0.0,0.0,0.0,12.996666666666666,12.996666666666666,0.0,0.0,0.0,1,0,0,STOCKOUT,URGENT,13
ST04,SKU04811,MetroBrand Skin Care 500ml,Personal Care,0.0,0.0,0.0,33.35392380952382,33.35392380952382,0.0,0.0,0.0,1,0,0,STOCKOUT,URGENT,34
ST04,SKU04959,QuickBite Bread Medium,Dairy & Bakery,0.0,0.0,0.0,7.074466666666667,7.074466666666667,0.0,0.0,0.0,1,0,0,STOCKOUT,URGENT,8
ST05,SKU00057,FamilyChoice Kids Wear 500ml,Apparel & Footwear,0.0,0.0,0.0,15.923474603174604,15.923474603174604,0.0,0.0,0.0,1,0,0,STOCKOUT,URGENT,16
ST05,SKU00073,PrimeCare Small Appliances 100g,Electronics & Accessories,0.0,0.0,0.0,18.392466666666664,18.392466666666664,0.0,0.0,0.0,1,0,0,STOCKOUT,URGENT,19
ST05,SKU00098,ValueChoice Men's Grooming 500g,Personal Care,0.0,0.0,0.0,15.916133333333336,15.916133333333336,0.0,0.0,0.0,1,0,0,STOCKOUT,URGENT,16
ST05,SKU00214,SoftTouch Home Decor Pack of 12,Home & Kitchen,0.0,0.0,0.0,30.41915714285714,0.7419306620209059,4.750674204480662,0.0,6.403124237432849,1,0,1,STOCKOUT,URGENT,31
ST05,SKU00483,ValueChoice Surface Cleaners 100g,Home Care,0.0,0.0,0.0,11.940333333333331,0.8528809523809523,3.1911883155149843,0.0,3.7416573867739413,1,0,1,STOCKOUT,URGENT,12
ST05,SKU00804,CrispKing Air Fresheners Medium,Home Care,0.0,0.0,0.0,11.923666666666666,11.923666666666666,0.0,0.0,0.0,1,0,0,STOCKOUT,URGENT,12
ST05,SKU00845,ZestyCo Frozen Vegetables 1L,Frozen Foods,0.0,31.0,15.0,9.2044,9.2044,0.0,0.0,0.0,1,0,0,STOCKOUT,URGENT,31
ST05,SKU00916,MetroBrand Hair Care 2L,Personal Care,0.0,0.0,0.0,6.110133333333332,6.110133333333332,0.0,0.0,0.0,1,0,0,STOCKOUT,URGENT,7
ST05,SKU01122,PureLife Coffee 500ml,Beverages,0.0,0.0,0.0,20.914247619047607,20.914247619047607,0.0,0.0,0.0,1,0,0,STOCKOUT,URGENT,21
ST05,SKU01137,PurePlus Cookware Pack of 12,Home & Kitchen,0.0,0.0,0.0,44.09865555555555,44.09865555555555,0.0,0.0,0.0,1,0,0,STOCKOUT,URGENT,45
ST05,SKU01150,HomeStyle Pulses & Lentils 250g,Grocery,0.0,0.0,0.0,1.004,1.004,0.0,0.0,0.0,1,0,0,STOCKOUT,URGENT,2
ST05,SKU01200,MetroBrand OTC Medicine 250g,Health & Wellness,0.0,0.0,0.0,7.993666666666666,7.993666666666666,0.0,0.0,0.0,1,0,0,STOCKOUT,URGENT,8
ST05,SKU01519,NutriPlus Frozen Meat 500g,Frozen Foods,0.0,0.0,0.0,0.0,0.0,0.0,0.0,0.0,1,0,0,STOCKOUT,URGENT,0
ST05,SKU01577,PureLife Office Supplies 500ml,Stationery & Office,0.0,0.0,0.0,10.719466666666667,10.719466666666667,0.0,0.0,0.0,1,0,0,STOCKOUT,URGENT,11
ST05,SKU01944,SoftTouch Chocolates Small,Snacks & Confectionery,0.0,0.0,0.0,28.572380952380943,28.572380952380943,0.0,0.0,0.0,1,0,0,STOCKOUT,URGENT,29
ST05,SKU02034,GreenValley Vitamins & Supplements 100g,Health & Wellness,0.0,0.0,0.0,19.9298,19.9298,0.0,0.0,0.0,1,0,0,STOCKOUT,URGENT,20
ST05,SKU02046,ValueChoice Footwear Pack of 6,Apparel & Footwear,0.0,0.0,0.0,17.914942857142858,17.914942857142858,0.0,0.0,0.0,1,0,0,STOCKOUT,URGENT,18
ST05,SKU02090,NovaFresh Home Decor Pack of 12,Home & Kitchen,0.0,0.0,0.0,0.0,0.0,0.0,0.0,0.0,1,0,0,STOCKOUT,URGENT,0
ST05,SKU02138,QuickBite Men's Wear 2kg,Apparel & Footwear,0.0,0.0,0.0,3.0076666666666667,3.0076666666666667,0.0,0.0,0.0,1,0,0,STOCKOUT,URGENT,4
ST05,SKU02165,MetroBrand Candy Pack of 6,Snacks & Confectionery,0.0,0.0,0.0,32.63241904761904,32.63241904761904,0.0,0.0,0.0,1,0,0,STOCKOUT,URGENT,33
ST05,SKU02931,FreshFarm Pest Control Large,Home Care,0.0,0.0,0.0,19.109333333333336,19.109333333333336,0.0,0.0,0.0,1,0,0,STOCKOUT,URGENT,20
ST05,SKU03002,NutriPlus Chocolates 250g,Snacks & Confectionery,0.0,0.0,0.0,5.0076,5.0076,0.0,0.0,0.0,1,0,0,STOCKOUT,URGENT,6
ST05,SKU03069,ZestyCo Writing Instruments Large,Stationery & Office,0.0,0.0,0.0,25.02062857142857,25.02062857142857,0.0,0.0,0.0,1,0,0,STOCKOUT,URGENT,26
ST05,SKU03071,SunriseFoods Mobile Accessories Pack of 12,Electronics & Accessories,0.0,0.0,0.0,7.098333333333333,7.098333333333333,0.0,0.0,0.0,1,0,0,STOCKOUT,URGENT,8
ST05,SKU03532,SparkleClean Rice & Grains 100g,Grocery,0.0,0.0,0.0,22.48363809523809,22.48363809523809,0.0,0.0,0.0,1,0,0,STOCKOUT,URGENT,23
ST05,SKU03595,ZestyCo Chocolates 250g,Snacks & Confectionery,0.0,0.0,0.0,12.839533333333334,1.8342190476190476,4.85288745001774,0.0,2.6457513110645907,1,0,1,STOCKOUT,URGENT,13
ST05,SKU03599,UrbanBite Office Supplies 2L,Stationery & Office,0.0,0.0,0.0,6.013666666666667,6.013666666666667,0.0,0.0,0.0,1,0,0,STOCKOUT,URGENT,7
ST05,SKU03706,SmartBuy Mobile Accessories 500ml,Electronics & Accessories,0.0,0.0,0.0,6.006666666666666,6.006666666666666,0.0,0.0,0.0,1,0,0,STOCKOUT,URGENT,7
ST05,SKU03775,HealthFirst First Aid 250g,Health & Wellness,0.0,0.0,0.0,22.662699999999997,22.662699999999997,0.0,0.0,0.0,1,0,0,STOCKOUT,URGENT,23
ST05,SKU04203,CleanWave Frozen Vegetables 500g,Frozen Foods,0.0,0.0,0.0,22.0624,22.0624,0.0,0.0,0.0,1,0,0,STOCKOUT,URGENT,23
ST05,SKU04296,MetroBrand Hair Care 1L,Personal Care,0.0,0.0,0.0,4.9962,4.9962,0.0,0.0,0.0,1,0,0,STOCKOUT,URGENT,5
ST05,SKU04385,ZestyCo Rice & Grains Family Pack,Grocery,0.0,0.0,0.0,5.042333333333334,5.042333333333334,0.0,0.0,0.0,1,0,0,STOCKOUT,URGENT,6
ST05,SKU04465,BasicNeeds Ice Cream 1kg,Frozen Foods,0.0,0.0,0.0,8.004,8.004,0.0,0.0,0.0,1,0,0,STOCKOUT,URGENT,9
ST05,SKU04527,NovaFresh Ready Meals 250g,Frozen Foods,0.0,0.0,0.0,13.962666666666664,13.962666666666664,0.0,0.0,0.0,1,0,0,STOCKOUT,URGENT,14
ST05,SKU04583,NatureBlend Kids Wear 2L,Apparel & Footwear,0.0,0.0,0.0,18.106461904761904,18.106461904761904,0.0,0.0,0.0,1,0,0,STOCKOUT,URGENT,19
ST05,SKU04668,EliteHome Eggs 2kg,Dairy & Bakery,0.0,0.0,0.0,20.33572380952381,20.33572380952381,0.0,0.0,0.0,1,0,0,STOCKOUT,URGENT,21
ST05,SKU04773,HomeStyle Ice Cream Small,Frozen Foods,0.0,0.0,0.0,16.896233333333335,16.896233333333335,0.0,0.0,0.0,1,0,0,STOCKOUT,URGENT,17
ST05,SKU04934,SoftTouch Laundry 1L,Home Care,0.0,0.0,0.0,8.999704761904763,8.999704761904763,0.0,0.0,0.0,1,0,0,STOCKOUT,URGENT,9
ST05,SKU04991,GreenValley Hair Care Pack of 6,Personal Care,0.0,0.0,0.0,16.844047619047615,16.844047619047615,0.0,0.0,0.0,1,0,0,STOCKOUT,URGENT,17
ST06,SKU00009,SmartBuy Frozen Vegetables Medium,Frozen Foods,0.0,0.0,0.0,2.998666666666667,2.998666666666667,0.0,0.0,0.0,1,0,0,STOCKOUT,URGENT,3
ST06,SKU00387,GreenValley Laundry 1kg,Home Care,0.0,0.0,0.0,26.418307936507933,26.418307936507933,0.0,0.0,0.0,1,0,0,STOCKOUT,URGENT,27
ST06,SKU00397,PremiumSelect Laundry Pack of 12,Home Care,0.0,0.0,0.0,36.32970952380952,36.32970952380952,0.0,0.0,0.0,1,0,0,STOCKOUT,URGENT,37
ST06,SKU00400,SoftTouch Small Appliances Pack of 12,Electronics & Accessories,0.0,0.0,0.0,45.32771428571428,45.32771428571428,0.0,0.0,0.0,1,0,0,STOCKOUT,URGENT,46
ST06,SKU00471,SoftTouch Laundry Small,Home Care,0.0,0.0,0.0,9.074733333333334,9.074733333333334,0.0,0.0,0.0,1,0,0,STOCKOUT,URGENT,10
ST06,SKU00503,SmartBuy Chips & Crisps Large,Snacks & Confectionery,0.0,0.0,0.0,5.8752,5.8752,0.0,0.0,0.0,1,0,0,STOCKOUT,URGENT,6
ST06,SKU00548,QuickBite OTC Medicine 1kg,Health & Wellness,0.0,0.0,0.0,14.0266,14.0266,0.0,0.0,0.0,1,0,0,STOCKOUT,URGENT,15
ST06,SKU00949,UrbanBite Spices & Seasoning 1L,Grocery,0.0,0.0,0.0,12.086,0.38987096774193547,2.1707096802956016,0.0,5.567764362830022,1,0,1,STOCKOUT,URGENT,13
ST06,SKU01050,SunriseFoods Vitamins & Supplements Large,Health & Wellness,0.0,0.0,0.0,0.0,0.0,0.0,0.0,0.0,1,0,0,STOCKOUT,URGENT,0
ST06,SKU01251,CleanWave Storage & Containers 2kg,Home & Kitchen,0.0,0.0,0.0,8.271819047619047,8.271819047619047,0.0,0.0,0.0,1,0,0,STOCKOUT,URGENT,9
ST06,SKU01254,DailyBest Yogurt Family Pack,Dairy & Bakery,0.0,0.0,0.0,30.270228571428564,30.270228571428564,0.0,0.0,0.0,1,0,0,STOCKOUT,URGENT,31
ST06,SKU01259,QuickBite Flour & Atta Large,Grocery,0.0,0.0,0.0,9.960066666666666,9.960066666666666,0.0,0.0,0.0,1,0,0,STOCKOUT,URGENT,10
ST06,SKU01383,NatureBlend Writing Instruments Pack of 6,Stationery & Office,0.0,0.0,0.0,8.975666666666665,8.975666666666665,0.0,0.0,0.0,1,0,0,STOCKOUT,URGENT,9
ST06,SKU01385,PremiumSelect Footwear Family Pack,Apparel & Footwear,0.0,0.0,0.0,13.984876190476191,13.984876190476191,0.0,0.0,0.0,1,0,0,STOCKOUT,URGENT,14
ST06,SKU01489,ZestyCo Namkeen Small,Snacks & Confectionery,0.0,0.0,0.0,4.514076190476192,4.514076190476192,0.0,0.0,0.0,1,0,0,STOCKOUT,URGENT,5
ST06,SKU01623,SoftTouch Men's Grooming 500g,Personal Care,0.0,0.0,0.0,17.124114285714292,17.124114285714292,0.0,0.0,0.0,1,0,0,STOCKOUT,URGENT,18
ST06,SKU02058,PremiumSelect Cookware Family Pack,Home & Kitchen,0.0,0.0,0.0,12.022,12.022,0.0,0.0,0.0,1,0,0,STOCKOUT,URGENT,13
ST06,SKU02281,FreshFarm Energy Drinks Pack of 12,Beverages,0.0,0.0,0.0,24.4046,24.4046,0.0,0.0,0.0,1,0,0,STOCKOUT,URGENT,25
ST06,SKU02444,BasicNeeds Tea 1L,Beverages,0.0,0.0,0.0,25.50162857142856,25.50162857142856,0.0,0.0,0.0,1,0,0,STOCKOUT,URGENT,26
ST06,SKU02503,PremiumSelect Notebooks 100g,Stationery & Office,0.0,26.0,13.0,5.019333333333334,5.019333333333334,0.0,0.0,0.0,1,0,0,STOCKOUT,URGENT,26
ST06,SKU02575,SmartBuy Footwear Family Pack,Apparel & Footwear,0.0,0.0,0.0,18.052661904761905,18.052661904761905,0.0,0.0,0.0,1,0,0,STOCKOUT,URGENT,19
ST06,SKU02770,SparkleClean Hair Care Pack of 6,Personal Care,0.0,0.0,0.0,13.069666666666668,13.069666666666668,0.0,0.0,0.0,1,0,0,STOCKOUT,URGENT,14
ST06,SKU02790,PremiumSelect Chips & Crisps 2L,Snacks & Confectionery,0.0,0.0,0.0,2.970666666666667,0.07426666666666668,0.4697036417903433,0.0,6.324555320336758,1,0,1,STOCKOUT,URGENT,3
ST06,SKU03007,PrimeCare Men's Wear Small,Apparel & Footwear,0.0,0.0,0.0,9.210771428571428,9.210771428571428,0.0,0.0,0.0,1,0,0,STOCKOUT,URGENT,10
ST06,SKU03015,NutriPlus Juices Medium,Beverages,0.0,0.0,0.0,5.9996,0.4615076923076923,1.6639896486364423,0.0,3.6055512754639896,1,0,1,STOCKOUT,URGENT,6
ST06,SKU03223,NovaFresh Bread 1L,Dairy & Bakery,0.0,0.0,0.0,12.990666666666666,12.990666666666666,0.0,0.0,0.0,1,0,0,STOCKOUT,URGENT,13
ST06,SKU03249,EliteHome Sugar & Salt Small,Grocery,0.0,0.0,0.0,16.951133333333335,16.951133333333335,0.0,0.0,0.0,1,0,0,STOCKOUT,URGENT,17
ST06,SKU03253,FreshFarm Soft Drinks 2L,Beverages,0.0,0.0,0.0,21.797280952380955,21.797280952380955,0.0,0.0,0.0,1,0,0,STOCKOUT,URGENT,22
ST06,SKU03434,ZestyCo Milk Medium,Dairy & Bakery,0.0,0.0,0.0,41.21826666666669,41.21826666666669,0.0,0.0,0.0,1,0,0,STOCKOUT,URGENT,42
ST06,SKU03575,SoftTouch Sugar & Salt 100g,Grocery,0.0,0.0,0.0,17.86477619047619,17.86477619047619,0.0,0.0,0.0,1,0,0,STOCKOUT,URGENT,18
ST06,SKU03607,SparkleClean OTC Medicine 500g,Health & Wellness,0.0,0.0,0.0,31.935057142857136,31.935057142857136,0.0,0.0,0.0,1,0,0,STOCKOUT,URGENT,32
ST06,SKU03786,HomeStyle Storage & Containers Pack of 6,Home & Kitchen,0.0,0.0,0.0,23.327685714285717,23.327685714285717,0.0,0.0,0.0,1,0,0,STOCKOUT,URGENT,24
ST06,SKU03925,BasicNeeds Butter & Ghee 2kg,Dairy & Bakery,0.0,0.0,0.0,18.16079523809524,18.16079523809524,0.0,0.0,0.0,1,0,0,STOCKOUT,URGENT,19
ST06,SKU04099,CrispKing Storage & Containers Small,Home & Kitchen,0.0,0.0,0.0,0.001,0.001,0.0,0.0,0.0,1,0,0,STOCKOUT,URGENT,1
ST06,SKU04313,DailyBest First Aid 500g,Health & Wellness,0.0,0.0,0.0,18.62516190476191,0.4775682539682541,2.9824127901303648,0.0,6.244997998398398,1,0,1,STOCKOUT,URGENT,19
ST06,SKU04314,CrispKing OTC Medicine 250ml,Health & Wellness,0.0,0.0,0.0,39.336666666666666,39.336666666666666,0.0,0.0,0.0,1,0,0,STOCKOUT,URGENT,40
ST06,SKU04485,NovaFresh Coffee Small,Beverages,0.0,0.0,0.0,0.0,0.0,0.0,0.0,0.0,1,0,0,STOCKOUT,URGENT,0
ST06,SKU04897,NatureBlend Women's Wear 100g,Apparel & Footwear,0.0,0.0,0.0,1.062,1.062,0.0,0.0,0.0,1,0,0,STOCKOUT,URGENT,2
ST06,SKU04899,FreshFarm Cheese 2L,Dairy & Bakery,0.0,0.0,0.0,5.984066666666667,5.984066666666667,0.0,0.0,0.0,1,0,0,STOCKOUT,URGENT,6
ST06,SKU04950,NovaFresh Yogurt Pack of 12,Dairy & Bakery,0.0,0.0,0.0,12.017733333333334,12.017733333333334,0.0,0.0,0.0,1,0,0,STOCKOUT,URGENT,13
ST07,SKU00228,FamilyChoice Mobile Accessories 250ml,Electronics & Accessories,0.0,0.0,0.0,22.91325714285714,22.91325714285714,0.0,0.0,0.0,1,0,0,STOCKOUT,URGENT,23
ST07,SKU00448,GoldenHarvest Kids Wear 250ml,Apparel & Footwear,0.0,0.0,0.0,12.055,12.055,0.0,0.0,0.0,1,0,0,STOCKOUT,URGENT,13
ST07,SKU00460,NovaFresh Cookware 1kg,Home & Kitchen,0.0,0.0,0.0,15.98,15.98,0.0,0.0,0.0,1,0,0,STOCKOUT,URGENT,16
ST07,SKU00464,CityFresh Hair Care Small,Personal Care,0.0,0.0,0.0,19.285266666666665,19.285266666666665,0.0,0.0,0.0,1,0,0,STOCKOUT,URGENT,20
ST07,SKU00518,UrbanBite Home Decor Pack of 12,Home & Kitchen,0.0,0.0,0.0,10.846219047619044,10.846219047619044,0.0,0.0,0.0,1,0,0,STOCKOUT,URGENT,11
ST07,SKU00561,FreshFarm Mobile Accessories Small,Electronics & Accessories,0.0,0.0,0.0,18.1914,18.1914,0.0,0.0,0.0,1,0,0,STOCKOUT,URGENT,19
ST07,SKU00566,PrimeCare Women's Wear 1kg,Apparel & Footwear,0.0,0.0,0.0,3.055333333333333,3.055333333333333,0.0,0.0,0.0,1,0,0,STOCKOUT,URGENT,4
ST07,SKU00767,PrimeCare Frozen Meat 500ml,Frozen Foods,0.0,0.0,0.0,39.89411904761908,39.89411904761908,0.0,0.0,0.0,1,0,0,STOCKOUT,URGENT,40
ST07,SKU00777,TrueTaste Ice Cream Large,Frozen Foods,0.0,0.0,0.0,3.027,3.027,0.0,0.0,0.0,1,0,0,STOCKOUT,URGENT,4
ST07,SKU00809,QuickBite Writing Instruments 250ml,Stationery & Office,0.0,0.0,0.0,14.9666,14.9666,0.0,0.0,0.0,1,0,0,STOCKOUT,URGENT,15
ST07,SKU00941,EliteHome Frozen Vegetables Small,Frozen Foods,0.0,0.0,0.0,10.008333333333336,10.008333333333336,0.0,0.0,0.0,1,0,0,STOCKOUT,URGENT,11
ST07,SKU01083,UrbanBite Notebooks 1kg,Stationery & Office,0.0,0.0,0.0,23.1103619047619,23.1103619047619,0.0,0.0,0.0,1,0,0,STOCKOUT,URGENT,24
ST07,SKU01216,HomeStyle Cooking Oil 1L,Grocery,0.0,0.0,0.0,15.847666666666669,15.847666666666669,0.0,0.0,0.0,1,0,0,STOCKOUT,URGENT,16
ST07,SKU01326,PureLife Cheese 1L,Dairy & Bakery,0.0,0.0,0.0,11.929819047619048,11.929819047619048,0.0,0.0,0.0,1,0,0,STOCKOUT,URGENT,12
ST07,SKU01539,UrbanBite Office Supplies 2L,Stationery & Office,0.0,0.0,0.0,8.010466666666668,8.010466666666668,0.0,0.0,0.0,1,0,0,STOCKOUT,URGENT,9
ST07,SKU01632,NatureBlend Skin Care Pack of 12,Personal Care,0.0,0.0,0.0,11.918,11.918,0.0,0.0,0.0,1,0,0,STOCKOUT,URGENT,12
ST07,SKU01677,ValueChoice Tea Pack of 6,Beverages,0.0,47.0,17.0,6.047266666666668,6.047266666666668,0.0,0.0,0.0,1,0,0,STOCKOUT,URGENT,47
ST07,SKU01685,FamilyChoice Skin Care Large,Personal Care,0.0,0.0,0.0,7.723666666666666,7.723666666666666,0.0,0.0,0.0,1,0,0,STOCKOUT,URGENT,8
ST07,SKU01698,ZestyCo Frozen Meat Family Pack,Frozen Foods,0.0,0.0,0.0,2.992,2.992,0.0,0.0,0.0,1,0,0,STOCKOUT,URGENT,3
ST07,SKU01702,HomeStyle Bread 2L,Dairy & Bakery,0.0,0.0,0.0,19.7552873015873,0.49388218253968247,3.123585185200879,0.0,6.324555320336758,1,0,1,STOCKOUT,URGENT,20
ST07,SKU01885,EverydayPlus Office Supplies 1kg,Stationery & Office,0.0,0.0,0.0,9.064666666666668,9.064666666666668,0.0,0.0,0.0,1,0,0,STOCKOUT,URGENT,10
ST07,SKU02563,CleanWave Writing Instruments 2kg,Stationery & Office,0.0,0.0,0.0,10.9808,10.9808,0.0,0.0,0.0,1,0,0,STOCKOUT,URGENT,11
ST07,SKU02565,PrimeCare Frozen Vegetables 100g,Frozen Foods,0.0,0.0,0.0,12.865533333333335,12.865533333333335,0.0,0.0,0.0,1,0,0,STOCKOUT,URGENT,13
ST07,SKU02849,GoldenHarvest Laundry Small,Home Care,0.0,0.0,0.0,5.065333333333334,5.065333333333334,0.0,0.0,0.0,1,0,0,STOCKOUT,URGENT,6
ST07,SKU03116,FamilyChoice First Aid 500ml,Health & Wellness,0.0,0.0,0.0,18.124185714285712,0.5492177489177489,3.155015765248602,0.0,5.744562646538029,1,0,1,STOCKOUT,URGENT,19
ST07,SKU03247,SunriseFoods Air Fresheners 2kg,Home Care,0.0,0.0,0.0,12.100266666666668,12.100266666666668,0.0,0.0,0.0,1,0,0,STOCKOUT,URGENT,13
ST07,SKU03325,SmartBuy Eggs 1kg,Dairy & Bakery,0.0,0.0,0.0,9.921666666666669,9.921666666666669,0.0,0.0,0.0,1,0,0,STOCKOUT,URGENT,10
ST07,SKU03419,EliteHome Men's Wear 500g,Apparel & Footwear,0.0,0.0,0.0,17.823473015873017,17.823473015873017,0.0,0.0,0.0,1,0,0,STOCKOUT,URGENT,18
ST07,SKU03490,CityFresh First Aid 250g,Health & Wellness,0.0,0.0,0.0,4.7383285714285694,4.7383285714285694,0.0,0.0,0.0,1,0,0,STOCKOUT,URGENT,5
ST07,SKU03569,CrispKing Batteries Small,Electronics & Accessories,0.0,0.0,0.0,27.32828571428571,27.32828571428571,0.0,0.0,0.0,1,0,0,STOCKOUT,URGENT,28
ST07,SKU03756,GreenValley Kids Wear Medium,Apparel & Footwear,0.0,0.0,0.0,7.852907936507938,7.852907936507938,0.0,0.0,0.0,1,0,0,STOCKOUT,URGENT,8
ST07,SKU04224,GoldenHarvest Women's Wear Medium,Apparel & Footwear,0.0,0.0,0.0,11.220109523809526,11.220109523809526,0.0,0.0,0.0,1,0,0,STOCKOUT,URGENT,12
ST07,SKU04358,NutriPlus First Aid 100g,Health & Wellness,0.0,0.0,0.0,20.4288,20.4288,0.0,0.0,0.0,1,0,0,STOCKOUT,URGENT,21
ST07,SKU04444,PureLife Mobile Accessories 100g,Electronics & Accessories,0.0,0.0,0.0,20.801690476190483,20.801690476190483,0.0,0.0,0.0,1,0,0,STOCKOUT,URGENT,21
ST07,SKU04493,SparkleClean Writing Instruments Family Pack,Stationery & Office,0.0,0.0,0.0,8.009333333333332,8.009333333333332,0.0,0.0,0.0,1,0,0,STOCKOUT,URGENT,9
ST07,SKU04793,CityFresh Home Decor Pack of 12,Home & Kitchen,0.0,0.0,0.0,7.961366666666668,7.961366666666668,0.0,0.0,0.0,1,0,0,STOCKOUT,URGENT,8
ST08,SKU00096,PrimeCare Juices 250g,Beverages,0.0,0.0,0.0,8.028333333333334,8.028333333333334,0.0,0.0,0.0,1,0,0,STOCKOUT,URGENT,9
ST08,SKU00286,PurePlus Energy Drinks Medium,Beverages,0.0,0.0,0.0,4.0052666666666665,4.0052666666666665,0.0,0.0,0.0,1,0,0,STOCKOUT,URGENT,5
ST08,SKU00326,GreenValley Kids Wear 500ml,Apparel & Footwear,0.0,0.0,0.0,2.998,2.998,0.0,0.0,0.0,1,0,0,STOCKOUT,URGENT,3
ST08,SKU00422,GreenValley Bath & Body Family Pack,Personal Care,0.0,0.0,0.0,4.959066666666668,4.959066666666668,0.0,0.0,0.0,1,0,0,STOCKOUT,URGENT,5
ST08,SKU00520,CleanWave Coffee Pack of 6,Beverages,0.0,0.0,0.0,29.8679619047619,29.8679619047619,0.0,0.0,0.0,1,0,0,STOCKOUT,URGENT,30
ST08,SKU00668,CrispKing Energy Drinks 1L,Beverages,0.0,0.0,0.0,48.32391428571427,48.32391428571427,0.0,0.0,0.0,1,0,0,STOCKOUT,URGENT,49
ST08,SKU00843,SmartBuy Candy 250ml,Snacks & Confectionery,0.0,0.0,0.0,12.056266666666666,2.4112533333333332,3.5956654356785385,0.0,1.4912018517390149,1,0,1,STOCKOUT,URGENT,13
ST08,SKU01091,NutriPlus Ice Cream 250ml,Frozen Foods,0.0,0.0,0.0,11.157085714285714,11.157085714285714,0.0,0.0,0.0,1,0,0,STOCKOUT,URGENT,12
ST08,SKU01233,DailyBest Bath & Body Family Pack,Personal Care,0.0,0.0,0.0,5.089666666666668,5.089666666666668,0.0,0.0,0.0,1,0,0,STOCKOUT,URGENT,6
ST08,SKU01298,FamilyChoice Office Supplies Large,Stationery & Office,0.0,0.0,0.0,13.909,13.909,0.0,0.0,0.0,1,0,0,STOCKOUT,URGENT,14
ST08,SKU01580,PureLife Juices 2L,Beverages,0.0,0.0,0.0,2.055428571428572,2.055428571428572,0.0,0.0,0.0,1,0,0,STOCKOUT,URGENT,3
ST08,SKU01607,NovaFresh Oral Care 500ml,Personal Care,0.0,0.0,0.0,7.9876,7.9876,0.0,0.0,0.0,1,0,0,STOCKOUT,URGENT,8
ST08,SKU01791,FreshFarm Coffee 2kg,Beverages,0.0,0.0,0.0,28.44191904761904,5.688383809523808,12.71961288020445,0.0,2.2360679774997894,1,0,1,STOCKOUT,URGENT,29
ST08,SKU01930,PrimeCare Juices 1kg,Beverages,0.0,0.0,0.0,5.15,5.15,0.0,0.0,0.0,1,0,0,STOCKOUT,URGENT,6
ST08,SKU01937,BasicNeeds Batteries Family Pack,Electronics & Accessories,0.0,0.0,0.0,9.11239523809524,9.11239523809524,0.0,0.0,0.0,1,0,0,STOCKOUT,URGENT,10
ST08,SKU02099,CityFresh Bottled Water Pack of 12,Beverages,0.0,0.0,0.0,9.229066666666668,9.229066666666668,0.0,0.0,0.0,1,0,0,STOCKOUT,URGENT,10
ST08,SKU02148,SmartBuy Dishwashing 500ml,Home Care,0.0,0.0,0.0,8.085685714285715,8.085685714285715,0.0,0.0,0.0,1,0,0,STOCKOUT,URGENT,9
ST08,SKU02207,CityFresh Hair Care Medium,Personal Care,0.0,0.0,0.0,19.7062,19.7062,0.0,0.0,0.0,1,0,0,STOCKOUT,URGENT,20
ST08,SKU02306,ZestyCo Dishwashing 250ml,Home Care,0.0,0.0,0.0,15.966,15.966,0.0,0.0,0.0,1,0,0,STOCKOUT,URGENT,16
ST08,SKU02563,CleanWave Writing Instruments 2kg,Stationery & Office,0.0,0.0,0.0,10.973999999999998,10.973999999999998,0.0,0.0,0.0,1,0,0,STOCKOUT,URGENT,11
ST08,SKU02729,GoldenHarvest Home Decor 2kg,Home & Kitchen,0.0,0.0,0.0,8.291766666666666,8.291766666666666,0.0,0.0,0.0,1,0,0,STOCKOUT,URGENT,9
ST08,SKU02737,BasicNeeds Notebooks 1kg,Stationery & Office,0.0,0.0,0.0,7.042933333333332,7.042933333333332,0.0,0.0,0.0,1,0,0,STOCKOUT,URGENT,8
ST08,SKU02916,SparkleClean Ice Cream 250ml,Frozen Foods,0.0,0.0,0.0,21.843242857142855,21.843242857142855,0.0,0.0,0.0,1,0,0,STOCKOUT,URGENT,22
ST08,SKU03270,UrbanBite Cheese Small,Dairy & Bakery,0.0,0.0,0.0,30.19256825396825,30.19256825396825,0.0,0.0,0.0,1,0,0,STOCKOUT,URGENT,31
ST08,SKU03343,SoftTouch Oral Care 1L,Personal Care,0.0,0.0,0.0,9.008666666666668,9.008666666666668,0.0,0.0,0.0,1,0,0,STOCKOUT,URGENT,10
ST08,SKU03472,HomeStyle Chocolates 1kg,Snacks & Confectionery,0.0,0.0,0.0,10.063333333333333,10.063333333333333,0.0,0.0,0.0,1,0,0,STOCKOUT,URGENT,11
ST08,SKU03598,CleanWave Notebooks Family Pack,Stationery & Office,0.0,0.0,0.0,4.001666666666667,4.001666666666667,0.0,0.0,0.0,1,0,0,STOCKOUT,URGENT,5
ST08,SKU03739,NatureBlend Tea 1L,Beverages,0.0,0.0,0.0,9.169390476190475,9.169390476190475,0.0,0.0,0.0,1,0,0,STOCKOUT,URGENT,10
ST08,SKU03867,GoldenHarvest Butter & Ghee 500ml,Dairy & Bakery,0.0,0.0,0.0,11.22369523809524,11.22369523809524,0.0,0.0,0.0,1,0,0,STOCKOUT,URGENT,12
ST08,SKU03981,GreenValley Flour & Atta Family Pack,Grocery,0.0,0.0,0.0,6.295228571428571,6.295228571428571,0.0,0.0,0.0,1,0,0,STOCKOUT,URGENT,7
ST08,SKU04035,ValueChoice Sugar & Salt 250g,Grocery,0.0,0.0,0.0,11.086961904761903,11.086961904761903,0.0,0.0,0.0,1,0,0,STOCKOUT,URGENT,12
ST08,SKU04198,QuickBite Juices 2L,Beverages,0.0,0.0,0.0,38.203209523809534,38.203209523809534,0.0,0.0,0.0,1,0,0,STOCKOUT,URGENT,39
ST08,SKU04503,UrbanBite Yogurt Medium,Dairy & Bakery,0.0,0.0,0.0,6.869333333333333,0.2747733333333333,1.3738666666666666,0.0,5.0,1,0,1,STOCKOUT,URGENT,7
ST08,SKU04536,FamilyChoice Mobile Accessories 500g,Electronics & Accessories,0.0,0.0,0.0,22.44405238095238,22.44405238095238,0.0,0.0,0.0,1,0,0,STOCKOUT,URGENT,23
ST08,SKU04656,ZestyCo Men's Wear Pack of 12,Apparel & Footwear,0.0,0.0,0.0,13.054904761904764,13.054904761904764,0.0,0.0,0.0,1,0,0,STOCKOUT,URGENT,14
ST08,SKU04705,ValueChoice Flour & Atta Pack of 12,Grocery,0.0,0.0,0.0,5.012266666666666,5.012266666666666,0.0,0.0,0.0,1,0,0,STOCKOUT,URGENT,6
ST08,SKU04822,HealthFirst Hair Care Family Pack,Personal Care,0.0,0.0,0.0,14.960066666666666,14.960066666666666,0.0,0.0,0.0,1,0,0,STOCKOUT,URGENT,15
ST09,SKU00116,CrispKing Ready Meals Large,Frozen Foods,0.0,0.0,0.0,2.9908,2.9908,0.0,0.0,0.0,1,0,0,STOCKOUT,URGENT,3
ST09,SKU00641,NutriPlus Coffee Small,Beverages,0.0,0.0,0.0,25.310580952380956,25.310580952380956,0.0,0.0,0.0,1,0,0,STOCKOUT,URGENT,26
ST09,SKU00643,ZestyCo Batteries 500ml,Electronics & Accessories,0.0,0.0,0.0,13.223261904761904,13.223261904761904,0.0,0.0,0.0,1,0,0,STOCKOUT,URGENT,14
ST09,SKU00785,EverydayPlus Pest Control 2L,Home Care,0.0,0.0,0.0,8.959,8.959,0.0,0.0,0.0,1,0,0,STOCKOUT,URGENT,9
ST09,SKU00830,TrueTaste Ice Cream Medium,Frozen Foods,0.0,0.0,0.0,14.181,14.181,0.0,0.0,0.0,1,0,0,STOCKOUT,URGENT,15
ST09,SKU00942,FreshFarm Pest Control 1kg,Home Care,0.0,0.0,0.0,25.71371428571428,25.71371428571428,0.0,0.0,0.0,1,0,0,STOCKOUT,URGENT,26
ST09,SKU00945,SparkleClean Cheese 1kg,Dairy & Bakery,0.0,0.0,0.0,10.988366666666666,10.988366666666666,0.0,0.0,0.0,1,0,0,STOCKOUT,URGENT,11
ST09,SKU01106,HealthFirst Soft Drinks Pack of 12,Beverages,0.0,0.0,0.0,8.924333333333331,8.924333333333331,0.0,0.0,0.0,1,0,0,STOCKOUT,URGENT,9
ST09,SKU01263,BasicNeeds Milk Pack of 12,Dairy & Bakery,0.0,0.0,0.0,12.008333333333336,12.008333333333336,0.0,0.0,0.0,1,0,0,STOCKOUT,URGENT,13
ST09,SKU01296,DailyBest Spices & Seasoning 2kg,Grocery,0.0,0.0,0.0,22.02461904761904,22.02461904761904,0.0,0.0,0.0,1,0,0,STOCKOUT,URGENT,23
ST09,SKU01414,CityFresh Notebooks 2L,Stationery & Office,0.0,0.0,0.0,30.170204761904767,30.170204761904767,0.0,0.0,0.0,1,0,0,STOCKOUT,URGENT,31
ST09,SKU01438,GreenValley Cooking Oil 100g,Grocery,0.0,87.0,38.0,10.900466666666668,10.900466666666668,0.0,0.0,0.0,1,0,0,STOCKOUT,URGENT,87
ST09,SKU01855,EliteHome Women's Wear Small,Apparel & Footwear,0.0,0.0,0.0,3.015,3.015,0.0,0.0,0.0,1,0,0,STOCKOUT,URGENT,4
ST09,SKU01856,EliteHome Soft Drinks 500g,Beverages,0.0,0.0,0.0,20.936865079365084,20.936865079365084,0.0,0.0,0.0,1,0,0,STOCKOUT,URGENT,21
ST09,SKU02100,PurePlus Air Fresheners 250ml,Home Care,0.0,0.0,0.0,22.349,22.349,0.0,0.0,0.0,1,0,0,STOCKOUT,URGENT,23
ST09,SKU02107,NatureBlend Footwear 1kg,Apparel & Footwear,0.0,0.0,0.0,6.954666666666667,6.954666666666667,0.0,0.0,0.0,1,0,0,STOCKOUT,URGENT,7
ST09,SKU02199,HealthFirst Candy 250ml,Snacks & Confectionery,0.0,0.0,0.0,5.211952380952381,5.211952380952381,0.0,0.0,0.0,1,0,0,STOCKOUT,URGENT,6
ST09,SKU02244,HealthFirst Biscuits & Cookies 500g,Snacks & Confectionery,0.0,0.0,0.0,7.227885714285714,7.227885714285714,0.0,0.0,0.0,1,0,0,STOCKOUT,URGENT,8
ST09,SKU02350,SoftTouch Notebooks 2L,Stationery & Office,0.0,0.0,0.0,4.9954,4.9954,0.0,0.0,0.0,1,0,0,STOCKOUT,URGENT,5
ST09,SKU02655,GreenValley Namkeen 500g,Snacks & Confectionery,0.0,0.0,0.0,8.112,8.112,0.0,0.0,0.0,1,0,0,STOCKOUT,URGENT,9
ST09,SKU02891,PurePlus Men's Grooming 1L,Personal Care,0.0,0.0,0.0,18.24158095238095,18.24158095238095,0.0,0.0,0.0,1,0,0,STOCKOUT,URGENT,19
ST09,SKU02991,FreshFarm Air Fresheners Pack of 6,Home Care,0.0,0.0,0.0,6.970666666666666,6.970666666666666,0.0,0.0,0.0,1,0,0,STOCKOUT,URGENT,7
ST09,SKU03015,NutriPlus Juices Medium,Beverages,0.0,0.0,0.0,27.511728571428563,27.511728571428563,0.0,0.0,0.0,1,0,0,STOCKOUT,URGENT,28
ST09,SKU03075,PrimeCare OTC Medicine Small,Health & Wellness,0.0,0.0,0.0,14.1272,14.1272,0.0,0.0,0.0,1,0,0,STOCKOUT,URGENT,15
ST09,SKU03227,CleanWave Frozen Vegetables 250ml,Frozen Foods,0.0,0.0,0.0,21.2400380952381,21.2400380952381,0.0,0.0,0.0,1,0,0,STOCKOUT,URGENT,22
ST09,SKU03342,DailyBest Vitamins & Supplements 2L,Health & Wellness,0.0,0.0,0.0,3.077666666666667,3.077666666666667,0.0,0.0,0.0,1,0,0,STOCKOUT,URGENT,4
ST09,SKU03354,FreshFarm Chips & Crisps 250ml,Snacks & Confectionery,0.0,0.0,0.0,25.079571428571423,25.079571428571423,0.0,0.0,0.0,1,0,0,STOCKOUT,URGENT,26
ST09,SKU03576,DailyBest Writing Instruments Pack of 6,Stationery & Office,0.0,0.0,0.0,0.0,0.0,0.0,0.0,0.0,1,0,0,STOCKOUT,URGENT,0
ST09,SKU03614,QuickBite Vitamins & Supplements 500ml,Health & Wellness,0.0,0.0,0.0,15.028708802308808,15.028708802308808,0.0,0.0,0.0,1,0,0,STOCKOUT,URGENT,16
ST09,SKU03951,CityFresh Juices Family Pack,Beverages,0.0,0.0,0.0,8.436663492063493,8.436663492063493,0.0,0.0,0.0,1,0,0,STOCKOUT,URGENT,9
ST09,SKU03982,BasicNeeds Writing Instruments 2L,Stationery & Office,0.0,0.0,0.0,19.700966666666663,19.700966666666663,0.0,0.0,0.0,1,0,0,STOCKOUT,URGENT,20
ST09,SKU04600,ValueChoice Oral Care 1kg,Personal Care,0.0,0.0,0.0,11.146333333333336,11.146333333333336,0.0,0.0,0.0,1,0,0,STOCKOUT,URGENT,12
ST09,SKU04659,CrispKing Skin Care Pack of 6,Personal Care,0.0,0.0,0.0,9.9344,9.9344,0.0,0.0,0.0,1,0,0,STOCKOUT,URGENT,10
ST09,SKU04683,EverydayPlus Hair Care 250ml,Personal Care,0.0,0.0,0.0,11.962133333333334,11.962133333333334,0.0,0.0,0.0,1,0,0,STOCKOUT,URGENT,12
ST09,SKU04739,SparkleClean Men's Grooming 500ml,Personal Care,0.0,0.0,0.0,8.013333333333334,8.013333333333334,0.0,0.0,0.0,1,0,0,STOCKOUT,URGENT,9
ST09,SKU04748,SunriseFoods Ice Cream Pack of 6,Frozen Foods,0.0,0.0,0.0,11.07554285714286,11.07554285714286,0.0,0.0,0.0,1,0,0,STOCKOUT,URGENT,12
ST09,SKU04978,EverydayPlus Frozen Vegetables 250g,Frozen Foods,0.0,0.0,0.0,6.097933333333334,6.097933333333334,0.0,0.0,0.0,1,0,0,STOCKOUT,URGENT,7
ST10,SKU00067,EliteHome Spices & Seasoning 250ml,Grocery,0.0,0.0,0.0,21.44749206349206,21.44749206349206,0.0,0.0,0.0,1,0,0,STOCKOUT,URGENT,22
ST10,SKU00392,NatureBlend Rice & Grains 100g,Grocery,0.0,0.0,0.0,4.942999999999999,4.942999999999999,0.0,0.0,0.0,1,0,0,STOCKOUT,URGENT,5
ST10,SKU00398,PremiumSelect Vitamins & Supplements Family Pack,Health & Wellness,0.0,0.0,0.0,9.045666666666667,9.045666666666667,0.0,0.0,0.0,1,0,0,STOCKOUT,URGENT,10
ST10,SKU00411,TrueTaste Frozen Meat 250g,Frozen Foods,0.0,0.0,0.0,17.018333333333334,17.018333333333334,0.0,0.0,0.0,1,0,0,STOCKOUT,URGENT,18
ST10,SKU00464,CityFresh Hair Care Small,Personal Care,0.0,0.0,0.0,26.004809523809524,26.004809523809524,0.0,0.0,0.0,1,0,0,STOCKOUT,URGENT,27
ST10,SKU00727,PurePlus Ready Meals 100g,Frozen Foods,0.0,0.0,0.0,7.034133333333333,7.034133333333333,0.0,0.0,0.0,1,0,0,STOCKOUT,URGENT,8
ST10,SKU00785,EverydayPlus Pest Control 2L,Home Care,0.0,0.0,0.0,12.039,12.039,0.0,0.0,0.0,1,0,0,STOCKOUT,URGENT,13
ST10,SKU00860,FamilyChoice Frozen Vegetables Small,Frozen Foods,0.0,0.0,0.0,10.819333333333336,10.819333333333336,0.0,0.0,0.0,1,0,0,STOCKOUT,URGENT,11
ST10,SKU01114,HomeStyle Footwear Large,Apparel & Footwear,0.0,0.0,0.0,26.73512698412699,26.73512698412699,0.0,0.0,0.0,1,0,0,STOCKOUT,URGENT,27
ST10,SKU01209,SoftTouch Soft Drinks 2kg,Beverages,0.0,0.0,0.0,20.906346031746036,20.906346031746036,0.0,0.0,0.0,1,0,0,STOCKOUT,URGENT,21
ST10,SKU01329,HomeStyle Namkeen Small,Snacks & Confectionery,0.0,0.0,0.0,10.049666666666663,10.049666666666663,0.0,0.0,0.0,1,0,0,STOCKOUT,URGENT,11
ST10,SKU01382,PrimeCare Pulses & Lentils Family Pack,Grocery,0.0,0.0,0.0,23.85936666666667,23.85936666666667,0.0,0.0,0.0,1,0,0,STOCKOUT,URGENT,24
ST10,SKU01391,BasicNeeds Pest Control Medium,Home Care,0.0,0.0,0.0,4.053333333333333,4.053333333333333,0.0,0.0,0.0,1,0,0,STOCKOUT,URGENT,5
ST10,SKU01393,UrbanBite Juices 250ml,Beverages,0.0,0.0,0.0,6.051999999999999,6.051999999999999,0.0,0.0,0.0,1,0,0,STOCKOUT,URGENT,7
ST10,SKU01640,NovaFresh Kids Wear 100g,Apparel & Footwear,0.0,0.0,0.0,22.062298412698414,22.062298412698414,0.0,0.0,0.0,1,0,0,STOCKOUT,URGENT,23
ST10,SKU01831,QuickBite Vitamins & Supplements 250ml,Health & Wellness,0.0,0.0,0.0,42.06498412698411,42.06498412698411,0.0,0.0,0.0,1,0,0,STOCKOUT,URGENT,43
ST10,SKU01984,SunriseFoods Men's Grooming Large,Personal Care,0.0,0.0,0.0,6.004533333333334,6.004533333333334,0.0,0.0,0.0,1,0,0,STOCKOUT,URGENT,7
ST10,SKU02018,DailyBest Home Decor 100g,Home & Kitchen,0.0,0.0,0.0,23.9,23.9,0.0,0.0,0.0,1,0,0,STOCKOUT,URGENT,24
ST10,SKU02110,GreenValley Notebooks Medium,Stationery & Office,0.0,0.0,0.0,11.456323809523814,11.456323809523814,0.0,0.0,0.0,1,0,0,STOCKOUT,URGENT,12
ST10,SKU02141,PureLife Bath & Body Family Pack,Personal Care,0.0,63.0,17.0,29.40189841269841,29.40189841269841,0.0,0.0,0.0,1,0,0,STOCKOUT,URGENT,63
ST10,SKU02208,SoftTouch Biscuits & Cookies Small,Snacks & Confectionery,0.0,0.0,0.0,11.990333333333332,11.990333333333332,0.0,0.0,0.0,1,0,0,STOCKOUT,URGENT,12
ST10,SKU02404,CrispKing Namkeen 500ml,Snacks & Confectionery,0.0,0.0,0.0,17.50564285714286,17.50564285714286,0.0,0.0,0.0,1,0,0,STOCKOUT,URGENT,18
ST10,SKU02599,PremiumSelect Oral Care 250ml,Personal Care,0.0,0.0,0.0,22.015077777777787,22.015077777777787,0.0,0.0,0.0,1,0,0,STOCKOUT,URGENT,23
ST10,SKU02679,MetroBrand First Aid Small,Health & Wellness,0.0,0.0,0.0,20.94165873015873,20.94165873015873,0.0,0.0,0.0,1,0,0,STOCKOUT,URGENT,21
ST10,SKU03296,PrimeCare Batteries 250ml,Electronics & Accessories,0.0,0.0,0.0,8.995333333333333,8.995333333333333,0.0,0.0,0.0,1,0,0,STOCKOUT,URGENT,9
ST10,SKU03338,NovaFresh Writing Instruments 1kg,Stationery & Office,0.0,0.0,0.0,6.995333333333334,6.995333333333334,0.0,0.0,0.0,1,0,0,STOCKOUT,URGENT,7
ST10,SKU03748,SparkleClean Flour & Atta 1kg,Grocery,0.0,0.0,0.0,0.0,0.0,0.0,0.0,0.0,1,0,0,STOCKOUT,URGENT,0
ST10,SKU03891,MetroBrand Eggs Medium,Dairy & Bakery,0.0,0.0,0.0,2.3164571428571428,2.3164571428571428,0.0,0.0,0.0,1,0,0,STOCKOUT,URGENT,3
ST10,SKU03963,ZestyCo Energy Drinks Pack of 12,Beverages,0.0,0.0,0.0,14.037666666666668,14.037666666666668,0.0,0.0,0.0,1,0,0,STOCKOUT,URGENT,15
ST10,SKU04167,EverydayPlus Office Supplies Pack of 12,Stationery & Office,0.0,0.0,0.0,20.775557142857146,0.6110457983193278,3.562978655547344,0.0,5.830951894845301,1,0,1,STOCKOUT,URGENT,21
ST10,SKU04450,QuickBite Small Appliances 500ml,Electronics & Accessories,0.0,0.0,0.0,3.9983333333333335,3.9983333333333335,0.0,0.0,0.0,1,0,0,STOCKOUT,URGENT,4
ST10,SKU04463,NovaFresh Men's Wear 1L,Apparel & Footwear,0.0,0.0,0.0,7.009333333333333,7.009333333333333,0.0,0.0,0.0,1,0,0,STOCKOUT,URGENT,8
ST10,SKU04826,NovaFresh Men's Wear Medium,Apparel & Footwear,0.0,0.0,0.0,13.9906,13.9906,0.0,0.0,0.0,1,0,0,STOCKOUT,URGENT,14
ST11,SKU00001,NutriPlus Cookware Large,Home & Kitchen,0.0,0.0,0.0,2.012,2.012,0.0,0.0,0.0,1,0,0,STOCKOUT,URGENT,3
ST11,SKU00022,PrimeCare Bottled Water 250ml,Beverages,0.0,0.0,0.0,10.048,10.048,0.0,0.0,0.0,1,0,0,STOCKOUT,URGENT,11
ST11,SKU00086,HealthFirst Small Appliances Pack of 12,Electronics & Accessories,0.0,0.0,0.0,18.602652380952375,18.602652380952375,0.0,0.0,0.0,1,0,0,STOCKOUT,URGENT,19
ST11,SKU00087,NatureBlend First Aid 500g,Health & Wellness,0.0,0.0,0.0,45.93250952380953,45.93250952380953,0.0,0.0,0.0,1,0,0,STOCKOUT,URGENT,46
ST11,SKU00093,ValueChoice Energy Drinks 2kg,Beverages,0.0,0.0,0.0,3.0116,3.0116,0.0,0.0,0.0,1,0,0,STOCKOUT,URGENT,4
ST11,SKU00117,ZestyCo Surface Cleaners Pack of 6,Home Care,0.0,0.0,0.0,0.0,0.0,0.0,0.0,0.0,1,0,0,STOCKOUT,URGENT,0
ST11,SKU00162,NovaFresh Small Appliances Small,Electronics & Accessories,0.0,0.0,0.0,37.53370952380952,37.53370952380952,0.0,0.0,0.0,1,0,0,STOCKOUT,URGENT,38
ST11,SKU00528,BasicNeeds Bottled Water Small,Beverages,0.0,0.0,0.0,12.003333333333334,12.003333333333334,0.0,0.0,0.0,1,0,0,STOCKOUT,URGENT,13
ST11,SKU00561,FreshFarm Mobile Accessories Small,Electronics & Accessories,0.0,0.0,0.0,4.998,4.998,0.0,0.0,0.0,1,0,0,STOCKOUT,URGENT,5
ST11,SKU00677,EliteHome Mobile Accessories 500ml,Electronics & Accessories,0.0,0.0,0.0,18.96982857142857,18.96982857142857,0.0,0.0,0.0,1,0,0,STOCKOUT,URGENT,19
ST11,SKU00774,GreenValley Energy Drinks 1kg,Beverages,0.0,69.0,26.0,35.99537619047617,35.99537619047617,0.0,0.0,0.0,1,0,0,STOCKOUT,URGENT,69
ST11,SKU00933,QuickBite Notebooks 100g,Stationery & Office,0.0,0.0,0.0,16.55824761904762,16.55824761904762,0.0,0.0,0.0,1,0,0,STOCKOUT,URGENT,17
ST11,SKU01010,TrueTaste Hair Care Family Pack,Personal Care,0.0,80.0,19.0,8.989999999999998,8.989999999999998,0.0,0.0,0.0,1,0,0,STOCKOUT,URGENT,80
ST11,SKU01116,PrimeCare Rice & Grains Medium,Grocery,0.0,0.0,0.0,2.001,2.001,0.0,0.0,0.0,1,0,0,STOCKOUT,URGENT,3
ST11,SKU01159,SoftTouch Hair Care 1kg,Personal Care,0.0,0.0,0.0,18.37170476190477,18.37170476190477,0.0,0.0,0.0,1,0,0,STOCKOUT,URGENT,19
ST11,SKU01230,FamilyChoice Frozen Meat Medium,Frozen Foods,0.0,0.0,0.0,25.89331904761906,25.89331904761906,0.0,0.0,0.0,1,0,0,STOCKOUT,URGENT,26
ST11,SKU01437,HomeStyle Kids Wear Small,Apparel & Footwear,0.0,0.0,0.0,4.833333333333333,4.833333333333333,0.0,0.0,0.0,1,0,0,STOCKOUT,URGENT,5
ST11,SKU01493,ZestyCo Pest Control 100g,Home Care,0.0,0.0,0.0,5.012733333333333,5.012733333333333,0.0,0.0,0.0,1,0,0,STOCKOUT,URGENT,6
ST11,SKU01506,GoldenHarvest Candy 2L,Snacks & Confectionery,0.0,0.0,0.0,11.102266666666669,11.102266666666669,0.0,0.0,0.0,1,0,0,STOCKOUT,URGENT,12
ST11,SKU01509,MetroBrand Storage & Containers Small,Home & Kitchen,0.0,0.0,0.0,1.0836,1.0836,0.0,0.0,0.0,1,0,0,STOCKOUT,URGENT,2
ST11,SKU02020,DailyBest Office Supplies Medium,Stationery & Office,0.0,0.0,0.0,3.267990476190476,3.267990476190476,0.0,0.0,0.0,1,0,0,STOCKOUT,URGENT,4
ST11,SKU02159,PremiumSelect Eggs 1kg,Dairy & Bakery,0.0,0.0,0.0,17.009666666666668,17.009666666666668,0.0,0.0,0.0,1,0,0,STOCKOUT,URGENT,18
ST11,SKU02208,SoftTouch Biscuits & Cookies Small,Snacks & Confectionery,0.0,0.0,0.0,51.82538095238095,51.82538095238095,0.0,0.0,0.0,1,0,0,STOCKOUT,URGENT,52
ST11,SKU02258,HomeStyle Small Appliances 250ml,Electronics & Accessories,0.0,0.0,0.0,18.947133333333333,18.947133333333333,0.0,0.0,0.0,1,0,0,STOCKOUT,URGENT,19
ST11,SKU02362,SmartBuy Storage & Containers 1kg,Home & Kitchen,0.0,0.0,0.0,1.0,1.0,0.0,0.0,0.0,1,0,0,STOCKOUT,URGENT,1
ST11,SKU02538,EverydayPlus Ice Cream 2L,Frozen Foods,0.0,99.0,22.0,5.0,5.0,0.0,0.0,0.0,1,0,0,STOCKOUT,URGENT,99
ST11,SKU02554,SmartBuy Cookware 500g,Home & Kitchen,0.0,0.0,0.0,25.24045714285714,25.24045714285714,0.0,0.0,0.0,1,0,0,STOCKOUT,URGENT,26
ST11,SKU02677,SunriseFoods Hair Care Small,Personal Care,0.0,0.0,0.0,0.0,0.0,0.0,0.0,0.0,1,0,0,STOCKOUT,URGENT,0
ST11,SKU03040,CityFresh Cookware 1kg,Home & Kitchen,0.0,0.0,0.0,2.010666666666667,2.010666666666667,0.0,0.0,0.0,1,0,0,STOCKOUT,URGENT,3
ST11,SKU03076,MetroBrand Footwear 1L,Apparel & Footwear,0.0,0.0,0.0,0.0,0.0,0.0,0.0,0.0,1,0,0,STOCKOUT,URGENT,0
ST11,SKU03106,EliteHome Chocolates Pack of 6,Snacks & Confectionery,0.0,0.0,0.0,7.988266666666666,7.988266666666666,0.0,0.0,0.0,1,0,0,STOCKOUT,URGENT,8
ST11,SKU03205,CityFresh Writing Instruments 100g,Stationery & Office,0.0,0.0,0.0,7.018666666666667,7.018666666666667,0.0,0.0,0.0,1,0,0,STOCKOUT,URGENT,8
ST11,SKU03360,EverydayPlus Men's Grooming Medium,Personal Care,0.0,0.0,0.0,6.880420634920633,6.880420634920633,0.0,0.0,0.0,1,0,0,STOCKOUT,URGENT,7
ST11,SKU03452,PrimeCare First Aid Small,Health & Wellness,0.0,0.0,0.0,10.8884,10.8884,0.0,0.0,0.0,1,0,0,STOCKOUT,URGENT,11
ST11,SKU03453,ZestyCo Juices Large,Beverages,0.0,0.0,0.0,4.018,4.018,0.0,0.0,0.0,1,0,0,STOCKOUT,URGENT,5
ST11,SKU03597,GreenValley Laundry 500g,Home Care,0.0,0.0,0.0,1.004,1.004,0.0,0.0,0.0,1,0,0,STOCKOUT,URGENT,2
ST11,SKU03755,SoftTouch Storage & Containers Pack of 6,Home & Kitchen,0.0,0.0,0.0,5.999666666666666,5.999666666666666,0.0,0.0,0.0,1,0,0,STOCKOUT,URGENT,6
ST11,SKU03775,HealthFirst First Aid 250g,Health & Wellness,0.0,0.0,0.0,5.008933333333333,5.008933333333333,0.0,0.0,0.0,1,0,0,STOCKOUT,URGENT,6
ST11,SKU03862,EverydayPlus Storage & Containers Pack of 6,Home & Kitchen,0.0,0.0,0.0,8.956000000000001,8.956000000000001,0.0,0.0,0.0,1,0,0,STOCKOUT,URGENT,9
ST11,SKU04552,PurePlus Pulses & Lentils 1kg,Grocery,0.0,0.0,0.0,16.068785714285717,16.068785714285717,0.0,0.0,0.0,1,0,0,STOCKOUT,URGENT,17
ST11,SKU04592,FreshFarm Surface Cleaners 100g,Home Care,0.0,0.0,0.0,3.006666666666667,3.006666666666667,0.0,0.0,0.0,1,0,0,STOCKOUT,URGENT,4
ST11,SKU04657,TrueTaste Pest Control Large,Home Care,0.0,0.0,0.0,12.405076190476192,12.405076190476192,0.0,0.0,0.0,1,0,0,STOCKOUT,URGENT,13
ST11,SKU04762,ValueChoice Frozen Vegetables 1L,Frozen Foods,0.0,0.0,0.0,14.021333333333336,14.021333333333336,0.0,0.0,0.0,1,0,0,STOCKOUT,URGENT,15
ST11,SKU04879,SunriseFoods Small Appliances 250ml,Electronics & Accessories,0.0,0.0,0.0,8.016000000000002,0.296888888888889,1.5426799192746805,0.0,5.196152422706632,1,0,1,STOCKOUT,URGENT,9
ST11,SKU04976,GreenValley Mobile Accessories Medium,Electronics & Accessories,0.0,0.0,0.0,8.051066666666667,8.051066666666667,0.0,0.0,0.0,1,0,0,STOCKOUT,URGENT,9
ST12,SKU00020,SmartBuy Rice & Grains 2L,Grocery,0.0,45.0,15.0,18.99540952380952,18.99540952380952,0.0,0.0,0.0,1,0,0,STOCKOUT,URGENT,45
ST12,SKU00071,CleanWave Juices 500ml,Beverages,0.0,0.0,0.0,13.980266666666669,13.980266666666669,0.0,0.0,0.0,1,0,0,STOCKOUT,URGENT,14
ST12,SKU00121,CityFresh Cheese Pack of 12,Dairy & Bakery,0.0,0.0,0.0,21.073,21.073,0.0,0.0,0.0,1,0,0,STOCKOUT,URGENT,22
ST12,SKU00128,CrispKing Footwear 2L,Apparel & Footwear,0.0,0.0,0.0,19.030204761904763,19.030204761904763,0.0,0.0,0.0,1,0,0,STOCKOUT,URGENT,20
ST12,SKU00391,SunriseFoods Mobile Accessories 500ml,Electronics & Accessories,0.0,0.0,0.0,19.060361904761905,19.060361904761905,0.0,0.0,0.0,1,0,0,STOCKOUT,URGENT,20
ST12,SKU00490,ZestyCo Office Supplies 500ml,Stationery & Office,0.0,0.0,0.0,9.092,9.092,0.0,0.0,0.0,1,0,0,STOCKOUT,URGENT,10
ST12,SKU00817,NatureBlend OTC Medicine 250ml,Health & Wellness,0.0,0.0,0.0,1.998,1.998,0.0,0.0,0.0,1,0,0,STOCKOUT,URGENT,2
ST12,SKU00897,EverydayPlus Chips & Crisps 250g,Snacks & Confectionery,0.0,0.0,0.0,10.071133333333332,10.071133333333332,0.0,0.0,0.0,1,0,0,STOCKOUT,URGENT,11
ST12,SKU00940,ValueChoice Coffee Large,Beverages,0.0,0.0,0.0,11.0678,11.0678,0.0,0.0,0.0,1,0,0,STOCKOUT,URGENT,12
ST12,SKU01064,PurePlus Cookware 1kg,Home & Kitchen,0.0,0.0,0.0,32.031917460317445,32.031917460317445,0.0,0.0,0.0,1,0,0,STOCKOUT,URGENT,33
ST12,SKU01163,SparkleClean Men's Wear 1kg,Apparel & Footwear,0.0,0.0,0.0,31.64928571428571,31.64928571428571,0.0,0.0,0.0,1,0,0,STOCKOUT,URGENT,32
ST12,SKU01170,TrueTaste Hair Care 250ml,Personal Care,0.0,87.0,40.0,8.937466666666667,8.937466666666667,0.0,0.0,0.0,1,0,0,STOCKOUT,URGENT,87
ST12,SKU01223,TrueTaste Pest Control Family Pack,Home Care,0.0,0.0,0.0,2.005733333333333,2.005733333333333,0.0,0.0,0.0,1,0,0,STOCKOUT,URGENT,3
ST12,SKU01355,FreshFarm First Aid Medium,Health & Wellness,0.0,0.0,0.0,21.901766666666667,21.901766666666667,0.0,0.0,0.0,1,0,0,STOCKOUT,URGENT,22
ST12,SKU01481,NutriPlus Frozen Meat 1L,Frozen Foods,0.0,0.0,0.0,23.7117,23.7117,0.0,0.0,0.0,1,0,0,STOCKOUT,URGENT,24
ST12,SKU01610,FreshFarm Ready Meals 500ml,Frozen Foods,0.0,0.0,0.0,6.0187333333333335,6.0187333333333335,0.0,0.0,0.0,1,0,0,STOCKOUT,URGENT,7
ST12,SKU01735,HealthFirst Vitamins & Supplements 100g,Health & Wellness,0.0,0.0,0.0,3.004,3.004,0.0,0.0,0.0,1,0,0,STOCKOUT,URGENT,4
ST12,SKU01749,HealthFirst Small Appliances 2kg,Electronics & Accessories,0.0,0.0,0.0,20.8397,20.8397,0.0,0.0,0.0,1,0,0,STOCKOUT,URGENT,21
ST12,SKU01959,GoldenHarvest Cheese 1kg,Dairy & Bakery,0.0,0.0,0.0,14.842,14.842,0.0,0.0,0.0,1,0,0,STOCKOUT,URGENT,15
ST12,SKU02111,GreenValley Pulses & Lentils 1kg,Grocery,0.0,0.0,0.0,19.83083333333333,19.83083333333333,0.0,0.0,0.0,1,0,0,STOCKOUT,URGENT,20
ST12,SKU02239,HealthFirst Notebooks 250g,Stationery & Office,0.0,0.0,0.0,15.979,15.979,0.0,0.0,0.0,1,0,0,STOCKOUT,URGENT,16
ST12,SKU02301,QuickBite Home Decor 500ml,Home & Kitchen,0.0,0.0,0.0,26.430553968253964,26.430553968253964,0.0,0.0,0.0,1,0,0,STOCKOUT,URGENT,27
ST12,SKU02493,GoldenHarvest Chocolates 250g,Snacks & Confectionery,0.0,0.0,0.0,10.9858,10.9858,0.0,0.0,0.0,1,0,0,STOCKOUT,URGENT,11
ST12,SKU02679,MetroBrand First Aid Small,Health & Wellness,0.0,0.0,0.0,28.350493650793656,28.350493650793656,0.0,0.0,0.0,1,0,0,STOCKOUT,URGENT,29
ST12,SKU02747,NovaFresh OTC Medicine 250ml,Health & Wellness,0.0,31.0,11.0,14.580533333333332,14.580533333333332,0.0,0.0,0.0,1,0,0,STOCKOUT,URGENT,31
ST12,SKU02819,NovaFresh Mobile Accessories 1L,Electronics & Accessories,0.0,0.0,0.0,11.88473333333333,11.88473333333333,0.0,0.0,0.0,1,0,0,STOCKOUT,URGENT,12
ST12,SKU02968,FamilyChoice First Aid 100g,Health & Wellness,0.0,0.0,0.0,5.958066666666666,5.958066666666666,0.0,0.0,0.0,1,0,0,STOCKOUT,URGENT,6
ST12,SKU03037,ZestyCo Women's Wear Family Pack,Apparel & Footwear,0.0,0.0,0.0,23.00186666666666,23.00186666666666,0.0,0.0,0.0,1,0,0,STOCKOUT,URGENT,24
ST12,SKU03191,NovaFresh Ready Meals 2kg,Frozen Foods,0.0,0.0,0.0,37.88894444444444,37.88894444444444,0.0,0.0,0.0,1,0,0,STOCKOUT,URGENT,38
ST12,SKU03271,UrbanBite Ready Meals 100g,Frozen Foods,0.0,0.0,0.0,8.0568,8.0568,0.0,0.0,0.0,1,0,0,STOCKOUT,URGENT,9
ST12,SKU03629,EverydayPlus Notebooks Family Pack,Stationery & Office,0.0,0.0,0.0,9.992666666666668,9.992666666666668,0.0,0.0,0.0,1,0,0,STOCKOUT,URGENT,10
ST12,SKU03790,EliteHome Frozen Vegetables 1kg,Frozen Foods,0.0,0.0,0.0,0.0,0.0,0.0,0.0,0.0,1,0,0,STOCKOUT,URGENT,0
ST12,SKU03907,QuickBite Home Decor 1L,Home & Kitchen,0.0,35.0,14.0,16.982733333333332,16.982733333333332,0.0,0.0,0.0,1,0,0,STOCKOUT,URGENT,35
ST12,SKU04167,EverydayPlus Office Supplies Pack of 12,Stationery & Office,0.0,0.0,0.0,34.04712222222222,34.04712222222222,0.0,0.0,0.0,1,0,0,STOCKOUT,URGENT,35
ST12,SKU04189,EverydayPlus Small Appliances Medium,Electronics & Accessories,0.0,0.0,0.0,27.742333333333328,27.742333333333328,0.0,0.0,0.0,1,0,0,STOCKOUT,URGENT,28
ST12,SKU04253,CleanWave Men's Grooming Pack of 6,Personal Care,0.0,0.0,0.0,16.209472294372294,16.209472294372294,0.0,0.0,0.0,1,0,0,STOCKOUT,URGENT,17
ST12,SKU04284,PureLife Bottled Water 1kg,Beverages,0.0,0.0,0.0,8.997333333333334,8.997333333333334,0.0,0.0,0.0,1,0,0,STOCKOUT,URGENT,9
ST12,SKU04407,ValueChoice Coffee Medium,Beverages,0.0,0.0,0.0,30.16796190476191,30.16796190476191,0.0,0.0,0.0,1,0,0,STOCKOUT,URGENT,31
ST12,SKU04432,SoftTouch Writing Instruments 1kg,Stationery & Office,0.0,0.0,0.0,6.079333333333333,6.079333333333333,0.0,0.0,0.0,1,0,0,STOCKOUT,URGENT,7
ST12,SKU04489,PureLife OTC Medicine 250g,Health & Wellness,0.0,47.0,17.0,8.018666666666666,8.018666666666666,0.0,0.0,0.0,1,0,0,STOCKOUT,URGENT,47
ST12,SKU04586,HealthFirst Dishwashing Small,Home Care,0.0,0.0,0.0,24.549828571428574,24.549828571428574,0.0,0.0,0.0,1,0,0,STOCKOUT,URGENT,25
ST12,SKU04606,NatureBlend OTC Medicine Medium,Health & Wellness,0.0,0.0,0.0,9.05224761904762,0.6034831746031747,2.337280284954478,0.0,3.8729833462074166,1,0,1,STOCKOUT,URGENT,10
ST12,SKU04647,NutriPlus Ice Cream 500ml,Frozen Foods,0.0,0.0,0.0,1.4374285714285715,1.4374285714285715,0.0,0.0,0.0,1,0,0,STOCKOUT,URGENT,2
ST12,SKU04832,NatureBlend Notebooks 2kg,Stationery & Office,0.0,0.0,0.0,32.07764444444444,32.07764444444444,0.0,0.0,0.0,1,0,0,STOCKOUT,URGENT,33
ST12,SKU04845,SparkleClean OTC Medicine Pack of 12,Health & Wellness,0.0,0.0,0.0,6.054000000000001,6.054000000000001,0.0,0.0,0.0,1,0,0,STOCKOUT,URGENT,7
ST13,SKU00058,NutriPlus Office Supplies 2L,Stationery & Office,0.0,0.0,0.0,12.983666666666666,12.983666666666666,0.0,0.0,0.0,1,0,0,STOCKOUT,URGENT,13
ST13,SKU00084,NutriPlus Men's Wear 2kg,Apparel & Footwear,0.0,0.0,0.0,3.8812,3.8812,0.0,0.0,0.0,1,0,0,STOCKOUT,URGENT,4
ST13,SKU00089,PrimeCare Yogurt Family Pack,Dairy & Bakery,0.0,0.0,0.0,20.12118095238095,20.12118095238095,0.0,0.0,0.0,1,0,0,STOCKOUT,URGENT,21
ST13,SKU00207,NovaFresh Coffee 1kg,Beverages,0.0,0.0,0.0,12.990000000000002,12.990000000000002,0.0,0.0,0.0,1,0,0,STOCKOUT,URGENT,13
ST13,SKU00923,EverydayPlus Kids Wear Small,Apparel & Footwear,0.0,0.0,0.0,26.961800000000007,26.961800000000007,0.0,0.0,0.0,1,0,0,STOCKOUT,URGENT,27
ST13,SKU01106,HealthFirst Soft Drinks Pack of 12,Beverages,0.0,0.0,0.0,5.015333333333334,5.015333333333334,0.0,0.0,0.0,1,0,0,STOCKOUT,URGENT,6
ST13,SKU01148,EverydayPlus Small Appliances Medium,Electronics & Accessories,0.0,0.0,0.0,0.0,0.0,0.0,0.0,0.0,1,0,0,STOCKOUT,URGENT,0
ST13,SKU01149,FreshFarm Frozen Meat Large,Frozen Foods,0.0,0.0,0.0,13.51255238095238,13.51255238095238,0.0,0.0,0.0,1,0,0,STOCKOUT,URGENT,14
ST13,SKU01152,FamilyChoice Skin Care 1L,Personal Care,0.0,31.0,7.0,18.062066666666663,18.062066666666663,0.0,0.0,0.0,1,0,0,STOCKOUT,URGENT,31
ST13,SKU01246,SmartBuy Vitamins & Supplements 1kg,Health & Wellness,0.0,0.0,0.0,13.11142857142857,13.11142857142857,0.0,0.0,0.0,1,0,0,STOCKOUT,URGENT,14
ST13,SKU01396,GoldenHarvest First Aid Family Pack,Health & Wellness,0.0,0.0,0.0,16.2648,16.2648,0.0,0.0,0.0,1,0,0,STOCKOUT,URGENT,17
ST13,SKU01565,QuickBite OTC Medicine Medium,Health & Wellness,0.0,0.0,0.0,1.0886666666666664,1.0886666666666664,0.0,0.0,0.0,1,0,0,STOCKOUT,URGENT,2
ST13,SKU01646,PremiumSelect Chips & Crisps Small,Snacks & Confectionery,0.0,0.0,0.0,11.0024,11.0024,0.0,0.0,0.0,1,0,0,STOCKOUT,URGENT,12
ST13,SKU01662,FamilyChoice OTC Medicine Medium,Health & Wellness,0.0,0.0,0.0,14.616,14.616,0.0,0.0,0.0,1,0,0,STOCKOUT,URGENT,15
ST13,SKU01663,ValueChoice Batteries 2kg,Electronics & Accessories,0.0,0.0,0.0,6.1492,6.1492,0.0,0.0,0.0,1,0,0,STOCKOUT,URGENT,7
ST13,SKU02018,DailyBest Home Decor 100g,Home & Kitchen,0.0,0.0,0.0,14.965266666666665,14.965266666666665,0.0,0.0,0.0,1,0,0,STOCKOUT,URGENT,15
ST13,SKU02081,DailyBest First Aid Family Pack,Health & Wellness,0.0,0.0,0.0,8.002,8.002,0.0,0.0,0.0,1,0,0,STOCKOUT,URGENT,9
ST13,SKU02119,FreshFarm Bottled Water 500ml,Beverages,0.0,0.0,0.0,11.004766666666669,11.004766666666669,0.0,0.0,0.0,1,0,0,STOCKOUT,URGENT,12
ST13,SKU02166,PurePlus Cooking Oil 1L,Grocery,0.0,0.0,0.0,24.13993333333333,24.13993333333333,0.0,0.0,0.0,1,0,0,STOCKOUT,URGENT,25
ST13,SKU02332,QuickBite Cookware 100g,Home & Kitchen,0.0,0.0,0.0,17.13927936507936,17.13927936507936,0.0,0.0,0.0,1,0,0,STOCKOUT,URGENT,18
ST13,SKU02391,BasicNeeds Bread Family Pack,Dairy & Bakery,0.0,0.0,0.0,7.879753968253968,7.879753968253968,0.0,0.0,0.0,1,0,0,STOCKOUT,URGENT,8
ST13,SKU02491,CityFresh Namkeen 100g,Snacks & Confectionery,0.0,0.0,0.0,21.13708441558441,21.13708441558441,0.0,0.0,0.0,1,0,0,STOCKOUT,URGENT,22
ST13,SKU02704,GreenValley Tea Small,Beverages,0.0,0.0,0.0,49.71154285714287,49.71154285714287,0.0,0.0,0.0,1,0,0,STOCKOUT,URGENT,50
ST13,SKU02843,QuickBite Namkeen 250g,Snacks & Confectionery,0.0,0.0,0.0,14.093666666666666,14.093666666666666,0.0,0.0,0.0,1,0,0,STOCKOUT,URGENT,15
ST13,SKU02901,UrbanBite Cookware 1kg,Home & Kitchen,0.0,0.0,0.0,13.937399999999998,13.937399999999998,0.0,0.0,0.0,1,0,0,STOCKOUT,URGENT,14
ST13,SKU02920,EverydayPlus Rice & Grains 500ml,Grocery,0.0,0.0,0.0,35.17651428571428,35.17651428571428,0.0,0.0,0.0,1,0,0,STOCKOUT,URGENT,36
ST13,SKU03007,PrimeCare Men's Wear Small,Apparel & Footwear,0.0,0.0,0.0,8.093666666666666,8.093666666666666,0.0,0.0,0.0,1,0,0,STOCKOUT,URGENT,9
ST13,SKU03110,PureLife Men's Grooming Pack of 6,Personal Care,0.0,0.0,0.0,30.13577142857143,30.13577142857143,0.0,0.0,0.0,1,0,0,STOCKOUT,URGENT,31
ST13,SKU03246,GreenValley Footwear 1kg,Apparel & Footwear,0.0,0.0,0.0,36.23083809523809,36.23083809523809,0.0,0.0,0.0,1,0,0,STOCKOUT,URGENT,37
ST13,SKU03265,EverydayPlus OTC Medicine Large,Health & Wellness,0.0,0.0,0.0,13.973866666666666,13.973866666666666,0.0,0.0,0.0,1,0,0,STOCKOUT,URGENT,14
ST13,SKU03342,DailyBest Vitamins & Supplements 2L,Health & Wellness,0.0,0.0,0.0,3.075,3.075,0.0,0.0,0.0,1,0,0,STOCKOUT,URGENT,4
ST13,SKU03361,PremiumSelect Office Supplies 500g,Stationery & Office,0.0,0.0,0.0,24.3564380952381,24.3564380952381,0.0,0.0,0.0,1,0,0,STOCKOUT,URGENT,25
ST13,SKU03696,PrimeCare Air Fresheners 2L,Home Care,0.0,0.0,0.0,34.96984444444445,2.6899880341880342,9.698889787649536,0.0,3.605551275463989,1,0,1,STOCKOUT,URGENT,35
ST13,SKU03895,BasicNeeds Men's Grooming Medium,Personal Care,0.0,0.0,0.0,4.015333333333333,4.015333333333333,0.0,0.0,0.0,1,0,0,STOCKOUT,URGENT,5
ST13,SKU03908,NutriPlus Frozen Vegetables Medium,Frozen Foods,0.0,0.0,0.0,15.232680952380951,15.232680952380951,0.0,0.0,0.0,1,0,0,STOCKOUT,URGENT,16
ST13,SKU04183,CleanWave Storage & Containers 2kg,Home & Kitchen,0.0,0.0,0.0,7.028,7.028,0.0,0.0,0.0,1,0,0,STOCKOUT,URGENT,8
ST13,SKU04190,NovaFresh Frozen Meat Large,Frozen Foods,0.0,0.0,0.0,19.04812857142857,1.1905080357142857,4.762032142857143,0.0,4.0,1,0,1,STOCKOUT,URGENT,20
ST13,SKU04322,HealthFirst Home Decor 2L,Home & Kitchen,0.0,0.0,0.0,12.012666666666666,0.572031746031746,2.621378776108231,0.0,4.58257569495584,1,0,1,STOCKOUT,URGENT,13
ST13,SKU04453,TrueTaste Milk 2L,Dairy & Bakery,0.0,52.0,11.0,36.76607619047618,1.6711852813852808,7.838553781394473,0.0,4.690415759823429,1,0,1,STOCKOUT,URGENT,52
ST13,SKU04669,MetroBrand Frozen Meat Medium,Frozen Foods,0.0,0.0,0.0,7.023733333333333,7.023733333333333,0.0,0.0,0.0,1,0,0,STOCKOUT,URGENT,8
ST13,SKU04743,TrueTaste Rice & Grains Small,Grocery,0.0,0.0,0.0,9.997333333333332,9.997333333333332,0.0,0.0,0.0,1,0,0,STOCKOUT,URGENT,10
ST13,SKU04820,FreshFarm Women's Wear Pack of 6,Apparel & Footwear,0.0,0.0,0.0,17.111747619047623,17.111747619047623,0.0,0.0,0.0,1,0,0,STOCKOUT,URGENT,18
ST13,SKU04974,FreshFarm Mobile Accessories 1L,Electronics & Accessories,0.0,0.0,0.0,9.99,9.99,0.0,0.0,0.0,1,0,0,STOCKOUT,URGENT,10
ST13,SKU04980,FreshFarm OTC Medicine 2L,Health & Wellness,0.0,0.0,0.0,3.0030666666666668,3.0030666666666668,0.0,0.0,0.0,1,0,0,STOCKOUT,URGENT,4
ST13,SKU04999,NovaFresh Oral Care 1L,Personal Care,0.0,0.0,0.0,17.821466666666666,17.821466666666666,0.0,0.0,0.0,1,0,0,STOCKOUT,URGENT,18
ST14,SKU00166,EliteHome First Aid Small,Health & Wellness,0.0,0.0,0.0,23.267719047619053,23.267719047619053,0.0,0.0,0.0,1,0,0,STOCKOUT,URGENT,24
ST14,SKU00361,EliteHome Writing Instruments 100g,Stationery & Office,0.0,0.0,0.0,23.94244444444444,23.94244444444444,0.0,0.0,0.0,1,0,0,STOCKOUT,URGENT,24
ST14,SKU00658,UrbanBite Energy Drinks Pack of 6,Beverages,0.0,0.0,0.0,33.948269841269834,33.948269841269834,0.0,0.0,0.0,1,0,0,STOCKOUT,URGENT,34
ST14,SKU00684,NovaFresh Juices Large,Beverages,0.0,0.0,0.0,4.012,4.012,0.0,0.0,0.0,1,0,0,STOCKOUT,URGENT,5
ST14,SKU00698,NovaFresh Spices & Seasoning 2L,Grocery,0.0,0.0,0.0,5.0,5.0,0.0,0.0,0.0,1,0,0,STOCKOUT,URGENT,5
ST14,SKU00715,BasicNeeds Home Decor Small,Home & Kitchen,0.0,0.0,0.0,15.994,15.994,0.0,0.0,0.0,1,0,0,STOCKOUT,URGENT,16
ST14,SKU00879,CleanWave Ice Cream 1kg,Frozen Foods,0.0,0.0,0.0,19.862161904761905,19.862161904761905,0.0,0.0,0.0,1,0,0,STOCKOUT,URGENT,20
ST14,SKU00917,PremiumSelect Writing Instruments Medium,Stationery & Office,0.0,0.0,0.0,13.996,13.996,0.0,0.0,0.0,1,0,0,STOCKOUT,URGENT,14
ST14,SKU00944,CityFresh Oral Care Pack of 12,Personal Care,0.0,0.0,0.0,4.7354047619047615,4.7354047619047615,0.0,0.0,0.0,1,0,0,STOCKOUT,URGENT,5
ST14,SKU00967,CleanWave Office Supplies Large,Stationery & Office,0.0,0.0,0.0,15.012333333333332,15.012333333333332,0.0,0.0,0.0,1,0,0,STOCKOUT,URGENT,16
ST14,SKU01030,NutriPlus Sugar & Salt 250g,Grocery,0.0,24.0,7.0,25.90020476190477,25.90020476190477,0.0,0.0,0.0,1,0,0,STOCKOUT,URGENT,26
ST14,SKU01074,SparkleClean Vitamins & Supplements 1kg,Health & Wellness,0.0,0.0,0.0,14.272557142857142,14.272557142857142,0.0,0.0,0.0,1,0,0,STOCKOUT,URGENT,15
ST14,SKU01250,PurePlus Yogurt 1kg,Dairy & Bakery,0.0,0.0,0.0,15.004,15.004,0.0,0.0,0.0,1,0,0,STOCKOUT,URGENT,16
ST14,SKU01379,BasicNeeds Sugar & Salt Large,Grocery,0.0,0.0,0.0,8.032399999999999,8.032399999999999,0.0,0.0,0.0,1,0,0,STOCKOUT,URGENT,9
ST14,SKU01383,NatureBlend Writing Instruments Pack of 6,Stationery & Office,0.0,0.0,0.0,7.160044444444446,7.160044444444446,0.0,0.0,0.0,1,0,0,STOCKOUT,URGENT,8
ST14,SKU01412,CityFresh Bread 1L,Dairy & Bakery,0.0,0.0,0.0,3.999333333333333,3.999333333333333,0.0,0.0,0.0,1,0,0,STOCKOUT,URGENT,4
ST14,SKU01415,HomeStyle Frozen Vegetables 500ml,Frozen Foods,0.0,0.0,0.0,26.822199999999995,26.822199999999995,0.0,0.0,0.0,1,0,0,STOCKOUT,URGENT,27
ST14,SKU01632,NatureBlend Skin Care Pack of 12,Personal Care,0.0,0.0,0.0,7.979133333333333,7.979133333333333,0.0,0.0,0.0,1,0,0,STOCKOUT,URGENT,8
ST14,SKU01641,PureLife OTC Medicine 100g,Health & Wellness,0.0,0.0,0.0,6.040333333333334,6.040333333333334,0.0,0.0,0.0,1,0,0,STOCKOUT,URGENT,7
ST14,SKU01712,CityFresh Bread 100g,Dairy & Bakery,0.0,0.0,0.0,19.00596507936508,19.00596507936508,0.0,0.0,0.0,1,0,0,STOCKOUT,URGENT,20
ST14,SKU01726,SoftTouch Juices Small,Beverages,0.0,0.0,0.0,16.169533333333337,16.169533333333337,0.0,0.0,0.0,1,0,0,STOCKOUT,URGENT,17
ST14,SKU01826,SoftTouch Spices & Seasoning 100g,Grocery,0.0,0.0,0.0,28.056612698412685,28.056612698412685,0.0,0.0,0.0,1,0,0,STOCKOUT,URGENT,29
ST14,SKU01934,NovaFresh Batteries 100g,Electronics & Accessories,0.0,0.0,0.0,11.012666666666666,11.012666666666666,0.0,0.0,0.0,1,0,0,STOCKOUT,URGENT,12
ST14,SKU01938,CityFresh Vitamins & Supplements Family Pack,Health & Wellness,0.0,0.0,0.0,7.990666666666666,7.990666666666666,0.0,0.0,0.0,1,0,0,STOCKOUT,URGENT,8
ST14,SKU02022,BasicNeeds Small Appliances 250ml,Electronics & Accessories,0.0,0.0,0.0,8.997038095238096,8.997038095238096,0.0,0.0,0.0,1,0,0,STOCKOUT,URGENT,9
ST14,SKU02050,UrbanBite Chocolates 500ml,Snacks & Confectionery,0.0,0.0,0.0,10.952666666666666,10.952666666666666,0.0,0.0,0.0,1,0,0,STOCKOUT,URGENT,11
ST14,SKU02160,PrimeCare Frozen Meat 250ml,Frozen Foods,0.0,0.0,0.0,15.982733333333336,15.982733333333336,0.0,0.0,0.0,1,0,0,STOCKOUT,URGENT,16
ST14,SKU02687,GreenValley Writing Instruments 500g,Stationery & Office,0.0,0.0,0.0,8.983866666666668,8.983866666666668,0.0,0.0,0.0,1,0,0,STOCKOUT,URGENT,9
ST14,SKU02720,EliteHome Chocolates Medium,Snacks & Confectionery,0.0,0.0,0.0,8.000666666666667,8.000666666666667,0.0,0.0,0.0,1,0,0,STOCKOUT,URGENT,9
ST14,SKU02775,ZestyCo Laundry 2kg,Home Care,0.0,0.0,0.0,14.068066666666668,14.068066666666668,0.0,0.0,0.0,1,0,0,STOCKOUT,URGENT,15
ST14,SKU02777,SparkleClean OTC Medicine 1L,Health & Wellness,0.0,0.0,0.0,3.9456666666666655,3.9456666666666655,0.0,0.0,0.0,1,0,0,STOCKOUT,URGENT,4
ST14,SKU02885,SmartBuy Coffee 250g,Beverages,0.0,0.0,0.0,18.04133333333333,18.04133333333333,0.0,0.0,0.0,1,0,0,STOCKOUT,URGENT,19
ST14,SKU02948,SparkleClean Butter & Ghee Family Pack,Dairy & Bakery,0.0,0.0,0.0,9.006666666666666,9.006666666666666,0.0,0.0,0.0,1,0,0,STOCKOUT,URGENT,10
ST14,SKU02994,MetroBrand Ice Cream 2kg,Frozen Foods,0.0,0.0,0.0,20.11904761904762,20.11904761904762,0.0,0.0,0.0,1,0,0,STOCKOUT,URGENT,21
ST14,SKU03039,CityFresh Rice & Grains 250g,Grocery,0.0,0.0,0.0,2.003,2.003,0.0,0.0,0.0,1,0,0,STOCKOUT,URGENT,3
ST14,SKU03123,SunriseFoods Vitamins & Supplements 250g,Health & Wellness,0.0,0.0,0.0,0.0,0.0,0.0,0.0,0.0,1,0,0,STOCKOUT,URGENT,0
ST14,SKU03238,BasicNeeds Small Appliances 1kg,Electronics & Accessories,0.0,0.0,0.0,10.059333333333331,10.059333333333331,0.0,0.0,0.0,1,0,0,STOCKOUT,URGENT,11
ST14,SKU03324,NovaFresh Storage & Containers 250ml,Home & Kitchen,0.0,0.0,0.0,5.968111111111111,5.968111111111111,0.0,0.0,0.0,1,0,0,STOCKOUT,URGENT,6
ST14,SKU03355,NovaFresh Rice & Grains 2L,Grocery,0.0,0.0,0.0,22.060404761904763,22.060404761904763,0.0,0.0,0.0,1,0,0,STOCKOUT,URGENT,23
ST14,SKU03396,EverydayPlus OTC Medicine Large,Health & Wellness,0.0,0.0,0.0,25.01775238095238,25.01775238095238,0.0,0.0,0.0,1,0,0,STOCKOUT,URGENT,26
ST14,SKU03902,MetroBrand Oral Care 2L,Personal Care,0.0,0.0,0.0,8.858,8.858,0.0,0.0,0.0,1,0,0,STOCKOUT,URGENT,9
ST14,SKU04258,CityFresh Biscuits & Cookies 2kg,Snacks & Confectionery,0.0,0.0,0.0,6.961333333333333,6.961333333333333,0.0,0.0,0.0,1,0,0,STOCKOUT,URGENT,7
ST14,SKU04299,MetroBrand Ready Meals 2kg,Frozen Foods,0.0,0.0,0.0,7.012666666666667,7.012666666666667,0.0,0.0,0.0,1,0,0,STOCKOUT,URGENT,8
ST14,SKU04347,PremiumSelect Butter & Ghee 500ml,Dairy & Bakery,0.0,0.0,0.0,22.95734285714286,22.95734285714286,0.0,0.0,0.0,1,0,0,STOCKOUT,URGENT,23
ST14,SKU04727,DailyBest Men's Grooming Pack of 12,Personal Care,0.0,0.0,0.0,0.0008,0.0008,0.0,0.0,0.0,1,0,0,STOCKOUT,URGENT,1
ST14,SKU04954,PureLife Surface Cleaners 100g,Home Care,0.0,0.0,0.0,8.167385714285713,8.167385714285713,0.0,0.0,0.0,1,0,0,STOCKOUT,URGENT,9
ST14,SKU04971,FamilyChoice Kids Wear Small,Apparel & Footwear,0.0,0.0,0.0,4.182,4.182,0.0,0.0,0.0,1,0,0,STOCKOUT,URGENT,5
ST15,SKU00046,QuickBite Bottled Water Pack of 12,Beverages,0.0,0.0,0.0,6.978666666666667,6.978666666666667,0.0,0.0,0.0,1,0,0,STOCKOUT,URGENT,7
ST15,SKU00059,TrueTaste Butter & Ghee 500ml,Dairy & Bakery,0.0,0.0,0.0,7.993,7.993,0.0,0.0,0.0,1,0,0,STOCKOUT,URGENT,8
ST15,SKU00060,BasicNeeds Men's Wear Large,Apparel & Footwear,0.0,0.0,0.0,9.955933333333334,9.955933333333334,0.0,0.0,0.0,1,0,0,STOCKOUT,URGENT,10
ST15,SKU00263,CityFresh Bread 500g,Dairy & Bakery,0.0,0.0,0.0,18.14455873015873,18.14455873015873,0.0,0.0,0.0,1,0,0,STOCKOUT,URGENT,19
ST15,SKU01006,PureLife First Aid 1kg,Health & Wellness,0.0,0.0,0.0,20.06288253968254,20.06288253968254,0.0,0.0,0.0,1,0,0,STOCKOUT,URGENT,21
ST15,SKU01086,PremiumSelect Bath & Body 250ml,Personal Care,0.0,0.0,0.0,15.971666666666664,3.194333333333333,5.616615904815124,0.0,1.7583061373729911,1,0,1,STOCKOUT,URGENT,16
ST15,SKU01162,CrispKing Hair Care Family Pack,Personal Care,0.0,0.0,0.0,21.03701587301588,21.03701587301588,0.0,0.0,0.0,1,0,0,STOCKOUT,URGENT,22
ST15,SKU01370,PurePlus Laundry 2L,Home Care,0.0,39.0,9.0,22.95195238095238,22.95195238095238,0.0,0.0,0.0,1,0,0,STOCKOUT,URGENT,39
ST15,SKU01405,PureLife Surface Cleaners Medium,Home Care,0.0,0.0,0.0,47.7495873015873,47.7495873015873,0.0,0.0,0.0,1,0,0,STOCKOUT,URGENT,48
ST15,SKU01642,HealthFirst Home Decor 2L,Home & Kitchen,0.0,0.0,0.0,8.068666666666665,8.068666666666665,0.0,0.0,0.0,1,0,0,STOCKOUT,URGENT,9
ST15,SKU01701,SunriseFoods Cooking Oil 2kg,Grocery,0.0,0.0,0.0,14.077733333333333,14.077733333333333,0.0,0.0,0.0,1,0,0,STOCKOUT,URGENT,15
ST15,SKU02158,FreshFarm Juices 250g,Beverages,0.0,0.0,0.0,25.924676190476184,25.924676190476184,0.0,0.0,0.0,1,0,0,STOCKOUT,URGENT,26
ST15,SKU02459,CleanWave Frozen Meat 250ml,Frozen Foods,0.0,0.0,0.0,9.997133333333334,9.997133333333334,0.0,0.0,0.0,1,0,0,STOCKOUT,URGENT,10
ST15,SKU02594,PurePlus Notebooks Large,Stationery & Office,0.0,0.0,0.0,9.916231746031748,9.916231746031748,0.0,0.0,0.0,1,0,0,STOCKOUT,URGENT,10
ST15,SKU02667,EverydayPlus Batteries Large,Electronics & Accessories,0.0,0.0,0.0,5.036666666666667,5.036666666666667,0.0,0.0,0.0,1,0,0,STOCKOUT,URGENT,6
ST15,SKU03087,NatureBlend Men's Grooming Family Pack,Personal Care,0.0,0.0,0.0,6.994066666666667,6.994066666666667,0.0,0.0,0.0,1,0,0,STOCKOUT,URGENT,7
ST15,SKU03138,CleanWave Biscuits & Cookies Pack of 12,Snacks & Confectionery,0.0,0.0,0.0,18.007066666666667,18.007066666666667,0.0,0.0,0.0,1,0,0,STOCKOUT,URGENT,19
ST15,SKU03142,DailyBest Dishwashing Pack of 12,Home Care,0.0,0.0,0.0,2.016,2.016,0.0,0.0,0.0,1,0,0,STOCKOUT,URGENT,3
ST15,SKU03239,SoftTouch Yogurt Pack of 12,Dairy & Bakery,0.0,0.0,0.0,8.440204761904763,8.440204761904763,0.0,0.0,0.0,1,0,0,STOCKOUT,URGENT,9
ST15,SKU03392,CleanWave Ready Meals 100g,Frozen Foods,0.0,0.0,0.0,29.349133333333334,29.349133333333334,0.0,0.0,0.0,1,0,0,STOCKOUT,URGENT,30
ST15,SKU03451,SunriseFoods Pest Control 2kg,Home Care,0.0,0.0,0.0,5.004666666666667,5.004666666666667,0.0,0.0,0.0,1,0,0,STOCKOUT,URGENT,6
ST15,SKU03588,QuickBite Frozen Vegetables Small,Frozen Foods,0.0,0.0,0.0,6.072666666666667,6.072666666666667,0.0,0.0,0.0,1,0,0,STOCKOUT,URGENT,7
ST15,SKU03622,NatureBlend Yogurt 1L,Dairy & Bakery,0.0,0.0,0.0,24.627314285714284,24.627314285714284,0.0,0.0,0.0,1,0,0,STOCKOUT,URGENT,25
ST15,SKU03632,NutriPlus Biscuits & Cookies Pack of 6,Snacks & Confectionery,0.0,0.0,0.0,3.0,3.0,0.0,0.0,0.0,1,0,0,STOCKOUT,URGENT,3
ST15,SKU03735,MetroBrand Soft Drinks 1L,Beverages,0.0,0.0,0.0,21.93273333333333,21.93273333333333,0.0,0.0,0.0,1,0,0,STOCKOUT,URGENT,22
ST15,SKU03782,ValueChoice Rice & Grains 1kg,Grocery,0.0,0.0,0.0,16.354,1.0902666666666667,2.8772064692452415,0.0,2.6389933373290093,1,0,1,STOCKOUT,URGENT,17
ST15,SKU04030,ZestyCo Pest Control 500g,Home Care,0.0,0.0,0.0,34.84442857142858,34.84442857142858,0.0,0.0,0.0,1,0,0,STOCKOUT,URGENT,35
ST15,SKU04610,CleanWave Batteries 250ml,Electronics & Accessories,0.0,0.0,0.0,51.39469841269842,51.39469841269842,0.0,0.0,0.0,1,0,0,STOCKOUT,URGENT,52
ST15,SKU04931,EverydayPlus Milk Family Pack,Dairy & Bakery,0.0,0.0,0.0,16.923747619047624,16.923747619047624,0.0,0.0,0.0,1,0,0,STOCKOUT,URGENT,17
ST16,SKU00123,MetroBrand Juices Pack of 12,Beverages,0.0,0.0,0.0,30.806542857142865,30.806542857142865,0.0,0.0,0.0,1,0,0,STOCKOUT,URGENT,31
ST16,SKU00128,CrispKing Footwear 2L,Apparel & Footwear,0.0,0.0,0.0,0.001,0.001,0.0,0.0,0.0,1,0,0,STOCKOUT,URGENT,1
ST16,SKU00325,SoftTouch Vitamins & Supplements 100g,Health & Wellness,0.0,0.0,0.0,1.6676666666666669,1.6676666666666669,0.0,0.0,0.0,1,0,0,STOCKOUT,URGENT,2
ST16,SKU00415,CityFresh Cookware 500ml,Home & Kitchen,0.0,0.0,0.0,17.065638095238096,17.065638095238096,0.0,0.0,0.0,1,0,0,STOCKOUT,URGENT,18
ST16,SKU00668,CrispKing Energy Drinks 1L,Beverages,0.0,0.0,0.0,4.028933333333333,4.028933333333333,0.0,0.0,0.0,1,0,0,STOCKOUT,URGENT,5
ST16,SKU00846,ZestyCo Vitamins & Supplements 1L,Health & Wellness,0.0,0.0,0.0,7.034799999999999,7.034799999999999,0.0,0.0,0.0,1,0,0,STOCKOUT,URGENT,8
ST16,SKU00865,SunriseFoods Ice Cream 1kg,Frozen Foods,0.0,0.0,0.0,27.618927272727277,27.618927272727277,0.0,0.0,0.0,1,0,0,STOCKOUT,URGENT,28
ST16,SKU00921,SoftTouch Mobile Accessories Pack of 12,Electronics & Accessories,0.0,0.0,0.0,7.044666666666667,7.044666666666667,0.0,0.0,0.0,1,0,0,STOCKOUT,URGENT,8
ST16,SKU01180,CrispKing Bath & Body 250ml,Personal Care,0.0,0.0,0.0,20.84206666666666,0.6315777777777776,3.628138110605717,0.0,5.744562646538029,1,0,1,STOCKOUT,URGENT,21
ST16,SKU01193,EliteHome Tea Pack of 12,Beverages,0.0,0.0,0.0,25.072476190476188,25.072476190476188,0.0,0.0,0.0,1,0,0,STOCKOUT,URGENT,26
ST16,SKU01276,CityFresh Footwear Pack of 12,Apparel & Footwear,0.0,0.0,0.0,41.92489682539682,41.92489682539682,0.0,0.0,0.0,1,0,0,STOCKOUT,URGENT,42
ST16,SKU01313,EliteHome Pulses & Lentils 2L,Grocery,0.0,0.0,0.0,28.34505238095238,28.34505238095238,0.0,0.0,0.0,1,0,0,STOCKOUT,URGENT,29
ST16,SKU01382,PrimeCare Pulses & Lentils Family Pack,Grocery,0.0,0.0,0.0,17.279,0.46699999999999997,2.8406501016492687,0.0,6.08276253029822,1,0,1,STOCKOUT,URGENT,18
ST16,SKU01560,PurePlus Chocolates 1L,Snacks & Confectionery,0.0,0.0,0.0,46.120247252747255,46.120247252747255,0.0,0.0,0.0,1,0,0,STOCKOUT,URGENT,47
ST16,SKU01945,EliteHome Energy Drinks Large,Beverages,0.0,0.0,0.0,9.987666666666668,9.987666666666668,0.0,0.0,0.0,1,0,0,STOCKOUT,URGENT,10
ST16,SKU02117,FreshFarm Small Appliances Large,Electronics & Accessories,0.0,0.0,0.0,26.882923809523803,26.882923809523803,0.0,0.0,0.0,1,0,0,STOCKOUT,URGENT,27
ST16,SKU02320,CleanWave Chips & Crisps Small,Snacks & Confectionery,0.0,0.0,0.0,36.64300634920633,36.64300634920633,0.0,0.0,0.0,1,0,0,STOCKOUT,URGENT,37
ST16,SKU02322,DailyBest Energy Drinks 2kg,Beverages,0.0,0.0,0.0,37.66798253968256,37.66798253968256,0.0,0.0,0.0,1,0,0,STOCKOUT,URGENT,38
ST16,SKU02496,PremiumSelect Flour & Atta Pack of 6,Grocery,0.0,0.0,0.0,17.003695238095244,17.003695238095244,0.0,0.0,0.0,1,0,0,STOCKOUT,URGENT,18
ST16,SKU02557,SoftTouch Small Appliances Pack of 12,Electronics & Accessories,0.0,0.0,0.0,13.017333333333331,13.017333333333331,0.0,0.0,0.0,1,0,0,STOCKOUT,URGENT,14
ST16,SKU02613,UrbanBite Oral Care 2kg,Personal Care,0.0,0.0,0.0,6.964666666666667,6.964666666666667,0.0,0.0,0.0,1,0,0,STOCKOUT,URGENT,7
ST16,SKU02862,PurePlus Frozen Vegetables Pack of 12,Frozen Foods,0.0,0.0,0.0,27.05112380952381,27.05112380952381,0.0,0.0,0.0,1,0,0,STOCKOUT,URGENT,28
ST16,SKU02865,GoldenHarvest Air Fresheners Large,Home Care,0.0,0.0,0.0,7.999866666666667,7.999866666666667,0.0,0.0,0.0,1,0,0,STOCKOUT,URGENT,8
ST16,SKU02927,PurePlus Tea Large,Beverages,0.0,0.0,0.0,11.0612,11.0612,0.0,0.0,0.0,1,0,0,STOCKOUT,URGENT,12
ST16,SKU03070,NovaFresh Surface Cleaners 250ml,Home Care,0.0,0.0,0.0,21.72572063492064,21.72572063492064,0.0,0.0,0.0,1,0,0,STOCKOUT,URGENT,22
ST16,SKU03072,SparkleClean Cheese Family Pack,Dairy & Bakery,0.0,0.0,0.0,18.02053333333333,18.02053333333333,0.0,0.0,0.0,1,0,0,STOCKOUT,URGENT,19
ST16,SKU03218,BasicNeeds Butter & Ghee Family Pack,Dairy & Bakery,0.0,0.0,0.0,18.918866666666663,18.918866666666663,0.0,0.0,0.0,1,0,0,STOCKOUT,URGENT,19
ST16,SKU03231,EliteHome Men's Wear Pack of 6,Apparel & Footwear,0.0,0.0,0.0,7.139999999999999,7.139999999999999,0.0,0.0,0.0,1,0,0,STOCKOUT,URGENT,8
ST16,SKU03262,SunriseFoods Office Supplies Medium,Stationery & Office,0.0,0.0,0.0,10.9888,10.9888,0.0,0.0,0.0,1,0,0,STOCKOUT,URGENT,11
ST16,SKU03305,GoldenHarvest Footwear 100g,Apparel & Footwear,0.0,0.0,0.0,19.83958095238095,19.83958095238095,0.0,0.0,0.0,1,0,0,STOCKOUT,URGENT,20
ST16,SKU03574,SmartBuy Writing Instruments 500ml,Stationery & Office,0.0,0.0,0.0,9.174,9.174,0.0,0.0,0.0,1,0,0,STOCKOUT,URGENT,10
ST16,SKU03682,FamilyChoice Namkeen 2L,Snacks & Confectionery,0.0,0.0,0.0,27.070057142857134,27.070057142857134,0.0,0.0,0.0,1,0,0,STOCKOUT,URGENT,28
ST16,SKU03753,SparkleClean Ice Cream 2kg,Frozen Foods,0.0,0.0,0.0,26.095723809523808,26.095723809523808,0.0,0.0,0.0,1,0,0,STOCKOUT,URGENT,27
ST16,SKU03836,SmartBuy Men's Grooming Large,Personal Care,0.0,0.0,0.0,27.77165396825397,27.77165396825397,0.0,0.0,0.0,1,0,0,STOCKOUT,URGENT,28
ST16,SKU03890,ValueChoice Hair Care 500g,Personal Care,0.0,0.0,0.0,14.071333333333332,14.071333333333332,0.0,0.0,0.0,1,0,0,STOCKOUT,URGENT,15
ST16,SKU03922,NutriPlus Men's Wear 250ml,Apparel & Footwear,0.0,0.0,0.0,22.148876190476184,22.148876190476184,0.0,0.0,0.0,1,0,0,STOCKOUT,URGENT,23
ST16,SKU03962,SoftTouch Air Fresheners 100g,Home Care,0.0,0.0,0.0,15.065333333333331,0.8369629629629629,3.5509331202785774,0.0,4.242640687119285,1,0,1,STOCKOUT,URGENT,16
ST16,SKU04063,NatureBlend Men's Grooming 500ml,Personal Care,0.0,0.0,0.0,29.262280952380955,29.262280952380955,0.0,0.0,0.0,1,0,0,STOCKOUT,URGENT,30
ST16,SKU04078,MetroBrand First Aid 1kg,Health & Wellness,0.0,0.0,0.0,2.9964,2.9964,0.0,0.0,0.0,1,0,0,STOCKOUT,URGENT,3
ST16,SKU04247,GoldenHarvest Cheese 250g,Dairy & Bakery,0.0,0.0,0.0,13.765476190476193,13.765476190476193,0.0,0.0,0.0,1,0,0,STOCKOUT,URGENT,14
ST16,SKU04366,SmartBuy Footwear 1L,Apparel & Footwear,0.0,0.0,0.0,17.92986666666667,17.92986666666667,0.0,0.0,0.0,1,0,0,STOCKOUT,URGENT,18
ST16,SKU04421,HomeStyle Small Appliances 100g,Electronics & Accessories,0.0,0.0,0.0,7.014,7.014,0.0,0.0,0.0,1,0,0,STOCKOUT,URGENT,8
ST16,SKU04467,HealthFirst Butter & Ghee 100g,Dairy & Bakery,0.0,0.0,0.0,0.0,0.0,0.0,0.0,0.0,1,0,0,STOCKOUT,URGENT,0
ST16,SKU04658,MetroBrand Home Decor 1L,Home & Kitchen,0.0,0.0,0.0,6.117400000000001,6.117400000000001,0.0,0.0,0.0,1,0,0,STOCKOUT,URGENT,7
ST16,SKU04774,EliteHome Mobile Accessories 500ml,Electronics & Accessories,0.0,0.0,0.0,12.961,12.961,0.0,0.0,0.0,1,0,0,STOCKOUT,URGENT,13
ST16,SKU04813,GoldenHarvest Office Supplies Pack of 12,Stationery & Office,0.0,0.0,0.0,11.787133333333331,11.787133333333331,0.0,0.0,0.0,1,0,0,STOCKOUT,URGENT,12
ST17,SKU00095,GreenValley First Aid 500ml,Health & Wellness,0.0,0.0,0.0,17.323728571428568,17.323728571428568,0.0,0.0,0.0,1,0,0,STOCKOUT,URGENT,18
ST17,SKU00181,ZestyCo Ice Cream Pack of 6,Frozen Foods,0.0,0.0,0.0,10.058333333333332,10.058333333333332,0.0,0.0,0.0,1,0,0,STOCKOUT,URGENT,11
ST17,SKU00288,FreshFarm Notebooks Small,Stationery & Office,0.0,0.0,0.0,3.0403333333333333,3.0403333333333333,0.0,0.0,0.0,1,0,0,STOCKOUT,URGENT,4
ST17,SKU00477,FreshFarm Oral Care Pack of 6,Personal Care,0.0,0.0,0.0,21.1582,21.1582,0.0,0.0,0.0,1,0,0,STOCKOUT,URGENT,22
ST17,SKU00675,PureLife First Aid Pack of 12,Health & Wellness,0.0,0.0,0.0,10.13822380952381,10.13822380952381,0.0,0.0,0.0,1,0,0,STOCKOUT,URGENT,11
ST17,SKU00756,TrueTaste Mobile Accessories Large,Electronics & Accessories,0.0,0.0,0.0,24.063599999999997,24.063599999999997,0.0,0.0,0.0,1,0,0,STOCKOUT,URGENT,25
ST17,SKU00802,GreenValley Eggs Large,Dairy & Bakery,0.0,0.0,0.0,7.042,7.042,0.0,0.0,0.0,1,0,0,STOCKOUT,URGENT,8
ST17,SKU01011,SunriseFoods Frozen Vegetables Pack of 6,Frozen Foods,0.0,0.0,0.0,31.19587619047618,31.19587619047618,0.0,0.0,0.0,1,0,0,STOCKOUT,URGENT,32
ST17,SKU01123,MetroBrand Writing Instruments 2kg,Stationery & Office,0.0,0.0,0.0,5.9112,5.9112,0.0,0.0,0.0,1,0,0,STOCKOUT,URGENT,6
ST17,SKU01697,BasicNeeds Skin Care Pack of 6,Personal Care,0.0,0.0,0.0,27.219361904761897,27.219361904761897,0.0,0.0,0.0,1,0,0,STOCKOUT,URGENT,28
ST17,SKU01701,SunriseFoods Cooking Oil 2kg,Grocery,0.0,0.0,0.0,14.079133333333331,14.079133333333331,0.0,0.0,0.0,1,0,0,STOCKOUT,URGENT,15
ST17,SKU01856,EliteHome Soft Drinks 500g,Beverages,0.0,0.0,0.0,6.383200000000001,6.383200000000001,0.0,0.0,0.0,1,0,0,STOCKOUT,URGENT,7
ST17,SKU01867,SoftTouch Bath & Body 1kg,Personal Care,0.0,0.0,0.0,8.089428571428572,8.089428571428572,0.0,0.0,0.0,1,0,0,STOCKOUT,URGENT,9
ST17,SKU01950,MetroBrand Candy Pack of 6,Snacks & Confectionery,0.0,0.0,0.0,23.519990476190475,23.519990476190475,0.0,0.0,0.0,1,0,0,STOCKOUT,URGENT,24
ST17,SKU01952,PrimeCare Small Appliances Pack of 6,Electronics & Accessories,0.0,0.0,0.0,2.998,2.998,0.0,0.0,0.0,1,0,0,STOCKOUT,URGENT,3
ST17,SKU01957,HealthFirst Men's Wear 2L,Apparel & Footwear,0.0,0.0,0.0,13.92167619047619,13.92167619047619,0.0,0.0,0.0,1,0,0,STOCKOUT,URGENT,14
ST17,SKU02175,SmartBuy Batteries Large,Electronics & Accessories,0.0,0.0,0.0,7.127999999999999,7.127999999999999,0.0,0.0,0.0,1,0,0,STOCKOUT,URGENT,8
ST17,SKU02448,FreshFarm Batteries 500g,Electronics & Accessories,0.0,0.0,0.0,5.0629333333333335,5.0629333333333335,0.0,0.0,0.0,1,0,0,STOCKOUT,URGENT,6
ST17,SKU02450,NatureBlend Hair Care 500ml,Personal Care,0.0,0.0,0.0,7.008,7.008,0.0,0.0,0.0,1,0,0,STOCKOUT,URGENT,8
ST17,SKU02466,PremiumSelect Batteries Small,Electronics & Accessories,0.0,0.0,0.0,7.002,7.002,0.0,0.0,0.0,1,0,0,STOCKOUT,URGENT,8
ST17,SKU02556,TrueTaste Butter & Ghee 500g,Dairy & Bakery,0.0,0.0,0.0,17.0281380952381,17.0281380952381,0.0,0.0,0.0,1,0,0,STOCKOUT,URGENT,18
ST17,SKU02652,UrbanBite Laundry 500g,Home Care,0.0,0.0,0.0,9.888800000000002,9.888800000000002,0.0,0.0,0.0,1,0,0,STOCKOUT,URGENT,10
ST17,SKU02737,BasicNeeds Notebooks 1kg,Stationery & Office,0.0,71.0,26.0,12.058533333333337,12.058533333333337,0.0,0.0,0.0,1,0,0,STOCKOUT,URGENT,71
ST17,SKU02751,GreenValley Frozen Vegetables 1kg,Frozen Foods,0.0,0.0,0.0,0.0,0.0,0.0,0.0,0.0,1,0,0,STOCKOUT,URGENT,0
ST17,SKU02776,SparkleClean Namkeen Pack of 12,Snacks & Confectionery,0.0,0.0,0.0,15.101966666666664,15.101966666666664,0.0,0.0,0.0,1,0,0,STOCKOUT,URGENT,16
ST17,SKU02807,SunriseFoods Coffee Pack of 12,Beverages,0.0,0.0,0.0,17.996000000000002,17.996000000000002,0.0,0.0,0.0,1,0,0,STOCKOUT,URGENT,18
ST17,SKU02952,PremiumSelect Energy Drinks 250g,Beverages,0.0,0.0,0.0,23.48072380952381,23.48072380952381,0.0,0.0,0.0,1,0,0,STOCKOUT,URGENT,24
ST17,SKU03315,TrueTaste Oral Care Small,Personal Care,0.0,0.0,0.0,6.01,6.01,0.0,0.0,0.0,1,0,0,STOCKOUT,URGENT,7
ST17,SKU03487,GreenValley Frozen Vegetables Family Pack,Frozen Foods,0.0,0.0,0.0,10.013447619047618,10.013447619047618,0.0,0.0,0.0,1,0,0,STOCKOUT,URGENT,11
ST17,SKU03632,NutriPlus Biscuits & Cookies Pack of 6,Snacks & Confectionery,0.0,0.0,0.0,12.134666666666664,12.134666666666664,0.0,0.0,0.0,1,0,0,STOCKOUT,URGENT,13
ST17,SKU03748,SparkleClean Flour & Atta 1kg,Grocery,0.0,0.0,0.0,6.914600000000001,6.914600000000001,0.0,0.0,0.0,1,0,0,STOCKOUT,URGENT,7
ST17,SKU03836,SmartBuy Men's Grooming Large,Personal Care,0.0,0.0,0.0,18.89742380952381,18.89742380952381,0.0,0.0,0.0,1,0,0,STOCKOUT,URGENT,19
ST17,SKU03899,EliteHome Oral Care Family Pack,Personal Care,0.0,0.0,0.0,4.994066666666667,4.994066666666667,0.0,0.0,0.0,1,0,0,STOCKOUT,URGENT,5
ST17,SKU04139,HealthFirst Women's Wear Large,Apparel & Footwear,0.0,0.0,0.0,29.562238095238087,29.562238095238087,0.0,0.0,0.0,1,0,0,STOCKOUT,URGENT,30
ST17,SKU04309,HealthFirst Coffee Small,Beverages,0.0,0.0,0.0,27.024204761904755,27.024204761904755,0.0,0.0,0.0,1,0,0,STOCKOUT,URGENT,28
ST17,SKU04365,SoftTouch Storage & Containers 100g,Home & Kitchen,0.0,0.0,0.0,35.22134285714286,35.22134285714286,0.0,0.0,0.0,1,0,0,STOCKOUT,URGENT,36
ST17,SKU04637,CrispKing Ice Cream Pack of 12,Frozen Foods,0.0,0.0,0.0,7.995333333333333,7.995333333333333,0.0,0.0,0.0,1,0,0,STOCKOUT,URGENT,8
ST17,SKU04668,EliteHome Eggs 2kg,Dairy & Bakery,0.0,0.0,0.0,12.151228571428572,12.151228571428572,0.0,0.0,0.0,1,0,0,STOCKOUT,URGENT,13
ST17,SKU04702,HomeStyle Batteries Family Pack,Electronics & Accessories,0.0,0.0,0.0,18.215966666666663,18.215966666666663,0.0,0.0,0.0,1,0,0,STOCKOUT,URGENT,19
ST17,SKU04745,SoftTouch Surface Cleaners Pack of 6,Home Care,0.0,0.0,0.0,5.004266666666666,5.004266666666666,0.0,0.0,0.0,1,0,0,STOCKOUT,URGENT,6
ST17,SKU04773,HomeStyle Ice Cream Small,Frozen Foods,0.0,0.0,0.0,20.05977142857143,20.05977142857143,0.0,0.0,0.0,1,0,0,STOCKOUT,URGENT,21
ST17,SKU04790,EliteHome Bath & Body 1L,Personal Care,0.0,0.0,0.0,11.0,11.0,0.0,0.0,0.0,1,0,0,STOCKOUT,URGENT,11
ST17,SKU04807,CleanWave Coffee 100g,Beverages,0.0,0.0,0.0,20.355866666666667,0.8481611111111111,4.1551238837885,0.0,4.898979485566356,1,0,1,STOCKOUT,URGENT,21
ST17,SKU04822,HealthFirst Hair Care Family Pack,Personal Care,0.0,0.0,0.0,19.054,19.054,0.0,0.0,0.0,1,0,0,STOCKOUT,URGENT,20
ST17,SKU04890,NovaFresh Chocolates Pack of 12,Snacks & Confectionery,0.0,0.0,0.0,17.055,17.055,0.0,0.0,0.0,1,0,0,STOCKOUT,URGENT,18
ST18,SKU00220,PurePlus Women's Wear 100g,Apparel & Footwear,0.0,0.0,0.0,16.989333333333335,16.989333333333335,0.0,0.0,0.0,1,0,0,STOCKOUT,URGENT,17
ST18,SKU00487,PurePlus Biscuits & Cookies 250ml,Snacks & Confectionery,0.0,0.0,0.0,22.2731,22.2731,0.0,0.0,0.0,1,0,0,STOCKOUT,URGENT,23
ST18,SKU00511,EliteHome Chips & Crisps 500g,Snacks & Confectionery,0.0,0.0,0.0,3.0093333333333336,3.0093333333333336,0.0,0.0,0.0,1,0,0,STOCKOUT,URGENT,4
ST18,SKU00628,EverydayPlus Soft Drinks Pack of 12,Beverages,0.0,33.0,9.0,25.326238095238093,25.326238095238093,0.0,0.0,0.0,1,0,0,STOCKOUT,URGENT,33
ST18,SKU00719,SoftTouch Pest Control 1kg,Home Care,0.0,0.0,0.0,14.471577777777776,14.471577777777776,0.0,0.0,0.0,1,0,0,STOCKOUT,URGENT,15
ST18,SKU00944,CityFresh Oral Care Pack of 12,Personal Care,0.0,0.0,0.0,12.791396825396829,12.791396825396829,0.0,0.0,0.0,1,0,0,STOCKOUT,URGENT,13
ST18,SKU00966,ZestyCo Laundry 2kg,Home Care,0.0,0.0,0.0,28.507693939393945,0.7704782145782147,4.686636014047436,0.0,6.082762530298219,1,0,1,STOCKOUT,URGENT,29
ST18,SKU01141,BasicNeeds Chocolates Pack of 6,Snacks & Confectionery,0.0,0.0,0.0,3.1198,3.1198,0.0,0.0,0.0,1,0,0,STOCKOUT,URGENT,4
ST18,SKU01172,PrimeCare Yogurt 250ml,Dairy & Bakery,0.0,0.0,0.0,20.08473333333333,20.08473333333333,0.0,0.0,0.0,1,0,0,STOCKOUT,URGENT,21
ST18,SKU01393,UrbanBite Juices 250ml,Beverages,0.0,0.0,0.0,8.970933333333333,8.970933333333333,0.0,0.0,0.0,1,0,0,STOCKOUT,URGENT,9
ST18,SKU01607,NovaFresh Oral Care 500ml,Personal Care,0.0,0.0,0.0,21.202533333333328,21.202533333333328,0.0,0.0,0.0,1,0,0,STOCKOUT,URGENT,22
ST18,SKU01662,FamilyChoice OTC Medicine Medium,Health & Wellness,0.0,55.0,26.0,5.024666666666667,5.024666666666667,0.0,0.0,0.0,1,0,0,STOCKOUT,URGENT,55
ST18,SKU01763,BasicNeeds Pulses & Lentils 2kg,Grocery,0.0,0.0,0.0,29.49672857142857,29.49672857142857,0.0,0.0,0.0,1,0,0,STOCKOUT,URGENT,30
ST18,SKU01807,PremiumSelect Frozen Vegetables 100g,Frozen Foods,0.0,0.0,0.0,0.0,0.0,0.0,0.0,0.0,1,0,0,STOCKOUT,URGENT,0
ST18,SKU01984,SunriseFoods Men's Grooming Large,Personal Care,0.0,0.0,0.0,13.99904761904762,13.99904761904762,0.0,0.0,0.0,1,0,0,STOCKOUT,URGENT,14
ST18,SKU02134,UrbanBite Men's Wear Family Pack,Apparel & Footwear,0.0,0.0,0.0,16.078799999999998,16.078799999999998,0.0,0.0,0.0,1,0,0,STOCKOUT,URGENT,17
ST18,SKU02216,BasicNeeds Bottled Water Small,Beverages,0.0,0.0,0.0,11.087068253968257,11.087068253968257,0.0,0.0,0.0,1,0,0,STOCKOUT,URGENT,12
ST18,SKU02296,ValueChoice Home Decor Pack of 12,Home & Kitchen,0.0,0.0,0.0,26.302492063492064,26.302492063492064,0.0,0.0,0.0,1,0,0,STOCKOUT,URGENT,27
ST18,SKU02335,PrimeCare Skin Care Pack of 12,Personal Care,0.0,0.0,0.0,22.864247619047617,22.864247619047617,0.0,0.0,0.0,1,0,0,STOCKOUT,URGENT,23
ST18,SKU02371,DailyBest Laundry Large,Home Care,0.0,0.0,0.0,39.11946666666667,39.11946666666667,0.0,0.0,0.0,1,0,0,STOCKOUT,URGENT,40
ST18,SKU02516,MetroBrand Frozen Meat 250g,Frozen Foods,0.0,0.0,0.0,9.0136,9.0136,0.0,0.0,0.0,1,0,0,STOCKOUT,URGENT,10
ST18,SKU03065,GreenValley Frozen Vegetables 1L,Frozen Foods,0.0,0.0,0.0,20.790233333333333,20.790233333333333,0.0,0.0,0.0,1,0,0,STOCKOUT,URGENT,21
ST18,SKU03218,BasicNeeds Butter & Ghee Family Pack,Dairy & Bakery,0.0,0.0,0.0,10.926666666666668,10.926666666666668,0.0,0.0,0.0,1,0,0,STOCKOUT,URGENT,11
ST18,SKU03459,NovaFresh OTC Medicine 500ml,Health & Wellness,0.0,0.0,0.0,7.019799999999999,0.5849833333333333,1.735148499248535,0.0,2.9661503163882763,1,0,1,STOCKOUT,URGENT,8
ST18,SKU03480,MetroBrand Men's Wear 500g,Apparel & Footwear,0.0,0.0,0.0,7.969066666666666,7.969066666666666,0.0,0.0,0.0,1,0,0,STOCKOUT,URGENT,8
ST18,SKU03544,CrispKing Eggs 250ml,Dairy & Bakery,0.0,0.0,0.0,26.24261428571427,26.24261428571427,0.0,0.0,0.0,1,0,0,STOCKOUT,URGENT,27
ST18,SKU03681,BasicNeeds Home Decor Small,Home & Kitchen,0.0,0.0,0.0,2.99,2.99,0.0,0.0,0.0,1,0,0,STOCKOUT,URGENT,3
ST18,SKU03690,EliteHome Writing Instruments Family Pack,Stationery & Office,0.0,0.0,0.0,4.014,0.13841379310344828,0.7453810874426863,0.0,5.385164807134505,1,0,1,STOCKOUT,URGENT,5
ST18,SKU03732,SparkleClean Chips & Crisps 2L,Snacks & Confectionery,0.0,0.0,0.0,3.0,3.0,0.0,0.0,0.0,1,0,0,STOCKOUT,URGENT,3
ST18,SKU03808,HealthFirst Small Appliances 2kg,Electronics & Accessories,0.0,0.0,0.0,6.018933333333333,6.018933333333333,0.0,0.0,0.0,1,0,0,STOCKOUT,URGENT,7
ST18,SKU03938,CrispKing Writing Instruments 1L,Stationery & Office,0.0,0.0,0.0,10.829666666666666,10.829666666666666,0.0,0.0,0.0,1,0,0,STOCKOUT,URGENT,11
ST18,SKU04082,FamilyChoice Notebooks 500ml,Stationery & Office,0.0,0.0,0.0,11.030133333333334,11.030133333333334,0.0,0.0,0.0,1,0,0,STOCKOUT,URGENT,12
ST18,SKU04611,ValueChoice Writing Instruments Family Pack,Stationery & Office,0.0,0.0,0.0,18.0454,18.0454,0.0,0.0,0.0,1,0,0,STOCKOUT,URGENT,19
ST18,SKU04656,ZestyCo Men's Wear Pack of 12,Apparel & Footwear,0.0,0.0,0.0,5.127166666666666,5.127166666666666,0.0,0.0,0.0,1,0,0,STOCKOUT,URGENT,6
ST18,SKU04680,QuickBite Dishwashing 2kg,Home Care,0.0,0.0,0.0,13.943,13.943,0.0,0.0,0.0,1,0,0,STOCKOUT,URGENT,14
ST18,SKU04746,SoftTouch Bath & Body 1kg,Personal Care,0.0,0.0,0.0,15.266488888888889,2.544414814814815,6.232517990274449,0.0,2.4494897427831783,1,0,1,STOCKOUT,URGENT,16
ST18,SKU04755,FreshFarm Namkeen 250ml,Snacks & Confectionery,0.0,0.0,0.0,20.202185714285715,20.202185714285715,0.0,0.0,0.0,1,0,0,STOCKOUT,URGENT,21
ST18,SKU04805,EverydayPlus Oral Care 250ml,Personal Care,0.0,0.0,0.0,8.015733333333333,8.015733333333333,0.0,0.0,0.0,1,0,0,STOCKOUT,URGENT,9
ST18,SKU04929,CrispKing Footwear 2kg,Apparel & Footwear,0.0,0.0,0.0,16.262066666666666,16.262066666666666,0.0,0.0,0.0,1,0,0,STOCKOUT,URGENT,17
ST18,SKU04969,GoldenHarvest Storage & Containers 1L,Home & Kitchen,0.0,0.0,0.0,6.9943333333333335,0.6994333333333334,2.2118024047771034,0.0,3.162277660168379,1,0,1,STOCKOUT,URGENT,7
ST19,SKU00172,CityFresh Energy Drinks 500ml,Beverages,0.0,0.0,0.0,19.564338095238103,19.564338095238103,0.0,0.0,0.0,1,0,0,STOCKOUT,URGENT,20
ST19,SKU00195,SparkleClean Cookware Small,Home & Kitchen,0.0,0.0,0.0,25.817260317460317,1.8440900226757369,4.811902952794155,0.0,2.609364452724592,1,0,1,STOCKOUT,URGENT,26
ST19,SKU00246,CleanWave Cookware Medium,Home & Kitchen,0.0,0.0,0.0,25.03554920634921,25.03554920634921,0.0,0.0,0.0,1,0,0,STOCKOUT,URGENT,26
ST19,SKU00537,SparkleClean Bath & Body 500ml,Personal Care,0.0,0.0,0.0,15.1578,15.1578,0.0,0.0,0.0,1,0,0,STOCKOUT,URGENT,16
ST19,SKU00600,QuickBite Soft Drinks 2L,Beverages,0.0,0.0,0.0,6.975333333333334,6.975333333333334,0.0,0.0,0.0,1,0,0,STOCKOUT,URGENT,7
ST19,SKU00687,EverydayPlus Footwear Medium,Apparel & Footwear,0.0,0.0,0.0,9.001,9.001,0.0,0.0,0.0,1,0,0,STOCKOUT,URGENT,10
ST19,SKU00759,NatureBlend Bath & Body Pack of 6,Personal Care,0.0,0.0,0.0,14.205333333333332,14.205333333333332,0.0,0.0,0.0,1,0,0,STOCKOUT,URGENT,15
ST19,SKU00950,EverydayPlus Dishwashing Pack of 12,Home Care,0.0,0.0,0.0,9.986,9.986,0.0,0.0,0.0,1,0,0,STOCKOUT,URGENT,10
ST19,SKU01073,EverydayPlus Office Supplies Pack of 6,Stationery & Office,0.0,0.0,0.0,5.032666666666666,5.032666666666666,0.0,0.0,0.0,1,0,0,STOCKOUT,URGENT,6
ST19,SKU01367,PrimeCare Dishwashing Pack of 6,Home Care,0.0,0.0,0.0,6.035999999999999,6.035999999999999,0.0,0.0,0.0,1,0,0,STOCKOUT,URGENT,7
ST19,SKU01379,BasicNeeds Sugar & Salt Large,Grocery,0.0,0.0,0.0,1.0593333333333332,1.0593333333333332,0.0,0.0,0.0,1,0,0,STOCKOUT,URGENT,2
ST19,SKU01438,GreenValley Cooking Oil 100g,Grocery,0.0,0.0,0.0,3.014,3.014,0.0,0.0,0.0,1,0,0,STOCKOUT,URGENT,4
ST19,SKU01667,EliteHome Candy Medium,Snacks & Confectionery,0.0,0.0,0.0,23.437409523809517,23.437409523809517,0.0,0.0,0.0,1,0,0,STOCKOUT,URGENT,24
ST19,SKU01769,ZestyCo Laundry Pack of 12,Home Care,0.0,0.0,0.0,3.0,3.0,0.0,0.0,0.0,1,0,0,STOCKOUT,URGENT,3
ST19,SKU01791,FreshFarm Coffee 2kg,Beverages,0.0,0.0,0.0,30.580033333333315,30.580033333333315,0.0,0.0,0.0,1,0,0,STOCKOUT,URGENT,31
ST19,SKU01892,CityFresh Storage & Containers Pack of 6,Home & Kitchen,0.0,0.0,0.0,32.442385714285706,32.442385714285706,0.0,0.0,0.0,1,0,0,STOCKOUT,URGENT,33
ST19,SKU01928,CrispKing Laundry 250g,Home Care,0.0,0.0,0.0,8.011333333333333,8.011333333333333,0.0,0.0,0.0,1,0,0,STOCKOUT,URGENT,9
ST19,SKU01964,UrbanBite Storage & Containers Pack of 12,Home & Kitchen,0.0,0.0,0.0,20.518833333333333,20.518833333333333,0.0,0.0,0.0,1,0,0,STOCKOUT,URGENT,21
ST19,SKU02020,DailyBest Office Supplies Medium,Stationery & Office,0.0,0.0,0.0,5.424422222222221,5.424422222222221,0.0,0.0,0.0,1,0,0,STOCKOUT,URGENT,6
ST19,SKU02198,PrimeCare Women's Wear 500g,Apparel & Footwear,0.0,0.0,0.0,12.4726,12.4726,0.0,0.0,0.0,1,0,0,STOCKOUT,URGENT,13
ST19,SKU02411,SoftTouch Ice Cream 2kg,Frozen Foods,0.0,0.0,0.0,3.0974,3.0974,0.0,0.0,0.0,1,0,0,STOCKOUT,URGENT,4
ST19,SKU02458,UrbanBite Cheese 1kg,Dairy & Bakery,0.0,0.0,0.0,13.767,13.767,0.0,0.0,0.0,1,0,0,STOCKOUT,URGENT,14
ST19,SKU02481,NovaFresh Notebooks 250ml,Stationery & Office,0.0,0.0,0.0,13.958,13.958,0.0,0.0,0.0,1,0,0,STOCKOUT,URGENT,14
ST19,SKU02484,MetroBrand Frozen Meat Medium,Frozen Foods,0.0,93.0,46.0,0.0,0.0,0.0,0.0,0.0,1,0,0,STOCKOUT,URGENT,93
ST19,SKU02488,SunriseFoods Small Appliances Small,Electronics & Accessories,0.0,0.0,0.0,23.531133333333337,23.531133333333337,0.0,0.0,0.0,1,0,0,STOCKOUT,URGENT,24
ST19,SKU02504,PremiumSelect Hair Care Pack of 12,Personal Care,0.0,0.0,0.0,14.762733333333331,14.762733333333331,0.0,0.0,0.0,1,0,0,STOCKOUT,URGENT,15
ST19,SKU02540,FreshFarm Office Supplies Small,Stationery & Office,0.0,0.0,0.0,10.921333333333337,10.921333333333337,0.0,0.0,0.0,1,0,0,STOCKOUT,URGENT,11
ST19,SKU02607,GoldenHarvest Cookware Pack of 6,Home & Kitchen,0.0,0.0,0.0,21.10638571428571,21.10638571428571,0.0,0.0,0.0,1,0,0,STOCKOUT,URGENT,22
ST19,SKU02714,EverydayPlus First Aid 2kg,Health & Wellness,0.0,0.0,0.0,10.866066666666669,10.866066666666669,0.0,0.0,0.0,1,0,0,STOCKOUT,URGENT,11
ST19,SKU02949,NatureBlend Chips & Crisps Pack of 6,Snacks & Confectionery,0.0,0.0,0.0,6.0036000000000005,6.0036000000000005,0.0,0.0,0.0,1,0,0,STOCKOUT,URGENT,7
ST19,SKU03094,FreshFarm Ready Meals Family Pack,Frozen Foods,0.0,0.0,0.0,6.955333333333333,6.955333333333333,0.0,0.0,0.0,1,0,0,STOCKOUT,URGENT,7
ST19,SKU03345,DailyBest Notebooks Family Pack,Stationery & Office,0.0,0.0,0.0,9.009666666666668,9.009666666666668,0.0,0.0,0.0,1,0,0,STOCKOUT,URGENT,10
ST19,SKU03413,DailyBest Pest Control 1kg,Home Care,0.0,0.0,0.0,20.7484126984127,20.7484126984127,0.0,0.0,0.0,1,0,0,STOCKOUT,URGENT,21
ST19,SKU03513,EliteHome Writing Instruments 500ml,Stationery & Office,0.0,0.0,0.0,18.047161904761907,18.047161904761907,0.0,0.0,0.0,1,0,0,STOCKOUT,URGENT,19
ST19,SKU03585,PureLife Eggs 500ml,Dairy & Bakery,0.0,0.0,0.0,24.74012063492064,24.74012063492064,0.0,0.0,0.0,1,0,0,STOCKOUT,URGENT,25
ST19,SKU03766,ValueChoice Flour & Atta 500g,Grocery,0.0,0.0,0.0,10.965666666666666,10.965666666666666,0.0,0.0,0.0,1,0,0,STOCKOUT,URGENT,11
ST19,SKU03781,SmartBuy Small Appliances 1kg,Electronics & Accessories,0.0,0.0,0.0,3.2396857142857143,3.2396857142857143,0.0,0.0,0.0,1,0,0,STOCKOUT,URGENT,4
ST19,SKU03876,NovaFresh Energy Drinks 1kg,Beverages,0.0,95.0,25.0,18.903666666666663,18.903666666666663,0.0,0.0,0.0,1,0,0,STOCKOUT,URGENT,95
ST19,SKU03938,CrispKing Writing Instruments 1L,Stationery & Office,0.0,0.0,0.0,6.023711111111112,6.023711111111112,0.0,0.0,0.0,1,0,0,STOCKOUT,URGENT,7
ST19,SKU04008,GreenValley Butter & Ghee 250g,Dairy & Bakery,0.0,0.0,0.0,18.806914285714296,18.806914285714296,0.0,0.0,0.0,1,0,0,STOCKOUT,URGENT,19
ST19,SKU04105,BasicNeeds Men's Grooming 100g,Personal Care,0.0,94.0,39.0,13.0082,13.0082,0.0,0.0,0.0,1,0,0,STOCKOUT,URGENT,94
ST19,SKU04190,NovaFresh Frozen Meat Large,Frozen Foods,0.0,0.0,0.0,8.802133333333336,8.802133333333336,0.0,0.0,0.0,1,0,0,STOCKOUT,URGENT,9
ST19,SKU04214,EverydayPlus Notebooks 100g,Stationery & Office,0.0,0.0,0.0,54.50857619047618,54.50857619047618,0.0,0.0,0.0,1,0,0,STOCKOUT,URGENT,55
ST19,SKU04349,CityFresh Candy Pack of 6,Snacks & Confectionery,0.0,0.0,0.0,3.1762,3.1762,0.0,0.0,0.0,1,0,0,STOCKOUT,URGENT,4
ST19,SKU04419,UrbanBite Butter & Ghee 250g,Dairy & Bakery,0.0,0.0,0.0,5.9944000000000015,5.9944000000000015,0.0,0.0,0.0,1,0,0,STOCKOUT,URGENT,6
ST19,SKU04422,SmartBuy Energy Drinks Pack of 6,Beverages,0.0,0.0,0.0,22.812866666666665,22.812866666666665,0.0,0.0,0.0,1,0,0,STOCKOUT,URGENT,23
ST19,SKU04463,NovaFresh Men's Wear 1L,Apparel & Footwear,0.0,0.0,0.0,17.318,17.318,0.0,0.0,0.0,1,0,0,STOCKOUT,URGENT,18
ST19,SKU04514,FamilyChoice Hair Care 1kg,Personal Care,0.0,0.0,0.0,9.609766666666667,9.609766666666667,0.0,0.0,0.0,1,0,0,STOCKOUT,URGENT,10
ST19,SKU04865,PureLife OTC Medicine 1kg,Health & Wellness,0.0,0.0,0.0,17.5263,17.5263,0.0,0.0,0.0,1,0,0,STOCKOUT,URGENT,18
ST19,SKU04932,NatureBlend Frozen Vegetables 100g,Frozen Foods,0.0,0.0,0.0,11.958333333333336,11.958333333333336,0.0,0.0,0.0,1,0,0,STOCKOUT,URGENT,12
ST19,SKU04938,CityFresh Biscuits & Cookies Pack of 6,Snacks & Confectionery,0.0,0.0,0.0,5.115666666666668,5.115666666666668,0.0,0.0,0.0,1,0,0,STOCKOUT,URGENT,6
ST20,SKU00101,EliteHome Chips & Crisps 250ml,Snacks & Confectionery,0.0,0.0,0.0,9.32892380952381,9.32892380952381,0.0,0.0,0.0,1,0,0,STOCKOUT,URGENT,10
ST20,SKU00175,MetroBrand Office Supplies Large,Stationery & Office,0.0,0.0,0.0,20.93730476190477,20.93730476190477,0.0,0.0,0.0,1,0,0,STOCKOUT,URGENT,21
ST20,SKU00193,PremiumSelect First Aid 1kg,Health & Wellness,0.0,0.0,0.0,22.426728571428573,22.426728571428573,0.0,0.0,0.0,1,0,0,STOCKOUT,URGENT,23
ST20,SKU00195,SparkleClean Cookware Small,Home & Kitchen,0.0,0.0,0.0,3.0541619047619046,3.0541619047619046,0.0,0.0,0.0,1,0,0,STOCKOUT,URGENT,4
ST20,SKU00260,HomeStyle Spices & Seasoning 500ml,Grocery,0.0,0.0,0.0,17.8644,17.8644,0.0,0.0,0.0,1,0,0,STOCKOUT,URGENT,18
ST20,SKU00293,CleanWave Energy Drinks 2L,Beverages,0.0,0.0,0.0,7.975019047619047,0.7250017316017315,2.4045587160808948,0.0,3.3166247903554,1,0,1,STOCKOUT,URGENT,8
ST20,SKU00304,UrbanBite Spices & Seasoning 250g,Grocery,0.0,0.0,0.0,8.006333333333334,8.006333333333334,0.0,0.0,0.0,1,0,0,STOCKOUT,URGENT,9
ST20,SKU00433,QuickBite Coffee 100g,Beverages,0.0,0.0,0.0,10.0012,10.0012,0.0,0.0,0.0,1,0,0,STOCKOUT,URGENT,11
ST20,SKU00497,CleanWave Pest Control 500ml,Home Care,0.0,0.0,0.0,5.444552380952381,5.444552380952381,0.0,0.0,0.0,1,0,0,STOCKOUT,URGENT,6
ST20,SKU00513,GoldenHarvest Sugar & Salt 500ml,Grocery,0.0,0.0,0.0,4.9704,4.9704,0.0,0.0,0.0,1,0,0,STOCKOUT,URGENT,5
ST20,SKU00554,TrueTaste Chocolates Medium,Snacks & Confectionery,0.0,0.0,0.0,10.007733333333334,10.007733333333334,0.0,0.0,0.0,1,0,0,STOCKOUT,URGENT,11
ST20,SKU00646,ZestyCo Cheese 250g,Dairy & Bakery,0.0,0.0,0.0,9.024666666666668,9.024666666666668,0.0,0.0,0.0,1,0,0,STOCKOUT,URGENT,10
ST20,SKU00647,SoftTouch Office Supplies Small,Stationery & Office,0.0,0.0,0.0,9.819466666666669,9.819466666666669,0.0,0.0,0.0,1,0,0,STOCKOUT,URGENT,10
ST20,SKU00747,TrueTaste Frozen Vegetables Large,Frozen Foods,0.0,0.0,0.0,12.280438095238097,12.280438095238097,0.0,0.0,0.0,1,0,0,STOCKOUT,URGENT,13
ST20,SKU00862,CleanWave Footwear Pack of 12,Apparel & Footwear,0.0,0.0,0.0,10.988666666666669,10.988666666666669,0.0,0.0,0.0,1,0,0,STOCKOUT,URGENT,11
ST20,SKU00909,FamilyChoice Air Fresheners Medium,Home Care,0.0,0.0,0.0,2.9893333333333336,2.9893333333333336,0.0,0.0,0.0,1,0,0,STOCKOUT,URGENT,3
ST20,SKU00918,CleanWave Vitamins & Supplements 2kg,Health & Wellness,0.0,0.0,0.0,1.1090666666666669,1.1090666666666669,0.0,0.0,0.0,1,0,0,STOCKOUT,URGENT,2
ST20,SKU00976,GreenValley Cookware 2L,Home & Kitchen,0.0,0.0,0.0,19.557847619047624,19.557847619047624,0.0,0.0,0.0,1,0,0,STOCKOUT,URGENT,20
ST20,SKU01065,SunriseFoods Spices & Seasoning Family Pack,Grocery,0.0,0.0,0.0,9.009666666666668,9.009666666666668,0.0,0.0,0.0,1,0,0,STOCKOUT,URGENT,10
ST20,SKU01120,GreenValley Spices & Seasoning 1kg,Grocery,0.0,0.0,0.0,11.716085714285716,11.716085714285716,0.0,0.0,0.0,1,0,0,STOCKOUT,URGENT,12
ST20,SKU01166,HealthFirst Milk 1kg,Dairy & Bakery,0.0,0.0,0.0,16.013066666666667,16.013066666666667,0.0,0.0,0.0,1,0,0,STOCKOUT,URGENT,17
ST20,SKU01352,PurePlus Yogurt 250ml,Dairy & Bakery,0.0,0.0,0.0,4.003333333333333,4.003333333333333,0.0,0.0,0.0,1,0,0,STOCKOUT,URGENT,5
ST20,SKU01388,CleanWave Energy Drinks Pack of 12,Beverages,0.0,0.0,0.0,21.961755555555555,21.961755555555555,0.0,0.0,0.0,1,0,0,STOCKOUT,URGENT,22
ST20,SKU01717,EliteHome Bottled Water 500ml,Beverages,0.0,0.0,0.0,4.9850666666666665,4.9850666666666665,0.0,0.0,0.0,1,0,0,STOCKOUT,URGENT,5
ST20,SKU01743,HomeStyle Cookware 250g,Home & Kitchen,0.0,0.0,0.0,0.0,0.0,0.0,0.0,0.0,1,0,0,STOCKOUT,URGENT,0
ST20,SKU01761,CrispKing Flour & Atta 1L,Grocery,0.0,0.0,0.0,7.616039682539682,7.616039682539682,0.0,0.0,0.0,1,0,0,STOCKOUT,URGENT,8
ST20,SKU01769,ZestyCo Laundry Pack of 12,Home Care,0.0,0.0,0.0,42.54197936507936,42.54197936507936,0.0,0.0,0.0,1,0,0,STOCKOUT,URGENT,43
ST20,SKU01882,PurePlus Namkeen 2L,Snacks & Confectionery,0.0,0.0,0.0,12.026866666666669,12.026866666666669,0.0,0.0,0.0,1,0,0,STOCKOUT,URGENT,13
ST20,SKU01918,NovaFresh Cookware Large,Home & Kitchen,0.0,0.0,0.0,3.951266666666666,3.951266666666666,0.0,0.0,0.0,1,0,0,STOCKOUT,URGENT,4
ST20,SKU02282,UrbanBite Ready Meals 100g,Frozen Foods,0.0,0.0,0.0,32.395490476190474,32.395490476190474,0.0,0.0,0.0,1,0,0,STOCKOUT,URGENT,33
ST20,SKU02390,NovaFresh Air Fresheners 250g,Home Care,0.0,0.0,0.0,8.034999999999998,8.034999999999998,0.0,0.0,0.0,1,0,0,STOCKOUT,URGENT,9
ST20,SKU02410,PurePlus OTC Medicine 1kg,Health & Wellness,0.0,0.0,0.0,27.40639047619047,27.40639047619047,0.0,0.0,0.0,1,0,0,STOCKOUT,URGENT,28
ST20,SKU02430,FamilyChoice Ice Cream Medium,Frozen Foods,0.0,0.0,0.0,7.014000000000001,7.014000000000001,0.0,0.0,0.0,1,0,0,STOCKOUT,URGENT,8
ST20,SKU02460,SparkleClean Men's Wear Small,Apparel & Footwear,0.0,0.0,0.0,16.0422,16.0422,0.0,0.0,0.0,1,0,0,STOCKOUT,URGENT,17
ST20,SKU02511,EverydayPlus Air Fresheners 100g,Home Care,0.0,0.0,0.0,35.39070952380951,35.39070952380951,0.0,0.0,0.0,1,0,0,STOCKOUT,URGENT,36
ST20,SKU02541,FamilyChoice Small Appliances 100g,Electronics & Accessories,0.0,0.0,0.0,6.008266666666668,6.008266666666668,0.0,0.0,0.0,1,0,0,STOCKOUT,URGENT,7
ST20,SKU02823,SmartBuy First Aid 1L,Health & Wellness,0.0,0.0,0.0,12.201999999999998,12.201999999999998,0.0,0.0,0.0,1,0,0,STOCKOUT,URGENT,13
ST20,SKU02921,MetroBrand Laundry 250g,Home Care,0.0,0.0,0.0,8.971333333333332,8.971333333333332,0.0,0.0,0.0,1,0,0,STOCKOUT,URGENT,9
ST20,SKU03140,NutriPlus Chocolates 100g,Snacks & Confectionery,0.0,0.0,0.0,8.005333333333333,8.005333333333333,0.0,0.0,0.0,1,0,0,STOCKOUT,URGENT,9
ST20,SKU03159,FreshFarm Spices & Seasoning Pack of 12,Grocery,0.0,0.0,0.0,17.0682,17.0682,0.0,0.0,0.0,1,0,0,STOCKOUT,URGENT,18
ST20,SKU03283,NutriPlus Chips & Crisps Large,Snacks & Confectionery,0.0,0.0,0.0,20.07383809523809,20.07383809523809,0.0,0.0,0.0,1,0,0,STOCKOUT,URGENT,21
ST20,SKU03427,SparkleClean First Aid Family Pack,Health & Wellness,0.0,0.0,0.0,5.942476190476191,5.942476190476191,0.0,0.0,0.0,1,0,0,STOCKOUT,URGENT,6
ST20,SKU03681,BasicNeeds Home Decor Small,Home & Kitchen,0.0,0.0,0.0,5.944,5.944,0.0,0.0,0.0,1,0,0,STOCKOUT,URGENT,6
ST20,SKU03996,ZestyCo Milk 500ml,Dairy & Bakery,0.0,0.0,0.0,12.841,12.841,0.0,0.0,0.0,1,0,0,STOCKOUT,URGENT,13
ST20,SKU04070,UrbanBite Energy Drinks 250ml,Beverages,0.0,0.0,0.0,10.998,10.998,0.0,0.0,0.0,1,0,0,STOCKOUT,URGENT,11
ST20,SKU04076,PureLife Namkeen Pack of 6,Snacks & Confectionery,0.0,0.0,0.0,14.971942857142858,14.971942857142858,0.0,0.0,0.0,1,0,0,STOCKOUT,URGENT,15
ST20,SKU04096,NatureBlend Bread Family Pack,Dairy & Bakery,0.0,0.0,0.0,3.283428571428572,3.283428571428572,0.0,0.0,0.0,1,0,0,STOCKOUT,URGENT,4
ST20,SKU04120,ZestyCo Ice Cream Pack of 6,Frozen Foods,0.0,0.0,0.0,27.28124285714286,27.28124285714286,0.0,0.0,0.0,1,0,0,STOCKOUT,URGENT,28
ST20,SKU04141,ValueChoice Flour & Atta Small,Grocery,0.0,0.0,0.0,11.998933333333332,11.998933333333332,0.0,0.0,0.0,1,0,0,STOCKOUT,URGENT,12
ST20,SKU04393,EliteHome Notebooks 2L,Stationery & Office,0.0,0.0,0.0,18.0222,18.0222,0.0,0.0,0.0,1,0,0,STOCKOUT,URGENT,19
ST20,SKU04482,HomeStyle Milk 500g,Dairy & Bakery,0.0,0.0,0.0,25.96500634920635,1.527353314659197,4.651171316019999,0.0,3.0452491060052003,1,0,1,STOCKOUT,URGENT,26
ST20,SKU04547,ValueChoice Cooking Oil 250ml,Grocery,0.0,0.0,0.0,39.17917460317462,39.17917460317462,0.0,0.0,0.0,1,0,0,STOCKOUT,URGENT,40
ST20,SKU04569,ZestyCo Oral Care 500g,Personal Care,0.0,0.0,0.0,18.94773333333333,18.94773333333333,0.0,0.0,0.0,1,0,0,STOCKOUT,URGENT,19
ST20,SKU04599,FreshFarm Home Decor Pack of 12,Home & Kitchen,0.0,0.0,0.0,19.165666666666667,19.165666666666667,0.0,0.0,0.0,1,0,0,STOCKOUT,URGENT,20
ST20,SKU04739,SparkleClean Men's Grooming 500ml,Personal Care,0.0,0.0,0.0,30.33345555555556,30.33345555555556,0.0,0.0,0.0,1,0,0,STOCKOUT,URGENT,31
ST20,SKU04853,EliteHome First Aid 1kg,Health & Wellness,0.0,0.0,0.0,17.07700952380952,17.07700952380952,0.0,0.0,0.0,1,0,0,STOCKOUT,URGENT,18
ST20,SKU04938,CityFresh Biscuits & Cookies Pack of 6,Snacks & Confectionery,0.0,0.0,0.0,11.1818,11.1818,0.0,0.0,0.0,1,0,0,STOCKOUT,URGENT,12
ST21,SKU00107,HealthFirst Mobile Accessories Family Pack,Electronics & Accessories,0.0,0.0,0.0,31.15470000000001,31.15470000000001,0.0,0.0,0.0,1,0,0,STOCKOUT,URGENT,32
ST21,SKU00149,HealthFirst Cheese Family Pack,Dairy & Bakery,0.0,0.0,0.0,16.031333333333333,16.031333333333333,0.0,0.0,0.0,1,0,0,STOCKOUT,URGENT,17
ST21,SKU00204,HomeStyle Surface Cleaners 1kg,Home Care,0.0,0.0,0.0,11.054,11.054,0.0,0.0,0.0,1,0,0,STOCKOUT,URGENT,12
ST21,SKU00307,CleanWave Soft Drinks Large,Beverages,0.0,0.0,0.0,12.935466666666668,12.935466666666668,0.0,0.0,0.0,1,0,0,STOCKOUT,URGENT,13
ST21,SKU00314,SmartBuy Dishwashing 500ml,Home Care,0.0,0.0,0.0,9.995333333333331,9.995333333333331,0.0,0.0,0.0,1,0,0,STOCKOUT,URGENT,10
ST21,SKU00396,BasicNeeds Sugar & Salt 250g,Grocery,0.0,0.0,0.0,17.010466666666666,17.010466666666666,0.0,0.0,0.0,1,0,0,STOCKOUT,URGENT,18
ST21,SKU00435,ValueChoice Oral Care Medium,Personal Care,0.0,0.0,0.0,19.080266666666667,19.080266666666667,0.0,0.0,0.0,1,0,0,STOCKOUT,URGENT,20
ST21,SKU00719,SoftTouch Pest Control 1kg,Home Care,0.0,0.0,0.0,23.8398507936508,23.8398507936508,0.0,0.0,0.0,1,0,0,STOCKOUT,URGENT,24
ST21,SKU00748,ValueChoice Sugar & Salt 2kg,Grocery,0.0,0.0,0.0,14.58112857142857,14.58112857142857,0.0,0.0,0.0,1,0,0,STOCKOUT,URGENT,15
ST21,SKU00867,FamilyChoice Hair Care 500ml,Personal Care,0.0,0.0,0.0,4.0176,4.0176,0.0,0.0,0.0,1,0,0,STOCKOUT,URGENT,5
ST21,SKU01124,GoldenHarvest Small Appliances 2L,Electronics & Accessories,0.0,0.0,0.0,13.004733333333334,13.004733333333334,0.0,0.0,0.0,1,0,0,STOCKOUT,URGENT,14
ST21,SKU01141,BasicNeeds Chocolates Pack of 6,Snacks & Confectionery,0.0,0.0,0.0,10.2244,10.2244,0.0,0.0,0.0,1,0,0,STOCKOUT,URGENT,11
ST21,SKU01162,CrispKing Hair Care Family Pack,Personal Care,0.0,0.0,0.0,2.9816634920634923,2.9816634920634923,0.0,0.0,0.0,1,0,0,STOCKOUT,URGENT,3
ST21,SKU01304,QuickBite Namkeen Pack of 12,Snacks & Confectionery,0.0,0.0,0.0,1.0726666666666664,1.0726666666666664,0.0,0.0,0.0,1,0,0,STOCKOUT,URGENT,2
ST21,SKU01308,SmartBuy Air Fresheners Family Pack,Home Care,0.0,0.0,0.0,24.056419047619045,24.056419047619045,0.0,0.0,0.0,1,0,0,STOCKOUT,URGENT,25
ST21,SKU01468,PurePlus Ice Cream 250ml,Frozen Foods,0.0,0.0,0.0,6.039933333333335,6.039933333333335,0.0,0.0,0.0,1,0,0,STOCKOUT,URGENT,7
ST21,SKU01525,FamilyChoice Batteries 250ml,Electronics & Accessories,0.0,0.0,0.0,8.128633333333335,8.128633333333335,0.0,0.0,0.0,1,0,0,STOCKOUT,URGENT,9
ST21,SKU01712,CityFresh Bread 100g,Dairy & Bakery,0.0,0.0,0.0,8.012666666666666,8.012666666666666,0.0,0.0,0.0,1,0,0,STOCKOUT,URGENT,9
ST21,SKU01845,NatureBlend Kids Wear 500g,Apparel & Footwear,0.0,0.0,0.0,9.9744,9.9744,0.0,0.0,0.0,1,0,0,STOCKOUT,URGENT,10
ST21,SKU01961,CleanWave Milk Medium,Dairy & Bakery,0.0,0.0,0.0,10.996,10.996,0.0,0.0,0.0,1,0,0,STOCKOUT,URGENT,11
ST21,SKU02047,NovaFresh Cheese Pack of 6,Dairy & Bakery,0.0,0.0,0.0,8.79797619047619,8.79797619047619,0.0,0.0,0.0,1,0,0,STOCKOUT,URGENT,9
ST21,SKU02411,SoftTouch Ice Cream 2kg,Frozen Foods,0.0,0.0,0.0,32.78181904761904,32.78181904761904,0.0,0.0,0.0,1,0,0,STOCKOUT,URGENT,33
ST21,SKU02571,ValueChoice Vitamins & Supplements 2L,Health & Wellness,0.0,0.0,0.0,10.920799999999998,0.404474074074074,2.1017089399220215,0.0,5.196152422706632,1,0,1,STOCKOUT,URGENT,11
ST21,SKU02615,CleanWave Chocolates Medium,Snacks & Confectionery,0.0,0.0,0.0,17.42994761904762,17.42994761904762,0.0,0.0,0.0,1,0,0,STOCKOUT,URGENT,18
ST21,SKU02665,GreenValley Chocolates 250g,Snacks & Confectionery,0.0,0.0,0.0,7.007,7.007,0.0,0.0,0.0,1,0,0,STOCKOUT,URGENT,8
ST21,SKU02729,GoldenHarvest Home Decor 2kg,Home & Kitchen,0.0,0.0,0.0,6.174733333333332,6.174733333333332,0.0,0.0,0.0,1,0,0,STOCKOUT,URGENT,7
ST21,SKU03067,ValueChoice Flour & Atta 2kg,Grocery,0.0,0.0,0.0,9.003066666666667,9.003066666666667,0.0,0.0,0.0,1,0,0,STOCKOUT,URGENT,10
ST21,SKU03081,SparkleClean Cookware 500ml,Home & Kitchen,0.0,0.0,0.0,14.000066666666664,14.000066666666664,0.0,0.0,0.0,1,0,0,STOCKOUT,URGENT,15
ST21,SKU03156,PureLife Butter & Ghee 1L,Dairy & Bakery,0.0,0.0,0.0,12.016,12.016,0.0,0.0,0.0,1,0,0,STOCKOUT,URGENT,13
ST21,SKU03479,SparkleClean Cookware Small,Home & Kitchen,0.0,0.0,0.0,6.021600000000001,6.021600000000001,0.0,0.0,0.0,1,0,0,STOCKOUT,URGENT,7
ST21,SKU03841,UrbanBite Men's Wear 500g,Apparel & Footwear,0.0,0.0,0.0,20.05946666666668,20.05946666666668,0.0,0.0,0.0,1,0,0,STOCKOUT,URGENT,21
ST21,SKU03869,EliteHome Chips & Crisps 250g,Snacks & Confectionery,0.0,0.0,0.0,5.944980952380951,5.944980952380951,0.0,0.0,0.0,1,0,0,STOCKOUT,URGENT,6
ST21,SKU04313,DailyBest First Aid 500g,Health & Wellness,0.0,0.0,0.0,15.861799999999995,15.861799999999995,0.0,0.0,0.0,1,0,0,STOCKOUT,URGENT,16
ST21,SKU04356,PremiumSelect Hair Care 2kg,Personal Care,0.0,0.0,0.0,29.93235079365079,1.1086055849500294,5.760483596064198,0.0,5.196152422706632,1,0,1,STOCKOUT,URGENT,30
ST21,SKU04378,NovaFresh Tea 2kg,Beverages,0.0,0.0,0.0,9.802711111111114,9.802711111111114,0.0,0.0,0.0,1,0,0,STOCKOUT,URGENT,10
ST21,SKU04410,TrueTaste First Aid Medium,Health & Wellness,0.0,0.0,0.0,7.042666666666666,7.042666666666666,0.0,0.0,0.0,1,0,0,STOCKOUT,URGENT,8
ST21,SKU04508,FreshFarm Ready Meals 500ml,Frozen Foods,0.0,0.0,0.0,14.883666666666668,14.883666666666668,0.0,0.0,0.0,1,0,0,STOCKOUT,URGENT,15
ST21,SKU04513,DailyBest Soft Drinks 500g,Beverages,0.0,0.0,0.0,12.011866666666666,12.011866666666666,0.0,0.0,0.0,1,0,0,STOCKOUT,URGENT,13
ST21,SKU04634,NovaFresh Women's Wear 1L,Apparel & Footwear,0.0,0.0,0.0,19.421666666666663,19.421666666666663,0.0,0.0,0.0,1,0,0,STOCKOUT,URGENT,20
ST21,SKU04710,SmartBuy Women's Wear 1L,Apparel & Footwear,0.0,21.0,7.0,11.0102,11.0102,0.0,0.0,0.0,1,0,0,STOCKOUT,URGENT,21
ST21,SKU04769,CleanWave Home Decor 250g,Home & Kitchen,0.0,0.0,0.0,1.470980952380952,1.470980952380952,0.0,0.0,0.0,1,0,0,STOCKOUT,URGENT,2
ST22,SKU00244,EverydayPlus OTC Medicine 2kg,Health & Wellness,0.0,0.0,0.0,9.011666666666668,9.011666666666668,0.0,0.0,0.0,1,0,0,STOCKOUT,URGENT,10
ST22,SKU00258,EverydayPlus Coffee Pack of 6,Beverages,0.0,0.0,0.0,16.31073333333333,16.31073333333333,0.0,0.0,0.0,1,0,0,STOCKOUT,URGENT,17
ST22,SKU00277,TrueTaste Home Decor 1kg,Home & Kitchen,0.0,0.0,0.0,10.0204,10.0204,0.0,0.0,0.0,1,0,0,STOCKOUT,URGENT,11
ST22,SKU00326,GreenValley Kids Wear 500ml,Apparel & Footwear,0.0,0.0,0.0,9.879666666666669,9.879666666666669,0.0,0.0,0.0,1,0,0,STOCKOUT,URGENT,10
ST22,SKU00508,EverydayPlus OTC Medicine Medium,Health & Wellness,0.0,0.0,0.0,14.864825396825394,14.864825396825394,0.0,0.0,0.0,1,0,0,STOCKOUT,URGENT,15
ST22,SKU00757,FamilyChoice Oral Care 100g,Personal Care,0.0,0.0,0.0,16.784200000000006,16.784200000000006,0.0,0.0,0.0,1,0,0,STOCKOUT,URGENT,17
ST22,SKU01328,SmartBuy Hair Care Pack of 12,Personal Care,0.0,0.0,0.0,33.06136190476191,33.06136190476191,0.0,0.0,0.0,1,0,0,STOCKOUT,URGENT,34
ST22,SKU01630,DailyBest Mobile Accessories 2L,Electronics & Accessories,0.0,0.0,0.0,3.656261904761905,3.656261904761905,0.0,0.0,0.0,1,0,0,STOCKOUT,URGENT,4
ST22,SKU01852,EverydayPlus Cooking Oil 100g,Grocery,0.0,0.0,0.0,19.753833333333336,19.753833333333336,0.0,0.0,0.0,1,0,0,STOCKOUT,URGENT,20
ST22,SKU01944,SoftTouch Chocolates Small,Snacks & Confectionery,0.0,0.0,0.0,24.89433333333333,0.803043010752688,4.471154257088543,0.0,5.567764362830022,1,0,1,STOCKOUT,URGENT,25
ST22,SKU02157,NatureBlend Bread 500ml,Dairy & Bakery,0.0,0.0,0.0,26.57046666666667,26.57046666666667,0.0,0.0,0.0,1,0,0,STOCKOUT,URGENT,27
ST22,SKU02192,CityFresh Hair Care 250g,Personal Care,0.0,0.0,0.0,26.13566349206348,26.13566349206348,0.0,0.0,0.0,1,0,0,STOCKOUT,URGENT,27
ST22,SKU02383,HomeStyle Office Supplies 250g,Stationery & Office,0.0,0.0,0.0,24.89171587301588,24.89171587301588,0.0,0.0,0.0,1,0,0,STOCKOUT,URGENT,25
ST22,SKU02450,NatureBlend Hair Care 500ml,Personal Care,0.0,0.0,0.0,8.0,0.22857142857142856,1.3522468075656264,0.0,5.916079783099616,1,0,1,STOCKOUT,URGENT,8
ST22,SKU02542,QuickBite First Aid 2L,Health & Wellness,0.0,0.0,0.0,12.97,12.97,0.0,0.0,0.0,1,0,0,STOCKOUT,URGENT,13
ST22,SKU02609,BasicNeeds Men's Grooming 250ml,Personal Care,0.0,0.0,0.0,31.93764126984127,31.93764126984127,0.0,0.0,0.0,1,0,0,STOCKOUT,URGENT,32
ST22,SKU02618,TrueTaste Writing Instruments 100g,Stationery & Office,0.0,0.0,0.0,21.074014285714284,21.074014285714284,0.0,0.0,0.0,1,0,0,STOCKOUT,URGENT,22
ST22,SKU02766,SparkleClean Pest Control Pack of 6,Home Care,0.0,0.0,0.0,3.0116666666666667,3.0116666666666667,0.0,0.0,0.0,1,0,0,STOCKOUT,URGENT,4
ST22,SKU02869,FamilyChoice Vitamins & Supplements Pack of 6,Health & Wellness,0.0,0.0,0.0,43.151637662337656,43.151637662337656,0.0,0.0,0.0,1,0,0,STOCKOUT,URGENT,44
ST22,SKU03047,PrimeCare Biscuits & Cookies 500g,Snacks & Confectionery,0.0,0.0,0.0,37.771890476190464,37.771890476190464,0.0,0.0,0.0,1,0,0,STOCKOUT,URGENT,38
ST22,SKU03055,CityFresh Butter & Ghee 500g,Dairy & Bakery,0.0,0.0,0.0,8.042,0.2062051282051282,1.2877506129005107,0.0,6.244997998398398,1,0,1,STOCKOUT,URGENT,9
ST22,SKU03065,GreenValley Frozen Vegetables 1L,Frozen Foods,0.0,0.0,0.0,1.088,1.088,0.0,0.0,0.0,1,0,0,STOCKOUT,URGENT,2
ST22,SKU03244,CleanWave Chips & Crisps 2L,Snacks & Confectionery,0.0,0.0,0.0,8.013333333333334,8.013333333333334,0.0,0.0,0.0,1,0,0,STOCKOUT,URGENT,9
ST22,SKU03301,NovaFresh Surface Cleaners Family Pack,Home Care,0.0,0.0,0.0,13.933333333333334,13.933333333333334,0.0,0.0,0.0,1,0,0,STOCKOUT,URGENT,14
ST22,SKU03476,CleanWave Mobile Accessories 1kg,Electronics & Accessories,0.0,23.0,9.0,4.994,4.994,0.0,0.0,0.0,1,0,0,STOCKOUT,URGENT,23
ST22,SKU03511,TrueTaste Ready Meals 100g,Frozen Foods,0.0,0.0,0.0,10.048333333333334,10.048333333333334,0.0,0.0,0.0,1,0,0,STOCKOUT,URGENT,11
ST22,SKU03536,SparkleClean Tea Medium,Beverages,0.0,0.0,0.0,23.97742857142857,23.97742857142857,0.0,0.0,0.0,1,0,0,STOCKOUT,URGENT,24
ST22,SKU03845,MetroBrand Frozen Vegetables Pack of 6,Frozen Foods,0.0,0.0,0.0,1.0,1.0,0.0,0.0,0.0,1,0,0,STOCKOUT,URGENT,1
ST22,SKU03894,CityFresh Bottled Water Pack of 6,Beverages,0.0,0.0,0.0,3.916,3.916,0.0,0.0,0.0,1,0,0,STOCKOUT,URGENT,4
ST22,SKU03911,BasicNeeds Coffee 250ml,Beverages,0.0,0.0,0.0,9.016,9.016,0.0,0.0,0.0,1,0,0,STOCKOUT,URGENT,10
ST22,SKU04013,GoldenHarvest Ice Cream 1kg,Frozen Foods,0.0,0.0,0.0,13.016523809523813,13.016523809523813,0.0,0.0,0.0,1,0,0,STOCKOUT,URGENT,14
ST22,SKU04287,SmartBuy Vitamins & Supplements Pack of 6,Health & Wellness,0.0,0.0,0.0,21.312161904761897,21.312161904761897,0.0,0.0,0.0,1,0,0,STOCKOUT,URGENT,22
ST22,SKU04463,NovaFresh Men's Wear 1L,Apparel & Footwear,0.0,0.0,0.0,18.0344,18.0344,0.0,0.0,0.0,1,0,0,STOCKOUT,URGENT,19
ST22,SKU04635,GreenValley Storage & Containers 100g,Home & Kitchen,0.0,0.0,0.0,11.9486,11.9486,0.0,0.0,0.0,1,0,0,STOCKOUT,URGENT,12
ST22,SKU04683,EverydayPlus Hair Care 250ml,Personal Care,0.0,0.0,0.0,3.155733333333333,3.155733333333333,0.0,0.0,0.0,1,0,0,STOCKOUT,URGENT,4
ST22,SKU04823,SoftTouch Storage & Containers Pack of 6,Home & Kitchen,0.0,0.0,0.0,2.031333333333333,2.031333333333333,0.0,0.0,0.0,1,0,0,STOCKOUT,URGENT,3
ST22,SKU04829,GreenValley Notebooks 2L,Stationery & Office,0.0,0.0,0.0,9.002,9.002,0.0,0.0,0.0,1,0,0,STOCKOUT,URGENT,10
ST22,SKU04911,PureLife Frozen Vegetables 2L,Frozen Foods,0.0,0.0,0.0,4.000333333333334,4.000333333333334,0.0,0.0,0.0,1,0,0,STOCKOUT,URGENT,5
ST22,SKU04920,CleanWave Writing Instruments Family Pack,Stationery & Office,0.0,0.0,0.0,0.0052,0.0052,0.0,0.0,0.0,1,0,0,STOCKOUT,URGENT,1
ST23,SKU00178,PrimeCare Pulses & Lentils Family Pack,Grocery,0.0,0.0,0.0,12.928666666666668,12.928666666666668,0.0,0.0,0.0,1,0,0,STOCKOUT,URGENT,13
ST23,SKU00203,GoldenHarvest Milk 2kg,Dairy & Bakery,0.0,0.0,0.0,9.88252380952381,9.88252380952381,0.0,0.0,0.0,1,0,0,STOCKOUT,URGENT,10
ST23,SKU00292,GreenValley Bread 500g,Dairy & Bakery,0.0,0.0,0.0,16.904,16.904,0.0,0.0,0.0,1,0,0,STOCKOUT,URGENT,17
ST23,SKU00300,SunriseFoods Cheese Medium,Dairy & Bakery,0.0,0.0,0.0,13.638333333333334,13.638333333333334,0.0,0.0,0.0,1,0,0,STOCKOUT,URGENT,14
ST23,SKU00583,GoldenHarvest Office Supplies 2kg,Stationery & Office,0.0,0.0,0.0,11.0254,11.0254,0.0,0.0,0.0,1,0,0,STOCKOUT,URGENT,12
ST23,SKU00633,EverydayPlus Energy Drinks 500ml,Beverages,0.0,0.0,0.0,32.91418412698412,32.91418412698412,0.0,0.0,0.0,1,0,0,STOCKOUT,URGENT,33
ST23,SKU00634,SoftTouch Energy Drinks Large,Beverages,0.0,0.0,0.0,3.978,3.978,0.0,0.0,0.0,1,0,0,STOCKOUT,URGENT,4
ST23,SKU00669,MetroBrand First Aid 500g,Health & Wellness,0.0,0.0,0.0,29.288155555555555,29.288155555555555,0.0,0.0,0.0,1,0,0,STOCKOUT,URGENT,30
ST23,SKU00726,CrispKing Frozen Vegetables 1kg,Frozen Foods,0.0,0.0,0.0,6.004,6.004,0.0,0.0,0.0,1,0,0,STOCKOUT,URGENT,7
ST23,SKU00793,QuickBite Cookware 1kg,Home & Kitchen,0.0,0.0,0.0,4.004,4.004,0.0,0.0,0.0,1,0,0,STOCKOUT,URGENT,5
ST23,SKU00820,FamilyChoice Rice & Grains Small,Grocery,0.0,0.0,0.0,4.836666666666667,4.836666666666667,0.0,0.0,0.0,1,0,0,STOCKOUT,URGENT,5
ST23,SKU00830,TrueTaste Ice Cream Medium,Frozen Foods,0.0,48.0,19.0,40.45168686868686,40.45168686868686,0.0,0.0,0.0,1,0,0,STOCKOUT,URGENT,48
ST23,SKU00901,PremiumSelect Frozen Meat Small,Frozen Foods,0.0,0.0,0.0,40.761167821067815,40.761167821067815,0.0,0.0,0.0,1,0,0,STOCKOUT,URGENT,41
ST23,SKU00905,UrbanBite Sugar & Salt Large,Grocery,0.0,0.0,0.0,14.029087445887445,14.029087445887445,0.0,0.0,0.0,1,0,0,STOCKOUT,URGENT,15
ST23,SKU00922,TrueTaste Namkeen Medium,Snacks & Confectionery,0.0,0.0,0.0,18.312,18.312,0.0,0.0,0.0,1,0,0,STOCKOUT,URGENT,19
ST23,SKU00989,EliteHome Mobile Accessories 1kg,Electronics & Accessories,0.0,0.0,0.0,4.99,4.99,0.0,0.0,0.0,1,0,0,STOCKOUT,URGENT,5
ST23,SKU01029,NatureBlend Eggs 1kg,Dairy & Bakery,0.0,0.0,0.0,10.046733333333332,10.046733333333332,0.0,0.0,0.0,1,0,0,STOCKOUT,URGENT,11
ST23,SKU01255,PremiumSelect Candy Medium,Snacks & Confectionery,0.0,0.0,0.0,5.077733333333335,5.077733333333335,0.0,0.0,0.0,1,0,0,STOCKOUT,URGENT,6
ST23,SKU01311,UrbanBite Men's Wear 500g,Apparel & Footwear,0.0,0.0,0.0,9.010666666666664,9.010666666666664,0.0,0.0,0.0,1,0,0,STOCKOUT,URGENT,10
ST23,SKU01395,PremiumSelect Chips & Crisps 2kg,Snacks & Confectionery,0.0,0.0,0.0,18.099490476190475,18.099490476190475,0.0,0.0,0.0,1,0,0,STOCKOUT,URGENT,19
ST23,SKU01397,CityFresh Small Appliances Pack of 12,Electronics & Accessories,0.0,0.0,0.0,17.895557142857143,17.895557142857143,0.0,0.0,0.0,1,0,0,STOCKOUT,URGENT,18
ST23,SKU01797,SunriseFoods Bottled Water Small,Beverages,0.0,0.0,0.0,17.856733333333334,17.856733333333334,0.0,0.0,0.0,1,0,0,STOCKOUT,URGENT,18
ST23,SKU02003,SparkleClean Cookware Pack of 12,Home & Kitchen,0.0,0.0,0.0,16.963966666666668,16.963966666666668,0.0,0.0,0.0,1,0,0,STOCKOUT,URGENT,17
ST23,SKU02278,EliteHome Bath & Body Pack of 12,Personal Care,0.0,0.0,0.0,17.440828571428575,17.440828571428575,0.0,0.0,0.0,1,0,0,STOCKOUT,URGENT,18
ST23,SKU02417,EverydayPlus Women's Wear 500g,Apparel & Footwear,0.0,0.0,0.0,7.952266666666665,7.952266666666665,0.0,0.0,0.0,1,0,0,STOCKOUT,URGENT,8
ST23,SKU02679,MetroBrand First Aid Small,Health & Wellness,0.0,0.0,0.0,44.158076190476194,44.158076190476194,0.0,0.0,0.0,1,0,0,STOCKOUT,URGENT,45
ST23,SKU02828,NovaFresh Home Decor 100g,Home & Kitchen,0.0,0.0,0.0,12.022666666666666,2.0037777777777777,4.908233113483537,0.0,2.4494897427831783,1,0,1,STOCKOUT,URGENT,13
ST23,SKU03070,NovaFresh Surface Cleaners 250ml,Home Care,0.0,0.0,0.0,12.885571428571428,12.885571428571428,0.0,0.0,0.0,1,0,0,STOCKOUT,URGENT,13
ST23,SKU03274,PremiumSelect Hair Care 250ml,Personal Care,0.0,28.0,11.0,3.0276666666666667,3.0276666666666667,0.0,0.0,0.0,1,0,0,STOCKOUT,URGENT,28
ST23,SKU03467,PureLife Spices & Seasoning 2L,Grocery,0.0,0.0,0.0,10.030666666666669,10.030666666666669,0.0,0.0,0.0,1,0,0,STOCKOUT,URGENT,11
ST23,SKU03495,ZestyCo Notebooks 500ml,Stationery & Office,0.0,0.0,0.0,20.123247619047618,20.123247619047618,0.0,0.0,0.0,1,0,0,STOCKOUT,URGENT,21
ST23,SKU03516,GoldenHarvest Laundry 250ml,Home Care,0.0,0.0,0.0,2.0464,2.0464,0.0,0.0,0.0,1,0,0,STOCKOUT,URGENT,3
ST23,SKU03610,GreenValley Frozen Vegetables 500g,Frozen Foods,0.0,0.0,0.0,16.025133333333336,16.025133333333336,0.0,0.0,0.0,1,0,0,STOCKOUT,URGENT,17
ST23,SKU03650,NatureBlend Spices & Seasoning Pack of 12,Grocery,0.0,0.0,0.0,11.027066666666666,11.027066666666666,0.0,0.0,0.0,1,0,0,STOCKOUT,URGENT,12
ST23,SKU03676,QuickBite Home Decor 1kg,Home & Kitchen,0.0,0.0,0.0,18.004,18.004,0.0,0.0,0.0,1,0,0,STOCKOUT,URGENT,19
ST23,SKU03689,SparkleClean Office Supplies 500ml,Stationery & Office,0.0,0.0,0.0,20.938109523809526,20.938109523809526,0.0,0.0,0.0,1,0,0,STOCKOUT,URGENT,21
ST23,SKU03788,EliteHome Pest Control 2L,Home Care,0.0,0.0,0.0,13.033733333333336,13.033733333333336,0.0,0.0,0.0,1,0,0,STOCKOUT,URGENT,14
ST23,SKU03844,TrueTaste Butter & Ghee 250g,Dairy & Bakery,0.0,0.0,0.0,16.006,16.006,0.0,0.0,0.0,1,0,0,STOCKOUT,URGENT,17
ST23,SKU03882,CityFresh Frozen Meat Large,Frozen Foods,0.0,0.0,0.0,13.026238095238096,13.026238095238096,0.0,0.0,0.0,1,0,0,STOCKOUT,URGENT,14
ST23,SKU03884,SoftTouch Butter & Ghee Large,Dairy & Bakery,0.0,0.0,0.0,12.8494,12.8494,0.0,0.0,0.0,1,0,0,STOCKOUT,URGENT,13
ST23,SKU03906,GoldenHarvest Bath & Body 250g,Personal Care,0.0,77.0,26.0,17.816980952380952,17.816980952380952,0.0,0.0,0.0,1,0,0,STOCKOUT,URGENT,77
ST23,SKU04046,CleanWave Laundry 250ml,Home Care,0.0,29.0,10.0,10.006485714285716,10.006485714285716,0.0,0.0,0.0,1,0,0,STOCKOUT,URGENT,29
ST23,SKU04123,ValueChoice Office Supplies Family Pack,Stationery & Office,0.0,0.0,0.0,2.024,2.024,0.0,0.0,0.0,1,0,0,STOCKOUT,URGENT,3
ST23,SKU04157,PremiumSelect Small Appliances 1L,Electronics & Accessories,0.0,100.0,25.0,1.1312,1.1312,0.0,0.0,0.0,1,0,0,STOCKOUT,URGENT,100
ST23,SKU04241,ZestyCo Biscuits & Cookies 250ml,Snacks & Confectionery,0.0,0.0,0.0,9.106666666666667,9.106666666666667,0.0,0.0,0.0,1,0,0,STOCKOUT,URGENT,10
ST23,SKU04257,ValueChoice Yogurt 100g,Dairy & Bakery,0.0,0.0,0.0,8.137933333333333,8.137933333333333,0.0,0.0,0.0,1,0,0,STOCKOUT,URGENT,9
ST23,SKU04413,PurePlus Flour & Atta Small,Grocery,0.0,0.0,0.0,3.0254000000000003,0.06576956521739132,0.4460708941510258,0.0,6.782329983125267,1,0,1,STOCKOUT,URGENT,4
ST23,SKU04529,PureLife OTC Medicine 1L,Health & Wellness,0.0,0.0,0.0,30.903266666666664,30.903266666666664,0.0,0.0,0.0,1,0,0,STOCKOUT,URGENT,31
ST23,SKU04719,FamilyChoice Writing Instruments 1kg,Stationery & Office,0.0,0.0,0.0,0.0,0.0,0.0,0.0,0.0,1,0,0,STOCKOUT,URGENT,0
ST23,SKU04904,HealthFirst Storage & Containers Large,Home & Kitchen,0.0,0.0,0.0,8.972,8.972,0.0,0.0,0.0,1,0,0,STOCKOUT,URGENT,9
ST23,SKU04928,GreenValley Sugar & Salt 1L,Grocery,0.0,0.0,0.0,16.09752380952381,16.09752380952381,0.0,0.0,0.0,1,0,0,STOCKOUT,URGENT,17
ST23,SKU04966,ZestyCo Bread 250ml,Dairy & Bakery,0.0,0.0,0.0,22.63802857142858,22.63802857142858,0.0,0.0,0.0,1,0,0,STOCKOUT,URGENT,23
ST23,SKU04980,FreshFarm OTC Medicine 2L,Health & Wellness,0.0,0.0,0.0,3.001733333333333,3.001733333333333,0.0,0.0,0.0,1,0,0,STOCKOUT,URGENT,4
ST24,SKU00049,CityFresh Oral Care 500ml,Personal Care,0.0,0.0,0.0,8.957866666666666,8.957866666666666,0.0,0.0,0.0,1,0,0,STOCKOUT,URGENT,9
ST24,SKU00052,ValueChoice Storage & Containers Family Pack,Home & Kitchen,0.0,0.0,0.0,13.06133333333333,13.06133333333333,0.0,0.0,0.0,1,0,0,STOCKOUT,URGENT,14
ST24,SKU00348,GreenValley Oral Care 2kg,Personal Care,0.0,0.0,0.0,10.398761904761908,10.398761904761908,0.0,0.0,0.0,1,0,0,STOCKOUT,URGENT,11
ST24,SKU00392,NatureBlend Rice & Grains 100g,Grocery,0.0,0.0,0.0,4.069066666666666,4.069066666666666,0.0,0.0,0.0,1,0,0,STOCKOUT,URGENT,5
ST24,SKU00405,SmartBuy Writing Instruments 500ml,Stationery & Office,0.0,0.0,0.0,20.10146666666667,20.10146666666667,0.0,0.0,0.0,1,0,0,STOCKOUT,URGENT,21
ST24,SKU00560,SmartBuy Air Fresheners 1kg,Home Care,0.0,0.0,0.0,5.979,5.979,0.0,0.0,0.0,1,0,0,STOCKOUT,URGENT,6
ST24,SKU00573,NovaFresh Home Decor Large,Home & Kitchen,0.0,0.0,0.0,8.036000000000001,8.036000000000001,0.0,0.0,0.0,1,0,0,STOCKOUT,URGENT,9
ST24,SKU00767,PrimeCare Frozen Meat 500ml,Frozen Foods,0.0,0.0,0.0,7.004666666666666,7.004666666666666,0.0,0.0,0.0,1,0,0,STOCKOUT,URGENT,8
ST24,SKU00769,UrbanBite Eggs 2kg,Dairy & Bakery,0.0,0.0,0.0,13.349561904761906,13.349561904761906,0.0,0.0,0.0,1,0,0,STOCKOUT,URGENT,14
ST24,SKU00770,PurePlus OTC Medicine Family Pack,Health & Wellness,0.0,0.0,0.0,6.017333333333334,6.017333333333334,0.0,0.0,0.0,1,0,0,STOCKOUT,URGENT,7
ST24,SKU00771,QuickBite Cookware Pack of 12,Home & Kitchen,0.0,0.0,0.0,18.01623809523809,18.01623809523809,0.0,0.0,0.0,1,0,0,STOCKOUT,URGENT,19
ST24,SKU00849,ValueChoice Office Supplies Pack of 6,Stationery & Office,0.0,0.0,0.0,3.032333333333333,3.032333333333333,0.0,0.0,0.0,1,0,0,STOCKOUT,URGENT,4
ST24,SKU00960,QuickBite Flour & Atta Family Pack,Grocery,0.0,0.0,0.0,16.954666666666668,16.954666666666668,0.0,0.0,0.0,1,0,0,STOCKOUT,URGENT,17
ST24,SKU01165,HealthFirst Home Decor Pack of 6,Home & Kitchen,0.0,0.0,0.0,21.786409523809528,21.786409523809528,0.0,0.0,0.0,1,0,0,STOCKOUT,URGENT,22
ST24,SKU01292,TrueTaste Frozen Meat 2kg,Frozen Foods,0.0,0.0,0.0,0.0,0.0,0.0,0.0,0.0,1,0,0,STOCKOUT,URGENT,0
ST24,SKU01655,SparkleClean Bottled Water Pack of 12,Beverages,0.0,0.0,0.0,6.984666666666667,0.6984666666666667,2.2087455363722737,0.0,3.1622776601683786,1,0,1,STOCKOUT,URGENT,7
ST24,SKU01692,EverydayPlus Energy Drinks 2kg,Beverages,0.0,0.0,0.0,5.006,5.006,0.0,0.0,0.0,1,0,0,STOCKOUT,URGENT,6
ST24,SKU02018,DailyBest Home Decor 100g,Home & Kitchen,0.0,0.0,0.0,12.098666666666666,12.098666666666666,0.0,0.0,0.0,1,0,0,STOCKOUT,URGENT,13
ST24,SKU02078,NatureBlend Office Supplies 250g,Stationery & Office,0.0,0.0,0.0,7.019333333333334,7.019333333333334,0.0,0.0,0.0,1,0,0,STOCKOUT,URGENT,8
ST24,SKU02101,GoldenHarvest Frozen Meat Medium,Frozen Foods,0.0,0.0,0.0,13.017666666666669,13.017666666666669,0.0,0.0,0.0,1,0,0,STOCKOUT,URGENT,14
ST24,SKU02281,FreshFarm Energy Drinks Pack of 12,Beverages,0.0,0.0,0.0,20.9827126984127,20.9827126984127,0.0,0.0,0.0,1,0,0,STOCKOUT,URGENT,21
ST24,SKU02826,QuickBite Surface Cleaners Family Pack,Home Care,0.0,67.0,18.0,10.938,10.938,0.0,0.0,0.0,1,0,0,STOCKOUT,URGENT,67
ST24,SKU02884,SparkleClean Juices Pack of 6,Beverages,0.0,0.0,0.0,7.006666666666667,7.006666666666667,0.0,0.0,0.0,1,0,0,STOCKOUT,URGENT,8
ST24,SKU02899,GreenValley Namkeen Medium,Snacks & Confectionery,0.0,0.0,0.0,17.19293333333334,17.19293333333334,0.0,0.0,0.0,1,0,0,STOCKOUT,URGENT,18
ST24,SKU03032,GoldenHarvest Chips & Crisps Pack of 6,Snacks & Confectionery,0.0,0.0,0.0,0.0,0.0,0.0,0.0,0.0,1,0,0,STOCKOUT,URGENT,0
ST24,SKU03082,GreenValley Biscuits & Cookies Medium,Snacks & Confectionery,0.0,0.0,0.0,25.06873333333333,25.06873333333333,0.0,0.0,0.0,1,0,0,STOCKOUT,URGENT,26
ST24,SKU03086,PremiumSelect Ready Meals 2L,Frozen Foods,0.0,0.0,0.0,13.057533333333334,13.057533333333334,0.0,0.0,0.0,1,0,0,STOCKOUT,URGENT,14
ST24,SKU03116,FamilyChoice First Aid 500ml,Health & Wellness,0.0,0.0,0.0,19.785363492063485,19.785363492063485,0.0,0.0,0.0,1,0,0,STOCKOUT,URGENT,20
ST24,SKU03280,NutriPlus Bread 100g,Dairy & Bakery,0.0,0.0,0.0,2.002,2.002,0.0,0.0,0.0,1,0,0,STOCKOUT,URGENT,3
ST24,SKU03283,NutriPlus Chips & Crisps Large,Snacks & Confectionery,0.0,0.0,0.0,16.059933333333333,16.059933333333333,0.0,0.0,0.0,1,0,0,STOCKOUT,URGENT,17
ST24,SKU03374,EliteHome Candy 250g,Snacks & Confectionery,0.0,0.0,0.0,15.851533333333334,15.851533333333334,0.0,0.0,0.0,1,0,0,STOCKOUT,URGENT,16
ST24,SKU03426,SparkleClean Mobile Accessories 2L,Electronics & Accessories,0.0,0.0,0.0,2.982,2.982,0.0,0.0,0.0,1,0,0,STOCKOUT,URGENT,3
ST24,SKU03652,CleanWave Ready Meals Pack of 6,Frozen Foods,0.0,0.0,0.0,0.0,0.0,0.0,0.0,0.0,1,0,0,STOCKOUT,URGENT,0
ST24,SKU03802,NovaFresh Namkeen Family Pack,Snacks & Confectionery,0.0,0.0,0.0,23.93199047619048,23.93199047619048,0.0,0.0,0.0,1,0,0,STOCKOUT,URGENT,24
ST24,SKU03979,SoftTouch Frozen Vegetables Medium,Frozen Foods,0.0,0.0,0.0,8.968333333333334,8.968333333333334,0.0,0.0,0.0,1,0,0,STOCKOUT,URGENT,9
ST24,SKU04086,PureLife Flour & Atta 250g,Grocery,0.0,0.0,0.0,10.869333333333332,10.869333333333332,0.0,0.0,0.0,1,0,0,STOCKOUT,URGENT,11
ST24,SKU04131,NutriPlus Surface Cleaners Medium,Home Care,0.0,0.0,0.0,0.002,0.002,0.0,0.0,0.0,1,0,0,STOCKOUT,URGENT,1
ST24,SKU04431,HomeStyle Chocolates Pack of 6,Snacks & Confectionery,0.0,0.0,0.0,12.591539682539686,12.591539682539686,0.0,0.0,0.0,1,0,0,STOCKOUT,URGENT,13
ST24,SKU04619,MetroBrand Coffee 250ml,Beverages,0.0,0.0,0.0,17.36271428571429,17.36271428571429,0.0,0.0,0.0,1,0,0,STOCKOUT,URGENT,18
ST24,SKU04802,MetroBrand Cooking Oil 250g,Grocery,0.0,0.0,0.0,3.141933333333333,3.141933333333333,0.0,0.0,0.0,1,0,0,STOCKOUT,URGENT,4
ST24,SKU04855,EliteHome Women's Wear 2L,Apparel & Footwear,0.0,0.0,0.0,20.936766666666664,0.9102942028985506,4.365617633749694,0.0,4.79583152331272,1,0,1,STOCKOUT,URGENT,21
ST24,SKU04897,NatureBlend Women's Wear 100g,Apparel & Footwear,0.0,0.0,0.0,3.0007333333333333,3.0007333333333333,0.0,0.0,0.0,1,0,0,STOCKOUT,URGENT,4
ST24,SKU04917,PureLife Ready Meals Large,Frozen Foods,0.0,0.0,0.0,6.008,6.008,0.0,0.0,0.0,1,0,0,STOCKOUT,URGENT,7
ST24,SKU04929,CrispKing Footwear 2kg,Apparel & Footwear,0.0,0.0,0.0,18.1066,18.1066,0.0,0.0,0.0,1,0,0,STOCKOUT,URGENT,19
ST24,SKU04946,PurePlus Candy 500ml,Snacks & Confectionery,0.0,0.0,0.0,19.763942857142855,19.763942857142855,0.0,0.0,0.0,1,0,0,STOCKOUT,URGENT,20
ST24,SKU04975,GreenValley Energy Drinks Family Pack,Beverages,0.0,0.0,0.0,13.809171428571428,13.809171428571428,0.0,0.0,0.0,1,0,0,STOCKOUT,URGENT,14
ST25,SKU00035,PremiumSelect Air Fresheners Large,Home Care,0.0,0.0,0.0,4.154625396825397,4.154625396825397,0.0,0.0,0.0,1,0,0,STOCKOUT,URGENT,5
ST25,SKU00258,EverydayPlus Coffee Pack of 6,Beverages,0.0,0.0,0.0,16.217333333333332,0.9539607843137254,3.9332810764225568,0.0,4.123105625617661,1,0,1,STOCKOUT,URGENT,17
ST25,SKU00404,EliteHome Bread 1kg,Dairy & Bakery,0.0,0.0,0.0,9.4634,9.4634,0.0,0.0,0.0,1,0,0,STOCKOUT,URGENT,10
ST25,SKU00427,PremiumSelect Writing Instruments Pack of 12,Stationery & Office,0.0,0.0,0.0,21.950422222222223,21.950422222222223,0.0,0.0,0.0,1,0,0,STOCKOUT,URGENT,22
ST25,SKU00530,FreshFarm Notebooks 2kg,Stationery & Office,0.0,0.0,0.0,8.123000000000001,0.20307500000000003,1.2843590716773876,0.0,6.324555320336759,1,0,1,STOCKOUT,URGENT,9
ST25,SKU00552,SmartBuy First Aid 2L,Health & Wellness,0.0,0.0,0.0,9.932000000000002,9.932000000000002,0.0,0.0,0.0,1,0,0,STOCKOUT,URGENT,10
ST25,SKU00872,GreenValley Pulses & Lentils Family Pack,Grocery,0.0,0.0,0.0,22.352390476190475,22.352390476190475,0.0,0.0,0.0,1,0,0,STOCKOUT,URGENT,23
ST25,SKU00886,HomeStyle Mobile Accessories Pack of 12,Electronics & Accessories,0.0,0.0,0.0,2.002,2.002,0.0,0.0,0.0,1,0,0,STOCKOUT,URGENT,3
ST25,SKU00897,EverydayPlus Chips & Crisps 250g,Snacks & Confectionery,0.0,0.0,0.0,13.02806666666667,13.02806666666667,0.0,0.0,0.0,1,0,0,STOCKOUT,URGENT,14
ST25,SKU01311,UrbanBite Men's Wear 500g,Apparel & Footwear,0.0,0.0,0.0,34.82905714285712,34.82905714285712,0.0,0.0,0.0,1,0,0,STOCKOUT,URGENT,35
ST25,SKU01536,FreshFarm Frozen Vegetables Pack of 12,Frozen Foods,0.0,0.0,0.0,12.734076190476191,12.734076190476191,0.0,0.0,0.0,1,0,0,STOCKOUT,URGENT,13
ST25,SKU01566,MetroBrand Storage & Containers 250g,Home & Kitchen,0.0,0.0,0.0,5.004,5.004,0.0,0.0,0.0,1,0,0,STOCKOUT,URGENT,6
ST25,SKU01577,PureLife Office Supplies 500ml,Stationery & Office,0.0,0.0,0.0,3.004833333333333,3.004833333333333,0.0,0.0,0.0,1,0,0,STOCKOUT,URGENT,4
ST25,SKU01632,NatureBlend Skin Care Pack of 12,Personal Care,0.0,0.0,0.0,31.240909523809528,31.240909523809528,0.0,0.0,0.0,1,0,0,STOCKOUT,URGENT,32
ST25,SKU01750,QuickBite Men's Grooming Small,Personal Care,0.0,0.0,0.0,8.0328,8.0328,0.0,0.0,0.0,1,0,0,STOCKOUT,URGENT,9
ST25,SKU01830,SunriseFoods Women's Wear Pack of 12,Apparel & Footwear,0.0,0.0,0.0,20.8866,20.8866,0.0,0.0,0.0,1,0,0,STOCKOUT,URGENT,21
ST25,SKU02084,SoftTouch Bottled Water 2L,Beverages,0.0,0.0,0.0,8.961066666666667,8.961066666666667,0.0,0.0,0.0,1,0,0,STOCKOUT,URGENT,9
ST25,SKU02160,PrimeCare Frozen Meat 250ml,Frozen Foods,0.0,0.0,0.0,1.022,1.022,0.0,0.0,0.0,1,0,0,STOCKOUT,URGENT,2
ST25,SKU02223,NovaFresh Flour & Atta 500ml,Grocery,0.0,0.0,0.0,2.969733333333333,2.969733333333333,0.0,0.0,0.0,1,0,0,STOCKOUT,URGENT,3
ST25,SKU02573,UrbanBite Coffee Small,Beverages,0.0,0.0,0.0,11.023666666666664,11.023666666666664,0.0,0.0,0.0,1,0,0,STOCKOUT,URGENT,12
ST25,SKU02858,FamilyChoice Dishwashing 100g,Home Care,0.0,0.0,0.0,19.242266666666666,19.242266666666666,0.0,0.0,0.0,1,0,0,STOCKOUT,URGENT,20
ST25,SKU02895,CleanWave Chocolates Pack of 6,Snacks & Confectionery,0.0,0.0,0.0,2.183457142857143,2.183457142857143,0.0,0.0,0.0,1,0,0,STOCKOUT,URGENT,3
ST25,SKU03050,SoftTouch Yogurt Family Pack,Dairy & Bakery,0.0,0.0,0.0,0.0023333333333333,0.0023333333333333,0.0,0.0,0.0,1,0,0,STOCKOUT,URGENT,1
ST25,SKU03123,SunriseFoods Vitamins & Supplements 250g,Health & Wellness,0.0,0.0,0.0,8.994666666666665,8.994666666666665,0.0,0.0,0.0,1,0,0,STOCKOUT,URGENT,9
ST25,SKU03201,PurePlus Soft Drinks Family Pack,Beverages,0.0,0.0,0.0,11.207561904761906,11.207561904761906,0.0,0.0,0.0,1,0,0,STOCKOUT,URGENT,12
ST25,SKU03327,CrispKing Frozen Meat 250g,Frozen Foods,0.0,0.0,0.0,11.127,11.127,0.0,0.0,0.0,1,0,0,STOCKOUT,URGENT,12
ST25,SKU03659,DailyBest Ready Meals Small,Frozen Foods,0.0,0.0,0.0,20.804160317460312,20.804160317460312,0.0,0.0,0.0,1,0,0,STOCKOUT,URGENT,21
ST25,SKU03818,TrueTaste Biscuits & Cookies Pack of 6,Snacks & Confectionery,0.0,0.0,0.0,8.969733333333334,8.969733333333334,0.0,0.0,0.0,1,0,0,STOCKOUT,URGENT,9
ST25,SKU03890,ValueChoice Hair Care 500g,Personal Care,0.0,0.0,0.0,3.011,3.011,0.0,0.0,0.0,1,0,0,STOCKOUT,URGENT,4
ST25,SKU03903,FreshFarm Men's Wear 250g,Apparel & Footwear,0.0,0.0,0.0,11.879333333333332,11.879333333333332,0.0,0.0,0.0,1,0,0,STOCKOUT,URGENT,12
ST25,SKU03934,HomeStyle Men's Wear Family Pack,Apparel & Footwear,0.0,0.0,0.0,12.993590476190471,12.993590476190471,0.0,0.0,0.0,1,0,0,STOCKOUT,URGENT,13
ST25,SKU04015,SoftTouch Small Appliances Family Pack,Electronics & Accessories,0.0,0.0,0.0,7.008,7.008,0.0,0.0,0.0,1,0,0,STOCKOUT,URGENT,8
ST25,SKU04138,DailyBest Men's Wear 250g,Apparel & Footwear,0.0,0.0,0.0,21.2148,21.2148,0.0,0.0,0.0,1,0,0,STOCKOUT,URGENT,22
ST25,SKU04347,PremiumSelect Butter & Ghee 500ml,Dairy & Bakery,0.0,0.0,0.0,32.09509841269841,32.09509841269841,0.0,0.0,0.0,1,0,0,STOCKOUT,URGENT,33
ST25,SKU04445,NovaFresh First Aid 500g,Health & Wellness,0.0,0.0,0.0,2.103,2.103,0.0,0.0,0.0,1,0,0,STOCKOUT,URGENT,3
ST25,SKU04498,SmartBuy Spices & Seasoning 500ml,Grocery,0.0,0.0,0.0,15.071999999999996,15.071999999999996,0.0,0.0,0.0,1,0,0,STOCKOUT,URGENT,16
ST25,SKU04540,ZestyCo Batteries 1kg,Electronics & Accessories,0.0,0.0,0.0,4.992,4.992,0.0,0.0,0.0,1,0,0,STOCKOUT,URGENT,5
ST25,SKU04900,HomeStyle Storage & Containers 1kg,Home & Kitchen,0.0,0.0,0.0,27.70216190476189,27.70216190476189,0.0,0.0,0.0,1,0,0,STOCKOUT,URGENT,28
ST25,SKU04932,NatureBlend Frozen Vegetables 100g,Frozen Foods,0.0,0.0,0.0,11.074666666666667,11.074666666666667,0.0,0.0,0.0,1,0,0,STOCKOUT,URGENT,12
ST25,SKU04947,FreshFarm OTC Medicine Family Pack,Health & Wellness,0.0,0.0,0.0,1.0,1.0,0.0,0.0,0.0,1,0,0,STOCKOUT,URGENT,1
ST25,SKU04961,FamilyChoice Ice Cream 500ml,Frozen Foods,0.0,0.0,0.0,17.019000000000002,17.019000000000002,0.0,0.0,0.0,1,0,0,STOCKOUT,URGENT,18
ST25,SKU04993,GreenValley First Aid 2L,Health & Wellness,0.0,0.0,0.0,27.73945238095238,27.73945238095238,0.0,0.0,0.0,1,0,0,STOCKOUT,URGENT,28
ST26,SKU00134,ValueChoice Air Fresheners Large,Home Care,0.0,0.0,0.0,16.441466666666667,16.441466666666667,0.0,0.0,0.0,1,0,0,STOCKOUT,URGENT,17
ST26,SKU00151,PurePlus Skin Care Pack of 12,Personal Care,0.0,0.0,0.0,2.060666666666666,2.060666666666666,0.0,0.0,0.0,1,0,0,STOCKOUT,URGENT,3
ST26,SKU00222,PremiumSelect OTC Medicine Medium,Health & Wellness,0.0,0.0,0.0,13.963133333333332,13.963133333333332,0.0,0.0,0.0,1,0,0,STOCKOUT,URGENT,14
ST26,SKU00316,PrimeCare Writing Instruments 250ml,Stationery & Office,0.0,0.0,0.0,19.054133333333333,19.054133333333333,0.0,0.0,0.0,1,0,0,STOCKOUT,URGENT,20
ST26,SKU00422,GreenValley Bath & Body Family Pack,Personal Care,0.0,0.0,0.0,9.996333333333332,9.996333333333332,0.0,0.0,0.0,1,0,0,STOCKOUT,URGENT,10
ST26,SKU00881,CrispKing Pest Control 2L,Home Care,0.0,0.0,0.0,15.015066666666668,15.015066666666668,0.0,0.0,0.0,1,0,0,STOCKOUT,URGENT,16
ST26,SKU01493,ZestyCo Pest Control 100g,Home Care,0.0,0.0,0.0,22.658247619047614,22.658247619047614,0.0,0.0,0.0,1,0,0,STOCKOUT,URGENT,23
ST26,SKU01503,SunriseFoods Sugar & Salt Medium,Grocery,0.0,0.0,0.0,28.666719047619047,28.666719047619047,0.0,0.0,0.0,1,0,0,STOCKOUT,URGENT,29
ST26,SKU01695,UrbanBite Mobile Accessories 1L,Electronics & Accessories,0.0,0.0,0.0,21.71579523809524,0.944165010351967,4.528056319854843,0.0,4.795831523312719,1,0,1,STOCKOUT,URGENT,22
ST26,SKU01961,CleanWave Milk Medium,Dairy & Bakery,0.0,0.0,0.0,16.087866666666667,16.087866666666667,0.0,0.0,0.0,1,0,0,STOCKOUT,URGENT,17
ST26,SKU01964,UrbanBite Storage & Containers Pack of 12,Home & Kitchen,0.0,0.0,0.0,14.034361904761909,14.034361904761909,0.0,0.0,0.0,1,0,0,STOCKOUT,URGENT,15
ST26,SKU02477,FamilyChoice Notebooks 100g,Stationery & Office,0.0,0.0,0.0,13.007333333333332,13.007333333333332,0.0,0.0,0.0,1,0,0,STOCKOUT,URGENT,14
ST26,SKU02755,SmartBuy First Aid 1L,Health & Wellness,0.0,0.0,0.0,3.0,3.0,0.0,0.0,0.0,1,0,0,STOCKOUT,URGENT,3
ST26,SKU02810,CleanWave Air Fresheners Pack of 6,Home Care,0.0,0.0,0.0,3.005666666666667,3.005666666666667,0.0,0.0,0.0,1,0,0,STOCKOUT,URGENT,4
ST26,SKU02908,MetroBrand Bottled Water 100g,Beverages,0.0,0.0,0.0,4.154,4.154,0.0,0.0,0.0,1,0,0,STOCKOUT,URGENT,5
ST26,SKU03270,UrbanBite Cheese Small,Dairy & Bakery,0.0,0.0,0.0,18.561799999999995,18.561799999999995,0.0,0.0,0.0,1,0,0,STOCKOUT,URGENT,19
ST26,SKU03299,ZestyCo OTC Medicine 250ml,Health & Wellness,0.0,0.0,0.0,6.9652666666666665,6.9652666666666665,0.0,0.0,0.0,1,0,0,STOCKOUT,URGENT,7
ST26,SKU03536,SparkleClean Tea Medium,Beverages,0.0,0.0,0.0,4.025333333333333,4.025333333333333,0.0,0.0,0.0,1,0,0,STOCKOUT,URGENT,5
ST26,SKU03577,DailyBest Energy Drinks 2L,Beverages,0.0,0.0,0.0,18.21406666666666,18.21406666666666,0.0,0.0,0.0,1,0,0,STOCKOUT,URGENT,19
ST26,SKU03604,NovaFresh Eggs Family Pack,Dairy & Bakery,0.0,0.0,0.0,14.034,14.034,0.0,0.0,0.0,1,0,0,STOCKOUT,URGENT,15
ST26,SKU03693,UrbanBite Ice Cream 1L,Frozen Foods,0.0,98.0,26.0,24.806266666666662,24.806266666666662,0.0,0.0,0.0,1,0,0,STOCKOUT,URGENT,98
ST26,SKU03955,MetroBrand Pulses & Lentils 500g,Grocery,0.0,0.0,0.0,9.827590476190482,9.827590476190482,0.0,0.0,0.0,1,0,0,STOCKOUT,URGENT,10
ST26,SKU04045,FreshFarm Frozen Vegetables Medium,Frozen Foods,0.0,0.0,0.0,5.022399999999999,5.022399999999999,0.0,0.0,0.0,1,0,0,STOCKOUT,URGENT,6
ST26,SKU04049,HealthFirst Notebooks 2L,Stationery & Office,0.0,0.0,0.0,6.140066666666667,6.140066666666667,0.0,0.0,0.0,1,0,0,STOCKOUT,URGENT,7
ST26,SKU04076,PureLife Namkeen Pack of 6,Snacks & Confectionery,0.0,0.0,0.0,20.85109393939394,20.85109393939394,0.0,0.0,0.0,1,0,0,STOCKOUT,URGENT,21
ST26,SKU04137,PrimeCare Batteries Family Pack,Electronics & Accessories,0.0,0.0,0.0,13.978666666666664,13.978666666666664,0.0,0.0,0.0,1,0,0,STOCKOUT,URGENT,14
ST26,SKU04273,CityFresh Women's Wear 1L,Apparel & Footwear,0.0,49.0,24.0,5.361233333333333,5.361233333333333,0.0,0.0,0.0,1,0,0,STOCKOUT,URGENT,49
ST26,SKU04405,CleanWave Batteries 1kg,Electronics & Accessories,0.0,0.0,0.0,20.1343126984127,20.1343126984127,0.0,0.0,0.0,1,0,0,STOCKOUT,URGENT,21
ST26,SKU04429,PremiumSelect Milk Pack of 12,Dairy & Bakery,0.0,0.0,0.0,16.863666666666667,16.863666666666667,0.0,0.0,0.0,1,0,0,STOCKOUT,URGENT,17
ST26,SKU04521,SmartBuy Coffee 500ml,Beverages,0.0,0.0,0.0,7.010999999999999,7.010999999999999,0.0,0.0,0.0,1,0,0,STOCKOUT,URGENT,8
ST26,SKU04657,TrueTaste Pest Control Large,Home Care,0.0,0.0,0.0,4.957666666666667,4.957666666666667,0.0,0.0,0.0,1,0,0,STOCKOUT,URGENT,5
ST26,SKU04862,TrueTaste Cooking Oil 500g,Grocery,0.0,0.0,0.0,13.073933333333336,13.073933333333336,0.0,0.0,0.0,1,0,0,STOCKOUT,URGENT,14
ST27,SKU00004,SunriseFoods Eggs Large,Dairy & Bakery,0.0,0.0,0.0,30.77833015873015,30.77833015873015,0.0,0.0,0.0,1,0,0,STOCKOUT,URGENT,31
ST27,SKU00005,SunriseFoods Pest Control Pack of 6,Home Care,0.0,0.0,0.0,14.048,14.048,0.0,0.0,0.0,1,0,0,STOCKOUT,URGENT,15
ST27,SKU00454,NutriPlus Bottled Water Medium,Beverages,0.0,0.0,0.0,1.0,1.0,0.0,0.0,0.0,1,0,0,STOCKOUT,URGENT,1
ST27,SKU00702,QuickBite Kids Wear 500g,Apparel & Footwear,0.0,0.0,0.0,27.104761904761897,27.104761904761897,0.0,0.0,0.0,1,0,0,STOCKOUT,URGENT,28
ST27,SKU00708,SmartBuy Cooking Oil 100g,Grocery,0.0,0.0,0.0,4.029333333333334,4.029333333333334,0.0,0.0,0.0,1,0,0,STOCKOUT,URGENT,5
ST27,SKU00907,GreenValley Laundry 2kg,Home Care,0.0,0.0,0.0,16.00548571428571,0.45729959183673463,2.7054208700850118,0.0,5.916079783099615,1,0,1,STOCKOUT,URGENT,17
ST27,SKU01213,MetroBrand Bath & Body Family Pack,Personal Care,0.0,0.0,0.0,6.035,6.035,0.0,0.0,0.0,1,0,0,STOCKOUT,URGENT,7
ST27,SKU01316,PureLife Tea Large,Beverages,0.0,0.0,0.0,21.020314285714285,21.020314285714285,0.0,0.0,0.0,1,0,0,STOCKOUT,URGENT,22
ST27,SKU01550,HealthFirst Writing Instruments 100g,Stationery & Office,0.0,0.0,0.0,8.0368,8.0368,0.0,0.0,0.0,1,0,0,STOCKOUT,URGENT,9
ST27,SKU01566,MetroBrand Storage & Containers 250g,Home & Kitchen,0.0,0.0,0.0,4.01,4.01,0.0,0.0,0.0,1,0,0,STOCKOUT,URGENT,5
ST27,SKU01800,CityFresh Bread 2kg,Dairy & Bakery,0.0,0.0,0.0,6.173666666666667,6.173666666666667,0.0,0.0,0.0,1,0,0,STOCKOUT,URGENT,7
ST27,SKU01843,TrueTaste Cheese 100g,Dairy & Bakery,0.0,0.0,0.0,5.9722,5.9722,0.0,0.0,0.0,1,0,0,STOCKOUT,URGENT,6
ST27,SKU02037,GreenValley Butter & Ghee 250ml,Dairy & Bakery,0.0,0.0,0.0,38.06692380952383,38.06692380952383,0.0,0.0,0.0,1,0,0,STOCKOUT,URGENT,39
ST27,SKU02300,MetroBrand Candy 1L,Snacks & Confectionery,0.0,0.0,0.0,0.0,0.0,0.0,0.0,0.0,1,0,0,STOCKOUT,URGENT,0
ST27,SKU02488,SunriseFoods Small Appliances Small,Electronics & Accessories,0.0,0.0,0.0,19.8376,19.8376,0.0,0.0,0.0,1,0,0,STOCKOUT,URGENT,20
ST27,SKU02677,SunriseFoods Hair Care Small,Personal Care,0.0,0.0,0.0,27.262412698412696,27.262412698412696,0.0,0.0,0.0,1,0,0,STOCKOUT,URGENT,28
ST27,SKU02919,MetroBrand Coffee 2kg,Beverages,0.0,0.0,0.0,8.014,8.014,0.0,0.0,0.0,1,0,0,STOCKOUT,URGENT,9
ST27,SKU03016,TrueTaste Bath & Body 250g,Personal Care,0.0,0.0,0.0,11.0234,11.0234,0.0,0.0,0.0,1,0,0,STOCKOUT,URGENT,12
ST27,SKU03098,PrimeCare Bottled Water 250ml,Beverages,0.0,0.0,0.0,15.982047619047623,15.982047619047623,0.0,0.0,0.0,1,0,0,STOCKOUT,URGENT,16
ST27,SKU03232,EverydayPlus Men's Wear 500ml,Apparel & Footwear,0.0,0.0,0.0,11.060066666666668,11.060066666666668,0.0,0.0,0.0,1,0,0,STOCKOUT,URGENT,12
ST27,SKU03388,BasicNeeds Coffee Large,Beverages,0.0,0.0,0.0,2.158,2.158,0.0,0.0,0.0,1,0,0,STOCKOUT,URGENT,3
ST27,SKU03455,FreshFarm Notebooks 250g,Stationery & Office,0.0,0.0,0.0,50.961814285714254,50.961814285714254,0.0,0.0,0.0,1,0,0,STOCKOUT,URGENT,51
ST27,SKU03865,GreenValley Yogurt Pack of 12,Dairy & Bakery,0.0,0.0,0.0,6.980666666666668,6.980666666666668,0.0,0.0,0.0,1,0,0,STOCKOUT,URGENT,7
ST27,SKU04166,NatureBlend Milk 100g,Dairy & Bakery,0.0,0.0,0.0,18.2776,0.45694,2.8899423080746787,0.0,6.324555320336759,1,0,1,STOCKOUT,URGENT,19
ST27,SKU04329,SoftTouch Cookware 2kg,Home & Kitchen,0.0,55.0,11.0,33.958176190476195,33.958176190476195,0.0,0.0,0.0,1,0,0,STOCKOUT,URGENT,55
ST27,SKU04393,EliteHome Notebooks 2L,Stationery & Office,0.0,0.0,0.0,12.037333333333336,0.26749629629629634,1.7944197067438317,0.0,6.708203932499369,1,0,1,STOCKOUT,URGENT,13
ST27,SKU04394,SmartBuy First Aid Small,Health & Wellness,0.0,0.0,0.0,6.987333333333334,6.987333333333334,0.0,0.0,0.0,1,0,0,STOCKOUT,URGENT,7
ST27,SKU04396,NovaFresh Men's Wear Pack of 12,Apparel & Footwear,0.0,0.0,0.0,27.993171428571426,27.993171428571426,0.0,0.0,0.0,1,0,0,STOCKOUT,URGENT,28
ST27,SKU04416,UrbanBite Men's Grooming Pack of 6,Personal Care,0.0,0.0,0.0,18.009733333333333,18.009733333333333,0.0,0.0,0.0,1,0,0,STOCKOUT,URGENT,19
ST27,SKU04461,BasicNeeds Energy Drinks 500g,Beverages,0.0,0.0,0.0,5.1162,5.1162,0.0,0.0,0.0,1,0,0,STOCKOUT,URGENT,6
ST27,SKU04493,SparkleClean Writing Instruments Family Pack,Stationery & Office,0.0,0.0,0.0,12.062466666666666,0.9278820512820511,3.3455263134801427,0.0,3.60555127546399,1,0,1,STOCKOUT,URGENT,13
ST27,SKU04592,FreshFarm Surface Cleaners 100g,Home Care,0.0,0.0,0.0,9.023,9.023,0.0,0.0,0.0,1,0,0,STOCKOUT,URGENT,10
ST27,SKU04596,ValueChoice Eggs Pack of 6,Dairy & Bakery,0.0,60.0,12.0,17.922257142857145,17.922257142857145,0.0,0.0,0.0,1,0,0,STOCKOUT,URGENT,60
ST27,SKU04762,ValueChoice Frozen Vegetables 1L,Frozen Foods,0.0,0.0,0.0,5.013333333333333,5.013333333333333,0.0,0.0,0.0,1,0,0,STOCKOUT,URGENT,6
ST27,SKU04826,NovaFresh Men's Wear Medium,Apparel & Footwear,0.0,0.0,0.0,47.28472380952381,47.28472380952381,0.0,0.0,0.0,1,0,0,STOCKOUT,URGENT,48
ST27,SKU04839,NovaFresh Writing Instruments 250ml,Stationery & Office,0.0,0.0,0.0,12.106,12.106,0.0,0.0,0.0,1,0,0,STOCKOUT,URGENT,13
ST28,SKU00113,SmartBuy Bread 2L,Dairy & Bakery,0.0,0.0,0.0,11.044733333333332,11.044733333333332,0.0,0.0,0.0,1,0,0,STOCKOUT,URGENT,12
ST28,SKU00979,SmartBuy Frozen Meat 500ml,Frozen Foods,0.0,0.0,0.0,6.069333333333334,6.069333333333334,0.0,0.0,0.0,1,0,0,STOCKOUT,URGENT,7
ST28,SKU01011,SunriseFoods Frozen Vegetables Pack of 6,Frozen Foods,0.0,0.0,0.0,18.15942380952381,1.6508567099567097,5.475272289566978,0.0,3.3166247903554,1,0,1,STOCKOUT,URGENT,19
ST28,SKU01170,TrueTaste Hair Care 250ml,Personal Care,0.0,66.0,24.0,23.844271428571428,23.844271428571428,0.0,0.0,0.0,1,0,0,STOCKOUT,URGENT,66
ST28,SKU01292,TrueTaste Frozen Meat 2kg,Frozen Foods,0.0,0.0,0.0,10.022,10.022,0.0,0.0,0.0,1,0,0,STOCKOUT,URGENT,11
ST28,SKU01377,CleanWave Milk 500ml,Dairy & Bakery,0.0,0.0,0.0,10.102933333333334,10.102933333333334,0.0,0.0,0.0,1,0,0,STOCKOUT,URGENT,11
ST28,SKU01561,NutriPlus Hair Care Pack of 6,Personal Care,0.0,0.0,0.0,48.8995761904762,48.8995761904762,0.0,0.0,0.0,1,0,0,STOCKOUT,URGENT,49
ST28,SKU01640,NovaFresh Kids Wear 100g,Apparel & Footwear,0.0,0.0,0.0,0.0,0.0,0.0,0.0,0.0,1,0,0,STOCKOUT,URGENT,0
ST28,SKU01945,EliteHome Energy Drinks Large,Beverages,0.0,0.0,0.0,10.919333333333332,10.919333333333332,0.0,0.0,0.0,1,0,0,STOCKOUT,URGENT,11
ST28,SKU02160,PrimeCare Frozen Meat 250ml,Frozen Foods,0.0,0.0,0.0,7.994333333333333,7.994333333333333,0.0,0.0,0.0,1,0,0,STOCKOUT,URGENT,8
ST28,SKU02444,BasicNeeds Tea 1L,Beverages,0.0,0.0,0.0,15.874577777777777,15.874577777777777,0.0,0.0,0.0,1,0,0,STOCKOUT,URGENT,16
ST28,SKU02485,CleanWave Rice & Grains 2L,Grocery,0.0,0.0,0.0,5.0229333333333335,5.0229333333333335,0.0,0.0,0.0,1,0,0,STOCKOUT,URGENT,6
ST28,SKU02530,SparkleClean Hair Care Pack of 12,Personal Care,0.0,0.0,0.0,22.17250735930736,22.17250735930736,0.0,0.0,0.0,1,0,0,STOCKOUT,URGENT,23
ST28,SKU02593,FreshFarm Ready Meals 500g,Frozen Foods,0.0,0.0,0.0,39.60932222222223,1.4146186507936511,7.48545829998745,0.0,5.291502622129181,1,0,1,STOCKOUT,URGENT,40
ST28,SKU03032,GoldenHarvest Chips & Crisps Pack of 6,Snacks & Confectionery,0.0,0.0,0.0,18.239733333333334,18.239733333333334,0.0,0.0,0.0,1,0,0,STOCKOUT,URGENT,19
ST28,SKU03055,CityFresh Butter & Ghee 500g,Dairy & Bakery,0.0,0.0,0.0,16.8764,16.8764,0.0,0.0,0.0,1,0,0,STOCKOUT,URGENT,17
ST28,SKU03135,EliteHome Bath & Body Pack of 12,Personal Care,0.0,0.0,0.0,11.165333333333336,11.165333333333336,0.0,0.0,0.0,1,0,0,STOCKOUT,URGENT,12
ST28,SKU03170,PrimeCare Pulses & Lentils 500ml,Grocery,0.0,0.0,0.0,8.011333333333333,8.011333333333333,0.0,0.0,0.0,1,0,0,STOCKOUT,URGENT,9
ST28,SKU03256,CityFresh Skin Care 500ml,Personal Care,0.0,0.0,0.0,21.557366666666663,21.557366666666663,0.0,0.0,0.0,1,0,0,STOCKOUT,URGENT,22
ST28,SKU03344,NutriPlus Small Appliances 1L,Electronics & Accessories,0.0,0.0,0.0,5.950666666666666,5.950666666666666,0.0,0.0,0.0,1,0,0,STOCKOUT,URGENT,6
ST28,SKU03402,SoftTouch Frozen Vegetables 100g,Frozen Foods,0.0,0.0,0.0,25.661657142857145,25.661657142857145,0.0,0.0,0.0,1,0,0,STOCKOUT,URGENT,26
ST28,SKU03769,GoldenHarvest Spices & Seasoning 250ml,Grocery,0.0,0.0,0.0,13.261904761904765,13.261904761904765,0.0,0.0,0.0,1,0,0,STOCKOUT,URGENT,14
ST28,SKU03865,GreenValley Yogurt Pack of 12,Dairy & Bakery,0.0,0.0,0.0,13.030533333333333,13.030533333333333,0.0,0.0,0.0,1,0,0,STOCKOUT,URGENT,14
ST28,SKU03911,BasicNeeds Coffee 250ml,Beverages,0.0,0.0,0.0,9.0396,0.6953538461538462,2.5071339468987905,0.0,3.605551275463989,1,0,1,STOCKOUT,URGENT,10
ST28,SKU04342,CityFresh Chips & Crisps Small,Snacks & Confectionery,0.0,0.0,0.0,12.910999999999998,12.910999999999998,0.0,0.0,0.0,1,0,0,STOCKOUT,URGENT,13
ST28,SKU04465,BasicNeeds Ice Cream 1kg,Frozen Foods,0.0,0.0,0.0,12.014,12.014,0.0,0.0,0.0,1,0,0,STOCKOUT,URGENT,13
ST28,SKU04493,SparkleClean Writing Instruments Family Pack,Stationery & Office,0.0,0.0,0.0,2.134,2.134,0.0,0.0,0.0,1,0,0,STOCKOUT,URGENT,3
ST28,SKU04522,SmartBuy Small Appliances 100g,Electronics & Accessories,0.0,0.0,0.0,19.73303333333333,19.73303333333333,0.0,0.0,0.0,1,0,0,STOCKOUT,URGENT,20
ST28,SKU04773,HomeStyle Ice Cream Small,Frozen Foods,0.0,0.0,0.0,10.551328571428572,10.551328571428572,0.0,0.0,0.0,1,0,0,STOCKOUT,URGENT,11
ST28,SKU04933,QuickBite Pulses & Lentils 1kg,Grocery,0.0,0.0,0.0,7.024,7.024,0.0,0.0,0.0,1,0,0,STOCKOUT,URGENT,8
ST29,SKU00274,GoldenHarvest Frozen Vegetables Small,Frozen Foods,0.0,0.0,0.0,5.917333333333333,0.45517948717948714,1.6411729805650443,0.0,3.605551275463989,1,0,1,STOCKOUT,URGENT,6
ST29,SKU00574,DailyBest Tea 100g,Beverages,0.0,0.0,0.0,3.122466666666667,3.122466666666667,0.0,0.0,0.0,1,0,0,STOCKOUT,URGENT,4
ST29,SKU00635,BasicNeeds Surface Cleaners 500ml,Home Care,0.0,0.0,0.0,9.2352,9.2352,0.0,0.0,0.0,1,0,0,STOCKOUT,URGENT,10
ST29,SKU00880,GreenValley Hair Care 100g,Personal Care,0.0,0.0,0.0,2.042,2.042,0.0,0.0,0.0,1,0,0,STOCKOUT,URGENT,3
ST29,SKU00926,NutriPlus Soft Drinks 1L,Beverages,0.0,0.0,0.0,33.78638253968254,33.78638253968254,0.0,0.0,0.0,1,0,0,STOCKOUT,URGENT,34
ST29,SKU01005,EliteHome Milk Medium,Dairy & Bakery,0.0,0.0,0.0,17.55034761904762,17.55034761904762,0.0,0.0,0.0,1,0,0,STOCKOUT,URGENT,18
ST29,SKU01020,SparkleClean Office Supplies 250g,Stationery & Office,0.0,0.0,0.0,0.0,0.0,0.0,0.0,0.0,1,0,0,STOCKOUT,URGENT,0
ST29,SKU01157,HomeStyle Eggs 1L,Dairy & Bakery,0.0,0.0,0.0,3.01,3.01,0.0,0.0,0.0,1,0,0,STOCKOUT,URGENT,4
ST29,SKU01210,SoftTouch Oral Care 250ml,Personal Care,0.0,0.0,0.0,1.1026666666666665,0.06125925925925925,0.25990102579612206,0.0,4.242640687119285,1,0,1,STOCKOUT,URGENT,2
ST29,SKU01454,NutriPlus Cheese 250ml,Dairy & Bakery,0.0,0.0,0.0,9.016333333333332,9.016333333333332,0.0,0.0,0.0,1,0,0,STOCKOUT,URGENT,10
ST29,SKU01477,MetroBrand Ready Meals 500g,Frozen Foods,0.0,0.0,0.0,48.723126984127006,48.723126984127006,0.0,0.0,0.0,1,0,0,STOCKOUT,URGENT,49
ST29,SKU01600,UrbanBite Batteries Pack of 6,Electronics & Accessories,0.0,0.0,0.0,31.522357142857143,31.522357142857143,0.0,0.0,0.0,1,0,0,STOCKOUT,URGENT,32
ST29,SKU01636,MetroBrand Candy 500ml,Snacks & Confectionery,0.0,0.0,0.0,20.033357142857145,20.033357142857145,0.0,0.0,0.0,1,0,0,STOCKOUT,URGENT,21
ST29,SKU01662,FamilyChoice OTC Medicine Medium,Health & Wellness,0.0,59.0,13.0,2.989,2.989,0.0,0.0,0.0,1,0,0,STOCKOUT,URGENT,59
ST29,SKU01749,HealthFirst Small Appliances 2kg,Electronics & Accessories,0.0,0.0,0.0,10.011733333333334,10.011733333333334,0.0,0.0,0.0,1,0,0,STOCKOUT,URGENT,11
ST29,SKU01856,EliteHome Soft Drinks 500g,Beverages,0.0,0.0,0.0,17.802707936507932,17.802707936507932,0.0,0.0,0.0,1,0,0,STOCKOUT,URGENT,18
ST29,SKU01929,BasicNeeds Cheese 500g,Dairy & Bakery,0.0,0.0,0.0,41.38150158730159,41.38150158730159,0.0,0.0,0.0,1,0,0,STOCKOUT,URGENT,42
ST29,SKU02001,GreenValley Bread 1kg,Dairy & Bakery,0.0,0.0,0.0,2.002,2.002,0.0,0.0,0.0,1,0,0,STOCKOUT,URGENT,3
ST29,SKU02249,NatureBlend Milk 1kg,Dairy & Bakery,0.0,0.0,0.0,7.882952380952381,7.882952380952381,0.0,0.0,0.0,1,0,0,STOCKOUT,URGENT,8
ST29,SKU02257,SunriseFoods Men's Grooming Pack of 12,Personal Care,0.0,0.0,0.0,8.988,8.988,0.0,0.0,0.0,1,0,0,STOCKOUT,URGENT,9
ST29,SKU02307,CrispKing Storage & Containers 250g,Home & Kitchen,0.0,0.0,0.0,21.83751428571428,21.83751428571428,0.0,0.0,0.0,1,0,0,STOCKOUT,URGENT,22
ST29,SKU02339,UrbanBite Frozen Vegetables Medium,Frozen Foods,0.0,0.0,0.0,3.006333333333333,3.006333333333333,0.0,0.0,0.0,1,0,0,STOCKOUT,URGENT,4
ST29,SKU02346,NatureBlend Candy Medium,Snacks & Confectionery,0.0,0.0,0.0,11.880419047619046,11.880419047619046,0.0,0.0,0.0,1,0,0,STOCKOUT,URGENT,12
ST29,SKU02458,UrbanBite Cheese 1kg,Dairy & Bakery,0.0,0.0,0.0,6.998,6.998,0.0,0.0,0.0,1,0,0,STOCKOUT,URGENT,7
ST29,SKU02475,PurePlus Office Supplies 250ml,Stationery & Office,0.0,0.0,0.0,12.073,12.073,0.0,0.0,0.0,1,0,0,STOCKOUT,URGENT,13
ST29,SKU02547,MetroBrand Tea Small,Beverages,0.0,0.0,0.0,12.135223809523808,12.135223809523808,0.0,0.0,0.0,1,0,0,STOCKOUT,URGENT,13
ST29,SKU02589,GreenValley Air Fresheners 1L,Home Care,0.0,0.0,0.0,23.338,23.338,0.0,0.0,0.0,1,0,0,STOCKOUT,URGENT,24
ST29,SKU02643,EverydayPlus Small Appliances 2L,Electronics & Accessories,0.0,0.0,0.0,5.925333333333333,5.925333333333333,0.0,0.0,0.0,1,0,0,STOCKOUT,URGENT,6
ST29,SKU02660,HomeStyle Biscuits & Cookies Family Pack,Snacks & Confectionery,0.0,46.0,16.0,10.750847619047615,10.750847619047615,0.0,0.0,0.0,1,0,0,STOCKOUT,URGENT,46
ST29,SKU02736,PremiumSelect Juices 250g,Beverages,0.0,0.0,0.0,17.145488888888888,17.145488888888888,0.0,0.0,0.0,1,0,0,STOCKOUT,URGENT,18
ST29,SKU02772,CrispKing Women's Wear 1kg,Apparel & Footwear,0.0,0.0,0.0,1.0,1.0,0.0,0.0,0.0,1,0,0,STOCKOUT,URGENT,1
ST29,SKU02870,EliteHome Batteries 100g,Electronics & Accessories,0.0,0.0,0.0,12.974238095238094,12.974238095238094,0.0,0.0,0.0,1,0,0,STOCKOUT,URGENT,13
ST29,SKU03023,ValueChoice Dishwashing 2L,Home Care,0.0,0.0,0.0,14.013266666666665,14.013266666666665,0.0,0.0,0.0,1,0,0,STOCKOUT,URGENT,15
ST29,SKU03039,CityFresh Rice & Grains 250g,Grocery,0.0,0.0,0.0,10.008666666666668,10.008666666666668,0.0,0.0,0.0,1,0,0,STOCKOUT,URGENT,11
ST29,SKU03044,GoldenHarvest Chocolates 500ml,Snacks & Confectionery,0.0,0.0,0.0,24.46102380952381,24.46102380952381,0.0,0.0,0.0,1,0,0,STOCKOUT,URGENT,25
ST29,SKU03098,PrimeCare Bottled Water 250ml,Beverages,0.0,0.0,0.0,10.840666666666667,10.840666666666667,0.0,0.0,0.0,1,0,0,STOCKOUT,URGENT,11
ST29,SKU03227,CleanWave Frozen Vegetables 250ml,Frozen Foods,0.0,0.0,0.0,7.013333333333332,7.013333333333332,0.0,0.0,0.0,1,0,0,STOCKOUT,URGENT,8
ST29,SKU03374,EliteHome Candy 250g,Snacks & Confectionery,0.0,0.0,0.0,25.334466666666675,25.334466666666675,0.0,0.0,0.0,1,0,0,STOCKOUT,URGENT,26
ST29,SKU03505,QuickBite Mobile Accessories Family Pack,Electronics & Accessories,0.0,0.0,0.0,29.82580952380953,29.82580952380953,0.0,0.0,0.0,1,0,0,STOCKOUT,URGENT,30
ST29,SKU03510,TrueTaste Pest Control Pack of 6,Home Care,0.0,0.0,0.0,8.035333333333334,8.035333333333334,0.0,0.0,0.0,1,0,0,STOCKOUT,URGENT,9
ST29,SKU03607,SparkleClean OTC Medicine 500g,Health & Wellness,0.0,0.0,0.0,3.0,3.0,0.0,0.0,0.0,1,0,0,STOCKOUT,URGENT,3
ST29,SKU03743,PremiumSelect Air Fresheners 500g,Home Care,0.0,58.0,27.0,8.012666666666666,8.012666666666666,0.0,0.0,0.0,1,0,0,STOCKOUT,URGENT,58
ST29,SKU03900,GreenValley Air Fresheners 250g,Home Care,0.0,0.0,0.0,17.83407142857143,17.83407142857143,0.0,0.0,0.0,1,0,0,STOCKOUT,URGENT,18
ST29,SKU03916,CrispKing Bath & Body Family Pack,Personal Care,0.0,0.0,0.0,13.94501904761905,13.94501904761905,0.0,0.0,0.0,1,0,0,STOCKOUT,URGENT,14
ST29,SKU04056,EliteHome Footwear Pack of 12,Apparel & Footwear,0.0,0.0,0.0,50.06599682539683,50.06599682539683,0.0,0.0,0.0,1,0,0,STOCKOUT,URGENT,51
ST29,SKU04074,EliteHome Frozen Meat Pack of 12,Frozen Foods,0.0,0.0,0.0,2.018733333333333,2.018733333333333,0.0,0.0,0.0,1,0,0,STOCKOUT,URGENT,3
ST29,SKU04092,SoftTouch Cheese 500g,Dairy & Bakery,0.0,0.0,0.0,28.582557142857137,28.582557142857137,0.0,0.0,0.0,1,0,0,STOCKOUT,URGENT,29
ST29,SKU04198,QuickBite Juices 2L,Beverages,0.0,0.0,0.0,18.142266666666668,18.142266666666668,0.0,0.0,0.0,1,0,0,STOCKOUT,URGENT,19
ST29,SKU04221,PurePlus Frozen Meat Large,Frozen Foods,0.0,0.0,0.0,11.865999999999998,11.865999999999998,0.0,0.0,0.0,1,0,0,STOCKOUT,URGENT,12
ST29,SKU04435,GreenValley OTC Medicine 2kg,Health & Wellness,0.0,0.0,0.0,2.992066666666667,2.992066666666667,0.0,0.0,0.0,1,0,0,STOCKOUT,URGENT,3
ST29,SKU04447,NutriPlus Home Decor Family Pack,Home & Kitchen,0.0,0.0,0.0,48.73757936507934,48.73757936507934,0.0,0.0,0.0,1,0,0,STOCKOUT,URGENT,49
ST29,SKU04772,SunriseFoods Cookware 500ml,Home & Kitchen,0.0,0.0,0.0,7.040990476190476,7.040990476190476,0.0,0.0,0.0,1,0,0,STOCKOUT,URGENT,8
ST29,SKU04959,QuickBite Bread Medium,Dairy & Bakery,0.0,0.0,0.0,6.0666,6.0666,0.0,0.0,0.0,1,0,0,STOCKOUT,URGENT,7
ST30,SKU00011,PremiumSelect Writing Instruments 500g,Stationery & Office,0.0,0.0,0.0,15.013933333333332,15.013933333333332,0.0,0.0,0.0,1,0,0,STOCKOUT,URGENT,16
ST30,SKU00045,SmartBuy Writing Instruments 1L,Stationery & Office,0.0,0.0,0.0,5.169333333333333,5.169333333333333,0.0,0.0,0.0,1,0,0,STOCKOUT,URGENT,6
ST30,SKU00084,NutriPlus Men's Wear 2kg,Apparel & Footwear,0.0,0.0,0.0,5.260266666666666,5.260266666666666,0.0,0.0,0.0,1,0,0,STOCKOUT,URGENT,6
ST30,SKU00178,PrimeCare Pulses & Lentils Family Pack,Grocery,0.0,0.0,0.0,35.757595238095234,35.757595238095234,0.0,0.0,0.0,1,0,0,STOCKOUT,URGENT,36
ST30,SKU00415,CityFresh Cookware 500ml,Home & Kitchen,0.0,0.0,0.0,15.024,15.024,0.0,0.0,0.0,1,0,0,STOCKOUT,URGENT,16
ST30,SKU00483,ValueChoice Surface Cleaners 100g,Home Care,0.0,0.0,0.0,10.021333333333336,10.021333333333336,0.0,0.0,0.0,1,0,0,STOCKOUT,URGENT,11
ST30,SKU00632,ValueChoice Vitamins & Supplements 2L,Health & Wellness,0.0,0.0,0.0,3.0570000000000004,3.0570000000000004,0.0,0.0,0.0,1,0,0,STOCKOUT,URGENT,4
ST30,SKU00692,SoftTouch OTC Medicine Pack of 6,Health & Wellness,0.0,20.0,6.0,14.957333333333333,14.957333333333333,0.0,0.0,0.0,1,0,0,STOCKOUT,URGENT,20
ST30,SKU00720,SparkleClean Spices & Seasoning Pack of 6,Grocery,0.0,0.0,0.0,7.992666666666667,7.992666666666667,0.0,0.0,0.0,1,0,0,STOCKOUT,URGENT,8
ST30,SKU01119,PremiumSelect Notebooks Medium,Stationery & Office,0.0,0.0,0.0,16.053533333333334,16.053533333333334,0.0,0.0,0.0,1,0,0,STOCKOUT,URGENT,17
ST30,SKU01240,TrueTaste Storage & Containers Large,Home & Kitchen,0.0,0.0,0.0,7.982619047619048,7.982619047619048,0.0,0.0,0.0,1,0,0,STOCKOUT,URGENT,8
ST30,SKU01397,CityFresh Small Appliances Pack of 12,Electronics & Accessories,0.0,0.0,0.0,7.039666666666667,7.039666666666667,0.0,0.0,0.0,1,0,0,STOCKOUT,URGENT,8
ST30,SKU01629,NatureBlend Milk 2L,Dairy & Bakery,0.0,0.0,0.0,13.96629696969697,13.96629696969697,0.0,0.0,0.0,1,0,0,STOCKOUT,URGENT,14
ST30,SKU01635,ZestyCo Mobile Accessories 250ml,Electronics & Accessories,0.0,0.0,0.0,15.720266666666667,15.720266666666667,0.0,0.0,0.0,1,0,0,STOCKOUT,URGENT,16
ST30,SKU01951,SparkleClean Storage & Containers 250ml,Home & Kitchen,0.0,0.0,0.0,16.061733333333333,16.061733333333333,0.0,0.0,0.0,1,0,0,STOCKOUT,URGENT,17
ST30,SKU02062,CityFresh Men's Wear 500ml,Apparel & Footwear,0.0,0.0,0.0,9.9944,9.9944,0.0,0.0,0.0,1,0,0,STOCKOUT,URGENT,10
ST30,SKU02103,MetroBrand Namkeen Medium,Snacks & Confectionery,0.0,0.0,0.0,24.544200000000004,24.544200000000004,0.0,0.0,0.0,1,0,0,STOCKOUT,URGENT,25
ST30,SKU02438,CityFresh Milk Small,Dairy & Bakery,0.0,0.0,0.0,10.17907619047619,10.17907619047619,0.0,0.0,0.0,1,0,0,STOCKOUT,URGENT,11
ST30,SKU02517,EverydayPlus Chocolates 2L,Snacks & Confectionery,0.0,0.0,0.0,10.019333333333334,10.019333333333334,0.0,0.0,0.0,1,0,0,STOCKOUT,URGENT,11
ST30,SKU02599,PremiumSelect Oral Care 250ml,Personal Care,0.0,0.0,0.0,1.0313333333333332,1.0313333333333332,0.0,0.0,0.0,1,0,0,STOCKOUT,URGENT,2
ST30,SKU02790,PremiumSelect Chips & Crisps 2L,Snacks & Confectionery,0.0,0.0,0.0,5.093,0.18189285714285713,0.9624865305179972,0.0,5.291502622129181,1,0,1,STOCKOUT,URGENT,6
ST30,SKU02972,EverydayPlus Office Supplies Medium,Stationery & Office,0.0,0.0,0.0,18.1524,18.1524,0.0,0.0,0.0,1,0,0,STOCKOUT,URGENT,19
ST30,SKU03110,PureLife Men's Grooming Pack of 6,Personal Care,0.0,0.0,0.0,20.9683,20.9683,0.0,0.0,0.0,1,0,0,STOCKOUT,URGENT,21
ST30,SKU03314,ValueChoice Rice & Grains Small,Grocery,0.0,0.0,0.0,3.589190476190476,3.589190476190476,0.0,0.0,0.0,1,0,0,STOCKOUT,URGENT,4
ST30,SKU03321,NutriPlus Chocolates 1kg,Snacks & Confectionery,0.0,0.0,0.0,17.041933333333333,17.041933333333333,0.0,0.0,0.0,1,0,0,STOCKOUT,URGENT,18
ST30,SKU03415,EliteHome Men's Wear 500ml,Apparel & Footwear,0.0,0.0,0.0,7.989333333333333,7.989333333333333,0.0,0.0,0.0,1,0,0,STOCKOUT,URGENT,8
ST30,SKU03568,CrispKing Butter & Ghee Pack of 6,Dairy & Bakery,0.0,0.0,0.0,28.18246984126983,28.18246984126983,0.0,0.0,0.0,1,0,0,STOCKOUT,URGENT,29
ST30,SKU03707,GreenValley Skin Care 1kg,Personal Care,0.0,0.0,0.0,3.003,3.003,0.0,0.0,0.0,1,0,0,STOCKOUT,URGENT,4
ST30,SKU03797,PremiumSelect Rice & Grains Small,Grocery,0.0,0.0,0.0,30.869025396825386,30.869025396825386,0.0,0.0,0.0,1,0,0,STOCKOUT,URGENT,31
ST30,SKU04114,QuickBite Women's Wear Family Pack,Apparel & Footwear,0.0,0.0,0.0,0.002,0.002,0.0,0.0,0.0,1,0,0,STOCKOUT,URGENT,1
ST30,SKU04193,GoldenHarvest Surface Cleaners 1kg,Home Care,0.0,0.0,0.0,23.311676190476188,23.311676190476188,0.0,0.0,0.0,1,0,0,STOCKOUT,URGENT,24
ST30,SKU04556,NatureBlend Candy 250ml,Snacks & Confectionery,0.0,0.0,0.0,1.0,1.0,0.0,0.0,0.0,1,0,0,STOCKOUT,URGENT,1
ST30,SKU04560,SunriseFoods Laundry 250g,Home Care,0.0,0.0,0.0,9.490109523809522,9.490109523809522,0.0,0.0,0.0,1,0,0,STOCKOUT,URGENT,10
ST30,SKU04656,ZestyCo Men's Wear Pack of 12,Apparel & Footwear,0.0,0.0,0.0,12.211171428571427,12.211171428571427,0.0,0.0,0.0,1,0,0,STOCKOUT,URGENT,13
ST30,SKU04682,PremiumSelect Coffee 2kg,Beverages,0.0,0.0,0.0,3.991466666666667,3.991466666666667,0.0,0.0,0.0,1,0,0,STOCKOUT,URGENT,4
ST30,SKU04842,TrueTaste Frozen Vegetables 500ml,Frozen Foods,0.0,0.0,0.0,11.9878,11.9878,0.0,0.0,0.0,1,0,0,STOCKOUT,URGENT,12
ST30,SKU04870,EliteHome First Aid 2kg,Health & Wellness,0.0,0.0,0.0,9.801666666666668,9.801666666666668,0.0,0.0,0.0,1,0,0,STOCKOUT,URGENT,10
ST30,SKU04918,PurePlus Flour & Atta 250g,Grocery,0.0,0.0,0.0,2.5897238095238087,2.5897238095238087,0.0,0.0,0.0,1,0,0,STOCKOUT,URGENT,3
ST30,SKU04942,ZestyCo Men's Grooming 1L,Personal Care,0.0,0.0,0.0,6.16719365079365,6.16719365079365,0.0,0.0,0.0,1,0,0,STOCKOUT,URGENT,7
ST30,SKU04997,CrispKing Pest Control 250ml,Home Care,0.0,0.0,0.0,5.1408,5.1408,0.0,0.0,0.0,1,0,0,STOCKOUT,URGENT,6
