store_id,sku_id,sku_name,category,subcategory,brand,forecast_total_demand,forecast_average_daily_demand,forecast_demand_std,forecast_days,stock_on_hand,reorder_point,safety_stock,days_of_forecast_coverage,stock_above_reorder,stock_above_safety,stockout_risk_flag,overstock_risk_flag,demand_volatility_flag,inventory_status,replenishment_priority,recommended_order_quantity,unit_price,cost_price,inventory_cost_value,inventory_retail_value,estimated_replenishment_cost,estimated_replenishment_retail_value,last_restock_date
ST01,SKU00825,BasicNeeds Energy Drinks Pack of 6,Beverages,Energy Drinks,BasicNeeds,22.43516666666667,22.43516666666667,0.0,1,33.0,69.0,18.0,1.4709050523359901,-36.0,15.0,1,0,0,REORDER,HIGH,36,79.31,54.66,1803.78,2617.23,1967.7599999999998,2855.16,2025-12-14
ST01,SKU01086,PremiumSelect Bath & Body 250ml,Personal Care,Bath & Body,PremiumSelect,15.959333333333332,15.959333333333332,0.0,1,32.0,91.0,35.0,2.0050962863945863,-59.0,-3.0,1,0,0,CRITICAL,HIGH,59,123.82,91.34,2922.88,3962.24,5389.06,7305.379999999999,2025-12-21
ST04,SKU02469,PurePlus Vitamins & Supplements Large,Health & Wellness,Vitamins & Supplements,PurePlus,17.845985714285717,17.845985714285717,0.0,1,45.0,59.0,27.0,2.5215754803601285,-14.0,18.0,1,0,0,REORDER,HIGH,14,1489.36,966.01,43470.45,67021.2,13524.14,20851.039999999997,2025-12-22
ST04,SKU02921,MetroBrand Laundry 250g,Home Care,Laundry,MetroBrand,47.47608095238097,47.47608095238097,0.0,1,36.0,75.0,32.0,0.7582765737573915,-39.0,4.0,1,0,0,REORDER,HIGH,39,319.54,187.85,6762.599999999999,11503.44,7326.15,12462.060000000001,2025-12-10
ST04,SKU04900,HomeStyle Storage & Containers 1kg,Home & Kitchen,Storage & Containers,HomeStyle,12.0318,12.0318,0.0,1,5.0,76.0,19.0,0.41556541830815,-71.0,-14.0,1,0,0,CRITICAL,HIGH,71,1236.82,961.58,4807.900000000001,6184.099999999999,68272.18000000001,87814.22,2025-11-30
ST07,SKU00926,NutriPlus Soft Drinks 1L,Beverages,Soft Drinks,NutriPlus,39.61149206349208,39.61149206349208,0.0,1,23.0,79.0,25.0,0.5806395770988375,-56.0,-2.0,1,0,0,CRITICAL,HIGH,56,285.44,204.55,4704.650000000001,6565.12,11454.800000000001,15984.64,2025-12-24
ST07,SKU03821,CityFresh Air Fresheners Family Pack,Home Care,Air Fresheners,CityFresh,11.986857142857144,11.986857142857144,0.0,1,40.0,75.0,19.0,3.3369881298565094,-35.0,21.0,1,0,0,REORDER,HIGH,35,132.88,87.59,3503.6000000000004,5315.2,3065.65,4650.8,2025-11-06
ST08,SKU04309,HealthFirst Coffee Small,Beverages,Coffee,HealthFirst,4.009666666666667,4.009666666666667,0.0,1,11.0,66.0,25.0,2.7433701887106157,-55.0,-14.0,1,0,0,CRITICAL,HIGH,55,126.84,71.21,783.31,1395.24,3916.5499999999997,6976.2,2025-11-25
ST10,SKU02593,FreshFarm Ready Meals 500g,Frozen Foods,Ready Meals,FreshFarm,13.018238095238091,13.018238095238091,0.0,1,10.0,44.0,19.0,0.7681531038872207,-34.0,-9.0,1,0,0,CRITICAL,HIGH,34,642.49,420.24,4202.4,6424.9,14288.16,21844.66,2025-11-24
ST11,SKU02580,FamilyChoice Pest Control 250g,Home Care,Pest Control,FamilyChoice,10.852933333333334,10.852933333333334,0.0,1,59.0,89.0,26.0,5.436318291828937,-30.0,33.0,1,0,0,REORDER,HIGH,30,389.15,297.28,17539.519999999997,22959.85,8918.4,11674.5,2025-11-02
ST11,SKU03563,HealthFirst Footwear Small,Apparel & Footwear,Footwear,HealthFirst,2.987,2.987,0.0,1,13.0,68.0,14.0,4.352192835621024,-55.0,-1.0,1,0,0,CRITICAL,HIGH,55,793.38,478.46,6219.98,10313.94,26315.3,43635.9,2025-12-24
ST12,SKU01506,GoldenHarvest Candy 2L,Snacks & Confectionery,Candy,GoldenHarvest,24.394066666666664,0.554410606060606,3.677543920193135,44,72.0,91.0,32.0,129.8676454110426,-19.0,40.0,1,0,1,REORDER,HIGH,19,160.9,105.41,7589.5199999999995,11584.800000000001,2002.79,3057.1,2025-12-14
ST12,SKU01885,EverydayPlus Office Supplies 1kg,Stationery & Office,Office Supplies,EverydayPlus,7.014666666666667,7.014666666666667,0.0,1,31.0,38.0,10.0,4.419311917886334,-7.0,21.0,1,0,0,REORDER,HIGH,7,307.39,173.51,5378.8099999999995,9529.09,1214.57,2151.73,2025-11-08
ST12,SKU03597,GreenValley Laundry 500g,Home Care,Laundry,GreenValley,16.048700000000004,16.048700000000004,0.0,1,22.0,23.0,5.0,1.3708275436639725,-1.0,17.0,1,0,0,REORDER,HIGH,1,411.9,260.31,5726.82,9061.8,260.31,411.9,2025-12-30
ST13,SKU04680,QuickBite Dishwashing 2kg,Home Care,Dishwashing,QuickBite,9.023428571428571,9.023428571428571,0.0,1,22.0,52.0,13.0,2.438097650560446,-30.0,9.0,1,0,0,REORDER,HIGH,30,142.59,79.19,1742.1799999999998,3136.98,2375.7,4277.7,2025-12-20
ST14,SKU00714,EverydayPlus Men's Wear 2L,Apparel & Footwear,Men's Wear,EverydayPlus,13.8555,13.8555,0.0,1,23.0,28.0,11.0,1.6599906174443362,-5.0,12.0,1,0,0,REORDER,HIGH,5,1659.76,1305.17,30018.910000000003,38174.48,6525.85,8298.8,2025-11-25
ST15,SKU02649,ValueChoice Batteries Large,Electronics & Accessories,Batteries,ValueChoice,2.008,2.008,0.0,1,2.0,69.0,15.0,0.9960159362549801,-67.0,-13.0,1,0,0,CRITICAL,HIGH,67,1521.83,988.46,1976.92,3043.66,66226.82,101962.61,2025-12-28
ST15,SKU02863,FamilyChoice Rice & Grains Medium,Grocery,Rice & Grains,FamilyChoice,0.0,0.0,0.0,1,75.0,80.0,34.0,0.0,-5.0,41.0,1,0,0,REORDER,HIGH,5,110.89,83.13,6234.75,8316.75,415.65,554.45,2025-11-03
ST16,SKU02606,FamilyChoice Home Decor Pack of 12,Home & Kitchen,Home Decor,FamilyChoice,17.098980952380956,17.098980952380956,0.0,1,19.0,30.0,15.0,1.1111773299773362,-11.0,4.0,1,0,0,REORDER,HIGH,11,1572.99,909.2,17274.8,29886.81,10001.2,17302.89,2025-12-07
ST17,SKU01718,GoldenHarvest Men's Wear Pack of 6,Apparel & Footwear,Men's Wear,GoldenHarvest,31.424271428571416,31.424271428571416,0.0,1,35.0,63.0,21.0,1.1137887501880943,-28.0,14.0,1,0,0,REORDER,HIGH,28,1752.89,1265.97,44308.950000000004,61351.15,35447.16,49080.920000000006,2025-11-18
ST17,SKU02488,SunriseFoods Small Appliances Small,Electronics & Accessories,Small Appliances,SunriseFoods,49.35130476190475,49.35130476190475,0.0,1,18.0,79.0,36.0,0.36473199820837476,-61.0,-18.0,1,0,0,CRITICAL,HIGH,61,3504.3,2419.46,43550.28,63077.4,147587.06,213762.30000000002,2025-12-02
ST18,SKU03940,NatureBlend Writing Instruments 2L,Stationery & Office,Writing Instruments,NatureBlend,6.280399999999999,6.280399999999999,0.0,1,33.0,42.0,16.0,5.254442392204319,-9.0,17.0,1,0,0,REORDER,HIGH,9,235.21,138.12,4557.96,7761.93,1243.08,2116.89,2025-12-12
ST19,SKU00338,GoldenHarvest Ready Meals Large,Frozen Foods,Ready Meals,GoldenHarvest,3.023,3.023,0.0,1,1.0,28.0,12.0,0.33079722130334105,-27.0,-11.0,1,0,0,CRITICAL,HIGH,27,741.21,477.83,477.83,741.21,12901.41,20012.670000000002,2025-12-22
ST19,SKU01617,SparkleClean Ice Cream Medium,Frozen Foods,Ice Cream,SparkleClean,8.996533333333334,8.996533333333334,0.0,1,70.0,93.0,31.0,7.7807748169665345,-23.0,39.0,1,0,0,REORDER,HIGH,23,182.51,125.26,8768.2,12775.699999999999,2880.98,4197.73,2025-11-06
ST19,SKU02433,SmartBuy Eggs 1kg,Dairy & Bakery,Eggs,SmartBuy,18.088438095238097,18.088438095238097,0.0,1,24.0,46.0,17.0,1.3268143923558642,-22.0,7.0,1,0,0,REORDER,HIGH,22,89.32,69.88,1677.12,2143.68,1537.36,1965.04,2025-11-26
ST21,SKU04632,GoldenHarvest Vitamins & Supplements 2L,Health & Wellness,Vitamins & Supplements,GoldenHarvest,7.009333333333334,7.009333333333334,0.0,1,25.0,72.0,33.0,3.5666730074186797,-47.0,-8.0,1,0,0,CRITICAL,HIGH,47,892.4,665.59,16639.75,22310.0,31282.730000000003,41942.799999999996,2025-11-11
ST22,SKU01590,HomeStyle Chocolates 250g,Snacks & Confectionery,Chocolates,HomeStyle,49.5326619047619,49.5326619047619,0.0,1,47.0,54.0,20.0,0.948868851231304,-7.0,27.0,1,0,0,REORDER,HIGH,7,92.68,64.45,3029.15,4355.96,451.15000000000003,648.76,2025-11-01
ST22,SKU02265,DailyBest Hair Care 2L,Personal Care,Hair Care,DailyBest,6.993333333333334,6.993333333333334,0.0,1,41.0,60.0,25.0,5.862726406101048,-19.0,16.0,1,0,0,REORDER,HIGH,19,846.76,518.56,21260.96,34717.159999999996,9852.64,16088.44,2025-12-31
ST22,SKU03955,MetroBrand Pulses & Lentils 500g,Grocery,Pulses & Lentils,MetroBrand,4.656557142857142,4.656557142857142,0.0,1,34.0,37.0,10.0,7.301531787740177,-3.0,24.0,1,0,0,REORDER,HIGH,3,499.04,287.09,9761.06,16967.36,861.27,1497.1200000000001,2025-12-24
ST23,SKU00623,QuickBite Cooking Oil Small,Grocery,Cooking Oil,QuickBite,9.125,9.125,0.0,1,27.0,30.0,6.0,2.958904109589041,-3.0,21.0,1,0,0,REORDER,HIGH,3,297.85,206.81,5583.87,8041.950000000001,620.4300000000001,893.5500000000001,2025-11-27
ST24,SKU00076,TrueTaste Butter & Ghee Pack of 12,Dairy & Bakery,Butter & Ghee,TrueTaste,16.971,16.971,0.0,1,33.0,35.0,14.0,1.9444935478168641,-2.0,19.0,1,0,0,REORDER,HIGH,2,306.25,220.42,7273.86,10106.25,440.84,612.5,2025-12-11
ST25,SKU03943,UrbanBite Bath & Body 2kg,Personal Care,Bath & Body,UrbanBite,3.007,3.007,0.0,1,38.0,86.0,34.0,12.637179913535084,-48.0,4.0,1,0,0,REORDER,HIGH,48,216.19,124.71,4738.98,8215.22,5986.08,10377.119999999999,2025-12-04
ST28,SKU04334,FreshFarm Pulses & Lentils 250ml,Grocery,Pulses & Lentils,FreshFarm,0.0,0.0,0.0,1,33.0,39.0,11.0,0.0,-6.0,22.0,1,0,0,REORDER,HIGH,6,287.82,222.77,7351.410000000001,9498.06,1336.6200000000001,1726.92,2025-11-11
ST29,SKU04314,CrispKing OTC Medicine 250ml,Health & Wellness,OTC Medicine,CrispKing,24.84933968253968,24.84933968253968,0.0,1,61.0,74.0,32.0,2.454793599318918,-13.0,29.0,1,0,0,REORDER,HIGH,13,567.99,430.25,26245.25,34647.39,5593.25,7383.87,2025-12-24
ST30,SKU02121,PremiumSelect Cheese 250g,Dairy & Bakery,Cheese,PremiumSelect,28.028071428571423,28.028071428571423,0.0,1,31.0,83.0,33.0,1.1060340016259211,-52.0,-2.0,1,0,0,CRITICAL,HIGH,52,217.94,128.28,3976.68,6756.14,6670.56,11332.88,2025-11-08
ST30,SKU02258,HomeStyle Small Appliances 250ml,Electronics & Accessories,Small Appliances,HomeStyle,35.656261904761905,35.656261904761905,0.0,1,55.0,87.0,31.0,1.5425060581758496,-32.0,24.0,1,0,0,REORDER,HIGH,32,2619.48,1723.14,94772.70000000001,144071.4,55140.48,83823.36,2025-12-19
ST01,SKU00498,PurePlus Ready Meals 1kg,Frozen Foods,Ready Meals,PurePlus,5.011333333333334,5.011333333333334,0.0,1,384.0,70.0,20.0,76.62631368897165,314.0,364.0,0,1,0,OVERSTOCK,NONE,0,564.17,405.25,155616.0,216641.27999999997,0.0,0.0,2025-08-21
ST01,SKU00530,FreshFarm Notebooks 2kg,Stationery & Office,Notebooks,FreshFarm,11.433541269841273,11.433541269841273,0.0,1,107.0,41.0,16.0,9.35843038256558,66.0,91.0,0,1,0,OVERSTOCK,NONE,0,66.34,38.38,4106.66,7098.38,0.0,0.0,2025-12-03
ST01,SKU01822,CleanWave Office Supplies Medium,Stationery & Office,Office Supplies,CleanWave,22.33422698412698,22.33422698412698,0.0,1,290.0,82.0,36.0,12.984555060092482,208.0,254.0,0,1,0,OVERSTOCK,NONE,0,191.35,105.39,30563.1,55491.5,0.0,0.0,2025-06-04
ST01,SKU01857,ValueChoice Air Fresheners Large,Home Care,Air Fresheners,ValueChoice,27.00810476190476,27.00810476190476,0.0,1,83.0,20.0,4.0,3.073151586596052,63.0,79.0,0,1,0,OVERSTOCK,NONE,0,250.66,197.44,16387.52,20804.78,0.0,0.0,2025-05-22
ST01,SKU02500,EliteHome Eggs Large,Dairy & Bakery,Eggs,EliteHome,28.85445714285715,28.85445714285715,0.0,1,100.0,24.0,7.0,3.465669082072984,76.0,93.0,0,1,0,OVERSTOCK,NONE,0,204.09,112.45,11245.0,20409.0,0.0,0.0,2025-07-11
ST01,SKU02534,SmartBuy Kids Wear 500g,Apparel & Footwear,Kids Wear,SmartBuy,29.10670000000001,29.10670000000001,0.0,1,275.0,70.0,20.0,9.447996509394741,205.0,255.0,0,1,0,OVERSTOCK,NONE,0,835.09,662.82,182275.5,229649.75,0.0,0.0,2025-08-26
ST01,SKU02763,TrueTaste Dishwashing 1kg,Home Care,Dishwashing,TrueTaste,5.045933333333332,5.045933333333332,0.0,1,108.0,63.0,15.0,21.403374334447545,45.0,93.0,0,1,0,OVERSTOCK,NONE,0,121.73,96.74,10447.92,13146.84,0.0,0.0,2025-12-06
ST01,SKU03991,DailyBest Batteries Pack of 6,Electronics & Accessories,Batteries,DailyBest,13.630333333333336,13.630333333333336,0.0,1,200.0,38.0,18.0,14.673155462082118,162.0,182.0,0,1,0,OVERSTOCK,NONE,0,2711.33,1728.69,345738.0,542266.0,0.0,0.0,2025-05-21
ST01,SKU04742,QuickBite Ready Meals 100g,Frozen Foods,Ready Meals,QuickBite,18.071942857142854,18.071942857142854,0.0,1,137.0,65.0,14.0,7.580811929462878,72.0,123.0,0,1,0,OVERSTOCK,NONE,0,362.06,208.54,28569.98,49602.22,0.0,0.0,2025-11-27
ST01,SKU04955,PureLife Bottled Water 2kg,Beverages,Bottled Water,PureLife,34.23491746031746,34.23491746031746,0.0,1,473.0,82.0,24.0,13.816303209968769,391.0,449.0,0,1,0,OVERSTOCK,NONE,0,186.3,144.34,68272.82,88119.90000000001,0.0,0.0,2025-08-14
ST02,SKU00553,PrimeCare Biscuits & Cookies Pack of 12,Snacks & Confectionery,Biscuits & Cookies,PrimeCare,47.73290952380953,47.73290952380953,0.0,1,508.0,90.0,35.0,10.64255259249608,418.0,473.0,0,1,0,OVERSTOCK,NONE,0,159.88,119.27,60589.159999999996,81219.04,0.0,0.0,2025-07-20
ST02,SKU00589,NovaFresh Mobile Accessories Pack of 12,Electronics & Accessories,Mobile Accessories,NovaFresh,5.7975047619047615,5.7975047619047615,0.0,1,284.0,61.0,22.0,48.98659193281839,223.0,262.0,0,1,0,OVERSTOCK,NONE,0,529.72,313.88,89141.92,150440.48,0.0,0.0,2025-08-07
ST02,SKU00706,BasicNeeds Storage & Containers 500ml,Home & Kitchen,Storage & Containers,BasicNeeds,10.957933333333331,10.957933333333331,0.0,1,421.0,93.0,31.0,38.41965334095846,328.0,390.0,0,1,0,OVERSTOCK,NONE,0,997.3,670.07,282099.47000000003,419863.3,0.0,0.0,2025-06-12
ST02,SKU00860,FamilyChoice Frozen Vegetables Small,Frozen Foods,Frozen Vegetables,FamilyChoice,5.970333333333333,5.970333333333333,0.0,1,94.0,25.0,5.0,15.74451454413489,69.0,89.0,0,1,0,OVERSTOCK,NONE,0,680.17,393.43,36982.42,63935.979999999996,0.0,0.0,2025-07-04
ST02,SKU01305,CityFresh Frozen Meat 500g,Frozen Foods,Frozen Meat,CityFresh,19.017333333333333,19.017333333333333,0.0,1,30.0,21.0,7.0,1.5775082380985768,9.0,23.0,0,1,0,OVERSTOCK,NONE,0,741.4,533.96,16018.800000000001,22242.0,0.0,0.0,2025-12-25
ST02,SKU02463,DailyBest Chocolates Small,Snacks & Confectionery,Chocolates,DailyBest,14.983133333333331,14.983133333333331,0.0,1,251.0,45.0,20.0,16.75217021806743,206.0,231.0,0,1,0,OVERSTOCK,NONE,0,68.74,53.53,13436.03,17253.739999999998,0.0,0.0,2025-06-05
ST02,SKU03347,HealthFirst Energy Drinks 250ml,Beverages,Energy Drinks,HealthFirst,5.102333333333333,5.102333333333333,0.0,1,165.0,46.0,19.0,32.33814594629908,119.0,146.0,0,1,0,OVERSTOCK,NONE,0,90.7,53.1,8761.5,14965.5,0.0,0.0,2025-05-11
ST02,SKU03520,PrimeCare Candy Pack of 6,Snacks & Confectionery,Candy,PrimeCare,16.912,16.912,0.0,1,337.0,93.0,31.0,19.92667928098392,244.0,306.0,0,1,0,OVERSTOCK,NONE,0,101.31,72.21,24334.769999999997,34141.47,0.0,0.0,2025-07-05
ST02,SKU03596,EverydayPlus Writing Instruments Pack of 12,Stationery & Office,Writing Instruments,EverydayPlus,23.364052380952383,23.364052380952383,0.0,1,84.0,76.0,29.0,3.59526672130222,8.0,55.0,0,1,0,OVERSTOCK,NONE,0,222.89,162.76,13671.84,18722.76,0.0,0.0,2025-11-08
ST03,SKU00354,PurePlus Home Decor 2kg,Home & Kitchen,Home Decor,PurePlus,16.252871428571428,16.252871428571428,0.0,1,477.0,80.0,39.0,29.34866014884403,397.0,438.0,0,1,0,OVERSTOCK,NONE,0,1108.74,680.1,324407.7,528868.98,0.0,0.0,2025-06-25
ST03,SKU00572,QuickBite Writing Instruments Pack of 6,Stationery & Office,Writing Instruments,QuickBite,29.28070793650793,29.28070793650793,0.0,1,198.0,71.0,16.0,6.76213158607168,127.0,182.0,0,1,0,OVERSTOCK,NONE,0,299.2,201.78,39952.44,59241.6,0.0,0.0,2025-12-11
ST03,SKU01877,HomeStyle Vitamins & Supplements 2kg,Health & Wellness,Vitamins & Supplements,HomeStyle,20.973466666666663,20.973466666666663,0.0,1,102.0,30.0,8.0,4.863287582405707,72.0,94.0,0,1,0,OVERSTOCK,NONE,0,1306.98,939.87,95866.74,133311.96,0.0,0.0,2025-05-30
ST03,SKU02365,BasicNeeds Juices 1L,Beverages,Juices,BasicNeeds,19.369450793650792,19.369450793650792,0.0,1,134.0,93.0,25.0,6.918110452771564,41.0,109.0,0,1,0,OVERSTOCK,NONE,0,138.08,102.33,13712.22,18502.72,0.0,0.0,2025-12-11
ST03,SKU02630,CrispKing Pulses & Lentils 100g,Grocery,Pulses & Lentils,CrispKing,19.310636507936515,19.310636507936515,0.0,1,381.0,86.0,17.0,19.73005912277475,295.0,364.0,0,1,0,OVERSTOCK,NONE,0,257.78,181.91,69307.70999999999,98214.18,0.0,0.0,2025-08-11
ST03,SKU03139,TrueTaste Chocolates 2L,Snacks & Confectionery,Chocolates,TrueTaste,2.128,2.128,0.0,1,149.0,31.0,14.0,70.0187969924812,118.0,135.0,0,1,0,OVERSTOCK,NONE,0,39.88,29.62,4413.38,5942.120000000001,0.0,0.0,2025-07-02
ST03,SKU03177,BasicNeeds Juices Family Pack,Beverages,Juices,BasicNeeds,4.025333333333333,0.4025333333333333,1.2729221674731117,10,191.0,62.0,18.0,474.49486584961915,129.0,173.0,0,1,1,OVERSTOCK,NONE,0,60.33,35.78,6833.9800000000005,11523.029999999999,0.0,0.0,2025-07-21
ST03,SKU03587,SunriseFoods Oral Care Family Pack,Personal Care,Oral Care,SunriseFoods,28.173900000000007,28.173900000000007,0.0,1,99.0,47.0,22.0,3.513890515690053,52.0,77.0,0,1,0,OVERSTOCK,NONE,0,252.72,153.79,15225.21,25019.28,0.0,0.0,2025-12-11
ST04,SKU00237,UrbanBite Pulses & Lentils Family Pack,Grocery,Pulses & Lentils,UrbanBite,17.74962857142857,17.74962857142857,0.0,1,145.0,45.0,21.0,8.169185029223952,100.0,124.0,0,1,0,OVERSTOCK,NONE,0,95.24,75.42,10935.9,13809.8,0.0,0.0,2025-05-28
ST04,SKU00649,DailyBest Bread Medium,Dairy & Bakery,Bread,DailyBest,12.954000000000002,12.954000000000002,0.0,1,320.0,67.0,32.0,24.70279450362822,253.0,288.0,0,1,0,OVERSTOCK,NONE,0,330.24,256.82,82182.4,105676.8,0.0,0.0,2025-07-11
ST04,SKU01803,PureLife Spices & Seasoning 1L,Grocery,Spices & Seasoning,PureLife,10.049066666666668,10.049066666666668,0.0,1,118.0,39.0,9.0,11.742384035665001,79.0,109.0,0,1,0,OVERSTOCK,NONE,0,316.1,189.07,22310.26,37299.8,0.0,0.0,2025-05-18
ST04,SKU02128,HomeStyle Spices & Seasoning 2L,Grocery,Spices & Seasoning,HomeStyle,10.998666666666669,10.998666666666669,0.0,1,370.0,83.0,17.0,33.64044126560795,287.0,353.0,0,1,0,OVERSTOCK,NONE,0,184.2,144.28,53383.6,68154.0,0.0,0.0,2025-06-24
ST04,SKU03869,EliteHome Chips & Crisps 250g,Snacks & Confectionery,Chips & Crisps,EliteHome,2.799073015873016,2.799073015873016,0.0,1,98.0,33.0,10.0,35.011591139016545,65.0,88.0,0,1,0,OVERSTOCK,NONE,0,109.56,73.46,7199.079999999999,10736.880000000001,0.0,0.0,2025-12-01
ST04,SKU03931,GreenValley Home Decor 500g,Home & Kitchen,Home Decor,GreenValley,26.13093333333333,26.13093333333333,0.0,1,264.0,61.0,13.0,10.102968639977142,203.0,251.0,0,1,0,OVERSTOCK,NONE,0,1536.0,950.89,251034.96,405504.0,0.0,0.0,2025-05-08
ST05,SKU00371,CityFresh Oral Care Medium,Personal Care,Oral Care,CityFresh,32.5699523809524,32.5699523809524,0.0,1,350.0,74.0,15.0,10.746101065983979,276.0,335.0,0,1,0,OVERSTOCK,NONE,0,515.75,373.02,130557.0,180512.5,0.0,0.0,2025-07-16
ST05,SKU02103,MetroBrand Namkeen Medium,Snacks & Confectionery,Namkeen,MetroBrand,8.018,8.018,0.0,1,366.0,93.0,29.0,45.64729358942379,273.0,337.0,0,1,0,OVERSTOCK,NONE,0,113.18,85.58,31322.28,41423.880000000005,0.0,0.0,2025-06-22
ST05,SKU04955,PureLife Bottled Water 2kg,Beverages,Bottled Water,PureLife,8.025333333333332,8.025333333333332,0.0,1,139.0,44.0,14.0,17.320152849310517,95.0,125.0,0,1,0,OVERSTOCK,NONE,0,186.3,144.34,20063.260000000002,25895.7,0.0,0.0,2025-08-03
ST05,SKU04979,DailyBest Mobile Accessories 2kg,Electronics & Accessories,Mobile Accessories,DailyBest,3.006,3.006,0.0,1,76.0,50.0,25.0,25.282767797737858,26.0,51.0,0,1,0,OVERSTOCK,NONE,0,403.4,311.39,23665.64,30658.399999999998,0.0,0.0,2025-12-23
ST07,SKU00516,GoldenHarvest Batteries 250g,Electronics & Accessories,Batteries,GoldenHarvest,20.043676190476184,20.043676190476184,0.0,1,227.0,62.0,16.0,11.32526777237899,165.0,211.0,0,1,0,OVERSTOCK,NONE,0,2155.25,1441.14,327138.78,489241.75,0.0,0.0,2025-07-28
ST07,SKU01675,ValueChoice Kids Wear 250ml,Apparel & Footwear,Kids Wear,ValueChoice,16.014266666666668,1.779362962962963,3.5598866834510825,9,439.0,77.0,33.0,246.71751022005378,362.0,406.0,0,1,1,OVERSTOCK,NONE,0,922.38,532.89,233938.71,404924.82,0.0,0.0,2025-05-07
ST07,SKU01827,ValueChoice Office Supplies 2kg,Stationery & Office,Office Supplies,ValueChoice,16.029933333333336,16.029933333333336,0.0,1,235.0,49.0,13.0,14.66007344592824,186.0,222.0,0,1,0,OVERSTOCK,NONE,0,270.58,167.65,39397.75,63586.299999999996,0.0,0.0,2025-06-06
ST07,SKU02620,HomeStyle Office Supplies 1L,Stationery & Office,Office Supplies,HomeStyle,22.980209523809524,22.980209523809524,0.0,1,70.0,65.0,16.0,3.046099293719399,5.0,54.0,0,1,0,OVERSTOCK,NONE,0,248.89,192.12,13448.4,17422.3,0.0,0.0,2025-12-04
ST07,SKU03493,CityFresh Office Supplies 500g,Stationery & Office,Office Supplies,CityFresh,22.058371428571427,22.058371428571427,0.0,1,497.0,95.0,38.0,22.531128447508756,402.0,459.0,0,1,0,OVERSTOCK,NONE,0,216.47,120.23,59754.310000000005,107585.59,0.0,0.0,2025-08-20
ST07,SKU03744,SparkleClean Biscuits & Cookies 2L,Snacks & Confectionery,Biscuits & Cookies,SparkleClean,33.24323968253969,33.24323968253969,0.0,1,159.0,47.0,18.0,4.782927341570485,112.0,141.0,0,1,0,OVERSTOCK,NONE,0,72.29,56.86,9040.74,11494.11,0.0,0.0,2025-06-15
ST07,SKU04491,CrispKing Storage & Containers Small,Home & Kitchen,Storage & Containers,CrispKing,3.0216666666666665,3.0216666666666665,0.0,1,101.0,20.0,5.0,33.42526199669057,81.0,96.0,0,1,0,OVERSTOCK,NONE,0,1022.9,686.53,69339.53,103312.9,0.0,0.0,2025-07-06
ST08,SKU00719,SoftTouch Pest Control 1kg,Home Care,Pest Control,SoftTouch,1.1064666666666667,1.1064666666666667,0.0,1,54.0,37.0,9.0,48.804000723022234,17.0,45.0,0,1,0,OVERSTOCK,NONE,0,238.41,187.57,10128.779999999999,12874.14,0.0,0.0,2025-12-11
ST08,SKU00893,FreshFarm Hair Care 2L,Personal Care,Hair Care,FreshFarm,9.010333333333332,9.010333333333332,0.0,1,54.0,32.0,9.0,5.99311901150531,22.0,45.0,0,1,0,OVERSTOCK,NONE,0,690.66,488.07,26355.78,37295.64,0.0,0.0,2025-11-08
ST08,SKU02567,GreenValley Air Fresheners Family Pack,Home Care,Air Fresheners,GreenValley,2.0216666666666665,2.0216666666666665,0.0,1,369.0,91.0,45.0,182.52267106347898,278.0,324.0,0,1,0,OVERSTOCK,NONE,0,372.0,234.63,86578.47,137268.0,0.0,0.0,2025-08-24
ST08,SKU03805,FamilyChoice OTC Medicine Large,Health & Wellness,OTC Medicine,FamilyChoice,0.0075333333333333,0.0075333333333333,0.0,1,265.0,71.0,22.0,35176.991150442635,194.0,243.0,0,1,0,OVERSTOCK,NONE,0,1279.53,962.72,255120.80000000002,339075.45,0.0,0.0,2025-05-22
ST08,SKU04028,HomeStyle Batteries Small,Electronics & Accessories,Batteries,HomeStyle,8.953666666666669,8.953666666666669,0.0,1,204.0,86.0,36.0,22.783961877815415,118.0,168.0,0,1,0,OVERSTOCK,NONE,0,2080.9,1621.46,330777.84,424503.60000000003,0.0,0.0,2025-12-21
ST08,SKU04048,GoldenHarvest Juices Pack of 12,Beverages,Juices,GoldenHarvest,24.109961904761903,24.109961904761903,0.0,1,158.0,47.0,13.0,6.5533077415934775,111.0,145.0,0,1,0,OVERSTOCK,NONE,0,89.34,70.63,11159.539999999999,14115.720000000001,0.0,0.0,2025-07-30
ST08,SKU04106,EverydayPlus Cheese 250ml,Dairy & Bakery,Cheese,EverydayPlus,8.975666666666665,8.975666666666665,0.0,1,315.0,57.0,17.0,35.09488617372897,258.0,298.0,0,1,0,OVERSTOCK,NONE,0,92.02,64.75,20396.25,28986.3,0.0,0.0,2025-07-22
ST08,SKU04228,UrbanBite Yogurt 250g,Dairy & Bakery,Yogurt,UrbanBite,0.0,0.0,0.0,1,215.0,44.0,17.0,0.0,171.0,198.0,0,1,0,OVERSTOCK,NONE,0,79.26,62.1,13351.5,17040.9,0.0,0.0,2025-08-11
ST08,SKU04480,ZestyCo Oral Care Family Pack,Personal Care,Oral Care,ZestyCo,9.012,9.012,0.0,1,52.0,28.0,7.0,5.770084332001775,24.0,45.0,0,1,0,OVERSTOCK,NONE,0,584.24,431.77,22452.04,30380.48,0.0,0.0,2025-11-21
ST09,SKU00488,PrimeCare Butter & Ghee Family Pack,Dairy & Bakery,Butter & Ghee,PrimeCare,5.008666666666667,5.008666666666667,0.0,1,47.0,22.0,5.0,9.383734859576734,25.0,42.0,0,1,0,OVERSTOCK,NONE,0,289.84,216.21,10161.87,13622.48,0.0,0.0,2025-12-24
ST09,SKU00775,PurePlus Candy 2kg,Snacks & Confectionery,Candy,PurePlus,33.83806031746031,33.83806031746031,0.0,1,86.0,21.0,10.0,2.5415168361652314,65.0,76.0,0,1,0,OVERSTOCK,NONE,0,52.62,38.68,3326.48,4525.32,0.0,0.0,2025-06-29
ST09,SKU01022,NatureBlend Vitamins & Supplements Medium,Health & Wellness,Vitamins & Supplements,NatureBlend,7.016,7.016,0.0,1,25.0,25.0,8.0,3.563283922462942,0.0,17.0,0,0,0,HEALTHY,NONE,0,859.9,658.79,16469.75,21497.5,0.0,0.0,2025-12-10
ST09,SKU01023,CrispKing Men's Grooming Large,Personal Care,Men's Grooming,CrispKing,3.122466666666667,3.122466666666667,0.0,1,173.0,37.0,12.0,55.40491491769327,136.0,161.0,0,1,0,OVERSTOCK,NONE,0,526.16,382.68,66203.64,91025.68,0.0,0.0,2025-06-30
ST09,SKU02112,FreshFarm Notebooks 1L,Stationery & Office,Notebooks,FreshFarm,17.735857142857146,17.735857142857146,0.0,1,290.0,51.0,23.0,16.351056374898306,239.0,267.0,0,1,0,OVERSTOCK,NONE,0,164.09,123.35,35771.5,47586.1,0.0,0.0,2025-08-17
ST09,SKU03073,PrimeCare Kids Wear 100g,Apparel & Footwear,Kids Wear,PrimeCare,4.02,4.02,0.0,1,340.0,63.0,27.0,84.5771144278607,277.0,313.0,0,1,0,OVERSTOCK,NONE,0,1595.17,1129.75,384115.0,542357.8,0.0,0.0,2025-07-20
ST09,SKU03457,PremiumSelect Cheese Medium,Dairy & Bakery,Cheese,PremiumSelect,2.9926666666666666,2.9926666666666666,0.0,1,159.0,36.0,11.0,53.12987302294498,123.0,148.0,0,1,0,OVERSTOCK,NONE,0,207.73,120.2,19111.8,33029.07,0.0,0.0,2025-07-10
ST09,SKU03749,PremiumSelect Eggs 250ml,Dairy & Bakery,Eggs,PremiumSelect,4.022,4.022,0.0,1,318.0,97.0,35.0,79.06514172053704,221.0,283.0,0,1,0,OVERSTOCK,NONE,0,229.84,182.25,57955.5,73089.12,0.0,0.0,2025-07-24
ST09,SKU03935,PrimeCare Frozen Meat 2kg,Frozen Foods,Frozen Meat,PrimeCare,23.05436666666667,23.05436666666667,0.0,1,207.0,46.0,14.0,8.978776254968327,161.0,193.0,0,1,0,OVERSTOCK,NONE,0,522.89,338.21,70009.47,108238.23,0.0,0.0,2025-05-08
ST10,SKU01058,SmartBuy Small Appliances Pack of 12,Electronics & Accessories,Small Appliances,SmartBuy,30.432714285714287,2.340978021978022,8.440516292976024,13,91.0,48.0,20.0,38.872641753000764,43.0,71.0,0,1,1,OVERSTOCK,NONE,0,642.99,470.77,42840.07,58512.090000000004,0.0,0.0,2025-11-27
ST10,SKU01605,EverydayPlus First Aid 500g,Health & Wellness,First Aid,EverydayPlus,20.20699523809524,20.20699523809524,0.0,1,320.0,83.0,27.0,15.836100134111973,237.0,293.0,0,1,0,OVERSTOCK,NONE,0,821.82,651.5,208480.0,262982.4,0.0,0.0,2025-06-15
ST10,SKU02763,TrueTaste Dishwashing 1kg,Home Care,Dishwashing,TrueTaste,3.9828666666666654,3.9828666666666654,0.0,1,83.0,20.0,8.0,20.83926150343974,63.0,75.0,0,1,0,OVERSTOCK,NONE,0,121.73,96.74,8029.419999999999,10103.59,0.0,0.0,2025-07-15
ST10,SKU03634,ZestyCo Footwear Medium,Apparel & Footwear,Footwear,ZestyCo,19.746366666666678,19.746366666666678,0.0,1,254.0,44.0,11.0,12.86312587463347,210.0,243.0,0,1,0,OVERSTOCK,NONE,0,2372.1,1426.85,362419.89999999997,602513.4,0.0,0.0,2025-05-21
ST10,SKU04442,CityFresh Pulses & Lentils Pack of 6,Grocery,Pulses & Lentils,CityFresh,50.70567741147741,50.70567741147741,0.0,1,304.0,56.0,13.0,5.995383860726975,248.0,291.0,0,1,0,OVERSTOCK,NONE,0,270.65,192.27,58450.08,82277.59999999999,0.0,0.0,2025-07-27
ST10,SKU04856,HomeStyle Office Supplies 1kg,Stationery & Office,Office Supplies,HomeStyle,5.002666666666667,5.002666666666667,0.0,1,213.0,42.0,15.0,42.5772921108742,171.0,198.0,0,1,0,OVERSTOCK,NONE,0,245.47,188.93,40242.090000000004,52285.11,0.0,0.0,2025-05-28
ST11,SKU00115,QuickBite Office Supplies Family Pack,Stationery & Office,Office Supplies,QuickBite,15.02033333333333,15.02033333333333,0.0,1,128.0,72.0,28.0,8.521781584962609,56.0,100.0,0,1,0,OVERSTOCK,NONE,0,45.82,26.2,3353.6,5864.96,0.0,0.0,2025-11-15
ST11,SKU00235,TrueTaste Rice & Grains 1L,Grocery,Rice & Grains,TrueTaste,2.0113333333333334,2.0113333333333334,0.0,1,128.0,61.0,27.0,63.639376864434865,67.0,101.0,0,1,0,OVERSTOCK,NONE,0,159.72,123.95,15865.6,20444.16,0.0,0.0,2025-11-09
ST11,SKU00402,TrueTaste Hair Care 500ml,Personal Care,Hair Care,TrueTaste,18.970095238095237,18.970095238095237,0.0,1,183.0,43.0,21.0,9.646762322653199,140.0,162.0,0,1,0,OVERSTOCK,NONE,0,723.68,452.9,82880.7,132433.44,0.0,0.0,2025-05-09
ST11,SKU00734,BasicNeeds Juices 250ml,Beverages,Juices,BasicNeeds,0.0,0.0,0.0,37,107.0,22.0,10.0,0.0,85.0,97.0,0,1,0,OVERSTOCK,NONE,0,55.41,34.7,3712.9,5928.87,0.0,0.0,2025-06-28
ST12,SKU00171,CityFresh Cheese Small,Dairy & Bakery,Cheese,CityFresh,6.070333333333334,6.070333333333334,0.0,1,113.0,97.0,47.0,18.61512272802152,16.0,66.0,0,1,0,OVERSTOCK,NONE,0,253.93,181.29,20485.77,28694.09,0.0,0.0,2025-12-03
ST12,SKU01052,MetroBrand Pest Control 500g,Home Care,Pest Control,MetroBrand,15.109266666666668,15.109266666666668,0.0,1,404.0,78.0,23.0,26.738557794554332,326.0,381.0,0,1,0,OVERSTOCK,NONE,0,205.27,143.41,57937.64,82929.08,0.0,0.0,2025-07-22
ST12,SKU01674,GreenValley Cookware 1L,Home & Kitchen,Cookware,GreenValley,10.958333333333334,10.958333333333334,0.0,1,117.0,32.0,11.0,10.67680608365019,85.0,106.0,0,1,0,OVERSTOCK,NONE,0,1707.75,1195.67,139893.39,199806.75,0.0,0.0,2025-05-24
ST12,SKU01874,SparkleClean OTC Medicine 1L,Health & Wellness,OTC Medicine,SparkleClean,41.48572380952382,41.48572380952382,0.0,1,154.0,51.0,24.0,3.7121203599356374,103.0,130.0,0,1,0,OVERSTOCK,NONE,0,409.33,243.42,37486.68,63036.82,0.0,0.0,2025-08-22
ST12,SKU02084,SoftTouch Bottled Water 2L,Beverages,Bottled Water,SoftTouch,16.026333333333334,16.026333333333334,0.0,1,85.0,63.0,17.0,5.303770877098109,22.0,68.0,0,1,0,OVERSTOCK,NONE,0,118.48,82.36,7000.6,10070.800000000001,0.0,0.0,2025-11-04
ST12,SKU02179,FreshFarm Cooking Oil Medium,Grocery,Cooking Oil,FreshFarm,10.011933333333332,10.011933333333332,0.0,1,177.0,86.0,18.0,17.678903175543855,91.0,159.0,0,1,0,OVERSTOCK,NONE,0,195.37,130.79,23149.829999999998,34580.49,0.0,0.0,2025-12-10
ST12,SKU02313,NatureBlend Dishwashing 100g,Home Care,Dishwashing,NatureBlend,19.026066666666665,19.026066666666665,0.0,1,81.0,65.0,18.0,4.257317154360159,16.0,63.0,0,1,0,OVERSTOCK,NONE,0,176.52,118.43,9592.83,14298.12,0.0,0.0,2025-11-26
ST12,SKU02924,GreenValley Women's Wear Large,Apparel & Footwear,Women's Wear,GreenValley,4.008666666666667,4.008666666666667,0.0,1,108.0,76.0,22.0,26.941626475968736,32.0,86.0,0,1,0,OVERSTOCK,NONE,0,1530.37,905.78,97824.23999999999,165279.96,0.0,0.0,2025-12-03
ST12,SKU03327,CrispKing Frozen Meat 250g,Frozen Foods,Frozen Meat,CrispKing,15.855461904761906,15.855461904761906,0.0,1,105.0,49.0,19.0,6.622323627699872,56.0,86.0,0,1,0,OVERSTOCK,NONE,0,1118.06,760.88,79892.4,117396.29999999999,0.0,0.0,2025-12-06
ST12,SKU04440,QuickBite Cheese 500g,Dairy & Bakery,Cheese,QuickBite,15.906685714285713,15.906685714285713,0.0,1,189.0,99.0,25.0,11.881796333617132,90.0,164.0,0,1,0,OVERSTOCK,NONE,0,267.24,168.42,31831.379999999997,50508.36,0.0,0.0,2025-11-22
ST13,SKU01651,CrispKing Sugar & Salt 500ml,Grocery,Sugar & Salt,CrispKing,14.2654,14.2654,0.0,1,363.0,82.0,31.0,25.446184474322486,281.0,332.0,0,1,0,OVERSTOCK,NONE,0,107.72,76.21,27664.229999999996,39102.36,0.0,0.0,2025-08-30
ST13,SKU02471,PremiumSelect Home Decor Family Pack,Home & Kitchen,Home Decor,PremiumSelect,14.993,14.993,0.0,1,410.0,74.0,28.0,27.346094844260655,336.0,382.0,0,1,0,OVERSTOCK,NONE,0,1364.83,1039.93,426371.30000000005,559580.2999999999,0.0,0.0,2025-07-11
ST13,SKU02907,NovaFresh Kids Wear Large,Apparel & Footwear,Kids Wear,NovaFresh,3.001333333333333,3.001333333333333,0.0,1,289.0,91.0,31.0,96.29053753887162,198.0,258.0,0,1,0,OVERSTOCK,NONE,0,1495.16,1152.38,333037.82,432101.24000000005,0.0,0.0,2025-05-21
ST13,SKU03051,ValueChoice Writing Instruments 250ml,Stationery & Office,Writing Instruments,ValueChoice,10.216201587301589,10.216201587301589,0.0,1,116.0,88.0,27.0,11.354513613375081,28.0,89.0,0,1,0,OVERSTOCK,NONE,0,202.67,151.93,17623.88,23509.719999999998,0.0,0.0,2025-12-13
ST13,SKU03090,FreshFarm Cooking Oil Medium,Grocery,Cooking Oil,FreshFarm,6.045933333333334,6.045933333333334,0.0,1,255.0,58.0,21.0,42.17711078521099,197.0,234.0,0,1,0,OVERSTOCK,NONE,0,140.89,80.53,20535.15,35926.95,0.0,0.0,2025-05-16
ST13,SKU04352,ValueChoice Frozen Vegetables Family Pack,Frozen Foods,Frozen Vegetables,ValueChoice,19.39946666666667,19.39946666666667,0.0,1,366.0,62.0,24.0,18.8664980480563,304.0,342.0,0,1,0,OVERSTOCK,NONE,0,611.27,454.77,166445.82,223724.82,0.0,0.0,2025-06-26
ST14,SKU00309,DailyBest Storage & Containers 250ml,Home & Kitchen,Storage & Containers,DailyBest,14.83426666666667,14.83426666666667,0.0,1,95.0,52.0,20.0,6.404091427955094,43.0,75.0,0,1,0,OVERSTOCK,NONE,0,1579.63,1037.48,98560.6,150064.85,0.0,0.0,2025-12-30
ST14,SKU02570,SunriseFoods Soft Drinks 1kg,Beverages,Soft Drinks,SunriseFoods,19.02433333333333,19.02433333333333,0.0,1,133.0,28.0,11.0,6.991046554412771,105.0,122.0,0,1,0,OVERSTOCK,NONE,0,179.97,110.51,14697.83,23936.01,0.0,0.0,2025-07-02
ST14,SKU03606,ZestyCo Cheese 500g,Dairy & Bakery,Cheese,ZestyCo,11.270666666666664,11.270666666666664,0.0,1,128.0,73.0,16.0,11.356914704838522,55.0,112.0,0,1,0,OVERSTOCK,NONE,0,152.07,98.94,12664.32,19464.96,0.0,0.0,2025-12-11
ST14,SKU03645,EliteHome Storage & Containers Large,Home & Kitchen,Storage & Containers,EliteHome,11.011333333333331,11.011333333333331,0.0,1,151.0,76.0,25.0,13.713144033420114,75.0,126.0,0,1,0,OVERSTOCK,NONE,0,2452.91,1719.12,259587.12,370389.41,0.0,0.0,2025-11-22
ST14,SKU04425,NatureBlend Small Appliances 2L,Electronics & Accessories,Small Appliances,NatureBlend,6.022333333333334,6.022333333333334,0.0,1,404.0,74.0,34.0,67.08363314329993,330.0,370.0,0,1,0,OVERSTOCK,NONE,0,851.2,537.17,217016.68,343884.80000000005,0.0,0.0,2025-07-01
ST15,SKU01495,SunriseFoods Coffee Large,Beverages,Coffee,SunriseFoods,9.907600000000002,9.907600000000002,0.0,1,149.0,30.0,7.0,15.038959990310465,119.0,142.0,0,1,0,OVERSTOCK,NONE,0,97.4,58.36,8695.64,14512.6,0.0,0.0,2025-08-19
ST15,SKU02255,ZestyCo Oral Care 1L,Personal Care,Oral Care,ZestyCo,7.024933333333334,7.024933333333334,0.0,1,557.0,94.0,41.0,79.2890086738664,463.0,516.0,0,1,0,OVERSTOCK,NONE,0,234.37,140.44,78225.08,130544.09,0.0,0.0,2025-06-22
ST15,SKU03058,UrbanBite Women's Wear Pack of 12,Apparel & Footwear,Women's Wear,UrbanBite,9.999666666666668,9.999666666666668,0.0,1,99.0,31.0,13.0,9.900330011000365,68.0,86.0,0,1,0,OVERSTOCK,NONE,0,1202.99,765.86,75820.14,119096.01,0.0,0.0,2025-05-14
ST15,SKU03624,PrimeCare Juices Large,Beverages,Juices,PrimeCare,7.063866666666666,7.063866666666666,0.0,1,275.0,70.0,15.0,38.93051963985731,205.0,260.0,0,1,0,OVERSTOCK,NONE,0,108.21,65.61,18042.75,29757.75,0.0,0.0,2025-08-20
ST15,SKU03655,SparkleClean Flour & Atta 500ml,Grocery,Flour & Atta,SparkleClean,13.364577777777775,13.364577777777775,0.0,1,94.0,78.0,27.0,7.033518122532866,16.0,67.0,0,1,0,OVERSTOCK,NONE,0,335.52,218.96,20582.24,31538.879999999997,0.0,0.0,2025-12-23
ST16,SKU00682,SunriseFoods Chips & Crisps Family Pack,Snacks & Confectionery,Chips & Crisps,SunriseFoods,26.318622222222213,26.318622222222213,0.0,1,496.0,86.0,41.0,18.84597133588554,410.0,455.0,0,1,0,OVERSTOCK,NONE,0,138.95,92.49,45875.04,68919.2,0.0,0.0,2025-07-05
ST16,SKU00874,ValueChoice Home Decor Pack of 12,Home & Kitchen,Home Decor,ValueChoice,9.9668,9.9668,0.0,1,320.0,65.0,23.0,32.106593891720514,255.0,297.0,0,1,0,OVERSTOCK,NONE,0,872.01,578.74,185196.8,279043.2,0.0,0.0,2025-06-29
ST16,SKU02172,PureLife Pulses & Lentils 2kg,Grocery,Pulses & Lentils,PureLife,30.834411111111105,30.834411111111105,0.0,1,244.0,53.0,26.0,7.913236906673895,191.0,218.0,0,1,0,OVERSTOCK,NONE,0,150.49,96.73,23602.120000000003,36719.560000000005,0.0,0.0,2025-06-24
ST16,SKU03375,EliteHome Butter & Ghee Pack of 12,Dairy & Bakery,Butter & Ghee,EliteHome,2.0286666666666666,2.0286666666666666,0.0,1,413.0,84.0,33.0,203.5819914558002,329.0,380.0,0,1,0,OVERSTOCK,NONE,0,103.36,66.76,27571.88,42687.68,0.0,0.0,2025-06-29
ST17,SKU03504,NovaFresh Frozen Vegetables 1L,Frozen Foods,Frozen Vegetables,NovaFresh,19.030942857142858,19.030942857142858,0.0,1,205.0,57.0,28.0,10.77193082543767,148.0,177.0,0,1,0,OVERSTOCK,NONE,0,847.78,576.1,118100.5,173794.9,0.0,0.0,2025-06-26
ST17,SKU03856,EliteHome Writing Instruments Pack of 6,Stationery & Office,Writing Instruments,EliteHome,24.711299999999994,24.711299999999994,0.0,1,118.0,84.0,40.0,4.775143355468956,34.0,78.0,0,1,0,OVERSTOCK,NONE,0,115.78,70.3,8295.4,13662.04,0.0,0.0,2025-12-21
ST17,SKU04215,SoftTouch Frozen Meat Family Pack,Frozen Foods,Frozen Meat,SoftTouch,15.864000000000004,15.864000000000004,0.0,1,248.0,71.0,14.0,15.632879475542104,177.0,234.0,0,1,0,OVERSTOCK,NONE,0,508.26,384.81,95432.88,126048.48,0.0,0.0,2025-06-21
ST17,SKU04905,PureLife Cooking Oil 500g,Grocery,Cooking Oil,PureLife,0.0,0.0,0.0,1,422.0,79.0,38.0,0.0,343.0,384.0,0,1,0,OVERSTOCK,NONE,0,117.04,74.42,31405.24,49390.880000000005,0.0,0.0,2025-08-25
ST18,SKU00486,SmartBuy Batteries Pack of 6,Electronics & Accessories,Batteries,SmartBuy,21.78677301587302,21.78677301587302,0.0,1,81.0,31.0,9.0,3.7178521087536214,50.0,72.0,0,1,0,OVERSTOCK,NONE,0,2425.84,1371.44,111086.64,196493.04,0.0,0.0,2025-12-06
ST18,SKU01174,NovaFresh Home Decor 2L,Home & Kitchen,Home Decor,NovaFresh,0.0,0.0,0.0,1,454.0,80.0,23.0,0.0,374.0,431.0,0,1,0,OVERSTOCK,NONE,0,1964.02,1462.83,664124.82,891665.08,0.0,0.0,2025-07-11
ST18,SKU01788,NutriPlus Frozen Meat 1L,Frozen Foods,Frozen Meat,NutriPlus,17.045066666666667,17.045066666666667,0.0,1,89.0,54.0,22.0,5.2214521503778215,35.0,67.0,0,1,0,OVERSTOCK,NONE,0,627.45,365.29,32510.81,55843.05,0.0,0.0,2025-11-06
ST18,SKU02064,CityFresh Soft Drinks 1kg,Beverages,Soft Drinks,CityFresh,0.0,0.0,0.0,1,185.0,40.0,18.0,0.0,145.0,167.0,0,1,0,OVERSTOCK,NONE,0,45.95,29.12,5387.2,8500.75,0.0,0.0,2025-06-24
ST18,SKU04388,SmartBuy Mobile Accessories Pack of 12,Electronics & Accessories,Mobile Accessories,SmartBuy,12.895333333333332,12.895333333333332,0.0,1,172.0,51.0,13.0,13.338158506953421,121.0,159.0,0,1,0,OVERSTOCK,NONE,0,1796.48,1058.38,182041.36000000002,308994.56,0.0,0.0,2025-07-24
ST18,SKU04726,CleanWave OTC Medicine 2kg,Health & Wellness,OTC Medicine,CleanWave,13.348323809523816,13.348323809523816,0.0,1,90.0,23.0,6.0,6.742419593970776,67.0,84.0,0,1,0,OVERSTOCK,NONE,0,789.0,547.35,49261.5,71010.0,0.0,0.0,2025-09-02
ST19,SKU00873,QuickBite Cookware 2L,Home & Kitchen,Cookware,QuickBite,20.897733333333328,20.897733333333328,0.0,1,69.0,36.0,17.0,3.3017934959453346,33.0,52.0,0,1,0,OVERSTOCK,NONE,0,1732.6,1357.53,93669.56999999999,119549.4,0.0,0.0,2025-11-12
ST19,SKU01032,PrimeCare Office Supplies 250ml,Stationery & Office,Office Supplies,PrimeCare,12.876866666666668,12.876866666666668,0.0,1,149.0,28.0,12.0,11.57113790621942,121.0,137.0,0,1,0,OVERSTOCK,NONE,0,242.61,144.67,21555.829999999998,36148.89,0.0,0.0,2025-06-17
ST19,SKU01181,CityFresh Laundry 500ml,Home Care,Laundry,CityFresh,8.528455555555555,8.528455555555555,0.0,1,119.0,47.0,17.0,13.95328840313669,72.0,102.0,0,1,0,OVERSTOCK,NONE,0,437.11,240.78,28652.82,52016.090000000004,0.0,0.0,2025-12-26
ST19,SKU01186,FamilyChoice Notebooks Family Pack,Stationery & Office,Notebooks,FamilyChoice,27.447657142857132,27.447657142857132,0.0,1,95.0,63.0,17.0,3.4611332947490716,32.0,78.0,0,1,0,OVERSTOCK,NONE,0,109.5,78.9,7495.500000000001,10402.5,0.0,0.0,2025-11-02
ST19,SKU02768,MetroBrand Notebooks 100g,Stationery & Office,Notebooks,MetroBrand,7.019666666666667,7.019666666666667,0.0,1,119.0,39.0,11.0,16.95237190749798,80.0,108.0,0,1,0,OVERSTOCK,NONE,0,216.52,122.94,14629.86,25765.88,0.0,0.0,2025-06-02
ST19,SKU04943,SunriseFoods Flour & Atta Pack of 12,Grocery,Flour & Atta,SunriseFoods,0.0,0.0,0.0,1,89.0,52.0,26.0,0.0,37.0,63.0,0,1,0,OVERSTOCK,NONE,0,145.62,89.4,7956.6,12960.18,0.0,0.0,2025-12-19
ST20,SKU00631,CrispKing Cookware 250g,Home & Kitchen,Cookware,CrispKing,22.6145,22.6145,0.0,1,283.0,90.0,24.0,12.514094939087753,193.0,259.0,0,1,0,OVERSTOCK,NONE,0,1304.33,954.88,270231.04,369125.38999999996,0.0,0.0,2025-05-21
ST20,SKU01176,MetroBrand Chips & Crisps 1kg,Snacks & Confectionery,Chips & Crisps,MetroBrand,15.95509523809524,15.95509523809524,0.0,1,144.0,83.0,22.0,9.025330018474468,61.0,122.0,0,1,0,OVERSTOCK,NONE,0,95.51,57.95,8344.800000000001,13753.44,0.0,0.0,2025-12-30
ST20,SKU01981,NatureBlend Mobile Accessories 500ml,Electronics & Accessories,Mobile Accessories,NatureBlend,19.89462857142858,19.89462857142858,0.0,1,234.0,43.0,11.0,11.761968772619166,191.0,223.0,0,1,0,OVERSTOCK,NONE,0,788.09,452.19,105812.46,184413.06,0.0,0.0,2025-06-06
ST20,SKU02938,MetroBrand Candy Pack of 6,Snacks & Confectionery,Candy,MetroBrand,28.81266507936508,28.81266507936508,0.0,1,189.0,54.0,17.0,6.5596153455223805,135.0,172.0,0,1,0,OVERSTOCK,NONE,0,83.54,47.72,9019.08,15789.060000000001,0.0,0.0,2025-08-21
ST20,SKU03749,PremiumSelect Eggs 250ml,Dairy & Bakery,Eggs,PremiumSelect,3.009,3.009,0.0,1,124.0,22.0,9.0,41.20970422067132,102.0,115.0,0,1,0,OVERSTOCK,NONE,0,229.84,182.25,22599.0,28500.16,0.0,0.0,2025-06-16
ST20,SKU03760,SparkleClean Storage & Containers 1L,Home & Kitchen,Storage & Containers,SparkleClean,21.649271428571424,21.649271428571424,0.0,1,86.0,45.0,13.0,3.972420055046393,41.0,73.0,0,1,0,OVERSTOCK,NONE,0,643.46,385.52,33154.72,55337.560000000005,0.0,0.0,2025-11-05
ST20,SKU04145,CleanWave Notebooks 100g,Stationery & Office,Notebooks,CleanWave,5.011333333333334,5.011333333333334,0.0,1,510.0,86.0,29.0,101.76932286816547,424.0,481.0,0,1,0,OVERSTOCK,NONE,0,293.61,224.88,114688.8,149741.1,0.0,0.0,2025-06-14
ST20,SKU04319,HealthFirst Home Decor 100g,Home & Kitchen,Home Decor,HealthFirst,4.0555,4.0555,0.0,1,252.0,72.0,19.0,62.13783750462335,180.0,233.0,0,1,0,OVERSTOCK,NONE,0,806.99,549.53,138481.56,203361.48,0.0,0.0,2025-08-24
ST21,SKU00592,UrbanBite Kids Wear 100g,Apparel & Footwear,Kids Wear,UrbanBite,40.63217460317464,40.63217460317464,0.0,1,483.0,81.0,37.0,11.887131435053998,402.0,446.0,0,1,0,OVERSTOCK,NONE,0,2203.73,1430.8,691076.4,1064401.59,0.0,0.0,2025-06-06
ST21,SKU00596,NovaFresh Skin Care 1kg,Personal Care,Skin Care,NovaFresh,6.957666666666667,6.957666666666667,0.0,1,115.0,83.0,37.0,16.528529679490248,32.0,78.0,0,1,0,OVERSTOCK,NONE,0,468.99,308.16,35438.4,53933.85,0.0,0.0,2025-12-08
ST21,SKU03006,TrueTaste Storage & Containers Pack of 12,Home & Kitchen,Storage & Containers,TrueTaste,22.762436507936503,2.5291596119929447,7.587478835978834,9,173.0,64.0,20.0,68.40216773178592,109.0,153.0,0,1,1,OVERSTOCK,NONE,0,1088.75,808.32,139839.36000000002,188353.75,0.0,0.0,2025-12-31
ST21,SKU03609,CityFresh Pulses & Lentils 250g,Grocery,Pulses & Lentils,CityFresh,6.029733333333334,6.029733333333334,0.0,1,508.0,97.0,41.0,84.24916524777215,411.0,467.0,0,1,0,OVERSTOCK,NONE,0,139.89,90.5,45974.0,71064.12,0.0,0.0,2025-06-03
ST21,SKU03709,PurePlus Cheese 250ml,Dairy & Bakery,Cheese,PurePlus,18.02866666666666,18.02866666666666,0.0,1,272.0,76.0,20.0,15.08708353363163,196.0,252.0,0,1,0,OVERSTOCK,NONE,0,266.41,186.06,50608.32,72463.52,0.0,0.0,2025-05-25
ST21,SKU04250,PureLife OTC Medicine 1kg,Health & Wellness,OTC Medicine,PureLife,24.97444761904761,24.97444761904761,0.0,1,100.0,29.0,11.0,4.0040925639425,71.0,89.0,0,1,0,OVERSTOCK,NONE,0,1351.22,1040.59,104058.99999999999,135122.0,0.0,0.0,2025-07-23
ST21,SKU04475,GreenValley Men's Grooming Pack of 12,Personal Care,Men's Grooming,GreenValley,3.917533333333333,3.917533333333333,0.0,1,428.0,93.0,40.0,109.25242074094244,335.0,388.0,0,1,0,OVERSTOCK,NONE,0,146.88,89.89,38472.92,62864.64,0.0,0.0,2025-08-12
ST22,SKU00386,FamilyChoice Coffee 250ml,Beverages,Coffee,FamilyChoice,20.9309,20.9309,0.0,1,434.0,94.0,23.0,20.734894342813732,340.0,411.0,0,1,0,OVERSTOCK,NONE,0,139.48,80.88,35101.92,60534.31999999999,0.0,0.0,2025-08-04
ST22,SKU00516,GoldenHarvest Batteries 250g,Electronics & Accessories,Batteries,GoldenHarvest,4.037933333333334,4.037933333333334,0.0,1,284.0,94.0,23.0,70.33300863478016,190.0,261.0,0,1,0,OVERSTOCK,NONE,0,2155.25,1441.14,409283.76,612091.0,0.0,0.0,2025-08-13
ST22,SKU01684,HealthFirst Flour & Atta Family Pack,Grocery,Flour & Atta,HealthFirst,21.018266666666666,21.018266666666666,0.0,1,378.0,91.0,39.0,17.98435646453561,287.0,339.0,0,1,0,OVERSTOCK,NONE,0,170.29,133.93,50625.54,64369.619999999995,0.0,0.0,2025-09-02
ST22,SKU01818,CleanWave Surface Cleaners 2L,Home Care,Surface Cleaners,CleanWave,47.09321904761904,47.09321904761904,0.0,1,248.0,80.0,17.0,5.266150945197247,168.0,231.0,0,1,0,OVERSTOCK,NONE,0,472.39,301.8,74846.40000000001,117152.72,0.0,0.0,2025-08-03
ST22,SKU02408,TrueTaste Home Decor Medium,Home & Kitchen,Home Decor,TrueTaste,19.803933333333333,19.803933333333333,0.0,1,264.0,56.0,26.0,13.33068515008803,208.0,238.0,0,1,0,OVERSTOCK,NONE,0,1619.55,933.01,246314.63999999998,427561.2,0.0,0.0,2025-06-02
ST22,SKU02464,PureLife First Aid 100g,Health & Wellness,First Aid,PureLife,10.017847619047618,10.017847619047618,0.0,1,85.0,29.0,6.0,8.484856551259943,56.0,79.0,0,1,0,OVERSTOCK,NONE,0,736.85,529.75,45028.75,62632.25,0.0,0.0,2025-12-02
ST22,SKU02710,UrbanBite Pest Control 250ml,Home Care,Pest Control,UrbanBite,8.004666666666667,8.004666666666667,0.0,1,254.0,62.0,18.0,31.731489964187556,192.0,236.0,0,1,0,OVERSTOCK,NONE,0,460.43,259.04,65796.16,116949.22,0.0,0.0,2025-08-02
ST22,SKU03357,EliteHome Storage & Containers Large,Home & Kitchen,Storage & Containers,EliteHome,0.0,0.0,0.0,1,206.0,49.0,10.0,0.0,157.0,196.0,0,1,0,OVERSTOCK,NONE,0,731.86,431.95,88981.7,150763.16,0.0,0.0,2025-07-14
ST22,SKU04887,SmartBuy Storage & Containers 1L,Home & Kitchen,Storage & Containers,SmartBuy,41.24469365079367,41.24469365079367,0.0,1,205.0,44.0,15.0,4.970336347644449,161.0,190.0,0,1,0,OVERSTOCK,NONE,0,970.11,747.65,153268.25,198872.55,0.0,0.0,2025-07-19
ST23,SKU00894,GoldenHarvest Bath & Body 1kg,Personal Care,Bath & Body,GoldenHarvest,14.013666666666664,14.013666666666664,0.0,1,306.0,93.0,44.0,21.83582693085322,213.0,262.0,0,1,0,OVERSTOCK,NONE,0,353.19,211.96,64859.76,108076.14,0.0,0.0,2025-08-27
ST23,SKU02884,SparkleClean Juices Pack of 6,Beverages,Juices,SparkleClean,5.939533333333332,5.939533333333332,0.0,1,159.0,91.0,36.0,26.769779892920884,68.0,123.0,0,1,0,OVERSTOCK,NONE,0,173.65,100.8,16027.199999999999,27610.350000000002,0.0,0.0,2025-11-17
ST23,SKU03290,EverydayPlus Kids Wear 500g,Apparel & Footwear,Kids Wear,EverydayPlus,4.016,4.016,0.0,1,374.0,65.0,16.0,93.12749003984064,309.0,358.0,0,1,0,OVERSTOCK,NONE,0,1672.77,1155.95,432325.3,625615.98,0.0,0.0,2025-06-17
ST23,SKU03332,EliteHome Namkeen 2kg,Snacks & Confectionery,Namkeen,EliteHome,38.41239365079367,38.41239365079367,0.0,1,161.0,57.0,15.0,4.191355567779709,104.0,146.0,0,1,0,OVERSTOCK,NONE,0,37.58,29.7,4781.7,6050.38,0.0,0.0,2025-11-10
ST23,SKU03613,FamilyChoice Ready Meals 250ml,Frozen Foods,Ready Meals,FamilyChoice,20.202885714285717,20.202885714285717,0.0,1,115.0,41.0,18.0,5.692256127483909,74.0,97.0,0,1,0,OVERSTOCK,NONE,0,434.98,328.69,37799.35,50022.700000000004,0.0,0.0,2025-12-30
ST24,SKU00932,NatureBlend Writing Instruments 500g,Stationery & Office,Writing Instruments,NatureBlend,38.25758412698413,38.25758412698413,0.0,1,292.0,95.0,32.0,7.632473577808703,197.0,260.0,0,1,0,OVERSTOCK,NONE,0,197.19,146.87,42886.04,57579.479999999996,0.0,0.0,2025-08-04
ST24,SKU02255,ZestyCo Oral Care 1L,Personal Care,Oral Care,ZestyCo,12.004133333333332,12.004133333333332,0.0,1,150.0,44.0,15.0,12.495695926958494,106.0,135.0,0,1,0,OVERSTOCK,NONE,0,234.37,140.44,21066.0,35155.5,0.0,0.0,2025-06-16
ST24,SKU03318,HealthFirst Eggs Large,Dairy & Bakery,Eggs,HealthFirst,1.002,1.002,0.0,1,58.0,54.0,23.0,57.884231536926144,4.0,35.0,0,1,0,OVERSTOCK,NONE,0,348.98,238.7,13844.599999999999,20240.84,0.0,0.0,2025-12-26
ST24,SKU03439,UrbanBite First Aid 1kg,Health & Wellness,First Aid,UrbanBite,12.85886666666667,12.85886666666667,0.0,1,50.0,48.0,13.0,3.8883675596086738,2.0,37.0,0,1,0,OVERSTOCK,NONE,0,1316.84,923.03,46151.5,65842.0,0.0,0.0,2025-12-10
ST25,SKU00516,GoldenHarvest Batteries 250g,Electronics & Accessories,Batteries,GoldenHarvest,3.067333333333333,3.067333333333333,0.0,1,423.0,83.0,23.0,137.90480330362965,340.0,400.0,0,1,0,OVERSTOCK,NONE,0,2155.25,1441.14,609602.2200000001,911670.75,0.0,0.0,2025-07-21
ST25,SKU00732,GreenValley Home Decor 500g,Home & Kitchen,Home Decor,GreenValley,3.006333333333333,3.006333333333333,0.0,1,305.0,66.0,25.0,101.45248918948887,239.0,280.0,0,1,0,OVERSTOCK,NONE,0,819.74,602.14,183652.69999999998,250020.7,0.0,0.0,2025-08-26
ST25,SKU01023,CrispKing Men's Grooming Large,Personal Care,Men's Grooming,CrispKing,9.018666666666666,0.25767619047619045,1.524432901062316,35,206.0,57.0,12.0,799.4529863985808,149.0,194.0,0,1,1,OVERSTOCK,NONE,0,526.16,382.68,78832.08,108388.95999999999,0.0,0.0,2025-06-22
ST25,SKU01423,BasicNeeds Mobile Accessories 500g,Electronics & Accessories,Mobile Accessories,BasicNeeds,14.060290476190474,14.060290476190474,0.0,1,458.0,96.0,34.0,32.57400697201609,362.0,424.0,0,1,0,OVERSTOCK,NONE,0,2866.27,2040.58,934585.64,1312751.66,0.0,0.0,2025-08-14
ST25,SKU02550,PureLife Juices Family Pack,Beverages,Juices,PureLife,12.912333333333336,12.912333333333336,0.0,1,86.0,75.0,23.0,6.6602989389988885,11.0,63.0,0,1,0,OVERSTOCK,NONE,0,200.42,124.59,10714.74,17236.12,0.0,0.0,2025-12-18
ST25,SKU02763,TrueTaste Dishwashing 1kg,Home Care,Dishwashing,TrueTaste,11.113333333333332,11.113333333333332,0.0,1,307.0,83.0,24.0,27.62447510497901,224.0,283.0,0,1,0,OVERSTOCK,NONE,0,121.73,96.74,29699.179999999997,37371.11,0.0,0.0,2025-05-26
ST25,SKU03942,NatureBlend Pulses & Lentils 2kg,Grocery,Pulses & Lentils,NatureBlend,22.36403809523809,22.36403809523809,0.0,1,70.0,32.0,9.0,3.130025074268895,38.0,61.0,0,1,0,OVERSTOCK,NONE,0,240.46,170.79,11955.3,16832.2,0.0,0.0,2025-12-21
ST26,SKU02472,UrbanBite Oral Care Medium,Personal Care,Oral Care,UrbanBite,12.0598,12.0598,0.0,1,312.0,87.0,39.0,25.871075805568918,225.0,273.0,0,1,0,OVERSTOCK,NONE,0,300.88,192.49,60056.880000000005,93874.56,0.0,0.0,2025-08-06
ST26,SKU02949,NatureBlend Chips & Crisps Pack of 6,Snacks & Confectionery,Chips & Crisps,NatureBlend,26.0338,26.0338,0.0,1,72.0,29.0,7.0,2.765635443154668,43.0,65.0,0,1,0,OVERSTOCK,NONE,0,157.02,105.41,7589.5199999999995,11305.44,0.0,0.0,2025-11-29
ST26,SKU03582,CleanWave Cookware 1kg,Home & Kitchen,Cookware,CleanWave,15.233333333333334,15.233333333333334,0.0,1,405.0,83.0,25.0,26.58643326039387,322.0,380.0,0,1,0,OVERSTOCK,NONE,0,1131.96,780.6,316143.0,458443.8,0.0,0.0,2025-06-18
ST26,SKU04540,ZestyCo Batteries 1kg,Electronics & Accessories,Batteries,ZestyCo,21.64336666666667,21.64336666666667,0.0,1,79.0,35.0,14.0,3.6500790850468423,44.0,65.0,0,1,0,OVERSTOCK,NONE,0,1978.18,1457.18,115117.22,156276.22,0.0,0.0,2025-12-15
ST26,SKU04643,EverydayPlus Notebooks 2L,Stationery & Office,Notebooks,EverydayPlus,22.125733333333336,0.9219055555555556,4.516396404296322,24,174.0,35.0,11.0,188.73950693912968,139.0,163.0,0,1,1,OVERSTOCK,NONE,0,247.04,143.67,24998.579999999998,42984.96,0.0,0.0,2025-05-06
ST26,SKU04953,EliteHome Candy Pack of 6,Snacks & Confectionery,Candy,EliteHome,7.023666666666666,7.023666666666666,0.0,1,157.0,29.0,8.0,22.35299701010868,128.0,149.0,0,1,0,OVERSTOCK,NONE,0,59.22,36.37,5710.089999999999,9297.539999999999,0.0,0.0,2025-06-08
ST27,SKU01302,FamilyChoice Spices & Seasoning 500g,Grocery,Spices & Seasoning,FamilyChoice,9.995733333333334,9.995733333333334,0.0,1,113.0,63.0,30.0,11.304823391313626,50.0,83.0,0,1,0,OVERSTOCK,NONE,0,251.67,147.39,16655.07,28438.71,0.0,0.0,2025-11-27
ST27,SKU02014,NovaFresh Home Decor 250ml,Home & Kitchen,Home Decor,NovaFresh,22.01298095238096,22.01298095238096,0.0,1,249.0,78.0,30.0,11.311507539058118,171.0,219.0,0,1,0,OVERSTOCK,NONE,0,675.08,483.57,120408.93,168094.92,0.0,0.0,2025-08-29
ST27,SKU02284,ValueChoice Eggs 500g,Dairy & Bakery,Eggs,ValueChoice,4.966,4.966,0.0,1,85.0,74.0,22.0,17.1163914619412,11.0,63.0,0,1,0,OVERSTOCK,NONE,0,238.86,158.75,13493.75,20303.100000000002,0.0,0.0,2025-12-05
ST27,SKU02365,BasicNeeds Juices 1L,Beverages,Juices,BasicNeeds,7.561006349206348,7.561006349206348,0.0,1,364.0,90.0,44.0,48.14173976169294,274.0,320.0,0,1,0,OVERSTOCK,NONE,0,138.08,102.33,37248.12,50261.12,0.0,0.0,2025-05-16
ST27,SKU02432,SparkleClean Dishwashing Large,Home Care,Dishwashing,SparkleClean,34.40513333333334,34.40513333333334,0.0,1,77.0,27.0,8.0,2.238038122218196,50.0,69.0,0,1,0,OVERSTOCK,NONE,0,326.45,208.19,16030.63,25136.649999999998,0.0,0.0,2025-12-23
ST27,SKU03837,GoldenHarvest Eggs 500ml,Dairy & Bakery,Eggs,GoldenHarvest,41.30586190476191,41.30586190476191,0.0,1,158.0,28.0,11.0,3.82512294173397,130.0,147.0,0,1,0,OVERSTOCK,NONE,0,197.06,137.67,21751.859999999997,31135.48,0.0,0.0,2025-05-07
ST27,SKU04250,PureLife OTC Medicine 1kg,Health & Wellness,OTC Medicine,PureLife,21.60340952380953,21.60340952380953,0.0,1,123.0,37.0,10.0,5.693545727790762,86.0,113.0,0,1,0,OVERSTOCK,NONE,0,1351.22,1040.59,127992.56999999999,166200.06,0.0,0.0,2025-05-28
ST28,SKU00866,PrimeCare Cookware Medium,Home & Kitchen,Cookware,PrimeCare,3.018666666666667,3.018666666666667,0.0,1,245.0,90.0,29.0,81.16166077738515,155.0,216.0,0,1,0,OVERSTOCK,NONE,0,1323.47,822.8,201586.0,324250.15,0.0,0.0,2025-12-13
ST28,SKU02445,NatureBlend Butter & Ghee 2L,Dairy & Bakery,Butter & Ghee,NatureBlend,12.962333333333332,12.962333333333332,0.0,1,184.0,64.0,25.0,14.194975184508964,120.0,159.0,0,1,0,OVERSTOCK,NONE,0,122.76,70.45,12962.800000000001,22587.84,0.0,0.0,2025-11-14
ST28,SKU03115,NutriPlus Frozen Vegetables 100g,Frozen Foods,Frozen Vegetables,NutriPlus,4.1044,4.1044,0.0,1,126.0,25.0,5.0,30.698762303869017,101.0,121.0,0,1,0,OVERSTOCK,NONE,0,804.38,581.3,73243.79999999999,101351.88,0.0,0.0,2025-07-18
ST28,SKU04158,EliteHome Men's Wear Pack of 12,Apparel & Footwear,Men's Wear,EliteHome,18.904666666666667,18.904666666666667,0.0,1,220.0,64.0,16.0,11.637338223366363,156.0,204.0,0,1,0,OVERSTOCK,NONE,0,2594.6,2040.86,448989.19999999995,570812.0,0.0,0.0,2025-07-31
ST28,SKU04160,BasicNeeds First Aid Medium,Health & Wellness,First Aid,BasicNeeds,18.9118,18.9118,0.0,1,496.0,86.0,25.0,26.227011706976597,410.0,471.0,0,1,0,OVERSTOCK,NONE,0,366.83,274.96,136380.16,181947.68,0.0,0.0,2025-05-27
ST28,SKU04375,SmartBuy Women's Wear 100g,Apparel & Footwear,Women's Wear,SmartBuy,8.002666666666666,8.002666666666666,0.0,1,116.0,84.0,34.0,14.49516827724092,32.0,82.0,0,1,0,OVERSTOCK,NONE,0,1761.68,1140.53,132301.48,204354.88,0.0,0.0,2025-11-02
ST29,SKU00012,HomeStyle Vitamins & Supplements 1kg,Health & Wellness,Vitamins & Supplements,HomeStyle,34.67464285714286,34.67464285714286,0.0,1,324.0,97.0,26.0,9.34400395513395,227.0,298.0,0,1,0,OVERSTOCK,NONE,0,813.52,526.59,170615.16,263580.48,0.0,0.0,2025-08-12
ST29,SKU00649,DailyBest Bread Medium,Dairy & Bakery,Bread,DailyBest,16.028533333333336,16.028533333333336,0.0,1,189.0,38.0,11.0,11.79147187515597,151.0,178.0,0,1,0,OVERSTOCK,NONE,0,330.24,256.82,48538.979999999996,62415.36,0.0,0.0,2025-08-13
ST29,SKU00767,PrimeCare Frozen Meat 500ml,Frozen Foods,Frozen Meat,PrimeCare,10.013333333333332,10.013333333333332,0.0,1,356.0,95.0,43.0,35.552596537949405,261.0,313.0,0,1,0,OVERSTOCK,NONE,0,296.5,210.39,74898.84,105554.0,0.0,0.0,2025-08-31
ST29,SKU02763,TrueTaste Dishwashing 1kg,Home Care,Dishwashing,TrueTaste,42.733538095238096,1.1870427248677249,7.12225634920635,36,433.0,74.0,27.0,364.7720431025347,359.0,406.0,0,1,1,OVERSTOCK,NONE,0,121.73,96.74,41888.42,52709.090000000004,0.0,0.0,2025-08-09
ST29,SKU02773,UrbanBite Tea Family Pack,Beverages,Tea,UrbanBite,19.635780952380948,19.635780952380948,0.0,1,74.0,37.0,13.0,3.768630347805295,37.0,61.0,0,1,0,OVERSTOCK,NONE,0,108.88,66.73,4938.02,8057.12,0.0,0.0,2025-11-06
ST29,SKU03414,SoftTouch Women's Wear Family Pack,Apparel & Footwear,Women's Wear,SoftTouch,16.625133333333338,16.625133333333338,0.0,1,189.0,49.0,17.0,11.368329878056112,140.0,172.0,0,1,0,OVERSTOCK,NONE,0,958.95,604.83,114312.87000000001,181241.55000000002,0.0,0.0,2025-05-07
ST29,SKU03923,HomeStyle Cookware 500ml,Home & Kitchen,Cookware,HomeStyle,38.38778253968256,38.38778253968256,0.0,1,102.0,61.0,25.0,2.6570953895177367,41.0,77.0,0,1,0,OVERSTOCK,NONE,0,1592.34,1192.23,121607.46,162418.68,0.0,0.0,2025-12-28
ST29,SKU04475,GreenValley Men's Grooming Pack of 12,Personal Care,Men's Grooming,GreenValley,3.919533333333333,3.919533333333333,0.0,1,190.0,51.0,19.0,48.475158607317205,139.0,171.0,0,1,0,OVERSTOCK,NONE,0,146.88,89.89,17079.1,27907.2,0.0,0.0,2025-05-27
ST29,SKU04641,NatureBlend Biscuits & Cookies Family Pack,Snacks & Confectionery,Biscuits & Cookies,NatureBlend,0.0,0.0,0.0,1,125.0,22.0,10.0,0.0,103.0,115.0,0,1,0,OVERSTOCK,NONE,0,113.8,77.34,9667.5,14225.0,0.0,0.0,2025-08-04
ST29,SKU04847,ValueChoice Small Appliances 500g,Electronics & Accessories,Small Appliances,ValueChoice,20.004304761904763,20.004304761904763,0.0,1,199.0,98.0,32.0,9.947858841811192,101.0,167.0,0,1,0,OVERSTOCK,NONE,0,630.96,434.38,86441.62,125561.04000000001,0.0,0.0,2025-11-23
ST30,SKU00521,FreshFarm Writing Instruments 500ml,Stationery & Office,Writing Instruments,FreshFarm,19.97714285714286,19.97714285714286,0.0,1,303.0,74.0,20.0,15.167334096109839,229.0,283.0,0,1,0,OVERSTOCK,NONE,0,288.5,189.07,57288.21,87415.5,0.0,0.0,2025-05-27
ST30,SKU02172,PureLife Pulses & Lentils 2kg,Grocery,Pulses & Lentils,PureLife,53.11594444444444,53.11594444444444,0.0,1,104.0,30.0,8.0,1.9579808113696768,74.0,96.0,0,1,0,OVERSTOCK,NONE,0,150.49,96.73,10059.92,15650.960000000001,0.0,0.0,2025-06-12
ST30,SKU03031,PureLife Chocolates Large,Snacks & Confectionery,Chocolates,PureLife,15.008333333333333,15.008333333333333,0.0,1,448.0,85.0,29.0,29.850083287062745,363.0,419.0,0,1,0,OVERSTOCK,NONE,0,175.91,113.9,51027.200000000004,78807.68,0.0,0.0,2025-06-22
ST30,SKU03220,CrispKing Energy Drinks Small,Beverages,Energy Drinks,CrispKing,3.957333333333333,3.957333333333333,0.0,1,178.0,38.0,14.0,44.97978436657682,140.0,164.0,0,1,0,OVERSTOCK,NONE,0,83.11,57.62,10256.359999999999,14793.58,0.0,0.0,2025-05-10
ST30,SKU04761,FreshFarm Office Supplies Pack of 6,Stationery & Office,Office Supplies,FreshFarm,22.45955238095238,22.45955238095238,0.0,1,34.0,29.0,14.0,1.5138324853185812,5.0,20.0,0,1,0,OVERSTOCK,NONE,0,287.71,195.06,6632.04,9782.14,0.0,0.0,2025-11-13
ST30,SKU04801,EverydayPlus Butter & Ghee Large,Dairy & Bakery,Butter & Ghee,EverydayPlus,10.998333333333331,10.998333333333331,0.0,1,95.0,54.0,16.0,8.637672374602214,41.0,79.0,0,1,0,OVERSTOCK,NONE,0,108.26,71.81,6821.95,10284.7,0.0,0.0,2025-11-19
ST01,SKU00001,NutriPlus Cookware Large,Home & Kitchen,Cookware,NutriPlus,27.741828571428574,1.0669934065934066,5.440620201094621,26,0.0,0.0,0.0,0.0,0.0,0.0,1,0,1,STOCKOUT,URGENT,28,813.41,619.77,0.0,0.0,17353.559999999998,22775.48,
ST01,SKU00196,PremiumSelect Butter & Ghee Family Pack,Dairy & Bakery,Butter & Ghee,PremiumSelect,11.033704761904762,11.033704761904762,0.0,1,0.0,0.0,0.0,0.0,0.0,0.0,1,0,0,STOCKOUT,URGENT,12,90.98,59.65,0.0,0.0,715.8,1091.76,
ST01,SKU00228,FamilyChoice Mobile Accessories 250ml,Electronics & Accessories,Mobile Accessories,FamilyChoice,6.998800000000001,6.998800000000001,0.0,1,0.0,0.0,0.0,0.0,0.0,0.0,1,0,0,STOCKOUT,URGENT,7,2956.05,1970.47,0.0,0.0,13793.29,20692.350000000002,
ST01,SKU00246,CleanWave Cookware Medium,Home & Kitchen,Cookware,CleanWave,18.19242380952381,18.19242380952381,0.0,1,0.0,0.0,0.0,0.0,0.0,0.0,1,0,0,STOCKOUT,URGENT,19,1021.22,780.18,0.0,0.0,14823.419999999998,19403.18,
ST01,SKU00597,EliteHome Frozen Meat Medium,Frozen Foods,Frozen Meat,EliteHome,29.10224761904762,29.10224761904762,0.0,1,0.0,0.0,0.0,0.0,0.0,0.0,1,0,0,STOCKOUT,URGENT,30,655.29,398.22,0.0,0.0,11946.6,19658.699999999997,
ST01,SKU00785,EverydayPlus Pest Control 2L,Home Care,Pest Control,EverydayPlus,40.22589523809525,40.22589523809525,0.0,1,0.0,0.0,0.0,0.0,0.0,0.0,1,0,0,STOCKOUT,URGENT,41,269.35,192.16,0.0,0.0,7878.5599999999995,11043.35,
ST01,SKU00827,NutriPlus Energy Drinks Medium,Beverages,Energy Drinks,NutriPlus,12.119361904761904,12.119361904761904,0.0,1,0.0,0.0,0.0,0.0,0.0,0.0,1,0,0,STOCKOUT,URGENT,13,194.95,113.49,0.0,0.0,1475.37,2534.35,
ST01,SKU00868,HealthFirst Laundry Medium,Home Care,Laundry,HealthFirst,20.55299047619047,20.55299047619047,0.0,1,0.0,0.0,0.0,0.0,0.0,0.0,1,0,0,STOCKOUT,URGENT,21,139.73,106.41,0.0,0.0,2234.61,2934.33,
ST01,SKU01127,SunriseFoods Vitamins & Supplements 500ml,Health & Wellness,Vitamins & Supplements,SunriseFoods,3.999333333333333,3.999333333333333,0.0,1,0.0,0.0,0.0,0.0,0.0,0.0,1,0,0,STOCKOUT,URGENT,4,817.54,649.66,0.0,0.0,2598.64,3270.16,
ST01,SKU01270,NutriPlus Laundry Family Pack,Home Care,Laundry,NutriPlus,15.104814285714284,15.104814285714284,0.0,1,0.0,0.0,0.0,0.0,0.0,0.0,1,0,0,STOCKOUT,URGENT,16,282.8,184.48,0.0,0.0,2951.68,4524.8,
ST01,SKU01348,CityFresh Footwear 250ml,Apparel & Footwear,Footwear,CityFresh,3.2846523809523807,3.2846523809523807,0.0,1,0.0,0.0,0.0,0.0,0.0,0.0,1,0,0,STOCKOUT,URGENT,4,1179.87,785.57,0.0,0.0,3142.28,4719.48,
ST01,SKU01387,QuickBite Bottled Water Pack of 6,Beverages,Bottled Water,QuickBite,16.096999999999998,16.096999999999998,0.0,1,0.0,0.0,0.0,0.0,0.0,0.0,1,0,0,STOCKOUT,URGENT,17,236.41,149.16,0.0,0.0,2535.72,4018.97,
ST01,SKU01501,SunriseFoods Biscuits & Cookies Small,Snacks & Confectionery,Biscuits & Cookies,SunriseFoods,8.976,0.5984,2.3175932343705186,15,0.0,0.0,0.0,0.0,0.0,0.0,1,0,1,STOCKOUT,URGENT,9,99.7,55.18,0.0,0.0,496.62,897.3000000000001,
ST01,SKU01535,NutriPlus Hair Care 250ml,Personal Care,Hair Care,NutriPlus,7.0553333333333335,7.0553333333333335,0.0,1,0.0,0.0,0.0,0.0,0.0,0.0,1,0,0,STOCKOUT,URGENT,8,296.6,212.84,0.0,0.0,1702.72,2372.8,
ST01,SKU01537,QuickBite Laundry Large,Home Care,Laundry,QuickBite,14.046380952380952,14.046380952380952,0.0,1,0.0,0.0,0.0,0.0,0.0,0.0,1,0,0,STOCKOUT,URGENT,15,499.72,391.43,0.0,0.0,5871.45,7495.8,
ST01,SKU01578,TrueTaste Ice Cream 250ml,Frozen Foods,Ice Cream,TrueTaste,17.06853333333333,17.06853333333333,0.0,1,0.0,0.0,0.0,0.0,0.0,0.0,1,0,0,STOCKOUT,URGENT,18,540.35,338.5,0.0,0.0,6093.0,9726.300000000001,
ST01,SKU01908,SmartBuy Small Appliances Small,Electronics & Accessories,Small Appliances,SmartBuy,22.7435,22.7435,0.0,1,0.0,0.0,0.0,0.0,0.0,0.0,1,0,0,STOCKOUT,URGENT,23,2110.37,1602.59,0.0,0.0,36859.57,48538.509999999995,
ST01,SKU01932,EverydayPlus Energy Drinks 500g,Beverages,Energy Drinks,EverydayPlus,35.32479047619048,35.32479047619048,0.0,1,0.0,0.0,0.0,0.0,0.0,0.0,1,0,0,STOCKOUT,URGENT,36,181.98,130.66,0.0,0.0,4703.76,6551.28,
ST01,SKU02345,NutriPlus Pest Control Small,Home Care,Pest Control,NutriPlus,32.025717316017314,32.025717316017314,0.0,1,0.0,0.0,0.0,0.0,0.0,0.0,1,0,0,STOCKOUT,URGENT,33,335.5,251.12,0.0,0.0,8286.960000000001,11071.5,
ST01,SKU02440,GreenValley Oral Care 2L,Personal Care,Oral Care,GreenValley,20.85091428571428,20.85091428571428,0.0,1,0.0,0.0,0.0,0.0,0.0,0.0,1,0,0,STOCKOUT,URGENT,21,133.47,102.24,0.0,0.0,2147.04,2802.87,
ST01,SKU02754,FreshFarm OTC Medicine 1L,Health & Wellness,OTC Medicine,FreshFarm,11.942666666666666,11.942666666666666,0.0,1,0.0,0.0,0.0,0.0,0.0,0.0,1,0,0,STOCKOUT,URGENT,12,780.27,550.45,0.0,0.0,6605.400000000001,9363.24,
ST01,SKU02962,SoftTouch Footwear Large,Apparel & Footwear,Footwear,SoftTouch,17.075533333333333,17.075533333333333,0.0,1,0.0,0.0,0.0,0.0,0.0,0.0,1,0,0,STOCKOUT,URGENT,18,706.08,470.41,0.0,0.0,8467.380000000001,12709.44,
ST01,SKU03131,QuickBite Tea Pack of 6,Beverages,Tea,QuickBite,8.021428571428572,8.021428571428572,0.0,1,0.0,0.0,0.0,0.0,0.0,0.0,1,0,0,STOCKOUT,URGENT,9,51.77,28.71,0.0,0.0,258.39,465.93,
ST01,SKU03207,QuickBite Sugar & Salt 2L,Grocery,Sugar & Salt,QuickBite,9.309563492063493,9.309563492063493,0.0,1,0.0,0.0,0.0,0.0,0.0,0.0,1,0,0,STOCKOUT,URGENT,10,196.37,114.33,0.0,0.0,1143.3,1963.7,
ST01,SKU03493,CityFresh Office Supplies 500g,Stationery & Office,Office Supplies,CityFresh,19.81533333333333,19.81533333333333,0.0,1,0.0,0.0,0.0,0.0,0.0,0.0,1,0,0,STOCKOUT,URGENT,20,216.47,120.23,0.0,0.0,2404.6,4329.4,
ST01,SKU03502,ValueChoice Flour & Atta 1L,Grocery,Flour & Atta,ValueChoice,26.347047619047625,26.347047619047625,0.0,1,0.0,0.0,0.0,0.0,0.0,0.0,1,0,0,STOCKOUT,URGENT,27,100.1,75.15,0.0,0.0,2029.0500000000002,2702.7,
ST01,SKU03797,PremiumSelect Rice & Grains Small,Grocery,Rice & Grains,PremiumSelect,0.0,0.0,0.0,1,0.0,0.0,0.0,0.0,0.0,0.0,1,0,0,STOCKOUT,URGENT,0,361.59,261.89,0.0,0.0,0.0,0.0,
ST01,SKU03891,MetroBrand Eggs Medium,Dairy & Bakery,Eggs,MetroBrand,19.676133333333336,19.676133333333336,0.0,1,0.0,0.0,0.0,0.0,0.0,0.0,1,0,0,STOCKOUT,URGENT,20,159.69,112.65,0.0,0.0,2253.0,3193.8,
ST01,SKU03909,CityFresh Candy 250g,Snacks & Confectionery,Candy,CityFresh,1.008,1.008,0.0,1,0.0,0.0,0.0,0.0,0.0,0.0,1,0,0,STOCKOUT,URGENT,2,78.39,61.15,0.0,0.0,122.3,156.78,
ST01,SKU04383,CityFresh Batteries Family Pack,Electronics & Accessories,Batteries,CityFresh,7.021333333333333,7.021333333333333,0.0,1,0.0,0.0,0.0,0.0,0.0,0.0,1,0,0,STOCKOUT,URGENT,8,1576.66,1254.99,0.0,0.0,10039.92,12613.28,
ST01,SKU04539,CleanWave Pulses & Lentils 1L,Grocery,Pulses & Lentils,CleanWave,4.994,4.994,0.0,1,0.0,0.0,0.0,0.0,0.0,0.0,1,0,0,STOCKOUT,URGENT,5,221.53,142.19,0.0,0.0,710.95,1107.65,
ST01,SKU04599,FreshFarm Home Decor Pack of 12,Home & Kitchen,Home Decor,FreshFarm,58.27795238095234,58.27795238095234,0.0,1,0.0,0.0,0.0,0.0,0.0,0.0,1,0,0,STOCKOUT,URGENT,59,1987.33,1527.39,0.0,0.0,90116.01000000001,117252.47,
ST01,SKU04617,CrispKing Frozen Meat 500ml,Frozen Foods,Frozen Meat,CrispKing,22.15738095238096,22.15738095238096,0.0,1,0.0,0.0,0.0,0.0,0.0,0.0,1,0,0,STOCKOUT,URGENT,23,774.69,494.34,0.0,0.0,11369.82,17817.870000000003,
ST01,SKU04639,FamilyChoice Eggs 250ml,Dairy & Bakery,Eggs,FamilyChoice,32.347041125541125,32.347041125541125,0.0,1,0.0,0.0,0.0,0.0,0.0,0.0,1,0,0,STOCKOUT,URGENT,33,254.04,157.33,0.0,0.0,5191.89,8383.32,
ST01,SKU04646,ZestyCo Chocolates Small,Snacks & Confectionery,Chocolates,ZestyCo,13.9692,13.9692,0.0,1,0.0,37.0,9.0,0.0,-37.0,-9.0,1,0,0,STOCKOUT,URGENT,37,82.38,60.75,0.0,0.0,2247.75,3048.06,2025-08-04
ST01,SKU04676,DailyBest Dishwashing Large,Home Care,Dishwashing,DailyBest,26.841961904761902,26.841961904761902,0.0,1,0.0,0.0,0.0,0.0,0.0,0.0,1,0,0,STOCKOUT,URGENT,27,398.8,276.7,0.0,0.0,7470.9,10767.6,
ST01,SKU04923,NutriPlus Biscuits & Cookies 250ml,Snacks & Confectionery,Biscuits & Cookies,NutriPlus,5.0612,5.0612,0.0,1,0.0,0.0,0.0,0.0,0.0,0.0,1,0,0,STOCKOUT,URGENT,6,64.54,36.17,0.0,0.0,217.02,387.24,
ST01,SKU04980,FreshFarm OTC Medicine 2L,Health & Wellness,OTC Medicine,FreshFarm,15.902466666666667,15.902466666666667,0.0,1,0.0,0.0,0.0,0.0,0.0,0.0,1,0,0,STOCKOUT,URGENT,16,1147.16,785.92,0.0,0.0,12574.72,18354.56,
ST02,SKU00025,CityFresh Mobile Accessories Pack of 6,Electronics & Accessories,Mobile Accessories,CityFresh,6.992666666666667,6.992666666666667,0.0,1,0.0,0.0,0.0,0.0,0.0,0.0,1,0,0,STOCKOUT,URGENT,7,2441.35,1483.61,0.0,0.0,10385.269999999999,17089.45,
ST02,SKU00058,NutriPlus Office Supplies 2L,Stationery & Office,Office Supplies,NutriPlus,4.99,4.99,0.0,1,0.0,0.0,0.0,0.0,0.0,0.0,1,0,0,STOCKOUT,URGENT,5,95.03,69.93,0.0,0.0,349.65000000000003,475.15,
ST02,SKU00115,QuickBite Office Supplies Family Pack,Stationery & Office,Office Supplies,QuickBite,4.998,4.998,0.0,1,0.0,0.0,0.0,0.0,0.0,0.0,1,0,0,STOCKOUT,URGENT,5,45.82,26.2,0.0,0.0,131.0,229.1,
ST02,SKU00408,HomeStyle Cookware 1kg,Home & Kitchen,Cookware,HomeStyle,6.008666666666666,6.008666666666666,0.0,1,0.0,0.0,0.0,0.0,0.0,0.0,1,0,0,STOCKOUT,URGENT,7,1499.98,888.1,0.0,0.0,6216.7,10499.86,
ST02,SKU00459,UrbanBite Writing Instruments 250g,Stationery & Office,Writing Instruments,UrbanBite,15.980666666666664,15.980666666666664,0.0,1,0.0,0.0,0.0,0.0,0.0,0.0,1,0,0,STOCKOUT,URGENT,16,147.1,83.49,0.0,0.0,1335.84,2353.6,
ST02,SKU00760,SmartBuy Tea Medium,Beverages,Tea,SmartBuy,0.0,0.0,0.0,1,0.0,0.0,0.0,0.0,0.0,0.0,1,0,0,STOCKOUT,URGENT,0,54.33,37.72,0.0,0.0,0.0,0.0,
ST02,SKU00928,SoftTouch Juices 250g,Beverages,Juices,SoftTouch,4.002,4.002,0.0,1,0.0,0.0,0.0,0.0,0.0,0.0,1,0,0,STOCKOUT,URGENT,5,125.37,78.04,0.0,0.0,390.20000000000005,626.85,
ST02,SKU01004,CityFresh Storage & Containers 100g,Home & Kitchen,Storage & Containers,CityFresh,5.994800000000001,5.994800000000001,0.0,1,0.0,0.0,0.0,0.0,0.0,0.0,1,0,0,STOCKOUT,URGENT,6,2343.18,1497.72,0.0,0.0,8986.32,14059.079999999998,
ST02,SKU01023,CrispKing Men's Grooming Large,Personal Care,Men's Grooming,CrispKing,9.008,9.008,0.0,1,0.0,0.0,0.0,0.0,0.0,0.0,1,0,0,STOCKOUT,URGENT,10,526.16,382.68,0.0,0.0,3826.8,5261.599999999999,
ST02,SKU01244,GreenValley Batteries Pack of 6,Electronics & Accessories,Batteries,GreenValley,6.035466666666667,6.035466666666667,0.0,1,0.0,0.0,0.0,0.0,0.0,0.0,1,0,0,STOCKOUT,URGENT,7,2224.69,1316.93,0.0,0.0,9218.51,15572.83,
ST02,SKU01285,CrispKing Bread 500g,Dairy & Bakery,Bread,CrispKing,7.998733333333333,7.998733333333333,0.0,1,0.0,0.0,0.0,0.0,0.0,0.0,1,0,0,STOCKOUT,URGENT,8,370.92,245.17,0.0,0.0,1961.36,2967.36,
ST02,SKU01349,PurePlus Dishwashing 100g,Home Care,Dishwashing,PurePlus,2.995,2.995,0.0,1,0.0,0.0,0.0,0.0,0.0,0.0,1,0,0,STOCKOUT,URGENT,3,342.9,256.84,0.0,0.0,770.52,1028.6999999999998,
ST02,SKU01365,TrueTaste Candy Pack of 6,Snacks & Confectionery,Candy,TrueTaste,35.04420793650795,35.04420793650795,0.0,1,0.0,0.0,0.0,0.0,0.0,0.0,1,0,0,STOCKOUT,URGENT,36,57.76,38.36,0.0,0.0,1380.96,2079.36,
ST02,SKU01403,PureLife Frozen Vegetables Medium,Frozen Foods,Frozen Vegetables,PureLife,4.021199999999999,4.021199999999999,0.0,1,0.0,0.0,0.0,0.0,0.0,0.0,1,0,0,STOCKOUT,URGENT,5,734.76,443.37,0.0,0.0,2216.85,3673.8,
ST02,SKU01624,GoldenHarvest Oral Care Family Pack,Personal Care,Oral Care,GoldenHarvest,4.031,4.031,0.0,1,0.0,0.0,0.0,0.0,0.0,0.0,1,0,0,STOCKOUT,URGENT,5,498.35,277.7,0.0,0.0,1388.5,2491.75,
ST02,SKU01735,HealthFirst Vitamins & Supplements 100g,Health & Wellness,Vitamins & Supplements,HealthFirst,6.002,6.002,0.0,1,0.0,0.0,0.0,0.0,0.0,0.0,1,0,0,STOCKOUT,URGENT,7,997.19,591.26,0.0,0.0,4138.82,6980.33,
ST02,SKU01749,HealthFirst Small Appliances 2kg,Electronics & Accessories,Small Appliances,HealthFirst,4.019466666666666,4.019466666666666,0.0,1,0.0,0.0,0.0,0.0,0.0,0.0,1,0,0,STOCKOUT,URGENT,5,1682.32,972.66,0.0,0.0,4863.3,8411.6,
ST02,SKU01811,SmartBuy Cookware 250g,Home & Kitchen,Cookware,SmartBuy,10.9792,10.9792,0.0,1,0.0,0.0,0.0,0.0,0.0,0.0,1,0,0,STOCKOUT,URGENT,11,1351.94,865.14,0.0,0.0,9516.539999999999,14871.34,
ST02,SKU01996,NovaFresh Dishwashing Medium,Home Care,Dishwashing,NovaFresh,8.074666666666666,8.074666666666666,0.0,1,0.0,0.0,0.0,0.0,0.0,0.0,1,0,0,STOCKOUT,URGENT,9,333.67,260.3,0.0,0.0,2342.7000000000003,3003.03,
ST02,SKU02073,MetroBrand Cooking Oil 500g,Grocery,Cooking Oil,MetroBrand,6.032,0.2741818181818182,1.2860267210570422,22,0.0,0.0,0.0,0.0,0.0,0.0,1,0,1,STOCKOUT,URGENT,7,463.5,354.42,0.0,0.0,2480.94,3244.5,
ST02,SKU02366,GreenValley Women's Wear 500g,Apparel & Footwear,Women's Wear,GreenValley,13.950666666666669,13.950666666666669,0.0,1,0.0,0.0,0.0,0.0,0.0,0.0,1,0,0,STOCKOUT,URGENT,14,1439.58,1036.46,0.0,0.0,14510.44,20154.12,
ST02,SKU02369,SparkleClean Juices 1kg,Beverages,Juices,SparkleClean,16.919266666666665,16.919266666666665,0.0,1,0.0,0.0,0.0,0.0,0.0,0.0,1,0,0,STOCKOUT,URGENT,17,162.77,118.4,0.0,0.0,2012.8000000000002,2767.09,
ST02,SKU02457,NutriPlus Ice Cream Family Pack,Frozen Foods,Ice Cream,NutriPlus,14.64133492063492,14.64133492063492,0.0,1,0.0,0.0,0.0,0.0,0.0,0.0,1,0,0,STOCKOUT,URGENT,15,822.17,631.31,0.0,0.0,9469.65,12332.55,
ST02,SKU02521,FamilyChoice Men's Wear 250ml,Apparel & Footwear,Men's Wear,FamilyChoice,18.809171428571425,18.809171428571425,0.0,1,0.0,0.0,0.0,0.0,0.0,0.0,1,0,0,STOCKOUT,URGENT,19,1790.1,1418.71,0.0,0.0,26955.49,34011.9,
ST02,SKU02609,BasicNeeds Men's Grooming 250ml,Personal Care,Men's Grooming,BasicNeeds,12.868333333333334,12.868333333333334,0.0,1,0.0,0.0,0.0,0.0,0.0,0.0,1,0,0,STOCKOUT,URGENT,13,391.85,256.26,0.0,0.0,3331.38,5094.05,
ST02,SKU02625,UrbanBite Frozen Vegetables 1kg,Frozen Foods,Frozen Vegetables,UrbanBite,15.988,15.988,0.0,1,0.0,0.0,0.0,0.0,0.0,0.0,1,0,0,STOCKOUT,URGENT,16,621.46,342.56,0.0,0.0,5480.96,9943.36,
ST02,SKU02679,MetroBrand First Aid Small,Health & Wellness,First Aid,MetroBrand,7.0264,7.0264,0.0,1,0.0,0.0,0.0,0.0,0.0,0.0,1,0,0,STOCKOUT,URGENT,8,611.77,486.7,0.0,0.0,3893.6,4894.16,
ST02,SKU02752,FreshFarm Women's Wear 2kg,Apparel & Footwear,Women's Wear,FreshFarm,7.977666666666667,7.977666666666667,0.0,1,0.0,0.0,0.0,0.0,0.0,0.0,1,0,0,STOCKOUT,URGENT,8,705.99,494.74,0.0,0.0,3957.92,5647.92,
ST02,SKU02879,CrispKing Chocolates 1kg,Snacks & Confectionery,Chocolates,CrispKing,3.026666666666667,3.026666666666667,0.0,1,0.0,0.0,0.0,0.0,0.0,0.0,1,0,0,STOCKOUT,URGENT,4,131.72,94.1,0.0,0.0,376.4,526.88,
ST02,SKU02920,EverydayPlus Rice & Grains 500ml,Grocery,Rice & Grains,EverydayPlus,28.098961904761893,28.098961904761893,0.0,1,0.0,0.0,0.0,0.0,0.0,0.0,1,0,0,STOCKOUT,URGENT,29,68.47,48.34,0.0,0.0,1401.8600000000001,1985.6299999999999,
ST02,SKU02985,TrueTaste Small Appliances 2kg,Electronics & Accessories,Small Appliances,TrueTaste,15.766222222222224,15.766222222222224,0.0,1,0.0,0.0,0.0,0.0,0.0,0.0,1,0,0,STOCKOUT,URGENT,16,720.58,566.22,0.0,0.0,9059.52,11529.28,
ST02,SKU03054,GreenValley Tea 1L,Beverages,Tea,GreenValley,8.267866666666668,8.267866666666668,0.0,1,0.0,0.0,0.0,0.0,0.0,0.0,1,0,0,STOCKOUT,URGENT,9,90.66,62.69,0.0,0.0,564.21,815.9399999999999,
ST02,SKU03174,FamilyChoice Vitamins & Supplements Medium,Health & Wellness,Vitamins & Supplements,FamilyChoice,14.24639682539683,14.24639682539683,0.0,1,0.0,0.0,0.0,0.0,0.0,0.0,1,0,0,STOCKOUT,URGENT,15,1052.39,668.06,0.0,0.0,10020.9,15785.850000000002,
ST02,SKU03326,EliteHome Candy Pack of 12,Snacks & Confectionery,Candy,EliteHome,1.032,1.032,0.0,1,0.0,0.0,0.0,0.0,0.0,0.0,1,0,0,STOCKOUT,URGENT,2,42.13,29.45,0.0,0.0,58.9,84.26,
ST02,SKU03808,HealthFirst Small Appliances 2kg,Electronics & Accessories,Small Appliances,HealthFirst,7.951733333333332,7.951733333333332,0.0,1,0.0,0.0,0.0,0.0,0.0,0.0,1,0,0,STOCKOUT,URGENT,8,1626.96,997.45,0.0,0.0,7979.6,13015.68,
ST02,SKU04205,FamilyChoice Surface Cleaners 1kg,Home Care,Surface Cleaners,FamilyChoice,0.0,0.0,0.0,1,0.0,0.0,0.0,0.0,0.0,0.0,1,0,0,STOCKOUT,URGENT,0,318.36,179.43,0.0,0.0,0.0,0.0,
ST02,SKU04360,ValueChoice Office Supplies Pack of 6,Stationery & Office,Office Supplies,ValueChoice,8.992333333333335,8.992333333333335,0.0,1,0.0,0.0,0.0,0.0,0.0,0.0,1,0,0,STOCKOUT,URGENT,9,133.98,100.11,0.0,0.0,900.99,1205.82,
ST02,SKU04596,ValueChoice Eggs Pack of 6,Dairy & Bakery,Eggs,ValueChoice,17.893719047619047,17.893719047619047,0.0,1,0.0,0.0,0.0,0.0,0.0,0.0,1,0,0,STOCKOUT,URGENT,18,335.55,242.79,0.0,0.0,4370.22,6039.900000000001,
ST02,SKU04606,NatureBlend OTC Medicine Medium,Health & Wellness,OTC Medicine,NatureBlend,6.9909333333333326,6.9909333333333326,0.0,1,0.0,0.0,0.0,0.0,0.0,0.0,1,0,0,STOCKOUT,URGENT,7,1007.37,798.22,0.0,0.0,5587.54,7051.59,
ST02,SKU04860,MetroBrand Milk 2kg,Dairy & Bakery,Milk,MetroBrand,9.003,9.003,0.0,1,0.0,0.0,0.0,0.0,0.0,0.0,1,0,0,STOCKOUT,URGENT,10,142.95,102.09,0.0,0.0,1020.9000000000001,1429.5,
ST02,SKU04995,NutriPlus Vitamins & Supplements 500ml,Health & Wellness,Vitamins & Supplements,NutriPlus,9.982266666666666,9.982266666666666,0.0,1,0.0,0.0,0.0,0.0,0.0,0.0,1,0,0,STOCKOUT,URGENT,10,1081.35,734.54,0.0,0.0,7345.4,10813.5,
ST03,SKU00091,PureLife Bottled Water 2L,Beverages,Bottled Water,PureLife,16.1028,16.1028,0.0,1,0.0,0.0,0.0,0.0,0.0,0.0,1,0,0,STOCKOUT,URGENT,17,223.64,123.16,0.0,0.0,2093.72,3801.8799999999997,
ST03,SKU00172,CityFresh Energy Drinks 500ml,Beverages,Energy Drinks,CityFresh,24.39312409812409,24.39312409812409,0.0,1,0.0,0.0,0.0,0.0,0.0,0.0,1,0,0,STOCKOUT,URGENT,25,112.18,75.2,0.0,0.0,1880.0,2804.5,
ST03,SKU00474,GoldenHarvest Pest Control 2L,Home Care,Pest Control,GoldenHarvest,40.35048412698414,40.35048412698414,0.0,1,0.0,0.0,0.0,0.0,0.0,0.0,1,0,0,STOCKOUT,URGENT,41,102.76,66.11,0.0,0.0,2710.5099999999998,4213.16,
ST03,SKU00593,SunriseFoods OTC Medicine Family Pack,Health & Wellness,OTC Medicine,SunriseFoods,22.02279365079367,22.02279365079367,0.0,1,0.0,0.0,0.0,0.0,0.0,0.0,1,0,0,STOCKOUT,URGENT,23,760.94,570.95,0.0,0.0,13131.85,17501.620000000003,
ST03,SKU00616,HealthFirst Kids Wear 2kg,Apparel & Footwear,Kids Wear,HealthFirst,12.0092,12.0092,0.0,1,0.0,0.0,0.0,0.0,0.0,0.0,1,0,0,STOCKOUT,URGENT,13,2580.43,1762.9,0.0,0.0,22917.7,33545.59,
ST03,SKU00673,GreenValley Energy Drinks 500g,Beverages,Energy Drinks,GreenValley,24.19597142857142,24.19597142857142,0.0,1,0.0,0.0,0.0,0.0,0.0,0.0,1,0,0,STOCKOUT,URGENT,25,139.56,85.76,0.0,0.0,2144.0,3489.0,
ST03,SKU00709,UrbanBite Batteries 1kg,Electronics & Accessories,Batteries,UrbanBite,19.029033333333334,19.029033333333334,0.0,1,0.0,0.0,0.0,0.0,0.0,0.0,1,0,0,STOCKOUT,URGENT,20,2238.13,1480.64,0.0,0.0,29612.800000000003,44762.600000000006,
ST03,SKU00945,SparkleClean Cheese 1kg,Dairy & Bakery,Cheese,SparkleClean,15.356888888888893,15.356888888888893,0.0,1,0.0,0.0,0.0,0.0,0.0,0.0,1,0,0,STOCKOUT,URGENT,16,131.35,80.84,0.0,0.0,1293.44,2101.6,
ST03,SKU00967,CleanWave Office Supplies Large,Stationery & Office,Office Supplies,CleanWave,33.639133333333334,33.639133333333334,0.0,1,0.0,0.0,0.0,0.0,0.0,0.0,1,0,0,STOCKOUT,URGENT,34,64.98,45.29,0.0,0.0,1539.86,2209.32,
ST03,SKU01180,CrispKing Bath & Body 250ml,Personal Care,Bath & Body,CrispKing,0.0,0.0,0.0,43,0.0,0.0,0.0,0.0,0.0,0.0,1,0,0,STOCKOUT,URGENT,0,450.33,315.33,0.0,0.0,0.0,0.0,
ST03,SKU01293,ZestyCo Writing Instruments Family Pack,Stationery & Office,Writing Instruments,ZestyCo,14.041333333333334,14.041333333333334,0.0,1,0.0,0.0,0.0,0.0,0.0,0.0,1,0,0,STOCKOUT,URGENT,15,228.78,151.47,0.0,0.0,2272.05,3431.7,
ST03,SKU01552,CityFresh Chips & Crisps Large,Snacks & Confectionery,Chips & Crisps,CityFresh,10.0204,10.0204,0.0,1,0.0,0.0,0.0,0.0,0.0,0.0,1,0,0,STOCKOUT,URGENT,11,215.66,149.9,0.0,0.0,1648.9,2372.2599999999998,
ST03,SKU01557,NatureBlend Notebooks Small,Stationery & Office,Notebooks,NatureBlend,26.24698412698413,26.24698412698413,0.0,1,0.0,0.0,0.0,0.0,0.0,0.0,1,0,0,STOCKOUT,URGENT,27,93.65,54.89,0.0,0.0,1482.03,2528.55,
ST03,SKU01907,EliteHome Batteries Family Pack,Electronics & Accessories,Batteries,EliteHome,13.936933333333334,13.936933333333334,0.0,1,0.0,0.0,0.0,0.0,0.0,0.0,1,0,0,STOCKOUT,URGENT,14,1736.27,1302.99,0.0,0.0,18241.86,24307.78,
ST03,SKU02085,PureLife First Aid 250ml,Health & Wellness,First Aid,PureLife,6.017999999999999,6.017999999999999,0.0,1,0.0,0.0,0.0,0.0,0.0,0.0,1,0,0,STOCKOUT,URGENT,7,1199.89,738.12,0.0,0.0,5166.84,8399.230000000001,
ST03,SKU02115,ZestyCo Tea 250ml,Beverages,Tea,ZestyCo,33.377231746031754,33.377231746031754,0.0,1,0.0,0.0,0.0,0.0,0.0,0.0,1,0,0,STOCKOUT,URGENT,34,112.03,62.25,0.0,0.0,2116.5,3809.02,
ST03,SKU02143,SoftTouch Biscuits & Cookies Pack of 6,Snacks & Confectionery,Biscuits & Cookies,SoftTouch,3.0,3.0,0.0,1,0.0,0.0,0.0,0.0,0.0,0.0,1,0,0,STOCKOUT,URGENT,3,88.64,66.9,0.0,0.0,200.70000000000002,265.92,
ST03,SKU02292,EverydayPlus Flour & Atta Medium,Grocery,Flour & Atta,EverydayPlus,2.743895238095239,0.1614056022408964,0.6654923466056464,17,0.0,0.0,0.0,0.0,0.0,0.0,1,0,1,STOCKOUT,URGENT,3,283.47,217.59,0.0,0.0,652.77,850.4100000000001,
ST03,SKU02719,MetroBrand Storage & Containers Pack of 6,Home & Kitchen,Storage & Containers,MetroBrand,4.913901587301588,0.30711884920634924,1.228475396825397,16,0.0,0.0,0.0,0.0,0.0,0.0,1,0,1,STOCKOUT,URGENT,5,1796.28,1106.92,0.0,0.0,5534.6,8981.4,
ST03,SKU02891,PurePlus Men's Grooming 1L,Personal Care,Men's Grooming,PurePlus,4.963333333333333,4.963333333333333,0.0,1,0.0,0.0,0.0,0.0,0.0,0.0,1,0,0,STOCKOUT,URGENT,5,514.58,384.81,0.0,0.0,1924.05,2572.9,
ST03,SKU02892,CityFresh Cheese 2kg,Dairy & Bakery,Cheese,CityFresh,8.006933333333333,8.006933333333333,0.0,1,0.0,0.0,0.0,0.0,0.0,0.0,1,0,0,STOCKOUT,URGENT,9,77.05,46.22,0.0,0.0,415.98,693.4499999999999,
ST03,SKU03008,CityFresh Notebooks 100g,Stationery & Office,Notebooks,CityFresh,4.012733333333333,4.012733333333333,0.0,1,0.0,0.0,0.0,0.0,0.0,0.0,1,0,0,STOCKOUT,URGENT,5,281.2,154.92,0.0,0.0,774.5999999999999,1406.0,
ST03,SKU03146,NovaFresh Kids Wear 500ml,Apparel & Footwear,Kids Wear,NovaFresh,6.973333333333334,6.973333333333334,0.0,1,0.0,0.0,0.0,0.0,0.0,0.0,1,0,0,STOCKOUT,URGENT,7,1279.79,903.11,0.0,0.0,6321.77,8958.529999999999,
ST03,SKU03360,EverydayPlus Men's Grooming Medium,Personal Care,Men's Grooming,EverydayPlus,17.379014285714284,17.379014285714284,0.0,1,0.0,0.0,0.0,0.0,0.0,0.0,1,0,0,STOCKOUT,URGENT,18,346.96,267.65,0.0,0.0,4817.7,6245.28,
ST03,SKU03383,NovaFresh Pulses & Lentils 1kg,Grocery,Pulses & Lentils,NovaFresh,26.073192063492066,26.073192063492066,0.0,1,0.0,0.0,0.0,0.0,0.0,0.0,1,0,0,STOCKOUT,URGENT,27,214.46,157.28,0.0,0.0,4246.56,5790.42,
ST03,SKU03576,DailyBest Writing Instruments Pack of 6,Stationery & Office,Writing Instruments,DailyBest,38.17772813852813,2.0093541125541123,8.758571518411227,19,0.0,0.0,0.0,0.0,0.0,0.0,1,0,1,STOCKOUT,URGENT,39,61.97,43.79,0.0,0.0,1707.81,2416.83,
ST03,SKU03601,PrimeCare Frozen Vegetables Medium,Frozen Foods,Frozen Vegetables,PrimeCare,6.043666666666667,6.043666666666667,0.0,1,0.0,0.0,0.0,0.0,0.0,0.0,1,0,0,STOCKOUT,URGENT,7,790.24,615.31,0.0,0.0,4307.17,5531.68,
ST03,SKU03659,DailyBest Ready Meals Small,Frozen Foods,Ready Meals,DailyBest,5.000333333333334,5.000333333333334,0.0,1,0.0,0.0,0.0,0.0,0.0,0.0,1,0,0,STOCKOUT,URGENT,6,484.55,341.19,0.0,0.0,2047.1399999999999,2907.3,
ST03,SKU03688,FreshFarm Vitamins & Supplements 1L,Health & Wellness,Vitamins & Supplements,FreshFarm,2.975,2.975,0.0,1,0.0,0.0,0.0,0.0,0.0,0.0,1,0,0,STOCKOUT,URGENT,3,671.66,470.66,0.0,0.0,1411.98,2014.98,
ST03,SKU03772,CleanWave First Aid Large,Health & Wellness,First Aid,CleanWave,23.670019047619054,23.670019047619054,0.0,1,0.0,0.0,0.0,0.0,0.0,0.0,1,0,0,STOCKOUT,URGENT,24,245.96,188.41,0.0,0.0,4521.84,5903.04,
ST03,SKU03785,PremiumSelect Biscuits & Cookies Medium,Snacks & Confectionery,Biscuits & Cookies,PremiumSelect,23.1451468975469,23.1451468975469,0.0,1,0.0,0.0,0.0,0.0,0.0,0.0,1,0,0,STOCKOUT,URGENT,24,233.48,160.77,0.0,0.0,3858.4800000000005,5603.5199999999995,
ST03,SKU03952,CityFresh Notebooks Large,Stationery & Office,Notebooks,CityFresh,18.9952,18.9952,0.0,1,0.0,0.0,0.0,0.0,0.0,0.0,1,0,0,STOCKOUT,URGENT,19,382.65,258.83,0.0,0.0,4917.7699999999995,7270.349999999999,
ST03,SKU04027,GreenValley Milk Large,Dairy & Bakery,Milk,GreenValley,10.031733333333332,10.031733333333332,0.0,1,0.0,0.0,0.0,0.0,0.0,0.0,1,0,0,STOCKOUT,URGENT,11,118.29,73.45,0.0,0.0,807.95,1301.19,
ST03,SKU04164,PremiumSelect Energy Drinks 500ml,Beverages,Energy Drinks,PremiumSelect,18.12286666666666,18.12286666666666,0.0,1,0.0,0.0,0.0,0.0,0.0,0.0,1,0,0,STOCKOUT,URGENT,19,159.68,121.31,0.0,0.0,2304.89,3033.92,
ST03,SKU04418,GreenValley Batteries 1kg,Electronics & Accessories,Batteries,GreenValley,30.1492507936508,30.1492507936508,0.0,1,0.0,0.0,0.0,0.0,0.0,0.0,1,0,0,STOCKOUT,URGENT,31,3188.54,2485.69,0.0,0.0,77056.39,98844.74,
ST03,SKU04515,PrimeCare Milk Pack of 12,Dairy & Bakery,Milk,PrimeCare,15.740733333333337,15.740733333333337,0.0,1,0.0,0.0,0.0,0.0,0.0,0.0,1,0,0,STOCKOUT,URGENT,16,244.19,152.52,0.0,0.0,2440.32,3907.04,
ST03,SKU04746,SoftTouch Bath & Body 1kg,Personal Care,Bath & Body,SoftTouch,18.403009523809526,18.403009523809526,0.0,1,0.0,0.0,0.0,0.0,0.0,0.0,1,0,0,STOCKOUT,URGENT,19,364.33,279.55,0.0,0.0,5311.45,6922.2699999999995,
ST03,SKU04788,HealthFirst Vitamins & Supplements 500g,Health & Wellness,Vitamins & Supplements,HealthFirst,15.013214285714286,15.013214285714286,0.0,1,0.0,0.0,0.0,0.0,0.0,0.0,1,0,0,STOCKOUT,URGENT,16,583.18,345.34,0.0,0.0,5525.44,9330.88,
ST03,SKU04903,EliteHome Office Supplies 500g,Stationery & Office,Office Supplies,EliteHome,14.202,14.202,0.0,1,0.0,0.0,0.0,0.0,0.0,0.0,1,0,0,STOCKOUT,URGENT,15,237.98,156.16,0.0,0.0,2342.4,3569.7,
ST03,SKU04925,CleanWave Coffee Family Pack,Beverages,Coffee,CleanWave,11.009666666666664,11.009666666666664,0.0,1,0.0,0.0,0.0,0.0,0.0,0.0,1,0,0,STOCKOUT,URGENT,12,136.47,97.01,0.0,0.0,1164.1200000000001,1637.6399999999999,
ST04,SKU00065,BasicNeeds Small Appliances 500g,Electronics & Accessories,Small Appliances,BasicNeeds,24.60318095238095,24.60318095238095,0.0,1,0.0,0.0,0.0,0.0,0.0,0.0,1,0,0,STOCKOUT,URGENT,25,964.12,749.86,0.0,0.0,18746.5,24103.0,
ST04,SKU00122,MetroBrand Cooking Oil 100g,Grocery,Cooking Oil,MetroBrand,17.85493333333333,17.85493333333333,0.0,1,0.0,0.0,0.0,0.0,0.0,0.0,1,0,0,STOCKOUT,URGENT,18,159.98,114.13,0.0,0.0,2054.34,2879.64,
ST04,SKU00156,SunriseFoods Coffee 1L,Beverages,Coffee,SunriseFoods,20.039580952380945,20.039580952380945,0.0,1,0.0,0.0,0.0,0.0,0.0,0.0,1,0,0,STOCKOUT,URGENT,21,164.3,103.08,0.0,0.0,2164.68,3450.3,
ST04,SKU00276,NatureBlend Biscuits & Cookies 500ml,Snacks & Confectionery,Biscuits & Cookies,NatureBlend,4.006,4.006,0.0,1,0.0,0.0,0.0,0.0,0.0,0.0,1,0,0,STOCKOUT,URGENT,5,50.27,39.39,0.0,0.0,196.95,251.35000000000002,
ST04,SKU00444,CityFresh Writing Instruments 1kg,Stationery & Office,Writing Instruments,CityFresh,8.007000000000001,8.007000000000001,0.0,1,0.0,0.0,0.0,0.0,0.0,0.0,1,0,0,STOCKOUT,URGENT,9,165.41,110.42,0.0,0.0,993.78,1488.69,
ST04,SKU00596,NovaFresh Skin Care 1kg,Personal Care,Skin Care,NovaFresh,55.84013650793651,55.84013650793651,0.0,1,0.0,0.0,0.0,0.0,0.0,0.0,1,0,0,STOCKOUT,URGENT,56,468.99,308.16,0.0,0.0,17256.960000000003,26263.440000000002,
ST04,SKU00956,CleanWave Namkeen Large,Snacks & Confectionery,Namkeen,CleanWave,15.368422222222229,15.368422222222229,0.0,1,0.0,0.0,0.0,0.0,0.0,0.0,1,0,0,STOCKOUT,URGENT,16,78.37,52.5,0.0,0.0,840.0,1253.92,
ST04,SKU01013,ValueChoice Cookware Pack of 12,Home & Kitchen,Cookware,ValueChoice,18.07220000000001,18.07220000000001,0.0,1,0.0,0.0,0.0,0.0,0.0,0.0,1,0,0,STOCKOUT,URGENT,19,964.27,546.62,0.0,0.0,10385.78,18321.13,
ST04,SKU01028,SunriseFoods Chocolates 500ml,Snacks & Confectionery,Chocolates,SunriseFoods,7.0,7.0,0.0,1,0.0,0.0,0.0,0.0,0.0,0.0,1,0,0,STOCKOUT,URGENT,7,120.24,78.98,0.0,0.0,552.86,841.68,
ST04,SKU01164,SmartBuy Cookware Large,Home & Kitchen,Cookware,SmartBuy,5.9943333333333335,5.9943333333333335,0.0,1,0.0,35.0,9.0,0.0,-35.0,-9.0,1,0,0,STOCKOUT,URGENT,35,241.81,152.68,0.0,0.0,5343.8,8463.35,2025-08-09
ST04,SKU01215,PremiumSelect Ready Meals Large,Frozen Foods,Ready Meals,PremiumSelect,21.153249206349216,21.153249206349216,0.0,1,0.0,0.0,0.0,0.0,0.0,0.0,1,0,0,STOCKOUT,URGENT,22,268.96,180.07,0.0,0.0,3961.54,5917.12,
ST04,SKU01313,EliteHome Pulses & Lentils 2L,Grocery,Pulses & Lentils,EliteHome,15.275723809523814,15.275723809523814,0.0,1,0.0,0.0,0.0,0.0,0.0,0.0,1,0,0,STOCKOUT,URGENT,16,438.16,268.64,0.0,0.0,4298.24,7010.56,
ST04,SKU01372,DailyBest Mobile Accessories 250ml,Electronics & Accessories,Mobile Accessories,DailyBest,12.972,12.972,0.0,1,0.0,0.0,0.0,0.0,0.0,0.0,1,0,0,STOCKOUT,URGENT,13,1572.73,965.07,0.0,0.0,12545.91,20445.49,
ST04,SKU01479,SunriseFoods Oral Care Family Pack,Personal Care,Oral Care,SunriseFoods,6.979333333333334,6.979333333333334,0.0,1,0.0,0.0,0.0,0.0,0.0,0.0,1,0,0,STOCKOUT,URGENT,7,425.66,271.53,0.0,0.0,1900.7099999999998,2979.6200000000003,
ST04,SKU01488,CleanWave Vitamins & Supplements 2kg,Health & Wellness,Vitamins & Supplements,CleanWave,3.9986666666666655,3.9986666666666655,0.0,1,0.0,0.0,0.0,0.0,0.0,0.0,1,0,0,STOCKOUT,URGENT,4,612.26,462.23,0.0,0.0,1848.92,2449.04,
ST04,SKU01494,PremiumSelect First Aid 2L,Health & Wellness,First Aid,PremiumSelect,2.0066666666666664,2.0066666666666664,0.0,1,0.0,0.0,0.0,0.0,0.0,0.0,1,0,0,STOCKOUT,URGENT,3,1136.73,646.36,0.0,0.0,1939.08,3410.19,
ST04,SKU01894,FamilyChoice Small Appliances 250ml,Electronics & Accessories,Small Appliances,FamilyChoice,30.49932222222223,30.49932222222223,0.0,1,0.0,0.0,0.0,0.0,0.0,0.0,1,0,0,STOCKOUT,URGENT,31,620.89,349.82,0.0,0.0,10844.42,19247.59,
ST04,SKU01943,BasicNeeds Women's Wear Medium,Apparel & Footwear,Women's Wear,BasicNeeds,14.046,14.046,0.0,1,0.0,0.0,0.0,0.0,0.0,0.0,1,0,0,STOCKOUT,URGENT,15,1053.43,781.61,0.0,0.0,11724.15,15801.45,
ST04,SKU01972,QuickBite Office Supplies 2kg,Stationery & Office,Office Supplies,QuickBite,32.08589365079366,32.08589365079366,0.0,1,0.0,0.0,0.0,0.0,0.0,0.0,1,0,0,STOCKOUT,URGENT,33,81.24,48.03,0.0,0.0,1584.99,2680.9199999999996,
ST04,SKU02555,GreenValley Sugar & Salt 1kg,Grocery,Sugar & Salt,GreenValley,17.932800000000004,17.932800000000004,0.0,1,0.0,0.0,0.0,0.0,0.0,0.0,1,0,0,STOCKOUT,URGENT,18,473.51,323.44,0.0,0.0,5821.92,8523.18,
ST04,SKU02641,PurePlus Office Supplies 1L,Stationery & Office,Office Supplies,PurePlus,21.198866666666667,21.198866666666667,0.0,1,0.0,0.0,0.0,0.0,0.0,0.0,1,0,0,STOCKOUT,URGENT,22,63.06,50.15,0.0,0.0,1103.3,1387.3200000000002,
ST04,SKU02697,PrimeCare Cookware 250g,Home & Kitchen,Cookware,PrimeCare,7.068666666666667,7.068666666666667,0.0,1,0.0,0.0,0.0,0.0,0.0,0.0,1,0,0,STOCKOUT,URGENT,8,292.68,201.27,0.0,0.0,1610.16,2341.44,
ST04,SKU02785,PremiumSelect Kids Wear 500ml,Apparel & Footwear,Kids Wear,PremiumSelect,9.956733333333332,9.956733333333332,0.0,1,0.0,0.0,0.0,0.0,0.0,0.0,1,0,0,STOCKOUT,URGENT,10,1136.58,744.26,0.0,0.0,7442.6,11365.8,
ST04,SKU02856,EliteHome Men's Grooming 1L,Personal Care,Men's Grooming,EliteHome,8.208390476190475,8.208390476190475,0.0,1,0.0,0.0,0.0,0.0,0.0,0.0,1,0,0,STOCKOUT,URGENT,9,211.45,164.82,0.0,0.0,1483.3799999999999,1903.05,
ST04,SKU02943,NatureBlend Batteries 1L,Electronics & Accessories,Batteries,NatureBlend,29.8523746031746,29.8523746031746,0.0,1,0.0,0.0,0.0,0.0,0.0,0.0,1,0,0,STOCKOUT,URGENT,30,909.95,514.91,0.0,0.0,15447.3,27298.5,
ST04,SKU03083,ZestyCo Small Appliances 500g,Electronics & Accessories,Small Appliances,ZestyCo,0.0,0.0,0.0,1,0.0,0.0,0.0,0.0,0.0,0.0,1,0,0,STOCKOUT,URGENT,0,763.32,419.85,0.0,0.0,0.0,0.0,
ST04,SKU03372,PurePlus Yogurt Family Pack,Dairy & Bakery,Yogurt,PurePlus,7.47784126984127,7.47784126984127,0.0,1,0.0,0.0,0.0,0.0,0.0,0.0,1,0,0,STOCKOUT,URGENT,8,279.34,165.79,0.0,0.0,1326.32,2234.72,
ST04,SKU03669,QuickBite OTC Medicine Large,Health & Wellness,OTC Medicine,QuickBite,2.016,2.016,0.0,1,0.0,0.0,0.0,0.0,0.0,0.0,1,0,0,STOCKOUT,URGENT,3,1245.54,850.93,0.0,0.0,2552.79,3736.62,
ST04,SKU03697,EverydayPlus Men's Wear 500ml,Apparel & Footwear,Men's Wear,EverydayPlus,5.0216,5.0216,0.0,1,0.0,0.0,0.0,0.0,0.0,0.0,1,0,0,STOCKOUT,URGENT,6,2871.26,1832.0,0.0,0.0,10992.0,17227.56,
ST04,SKU03755,SoftTouch Storage & Containers Pack of 6,Home & Kitchen,Storage & Containers,SoftTouch,11.004666666666669,11.004666666666669,0.0,1,0.0,0.0,0.0,0.0,0.0,0.0,1,0,0,STOCKOUT,URGENT,12,1185.42,915.44,0.0,0.0,10985.28,14225.04,
ST04,SKU03806,HomeStyle Notebooks Small,Stationery & Office,Notebooks,HomeStyle,18.13303809523809,18.13303809523809,0.0,1,0.0,0.0,0.0,0.0,0.0,0.0,1,0,0,STOCKOUT,URGENT,19,81.99,49.95,0.0,0.0,949.0500000000001,1557.81,
ST04,SKU03872,DailyBest Flour & Atta 2L,Grocery,Flour & Atta,DailyBest,3.9978000000000007,0.9994500000000002,1.9989000000000001,4,0.0,0.0,0.0,0.0,0.0,0.0,1,0,1,STOCKOUT,URGENT,4,403.77,286.18,0.0,0.0,1144.72,1615.08,
ST04,SKU04014,PremiumSelect Namkeen 100g,Snacks & Confectionery,Namkeen,PremiumSelect,18.179466666666663,18.179466666666663,0.0,1,0.0,0.0,0.0,0.0,0.0,0.0,1,0,0,STOCKOUT,URGENT,19,76.21,48.58,0.0,0.0,923.02,1447.9899999999998,
ST04,SKU04015,SoftTouch Small Appliances Family Pack,Electronics & Accessories,Small Appliances,SoftTouch,12.003666666666666,12.003666666666666,0.0,1,0.0,0.0,0.0,0.0,0.0,0.0,1,0,0,STOCKOUT,URGENT,13,1698.51,1044.34,0.0,0.0,13576.419999999998,22080.63,
ST04,SKU04218,CleanWave Coffee 2kg,Beverages,Coffee,CleanWave,10.096866666666669,10.096866666666669,0.0,1,0.0,0.0,0.0,0.0,0.0,0.0,1,0,0,STOCKOUT,URGENT,11,96.37,67.24,0.0,0.0,739.64,1060.0700000000002,
ST04,SKU04279,ValueChoice Women's Wear Pack of 12,Apparel & Footwear,Women's Wear,ValueChoice,10.034,10.034,0.0,1,0.0,0.0,0.0,0.0,0.0,0.0,1,0,0,STOCKOUT,URGENT,11,466.51,271.33,0.0,0.0,2984.6299999999997,5131.61,
ST04,SKU04700,TrueTaste Storage & Containers 250g,Home & Kitchen,Storage & Containers,TrueTaste,12.996666666666666,12.996666666666666,0.0,1,0.0,0.0,0.0,0.0,0.0,0.0,1,0,0,STOCKOUT,URGENT,13,1503.53,915.1,0.0,0.0,11896.300000000001,19545.89,
ST04,SKU04811,MetroBrand Skin Care 500ml,Personal Care,Skin Care,MetroBrand,33.35392380952382,33.35392380952382,0.0,1,0.0,0.0,0.0,0.0,0.0,0.0,1,0,0,STOCKOUT,URGENT,34,281.13,194.64,0.0,0.0,6617.759999999999,9558.42,
ST04,SKU04959,QuickBite Bread Medium,Dairy & Bakery,Bread,QuickBite,7.074466666666667,7.074466666666667,0.0,1,0.0,0.0,0.0,0.0,0.0,0.0,1,0,0,STOCKOUT,URGENT,8,140.13,79.31,0.0,0.0,634.48,1121.04,
ST05,SKU00057,FamilyChoice Kids Wear 500ml,Apparel & Footwear,Kids Wear,FamilyChoice,15.923474603174604,15.923474603174604,0.0,1,0.0,0.0,0.0,0.0,0.0,0.0,1,0,0,STOCKOUT,URGENT,16,2287.08,1510.65,0.0,0.0,24170.4,36593.28,
ST05,SKU00073,PrimeCare Small Appliances 100g,Electronics & Accessories,Small Appliances,PrimeCare,18.392466666666664,18.392466666666664,0.0,1,0.0,0.0,0.0,0.0,0.0,0.0,1,0,0,STOCKOUT,URGENT,19,1216.02,704.61,0.0,0.0,13387.59,23104.38,
ST05,SKU00098,ValueChoice Men's Grooming 500g,Personal Care,Men's Grooming,ValueChoice,15.916133333333336,15.916133333333336,0.0,1,0.0,0.0,0.0,0.0,0.0,0.0,1,0,0,STOCKOUT,URGENT,16,306.0,224.26,0.0,0.0,3588.16,4896.0,
ST05,SKU00214,SoftTouch Home Decor Pack of 12,Home & Kitchen,Home Decor,SoftTouch,30.41915714285714,0.7419306620209059,4.750674204480662,41,0.0,0.0,0.0,0.0,0.0,0.0,1,0,1,STOCKOUT,URGENT,31,392.18,307.22,0.0,0.0,9523.820000000002,12157.58,
ST05,SKU00483,ValueChoice Surface Cleaners 100g,Home Care,Surface Cleaners,ValueChoice,11.940333333333331,0.8528809523809523,3.1911883155149843,14,0.0,0.0,0.0,0.0,0.0,0.0,1,0,1,STOCKOUT,URGENT,12,180.8,101.09,0.0,0.0,1213.08,2169.6000000000004,
ST05,SKU00804,CrispKing Air Fresheners Medium,Home Care,Air Fresheners,CrispKing,11.923666666666666,11.923666666666666,0.0,1,0.0,0.0,0.0,0.0,0.0,0.0,1,0,0,STOCKOUT,URGENT,12,120.97,74.42,0.0,0.0,893.04,1451.6399999999999,
ST05,SKU00845,ZestyCo Frozen Vegetables 1L,Frozen Foods,Frozen Vegetables,ZestyCo,9.2044,9.2044,0.0,1,0.0,31.0,15.0,0.0,-31.0,-15.0,1,0,0,STOCKOUT,URGENT,31,670.83,490.52,0.0,0.0,15206.119999999999,20795.73,2025-08-07
ST05,SKU00916,MetroBrand Hair Care 2L,Personal Care,Hair Care,MetroBrand,6.110133333333332,6.110133333333332,0.0,1,0.0,0.0,0.0,0.0,0.0,0.0,1,0,0,STOCKOUT,URGENT,7,268.02,201.3,0.0,0.0,1409.1000000000001,1876.1399999999999,
ST05,SKU01122,PureLife Coffee 500ml,Beverages,Coffee,PureLife,20.914247619047607,20.914247619047607,0.0,1,0.0,0.0,0.0,0.0,0.0,0.0,1,0,0,STOCKOUT,URGENT,21,145.52,103.44,0.0,0.0,2172.24,3055.92,
ST05,SKU01137,PurePlus Cookware Pack of 12,Home & Kitchen,Cookware,PurePlus,44.09865555555555,44.09865555555555,0.0,1,0.0,0.0,0.0,0.0,0.0,0.0,1,0,0,STOCKOUT,URGENT,45,1286.53,798.87,0.0,0.0,35949.15,57893.85,
ST05,SKU01150,HomeStyle Pulses & Lentils 250g,Grocery,Pulses & Lentils,HomeStyle,1.004,1.004,0.0,1,0.0,0.0,0.0,0.0,0.0,0.0,1,0,0,STOCKOUT,URGENT,2,279.57,156.62,0.0,0.0,313.24,559.14,
ST05,SKU01200,MetroBrand OTC Medicine 250g,Health & Wellness,OTC Medicine,MetroBrand,7.993666666666666,7.993666666666666,0.0,1,0.0,0.0,0.0,0.0,0.0,0.0,1,0,0,STOCKOUT,URGENT,8,973.91,689.14,0.0,0.0,5513.12,7791.28,
ST05,SKU01519,NutriPlus Frozen Meat 500g,Frozen Foods,Frozen Meat,NutriPlus,0.0,0.0,0.0,4,0.0,0.0,0.0,0.0,0.0,0.0,1,0,0,STOCKOUT,URGENT,0,441.41,351.33,0.0,0.0,0.0,0.0,
ST05,SKU01577,PureLife Office Supplies 500ml,Stationery & Office,Office Supplies,PureLife,10.719466666666667,10.719466666666667,0.0,1,0.0,0.0,0.0,0.0,0.0,0.0,1,0,0,STOCKOUT,URGENT,11,67.67,39.84,0.0,0.0,438.24,744.37,
ST05,SKU01944,SoftTouch Chocolates Small,Snacks & Confectionery,Chocolates,SoftTouch,28.572380952380943,28.572380952380943,0.0,1,0.0,0.0,0.0,0.0,0.0,0.0,1,0,0,STOCKOUT,URGENT,29,36.52,21.13,0.0,0.0,612.77,1059.0800000000002,
ST05,SKU02034,GreenValley Vitamins & Supplements 100g,Health & Wellness,Vitamins & Supplements,GreenValley,19.9298,19.9298,0.0,1,0.0,0.0,0.0,0.0,0.0,0.0,1,0,0,STOCKOUT,URGENT,20,751.83,476.15,0.0,0.0,9523.0,15036.6,
ST05,SKU02046,ValueChoice Footwear Pack of 6,Apparel & Footwear,Footwear,ValueChoice,17.914942857142858,17.914942857142858,0.0,1,0.0,0.0,0.0,0.0,0.0,0.0,1,0,0,STOCKOUT,URGENT,18,2009.47,1591.88,0.0,0.0,28653.840000000004,36170.46,
ST05,SKU02090,NovaFresh Home Decor Pack of 12,Home & Kitchen,Home Decor,NovaFresh,0.0,0.0,0.0,1,0.0,0.0,0.0,0.0,0.0,0.0,1,0,0,STOCKOUT,URGENT,0,588.59,345.26,0.0,0.0,0.0,0.0,
ST05,SKU02138,QuickBite Men's Wear 2kg,Apparel & Footwear,Men's Wear,QuickBite,3.0076666666666667,3.0076666666666667,0.0,1,0.0,0.0,0.0,0.0,0.0,0.0,1,0,0,STOCKOUT,URGENT,4,799.69,607.05,0.0,0.0,2428.2,3198.76,
ST05,SKU02165,MetroBrand Candy Pack of 6,Snacks & Confectionery,Candy,MetroBrand,32.63241904761904,32.63241904761904,0.0,1,0.0,0.0,0.0,0.0,0.0,0.0,1,0,0,STOCKOUT,URGENT,33,151.01,102.04,0.0,0.0,3367.32,4983.33,
ST05,SKU02931,FreshFarm Pest Control Large,Home Care,Pest Control,FreshFarm,19.109333333333336,19.109333333333336,0.0,1,0.0,0.0,0.0,0.0,0.0,0.0,1,0,0,STOCKOUT,URGENT,20,127.7,76.41,0.0,0.0,1528.1999999999998,2554.0,
ST05,SKU03002,NutriPlus Chocolates 250g,Snacks & Confectionery,Chocolates,NutriPlus,5.0076,5.0076,0.0,1,0.0,0.0,0.0,0.0,0.0,0.0,1,0,0,STOCKOUT,URGENT,6,52.44,35.4,0.0,0.0,212.39999999999998,314.64,
ST05,SKU03069,ZestyCo Writing Instruments Large,Stationery & Office,Writing Instruments,ZestyCo,25.02062857142857,25.02062857142857,0.0,1,0.0,0.0,0.0,0.0,0.0,0.0,1,0,0,STOCKOUT,URGENT,26,296.3,214.74,0.0,0.0,5583.24,7703.8,
ST05,SKU03071,SunriseFoods Mobile Accessories Pack of 12,Electronics & Accessories,Mobile Accessories,SunriseFoods,7.098333333333333,7.098333333333333,0.0,1,0.0,0.0,0.0,0.0,0.0,0.0,1,0,0,STOCKOUT,URGENT,8,1229.09,690.95,0.0,0.0,5527.6,9832.72,
ST05,SKU03532,SparkleClean Rice & Grains 100g,Grocery,Rice & Grains,SparkleClean,22.48363809523809,22.48363809523809,0.0,1,0.0,0.0,0.0,0.0,0.0,0.0,1,0,0,STOCKOUT,URGENT,23,94.55,61.02,0.0,0.0,1403.46,2174.65,
ST05,SKU03595,ZestyCo Chocolates 250g,Snacks & Confectionery,Chocolates,ZestyCo,12.839533333333334,1.8342190476190476,4.85288745001774,7,0.0,0.0,0.0,0.0,0.0,0.0,1,0,1,STOCKOUT,URGENT,13,164.86,96.18,0.0,0.0,1250.3400000000001,2143.1800000000003,
ST05,SKU03599,UrbanBite Office Supplies 2L,Stationery & Office,Office Supplies,UrbanBite,6.013666666666667,6.013666666666667,0.0,1,0.0,0.0,0.0,0.0,0.0,0.0,1,0,0,STOCKOUT,URGENT,7,160.95,127.27,0.0,0.0,890.89,1126.6499999999999,
ST05,SKU03706,SmartBuy Mobile Accessories 500ml,Electronics & Accessories,Mobile Accessories,SmartBuy,6.006666666666666,6.006666666666666,0.0,1,0.0,0.0,0.0,0.0,0.0,0.0,1,0,0,STOCKOUT,URGENT,7,2125.77,1481.4,0.0,0.0,10369.800000000001,14880.39,
ST05,SKU03775,HealthFirst First Aid 250g,Health & Wellness,First Aid,HealthFirst,22.662699999999997,22.662699999999997,0.0,1,0.0,0.0,0.0,0.0,0.0,0.0,1,0,0,STOCKOUT,URGENT,23,787.79,581.02,0.0,0.0,13363.46,18119.17,
ST05,SKU04203,CleanWave Frozen Vegetables 500g,Frozen Foods,Frozen Vegetables,CleanWave,22.0624,22.0624,0.0,1,0.0,0.0,0.0,0.0,0.0,0.0,1,0,0,STOCKOUT,URGENT,23,709.74,446.72,0.0,0.0,10274.560000000001,16324.02,
ST05,SKU04296,MetroBrand Hair Care 1L,Personal Care,Hair Care,MetroBrand,4.9962,4.9962,0.0,1,0.0,0.0,0.0,0.0,0.0,0.0,1,0,0,STOCKOUT,URGENT,5,315.31,218.56,0.0,0.0,1092.8,1576.55,
ST05,SKU04385,ZestyCo Rice & Grains Family Pack,Grocery,Rice & Grains,ZestyCo,5.042333333333334,5.042333333333334,0.0,1,0.0,0.0,0.0,0.0,0.0,0.0,1,0,0,STOCKOUT,URGENT,6,423.71,280.27,0.0,0.0,1681.62,2542.2599999999998,
ST05,SKU04465,BasicNeeds Ice Cream 1kg,Frozen Foods,Ice Cream,BasicNeeds,8.004,8.004,0.0,1,0.0,0.0,0.0,0.0,0.0,0.0,1,0,0,STOCKOUT,URGENT,9,307.29,228.36,0.0,0.0,2055.2400000000002,2765.61,
ST05,SKU04527,NovaFresh Ready Meals 250g,Frozen Foods,Ready Meals,NovaFresh,13.962666666666664,13.962666666666664,0.0,1,0.0,0.0,0.0,0.0,0.0,0.0,1,0,0,STOCKOUT,URGENT,14,956.58,708.53,0.0,0.0,9919.42,13392.12,
ST05,SKU04583,NatureBlend Kids Wear 2L,Apparel & Footwear,Kids Wear,NatureBlend,18.106461904761904,18.106461904761904,0.0,1,0.0,0.0,0.0,0.0,0.0,0.0,1,0,0,STOCKOUT,URGENT,19,966.08,678.33,0.0,0.0,12888.27,18355.52,
ST05,SKU04668,EliteHome Eggs 2kg,Dairy & Bakery,Eggs,EliteHome,20.33572380952381,20.33572380952381,0.0,1,0.0,0.0,0.0,0.0,0.0,0.0,1,0,0,STOCKOUT,URGENT,21,116.64,82.26,0.0,0.0,1727.46,2449.44,
ST05,SKU04773,HomeStyle Ice Cream Small,Frozen Foods,Ice Cream,HomeStyle,16.896233333333335,16.896233333333335,0.0,1,0.0,0.0,0.0,0.0,0.0,0.0,1,0,0,STOCKOUT,URGENT,17,434.24,302.59,0.0,0.0,5144.03,7382.08,
ST05,SKU04934,SoftTouch Laundry 1L,Home Care,Laundry,SoftTouch,8.999704761904763,8.999704761904763,0.0,1,0.0,0.0,0.0,0.0,0.0,0.0,1,0,0,STOCKOUT,URGENT,9,223.16,177.45,0.0,0.0,1597.05,2008.44,
ST05,SKU04991,GreenValley Hair Care Pack of 6,Personal Care,Hair Care,GreenValley,16.844047619047615,16.844047619047615,0.0,1,0.0,0.0,0.0,0.0,0.0,0.0,1,0,0,STOCKOUT,URGENT,17,206.19,145.05,0.0,0.0,2465.8500000000004,3505.23,
ST06,SKU00009,SmartBuy Frozen Vegetables Medium,Frozen Foods,Frozen Vegetables,SmartBuy,2.998666666666667,2.998666666666667,0.0,1,0.0,0.0,0.0,0.0,0.0,0.0,1,0,0,STOCKOUT,URGENT,3,251.86,178.03,0.0,0.0,534.09,755.58,
ST06,SKU00387,GreenValley Laundry 1kg,Home Care,Laundry,GreenValley,26.418307936507933,26.418307936507933,0.0,1,0.0,0.0,0.0,0.0,0.0,0.0,1,0,0,STOCKOUT,URGENT,27,632.96,441.19,0.0,0.0,11912.13,17089.920000000002,
ST06,SKU00397,PremiumSelect Laundry Pack of 12,Home Care,Laundry,PremiumSelect,36.32970952380952,36.32970952380952,0.0,1,0.0,0.0,0.0,0.0,0.0,0.0,1,0,0,STOCKOUT,URGENT,37,120.96,90.13,0.0,0.0,3334.81,4475.5199999999995,
ST06,SKU00400,SoftTouch Small Appliances Pack of 12,Electronics & Accessories,Small Appliances,SoftTouch,45.32771428571428,45.32771428571428,0.0,1,0.0,0.0,0.0,0.0,0.0,0.0,1,0,0,STOCKOUT,URGENT,46,1799.17,1381.15,0.0,0.0,63532.9,82761.82,
ST06,SKU00471,SoftTouch Laundry Small,Home Care,Laundry,SoftTouch,9.074733333333334,9.074733333333334,0.0,1,0.0,0.0,0.0,0.0,0.0,0.0,1,0,0,STOCKOUT,URGENT,10,344.74,211.16,0.0,0.0,2111.6,3447.4,
ST06,SKU00503,SmartBuy Chips & Crisps Large,Snacks & Confectionery,Chips & Crisps,SmartBuy,5.8752,5.8752,0.0,1,0.0,0.0,0.0,0.0,0.0,0.0,1,0,0,STOCKOUT,URGENT,6,114.18,68.67,0.0,0.0,412.02,685.08,
ST06,SKU00548,QuickBite OTC Medicine 1kg,Health & Wellness,OTC Medicine,QuickBite,14.0266,14.0266,0.0,1,0.0,0.0,0.0,0.0,0.0,0.0,1,0,0,STOCKOUT,URGENT,15,910.03,567.55,0.0,0.0,8513.25,13650.449999999999,
ST06,SKU00949,UrbanBite Spices & Seasoning 1L,Grocery,Spices & Seasoning,UrbanBite,12.086,0.38987096774193547,2.1707096802956016,31,0.0,0.0,0.0,0.0,0.0,0.0,1,0,1,STOCKOUT,URGENT,13,210.68,142.82,0.0,0.0,1856.6599999999999,2738.84,
ST06,SKU01050,SunriseFoods Vitamins & Supplements Large,Health & Wellness,Vitamins & Supplements,SunriseFoods,0.0,0.0,0.0,1,0.0,0.0,0.0,0.0,0.0,0.0,1,0,0,STOCKOUT,URGENT,0,1245.06,740.33,0.0,0.0,0.0,0.0,
ST06,SKU01251,CleanWave Storage & Containers 2kg,Home & Kitchen,Storage & Containers,CleanWave,8.271819047619047,8.271819047619047,0.0,1,0.0,0.0,0.0,0.0,0.0,0.0,1,0,0,STOCKOUT,URGENT,9,2613.85,1754.99,0.0,0.0,15794.91,23524.649999999998,
ST06,SKU01254,DailyBest Yogurt Family Pack,Dairy & Bakery,Yogurt,DailyBest,30.270228571428564,30.270228571428564,0.0,1,0.0,0.0,0.0,0.0,0.0,0.0,1,0,0,STOCKOUT,URGENT,31,116.86,87.69,0.0,0.0,2718.39,3622.66,
ST06,SKU01259,QuickBite Flour & Atta Large,Grocery,Flour & Atta,QuickBite,9.960066666666666,9.960066666666666,0.0,1,0.0,0.0,0.0,0.0,0.0,0.0,1,0,0,STOCKOUT,URGENT,10,371.59,275.86,0.0,0.0,2758.6000000000004,3715.8999999999996,
ST06,SKU01383,NatureBlend Writing Instruments Pack of 6,Stationery & Office,Writing Instruments,NatureBlend,8.975666666666665,8.975666666666665,0.0,1,0.0,0.0,0.0,0.0,0.0,0.0,1,0,0,STOCKOUT,URGENT,9,201.63,146.11,0.0,0.0,1314.9900000000002,1814.67,
ST06,SKU01385,PremiumSelect Footwear Family Pack,Apparel & Footwear,Footwear,PremiumSelect,13.984876190476191,13.984876190476191,0.0,1,0.0,0.0,0.0,0.0,0.0,0.0,1,0,0,STOCKOUT,URGENT,14,988.91,782.68,0.0,0.0,10957.519999999999,13844.74,
ST06,SKU01489,ZestyCo Namkeen Small,Snacks & Confectionery,Namkeen,ZestyCo,4.514076190476192,4.514076190476192,0.0,1,0.0,0.0,0.0,0.0,0.0,0.0,1,0,0,STOCKOUT,URGENT,5,110.32,84.17,0.0,0.0,420.85,551.5999999999999,
ST06,SKU01623,SoftTouch Men's Grooming 500g,Personal Care,Men's Grooming,SoftTouch,17.124114285714292,17.124114285714292,0.0,1,0.0,0.0,0.0,0.0,0.0,0.0,1,0,0,STOCKOUT,URGENT,18,443.72,353.19,0.0,0.0,6357.42,7986.960000000001,
ST06,SKU02058,PremiumSelect Cookware Family Pack,Home & Kitchen,Cookware,PremiumSelect,12.022,12.022,0.0,1,0.0,0.0,0.0,0.0,0.0,0.0,1,0,0,STOCKOUT,URGENT,13,521.75,373.64,0.0,0.0,4857.32,6782.75,
ST06,SKU02281,FreshFarm Energy Drinks Pack of 12,Beverages,Energy Drinks,FreshFarm,24.4046,24.4046,0.0,1,0.0,0.0,0.0,0.0,0.0,0.0,1,0,0,STOCKOUT,URGENT,25,91.79,60.64,0.0,0.0,1516.0,2294.75,
ST06,SKU02444,BasicNeeds Tea 1L,Beverages,Tea,BasicNeeds,25.50162857142856,25.50162857142856,0.0,1,0.0,0.0,0.0,0.0,0.0,0.0,1,0,0,STOCKOUT,URGENT,26,75.9,42.09,0.0,0.0,1094.3400000000001,1973.4,
ST06,SKU02503,PremiumSelect Notebooks 100g,Stationery & Office,Notebooks,PremiumSelect,5.019333333333334,5.019333333333334,0.0,1,0.0,26.0,13.0,0.0,-26.0,-13.0,1,0,0,STOCKOUT,URGENT,26,280.9,220.49,0.0,0.0,5732.74,7303.4,2025-09-24
ST06,SKU02575,SmartBuy Footwear Family Pack,Apparel & Footwear,Footwear,SmartBuy,18.052661904761905,18.052661904761905,0.0,1,0.0,0.0,0.0,0.0,0.0,0.0,1,0,0,STOCKOUT,URGENT,19,1652.6,943.79,0.0,0.0,17932.01,31399.399999999998,
ST06,SKU02770,SparkleClean Hair Care Pack of 6,Personal Care,Hair Care,SparkleClean,13.069666666666668,13.069666666666668,0.0,1,0.0,0.0,0.0,0.0,0.0,0.0,1,0,0,STOCKOUT,URGENT,14,756.35,508.07,0.0,0.0,7112.98,10588.9,
ST06,SKU02790,PremiumSelect Chips & Crisps 2L,Snacks & Confectionery,Chips & Crisps,PremiumSelect,2.970666666666667,0.07426666666666668,0.4697036417903433,40,0.0,0.0,0.0,0.0,0.0,0.0,1,0,1,STOCKOUT,URGENT,3,70.96,51.58,0.0,0.0,154.74,212.88,
ST06,SKU03007,PrimeCare Men's Wear Small,Apparel & Footwear,Men's Wear,PrimeCare,9.210771428571428,9.210771428571428,0.0,1,0.0,0.0,0.0,0.0,0.0,0.0,1,0,0,STOCKOUT,URGENT,10,2447.79,1787.31,0.0,0.0,17873.1,24477.9,
ST06,SKU03015,NutriPlus Juices Medium,Beverages,Juices,NutriPlus,5.9996,0.4615076923076923,1.6639896486364423,13,0.0,0.0,0.0,0.0,0.0,0.0,1,0,1,STOCKOUT,URGENT,6,62.87,37.66,0.0,0.0,225.95999999999998,377.21999999999997,
ST06,SKU03223,NovaFresh Bread 1L,Dairy & Bakery,Bread,NovaFresh,12.990666666666666,12.990666666666666,0.0,1,0.0,0.0,0.0,0.0,0.0,0.0,1,0,0,STOCKOUT,URGENT,13,207.4,125.7,0.0,0.0,1634.1000000000001,2696.2000000000003,
ST06,SKU03249,EliteHome Sugar & Salt Small,Grocery,Sugar & Salt,EliteHome,16.951133333333335,16.951133333333335,0.0,1,0.0,0.0,0.0,0.0,0.0,0.0,1,0,0,STOCKOUT,URGENT,17,442.88,299.32,0.0,0.0,5088.44,7528.96,
ST06,SKU03253,FreshFarm Soft Drinks 2L,Beverages,Soft Drinks,FreshFarm,21.797280952380955,21.797280952380955,0.0,1,0.0,0.0,0.0,0.0,0.0,0.0,1,0,0,STOCKOUT,URGENT,22,94.95,59.06,0.0,0.0,1299.3200000000002,2088.9,
ST06,SKU03434,ZestyCo Milk Medium,Dairy & Bakery,Milk,ZestyCo,41.21826666666669,41.21826666666669,0.0,1,0.0,0.0,0.0,0.0,0.0,0.0,1,0,0,STOCKOUT,URGENT,42,108.68,66.07,0.0,0.0,2774.9399999999996,4564.56,
ST06,SKU03575,SoftTouch Sugar & Salt 100g,Grocery,Sugar & Salt,SoftTouch,17.86477619047619,17.86477619047619,0.0,1,0.0,0.0,0.0,0.0,0.0,0.0,1,0,0,STOCKOUT,URGENT,18,162.88,104.95,0.0,0.0,1889.1000000000001,2931.84,
ST06,SKU03607,SparkleClean OTC Medicine 500g,Health & Wellness,OTC Medicine,SparkleClean,31.935057142857136,31.935057142857136,0.0,1,0.0,0.0,0.0,0.0,0.0,0.0,1,0,0,STOCKOUT,URGENT,32,325.03,211.34,0.0,0.0,6762.88,10400.96,
ST06,SKU03786,HomeStyle Storage & Containers Pack of 6,Home & Kitchen,Storage & Containers,HomeStyle,23.327685714285717,23.327685714285717,0.0,1,0.0,0.0,0.0,0.0,0.0,0.0,1,0,0,STOCKOUT,URGENT,24,1371.52,798.63,0.0,0.0,19167.12,32916.479999999996,
ST06,SKU03925,BasicNeeds Butter & Ghee 2kg,Dairy & Bakery,Butter & Ghee,BasicNeeds,18.16079523809524,18.16079523809524,0.0,1,0.0,0.0,0.0,0.0,0.0,0.0,1,0,0,STOCKOUT,URGENT,19,166.83,127.69,0.0,0.0,2426.11,3169.7700000000004,
ST06,SKU04099,CrispKing Storage & Containers Small,Home & Kitchen,Storage & Containers,CrispKing,0.001,0.001,0.0,1,0.0,0.0,0.0,0.0,0.0,0.0,1,0,0,STOCKOUT,URGENT,1,2252.94,1309.53,0.0,0.0,1309.53,2252.94,
ST06,SKU04313,DailyBest First Aid 500g,Health & Wellness,First Aid,DailyBest,18.62516190476191,0.4775682539682541,2.9824127901303648,39,0.0,0.0,0.0,0.0,0.0,0.0,1,0,1,STOCKOUT,URGENT,19,644.69,485.22,0.0,0.0,9219.18,12249.11,
ST06,SKU04314,CrispKing OTC Medicine 250ml,Health & Wellness,OTC Medicine,CrispKing,39.336666666666666,39.336666666666666,0.0,1,0.0,0.0,0.0,0.0,0.0,0.0,1,0,0,STOCKOUT,URGENT,40,567.99,430.25,0.0,0.0,17210.0,22719.6,
ST06,SKU04485,NovaFresh Coffee Small,Beverages,Coffee,NovaFresh,0.0,0.0,0.0,1,0.0,0.0,0.0,0.0,0.0,0.0,1,0,0,STOCKOUT,URGENT,0,280.12,172.23,0.0,0.0,0.0,0.0,
ST06,SKU04897,NatureBlend Women's Wear 100g,Apparel & Footwear,Women's Wear,NatureBlend,1.062,1.062,0.0,1,0.0,0.0,0.0,0.0,0.0,0.0,1,0,0,STOCKOUT,URGENT,2,904.26,662.55,0.0,0.0,1325.1,1808.52,
ST06,SKU04899,FreshFarm Cheese 2L,Dairy & Bakery,Cheese,FreshFarm,5.984066666666667,5.984066666666667,0.0,1,0.0,0.0,0.0,0.0,0.0,0.0,1,0,0,STOCKOUT,URGENT,6,222.1,143.39,0.0,0.0,860.3399999999999,1332.6,
ST06,SKU04950,NovaFresh Yogurt Pack of 12,Dairy & Bakery,Yogurt,NovaFresh,12.017733333333334,12.017733333333334,0.0,1,0.0,0.0,0.0,0.0,0.0,0.0,1,0,0,STOCKOUT,URGENT,13,340.58,256.46,0.0,0.0,3333.9799999999996,4427.54,
ST07,SKU00228,FamilyChoice Mobile Accessories 250ml,Electronics & Accessories,Mobile Accessories,FamilyChoice,22.91325714285714,22.91325714285714,0.0,1,0.0,0.0,0.0,0.0,0.0,0.0,1,0,0,STOCKOUT,URGENT,23,2956.05,1970.47,0.0,0.0,45320.81,67989.15000000001,
ST07,SKU00448,GoldenHarvest Kids Wear 250ml,Apparel & Footwear,Kids Wear,GoldenHarvest,12.055,12.055,0.0,1,0.0,0.0,0.0,0.0,0.0,0.0,1,0,0,STOCKOUT,URGENT,13,1318.48,945.4,0.0,0.0,12290.199999999999,17140.24,
ST07,SKU00460,NovaFresh Cookware 1kg,Home & Kitchen,Cookware,NovaFresh,15.98,15.98,0.0,1,0.0,0.0,0.0,0.0,0.0,0.0,1,0,0,STOCKOUT,URGENT,16,1558.84,928.33,0.0,0.0,14853.28,24941.44,
ST07,SKU00464,CityFresh Hair Care Small,Personal Care,Hair Care,CityFresh,19.285266666666665,19.285266666666665,0.0,1,0.0,0.0,0.0,0.0,0.0,0.0,1,0,0,STOCKOUT,URGENT,20,443.86,285.63,0.0,0.0,5712.6,8877.2,
ST07,SKU00518,UrbanBite Home Decor Pack of 12,Home & Kitchen,Home Decor,UrbanBite,10.846219047619044,10.846219047619044,0.0,1,0.0,0.0,0.0,0.0,0.0,0.0,1,0,0,STOCKOUT,URGENT,11,374.69,268.46,0.0,0.0,2953.06,4121.59,
ST07,SKU00561,FreshFarm Mobile Accessories Small,Electronics & Accessories,Mobile Accessories,FreshFarm,18.1914,18.1914,0.0,1,0.0,0.0,0.0,0.0,0.0,0.0,1,0,0,STOCKOUT,URGENT,19,1956.31,1520.81,0.0,0.0,28895.39,37169.89,
ST07,SKU00566,PrimeCare Women's Wear 1kg,Apparel & Footwear,Women's Wear,PrimeCare,3.055333333333333,3.055333333333333,0.0,1,0.0,0.0,0.0,0.0,0.0,0.0,1,0,0,STOCKOUT,URGENT,4,1220.47,851.5,0.0,0.0,3406.0,4881.88,
ST07,SKU00767,PrimeCare Frozen Meat 500ml,Frozen Foods,Frozen Meat,PrimeCare,39.89411904761908,39.89411904761908,0.0,1,0.0,0.0,0.0,0.0,0.0,0.0,1,0,0,STOCKOUT,URGENT,40,296.5,210.39,0.0,0.0,8415.599999999999,11860.0,
ST07,SKU00777,TrueTaste Ice Cream Large,Frozen Foods,Ice Cream,TrueTaste,3.027,3.027,0.0,1,0.0,0.0,0.0,0.0,0.0,0.0,1,0,0,STOCKOUT,URGENT,4,392.29,256.31,0.0,0.0,1025.24,1569.16,
ST07,SKU00809,QuickBite Writing Instruments 250ml,Stationery & Office,Writing Instruments,QuickBite,14.9666,14.9666,0.0,1,0.0,0.0,0.0,0.0,0.0,0.0,1,0,0,STOCKOUT,URGENT,15,54.18,31.78,0.0,0.0,476.70000000000005,812.7,
ST07,SKU00941,EliteHome Frozen Vegetables Small,Frozen Foods,Frozen Vegetables,EliteHome,10.008333333333336,10.008333333333336,0.0,1,0.0,0.0,0.0,0.0,0.0,0.0,1,0,0,STOCKOUT,URGENT,11,681.89,466.84,0.0,0.0,5135.24,7500.79,
ST07,SKU01083,UrbanBite Notebooks 1kg,Stationery & Office,Notebooks,UrbanBite,23.1103619047619,23.1103619047619,0.0,1,0.0,0.0,0.0,0.0,0.0,0.0,1,0,0,STOCKOUT,URGENT,24,421.04,254.64,0.0,0.0,6111.36,10104.960000000001,
ST07,SKU01216,HomeStyle Cooking Oil 1L,Grocery,Cooking Oil,HomeStyle,15.847666666666669,15.847666666666669,0.0,1,0.0,0.0,0.0,0.0,0.0,0.0,1,0,0,STOCKOUT,URGENT,16,609.83,401.3,0.0,0.0,6420.8,9757.28,
ST07,SKU01326,PureLife Cheese 1L,Dairy & Bakery,Cheese,PureLife,11.929819047619048,11.929819047619048,0.0,1,0.0,0.0,0.0,0.0,0.0,0.0,1,0,0,STOCKOUT,URGENT,12,248.26,174.42,0.0,0.0,2093.04,2979.12,
ST07,SKU01539,UrbanBite Office Supplies 2L,Stationery & Office,Office Supplies,UrbanBite,8.010466666666668,8.010466666666668,0.0,1,0.0,0.0,0.0,0.0,0.0,0.0,1,0,0,STOCKOUT,URGENT,9,347.54,273.83,0.0,0.0,2464.47,3127.86,
ST07,SKU01632,NatureBlend Skin Care Pack of 12,Personal Care,Skin Care,NatureBlend,11.918,11.918,0.0,1,0.0,0.0,0.0,0.0,0.0,0.0,1,0,0,STOCKOUT,URGENT,12,354.51,274.81,0.0,0.0,3297.7200000000003,4254.12,
ST07,SKU01677,ValueChoice Tea Pack of 6,Beverages,Tea,ValueChoice,6.047266666666668,6.047266666666668,0.0,1,0.0,47.0,17.0,0.0,-47.0,-17.0,1,0,0,STOCKOUT,URGENT,47,127.3,74.18,0.0,0.0,3486.4600000000005,5983.099999999999,2025-08-20
ST07,SKU01685,FamilyChoice Skin Care Large,Personal Care,Skin Care,FamilyChoice,7.723666666666666,7.723666666666666,0.0,1,0.0,0.0,0.0,0.0,0.0,0.0,1,0,0,STOCKOUT,URGENT,8,135.27,77.19,0.0,0.0,617.52,1082.16,
ST07,SKU01698,ZestyCo Frozen Meat Family Pack,Frozen Foods,Frozen Meat,ZestyCo,2.992,2.992,0.0,1,0.0,0.0,0.0,0.0,0.0,0.0,1,0,0,STOCKOUT,URGENT,3,343.81,242.16,0.0,0.0,726.48,1031.43,
ST07,SKU01702,HomeStyle Bread 2L,Dairy & Bakery,Bread,HomeStyle,19.7552873015873,0.49388218253968247,3.123585185200879,40,0.0,0.0,0.0,0.0,0.0,0.0,1,0,1,STOCKOUT,URGENT,20,252.98,153.23,0.0,0.0,3064.6,5059.599999999999,
ST07,SKU01885,EverydayPlus Office Supplies 1kg,Stationery & Office,Office Supplies,EverydayPlus,9.064666666666668,9.064666666666668,0.0,1,0.0,0.0,0.0,0.0,0.0,0.0,1,0,0,STOCKOUT,URGENT,10,307.39,173.51,0.0,0.0,1735.1,3073.8999999999996,
ST07,SKU02563,CleanWave Writing Instruments 2kg,Stationery & Office,Writing Instruments,CleanWave,10.9808,10.9808,0.0,1,0.0,0.0,0.0,0.0,0.0,0.0,1,0,0,STOCKOUT,URGENT,11,180.04,109.79,0.0,0.0,1207.69,1980.4399999999998,
ST07,SKU02565,PrimeCare Frozen Vegetables 100g,Frozen Foods,Frozen Vegetables,PrimeCare,12.865533333333335,12.865533333333335,0.0,1,0.0,0.0,0.0,0.0,0.0,0.0,1,0,0,STOCKOUT,URGENT,13,258.39,151.52,0.0,0.0,1969.7600000000002,3359.0699999999997,
ST07,SKU02849,GoldenHarvest Laundry Small,Home Care,Laundry,GoldenHarvest,5.065333333333334,5.065333333333334,0.0,1,0.0,0.0,0.0,0.0,0.0,0.0,1,0,0,STOCKOUT,URGENT,6,73.3,44.71,0.0,0.0,268.26,439.79999999999995,
ST07,SKU03116,FamilyChoice First Aid 500ml,Health & Wellness,First Aid,FamilyChoice,18.124185714285712,0.5492177489177489,3.155015765248602,33,0.0,0.0,0.0,0.0,0.0,0.0,1,0,1,STOCKOUT,URGENT,19,804.33,576.73,0.0,0.0,10957.87,15282.27,
ST07,SKU03247,SunriseFoods Air Fresheners 2kg,Home Care,Air Fresheners,SunriseFoods,12.100266666666668,12.100266666666668,0.0,1,0.0,0.0,0.0,0.0,0.0,0.0,1,0,0,STOCKOUT,URGENT,13,300.98,202.3,0.0,0.0,2629.9,3912.7400000000002,
ST07,SKU03325,SmartBuy Eggs 1kg,Dairy & Bakery,Eggs,SmartBuy,9.921666666666669,9.921666666666669,0.0,1,0.0,0.0,0.0,0.0,0.0,0.0,1,0,0,STOCKOUT,URGENT,10,62.69,36.37,0.0,0.0,363.7,626.9,
ST07,SKU03419,EliteHome Men's Wear 500g,Apparel & Footwear,Men's Wear,EliteHome,17.823473015873017,17.823473015873017,0.0,1,0.0,0.0,0.0,0.0,0.0,0.0,1,0,0,STOCKOUT,URGENT,18,851.34,483.47,0.0,0.0,8702.460000000001,15324.12,
ST07,SKU03490,CityFresh First Aid 250g,Health & Wellness,First Aid,CityFresh,4.7383285714285694,4.7383285714285694,0.0,1,0.0,0.0,0.0,0.0,0.0,0.0,1,0,0,STOCKOUT,URGENT,5,1217.06,819.17,0.0,0.0,4095.85,6085.299999999999,
ST07,SKU03569,CrispKing Batteries Small,Electronics & Accessories,Batteries,CrispKing,27.32828571428571,27.32828571428571,0.0,1,0.0,0.0,0.0,0.0,0.0,0.0,1,0,0,STOCKOUT,URGENT,28,3079.29,1942.25,0.0,0.0,54383.0,86220.12,
ST07,SKU03756,GreenValley Kids Wear Medium,Apparel & Footwear,Kids Wear,GreenValley,7.852907936507938,7.852907936507938,0.0,1,0.0,0.0,0.0,0.0,0.0,0.0,1,0,0,STOCKOUT,URGENT,8,1150.76,680.59,0.0,0.0,5444.72,9206.08,
ST07,SKU04224,GoldenHarvest Women's Wear Medium,Apparel & Footwear,Women's Wear,GoldenHarvest,11.220109523809526,11.220109523809526,0.0,1,0.0,0.0,0.0,0.0,0.0,0.0,1,0,0,STOCKOUT,URGENT,12,2360.61,1700.75,0.0,0.0,20409.0,28327.32,
ST07,SKU04358,NutriPlus First Aid 100g,Health & Wellness,First Aid,NutriPlus,20.4288,20.4288,0.0,1,0.0,0.0,0.0,0.0,0.0,0.0,1,0,0,STOCKOUT,URGENT,21,430.16,261.74,0.0,0.0,5496.54,9033.36,
ST07,SKU04444,PureLife Mobile Accessories 100g,Electronics & Accessories,Mobile Accessories,PureLife,20.801690476190483,20.801690476190483,0.0,1,0.0,0.0,0.0,0.0,0.0,0.0,1,0,0,STOCKOUT,URGENT,21,1363.32,905.95,0.0,0.0,19024.95,28629.719999999998,
ST07,SKU04493,SparkleClean Writing Instruments Family Pack,Stationery & Office,Writing Instruments,SparkleClean,8.009333333333332,8.009333333333332,0.0,1,0.0,0.0,0.0,0.0,0.0,0.0,1,0,0,STOCKOUT,URGENT,9,52.07,33.17,0.0,0.0,298.53000000000003,468.63,
ST07,SKU04793,CityFresh Home Decor Pack of 12,Home & Kitchen,Home Decor,CityFresh,7.961366666666668,7.961366666666668,0.0,1,0.0,0.0,0.0,0.0,0.0,0.0,1,0,0,STOCKOUT,URGENT,8,582.12,450.44,0.0,0.0,3603.52,4656.96,
ST08,SKU00096,PrimeCare Juices 250g,Beverages,Juices,PrimeCare,8.028333333333334,8.028333333333334,0.0,1,0.0,0.0,0.0,0.0,0.0,0.0,1,0,0,STOCKOUT,URGENT,9,210.25,133.12,0.0,0.0,1198.08,1892.25,
ST08,SKU00286,PurePlus Energy Drinks Medium,Beverages,Energy Drinks,PurePlus,4.0052666666666665,4.0052666666666665,0.0,1,0.0,0.0,0.0,0.0,0.0,0.0,1,0,0,STOCKOUT,URGENT,5,64.45,51.29,0.0,0.0,256.45,322.25,
ST08,SKU00326,GreenValley Kids Wear 500ml,Apparel & Footwear,Kids Wear,GreenValley,2.998,2.998,0.0,1,0.0,0.0,0.0,0.0,0.0,0.0,1,0,0,STOCKOUT,URGENT,3,1341.29,805.15,0.0,0.0,2415.45,4023.87,
ST08,SKU00422,GreenValley Bath & Body Family Pack,Personal Care,Bath & Body,GreenValley,4.959066666666668,4.959066666666668,0.0,1,0.0,0.0,0.0,0.0,0.0,0.0,1,0,0,STOCKOUT,URGENT,5,276.63,187.02,0.0,0.0,935.1,1383.15,
ST08,SKU00520,CleanWave Coffee Pack of 6,Beverages,Coffee,CleanWave,29.8679619047619,29.8679619047619,0.0,1,0.0,0.0,0.0,0.0,0.0,0.0,1,0,0,STOCKOUT,URGENT,30,47.04,30.48,0.0,0.0,914.4,1411.2,
ST08,SKU00668,CrispKing Energy Drinks 1L,Beverages,Energy Drinks,CrispKing,48.32391428571427,48.32391428571427,0.0,1,0.0,0.0,0.0,0.0,0.0,0.0,1,0,0,STOCKOUT,URGENT,49,219.45,167.7,0.0,0.0,8217.3,10753.05,
ST08,SKU00843,SmartBuy Candy 250ml,Snacks & Confectionery,Candy,SmartBuy,12.056266666666666,2.4112533333333332,3.5956654356785385,5,0.0,0.0,0.0,0.0,0.0,0.0,1,0,1,STOCKOUT,URGENT,13,121.04,86.32,0.0,0.0,1122.1599999999999,1573.52,
ST08,SKU01091,NutriPlus Ice Cream 250ml,Frozen Foods,Ice Cream,NutriPlus,11.157085714285714,11.157085714285714,0.0,1,0.0,0.0,0.0,0.0,0.0,0.0,1,0,0,STOCKOUT,URGENT,12,650.81,445.8,0.0,0.0,5349.6,7809.719999999999,
ST08,SKU01233,DailyBest Bath & Body Family Pack,Personal Care,Bath & Body,DailyBest,5.089666666666668,5.089666666666668,0.0,1,0.0,0.0,0.0,0.0,0.0,0.0,1,0,0,STOCKOUT,URGENT,6,468.0,335.89,0.0,0.0,2015.34,2808.0,
ST08,SKU01298,FamilyChoice Office Supplies Large,Stationery & Office,Office Supplies,FamilyChoice,13.909,13.909,0.0,1,0.0,0.0,0.0,0.0,0.0,0.0,1,0,0,STOCKOUT,URGENT,14,187.71,113.69,0.0,0.0,1591.6599999999999,2627.94,
ST08,SKU01580,PureLife Juices 2L,Beverages,Juices,PureLife,2.055428571428572,2.055428571428572,0.0,1,0.0,0.0,0.0,0.0,0.0,0.0,1,0,0,STOCKOUT,URGENT,3,132.1,75.58,0.0,0.0,226.74,396.29999999999995,
ST08,SKU01607,NovaFresh Oral Care 500ml,Personal Care,Oral Care,NovaFresh,7.9876,7.9876,0.0,1,0.0,0.0,0.0,0.0,0.0,0.0,1,0,0,STOCKOUT,URGENT,8,269.24,208.38,0.0,0.0,1667.04,2153.92,
ST08,SKU01791,FreshFarm Coffee 2kg,Beverages,Coffee,FreshFarm,28.44191904761904,5.688383809523808,12.71961288020445,5,0.0,0.0,0.0,0.0,0.0,0.0,1,0,1,STOCKOUT,URGENT,29,129.55,71.37,0.0,0.0,2069.73,3756.9500000000003,
ST08,SKU01930,PrimeCare Juices 1kg,Beverages,Juices,PrimeCare,5.15,5.15,0.0,1,0.0,0.0,0.0,0.0,0.0,0.0,1,0,0,STOCKOUT,URGENT,6,60.28,36.37,0.0,0.0,218.21999999999997,361.68,
ST08,SKU01937,BasicNeeds Batteries Family Pack,Electronics & Accessories,Batteries,BasicNeeds,9.11239523809524,9.11239523809524,0.0,1,0.0,0.0,0.0,0.0,0.0,0.0,1,0,0,STOCKOUT,URGENT,10,1685.23,1286.62,0.0,0.0,12866.199999999999,16852.3,
ST08,SKU02099,CityFresh Bottled Water Pack of 12,Beverages,Bottled Water,CityFresh,9.229066666666668,9.229066666666668,0.0,1,0.0,0.0,0.0,0.0,0.0,0.0,1,0,0,STOCKOUT,URGENT,10,160.15,103.7,0.0,0.0,1037.0,1601.5,
ST08,SKU02148,SmartBuy Dishwashing 500ml,Home Care,Dishwashing,SmartBuy,8.085685714285715,8.085685714285715,0.0,1,0.0,0.0,0.0,0.0,0.0,0.0,1,0,0,STOCKOUT,URGENT,9,264.71,178.78,0.0,0.0,1609.02,2382.39,
ST08,SKU02207,CityFresh Hair Care Medium,Personal Care,Hair Care,CityFresh,19.7062,19.7062,0.0,1,0.0,0.0,0.0,0.0,0.0,0.0,1,0,0,STOCKOUT,URGENT,20,318.58,190.97,0.0,0.0,3819.4,6371.599999999999,
ST08,SKU02306,ZestyCo Dishwashing 250ml,Home Care,Dishwashing,ZestyCo,15.966,15.966,0.0,1,0.0,0.0,0.0,0.0,0.0,0.0,1,0,0,STOCKOUT,URGENT,16,196.62,152.97,0.0,0.0,2447.52,3145.92,
ST08,SKU02563,CleanWave Writing Instruments 2kg,Stationery & Office,Writing Instruments,CleanWave,10.973999999999998,10.973999999999998,0.0,1,0.0,0.0,0.0,0.0,0.0,0.0,1,0,0,STOCKOUT,URGENT,11,180.04,109.79,0.0,0.0,1207.69,1980.4399999999998,
ST08,SKU02729,GoldenHarvest Home Decor 2kg,Home & Kitchen,Home Decor,GoldenHarvest,8.291766666666666,8.291766666666666,0.0,1,0.0,0.0,0.0,0.0,0.0,0.0,1,0,0,STOCKOUT,URGENT,9,883.5,595.13,0.0,0.0,5356.17,7951.5,
ST08,SKU02737,BasicNeeds Notebooks 1kg,Stationery & Office,Notebooks,BasicNeeds,7.042933333333332,7.042933333333332,0.0,1,0.0,0.0,0.0,0.0,0.0,0.0,1,0,0,STOCKOUT,URGENT,8,315.14,215.3,0.0,0.0,1722.4,2521.12,
ST08,SKU02916,SparkleClean Ice Cream 250ml,Frozen Foods,Ice Cream,SparkleClean,21.843242857142855,21.843242857142855,0.0,1,0.0,0.0,0.0,0.0,0.0,0.0,1,0,0,STOCKOUT,URGENT,22,811.15,610.25,0.0,0.0,13425.5,17845.3,
ST08,SKU03270,UrbanBite Cheese Small,Dairy & Bakery,Cheese,UrbanBite,30.19256825396825,30.19256825396825,0.0,1,0.0,0.0,0.0,0.0,0.0,0.0,1,0,0,STOCKOUT,URGENT,31,147.5,100.69,0.0,0.0,3121.39,4572.5,
ST08,SKU03343,SoftTouch Oral Care 1L,Personal Care,Oral Care,SoftTouch,9.008666666666668,9.008666666666668,0.0,1,0.0,0.0,0.0,0.0,0.0,0.0,1,0,0,STOCKOUT,URGENT,10,294.71,164.46,0.0,0.0,1644.6000000000001,2947.1,
ST08,SKU03472,HomeStyle Chocolates 1kg,Snacks & Confectionery,Chocolates,HomeStyle,10.063333333333333,10.063333333333333,0.0,1,0.0,0.0,0.0,0.0,0.0,0.0,1,0,0,STOCKOUT,URGENT,11,195.92,120.44,0.0,0.0,1324.84,2155.12,
ST08,SKU03598,CleanWave Notebooks Family Pack,Stationery & Office,Notebooks,CleanWave,4.001666666666667,4.001666666666667,0.0,1,0.0,0.0,0.0,0.0,0.0,0.0,1,0,0,STOCKOUT,URGENT,5,83.08,51.47,0.0,0.0,257.35,415.4,
ST08,SKU03739,NatureBlend Tea 1L,Beverages,Tea,NatureBlend,9.169390476190475,9.169390476190475,0.0,1,0.0,0.0,0.0,0.0,0.0,0.0,1,0,0,STOCKOUT,URGENT,10,140.88,99.54,0.0,0.0,995.4000000000001,1408.8,
ST08,SKU03867,GoldenHarvest Butter & Ghee 500ml,Dairy & Bakery,Butter & Ghee,GoldenHarvest,11.22369523809524,11.22369523809524,0.0,1,0.0,0.0,0.0,0.0,0.0,0.0,1,0,0,STOCKOUT,URGENT,12,62.88,42.65,0.0,0.0,511.79999999999995,754.5600000000001,
ST08,SKU03981,GreenValley Flour & Atta Family Pack,Grocery,Flour & Atta,GreenValley,6.295228571428571,6.295228571428571,0.0,1,0.0,0.0,0.0,0.0,0.0,0.0,1,0,0,STOCKOUT,URGENT,7,285.57,227.11,0.0,0.0,1589.77,1998.99,
ST08,SKU04035,ValueChoice Sugar & Salt 250g,Grocery,Sugar & Salt,ValueChoice,11.086961904761903,11.086961904761903,0.0,1,0.0,0.0,0.0,0.0,0.0,0.0,1,0,0,STOCKOUT,URGENT,12,140.98,90.93,0.0,0.0,1091.16,1691.7599999999998,
ST08,SKU04198,QuickBite Juices 2L,Beverages,Juices,QuickBite,38.203209523809534,38.203209523809534,0.0,1,0.0,0.0,0.0,0.0,0.0,0.0,1,0,0,STOCKOUT,URGENT,39,122.84,93.56,0.0,0.0,3648.84,4790.76,
ST08,SKU04503,UrbanBite Yogurt Medium,Dairy & Bakery,Yogurt,UrbanBite,6.869333333333333,0.2747733333333333,1.3738666666666666,25,0.0,0.0,0.0,0.0,0.0,0.0,1,0,1,STOCKOUT,URGENT,7,149.26,110.23,0.0,0.0,771.61,1044.82,
ST08,SKU04536,FamilyChoice Mobile Accessories 500g,Electronics & Accessories,Mobile Accessories,FamilyChoice,22.44405238095238,22.44405238095238,0.0,1,0.0,0.0,0.0,0.0,0.0,0.0,1,0,0,STOCKOUT,URGENT,23,1495.19,1127.82,0.0,0.0,25939.859999999997,34389.37,
ST08,SKU04656,ZestyCo Men's Wear Pack of 12,Apparel & Footwear,Men's Wear,ZestyCo,13.054904761904764,13.054904761904764,0.0,1,0.0,0.0,0.0,0.0,0.0,0.0,1,0,0,STOCKOUT,URGENT,14,1418.65,875.08,0.0,0.0,12251.12,19861.100000000002,
ST08,SKU04705,ValueChoice Flour & Atta Pack of 12,Grocery,Flour & Atta,ValueChoice,5.012266666666666,5.012266666666666,0.0,1,0.0,0.0,0.0,0.0,0.0,0.0,1,0,0,STOCKOUT,URGENT,6,147.03,94.69,0.0,0.0,568.14,882.1800000000001,
ST08,SKU04822,HealthFirst Hair Care Family Pack,Personal Care,Hair Care,HealthFirst,14.960066666666666,14.960066666666666,0.0,1,0.0,0.0,0.0,0.0,0.0,0.0,1,0,0,STOCKOUT,URGENT,15,457.47,310.36,0.0,0.0,4655.400000000001,6862.05,
ST09,SKU00116,CrispKing Ready Meals Large,Frozen Foods,Ready Meals,CrispKing,2.9908,2.9908,0.0,1,0.0,0.0,0.0,0.0,0.0,0.0,1,0,0,STOCKOUT,URGENT,3,317.12,220.62,0.0,0.0,661.86,951.36,
ST09,SKU00641,NutriPlus Coffee Small,Beverages,Coffee,NutriPlus,25.310580952380956,25.310580952380956,0.0,1,0.0,0.0,0.0,0.0,0.0,0.0,1,0,0,STOCKOUT,URGENT,26,164.18,103.81,0.0,0.0,2699.06,4268.68,
ST09,SKU00643,ZestyCo Batteries 500ml,Electronics & Accessories,Batteries,ZestyCo,13.223261904761904,13.223261904761904,0.0,1,0.0,0.0,0.0,0.0,0.0,0.0,1,0,0,STOCKOUT,URGENT,14,490.78,344.46,0.0,0.0,4822.44,6870.92,
ST09,SKU00785,EverydayPlus Pest Control 2L,Home Care,Pest Control,EverydayPlus,8.959,8.959,0.0,1,0.0,0.0,0.0,0.0,0.0,0.0,1,0,0,STOCKOUT,URGENT,9,269.35,192.16,0.0,0.0,1729.44,2424.15,
ST09,SKU00830,TrueTaste Ice Cream Medium,Frozen Foods,Ice Cream,TrueTaste,14.181,14.181,0.0,1,0.0,0.0,0.0,0.0,0.0,0.0,1,0,0,STOCKOUT,URGENT,15,290.01,208.06,0.0,0.0,3120.9,4350.15,
ST09,SKU00942,FreshFarm Pest Control 1kg,Home Care,Pest Control,FreshFarm,25.71371428571428,25.71371428571428,0.0,1,0.0,0.0,0.0,0.0,0.0,0.0,1,0,0,STOCKOUT,URGENT,26,172.9,121.42,0.0,0.0,3156.92,4495.400000000001,
ST09,SKU00945,SparkleClean Cheese 1kg,Dairy & Bakery,Cheese,SparkleClean,10.988366666666666,10.988366666666666,0.0,1,0.0,0.0,0.0,0.0,0.0,0.0,1,0,0,STOCKOUT,URGENT,11,131.35,80.84,0.0,0.0,889.24,1444.85,
ST09,SKU01106,HealthFirst Soft Drinks Pack of 12,Beverages,Soft Drinks,HealthFirst,8.924333333333331,8.924333333333331,0.0,1,0.0,0.0,0.0,0.0,0.0,0.0,1,0,0,STOCKOUT,URGENT,9,115.88,66.3,0.0,0.0,596.6999999999999,1042.92,
ST09,SKU01263,BasicNeeds Milk Pack of 12,Dairy & Bakery,Milk,BasicNeeds,12.008333333333336,12.008333333333336,0.0,1,0.0,0.0,0.0,0.0,0.0,0.0,1,0,0,STOCKOUT,URGENT,13,185.0,105.97,0.0,0.0,1377.61,2405.0,
ST09,SKU01296,DailyBest Spices & Seasoning 2kg,Grocery,Spices & Seasoning,DailyBest,22.02461904761904,22.02461904761904,0.0,1,0.0,0.0,0.0,0.0,0.0,0.0,1,0,0,STOCKOUT,URGENT,23,84.47,63.68,0.0,0.0,1464.64,1942.81,
ST09,SKU01414,CityFresh Notebooks 2L,Stationery & Office,Notebooks,CityFresh,30.170204761904767,30.170204761904767,0.0,1,0.0,0.0,0.0,0.0,0.0,0.0,1,0,0,STOCKOUT,URGENT,31,193.44,136.08,0.0,0.0,4218.4800000000005,5996.64,
ST09,SKU01438,GreenValley Cooking Oil 100g,Grocery,Cooking Oil,GreenValley,10.900466666666668,10.900466666666668,0.0,1,0.0,87.0,38.0,0.0,-87.0,-38.0,1,0,0,STOCKOUT,URGENT,87,298.01,182.51,0.0,0.0,15878.369999999999,25926.87,2025-08-05
ST09,SKU01855,EliteHome Women's Wear Small,Apparel & Footwear,Women's Wear,EliteHome,3.015,3.015,0.0,1,0.0,0.0,0.0,0.0,0.0,0.0,1,0,0,STOCKOUT,URGENT,4,1938.76,1264.86,0.0,0.0,5059.44,7755.04,
ST09,SKU01856,EliteHome Soft Drinks 500g,Beverages,Soft Drinks,EliteHome,20.936865079365084,20.936865079365084,0.0,1,0.0,0.0,0.0,0.0,0.0,0.0,1,0,0,STOCKOUT,URGENT,21,195.51,128.08,0.0,0.0,2689.6800000000003,4105.71,
ST09,SKU02100,PurePlus Air Fresheners 250ml,Home Care,Air Fresheners,PurePlus,22.349,22.349,0.0,1,0.0,0.0,0.0,0.0,0.0,0.0,1,0,0,STOCKOUT,URGENT,23,358.76,254.73,0.0,0.0,5858.79,8251.48,
ST09,SKU02107,NatureBlend Footwear 1kg,Apparel & Footwear,Footwear,NatureBlend,6.954666666666667,6.954666666666667,0.0,1,0.0,0.0,0.0,0.0,0.0,0.0,1,0,0,STOCKOUT,URGENT,7,810.91,570.51,0.0,0.0,3993.5699999999997,5676.37,
ST09,SKU02199,HealthFirst Candy 250ml,Snacks & Confectionery,Candy,HealthFirst,5.211952380952381,5.211952380952381,0.0,1,0.0,0.0,0.0,0.0,0.0,0.0,1,0,0,STOCKOUT,URGENT,6,106.6,71.21,0.0,0.0,427.26,639.5999999999999,
ST09,SKU02244,HealthFirst Biscuits & Cookies 500g,Snacks & Confectionery,Biscuits & Cookies,HealthFirst,7.227885714285714,7.227885714285714,0.0,1,0.0,0.0,0.0,0.0,0.0,0.0,1,0,0,STOCKOUT,URGENT,8,52.43,35.87,0.0,0.0,286.96,419.44,
ST09,SKU02350,SoftTouch Notebooks 2L,Stationery & Office,Notebooks,SoftTouch,4.9954,4.9954,0.0,1,0.0,0.0,0.0,0.0,0.0,0.0,1,0,0,STOCKOUT,URGENT,5,194.08,127.16,0.0,0.0,635.8,970.4000000000001,
ST09,SKU02655,GreenValley Namkeen 500g,Snacks & Confectionery,Namkeen,GreenValley,8.112,8.112,0.0,1,0.0,0.0,0.0,0.0,0.0,0.0,1,0,0,STOCKOUT,URGENT,9,66.91,53.32,0.0,0.0,479.88,602.1899999999999,
ST09,SKU02891,PurePlus Men's Grooming 1L,Personal Care,Men's Grooming,PurePlus,18.24158095238095,18.24158095238095,0.0,1,0.0,0.0,0.0,0.0,0.0,0.0,1,0,0,STOCKOUT,URGENT,19,514.58,384.81,0.0,0.0,7311.39,9777.02,
ST09,SKU02991,FreshFarm Air Fresheners Pack of 6,Home Care,Air Fresheners,FreshFarm,6.970666666666666,6.970666666666666,0.0,1,0.0,0.0,0.0,0.0,0.0,0.0,1,0,0,STOCKOUT,URGENT,7,106.67,72.6,0.0,0.0,508.19999999999993,746.69,
ST09,SKU03015,NutriPlus Juices Medium,Beverages,Juices,NutriPlus,27.511728571428563,27.511728571428563,0.0,1,0.0,0.0,0.0,0.0,0.0,0.0,1,0,0,STOCKOUT,URGENT,28,62.87,37.66,0.0,0.0,1054.48,1760.36,
ST09,SKU03075,PrimeCare OTC Medicine Small,Health & Wellness,OTC Medicine,PrimeCare,14.1272,14.1272,0.0,1,0.0,0.0,0.0,0.0,0.0,0.0,1,0,0,STOCKOUT,URGENT,15,1310.56,863.17,0.0,0.0,12947.55,19658.399999999998,
ST09,SKU03227,CleanWave Frozen Vegetables 250ml,Frozen Foods,Frozen Vegetables,CleanWave,21.2400380952381,21.2400380952381,0.0,1,0.0,0.0,0.0,0.0,0.0,0.0,1,0,0,STOCKOUT,URGENT,22,383.56,220.98,0.0,0.0,4861.5599999999995,8438.32,
ST09,SKU03342,DailyBest Vitamins & Supplements 2L,Health & Wellness,Vitamins & Supplements,DailyBest,3.077666666666667,3.077666666666667,0.0,1,0.0,0.0,0.0,0.0,0.0,0.0,1,0,0,STOCKOUT,URGENT,4,445.26,323.52,0.0,0.0,1294.08,1781.04,
ST09,SKU03354,FreshFarm Chips & Crisps 250ml,Snacks & Confectionery,Chips & Crisps,FreshFarm,25.079571428571423,25.079571428571423,0.0,1,0.0,0.0,0.0,0.0,0.0,0.0,1,0,0,STOCKOUT,URGENT,26,47.44,29.57,0.0,0.0,768.82,1233.44,
ST09,SKU03576,DailyBest Writing Instruments Pack of 6,Stationery & Office,Writing Instruments,DailyBest,0.0,0.0,0.0,1,0.0,0.0,0.0,0.0,0.0,0.0,1,0,0,STOCKOUT,URGENT,0,61.97,43.79,0.0,0.0,0.0,0.0,
ST09,SKU03614,QuickBite Vitamins & Supplements 500ml,Health & Wellness,Vitamins & Supplements,QuickBite,15.028708802308808,15.028708802308808,0.0,1,0.0,0.0,0.0,0.0,0.0,0.0,1,0,0,STOCKOUT,URGENT,16,1256.7,778.27,0.0,0.0,12452.32,20107.2,
ST09,SKU03951,CityFresh Juices Family Pack,Beverages,Juices,CityFresh,8.436663492063493,8.436663492063493,0.0,1,0.0,0.0,0.0,0.0,0.0,0.0,1,0,0,STOCKOUT,URGENT,9,156.85,120.22,0.0,0.0,1081.98,1411.6499999999999,
ST09,SKU03982,BasicNeeds Writing Instruments 2L,Stationery & Office,Writing Instruments,BasicNeeds,19.700966666666663,19.700966666666663,0.0,1,0.0,0.0,0.0,0.0,0.0,0.0,1,0,0,STOCKOUT,URGENT,20,217.81,122.99,0.0,0.0,2459.7999999999997,4356.2,
ST09,SKU04600,ValueChoice Oral Care 1kg,Personal Care,Oral Care,ValueChoice,11.146333333333336,11.146333333333336,0.0,1,0.0,0.0,0.0,0.0,0.0,0.0,1,0,0,STOCKOUT,URGENT,12,150.03,103.02,0.0,0.0,1236.24,1800.3600000000001,
ST09,SKU04659,CrispKing Skin Care Pack of 6,Personal Care,Skin Care,CrispKing,9.9344,9.9344,0.0,1,0.0,0.0,0.0,0.0,0.0,0.0,1,0,0,STOCKOUT,URGENT,10,578.23,393.72,0.0,0.0,3937.2000000000003,5782.3,
ST09,SKU04683,EverydayPlus Hair Care 250ml,Personal Care,Hair Care,EverydayPlus,11.962133333333334,11.962133333333334,0.0,1,0.0,0.0,0.0,0.0,0.0,0.0,1,0,0,STOCKOUT,URGENT,12,481.63,313.99,0.0,0.0,3767.88,5779.5599999999995,
ST09,SKU04739,SparkleClean Men's Grooming 500ml,Personal Care,Men's Grooming,SparkleClean,8.013333333333334,8.013333333333334,0.0,1,0.0,0.0,0.0,0.0,0.0,0.0,1,0,0,STOCKOUT,URGENT,9,273.32,212.58,0.0,0.0,1913.22,2459.88,
ST09,SKU04748,SunriseFoods Ice Cream Pack of 6,Frozen Foods,Ice Cream,SunriseFoods,11.07554285714286,11.07554285714286,0.0,1,0.0,0.0,0.0,0.0,0.0,0.0,1,0,0,STOCKOUT,URGENT,12,553.81,388.19,0.0,0.0,4658.28,6645.719999999999,
ST09,SKU04978,EverydayPlus Frozen Vegetables 250g,Frozen Foods,Frozen Vegetables,EverydayPlus,6.097933333333334,6.097933333333334,0.0,1,0.0,0.0,0.0,0.0,0.0,0.0,1,0,0,STOCKOUT,URGENT,7,230.93,156.02,0.0,0.0,1092.14,1616.51,
ST10,SKU00067,EliteHome Spices & Seasoning 250ml,Grocery,Spices & Seasoning,EliteHome,21.44749206349206,21.44749206349206,0.0,1,0.0,0.0,0.0,0.0,0.0,0.0,1,0,0,STOCKOUT,URGENT,22,492.46,273.09,0.0,0.0,6007.98,10834.119999999999,
ST10,SKU00392,NatureBlend Rice & Grains 100g,Grocery,Rice & Grains,NatureBlend,4.942999999999999,4.942999999999999,0.0,1,0.0,0.0,0.0,0.0,0.0,0.0,1,0,0,STOCKOUT,URGENT,5,495.32,277.09,0.0,0.0,1385.4499999999998,2476.6,
ST10,SKU00398,PremiumSelect Vitamins & Supplements Family Pack,Health & Wellness,Vitamins & Supplements,PremiumSelect,9.045666666666667,9.045666666666667,0.0,1,0.0,0.0,0.0,0.0,0.0,0.0,1,0,0,STOCKOUT,URGENT,10,522.36,398.45,0.0,0.0,3984.5,5223.6,
ST10,SKU00411,TrueTaste Frozen Meat 250g,Frozen Foods,Frozen Meat,TrueTaste,17.018333333333334,17.018333333333334,0.0,1,0.0,0.0,0.0,0.0,0.0,0.0,1,0,0,STOCKOUT,URGENT,18,239.07,180.34,0.0,0.0,3246.12,4303.26,
ST10,SKU00464,CityFresh Hair Care Small,Personal Care,Hair Care,CityFresh,26.004809523809524,26.004809523809524,0.0,1,0.0,0.0,0.0,0.0,0.0,0.0,1,0,0,STOCKOUT,URGENT,27,443.86,285.63,0.0,0.0,7712.01,11984.220000000001,
ST10,SKU00727,PurePlus Ready Meals 100g,Frozen Foods,Ready Meals,PurePlus,7.034133333333333,7.034133333333333,0.0,1,0.0,0.0,0.0,0.0,0.0,0.0,1,0,0,STOCKOUT,URGENT,8,584.82,433.38,0.0,0.0,3467.04,4678.56,
ST10,SKU00785,EverydayPlus Pest Control 2L,Home Care,Pest Control,EverydayPlus,12.039,12.039,0.0,1,0.0,0.0,0.0,0.0,0.0,0.0,1,0,0,STOCKOUT,URGENT,13,269.35,192.16,0.0,0.0,2498.08,3501.55,
ST10,SKU00860,FamilyChoice Frozen Vegetables Small,Frozen Foods,Frozen Vegetables,FamilyChoice,10.819333333333336,10.819333333333336,0.0,1,0.0,0.0,0.0,0.0,0.0,0.0,1,0,0,STOCKOUT,URGENT,11,680.17,393.43,0.0,0.0,4327.7300000000005,7481.87,
ST10,SKU01114,HomeStyle Footwear Large,Apparel & Footwear,Footwear,HomeStyle,26.73512698412699,26.73512698412699,0.0,1,0.0,0.0,0.0,0.0,0.0,0.0,1,0,0,STOCKOUT,URGENT,27,554.93,428.39,0.0,0.0,11566.529999999999,14983.109999999999,
ST10,SKU01209,SoftTouch Soft Drinks 2kg,Beverages,Soft Drinks,SoftTouch,20.906346031746036,20.906346031746036,0.0,1,0.0,0.0,0.0,0.0,0.0,0.0,1,0,0,STOCKOUT,URGENT,21,99.4,63.07,0.0,0.0,1324.47,2087.4,
ST10,SKU01329,HomeStyle Namkeen Small,Snacks & Confectionery,Namkeen,HomeStyle,10.049666666666663,10.049666666666663,0.0,1,0.0,0.0,0.0,0.0,0.0,0.0,1,0,0,STOCKOUT,URGENT,11,61.78,43.97,0.0,0.0,483.66999999999996,679.58,
ST10,SKU01382,PrimeCare Pulses & Lentils Family Pack,Grocery,Pulses & Lentils,PrimeCare,23.85936666666667,23.85936666666667,0.0,1,0.0,0.0,0.0,0.0,0.0,0.0,1,0,0,STOCKOUT,URGENT,24,356.73,246.15,0.0,0.0,5907.6,8561.52,
ST10,SKU01391,BasicNeeds Pest Control Medium,Home Care,Pest Control,BasicNeeds,4.053333333333333,4.053333333333333,0.0,1,0.0,0.0,0.0,0.0,0.0,0.0,1,0,0,STOCKOUT,URGENT,5,346.5,230.39,0.0,0.0,1151.9499999999998,1732.5,
ST10,SKU01393,UrbanBite Juices 250ml,Beverages,Juices,UrbanBite,6.051999999999999,6.051999999999999,0.0,1,0.0,0.0,0.0,0.0,0.0,0.0,1,0,0,STOCKOUT,URGENT,7,126.23,85.39,0.0,0.0,597.73,883.61,
ST10,SKU01640,NovaFresh Kids Wear 100g,Apparel & Footwear,Kids Wear,NovaFresh,22.062298412698414,22.062298412698414,0.0,1,0.0,0.0,0.0,0.0,0.0,0.0,1,0,0,STOCKOUT,URGENT,23,1332.63,773.61,0.0,0.0,17793.03,30650.49,
ST10,SKU01831,QuickBite Vitamins & Supplements 250ml,Health & Wellness,Vitamins & Supplements,QuickBite,42.06498412698411,42.06498412698411,0.0,1,0.0,0.0,0.0,0.0,0.0,0.0,1,0,0,STOCKOUT,URGENT,43,341.82,271.74,0.0,0.0,11684.82,14698.26,
ST10,SKU01984,SunriseFoods Men's Grooming Large,Personal Care,Men's Grooming,SunriseFoods,6.004533333333334,6.004533333333334,0.0,1,0.0,0.0,0.0,0.0,0.0,0.0,1,0,0,STOCKOUT,URGENT,7,254.86,185.79,0.0,0.0,1300.53,1784.02,
ST10,SKU02018,DailyBest Home Decor 100g,Home & Kitchen,Home Decor,DailyBest,23.9,23.9,0.0,1,0.0,0.0,0.0,0.0,0.0,0.0,1,0,0,STOCKOUT,URGENT,24,1042.89,673.13,0.0,0.0,16155.119999999999,25029.36,
ST10,SKU02110,GreenValley Notebooks Medium,Stationery & Office,Notebooks,GreenValley,11.456323809523814,11.456323809523814,0.0,1,0.0,0.0,0.0,0.0,0.0,0.0,1,0,0,STOCKOUT,URGENT,12,248.08,164.21,0.0,0.0,1970.52,2976.96,
ST10,SKU02141,PureLife Bath & Body Family Pack,Personal Care,Bath & Body,PureLife,29.40189841269841,29.40189841269841,0.0,1,0.0,63.0,17.0,0.0,-63.0,-17.0,1,0,0,STOCKOUT,URGENT,63,471.88,351.16,0.0,0.0,22123.08,29728.44,2025-09-30
ST10,SKU02208,SoftTouch Biscuits & Cookies Small,Snacks & Confectionery,Biscuits & Cookies,SoftTouch,11.990333333333332,11.990333333333332,0.0,1,0.0,0.0,0.0,0.0,0.0,0.0,1,0,0,STOCKOUT,URGENT,12,162.14,105.08,0.0,0.0,1260.96,1945.6799999999998,
ST10,SKU02404,CrispKing Namkeen 500ml,Snacks & Confectionery,Namkeen,CrispKing,17.50564285714286,17.50564285714286,0.0,1,0.0,0.0,0.0,0.0,0.0,0.0,1,0,0,STOCKOUT,URGENT,18,28.16,17.56,0.0,0.0,316.08,506.88,
ST10,SKU02599,PremiumSelect Oral Care 250ml,Personal Care,Oral Care,PremiumSelect,22.015077777777787,22.015077777777787,0.0,1,0.0,0.0,0.0,0.0,0.0,0.0,1,0,0,STOCKOUT,URGENT,23,600.09,362.67,0.0,0.0,8341.41,13802.070000000002,
ST10,SKU02679,MetroBrand First Aid Small,Health & Wellness,First Aid,MetroBrand,20.94165873015873,20.94165873015873,0.0,1,0.0,0.0,0.0,0.0,0.0,0.0,1,0,0,STOCKOUT,URGENT,21,611.77,486.7,0.0,0.0,10220.699999999999,12847.17,
ST10,SKU03296,PrimeCare Batteries 250ml,Electronics & Accessories,Batteries,PrimeCare,8.995333333333333,8.995333333333333,0.0,1,0.0,0.0,0.0,0.0,0.0,0.0,1,0,0,STOCKOUT,URGENT,9,3683.62,2228.19,0.0,0.0,20053.71,33152.58,
ST10,SKU03338,NovaFresh Writing Instruments 1kg,Stationery & Office,Writing Instruments,NovaFresh,6.995333333333334,6.995333333333334,0.0,1,0.0,0.0,0.0,0.0,0.0,0.0,1,0,0,STOCKOUT,URGENT,7,154.69,97.4,0.0,0.0,681.8000000000001,1082.83,
ST10,SKU03748,SparkleClean Flour & Atta 1kg,Grocery,Flour & Atta,SparkleClean,0.0,0.0,0.0,1,0.0,0.0,0.0,0.0,0.0,0.0,1,0,0,STOCKOUT,URGENT,0,165.67,131.96,0.0,0.0,0.0,0.0,
ST10,SKU03891,MetroBrand Eggs Medium,Dairy & Bakery,Eggs,MetroBrand,2.3164571428571428,2.3164571428571428,0.0,1,0.0,0.0,0.0,0.0,0.0,0.0,1,0,0,STOCKOUT,URGENT,3,159.69,112.65,0.0,0.0,337.95000000000005,479.07,
ST10,SKU03963,ZestyCo Energy Drinks Pack of 12,Beverages,Energy Drinks,ZestyCo,14.037666666666668,14.037666666666668,0.0,1,0.0,0.0,0.0,0.0,0.0,0.0,1,0,0,STOCKOUT,URGENT,15,127.38,100.8,0.0,0.0,1512.0,1910.6999999999998,
ST10,SKU04167,EverydayPlus Office Supplies Pack of 12,Stationery & Office,Office Supplies,EverydayPlus,20.775557142857146,0.6110457983193278,3.562978655547344,34,0.0,0.0,0.0,0.0,0.0,0.0,1,0,1,STOCKOUT,URGENT,21,200.13,119.18,0.0,0.0,2502.78,4202.73,
ST10,SKU04450,QuickBite Small Appliances 500ml,Electronics & Accessories,Small Appliances,QuickBite,3.9983333333333335,3.9983333333333335,0.0,1,0.0,0.0,0.0,0.0,0.0,0.0,1,0,0,STOCKOUT,URGENT,4,507.9,376.68,0.0,0.0,1506.72,2031.6,
ST10,SKU04463,NovaFresh Men's Wear 1L,Apparel & Footwear,Men's Wear,NovaFresh,7.009333333333333,7.009333333333333,0.0,1,0.0,0.0,0.0,0.0,0.0,0.0,1,0,0,STOCKOUT,URGENT,8,1282.18,889.63,0.0,0.0,7117.04,10257.44,
ST10,SKU04826,NovaFresh Men's Wear Medium,Apparel & Footwear,Men's Wear,NovaFresh,13.9906,13.9906,0.0,1,0.0,0.0,0.0,0.0,0.0,0.0,1,0,0,STOCKOUT,URGENT,14,1610.45,894.31,0.0,0.0,12520.34,22546.3,
ST11,SKU00001,NutriPlus Cookware Large,Home & Kitchen,Cookware,NutriPlus,2.012,2.012,0.0,1,0.0,0.0,0.0,0.0,0.0,0.0,1,0,0,STOCKOUT,URGENT,3,813.41,619.77,0.0,0.0,1859.31,2440.23,
ST11,SKU00022,PrimeCare Bottled Water 250ml,Beverages,Bottled Water,PrimeCare,10.048,10.048,0.0,1,0.0,0.0,0.0,0.0,0.0,0.0,1,0,0,STOCKOUT,URGENT,11,201.01,147.24,0.0,0.0,1619.64,2211.1099999999997,
ST11,SKU00086,HealthFirst Small Appliances Pack of 12,Electronics & Accessories,Small Appliances,HealthFirst,18.602652380952375,18.602652380952375,0.0,1,0.0,0.0,0.0,0.0,0.0,0.0,1,0,0,STOCKOUT,URGENT,19,2786.01,2220.28,0.0,0.0,42185.32000000001,52934.19,
ST11,SKU00087,NatureBlend First Aid 500g,Health & Wellness,First Aid,NatureBlend,45.93250952380953,45.93250952380953,0.0,1,0.0,0.0,0.0,0.0,0.0,0.0,1,0,0,STOCKOUT,URGENT,46,231.1,180.72,0.0,0.0,8313.12,10630.6,
ST11,SKU00093,ValueChoice Energy Drinks 2kg,Beverages,Energy Drinks,ValueChoice,3.0116,3.0116,0.0,1,0.0,0.0,0.0,0.0,0.0,0.0,1,0,0,STOCKOUT,URGENT,4,216.52,171.07,0.0,0.0,684.28,866.08,
ST11,SKU00117,ZestyCo Surface Cleaners Pack of 6,Home Care,Surface Cleaners,ZestyCo,0.0,0.0,0.0,1,0.0,0.0,0.0,0.0,0.0,0.0,1,0,0,STOCKOUT,URGENT,0,258.96,199.97,0.0,0.0,0.0,0.0,
ST11,SKU00162,NovaFresh Small Appliances Small,Electronics & Accessories,Small Appliances,NovaFresh,37.53370952380952,37.53370952380952,0.0,1,0.0,0.0,0.0,0.0,0.0,0.0,1,0,0,STOCKOUT,URGENT,38,2780.26,1577.93,0.0,0.0,59961.340000000004,105649.88,
ST11,SKU00528,BasicNeeds Bottled Water Small,Beverages,Bottled Water,BasicNeeds,12.003333333333334,12.003333333333334,0.0,1,0.0,0.0,0.0,0.0,0.0,0.0,1,0,0,STOCKOUT,URGENT,13,210.21,143.68,0.0,0.0,1867.8400000000001,2732.73,
ST11,SKU00561,FreshFarm Mobile Accessories Small,Electronics & Accessories,Mobile Accessories,FreshFarm,4.998,4.998,0.0,1,0.0,0.0,0.0,0.0,0.0,0.0,1,0,0,STOCKOUT,URGENT,5,1956.31,1520.81,0.0,0.0,7604.049999999999,9781.55,
ST11,SKU00677,EliteHome Mobile Accessories 500ml,Electronics & Accessories,Mobile Accessories,EliteHome,18.96982857142857,18.96982857142857,0.0,1,0.0,0.0,0.0,0.0,0.0,0.0,1,0,0,STOCKOUT,URGENT,19,3238.81,2495.92,0.0,0.0,47422.48,61537.39,
ST11,SKU00774,GreenValley Energy Drinks 1kg,Beverages,Energy Drinks,GreenValley,35.99537619047617,35.99537619047617,0.0,1,0.0,69.0,26.0,0.0,-69.0,-26.0,1,0,0,STOCKOUT,URGENT,69,94.61,73.97,0.0,0.0,5103.93,6528.09,2025-08-14
ST11,SKU00933,QuickBite Notebooks 100g,Stationery & Office,Notebooks,QuickBite,16.55824761904762,16.55824761904762,0.0,1,0.0,0.0,0.0,0.0,0.0,0.0,1,0,0,STOCKOUT,URGENT,17,108.95,69.93,0.0,0.0,1188.8100000000002,1852.15,
ST11,SKU01010,TrueTaste Hair Care Family Pack,Personal Care,Hair Care,TrueTaste,8.989999999999998,8.989999999999998,0.0,1,0.0,80.0,19.0,0.0,-80.0,-19.0,1,0,0,STOCKOUT,URGENT,80,439.53,283.72,0.0,0.0,22697.600000000002,35162.399999999994,2025-11-26
ST11,SKU01116,PrimeCare Rice & Grains Medium,Grocery,Rice & Grains,PrimeCare,2.001,2.001,0.0,1,0.0,0.0,0.0,0.0,0.0,0.0,1,0,0,STOCKOUT,URGENT,3,297.88,229.74,0.0,0.0,689.22,893.64,
ST11,SKU01159,SoftTouch Hair Care 1kg,Personal Care,Hair Care,SoftTouch,18.37170476190477,18.37170476190477,0.0,1,0.0,0.0,0.0,0.0,0.0,0.0,1,0,0,STOCKOUT,URGENT,19,361.28,272.97,0.0,0.0,5186.43,6864.32,
ST11,SKU01230,FamilyChoice Frozen Meat Medium,Frozen Foods,Frozen Meat,FamilyChoice,25.89331904761906,25.89331904761906,0.0,1,0.0,0.0,0.0,0.0,0.0,0.0,1,0,0,STOCKOUT,URGENT,26,687.23,485.17,0.0,0.0,12614.42,17867.98,
ST11,SKU01437,HomeStyle Kids Wear Small,Apparel & Footwear,Kids Wear,HomeStyle,4.833333333333333,4.833333333333333,0.0,1,0.0,0.0,0.0,0.0,0.0,0.0,1,0,0,STOCKOUT,URGENT,5,1550.38,1195.13,0.0,0.0,5975.650000000001,7751.900000000001,
ST11,SKU01493,ZestyCo Pest Control 100g,Home Care,Pest Control,ZestyCo,5.012733333333333,5.012733333333333,0.0,1,0.0,0.0,0.0,0.0,0.0,0.0,1,0,0,STOCKOUT,URGENT,6,197.84,112.29,0.0,0.0,673.74,1187.04,
ST11,SKU01506,GoldenHarvest Candy 2L,Snacks & Confectionery,Candy,GoldenHarvest,11.102266666666669,11.102266666666669,0.0,1,0.0,0.0,0.0,0.0,0.0,0.0,1,0,0,STOCKOUT,URGENT,12,160.9,105.41,0.0,0.0,1264.92,1930.8000000000002,
ST11,SKU01509,MetroBrand Storage & Containers Small,Home & Kitchen,Storage & Containers,MetroBrand,1.0836,1.0836,0.0,1,0.0,0.0,0.0,0.0,0.0,0.0,1,0,0,STOCKOUT,URGENT,2,1268.69,915.31,0.0,0.0,1830.62,2537.38,
ST11,SKU02020,DailyBest Office Supplies Medium,Stationery & Office,Office Supplies,DailyBest,3.267990476190476,3.267990476190476,0.0,1,0.0,0.0,0.0,0.0,0.0,0.0,1,0,0,STOCKOUT,URGENT,4,143.5,113.09,0.0,0.0,452.36,574.0,
ST11,SKU02159,PremiumSelect Eggs 1kg,Dairy & Bakery,Eggs,PremiumSelect,17.009666666666668,17.009666666666668,0.0,1,0.0,0.0,0.0,0.0,0.0,0.0,1,0,0,STOCKOUT,URGENT,18,221.13,132.37,0.0,0.0,2382.66,3980.34,
ST11,SKU02208,SoftTouch Biscuits & Cookies Small,Snacks & Confectionery,Biscuits & Cookies,SoftTouch,51.82538095238095,51.82538095238095,0.0,1,0.0,0.0,0.0,0.0,0.0,0.0,1,0,0,STOCKOUT,URGENT,52,162.14,105.08,0.0,0.0,5464.16,8431.279999999999,
ST11,SKU02258,HomeStyle Small Appliances 250ml,Electronics & Accessories,Small Appliances,HomeStyle,18.947133333333333,18.947133333333333,0.0,1,0.0,0.0,0.0,0.0,0.0,0.0,1,0,0,STOCKOUT,URGENT,19,2619.48,1723.14,0.0,0.0,32739.660000000003,49770.12,
ST11,SKU02362,SmartBuy Storage & Containers 1kg,Home & Kitchen,Storage & Containers,SmartBuy,1.0,1.0,0.0,1,0.0,0.0,0.0,0.0,0.0,0.0,1,0,0,STOCKOUT,URGENT,1,606.58,423.68,0.0,0.0,423.68,606.58,
ST11,SKU02538,EverydayPlus Ice Cream 2L,Frozen Foods,Ice Cream,EverydayPlus,5.0,5.0,0.0,1,0.0,99.0,22.0,0.0,-99.0,-22.0,1,0,0,STOCKOUT,URGENT,99,216.58,121.13,0.0,0.0,11991.869999999999,21441.420000000002,2025-08-19
ST11,SKU02554,SmartBuy Cookware 500g,Home & Kitchen,Cookware,SmartBuy,25.24045714285714,25.24045714285714,0.0,1,0.0,0.0,0.0,0.0,0.0,0.0,1,0,0,STOCKOUT,URGENT,26,658.49,411.87,0.0,0.0,10708.62,17120.74,
ST11,SKU02677,SunriseFoods Hair Care Small,Personal Care,Hair Care,SunriseFoods,0.0,0.0,0.0,1,0.0,0.0,0.0,0.0,0.0,0.0,1,0,0,STOCKOUT,URGENT,0,412.07,244.87,0.0,0.0,0.0,0.0,
ST11,SKU03040,CityFresh Cookware 1kg,Home & Kitchen,Cookware,CityFresh,2.010666666666667,2.010666666666667,0.0,1,0.0,0.0,0.0,0.0,0.0,0.0,1,0,0,STOCKOUT,URGENT,3,2390.56,1550.9,0.0,0.0,4652.700000000001,7171.68,
ST11,SKU03076,MetroBrand Footwear 1L,Apparel & Footwear,Footwear,MetroBrand,0.0,0.0,0.0,1,0.0,0.0,0.0,0.0,0.0,0.0,1,0,0,STOCKOUT,URGENT,0,1091.52,623.29,0.0,0.0,0.0,0.0,
ST11,SKU03106,EliteHome Chocolates Pack of 6,Snacks & Confectionery,Chocolates,EliteHome,7.988266666666666,7.988266666666666,0.0,1,0.0,0.0,0.0,0.0,0.0,0.0,1,0,0,STOCKOUT,URGENT,8,127.35,83.45,0.0,0.0,667.6,1018.8,
ST11,SKU03205,CityFresh Writing Instruments 100g,Stationery & Office,Writing Instruments,CityFresh,7.018666666666667,7.018666666666667,0.0,1,0.0,0.0,0.0,0.0,0.0,0.0,1,0,0,STOCKOUT,URGENT,8,57.49,35.18,0.0,0.0,281.44,459.92,
ST11,SKU03360,EverydayPlus Men's Grooming Medium,Personal Care,Men's Grooming,EverydayPlus,6.880420634920633,6.880420634920633,0.0,1,0.0,0.0,0.0,0.0,0.0,0.0,1,0,0,STOCKOUT,URGENT,7,346.96,267.65,0.0,0.0,1873.5499999999997,2428.72,
ST11,SKU03452,PrimeCare First Aid Small,Health & Wellness,First Aid,PrimeCare,10.8884,10.8884,0.0,1,0.0,0.0,0.0,0.0,0.0,0.0,1,0,0,STOCKOUT,URGENT,11,1169.31,836.86,0.0,0.0,9205.460000000001,12862.41,
ST11,SKU03453,ZestyCo Juices Large,Beverages,Juices,ZestyCo,4.018,4.018,0.0,1,0.0,0.0,0.0,0.0,0.0,0.0,1,0,0,STOCKOUT,URGENT,5,219.01,122.21,0.0,0.0,611.05,1095.05,
ST11,SKU03597,GreenValley Laundry 500g,Home Care,Laundry,GreenValley,1.004,1.004,0.0,1,0.0,0.0,0.0,0.0,0.0,0.0,1,0,0,STOCKOUT,URGENT,2,411.9,260.31,0.0,0.0,520.62,823.8,
ST11,SKU03755,SoftTouch Storage & Containers Pack of 6,Home & Kitchen,Storage & Containers,SoftTouch,5.999666666666666,5.999666666666666,0.0,1,0.0,0.0,0.0,0.0,0.0,0.0,1,0,0,STOCKOUT,URGENT,6,1185.42,915.44,0.0,0.0,5492.64,7112.52,
ST11,SKU03775,HealthFirst First Aid 250g,Health & Wellness,First Aid,HealthFirst,5.008933333333333,5.008933333333333,0.0,1,0.0,0.0,0.0,0.0,0.0,0.0,1,0,0,STOCKOUT,URGENT,6,787.79,581.02,0.0,0.0,3486.12,4726.74,
ST11,SKU03862,EverydayPlus Storage & Containers Pack of 6,Home & Kitchen,Storage & Containers,EverydayPlus,8.956000000000001,8.956000000000001,0.0,1,0.0,0.0,0.0,0.0,0.0,0.0,1,0,0,STOCKOUT,URGENT,9,965.23,714.82,0.0,0.0,6433.38,8687.07,
ST11,SKU04552,PurePlus Pulses & Lentils 1kg,Grocery,Pulses & Lentils,PurePlus,16.068785714285717,16.068785714285717,0.0,1,0.0,0.0,0.0,0.0,0.0,0.0,1,0,0,STOCKOUT,URGENT,17,207.59,128.15,0.0,0.0,2178.55,3529.03,
ST11,SKU04592,FreshFarm Surface Cleaners 100g,Home Care,Surface Cleaners,FreshFarm,3.006666666666667,3.006666666666667,0.0,1,0.0,0.0,0.0,0.0,0.0,0.0,1,0,0,STOCKOUT,URGENT,4,100.25,75.16,0.0,0.0,300.64,401.0,
ST11,SKU04657,TrueTaste Pest Control Large,Home Care,Pest Control,TrueTaste,12.405076190476192,12.405076190476192,0.0,1,0.0,0.0,0.0,0.0,0.0,0.0,1,0,0,STOCKOUT,URGENT,13,395.47,288.89,0.0,0.0,3755.5699999999997,5141.110000000001,
ST11,SKU04762,ValueChoice Frozen Vegetables 1L,Frozen Foods,Frozen Vegetables,ValueChoice,14.021333333333336,14.021333333333336,0.0,1,0.0,0.0,0.0,0.0,0.0,0.0,1,0,0,STOCKOUT,URGENT,15,437.45,261.84,0.0,0.0,3927.5999999999995,6561.75,
ST11,SKU04879,SunriseFoods Small Appliances 250ml,Electronics & Accessories,Small Appliances,SunriseFoods,8.016000000000002,0.296888888888889,1.5426799192746805,27,0.0,0.0,0.0,0.0,0.0,0.0,1,0,1,STOCKOUT,URGENT,9,1631.86,1032.44,0.0,0.0,9291.960000000001,14686.74,
ST11,SKU04976,GreenValley Mobile Accessories Medium,Electronics & Accessories,Mobile Accessories,GreenValley,8.051066666666667,8.051066666666667,0.0,1,0.0,0.0,0.0,0.0,0.0,0.0,1,0,0,STOCKOUT,URGENT,9,415.56,302.03,0.0,0.0,2718.2699999999995,3740.04,
ST12,SKU00020,SmartBuy Rice & Grains 2L,Grocery,Rice & Grains,SmartBuy,18.99540952380952,18.99540952380952,0.0,1,0.0,45.0,15.0,0.0,-45.0,-15.0,1,0,0,STOCKOUT,URGENT,45,109.5,69.58,0.0,0.0,3131.1,4927.5,2025-09-20
ST12,SKU00071,CleanWave Juices 500ml,Beverages,Juices,CleanWave,13.980266666666669,13.980266666666669,0.0,1,0.0,0.0,0.0,0.0,0.0,0.0,1,0,0,STOCKOUT,URGENT,14,273.19,212.25,0.0,0.0,2971.5,3824.66,
ST12,SKU00121,CityFresh Cheese Pack of 12,Dairy & Bakery,Cheese,CityFresh,21.073,21.073,0.0,1,0.0,0.0,0.0,0.0,0.0,0.0,1,0,0,STOCKOUT,URGENT,22,195.28,124.65,0.0,0.0,2742.3,4296.16,
ST12,SKU00128,CrispKing Footwear 2L,Apparel & Footwear,Footwear,CrispKing,19.030204761904763,19.030204761904763,0.0,1,0.0,0.0,0.0,0.0,0.0,0.0,1,0,0,STOCKOUT,URGENT,20,741.97,459.21,0.0,0.0,9184.199999999999,14839.400000000001,
ST12,SKU00391,SunriseFoods Mobile Accessories 500ml,Electronics & Accessories,Mobile Accessories,SunriseFoods,19.060361904761905,19.060361904761905,0.0,1,0.0,0.0,0.0,0.0,0.0,0.0,1,0,0,STOCKOUT,URGENT,20,1207.83,813.9,0.0,0.0,16278.0,24156.6,
ST12,SKU00490,ZestyCo Office Supplies 500ml,Stationery & Office,Office Supplies,ZestyCo,9.092,9.092,0.0,1,0.0,0.0,0.0,0.0,0.0,0.0,1,0,0,STOCKOUT,URGENT,10,240.88,180.88,0.0,0.0,1808.8,2408.8,
ST12,SKU00817,NatureBlend OTC Medicine 250ml,Health & Wellness,OTC Medicine,NatureBlend,1.998,1.998,0.0,1,0.0,0.0,0.0,0.0,0.0,0.0,1,0,0,STOCKOUT,URGENT,2,1401.77,901.87,0.0,0.0,1803.74,2803.54,
ST12,SKU00897,EverydayPlus Chips & Crisps 250g,Snacks & Confectionery,Chips & Crisps,EverydayPlus,10.071133333333332,10.071133333333332,0.0,1,0.0,0.0,0.0,0.0,0.0,0.0,1,0,0,STOCKOUT,URGENT,11,88.62,62.91,0.0,0.0,692.01,974.82,
ST12,SKU00940,ValueChoice Coffee Large,Beverages,Coffee,ValueChoice,11.0678,11.0678,0.0,1,0.0,0.0,0.0,0.0,0.0,0.0,1,0,0,STOCKOUT,URGENT,12,148.78,94.1,0.0,0.0,1129.1999999999998,1785.3600000000001,
ST12,SKU01064,PurePlus Cookware 1kg,Home & Kitchen,Cookware,PurePlus,32.031917460317445,32.031917460317445,0.0,1,0.0,0.0,0.0,0.0,0.0,0.0,1,0,0,STOCKOUT,URGENT,33,211.61,147.08,0.0,0.0,4853.64,6983.13,
ST12,SKU01163,SparkleClean Men's Wear 1kg,Apparel & Footwear,Men's Wear,SparkleClean,31.64928571428571,31.64928571428571,0.0,1,0.0,0.0,0.0,0.0,0.0,0.0,1,0,0,STOCKOUT,URGENT,32,3396.91,2383.36,0.0,0.0,76267.52,108701.12,
ST12,SKU01170,TrueTaste Hair Care 250ml,Personal Care,Hair Care,TrueTaste,8.937466666666667,8.937466666666667,0.0,1,0.0,87.0,40.0,0.0,-87.0,-40.0,1,0,0,STOCKOUT,URGENT,87,365.5,226.17,0.0,0.0,19676.789999999997,31798.5,2025-08-16
ST12,SKU01223,TrueTaste Pest Control Family Pack,Home Care,Pest Control,TrueTaste,2.005733333333333,2.005733333333333,0.0,1,0.0,0.0,0.0,0.0,0.0,0.0,1,0,0,STOCKOUT,URGENT,3,271.98,163.64,0.0,0.0,490.91999999999996,815.94,
ST12,SKU01355,FreshFarm First Aid Medium,Health & Wellness,First Aid,FreshFarm,21.901766666666667,21.901766666666667,0.0,1,0.0,0.0,0.0,0.0,0.0,0.0,1,0,0,STOCKOUT,URGENT,22,1326.65,818.53,0.0,0.0,18007.66,29186.300000000003,
ST12,SKU01481,NutriPlus Frozen Meat 1L,Frozen Foods,Frozen Meat,NutriPlus,23.7117,23.7117,0.0,1,0.0,0.0,0.0,0.0,0.0,0.0,1,0,0,STOCKOUT,URGENT,24,746.72,524.64,0.0,0.0,12591.36,17921.28,
ST12,SKU01610,FreshFarm Ready Meals 500ml,Frozen Foods,Ready Meals,FreshFarm,6.0187333333333335,6.0187333333333335,0.0,1,0.0,0.0,0.0,0.0,0.0,0.0,1,0,0,STOCKOUT,URGENT,7,579.62,399.28,0.0,0.0,2794.96,4057.34,
ST12,SKU01735,HealthFirst Vitamins & Supplements 100g,Health & Wellness,Vitamins & Supplements,HealthFirst,3.004,3.004,0.0,1,0.0,0.0,0.0,0.0,0.0,0.0,1,0,0,STOCKOUT,URGENT,4,997.19,591.26,0.0,0.0,2365.04,3988.76,
ST12,SKU01749,HealthFirst Small Appliances 2kg,Electronics & Accessories,Small Appliances,HealthFirst,20.8397,20.8397,0.0,1,0.0,0.0,0.0,0.0,0.0,0.0,1,0,0,STOCKOUT,URGENT,21,1682.32,972.66,0.0,0.0,20425.86,35328.72,
ST12,SKU01959,GoldenHarvest Cheese 1kg,Dairy & Bakery,Cheese,GoldenHarvest,14.842,14.842,0.0,1,0.0,0.0,0.0,0.0,0.0,0.0,1,0,0,STOCKOUT,URGENT,15,108.22,65.21,0.0,0.0,978.1499999999999,1623.3,
ST12,SKU02111,GreenValley Pulses & Lentils 1kg,Grocery,Pulses & Lentils,GreenValley,19.83083333333333,19.83083333333333,0.0,1,0.0,0.0,0.0,0.0,0.0,0.0,1,0,0,STOCKOUT,URGENT,20,175.31,136.75,0.0,0.0,2735.0,3506.2,
ST12,SKU02239,HealthFirst Notebooks 250g,Stationery & Office,Notebooks,HealthFirst,15.979,15.979,0.0,1,0.0,0.0,0.0,0.0,0.0,0.0,1,0,0,STOCKOUT,URGENT,16,239.19,153.89,0.0,0.0,2462.24,3827.04,
ST12,SKU02301,QuickBite Home Decor 500ml,Home & Kitchen,Home Decor,QuickBite,26.430553968253964,26.430553968253964,0.0,1,0.0,0.0,0.0,0.0,0.0,0.0,1,0,0,STOCKOUT,URGENT,27,1021.41,637.55,0.0,0.0,17213.85,27578.07,
ST12,SKU02493,GoldenHarvest Chocolates 250g,Snacks & Confectionery,Chocolates,GoldenHarvest,10.9858,10.9858,0.0,1,0.0,0.0,0.0,0.0,0.0,0.0,1,0,0,STOCKOUT,URGENT,11,212.9,118.0,0.0,0.0,1298.0,2341.9,
ST12,SKU02679,MetroBrand First Aid Small,Health & Wellness,First Aid,MetroBrand,28.350493650793656,28.350493650793656,0.0,1,0.0,0.0,0.0,0.0,0.0,0.0,1,0,0,STOCKOUT,URGENT,29,611.77,486.7,0.0,0.0,14114.3,17741.329999999998,
ST12,SKU02747,NovaFresh OTC Medicine 250ml,Health & Wellness,OTC Medicine,NovaFresh,14.580533333333332,14.580533333333332,0.0,1,0.0,31.0,11.0,0.0,-31.0,-11.0,1,0,0,STOCKOUT,URGENT,31,561.26,443.77,0.0,0.0,13756.869999999999,17399.06,2025-08-09
ST12,SKU02819,NovaFresh Mobile Accessories 1L,Electronics & Accessories,Mobile Accessories,NovaFresh,11.88473333333333,11.88473333333333,0.0,1,0.0,0.0,0.0,0.0,0.0,0.0,1,0,0,STOCKOUT,URGENT,12,1160.88,900.0,0.0,0.0,10800.0,13930.560000000001,
ST12,SKU02968,FamilyChoice First Aid 100g,Health & Wellness,First Aid,FamilyChoice,5.958066666666666,5.958066666666666,0.0,1,0.0,0.0,0.0,0.0,0.0,0.0,1,0,0,STOCKOUT,URGENT,6,1011.61,613.57,0.0,0.0,3681.42,6069.66,
ST12,SKU03037,ZestyCo Women's Wear Family Pack,Apparel & Footwear,Women's Wear,ZestyCo,23.00186666666666,23.00186666666666,0.0,1,0.0,0.0,0.0,0.0,0.0,0.0,1,0,0,STOCKOUT,URGENT,24,1595.26,894.3,0.0,0.0,21463.199999999997,38286.24,
ST12,SKU03191,NovaFresh Ready Meals 2kg,Frozen Foods,Ready Meals,NovaFresh,37.88894444444444,37.88894444444444,0.0,1,0.0,0.0,0.0,0.0,0.0,0.0,1,0,0,STOCKOUT,URGENT,38,417.04,270.43,0.0,0.0,10276.34,15847.52,
ST12,SKU03271,UrbanBite Ready Meals 100g,Frozen Foods,Ready Meals,UrbanBite,8.0568,8.0568,0.0,1,0.0,0.0,0.0,0.0,0.0,0.0,1,0,0,STOCKOUT,URGENT,9,587.02,407.06,0.0,0.0,3663.54,5283.18,
ST12,SKU03629,EverydayPlus Notebooks Family Pack,Stationery & Office,Notebooks,EverydayPlus,9.992666666666668,9.992666666666668,0.0,1,0.0,0.0,0.0,0.0,0.0,0.0,1,0,0,STOCKOUT,URGENT,10,190.67,151.72,0.0,0.0,1517.2,1906.6999999999998,
ST12,SKU03790,EliteHome Frozen Vegetables 1kg,Frozen Foods,Frozen Vegetables,EliteHome,0.0,0.0,0.0,1,0.0,0.0,0.0,0.0,0.0,0.0,1,0,0,STOCKOUT,URGENT,0,745.39,543.39,0.0,0.0,0.0,0.0,
ST12,SKU03907,QuickBite Home Decor 1L,Home & Kitchen,Home Decor,QuickBite,16.982733333333332,16.982733333333332,0.0,1,0.0,35.0,14.0,0.0,-35.0,-14.0,1,0,0,STOCKOUT,URGENT,35,876.73,624.96,0.0,0.0,21873.600000000002,30685.55,2025-08-26
ST12,SKU04167,EverydayPlus Office Supplies Pack of 12,Stationery & Office,Office Supplies,EverydayPlus,34.04712222222222,34.04712222222222,0.0,1,0.0,0.0,0.0,0.0,0.0,0.0,1,0,0,STOCKOUT,URGENT,35,200.13,119.18,0.0,0.0,4171.3,7004.55,
ST12,SKU04189,EverydayPlus Small Appliances Medium,Electronics & Accessories,Small Appliances,EverydayPlus,27.742333333333328,27.742333333333328,0.0,1,0.0,0.0,0.0,0.0,0.0,0.0,1,0,0,STOCKOUT,URGENT,28,1301.46,901.63,0.0,0.0,25245.64,36440.880000000005,
ST12,SKU04253,CleanWave Men's Grooming Pack of 6,Personal Care,Men's Grooming,CleanWave,16.209472294372294,16.209472294372294,0.0,1,0.0,0.0,0.0,0.0,0.0,0.0,1,0,0,STOCKOUT,URGENT,17,130.21,97.09,0.0,0.0,1650.53,2213.57,
ST12,SKU04284,PureLife Bottled Water 1kg,Beverages,Bottled Water,PureLife,8.997333333333334,8.997333333333334,0.0,1,0.0,0.0,0.0,0.0,0.0,0.0,1,0,0,STOCKOUT,URGENT,9,89.66,55.76,0.0,0.0,501.84,806.9399999999999,
ST12,SKU04407,ValueChoice Coffee Medium,Beverages,Coffee,ValueChoice,30.16796190476191,30.16796190476191,0.0,1,0.0,0.0,0.0,0.0,0.0,0.0,1,0,0,STOCKOUT,URGENT,31,215.04,136.42,0.0,0.0,4229.0199999999995,6666.24,
ST12,SKU04432,SoftTouch Writing Instruments 1kg,Stationery & Office,Writing Instruments,SoftTouch,6.079333333333333,6.079333333333333,0.0,1,0.0,0.0,0.0,0.0,0.0,0.0,1,0,0,STOCKOUT,URGENT,7,340.8,248.42,0.0,0.0,1738.9399999999998,2385.6,
ST12,SKU04489,PureLife OTC Medicine 250g,Health & Wellness,OTC Medicine,PureLife,8.018666666666666,8.018666666666666,0.0,1,0.0,47.0,17.0,0.0,-47.0,-17.0,1,0,0,STOCKOUT,URGENT,47,251.01,200.07,0.0,0.0,9403.289999999999,11797.47,2025-10-08
ST12,SKU04586,HealthFirst Dishwashing Small,Home Care,Dishwashing,HealthFirst,24.549828571428574,24.549828571428574,0.0,1,0.0,0.0,0.0,0.0,0.0,0.0,1,0,0,STOCKOUT,URGENT,25,481.38,354.22,0.0,0.0,8855.5,12034.5,
ST12,SKU04606,NatureBlend OTC Medicine Medium,Health & Wellness,OTC Medicine,NatureBlend,9.05224761904762,0.6034831746031747,2.337280284954478,15,0.0,0.0,0.0,0.0,0.0,0.0,1,0,1,STOCKOUT,URGENT,10,1007.37,798.22,0.0,0.0,7982.200000000001,10073.7,
ST12,SKU04647,NutriPlus Ice Cream 500ml,Frozen Foods,Ice Cream,NutriPlus,1.4374285714285715,1.4374285714285715,0.0,1,0.0,0.0,0.0,0.0,0.0,0.0,1,0,0,STOCKOUT,URGENT,2,288.31,190.4,0.0,0.0,380.8,576.62,
ST12,SKU04832,NatureBlend Notebooks 2kg,Stationery & Office,Notebooks,NatureBlend,32.07764444444444,32.07764444444444,0.0,1,0.0,0.0,0.0,0.0,0.0,0.0,1,0,0,STOCKOUT,URGENT,33,208.17,133.98,0.0,0.0,4421.339999999999,6869.61,
ST12,SKU04845,SparkleClean OTC Medicine Pack of 12,Health & Wellness,OTC Medicine,SparkleClean,6.054000000000001,6.054000000000001,0.0,1,0.0,0.0,0.0,0.0,0.0,0.0,1,0,0,STOCKOUT,URGENT,7,1000.23,568.33,0.0,0.0,3978.3100000000004,7001.610000000001,
ST13,SKU00058,NutriPlus Office Supplies 2L,Stationery & Office,Office Supplies,NutriPlus,12.983666666666666,12.983666666666666,0.0,1,0.0,0.0,0.0,0.0,0.0,0.0,1,0,0,STOCKOUT,URGENT,13,95.03,69.93,0.0,0.0,909.0900000000001,1235.39,
ST13,SKU00084,NutriPlus Men's Wear 2kg,Apparel & Footwear,Men's Wear,NutriPlus,3.8812,3.8812,0.0,1,0.0,0.0,0.0,0.0,0.0,0.0,1,0,0,STOCKOUT,URGENT,4,1308.64,729.59,0.0,0.0,2918.36,5234.56,
ST13,SKU00089,PrimeCare Yogurt Family Pack,Dairy & Bakery,Yogurt,PrimeCare,20.12118095238095,20.12118095238095,0.0,1,0.0,0.0,0.0,0.0,0.0,0.0,1,0,0,STOCKOUT,URGENT,21,316.27,251.4,0.0,0.0,5279.400000000001,6641.67,
ST13,SKU00207,NovaFresh Coffee 1kg,Beverages,Coffee,NovaFresh,12.990000000000002,12.990000000000002,0.0,1,0.0,0.0,0.0,0.0,0.0,0.0,1,0,0,STOCKOUT,URGENT,13,97.45,59.04,0.0,0.0,767.52,1266.8500000000001,
ST13,SKU00923,EverydayPlus Kids Wear Small,Apparel & Footwear,Kids Wear,EverydayPlus,26.961800000000007,26.961800000000007,0.0,1,0.0,0.0,0.0,0.0,0.0,0.0,1,0,0,STOCKOUT,URGENT,27,1212.74,762.61,0.0,0.0,20590.47,32743.98,
ST13,SKU01106,HealthFirst Soft Drinks Pack of 12,Beverages,Soft Drinks,HealthFirst,5.015333333333334,5.015333333333334,0.0,1,0.0,0.0,0.0,0.0,0.0,0.0,1,0,0,STOCKOUT,URGENT,6,115.88,66.3,0.0,0.0,397.79999999999995,695.28,
ST13,SKU01148,EverydayPlus Small Appliances Medium,Electronics & Accessories,Small Appliances,EverydayPlus,0.0,0.0,0.0,1,0.0,0.0,0.0,0.0,0.0,0.0,1,0,0,STOCKOUT,URGENT,0,1716.82,1192.45,0.0,0.0,0.0,0.0,
ST13,SKU01149,FreshFarm Frozen Meat Large,Frozen Foods,Frozen Meat,FreshFarm,13.51255238095238,13.51255238095238,0.0,1,0.0,0.0,0.0,0.0,0.0,0.0,1,0,0,STOCKOUT,URGENT,14,500.46,311.86,0.0,0.0,4366.04,7006.44,
ST13,SKU01152,FamilyChoice Skin Care 1L,Personal Care,Skin Care,FamilyChoice,18.062066666666663,18.062066666666663,0.0,1,0.0,31.0,7.0,0.0,-31.0,-7.0,1,0,0,STOCKOUT,URGENT,31,486.03,295.8,0.0,0.0,9169.800000000001,15066.929999999998,2025-10-12
ST13,SKU01246,SmartBuy Vitamins & Supplements 1kg,Health & Wellness,Vitamins & Supplements,SmartBuy,13.11142857142857,13.11142857142857,0.0,1,0.0,0.0,0.0,0.0,0.0,0.0,1,0,0,STOCKOUT,URGENT,14,526.86,364.68,0.0,0.0,5105.52,7376.04,
ST13,SKU01396,GoldenHarvest First Aid Family Pack,Health & Wellness,First Aid,GoldenHarvest,16.2648,16.2648,0.0,1,0.0,0.0,0.0,0.0,0.0,0.0,1,0,0,STOCKOUT,URGENT,17,131.89,104.01,0.0,0.0,1768.17,2242.1299999999997,
ST13,SKU01565,QuickBite OTC Medicine Medium,Health & Wellness,OTC Medicine,QuickBite,1.0886666666666664,1.0886666666666664,0.0,1,0.0,0.0,0.0,0.0,0.0,0.0,1,0,0,STOCKOUT,URGENT,2,1076.02,814.61,0.0,0.0,1629.22,2152.04,
ST13,SKU01646,PremiumSelect Chips & Crisps Small,Snacks & Confectionery,Chips & Crisps,PremiumSelect,11.0024,11.0024,0.0,1,0.0,0.0,0.0,0.0,0.0,0.0,1,0,0,STOCKOUT,URGENT,12,55.49,37.17,0.0,0.0,446.04,665.88,
ST13,SKU01662,FamilyChoice OTC Medicine Medium,Health & Wellness,OTC Medicine,FamilyChoice,14.616,14.616,0.0,1,0.0,0.0,0.0,0.0,0.0,0.0,1,0,0,STOCKOUT,URGENT,15,495.84,328.64,0.0,0.0,4929.599999999999,7437.599999999999,
ST13,SKU01663,ValueChoice Batteries 2kg,Electronics & Accessories,Batteries,ValueChoice,6.1492,6.1492,0.0,1,0.0,0.0,0.0,0.0,0.0,0.0,1,0,0,STOCKOUT,URGENT,7,2718.53,2024.19,0.0,0.0,14169.33,19029.710000000003,
ST13,SKU02018,DailyBest Home Decor 100g,Home & Kitchen,Home Decor,DailyBest,14.965266666666665,14.965266666666665,0.0,1,0.0,0.0,0.0,0.0,0.0,0.0,1,0,0,STOCKOUT,URGENT,15,1042.89,673.13,0.0,0.0,10096.95,15643.350000000002,
ST13,SKU02081,DailyBest First Aid Family Pack,Health & Wellness,First Aid,DailyBest,8.002,8.002,0.0,1,0.0,0.0,0.0,0.0,0.0,0.0,1,0,0,STOCKOUT,URGENT,9,610.19,336.34,0.0,0.0,3027.06,5491.710000000001,
ST13,SKU02119,FreshFarm Bottled Water 500ml,Beverages,Bottled Water,FreshFarm,11.004766666666669,11.004766666666669,0.0,1,0.0,0.0,0.0,0.0,0.0,0.0,1,0,0,STOCKOUT,URGENT,12,161.61,92.89,0.0,0.0,1114.68,1939.3200000000002,
ST13,SKU02166,PurePlus Cooking Oil 1L,Grocery,Cooking Oil,PurePlus,24.13993333333333,24.13993333333333,0.0,1,0.0,0.0,0.0,0.0,0.0,0.0,1,0,0,STOCKOUT,URGENT,25,434.78,343.57,0.0,0.0,8589.25,10869.5,
ST13,SKU02332,QuickBite Cookware 100g,Home & Kitchen,Cookware,QuickBite,17.13927936507936,17.13927936507936,0.0,1,0.0,0.0,0.0,0.0,0.0,0.0,1,0,0,STOCKOUT,URGENT,18,2063.24,1207.11,0.0,0.0,21727.98,37138.31999999999,
ST13,SKU02391,BasicNeeds Bread Family Pack,Dairy & Bakery,Bread,BasicNeeds,7.879753968253968,7.879753968253968,0.0,1,0.0,0.0,0.0,0.0,0.0,0.0,1,0,0,STOCKOUT,URGENT,8,120.15,87.66,0.0,0.0,701.28,961.2,
ST13,SKU02491,CityFresh Namkeen 100g,Snacks & Confectionery,Namkeen,CityFresh,21.13708441558441,21.13708441558441,0.0,1,0.0,0.0,0.0,0.0,0.0,0.0,1,0,0,STOCKOUT,URGENT,22,68.94,40.03,0.0,0.0,880.6600000000001,1516.6799999999998,
ST13,SKU02704,GreenValley Tea Small,Beverages,Tea,GreenValley,49.71154285714287,49.71154285714287,0.0,1,0.0,0.0,0.0,0.0,0.0,0.0,1,0,0,STOCKOUT,URGENT,50,165.3,93.36,0.0,0.0,4668.0,8265.0,
ST13,SKU02843,QuickBite Namkeen 250g,Snacks & Confectionery,Namkeen,QuickBite,14.093666666666666,14.093666666666666,0.0,1,0.0,0.0,0.0,0.0,0.0,0.0,1,0,0,STOCKOUT,URGENT,15,87.14,66.87,0.0,0.0,1003.0500000000001,1307.1,
ST13,SKU02901,UrbanBite Cookware 1kg,Home & Kitchen,Cookware,UrbanBite,13.937399999999998,13.937399999999998,0.0,1,0.0,0.0,0.0,0.0,0.0,0.0,1,0,0,STOCKOUT,URGENT,14,1081.76,642.5,0.0,0.0,8995.0,15144.64,
ST13,SKU02920,EverydayPlus Rice & Grains 500ml,Grocery,Rice & Grains,EverydayPlus,35.17651428571428,35.17651428571428,0.0,1,0.0,0.0,0.0,0.0,0.0,0.0,1,0,0,STOCKOUT,URGENT,36,68.47,48.34,0.0,0.0,1740.2400000000002,2464.92,
ST13,SKU03007,PrimeCare Men's Wear Small,Apparel & Footwear,Men's Wear,PrimeCare,8.093666666666666,8.093666666666666,0.0,1,0.0,0.0,0.0,0.0,0.0,0.0,1,0,0,STOCKOUT,URGENT,9,2447.79,1787.31,0.0,0.0,16085.789999999999,22030.11,
ST13,SKU03110,PureLife Men's Grooming Pack of 6,Personal Care,Men's Grooming,PureLife,30.13577142857143,30.13577142857143,0.0,1,0.0,0.0,0.0,0.0,0.0,0.0,1,0,0,STOCKOUT,URGENT,31,304.91,183.97,0.0,0.0,5703.07,9452.210000000001,
ST13,SKU03246,GreenValley Footwear 1kg,Apparel & Footwear,Footwear,GreenValley,36.23083809523809,36.23083809523809,0.0,1,0.0,0.0,0.0,0.0,0.0,0.0,1,0,0,STOCKOUT,URGENT,37,2508.18,1930.04,0.0,0.0,71411.48,92802.65999999999,
ST13,SKU03265,EverydayPlus OTC Medicine Large,Health & Wellness,OTC Medicine,EverydayPlus,13.973866666666666,13.973866666666666,0.0,1,0.0,0.0,0.0,0.0,0.0,0.0,1,0,0,STOCKOUT,URGENT,14,616.83,410.65,0.0,0.0,5749.099999999999,8635.62,
ST13,SKU03342,DailyBest Vitamins & Supplements 2L,Health & Wellness,Vitamins & Supplements,DailyBest,3.075,3.075,0.0,1,0.0,0.0,0.0,0.0,0.0,0.0,1,0,0,STOCKOUT,URGENT,4,445.26,323.52,0.0,0.0,1294.08,1781.04,
ST13,SKU03361,PremiumSelect Office Supplies 500g,Stationery & Office,Office Supplies,PremiumSelect,24.3564380952381,24.3564380952381,0.0,1,0.0,0.0,0.0,0.0,0.0,0.0,1,0,0,STOCKOUT,URGENT,25,296.27,193.97,0.0,0.0,4849.25,7406.75,
ST13,SKU03696,PrimeCare Air Fresheners 2L,Home Care,Air Fresheners,PrimeCare,34.96984444444445,2.6899880341880342,9.698889787649536,13,0.0,0.0,0.0,0.0,0.0,0.0,1,0,1,STOCKOUT,URGENT,35,211.56,133.14,0.0,0.0,4659.9,7404.6,
ST13,SKU03895,BasicNeeds Men's Grooming Medium,Personal Care,Men's Grooming,BasicNeeds,4.015333333333333,4.015333333333333,0.0,1,0.0,0.0,0.0,0.0,0.0,0.0,1,0,0,STOCKOUT,URGENT,5,173.56,120.6,0.0,0.0,603.0,867.8,
ST13,SKU03908,NutriPlus Frozen Vegetables Medium,Frozen Foods,Frozen Vegetables,NutriPlus,15.232680952380951,15.232680952380951,0.0,1,0.0,0.0,0.0,0.0,0.0,0.0,1,0,0,STOCKOUT,URGENT,16,951.93,748.46,0.0,0.0,11975.36,15230.88,
ST13,SKU04183,CleanWave Storage & Containers 2kg,Home & Kitchen,Storage & Containers,CleanWave,7.028,7.028,0.0,1,0.0,0.0,0.0,0.0,0.0,0.0,1,0,0,STOCKOUT,URGENT,8,764.94,542.92,0.0,0.0,4343.36,6119.52,
ST13,SKU04190,NovaFresh Frozen Meat Large,Frozen Foods,Frozen Meat,NovaFresh,19.04812857142857,1.1905080357142857,4.762032142857143,16,0.0,0.0,0.0,0.0,0.0,0.0,1,0,1,STOCKOUT,URGENT,20,272.17,187.74,0.0,0.0,3754.8,5443.400000000001,
ST13,SKU04322,HealthFirst Home Decor 2L,Home & Kitchen,Home Decor,HealthFirst,12.012666666666666,0.572031746031746,2.621378776108231,21,0.0,0.0,0.0,0.0,0.0,0.0,1,0,1,STOCKOUT,URGENT,13,511.19,313.04,0.0,0.0,4069.5200000000004,6645.47,
ST13,SKU04453,TrueTaste Milk 2L,Dairy & Bakery,Milk,TrueTaste,36.76607619047618,1.6711852813852808,7.838553781394473,22,0.0,52.0,11.0,0.0,-52.0,-11.0,1,0,1,STOCKOUT,URGENT,52,265.58,209.09,0.0,0.0,10872.68,13810.16,2025-08-30
ST13,SKU04669,MetroBrand Frozen Meat Medium,Frozen Foods,Frozen Meat,MetroBrand,7.023733333333333,7.023733333333333,0.0,1,0.0,0.0,0.0,0.0,0.0,0.0,1,0,0,STOCKOUT,URGENT,8,508.26,405.96,0.0,0.0,3247.68,4066.08,
ST13,SKU04743,TrueTaste Rice & Grains Small,Grocery,Rice & Grains,TrueTaste,9.997333333333332,9.997333333333332,0.0,1,0.0,0.0,0.0,0.0,0.0,0.0,1,0,0,STOCKOUT,URGENT,10,385.89,291.98,0.0,0.0,2919.8,3858.8999999999996,
ST13,SKU04820,FreshFarm Women's Wear Pack of 6,Apparel & Footwear,Women's Wear,FreshFarm,17.111747619047623,17.111747619047623,0.0,1,0.0,0.0,0.0,0.0,0.0,0.0,1,0,0,STOCKOUT,URGENT,18,1659.68,1140.14,0.0,0.0,20522.52,29874.24,
ST13,SKU04974,FreshFarm Mobile Accessories 1L,Electronics & Accessories,Mobile Accessories,FreshFarm,9.99,9.99,0.0,1,0.0,0.0,0.0,0.0,0.0,0.0,1,0,0,STOCKOUT,URGENT,10,1576.81,905.34,0.0,0.0,9053.4,15768.099999999999,
ST13,SKU04980,FreshFarm OTC Medicine 2L,Health & Wellness,OTC Medicine,FreshFarm,3.0030666666666668,3.0030666666666668,0.0,1,0.0,0.0,0.0,0.0,0.0,0.0,1,0,0,STOCKOUT,URGENT,4,1147.16,785.92,0.0,0.0,3143.68,4588.64,
ST13,SKU04999,NovaFresh Oral Care 1L,Personal Care,Oral Care,NovaFresh,17.821466666666666,17.821466666666666,0.0,1,0.0,0.0,0.0,0.0,0.0,0.0,1,0,0,STOCKOUT,URGENT,18,336.69,262.34,0.0,0.0,4722.12,6060.42,
ST14,SKU00166,EliteHome First Aid Small,Health & Wellness,First Aid,EliteHome,23.267719047619053,23.267719047619053,0.0,1,0.0,0.0,0.0,0.0,0.0,0.0,1,0,0,STOCKOUT,URGENT,24,830.77,621.98,0.0,0.0,14927.52,19938.48,
ST14,SKU00361,EliteHome Writing Instruments 100g,Stationery & Office,Writing Instruments,EliteHome,23.94244444444444,23.94244444444444,0.0,1,0.0,0.0,0.0,0.0,0.0,0.0,1,0,0,STOCKOUT,URGENT,24,150.12,119.9,0.0,0.0,2877.6000000000004,3602.88,
ST14,SKU00658,UrbanBite Energy Drinks Pack of 6,Beverages,Energy Drinks,UrbanBite,33.948269841269834,33.948269841269834,0.0,1,0.0,0.0,0.0,0.0,0.0,0.0,1,0,0,STOCKOUT,URGENT,34,151.65,108.37,0.0,0.0,3684.58,5156.1,
ST14,SKU00684,NovaFresh Juices Large,Beverages,Juices,NovaFresh,4.012,4.012,0.0,1,0.0,0.0,0.0,0.0,0.0,0.0,1,0,0,STOCKOUT,URGENT,5,116.87,71.7,0.0,0.0,358.5,584.35,
ST14,SKU00698,NovaFresh Spices & Seasoning 2L,Grocery,Spices & Seasoning,NovaFresh,5.0,5.0,0.0,1,0.0,0.0,0.0,0.0,0.0,0.0,1,0,0,STOCKOUT,URGENT,5,231.37,150.07,0.0,0.0,750.3499999999999,1156.85,
ST14,SKU00715,BasicNeeds Home Decor Small,Home & Kitchen,Home Decor,BasicNeeds,15.994,15.994,0.0,1,0.0,0.0,0.0,0.0,0.0,0.0,1,0,0,STOCKOUT,URGENT,16,1566.97,947.23,0.0,0.0,15155.68,25071.52,
ST14,SKU00879,CleanWave Ice Cream 1kg,Frozen Foods,Ice Cream,CleanWave,19.862161904761905,19.862161904761905,0.0,1,0.0,0.0,0.0,0.0,0.0,0.0,1,0,0,STOCKOUT,URGENT,20,655.37,518.83,0.0,0.0,10376.6,13107.4,
ST14,SKU00917,PremiumSelect Writing Instruments Medium,Stationery & Office,Writing Instruments,PremiumSelect,13.996,13.996,0.0,1,0.0,0.0,0.0,0.0,0.0,0.0,1,0,0,STOCKOUT,URGENT,14,182.25,105.35,0.0,0.0,1474.8999999999999,2551.5,
ST14,SKU00944,CityFresh Oral Care Pack of 12,Personal Care,Oral Care,CityFresh,4.7354047619047615,4.7354047619047615,0.0,1,0.0,0.0,0.0,0.0,0.0,0.0,1,0,0,STOCKOUT,URGENT,5,717.92,538.0,0.0,0.0,2690.0,3589.6,
ST14,SKU00967,CleanWave Office Supplies Large,Stationery & Office,Office Supplies,CleanWave,15.012333333333332,15.012333333333332,0.0,1,0.0,0.0,0.0,0.0,0.0,0.0,1,0,0,STOCKOUT,URGENT,16,64.98,45.29,0.0,0.0,724.64,1039.68,
ST14,SKU01030,NutriPlus Sugar & Salt 250g,Grocery,Sugar & Salt,NutriPlus,25.90020476190477,25.90020476190477,0.0,1,0.0,24.0,7.0,0.0,-24.0,-7.0,1,0,0,STOCKOUT,URGENT,26,224.5,155.47,0.0,0.0,4042.22,5837.0,2025-08-11
ST14,SKU01074,SparkleClean Vitamins & Supplements 1kg,Health & Wellness,Vitamins & Supplements,SparkleClean,14.272557142857142,14.272557142857142,0.0,1,0.0,0.0,0.0,0.0,0.0,0.0,1,0,0,STOCKOUT,URGENT,15,287.03,183.1,0.0,0.0,2746.5,4305.45,
ST14,SKU01250,PurePlus Yogurt 1kg,Dairy & Bakery,Yogurt,PurePlus,15.004,15.004,0.0,1,0.0,0.0,0.0,0.0,0.0,0.0,1,0,0,STOCKOUT,URGENT,16,56.55,34.75,0.0,0.0,556.0,904.8,
ST14,SKU01379,BasicNeeds Sugar & Salt Large,Grocery,Sugar & Salt,BasicNeeds,8.032399999999999,8.032399999999999,0.0,1,0.0,0.0,0.0,0.0,0.0,0.0,1,0,0,STOCKOUT,URGENT,9,193.26,107.81,0.0,0.0,970.29,1739.34,
ST14,SKU01383,NatureBlend Writing Instruments Pack of 6,Stationery & Office,Writing Instruments,NatureBlend,7.160044444444446,7.160044444444446,0.0,1,0.0,0.0,0.0,0.0,0.0,0.0,1,0,0,STOCKOUT,URGENT,8,201.63,146.11,0.0,0.0,1168.88,1613.04,
ST14,SKU01412,CityFresh Bread 1L,Dairy & Bakery,Bread,CityFresh,3.999333333333333,3.999333333333333,0.0,1,0.0,0.0,0.0,0.0,0.0,0.0,1,0,0,STOCKOUT,URGENT,4,193.3,117.38,0.0,0.0,469.52,773.2,
ST14,SKU01415,HomeStyle Frozen Vegetables 500ml,Frozen Foods,Frozen Vegetables,HomeStyle,26.822199999999995,26.822199999999995,0.0,1,0.0,0.0,0.0,0.0,0.0,0.0,1,0,0,STOCKOUT,URGENT,27,621.27,455.67,0.0,0.0,12303.09,16774.29,
ST14,SKU01632,NatureBlend Skin Care Pack of 12,Personal Care,Skin Care,NatureBlend,7.979133333333333,7.979133333333333,0.0,1,0.0,0.0,0.0,0.0,0.0,0.0,1,0,0,STOCKOUT,URGENT,8,354.51,274.81,0.0,0.0,2198.48,2836.08,
ST14,SKU01641,PureLife OTC Medicine 100g,Health & Wellness,OTC Medicine,PureLife,6.040333333333334,6.040333333333334,0.0,1,0.0,0.0,0.0,0.0,0.0,0.0,1,0,0,STOCKOUT,URGENT,7,759.85,573.41,0.0,0.0,4013.87,5318.95,
ST14,SKU01712,CityFresh Bread 100g,Dairy & Bakery,Bread,CityFresh,19.00596507936508,19.00596507936508,0.0,1,0.0,0.0,0.0,0.0,0.0,0.0,1,0,0,STOCKOUT,URGENT,20,264.48,163.74,0.0,0.0,3274.8,5289.6,
ST14,SKU01726,SoftTouch Juices Small,Beverages,Juices,SoftTouch,16.169533333333337,16.169533333333337,0.0,1,0.0,0.0,0.0,0.0,0.0,0.0,1,0,0,STOCKOUT,URGENT,17,126.0,95.43,0.0,0.0,1622.3100000000002,2142.0,
ST14,SKU01826,SoftTouch Spices & Seasoning 100g,Grocery,Spices & Seasoning,SoftTouch,28.056612698412685,28.056612698412685,0.0,1,0.0,0.0,0.0,0.0,0.0,0.0,1,0,0,STOCKOUT,URGENT,29,156.74,89.43,0.0,0.0,2593.4700000000003,4545.46,
ST14,SKU01934,NovaFresh Batteries 100g,Electronics & Accessories,Batteries,NovaFresh,11.012666666666666,11.012666666666666,0.0,1,0.0,0.0,0.0,0.0,0.0,0.0,1,0,0,STOCKOUT,URGENT,12,671.56,532.12,0.0,0.0,6385.4400000000005,8058.719999999999,
ST14,SKU01938,CityFresh Vitamins & Supplements Family Pack,Health & Wellness,Vitamins & Supplements,CityFresh,7.990666666666666,7.990666666666666,0.0,1,0.0,0.0,0.0,0.0,0.0,0.0,1,0,0,STOCKOUT,URGENT,8,1070.48,614.78,0.0,0.0,4918.24,8563.84,
ST14,SKU02022,BasicNeeds Small Appliances 250ml,Electronics & Accessories,Small Appliances,BasicNeeds,8.997038095238096,8.997038095238096,0.0,1,0.0,0.0,0.0,0.0,0.0,0.0,1,0,0,STOCKOUT,URGENT,9,1330.54,959.35,0.0,0.0,8634.15,11974.86,
ST14,SKU02050,UrbanBite Chocolates 500ml,Snacks & Confectionery,Chocolates,UrbanBite,10.952666666666666,10.952666666666666,0.0,1,0.0,0.0,0.0,0.0,0.0,0.0,1,0,0,STOCKOUT,URGENT,11,90.73,60.97,0.0,0.0,670.67,998.0300000000001,
ST14,SKU02160,PrimeCare Frozen Meat 250ml,Frozen Foods,Frozen Meat,PrimeCare,15.982733333333336,15.982733333333336,0.0,1,0.0,0.0,0.0,0.0,0.0,0.0,1,0,0,STOCKOUT,URGENT,16,305.2,202.78,0.0,0.0,3244.48,4883.2,
ST14,SKU02687,GreenValley Writing Instruments 500g,Stationery & Office,Writing Instruments,GreenValley,8.983866666666668,8.983866666666668,0.0,1,0.0,0.0,0.0,0.0,0.0,0.0,1,0,0,STOCKOUT,URGENT,9,96.25,70.81,0.0,0.0,637.29,866.25,
ST14,SKU02720,EliteHome Chocolates Medium,Snacks & Confectionery,Chocolates,EliteHome,8.000666666666667,8.000666666666667,0.0,1,0.0,0.0,0.0,0.0,0.0,0.0,1,0,0,STOCKOUT,URGENT,9,139.98,77.25,0.0,0.0,695.25,1259.82,
ST14,SKU02775,ZestyCo Laundry 2kg,Home Care,Laundry,ZestyCo,14.068066666666668,14.068066666666668,0.0,1,0.0,0.0,0.0,0.0,0.0,0.0,1,0,0,STOCKOUT,URGENT,15,163.46,122.92,0.0,0.0,1843.8,2451.9,
ST14,SKU02777,SparkleClean OTC Medicine 1L,Health & Wellness,OTC Medicine,SparkleClean,3.9456666666666655,3.9456666666666655,0.0,1,0.0,0.0,0.0,0.0,0.0,0.0,1,0,0,STOCKOUT,URGENT,4,702.45,475.83,0.0,0.0,1903.32,2809.8,
ST14,SKU02885,SmartBuy Coffee 250g,Beverages,Coffee,SmartBuy,18.04133333333333,18.04133333333333,0.0,1,0.0,0.0,0.0,0.0,0.0,0.0,1,0,0,STOCKOUT,URGENT,19,118.94,84.58,0.0,0.0,1607.02,2259.86,
ST14,SKU02948,SparkleClean Butter & Ghee Family Pack,Dairy & Bakery,Butter & Ghee,SparkleClean,9.006666666666666,9.006666666666666,0.0,1,0.0,0.0,0.0,0.0,0.0,0.0,1,0,0,STOCKOUT,URGENT,10,367.9,224.46,0.0,0.0,2244.6,3679.0,
ST14,SKU02994,MetroBrand Ice Cream 2kg,Frozen Foods,Ice Cream,MetroBrand,20.11904761904762,20.11904761904762,0.0,1,0.0,0.0,0.0,0.0,0.0,0.0,1,0,0,STOCKOUT,URGENT,21,708.55,479.24,0.0,0.0,10064.04,14879.55,
ST14,SKU03039,CityFresh Rice & Grains 250g,Grocery,Rice & Grains,CityFresh,2.003,2.003,0.0,1,0.0,0.0,0.0,0.0,0.0,0.0,1,0,0,STOCKOUT,URGENT,3,135.27,76.02,0.0,0.0,228.06,405.81000000000006,
ST14,SKU03123,SunriseFoods Vitamins & Supplements 250g,Health & Wellness,Vitamins & Supplements,SunriseFoods,0.0,0.0,0.0,1,0.0,0.0,0.0,0.0,0.0,0.0,1,0,0,STOCKOUT,URGENT,0,356.02,277.98,0.0,0.0,0.0,0.0,
ST14,SKU03238,BasicNeeds Small Appliances 1kg,Electronics & Accessories,Small Appliances,BasicNeeds,10.059333333333331,10.059333333333331,0.0,1,0.0,0.0,0.0,0.0,0.0,0.0,1,0,0,STOCKOUT,URGENT,11,1110.29,769.01,0.0,0.0,8459.11,12213.189999999999,
ST14,SKU03324,NovaFresh Storage & Containers 250ml,Home & Kitchen,Storage & Containers,NovaFresh,5.968111111111111,5.968111111111111,0.0,1,0.0,0.0,0.0,0.0,0.0,0.0,1,0,0,STOCKOUT,URGENT,6,1776.24,995.04,0.0,0.0,5970.24,10657.44,
ST14,SKU03355,NovaFresh Rice & Grains 2L,Grocery,Rice & Grains,NovaFresh,22.060404761904763,22.060404761904763,0.0,1,0.0,0.0,0.0,0.0,0.0,0.0,1,0,0,STOCKOUT,URGENT,23,127.47,87.11,0.0,0.0,2003.53,2931.81,
ST14,SKU03396,EverydayPlus OTC Medicine Large,Health & Wellness,OTC Medicine,EverydayPlus,25.01775238095238,25.01775238095238,0.0,1,0.0,0.0,0.0,0.0,0.0,0.0,1,0,0,STOCKOUT,URGENT,26,661.74,507.86,0.0,0.0,13204.36,17205.24,
ST14,SKU03902,MetroBrand Oral Care 2L,Personal Care,Oral Care,MetroBrand,8.858,8.858,0.0,1,0.0,0.0,0.0,0.0,0.0,0.0,1,0,0,STOCKOUT,URGENT,9,342.12,198.42,0.0,0.0,1785.78,3079.08,
ST14,SKU04258,CityFresh Biscuits & Cookies 2kg,Snacks & Confectionery,Biscuits & Cookies,CityFresh,6.961333333333333,6.961333333333333,0.0,1,0.0,0.0,0.0,0.0,0.0,0.0,1,0,0,STOCKOUT,URGENT,7,47.15,33.47,0.0,0.0,234.29,330.05,
ST14,SKU04299,MetroBrand Ready Meals 2kg,Frozen Foods,Ready Meals,MetroBrand,7.012666666666667,7.012666666666667,0.0,1,0.0,0.0,0.0,0.0,0.0,0.0,1,0,0,STOCKOUT,URGENT,8,677.46,475.98,0.0,0.0,3807.84,5419.68,
ST14,SKU04347,PremiumSelect Butter & Ghee 500ml,Dairy & Bakery,Butter & Ghee,PremiumSelect,22.95734285714286,22.95734285714286,0.0,1,0.0,0.0,0.0,0.0,0.0,0.0,1,0,0,STOCKOUT,URGENT,23,305.95,202.93,0.0,0.0,4667.39,7036.849999999999,
ST14,SKU04727,DailyBest Men's Grooming Pack of 12,Personal Care,Men's Grooming,DailyBest,0.0008,0.0008,0.0,1,0.0,0.0,0.0,0.0,0.0,0.0,1,0,0,STOCKOUT,URGENT,1,491.3,319.75,0.0,0.0,319.75,491.3,
ST14,SKU04954,PureLife Surface Cleaners 100g,Home Care,Surface Cleaners,PureLife,8.167385714285713,8.167385714285713,0.0,1,0.0,0.0,0.0,0.0,0.0,0.0,1,0,0,STOCKOUT,URGENT,9,374.72,243.5,0.0,0.0,2191.5,3372.4800000000005,
ST14,SKU04971,FamilyChoice Kids Wear Small,Apparel & Footwear,Kids Wear,FamilyChoice,4.182,4.182,0.0,1,0.0,0.0,0.0,0.0,0.0,0.0,1,0,0,STOCKOUT,URGENT,5,1795.74,1335.08,0.0,0.0,6675.4,8978.7,
ST15,SKU00046,QuickBite Bottled Water Pack of 12,Beverages,Bottled Water,QuickBite,6.978666666666667,6.978666666666667,0.0,1,0.0,0.0,0.0,0.0,0.0,0.0,1,0,0,STOCKOUT,URGENT,7,154.0,120.46,0.0,0.0,843.2199999999999,1078.0,
ST15,SKU00059,TrueTaste Butter & Ghee 500ml,Dairy & Bakery,Butter & Ghee,TrueTaste,7.993,7.993,0.0,1,0.0,0.0,0.0,0.0,0.0,0.0,1,0,0,STOCKOUT,URGENT,8,122.45,95.47,0.0,0.0,763.76,979.6,
ST15,SKU00060,BasicNeeds Men's Wear Large,Apparel & Footwear,Men's Wear,BasicNeeds,9.955933333333334,9.955933333333334,0.0,1,0.0,0.0,0.0,0.0,0.0,0.0,1,0,0,STOCKOUT,URGENT,10,724.16,476.15,0.0,0.0,4761.5,7241.599999999999,
ST15,SKU00263,CityFresh Bread 500g,Dairy & Bakery,Bread,CityFresh,18.14455873015873,18.14455873015873,0.0,1,0.0,0.0,0.0,0.0,0.0,0.0,1,0,0,STOCKOUT,URGENT,19,443.51,327.3,0.0,0.0,6218.7,8426.69,
ST15,SKU01006,PureLife First Aid 1kg,Health & Wellness,First Aid,PureLife,20.06288253968254,20.06288253968254,0.0,1,0.0,0.0,0.0,0.0,0.0,0.0,1,0,0,STOCKOUT,URGENT,21,416.38,241.15,0.0,0.0,5064.150000000001,8743.98,
ST15,SKU01086,PremiumSelect Bath & Body 250ml,Personal Care,Bath & Body,PremiumSelect,15.971666666666664,3.194333333333333,5.616615904815124,5,0.0,0.0,0.0,0.0,0.0,0.0,1,0,1,STOCKOUT,URGENT,16,123.82,91.34,0.0,0.0,1461.44,1981.12,
ST15,SKU01162,CrispKing Hair Care Family Pack,Personal Care,Hair Care,CrispKing,21.03701587301588,21.03701587301588,0.0,1,0.0,0.0,0.0,0.0,0.0,0.0,1,0,0,STOCKOUT,URGENT,22,154.8,85.18,0.0,0.0,1873.96,3405.6000000000004,
ST15,SKU01370,PurePlus Laundry 2L,Home Care,Laundry,PurePlus,22.95195238095238,22.95195238095238,0.0,1,0.0,39.0,9.0,0.0,-39.0,-9.0,1,0,0,STOCKOUT,URGENT,39,195.01,123.07,0.0,0.0,4799.73,7605.389999999999,2025-09-11
ST15,SKU01405,PureLife Surface Cleaners Medium,Home Care,Surface Cleaners,PureLife,47.7495873015873,47.7495873015873,0.0,1,0.0,0.0,0.0,0.0,0.0,0.0,1,0,0,STOCKOUT,URGENT,48,579.34,361.03,0.0,0.0,17329.44,27808.32,
ST15,SKU01642,HealthFirst Home Decor 2L,Home & Kitchen,Home Decor,HealthFirst,8.068666666666665,8.068666666666665,0.0,1,0.0,0.0,0.0,0.0,0.0,0.0,1,0,0,STOCKOUT,URGENT,9,2898.52,1608.12,0.0,0.0,14473.079999999998,26086.68,
ST15,SKU01701,SunriseFoods Cooking Oil 2kg,Grocery,Cooking Oil,SunriseFoods,14.077733333333333,14.077733333333333,0.0,1,0.0,0.0,0.0,0.0,0.0,0.0,1,0,0,STOCKOUT,URGENT,15,420.92,307.94,0.0,0.0,4619.1,6313.8,
ST15,SKU02158,FreshFarm Juices 250g,Beverages,Juices,FreshFarm,25.924676190476184,25.924676190476184,0.0,1,0.0,0.0,0.0,0.0,0.0,0.0,1,0,0,STOCKOUT,URGENT,26,96.52,71.06,0.0,0.0,1847.56,2509.52,
ST15,SKU02459,CleanWave Frozen Meat 250ml,Frozen Foods,Frozen Meat,CleanWave,9.997133333333334,9.997133333333334,0.0,1,0.0,0.0,0.0,0.0,0.0,0.0,1,0,0,STOCKOUT,URGENT,10,323.12,201.43,0.0,0.0,2014.3000000000002,3231.2,
ST15,SKU02594,PurePlus Notebooks Large,Stationery & Office,Notebooks,PurePlus,9.916231746031748,9.916231746031748,0.0,1,0.0,0.0,0.0,0.0,0.0,0.0,1,0,0,STOCKOUT,URGENT,10,71.91,44.0,0.0,0.0,440.0,719.0999999999999,
ST15,SKU02667,EverydayPlus Batteries Large,Electronics & Accessories,Batteries,EverydayPlus,5.036666666666667,5.036666666666667,0.0,1,0.0,0.0,0.0,0.0,0.0,0.0,1,0,0,STOCKOUT,URGENT,6,1192.04,921.17,0.0,0.0,5527.0199999999995,7152.24,
ST15,SKU03087,NatureBlend Men's Grooming Family Pack,Personal Care,Men's Grooming,NatureBlend,6.994066666666667,6.994066666666667,0.0,1,0.0,0.0,0.0,0.0,0.0,0.0,1,0,0,STOCKOUT,URGENT,7,330.63,214.82,0.0,0.0,1503.74,2314.41,
ST15,SKU03138,CleanWave Biscuits & Cookies Pack of 12,Snacks & Confectionery,Biscuits & Cookies,CleanWave,18.007066666666667,18.007066666666667,0.0,1,0.0,0.0,0.0,0.0,0.0,0.0,1,0,0,STOCKOUT,URGENT,19,99.25,63.21,0.0,0.0,1200.99,1885.75,
ST15,SKU03142,DailyBest Dishwashing Pack of 12,Home Care,Dishwashing,DailyBest,2.016,2.016,0.0,1,0.0,0.0,0.0,0.0,0.0,0.0,1,0,0,STOCKOUT,URGENT,3,315.7,207.99,0.0,0.0,623.97,947.0999999999999,
ST15,SKU03239,SoftTouch Yogurt Pack of 12,Dairy & Bakery,Yogurt,SoftTouch,8.440204761904763,8.440204761904763,0.0,1,0.0,0.0,0.0,0.0,0.0,0.0,1,0,0,STOCKOUT,URGENT,9,165.27,131.27,0.0,0.0,1181.43,1487.43,
ST15,SKU03392,CleanWave Ready Meals 100g,Frozen Foods,Ready Meals,CleanWave,29.349133333333334,29.349133333333334,0.0,1,0.0,0.0,0.0,0.0,0.0,0.0,1,0,0,STOCKOUT,URGENT,30,1170.37,929.36,0.0,0.0,27880.8,35111.1,
ST15,SKU03451,SunriseFoods Pest Control 2kg,Home Care,Pest Control,SunriseFoods,5.004666666666667,5.004666666666667,0.0,1,0.0,0.0,0.0,0.0,0.0,0.0,1,0,0,STOCKOUT,URGENT,6,145.02,95.27,0.0,0.0,571.62,870.1200000000001,
ST15,SKU03588,QuickBite Frozen Vegetables Small,Frozen Foods,Frozen Vegetables,QuickBite,6.072666666666667,6.072666666666667,0.0,1,0.0,0.0,0.0,0.0,0.0,0.0,1,0,0,STOCKOUT,URGENT,7,609.28,363.93,0.0,0.0,2547.51,4264.96,
ST15,SKU03622,NatureBlend Yogurt 1L,Dairy & Bakery,Yogurt,NatureBlend,24.627314285714284,24.627314285714284,0.0,1,0.0,0.0,0.0,0.0,0.0,0.0,1,0,0,STOCKOUT,URGENT,25,288.6,193.42,0.0,0.0,4835.5,7215.000000000001,
ST15,SKU03632,NutriPlus Biscuits & Cookies Pack of 6,Snacks & Confectionery,Biscuits & Cookies,NutriPlus,3.0,3.0,0.0,1,0.0,0.0,0.0,0.0,0.0,0.0,1,0,0,STOCKOUT,URGENT,3,87.25,61.65,0.0,0.0,184.95,261.75,
ST15,SKU03735,MetroBrand Soft Drinks 1L,Beverages,Soft Drinks,MetroBrand,21.93273333333333,21.93273333333333,0.0,1,0.0,0.0,0.0,0.0,0.0,0.0,1,0,0,STOCKOUT,URGENT,22,128.98,91.36,0.0,0.0,2009.92,2837.56,
ST15,SKU03782,ValueChoice Rice & Grains 1kg,Grocery,Rice & Grains,ValueChoice,16.354,1.0902666666666667,2.8772064692452415,15,0.0,0.0,0.0,0.0,0.0,0.0,1,0,1,STOCKOUT,URGENT,17,58.53,44.84,0.0,0.0,762.2800000000001,995.01,
ST15,SKU04030,ZestyCo Pest Control 500g,Home Care,Pest Control,ZestyCo,34.84442857142858,34.84442857142858,0.0,1,0.0,0.0,0.0,0.0,0.0,0.0,1,0,0,STOCKOUT,URGENT,35,327.86,245.15,0.0,0.0,8580.25,11475.1,
ST15,SKU04610,CleanWave Batteries 250ml,Electronics & Accessories,Batteries,CleanWave,51.39469841269842,51.39469841269842,0.0,1,0.0,0.0,0.0,0.0,0.0,0.0,1,0,0,STOCKOUT,URGENT,52,2079.89,1184.44,0.0,0.0,61590.880000000005,108154.28,
ST15,SKU04931,EverydayPlus Milk Family Pack,Dairy & Bakery,Milk,EverydayPlus,16.923747619047624,16.923747619047624,0.0,1,0.0,0.0,0.0,0.0,0.0,0.0,1,0,0,STOCKOUT,URGENT,17,321.18,227.66,0.0,0.0,3870.22,5460.06,
ST16,SKU00123,MetroBrand Juices Pack of 12,Beverages,Juices,MetroBrand,30.806542857142865,30.806542857142865,0.0,1,0.0,0.0,0.0,0.0,0.0,0.0,1,0,0,STOCKOUT,URGENT,31,99.13,75.0,0.0,0.0,2325.0,3073.0299999999997,
ST16,SKU00128,CrispKing Footwear 2L,Apparel & Footwear,Footwear,CrispKing,0.001,0.001,0.0,1,0.0,0.0,0.0,0.0,0.0,0.0,1,0,0,STOCKOUT,URGENT,1,741.97,459.21,0.0,0.0,459.21,741.97,
ST16,SKU00325,SoftTouch Vitamins & Supplements 100g,Health & Wellness,Vitamins & Supplements,SoftTouch,1.6676666666666669,1.6676666666666669,0.0,1,0.0,0.0,0.0,0.0,0.0,0.0,1,0,0,STOCKOUT,URGENT,2,631.5,405.33,0.0,0.0,810.66,1263.0,
ST16,SKU00415,CityFresh Cookware 500ml,Home & Kitchen,Cookware,CityFresh,17.065638095238096,17.065638095238096,0.0,1,0.0,0.0,0.0,0.0,0.0,0.0,1,0,0,STOCKOUT,URGENT,18,1769.39,1146.13,0.0,0.0,20630.340000000004,31849.02,
ST16,SKU00668,CrispKing Energy Drinks 1L,Beverages,Energy Drinks,CrispKing,4.028933333333333,4.028933333333333,0.0,1,0.0,0.0,0.0,0.0,0.0,0.0,1,0,0,STOCKOUT,URGENT,5,219.45,167.7,0.0,0.0,838.5,1097.25,
ST16,SKU00846,ZestyCo Vitamins & Supplements 1L,Health & Wellness,Vitamins & Supplements,ZestyCo,7.034799999999999,7.034799999999999,0.0,1,0.0,0.0,0.0,0.0,0.0,0.0,1,0,0,STOCKOUT,URGENT,8,685.87,443.91,0.0,0.0,3551.28,5486.96,
ST16,SKU00865,SunriseFoods Ice Cream 1kg,Frozen Foods,Ice Cream,SunriseFoods,27.618927272727277,27.618927272727277,0.0,1,0.0,0.0,0.0,0.0,0.0,0.0,1,0,0,STOCKOUT,URGENT,28,357.37,252.79,0.0,0.0,7078.12,10006.36,
ST16,SKU00921,SoftTouch Mobile Accessories Pack of 12,Electronics & Accessories,Mobile Accessories,SoftTouch,7.044666666666667,7.044666666666667,0.0,1,0.0,0.0,0.0,0.0,0.0,0.0,1,0,0,STOCKOUT,URGENT,8,3363.82,1875.04,0.0,0.0,15000.32,26910.56,
ST16,SKU01180,CrispKing Bath & Body 250ml,Personal Care,Bath & Body,CrispKing,20.84206666666666,0.6315777777777776,3.628138110605717,33,0.0,0.0,0.0,0.0,0.0,0.0,1,0,1,STOCKOUT,URGENT,21,450.33,315.33,0.0,0.0,6621.929999999999,9456.93,
ST16,SKU01193,EliteHome Tea Pack of 12,Beverages,Tea,EliteHome,25.072476190476188,25.072476190476188,0.0,1,0.0,0.0,0.0,0.0,0.0,0.0,1,0,0,STOCKOUT,URGENT,26,253.89,164.96,0.0,0.0,4288.96,6601.139999999999,
ST16,SKU01276,CityFresh Footwear Pack of 12,Apparel & Footwear,Footwear,CityFresh,41.92489682539682,41.92489682539682,0.0,1,0.0,0.0,0.0,0.0,0.0,0.0,1,0,0,STOCKOUT,URGENT,42,1990.24,1395.07,0.0,0.0,58592.939999999995,83590.08,
ST16,SKU01313,EliteHome Pulses & Lentils 2L,Grocery,Pulses & Lentils,EliteHome,28.34505238095238,28.34505238095238,0.0,1,0.0,0.0,0.0,0.0,0.0,0.0,1,0,0,STOCKOUT,URGENT,29,438.16,268.64,0.0,0.0,7790.5599999999995,12706.640000000001,
ST16,SKU01382,PrimeCare Pulses & Lentils Family Pack,Grocery,Pulses & Lentils,PrimeCare,17.279,0.46699999999999997,2.8406501016492687,37,0.0,0.0,0.0,0.0,0.0,0.0,1,0,1,STOCKOUT,URGENT,18,356.73,246.15,0.0,0.0,4430.7,6421.14,
ST16,SKU01560,PurePlus Chocolates 1L,Snacks & Confectionery,Chocolates,PurePlus,46.120247252747255,46.120247252747255,0.0,1,0.0,0.0,0.0,0.0,0.0,0.0,1,0,0,STOCKOUT,URGENT,47,41.4,25.64,0.0,0.0,1205.08,1945.8,
ST16,SKU01945,EliteHome Energy Drinks Large,Beverages,Energy Drinks,EliteHome,9.987666666666668,9.987666666666668,0.0,1,0.0,0.0,0.0,0.0,0.0,0.0,1,0,0,STOCKOUT,URGENT,10,212.86,160.93,0.0,0.0,1609.3000000000002,2128.6000000000004,
ST16,SKU02117,FreshFarm Small Appliances Large,Electronics & Accessories,Small Appliances,FreshFarm,26.882923809523803,26.882923809523803,0.0,1,0.0,0.0,0.0,0.0,0.0,0.0,1,0,0,STOCKOUT,URGENT,27,3413.2,2444.58,0.0,0.0,66003.66,92156.4,
ST16,SKU02320,CleanWave Chips & Crisps Small,Snacks & Confectionery,Chips & Crisps,CleanWave,36.64300634920633,36.64300634920633,0.0,1,0.0,0.0,0.0,0.0,0.0,0.0,1,0,0,STOCKOUT,URGENT,37,107.86,62.48,0.0,0.0,2311.7599999999998,3990.82,
ST16,SKU02322,DailyBest Energy Drinks 2kg,Beverages,Energy Drinks,DailyBest,37.66798253968256,37.66798253968256,0.0,1,0.0,0.0,0.0,0.0,0.0,0.0,1,0,0,STOCKOUT,URGENT,38,57.33,35.23,0.0,0.0,1338.7399999999998,2178.54,
ST16,SKU02496,PremiumSelect Flour & Atta Pack of 6,Grocery,Flour & Atta,PremiumSelect,17.003695238095244,17.003695238095244,0.0,1,0.0,0.0,0.0,0.0,0.0,0.0,1,0,0,STOCKOUT,URGENT,18,324.75,231.86,0.0,0.0,4173.4800000000005,5845.5,
ST16,SKU02557,SoftTouch Small Appliances Pack of 12,Electronics & Accessories,Small Appliances,SoftTouch,13.017333333333331,13.017333333333331,0.0,1,0.0,0.0,0.0,0.0,0.0,0.0,1,0,0,STOCKOUT,URGENT,14,2280.46,1798.13,0.0,0.0,25173.82,31926.440000000002,
ST16,SKU02613,UrbanBite Oral Care 2kg,Personal Care,Oral Care,UrbanBite,6.964666666666667,6.964666666666667,0.0,1,0.0,0.0,0.0,0.0,0.0,0.0,1,0,0,STOCKOUT,URGENT,7,273.94,169.2,0.0,0.0,1184.3999999999999,1917.58,
ST16,SKU02862,PurePlus Frozen Vegetables Pack of 12,Frozen Foods,Frozen Vegetables,PurePlus,27.05112380952381,27.05112380952381,0.0,1,0.0,0.0,0.0,0.0,0.0,0.0,1,0,0,STOCKOUT,URGENT,28,684.84,469.74,0.0,0.0,13152.720000000001,19175.52,
ST16,SKU02865,GoldenHarvest Air Fresheners Large,Home Care,Air Fresheners,GoldenHarvest,7.999866666666667,7.999866666666667,0.0,1,0.0,0.0,0.0,0.0,0.0,0.0,1,0,0,STOCKOUT,URGENT,8,522.75,325.2,0.0,0.0,2601.6,4182.0,
ST16,SKU02927,PurePlus Tea Large,Beverages,Tea,PurePlus,11.0612,11.0612,0.0,1,0.0,0.0,0.0,0.0,0.0,0.0,1,0,0,STOCKOUT,URGENT,12,192.51,124.94,0.0,0.0,1499.28,2310.12,
ST16,SKU03070,NovaFresh Surface Cleaners 250ml,Home Care,Surface Cleaners,NovaFresh,21.72572063492064,21.72572063492064,0.0,1,0.0,0.0,0.0,0.0,0.0,0.0,1,0,0,STOCKOUT,URGENT,22,524.48,300.47,0.0,0.0,6610.34,11538.560000000001,
ST16,SKU03072,SparkleClean Cheese Family Pack,Dairy & Bakery,Cheese,SparkleClean,18.02053333333333,18.02053333333333,0.0,1,0.0,0.0,0.0,0.0,0.0,0.0,1,0,0,STOCKOUT,URGENT,19,201.4,129.84,0.0,0.0,2466.96,3826.6,
ST16,SKU03218,BasicNeeds Butter & Ghee Family Pack,Dairy & Bakery,Butter & Ghee,BasicNeeds,18.918866666666663,18.918866666666663,0.0,1,0.0,0.0,0.0,0.0,0.0,0.0,1,0,0,STOCKOUT,URGENT,19,177.98,141.83,0.0,0.0,2694.7700000000004,3381.62,
ST16,SKU03231,EliteHome Men's Wear Pack of 6,Apparel & Footwear,Men's Wear,EliteHome,7.139999999999999,7.139999999999999,0.0,1,0.0,0.0,0.0,0.0,0.0,0.0,1,0,0,STOCKOUT,URGENT,8,1705.55,1070.98,0.0,0.0,8567.84,13644.4,
ST16,SKU03262,SunriseFoods Office Supplies Medium,Stationery & Office,Office Supplies,SunriseFoods,10.9888,10.9888,0.0,1,0.0,0.0,0.0,0.0,0.0,0.0,1,0,0,STOCKOUT,URGENT,11,239.42,172.74,0.0,0.0,1900.14,2633.62,
ST16,SKU03305,GoldenHarvest Footwear 100g,Apparel & Footwear,Footwear,GoldenHarvest,19.83958095238095,19.83958095238095,0.0,1,0.0,0.0,0.0,0.0,0.0,0.0,1,0,0,STOCKOUT,URGENT,20,1428.81,867.28,0.0,0.0,17345.6,28576.199999999997,
ST16,SKU03574,SmartBuy Writing Instruments 500ml,Stationery & Office,Writing Instruments,SmartBuy,9.174,9.174,0.0,1,0.0,0.0,0.0,0.0,0.0,0.0,1,0,0,STOCKOUT,URGENT,10,130.96,90.05,0.0,0.0,900.5,1309.6000000000001,
ST16,SKU03682,FamilyChoice Namkeen 2L,Snacks & Confectionery,Namkeen,FamilyChoice,27.070057142857134,27.070057142857134,0.0,1,0.0,0.0,0.0,0.0,0.0,0.0,1,0,0,STOCKOUT,URGENT,28,34.13,22.16,0.0,0.0,620.48,955.6400000000001,
ST16,SKU03753,SparkleClean Ice Cream 2kg,Frozen Foods,Ice Cream,SparkleClean,26.095723809523808,26.095723809523808,0.0,1,0.0,0.0,0.0,0.0,0.0,0.0,1,0,0,STOCKOUT,URGENT,27,653.46,375.71,0.0,0.0,10144.17,17643.420000000002,
ST16,SKU03836,SmartBuy Men's Grooming Large,Personal Care,Men's Grooming,SmartBuy,27.77165396825397,27.77165396825397,0.0,1,0.0,0.0,0.0,0.0,0.0,0.0,1,0,0,STOCKOUT,URGENT,28,442.52,300.82,0.0,0.0,8422.96,12390.56,
ST16,SKU03890,ValueChoice Hair Care 500g,Personal Care,Hair Care,ValueChoice,14.071333333333332,14.071333333333332,0.0,1,0.0,0.0,0.0,0.0,0.0,0.0,1,0,0,STOCKOUT,URGENT,15,659.39,484.92,0.0,0.0,7273.8,9890.85,
ST16,SKU03922,NutriPlus Men's Wear 250ml,Apparel & Footwear,Men's Wear,NutriPlus,22.148876190476184,22.148876190476184,0.0,1,0.0,0.0,0.0,0.0,0.0,0.0,1,0,0,STOCKOUT,URGENT,23,2095.66,1403.43,0.0,0.0,32278.890000000003,48200.17999999999,
ST16,SKU03962,SoftTouch Air Fresheners 100g,Home Care,Air Fresheners,SoftTouch,15.065333333333331,0.8369629629629629,3.5509331202785774,18,0.0,0.0,0.0,0.0,0.0,0.0,1,0,1,STOCKOUT,URGENT,16,298.31,174.58,0.0,0.0,2793.28,4772.96,
ST16,SKU04063,NatureBlend Men's Grooming 500ml,Personal Care,Men's Grooming,NatureBlend,29.262280952380955,29.262280952380955,0.0,1,0.0,0.0,0.0,0.0,0.0,0.0,1,0,0,STOCKOUT,URGENT,30,471.49,269.42,0.0,0.0,8082.6,14144.7,
ST16,SKU04078,MetroBrand First Aid 1kg,Health & Wellness,First Aid,MetroBrand,2.9964,2.9964,0.0,1,0.0,0.0,0.0,0.0,0.0,0.0,1,0,0,STOCKOUT,URGENT,3,357.55,216.72,0.0,0.0,650.16,1072.65,
ST16,SKU04247,GoldenHarvest Cheese 250g,Dairy & Bakery,Cheese,GoldenHarvest,13.765476190476193,13.765476190476193,0.0,1,0.0,0.0,0.0,0.0,0.0,0.0,1,0,0,STOCKOUT,URGENT,14,74.64,57.1,0.0,0.0,799.4,1044.96,
ST16,SKU04366,SmartBuy Footwear 1L,Apparel & Footwear,Footwear,SmartBuy,17.92986666666667,17.92986666666667,0.0,1,0.0,0.0,0.0,0.0,0.0,0.0,1,0,0,STOCKOUT,URGENT,18,1951.78,1107.13,0.0,0.0,19928.340000000004,35132.04,
ST16,SKU04421,HomeStyle Small Appliances 100g,Electronics & Accessories,Small Appliances,HomeStyle,7.014,7.014,0.0,1,0.0,0.0,0.0,0.0,0.0,0.0,1,0,0,STOCKOUT,URGENT,8,3670.67,2520.92,0.0,0.0,20167.36,29365.36,
ST16,SKU04467,HealthFirst Butter & Ghee 100g,Dairy & Bakery,Butter & Ghee,HealthFirst,0.0,0.0,0.0,1,0.0,0.0,0.0,0.0,0.0,0.0,1,0,0,STOCKOUT,URGENT,0,263.78,190.79,0.0,0.0,0.0,0.0,
ST16,SKU04658,MetroBrand Home Decor 1L,Home & Kitchen,Home Decor,MetroBrand,6.117400000000001,6.117400000000001,0.0,1,0.0,0.0,0.0,0.0,0.0,0.0,1,0,0,STOCKOUT,URGENT,7,1654.62,1185.58,0.0,0.0,8299.06,11582.34,
ST16,SKU04774,EliteHome Mobile Accessories 500ml,Electronics & Accessories,Mobile Accessories,EliteHome,12.961,12.961,0.0,1,0.0,0.0,0.0,0.0,0.0,0.0,1,0,0,STOCKOUT,URGENT,13,378.76,232.39,0.0,0.0,3021.0699999999997,4923.88,
ST16,SKU04813,GoldenHarvest Office Supplies Pack of 12,Stationery & Office,Office Supplies,GoldenHarvest,11.787133333333331,11.787133333333331,0.0,1,0.0,0.0,0.0,0.0,0.0,0.0,1,0,0,STOCKOUT,URGENT,12,397.81,260.06,0.0,0.0,3120.7200000000003,4773.72,
ST17,SKU00095,GreenValley First Aid 500ml,Health & Wellness,First Aid,GreenValley,17.323728571428568,17.323728571428568,0.0,1,0.0,0.0,0.0,0.0,0.0,0.0,1,0,0,STOCKOUT,URGENT,18,696.82,520.58,0.0,0.0,9370.44,12542.76,
ST17,SKU00181,ZestyCo Ice Cream Pack of 6,Frozen Foods,Ice Cream,ZestyCo,10.058333333333332,10.058333333333332,0.0,1,0.0,0.0,0.0,0.0,0.0,0.0,1,0,0,STOCKOUT,URGENT,11,314.95,183.39,0.0,0.0,2017.29,3464.45,
ST17,SKU00288,FreshFarm Notebooks Small,Stationery & Office,Notebooks,FreshFarm,3.0403333333333333,3.0403333333333333,0.0,1,0.0,0.0,0.0,0.0,0.0,0.0,1,0,0,STOCKOUT,URGENT,4,109.0,60.9,0.0,0.0,243.6,436.0,
ST17,SKU00477,FreshFarm Oral Care Pack of 6,Personal Care,Oral Care,FreshFarm,21.1582,21.1582,0.0,1,0.0,0.0,0.0,0.0,0.0,0.0,1,0,0,STOCKOUT,URGENT,22,131.43,100.71,0.0,0.0,2215.62,2891.46,
ST17,SKU00675,PureLife First Aid Pack of 12,Health & Wellness,First Aid,PureLife,10.13822380952381,10.13822380952381,0.0,1,0.0,0.0,0.0,0.0,0.0,0.0,1,0,0,STOCKOUT,URGENT,11,942.87,543.46,0.0,0.0,5978.06,10371.57,
ST17,SKU00756,TrueTaste Mobile Accessories Large,Electronics & Accessories,Mobile Accessories,TrueTaste,24.063599999999997,24.063599999999997,0.0,1,0.0,0.0,0.0,0.0,0.0,0.0,1,0,0,STOCKOUT,URGENT,25,2637.39,2043.1,0.0,0.0,51077.5,65934.75,
ST17,SKU00802,GreenValley Eggs Large,Dairy & Bakery,Eggs,GreenValley,7.042,7.042,0.0,1,0.0,0.0,0.0,0.0,0.0,0.0,1,0,0,STOCKOUT,URGENT,8,196.6,126.78,0.0,0.0,1014.24,1572.8,
ST17,SKU01011,SunriseFoods Frozen Vegetables Pack of 6,Frozen Foods,Frozen Vegetables,SunriseFoods,31.19587619047618,31.19587619047618,0.0,1,0.0,0.0,0.0,0.0,0.0,0.0,1,0,0,STOCKOUT,URGENT,32,546.32,391.1,0.0,0.0,12515.2,17482.24,
ST17,SKU01123,MetroBrand Writing Instruments 2kg,Stationery & Office,Writing Instruments,MetroBrand,5.9112,5.9112,0.0,1,0.0,0.0,0.0,0.0,0.0,0.0,1,0,0,STOCKOUT,URGENT,6,97.2,54.41,0.0,0.0,326.46,583.2,
ST17,SKU01697,BasicNeeds Skin Care Pack of 6,Personal Care,Skin Care,BasicNeeds,27.219361904761897,27.219361904761897,0.0,1,0.0,0.0,0.0,0.0,0.0,0.0,1,0,0,STOCKOUT,URGENT,28,306.11,171.69,0.0,0.0,4807.32,8571.08,
ST17,SKU01701,SunriseFoods Cooking Oil 2kg,Grocery,Cooking Oil,SunriseFoods,14.079133333333331,14.079133333333331,0.0,1,0.0,0.0,0.0,0.0,0.0,0.0,1,0,0,STOCKOUT,URGENT,15,420.92,307.94,0.0,0.0,4619.1,6313.8,
ST17,SKU01856,EliteHome Soft Drinks 500g,Beverages,Soft Drinks,EliteHome,6.383200000000001,6.383200000000001,0.0,1,0.0,0.0,0.0,0.0,0.0,0.0,1,0,0,STOCKOUT,URGENT,7,195.51,128.08,0.0,0.0,896.5600000000001,1368.57,
ST17,SKU01867,SoftTouch Bath & Body 1kg,Personal Care,Bath & Body,SoftTouch,8.089428571428572,8.089428571428572,0.0,1,0.0,0.0,0.0,0.0,0.0,0.0,1,0,0,STOCKOUT,URGENT,9,102.2,63.74,0.0,0.0,573.66,919.8000000000001,
ST17,SKU01950,MetroBrand Candy Pack of 6,Snacks & Confectionery,Candy,MetroBrand,23.519990476190475,23.519990476190475,0.0,1,0.0,0.0,0.0,0.0,0.0,0.0,1,0,0,STOCKOUT,URGENT,24,104.93,77.86,0.0,0.0,1868.6399999999999,2518.32,
ST17,SKU01952,PrimeCare Small Appliances Pack of 6,Electronics & Accessories,Small Appliances,PrimeCare,2.998,2.998,0.0,1,0.0,0.0,0.0,0.0,0.0,0.0,1,0,0,STOCKOUT,URGENT,3,1332.06,1001.92,0.0,0.0,3005.7599999999998,3996.18,
ST17,SKU01957,HealthFirst Men's Wear 2L,Apparel & Footwear,Men's Wear,HealthFirst,13.92167619047619,13.92167619047619,0.0,1,0.0,0.0,0.0,0.0,0.0,0.0,1,0,0,STOCKOUT,URGENT,14,550.16,412.07,0.0,0.0,5768.98,7702.24,
ST17,SKU02175,SmartBuy Batteries Large,Electronics & Accessories,Batteries,SmartBuy,7.127999999999999,7.127999999999999,0.0,1,0.0,0.0,0.0,0.0,0.0,0.0,1,0,0,STOCKOUT,URGENT,8,1631.55,1047.28,0.0,0.0,8378.24,13052.4,
ST17,SKU02448,FreshFarm Batteries 500g,Electronics & Accessories,Batteries,FreshFarm,5.0629333333333335,5.0629333333333335,0.0,1,0.0,0.0,0.0,0.0,0.0,0.0,1,0,0,STOCKOUT,URGENT,6,2166.71,1380.72,0.0,0.0,8284.32,13000.26,
ST17,SKU02450,NatureBlend Hair Care 500ml,Personal Care,Hair Care,NatureBlend,7.008,7.008,0.0,1,0.0,0.0,0.0,0.0,0.0,0.0,1,0,0,STOCKOUT,URGENT,8,252.84,165.92,0.0,0.0,1327.36,2022.72,
ST17,SKU02466,PremiumSelect Batteries Small,Electronics & Accessories,Batteries,PremiumSelect,7.002,7.002,0.0,1,0.0,0.0,0.0,0.0,0.0,0.0,1,0,0,STOCKOUT,URGENT,8,1967.8,1384.42,0.0,0.0,11075.36,15742.4,
ST17,SKU02556,TrueTaste Butter & Ghee 500g,Dairy & Bakery,Butter & Ghee,TrueTaste,17.0281380952381,17.0281380952381,0.0,1,0.0,0.0,0.0,0.0,0.0,0.0,1,0,0,STOCKOUT,URGENT,18,245.0,135.12,0.0,0.0,2432.16,4410.0,
ST17,SKU02652,UrbanBite Laundry 500g,Home Care,Laundry,UrbanBite,9.888800000000002,9.888800000000002,0.0,1,0.0,0.0,0.0,0.0,0.0,0.0,1,0,0,STOCKOUT,URGENT,10,91.11,53.74,0.0,0.0,537.4,911.1,
ST17,SKU02737,BasicNeeds Notebooks 1kg,Stationery & Office,Notebooks,BasicNeeds,12.058533333333337,12.058533333333337,0.0,1,0.0,71.0,26.0,0.0,-71.0,-26.0,1,0,0,STOCKOUT,URGENT,71,315.14,215.3,0.0,0.0,15286.300000000001,22374.94,2025-10-05
ST17,SKU02751,GreenValley Frozen Vegetables 1kg,Frozen Foods,Frozen Vegetables,GreenValley,0.0,0.0,0.0,1,0.0,0.0,0.0,0.0,0.0,0.0,1,0,0,STOCKOUT,URGENT,0,648.07,412.59,0.0,0.0,0.0,0.0,
ST17,SKU02776,SparkleClean Namkeen Pack of 12,Snacks & Confectionery,Namkeen,SparkleClean,15.101966666666664,15.101966666666664,0.0,1,0.0,0.0,0.0,0.0,0.0,0.0,1,0,0,STOCKOUT,URGENT,16,234.93,178.45,0.0,0.0,2855.2,3758.88,
ST17,SKU02807,SunriseFoods Coffee Pack of 12,Beverages,Coffee,SunriseFoods,17.996000000000002,17.996000000000002,0.0,1,0.0,0.0,0.0,0.0,0.0,0.0,1,0,0,STOCKOUT,URGENT,18,185.26,114.74,0.0,0.0,2065.3199999999997,3334.68,
ST17,SKU02952,PremiumSelect Energy Drinks 250g,Beverages,Energy Drinks,PremiumSelect,23.48072380952381,23.48072380952381,0.0,1,0.0,0.0,0.0,0.0,0.0,0.0,1,0,0,STOCKOUT,URGENT,24,158.78,100.84,0.0,0.0,2420.16,3810.7200000000003,
ST17,SKU03315,TrueTaste Oral Care Small,Personal Care,Oral Care,TrueTaste,6.01,6.01,0.0,1,0.0,0.0,0.0,0.0,0.0,0.0,1,0,0,STOCKOUT,URGENT,7,283.47,207.76,0.0,0.0,1454.32,1984.2900000000002,
ST17,SKU03487,GreenValley Frozen Vegetables Family Pack,Frozen Foods,Frozen Vegetables,GreenValley,10.013447619047618,10.013447619047618,0.0,1,0.0,0.0,0.0,0.0,0.0,0.0,1,0,0,STOCKOUT,URGENT,11,190.24,105.55,0.0,0.0,1161.05,2092.6400000000003,
ST17,SKU03632,NutriPlus Biscuits & Cookies Pack of 6,Snacks & Confectionery,Biscuits & Cookies,NutriPlus,12.134666666666664,12.134666666666664,0.0,1,0.0,0.0,0.0,0.0,0.0,0.0,1,0,0,STOCKOUT,URGENT,13,87.25,61.65,0.0,0.0,801.4499999999999,1134.25,
ST17,SKU03748,SparkleClean Flour & Atta 1kg,Grocery,Flour & Atta,SparkleClean,6.914600000000001,6.914600000000001,0.0,1,0.0,0.0,0.0,0.0,0.0,0.0,1,0,0,STOCKOUT,URGENT,7,165.67,131.96,0.0,0.0,923.72,1159.6899999999998,
ST17,SKU03836,SmartBuy Men's Grooming Large,Personal Care,Men's Grooming,SmartBuy,18.89742380952381,18.89742380952381,0.0,1,0.0,0.0,0.0,0.0,0.0,0.0,1,0,0,STOCKOUT,URGENT,19,442.52,300.82,0.0,0.0,5715.58,8407.88,
ST17,SKU03899,EliteHome Oral Care Family Pack,Personal Care,Oral Care,EliteHome,4.994066666666667,4.994066666666667,0.0,1,0.0,0.0,0.0,0.0,0.0,0.0,1,0,0,STOCKOUT,URGENT,5,369.05,203.65,0.0,0.0,1018.25,1845.25,
ST17,SKU04139,HealthFirst Women's Wear Large,Apparel & Footwear,Women's Wear,HealthFirst,29.562238095238087,29.562238095238087,0.0,1,0.0,0.0,0.0,0.0,0.0,0.0,1,0,0,STOCKOUT,URGENT,30,1671.05,1035.32,0.0,0.0,31059.6,50131.5,
ST17,SKU04309,HealthFirst Coffee Small,Beverages,Coffee,HealthFirst,27.024204761904755,27.024204761904755,0.0,1,0.0,0.0,0.0,0.0,0.0,0.0,1,0,0,STOCKOUT,URGENT,28,126.84,71.21,0.0,0.0,1993.8799999999999,3551.52,
ST17,SKU04365,SoftTouch Storage & Containers 100g,Home & Kitchen,Storage & Containers,SoftTouch,35.22134285714286,35.22134285714286,0.0,1,0.0,0.0,0.0,0.0,0.0,0.0,1,0,0,STOCKOUT,URGENT,36,1774.69,1234.53,0.0,0.0,44443.08,63888.840000000004,
ST17,SKU04637,CrispKing Ice Cream Pack of 12,Frozen Foods,Ice Cream,CrispKing,7.995333333333333,7.995333333333333,0.0,1,0.0,0.0,0.0,0.0,0.0,0.0,1,0,0,STOCKOUT,URGENT,8,502.55,356.82,0.0,0.0,2854.56,4020.4,
ST17,SKU04668,EliteHome Eggs 2kg,Dairy & Bakery,Eggs,EliteHome,12.151228571428572,12.151228571428572,0.0,1,0.0,0.0,0.0,0.0,0.0,0.0,1,0,0,STOCKOUT,URGENT,13,116.64,82.26,0.0,0.0,1069.38,1516.32,
ST17,SKU04702,HomeStyle Batteries Family Pack,Electronics & Accessories,Batteries,HomeStyle,18.215966666666663,18.215966666666663,0.0,1,0.0,0.0,0.0,0.0,0.0,0.0,1,0,0,STOCKOUT,URGENT,19,2187.66,1527.73,0.0,0.0,29026.87,41565.53999999999,
ST17,SKU04745,SoftTouch Surface Cleaners Pack of 6,Home Care,Surface Cleaners,SoftTouch,5.004266666666666,5.004266666666666,0.0,1,0.0,0.0,0.0,0.0,0.0,0.0,1,0,0,STOCKOUT,URGENT,6,335.38,263.03,0.0,0.0,1578.1799999999998,2012.28,
ST17,SKU04773,HomeStyle Ice Cream Small,Frozen Foods,Ice Cream,HomeStyle,20.05977142857143,20.05977142857143,0.0,1,0.0,0.0,0.0,0.0,0.0,0.0,1,0,0,STOCKOUT,URGENT,21,434.24,302.59,0.0,0.0,6354.389999999999,9119.04,
ST17,SKU04790,EliteHome Bath & Body 1L,Personal Care,Bath & Body,EliteHome,11.0,11.0,0.0,1,0.0,0.0,0.0,0.0,0.0,0.0,1,0,0,STOCKOUT,URGENT,11,155.92,119.26,0.0,0.0,1311.8600000000001,1715.12,
ST17,SKU04807,CleanWave Coffee 100g,Beverages,Coffee,CleanWave,20.355866666666667,0.8481611111111111,4.1551238837885,24,0.0,0.0,0.0,0.0,0.0,0.0,1,0,1,STOCKOUT,URGENT,21,137.43,94.52,0.0,0.0,1984.9199999999998,2886.03,
ST17,SKU04822,HealthFirst Hair Care Family Pack,Personal Care,Hair Care,HealthFirst,19.054,19.054,0.0,1,0.0,0.0,0.0,0.0,0.0,0.0,1,0,0,STOCKOUT,URGENT,20,457.47,310.36,0.0,0.0,6207.200000000001,9149.400000000001,
ST17,SKU04890,NovaFresh Chocolates Pack of 12,Snacks & Confectionery,Chocolates,NovaFresh,17.055,17.055,0.0,1,0.0,0.0,0.0,0.0,0.0,0.0,1,0,0,STOCKOUT,URGENT,18,96.81,70.71,0.0,0.0,1272.78,1742.58,
ST18,SKU00220,PurePlus Women's Wear 100g,Apparel & Footwear,Women's Wear,PurePlus,16.989333333333335,16.989333333333335,0.0,1,0.0,0.0,0.0,0.0,0.0,0.0,1,0,0,STOCKOUT,URGENT,17,733.09,540.87,0.0,0.0,9194.79,12462.53,
ST18,SKU00487,PurePlus Biscuits & Cookies 250ml,Snacks & Confectionery,Biscuits & Cookies,PurePlus,22.2731,22.2731,0.0,1,0.0,0.0,0.0,0.0,0.0,0.0,1,0,0,STOCKOUT,URGENT,23,209.96,139.28,0.0,0.0,3203.44,4829.08,
ST18,SKU00511,EliteHome Chips & Crisps 500g,Snacks & Confectionery,Chips & Crisps,EliteHome,3.0093333333333336,3.0093333333333336,0.0,1,0.0,0.0,0.0,0.0,0.0,0.0,1,0,0,STOCKOUT,URGENT,4,172.85,105.28,0.0,0.0,421.12,691.4,
ST18,SKU00628,EverydayPlus Soft Drinks Pack of 12,Beverages,Soft Drinks,EverydayPlus,25.326238095238093,25.326238095238093,0.0,1,0.0,33.0,9.0,0.0,-33.0,-9.0,1,0,0,STOCKOUT,URGENT,33,135.8,98.43,0.0,0.0,3248.19,4481.400000000001,2025-10-02
ST18,SKU00719,SoftTouch Pest Control 1kg,Home Care,Pest Control,SoftTouch,14.471577777777776,14.471577777777776,0.0,1,0.0,0.0,0.0,0.0,0.0,0.0,1,0,0,STOCKOUT,URGENT,15,238.41,187.57,0.0,0.0,2813.5499999999997,3576.15,
ST18,SKU00944,CityFresh Oral Care Pack of 12,Personal Care,Oral Care,CityFresh,12.791396825396829,12.791396825396829,0.0,1,0.0,0.0,0.0,0.0,0.0,0.0,1,0,0,STOCKOUT,URGENT,13,717.92,538.0,0.0,0.0,6994.0,9332.96,
ST18,SKU00966,ZestyCo Laundry 2kg,Home Care,Laundry,ZestyCo,28.507693939393945,0.7704782145782147,4.686636014047436,37,0.0,0.0,0.0,0.0,0.0,0.0,1,0,1,STOCKOUT,URGENT,29,361.28,252.25,0.0,0.0,7315.25,10477.119999999999,
ST18,SKU01141,BasicNeeds Chocolates Pack of 6,Snacks & Confectionery,Chocolates,BasicNeeds,3.1198,3.1198,0.0,1,0.0,0.0,0.0,0.0,0.0,0.0,1,0,0,STOCKOUT,URGENT,4,110.22,86.81,0.0,0.0,347.24,440.88,
ST18,SKU01172,PrimeCare Yogurt 250ml,Dairy & Bakery,Yogurt,PrimeCare,20.08473333333333,20.08473333333333,0.0,1,0.0,0.0,0.0,0.0,0.0,0.0,1,0,0,STOCKOUT,URGENT,21,302.18,206.83,0.0,0.0,4343.43,6345.78,
ST18,SKU01393,UrbanBite Juices 250ml,Beverages,Juices,UrbanBite,8.970933333333333,8.970933333333333,0.0,1,0.0,0.0,0.0,0.0,0.0,0.0,1,0,0,STOCKOUT,URGENT,9,126.23,85.39,0.0,0.0,768.51,1136.07,
ST18,SKU01607,NovaFresh Oral Care 500ml,Personal Care,Oral Care,NovaFresh,21.202533333333328,21.202533333333328,0.0,1,0.0,0.0,0.0,0.0,0.0,0.0,1,0,0,STOCKOUT,URGENT,22,269.24,208.38,0.0,0.0,4584.36,5923.280000000001,
ST18,SKU01662,FamilyChoice OTC Medicine Medium,Health & Wellness,OTC Medicine,FamilyChoice,5.024666666666667,5.024666666666667,0.0,1,0.0,55.0,26.0,0.0,-55.0,-26.0,1,0,0,STOCKOUT,URGENT,55,495.84,328.64,0.0,0.0,18075.2,27271.199999999997,2025-10-11
ST18,SKU01763,BasicNeeds Pulses & Lentils 2kg,Grocery,Pulses & Lentils,BasicNeeds,29.49672857142857,29.49672857142857,0.0,1,0.0,0.0,0.0,0.0,0.0,0.0,1,0,0,STOCKOUT,URGENT,30,275.28,167.78,0.0,0.0,5033.4,8258.4,
ST18,SKU01807,PremiumSelect Frozen Vegetables 100g,Frozen Foods,Frozen Vegetables,PremiumSelect,0.0,0.0,0.0,1,0.0,0.0,0.0,0.0,0.0,0.0,1,0,0,STOCKOUT,URGENT,0,288.3,229.6,0.0,0.0,0.0,0.0,
ST18,SKU01984,SunriseFoods Men's Grooming Large,Personal Care,Men's Grooming,SunriseFoods,13.99904761904762,13.99904761904762,0.0,1,0.0,0.0,0.0,0.0,0.0,0.0,1,0,0,STOCKOUT,URGENT,14,254.86,185.79,0.0,0.0,2601.06,3568.04,
ST18,SKU02134,UrbanBite Men's Wear Family Pack,Apparel & Footwear,Men's Wear,UrbanBite,16.078799999999998,16.078799999999998,0.0,1,0.0,0.0,0.0,0.0,0.0,0.0,1,0,0,STOCKOUT,URGENT,17,658.37,501.25,0.0,0.0,8521.25,11192.29,
ST18,SKU02216,BasicNeeds Bottled Water Small,Beverages,Bottled Water,BasicNeeds,11.087068253968257,11.087068253968257,0.0,1,0.0,0.0,0.0,0.0,0.0,0.0,1,0,0,STOCKOUT,URGENT,12,204.24,123.77,0.0,0.0,1485.24,2450.88,
ST18,SKU02296,ValueChoice Home Decor Pack of 12,Home & Kitchen,Home Decor,ValueChoice,26.302492063492064,26.302492063492064,0.0,1,0.0,0.0,0.0,0.0,0.0,0.0,1,0,0,STOCKOUT,URGENT,27,1019.37,686.74,0.0,0.0,18541.98,27522.99,
ST18,SKU02335,PrimeCare Skin Care Pack of 12,Personal Care,Skin Care,PrimeCare,22.864247619047617,22.864247619047617,0.0,1,0.0,0.0,0.0,0.0,0.0,0.0,1,0,0,STOCKOUT,URGENT,23,393.56,225.06,0.0,0.0,5176.38,9051.88,
ST18,SKU02371,DailyBest Laundry Large,Home Care,Laundry,DailyBest,39.11946666666667,39.11946666666667,0.0,1,0.0,0.0,0.0,0.0,0.0,0.0,1,0,0,STOCKOUT,URGENT,40,499.35,388.21,0.0,0.0,15528.4,19974.0,
ST18,SKU02516,MetroBrand Frozen Meat 250g,Frozen Foods,Frozen Meat,MetroBrand,9.0136,9.0136,0.0,1,0.0,0.0,0.0,0.0,0.0,0.0,1,0,0,STOCKOUT,URGENT,10,474.12,279.81,0.0,0.0,2798.1,4741.2,
ST18,SKU03065,GreenValley Frozen Vegetables 1L,Frozen Foods,Frozen Vegetables,GreenValley,20.790233333333333,20.790233333333333,0.0,1,0.0,0.0,0.0,0.0,0.0,0.0,1,0,0,STOCKOUT,URGENT,21,209.91,145.54,0.0,0.0,3056.3399999999997,4408.11,
ST18,SKU03218,BasicNeeds Butter & Ghee Family Pack,Dairy & Bakery,Butter & Ghee,BasicNeeds,10.926666666666668,10.926666666666668,0.0,1,0.0,0.0,0.0,0.0,0.0,0.0,1,0,0,STOCKOUT,URGENT,11,177.98,141.83,0.0,0.0,1560.13,1957.78,
ST18,SKU03459,NovaFresh OTC Medicine 500ml,Health & Wellness,OTC Medicine,NovaFresh,7.019799999999999,0.5849833333333333,1.735148499248535,12,0.0,0.0,0.0,0.0,0.0,0.0,1,0,1,STOCKOUT,URGENT,8,797.02,546.26,0.0,0.0,4370.08,6376.16,
ST18,SKU03480,MetroBrand Men's Wear 500g,Apparel & Footwear,Men's Wear,MetroBrand,7.969066666666666,7.969066666666666,0.0,1,0.0,0.0,0.0,0.0,0.0,0.0,1,0,0,STOCKOUT,URGENT,8,1003.83,565.25,0.0,0.0,4522.0,8030.64,
ST18,SKU03544,CrispKing Eggs 250ml,Dairy & Bakery,Eggs,CrispKing,26.24261428571427,26.24261428571427,0.0,1,0.0,0.0,0.0,0.0,0.0,0.0,1,0,0,STOCKOUT,URGENT,27,184.75,144.43,0.0,0.0,3899.61,4988.25,
ST18,SKU03681,BasicNeeds Home Decor Small,Home & Kitchen,Home Decor,BasicNeeds,2.99,2.99,0.0,1,0.0,0.0,0.0,0.0,0.0,0.0,1,0,0,STOCKOUT,URGENT,3,581.19,351.34,0.0,0.0,1054.02,1743.5700000000002,
ST18,SKU03690,EliteHome Writing Instruments Family Pack,Stationery & Office,Writing Instruments,EliteHome,4.014,0.13841379310344828,0.7453810874426863,29,0.0,0.0,0.0,0.0,0.0,0.0,1,0,1,STOCKOUT,URGENT,5,312.29,235.12,0.0,0.0,1175.6,1561.45,
ST18,SKU03732,SparkleClean Chips & Crisps 2L,Snacks & Confectionery,Chips & Crisps,SparkleClean,3.0,3.0,0.0,1,0.0,0.0,0.0,0.0,0.0,0.0,1,0,0,STOCKOUT,URGENT,3,114.01,88.52,0.0,0.0,265.56,342.03000000000003,
ST18,SKU03808,HealthFirst Small Appliances 2kg,Electronics & Accessories,Small Appliances,HealthFirst,6.018933333333333,6.018933333333333,0.0,1,0.0,0.0,0.0,0.0,0.0,0.0,1,0,0,STOCKOUT,URGENT,7,1626.96,997.45,0.0,0.0,6982.150000000001,11388.720000000001,
ST18,SKU03938,CrispKing Writing Instruments 1L,Stationery & Office,Writing Instruments,CrispKing,10.829666666666666,10.829666666666666,0.0,1,0.0,0.0,0.0,0.0,0.0,0.0,1,0,0,STOCKOUT,URGENT,11,132.09,86.77,0.0,0.0,954.4699999999999,1452.99,
ST18,SKU04082,FamilyChoice Notebooks 500ml,Stationery & Office,Notebooks,FamilyChoice,11.030133333333334,11.030133333333334,0.0,1,0.0,0.0,0.0,0.0,0.0,0.0,1,0,0,STOCKOUT,URGENT,12,52.98,39.75,0.0,0.0,477.0,635.76,
ST18,SKU04611,ValueChoice Writing Instruments Family Pack,Stationery & Office,Writing Instruments,ValueChoice,18.0454,18.0454,0.0,1,0.0,0.0,0.0,0.0,0.0,0.0,1,0,0,STOCKOUT,URGENT,19,272.61,199.69,0.0,0.0,3794.11,5179.59,
ST18,SKU04656,ZestyCo Men's Wear Pack of 12,Apparel & Footwear,Men's Wear,ZestyCo,5.127166666666666,5.127166666666666,0.0,1,0.0,0.0,0.0,0.0,0.0,0.0,1,0,0,STOCKOUT,URGENT,6,1418.65,875.08,0.0,0.0,5250.4800000000005,8511.900000000001,
ST18,SKU04680,QuickBite Dishwashing 2kg,Home Care,Dishwashing,QuickBite,13.943,13.943,0.0,1,0.0,0.0,0.0,0.0,0.0,0.0,1,0,0,STOCKOUT,URGENT,14,142.59,79.19,0.0,0.0,1108.6599999999999,1996.26,
ST18,SKU04746,SoftTouch Bath & Body 1kg,Personal Care,Bath & Body,SoftTouch,15.266488888888889,2.544414814814815,6.232517990274449,6,0.0,0.0,0.0,0.0,0.0,0.0,1,0,1,STOCKOUT,URGENT,16,364.33,279.55,0.0,0.0,4472.8,5829.28,
ST18,SKU04755,FreshFarm Namkeen 250ml,Snacks & Confectionery,Namkeen,FreshFarm,20.202185714285715,20.202185714285715,0.0,1,0.0,0.0,0.0,0.0,0.0,0.0,1,0,0,STOCKOUT,URGENT,21,176.07,107.62,0.0,0.0,2260.02,3697.47,
ST18,SKU04805,EverydayPlus Oral Care 250ml,Personal Care,Oral Care,EverydayPlus,8.015733333333333,8.015733333333333,0.0,1,0.0,0.0,0.0,0.0,0.0,0.0,1,0,0,STOCKOUT,URGENT,9,136.32,82.81,0.0,0.0,745.29,1226.8799999999999,
ST18,SKU04929,CrispKing Footwear 2kg,Apparel & Footwear,Footwear,CrispKing,16.262066666666666,16.262066666666666,0.0,1,0.0,0.0,0.0,0.0,0.0,0.0,1,0,0,STOCKOUT,URGENT,17,745.44,477.16,0.0,0.0,8111.72,12672.480000000001,
ST18,SKU04969,GoldenHarvest Storage & Containers 1L,Home & Kitchen,Storage & Containers,GoldenHarvest,6.9943333333333335,0.6994333333333334,2.2118024047771034,10,0.0,0.0,0.0,0.0,0.0,0.0,1,0,1,STOCKOUT,URGENT,7,658.15,516.3,0.0,0.0,3614.0999999999995,4607.05,
ST19,SKU00172,CityFresh Energy Drinks 500ml,Beverages,Energy Drinks,CityFresh,19.564338095238103,19.564338095238103,0.0,1,0.0,0.0,0.0,0.0,0.0,0.0,1,0,0,STOCKOUT,URGENT,20,112.18,75.2,0.0,0.0,1504.0,2243.6000000000004,
ST19,SKU00195,SparkleClean Cookware Small,Home & Kitchen,Cookware,SparkleClean,25.817260317460317,1.8440900226757369,4.811902952794155,14,0.0,0.0,0.0,0.0,0.0,0.0,1,0,1,STOCKOUT,URGENT,26,1139.65,908.49,0.0,0.0,23620.74,29630.9,
ST19,SKU00246,CleanWave Cookware Medium,Home & Kitchen,Cookware,CleanWave,25.03554920634921,25.03554920634921,0.0,1,0.0,0.0,0.0,0.0,0.0,0.0,1,0,0,STOCKOUT,URGENT,26,1021.22,780.18,0.0,0.0,20284.68,26551.72,
ST19,SKU00537,SparkleClean Bath & Body 500ml,Personal Care,Bath & Body,SparkleClean,15.1578,15.1578,0.0,1,0.0,0.0,0.0,0.0,0.0,0.0,1,0,0,STOCKOUT,URGENT,16,183.18,125.31,0.0,0.0,2004.96,2930.88,
ST19,SKU00600,QuickBite Soft Drinks 2L,Beverages,Soft Drinks,QuickBite,6.975333333333334,6.975333333333334,0.0,1,0.0,0.0,0.0,0.0,0.0,0.0,1,0,0,STOCKOUT,URGENT,7,107.83,59.81,0.0,0.0,418.67,754.81,
ST19,SKU00687,EverydayPlus Footwear Medium,Apparel & Footwear,Footwear,EverydayPlus,9.001,9.001,0.0,1,0.0,0.0,0.0,0.0,0.0,0.0,1,0,0,STOCKOUT,URGENT,10,1165.09,924.69,0.0,0.0,9246.900000000001,11650.9,
ST19,SKU00759,NatureBlend Bath & Body Pack of 6,Personal Care,Bath & Body,NatureBlend,14.205333333333332,14.205333333333332,0.0,1,0.0,0.0,0.0,0.0,0.0,0.0,1,0,0,STOCKOUT,URGENT,15,481.66,307.96,0.0,0.0,4619.4,7224.900000000001,
ST19,SKU00950,EverydayPlus Dishwashing Pack of 12,Home Care,Dishwashing,EverydayPlus,9.986,9.986,0.0,1,0.0,0.0,0.0,0.0,0.0,0.0,1,0,0,STOCKOUT,URGENT,10,227.07,158.19,0.0,0.0,1581.9,2270.7,
ST19,SKU01073,EverydayPlus Office Supplies Pack of 6,Stationery & Office,Office Supplies,EverydayPlus,5.032666666666666,5.032666666666666,0.0,1,0.0,0.0,0.0,0.0,0.0,0.0,1,0,0,STOCKOUT,URGENT,6,332.78,264.01,0.0,0.0,1584.06,1996.6799999999998,
ST19,SKU01367,PrimeCare Dishwashing Pack of 6,Home Care,Dishwashing,PrimeCare,6.035999999999999,6.035999999999999,0.0,1,0.0,0.0,0.0,0.0,0.0,0.0,1,0,0,STOCKOUT,URGENT,7,673.36,473.29,0.0,0.0,3313.03,4713.52,
ST19,SKU01379,BasicNeeds Sugar & Salt Large,Grocery,Sugar & Salt,BasicNeeds,1.0593333333333332,1.0593333333333332,0.0,1,0.0,0.0,0.0,0.0,0.0,0.0,1,0,0,STOCKOUT,URGENT,2,193.26,107.81,0.0,0.0,215.62,386.52,
ST19,SKU01438,GreenValley Cooking Oil 100g,Grocery,Cooking Oil,GreenValley,3.014,3.014,0.0,1,0.0,0.0,0.0,0.0,0.0,0.0,1,0,0,STOCKOUT,URGENT,4,298.01,182.51,0.0,0.0,730.04,1192.04,
ST19,SKU01667,EliteHome Candy Medium,Snacks & Confectionery,Candy,EliteHome,23.437409523809517,23.437409523809517,0.0,1,0.0,0.0,0.0,0.0,0.0,0.0,1,0,0,STOCKOUT,URGENT,24,161.47,122.44,0.0,0.0,2938.56,3875.2799999999997,
ST19,SKU01769,ZestyCo Laundry Pack of 12,Home Care,Laundry,ZestyCo,3.0,3.0,0.0,1,0.0,0.0,0.0,0.0,0.0,0.0,1,0,0,STOCKOUT,URGENT,3,576.91,402.91,0.0,0.0,1208.73,1730.73,
ST19,SKU01791,FreshFarm Coffee 2kg,Beverages,Coffee,FreshFarm,30.580033333333315,30.580033333333315,0.0,1,0.0,0.0,0.0,0.0,0.0,0.0,1,0,0,STOCKOUT,URGENT,31,129.55,71.37,0.0,0.0,2212.4700000000003,4016.05,
ST19,SKU01892,CityFresh Storage & Containers Pack of 6,Home & Kitchen,Storage & Containers,CityFresh,32.442385714285706,32.442385714285706,0.0,1,0.0,0.0,0.0,0.0,0.0,0.0,1,0,0,STOCKOUT,URGENT,33,231.9,135.14,0.0,0.0,4459.62,7652.7,
ST19,SKU01928,CrispKing Laundry 250g,Home Care,Laundry,CrispKing,8.011333333333333,8.011333333333333,0.0,1,0.0,0.0,0.0,0.0,0.0,0.0,1,0,0,STOCKOUT,URGENT,9,198.45,146.43,0.0,0.0,1317.8700000000001,1786.05,
ST19,SKU01964,UrbanBite Storage & Containers Pack of 12,Home & Kitchen,Storage & Containers,UrbanBite,20.518833333333333,20.518833333333333,0.0,1,0.0,0.0,0.0,0.0,0.0,0.0,1,0,0,STOCKOUT,URGENT,21,1160.91,917.65,0.0,0.0,19270.649999999998,24379.11,
ST19,SKU02020,DailyBest Office Supplies Medium,Stationery & Office,Office Supplies,DailyBest,5.424422222222221,5.424422222222221,0.0,1,0.0,0.0,0.0,0.0,0.0,0.0,1,0,0,STOCKOUT,URGENT,6,143.5,113.09,0.0,0.0,678.54,861.0,
ST19,SKU02198,PrimeCare Women's Wear 500g,Apparel & Footwear,Women's Wear,PrimeCare,12.4726,12.4726,0.0,1,0.0,0.0,0.0,0.0,0.0,0.0,1,0,0,STOCKOUT,URGENT,13,734.76,560.08,0.0,0.0,7281.040000000001,9551.88,
ST19,SKU02411,SoftTouch Ice Cream 2kg,Frozen Foods,Ice Cream,SoftTouch,3.0974,3.0974,0.0,1,0.0,0.0,0.0,0.0,0.0,0.0,1,0,0,STOCKOUT,URGENT,4,522.82,308.75,0.0,0.0,1235.0,2091.28,
ST19,SKU02458,UrbanBite Cheese 1kg,Dairy & Bakery,Cheese,UrbanBite,13.767,13.767,0.0,1,0.0,0.0,0.0,0.0,0.0,0.0,1,0,0,STOCKOUT,URGENT,14,107.76,70.42,0.0,0.0,985.88,1508.64,
ST19,SKU02481,NovaFresh Notebooks 250ml,Stationery & Office,Notebooks,NovaFresh,13.958,13.958,0.0,1,0.0,0.0,0.0,0.0,0.0,0.0,1,0,0,STOCKOUT,URGENT,14,130.24,74.33,0.0,0.0,1040.62,1823.3600000000001,
ST19,SKU02484,MetroBrand Frozen Meat Medium,Frozen Foods,Frozen Meat,MetroBrand,0.0,0.0,0.0,1,0.0,93.0,46.0,0.0,-93.0,-46.0,1,0,0,STOCKOUT,URGENT,93,567.26,344.19,0.0,0.0,32009.67,52755.18,2025-08-14
ST19,SKU02488,SunriseFoods Small Appliances Small,Electronics & Accessories,Small Appliances,SunriseFoods,23.531133333333337,23.531133333333337,0.0,1,0.0,0.0,0.0,0.0,0.0,0.0,1,0,0,STOCKOUT,URGENT,24,3504.3,2419.46,0.0,0.0,58067.04,84103.20000000001,
ST19,SKU02504,PremiumSelect Hair Care Pack of 12,Personal Care,Hair Care,PremiumSelect,14.762733333333331,14.762733333333331,0.0,1,0.0,0.0,0.0,0.0,0.0,0.0,1,0,0,STOCKOUT,URGENT,15,737.52,505.89,0.0,0.0,7588.349999999999,11062.8,
ST19,SKU02540,FreshFarm Office Supplies Small,Stationery & Office,Office Supplies,FreshFarm,10.921333333333337,10.921333333333337,0.0,1,0.0,0.0,0.0,0.0,0.0,0.0,1,0,0,STOCKOUT,URGENT,11,309.18,238.43,0.0,0.0,2622.73,3400.98,
ST19,SKU02607,GoldenHarvest Cookware Pack of 6,Home & Kitchen,Cookware,GoldenHarvest,21.10638571428571,21.10638571428571,0.0,1,0.0,0.0,0.0,0.0,0.0,0.0,1,0,0,STOCKOUT,URGENT,22,1090.91,754.32,0.0,0.0,16595.04,24000.02,
ST19,SKU02714,EverydayPlus First Aid 2kg,Health & Wellness,First Aid,EverydayPlus,10.866066666666669,10.866066666666669,0.0,1,0.0,0.0,0.0,0.0,0.0,0.0,1,0,0,STOCKOUT,URGENT,11,694.67,425.44,0.0,0.0,4679.84,7641.37,
ST19,SKU02949,NatureBlend Chips & Crisps Pack of 6,Snacks & Confectionery,Chips & Crisps,NatureBlend,6.0036000000000005,6.0036000000000005,0.0,1,0.0,0.0,0.0,0.0,0.0,0.0,1,0,0,STOCKOUT,URGENT,7,157.02,105.41,0.0,0.0,737.87,1099.14,
ST19,SKU03094,FreshFarm Ready Meals Family Pack,Frozen Foods,Ready Meals,FreshFarm,6.955333333333333,6.955333333333333,0.0,1,0.0,0.0,0.0,0.0,0.0,0.0,1,0,0,STOCKOUT,URGENT,7,339.49,230.79,0.0,0.0,1615.53,2376.4300000000003,
ST19,SKU03345,DailyBest Notebooks Family Pack,Stationery & Office,Notebooks,DailyBest,9.009666666666668,9.009666666666668,0.0,1,0.0,0.0,0.0,0.0,0.0,0.0,1,0,0,STOCKOUT,URGENT,10,132.54,75.77,0.0,0.0,757.6999999999999,1325.3999999999999,
ST19,SKU03413,DailyBest Pest Control 1kg,Home Care,Pest Control,DailyBest,20.7484126984127,20.7484126984127,0.0,1,0.0,0.0,0.0,0.0,0.0,0.0,1,0,0,STOCKOUT,URGENT,21,314.95,175.93,0.0,0.0,3694.53,6613.95,
ST19,SKU03513,EliteHome Writing Instruments 500ml,Stationery & Office,Writing Instruments,EliteHome,18.047161904761907,18.047161904761907,0.0,1,0.0,0.0,0.0,0.0,0.0,0.0,1,0,0,STOCKOUT,URGENT,19,216.89,140.86,0.0,0.0,2676.34,4120.91,
ST19,SKU03585,PureLife Eggs 500ml,Dairy & Bakery,Eggs,PureLife,24.74012063492064,24.74012063492064,0.0,1,0.0,0.0,0.0,0.0,0.0,0.0,1,0,0,STOCKOUT,URGENT,25,95.51,64.21,0.0,0.0,1605.2499999999998,2387.75,
ST19,SKU03766,ValueChoice Flour & Atta 500g,Grocery,Flour & Atta,ValueChoice,10.965666666666666,10.965666666666666,0.0,1,0.0,0.0,0.0,0.0,0.0,0.0,1,0,0,STOCKOUT,URGENT,11,268.44,175.66,0.0,0.0,1932.26,2952.84,
ST19,SKU03781,SmartBuy Small Appliances 1kg,Electronics & Accessories,Small Appliances,SmartBuy,3.2396857142857143,3.2396857142857143,0.0,1,0.0,0.0,0.0,0.0,0.0,0.0,1,0,0,STOCKOUT,URGENT,4,1471.19,916.91,0.0,0.0,3667.64,5884.76,
ST19,SKU03876,NovaFresh Energy Drinks 1kg,Beverages,Energy Drinks,NovaFresh,18.903666666666663,18.903666666666663,0.0,1,0.0,95.0,25.0,0.0,-95.0,-25.0,1,0,0,STOCKOUT,URGENT,95,232.78,140.09,0.0,0.0,13308.550000000001,22114.1,2025-09-26
ST19,SKU03938,CrispKing Writing Instruments 1L,Stationery & Office,Writing Instruments,CrispKing,6.023711111111112,6.023711111111112,0.0,1,0.0,0.0,0.0,0.0,0.0,0.0,1,0,0,STOCKOUT,URGENT,7,132.09,86.77,0.0,0.0,607.39,924.63,
ST19,SKU04008,GreenValley Butter & Ghee 250g,Dairy & Bakery,Butter & Ghee,GreenValley,18.806914285714296,18.806914285714296,0.0,1,0.0,0.0,0.0,0.0,0.0,0.0,1,0,0,STOCKOUT,URGENT,19,284.43,210.31,0.0,0.0,3995.89,5404.17,
ST19,SKU04105,BasicNeeds Men's Grooming 100g,Personal Care,Men's Grooming,BasicNeeds,13.0082,13.0082,0.0,1,0.0,94.0,39.0,0.0,-94.0,-39.0,1,0,0,STOCKOUT,URGENT,94,464.78,266.54,0.0,0.0,25054.760000000002,43689.32,2025-08-09
ST19,SKU04190,NovaFresh Frozen Meat Large,Frozen Foods,Frozen Meat,NovaFresh,8.802133333333336,8.802133333333336,0.0,1,0.0,0.0,0.0,0.0,0.0,0.0,1,0,0,STOCKOUT,URGENT,9,272.17,187.74,0.0,0.0,1689.66,2449.53,
ST19,SKU04214,EverydayPlus Notebooks 100g,Stationery & Office,Notebooks,EverydayPlus,54.50857619047618,54.50857619047618,0.0,1,0.0,0.0,0.0,0.0,0.0,0.0,1,0,0,STOCKOUT,URGENT,55,34.09,27.11,0.0,0.0,1491.05,1874.9500000000003,
ST19,SKU04349,CityFresh Candy Pack of 6,Snacks & Confectionery,Candy,CityFresh,3.1762,3.1762,0.0,1,0.0,0.0,0.0,0.0,0.0,0.0,1,0,0,STOCKOUT,URGENT,4,69.0,39.63,0.0,0.0,158.52,276.0,
ST19,SKU04419,UrbanBite Butter & Ghee 250g,Dairy & Bakery,Butter & Ghee,UrbanBite,5.9944000000000015,5.9944000000000015,0.0,1,0.0,0.0,0.0,0.0,0.0,0.0,1,0,0,STOCKOUT,URGENT,6,61.65,41.35,0.0,0.0,248.10000000000002,369.9,
ST19,SKU04422,SmartBuy Energy Drinks Pack of 6,Beverages,Energy Drinks,SmartBuy,22.812866666666665,22.812866666666665,0.0,1,0.0,0.0,0.0,0.0,0.0,0.0,1,0,0,STOCKOUT,URGENT,23,68.36,50.65,0.0,0.0,1164.95,1572.28,
ST19,SKU04463,NovaFresh Men's Wear 1L,Apparel & Footwear,Men's Wear,NovaFresh,17.318,17.318,0.0,1,0.0,0.0,0.0,0.0,0.0,0.0,1,0,0,STOCKOUT,URGENT,18,1282.18,889.63,0.0,0.0,16013.34,23079.24,
ST19,SKU04514,FamilyChoice Hair Care 1kg,Personal Care,Hair Care,FamilyChoice,9.609766666666667,9.609766666666667,0.0,1,0.0,0.0,0.0,0.0,0.0,0.0,1,0,0,STOCKOUT,URGENT,10,804.2,527.86,0.0,0.0,5278.6,8042.0,
ST19,SKU04865,PureLife OTC Medicine 1kg,Health & Wellness,OTC Medicine,PureLife,17.5263,17.5263,0.0,1,0.0,0.0,0.0,0.0,0.0,0.0,1,0,0,STOCKOUT,URGENT,18,1576.52,1255.93,0.0,0.0,22606.74,28377.36,
ST19,SKU04932,NatureBlend Frozen Vegetables 100g,Frozen Foods,Frozen Vegetables,NatureBlend,11.958333333333336,11.958333333333336,0.0,1,0.0,0.0,0.0,0.0,0.0,0.0,1,0,0,STOCKOUT,URGENT,12,311.93,184.6,0.0,0.0,2215.2,3743.16,
ST19,SKU04938,CityFresh Biscuits & Cookies Pack of 6,Snacks & Confectionery,Biscuits & Cookies,CityFresh,5.115666666666668,5.115666666666668,0.0,1,0.0,0.0,0.0,0.0,0.0,0.0,1,0,0,STOCKOUT,URGENT,6,145.29,85.99,0.0,0.0,515.9399999999999,871.74,
ST20,SKU00101,EliteHome Chips & Crisps 250ml,Snacks & Confectionery,Chips & Crisps,EliteHome,9.32892380952381,9.32892380952381,0.0,1,0.0,0.0,0.0,0.0,0.0,0.0,1,0,0,STOCKOUT,URGENT,10,122.57,87.31,0.0,0.0,873.1,1225.6999999999998,
ST20,SKU00175,MetroBrand Office Supplies Large,Stationery & Office,Office Supplies,MetroBrand,20.93730476190477,20.93730476190477,0.0,1,0.0,0.0,0.0,0.0,0.0,0.0,1,0,0,STOCKOUT,URGENT,21,182.36,117.7,0.0,0.0,2471.7000000000003,3829.5600000000004,
ST20,SKU00193,PremiumSelect First Aid 1kg,Health & Wellness,First Aid,PremiumSelect,22.426728571428573,22.426728571428573,0.0,1,0.0,0.0,0.0,0.0,0.0,0.0,1,0,0,STOCKOUT,URGENT,23,308.55,192.29,0.0,0.0,4422.67,7096.650000000001,
ST20,SKU00195,SparkleClean Cookware Small,Home & Kitchen,Cookware,SparkleClean,3.0541619047619046,3.0541619047619046,0.0,1,0.0,0.0,0.0,0.0,0.0,0.0,1,0,0,STOCKOUT,URGENT,4,1139.65,908.49,0.0,0.0,3633.96,4558.6,
ST20,SKU00260,HomeStyle Spices & Seasoning 500ml,Grocery,Spices & Seasoning,HomeStyle,17.8644,17.8644,0.0,1,0.0,0.0,0.0,0.0,0.0,0.0,1,0,0,STOCKOUT,URGENT,18,139.74,93.49,0.0,0.0,1682.82,2515.32,
ST20,SKU00293,CleanWave Energy Drinks 2L,Beverages,Energy Drinks,CleanWave,7.975019047619047,0.7250017316017315,2.4045587160808948,11,0.0,0.0,0.0,0.0,0.0,0.0,1,0,1,STOCKOUT,URGENT,8,132.02,75.66,0.0,0.0,605.28,1056.16,
ST20,SKU00304,UrbanBite Spices & Seasoning 250g,Grocery,Spices & Seasoning,UrbanBite,8.006333333333334,8.006333333333334,0.0,1,0.0,0.0,0.0,0.0,0.0,0.0,1,0,0,STOCKOUT,URGENT,9,377.93,263.93,0.0,0.0,2375.37,3401.37,
ST20,SKU00433,QuickBite Coffee 100g,Beverages,Coffee,QuickBite,10.0012,10.0012,0.0,1,0.0,0.0,0.0,0.0,0.0,0.0,1,0,0,STOCKOUT,URGENT,11,147.9,100.49,0.0,0.0,1105.3899999999999,1626.9,
ST20,SKU00497,CleanWave Pest Control 500ml,Home Care,Pest Control,CleanWave,5.444552380952381,5.444552380952381,0.0,1,0.0,0.0,0.0,0.0,0.0,0.0,1,0,0,STOCKOUT,URGENT,6,399.27,223.06,0.0,0.0,1338.3600000000001,2395.62,
ST20,SKU00513,GoldenHarvest Sugar & Salt 500ml,Grocery,Sugar & Salt,GoldenHarvest,4.9704,4.9704,0.0,1,0.0,0.0,0.0,0.0,0.0,0.0,1,0,0,STOCKOUT,URGENT,5,234.2,180.87,0.0,0.0,904.35,1171.0,
ST20,SKU00554,TrueTaste Chocolates Medium,Snacks & Confectionery,Chocolates,TrueTaste,10.007733333333334,10.007733333333334,0.0,1,0.0,0.0,0.0,0.0,0.0,0.0,1,0,0,STOCKOUT,URGENT,11,88.32,49.66,0.0,0.0,546.26,971.52,
ST20,SKU00646,ZestyCo Cheese 250g,Dairy & Bakery,Cheese,ZestyCo,9.024666666666668,9.024666666666668,0.0,1,0.0,0.0,0.0,0.0,0.0,0.0,1,0,0,STOCKOUT,URGENT,10,232.5,159.1,0.0,0.0,1591.0,2325.0,
ST20,SKU00647,SoftTouch Office Supplies Small,Stationery & Office,Office Supplies,SoftTouch,9.819466666666669,9.819466666666669,0.0,1,0.0,0.0,0.0,0.0,0.0,0.0,1,0,0,STOCKOUT,URGENT,10,232.47,174.34,0.0,0.0,1743.4,2324.7,
ST20,SKU00747,TrueTaste Frozen Vegetables Large,Frozen Foods,Frozen Vegetables,TrueTaste,12.280438095238097,12.280438095238097,0.0,1,0.0,0.0,0.0,0.0,0.0,0.0,1,0,0,STOCKOUT,URGENT,13,807.23,461.95,0.0,0.0,6005.349999999999,10493.99,
ST20,SKU00862,CleanWave Footwear Pack of 12,Apparel & Footwear,Footwear,CleanWave,10.988666666666669,10.988666666666669,0.0,1,0.0,0.0,0.0,0.0,0.0,0.0,1,0,0,STOCKOUT,URGENT,11,1745.5,961.53,0.0,0.0,10576.83,19200.5,
ST20,SKU00909,FamilyChoice Air Fresheners Medium,Home Care,Air Fresheners,FamilyChoice,2.9893333333333336,2.9893333333333336,0.0,1,0.0,0.0,0.0,0.0,0.0,0.0,1,0,0,STOCKOUT,URGENT,3,403.57,278.89,0.0,0.0,836.67,1210.71,
ST20,SKU00918,CleanWave Vitamins & Supplements 2kg,Health & Wellness,Vitamins & Supplements,CleanWave,1.1090666666666669,1.1090666666666669,0.0,1,0.0,0.0,0.0,0.0,0.0,0.0,1,0,0,STOCKOUT,URGENT,2,1559.59,1225.01,0.0,0.0,2450.02,3119.18,
ST20,SKU00976,GreenValley Cookware 2L,Home & Kitchen,Cookware,GreenValley,19.557847619047624,19.557847619047624,0.0,1,0.0,0.0,0.0,0.0,0.0,0.0,1,0,0,STOCKOUT,URGENT,20,268.42,212.7,0.0,0.0,4254.0,5368.400000000001,
ST20,SKU01065,SunriseFoods Spices & Seasoning Family Pack,Grocery,Spices & Seasoning,SunriseFoods,9.009666666666668,9.009666666666668,0.0,1,0.0,0.0,0.0,0.0,0.0,0.0,1,0,0,STOCKOUT,URGENT,10,104.37,61.91,0.0,0.0,619.0999999999999,1043.7,
ST20,SKU01120,GreenValley Spices & Seasoning 1kg,Grocery,Spices & Seasoning,GreenValley,11.716085714285716,11.716085714285716,0.0,1,0.0,0.0,0.0,0.0,0.0,0.0,1,0,0,STOCKOUT,URGENT,12,213.08,145.42,0.0,0.0,1745.04,2556.96,
ST20,SKU01166,HealthFirst Milk 1kg,Dairy & Bakery,Milk,HealthFirst,16.013066666666667,16.013066666666667,0.0,1,0.0,0.0,0.0,0.0,0.0,0.0,1,0,0,STOCKOUT,URGENT,17,388.66,280.82,0.0,0.0,4773.94,6607.22,
ST20,SKU01352,PurePlus Yogurt 250ml,Dairy & Bakery,Yogurt,PurePlus,4.003333333333333,4.003333333333333,0.0,1,0.0,0.0,0.0,0.0,0.0,0.0,1,0,0,STOCKOUT,URGENT,5,149.83,88.89,0.0,0.0,444.45,749.1500000000001,
ST20,SKU01388,CleanWave Energy Drinks Pack of 12,Beverages,Energy Drinks,CleanWave,21.961755555555555,21.961755555555555,0.0,1,0.0,0.0,0.0,0.0,0.0,0.0,1,0,0,STOCKOUT,URGENT,22,163.36,119.55,0.0,0.0,2630.1,3593.92,
ST20,SKU01717,EliteHome Bottled Water 500ml,Beverages,Bottled Water,EliteHome,4.9850666666666665,4.9850666666666665,0.0,1,0.0,0.0,0.0,0.0,0.0,0.0,1,0,0,STOCKOUT,URGENT,5,289.99,226.29,0.0,0.0,1131.45,1449.95,
ST20,SKU01743,HomeStyle Cookware 250g,Home & Kitchen,Cookware,HomeStyle,0.0,0.0,0.0,1,0.0,0.0,0.0,0.0,0.0,0.0,1,0,0,STOCKOUT,URGENT,0,1398.86,953.78,0.0,0.0,0.0,0.0,
ST20,SKU01761,CrispKing Flour & Atta 1L,Grocery,Flour & Atta,CrispKing,7.616039682539682,7.616039682539682,0.0,1,0.0,0.0,0.0,0.0,0.0,0.0,1,0,0,STOCKOUT,URGENT,8,308.43,206.92,0.0,0.0,1655.36,2467.44,
ST20,SKU01769,ZestyCo Laundry Pack of 12,Home Care,Laundry,ZestyCo,42.54197936507936,42.54197936507936,0.0,1,0.0,0.0,0.0,0.0,0.0,0.0,1,0,0,STOCKOUT,URGENT,43,576.91,402.91,0.0,0.0,17325.13,24807.129999999997,
ST20,SKU01882,PurePlus Namkeen 2L,Snacks & Confectionery,Namkeen,PurePlus,12.026866666666669,12.026866666666669,0.0,1,0.0,0.0,0.0,0.0,0.0,0.0,1,0,0,STOCKOUT,URGENT,13,69.32,53.44,0.0,0.0,694.72,901.1599999999999,
ST20,SKU01918,NovaFresh Cookware Large,Home & Kitchen,Cookware,NovaFresh,3.951266666666666,3.951266666666666,0.0,1,0.0,0.0,0.0,0.0,0.0,0.0,1,0,0,STOCKOUT,URGENT,4,529.69,333.25,0.0,0.0,1333.0,2118.76,
ST20,SKU02282,UrbanBite Ready Meals 100g,Frozen Foods,Ready Meals,UrbanBite,32.395490476190474,32.395490476190474,0.0,1,0.0,0.0,0.0,0.0,0.0,0.0,1,0,0,STOCKOUT,URGENT,33,199.33,156.11,0.0,0.0,5151.63,6577.89,
ST20,SKU02390,NovaFresh Air Fresheners 250g,Home Care,Air Fresheners,NovaFresh,8.034999999999998,8.034999999999998,0.0,1,0.0,0.0,0.0,0.0,0.0,0.0,1,0,0,STOCKOUT,URGENT,9,271.6,178.07,0.0,0.0,1602.6299999999999,2444.4,
ST20,SKU02410,PurePlus OTC Medicine 1kg,Health & Wellness,OTC Medicine,PurePlus,27.40639047619047,27.40639047619047,0.0,1,0.0,0.0,0.0,0.0,0.0,0.0,1,0,0,STOCKOUT,URGENT,28,604.52,463.08,0.0,0.0,12966.24,16926.559999999998,
ST20,SKU02430,FamilyChoice Ice Cream Medium,Frozen Foods,Ice Cream,FamilyChoice,7.014000000000001,7.014000000000001,0.0,1,0.0,0.0,0.0,0.0,0.0,0.0,1,0,0,STOCKOUT,URGENT,8,690.87,514.65,0.0,0.0,4117.2,5526.96,
ST20,SKU02460,SparkleClean Men's Wear Small,Apparel & Footwear,Men's Wear,SparkleClean,16.0422,16.0422,0.0,1,0.0,0.0,0.0,0.0,0.0,0.0,1,0,0,STOCKOUT,URGENT,17,1639.93,1066.64,0.0,0.0,18132.88,27878.81,
ST20,SKU02511,EverydayPlus Air Fresheners 100g,Home Care,Air Fresheners,EverydayPlus,35.39070952380951,35.39070952380951,0.0,1,0.0,0.0,0.0,0.0,0.0,0.0,1,0,0,STOCKOUT,URGENT,36,171.29,130.0,0.0,0.0,4680.0,6166.44,
ST20,SKU02541,FamilyChoice Small Appliances 100g,Electronics & Accessories,Small Appliances,FamilyChoice,6.008266666666668,6.008266666666668,0.0,1,0.0,0.0,0.0,0.0,0.0,0.0,1,0,0,STOCKOUT,URGENT,7,2807.09,1551.99,0.0,0.0,10863.93,19649.63,
ST20,SKU02823,SmartBuy First Aid 1L,Health & Wellness,First Aid,SmartBuy,12.201999999999998,12.201999999999998,0.0,1,0.0,0.0,0.0,0.0,0.0,0.0,1,0,0,STOCKOUT,URGENT,13,596.63,401.72,0.0,0.0,5222.360000000001,7756.19,
ST20,SKU02921,MetroBrand Laundry 250g,Home Care,Laundry,MetroBrand,8.971333333333332,8.971333333333332,0.0,1,0.0,0.0,0.0,0.0,0.0,0.0,1,0,0,STOCKOUT,URGENT,9,319.54,187.85,0.0,0.0,1690.6499999999999,2875.86,
ST20,SKU03140,NutriPlus Chocolates 100g,Snacks & Confectionery,Chocolates,NutriPlus,8.005333333333333,8.005333333333333,0.0,1,0.0,0.0,0.0,0.0,0.0,0.0,1,0,0,STOCKOUT,URGENT,9,119.93,85.94,0.0,0.0,773.46,1079.3700000000001,
ST20,SKU03159,FreshFarm Spices & Seasoning Pack of 12,Grocery,Spices & Seasoning,FreshFarm,17.0682,17.0682,0.0,1,0.0,0.0,0.0,0.0,0.0,0.0,1,0,0,STOCKOUT,URGENT,18,134.99,86.46,0.0,0.0,1556.28,2429.82,
ST20,SKU03283,NutriPlus Chips & Crisps Large,Snacks & Confectionery,Chips & Crisps,NutriPlus,20.07383809523809,20.07383809523809,0.0,1,0.0,0.0,0.0,0.0,0.0,0.0,1,0,0,STOCKOUT,URGENT,21,93.64,52.48,0.0,0.0,1102.08,1966.44,
ST20,SKU03427,SparkleClean First Aid Family Pack,Health & Wellness,First Aid,SparkleClean,5.942476190476191,5.942476190476191,0.0,1,0.0,0.0,0.0,0.0,0.0,0.0,1,0,0,STOCKOUT,URGENT,6,807.12,445.32,0.0,0.0,2671.92,4842.72,
ST20,SKU03681,BasicNeeds Home Decor Small,Home & Kitchen,Home Decor,BasicNeeds,5.944,5.944,0.0,1,0.0,0.0,0.0,0.0,0.0,0.0,1,0,0,STOCKOUT,URGENT,6,581.19,351.34,0.0,0.0,2108.04,3487.1400000000003,
ST20,SKU03996,ZestyCo Milk 500ml,Dairy & Bakery,Milk,ZestyCo,12.841,12.841,0.0,1,0.0,0.0,0.0,0.0,0.0,0.0,1,0,0,STOCKOUT,URGENT,13,304.55,212.72,0.0,0.0,2765.36,3959.15,
ST20,SKU04070,UrbanBite Energy Drinks 250ml,Beverages,Energy Drinks,UrbanBite,10.998,10.998,0.0,1,0.0,0.0,0.0,0.0,0.0,0.0,1,0,0,STOCKOUT,URGENT,11,41.17,27.5,0.0,0.0,302.5,452.87,
ST20,SKU04076,PureLife Namkeen Pack of 6,Snacks & Confectionery,Namkeen,PureLife,14.971942857142858,14.971942857142858,0.0,1,0.0,0.0,0.0,0.0,0.0,0.0,1,0,0,STOCKOUT,URGENT,15,165.54,100.96,0.0,0.0,1514.3999999999999,2483.1,
ST20,SKU04096,NatureBlend Bread Family Pack,Dairy & Bakery,Bread,NatureBlend,3.283428571428572,3.283428571428572,0.0,1,0.0,0.0,0.0,0.0,0.0,0.0,1,0,0,STOCKOUT,URGENT,4,155.65,96.95,0.0,0.0,387.8,622.6,
ST20,SKU04120,ZestyCo Ice Cream Pack of 6,Frozen Foods,Ice Cream,ZestyCo,27.28124285714286,27.28124285714286,0.0,1,0.0,0.0,0.0,0.0,0.0,0.0,1,0,0,STOCKOUT,URGENT,28,185.88,131.54,0.0,0.0,3683.12,5204.639999999999,
ST20,SKU04141,ValueChoice Flour & Atta Small,Grocery,Flour & Atta,ValueChoice,11.998933333333332,11.998933333333332,0.0,1,0.0,0.0,0.0,0.0,0.0,0.0,1,0,0,STOCKOUT,URGENT,12,270.8,178.88,0.0,0.0,2146.56,3249.6000000000004,
ST20,SKU04393,EliteHome Notebooks 2L,Stationery & Office,Notebooks,EliteHome,18.0222,18.0222,0.0,1,0.0,0.0,0.0,0.0,0.0,0.0,1,0,0,STOCKOUT,URGENT,19,206.15,144.48,0.0,0.0,2745.12,3916.85,
ST20,SKU04482,HomeStyle Milk 500g,Dairy & Bakery,Milk,HomeStyle,25.96500634920635,1.527353314659197,4.651171316019999,17,0.0,0.0,0.0,0.0,0.0,0.0,1,0,1,STOCKOUT,URGENT,26,111.71,67.76,0.0,0.0,1761.7600000000002,2904.46,
ST20,SKU04547,ValueChoice Cooking Oil 250ml,Grocery,Cooking Oil,ValueChoice,39.17917460317462,39.17917460317462,0.0,1,0.0,0.0,0.0,0.0,0.0,0.0,1,0,0,STOCKOUT,URGENT,40,343.88,261.43,0.0,0.0,10457.2,13755.2,
ST20,SKU04569,ZestyCo Oral Care 500g,Personal Care,Oral Care,ZestyCo,18.94773333333333,18.94773333333333,0.0,1,0.0,0.0,0.0,0.0,0.0,0.0,1,0,0,STOCKOUT,URGENT,19,558.84,417.44,0.0,0.0,7931.36,10617.960000000001,
ST20,SKU04599,FreshFarm Home Decor Pack of 12,Home & Kitchen,Home Decor,FreshFarm,19.165666666666667,19.165666666666667,0.0,1,0.0,0.0,0.0,0.0,0.0,0.0,1,0,0,STOCKOUT,URGENT,20,1987.33,1527.39,0.0,0.0,30547.800000000003,39746.6,
ST20,SKU04739,SparkleClean Men's Grooming 500ml,Personal Care,Men's Grooming,SparkleClean,30.33345555555556,30.33345555555556,0.0,1,0.0,0.0,0.0,0.0,0.0,0.0,1,0,0,STOCKOUT,URGENT,31,273.32,212.58,0.0,0.0,6589.9800000000005,8472.92,
ST20,SKU04853,EliteHome First Aid 1kg,Health & Wellness,First Aid,EliteHome,17.07700952380952,17.07700952380952,0.0,1,0.0,0.0,0.0,0.0,0.0,0.0,1,0,0,STOCKOUT,URGENT,18,541.65,395.46,0.0,0.0,7118.28,9749.699999999999,
ST20,SKU04938,CityFresh Biscuits & Cookies Pack of 6,Snacks & Confectionery,Biscuits & Cookies,CityFresh,11.1818,11.1818,0.0,1,0.0,0.0,0.0,0.0,0.0,0.0,1,0,0,STOCKOUT,URGENT,12,145.29,85.99,0.0,0.0,1031.8799999999999,1743.48,
ST21,SKU00107,HealthFirst Mobile Accessories Family Pack,Electronics & Accessories,Mobile Accessories,HealthFirst,31.15470000000001,31.15470000000001,0.0,1,0.0,0.0,0.0,0.0,0.0,0.0,1,0,0,STOCKOUT,URGENT,32,2511.78,1778.82,0.0,0.0,56922.24,80376.96,
ST21,SKU00149,HealthFirst Cheese Family Pack,Dairy & Bakery,Cheese,HealthFirst,16.031333333333333,16.031333333333333,0.0,1,0.0,0.0,0.0,0.0,0.0,0.0,1,0,0,STOCKOUT,URGENT,17,149.69,86.21,0.0,0.0,1465.57,2544.73,
ST21,SKU00204,HomeStyle Surface Cleaners 1kg,Home Care,Surface Cleaners,HomeStyle,11.054,11.054,0.0,1,0.0,0.0,0.0,0.0,0.0,0.0,1,0,0,STOCKOUT,URGENT,12,613.21,391.19,0.0,0.0,4694.28,7358.52,
ST21,SKU00307,CleanWave Soft Drinks Large,Beverages,Soft Drinks,CleanWave,12.935466666666668,12.935466666666668,0.0,1,0.0,0.0,0.0,0.0,0.0,0.0,1,0,0,STOCKOUT,URGENT,13,209.82,117.27,0.0,0.0,1524.51,2727.66,
ST21,SKU00314,SmartBuy Dishwashing 500ml,Home Care,Dishwashing,SmartBuy,9.995333333333331,9.995333333333331,0.0,1,0.0,0.0,0.0,0.0,0.0,0.0,1,0,0,STOCKOUT,URGENT,10,407.17,272.86,0.0,0.0,2728.6000000000004,4071.7000000000003,
ST21,SKU00396,BasicNeeds Sugar & Salt 250g,Grocery,Sugar & Salt,BasicNeeds,17.010466666666666,17.010466666666666,0.0,1,0.0,0.0,0.0,0.0,0.0,0.0,1,0,0,STOCKOUT,URGENT,18,394.96,269.2,0.0,0.0,4845.599999999999,7109.28,
ST21,SKU00435,ValueChoice Oral Care Medium,Personal Care,Oral Care,ValueChoice,19.080266666666667,19.080266666666667,0.0,1,0.0,0.0,0.0,0.0,0.0,0.0,1,0,0,STOCKOUT,URGENT,20,384.45,259.41,0.0,0.0,5188.200000000001,7689.0,
ST21,SKU00719,SoftTouch Pest Control 1kg,Home Care,Pest Control,SoftTouch,23.8398507936508,23.8398507936508,0.0,1,0.0,0.0,0.0,0.0,0.0,0.0,1,0,0,STOCKOUT,URGENT,24,238.41,187.57,0.0,0.0,4501.68,5721.84,
ST21,SKU00748,ValueChoice Sugar & Salt 2kg,Grocery,Sugar & Salt,ValueChoice,14.58112857142857,14.58112857142857,0.0,1,0.0,0.0,0.0,0.0,0.0,0.0,1,0,0,STOCKOUT,URGENT,15,438.67,265.93,0.0,0.0,3988.9500000000003,6580.05,
ST21,SKU00867,FamilyChoice Hair Care 500ml,Personal Care,Hair Care,FamilyChoice,4.0176,4.0176,0.0,1,0.0,0.0,0.0,0.0,0.0,0.0,1,0,0,STOCKOUT,URGENT,5,192.87,118.29,0.0,0.0,591.45,964.35,
ST21,SKU01124,GoldenHarvest Small Appliances 2L,Electronics & Accessories,Small Appliances,GoldenHarvest,13.004733333333334,13.004733333333334,0.0,1,0.0,0.0,0.0,0.0,0.0,0.0,1,0,0,STOCKOUT,URGENT,14,1664.53,1212.19,0.0,0.0,16970.66,23303.42,
ST21,SKU01141,BasicNeeds Chocolates Pack of 6,Snacks & Confectionery,Chocolates,BasicNeeds,10.2244,10.2244,0.0,1,0.0,0.0,0.0,0.0,0.0,0.0,1,0,0,STOCKOUT,URGENT,11,110.22,86.81,0.0,0.0,954.9100000000001,1212.42,
ST21,SKU01162,CrispKing Hair Care Family Pack,Personal Care,Hair Care,CrispKing,2.9816634920634923,2.9816634920634923,0.0,1,0.0,0.0,0.0,0.0,0.0,0.0,1,0,0,STOCKOUT,URGENT,3,154.8,85.18,0.0,0.0,255.54000000000002,464.40000000000003,
ST21,SKU01304,QuickBite Namkeen Pack of 12,Snacks & Confectionery,Namkeen,QuickBite,1.0726666666666664,1.0726666666666664,0.0,1,0.0,0.0,0.0,0.0,0.0,0.0,1,0,0,STOCKOUT,URGENT,2,76.18,48.4,0.0,0.0,96.8,152.36,
ST21,SKU01308,SmartBuy Air Fresheners Family Pack,Home Care,Air Fresheners,SmartBuy,24.056419047619045,24.056419047619045,0.0,1,0.0,0.0,0.0,0.0,0.0,0.0,1,0,0,STOCKOUT,URGENT,25,105.47,71.35,0.0,0.0,1783.7499999999998,2636.75,
ST21,SKU01468,PurePlus Ice Cream 250ml,Frozen Foods,Ice Cream,PurePlus,6.039933333333335,6.039933333333335,0.0,1,0.0,0.0,0.0,0.0,0.0,0.0,1,0,0,STOCKOUT,URGENT,7,645.85,484.21,0.0,0.0,3389.47,4520.95,
ST21,SKU01525,FamilyChoice Batteries 250ml,Electronics & Accessories,Batteries,FamilyChoice,8.128633333333335,8.128633333333335,0.0,1,0.0,0.0,0.0,0.0,0.0,0.0,1,0,0,STOCKOUT,URGENT,9,1885.36,1293.63,0.0,0.0,11642.670000000002,16968.239999999998,
ST21,SKU01712,CityFresh Bread 100g,Dairy & Bakery,Bread,CityFresh,8.012666666666666,8.012666666666666,0.0,1,0.0,0.0,0.0,0.0,0.0,0.0,1,0,0,STOCKOUT,URGENT,9,264.48,163.74,0.0,0.0,1473.66,2380.32,
ST21,SKU01845,NatureBlend Kids Wear 500g,Apparel & Footwear,Kids Wear,NatureBlend,9.9744,9.9744,0.0,1,0.0,0.0,0.0,0.0,0.0,0.0,1,0,0,STOCKOUT,URGENT,10,626.06,484.53,0.0,0.0,4845.299999999999,6260.599999999999,
ST21,SKU01961,CleanWave Milk Medium,Dairy & Bakery,Milk,CleanWave,10.996,10.996,0.0,1,0.0,0.0,0.0,0.0,0.0,0.0,1,0,0,STOCKOUT,URGENT,11,250.71,154.71,0.0,0.0,1701.8100000000002,2757.81,
ST21,SKU02047,NovaFresh Cheese Pack of 6,Dairy & Bakery,Cheese,NovaFresh,8.79797619047619,8.79797619047619,0.0,1,0.0,0.0,0.0,0.0,0.0,0.0,1,0,0,STOCKOUT,URGENT,9,319.7,218.63,0.0,0.0,1967.67,2877.2999999999997,
ST21,SKU02411,SoftTouch Ice Cream 2kg,Frozen Foods,Ice Cream,SoftTouch,32.78181904761904,32.78181904761904,0.0,1,0.0,0.0,0.0,0.0,0.0,0.0,1,0,0,STOCKOUT,URGENT,33,522.82,308.75,0.0,0.0,10188.75,17253.06,
ST21,SKU02571,ValueChoice Vitamins & Supplements 2L,Health & Wellness,Vitamins & Supplements,ValueChoice,10.920799999999998,0.404474074074074,2.1017089399220215,27,0.0,0.0,0.0,0.0,0.0,0.0,1,0,1,STOCKOUT,URGENT,11,1189.94,788.4,0.0,0.0,8672.4,13089.34,
ST21,SKU02615,CleanWave Chocolates Medium,Snacks & Confectionery,Chocolates,CleanWave,17.42994761904762,17.42994761904762,0.0,1,0.0,0.0,0.0,0.0,0.0,0.0,1,0,0,STOCKOUT,URGENT,18,118.71,80.79,0.0,0.0,1454.22,2136.7799999999997,
ST21,SKU02665,GreenValley Chocolates 250g,Snacks & Confectionery,Chocolates,GreenValley,7.007,7.007,0.0,1,0.0,0.0,0.0,0.0,0.0,0.0,1,0,0,STOCKOUT,URGENT,8,142.5,100.85,0.0,0.0,806.8,1140.0,
ST21,SKU02729,GoldenHarvest Home Decor 2kg,Home & Kitchen,Home Decor,GoldenHarvest,6.174733333333332,6.174733333333332,0.0,1,0.0,0.0,0.0,0.0,0.0,0.0,1,0,0,STOCKOUT,URGENT,7,883.5,595.13,0.0,0.0,4165.91,6184.5,
ST21,SKU03067,ValueChoice Flour & Atta 2kg,Grocery,Flour & Atta,ValueChoice,9.003066666666667,9.003066666666667,0.0,1,0.0,0.0,0.0,0.0,0.0,0.0,1,0,0,STOCKOUT,URGENT,10,102.08,58.98,0.0,0.0,589.8,1020.8,
ST21,SKU03081,SparkleClean Cookware 500ml,Home & Kitchen,Cookware,SparkleClean,14.000066666666664,14.000066666666664,0.0,1,0.0,0.0,0.0,0.0,0.0,0.0,1,0,0,STOCKOUT,URGENT,15,1594.44,1239.51,0.0,0.0,18592.65,23916.600000000002,
ST21,SKU03156,PureLife Butter & Ghee 1L,Dairy & Bakery,Butter & Ghee,PureLife,12.016,12.016,0.0,1,0.0,0.0,0.0,0.0,0.0,0.0,1,0,0,STOCKOUT,URGENT,13,200.11,131.93,0.0,0.0,1715.0900000000001,2601.4300000000003,
ST21,SKU03479,SparkleClean Cookware Small,Home & Kitchen,Cookware,SparkleClean,6.021600000000001,6.021600000000001,0.0,1,0.0,0.0,0.0,0.0,0.0,0.0,1,0,0,STOCKOUT,URGENT,7,1227.13,793.02,0.0,0.0,5551.139999999999,8589.91,
ST21,SKU03841,UrbanBite Men's Wear 500g,Apparel & Footwear,Men's Wear,UrbanBite,20.05946666666668,20.05946666666668,0.0,1,0.0,0.0,0.0,0.0,0.0,0.0,1,0,0,STOCKOUT,URGENT,21,989.04,750.28,0.0,0.0,15755.88,20769.84,
ST21,SKU03869,EliteHome Chips & Crisps 250g,Snacks & Confectionery,Chips & Crisps,EliteHome,5.944980952380951,5.944980952380951,0.0,1,0.0,0.0,0.0,0.0,0.0,0.0,1,0,0,STOCKOUT,URGENT,6,109.56,73.46,0.0,0.0,440.76,657.36,
ST21,SKU04313,DailyBest First Aid 500g,Health & Wellness,First Aid,DailyBest,15.861799999999995,15.861799999999995,0.0,1,0.0,0.0,0.0,0.0,0.0,0.0,1,0,0,STOCKOUT,URGENT,16,644.69,485.22,0.0,0.0,7763.52,10315.04,
ST21,SKU04356,PremiumSelect Hair Care 2kg,Personal Care,Hair Care,PremiumSelect,29.93235079365079,1.1086055849500294,5.760483596064198,27,0.0,0.0,0.0,0.0,0.0,0.0,1,0,1,STOCKOUT,URGENT,30,785.48,462.08,0.0,0.0,13862.4,23564.4,
ST21,SKU04378,NovaFresh Tea 2kg,Beverages,Tea,NovaFresh,9.802711111111114,9.802711111111114,0.0,1,0.0,0.0,0.0,0.0,0.0,0.0,1,0,0,STOCKOUT,URGENT,10,224.62,167.64,0.0,0.0,1676.3999999999999,2246.2,
ST21,SKU04410,TrueTaste First Aid Medium,Health & Wellness,First Aid,TrueTaste,7.042666666666666,7.042666666666666,0.0,1,0.0,0.0,0.0,0.0,0.0,0.0,1,0,0,STOCKOUT,URGENT,8,1439.57,857.8,0.0,0.0,6862.4,11516.56,
ST21,SKU04508,FreshFarm Ready Meals 500ml,Frozen Foods,Ready Meals,FreshFarm,14.883666666666668,14.883666666666668,0.0,1,0.0,0.0,0.0,0.0,0.0,0.0,1,0,0,STOCKOUT,URGENT,15,375.55,236.38,0.0,0.0,3545.7,5633.25,
ST21,SKU04513,DailyBest Soft Drinks 500g,Beverages,Soft Drinks,DailyBest,12.011866666666666,12.011866666666666,0.0,1,0.0,0.0,0.0,0.0,0.0,0.0,1,0,0,STOCKOUT,URGENT,13,129.12,94.35,0.0,0.0,1226.55,1678.56,
ST21,SKU04634,NovaFresh Women's Wear 1L,Apparel & Footwear,Women's Wear,NovaFresh,19.421666666666663,19.421666666666663,0.0,1,0.0,0.0,0.0,0.0,0.0,0.0,1,0,0,STOCKOUT,URGENT,20,973.21,566.16,0.0,0.0,11323.199999999999,19464.2,
ST21,SKU04710,SmartBuy Women's Wear 1L,Apparel & Footwear,Women's Wear,SmartBuy,11.0102,11.0102,0.0,1,0.0,21.0,7.0,0.0,-21.0,-7.0,1,0,0,STOCKOUT,URGENT,21,1632.84,1089.13,0.0,0.0,22871.730000000003,34289.64,2025-08-17
ST21,SKU04769,CleanWave Home Decor 250g,Home & Kitchen,Home Decor,CleanWave,1.470980952380952,1.470980952380952,0.0,1,0.0,0.0,0.0,0.0,0.0,0.0,1,0,0,STOCKOUT,URGENT,2,2064.58,1592.82,0.0,0.0,3185.64,4129.16,
ST22,SKU00244,EverydayPlus OTC Medicine 2kg,Health & Wellness,OTC Medicine,EverydayPlus,9.011666666666668,9.011666666666668,0.0,1,0.0,0.0,0.0,0.0,0.0,0.0,1,0,0,STOCKOUT,URGENT,10,750.15,591.29,0.0,0.0,5912.9,7501.5,
ST22,SKU00258,EverydayPlus Coffee Pack of 6,Beverages,Coffee,EverydayPlus,16.31073333333333,16.31073333333333,0.0,1,0.0,0.0,0.0,0.0,0.0,0.0,1,0,0,STOCKOUT,URGENT,17,91.98,63.48,0.0,0.0,1079.1599999999999,1563.66,
ST22,SKU00277,TrueTaste Home Decor 1kg,Home & Kitchen,Home Decor,TrueTaste,10.0204,10.0204,0.0,1,0.0,0.0,0.0,0.0,0.0,0.0,1,0,0,STOCKOUT,URGENT,11,585.64,392.95,0.0,0.0,4322.45,6442.04,
ST22,SKU00326,GreenValley Kids Wear 500ml,Apparel & Footwear,Kids Wear,GreenValley,9.879666666666669,9.879666666666669,0.0,1,0.0,0.0,0.0,0.0,0.0,0.0,1,0,0,STOCKOUT,URGENT,10,1341.29,805.15,0.0,0.0,8051.5,13412.9,
ST22,SKU00508,EverydayPlus OTC Medicine Medium,Health & Wellness,OTC Medicine,EverydayPlus,14.864825396825394,14.864825396825394,0.0,1,0.0,0.0,0.0,0.0,0.0,0.0,1,0,0,STOCKOUT,URGENT,15,567.86,343.68,0.0,0.0,5155.2,8517.9,
ST22,SKU00757,FamilyChoice Oral Care 100g,Personal Care,Oral Care,FamilyChoice,16.784200000000006,16.784200000000006,0.0,1,0.0,0.0,0.0,0.0,0.0,0.0,1,0,0,STOCKOUT,URGENT,17,196.4,139.16,0.0,0.0,2365.72,3338.8,
ST22,SKU01328,SmartBuy Hair Care Pack of 12,Personal Care,Hair Care,SmartBuy,33.06136190476191,33.06136190476191,0.0,1,0.0,0.0,0.0,0.0,0.0,0.0,1,0,0,STOCKOUT,URGENT,34,433.14,303.26,0.0,0.0,10310.84,14726.76,
ST22,SKU01630,DailyBest Mobile Accessories 2L,Electronics & Accessories,Mobile Accessories,DailyBest,3.656261904761905,3.656261904761905,0.0,1,0.0,0.0,0.0,0.0,0.0,0.0,1,0,0,STOCKOUT,URGENT,4,1994.81,1273.03,0.0,0.0,5092.12,7979.24,
ST22,SKU01852,EverydayPlus Cooking Oil 100g,Grocery,Cooking Oil,EverydayPlus,19.753833333333336,19.753833333333336,0.0,1,0.0,0.0,0.0,0.0,0.0,0.0,1,0,0,STOCKOUT,URGENT,20,142.19,112.36,0.0,0.0,2247.2,2843.8,
ST22,SKU01944,SoftTouch Chocolates Small,Snacks & Confectionery,Chocolates,SoftTouch,24.89433333333333,0.803043010752688,4.471154257088543,31,0.0,0.0,0.0,0.0,0.0,0.0,1,0,1,STOCKOUT,URGENT,25,36.52,21.13,0.0,0.0,528.25,913.0000000000001,
ST22,SKU02157,NatureBlend Bread 500ml,Dairy & Bakery,Bread,NatureBlend,26.57046666666667,26.57046666666667,0.0,1,0.0,0.0,0.0,0.0,0.0,0.0,1,0,0,STOCKOUT,URGENT,27,182.04,106.66,0.0,0.0,2879.8199999999997,4915.08,
ST22,SKU02192,CityFresh Hair Care 250g,Personal Care,Hair Care,CityFresh,26.13566349206348,26.13566349206348,0.0,1,0.0,0.0,0.0,0.0,0.0,0.0,1,0,0,STOCKOUT,URGENT,27,616.15,402.33,0.0,0.0,10862.91,16636.05,
ST22,SKU02383,HomeStyle Office Supplies 250g,Stationery & Office,Office Supplies,HomeStyle,24.89171587301588,24.89171587301588,0.0,1,0.0,0.0,0.0,0.0,0.0,0.0,1,0,0,STOCKOUT,URGENT,25,328.02,196.71,0.0,0.0,4917.75,8200.5,
ST22,SKU02450,NatureBlend Hair Care 500ml,Personal Care,Hair Care,NatureBlend,8.0,0.22857142857142856,1.3522468075656264,35,0.0,0.0,0.0,0.0,0.0,0.0,1,0,1,STOCKOUT,URGENT,8,252.84,165.92,0.0,0.0,1327.36,2022.72,
ST22,SKU02542,QuickBite First Aid 2L,Health & Wellness,First Aid,QuickBite,12.97,12.97,0.0,1,0.0,0.0,0.0,0.0,0.0,0.0,1,0,0,STOCKOUT,URGENT,13,327.24,203.76,0.0,0.0,2648.88,4254.12,
ST22,SKU02609,BasicNeeds Men's Grooming 250ml,Personal Care,Men's Grooming,BasicNeeds,31.93764126984127,31.93764126984127,0.0,1,0.0,0.0,0.0,0.0,0.0,0.0,1,0,0,STOCKOUT,URGENT,32,391.85,256.26,0.0,0.0,8200.32,12539.2,
ST22,SKU02618,TrueTaste Writing Instruments 100g,Stationery & Office,Writing Instruments,TrueTaste,21.074014285714284,21.074014285714284,0.0,1,0.0,0.0,0.0,0.0,0.0,0.0,1,0,0,STOCKOUT,URGENT,22,245.99,135.73,0.0,0.0,2986.06,5411.780000000001,
ST22,SKU02766,SparkleClean Pest Control Pack of 6,Home Care,Pest Control,SparkleClean,3.0116666666666667,3.0116666666666667,0.0,1,0.0,0.0,0.0,0.0,0.0,0.0,1,0,0,STOCKOUT,URGENT,4,225.53,145.77,0.0,0.0,583.08,902.12,
ST22,SKU02869,FamilyChoice Vitamins & Supplements Pack of 6,Health & Wellness,Vitamins & Supplements,FamilyChoice,43.151637662337656,43.151637662337656,0.0,1,0.0,0.0,0.0,0.0,0.0,0.0,1,0,0,STOCKOUT,URGENT,44,1023.67,650.37,0.0,0.0,28616.28,45041.479999999996,
ST22,SKU03047,PrimeCare Biscuits & Cookies 500g,Snacks & Confectionery,Biscuits & Cookies,PrimeCare,37.771890476190464,37.771890476190464,0.0,1,0.0,0.0,0.0,0.0,0.0,0.0,1,0,0,STOCKOUT,URGENT,38,196.79,145.99,0.0,0.0,5547.620000000001,7478.0199999999995,
ST22,SKU03055,CityFresh Butter & Ghee 500g,Dairy & Bakery,Butter & Ghee,CityFresh,8.042,0.2062051282051282,1.2877506129005107,39,0.0,0.0,0.0,0.0,0.0,0.0,1,0,1,STOCKOUT,URGENT,9,130.59,102.42,0.0,0.0,921.78,1175.31,
ST22,SKU03065,GreenValley Frozen Vegetables 1L,Frozen Foods,Frozen Vegetables,GreenValley,1.088,1.088,0.0,1,0.0,0.0,0.0,0.0,0.0,0.0,1,0,0,STOCKOUT,URGENT,2,209.91,145.54,0.0,0.0,291.08,419.82,
ST22,SKU03244,CleanWave Chips & Crisps 2L,Snacks & Confectionery,Chips & Crisps,CleanWave,8.013333333333334,8.013333333333334,0.0,1,0.0,0.0,0.0,0.0,0.0,0.0,1,0,0,STOCKOUT,URGENT,9,116.8,92.8,0.0,0.0,835.1999999999999,1051.2,
ST22,SKU03301,NovaFresh Surface Cleaners Family Pack,Home Care,Surface Cleaners,NovaFresh,13.933333333333334,13.933333333333334,0.0,1,0.0,0.0,0.0,0.0,0.0,0.0,1,0,0,STOCKOUT,URGENT,14,296.26,216.58,0.0,0.0,3032.1200000000003,4147.639999999999,
ST22,SKU03476,CleanWave Mobile Accessories 1kg,Electronics & Accessories,Mobile Accessories,CleanWave,4.994,4.994,0.0,1,0.0,23.0,9.0,0.0,-23.0,-9.0,1,0,0,STOCKOUT,URGENT,23,681.44,443.56,0.0,0.0,10201.88,15673.12,2025-10-05
ST22,SKU03511,TrueTaste Ready Meals 100g,Frozen Foods,Ready Meals,TrueTaste,10.048333333333334,10.048333333333334,0.0,1,0.0,0.0,0.0,0.0,0.0,0.0,1,0,0,STOCKOUT,URGENT,11,709.78,420.9,0.0,0.0,4629.9,7807.58,
ST22,SKU03536,SparkleClean Tea Medium,Beverages,Tea,SparkleClean,23.97742857142857,23.97742857142857,0.0,1,0.0,0.0,0.0,0.0,0.0,0.0,1,0,0,STOCKOUT,URGENT,24,127.11,77.38,0.0,0.0,1857.12,3050.64,
ST22,SKU03845,MetroBrand Frozen Vegetables Pack of 6,Frozen Foods,Frozen Vegetables,MetroBrand,1.0,1.0,0.0,1,0.0,0.0,0.0,0.0,0.0,0.0,1,0,0,STOCKOUT,URGENT,1,622.07,452.79,0.0,0.0,452.79,622.07,
ST22,SKU03894,CityFresh Bottled Water Pack of 6,Beverages,Bottled Water,CityFresh,3.916,3.916,0.0,1,0.0,0.0,0.0,0.0,0.0,0.0,1,0,0,STOCKOUT,URGENT,4,88.51,56.99,0.0,0.0,227.96,354.04,
ST22,SKU03911,BasicNeeds Coffee 250ml,Beverages,Coffee,BasicNeeds,9.016,9.016,0.0,1,0.0,0.0,0.0,0.0,0.0,0.0,1,0,0,STOCKOUT,URGENT,10,89.02,64.34,0.0,0.0,643.4000000000001,890.1999999999999,
ST22,SKU04013,GoldenHarvest Ice Cream 1kg,Frozen Foods,Ice Cream,GoldenHarvest,13.016523809523813,13.016523809523813,0.0,1,0.0,0.0,0.0,0.0,0.0,0.0,1,0,0,STOCKOUT,URGENT,14,447.28,346.14,0.0,0.0,4845.96,6261.92,
ST22,SKU04287,SmartBuy Vitamins & Supplements Pack of 6,Health & Wellness,Vitamins & Supplements,SmartBuy,21.312161904761897,21.312161904761897,0.0,1,0.0,0.0,0.0,0.0,0.0,0.0,1,0,0,STOCKOUT,URGENT,22,857.39,483.15,0.0,0.0,10629.3,18862.579999999998,
ST22,SKU04463,NovaFresh Men's Wear 1L,Apparel & Footwear,Men's Wear,NovaFresh,18.0344,18.0344,0.0,1,0.0,0.0,0.0,0.0,0.0,0.0,1,0,0,STOCKOUT,URGENT,19,1282.18,889.63,0.0,0.0,16902.97,24361.420000000002,
ST22,SKU04635,GreenValley Storage & Containers 100g,Home & Kitchen,Storage & Containers,GreenValley,11.9486,11.9486,0.0,1,0.0,0.0,0.0,0.0,0.0,0.0,1,0,0,STOCKOUT,URGENT,12,687.51,433.15,0.0,0.0,5197.799999999999,8250.119999999999,
ST22,SKU04683,EverydayPlus Hair Care 250ml,Personal Care,Hair Care,EverydayPlus,3.155733333333333,3.155733333333333,0.0,1,0.0,0.0,0.0,0.0,0.0,0.0,1,0,0,STOCKOUT,URGENT,4,481.63,313.99,0.0,0.0,1255.96,1926.52,
ST22,SKU04823,SoftTouch Storage & Containers Pack of 6,Home & Kitchen,Storage & Containers,SoftTouch,2.031333333333333,2.031333333333333,0.0,1,0.0,0.0,0.0,0.0,0.0,0.0,1,0,0,STOCKOUT,URGENT,3,1018.52,806.27,0.0,0.0,2418.81,3055.56,
ST22,SKU04829,GreenValley Notebooks 2L,Stationery & Office,Notebooks,GreenValley,9.002,9.002,0.0,1,0.0,0.0,0.0,0.0,0.0,0.0,1,0,0,STOCKOUT,URGENT,10,159.42,120.95,0.0,0.0,1209.5,1594.1999999999998,
ST22,SKU04911,PureLife Frozen Vegetables 2L,Frozen Foods,Frozen Vegetables,PureLife,4.000333333333334,4.000333333333334,0.0,1,0.0,0.0,0.0,0.0,0.0,0.0,1,0,0,STOCKOUT,URGENT,5,524.33,319.77,0.0,0.0,1598.85,2621.65,
ST22,SKU04920,CleanWave Writing Instruments Family Pack,Stationery & Office,Writing Instruments,CleanWave,0.0052,0.0052,0.0,1,0.0,0.0,0.0,0.0,0.0,0.0,1,0,0,STOCKOUT,URGENT,1,31.96,21.2,0.0,0.0,21.2,31.96,
ST23,SKU00178,PrimeCare Pulses & Lentils Family Pack,Grocery,Pulses & Lentils,PrimeCare,12.928666666666668,12.928666666666668,0.0,1,0.0,0.0,0.0,0.0,0.0,0.0,1,0,0,STOCKOUT,URGENT,13,527.32,350.05,0.0,0.0,4550.650000000001,6855.160000000001,
ST23,SKU00203,GoldenHarvest Milk 2kg,Dairy & Bakery,Milk,GoldenHarvest,9.88252380952381,9.88252380952381,0.0,1,0.0,0.0,0.0,0.0,0.0,0.0,1,0,0,STOCKOUT,URGENT,10,181.68,106.33,0.0,0.0,1063.3,1816.8000000000002,
ST23,SKU00292,GreenValley Bread 500g,Dairy & Bakery,Bread,GreenValley,16.904,16.904,0.0,1,0.0,0.0,0.0,0.0,0.0,0.0,1,0,0,STOCKOUT,URGENT,17,210.98,119.39,0.0,0.0,2029.63,3586.66,
ST23,SKU00300,SunriseFoods Cheese Medium,Dairy & Bakery,Cheese,SunriseFoods,13.638333333333334,13.638333333333334,0.0,1,0.0,0.0,0.0,0.0,0.0,0.0,1,0,0,STOCKOUT,URGENT,14,100.55,66.52,0.0,0.0,931.28,1407.7,
ST23,SKU00583,GoldenHarvest Office Supplies 2kg,Stationery & Office,Office Supplies,GoldenHarvest,11.0254,11.0254,0.0,1,0.0,0.0,0.0,0.0,0.0,0.0,1,0,0,STOCKOUT,URGENT,12,249.78,138.42,0.0,0.0,1661.04,2997.36,
ST23,SKU00633,EverydayPlus Energy Drinks 500ml,Beverages,Energy Drinks,EverydayPlus,32.91418412698412,32.91418412698412,0.0,1,0.0,0.0,0.0,0.0,0.0,0.0,1,0,0,STOCKOUT,URGENT,33,189.01,106.51,0.0,0.0,3514.8300000000004,6237.33,
ST23,SKU00634,SoftTouch Energy Drinks Large,Beverages,Energy Drinks,SoftTouch,3.978,3.978,0.0,1,0.0,0.0,0.0,0.0,0.0,0.0,1,0,0,STOCKOUT,URGENT,4,64.42,44.21,0.0,0.0,176.84,257.68,
ST23,SKU00669,MetroBrand First Aid 500g,Health & Wellness,First Aid,MetroBrand,29.288155555555555,29.288155555555555,0.0,1,0.0,0.0,0.0,0.0,0.0,0.0,1,0,0,STOCKOUT,URGENT,30,631.77,427.05,0.0,0.0,12811.5,18953.1,
ST23,SKU00726,CrispKing Frozen Vegetables 1kg,Frozen Foods,Frozen Vegetables,CrispKing,6.004,6.004,0.0,1,0.0,0.0,0.0,0.0,0.0,0.0,1,0,0,STOCKOUT,URGENT,7,974.67,538.72,0.0,0.0,3771.04,6822.69,
ST23,SKU00793,QuickBite Cookware 1kg,Home & Kitchen,Cookware,QuickBite,4.004,4.004,0.0,1,0.0,0.0,0.0,0.0,0.0,0.0,1,0,0,STOCKOUT,URGENT,5,1050.17,742.55,0.0,0.0,3712.75,5250.85,
ST23,SKU00820,FamilyChoice Rice & Grains Small,Grocery,Rice & Grains,FamilyChoice,4.836666666666667,4.836666666666667,0.0,1,0.0,0.0,0.0,0.0,0.0,0.0,1,0,0,STOCKOUT,URGENT,5,487.11,294.5,0.0,0.0,1472.5,2435.55,
ST23,SKU00830,TrueTaste Ice Cream Medium,Frozen Foods,Ice Cream,TrueTaste,40.45168686868686,40.45168686868686,0.0,1,0.0,48.0,19.0,0.0,-48.0,-19.0,1,0,0,STOCKOUT,URGENT,48,290.01,208.06,0.0,0.0,9986.880000000001,13920.48,2025-08-10
ST23,SKU00901,PremiumSelect Frozen Meat Small,Frozen Foods,Frozen Meat,PremiumSelect,40.761167821067815,40.761167821067815,0.0,1,0.0,0.0,0.0,0.0,0.0,0.0,1,0,0,STOCKOUT,URGENT,41,653.7,476.21,0.0,0.0,19524.61,26801.7,
ST23,SKU00905,UrbanBite Sugar & Salt Large,Grocery,Sugar & Salt,UrbanBite,14.029087445887445,14.029087445887445,0.0,1,0.0,0.0,0.0,0.0,0.0,0.0,1,0,0,STOCKOUT,URGENT,15,247.57,142.05,0.0,0.0,2130.75,3713.5499999999997,
ST23,SKU00922,TrueTaste Namkeen Medium,Snacks & Confectionery,Namkeen,TrueTaste,18.312,18.312,0.0,1,0.0,0.0,0.0,0.0,0.0,0.0,1,0,0,STOCKOUT,URGENT,19,60.32,35.63,0.0,0.0,676.97,1146.08,
ST23,SKU00989,EliteHome Mobile Accessories 1kg,Electronics & Accessories,Mobile Accessories,EliteHome,4.99,4.99,0.0,1,0.0,0.0,0.0,0.0,0.0,0.0,1,0,0,STOCKOUT,URGENT,5,1774.79,1263.54,0.0,0.0,6317.7,8873.95,
ST23,SKU01029,NatureBlend Eggs 1kg,Dairy & Bakery,Eggs,NatureBlend,10.046733333333332,10.046733333333332,0.0,1,0.0,0.0,0.0,0.0,0.0,0.0,1,0,0,STOCKOUT,URGENT,11,90.75,53.11,0.0,0.0,584.21,998.25,
ST23,SKU01255,PremiumSelect Candy Medium,Snacks & Confectionery,Candy,PremiumSelect,5.077733333333335,5.077733333333335,0.0,1,0.0,0.0,0.0,0.0,0.0,0.0,1,0,0,STOCKOUT,URGENT,6,182.77,123.6,0.0,0.0,741.5999999999999,1096.6200000000001,
ST23,SKU01311,UrbanBite Men's Wear 500g,Apparel & Footwear,Men's Wear,UrbanBite,9.010666666666664,9.010666666666664,0.0,1,0.0,0.0,0.0,0.0,0.0,0.0,1,0,0,STOCKOUT,URGENT,10,889.85,504.56,0.0,0.0,5045.6,8898.5,
ST23,SKU01395,PremiumSelect Chips & Crisps 2kg,Snacks & Confectionery,Chips & Crisps,PremiumSelect,18.099490476190475,18.099490476190475,0.0,1,0.0,0.0,0.0,0.0,0.0,0.0,1,0,0,STOCKOUT,URGENT,19,122.37,86.92,0.0,0.0,1651.48,2325.03,
ST23,SKU01397,CityFresh Small Appliances Pack of 12,Electronics & Accessories,Small Appliances,CityFresh,17.895557142857143,17.895557142857143,0.0,1,0.0,0.0,0.0,0.0,0.0,0.0,1,0,0,STOCKOUT,URGENT,18,4181.58,2480.4,0.0,0.0,44647.200000000004,75268.44,
ST23,SKU01797,SunriseFoods Bottled Water Small,Beverages,Bottled Water,SunriseFoods,17.856733333333334,17.856733333333334,0.0,1,0.0,0.0,0.0,0.0,0.0,0.0,1,0,0,STOCKOUT,URGENT,18,74.29,56.41,0.0,0.0,1015.3799999999999,1337.22,
ST23,SKU02003,SparkleClean Cookware Pack of 12,Home & Kitchen,Cookware,SparkleClean,16.963966666666668,16.963966666666668,0.0,1,0.0,0.0,0.0,0.0,0.0,0.0,1,0,0,STOCKOUT,URGENT,17,607.33,391.33,0.0,0.0,6652.61,10324.61,
ST23,SKU02278,EliteHome Bath & Body Pack of 12,Personal Care,Bath & Body,EliteHome,17.440828571428575,17.440828571428575,0.0,1,0.0,0.0,0.0,0.0,0.0,0.0,1,0,0,STOCKOUT,URGENT,18,531.96,420.13,0.0,0.0,7562.34,9575.28,
ST23,SKU02417,EverydayPlus Women's Wear 500g,Apparel & Footwear,Women's Wear,EverydayPlus,7.952266666666665,7.952266666666665,0.0,1,0.0,0.0,0.0,0.0,0.0,0.0,1,0,0,STOCKOUT,URGENT,8,1108.44,844.05,0.0,0.0,6752.4,8867.52,
ST23,SKU02679,MetroBrand First Aid Small,Health & Wellness,First Aid,MetroBrand,44.158076190476194,44.158076190476194,0.0,1,0.0,0.0,0.0,0.0,0.0,0.0,1,0,0,STOCKOUT,URGENT,45,611.77,486.7,0.0,0.0,21901.5,27529.649999999998,
ST23,SKU02828,NovaFresh Home Decor 100g,Home & Kitchen,Home Decor,NovaFresh,12.022666666666666,2.0037777777777777,4.908233113483537,6,0.0,0.0,0.0,0.0,0.0,0.0,1,0,1,STOCKOUT,URGENT,13,1658.99,1225.53,0.0,0.0,15931.89,21566.87,
ST23,SKU03070,NovaFresh Surface Cleaners 250ml,Home Care,Surface Cleaners,NovaFresh,12.885571428571428,12.885571428571428,0.0,1,0.0,0.0,0.0,0.0,0.0,0.0,1,0,0,STOCKOUT,URGENT,13,524.48,300.47,0.0,0.0,3906.1100000000006,6818.24,
ST23,SKU03274,PremiumSelect Hair Care 250ml,Personal Care,Hair Care,PremiumSelect,3.0276666666666667,3.0276666666666667,0.0,1,0.0,28.0,11.0,0.0,-28.0,-11.0,1,0,0,STOCKOUT,URGENT,28,156.95,113.1,0.0,0.0,3166.7999999999997,4394.599999999999,2025-09-14
ST23,SKU03467,PureLife Spices & Seasoning 2L,Grocery,Spices & Seasoning,PureLife,10.030666666666669,10.030666666666669,0.0,1,0.0,0.0,0.0,0.0,0.0,0.0,1,0,0,STOCKOUT,URGENT,11,277.32,172.45,0.0,0.0,1896.9499999999998,3050.52,
ST23,SKU03495,ZestyCo Notebooks 500ml,Stationery & Office,Notebooks,ZestyCo,20.123247619047618,20.123247619047618,0.0,1,0.0,0.0,0.0,0.0,0.0,0.0,1,0,0,STOCKOUT,URGENT,21,77.84,45.93,0.0,0.0,964.53,1634.64,
ST23,SKU03516,GoldenHarvest Laundry 250ml,Home Care,Laundry,GoldenHarvest,2.0464,2.0464,0.0,1,0.0,0.0,0.0,0.0,0.0,0.0,1,0,0,STOCKOUT,URGENT,3,143.34,108.53,0.0,0.0,325.59000000000003,430.02,
ST23,SKU03610,GreenValley Frozen Vegetables 500g,Frozen Foods,Frozen Vegetables,GreenValley,16.025133333333336,16.025133333333336,0.0,1,0.0,0.0,0.0,0.0,0.0,0.0,1,0,0,STOCKOUT,URGENT,17,462.94,310.94,0.0,0.0,5285.98,7869.98,
ST23,SKU03650,NatureBlend Spices & Seasoning Pack of 12,Grocery,Spices & Seasoning,NatureBlend,11.027066666666666,11.027066666666666,0.0,1,0.0,0.0,0.0,0.0,0.0,0.0,1,0,0,STOCKOUT,URGENT,12,250.71,188.04,0.0,0.0,2256.48,3008.52,
ST23,SKU03676,QuickBite Home Decor 1kg,Home & Kitchen,Home Decor,QuickBite,18.004,18.004,0.0,1,0.0,0.0,0.0,0.0,0.0,0.0,1,0,0,STOCKOUT,URGENT,19,1392.72,1024.2,0.0,0.0,19459.8,26461.68,
ST23,SKU03689,SparkleClean Office Supplies 500ml,Stationery & Office,Office Supplies,SparkleClean,20.938109523809526,20.938109523809526,0.0,1,0.0,0.0,0.0,0.0,0.0,0.0,1,0,0,STOCKOUT,URGENT,21,368.35,245.71,0.0,0.0,5159.91,7735.35,
ST23,SKU03788,EliteHome Pest Control 2L,Home Care,Pest Control,EliteHome,13.033733333333336,13.033733333333336,0.0,1,0.0,0.0,0.0,0.0,0.0,0.0,1,0,0,STOCKOUT,URGENT,14,82.95,53.57,0.0,0.0,749.98,1161.3,
ST23,SKU03844,TrueTaste Butter & Ghee 250g,Dairy & Bakery,Butter & Ghee,TrueTaste,16.006,16.006,0.0,1,0.0,0.0,0.0,0.0,0.0,0.0,1,0,0,STOCKOUT,URGENT,17,100.64,56.13,0.0,0.0,954.21,1710.88,
ST23,SKU03882,CityFresh Frozen Meat Large,Frozen Foods,Frozen Meat,CityFresh,13.026238095238096,13.026238095238096,0.0,1,0.0,0.0,0.0,0.0,0.0,0.0,1,0,0,STOCKOUT,URGENT,14,290.83,197.85,0.0,0.0,2769.9,4071.62,
ST23,SKU03884,SoftTouch Butter & Ghee Large,Dairy & Bakery,Butter & Ghee,SoftTouch,12.8494,12.8494,0.0,1,0.0,0.0,0.0,0.0,0.0,0.0,1,0,0,STOCKOUT,URGENT,13,307.65,203.1,0.0,0.0,2640.2999999999997,3999.45,
ST23,SKU03906,GoldenHarvest Bath & Body 250g,Personal Care,Bath & Body,GoldenHarvest,17.816980952380952,17.816980952380952,0.0,1,0.0,77.0,26.0,0.0,-77.0,-26.0,1,0,0,STOCKOUT,URGENT,77,125.53,90.03,0.0,0.0,6932.31,9665.81,2025-12-03
ST23,SKU04046,CleanWave Laundry 250ml,Home Care,Laundry,CleanWave,10.006485714285716,10.006485714285716,0.0,1,0.0,29.0,10.0,0.0,-29.0,-10.0,1,0,0,STOCKOUT,URGENT,29,114.83,69.6,0.0,0.0,2018.3999999999999,3330.07,2025-09-21
ST23,SKU04123,ValueChoice Office Supplies Family Pack,Stationery & Office,Office Supplies,ValueChoice,2.024,2.024,0.0,1,0.0,0.0,0.0,0.0,0.0,0.0,1,0,0,STOCKOUT,URGENT,3,121.48,95.89,0.0,0.0,287.67,364.44,
ST23,SKU04157,PremiumSelect Small Appliances 1L,Electronics & Accessories,Small Appliances,PremiumSelect,1.1312,1.1312,0.0,1,0.0,100.0,25.0,0.0,-100.0,-25.0,1,0,0,STOCKOUT,URGENT,100,2678.35,2028.35,0.0,0.0,202835.0,267835.0,2025-08-29
ST23,SKU04241,ZestyCo Biscuits & Cookies 250ml,Snacks & Confectionery,Biscuits & Cookies,ZestyCo,9.106666666666667,9.106666666666667,0.0,1,0.0,0.0,0.0,0.0,0.0,0.0,1,0,0,STOCKOUT,URGENT,10,38.94,23.94,0.0,0.0,239.4,389.4,
ST23,SKU04257,ValueChoice Yogurt 100g,Dairy & Bakery,Yogurt,ValueChoice,8.137933333333333,8.137933333333333,0.0,1,0.0,0.0,0.0,0.0,0.0,0.0,1,0,0,STOCKOUT,URGENT,9,285.09,158.13,0.0,0.0,1423.17,2565.81,
ST23,SKU04413,PurePlus Flour & Atta Small,Grocery,Flour & Atta,PurePlus,3.0254000000000003,0.06576956521739132,0.4460708941510258,46,0.0,0.0,0.0,0.0,0.0,0.0,1,0,1,STOCKOUT,URGENT,4,460.58,359.95,0.0,0.0,1439.8,1842.32,
ST23,SKU04529,PureLife OTC Medicine 1L,Health & Wellness,OTC Medicine,PureLife,30.903266666666664,30.903266666666664,0.0,1,0.0,0.0,0.0,0.0,0.0,0.0,1,0,0,STOCKOUT,URGENT,31,1190.28,843.03,0.0,0.0,26133.93,36898.68,
ST23,SKU04719,FamilyChoice Writing Instruments 1kg,Stationery & Office,Writing Instruments,FamilyChoice,0.0,0.0,0.0,1,0.0,0.0,0.0,0.0,0.0,0.0,1,0,0,STOCKOUT,URGENT,0,240.75,158.9,0.0,0.0,0.0,0.0,
ST23,SKU04904,HealthFirst Storage & Containers Large,Home & Kitchen,Storage & Containers,HealthFirst,8.972,8.972,0.0,1,0.0,0.0,0.0,0.0,0.0,0.0,1,0,0,STOCKOUT,URGENT,9,1471.86,895.71,0.0,0.0,8061.39,13246.74,
ST23,SKU04928,GreenValley Sugar & Salt 1L,Grocery,Sugar & Salt,GreenValley,16.09752380952381,16.09752380952381,0.0,1,0.0,0.0,0.0,0.0,0.0,0.0,1,0,0,STOCKOUT,URGENT,17,382.38,305.32,0.0,0.0,5190.44,6500.46,
ST23,SKU04966,ZestyCo Bread 250ml,Dairy & Bakery,Bread,ZestyCo,22.63802857142858,22.63802857142858,0.0,1,0.0,0.0,0.0,0.0,0.0,0.0,1,0,0,STOCKOUT,URGENT,23,121.77,67.15,0.0,0.0,1544.45,2800.71,
ST23,SKU04980,FreshFarm OTC Medicine 2L,Health & Wellness,OTC Medicine,FreshFarm,3.001733333333333,3.001733333333333,0.0,1,0.0,0.0,0.0,0.0,0.0,0.0,1,0,0,STOCKOUT,URGENT,4,1147.16,785.92,0.0,0.0,3143.68,4588.64,
ST24,SKU00049,CityFresh Oral Care 500ml,Personal Care,Oral Care,CityFresh,8.957866666666666,8.957866666666666,0.0,1,0.0,0.0,0.0,0.0,0.0,0.0,1,0,0,STOCKOUT,URGENT,9,584.25,442.65,0.0,0.0,3983.85,5258.25,
ST24,SKU00052,ValueChoice Storage & Containers Family Pack,Home & Kitchen,Storage & Containers,ValueChoice,13.06133333333333,13.06133333333333,0.0,1,0.0,0.0,0.0,0.0,0.0,0.0,1,0,0,STOCKOUT,URGENT,14,1372.15,967.68,0.0,0.0,13547.519999999999,19210.100000000002,
ST24,SKU00348,GreenValley Oral Care 2kg,Personal Care,Oral Care,GreenValley,10.398761904761908,10.398761904761908,0.0,1,0.0,0.0,0.0,0.0,0.0,0.0,1,0,0,STOCKOUT,URGENT,11,686.28,505.68,0.0,0.0,5562.4800000000005,7549.08,
ST24,SKU00392,NatureBlend Rice & Grains 100g,Grocery,Rice & Grains,NatureBlend,4.069066666666666,4.069066666666666,0.0,1,0.0,0.0,0.0,0.0,0.0,0.0,1,0,0,STOCKOUT,URGENT,5,495.32,277.09,0.0,0.0,1385.4499999999998,2476.6,
ST24,SKU00405,SmartBuy Writing Instruments 500ml,Stationery & Office,Writing Instruments,SmartBuy,20.10146666666667,20.10146666666667,0.0,1,0.0,0.0,0.0,0.0,0.0,0.0,1,0,0,STOCKOUT,URGENT,21,125.94,88.45,0.0,0.0,1857.45,2644.74,
ST24,SKU00560,SmartBuy Air Fresheners 1kg,Home Care,Air Fresheners,SmartBuy,5.979,5.979,0.0,1,0.0,0.0,0.0,0.0,0.0,0.0,1,0,0,STOCKOUT,URGENT,6,329.64,236.0,0.0,0.0,1416.0,1977.84,
ST24,SKU00573,NovaFresh Home Decor Large,Home & Kitchen,Home Decor,NovaFresh,8.036000000000001,8.036000000000001,0.0,1,0.0,0.0,0.0,0.0,0.0,0.0,1,0,0,STOCKOUT,URGENT,9,247.12,150.69,0.0,0.0,1356.21,2224.08,
ST24,SKU00767,PrimeCare Frozen Meat 500ml,Frozen Foods,Frozen Meat,PrimeCare,7.004666666666666,7.004666666666666,0.0,1,0.0,0.0,0.0,0.0,0.0,0.0,1,0,0,STOCKOUT,URGENT,8,296.5,210.39,0.0,0.0,1683.12,2372.0,
ST24,SKU00769,UrbanBite Eggs 2kg,Dairy & Bakery,Eggs,UrbanBite,13.349561904761906,13.349561904761906,0.0,1,0.0,0.0,0.0,0.0,0.0,0.0,1,0,0,STOCKOUT,URGENT,14,241.93,157.88,0.0,0.0,2210.3199999999997,3387.02,
ST24,SKU00770,PurePlus OTC Medicine Family Pack,Health & Wellness,OTC Medicine,PurePlus,6.017333333333334,6.017333333333334,0.0,1,0.0,0.0,0.0,0.0,0.0,0.0,1,0,0,STOCKOUT,URGENT,7,994.68,790.31,0.0,0.0,5532.17,6962.759999999999,
ST24,SKU00771,QuickBite Cookware Pack of 12,Home & Kitchen,Cookware,QuickBite,18.01623809523809,18.01623809523809,0.0,1,0.0,0.0,0.0,0.0,0.0,0.0,1,0,0,STOCKOUT,URGENT,19,512.74,315.03,0.0,0.0,5985.57,9742.06,
ST24,SKU00849,ValueChoice Office Supplies Pack of 6,Stationery & Office,Office Supplies,ValueChoice,3.032333333333333,3.032333333333333,0.0,1,0.0,0.0,0.0,0.0,0.0,0.0,1,0,0,STOCKOUT,URGENT,4,106.11,70.58,0.0,0.0,282.32,424.44,
ST24,SKU00960,QuickBite Flour & Atta Family Pack,Grocery,Flour & Atta,QuickBite,16.954666666666668,16.954666666666668,0.0,1,0.0,0.0,0.0,0.0,0.0,0.0,1,0,0,STOCKOUT,URGENT,17,173.87,108.29,0.0,0.0,1840.93,2955.79,
ST24,SKU01165,HealthFirst Home Decor Pack of 6,Home & Kitchen,Home Decor,HealthFirst,21.786409523809528,21.786409523809528,0.0,1,0.0,0.0,0.0,0.0,0.0,0.0,1,0,0,STOCKOUT,URGENT,22,996.52,715.04,0.0,0.0,15730.88,21923.44,
ST24,SKU01292,TrueTaste Frozen Meat 2kg,Frozen Foods,Frozen Meat,TrueTaste,0.0,0.0,0.0,1,0.0,0.0,0.0,0.0,0.0,0.0,1,0,0,STOCKOUT,URGENT,0,601.93,356.17,0.0,0.0,0.0,0.0,
ST24,SKU01655,SparkleClean Bottled Water Pack of 12,Beverages,Bottled Water,SparkleClean,6.984666666666667,0.6984666666666667,2.2087455363722737,10,0.0,0.0,0.0,0.0,0.0,0.0,1,0,1,STOCKOUT,URGENT,7,62.18,37.26,0.0,0.0,260.82,435.26,
ST24,SKU01692,EverydayPlus Energy Drinks 2kg,Beverages,Energy Drinks,EverydayPlus,5.006,5.006,0.0,1,0.0,0.0,0.0,0.0,0.0,0.0,1,0,0,STOCKOUT,URGENT,6,74.16,58.53,0.0,0.0,351.18,444.96,
ST24,SKU02018,DailyBest Home Decor 100g,Home & Kitchen,Home Decor,DailyBest,12.098666666666666,12.098666666666666,0.0,1,0.0,0.0,0.0,0.0,0.0,0.0,1,0,0,STOCKOUT,URGENT,13,1042.89,673.13,0.0,0.0,8750.69,13557.570000000002,
ST24,SKU02078,NatureBlend Office Supplies 250g,Stationery & Office,Office Supplies,NatureBlend,7.019333333333334,7.019333333333334,0.0,1,0.0,0.0,0.0,0.0,0.0,0.0,1,0,0,STOCKOUT,URGENT,8,161.99,112.96,0.0,0.0,903.68,1295.92,
ST24,SKU02101,GoldenHarvest Frozen Meat Medium,Frozen Foods,Frozen Meat,GoldenHarvest,13.017666666666669,13.017666666666669,0.0,1,0.0,0.0,0.0,0.0,0.0,0.0,1,0,0,STOCKOUT,URGENT,14,1016.14,647.81,0.0,0.0,9069.34,14225.96,
ST24,SKU02281,FreshFarm Energy Drinks Pack of 12,Beverages,Energy Drinks,FreshFarm,20.9827126984127,20.9827126984127,0.0,1,0.0,0.0,0.0,0.0,0.0,0.0,1,0,0,STOCKOUT,URGENT,21,91.79,60.64,0.0,0.0,1273.44,1927.5900000000001,
ST24,SKU02826,QuickBite Surface Cleaners Family Pack,Home Care,Surface Cleaners,QuickBite,10.938,10.938,0.0,1,0.0,67.0,18.0,0.0,-67.0,-18.0,1,0,0,STOCKOUT,URGENT,67,438.33,282.2,0.0,0.0,18907.399999999998,29368.11,2025-09-10
ST24,SKU02884,SparkleClean Juices Pack of 6,Beverages,Juices,SparkleClean,7.006666666666667,7.006666666666667,0.0,1,0.0,0.0,0.0,0.0,0.0,0.0,1,0,0,STOCKOUT,URGENT,8,173.65,100.8,0.0,0.0,806.4,1389.2,
ST24,SKU02899,GreenValley Namkeen Medium,Snacks & Confectionery,Namkeen,GreenValley,17.19293333333334,17.19293333333334,0.0,1,0.0,0.0,0.0,0.0,0.0,0.0,1,0,0,STOCKOUT,URGENT,18,205.36,134.18,0.0,0.0,2415.2400000000002,3696.4800000000005,
ST24,SKU03032,GoldenHarvest Chips & Crisps Pack of 6,Snacks & Confectionery,Chips & Crisps,GoldenHarvest,0.0,0.0,0.0,1,0.0,0.0,0.0,0.0,0.0,0.0,1,0,0,STOCKOUT,URGENT,0,110.49,66.3,0.0,0.0,0.0,0.0,
ST24,SKU03082,GreenValley Biscuits & Cookies Medium,Snacks & Confectionery,Biscuits & Cookies,GreenValley,25.06873333333333,25.06873333333333,0.0,1,0.0,0.0,0.0,0.0,0.0,0.0,1,0,0,STOCKOUT,URGENT,26,29.69,21.56,0.0,0.0,560.56,771.94,
ST24,SKU03086,PremiumSelect Ready Meals 2L,Frozen Foods,Ready Meals,PremiumSelect,13.057533333333334,13.057533333333334,0.0,1,0.0,0.0,0.0,0.0,0.0,0.0,1,0,0,STOCKOUT,URGENT,14,410.21,254.69,0.0,0.0,3565.66,5742.94,
ST24,SKU03116,FamilyChoice First Aid 500ml,Health & Wellness,First Aid,FamilyChoice,19.785363492063485,19.785363492063485,0.0,1,0.0,0.0,0.0,0.0,0.0,0.0,1,0,0,STOCKOUT,URGENT,20,804.33,576.73,0.0,0.0,11534.6,16086.6,
ST24,SKU03280,NutriPlus Bread 100g,Dairy & Bakery,Bread,NutriPlus,2.002,2.002,0.0,1,0.0,0.0,0.0,0.0,0.0,0.0,1,0,0,STOCKOUT,URGENT,3,211.26,127.34,0.0,0.0,382.02,633.78,
ST24,SKU03283,NutriPlus Chips & Crisps Large,Snacks & Confectionery,Chips & Crisps,NutriPlus,16.059933333333333,16.059933333333333,0.0,1,0.0,0.0,0.0,0.0,0.0,0.0,1,0,0,STOCKOUT,URGENT,17,93.64,52.48,0.0,0.0,892.16,1591.88,
ST24,SKU03374,EliteHome Candy 250g,Snacks & Confectionery,Candy,EliteHome,15.851533333333334,15.851533333333334,0.0,1,0.0,0.0,0.0,0.0,0.0,0.0,1,0,0,STOCKOUT,URGENT,16,70.93,48.53,0.0,0.0,776.48,1134.88,
ST24,SKU03426,SparkleClean Mobile Accessories 2L,Electronics & Accessories,Mobile Accessories,SparkleClean,2.982,2.982,0.0,1,0.0,0.0,0.0,0.0,0.0,0.0,1,0,0,STOCKOUT,URGENT,3,1315.65,979.08,0.0,0.0,2937.2400000000002,3946.9500000000003,
ST24,SKU03652,CleanWave Ready Meals Pack of 6,Frozen Foods,Ready Meals,CleanWave,0.0,0.0,0.0,1,0.0,0.0,0.0,0.0,0.0,0.0,1,0,0,STOCKOUT,URGENT,0,905.61,585.32,0.0,0.0,0.0,0.0,
ST24,SKU03802,NovaFresh Namkeen Family Pack,Snacks & Confectionery,Namkeen,NovaFresh,23.93199047619048,23.93199047619048,0.0,1,0.0,0.0,0.0,0.0,0.0,0.0,1,0,0,STOCKOUT,URGENT,24,37.67,23.79,0.0,0.0,570.96,904.08,
ST24,SKU03979,SoftTouch Frozen Vegetables Medium,Frozen Foods,Frozen Vegetables,SoftTouch,8.968333333333334,8.968333333333334,0.0,1,0.0,0.0,0.0,0.0,0.0,0.0,1,0,0,STOCKOUT,URGENT,9,823.95,479.94,0.0,0.0,4319.46,7415.55,
ST24,SKU04086,PureLife Flour & Atta 250g,Grocery,Flour & Atta,PureLife,10.869333333333332,10.869333333333332,0.0,1,0.0,0.0,0.0,0.0,0.0,0.0,1,0,0,STOCKOUT,URGENT,11,140.18,103.78,0.0,0.0,1141.58,1541.98,
ST24,SKU04131,NutriPlus Surface Cleaners Medium,Home Care,Surface Cleaners,NutriPlus,0.002,0.002,0.0,1,0.0,0.0,0.0,0.0,0.0,0.0,1,0,0,STOCKOUT,URGENT,1,587.01,451.19,0.0,0.0,451.19,587.01,
ST24,SKU04431,HomeStyle Chocolates Pack of 6,Snacks & Confectionery,Chocolates,HomeStyle,12.591539682539686,12.591539682539686,0.0,1,0.0,0.0,0.0,0.0,0.0,0.0,1,0,0,STOCKOUT,URGENT,13,38.21,29.51,0.0,0.0,383.63,496.73,
ST24,SKU04619,MetroBrand Coffee 250ml,Beverages,Coffee,MetroBrand,17.36271428571429,17.36271428571429,0.0,1,0.0,0.0,0.0,0.0,0.0,0.0,1,0,0,STOCKOUT,URGENT,18,297.98,233.33,0.0,0.0,4199.9400000000005,5363.64,
ST24,SKU04802,MetroBrand Cooking Oil 250g,Grocery,Cooking Oil,MetroBrand,3.141933333333333,3.141933333333333,0.0,1,0.0,0.0,0.0,0.0,0.0,0.0,1,0,0,STOCKOUT,URGENT,4,237.57,146.2,0.0,0.0,584.8,950.28,
ST24,SKU04855,EliteHome Women's Wear 2L,Apparel & Footwear,Women's Wear,EliteHome,20.936766666666664,0.9102942028985506,4.365617633749694,23,0.0,0.0,0.0,0.0,0.0,0.0,1,0,1,STOCKOUT,URGENT,21,1757.08,1209.38,0.0,0.0,25396.980000000003,36898.68,
ST24,SKU04897,NatureBlend Women's Wear 100g,Apparel & Footwear,Women's Wear,NatureBlend,3.0007333333333333,3.0007333333333333,0.0,1,0.0,0.0,0.0,0.0,0.0,0.0,1,0,0,STOCKOUT,URGENT,4,904.26,662.55,0.0,0.0,2650.2,3617.04,
ST24,SKU04917,PureLife Ready Meals Large,Frozen Foods,Ready Meals,PureLife,6.008,6.008,0.0,1,0.0,0.0,0.0,0.0,0.0,0.0,1,0,0,STOCKOUT,URGENT,7,282.51,195.58,0.0,0.0,1369.0600000000002,1977.57,
ST24,SKU04929,CrispKing Footwear 2kg,Apparel & Footwear,Footwear,CrispKing,18.1066,18.1066,0.0,1,0.0,0.0,0.0,0.0,0.0,0.0,1,0,0,STOCKOUT,URGENT,19,745.44,477.16,0.0,0.0,9066.04,14163.36,
ST24,SKU04946,PurePlus Candy 500ml,Snacks & Confectionery,Candy,PurePlus,19.763942857142855,19.763942857142855,0.0,1,0.0,0.0,0.0,0.0,0.0,0.0,1,0,0,STOCKOUT,URGENT,20,42.93,29.02,0.0,0.0,580.4,858.6,
ST24,SKU04975,GreenValley Energy Drinks Family Pack,Beverages,Energy Drinks,GreenValley,13.809171428571428,13.809171428571428,0.0,1,0.0,0.0,0.0,0.0,0.0,0.0,1,0,0,STOCKOUT,URGENT,14,125.79,96.38,0.0,0.0,1349.32,1761.0600000000002,
ST25,SKU00035,PremiumSelect Air Fresheners Large,Home Care,Air Fresheners,PremiumSelect,4.154625396825397,4.154625396825397,0.0,1,0.0,0.0,0.0,0.0,0.0,0.0,1,0,0,STOCKOUT,URGENT,5,215.32,130.18,0.0,0.0,650.9000000000001,1076.6,
ST25,SKU00258,EverydayPlus Coffee Pack of 6,Beverages,Coffee,EverydayPlus,16.217333333333332,0.9539607843137254,3.9332810764225568,17,0.0,0.0,0.0,0.0,0.0,0.0,1,0,1,STOCKOUT,URGENT,17,91.98,63.48,0.0,0.0,1079.1599999999999,1563.66,
ST25,SKU00404,EliteHome Bread 1kg,Dairy & Bakery,Bread,EliteHome,9.4634,9.4634,0.0,1,0.0,0.0,0.0,0.0,0.0,0.0,1,0,0,STOCKOUT,URGENT,10,230.08,157.47,0.0,0.0,1574.7,2300.8,
ST25,SKU00427,PremiumSelect Writing Instruments Pack of 12,Stationery & Office,Writing Instruments,PremiumSelect,21.950422222222223,21.950422222222223,0.0,1,0.0,0.0,0.0,0.0,0.0,0.0,1,0,0,STOCKOUT,URGENT,22,290.82,162.29,0.0,0.0,3570.3799999999997,6398.04,
ST25,SKU00530,FreshFarm Notebooks 2kg,Stationery & Office,Notebooks,FreshFarm,8.123000000000001,0.20307500000000003,1.2843590716773876,40,0.0,0.0,0.0,0.0,0.0,0.0,1,0,1,STOCKOUT,URGENT,9,66.34,38.38,0.0,0.0,345.42,597.0600000000001,
ST25,SKU00552,SmartBuy First Aid 2L,Health & Wellness,First Aid,SmartBuy,9.932000000000002,9.932000000000002,0.0,1,0.0,0.0,0.0,0.0,0.0,0.0,1,0,0,STOCKOUT,URGENT,10,775.4,509.23,0.0,0.0,5092.3,7754.0,
ST25,SKU00872,GreenValley Pulses & Lentils Family Pack,Grocery,Pulses & Lentils,GreenValley,22.352390476190475,22.352390476190475,0.0,1,0.0,0.0,0.0,0.0,0.0,0.0,1,0,0,STOCKOUT,URGENT,23,215.12,127.74,0.0,0.0,2938.02,4947.76,
ST25,SKU00886,HomeStyle Mobile Accessories Pack of 12,Electronics & Accessories,Mobile Accessories,HomeStyle,2.002,2.002,0.0,1,0.0,0.0,0.0,0.0,0.0,0.0,1,0,0,STOCKOUT,URGENT,3,1510.84,1177.07,0.0,0.0,3531.21,4532.5199999999995,
ST25,SKU00897,EverydayPlus Chips & Crisps 250g,Snacks & Confectionery,Chips & Crisps,EverydayPlus,13.02806666666667,13.02806666666667,0.0,1,0.0,0.0,0.0,0.0,0.0,0.0,1,0,0,STOCKOUT,URGENT,14,88.62,62.91,0.0,0.0,880.74,1240.68,
ST25,SKU01311,UrbanBite Men's Wear 500g,Apparel & Footwear,Men's Wear,UrbanBite,34.82905714285712,34.82905714285712,0.0,1,0.0,0.0,0.0,0.0,0.0,0.0,1,0,0,STOCKOUT,URGENT,35,889.85,504.56,0.0,0.0,17659.6,31144.75,
ST25,SKU01536,FreshFarm Frozen Vegetables Pack of 12,Frozen Foods,Frozen Vegetables,FreshFarm,12.734076190476191,12.734076190476191,0.0,1,0.0,0.0,0.0,0.0,0.0,0.0,1,0,0,STOCKOUT,URGENT,13,440.4,256.41,0.0,0.0,3333.3300000000004,5725.2,
ST25,SKU01566,MetroBrand Storage & Containers 250g,Home & Kitchen,Storage & Containers,MetroBrand,5.004,5.004,0.0,1,0.0,0.0,0.0,0.0,0.0,0.0,1,0,0,STOCKOUT,URGENT,6,369.71,273.11,0.0,0.0,1638.66,2218.2599999999998,
ST25,SKU01577,PureLife Office Supplies 500ml,Stationery & Office,Office Supplies,PureLife,3.004833333333333,3.004833333333333,0.0,1,0.0,0.0,0.0,0.0,0.0,0.0,1,0,0,STOCKOUT,URGENT,4,67.67,39.84,0.0,0.0,159.36,270.68,
ST25,SKU01632,NatureBlend Skin Care Pack of 12,Personal Care,Skin Care,NatureBlend,31.240909523809528,31.240909523809528,0.0,1,0.0,0.0,0.0,0.0,0.0,0.0,1,0,0,STOCKOUT,URGENT,32,354.51,274.81,0.0,0.0,8793.92,11344.32,
ST25,SKU01750,QuickBite Men's Grooming Small,Personal Care,Men's Grooming,QuickBite,8.0328,8.0328,0.0,1,0.0,0.0,0.0,0.0,0.0,0.0,1,0,0,STOCKOUT,URGENT,9,225.67,169.03,0.0,0.0,1521.27,2031.03,
ST25,SKU01830,SunriseFoods Women's Wear Pack of 12,Apparel & Footwear,Women's Wear,SunriseFoods,20.8866,20.8866,0.0,1,0.0,0.0,0.0,0.0,0.0,0.0,1,0,0,STOCKOUT,URGENT,21,1563.44,899.39,0.0,0.0,18887.19,32832.24,
ST25,SKU02084,SoftTouch Bottled Water 2L,Beverages,Bottled Water,SoftTouch,8.961066666666667,8.961066666666667,0.0,1,0.0,0.0,0.0,0.0,0.0,0.0,1,0,0,STOCKOUT,URGENT,9,118.48,82.36,0.0,0.0,741.24,1066.32,
ST25,SKU02160,PrimeCare Frozen Meat 250ml,Frozen Foods,Frozen Meat,PrimeCare,1.022,1.022,0.0,1,0.0,0.0,0.0,0.0,0.0,0.0,1,0,0,STOCKOUT,URGENT,2,305.2,202.78,0.0,0.0,405.56,610.4,
ST25,SKU02223,NovaFresh Flour & Atta 500ml,Grocery,Flour & Atta,NovaFresh,2.969733333333333,2.969733333333333,0.0,1,0.0,0.0,0.0,0.0,0.0,0.0,1,0,0,STOCKOUT,URGENT,3,257.58,191.65,0.0,0.0,574.95,772.74,
ST25,SKU02573,UrbanBite Coffee Small,Beverages,Coffee,UrbanBite,11.023666666666664,11.023666666666664,0.0,1,0.0,0.0,0.0,0.0,0.0,0.0,1,0,0,STOCKOUT,URGENT,12,125.88,100.7,0.0,0.0,1208.4,1510.56,
ST25,SKU02858,FamilyChoice Dishwashing 100g,Home Care,Dishwashing,FamilyChoice,19.242266666666666,19.242266666666666,0.0,1,0.0,0.0,0.0,0.0,0.0,0.0,1,0,0,STOCKOUT,URGENT,20,90.7,56.34,0.0,0.0,1126.8000000000002,1814.0,
ST25,SKU02895,CleanWave Chocolates Pack of 6,Snacks & Confectionery,Chocolates,CleanWave,2.183457142857143,2.183457142857143,0.0,1,0.0,0.0,0.0,0.0,0.0,0.0,1,0,0,STOCKOUT,URGENT,3,119.21,69.15,0.0,0.0,207.45000000000002,357.63,
ST25,SKU03050,SoftTouch Yogurt Family Pack,Dairy & Bakery,Yogurt,SoftTouch,0.0023333333333333,0.0023333333333333,0.0,1,0.0,0.0,0.0,0.0,0.0,0.0,1,0,0,STOCKOUT,URGENT,1,274.23,170.49,0.0,0.0,170.49,274.23,
ST25,SKU03123,SunriseFoods Vitamins & Supplements 250g,Health & Wellness,Vitamins & Supplements,SunriseFoods,8.994666666666665,8.994666666666665,0.0,1,0.0,0.0,0.0,0.0,0.0,0.0,1,0,0,STOCKOUT,URGENT,9,356.02,277.98,0.0,0.0,2501.82,3204.18,
ST25,SKU03201,PurePlus Soft Drinks Family Pack,Beverages,Soft Drinks,PurePlus,11.207561904761906,11.207561904761906,0.0,1,0.0,0.0,0.0,0.0,0.0,0.0,1,0,0,STOCKOUT,URGENT,12,107.6,79.86,0.0,0.0,958.3199999999999,1291.1999999999998,
ST25,SKU03327,CrispKing Frozen Meat 250g,Frozen Foods,Frozen Meat,CrispKing,11.127,11.127,0.0,1,0.0,0.0,0.0,0.0,0.0,0.0,1,0,0,STOCKOUT,URGENT,12,1118.06,760.88,0.0,0.0,9130.56,13416.72,
ST25,SKU03659,DailyBest Ready Meals Small,Frozen Foods,Ready Meals,DailyBest,20.804160317460312,20.804160317460312,0.0,1,0.0,0.0,0.0,0.0,0.0,0.0,1,0,0,STOCKOUT,URGENT,21,484.55,341.19,0.0,0.0,7164.99,10175.550000000001,
ST25,SKU03818,TrueTaste Biscuits & Cookies Pack of 6,Snacks & Confectionery,Biscuits & Cookies,TrueTaste,8.969733333333334,8.969733333333334,0.0,1,0.0,0.0,0.0,0.0,0.0,0.0,1,0,0,STOCKOUT,URGENT,9,148.24,91.76,0.0,0.0,825.84,1334.16,
ST25,SKU03890,ValueChoice Hair Care 500g,Personal Care,Hair Care,ValueChoice,3.011,3.011,0.0,1,0.0,0.0,0.0,0.0,0.0,0.0,1,0,0,STOCKOUT,URGENT,4,659.39,484.92,0.0,0.0,1939.68,2637.56,
ST25,SKU03903,FreshFarm Men's Wear 250g,Apparel & Footwear,Men's Wear,FreshFarm,11.879333333333332,11.879333333333332,0.0,1,0.0,0.0,0.0,0.0,0.0,0.0,1,0,0,STOCKOUT,URGENT,12,1303.15,842.04,0.0,0.0,10104.48,15637.800000000001,
ST25,SKU03934,HomeStyle Men's Wear Family Pack,Apparel & Footwear,Men's Wear,HomeStyle,12.993590476190471,12.993590476190471,0.0,1,0.0,0.0,0.0,0.0,0.0,0.0,1,0,0,STOCKOUT,URGENT,13,1977.79,1343.92,0.0,0.0,17470.96,25711.27,
ST25,SKU04015,SoftTouch Small Appliances Family Pack,Electronics & Accessories,Small Appliances,SoftTouch,7.008,7.008,0.0,1,0.0,0.0,0.0,0.0,0.0,0.0,1,0,0,STOCKOUT,URGENT,8,1698.51,1044.34,0.0,0.0,8354.72,13588.08,
ST25,SKU04138,DailyBest Men's Wear 250g,Apparel & Footwear,Men's Wear,DailyBest,21.2148,21.2148,0.0,1,0.0,0.0,0.0,0.0,0.0,0.0,1,0,0,STOCKOUT,URGENT,22,2075.16,1594.39,0.0,0.0,35076.58,45653.52,
ST25,SKU04347,PremiumSelect Butter & Ghee 500ml,Dairy & Bakery,Butter & Ghee,PremiumSelect,32.09509841269841,32.09509841269841,0.0,1,0.0,0.0,0.0,0.0,0.0,0.0,1,0,0,STOCKOUT,URGENT,33,305.95,202.93,0.0,0.0,6696.6900000000005,10096.35,
ST25,SKU04445,NovaFresh First Aid 500g,Health & Wellness,First Aid,NovaFresh,2.103,2.103,0.0,1,0.0,0.0,0.0,0.0,0.0,0.0,1,0,0,STOCKOUT,URGENT,3,975.78,603.63,0.0,0.0,1810.8899999999999,2927.34,
ST25,SKU04498,SmartBuy Spices & Seasoning 500ml,Grocery,Spices & Seasoning,SmartBuy,15.071999999999996,15.071999999999996,0.0,1,0.0,0.0,0.0,0.0,0.0,0.0,1,0,0,STOCKOUT,URGENT,16,338.51,192.59,0.0,0.0,3081.44,5416.16,
ST25,SKU04540,ZestyCo Batteries 1kg,Electronics & Accessories,Batteries,ZestyCo,4.992,4.992,0.0,1,0.0,0.0,0.0,0.0,0.0,0.0,1,0,0,STOCKOUT,URGENT,5,1978.18,1457.18,0.0,0.0,7285.900000000001,9890.9,
ST25,SKU04900,HomeStyle Storage & Containers 1kg,Home & Kitchen,Storage & Containers,HomeStyle,27.70216190476189,27.70216190476189,0.0,1,0.0,0.0,0.0,0.0,0.0,0.0,1,0,0,STOCKOUT,URGENT,28,1236.82,961.58,0.0,0.0,26924.24,34630.96,
ST25,SKU04932,NatureBlend Frozen Vegetables 100g,Frozen Foods,Frozen Vegetables,NatureBlend,11.074666666666667,11.074666666666667,0.0,1,0.0,0.0,0.0,0.0,0.0,0.0,1,0,0,STOCKOUT,URGENT,12,311.93,184.6,0.0,0.0,2215.2,3743.16,
ST25,SKU04947,FreshFarm OTC Medicine Family Pack,Health & Wellness,OTC Medicine,FreshFarm,1.0,1.0,0.0,1,0.0,0.0,0.0,0.0,0.0,0.0,1,0,0,STOCKOUT,URGENT,1,546.17,408.54,0.0,0.0,408.54,546.17,
ST25,SKU04961,FamilyChoice Ice Cream 500ml,Frozen Foods,Ice Cream,FamilyChoice,17.019000000000002,17.019000000000002,0.0,1,0.0,0.0,0.0,0.0,0.0,0.0,1,0,0,STOCKOUT,URGENT,18,217.61,165.29,0.0,0.0,2975.22,3916.9800000000005,
ST25,SKU04993,GreenValley First Aid 2L,Health & Wellness,First Aid,GreenValley,27.73945238095238,27.73945238095238,0.0,1,0.0,0.0,0.0,0.0,0.0,0.0,1,0,0,STOCKOUT,URGENT,28,1067.68,794.46,0.0,0.0,22244.88,29895.04,
ST26,SKU00134,ValueChoice Air Fresheners Large,Home Care,Air Fresheners,ValueChoice,16.441466666666667,16.441466666666667,0.0,1,0.0,0.0,0.0,0.0,0.0,0.0,1,0,0,STOCKOUT,URGENT,17,199.86,147.48,0.0,0.0,2507.16,3397.6200000000003,
ST26,SKU00151,PurePlus Skin Care Pack of 12,Personal Care,Skin Care,PurePlus,2.060666666666666,2.060666666666666,0.0,1,0.0,0.0,0.0,0.0,0.0,0.0,1,0,0,STOCKOUT,URGENT,3,201.86,115.36,0.0,0.0,346.08,605.58,
ST26,SKU00222,PremiumSelect OTC Medicine Medium,Health & Wellness,OTC Medicine,PremiumSelect,13.963133333333332,13.963133333333332,0.0,1,0.0,0.0,0.0,0.0,0.0,0.0,1,0,0,STOCKOUT,URGENT,14,492.26,342.42,0.0,0.0,4793.88,6891.639999999999,
ST26,SKU00316,PrimeCare Writing Instruments 250ml,Stationery & Office,Writing Instruments,PrimeCare,19.054133333333333,19.054133333333333,0.0,1,0.0,0.0,0.0,0.0,0.0,0.0,1,0,0,STOCKOUT,URGENT,20,126.16,90.97,0.0,0.0,1819.4,2523.2,
ST26,SKU00422,GreenValley Bath & Body Family Pack,Personal Care,Bath & Body,GreenValley,9.996333333333332,9.996333333333332,0.0,1,0.0,0.0,0.0,0.0,0.0,0.0,1,0,0,STOCKOUT,URGENT,10,276.63,187.02,0.0,0.0,1870.2,2766.3,
ST26,SKU00881,CrispKing Pest Control 2L,Home Care,Pest Control,CrispKing,15.015066666666668,15.015066666666668,0.0,1,0.0,0.0,0.0,0.0,0.0,0.0,1,0,0,STOCKOUT,URGENT,16,398.92,261.94,0.0,0.0,4191.04,6382.72,
ST26,SKU01493,ZestyCo Pest Control 100g,Home Care,Pest Control,ZestyCo,22.658247619047614,22.658247619047614,0.0,1,0.0,0.0,0.0,0.0,0.0,0.0,1,0,0,STOCKOUT,URGENT,23,197.84,112.29,0.0,0.0,2582.67,4550.32,
ST26,SKU01503,SunriseFoods Sugar & Salt Medium,Grocery,Sugar & Salt,SunriseFoods,28.666719047619047,28.666719047619047,0.0,1,0.0,0.0,0.0,0.0,0.0,0.0,1,0,0,STOCKOUT,URGENT,29,335.94,207.44,0.0,0.0,6015.76,9742.26,
ST26,SKU01695,UrbanBite Mobile Accessories 1L,Electronics & Accessories,Mobile Accessories,UrbanBite,21.71579523809524,0.944165010351967,4.528056319854843,23,0.0,0.0,0.0,0.0,0.0,0.0,1,0,1,STOCKOUT,URGENT,22,1323.43,977.1,0.0,0.0,21496.2,29115.460000000003,
ST26,SKU01961,CleanWave Milk Medium,Dairy & Bakery,Milk,CleanWave,16.087866666666667,16.087866666666667,0.0,1,0.0,0.0,0.0,0.0,0.0,0.0,1,0,0,STOCKOUT,URGENT,17,250.71,154.71,0.0,0.0,2630.07,4262.07,
ST26,SKU01964,UrbanBite Storage & Containers Pack of 12,Home & Kitchen,Storage & Containers,UrbanBite,14.034361904761909,14.034361904761909,0.0,1,0.0,0.0,0.0,0.0,0.0,0.0,1,0,0,STOCKOUT,URGENT,15,1160.91,917.65,0.0,0.0,13764.75,17413.65,
ST26,SKU02477,FamilyChoice Notebooks 100g,Stationery & Office,Notebooks,FamilyChoice,13.007333333333332,13.007333333333332,0.0,1,0.0,0.0,0.0,0.0,0.0,0.0,1,0,0,STOCKOUT,URGENT,14,234.35,131.34,0.0,0.0,1838.76,3280.9,
ST26,SKU02755,SmartBuy First Aid 1L,Health & Wellness,First Aid,SmartBuy,3.0,3.0,0.0,1,0.0,0.0,0.0,0.0,0.0,0.0,1,0,0,STOCKOUT,URGENT,3,805.74,642.08,0.0,0.0,1926.2400000000002,2417.2200000000003,
ST26,SKU02810,CleanWave Air Fresheners Pack of 6,Home Care,Air Fresheners,CleanWave,3.005666666666667,3.005666666666667,0.0,1,0.0,0.0,0.0,0.0,0.0,0.0,1,0,0,STOCKOUT,URGENT,4,159.93,89.44,0.0,0.0,357.76,639.72,
ST26,SKU02908,MetroBrand Bottled Water 100g,Beverages,Bottled Water,MetroBrand,4.154,4.154,0.0,1,0.0,0.0,0.0,0.0,0.0,0.0,1,0,0,STOCKOUT,URGENT,5,326.35,196.76,0.0,0.0,983.8,1631.75,
ST26,SKU03270,UrbanBite Cheese Small,Dairy & Bakery,Cheese,UrbanBite,18.561799999999995,18.561799999999995,0.0,1,0.0,0.0,0.0,0.0,0.0,0.0,1,0,0,STOCKOUT,URGENT,19,147.5,100.69,0.0,0.0,1913.11,2802.5,
ST26,SKU03299,ZestyCo OTC Medicine 250ml,Health & Wellness,OTC Medicine,ZestyCo,6.9652666666666665,6.9652666666666665,0.0,1,0.0,0.0,0.0,0.0,0.0,0.0,1,0,0,STOCKOUT,URGENT,7,1035.55,607.81,0.0,0.0,4254.67,7248.849999999999,
ST26,SKU03536,SparkleClean Tea Medium,Beverages,Tea,SparkleClean,4.025333333333333,4.025333333333333,0.0,1,0.0,0.0,0.0,0.0,0.0,0.0,1,0,0,STOCKOUT,URGENT,5,127.11,77.38,0.0,0.0,386.9,635.55,
ST26,SKU03577,DailyBest Energy Drinks 2L,Beverages,Energy Drinks,DailyBest,18.21406666666666,18.21406666666666,0.0,1,0.0,0.0,0.0,0.0,0.0,0.0,1,0,0,STOCKOUT,URGENT,19,88.75,48.97,0.0,0.0,930.43,1686.25,
ST26,SKU03604,NovaFresh Eggs Family Pack,Dairy & Bakery,Eggs,NovaFresh,14.034,14.034,0.0,1,0.0,0.0,0.0,0.0,0.0,0.0,1,0,0,STOCKOUT,URGENT,15,122.62,85.4,0.0,0.0,1281.0,1839.3000000000002,
ST26,SKU03693,UrbanBite Ice Cream 1L,Frozen Foods,Ice Cream,UrbanBite,24.806266666666662,24.806266666666662,0.0,1,0.0,98.0,26.0,0.0,-98.0,-26.0,1,0,0,STOCKOUT,URGENT,98,1381.82,866.08,0.0,0.0,84875.84000000001,135418.36,2025-08-19
ST26,SKU03955,MetroBrand Pulses & Lentils 500g,Grocery,Pulses & Lentils,MetroBrand,9.827590476190482,9.827590476190482,0.0,1,0.0,0.0,0.0,0.0,0.0,0.0,1,0,0,STOCKOUT,URGENT,10,499.04,287.09,0.0,0.0,2870.8999999999996,4990.400000000001,
ST26,SKU04045,FreshFarm Frozen Vegetables Medium,Frozen Foods,Frozen Vegetables,FreshFarm,5.022399999999999,5.022399999999999,0.0,1,0.0,0.0,0.0,0.0,0.0,0.0,1,0,0,STOCKOUT,URGENT,6,615.16,357.06,0.0,0.0,2142.36,3690.96,
ST26,SKU04049,HealthFirst Notebooks 2L,Stationery & Office,Notebooks,HealthFirst,6.140066666666667,6.140066666666667,0.0,1,0.0,0.0,0.0,0.0,0.0,0.0,1,0,0,STOCKOUT,URGENT,7,329.02,194.01,0.0,0.0,1358.07,2303.14,
ST26,SKU04076,PureLife Namkeen Pack of 6,Snacks & Confectionery,Namkeen,PureLife,20.85109393939394,20.85109393939394,0.0,1,0.0,0.0,0.0,0.0,0.0,0.0,1,0,0,STOCKOUT,URGENT,21,165.54,100.96,0.0,0.0,2120.16,3476.3399999999997,
ST26,SKU04137,PrimeCare Batteries Family Pack,Electronics & Accessories,Batteries,PrimeCare,13.978666666666664,13.978666666666664,0.0,1,0.0,0.0,0.0,0.0,0.0,0.0,1,0,0,STOCKOUT,URGENT,14,2390.77,1762.16,0.0,0.0,24670.24,33470.78,
ST26,SKU04273,CityFresh Women's Wear 1L,Apparel & Footwear,Women's Wear,CityFresh,5.361233333333333,5.361233333333333,0.0,1,0.0,49.0,24.0,0.0,-49.0,-24.0,1,0,0,STOCKOUT,URGENT,49,1786.15,1117.09,0.0,0.0,54737.409999999996,87521.35,2025-08-06
ST26,SKU04405,CleanWave Batteries 1kg,Electronics & Accessories,Batteries,CleanWave,20.1343126984127,20.1343126984127,0.0,1,0.0,0.0,0.0,0.0,0.0,0.0,1,0,0,STOCKOUT,URGENT,21,1244.17,717.84,0.0,0.0,15074.640000000001,26127.57,
ST26,SKU04429,PremiumSelect Milk Pack of 12,Dairy & Bakery,Milk,PremiumSelect,16.863666666666667,16.863666666666667,0.0,1,0.0,0.0,0.0,0.0,0.0,0.0,1,0,0,STOCKOUT,URGENT,17,206.49,162.5,0.0,0.0,2762.5,3510.33,
ST26,SKU04521,SmartBuy Coffee 500ml,Beverages,Coffee,SmartBuy,7.010999999999999,7.010999999999999,0.0,1,0.0,0.0,0.0,0.0,0.0,0.0,1,0,0,STOCKOUT,URGENT,8,46.06,33.6,0.0,0.0,268.8,368.48,
ST26,SKU04657,TrueTaste Pest Control Large,Home Care,Pest Control,TrueTaste,4.957666666666667,4.957666666666667,0.0,1,0.0,0.0,0.0,0.0,0.0,0.0,1,0,0,STOCKOUT,URGENT,5,395.47,288.89,0.0,0.0,1444.4499999999998,1977.3500000000001,
ST26,SKU04862,TrueTaste Cooking Oil 500g,Grocery,Cooking Oil,TrueTaste,13.073933333333336,13.073933333333336,0.0,1,0.0,0.0,0.0,0.0,0.0,0.0,1,0,0,STOCKOUT,URGENT,14,74.31,48.47,0.0,0.0,678.5799999999999,1040.3400000000001,
ST27,SKU00004,SunriseFoods Eggs Large,Dairy & Bakery,Eggs,SunriseFoods,30.77833015873015,30.77833015873015,0.0,1,0.0,0.0,0.0,0.0,0.0,0.0,1,0,0,STOCKOUT,URGENT,31,233.64,156.32,0.0,0.0,4845.92,7242.839999999999,
ST27,SKU00005,SunriseFoods Pest Control Pack of 6,Home Care,Pest Control,SunriseFoods,14.048,14.048,0.0,1,0.0,0.0,0.0,0.0,0.0,0.0,1,0,0,STOCKOUT,URGENT,15,138.5,83.46,0.0,0.0,1251.8999999999999,2077.5,
ST27,SKU00454,NutriPlus Bottled Water Medium,Beverages,Bottled Water,NutriPlus,1.0,1.0,0.0,1,0.0,0.0,0.0,0.0,0.0,0.0,1,0,0,STOCKOUT,URGENT,1,79.58,58.73,0.0,0.0,58.73,79.58,
ST27,SKU00702,QuickBite Kids Wear 500g,Apparel & Footwear,Kids Wear,QuickBite,27.104761904761897,27.104761904761897,0.0,1,0.0,0.0,0.0,0.0,0.0,0.0,1,0,0,STOCKOUT,URGENT,28,1621.05,997.99,0.0,0.0,27943.72,45389.4,
ST27,SKU00708,SmartBuy Cooking Oil 100g,Grocery,Cooking Oil,SmartBuy,4.029333333333334,4.029333333333334,0.0,1,0.0,0.0,0.0,0.0,0.0,0.0,1,0,0,STOCKOUT,URGENT,5,110.74,71.23,0.0,0.0,356.15000000000003,553.6999999999999,
ST27,SKU00907,GreenValley Laundry 2kg,Home Care,Laundry,GreenValley,16.00548571428571,0.45729959183673463,2.7054208700850118,35,0.0,0.0,0.0,0.0,0.0,0.0,1,0,1,STOCKOUT,URGENT,17,365.98,236.2,0.0,0.0,4015.3999999999996,6221.66,
ST27,SKU01213,MetroBrand Bath & Body Family Pack,Personal Care,Bath & Body,MetroBrand,6.035,6.035,0.0,1,0.0,0.0,0.0,0.0,0.0,0.0,1,0,0,STOCKOUT,URGENT,7,423.96,296.36,0.0,0.0,2074.52,2967.72,
ST27,SKU01316,PureLife Tea Large,Beverages,Tea,PureLife,21.020314285714285,21.020314285714285,0.0,1,0.0,0.0,0.0,0.0,0.0,0.0,1,0,0,STOCKOUT,URGENT,22,190.6,135.15,0.0,0.0,2973.3,4193.2,
ST27,SKU01550,HealthFirst Writing Instruments 100g,Stationery & Office,Writing Instruments,HealthFirst,8.0368,8.0368,0.0,1,0.0,0.0,0.0,0.0,0.0,0.0,1,0,0,STOCKOUT,URGENT,9,34.48,25.03,0.0,0.0,225.27,310.32,
ST27,SKU01566,MetroBrand Storage & Containers 250g,Home & Kitchen,Storage & Containers,MetroBrand,4.01,4.01,0.0,1,0.0,0.0,0.0,0.0,0.0,0.0,1,0,0,STOCKOUT,URGENT,5,369.71,273.11,0.0,0.0,1365.5500000000002,1848.55,
ST27,SKU01800,CityFresh Bread 2kg,Dairy & Bakery,Bread,CityFresh,6.173666666666667,6.173666666666667,0.0,1,0.0,0.0,0.0,0.0,0.0,0.0,1,0,0,STOCKOUT,URGENT,7,144.95,110.41,0.0,0.0,772.87,1014.6499999999999,
ST27,SKU01843,TrueTaste Cheese 100g,Dairy & Bakery,Cheese,TrueTaste,5.9722,5.9722,0.0,1,0.0,0.0,0.0,0.0,0.0,0.0,1,0,0,STOCKOUT,URGENT,6,407.44,297.18,0.0,0.0,1783.08,2444.64,
ST27,SKU02037,GreenValley Butter & Ghee 250ml,Dairy & Bakery,Butter & Ghee,GreenValley,38.06692380952383,38.06692380952383,0.0,1,0.0,0.0,0.0,0.0,0.0,0.0,1,0,0,STOCKOUT,URGENT,39,223.51,145.73,0.0,0.0,5683.469999999999,8716.89,
ST27,SKU02300,MetroBrand Candy 1L,Snacks & Confectionery,Candy,MetroBrand,0.0,0.0,0.0,1,0.0,0.0,0.0,0.0,0.0,0.0,1,0,0,STOCKOUT,URGENT,0,95.66,55.18,0.0,0.0,0.0,0.0,
ST27,SKU02488,SunriseFoods Small Appliances Small,Electronics & Accessories,Small Appliances,SunriseFoods,19.8376,19.8376,0.0,1,0.0,0.0,0.0,0.0,0.0,0.0,1,0,0,STOCKOUT,URGENT,20,3504.3,2419.46,0.0,0.0,48389.2,70086.0,
ST27,SKU02677,SunriseFoods Hair Care Small,Personal Care,Hair Care,SunriseFoods,27.262412698412696,27.262412698412696,0.0,1,0.0,0.0,0.0,0.0,0.0,0.0,1,0,0,STOCKOUT,URGENT,28,412.07,244.87,0.0,0.0,6856.360000000001,11537.96,
ST27,SKU02919,MetroBrand Coffee 2kg,Beverages,Coffee,MetroBrand,8.014,8.014,0.0,1,0.0,0.0,0.0,0.0,0.0,0.0,1,0,0,STOCKOUT,URGENT,9,117.84,77.83,0.0,0.0,700.47,1060.56,
ST27,SKU03016,TrueTaste Bath & Body 250g,Personal Care,Bath & Body,TrueTaste,11.0234,11.0234,0.0,1,0.0,0.0,0.0,0.0,0.0,0.0,1,0,0,STOCKOUT,URGENT,12,233.3,171.54,0.0,0.0,2058.48,2799.6000000000004,
ST27,SKU03098,PrimeCare Bottled Water 250ml,Beverages,Bottled Water,PrimeCare,15.982047619047623,15.982047619047623,0.0,1,0.0,0.0,0.0,0.0,0.0,0.0,1,0,0,STOCKOUT,URGENT,16,142.36,112.72,0.0,0.0,1803.52,2277.76,
ST27,SKU03232,EverydayPlus Men's Wear 500ml,Apparel & Footwear,Men's Wear,EverydayPlus,11.060066666666668,11.060066666666668,0.0,1,0.0,0.0,0.0,0.0,0.0,0.0,1,0,0,STOCKOUT,URGENT,12,2223.84,1462.03,0.0,0.0,17544.36,26686.08,
ST27,SKU03388,BasicNeeds Coffee Large,Beverages,Coffee,BasicNeeds,2.158,2.158,0.0,1,0.0,0.0,0.0,0.0,0.0,0.0,1,0,0,STOCKOUT,URGENT,3,148.3,97.24,0.0,0.0,291.71999999999997,444.90000000000003,
ST27,SKU03455,FreshFarm Notebooks 250g,Stationery & Office,Notebooks,FreshFarm,50.961814285714254,50.961814285714254,0.0,1,0.0,0.0,0.0,0.0,0.0,0.0,1,0,0,STOCKOUT,URGENT,51,309.96,194.29,0.0,0.0,9908.789999999999,15807.96,
ST27,SKU03865,GreenValley Yogurt Pack of 12,Dairy & Bakery,Yogurt,GreenValley,6.980666666666668,6.980666666666668,0.0,1,0.0,0.0,0.0,0.0,0.0,0.0,1,0,0,STOCKOUT,URGENT,7,266.91,176.53,0.0,0.0,1235.71,1868.3700000000001,
ST27,SKU04166,NatureBlend Milk 100g,Dairy & Bakery,Milk,NatureBlend,18.2776,0.45694,2.8899423080746787,40,0.0,0.0,0.0,0.0,0.0,0.0,1,0,1,STOCKOUT,URGENT,19,263.67,154.85,0.0,0.0,2942.15,5009.7300000000005,
ST27,SKU04329,SoftTouch Cookware 2kg,Home & Kitchen,Cookware,SoftTouch,33.958176190476195,33.958176190476195,0.0,1,0.0,55.0,11.0,0.0,-55.0,-11.0,1,0,0,STOCKOUT,URGENT,55,2452.07,1697.55,0.0,0.0,93365.25,134863.85,2025-09-29
ST27,SKU04393,EliteHome Notebooks 2L,Stationery & Office,Notebooks,EliteHome,12.037333333333336,0.26749629629629634,1.7944197067438317,45,0.0,0.0,0.0,0.0,0.0,0.0,1,0,1,STOCKOUT,URGENT,13,206.15,144.48,0.0,0.0,1878.2399999999998,2679.9500000000003,
ST27,SKU04394,SmartBuy First Aid Small,Health & Wellness,First Aid,SmartBuy,6.987333333333334,6.987333333333334,0.0,1,0.0,0.0,0.0,0.0,0.0,0.0,1,0,0,STOCKOUT,URGENT,7,260.92,158.72,0.0,0.0,1111.04,1826.44,
ST27,SKU04396,NovaFresh Men's Wear Pack of 12,Apparel & Footwear,Men's Wear,NovaFresh,27.993171428571426,27.993171428571426,0.0,1,0.0,0.0,0.0,0.0,0.0,0.0,1,0,0,STOCKOUT,URGENT,28,3425.67,2427.37,0.0,0.0,67966.36,95918.76000000001,
ST27,SKU04416,UrbanBite Men's Grooming Pack of 6,Personal Care,Men's Grooming,UrbanBite,18.009733333333333,18.009733333333333,0.0,1,0.0,0.0,0.0,0.0,0.0,0.0,1,0,0,STOCKOUT,URGENT,19,600.57,359.74,0.0,0.0,6835.06,11410.830000000002,
ST27,SKU04461,BasicNeeds Energy Drinks 500g,Beverages,Energy Drinks,BasicNeeds,5.1162,5.1162,0.0,1,0.0,0.0,0.0,0.0,0.0,0.0,1,0,0,STOCKOUT,URGENT,6,146.84,107.05,0.0,0.0,642.3,881.04,
ST27,SKU04493,SparkleClean Writing Instruments Family Pack,Stationery & Office,Writing Instruments,SparkleClean,12.062466666666666,0.9278820512820511,3.3455263134801427,13,0.0,0.0,0.0,0.0,0.0,0.0,1,0,1,STOCKOUT,URGENT,13,52.07,33.17,0.0,0.0,431.21000000000004,676.91,
ST27,SKU04592,FreshFarm Surface Cleaners 100g,Home Care,Surface Cleaners,FreshFarm,9.023,9.023,0.0,1,0.0,0.0,0.0,0.0,0.0,0.0,1,0,0,STOCKOUT,URGENT,10,100.25,75.16,0.0,0.0,751.5999999999999,1002.5,
ST27,SKU04596,ValueChoice Eggs Pack of 6,Dairy & Bakery,Eggs,ValueChoice,17.922257142857145,17.922257142857145,0.0,1,0.0,60.0,12.0,0.0,-60.0,-12.0,1,0,0,STOCKOUT,URGENT,60,335.55,242.79,0.0,0.0,14567.4,20133.0,2025-10-11
ST27,SKU04762,ValueChoice Frozen Vegetables 1L,Frozen Foods,Frozen Vegetables,ValueChoice,5.013333333333333,5.013333333333333,0.0,1,0.0,0.0,0.0,0.0,0.0,0.0,1,0,0,STOCKOUT,URGENT,6,437.45,261.84,0.0,0.0,1571.04,2624.7,
ST27,SKU04826,NovaFresh Men's Wear Medium,Apparel & Footwear,Men's Wear,NovaFresh,47.28472380952381,47.28472380952381,0.0,1,0.0,0.0,0.0,0.0,0.0,0.0,1,0,0,STOCKOUT,URGENT,48,1610.45,894.31,0.0,0.0,42926.88,77301.6,
ST27,SKU04839,NovaFresh Writing Instruments 250ml,Stationery & Office,Writing Instruments,NovaFresh,12.106,12.106,0.0,1,0.0,0.0,0.0,0.0,0.0,0.0,1,0,0,STOCKOUT,URGENT,13,51.2,39.03,0.0,0.0,507.39,665.6,
ST28,SKU00113,SmartBuy Bread 2L,Dairy & Bakery,Bread,SmartBuy,11.044733333333332,11.044733333333332,0.0,1,0.0,0.0,0.0,0.0,0.0,0.0,1,0,0,STOCKOUT,URGENT,12,136.55,82.18,0.0,0.0,986.1600000000001,1638.6000000000001,
ST28,SKU00979,SmartBuy Frozen Meat 500ml,Frozen Foods,Frozen Meat,SmartBuy,6.069333333333334,6.069333333333334,0.0,1,0.0,0.0,0.0,0.0,0.0,0.0,1,0,0,STOCKOUT,URGENT,7,393.05,257.58,0.0,0.0,1803.06,2751.35,
ST28,SKU01011,SunriseFoods Frozen Vegetables Pack of 6,Frozen Foods,Frozen Vegetables,SunriseFoods,18.15942380952381,1.6508567099567097,5.475272289566978,11,0.0,0.0,0.0,0.0,0.0,0.0,1,0,1,STOCKOUT,URGENT,19,546.32,391.1,0.0,0.0,7430.900000000001,10380.080000000002,
ST28,SKU01170,TrueTaste Hair Care 250ml,Personal Care,Hair Care,TrueTaste,23.844271428571428,23.844271428571428,0.0,1,0.0,66.0,24.0,0.0,-66.0,-24.0,1,0,0,STOCKOUT,URGENT,66,365.5,226.17,0.0,0.0,14927.22,24123.0,2025-08-05
ST28,SKU01292,TrueTaste Frozen Meat 2kg,Frozen Foods,Frozen Meat,TrueTaste,10.022,10.022,0.0,1,0.0,0.0,0.0,0.0,0.0,0.0,1,0,0,STOCKOUT,URGENT,11,601.93,356.17,0.0,0.0,3917.8700000000003,6621.23,
ST28,SKU01377,CleanWave Milk 500ml,Dairy & Bakery,Milk,CleanWave,10.102933333333334,10.102933333333334,0.0,1,0.0,0.0,0.0,0.0,0.0,0.0,1,0,0,STOCKOUT,URGENT,11,131.24,76.8,0.0,0.0,844.8,1443.64,
ST28,SKU01561,NutriPlus Hair Care Pack of 6,Personal Care,Hair Care,NutriPlus,48.8995761904762,48.8995761904762,0.0,1,0.0,0.0,0.0,0.0,0.0,0.0,1,0,0,STOCKOUT,URGENT,49,642.41,390.5,0.0,0.0,19134.5,31478.09,
ST28,SKU01640,NovaFresh Kids Wear 100g,Apparel & Footwear,Kids Wear,NovaFresh,0.0,0.0,0.0,1,0.0,0.0,0.0,0.0,0.0,0.0,1,0,0,STOCKOUT,URGENT,0,1332.63,773.61,0.0,0.0,0.0,0.0,
ST28,SKU01945,EliteHome Energy Drinks Large,Beverages,Energy Drinks,EliteHome,10.919333333333332,10.919333333333332,0.0,1,0.0,0.0,0.0,0.0,0.0,0.0,1,0,0,STOCKOUT,URGENT,11,212.86,160.93,0.0,0.0,1770.23,2341.46,
ST28,SKU02160,PrimeCare Frozen Meat 250ml,Frozen Foods,Frozen Meat,PrimeCare,7.994333333333333,7.994333333333333,0.0,1,0.0,0.0,0.0,0.0,0.0,0.0,1,0,0,STOCKOUT,URGENT,8,305.2,202.78,0.0,0.0,1622.24,2441.6,
ST28,SKU02444,BasicNeeds Tea 1L,Beverages,Tea,BasicNeeds,15.874577777777777,15.874577777777777,0.0,1,0.0,0.0,0.0,0.0,0.0,0.0,1,0,0,STOCKOUT,URGENT,16,75.9,42.09,0.0,0.0,673.44,1214.4,
ST28,SKU02485,CleanWave Rice & Grains 2L,Grocery,Rice & Grains,CleanWave,5.0229333333333335,5.0229333333333335,0.0,1,0.0,0.0,0.0,0.0,0.0,0.0,1,0,0,STOCKOUT,URGENT,6,227.4,144.82,0.0,0.0,868.92,1364.4,
ST28,SKU02530,SparkleClean Hair Care Pack of 12,Personal Care,Hair Care,SparkleClean,22.17250735930736,22.17250735930736,0.0,1,0.0,0.0,0.0,0.0,0.0,0.0,1,0,0,STOCKOUT,URGENT,23,506.86,330.99,0.0,0.0,7612.77,11657.78,
ST28,SKU02593,FreshFarm Ready Meals 500g,Frozen Foods,Ready Meals,FreshFarm,39.60932222222223,1.4146186507936511,7.48545829998745,28,0.0,0.0,0.0,0.0,0.0,0.0,1,0,1,STOCKOUT,URGENT,40,642.49,420.24,0.0,0.0,16809.6,25699.6,
ST28,SKU03032,GoldenHarvest Chips & Crisps Pack of 6,Snacks & Confectionery,Chips & Crisps,GoldenHarvest,18.239733333333334,18.239733333333334,0.0,1,0.0,0.0,0.0,0.0,0.0,0.0,1,0,0,STOCKOUT,URGENT,19,110.49,66.3,0.0,0.0,1259.7,2099.31,
ST28,SKU03055,CityFresh Butter & Ghee 500g,Dairy & Bakery,Butter & Ghee,CityFresh,16.8764,16.8764,0.0,1,0.0,0.0,0.0,0.0,0.0,0.0,1,0,0,STOCKOUT,URGENT,17,130.59,102.42,0.0,0.0,1741.14,2220.03,
ST28,SKU03135,EliteHome Bath & Body Pack of 12,Personal Care,Bath & Body,EliteHome,11.165333333333336,11.165333333333336,0.0,1,0.0,0.0,0.0,0.0,0.0,0.0,1,0,0,STOCKOUT,URGENT,12,393.82,288.18,0.0,0.0,3458.16,4725.84,
ST28,SKU03170,PrimeCare Pulses & Lentils 500ml,Grocery,Pulses & Lentils,PrimeCare,8.011333333333333,8.011333333333333,0.0,1,0.0,0.0,0.0,0.0,0.0,0.0,1,0,0,STOCKOUT,URGENT,9,324.84,186.2,0.0,0.0,1675.8,2923.56,
ST28,SKU03256,CityFresh Skin Care 500ml,Personal Care,Skin Care,CityFresh,21.557366666666663,21.557366666666663,0.0,1,0.0,0.0,0.0,0.0,0.0,0.0,1,0,0,STOCKOUT,URGENT,22,454.99,260.35,0.0,0.0,5727.700000000001,10009.78,
ST28,SKU03344,NutriPlus Small Appliances 1L,Electronics & Accessories,Small Appliances,NutriPlus,5.950666666666666,5.950666666666666,0.0,1,0.0,0.0,0.0,0.0,0.0,0.0,1,0,0,STOCKOUT,URGENT,6,941.86,737.04,0.0,0.0,4422.24,5651.16,
ST28,SKU03402,SoftTouch Frozen Vegetables 100g,Frozen Foods,Frozen Vegetables,SoftTouch,25.661657142857145,25.661657142857145,0.0,1,0.0,0.0,0.0,0.0,0.0,0.0,1,0,0,STOCKOUT,URGENT,26,612.66,450.38,0.0,0.0,11709.88,15929.16,
ST28,SKU03769,GoldenHarvest Spices & Seasoning 250ml,Grocery,Spices & Seasoning,GoldenHarvest,13.261904761904765,13.261904761904765,0.0,1,0.0,0.0,0.0,0.0,0.0,0.0,1,0,0,STOCKOUT,URGENT,14,96.33,61.11,0.0,0.0,855.54,1348.62,
ST28,SKU03865,GreenValley Yogurt Pack of 12,Dairy & Bakery,Yogurt,GreenValley,13.030533333333333,13.030533333333333,0.0,1,0.0,0.0,0.0,0.0,0.0,0.0,1,0,0,STOCKOUT,URGENT,14,266.91,176.53,0.0,0.0,2471.42,3736.7400000000002,
ST28,SKU03911,BasicNeeds Coffee 250ml,Beverages,Coffee,BasicNeeds,9.0396,0.6953538461538462,2.5071339468987905,13,0.0,0.0,0.0,0.0,0.0,0.0,1,0,1,STOCKOUT,URGENT,10,89.02,64.34,0.0,0.0,643.4000000000001,890.1999999999999,
ST28,SKU04342,CityFresh Chips & Crisps Small,Snacks & Confectionery,Chips & Crisps,CityFresh,12.910999999999998,12.910999999999998,0.0,1,0.0,0.0,0.0,0.0,0.0,0.0,1,0,0,STOCKOUT,URGENT,13,60.73,44.41,0.0,0.0,577.3299999999999,789.49,
ST28,SKU04465,BasicNeeds Ice Cream 1kg,Frozen Foods,Ice Cream,BasicNeeds,12.014,12.014,0.0,1,0.0,0.0,0.0,0.0,0.0,0.0,1,0,0,STOCKOUT,URGENT,13,307.29,228.36,0.0,0.0,2968.6800000000003,3994.7700000000004,
ST28,SKU04493,SparkleClean Writing Instruments Family Pack,Stationery & Office,Writing Instruments,SparkleClean,2.134,2.134,0.0,1,0.0,0.0,0.0,0.0,0.0,0.0,1,0,0,STOCKOUT,URGENT,3,52.07,33.17,0.0,0.0,99.51,156.21,
ST28,SKU04522,SmartBuy Small Appliances 100g,Electronics & Accessories,Small Appliances,SmartBuy,19.73303333333333,19.73303333333333,0.0,1,0.0,0.0,0.0,0.0,0.0,0.0,1,0,0,STOCKOUT,URGENT,20,754.02,546.11,0.0,0.0,10922.2,15080.4,
ST28,SKU04773,HomeStyle Ice Cream Small,Frozen Foods,Ice Cream,HomeStyle,10.551328571428572,10.551328571428572,0.0,1,0.0,0.0,0.0,0.0,0.0,0.0,1,0,0,STOCKOUT,URGENT,11,434.24,302.59,0.0,0.0,3328.49,4776.64,
ST28,SKU04933,QuickBite Pulses & Lentils 1kg,Grocery,Pulses & Lentils,QuickBite,7.024,7.024,0.0,1,0.0,0.0,0.0,0.0,0.0,0.0,1,0,0,STOCKOUT,URGENT,8,184.36,119.29,0.0,0.0,954.32,1474.88,
ST29,SKU00274,GoldenHarvest Frozen Vegetables Small,Frozen Foods,Frozen Vegetables,GoldenHarvest,5.917333333333333,0.45517948717948714,1.6411729805650443,13,0.0,0.0,0.0,0.0,0.0,0.0,1,0,1,STOCKOUT,URGENT,6,1066.8,817.34,0.0,0.0,4904.04,6400.799999999999,
ST29,SKU00574,DailyBest Tea 100g,Beverages,Tea,DailyBest,3.122466666666667,3.122466666666667,0.0,1,0.0,0.0,0.0,0.0,0.0,0.0,1,0,0,STOCKOUT,URGENT,4,120.48,95.99,0.0,0.0,383.96,481.92,
ST29,SKU00635,BasicNeeds Surface Cleaners 500ml,Home Care,Surface Cleaners,BasicNeeds,9.2352,9.2352,0.0,1,0.0,0.0,0.0,0.0,0.0,0.0,1,0,0,STOCKOUT,URGENT,10,153.34,107.29,0.0,0.0,1072.9,1533.4,
ST29,SKU00880,GreenValley Hair Care 100g,Personal Care,Hair Care,GreenValley,2.042,2.042,0.0,1,0.0,0.0,0.0,0.0,0.0,0.0,1,0,0,STOCKOUT,URGENT,3,550.09,307.65,0.0,0.0,922.9499999999999,1650.27,
ST29,SKU00926,NutriPlus Soft Drinks 1L,Beverages,Soft Drinks,NutriPlus,33.78638253968254,33.78638253968254,0.0,1,0.0,0.0,0.0,0.0,0.0,0.0,1,0,0,STOCKOUT,URGENT,34,285.44,204.55,0.0,0.0,6954.700000000001,9704.96,
ST29,SKU01005,EliteHome Milk Medium,Dairy & Bakery,Milk,EliteHome,17.55034761904762,17.55034761904762,0.0,1,0.0,0.0,0.0,0.0,0.0,0.0,1,0,0,STOCKOUT,URGENT,18,211.75,146.2,0.0,0.0,2631.6,3811.5,
ST29,SKU01020,SparkleClean Office Supplies 250g,Stationery & Office,Office Supplies,SparkleClean,0.0,0.0,0.0,1,0.0,0.0,0.0,0.0,0.0,0.0,1,0,0,STOCKOUT,URGENT,0,152.7,103.09,0.0,0.0,0.0,0.0,
ST29,SKU01157,HomeStyle Eggs 1L,Dairy & Bakery,Eggs,HomeStyle,3.01,3.01,0.0,1,0.0,0.0,0.0,0.0,0.0,0.0,1,0,0,STOCKOUT,URGENT,4,228.88,141.99,0.0,0.0,567.96,915.52,
ST29,SKU01210,SoftTouch Oral Care 250ml,Personal Care,Oral Care,SoftTouch,1.1026666666666665,0.06125925925925925,0.25990102579612206,18,0.0,0.0,0.0,0.0,0.0,0.0,1,0,1,STOCKOUT,URGENT,2,279.72,206.3,0.0,0.0,412.6,559.44,
ST29,SKU01454,NutriPlus Cheese 250ml,Dairy & Bakery,Cheese,NutriPlus,9.016333333333332,9.016333333333332,0.0,1,0.0,0.0,0.0,0.0,0.0,0.0,1,0,0,STOCKOUT,URGENT,10,115.42,83.51,0.0,0.0,835.1,1154.2,
ST29,SKU01477,MetroBrand Ready Meals 500g,Frozen Foods,Ready Meals,MetroBrand,48.723126984127006,48.723126984127006,0.0,1,0.0,0.0,0.0,0.0,0.0,0.0,1,0,0,STOCKOUT,URGENT,49,296.17,167.26,0.0,0.0,8195.74,14512.33,
ST29,SKU01600,UrbanBite Batteries Pack of 6,Electronics & Accessories,Batteries,UrbanBite,31.522357142857143,31.522357142857143,0.0,1,0.0,0.0,0.0,0.0,0.0,0.0,1,0,0,STOCKOUT,URGENT,32,419.03,241.87,0.0,0.0,7739.84,13408.96,
ST29,SKU01636,MetroBrand Candy 500ml,Snacks & Confectionery,Candy,MetroBrand,20.033357142857145,20.033357142857145,0.0,1,0.0,0.0,0.0,0.0,0.0,0.0,1,0,0,STOCKOUT,URGENT,21,179.26,110.31,0.0,0.0,2316.51,3764.46,
ST29,SKU01662,FamilyChoice OTC Medicine Medium,Health & Wellness,OTC Medicine,FamilyChoice,2.989,2.989,0.0,1,0.0,59.0,13.0,0.0,-59.0,-13.0,1,0,0,STOCKOUT,URGENT,59,495.84,328.64,0.0,0.0,19389.76,29254.559999999998,2025-09-12
ST29,SKU01749,HealthFirst Small Appliances 2kg,Electronics & Accessories,Small Appliances,HealthFirst,10.011733333333334,10.011733333333334,0.0,1,0.0,0.0,0.0,0.0,0.0,0.0,1,0,0,STOCKOUT,URGENT,11,1682.32,972.66,0.0,0.0,10699.26,18505.52,
ST29,SKU01856,EliteHome Soft Drinks 500g,Beverages,Soft Drinks,EliteHome,17.802707936507932,17.802707936507932,0.0,1,0.0,0.0,0.0,0.0,0.0,0.0,1,0,0,STOCKOUT,URGENT,18,195.51,128.08,0.0,0.0,2305.44,3519.18,
ST29,SKU01929,BasicNeeds Cheese 500g,Dairy & Bakery,Cheese,BasicNeeds,41.38150158730159,41.38150158730159,0.0,1,0.0,0.0,0.0,0.0,0.0,0.0,1,0,0,STOCKOUT,URGENT,42,79.85,59.94,0.0,0.0,2517.48,3353.7,
ST29,SKU02001,GreenValley Bread 1kg,Dairy & Bakery,Bread,GreenValley,2.002,2.002,0.0,1,0.0,0.0,0.0,0.0,0.0,0.0,1,0,0,STOCKOUT,URGENT,3,79.68,49.09,0.0,0.0,147.27,239.04000000000002,
ST29,SKU02249,NatureBlend Milk 1kg,Dairy & Bakery,Milk,NatureBlend,7.882952380952381,7.882952380952381,0.0,1,0.0,0.0,0.0,0.0,0.0,0.0,1,0,0,STOCKOUT,URGENT,8,154.96,98.63,0.0,0.0,789.04,1239.68,
ST29,SKU02257,SunriseFoods Men's Grooming Pack of 12,Personal Care,Men's Grooming,SunriseFoods,8.988,8.988,0.0,1,0.0,0.0,0.0,0.0,0.0,0.0,1,0,0,STOCKOUT,URGENT,9,809.38,496.23,0.0,0.0,4466.07,7284.42,
ST29,SKU02307,CrispKing Storage & Containers 250g,Home & Kitchen,Storage & Containers,CrispKing,21.83751428571428,21.83751428571428,0.0,1,0.0,0.0,0.0,0.0,0.0,0.0,1,0,0,STOCKOUT,URGENT,22,2067.44,1582.15,0.0,0.0,34807.3,45483.68,
ST29,SKU02339,UrbanBite Frozen Vegetables Medium,Frozen Foods,Frozen Vegetables,UrbanBite,3.006333333333333,3.006333333333333,0.0,1,0.0,0.0,0.0,0.0,0.0,0.0,1,0,0,STOCKOUT,URGENT,4,395.4,225.4,0.0,0.0,901.6,1581.6,
ST29,SKU02346,NatureBlend Candy Medium,Snacks & Confectionery,Candy,NatureBlend,11.880419047619046,11.880419047619046,0.0,1,0.0,0.0,0.0,0.0,0.0,0.0,1,0,0,STOCKOUT,URGENT,12,74.12,43.49,0.0,0.0,521.88,889.44,
ST29,SKU02458,UrbanBite Cheese 1kg,Dairy & Bakery,Cheese,UrbanBite,6.998,6.998,0.0,1,0.0,0.0,0.0,0.0,0.0,0.0,1,0,0,STOCKOUT,URGENT,7,107.76,70.42,0.0,0.0,492.94,754.32,
ST29,SKU02475,PurePlus Office Supplies 250ml,Stationery & Office,Office Supplies,PurePlus,12.073,12.073,0.0,1,0.0,0.0,0.0,0.0,0.0,0.0,1,0,0,STOCKOUT,URGENT,13,203.98,159.58,0.0,0.0,2074.54,2651.74,
ST29,SKU02547,MetroBrand Tea Small,Beverages,Tea,MetroBrand,12.135223809523808,12.135223809523808,0.0,1,0.0,0.0,0.0,0.0,0.0,0.0,1,0,0,STOCKOUT,URGENT,13,142.4,86.06,0.0,0.0,1118.78,1851.2,
ST29,SKU02589,GreenValley Air Fresheners 1L,Home Care,Air Fresheners,GreenValley,23.338,23.338,0.0,1,0.0,0.0,0.0,0.0,0.0,0.0,1,0,0,STOCKOUT,URGENT,24,247.05,167.14,0.0,0.0,4011.3599999999997,5929.200000000001,
ST29,SKU02643,EverydayPlus Small Appliances 2L,Electronics & Accessories,Small Appliances,EverydayPlus,5.925333333333333,5.925333333333333,0.0,1,0.0,0.0,0.0,0.0,0.0,0.0,1,0,0,STOCKOUT,URGENT,6,4162.05,2840.33,0.0,0.0,17041.98,24972.300000000003,
ST29,SKU02660,HomeStyle Biscuits & Cookies Family Pack,Snacks & Confectionery,Biscuits & Cookies,HomeStyle,10.750847619047615,10.750847619047615,0.0,1,0.0,46.0,16.0,0.0,-46.0,-16.0,1,0,0,STOCKOUT,URGENT,46,81.91,53.4,0.0,0.0,2456.4,3767.8599999999997,2025-08-24
ST29,SKU02736,PremiumSelect Juices 250g,Beverages,Juices,PremiumSelect,17.145488888888888,17.145488888888888,0.0,1,0.0,0.0,0.0,0.0,0.0,0.0,1,0,0,STOCKOUT,URGENT,18,153.51,91.99,0.0,0.0,1655.82,2763.18,
ST29,SKU02772,CrispKing Women's Wear 1kg,Apparel & Footwear,Women's Wear,CrispKing,1.0,1.0,0.0,1,0.0,0.0,0.0,0.0,0.0,0.0,1,0,0,STOCKOUT,URGENT,1,2247.26,1299.27,0.0,0.0,1299.27,2247.26,
ST29,SKU02870,EliteHome Batteries 100g,Electronics & Accessories,Batteries,EliteHome,12.974238095238094,12.974238095238094,0.0,1,0.0,0.0,0.0,0.0,0.0,0.0,1,0,0,STOCKOUT,URGENT,13,794.71,627.11,0.0,0.0,8152.43,10331.23,
ST29,SKU03023,ValueChoice Dishwashing 2L,Home Care,Dishwashing,ValueChoice,14.013266666666665,14.013266666666665,0.0,1,0.0,0.0,0.0,0.0,0.0,0.0,1,0,0,STOCKOUT,URGENT,15,497.92,283.89,0.0,0.0,4258.349999999999,7468.8,
ST29,SKU03039,CityFresh Rice & Grains 250g,Grocery,Rice & Grains,CityFresh,10.008666666666668,10.008666666666668,0.0,1,0.0,0.0,0.0,0.0,0.0,0.0,1,0,0,STOCKOUT,URGENT,11,135.27,76.02,0.0,0.0,836.2199999999999,1487.97,
ST29,SKU03044,GoldenHarvest Chocolates 500ml,Snacks & Confectionery,Chocolates,GoldenHarvest,24.46102380952381,24.46102380952381,0.0,1,0.0,0.0,0.0,0.0,0.0,0.0,1,0,0,STOCKOUT,URGENT,25,74.7,44.91,0.0,0.0,1122.75,1867.5,
ST29,SKU03098,PrimeCare Bottled Water 250ml,Beverages,Bottled Water,PrimeCare,10.840666666666667,10.840666666666667,0.0,1,0.0,0.0,0.0,0.0,0.0,0.0,1,0,0,STOCKOUT,URGENT,11,142.36,112.72,0.0,0.0,1239.92,1565.96,
ST29,SKU03227,CleanWave Frozen Vegetables 250ml,Frozen Foods,Frozen Vegetables,CleanWave,7.013333333333332,7.013333333333332,0.0,1,0.0,0.0,0.0,0.0,0.0,0.0,1,0,0,STOCKOUT,URGENT,8,383.56,220.98,0.0,0.0,1767.84,3068.48,
ST29,SKU03374,EliteHome Candy 250g,Snacks & Confectionery,Candy,EliteHome,25.334466666666675,25.334466666666675,0.0,1,0.0,0.0,0.0,0.0,0.0,0.0,1,0,0,STOCKOUT,URGENT,26,70.93,48.53,0.0,0.0,1261.78,1844.1800000000003,
ST29,SKU03505,QuickBite Mobile Accessories Family Pack,Electronics & Accessories,Mobile Accessories,QuickBite,29.82580952380953,29.82580952380953,0.0,1,0.0,0.0,0.0,0.0,0.0,0.0,1,0,0,STOCKOUT,URGENT,30,3317.78,2379.12,0.0,0.0,71373.59999999999,99533.40000000001,
ST29,SKU03510,TrueTaste Pest Control Pack of 6,Home Care,Pest Control,TrueTaste,8.035333333333334,8.035333333333334,0.0,1,0.0,0.0,0.0,0.0,0.0,0.0,1,0,0,STOCKOUT,URGENT,9,143.24,82.06,0.0,0.0,738.54,1289.16,
ST29,SKU03607,SparkleClean OTC Medicine 500g,Health & Wellness,OTC Medicine,SparkleClean,3.0,3.0,0.0,1,0.0,0.0,0.0,0.0,0.0,0.0,1,0,0,STOCKOUT,URGENT,3,325.03,211.34,0.0,0.0,634.02,975.0899999999999,
ST29,SKU03743,PremiumSelect Air Fresheners 500g,Home Care,Air Fresheners,PremiumSelect,8.012666666666666,8.012666666666666,0.0,1,0.0,58.0,27.0,0.0,-58.0,-27.0,1,0,0,STOCKOUT,URGENT,58,253.24,162.98,0.0,0.0,9452.84,14687.92,2025-09-25
ST29,SKU03900,GreenValley Air Fresheners 250g,Home Care,Air Fresheners,GreenValley,17.83407142857143,17.83407142857143,0.0,1,0.0,0.0,0.0,0.0,0.0,0.0,1,0,0,STOCKOUT,URGENT,18,516.82,316.31,0.0,0.0,5693.58,9302.76,
ST29,SKU03916,CrispKing Bath & Body Family Pack,Personal Care,Bath & Body,CrispKing,13.94501904761905,13.94501904761905,0.0,1,0.0,0.0,0.0,0.0,0.0,0.0,1,0,0,STOCKOUT,URGENT,14,149.76,101.25,0.0,0.0,1417.5,2096.64,
ST29,SKU04056,EliteHome Footwear Pack of 12,Apparel & Footwear,Footwear,EliteHome,50.06599682539683,50.06599682539683,0.0,1,0.0,0.0,0.0,0.0,0.0,0.0,1,0,0,STOCKOUT,URGENT,51,1184.05,691.67,0.0,0.0,35275.17,60386.549999999996,
ST29,SKU04074,EliteHome Frozen Meat Pack of 12,Frozen Foods,Frozen Meat,EliteHome,2.018733333333333,2.018733333333333,0.0,1,0.0,0.0,0.0,0.0,0.0,0.0,1,0,0,STOCKOUT,URGENT,3,340.42,247.99,0.0,0.0,743.97,1021.26,
ST29,SKU04092,SoftTouch Cheese 500g,Dairy & Bakery,Cheese,SoftTouch,28.582557142857137,28.582557142857137,0.0,1,0.0,0.0,0.0,0.0,0.0,0.0,1,0,0,STOCKOUT,URGENT,29,207.57,156.64,0.0,0.0,4542.5599999999995,6019.53,
ST29,SKU04198,QuickBite Juices 2L,Beverages,Juices,QuickBite,18.142266666666668,18.142266666666668,0.0,1,0.0,0.0,0.0,0.0,0.0,0.0,1,0,0,STOCKOUT,URGENT,19,122.84,93.56,0.0,0.0,1777.64,2333.96,
ST29,SKU04221,PurePlus Frozen Meat Large,Frozen Foods,Frozen Meat,PurePlus,11.865999999999998,11.865999999999998,0.0,1,0.0,0.0,0.0,0.0,0.0,0.0,1,0,0,STOCKOUT,URGENT,12,443.13,344.34,0.0,0.0,4132.08,5317.5599999999995,
ST29,SKU04435,GreenValley OTC Medicine 2kg,Health & Wellness,OTC Medicine,GreenValley,2.992066666666667,2.992066666666667,0.0,1,0.0,0.0,0.0,0.0,0.0,0.0,1,0,0,STOCKOUT,URGENT,3,356.87,232.94,0.0,0.0,698.8199999999999,1070.6100000000001,
ST29,SKU04447,NutriPlus Home Decor Family Pack,Home & Kitchen,Home Decor,NutriPlus,48.73757936507934,48.73757936507934,0.0,1,0.0,0.0,0.0,0.0,0.0,0.0,1,0,0,STOCKOUT,URGENT,49,1190.64,695.87,0.0,0.0,34097.63,58341.36000000001,
ST29,SKU04772,SunriseFoods Cookware 500ml,Home & Kitchen,Cookware,SunriseFoods,7.040990476190476,7.040990476190476,0.0,1,0.0,0.0,0.0,0.0,0.0,0.0,1,0,0,STOCKOUT,URGENT,8,1952.93,1273.69,0.0,0.0,10189.52,15623.44,
ST29,SKU04959,QuickBite Bread Medium,Dairy & Bakery,Bread,QuickBite,6.0666,6.0666,0.0,1,0.0,0.0,0.0,0.0,0.0,0.0,1,0,0,STOCKOUT,URGENT,7,140.13,79.31,0.0,0.0,555.1700000000001,980.91,
ST30,SKU00011,PremiumSelect Writing Instruments 500g,Stationery & Office,Writing Instruments,PremiumSelect,15.013933333333332,15.013933333333332,0.0,1,0.0,0.0,0.0,0.0,0.0,0.0,1,0,0,STOCKOUT,URGENT,16,123.36,83.12,0.0,0.0,1329.92,1973.76,
ST30,SKU00045,SmartBuy Writing Instruments 1L,Stationery & Office,Writing Instruments,SmartBuy,5.169333333333333,5.169333333333333,0.0,1,0.0,0.0,0.0,0.0,0.0,0.0,1,0,0,STOCKOUT,URGENT,6,352.71,253.27,0.0,0.0,1519.6200000000001,2116.2599999999998,
ST30,SKU00084,NutriPlus Men's Wear 2kg,Apparel & Footwear,Men's Wear,NutriPlus,5.260266666666666,5.260266666666666,0.0,1,0.0,0.0,0.0,0.0,0.0,0.0,1,0,0,STOCKOUT,URGENT,6,1308.64,729.59,0.0,0.0,4377.54,7851.84,
ST30,SKU00178,PrimeCare Pulses & Lentils Family Pack,Grocery,Pulses & Lentils,PrimeCare,35.757595238095234,35.757595238095234,0.0,1,0.0,0.0,0.0,0.0,0.0,0.0,1,0,0,STOCKOUT,URGENT,36,527.32,350.05,0.0,0.0,12601.800000000001,18983.52,
ST30,SKU00415,CityFresh Cookware 500ml,Home & Kitchen,Cookware,CityFresh,15.024,15.024,0.0,1,0.0,0.0,0.0,0.0,0.0,0.0,1,0,0,STOCKOUT,URGENT,16,1769.39,1146.13,0.0,0.0,18338.08,28310.24,
ST30,SKU00483,ValueChoice Surface Cleaners 100g,Home Care,Surface Cleaners,ValueChoice,10.021333333333336,10.021333333333336,0.0,1,0.0,0.0,0.0,0.0,0.0,0.0,1,0,0,STOCKOUT,URGENT,11,180.8,101.09,0.0,0.0,1111.99,1988.8000000000002,
ST30,SKU00632,ValueChoice Vitamins & Supplements 2L,Health & Wellness,Vitamins & Supplements,ValueChoice,3.0570000000000004,3.0570000000000004,0.0,1,0.0,0.0,0.0,0.0,0.0,0.0,1,0,0,STOCKOUT,URGENT,4,1003.77,725.21,0.0,0.0,2900.84,4015.08,
ST30,SKU00692,SoftTouch OTC Medicine Pack of 6,Health & Wellness,OTC Medicine,SoftTouch,14.957333333333333,14.957333333333333,0.0,1,0.0,20.0,6.0,0.0,-20.0,-6.0,1,0,0,STOCKOUT,URGENT,20,235.52,187.94,0.0,0.0,3758.8,4710.400000000001,2025-10-08
ST30,SKU00720,SparkleClean Spices & Seasoning Pack of 6,Grocery,Spices & Seasoning,SparkleClean,7.992666666666667,7.992666666666667,0.0,1,0.0,0.0,0.0,0.0,0.0,0.0,1,0,0,STOCKOUT,URGENT,8,334.44,211.06,0.0,0.0,1688.48,2675.52,
ST30,SKU01119,PremiumSelect Notebooks Medium,Stationery & Office,Notebooks,PremiumSelect,16.053533333333334,16.053533333333334,0.0,1,0.0,0.0,0.0,0.0,0.0,0.0,1,0,0,STOCKOUT,URGENT,17,181.19,108.07,0.0,0.0,1837.1899999999998,3080.23,
ST30,SKU01240,TrueTaste Storage & Containers Large,Home & Kitchen,Storage & Containers,TrueTaste,7.982619047619048,7.982619047619048,0.0,1,0.0,0.0,0.0,0.0,0.0,0.0,1,0,0,STOCKOUT,URGENT,8,1130.44,723.69,0.0,0.0,5789.52,9043.52,
ST30,SKU01397,CityFresh Small Appliances Pack of 12,Electronics & Accessories,Small Appliances,CityFresh,7.039666666666667,7.039666666666667,0.0,1,0.0,0.0,0.0,0.0,0.0,0.0,1,0,0,STOCKOUT,URGENT,8,4181.58,2480.4,0.0,0.0,19843.2,33452.64,
ST30,SKU01629,NatureBlend Milk 2L,Dairy & Bakery,Milk,NatureBlend,13.96629696969697,13.96629696969697,0.0,1,0.0,0.0,0.0,0.0,0.0,0.0,1,0,0,STOCKOUT,URGENT,14,94.03,67.3,0.0,0.0,942.1999999999999,1316.42,
ST30,SKU01635,ZestyCo Mobile Accessories 250ml,Electronics & Accessories,Mobile Accessories,ZestyCo,15.720266666666667,15.720266666666667,0.0,1,0.0,0.0,0.0,0.0,0.0,0.0,1,0,0,STOCKOUT,URGENT,16,1048.53,633.6,0.0,0.0,10137.6,16776.48,
ST30,SKU01951,SparkleClean Storage & Containers 250ml,Home & Kitchen,Storage & Containers,SparkleClean,16.061733333333333,16.061733333333333,0.0,1,0.0,0.0,0.0,0.0,0.0,0.0,1,0,0,STOCKOUT,URGENT,17,996.14,692.15,0.0,0.0,11766.55,16934.38,
ST30,SKU02062,CityFresh Men's Wear 500ml,Apparel & Footwear,Men's Wear,CityFresh,9.9944,9.9944,0.0,1,0.0,0.0,0.0,0.0,0.0,0.0,1,0,0,STOCKOUT,URGENT,10,1854.01,1133.64,0.0,0.0,11336.400000000001,18540.1,
ST30,SKU02103,MetroBrand Namkeen Medium,Snacks & Confectionery,Namkeen,MetroBrand,24.544200000000004,24.544200000000004,0.0,1,0.0,0.0,0.0,0.0,0.0,0.0,1,0,0,STOCKOUT,URGENT,25,113.18,85.58,0.0,0.0,2139.5,2829.5,
ST30,SKU02438,CityFresh Milk Small,Dairy & Bakery,Milk,CityFresh,10.17907619047619,10.17907619047619,0.0,1,0.0,0.0,0.0,0.0,0.0,0.0,1,0,0,STOCKOUT,URGENT,11,181.83,108.5,0.0,0.0,1193.5,2000.13,
ST30,SKU02517,EverydayPlus Chocolates 2L,Snacks & Confectionery,Chocolates,EverydayPlus,10.019333333333334,10.019333333333334,0.0,1,0.0,0.0,0.0,0.0,0.0,0.0,1,0,0,STOCKOUT,URGENT,11,84.6,46.99,0.0,0.0,516.89,930.5999999999999,
ST30,SKU02599,PremiumSelect Oral Care 250ml,Personal Care,Oral Care,PremiumSelect,1.0313333333333332,1.0313333333333332,0.0,1,0.0,0.0,0.0,0.0,0.0,0.0,1,0,0,STOCKOUT,URGENT,2,600.09,362.67,0.0,0.0,725.34,1200.18,
ST30,SKU02790,PremiumSelect Chips & Crisps 2L,Snacks & Confectionery,Chips & Crisps,PremiumSelect,5.093,0.18189285714285713,0.9624865305179972,28,0.0,0.0,0.0,0.0,0.0,0.0,1,0,1,STOCKOUT,URGENT,6,70.96,51.58,0.0,0.0,309.48,425.76,
ST30,SKU02972,EverydayPlus Office Supplies Medium,Stationery & Office,Office Supplies,EverydayPlus,18.1524,18.1524,0.0,1,0.0,0.0,0.0,0.0,0.0,0.0,1,0,0,STOCKOUT,URGENT,19,98.84,62.17,0.0,0.0,1181.23,1877.96,
ST30,SKU03110,PureLife Men's Grooming Pack of 6,Personal Care,Men's Grooming,PureLife,20.9683,20.9683,0.0,1,0.0,0.0,0.0,0.0,0.0,0.0,1,0,0,STOCKOUT,URGENT,21,304.91,183.97,0.0,0.0,3863.37,6403.110000000001,
ST30,SKU03314,ValueChoice Rice & Grains Small,Grocery,Rice & Grains,ValueChoice,3.589190476190476,3.589190476190476,0.0,1,0.0,0.0,0.0,0.0,0.0,0.0,1,0,0,STOCKOUT,URGENT,4,199.25,146.27,0.0,0.0,585.08,797.0,
ST30,SKU03321,NutriPlus Chocolates 1kg,Snacks & Confectionery,Chocolates,NutriPlus,17.041933333333333,17.041933333333333,0.0,1,0.0,0.0,0.0,0.0,0.0,0.0,1,0,0,STOCKOUT,URGENT,18,86.3,54.93,0.0,0.0,988.74,1553.3999999999999,
ST30,SKU03415,EliteHome Men's Wear 500ml,Apparel & Footwear,Men's Wear,EliteHome,7.989333333333333,7.989333333333333,0.0,1,0.0,0.0,0.0,0.0,0.0,0.0,1,0,0,STOCKOUT,URGENT,8,1197.64,837.63,0.0,0.0,6701.04,9581.12,
ST30,SKU03568,CrispKing Butter & Ghee Pack of 6,Dairy & Bakery,Butter & Ghee,CrispKing,28.18246984126983,28.18246984126983,0.0,1,0.0,0.0,0.0,0.0,0.0,0.0,1,0,0,STOCKOUT,URGENT,29,252.26,150.27,0.0,0.0,4357.83,7315.54,
ST30,SKU03707,GreenValley Skin Care 1kg,Personal Care,Skin Care,GreenValley,3.003,3.003,0.0,1,0.0,0.0,0.0,0.0,0.0,0.0,1,0,0,STOCKOUT,URGENT,4,247.37,191.61,0.0,0.0,766.44,989.48,
ST30,SKU03797,PremiumSelect Rice & Grains Small,Grocery,Rice & Grains,PremiumSelect,30.869025396825386,30.869025396825386,0.0,1,0.0,0.0,0.0,0.0,0.0,0.0,1,0,0,STOCKOUT,URGENT,31,361.59,261.89,0.0,0.0,8118.589999999999,11209.289999999999,
ST30,SKU04114,QuickBite Women's Wear Family Pack,Apparel & Footwear,Women's Wear,QuickBite,0.002,0.002,0.0,1,0.0,0.0,0.0,0.0,0.0,0.0,1,0,0,STOCKOUT,URGENT,1,1503.26,1011.06,0.0,0.0,1011.06,1503.26,
ST30,SKU04193,GoldenHarvest Surface Cleaners 1kg,Home Care,Surface Cleaners,GoldenHarvest,23.311676190476188,23.311676190476188,0.0,1,0.0,0.0,0.0,0.0,0.0,0.0,1,0,0,STOCKOUT,URGENT,24,215.47,143.12,0.0,0.0,3434.88,5171.28,
ST30,SKU04556,NatureBlend Candy 250ml,Snacks & Confectionery,Candy,NatureBlend,1.0,1.0,0.0,1,0.0,0.0,0.0,0.0,0.0,0.0,1,0,0,STOCKOUT,URGENT,1,51.09,36.13,0.0,0.0,36.13,51.09,
ST30,SKU04560,SunriseFoods Laundry 250g,Home Care,Laundry,SunriseFoods,9.490109523809522,9.490109523809522,0.0,1,0.0,0.0,0.0,0.0,0.0,0.0,1,0,0,STOCKOUT,URGENT,10,262.25,182.99,0.0,0.0,1829.9,2622.5,
ST30,SKU04656,ZestyCo Men's Wear Pack of 12,Apparel & Footwear,Men's Wear,ZestyCo,12.211171428571427,12.211171428571427,0.0,1,0.0,0.0,0.0,0.0,0.0,0.0,1,0,0,STOCKOUT,URGENT,13,1418.65,875.08,0.0,0.0,11376.04,18442.45,
ST30,SKU04682,PremiumSelect Coffee 2kg,Beverages,Coffee,PremiumSelect,3.991466666666667,3.991466666666667,0.0,1,0.0,0.0,0.0,0.0,0.0,0.0,1,0,0,STOCKOUT,URGENT,4,129.38,72.59,0.0,0.0,290.36,517.52,
ST30,SKU04842,TrueTaste Frozen Vegetables 500ml,Frozen Foods,Frozen Vegetables,TrueTaste,11.9878,11.9878,0.0,1,0.0,0.0,0.0,0.0,0.0,0.0,1,0,0,STOCKOUT,URGENT,12,806.29,509.46,0.0,0.0,6113.5199999999995,9675.48,
ST30,SKU04870,EliteHome First Aid 2kg,Health & Wellness,First Aid,EliteHome,9.801666666666668,9.801666666666668,0.0,1,0.0,0.0,0.0,0.0,0.0,0.0,1,0,0,STOCKOUT,URGENT,10,328.18,183.63,0.0,0.0,1836.3,3281.8,
ST30,SKU04918,PurePlus Flour & Atta 250g,Grocery,Flour & Atta,PurePlus,2.5897238095238087,2.5897238095238087,0.0,1,0.0,0.0,0.0,0.0,0.0,0.0,1,0,0,STOCKOUT,URGENT,3,64.2,44.96,0.0,0.0,134.88,192.60000000000002,
ST30,SKU04942,ZestyCo Men's Grooming 1L,Personal Care,Men's Grooming,ZestyCo,6.16719365079365,6.16719365079365,0.0,1,0.0,0.0,0.0,0.0,0.0,0.0,1,0,0,STOCKOUT,URGENT,7,281.75,168.33,0.0,0.0,1178.3100000000002,1972.25,
ST30,SKU04997,CrispKing Pest Control 250ml,Home Care,Pest Control,CrispKing,5.1408,5.1408,0.0,1,0.0,0.0,0.0,0.0,0.0,0.0,1,0,0,STOCKOUT,URGENT,6,587.79,378.17,0.0,0.0,2269.02,3526.74,
