store_id,sku_id,stock_on_hand,reorder_point,safety_stock,last_restock_date
ST11,SKU02558,333,72,22,2025-06-23
ST21,SKU01031,236,67,14,2025-06-17
ST26,SKU02129,496,96,34,2025-07-10
ST19,SKU02907,109,34,13,2025-08-17
ST05,SKU01023,333,97,22,2025-07-12
ST08,SKU04475,345,90,29,2025-05-07
ST01,SKU01318,92,24,9,2025-06-29
ST13,SKU00389,212,49,15,2025-08-16
ST25,SKU01675,289,77,32,2025-08-26
ST06,SKU01396,251,57,12,2025-08-08
ST07,SKU04250,348,79,27,2025-05-10
ST22,SKU03592,468,79,38,2025-08-29
ST01,SKU00500,0,54,24,2025-10-08
ST20,SKU02728,124,41,18,2025-05-20
ST08,SKU03428,84,21,5,2025-06-19
ST11,SKU04894,488,93,22,2025-05-26
ST16,SKU01037,0,92,38,2025-09-03
ST21,SKU01152,0,76,32,2025-10-02
ST28,SKU02094,291,62,16,2025-06-01
ST26,SKU04236,377,85,24,2025-06-16
ST19,SKU01042,165,29,12,2025-08-27
ST15,SKU01337,308,60,19,2025-07-20
ST08,SKU02381,0,36,15,2025-09-05
ST09,SKU01034,297,50,17,2025-07-31
ST07,SKU00170,311,70,33,2025-08-12
ST19,SKU01981,95,30,13,2025-08-21
ST15,SKU04491,81,25,10,2025-07-18
ST25,SKU00978,129,22,5,2025-05-31
ST27,SKU03562,270,79,38,2025-06-26
ST25,SKU00749,139,27,10,2025-07-15
ST14,SKU00331,317,59,15,2025-08-15
ST24,SKU03493,318,58,22,2025-07-11
ST22,SKU04652,111,21,9,2025-06-20
ST03,SKU02387,292,77,37,2025-08-09
ST08,SKU04717,202,56,16,2025-05-29
ST08,SKU00516,297,94,29,2025-08-20
ST01,SKU03546,0,42,18,2025-08-24
ST13,SKU00631,528,100,48,2025-06-21
ST12,SKU03375,379,92,45,2025-05-31
ST24,SKU02217,233,59,21,2025-07-22
ST08,SKU01684,142,40,11,2025-06-01
ST01,SKU02728,148,40,10,2025-07-02
ST04,SKU04194,446,92,19,2025-08-07
ST11,SKU00935,224,58,27,2025-06-15
ST28,SKU04551,0,80,39,2025-09-05
ST21,SKU03609,508,97,41,2025-06-03
ST23,SKU02221,152,35,15,2025-08-13
ST09,SKU02094,239,65,25,2025-07-22
ST28,SKU00350,96,31,14,2025-07-31
ST03,SKU02279,435,78,24,2025-07-14
ST18,SKU03311,412,80,28,2025-05-09
ST25,SKU02038,69,22,5,2025-05-26
ST30,SKU00167,195,56,24,2025-05-07
ST09,SKU03491,125,22,10,2025-06-25
ST23,SKU01174,468,83,19,2025-07-02
ST28,SKU03504,280,89,24,2025-08-07
ST11,SKU01874,488,85,36,2025-07-20
ST24,SKU02567,361,65,16,2025-08-25
ST15,SKU02747,0,100,30,2025-10-06
ST15,SKU00532,113,33,7,2025-05-10
ST27,SKU01818,158,41,13,2025-05-16
ST25,SKU00991,189,46,23,2025-08-16
ST06,SKU04913,0,26,9,2025-08-29
ST04,SKU04315,0,76,24,2025-10-08
ST28,SKU04443,111,22,11,2025-08-16
ST26,SKU00169,0,23,9,2025-08-10
ST12,SKU02449,0,79,18,2025-10-02
ST10,SKU03837,299,50,24,2025-07-08
ST05,SKU03493,319,68,27,2025-05-31
ST22,SKU04894,113,33,13,2025-08-26
ST13,SKU03088,0,97,40,2025-08-14
ST30,SKU02503,0,21,6,2025-10-10
ST30,SKU04489,0,74,37,2025-08-22
ST25,SKU04145,249,48,21,2025-05-20
ST16,SKU04554,165,51,13,2025-05-25
ST06,SKU01880,95,29,10,2025-06-11
ST06,SKU01651,103,20,4,2025-05-15
ST07,SKU02519,259,45,9,2025-07-01
ST26,SKU01337,98,21,8,2025-05-07
ST07,SKU04505,128,29,9,2025-07-29
ST15,SKU04854,147,45,14,2025-07-22
ST27,SKU01939,299,55,24,2025-08-31
ST20,SKU02983,0,77,25,2025-09-05
ST18,SKU00170,178,35,14,2025-05-24
ST04,SKU02221,279,59,25,2025-08-31
ST09,SKU00350,261,47,19,2025-06-30
ST21,SKU03622,0,47,15,2025-10-08
ST12,SKU00355,342,87,30,2025-08-31
ST03,SKU00535,112,24,8,2025-08-21
ST15,SKU03807,234,41,12,2025-07-12
ST13,SKU00994,0,73,15,2025-08-09
ST04,SKU01174,288,57,13,2025-05-25
ST09,SKU03504,382,70,15,2025-07-18
ST21,SKU00589,292,58,17,2025-05-28
ST05,SKU02567,298,76,28,2025-08-17
ST24,SKU02580,235,57,22,2025-06-22
ST22,SKU03968,196,51,14,2025-06-24
ST06,SKU00954,197,43,13,2025-08-20
ST23,SKU02355,0,40,19,2025-08-13
ST26,SKU04612,396,95,32,2025-08-16
ST19,SKU03633,0,81,27,2025-08-26
ST02,SKU03235,310,52,21,2025-08-14
ST24,SKU01762,290,55,24,2025-06-20
ST22,SKU03150,191,44,13,2025-08-30
ST22,SKU00935,344,59,19,2025-06-12
ST25,SKU02401,0,21,6,2025-10-01
ST27,SKU02999,148,34,13,2025-05-18
ST20,SKU02057,421,74,36,2025-08-18
ST25,SKU00186,207,39,10,2025-06-07
ST23,SKU03523,94,31,15,2025-06-01
ST14,SKU01754,310,56,23,2025-07-02
ST07,SKU04747,311,54,26,2025-07-17
ST07,SKU00546,318,58,22,2025-06-20
ST07,SKU00317,154,43,17,2025-05-30
ST29,SKU00830,0,21,9,2025-09-04
ST22,SKU01874,156,31,11,2025-07-13
ST01,SKU02983,0,70,31,2025-10-08
ST06,SKU01075,311,52,21,2025-07-04
ST16,SKU03520,445,96,40,2025-07-11
ST21,SKU01649,299,79,29,2025-05-12
ST26,SKU02747,0,26,8,2025-08-11
ST26,SKU00532,230,40,19,2025-08-16
ST07,SKU01485,0,55,27,2025-09-29
ST05,SKU03627,327,77,17,2025-07-11
ST19,SKU01310,448,77,22,2025-05-24
ST02,SKU04753,140,36,8,2025-08-09
ST19,SKU04693,290,93,25,2025-07-01
ST22,SKU02224,154,37,8,2025-06-07
ST24,SKU02822,386,91,25,2025-06-18
ST17,SKU01880,569,100,43,2025-08-13
ST30,SKU03805,124,21,5,2025-08-09
ST04,SKU02584,260,57,25,2025-08-25
ST04,SKU02355,0,48,17,2025-10-10
ST26,SKU04854,450,86,32,2025-05-27
ST12,SKU04919,376,65,14,2025-07-14
ST26,SKU02639,113,33,11,2025-05-31
ST29,SKU04334,242,55,23,2025-08-14
ST12,SKU04690,365,64,22,2025-05-16
ST29,SKU04105,0,83,32,2025-09-23
ST01,SKU02057,356,67,19,2025-07-03
ST06,SKU04350,0,92,26,2025-09-07
ST04,SKU03523,341,77,20,2025-07-10
ST11,SKU00264,0,31,7,2025-08-10
ST21,SKU02938,369,83,27,2025-07-05
ST07,SKU00788,390,84,38,2025-07-21
ST26,SKU03807,147,41,19,2025-08-07
ST05,SKU02930,0,23,8,2025-10-12
ST26,SKU01592,384,71,26,2025-07-10
ST10,SKU00830,0,87,23,2025-08-31
ST03,SKU04052,350,76,29,2025-05-24
ST27,SKU04409,414,76,27,2025-05-13
ST29,SKU03058,341,75,28,2025-07-02
ST23,SKU02718,310,80,31,2025-08-05
ST21,SKU04106,210,37,18,2025-05-31
ST16,SKU01547,0,79,26,2025-10-06
ST26,SKU00774,0,84,30,2025-09-27
ST17,SKU00954,232,66,23,2025-07-22
ST22,SKU03284,426,73,25,2025-05-14
ST03,SKU03005,319,57,26,2025-07-14
ST08,SKU03349,81,23,6,2025-08-10
ST03,SKU02776,0,24,12,2025-10-09
ST15,SKU04062,367,67,18,2025-05-15
ST11,SKU00385,186,55,26,2025-08-24
ST16,SKU00500,0,22,7,2025-09-03
ST02,SKU02780,330,73,16,2025-08-13
ST19,SKU00734,119,23,9,2025-06-15
ST29,SKU03179,154,27,13,2025-07-08
ST25,SKU01717,126,29,12,2025-08-09
ST18,SKU00546,130,32,8,2025-08-30
ST14,SKU01070,342,77,23,2025-05-18
ST10,SKU04334,74,20,4,2025-07-25
ST15,SKU04412,249,55,27,2025-06-14
ST13,SKU01370,0,22,6,2025-09-14
ST27,SKU03254,303,73,33,2025-05-06
ST11,SKU00506,0,62,14,2025-09-06
ST23,SKU01792,511,100,21,2025-07-23
ST21,SKU00965,123,35,16,2025-08-26
ST02,SKU04887,566,95,32,2025-06-25
ST08,SKU04409,316,69,25,2025-06-07
ST11,SKU01674,437,84,33,2025-05-23
ST21,SKU04348,0,74,18,2025-09-09
ST04,SKU02718,248,44,15,2025-08-02
ST14,SKU01191,295,82,20,2025-06-17
ST09,SKU02833,0,82,22,2025-08-06
ST23,SKU00516,461,81,34,2025-05-08
ST02,SKU03840,0,49,19,2025-09-08
ST02,SKU01854,437,80,19,2025-06-10
ST28,SKU00860,129,34,12,2025-06-14
ST29,SKU02482,0,98,23,2025-09-10
ST29,SKU04468,244,79,28,2025-08-25
ST03,SKU01032,268,63,20,2025-05-24
ST20,SKU02662,390,87,19,2025-06-21
ST27,SKU03375,378,67,25,2025-05-24
ST30,SKU00906,384,80,18,2025-07-08
ST23,SKU01684,503,97,24,2025-06-23
ST10,SKU03179,252,50,17,2025-07-08
ST03,SKU01971,104,28,6,2025-08-04
ST15,SKU03257,311,76,36,2025-07-31
ST15,SKU01042,291,72,20,2025-08-18
ST09,SKU02954,0,31,8,2025-08-19
ST17,SKU01317,0,78,37,2025-08-12
ST01,SKU04756,0,73,18,2025-08-14
ST03,SKU01153,0,98,24,2025-09-01
ST03,SKU03139,149,31,14,2025-07-02
ST01,SKU02541,189,47,10,2025-08-01
ST25,SKU02898,0,24,5,2025-10-04
ST06,SKU04605,285,56,23,2025-08-03
ST04,SKU01792,82,21,10,2025-07-21
ST23,SKU01805,289,72,21,2025-05-07
ST26,SKU00090,457,98,37,2025-07-28
ST21,SKU00978,170,47,22,2025-06-29
ST01,SKU03709,87,21,7,2025-08-06
ST13,SKU02780,167,32,15,2025-07-23
ST20,SKU01507,0,53,12,2025-09-03
ST27,SKU02449,0,24,6,2025-08-30
ST25,SKU03837,283,81,31,2025-08-16
ST23,SKU00987,170,38,9,2025-07-27
ST21,SKU02375,363,64,13,2025-07-19
ST23,SKU00758,591,100,20,2025-05-13
ST09,SKU00860,120,27,12,2025-07-03
ST07,SKU02211,344,59,21,2025-07-12
ST10,SKU02482,0,28,14,2025-08-10
ST29,SKU04710,0,51,13,2025-08-09
ST10,SKU04468,104,32,11,2025-05-08
ST10,SKU02253,347,97,20,2025-08-23
ST03,SKU01274,0,36,11,2025-08-10
ST01,SKU02662,398,75,33,2025-07-05
ST03,SKU01045,0,89,37,2025-09-12
ST06,SKU02740,0,64,28,2025-08-31
ST06,SKU04726,206,65,31,2025-06-18
ST16,SKU03199,0,76,29,2025-10-09
ST04,SKU01684,250,45,21,2025-07-27
ST26,SKU04412,251,62,17,2025-05-13
ST07,SKU03150,283,51,18,2025-08-09
ST24,SKU01104,525,92,36,2025-07-02
ST27,SKU00584,369,70,24,2025-07-03
ST08,SKU00342,205,56,22,2025-06-09
ST27,SKU02570,442,90,32,2025-06-03
ST27,SKU00355,260,62,30,2025-06-21
ST21,SKU02267,247,56,24,2025-07-22
ST21,SKU00052,154,41,16,2025-05-16
ST07,SKU04318,0,77,24,2025-10-11
ST24,SKU02501,193,41,11,2025-08-22
ST29,SKU04831,307,89,32,2025-06-06
ST12,SKU00986,331,68,21,2025-08-13
ST22,SKU01674,182,48,23,2025-06-22
ST29,SKU00401,140,25,9,2025-06-14
ST13,SKU01854,289,57,25,2025-08-22
ST13,SKU03840,0,82,27,2025-08-18
ST15,SKU00237,447,78,26,2025-07-02
ST06,SKU04847,0,61,12,2025-09-06
ST04,SKU01805,405,86,43,2025-05-30
ST22,SKU02842,267,63,18,2025-05-27
ST01,SKU01507,0,48,17,2025-09-17
ST06,SKU03800,0,21,10,2025-09-15
ST11,SKU04144,295,84,25,2025-08-30
ST04,SKU00987,122,24,5,2025-08-13
ST04,SKU00758,305,83,20,2025-05-30
ST10,SKU04710,0,67,27,2025-09-05
ST29,SKU02737,0,33,12,2025-08-31
ST18,SKU04305,0,58,19,2025-10-10
ST25,SKU01046,377,71,35,2025-07-04
ST16,SKU03441,242,48,24,2025-08-16
ST06,SKU00538,0,98,25,2025-09-16
ST26,SKU04654,89,24,9,2025-05-15
ST02,SKU03277,182,44,17,2025-06-20
ST07,SKU03621,322,58,13,2025-08-31
ST29,SKU03905,251,58,17,2025-08-25
ST03,SKU00240,494,95,24,2025-05-27
ST08,SKU02570,182,44,16,2025-05-18
ST08,SKU00584,81,23,10,2025-07-01
ST13,SKU00699,257,77,32,2025-08-04
ST24,SKU04729,377,93,21,2025-05-22
ST10,SKU04831,132,23,6,2025-06-21
ST29,SKU02858,0,79,32,2025-09-14
ST24,SKU02514,537,92,25,2025-07-30
ST05,SKU02501,261,68,31,2025-06-12
ST10,SKU00401,212,65,24,2025-08-30
ST18,SKU02211,345,69,15,2025-06-23
ST17,SKU04955,267,51,17,2025-06-14
ST17,SKU04726,558,96,43,2025-08-04
ST03,SKU04562,0,40,17,2025-08-28
ST25,SKU04321,0,68,26,2025-09-23
ST30,SKU04665,248,70,20,2025-05-24
ST18,SKU01164,0,26,12,2025-10-05
ST04,SKU01229,162,48,10,2025-08-08
ST11,SKU04157,0,93,27,2025-08-31
ST23,SKU03457,503,91,33,2025-08-13
ST02,SKU02351,464,86,26,2025-05-12
ST19,SKU02520,448,77,34,2025-07-09
ST19,SKU00305,325,72,28,2025-07-19
ST07,SKU00251,219,46,13,2025-07-15
ST10,SKU02737,0,44,15,2025-08-18
ST13,SKU02217,531,99,26,2025-05-31
ST13,SKU00002,0,47,14,2025-08-05
ST25,SKU03274,0,94,40,2025-09-12
ST13,SKU01988,0,22,7,2025-09-06
ST16,SKU03454,175,41,15,2025-07-02
ST26,SKU02681,111,35,13,2025-07-29
ST07,SKU03634,126,33,15,2025-08-02
ST26,SKU00466,249,51,15,2025-05-22
ST02,SKU01075,243,62,16,2025-08-15
ST24,SKU03803,191,48,23,2025-07-19
ST10,SKU03905,251,68,22,2025-07-23
ST29,SKU04147,427,100,21,2025-08-09
ST23,SKU01363,0,51,23,2025-09-06
ST23,SKU03349,433,79,17,2025-07-28
ST16,SKU00421,368,62,24,2025-06-17
ST14,SKU01580,365,97,31,2025-07-05
ST22,SKU04144,209,46,21,2025-06-14
ST05,SKU02514,178,30,14,2025-05-06
ST29,SKU02871,228,62,14,2025-07-08
ST04,SKU04504,120,38,10,2025-06-22
ST23,SKU02531,0,85,35,2025-09-09
ST23,SKU02302,106,33,13,2025-05-06
ST19,SKU03580,113,24,5,2025-05-10
ST05,SKU01696,260,80,24,2025-07-09
ST13,SKU03277,350,60,19,2025-05-30
ST19,SKU02533,198,36,9,2025-06-30
ST05,SKU00649,84,28,11,2025-09-02
ST24,SKU02648,0,69,22,2025-09-07
ST03,SKU01542,373,65,16,2025-08-30
ST09,SKU00539,0,60,28,2025-08-09
ST07,SKU03876,0,40,12,2025-09-03
ST14,SKU00654,267,64,13,2025-06-01
ST05,SKU03803,504,92,41,2025-07-02
ST10,SKU04147,104,20,9,2025-08-28
ST08,SKU01068,494,93,46,2025-06-08
ST01,SKU02112,265,55,14,2025-08-26
ST03,SKU02710,202,47,21,2025-06-05
ST04,SKU03578,0,45,15,2025-08-26
ST30,SKU02584,333,57,17,2025-05-11
ST23,SKU01605,419,75,21,2025-08-08
ST09,SKU03693,0,44,10,2025-10-09
ST11,SKU00090,339,78,21,2025-07-21
ST14,SKU01822,90,30,12,2025-06-06
ST08,SKU04222,339,84,18,2025-05-27
ST13,SKU02351,132,39,11,2025-07-26
ST04,SKU02531,0,31,7,2025-08-17
ST21,SKU03932,554,93,32,2025-07-30
ST24,SKU04166,0,100,47,2025-09-10
ST19,SKU03822,363,65,26,2025-08-10
ST17,SKU01009,0,97,23,2025-09-13
ST15,SKU04346,0,85,37,2025-09-29
ST03,SKU00845,0,72,27,2025-08-18
ST18,SKU03863,84,28,10,2025-06-29
ST25,SKU02590,219,38,18,2025-08-13
ST18,SKU03634,319,79,17,2025-08-18
ST07,SKU02950,0,94,21,2025-09-25
ST03,SKU01784,0,51,22,2025-08-24
ST20,SKU03414,195,57,26,2025-07-01
ST27,SKU02141,0,60,23,2025-09-18
ST08,SKU02128,174,57,17,2025-07-01
ST06,SKU01264,279,88,29,2025-05-26
ST27,SKU00155,70,22,9,2025-07-11
ST23,SKU00679,130,24,11,2025-08-09
ST13,SKU02472,352,67,32,2025-08-12
ST16,SKU03709,217,60,28,2025-05-07
ST26,SKU00721,200,35,15,2025-08-04
ST12,SKU04987,333,85,38,2025-08-19
ST05,SKU01830,162,31,12,2025-06-19
ST25,SKU04926,0,30,15,2025-08-25
ST21,SKU03235,133,34,8,2025-05-31
ST04,SKU01605,264,73,22,2025-07-06
ST14,SKU02064,331,61,26,2025-06-08
ST07,SKU02842,497,94,26,2025-05-11
ST20,SKU03535,0,82,19,2025-08-29
ST23,SKU00571,159,44,18,2025-05-29
ST26,SKU03057,0,34,8,2025-10-02
ST05,SKU04166,0,23,8,2025-08-13
ST10,SKU04281,126,40,10,2025-05-18
ST03,SKU03073,555,98,38,2025-06-19
ST13,SKU01317,0,45,10,2025-08-23
ST09,SKU02070,162,34,8,2025-06-09
ST11,SKU04654,120,30,13,2025-06-28
ST07,SKU03192,410,74,19,2025-05-10
ST26,SKU00024,301,88,33,2025-05-06
ST01,SKU01428,433,74,26,2025-05-18
ST01,SKU03414,73,22,8,2025-08-13
ST08,SKU00155,382,88,31,2025-06-23
ST30,SKU02129,251,66,15,2025-07-23
ST06,SKU03492,383,72,29,2025-07-17
ST23,SKU02907,341,97,27,2025-07-04
ST14,SKU03353,0,47,21,2025-09-26
ST09,SKU01023,173,37,12,2025-06-30
ST14,SKU01138,0,31,11,2025-08-20
ST04,SKU00679,169,53,25,2025-08-22
ST19,SKU01970,313,75,21,2025-08-23
ST12,SKU03014,346,95,20,2025-07-24
ST04,SKU03833,392,71,34,2025-07-23
ST26,SKU04346,0,66,18,2025-10-06
ST17,SKU04526,223,41,16,2025-08-05
ST22,SKU04641,359,79,37,2025-06-30
ST24,SKU01038,184,39,19,2025-07-03
ST03,SKU04362,0,91,28,2025-08-12
ST08,SKU04706,379,82,36,2025-05-13
ST01,SKU03535,0,32,12,2025-08-14
ST25,SKU01906,467,100,39,2025-06-25
ST30,SKU04236,231,58,20,2025-08-20
ST25,SKU01677,0,96,46,2025-09-05
ST04,SKU00571,471,82,40,2025-09-02
ST22,SKU03823,309,88,36,2025-05-29
ST17,SKU01264,485,100,39,2025-06-08
ST15,SKU02386,129,31,7,2025-07-22
ST30,SKU00974,0,34,8,2025-09-21
ST16,SKU03254,392,80,26,2025-07-31
ST23,SKU01981,310,75,15,2025-08-10
ST11,SKU02681,210,63,15,2025-07-03
ST02,SKU03090,384,89,25,2025-07-04
ST19,SKU03030,0,63,18,2025-08-26
ST22,SKU02776,0,47,15,2025-09-18
ST03,SKU02268,0,29,7,2025-10-10
ST15,SKU01339,399,77,33,2025-07-18
ST11,SKU01863,109,31,14,2025-07-16
ST04,SKU02907,361,94,44,2025-05-17
ST28,SKU03493,227,39,11,2025-08-14
ST04,SKU00692,0,88,19,2025-08-16
ST07,SKU02387,163,29,8,2025-08-27
ST01,SKU04824,0,69,25,2025-09-17
ST27,SKU01578,0,52,23,2025-08-29
ST06,SKU04902,385,74,34,2025-07-13
ST11,SKU03031,588,98,45,2025-05-07
ST28,SKU02217,329,95,22,2025-05-22
ST28,SKU00002,0,100,28,2025-09-01
ST17,SKU04768,274,71,31,2025-05-30
ST12,SKU02209,432,90,36,2025-07-09
ST29,SKU03839,221,71,23,2025-07-06
ST22,SKU00682,271,68,34,2025-05-16
ST05,SKU01038,266,62,19,2025-08-31
ST20,SKU04019,415,72,32,2025-06-26
ST18,SKU03192,101,22,8,2025-06-15
ST27,SKU00531,0,99,34,2025-10-02
ST25,SKU01919,390,94,23,2025-05-21
ST04,SKU01042,351,66,32,2025-07-19
ST28,SKU01170,0,66,24,2025-08-05
ST02,SKU02164,71,20,8,2025-07-06
ST07,SKU02279,307,54,23,2025-07-05
ST24,SKU04663,0,68,19,2025-08-31
ST17,SKU03492,148,36,8,2025-07-23
ST01,SKU04945,119,20,5,2025-05-25
ST13,SKU04016,0,99,39,2025-09-14
ST11,SKU03152,476,85,35,2025-05-23
ST28,SKU02567,70,21,6,2025-05-09
ST04,SKU01981,388,86,19,2025-07-25
ST22,SKU00574,243,58,15,2025-07-18
ST20,SKU01696,277,61,30,2025-05-15
ST09,SKU03493,332,84,39,2025-06-30
ST24,SKU00354,110,34,12,2025-05-07
ST27,SKU04035,0,72,17,2025-09-21
ST08,SKU01578,0,59,26,2025-08-09
ST30,SKU01337,192,52,18,2025-05-08
ST20,SKU00649,419,86,29,2025-07-14
ST06,SKU02700,288,87,33,2025-06-30
ST09,SKU02217,267,78,31,2025-06-03
ST24,SKU03737,104,31,9,2025-05-20
ST10,SKU03839,168,39,15,2025-08-11
ST20,SKU02046,0,62,15,2025-08-31
ST03,SKU00416,0,27,13,2025-09-02
ST13,SKU03090,255,58,21,2025-05-16
ST30,SKU04491,311,81,30,2025-07-25
ST11,SKU04212,241,52,26,2025-05-06
ST16,SKU00355,345,61,22,2025-07-22
ST28,SKU03627,111,32,12,2025-06-04
ST23,SKU01068,126,40,16,2025-08-28
ST26,SKU01568,362,84,32,2025-07-21
ST24,SKU04905,236,75,28,2025-08-15
ST05,SKU04663,0,36,7,2025-09-30
ST15,SKU04856,321,55,22,2025-05-10
ST18,SKU02387,215,36,12,2025-08-10
ST28,SKU04795,463,87,19,2025-08-24
ST09,SKU02567,165,31,8,2025-07-20
ST28,SKU02580,183,50,11,2025-05-30
ST26,SKU00521,290,60,18,2025-07-11
ST17,SKU04902,298,93,25,2025-06-18
ST22,SKU03031,336,73,36,2025-05-27
ST24,SKU01414,0,80,35,2025-08-12
ST20,SKU04153,122,38,11,2025-06-07
ST13,SKU00996,0,92,41,2025-09-20
ST30,SKU04612,500,90,36,2025-05-29
ST16,SKU02462,0,71,23,2025-09-14
ST23,SKU01189,0,44,21,2025-09-11
ST12,SKU03740,454,95,20,2025-07-25
ST05,SKU00354,260,84,31,2025-06-27
ST13,SKU02164,310,90,36,2025-05-28
ST18,SKU02279,315,84,37,2025-08-16
ST23,SKU00371,104,20,8,2025-08-11
ST12,SKU04679,145,38,14,2025-05-30
ST19,SKU01420,0,99,35,2025-10-09
ST22,SKU02923,0,29,10,2025-09-04
ST01,SKU04261,236,47,18,2025-08-15
ST01,SKU02046,0,46,12,2025-10-02
ST30,SKU02747,0,72,27,2025-09-20
ST30,SKU00532,238,50,16,2025-06-01
ST21,SKU04913,0,63,26,2025-09-06
ST23,SKU01310,389,65,27,2025-07-24
ST09,SKU03627,294,63,29,2025-05-26
ST05,SKU04905,134,31,9,2025-08-30
ST29,SKU00832,0,48,14,2025-08-26
ST03,SKU03812,0,45,18,2025-08-15
ST25,SKU01356,271,46,11,2025-06-01
ST09,SKU04795,248,50,20,2025-05-18
ST28,SKU02822,149,48,17,2025-06-06
ST09,SKU02580,267,72,16,2025-07-31
ST23,SKU00263,0,74,29,2025-09-21
ST21,SKU01651,81,25,9,2025-06-30
ST21,SKU01880,365,92,26,2025-08-28
ST07,SKU03931,205,64,20,2025-05-30
ST07,SKU03702,0,56,18,2025-08-11
ST05,SKU01643,212,53,26,2025-08-16
ST29,SKU04215,436,89,42,2025-06-13
ST01,SKU04153,339,61,14,2025-08-20
ST03,SKU00550,117,30,10,2025-06-08
ST16,SKU04919,196,42,11,2025-07-19
ST30,SKU02639,449,90,25,2025-08-07
ST16,SKU04690,109,21,8,2025-07-20
ST04,SKU01189,0,33,7,2025-09-20
ST02,SKU04526,106,29,13,2025-08-18
ST05,SKU04797,466,82,29,2025-05-20
ST12,SKU01538,409,78,34,2025-05-21
ST22,SKU04212,208,63,16,2025-07-30
ST13,SKU04392,199,50,21,2025-05-22
ST18,SKU00535,129,25,12,2025-08-16
ST30,SKU03807,127,31,11,2025-05-26
ST20,SKU01133,385,80,35,2025-05-31
ST30,SKU01592,168,55,23,2025-08-29
ST04,SKU00371,523,96,35,2025-06-21
ST14,SKU00830,0,81,34,2025-10-10
ST07,SKU04052,396,84,29,2025-05-11
ST26,SKU04856,480,86,35,2025-07-12
ST07,SKU03823,141,42,10,2025-08-01
ST19,SKU01662,0,32,12,2025-08-09
ST19,SKU01433,448,87,32,2025-08-16
ST13,SKU03574,89,25,8,2025-05-22
ST06,SKU04352,586,98,23,2025-06-10
ST04,SKU01310,105,20,7,2025-06-16
ST03,SKU04054,351,68,34,2025-07-06
ST23,SKU04706,417,78,23,2025-05-28
ST17,SKU03171,0,84,42,2025-09-24
ST10,SKU04215,121,28,12,2025-07-14
ST29,SKU04228,350,76,23,2025-07-25
ST25,SKU00551,324,68,27,2025-06-02
ST21,SKU01075,145,26,7,2025-06-25
ST02,SKU04768,150,33,8,2025-05-11
ST07,SKU00682,129,29,13,2025-05-26
ST19,SKU00507,438,74,32,2025-08-13
ST10,SKU00953,0,57,19,2025-08-14
ST13,SKU02648,0,98,40,2025-10-12
ST27,SKU00331,261,44,15,2025-08-11
ST15,SKU01031,204,64,25,2025-07-02
ST22,SKU00024,566,100,23,2025-08-26
ST27,SKU04532,114,37,14,2025-07-20
ST09,SKU00728,0,28,14,2025-09-23
ST14,SKU03058,305,52,11,2025-08-10
ST07,SKU02079,0,95,44,2025-08-16
ST02,SKU03950,414,79,24,2025-06-28
ST19,SKU01675,301,72,22,2025-06-04
ST15,SKU04414,308,80,33,2025-08-04
ST20,SKU00328,0,91,43,2025-09-10
ST26,SKU04280,0,25,6,2025-09-16
ST07,SKU01032,114,23,8,2025-08-21
ST10,SKU01303,326,83,19,2025-07-21
ST19,SKU00628,0,45,12,2025-09-16
ST27,SKU04653,229,43,16,2025-09-01
ST04,SKU00734,166,41,20,2025-05-08
ST21,SKU04350,0,97,29,2025-09-28
ST14,SKU03179,484,95,20,2025-07-23
ST07,SKU01971,411,92,39,2025-05-10
ST22,SKU01542,451,100,20,2025-07-26
ST18,SKU04052,122,23,7,2025-07-22
ST20,SKU00449,252,79,30,2025-08-25
ST18,SKU03823,488,93,20,2025-07-09
ST06,SKU02500,207,65,26,2025-06-17
ST06,SKU00285,0,92,27,2025-10-10
ST26,SKU04401,157,31,8,2025-08-13
ST07,SKU01153,0,97,21,2025-09-13
ST07,SKU03139,422,76,34,2025-05-26
ST05,SKU03295,135,41,10,2025-08-09
ST19,SKU00978,399,73,35,2025-06-29
ST19,SKU02964,150,29,6,2025-05-20
ST19,SKU00749,475,97,29,2025-05-14
ST08,SKU04532,136,36,17,2025-05-18
ST08,SKU00331,133,36,12,2025-08-21
ST18,SKU03005,115,32,6,2025-05-18
ST20,SKU03603,467,79,18,2025-07-27
ST18,SKU02776,0,32,10,2025-08-08
ST30,SKU04062,206,39,19,2025-06-02
ST11,SKU01568,324,96,20,2025-05-10
ST29,SKU04591,472,99,47,2025-06-29
ST27,SKU03727,0,54,18,2025-10-07
ST20,SKU04771,471,96,35,2025-07-10
ST14,SKU04468,311,59,19,2025-08-28
ST14,SKU02253,226,48,16,2025-07-22
ST07,SKU01045,0,34,13,2025-08-28
ST29,SKU03773,231,54,20,2025-07-15
ST15,SKU03609,399,73,29,2025-05-15
ST08,SKU04653,227,60,16,2025-05-29
ST30,SKU04412,231,68,31,2025-05-29
ST13,SKU04768,179,32,14,2025-07-02
ST28,SKU01104,223,46,10,2025-08-11
ST12,SKU03311,193,44,14,2025-06-11
ST19,SKU00052,290,87,25,2025-08-16
ST19,SKU02038,262,74,18,2025-08-12
ST10,SKU02484,0,30,12,2025-10-05
ST24,SKU00167,184,54,26,2025-08-02
ST03,SKU03491,75,24,6,2025-08-28
ST01,SKU04879,347,72,18,2025-08-04
ST27,SKU03848,95,20,7,2025-08-14
ST13,SKU03950,327,82,38,2025-07-05
ST20,SKU00691,178,59,28,2025-07-10
ST16,SKU00986,244,43,14,2025-07-12
ST26,SKU04414,540,99,28,2025-06-26
ST12,SKU04250,457,80,27,2025-06-20
ST19,SKU00991,418,98,42,2025-09-02
ST01,SKU03603,245,81,18,2025-08-02
ST26,SKU01152,0,98,43,2025-09-17
ST19,SKU04145,176,36,8,2025-07-05
ST10,SKU04591,174,48,16,2025-07-24
ST01,SKU05000,121,21,10,2025-05-26
ST08,SKU03727,0,45,21,2025-08-17
ST27,SKU01754,528,89,21,2025-05-31
ST27,SKU03740,172,48,21,2025-06-15
ST06,SKU04849,506,88,19,2025-07-24
ST30,SKU03257,386,79,38,2025-07-06
ST14,SKU04710,0,23,7,2025-09-08
ST10,SKU03773,476,92,43,2025-08-08
ST12,SKU00170,117,38,9,2025-08-22
ST19,SKU01112,195,52,22,2025-05-12
ST17,SKU02500,192,50,11,2025-06-14
ST17,SKU00285,0,83,33,2025-09-10
ST15,SKU03851,0,95,42,2025-08-31
ST30,SKU04654,157,31,10,2025-05-12
ST18,SKU01153,0,23,11,2025-09-04
ST18,SKU03139,236,51,24,2025-07-23
ST15,SKU01407,319,98,31,2025-06-09
ST21,SKU04605,130,39,18,2025-08-05
ST09,SKU01104,189,42,13,2025-05-26
ST07,SKU00240,307,57,24,2025-05-15
ST10,SKU04941,268,55,26,2025-05-20
ST05,SKU00167,130,25,10,2025-08-26
ST29,SKU00524,105,20,5,2025-08-08
ST03,SKU03504,386,88,20,2025-07-19
ST01,SKU00691,145,30,8,2025-06-07
ST09,SKU02501,397,81,23,2025-05-10
ST14,SKU04831,125,36,15,2025-08-08
ST09,SKU00286,0,89,40,2025-08-29
ST28,SKU02514,575,99,22,2025-07-06
ST29,SKU03907,0,60,30,2025-08-28
ST12,SKU00062,0,99,22,2025-08-25
ST27,SKU03043,426,91,34,2025-08-12
ST18,SKU01274,0,40,15,2025-09-23
ST11,SKU00066,257,68,30,2025-09-02
ST21,SKU04726,460,91,18,2025-07-31
ST07,SKU04791,282,75,25,2025-08-24
ST26,SKU03609,156,28,6,2025-05-14
ST19,SKU00186,346,83,28,2025-06-24
ST29,SKU00645,284,53,18,2025-06-17
ST08,SKU01754,259,73,15,2025-07-21
ST08,SKU03740,279,62,19,2025-07-19
ST06,SKU00890,391,97,33,2025-06-20
ST14,SKU02737,0,32,14,2025-09-16
ST07,SKU03744,159,47,18,2025-06-15
ST13,SKU03266,390,69,27,2025-07-04
ST01,SKU03966,237,44,19,2025-06-16
ST20,SKU01993,0,59,28,2025-08-13
ST03,SKU00363,0,85,27,2025-10-12
ST01,SKU01751,0,100,34,2025-09-21
ST30,SKU00466,387,91,45,2025-08-15
ST15,SKU01649,169,39,12,2025-05-31
ST28,SKU03803,271,83,34,2025-08-06
ST14,SKU03905,367,96,45,2025-07-29
ST30,SKU00237,273,76,20,2025-06-16
ST28,SKU03574,293,51,13,2025-07-03
ST11,SKU04388,267,53,19,2025-06-22
ST06,SKU02997,536,96,42,2025-07-16
ST09,SKU04729,248,56,21,2025-07-27
ST09,SKU02514,223,63,13,2025-08-14
ST02,SKU03292,0,93,32,2025-09-09
ST12,SKU02519,293,57,17,2025-05-09
ST10,SKU03907,0,64,19,2025-09-10
ST17,SKU04849,72,24,5,2025-05-09
ST20,SKU02114,258,44,21,2025-08-24
ST26,SKU03851,0,79,35,2025-08-29
ST26,SKU03622,0,86,18,2025-09-01
ST10,SKU00874,167,33,11,2025-07-31
ST15,SKU02938,434,92,21,2025-05-24
ST18,SKU00240,328,80,28,2025-08-12
ST04,SKU00305,175,50,13,2025-07-10
ST23,SKU02533,281,70,15,2025-06-06
ST26,SKU00589,423,99,45,2025-06-01
ST07,SKU01542,500,89,25,2025-05-14
ST12,SKU02640,0,97,43,2025-09-06
ST19,SKU03582,319,57,17,2025-06-18
ST29,SKU02055,144,30,14,2025-05-16
ST15,SKU04106,393,69,16,2025-08-10
ST27,SKU03177,400,76,25,2025-06-25
ST20,SKU00020,0,54,26,2025-09-23
ST09,SKU03803,187,57,17,2025-08-15
ST28,SKU01830,341,64,16,2025-07-21
ST11,SKU04401,310,84,31,2025-05-21
ST14,SKU04147,279,52,17,2025-06-06
ST26,SKU03743,0,92,21,2025-09-08
ST07,SKU02710,377,78,17,2025-06-13
ST22,SKU00066,301,97,44,2025-07-30
ST18,SKU04791,329,65,29,2025-07-19
ST18,SKU02576,337,80,19,2025-06-08
ST18,SKU04562,0,37,18,2025-09-22
ST25,SKU01303,122,34,8,2025-07-12
ST21,SKU01827,317,96,24,2025-07-18
ST14,SKU02871,448,75,33,2025-06-19
ST19,SKU01717,276,47,16,2025-06-07
ST17,SKU03105,282,89,27,2025-05-28
ST12,SKU04747,373,73,16,2025-08-21
ST17,SKU00890,200,43,18,2025-08-09
ST22,SKU03220,302,55,15,2025-07-21
ST05,SKU03805,266,81,38,2025-06-02
ST12,SKU00546,537,99,21,2025-07-23
ST13,SKU01414,0,98,26,2025-08-23
ST18,SKU03744,311,70,26,2025-05-15
ST08,SKU01070,337,75,27,2025-05-24
ST25,SKU02471,201,51,21,2025-08-16
ST01,SKU02114,242,80,29,2025-07-09
ST02,SKU00501,281,64,22,2025-07-30
ST26,SKU03864,274,78,24,2025-07-06
ST22,SKU04388,466,97,25,2025-08-03
ST29,SKU03115,439,99,42,2025-08-31
ST04,SKU02533,367,75,30,2025-06-19
ST09,SKU02648,0,76,23,2025-10-05
ST07,SKU01784,0,53,12,2025-09-25
ST15,SKU04348,0,33,13,2025-08-04
ST03,SKU02833,0,49,19,2025-09-05
ST08,SKU03177,318,61,30,2025-06-17
ST01,SKU00020,0,37,8,2025-09-08
ST20,SKU00262,176,36,8,2025-08-22
ST30,SKU00721,298,52,22,2025-07-29
ST16,SKU04987,225,48,24,2025-06-14
ST11,SKU04643,539,98,45,2025-05-25
ST09,SKU01830,174,37,16,2025-05-31
ST26,SKU01770,375,78,37,2025-07-09
ST24,SKU02892,0,94,31,2025-10-06
ST22,SKU00079,0,75,18,2025-09-09
ST26,SKU02938,435,84,23,2025-07-23
ST12,SKU00788,361,65,24,2025-07-30
ST27,SKU03311,206,57,12,2025-07-13
ST09,SKU04166,0,86,33,2025-09-26
ST04,SKU03822,299,52,21,2025-08-10
ST06,SKU02205,344,100,29,2025-07-25
ST14,SKU04281,448,83,33,2025-06-20
ST16,SKU04879,511,94,44,2025-07-11
ST07,SKU03073,240,52,18,2025-06-03
ST07,SKU00858,107,34,12,2025-05-22
ST19,SKU02898,0,47,21,2025-09-29
ST29,SKU01371,0,79,25,2025-09-17
ST18,SKU02710,203,34,15,2025-06-17
ST22,SKU03583,256,63,29,2025-08-20
ST19,SKU03837,345,96,25,2025-07-12
ST15,SKU02375,260,67,29,2025-06-28
ST18,SKU04107,312,76,20,2025-09-02
ST08,SKU01433,204,64,27,2025-07-20
ST01,SKU00262,187,50,15,2025-08-24
ST23,SKU01970,311,94,32,2025-05-10
ST16,SKU03014,185,33,8,2025-05-22
ST16,SKU05000,214,63,25,2025-05-23
ST05,SKU00906,121,26,13,2025-06-14
ST27,SKU02614,0,27,10,2025-08-10
ST30,SKU04346,0,45,18,2025-08-07
ST25,SKU03773,283,85,33,2025-08-17
ST28,SKU01038,328,62,21,2025-08-11
ST02,SKU01803,193,48,20,2025-07-08
ST26,SKU00965,337,73,32,2025-08-18
ST12,SKU01030,0,24,7,2025-09-23
ST29,SKU00445,0,55,27,2025-08-21
ST15,SKU02267,186,54,20,2025-08-01
ST25,SKU04941,418,81,33,2025-07-14
ST15,SKU00052,278,86,38,2025-07-26
ST21,SKU01264,389,90,19,2025-05-29
ST24,SKU03484,184,61,29,2025-07-30
ST22,SKU04643,281,48,21,2025-06-23
ST23,SKU03030,0,24,5,2025-08-13
ST14,SKU03476,0,46,10,2025-08-24
ST07,SKU02268,0,96,22,2025-08-22
ST30,SKU00976,0,100,47,2025-10-09
ST04,SKU01970,417,85,33,2025-08-14
ST07,SKU03436,185,38,8,2025-08-13
ST12,SKU04305,0,42,20,2025-09-20
ST19,SKU01046,342,78,31,2025-08-31
ST24,SKU03376,262,78,23,2025-06-27
ST20,SKU01685,0,21,9,2025-08-12
ST18,SKU03073,443,98,47,2025-08-21
ST16,SKU02209,250,54,12,2025-06-11
ST28,SKU03266,142,35,16,2025-07-29
ST09,SKU01038,224,56,21,2025-06-16
ST29,SKU04888,403,94,29,2025-07-28
ST10,SKU04646,0,66,26,2025-08-30
ST10,SKU00445,0,35,15,2025-09-01
ST13,SKU01911,300,71,33,2025-07-29
ST23,SKU04319,203,39,13,2025-05-18
ST21,SKU03492,342,79,34,2025-05-16
ST05,SKU03484,324,56,23,2025-07-08
ST19,SKU01167,179,33,7,2025-06-05
ST12,SKU02211,118,21,9,2025-05-06
ST04,SKU03259,0,57,22,2025-09-12
ST02,SKU04152,356,60,18,2025-07-20
ST05,SKU04652,150,32,7,2025-05-25
ST24,SKU04665,231,45,13,2025-07-15
ST07,SKU00066,152,28,12,2025-06-20
ST12,SKU01164,0,25,11,2025-09-05
ST18,SKU04362,0,58,19,2025-09-26
ST13,SKU01803,248,59,28,2025-07-18
ST28,SKU00354,224,45,20,2025-06-30
ST19,SKU03274,0,62,24,2025-10-08
ST01,SKU01685,0,35,16,2025-09-28
ST30,SKU02386,273,86,34,2025-06-17
ST28,SKU03737,243,49,18,2025-05-16
ST14,SKU03839,309,100,32,2025-07-22
ST07,SKU00416,0,26,7,2025-09-28
ST05,SKU02558,365,93,22,2025-08-14
ST10,SKU04888,165,33,12,2025-07-02
ST29,SKU02915,117,34,11,2025-07-16
ST19,SKU04442,293,56,17,2025-07-11
ST29,SKU04901,382,89,25,2025-07-23
ST27,SKU01822,245,78,31,2025-08-28
ST18,SKU02268,0,80,38,2025-08-31
ST25,SKU03210,152,35,10,2025-07-27
ST01,SKU00638,405,86,22,2025-06-01
ST09,SKU04663,0,69,23,2025-09-27
ST04,SKU04319,206,40,13,2025-05-17
ST18,SKU03436,298,80,34,2025-08-02
ST27,SKU00775,282,79,17,2025-07-25
ST11,SKU04443,321,66,24,2025-05-19
ST21,SKU04902,421,75,36,2025-07-30
ST28,SKU01643,302,100,49,2025-07-20
ST28,SKU01414,0,60,19,2025-08-09
ST02,SKU02408,360,67,13,2025-08-24
ST12,SKU03621,456,87,36,2025-08-23
ST05,SKU04665,372,79,22,2025-07-31
ST24,SKU02692,0,42,16,2025-08-04
ST29,SKU03036,406,71,24,2025-07-17
ST10,SKU02794,241,52,20,2025-06-14
ST06,SKU00837,492,84,26,2025-07-19
ST23,SKU04453,0,52,12,2025-10-08
ST28,SKU04797,298,82,40,2025-07-05
ST09,SKU00354,349,66,30,2025-05-24
ST02,SKU03347,165,46,19,2025-05-11
ST24,SKU01645,107,22,6,2025-05-07
ST29,SKU03975,172,42,20,2025-08-06
ST01,SKU04142,322,58,15,2025-07-05
ST03,SKU00539,0,28,9,2025-08-11
ST08,SKU00654,81,27,13,2025-08-28
ST09,SKU03737,329,87,27,2025-06-24
ST10,SKU02915,125,28,6,2025-09-02
ST10,SKU04901,187,40,16,2025-07-17
ST13,SKU04381,0,82,35,2025-09-25
ST03,SKU03693,0,53,18,2025-08-12
ST20,SKU03108,217,46,20,2025-07-26
ST27,SKU02064,221,38,15,2025-08-04
ST20,SKU00893,0,34,10,2025-10-03
ST09,SKU04905,303,76,20,2025-06-21
ST06,SKU03173,369,83,30,2025-05-07
ST08,SKU01822,342,67,19,2025-05-30
ST07,SKU03812,0,33,12,2025-08-19
ST24,SKU01766,328,94,47,2025-08-30
ST15,SKU03932,234,51,13,2025-06-12
ST20,SKU00075,277,79,29,2025-07-30
ST30,SKU02520,365,80,20,2025-08-02
ST09,SKU01643,323,78,16,2025-06-03
ST21,SKU02700,439,99,49,2025-06-06
ST02,SKU02421,297,71,31,2025-06-10
ST12,SKU03863,424,77,20,2025-08-23
ST07,SKU00550,380,93,25,2025-05-28
ST19,SKU02590,283,75,16,2025-05-08
ST05,SKU02692,0,23,9,2025-09-22
ST10,SKU03036,148,39,19,2025-07-29
ST10,SKU00821,427,78,22,2025-05-26
ST29,SKU01063,353,74,25,2025-05-07
ST12,SKU03634,237,43,11,2025-06-05
ST13,SKU04273,0,97,46,2025-09-22
ST11,SKU01423,146,30,15,2025-05-21
ST29,SKU04217,125,24,8,2025-06-13
ST10,SKU03975,415,88,22,2025-06-15
ST27,SKU03353,0,48,21,2025-09-14
ST15,SKU04053,213,60,25,2025-05-31
ST25,SKU04741,223,39,9,2025-05-08
ST30,SKU04856,215,57,27,2025-08-22
ST11,SKU00376,0,30,14,2025-09-27
ST04,SKU01420,0,78,17,2025-08-24
ST23,SKU01433,144,45,10,2025-07-17
ST10,SKU00942,0,65,30,2025-08-05
ST24,SKU02826,0,67,18,2025-09-10
ST15,SKU03235,237,40,14,2025-05-06
ST27,SKU04292,270,49,17,2025-08-29
ST13,SKU02408,132,42,11,2025-06-24
ST08,SKU02064,235,76,27,2025-07-30
ST06,SKU01200,321,83,21,2025-06-24
ST14,SKU00832,0,68,33,2025-08-11
ST07,SKU04054,144,38,8,2025-05-31
ST02,SKU01495,111,29,12,2025-05-18
ST17,SKU00837,192,32,15,2025-05-30
ST01,SKU04505,110,33,12,2025-08-05
ST20,SKU00317,76,24,11,2025-05-20
ST14,SKU04215,155,33,15,2025-05-12
ST29,SKU03291,329,58,15,2025-07-03
ST24,SKU00732,290,67,16,2025-06-28
ST03,SKU02070,241,52,17,2025-05-11
ST23,SKU02722,425,97,32,2025-07-04
ST05,SKU04102,424,89,44,2025-06-13
ST24,SKU02129,235,64,23,2025-07-27
ST17,SKU03173,239,52,22,2025-08-15
ST10,SKU04217,501,84,18,2025-05-29
ST03,SKU01023,139,30,13,2025-07-23
ST08,SKU03353,0,62,28,2025-08-21
ST08,SKU01138,0,87,27,2025-09-19
ST18,SKU03812,0,60,21,2025-10-12
ST25,SKU00553,246,66,24,2025-06-04
ST06,SKU04475,265,87,23,2025-08-16
ST11,SKU00389,426,100,32,2025-08-03
ST21,SKU03063,0,40,14,2025-08-15
ST23,SKU01675,184,56,14,2025-05-06
ST04,SKU01433,166,32,16,2025-07-30
ST08,SKU04292,223,67,20,2025-05-22
ST13,SKU02421,139,28,10,2025-05-17
ST06,SKU03428,131,31,8,2025-08-09
ST18,SKU00550,250,70,34,2025-06-19
ST19,SKU01906,188,40,17,2025-07-27
ST12,SKU02950,0,37,8,2025-09-30
ST19,SKU03892,427,92,33,2025-08-02
ST22,SKU01423,162,27,9,2025-06-01
ST29,SKU04580,232,61,27,2025-07-29
ST01,SKU02532,0,93,22,2025-08-15
ST01,SKU00317,137,37,10,2025-07-21
ST25,SKU02660,0,20,9,2025-08-15
ST28,SKU04126,0,63,15,2025-09-01
ST26,SKU04053,258,75,33,2025-08-10
ST07,SKU01034,388,97,44,2025-06-10
ST10,SKU03520,313,82,24,2025-07-29
ST17,SKU02247,0,39,17,2025-08-06
ST22,SKU00376,0,66,17,2025-10-10
ST29,SKU01318,359,77,28,2025-08-13
ST25,SKU03828,577,97,24,2025-05-22
ST20,SKU03484,368,76,24,2025-05-24
ST21,SKU04352,485,91,23,2025-08-27
ST23,SKU00749,71,22,9,2025-05-27
ST04,SKU00507,452,90,33,2025-05-09
ST26,SKU03235,280,61,13,2025-08-18
ST02,SKU04073,367,91,42,2025-06-20
ST04,SKU02722,285,84,34,2025-08-16
ST05,SKU02129,251,73,15,2025-08-11
ST17,SKU01200,531,94,42,2025-08-31
ST18,SKU04054,143,28,8,2025-07-21
ST20,SKU04652,99,20,4,2025-07-02
ST06,SKU04717,171,43,10,2025-06-14
ST06,SKU00516,374,90,44,2025-07-30
ST29,SKU03425,0,86,34,2025-09-16
ST01,SKU03592,142,32,16,2025-06-15
ST02,SKU04194,236,67,33,2025-05-23
ST07,SKU02094,304,54,15,2025-05-10
ST12,SKU03192,114,36,10,2025-06-21
ST10,SKU04580,161,35,15,2025-06-01
ST10,SKU00150,361,90,30,2025-08-10
ST20,SKU02558,140,38,9,2025-08-06
ST23,SKU02038,358,71,21,2025-06-30
ST14,SKU02484,0,91,18,2025-08-16
ST09,SKU04126,0,36,11,2025-09-21
ST28,SKU00167,123,30,9,2025-07-03
ST17,SKU04475,421,82,19,2025-06-14
ST10,SKU01318,371,93,35,2025-08-09
ST22,SKU00389,106,32,9,2025-07-03
ST15,SKU01396,282,67,31,2025-08-29
ST30,SKU04414,271,50,25,2025-06-08
ST04,SKU00978,162,38,10,2025-08-26
ST06,SKU03562,296,62,31,2025-07-15
ST23,SKU00991,459,94,26,2025-06-17
ST04,SKU00749,239,54,14,2025-05-28
ST16,SKU04250,464,88,30,2025-05-25
ST29,SKU02728,452,94,26,2025-05-09
ST17,SKU03428,362,85,28,2025-05-06
ST24,SKU00169,0,32,8,2025-10-05
ST08,SKU03837,165,48,20,2025-06-16
ST03,SKU03493,204,65,31,2025-07-28
ST20,SKU04894,335,66,31,2025-06-23
ST14,SKU02376,159,39,17,2025-05-25
ST17,SKU04596,0,88,36,2025-09-10
ST24,SKU01337,167,40,19,2025-05-26
ST17,SKU02381,0,37,10,2025-10-01
ST25,SKU04191,0,91,36,2025-10-03
ST03,SKU02217,142,44,12,2025-06-01
ST18,SKU01034,350,64,27,2025-08-02
ST14,SKU03773,126,37,17,2025-08-27
ST16,SKU00170,182,46,14,2025-08-07
ST23,SKU01112,220,55,17,2025-09-01
ST21,SKU02500,458,80,36,2025-07-27
ST02,SKU02221,346,86,32,2025-08-27
ST07,SKU04551,0,89,40,2025-08-30
ST07,SKU00350,387,94,29,2025-06-29
ST24,SKU04491,326,73,20,2025-05-19
ST04,SKU00052,299,77,26,2025-06-28
ST09,SKU00167,103,22,9,2025-08-02
ST02,SKU01174,193,38,15,2025-06-06
ST07,SKU03504,264,55,15,2025-08-30
ST12,SKU02387,226,40,17,2025-06-11
ST17,SKU04717,345,75,17,2025-06-13
ST22,SKU00631,79,23,10,2025-05-28
ST03,SKU02567,286,79,21,2025-08-23
ST15,SKU03624,275,70,15,2025-08-20
ST20,SKU03968,578,100,48,2025-05-18
ST06,SKU01818,208,50,22,2025-07-05
ST04,SKU00991,93,27,9,2025-06-03
ST21,SKU04607,188,38,16,2025-06-06
ST16,SKU00062,0,79,33,2025-09-24
ST02,SKU00127,96,20,8,2025-08-31
ST10,SKU02728,201,66,20,2025-05-20
ST24,SKU04612,316,54,16,2025-06-23
ST05,SKU00169,0,23,10,2025-08-26
ST01,SKU04894,219,54,16,2025-07-20
ST30,SKU03609,109,31,15,2025-05-09
ST20,SKU00935,214,61,28,2025-07-30
ST27,SKU03863,405,84,25,2025-08-20
ST23,SKU02401,0,65,21,2025-09-09
ST04,SKU04145,108,27,7,2025-08-29
ST12,SKU02279,260,46,17,2025-06-22
ST05,SKU01337,380,71,20,2025-07-06
ST27,SKU00830,0,94,39,2025-08-09
ST06,SKU04154,0,51,20,2025-09-28
ST06,SKU01939,311,94,26,2025-08-07
ST30,SKU02333,0,95,29,2025-08-30
ST04,SKU01112,411,81,40,2025-09-02
ST26,SKU01396,353,64,26,2025-08-20
ST24,SKU02747,0,60,20,2025-09-16
ST17,SKU01805,317,85,28,2025-06-21
ST15,SKU04913,0,66,28,2025-09-09
ST13,SKU04315,0,43,20,2025-08-30
ST23,SKU04508,0,24,10,2025-10-12
ST14,SKU00524,167,29,12,2025-06-01
ST17,SKU00758,103,25,6,2025-08-08
ST03,SKU04795,491,83,38,2025-05-13
ST15,SKU01880,166,43,17,2025-07-17
ST03,SKU02580,343,94,31,2025-07-25
ST01,SKU03968,323,75,25,2025-08-28
ST30,SKU02683,0,50,18,2025-10-10
ST15,SKU01651,342,61,14,2025-07-29
ST16,SKU02519,364,86,18,2025-08-30
ST21,SKU04849,344,69,16,2025-05-24
ST16,SKU04505,100,24,6,2025-08-30
ST07,SKU00484,0,23,8,2025-09-18
ST24,SKU04854,179,47,16,2025-05-26
ST05,SKU04612,147,44,22,2025-05-09
ST24,SKU02639,128,24,8,2025-08-18
ST03,SKU01762,347,95,46,2025-06-13
ST27,SKU04334,144,31,10,2025-06-19
ST01,SKU03150,328,99,45,2025-08-20
ST27,SKU04105,0,73,36,2025-08-22
ST01,SKU00935,516,94,36,2025-06-27
ST13,SKU02221,317,66,16,2025-06-14
ST18,SKU00350,330,85,31,2025-07-05
ST06,SKU02999,569,97,34,2025-06-16
ST30,SKU01407,456,92,43,2025-07-05
ST02,SKU03523,212,54,11,2025-08-20
ST26,SKU00699,467,78,38,2025-08-30
ST14,SKU00645,325,70,31,2025-08-27
ST12,SKU00535,241,71,31,2025-07-03
ST24,SKU01592,496,90,38,2025-05-19
ST08,SKU00830,0,75,23,2025-09-19
ST18,SKU03504,147,42,9,2025-07-29
ST30,SKU00589,481,91,45,2025-07-16
ST01,SKU01874,372,85,37,2025-05-12
ST13,SKU01174,515,92,29,2025-05-06
ST16,SKU02640,0,74,31,2025-09-11
ST23,SKU03582,136,41,9,2025-07-30
ST27,SKU03058,411,92,32,2025-08-25
ST05,SKU02747,0,44,17,2025-09-29
ST24,SKU00774,0,86,40,2025-09-03
ST05,SKU00532,109,27,6,2025-07-26
ST17,SKU01818,394,69,15,2025-07-11
ST15,SKU00954,380,67,25,2025-05-31
ST13,SKU00127,514,88,38,2025-05-19
ST29,SKU02057,477,81,22,2025-06-20
ST03,SKU02822,206,55,18,2025-05-24
ST27,SKU03179,385,98,31,2025-08-27
ST21,SKU00890,190,36,15,2025-05-20
ST16,SKU02532,0,93,32,2025-10-11
ST16,SKU00546,139,36,8,2025-07-20
ST05,SKU04854,79,20,10,2025-08-31
ST17,SKU01939,227,55,24,2025-06-30
ST05,SKU02639,263,57,15,2025-08-29
ST08,SKU04334,336,59,13,2025-05-20
ST15,SKU01075,294,62,24,2025-07-23
ST03,SKU01775,0,92,44,2025-09-27
ST25,SKU03749,272,78,16,2025-06-29
ST18,SKU00592,311,90,36,2025-07-06
ST25,SKU03520,259,50,21,2025-08-12
ST30,SKU03864,200,58,14,2025-07-23
ST30,SKU01649,586,98,37,2025-07-29
ST11,SKU01370,0,25,5,2025-08-31
ST16,SKU01485,0,90,25,2025-08-18
ST26,SKU04913,0,67,15,2025-08-16
ST03,SKU00728,0,87,27,2025-08-05
ST08,SKU03058,283,72,27,2025-08-02
ST11,SKU04753,299,66,15,2025-07-27
ST06,SKU04409,409,72,33,2025-06-19
ST11,SKU02538,0,99,22,2025-08-19
ST04,SKU03582,143,43,18,2025-08-31
ST21,SKU02997,469,91,34,2025-06-22
ST02,SKU02718,381,66,18,2025-08-13
ST12,SKU03931,316,96,31,2025-08-02
ST25,SKU03870,0,93,35,2025-09-13
ST27,SKU04468,180,33,14,2025-06-03
ST13,SKU00369,0,63,15,2025-08-08
ST27,SKU02253,186,34,8,2025-08-09
ST01,SKU03284,306,72,21,2025-06-06
ST30,SKU01770,407,85,17,2025-06-29
ST28,SKU00906,84,26,11,2025-06-18
ST28,SKU02892,0,28,6,2025-08-30
ST05,SKU04157,0,58,25,2025-08-05
ST17,SKU02999,235,64,24,2025-06-12
ST10,SKU02057,304,61,25,2025-08-30
ST01,SKU00251,195,63,14,2025-09-02
ST13,SKU03523,186,34,8,2025-08-13
ST20,SKU00264,0,79,37,2025-09-16
ST30,SKU02938,376,94,43,2025-08-21
ST25,SKU00608,215,39,14,2025-07-27
ST04,SKU01717,173,34,7,2025-07-22
ST14,SKU02176,0,23,5,2025-08-21
ST12,SKU03823,402,78,19,2025-08-25
ST25,SKU01547,0,55,18,2025-08-17
ST23,SKU02898,0,76,34,2025-09-13
ST02,SKU01792,306,72,15,2025-06-29
ST26,SKU00954,330,70,29,2025-05-25
ST17,SKU03349,377,79,35,2025-07-01
ST24,SKU04062,88,28,12,2025-05-07
ST25,SKU00500,0,88,26,2025-08-19
ST11,SKU02780,294,63,25,2025-06-03
ST23,SKU03837,488,93,34,2025-08-13
ST14,SKU02068,0,74,30,2025-08-19
ST02,SKU00516,488,97,41,2025-07-25
ST17,SKU02302,443,97,46,2025-06-10
ST08,SKU04468,121,21,10,2025-08-28
ST08,SKU02253,330,69,18,2025-07-22
ST06,SKU03375,131,38,19,2025-06-23
ST09,SKU00906,207,38,16,2025-06-02
ST09,SKU02892,0,83,31,2025-08-16
ST14,SKU01021,0,91,19,2025-09-09
ST26,SKU01075,379,64,16,2025-05-10
ST24,SKU04412,363,71,17,2025-05-17
ST29,SKU02541,144,31,10,2025-08-02
ST22,SKU01370,0,99,37,2025-09-12
ST20,SKU00506,0,70,15,2025-08-18
ST01,SKU00264,0,69,16,2025-09-10
ST11,SKU04887,316,71,26,2025-05-21
ST16,SKU01030,0,97,27,2025-10-02
ST29,SKU03709,239,73,25,2025-08-15
ST17,SKU04409,147,45,16,2025-06-23
ST22,SKU02538,0,96,35,2025-09-05
ST27,SKU04831,360,65,15,2025-05-26
ST03,SKU04245,0,60,21,2025-09-11
ST20,SKU01674,268,45,17,2025-07-23
ST13,SKU02718,151,33,11,2025-07-24
ST27,SKU00401,166,28,12,2025-05-10
ST11,SKU01854,211,49,11,2025-07-31
ST11,SKU03840,0,92,39,2025-08-09
ST04,SKU02898,0,63,30,2025-08-05
ST02,SKU01805,303,91,38,2025-07-14
ST12,SKU01032,202,35,15,2025-07-31
ST02,SKU00987,123,24,8,2025-06-14
ST12,SKU01971,139,44,20,2025-08-12
ST24,SKU03257,278,76,35,2025-07-24
ST27,SKU02737,0,84,26,2025-09-22
ST18,SKU02954,0,60,22,2025-08-11
ST16,SKU04305,0,52,17,2025-10-07
ST28,SKU03376,229,39,10,2025-06-26
ST21,SKU02205,189,40,9,2025-05-29
ST24,SKU04654,242,78,27,2025-06-24
ST05,SKU04412,385,75,24,2025-08-31
ST12,SKU03139,231,63,17,2025-07-19
ST10,SKU02541,295,87,36,2025-08-22
ST27,SKU03905,65,21,8,2025-05-18
ST15,SKU04605,379,84,32,2025-07-26
ST13,SKU01792,181,59,23,2025-07-29
ST03,SKU01104,123,33,9,2025-06-10
ST06,SKU00355,219,53,19,2025-07-12
ST28,SKU04315,0,39,15,2025-09-29
ST10,SKU03709,304,77,18,2025-08-15
ST19,SKU01048,0,25,12,2025-09-15
ST22,SKU02780,151,43,15,2025-08-01
ST29,SKU01507,0,95,21,2025-09-26
ST08,SKU04831,257,78,38,2025-07-04
ST27,SKU02858,0,71,31,2025-08-15
ST01,SKU01674,111,28,11,2025-07-16
ST03,SKU02501,460,77,27,2025-08-18
ST30,SKU02375,378,98,39,2025-06-14
ST08,SKU00401,328,74,30,2025-06-11
ST09,SKU03484,118,36,12,2025-08-09
ST23,SKU01167,75,20,6,2025-06-04
ST16,SKU02211,263,80,17,2025-07-14
ST12,SKU01274,0,88,41,2025-08-05
ST10,SKU02662,265,53,11,2025-06-27
ST15,SKU02740,0,23,9,2025-09-19
ST01,SKU02842,216,54,17,2025-05-29
ST25,SKU03199,0,93,20,2025-09-20
ST28,SKU04665,340,98,41,2025-08-31
ST16,SKU03150,172,29,8,2025-07-13
ST17,SKU00571,347,65,26,2025-09-02
ST22,SKU04887,205,44,15,2025-07-19
ST27,SKU00535,405,82,37,2025-06-27
ST23,SKU03274,0,28,11,2025-09-14
ST11,SKU01988,0,84,26,2025-08-28
ST30,SKU00052,206,35,14,2025-06-19
ST04,SKU01046,276,83,34,2025-05-10
ST09,SKU03376,448,77,26,2025-07-22
ST02,SKU04154,0,27,12,2025-09-02
ST05,SKU04654,326,92,44,2025-07-11
ST24,SKU02681,345,64,19,2025-06-11
ST22,SKU01854,220,37,10,2025-07-18
ST22,SKU03840,0,90,25,2025-08-19
ST24,SKU00237,296,75,22,2025-05-21
ST15,SKU04847,0,73,25,2025-08-09
ST08,SKU03905,309,68,14,2025-08-01
ST25,SKU03320,196,41,10,2025-08-31
ST13,SKU01805,550,92,30,2025-06-22
ST23,SKU04442,276,54,21,2025-08-12
ST14,SKU04888,404,82,38,2025-08-30
ST03,SKU04729,159,44,10,2025-08-21
ST08,SKU02858,0,88,19,2025-08-26
ST15,SKU03800,0,47,15,2025-08-25
ST20,SKU04144,318,83,19,2025-05-29
ST03,SKU02514,269,55,14,2025-07-10
ST13,SKU00987,463,81,19,2025-08-26
ST27,SKU02871,149,37,12,2025-08-09
ST04,SKU01167,374,80,30,2025-06-08
ST16,SKU02224,307,71,25,2025-06-04
ST02,SKU04504,146,39,15,2025-05-09
ST12,SKU01287,276,48,22,2025-06-02
ST25,SKU03441,239,66,26,2025-06-29
ST16,SKU03621,65,21,5,2025-08-31
ST04,SKU04321,0,24,7,2025-09-27
ST09,SKU04665,197,35,13,2025-07-29
ST23,SKU04334,370,71,27,2025-08-01
ST14,SKU02794,297,99,42,2025-07-23
ST02,SKU03457,501,90,33,2025-07-16
ST12,SKU00240,338,85,31,2025-06-14
ST03,SKU00649,154,38,8,2025-07-21
ST13,SKU03323,0,59,19,2025-08-20
ST22,SKU00699,83,25,6,2025-08-01
ST04,SKU03274,0,87,28,2025-08-14
ST28,SKU01645,252,44,13,2025-08-31
ST07,SKU00539,0,45,18,2025-09-21
ST29,SKU00823,0,31,7,2025-09-19
ST03,SKU03803,225,48,18,2025-07-30
ST08,SKU04147,424,97,46,2025-06-27
ST25,SKU03562,206,62,19,2025-07-14
ST04,SKU04442,132,37,10,2025-08-31
ST14,SKU02915,150,37,16,2025-07-05
ST26,SKU04955,277,59,27,2025-05-16
ST02,SKU03578,0,86,40,2025-08-08
ST26,SKU02740,0,71,30,2025-10-11
ST28,SKU02584,276,58,18,2025-06-20
ST07,SKU03693,0,85,24,2025-09-28
ST12,SKU04791,153,27,10,2025-05-12
ST02,SKU03349,262,85,33,2025-06-02
ST26,SKU04726,214,38,8,2025-08-05
ST12,SKU04562,0,30,9,2025-08-08
ST19,SKU01303,197,65,20,2025-07-01
ST13,SKU01229,132,38,12,2025-08-19
ST20,SKU04157,0,68,16,2025-09-17
ST08,SKU02871,451,89,42,2025-07-23
ST06,SKU04222,260,81,39,2025-05-06
ST15,SKU01827,409,84,38,2025-08-04
ST28,SKU01766,161,52,23,2025-08-15
ST16,SKU00251,225,39,9,2025-05-29
ST02,SKU02302,296,75,33,2025-06-01
ST12,SKU03744,179,41,13,2025-06-07
ST19,SKU02700,151,38,9,2025-07-10
ST22,SKU02217,200,42,17,2025-06-04
ST19,SKU02471,321,69,30,2025-06-10
ST22,SKU00002,0,80,22,2025-08-08
ST29,SKU02930,0,51,13,2025-08-21
ST27,SKU04281,341,74,17,2025-06-16
ST25,SKU03454,336,83,35,2025-07-14
ST23,SKU02590,334,68,24,2025-07-22
ST14,SKU03036,420,92,39,2025-06-05
ST16,SKU03634,285,65,20,2025-05-14
ST14,SKU00821,345,80,27,2025-05-08
ST22,SKU01170,0,45,9,2025-09-29
ST29,SKU02112,270,70,26,2025-05-16
ST06,SKU02128,100,24,10,2025-05-27
ST11,SKU02472,126,30,14,2025-09-01
ST09,SKU01645,537,99,48,2025-07-29
ST26,SKU03800,0,72,20,2025-09-27
ST24,SKU00721,499,96,35,2025-05-08
ST10,SKU00823,0,63,24,2025-09-22
ST03,SKU01830,305,55,15,2025-07-01
ST13,SKU04504,93,22,6,2025-08-06
ST23,SKU04926,0,30,8,2025-10-12
ST14,SKU00942,0,30,11,2025-08-09
ST04,SKU00254,0,20,10,2025-08-14
ST21,SKU03870,0,47,12,2025-08-29
ST02,SKU01605,135,39,18,2025-08-10
ST26,SKU00538,0,59,12,2025-08-23
ST13,SKU03457,442,95,39,2025-05-20
ST09,SKU01766,387,94,32,2025-06-14
ST21,SKU00837,203,58,12,2025-07-14
ST24,SKU03057,0,35,17,2025-08-21
ST19,SKU00498,166,49,11,2025-07-25
ST08,SKU04281,75,23,7,2025-06-30
ST04,SKU02590,425,87,18,2025-06-02
ST11,SKU01317,0,79,39,2025-09-08
ST14,SKU01063,170,31,12,2025-08-17
ST28,SKU00732,255,78,19,2025-08-01
ST10,SKU02112,425,80,33,2025-08-21
ST12,SKU02710,253,83,41,2025-06-22
ST27,SKU03476,0,84,30,2025-08-20
ST13,SKU03578,0,82,23,2025-09-09
ST18,SKU03693,0,87,33,2025-09-23
ST20,SKU00090,217,68,26,2025-05-25
ST09,SKU04102,464,98,34,2025-06-11
ST06,SKU00155,345,60,28,2025-06-12
ST21,SKU03173,272,47,18,2025-08-16
ST14,SKU04217,166,30,12,2025-07-27
ST21,SKU00958,167,49,20,2025-07-24
ST02,SKU00679,329,89,30,2025-09-01
ST26,SKU01827,440,83,26,2025-05-09
ST17,SKU04222,365,79,33,2025-05-13
ST05,SKU00721,210,63,15,2025-07-26
ST04,SKU04926,0,86,32,2025-09-16
ST30,SKU03932,270,55,17,2025-07-10
ST09,SKU02826,0,100,32,2025-09-25
ST26,SKU01009,0,74,34,2025-08-21
ST02,SKU03833,533,98,25,2025-08-02
ST24,SKU04346,0,50,15,2025-09-01
ST12,SKU00845,0,40,15,2025-08-08
ST15,SKU04526,116,36,10,2025-06-21
ST20,SKU04641,385,89,42,2025-07-02
ST25,SKU04756,0,88,31,2025-09-30
ST23,SKU03892,415,77,25,2025-06-05
ST28,SKU04236,477,97,38,2025-08-23
ST23,SKU01677,0,92,34,2025-09-20
ST02,SKU00571,269,53,14,2025-05-25
ST05,SKU03057,0,98,28,2025-09-23
ST29,SKU01428,390,75,36,2025-08-08
ST29,SKU03414,189,49,17,2025-05-07
ST17,SKU02128,449,99,30,2025-05-15
ST22,SKU02472,256,58,28,2025-05-28
ST30,SKU04053,215,39,15,2025-06-26
ST14,SKU03291,168,31,13,2025-07-15
ST09,SKU00732,239,48,14,2025-06-19
ST05,SKU00024,105,20,5,2025-08-28
ST30,SKU03235,117,34,11,2025-05-30
ST13,SKU01605,278,87,28,2025-07-23
ST27,SKU01274,0,52,23,2025-08-16
ST09,SKU02129,447,92,25,2025-07-22
ST28,SKU02142,164,51,19,2025-05-28
ST21,SKU01200,114,30,10,2025-08-23
ST16,SKU02842,96,29,12,2025-05-30
ST02,SKU02907,147,31,15,2025-07-30
ST02,SKU00692,0,90,23,2025-09-05
ST29,SKU03535,0,31,14,2025-09-14
ST24,SKU00976,0,50,22,2025-10-10
ST21,SKU02368,0,46,19,2025-08-18
ST19,SKU04244,288,78,19,2025-06-23
ST10,SKU04690,438,95,40,2025-08-15
ST12,SKU00858,156,39,12,2025-06-18
ST27,SKU03839,219,54,27,2025-05-29
ST13,SKU03941,314,69,23,2025-06-15
ST01,SKU04641,283,70,17,2025-07-10
ST18,SKU02070,376,81,35,2025-06-28
ST03,SKU01038,226,43,19,2025-05-10
ST16,SKU03192,387,84,28,2025-08-05
ST09,SKU04236,129,24,11,2025-06-24
ST23,SKU01919,244,50,19,2025-05-20
ST14,SKU04580,328,56,22,2025-08-28
ST14,SKU00150,305,84,26,2025-07-21
ST10,SKU01428,197,57,15,2025-07-30
ST10,SKU03414,118,38,9,2025-06-20
ST17,SKU00155,273,54,23,2025-07-15
ST01,SKU03823,79,20,10,2025-07-24
ST18,SKU01023,118,38,14,2025-06-01
ST13,SKU00679,211,61,20,2025-08-14
ST11,SKU04016,0,51,11,2025-08-22
ST09,SKU00974,0,56,26,2025-08-10
ST14,SKU01318,122,22,10,2025-05-22
ST02,SKU01981,393,69,22,2025-08-01
ST29,SKU04824,0,85,36,2025-08-17
ST01,SKU02776,0,74,31,2025-08-23
ST22,SKU01438,0,63,14,2025-09-09
ST13,SKU04062,120,31,11,2025-06-05
ST13,SKU03833,461,88,25,2025-08-31
ST20,SKU00574,137,45,18,2025-06-06
ST21,SKU03428,349,88,22,2025-07-07
ST28,SKU00169,0,35,15,2025-08-12
ST28,SKU02155,0,75,25,2025-08-22
ST09,SKU02142,357,86,38,2025-06-13
ST26,SKU04526,246,54,24,2025-06-07
ST07,SKU03493,497,95,38,2025-08-20
ST12,SKU04362,0,36,8,2025-09-03
ST17,SKU04706,95,29,13,2025-05-25
ST19,SKU03089,210,56,21,2025-07-16
ST28,SKU01337,434,74,18,2025-07-29
ST21,SKU02381,0,66,19,2025-09-30
ST26,SKU01264,394,76,38,2025-08-31
ST07,SKU02217,204,55,26,2025-07-08
ST07,SKU00002,0,93,27,2025-08-24
ST01,SKU00682,379,82,29,2025-06-27
ST25,SKU03254,270,60,13,2025-07-31
ST11,SKU03090,551,92,46,2025-05-28
ST06,SKU00531,0,32,16,2025-08-25
ST28,SKU04491,407,91,21,2025-05-14
ST23,SKU04147,456,83,25,2025-08-08
ST12,SKU02268,0,57,12,2025-08-08
ST20,SKU01863,422,72,32,2025-06-28
ST13,SKU02907,289,91,31,2025-05-21
ST16,SKU02387,158,41,20,2025-08-16
ST21,SKU04717,297,59,14,2025-06-05
ST21,SKU00516,460,80,18,2025-07-26
ST14,SKU03546,0,48,23,2025-09-03
ST28,SKU01229,264,80,38,2025-06-29
ST07,SKU02567,398,88,40,2025-06-25
ST12,SKU03436,199,40,11,2025-07-25
ST19,SKU00177,0,75,37,2025-08-14
ST10,SKU04824,0,56,13,2025-08-29
ST20,SKU03031,180,54,18,2025-07-22
ST25,SKU03375,119,24,7,2025-06-20
ST01,SKU00574,146,45,20,2025-08-25
ST14,SKU02728,253,68,29,2025-08-20
ST28,SKU04612,155,29,10,2025-05-15
ST09,SKU00169,0,21,8,2025-09-22
ST26,SKU04768,160,41,19,2025-05-23
ST29,SKU04019,361,99,22,2025-07-06
ST13,SKU01042,112,25,12,2025-07-20
ST03,SKU00354,477,80,39,2025-06-25
ST11,SKU02164,232,52,13,2025-05-10
ST16,SKU02279,254,46,21,2025-07-06
ST09,SKU03323,0,50,12,2025-09-30
ST09,SKU01337,182,52,16,2025-05-11
ST26,SKU03492,238,56,19,2025-05-27
ST10,SKU04945,315,57,22,2025-06-18
ST05,SKU02386,243,68,23,2025-08-13
ST03,SKU03737,248,82,23,2025-07-20
ST20,SKU03152,402,74,24,2025-05-20
ST13,SKU01981,335,58,25,2025-07-09
ST30,SKU01396,190,57,13,2025-07-11
ST28,SKU02747,0,43,15,2025-10-12
ST09,SKU04491,355,86,35,2025-06-13
ST07,SKU03627,230,76,16,2025-06-30
ST02,SKU01068,198,40,14,2025-08-25
ST29,SKU04140,0,62,15,2025-09-30
ST05,SKU01568,89,21,5,2025-08-26
ST05,SKU01339,176,42,11,2025-08-28
ST03,SKU04905,214,40,19,2025-06-12
ST29,SKU01696,297,56,17,2025-05-30
ST01,SKU01863,119,24,11,2025-07-22
ST27,SKU00832,0,73,36,2025-09-07
ST23,SKU01356,299,79,25,2025-07-12
ST07,SKU04795,358,64,30,2025-08-21
ST07,SKU02580,325,55,25,2025-08-03
ST05,SKU00521,81,25,9,2025-05-30
ST19,SKU00190,0,59,27,2025-10-03
ST17,SKU01578,0,85,31,2025-08-29
ST27,SKU04215,68,21,5,2025-07-25
ST01,SKU03031,98,32,16,2025-08-30
ST29,SKU00649,189,38,11,2025-08-13
ST15,SKU02700,426,71,31,2025-06-23
ST06,SKU00894,146,43,9,2025-08-17
ST28,SKU04854,424,90,21,2025-07-09
ST28,SKU02639,262,62,21,2025-06-27
ST10,SKU04019,259,46,19,2025-07-31
ST29,SKU04032,0,53,18,2025-09-27
ST22,SKU03090,210,51,20,2025-07-06
ST17,SKU00531,0,56,20,2025-10-01
ST03,SKU04797,221,39,12,2025-05-17
ST20,SKU04212,123,37,17,2025-06-17
ST25,SKU00355,178,45,9,2025-05-22
ST11,SKU04392,275,46,20,2025-08-20
ST16,SKU00535,528,93,40,2025-07-20
ST02,SKU00371,192,47,13,2025-08-15
ST19,SKU04741,409,70,15,2025-08-22
ST24,SKU04856,276,55,16,2025-05-19
ST01,SKU03152,336,67,27,2025-07-02
ST27,SKU04107,402,92,43,2025-05-16
ST18,SKU02567,265,55,15,2025-06-08
ST09,SKU02747,0,90,19,2025-09-14
ST09,SKU00532,243,53,17,2025-06-21
ST21,SKU01818,523,98,44,2025-07-20
ST26,SKU04902,230,46,11,2025-05-21
ST02,SKU01310,533,92,19,2025-06-20
ST29,SKU04153,501,96,43,2025-07-22
ST22,SKU00996,0,66,29,2025-10-12
ST25,SKU02462,0,45,13,2025-10-04
ST08,SKU00832,0,55,26,2025-08-31
ST04,SKU01356,349,75,25,2025-09-01
ST02,SKU04693,120,37,13,2025-05-27
ST07,SKU02822,322,59,29,2025-07-03
ST17,SKU04035,0,79,27,2025-09-14
ST22,SKU02164,221,73,33,2025-06-22
ST08,SKU04215,427,76,23,2025-07-17
ST27,SKU04228,83,21,6,2025-08-20
ST21,SKU04154,0,52,13,2025-09-24
ST09,SKU04854,361,63,27,2025-06-22
ST21,SKU01939,375,100,33,2025-06-23
ST07,SKU01775,0,25,8,2025-10-01
ST10,SKU04261,94,22,8,2025-05-15
ST10,SKU02046,0,95,44,2025-09-12
ST10,SKU04032,0,74,21,2025-09-30
ST03,SKU03053,0,47,22,2025-09-17
ST08,SKU00953,0,37,15,2025-08-09
ST30,SKU04913,0,70,26,2025-08-16
ST20,SKU00024,446,87,30,2025-08-27
ST18,SKU03627,204,66,27,2025-06-18
ST09,SKU01592,294,71,29,2025-08-24
ST19,SKU02768,119,39,11,2025-06-02
ST05,SKU04856,261,80,21,2025-05-17
ST18,SKU04795,223,38,12,2025-08-08
ST18,SKU02580,143,41,17,2025-07-19
ST30,SKU01651,284,70,32,2025-06-29
ST16,SKU03931,311,67,19,2025-08-08
ST09,SKU00774,0,93,21,2025-09-27
ST16,SKU03702,0,71,22,2025-09-09
ST10,SKU04153,300,61,27,2025-08-06
ST17,SKU00894,254,78,28,2025-07-01
ST12,SKU00550,460,97,22,2025-07-23
ST13,SKU03633,0,74,23,2025-08-05
ST25,SKU04919,339,88,30,2025-05-10
ST18,SKU01762,147,41,20,2025-07-28
ST25,SKU04690,263,46,22,2025-07-29
ST11,SKU04526,327,74,24,2025-06-15
ST14,SKU02057,78,24,12,2025-05-29
ST02,SKU04706,410,91,24,2025-06-13
ST19,SKU02660,0,46,21,2025-09-08
ST22,SKU04392,453,98,46,2025-06-29
ST08,SKU04228,215,44,17,2025-08-11
ST13,SKU00371,256,49,21,2025-06-01
ST16,SKU04052,153,37,16,2025-07-17
ST04,SKU00551,285,53,25,2025-07-20
ST22,SKU03574,242,45,9,2025-05-13
ST19,SKU03828,189,46,13,2025-05-11
ST30,SKU00954,123,26,7,2025-05-26
ST13,SKU01310,270,83,17,2025-06-28
ST06,SKU00331,212,55,27,2025-08-14
ST01,SKU00024,197,55,15,2025-07-09
ST28,SKU04062,217,55,17,2025-06-26
ST12,SKU04054,125,23,7,2025-07-29
ST19,SKU04996,514,94,45,2025-05-16
ST13,SKU04693,431,79,39,2025-08-02
ST18,SKU02822,512,89,26,2025-08-20
ST13,SKU00263,0,91,45,2025-09-17
ST26,SKU03171,0,52,15,2025-09-27
ST12,SKU01021,0,75,34,2025-10-12
ST25,SKU02946,289,54,25,2025-05-21
ST30,SKU01075,97,23,7,2025-07-30
ST06,SKU04653,321,94,25,2025-08-13
ST28,SKU04412,145,31,8,2025-07-22
ST11,SKU04768,352,65,22,2025-06-03
ST23,SKU03839,166,40,16,2025-06-29
ST16,SKU00682,496,86,41,2025-07-05
ST22,SKU02648,0,53,17,2025-09-11
ST10,SKU01133,157,48,16,2025-05-10
ST01,SKU01542,458,89,22,2025-05-06
ST18,SKU00728,0,24,8,2025-08-07
ST11,SKU03950,431,81,19,2025-07-08
ST21,SKU04409,264,77,19,2025-08-28
ST05,SKU04401,265,56,23,2025-08-10
ST16,SKU01032,192,57,20,2025-06-28
ST09,SKU04062,397,69,29,2025-09-02
ST19,SKU01037,0,69,14,2025-10-03
ST13,SKU00734,458,85,21,2025-08-12
ST30,SKU04350,0,55,15,2025-08-23
ST08,SKU02376,411,80,31,2025-08-04
ST06,SKU03727,0,43,21,2025-09-03
ST16,SKU01971,308,79,28,2025-06-21
ST28,SKU03257,344,100,23,2025-05-27
ST19,SKU02205,94,27,7,2025-08-11
ST29,SKU04879,278,62,13,2025-06-16
ST08,SKU03773,452,79,25,2025-08-14
ST15,SKU02500,108,20,8,2025-07-08
ST15,SKU00285,0,92,25,2025-10-12
ST09,SKU04412,106,32,13,2025-06-26
ST16,SKU01153,0,23,8,2025-09-03
ST16,SKU03139,149,29,10,2025-08-15
ST14,SKU02541,130,43,21,2025-07-03
ST26,SKU04352,164,28,12,2025-06-07
ST07,SKU01104,479,94,30,2025-08-12
ST19,SKU00929,0,31,9,2025-09-06
ST17,SKU00331,290,51,23,2025-08-12
ST29,SKU03603,131,22,7,2025-06-24
ST03,SKU00167,260,50,14,2025-08-09
ST27,SKU00524,234,40,14,2025-07-03
ST06,SKU03848,205,68,24,2025-06-17
ST14,SKU03709,342,74,22,2025-05-24
ST05,SKU04414,299,62,18,2025-05-07
ST10,SKU02543,0,34,15,2025-10-10
ST29,SKU04771,340,87,42,2025-08-11
ST15,SKU04607,385,70,15,2025-07-31
ST20,SKU00521,116,22,5,2025-08-20
ST14,SKU02662,312,94,39,2025-05-06
ST21,SKU03375,256,75,30,2025-08-29
ST24,SKU03609,292,80,26,2025-06-01
ST17,SKU04653,261,52,20,2025-07-08
ST05,SKU01152,0,98,25,2025-09-28
ST12,SKU02094,189,56,13,2025-08-04
ST03,SKU02503,0,66,28,2025-08-07
ST03,SKU04489,0,59,24,2025-08-06
ST27,SKU00645,254,46,13,2025-05-16
ST06,SKU01754,316,84,39,2025-05-31
ST06,SKU03740,283,63,18,2025-08-16
ST09,SKU03257,308,65,19,2025-05-06
ST22,SKU03950,447,91,32,2025-05-20
ST29,SKU00691,183,40,12,2025-05-14
ST10,SKU00449,246,50,23,2025-06-29
ST29,SKU00462,238,46,17,2025-06-23
ST18,SKU04245,0,63,24,2025-08-26
ST25,SKU00986,369,88,21,2025-08-17
ST09,SKU04654,151,32,8,2025-08-03
ST28,SKU00466,259,52,18,2025-08-31
ST10,SKU03603,445,87,32,2025-05-09
ST01,SKU04012,0,79,25,2025-08-20
ST08,SKU00524,313,93,26,2025-05-24
ST04,SKU01048,0,70,26,2025-09-05
ST14,SKU01507,0,58,19,2025-09-22
ST07,SKU04729,239,43,12,2025-07-04
ST19,SKU04554,483,98,22,2025-07-13
ST10,SKU05000,137,35,9,2025-06-15
ST17,SKU03727,0,80,32,2025-09-22
ST10,SKU04771,399,75,25,2025-05-13
ST06,SKU03043,218,40,8,2025-05-11
ST16,SKU01287,270,62,23,2025-07-21
ST26,SKU02500,167,49,18,2025-06-16
ST05,SKU03609,472,80,35,2025-08-16
ST12,SKU00350,149,25,9,2025-07-16
ST24,SKU03622,0,78,30,2025-09-14
ST29,SKU01751,0,30,12,2025-10-09
ST08,SKU00645,149,48,20,2025-07-17
ST25,SKU04261,394,92,22,2025-05-25
ST30,SKU04605,453,100,30,2025-08-15
ST18,SKU01104,246,42,15,2025-06-18
ST16,SKU00240,424,94,21,2025-06-20
ST21,SKU02570,298,88,18,2025-08-07
ST02,SKU00305,329,56,11,2025-06-06
ST21,SKU00584,206,41,14,2025-06-22
ST12,SKU03504,203,48,19,2025-05-09
ST17,SKU03848,219,43,12,2025-08-01
ST18,SKU02501,291,55,13,2025-08-20
ST09,SKU00466,403,92,22,2025-07-27
ST20,SKU00066,101,31,7,2025-06-11
ST30,SKU04726,480,88,21,2025-07-04
ST16,SKU04791,359,68,30,2025-05-27
ST16,SKU02576,270,74,29,2025-07-15
ST23,SKU01303,394,95,29,2025-05-31
ST17,SKU01754,185,60,18,2025-08-12
ST03,SKU03805,179,35,16,2025-05-13
ST15,SKU00890,266,57,22,2025-07-05
ST20,SKU03220,399,77,19,2025-08-29
ST06,SKU01070,219,56,26,2025-05-22
ST23,SKU02471,349,69,28,2025-08-25
ST02,SKU03580,351,86,23,2025-06-24
ST19,SKU03749,171,33,15,2025-06-15
ST05,SKU03851,0,71,23,2025-09-26
ST19,SKU03520,355,60,29,2025-06-23
ST22,SKU03266,219,52,22,2025-05-17
ST12,SKU00363,0,99,28,2025-08-29
ST10,SKU01751,0,41,18,2025-10-11
ST10,SKU03966,166,44,12,2025-05-10
ST24,SKU03864,301,73,33,2025-07-05
ST20,SKU04388,427,97,29,2025-05-25
ST27,SKU03115,346,71,28,2025-07-25
ST30,SKU04847,0,60,16,2025-09-07
ST02,SKU02533,113,21,8,2025-07-22
ST15,SKU02997,460,94,25,2025-07-28
ST08,SKU04041,0,74,17,2025-09-20
ST18,SKU04729,410,97,25,2025-09-01
ST30,SKU03800,0,36,16,2025-09-20
ST18,SKU02514,181,49,12,2025-07-31
ST08,SKU02055,512,99,42,2025-06-01
ST07,SKU01830,263,79,37,2025-08-31
ST17,SKU03043,447,77,22,2025-06-30
ST29,SKU02114,273,73,33,2025-05-15
ST01,SKU00066,201,42,12,2025-06-24
ST20,SKU00079,0,66,20,2025-09-23
ST30,SKU00538,0,24,11,2025-09-30
ST04,SKU01303,120,38,15,2025-06-04
ST19,SKU00608,285,63,23,2025-06-04
ST22,SKU02340,0,66,15,2025-09-07
ST24,SKU02938,204,59,29,2025-08-24
ST08,SKU02176,0,28,6,2025-10-12
ST01,SKU03220,262,80,28,2025-07-06
ST13,SKU02520,323,79,34,2025-05-13
ST13,SKU00305,180,53,18,2025-06-11
ST18,SKU00649,489,95,21,2025-05-25
ST04,SKU02700,107,30,13,2025-05-23
ST04,SKU02471,253,44,21,2025-06-15
ST23,SKU00498,274,56,26,2025-06-06
ST16,SKU01542,171,54,23,2025-08-24
ST02,SKU03822,163,34,11,2025-07-30
ST05,SKU03864,183,43,13,2025-06-21
ST19,SKU01547,0,46,13,2025-10-09
ST05,SKU01649,168,52,23,2025-08-21
ST01,SKU04388,261,44,9,2025-08-05
ST18,SKU03803,187,49,19,2025-08-18
ST20,SKU04401,322,65,15,2025-07-03
ST08,SKU03115,592,99,39,2025-07-05
ST14,SKU02112,283,86,17,2025-07-11
ST16,SKU02710,87,21,4,2025-06-19
ST19,SKU00500,0,54,24,2025-08-23
ST20,SKU03583,250,75,26,2025-08-29
ST30,SKU01827,266,69,28,2025-06-15
ST21,SKU04222,445,82,31,2025-07-10
ST09,SKU00721,285,48,21,2025-07-09
ST26,SKU03105,162,33,16,2025-05-21
ST26,SKU00890,160,34,8,2025-05-24
ST10,SKU04329,0,62,21,2025-09-10
ST22,SKU01414,0,28,10,2025-09-26
ST05,SKU01770,227,46,13,2025-06-18
ST10,SKU02114,269,87,31,2025-07-02
ST13,SKU03580,116,37,9,2025-06-20
ST01,SKU00079,0,87,42,2025-08-24
ST11,SKU00501,245,50,13,2025-08-09
ST05,SKU02938,153,35,15,2025-06-07
ST29,SKU03295,174,31,8,2025-07-22
ST13,SKU02533,117,24,7,2025-07-08
ST06,SKU03311,276,82,37,2025-06-07
ST23,SKU04941,102,20,9,2025-07-07
ST21,SKU02128,65,21,5,2025-07-26
ST04,SKU00498,382,87,26,2025-08-08
ST28,SKU00855,346,81,29,2025-07-01
ST26,SKU02997,90,25,11,2025-06-25
ST17,SKU03177,135,26,6,2025-06-05
ST29,SKU00262,305,70,22,2025-07-24
ST10,SKU00020,0,55,25,2025-08-16
ST08,SKU01371,0,23,10,2025-08-27
ST20,SKU02657,0,41,9,2025-09-21
ST25,SKU04987,232,60,22,2025-06-05
ST18,SKU01830,413,71,29,2025-08-28
ST20,SKU04643,249,65,27,2025-07-02
ST29,SKU03416,326,98,37,2025-07-31
ST26,SKU03347,158,40,13,2025-06-21
ST28,SKU00976,0,36,17,2025-09-26
ST02,SKU01970,391,77,25,2025-05-27
ST12,SKU02954,0,72,22,2025-09-08
ST18,SKU04166,0,81,27,2025-08-08
ST13,SKU03822,332,59,27,2025-05-10
ST15,SKU02205,205,68,23,2025-08-24
ST27,SKU03491,252,83,34,2025-06-07
ST07,SKU01038,248,65,27,2025-06-05
ST05,SKU00965,270,64,26,2025-05-29
ST27,SKU04888,305,55,23,2025-06-28
ST08,SKU00445,0,58,18,2025-09-27
ST11,SKU01911,232,48,10,2025-08-01
ST04,SKU04941,509,85,36,2025-06-06
ST14,SKU03414,192,41,15,2025-05-28
ST21,SKU00155,424,97,46,2025-06-07
ST09,SKU00855,143,31,13,2025-08-24
ST17,SKU01433,398,96,21,2025-08-26
ST03,SKU03484,524,98,40,2025-07-02
ST10,SKU00262,111,28,8,2025-07-06
ST01,SKU02657,0,79,39,2025-09-26
ST25,SKU03014,350,93,33,2025-08-22
ST25,SKU05000,158,33,11,2025-09-02
ST28,SKU00050,0,71,24,2025-09-01
ST02,SKU03030,0,86,23,2025-09-26
ST19,SKU03199,0,95,31,2025-10-10
ST10,SKU03416,430,93,30,2025-07-22
ST22,SKU00501,255,77,36,2025-06-30
ST27,SKU02794,186,38,8,2025-07-08
ST30,SKU04526,194,35,14,2025-06-18
ST16,SKU04362,0,98,30,2025-09-27
ST11,SKU01803,361,80,26,2025-08-29
ST23,SKU03089,130,43,21,2025-08-16
ST23,SKU00874,185,31,10,2025-07-19
ST09,SKU00976,0,22,10,2025-09-17
ST24,SKU02267,238,58,26,2025-05-26
ST19,SKU03320,212,59,20,2025-05-25
ST07,SKU03266,177,33,16,2025-06-29
ST27,SKU02915,169,33,12,2025-07-26
ST27,SKU04901,362,77,36,2025-05-10
ST23,SKU03210,179,40,14,2025-05-22
ST02,SKU04319,199,51,24,2025-06-28
ST05,SKU02375,220,44,21,2025-08-23
ST15,SKU04783,0,100,28,2025-09-17
ST13,SKU01970,69,20,7,2025-05-06
ST16,SKU03436,412,77,38,2025-07-15
ST09,SKU00050,0,63,22,2025-09-24
ST19,SKU03441,522,96,35,2025-07-02
ST03,SKU04665,160,27,5,2025-06-20
ST27,SKU03036,517,99,33,2025-08-26
ST08,SKU02794,209,59,13,2025-06-01
ST27,SKU00821,289,87,39,2025-07-08
ST25,SKU02209,148,30,15,2025-06-12
ST27,SKU00592,323,72,16,2025-05-08
ST18,SKU01038,420,93,32,2025-08-26
ST04,SKU03089,397,69,19,2025-07-15
ST26,SKU03602,94,30,13,2025-08-25
ST07,SKU02340,0,62,24,2025-08-17
ST10,SKU02840,0,24,6,2025-09-12
ST22,SKU01911,213,41,13,2025-05-18
ST29,SKU00638,233,59,27,2025-05-12
ST30,SKU03492,438,81,37,2025-07-01
ST09,SKU02386,127,22,10,2025-07-08
ST07,SKU03737,161,44,18,2025-06-19
ST19,SKU03562,295,61,17,2025-06-01
ST13,SKU03259,0,45,13,2025-08-27
ST08,SKU02915,133,28,13,2025-08-05
ST08,SKU04901,302,76,21,2025-07-11
ST06,SKU01822,355,67,18,2025-06-26
ST04,SKU03210,331,64,30,2025-08-19
ST11,SKU04152,121,32,9,2025-07-24
ST09,SKU01339,285,85,34,2025-06-02
ST22,SKU01803,414,75,18,2025-07-18
ST09,SKU00521,217,52,15,2025-05-27
ST11,SKU03105,532,90,37,2025-06-18
ST06,SKU00775,400,69,32,2025-06-20
ST21,SKU01578,0,51,10,2025-09-26
ST28,SKU02520,183,40,11,2025-08-08
ST07,SKU01643,200,34,17,2025-08-13
ST07,SKU01414,0,78,27,2025-08-17
ST29,SKU04142,398,97,41,2025-06-26
ST10,SKU01685,0,60,28,2025-08-15
ST03,SKU02692,0,63,14,2025-09-19
ST01,SKU02094,82,21,6,2025-06-13
ST08,SKU00821,104,32,13,2025-06-13
ST08,SKU03036,331,83,17,2025-06-22
ST27,SKU01063,299,93,32,2025-05-29
ST14,SKU04019,152,33,8,2025-07-13
ST16,SKU00416,0,66,28,2025-09-20
ST07,SKU04797,172,40,20,2025-07-21
ST10,SKU00638,335,87,19,2025-08-12
ST13,SKU02333,0,82,30,2025-09-16
ST08,SKU03975,349,87,22,2025-05-16
ST27,SKU04217,117,38,16,2025-07-06
ST03,SKU01645,130,29,13,2025-08-05
ST23,SKU02526,0,46,22,2025-08-16
ST28,SKU04856,118,33,8,2025-06-30
ST02,SKU01191,236,43,10,2025-06-29
ST20,SKU04443,73,22,8,2025-08-18
ST30,SKU04902,198,34,13,2025-08-03
ST04,SKU01466,0,42,20,2025-09-07
ST06,SKU02064,178,42,14,2025-08-07
ST14,SKU01696,506,85,42,2025-05-24
ST17,SKU04145,167,41,13,2025-05-25
ST03,SKU01766,335,76,29,2025-06-17
ST15,SKU00837,292,93,27,2025-05-28
ST23,SKU04633,0,70,19,2025-08-12
ST04,SKU00190,0,65,25,2025-09-11
ST14,SKU00649,434,81,34,2025-05-13
ST17,SKU00654,184,31,10,2025-07-12
ST08,SKU01063,299,59,14,2025-08-06
ST18,SKU03737,274,86,30,2025-09-02
ST25,SKU04679,222,40,13,2025-05-21
ST14,SKU04032,0,59,18,2025-08-23
ST12,SKU03693,0,23,10,2025-09-19
ST03,SKU04102,378,70,25,2025-06-19
ST29,SKU03108,119,24,10,2025-08-03
ST17,SKU01822,241,43,12,2025-08-25
ST18,SKU04905,85,21,5,2025-08-01
ST15,SKU00958,278,65,16,2025-06-11
ST08,SKU04217,328,62,20,2025-08-02
ST06,SKU03353,0,72,28,2025-08-16
ST16,SKU03812,0,83,34,2025-09-02
ST09,SKU04856,223,47,11,2025-07-07
ST02,SKU01433,199,38,9,2025-05-12
ST24,SKU03932,388,89,35,2025-06-15
ST29,SKU00075,376,81,38,2025-06-12
ST17,SKU00775,275,85,36,2025-06-10
ST01,SKU04443,341,59,27,2025-08-20
ST03,SKU02826,0,80,21,2025-10-09
ST18,SKU01643,233,55,26,2025-05-22
ST06,SKU04292,131,32,10,2025-07-18
ST11,SKU02421,82,20,7,2025-07-04
ST14,SKU04153,261,49,23,2025-08-13
ST16,SKU00550,214,46,12,2025-05-31
ST27,SKU04580,121,21,10,2025-05-23
ST20,SKU01423,209,54,25,2025-08-28
ST13,SKU04453,0,52,11,2025-08-30
ST25,SKU01538,429,95,40,2025-05-16
ST04,SKU04633,0,51,23,2025-08-31
ST24,SKU04053,329,86,33,2025-05-22
ST15,SKU02247,0,34,12,2025-08-24
ST08,SKU03291,305,80,33,2025-08-30
ST27,SKU01318,364,66,17,2025-08-31
ST13,SKU01420,0,31,13,2025-09-08
ST03,SKU00732,248,43,18,2025-05-28
ST02,SKU02722,407,93,43,2025-08-21
ST24,SKU03235,429,99,43,2025-07-02
ST17,SKU02064,172,40,11,2025-08-01
ST03,SKU02129,217,43,14,2025-05-21
ST16,SKU04054,236,72,35,2025-05-16
ST04,SKU02768,260,46,23,2025-08-14
ST04,SKU00553,215,62,23,2025-06-17
ST11,SKU01495,140,30,10,2025-07-09
ST02,SKU01675,105,28,8,2025-08-30
ST10,SKU04505,403,79,31,2025-07-24
ST29,SKU00317,168,40,13,2025-07-02
ST10,SKU00075,302,68,31,2025-05-10
ST22,SKU03347,146,29,9,2025-07-22
ST15,SKU02368,0,41,19,2025-09-06
ST30,SKU03171,0,82,41,2025-09-09
ST12,SKU02070,170,45,22,2025-07-06
ST03,SKU04236,303,55,24,2025-08-15
ST08,SKU04580,147,36,14,2025-07-07
ST18,SKU03053,0,89,21,2025-08-31
ST08,SKU00150,146,35,12,2025-06-12
ST26,SKU03173,357,85,42,2025-05-29
ST10,SKU04626,0,40,14,2025-08-06
ST12,SKU01023,383,95,40,2025-07-03
ST05,SKU04053,385,90,21,2025-08-21
ST15,SKU04475,450,78,38,2025-08-15
ST30,SKU03292,0,21,10,2025-08-29
ST01,SKU00376,0,68,17,2025-10-05
ST27,SKU03546,0,30,8,2025-09-19
ST03,SKU00974,0,55,18,2025-09-29
ST20,SKU00389,104,31,13,2025-06-07
ST08,SKU01318,135,36,15,2025-07-28
ST04,SKU03828,357,71,24,2025-08-07
ST02,SKU02964,351,100,43,2025-07-28
ST02,SKU00749,509,91,41,2025-09-02
ST05,SKU03235,174,29,10,2025-05-29
ST29,SKU03592,174,44,20,2025-07-30
ST17,SKU04292,345,86,26,2025-05-23
ST22,SKU02421,259,53,14,2025-05-08
ST27,SKU02728,581,98,28,2025-07-07
ST15,SKU03428,123,33,7,2025-08-28
ST03,SKU02142,329,77,19,2025-06-09
ST10,SKU00317,117,38,12,2025-07-11
ST29,SKU00330,299,53,21,2025-05-27
ST25,SKU02840,0,57,13,2025-08-11
ST23,SKU04191,0,85,24,2025-08-04
ST16,SKU01034,505,90,33,2025-06-24
ST19,SKU03254,73,22,5,2025-08-18
ST30,SKU04352,293,85,25,2025-08-08
ST21,SKU04532,357,86,23,2025-08-03
ST23,SKU00929,0,69,18,2025-10-12
ST28,SKU03259,0,46,10,2025-08-10
ST21,SKU00331,344,64,31,2025-08-29
ST26,SKU01200,386,87,42,2025-08-14
ST07,SKU00167,228,72,25,2025-08-08
ST12,SKU03251,182,41,14,2025-08-20
ST29,SKU04652,265,53,11,2025-09-01
ST01,SKU02833,0,96,27,2025-09-06
ST15,SKU00516,275,51,22,2025-06-23
ST22,SKU01495,163,41,19,2025-08-01
ST15,SKU04717,222,65,28,2025-06-11
ST13,SKU01675,336,86,29,2025-05-15
ST09,SKU04414,103,24,9,2025-08-05
ST14,SKU02543,0,86,27,2025-09-22
ST14,SKU00328,0,93,35,2025-09-08
ST26,SKU02368,0,77,21,2025-09-01
ST19,SKU03375,377,66,30,2025-08-01
ST22,SKU02892,0,95,29,2025-10-05
ST10,SKU03592,326,65,22,2025-08-24
ST08,SKU02728,218,43,19,2025-08-21
ST03,SKU00169,0,54,26,2025-10-02
ST11,SKU04194,573,98,24,2025-07-21
ST28,SKU03609,432,90,21,2025-08-07
ST21,SKU04653,256,57,23,2025-08-21
ST16,SKU02094,148,27,8,2025-06-07
ST23,SKU03036,382,64,13,2025-07-05
ST02,SKU04145,339,63,24,2025-08-29
ST03,SKU01337,332,94,25,2025-08-27
ST04,SKU02205,244,46,19,2025-08-08
ST04,SKU04191,0,79,36,2025-08-04
ST28,SKU02333,0,38,14,2025-08-25
ST02,SKU01112,209,37,16,2025-05-15
ST26,SKU04475,504,86,29,2025-06-27
ST24,SKU01396,425,71,16,2025-06-15
ST03,SKU04491,397,80,25,2025-06-29
ST13,SKU00978,499,89,38,2025-07-05
ST25,SKU04250,281,75,18,2025-07-14
ST13,SKU02964,396,72,21,2025-07-13
ST11,SKU04315,0,33,15,2025-08-04
ST13,SKU00749,340,77,29,2025-05-09
ST14,SKU03603,377,77,17,2025-08-23
ST26,SKU03428,118,26,10,2025-08-07
ST19,SKU02449,0,47,11,2025-09-18
ST17,SKU03837,331,62,21,2025-07-24
ST12,SKU03493,251,71,25,2025-06-14
ST29,SKU04894,212,49,17,2025-05-17
ST01,SKU00860,265,62,14,2025-06-09
ST01,SKU00631,233,55,21,2025-06-17
ST23,SKU04554,173,43,14,2025-07-26
ST28,SKU02683,0,73,30,2025-08-08
ST21,SKU03727,0,53,23,2025-09-17
ST14,SKU04771,272,89,27,2025-05-18
ST26,SKU02381,0,52,18,2025-09-08
ST03,SKU04612,278,76,29,2025-08-08
ST25,SKU00170,334,61,26,2025-06-27
ST30,SKU02500,227,39,12,2025-06-30
ST16,SKU04551,0,85,31,2025-09-30
ST09,SKU03609,277,50,22,2025-05-07
ST06,SKU03863,316,59,20,2025-07-23
ST02,SKU02401,0,66,17,2025-08-11
ST23,SKU01063,384,96,26,2025-06-06
ST28,SKU01407,105,28,6,2025-06-25
ST02,SKU00186,288,56,23,2025-07-10
ST19,SKU00355,183,52,13,2025-08-05
ST22,SKU04073,340,85,26,2025-07-29
ST13,SKU00052,232,59,17,2025-07-23
ST13,SKU02038,265,54,12,2025-06-29
ST18,SKU00167,172,52,24,2025-07-04
ST06,SKU00830,0,66,18,2025-08-28
ST16,SKU03504,96,22,5,2025-06-02
ST21,SKU03848,262,44,18,2025-08-27
ST14,SKU00691,132,24,7,2025-05-24
ST11,SKU01174,398,96,24,2025-06-30
ST26,SKU00516,460,87,33,2025-08-25
ST24,SKU03624,324,55,23,2025-07-24
ST29,SKU03968,148,49,12,2025-07-20
ST03,SKU00532,217,39,9,2025-06-17
ST13,SKU00991,340,85,32,2025-05-23
ST30,SKU04607,274,66,14,2025-05-29
ST28,SKU03743,0,100,23,2025-08-22
ST02,SKU04508,0,74,19,2025-08-11
ST19,SKU02462,0,26,6,2025-08-29
ST22,SKU04194,265,80,26,2025-08-03
ST10,SKU04894,133,28,11,2025-08-16
ST29,SKU00935,159,28,9,2025-06-10
ST29,SKU03150,222,47,21,2025-08-08
ST27,SKU02057,111,31,11,2025-08-14
ST09,SKU02683,0,66,29,2025-08-13
ST21,SKU01754,124,41,16,2025-07-23
ST21,SKU03740,138,42,10,2025-07-28
ST07,SKU03805,332,62,31,2025-07-07
ST29,SKU01874,157,29,9,2025-06-23
ST03,SKU04854,281,51,17,2025-05-11
ST15,SKU01939,326,84,40,2025-05-16
ST08,SKU02983,0,99,33,2025-08-05
ST03,SKU02639,324,74,20,2025-08-31
ST06,SKU04334,332,95,28,2025-06-25
ST23,SKU03520,492,100,24,2025-06-06
ST14,SKU03966,151,30,8,2025-05-27
ST16,SKU00363,0,21,8,2025-10-03
ST14,SKU01751,0,22,11,2025-09-02
ST09,SKU01407,289,83,33,2025-06-25
ST28,SKU03864,383,84,38,2025-07-07
ST05,SKU00699,303,57,17,2025-06-13
ST24,SKU04913,0,81,31,2025-08-09
ST22,SKU04315,0,46,9,2025-08-15
ST12,SKU03627,404,79,23,2025-07-11
ST03,SKU03807,505,88,18,2025-07-13
ST03,SKU01592,415,84,35,2025-06-07
ST06,SKU03058,238,47,21,2025-07-26
ST09,SKU00589,390,85,32,2025-08-03
ST26,SKU00758,220,62,16,2025-07-07
ST24,SKU01880,297,54,13,2025-08-27
ST10,SKU03968,319,80,17,2025-08-22
ST03,SKU00774,0,47,19,2025-09-24
ST15,SKU04046,0,21,6,2025-08-06
ST25,SKU02519,314,95,47,2025-06-19
ST30,SKU04849,302,56,23,2025-08-10
ST25,SKU04505,499,87,36,2025-05-29
ST11,SKU00369,0,91,23,2025-08-15
ST16,SKU00484,0,27,8,2025-08-11
ST12,SKU01762,198,54,22,2025-08-09
ST19,SKU04690,267,48,15,2025-07-31
ST10,SKU03150,166,44,15,2025-06-17
ST10,SKU00935,76,20,8,2025-08-29
ST22,SKU02221,282,53,17,2025-06-03
ST15,SKU02999,159,45,14,2025-07-09
ST08,SKU02057,258,45,18,2025-06-19
ST13,SKU00186,247,77,27,2025-08-05
ST11,SKU03523,579,98,23,2025-08-03
ST23,SKU00608,173,40,18,2025-05-17
ST06,SKU03179,357,86,31,2025-06-29
ST10,SKU04318,0,29,14,2025-08-23
ST22,SKU01174,541,95,28,2025-07-13
ST25,SKU02640,0,32,12,2025-08-15
ST27,SKU01023,338,74,28,2025-06-02
ST28,SKU04106,138,30,13,2025-08-23
ST04,SKU03520,118,39,19,2025-08-21
ST23,SKU01547,0,45,15,2025-09-01
ST09,SKU03864,196,35,12,2025-08-28
ST26,SKU01818,223,69,24,2025-05-09
ST24,SKU00954,287,58,14,2025-07-05
ST29,SKU03284,113,20,9,2025-05-24
ST22,SKU00127,481,87,19,2025-07-13
ST10,SKU02224,351,84,37,2025-07-30
ST12,SKU02822,210,60,26,2025-07-01
ST05,SKU01880,103,23,11,2025-05-19
ST29,SKU00251,197,38,12,2025-07-29
ST15,SKU02302,441,91,32,2025-08-16
ST30,SKU03105,135,36,18,2025-08-18
ST25,SKU04747,332,92,30,2025-05-25
ST30,SKU00890,101,22,6,2025-07-26
ST04,SKU03870,0,53,14,2025-10-11
ST18,SKU03805,220,45,10,2025-05-09
ST06,SKU02253,250,52,15,2025-07-23
ST14,SKU04329,0,63,26,2025-08-11
ST25,SKU00546,264,49,15,2025-06-12
ST09,SKU01770,123,27,11,2025-07-18
ST26,SKU04154,0,53,13,2025-09-21
ST21,SKU01070,441,78,25,2025-07-01
ST14,SKU02114,233,40,10,2025-07-05
ST07,SKU00906,390,88,36,2025-08-11
ST07,SKU02892,0,70,30,2025-08-26
ST19,SKU02946,237,60,24,2025-08-21
ST17,SKU04334,451,85,19,2025-06-13
ST24,SKU01075,358,84,37,2025-08-29
ST20,SKU01370,0,37,15,2025-08-04
ST28,SKU00965,284,89,41,2025-07-26
ST17,SKU03058,253,58,27,2025-06-20
ST20,SKU04753,219,40,16,2025-08-19
ST15,SKU04409,361,86,35,2025-08-09
ST30,SKU02997,229,55,21,2025-05-23
ST11,SKU02718,284,51,21,2025-08-24
ST09,SKU04106,156,45,13,2025-07-04
ST21,SKU01191,236,52,21,2025-06-19
ST16,SKU02833,0,60,28,2025-10-12
ST04,SKU01547,0,71,20,2025-10-12
ST21,SKU03177,304,87,28,2025-07-21
ST22,SKU02584,224,52,17,2025-05-13
ST22,SKU00369,0,64,25,2025-10-01
ST22,SKU02355,0,81,32,2025-08-26
ST03,SKU00090,197,49,20,2025-06-06
ST02,SKU03837,267,84,20,2025-06-19
ST10,SKU00251,140,43,20,2025-07-28
ST22,SKU03523,190,39,10,2025-09-02
ST29,SKU00264,0,43,12,2025-09-30
ST17,SKU03179,307,84,32,2025-06-02
ST13,SKU01717,311,74,28,2025-06-18
ST25,SKU00788,135,41,10,2025-06-06
ST14,SKU04571,0,68,20,2025-10-11
ST16,SKU02954,0,62,27,2025-08-25
ST03,SKU04412,318,70,25,2025-08-22
ST08,SKU02541,473,85,41,2025-06-07
ST01,SKU01370,0,43,15,2025-08-21
ST11,SKU01792,514,93,29,2025-07-19
ST28,SKU00978,467,91,37,2025-07-07
ST08,SKU03709,283,66,25,2025-05-11
ST01,SKU04753,453,85,31,2025-06-03
ST20,SKU02780,145,28,8,2025-07-29
ST01,SKU02538,0,60,20,2025-09-05
ST27,SKU01507,0,70,14,2025-09-24
ST06,SKU04831,166,32,9,2025-06-26
ST06,SKU00401,411,75,16,2025-06-26
ST16,SKU00860,160,31,15,2025-07-21
ST26,SKU02302,517,87,28,2025-06-02
ST14,SKU00262,317,91,45,2025-08-03
ST17,SKU02253,100,21,7,2025-06-18
ST08,SKU02662,164,29,7,2025-07-27
ST15,SKU03375,298,62,26,2025-07-15
ST18,SKU00906,275,57,22,2025-05-25
ST10,SKU00264,0,55,21,2025-09-10
ST20,SKU04887,400,80,39,2025-08-03
ST25,SKU01030,0,81,37,2025-09-25
ST15,SKU00342,126,28,11,2025-05-20
ST03,SKU03257,164,41,13,2025-05-11
ST06,SKU02737,0,48,22,2025-10-12
ST28,SKU02267,535,97,34,2025-09-02
ST21,SKU03311,96,21,10,2025-06-19
ST28,SKU00052,292,62,13,2025-09-02
ST02,SKU01046,76,24,11,2025-05-08
ST22,SKU00732,132,40,10,2025-07-10
ST19,SKU00986,157,41,15,2025-07-01
ST29,SKU01674,205,38,15,2025-08-13
ST22,SKU02718,411,94,39,2025-05-28
ST03,SKU04654,251,66,27,2025-07-07
ST20,SKU01854,422,86,28,2025-05-19
ST11,SKU01805,235,43,14,2025-06-09
ST29,SKU02842,258,49,22,2025-06-10
ST01,SKU02780,224,44,17,2025-07-05
ST08,SKU01507,0,85,29,2025-09-25
ST06,SKU02858,0,90,22,2025-08-21
ST11,SKU00987,583,100,31,2025-07-26
ST09,SKU02375,125,40,14,2025-07-07
ST11,SKU00758,150,31,15,2025-08-13
ST02,SKU01167,101,27,9,2025-06-27
ST17,SKU04710,0,38,8,2025-08-23
ST11,SKU02155,0,33,8,2025-09-02
ST04,SKU03199,0,99,26,2025-09-11
ST30,SKU02205,345,85,21,2025-05-13
ST21,SKU02614,0,60,18,2025-08-12
ST19,SKU04261,418,70,22,2025-07-01
ST24,SKU04605,112,32,12,2025-08-25
ST10,SKU00506,0,91,23,2025-09-20
ST22,SKU01792,257,49,11,2025-06-27
ST12,SKU01104,548,100,49,2025-08-30
ST01,SKU04887,149,27,12,2025-08-27
ST06,SKU00535,306,81,23,2025-06-13
ST09,SKU02267,310,60,23,2025-06-14
ST12,SKU02501,166,52,26,2025-07-24
ST17,SKU04831,463,91,21,2025-06-12
ST12,SKU00286,0,54,26,2025-08-16
ST10,SKU01674,119,27,11,2025-08-23
ST17,SKU00401,158,36,10,2025-08-17
ST03,SKU00466,267,52,24,2025-08-07
ST01,SKU01854,428,78,33,2025-05-25
ST01,SKU03840,0,94,23,2025-10-03
ST27,SKU00823,0,20,5,2025-08-16
ST25,SKU02211,151,26,8,2025-06-12
ST03,SKU00237,585,99,38,2025-07-07
ST04,SKU03320,540,97,33,2025-08-27
ST02,SKU04442,373,99,40,2025-07-06
ST24,SKU04726,85,23,10,2025-05-09
ST10,SKU02842,355,70,17,2025-06-11
ST25,SKU01164,0,82,24,2025-09-08
ST27,SKU01762,221,66,21,2025-05-21
ST06,SKU02871,399,98,25,2025-07-22
ST26,SKU00342,154,42,21,2025-08-07
ST17,SKU02737,0,71,26,2025-10-05
ST20,SKU00002,0,63,18,2025-08-05
ST27,SKU02930,0,50,16,2025-08-18
ST13,SKU01046,225,54,15,2025-08-13
ST18,SKU03376,403,71,35,2025-07-17
ST23,SKU03454,75,22,10,2025-06-08
ST07,SKU02692,0,24,7,2025-10-08
ST02,SKU04334,323,80,35,2025-06-29
ST24,SKU04847,0,44,18,2025-09-14
ST17,SKU03905,157,27,13,2025-08-23
ST05,SKU04605,363,71,19,2025-05-27
ST27,SKU02112,171,33,8,2025-05-28
ST21,SKU01580,501,94,37,2025-08-29
ST14,SKU00638,183,51,22,2025-08-26
ST12,SKU04729,147,30,7,2025-08-16
ST29,SKU04144,327,85,34,2025-06-17
ST12,SKU02514,322,65,29,2025-07-21
ST22,SKU00987,306,99,38,2025-05-26
ST13,SKU01167,128,26,10,2025-08-06
ST30,SKU04783,0,72,28,2025-08-22
ST04,SKU03562,521,95,39,2025-05-17
ST02,SKU00254,0,76,33,2025-08-27
ST12,SKU01696,260,53,20,2025-07-12
ST05,SKU04955,139,44,14,2025-08-03
ST05,SKU04726,356,93,27,2025-08-26
ST20,SKU03277,77,21,7,2025-06-01
ST18,SKU04665,174,37,10,2025-08-02
ST25,SKU03621,163,50,21,2025-06-01
ST07,SKU01766,369,97,24,2025-07-30
ST12,SKU00649,359,96,46,2025-05-08
ST22,SKU03323,0,65,20,2025-09-05
ST01,SKU02217,186,43,12,2025-07-16
ST13,SKU03274,0,52,25,2025-10-09
ST06,SKU04281,346,97,24,2025-07-29
ST04,SKU03454,159,39,17,2025-08-19
ST16,SKU00539,0,77,21,2025-08-05
ST02,SKU02590,277,71,30,2025-06-17
ST21,SKU00654,135,23,8,2025-07-19
ST12,SKU03803,150,48,15,2025-05-26
ST17,SKU04147,364,82,34,2025-08-08
ST15,SKU01068,292,68,22,2025-08-26
ST08,SKU02112,173,54,17,2025-05-23
ST11,SKU01363,0,96,34,2025-09-03
ST16,SKU03693,0,26,11,2025-09-27
ST11,SKU03349,324,97,48,2025-08-05
ST04,SKU00421,339,95,45,2025-06-18
ST21,SKU01822,484,87,42,2025-07-20
ST05,SKU03800,0,90,42,2025-08-15
ST22,SKU01229,418,72,26,2025-05-13
ST10,SKU04144,303,90,32,2025-05-11
ST17,SKU02871,138,40,16,2025-08-12
ST24,SKU01827,402,82,39,2025-07-03
ST03,SKU00721,275,55,26,2025-06-11
ST20,SKU02351,290,73,25,2025-07-16
ST11,SKU02531,0,22,10,2025-09-21
ST25,SKU00251,408,74,34,2025-05-30
ST02,SKU04926,0,66,24,2025-08-14
ST28,SKU03932,356,79,39,2025-05-09
ST11,SKU02302,454,92,37,2025-06-20
ST28,SKU01717,283,58,22,2025-08-23
ST02,SKU02482,0,55,27,2025-08-22
ST01,SKU03277,415,73,22,2025-08-26
ST25,SKU03634,105,22,6,2025-05-11
ST23,SKU02541,183,39,14,2025-05-21
ST27,SKU03414,305,51,14,2025-08-13
ST15,SKU02128,79,21,9,2025-06-29
ST20,SKU02472,382,79,34,2025-06-03
ST28,SKU04053,274,74,30,2025-07-01
ST23,SKU03709,370,70,23,2025-05-11
ST19,SKU04987,258,70,21,2025-08-18
ST07,SKU00732,285,54,27,2025-05-18
ST12,SKU01830,246,56,18,2025-07-17
ST13,SKU00254,0,33,14,2025-09-17
ST06,SKU03476,0,95,30,2025-08-05
ST11,SKU01605,332,73,27,2025-05-18
ST21,SKU02064,418,74,24,2025-07-17
ST23,SKU02662,189,53,18,2025-07-12
ST22,SKU03457,170,36,18,2025-08-21
ST05,SKU01827,116,37,17,2025-08-03
ST27,SKU03535,0,29,9,2025-10-12
ST01,SKU02351,183,37,7,2025-07-30
ST18,SKU01766,309,60,20,2025-08-24
ST30,SKU00837,339,77,17,2025-07-23
ST14,SKU00075,268,58,21,2025-05-28
ST17,SKU04281,339,63,14,2025-06-10
ST25,SKU03876,0,34,12,2025-08-30
ST20,SKU01317,0,96,43,2025-09-10
ST04,SKU04756,0,39,11,2025-09-16
ST02,SKU03892,157,39,10,2025-09-01
ST26,SKU01068,359,100,24,2025-08-16
ST02,SKU01677,0,75,24,2025-08-24
ST22,SKU03578,0,29,10,2025-09-10
ST22,SKU01363,0,80,20,2025-08-12
ST08,SKU01428,441,98,40,2025-06-10
ST18,SKU04102,355,84,29,2025-06-23
ST08,SKU03414,139,31,9,2025-05-06
ST29,SKU00090,343,100,21,2025-08-22
ST15,SKU00155,366,75,30,2025-05-11
ST30,SKU00958,325,95,31,2025-06-15
ST30,SKU03173,241,67,23,2025-05-14
ST11,SKU00679,224,61,24,2025-07-24
ST01,SKU02472,111,21,10,2025-06-18
ST09,SKU04053,472,100,31,2025-08-26
ST21,SKU01138,0,67,27,2025-08-09
ST26,SKU04222,425,92,37,2025-09-01
ST07,SKU00974,0,61,17,2025-08-31
ST19,SKU03014,108,26,7,2025-06-17
ST22,SKU02531,0,90,42,2025-08-16
ST27,SKU04824,0,84,22,2025-08-27
ST13,SKU04926,0,61,14,2025-08-05
ST18,SKU02826,0,57,15,2025-10-12
ST09,SKU03235,201,54,24,2025-08-25
ST21,SKU04292,230,66,31,2025-05-10
ST07,SKU02142,172,40,18,2025-07-09
ST24,SKU04526,317,63,19,2025-08-14
ST29,SKU04641,125,22,10,2025-08-04
ST08,SKU03535,0,37,18,2025-08-23
ST11,SKU00571,263,50,17,2025-07-09
ST14,SKU00317,146,47,20,2025-07-20
ST26,SKU02128,197,48,12,2025-06-08
ST19,SKU00920,0,45,15,2025-08-13
ST27,SKU04945,243,76,18,2025-08-06
ST30,SKU02247,0,74,34,2025-09-01
ST06,SKU03839,246,47,14,2025-06-10
ST27,SKU02501,72,21,5,2025-07-04
ST18,SKU00732,87,20,7,2025-07-20
ST26,SKU01310,191,59,16,2025-07-26
ST02,SKU01919,234,59,23,2025-06-19
ST19,SKU02088,0,87,37,2025-08-04
ST17,SKU03476,0,63,19,2025-08-20
ST22,SKU01605,66,22,8,2025-07-08
ST18,SKU02129,288,63,15,2025-05-22
ST30,SKU01200,374,83,33,2025-05-14
ST11,SKU02907,120,31,11,2025-08-22
ST11,SKU00692,0,41,10,2025-08-06
ST14,SKU03592,179,59,29,2025-07-28
ST07,SKU00169,0,70,33,2025-09-06
ST07,SKU02155,0,23,7,2025-08-28
ST19,SKU02209,215,55,22,2025-07-11
ST22,SKU03941,409,70,32,2025-06-13
ST10,SKU04641,366,69,17,2025-08-18
ST05,SKU04526,282,68,23,2025-08-27
ST29,SKU00682,94,30,12,2025-07-31
ST27,SKU04019,236,72,33,2025-07-02
ST12,SKU01038,200,48,23,2025-07-31
ST25,SKU03192,162,43,12,2025-08-05
ST13,SKU01906,159,34,17,2025-07-10
ST18,SKU04236,171,44,14,2025-05-20
ST13,SKU01677,0,92,36,2025-08-06
ST07,SKU01337,141,29,8,2025-05-11
ST07,SKU03323,0,48,19,2025-08-25
ST10,SKU03823,239,62,22,2025-07-29
ST26,SKU00155,255,57,12,2025-08-11
ST24,SKU03492,121,31,8,2025-06-22
ST08,SKU04945,476,82,25,2025-08-20
ST20,SKU04016,0,75,19,2025-08-25
ST03,SKU02386,268,87,20,2025-05-11
ST30,SKU04475,170,34,10,2025-08-26
ST18,SKU00974,0,67,27,2025-08-31
ST11,SKU01981,349,95,41,2025-07-10
ST28,SKU01396,189,52,17,2025-05-18
ST07,SKU04491,101,20,5,2025-07-06
ST02,SKU04147,266,62,28,2025-06-15
ST10,SKU02776,0,28,10,2025-09-26
ST22,SKU04062,290,68,29,2025-08-19
ST22,SKU03833,104,28,12,2025-07-03
ST03,SKU01568,220,65,16,2025-07-24
ST03,SKU01339,312,66,19,2025-07-18
ST20,SKU04955,217,56,26,2025-07-14
ST27,SKU01696,127,28,12,2025-05-16
ST30,SKU03428,380,94,19,2025-07-19
ST18,SKU02142,299,86,30,2025-08-06
ST16,SKU03493,258,68,27,2025-09-02
ST14,SKU04652,225,51,19,2025-05-14
ST07,SKU01229,291,65,21,2025-07-07
ST15,SKU01578,0,60,25,2025-09-08
ST30,SKU04596,0,45,11,2025-09-10
ST27,SKU00649,134,36,17,2025-05-24
ST30,SKU02381,0,32,12,2025-09-05
ST04,SKU03375,398,97,45,2025-06-14
ST16,SKU02217,146,34,17,2025-08-09
ST07,SKU04612,475,89,34,2025-07-31
ST05,SKU04768,323,56,11,2025-09-01
ST17,SKU03839,125,25,6,2025-06-29
ST10,SKU00682,265,54,24,2025-05-08
ST20,SKU03090,242,48,19,2025-08-26
ST16,SKU01170,0,31,11,2025-09-05
ST14,SKU02558,85,23,8,2025-06-28
ST12,SKU00462,265,59,18,2025-05-23
ST29,SKU01863,242,75,17,2025-05-19
ST22,SKU02907,328,61,22,2025-07-04
ST22,SKU00692,0,26,9,2025-10-10
ST01,SKU04016,0,77,21,2025-10-10
ST25,SKU02387,79,20,6,2025-07-18
ST30,SKU04717,254,61,18,2025-08-20
ST30,SKU00516,260,52,12,2025-06-17
ST28,SKU03624,268,59,17,2025-08-12
ST07,SKU00532,97,24,12,2025-08-23
ST24,SKU04902,93,23,5,2025-06-27
ST29,SKU03031,317,62,16,2025-06-20
ST08,SKU04140,0,41,18,2025-10-07
ST27,SKU04153,323,56,18,2025-06-19
ST20,SKU00996,0,65,14,2025-09-12
ST08,SKU01696,201,52,22,2025-07-09
ST04,SKU02449,0,82,39,2025-10-04
ST06,SKU00832,0,89,21,2025-10-08
ST10,SKU01971,142,44,11,2025-06-23
ST15,SKU04035,0,40,19,2025-08-18
ST20,SKU02164,214,49,19,2025-08-13
ST25,SKU02279,360,72,18,2025-07-17
ST18,SKU01337,291,50,21,2025-08-06
ST06,SKU04215,127,38,16,2025-08-10
ST07,SKU04854,374,99,25,2025-07-07
ST12,SKU03737,212,49,15,2025-06-08
ST19,SKU04679,340,60,27,2025-06-02
ST29,SKU03152,280,64,18,2025-05-08
ST29,SKU02923,0,49,19,2025-08-09
ST22,SKU01981,384,65,29,2025-06-29
ST08,SKU02046,0,25,6,2025-08-17
ST08,SKU04032,0,60,26,2025-10-02
ST01,SKU03090,176,39,16,2025-07-11
ST08,SKU04261,489,88,39,2025-06-26
ST18,SKU04491,305,91,31,2025-08-23
ST01,SKU01104,371,62,25,2025-05-14
ST04,SKU00355,289,53,19,2025-06-22
ST28,SKU04913,0,63,27,2025-09-04
ST16,SKU03627,391,71,30,2025-05-22
ST11,SKU01068,232,75,30,2025-07-21
ST12,SKU04905,284,64,16,2025-08-11
ST10,SKU01863,346,67,31,2025-05-11
ST03,SKU04856,210,67,32,2025-07-10
ST16,SKU04795,382,94,28,2025-06-14
ST09,SKU03624,171,41,17,2025-06-03
ST28,SKU01651,556,94,28,2025-07-13
ST14,SKU03968,357,61,18,2025-08-14
ST26,SKU01578,0,87,21,2025-08-07
ST05,SKU04902,436,76,22,2025-06-03
ST10,SKU03031,330,95,24,2025-07-12
ST08,SKU04153,66,20,5,2025-06-15
ST15,SKU00894,138,29,13,2025-07-06
ST18,SKU04612,305,97,48,2025-08-12
ST11,SKU03633,0,32,12,2025-08-23
ST23,SKU04690,333,73,35,2025-06-27
ST14,SKU00935,147,42,19,2025-07-14
ST21,SKU03863,169,34,9,2025-08-05
ST26,SKU00531,0,83,33,2025-08-06
ST12,SKU04797,90,23,11,2025-08-23
ST19,SKU01538,302,84,21,2025-06-07
ST29,SKU04212,165,52,21,2025-05-29
ST01,SKU02164,157,47,19,2025-05-28
ST25,SKU00535,173,46,19,2025-05-08
ST20,SKU04392,192,54,14,2025-07-26
ST27,SKU01133,409,77,34,2025-07-31
ST06,SKU04228,220,43,9,2025-07-30
ST11,SKU00371,303,74,22,2025-08-12
ST23,SKU01428,265,60,12,2025-05-16
ST14,SKU01874,184,41,17,2025-05-18
ST10,SKU03152,87,23,7,2025-07-22
ST22,SKU00237,329,57,17,2025-06-10
ST18,SKU00532,154,48,14,2025-07-20
ST30,SKU01818,205,57,13,2025-06-25
ST11,SKU01310,545,91,24,2025-08-10
ST14,SKU02224,293,51,22,2025-05-25
ST16,SKU02822,224,51,25,2025-08-17
ST09,SKU01880,417,77,36,2025-05-16
ST09,SKU01651,308,53,13,2025-05-13
ST26,SKU04035,0,89,28,2025-10-12
ST17,SKU04215,248,71,14,2025-06-21
ST30,SKU04154,0,29,9,2025-09-10
ST18,SKU04854,458,91,26,2025-05-18
ST30,SKU01939,170,45,18,2025-06-13
ST04,SKU04919,364,94,40,2025-05-24
ST18,SKU02639,190,43,14,2025-05-27
ST04,SKU04690,215,41,14,2025-07-19
ST21,SKU04105,0,31,12,2025-08-10
ST29,SKU00024,100,26,10,2025-06-14
ST01,SKU04392,484,84,40,2025-07-24
ST08,SKU01133,398,81,16,2025-07-07
ST18,SKU03807,302,85,33,2025-08-23
ST06,SKU02484,0,48,13,2025-10-06
ST18,SKU01592,297,50,18,2025-08-20
ST21,SKU03058,146,27,8,2025-09-02
ST24,SKU03063,0,55,21,2025-10-04
ST01,SKU03574,384,89,34,2025-06-07
ST27,SKU02543,0,51,23,2025-09-20
ST09,SKU00954,333,81,20,2025-08-07
ST14,SKU03284,118,21,10,2025-07-12
ST26,SKU00894,132,25,11,2025-06-16
ST10,SKU04562,0,98,38,2025-09-14
ST07,SKU04062,262,83,27,2025-07-27
ST06,SKU04591,362,75,27,2025-07-11
ST30,SKU02999,279,76,16,2025-08-31
ST28,SKU04350,0,90,20,2025-10-04
ST14,SKU00251,169,33,10,2025-07-01
ST21,SKU03179,243,45,22,2025-08-31
ST10,SKU03286,245,58,16,2025-08-19
ST22,SKU00371,109,31,15,2025-08-09
ST25,SKU04052,276,60,27,2025-07-17
ST27,SKU00449,180,32,14,2025-09-02
ST13,SKU00551,240,43,18,2025-06-30
ST25,SKU03823,353,99,33,2025-06-23
ST09,SKU01075,351,64,18,2025-08-21
ST23,SKU04945,296,50,13,2025-06-24
ST02,SKU03839,484,83,35,2025-07-08
ST15,SKU04532,217,54,24,2025-07-12
ST15,SKU00331,318,58,29,2025-05-23
ST03,SKU01031,81,20,6,2025-07-30
ST25,SKU03005,282,53,14,2025-07-22
ST27,SKU03603,488,95,34,2025-08-19
ST05,SKU03292,0,79,25,2025-08-30
ST22,SKU04693,315,97,25,2025-05-23
ST03,SKU04414,426,84,31,2025-08-05
ST08,SKU00328,0,100,47,2025-08-31
ST30,SKU02302,113,22,5,2025-06-07
ST21,SKU04468,263,62,19,2025-07-07
ST21,SKU02253,215,54,13,2025-05-22
ST03,SKU01152,0,70,20,2025-08-16
ST20,SKU04768,214,52,21,2025-07-05
ST25,SKU00682,347,98,29,2025-08-27
ST09,SKU04350,0,83,22,2025-10-01
ST23,SKU04019,132,37,18,2025-05-29
ST19,SKU03311,518,97,32,2025-07-03
ST07,SKU03257,171,37,10,2025-07-10
ST07,SKU01042,200,55,15,2025-06-02
ST10,SKU01542,215,47,11,2025-07-28
ST08,SKU04879,88,21,8,2025-05-29
ST20,SKU03950,193,58,25,2025-05-19
ST27,SKU00691,299,51,21,2025-06-18
ST25,SKU02079,0,40,18,2025-10-05
ST30,SKU04409,254,72,31,2025-08-13
ST08,SKU00449,288,64,19,2025-07-23
ST23,SKU00986,261,68,21,2025-07-06
ST19,SKU04250,329,82,26,2025-08-19
ST08,SKU03603,349,60,14,2025-06-05
ST18,SKU00090,480,89,41,2025-05-10
ST25,SKU01032,277,82,39,2025-08-31
ST06,SKU00524,191,34,17,2025-06-12
ST14,SKU00385,201,61,23,2025-08-24
ST02,SKU01048,0,92,44,2025-09-16
ST12,SKU04476,0,79,22,2025-08-23
ST17,SKU04591,344,66,27,2025-08-05
ST22,SKU00734,119,23,8,2025-05-19
ST17,SKU02376,261,71,22,2025-07-23
ST15,SKU03727,0,27,10,2025-10-12
ST08,SKU04771,81,23,8,2025-06-19
ST06,SKU03907,0,56,26,2025-10-09
ST25,SKU01971,381,88,33,2025-08-04
ST17,SKU03773,541,91,40,2025-06-28
ST19,SKU00170,460,82,34,2025-07-17
ST24,SKU02500,367,99,38,2025-06-21
ST03,SKU03609,391,76,19,2025-06-29
ST18,SKU04412,315,69,15,2025-08-24
ST27,SKU01751,0,73,33,2025-08-31
ST25,SKU01153,0,81,22,2025-08-20
ST25,SKU03139,281,50,18,2025-06-12
ST06,SKU00645,228,49,13,2025-09-02
ST23,SKU02046,0,88,25,2025-08-31
ST26,SKU04532,409,83,17,2025-05-15
ST26,SKU00331,198,47,16,2025-05-28
ST22,SKU00855,481,87,34,2025-07-20
ST12,SKU00167,118,28,13,2025-06-30
ST15,SKU03848,246,54,27,2025-06-18
ST29,SKU01568,153,47,19,2025-07-17
ST08,SKU00691,192,44,14,2025-06-08
ST27,SKU04905,288,67,24,2025-06-28
ST01,SKU03950,281,84,34,2025-07-06
ST21,SKU04831,128,37,10,2025-08-31
ST04,SKU00986,64,21,8,2025-08-18
ST14,SKU01674,297,73,26,2025-07-02
ST21,SKU00401,329,69,23,2025-07-22
ST07,SKU00466,258,64,26,2025-05-11
ST19,SKU00291,0,85,41,2025-10-11
ST25,SKU01274,0,88,37,2025-09-18
ST28,SKU04726,362,97,20,2025-06-18
ST14,SKU02842,433,80,35,2025-07-21
ST26,SKU04653,344,73,18,2025-06-16
ST12,SKU02503,0,46,15,2025-08-16
ST15,SKU01754,120,38,19,2025-07-15
ST15,SKU03740,478,80,17,2025-06-16
ST18,SKU03257,465,89,33,2025-07-25
ST30,SKU00342,201,37,11,2025-07-05
ST21,SKU02737,0,63,31,2025-10-02
ST05,SKU02500,317,75,21,2025-05-31
ST03,SKU03851,0,92,41,2025-08-23
ST20,SKU03266,361,68,24,2025-08-06
ST08,SKU03966,105,21,8,2025-07-11
ST18,SKU04654,86,24,7,2025-07-05
ST03,SKU01407,276,73,17,2025-07-23
ST28,SKU04847,0,59,22,2025-08-09
ST21,SKU03905,346,70,17,2025-05-11
ST04,SKU04261,97,31,13,2025-08-06
ST09,SKU04605,167,31,9,2025-05-25
ST17,SKU00524,403,95,23,2025-07-24
ST03,SKU00589,369,90,24,2025-08-20
ST13,SKU01048,0,86,25,2025-09-25
ST30,SKU02449,0,47,10,2025-08-23
ST16,SKU04729,104,22,8,2025-05-11
ST16,SKU02514,111,27,13,2025-07-25
ST19,SKU02519,273,46,19,2025-05-26
ST17,SKU03907,0,93,40,2025-08-31
ST24,SKU04849,224,42,13,2025-08-05
ST19,SKU04505,321,82,26,2025-06-30
ST27,SKU04329,0,55,11,2025-09-29
ST03,SKU03743,0,30,8,2025-09-24
ST15,SKU03043,196,65,28,2025-07-05
ST27,SKU02114,424,73,33,2025-08-23
ST25,SKU01287,325,76,33,2025-05-16
ST09,SKU02740,0,39,16,2025-10-10
ST09,SKU04726,188,36,17,2025-08-07
ST02,SKU01303,270,46,14,2025-06-11
ST17,SKU00874,238,73,18,2025-08-25
ST17,SKU00645,231,49,20,2025-08-20
ST27,SKU03053,0,40,14,2025-09-11
ST25,SKU00240,251,70,15,2025-05-23
ST30,SKU00584,329,58,20,2025-06-30
ST11,SKU00305,277,78,17,2025-06-15
ST26,SKU03848,164,28,10,2025-05-22
ST02,SKU02471,394,95,21,2025-07-25
ST19,SKU02640,0,96,46,2025-09-10
ST03,SKU03864,443,90,40,2025-06-27
ST08,SKU01993,0,21,10,2025-08-23
ST27,SKU00020,0,92,38,2025-09-28
ST18,SKU00466,145,26,7,2025-05-09
ST03,SKU01649,359,92,34,2025-08-21
ST16,SKU03803,455,93,27,2025-07-07
ST06,SKU03115,262,48,19,2025-05-21
ST21,SKU04147,468,99,48,2025-07-11
ST29,SKU00066,328,55,26,2025-08-20
ST25,SKU04791,291,50,11,2025-05-26
ST25,SKU04562,0,34,13,2025-10-12
ST14,SKU04144,499,95,43,2025-07-30
ST21,SKU02871,318,65,17,2025-06-01
ST26,SKU01754,305,52,21,2025-07-08
ST07,SKU00721,194,52,19,2025-06-13
ST24,SKU03105,401,93,20,2025-08-30
ST19,SKU04747,306,98,43,2025-06-22
ST05,SKU04849,338,84,33,2025-05-14
ST29,SKU03220,91,23,11,2025-08-21
ST24,SKU00890,432,80,27,2025-08-07
ST12,SKU03805,275,59,25,2025-08-06
ST19,SKU00546,119,26,7,2025-08-24
ST15,SKU01070,471,86,34,2025-05-15
ST06,SKU01021,0,43,20,2025-09-11
ST03,SKU02938,372,73,35,2025-06-13
ST27,SKU03295,291,71,15,2025-05-28
ST11,SKU02533,459,90,18,2025-06-13
ST16,SKU02648,0,22,11,2025-09-06
ST07,SKU03057,0,97,32,2025-08-09
ST02,SKU00498,383,90,23,2025-06-01
ST03,SKU04106,342,82,28,2025-08-10
ST15,SKU03177,177,43,14,2025-08-27
ST23,SKU04987,321,54,24,2025-05-30
ST16,SKU01830,152,33,8,2025-08-20
ST26,SKU03043,161,35,14,2025-06-27
ST05,SKU04152,119,35,9,2025-09-01
ST12,SKU00893,0,44,19,2025-08-11
ST29,SKU04280,0,67,33,2025-09-10
ST27,SKU03416,89,20,9,2025-08-13
ST13,SKU01303,130,32,11,2025-05-26
ST05,SKU03105,103,22,7,2025-08-21
ST22,SKU02520,401,72,31,2025-05-12
ST10,SKU03220,337,73,19,2025-06-19
ST05,SKU00890,560,94,22,2025-06-25
ST08,SKU04571,0,91,38,2025-09-12
ST22,SKU00305,301,93,33,2025-05-12
ST13,SKU02700,195,48,18,2025-08-01
ST13,SKU02471,410,74,28,2025-07-11
ST25,SKU01542,261,63,26,2025-06-24
ST11,SKU03822,223,41,19,2025-06-28
ST23,SKU04879,578,99,21,2025-07-06
ST02,SKU03773,226,53,18,2025-07-28
ST10,SKU04388,341,87,34,2025-07-20
ST29,SKU04401,140,40,20,2025-08-22
ST17,SKU03115,531,90,37,2025-05-29
ST08,SKU03295,301,64,26,2025-05-14
ST06,SKU04646,0,35,10,2025-08-11
ST25,SKU02710,94,22,10,2025-07-22
ST02,SKU04941,368,74,21,2025-06-01
ST07,SKU00855,280,54,25,2025-06-22
ST29,SKU03583,246,56,21,2025-08-05
ST03,SKU04348,0,41,11,2025-09-26
ST17,SKU02068,0,24,6,2025-08-27
ST08,SKU00262,145,39,14,2025-05-06
ST30,SKU04222,446,78,25,2025-08-10
ST04,SKU04987,132,37,11,2025-07-29
ST26,SKU01070,193,40,10,2025-05-16
ST12,SKU00906,127,39,8,2025-06-08
ST22,SKU03580,239,69,22,2025-06-08
ST08,SKU03416,153,32,9,2025-05-27
ST17,SKU04633,0,54,13,2025-10-09
ST05,SKU03347,104,25,7,2025-05-29
ST22,SKU02533,140,31,11,2025-08-21
ST30,SKU02128,346,66,26,2025-05-26
ST13,SKU00498,378,68,22,2025-07-15
ST06,SKU03491,547,97,44,2025-06-24
ST28,SKU01264,478,83,17,2025-07-16
ST26,SKU03177,262,62,19,2025-06-15
ST29,SKU04643,222,43,19,2025-07-23
ST14,SKU00090,339,72,29,2025-05-25
ST10,SKU03583,244,67,25,2025-05-12
ST03,SKU02375,465,79,19,2025-07-14
ST11,SKU01970,444,74,34,2025-06-16
ST04,SKU03014,104,26,6,2025-07-27
ST04,SKU05000,332,60,29,2025-07-25
ST19,SKU04305,0,63,29,2025-08-08
ST05,SKU02421,323,87,23,2025-07-16
ST22,SKU03822,287,63,15,2025-05-24
ST18,SKU04346,0,84,27,2025-09-28
ST25,SKU03073,331,63,31,2025-07-27
ST09,SKU04526,171,36,10,2025-07-25
ST23,SKU02209,263,70,30,2025-06-25
ST14,SKU04641,140,41,15,2025-05-18
ST02,SKU03089,386,83,24,2025-09-02
ST02,SKU00874,337,77,35,2025-07-23
ST24,SKU03602,368,80,30,2025-07-14
ST17,SKU04646,0,41,18,2025-08-18
ST20,SKU01911,144,27,6,2025-06-30
ST03,SKU02267,346,80,26,2025-06-24
ST13,SKU04941,262,48,12,2025-05-09
ST30,SKU00155,199,65,15,2025-07-01
ST28,SKU03492,279,58,27,2025-05-19
ST09,SKU01264,104,24,5,2025-06-02
ST26,SKU01433,150,30,11,2025-08-20
ST07,SKU02386,123,25,10,2025-05-14
ST19,SKU02211,212,37,13,2025-08-25
ST10,SKU04643,74,23,10,2025-07-12
ST06,SKU02915,278,83,32,2025-05-14
ST06,SKU04901,255,51,19,2025-08-21
ST11,SKU03030,0,59,17,2025-09-20
ST04,SKU02088,0,57,15,2025-08-20
ST02,SKU03210,321,54,26,2025-08-11
ST19,SKU01164,0,82,24,2025-08-07
ST25,SKU04362,0,54,22,2025-08-11
ST20,SKU01803,496,91,45,2025-08-30
ST18,SKU00976,0,73,35,2025-10-06
ST27,SKU04142,486,97,46,2025-05-19
ST13,SKU04244,421,76,36,2025-08-21
ST06,SKU00821,326,60,15,2025-05-08
ST04,SKU02209,109,32,10,2025-05-20
ST21,SKU03839,476,80,40,2025-05-16
ST06,SKU00592,79,26,7,2025-07-04
ST16,SKU03266,264,77,22,2025-08-21
ST14,SKU00682,324,74,34,2025-08-08
ST12,SKU02558,232,44,11,2025-08-20
ST17,SKU04888,221,53,12,2025-06-07
ST01,SKU04126,0,54,12,2025-08-04
ST01,SKU01911,92,27,8,2025-05-11
ST25,SKU02268,0,86,43,2025-10-11
ST15,SKU01580,151,30,12,2025-06-12
ST08,SKU00638,215,48,11,2025-08-01
ST16,SKU04663,0,97,34,2025-10-02
ST11,SKU04319,168,33,8,2025-06-03
ST09,SKU03492,122,34,9,2025-06-05
ST24,SKU04783,0,33,8,2025-09-17
ST22,SKU01970,432,97,41,2025-06-22
ST25,SKU03436,245,73,18,2025-07-06
ST06,SKU00942,0,20,7,2025-08-28
ST28,SKU04902,322,68,26,2025-05-09
ST14,SKU00574,498,98,37,2025-06-24
ST12,SKU04665,196,33,12,2025-06-22
ST13,SKU03089,127,37,9,2025-05-26
ST16,SKU00354,195,56,20,2025-05-24
ST16,SKU02340,0,21,4,2025-08-23
ST02,SKU00190,0,83,20,2025-09-29
ST07,SKU02520,122,40,13,2025-06-13
ST15,SKU00654,273,82,28,2025-06-13
ST18,SKU02386,405,72,33,2025-08-09
ST16,SKU03737,202,52,20,2025-07-18
ST23,SKU04679,237,75,20,2025-08-11
ST17,SKU02915,327,80,21,2025-06-06
ST20,SKU04381,0,87,36,2025-09-06
ST27,SKU03108,442,77,17,2025-07-03
ST15,SKU01822,401,95,38,2025-07-13
ST27,SKU00893,0,91,22,2025-09-04
ST18,SKU01339,379,91,42,2025-07-30
ST06,SKU04217,229,71,24,2025-05-23
ST20,SKU04152,230,39,15,2025-05-18
ST14,SKU01863,221,54,25,2025-06-19
ST02,SKU04741,290,83,25,2025-07-29
ST02,SKU02526,0,40,14,2025-09-03
ST05,SKU04783,0,34,9,2025-09-26
ST27,SKU00075,447,92,30,2025-06-27
ST13,SKU00177,0,98,41,2025-09-13
ST18,SKU00521,297,62,19,2025-06-11
ST20,SKU03105,383,77,16,2025-07-26
ST30,SKU01578,0,80,23,2025-10-11
ST09,SKU04902,377,85,32,2025-07-09
ST16,SKU01643,198,35,7,2025-08-19
ST14,SKU03031,376,74,29,2025-06-05
ST28,SKU02700,225,63,29,2025-05-17
ST19,SKU03863,186,45,13,2025-07-26
ST12,SKU02692,0,37,15,2025-08-11
ST19,SKU03634,311,69,25,2025-08-20
ST17,SKU00821,283,59,22,2025-06-18
ST20,SKU04273,0,62,23,2025-09-01
ST16,SKU04797,134,28,10,2025-07-27
ST23,SKU01538,420,86,34,2025-07-19
ST22,SKU04319,323,62,23,2025-07-24
ST06,SKU03291,445,78,28,2025-07-16
ST04,SKU04679,190,54,14,2025-05-06
ST14,SKU03152,259,76,36,2025-05-25
ST14,SKU02923,0,73,19,2025-08-22
ST02,SKU01371,0,90,21,2025-09-17
ST29,SKU04443,182,37,15,2025-07-12
ST17,SKU00942,0,95,23,2025-09-13
ST01,SKU04381,0,76,20,2025-08-11
ST13,SKU01466,0,92,42,2025-08-30
ST15,SKU02064,366,95,32,2025-05-16
ST26,SKU04145,104,21,8,2025-07-14
ST02,SKU02768,390,75,24,2025-05-19
ST02,SKU00553,508,90,35,2025-07-20
ST12,SKU01766,218,66,30,2025-06-04
ST24,SKU00837,147,33,12,2025-07-23
ST27,SKU00317,302,59,23,2025-08-05
ST08,SKU00075,368,85,19,2025-06-21
ST20,SKU03347,325,76,20,2025-08-09
ST13,SKU00190,0,29,11,2025-09-21
ST21,SKU04215,592,100,21,2025-08-27
ST17,SKU01063,300,86,31,2025-05-11
ST22,SKU01407,226,74,32,2025-05-10
ST06,SKU04580,79,24,11,2025-08-22
ST06,SKU00150,135,30,12,2025-07-14
ST04,SKU01538,109,28,13,2025-06-12
ST14,SKU04212,73,23,11,2025-05-31
ST26,SKU01822,364,97,32,2025-05-13
ST24,SKU03173,86,27,11,2025-07-01
ST17,SKU04217,329,70,22,2025-07-23
ST15,SKU03353,0,20,5,2025-09-23
ST03,SKU04053,276,71,19,2025-07-16
ST06,SKU01318,356,80,31,2025-05-15
ST11,SKU01433,359,75,24,2025-07-17
ST21,SKU04107,295,51,18,2025-05-29
ST02,SKU03828,169,54,17,2025-06-18
ST10,SKU04443,193,38,11,2025-08-26
ST12,SKU02826,0,39,9,2025-08-10
ST03,SKU03235,317,70,19,2025-05-15
ST27,SKU03592,114,22,7,2025-05-11
ST15,SKU04292,533,92,23,2025-06-15
ST20,SKU02421,152,26,10,2025-08-09
ST30,SKU00894,114,23,9,2025-06-27
ST25,SKU00550,89,25,7,2025-07-23
ST02,SKU04996,147,37,15,2025-07-21
ST19,SKU02950,0,59,15,2025-10-10
ST29,SKU01423,195,36,8,2025-07-06
ST05,SKU00837,185,58,25,2025-05-15
ST21,SKU04228,114,24,9,2025-07-20
ST14,SKU03286,186,59,14,2025-05-13
ST24,SKU02247,0,29,10,2025-09-10
ST29,SKU00376,0,54,14,2025-09-16
ST08,SKU01485,0,46,16,2025-08-24
ST27,SKU03484,137,28,7,2025-06-04
ST11,SKU02722,310,61,30,2025-06-03
ST11,SKU00507,128,30,10,2025-07-20
ST14,SKU00024,195,42,9,2025-06-01
ST26,SKU02064,329,79,35,2025-08-14
ST07,SKU01031,437,97,47,2025-07-05
ST12,SKU02129,156,33,14,2025-08-02
ST05,SKU03173,165,30,7,2025-07-29
ST24,SKU01200,300,87,43,2025-08-24
ST22,SKU04574,0,83,28,2025-08-20
ST25,SKU04054,188,44,20,2025-08-30
ST27,SKU04652,295,68,21,2025-05-21
ST13,SKU00553,268,52,12,2025-06-02
ST20,SKU01495,92,23,7,2025-05-23
ST06,SKU03546,0,65,32,2025-09-02
ST11,SKU01675,162,30,6,2025-08-02
ST07,SKU04414,423,81,30,2025-06-20
ST24,SKU02368,0,52,22,2025-09-15
ST18,SKU04280,0,37,10,2025-09-04
ST08,SKU03592,359,77,25,2025-07-29
ST01,SKU02421,203,45,21,2025-08-29
ST06,SKU02728,341,91,27,2025-08-16
ST02,SKU01037,0,87,31,2025-09-29
ST07,SKU01152,0,25,12,2025-08-13
ST19,SKU03192,81,25,9,2025-05-14
ST17,SKU04580,240,74,26,2025-06-16
ST27,SKU02558,136,32,10,2025-08-10
ST08,SKU00330,176,52,21,2025-05-23
ST21,SKU02484,0,47,23,2025-09-17
ST16,SKU04126,0,92,27,2025-09-02
ST02,SKU04191,0,59,18,2025-10-04
ST05,SKU02247,0,65,18,2025-08-12
ST24,SKU04475,223,71,21,2025-08-31
ST10,SKU00376,0,68,16,2025-10-08
ST12,SKU00974,0,47,13,2025-09-16
ST29,SKU00389,469,89,44,2025-06-27
ST17,SKU01318,291,50,24,2025-05-22
ST13,SKU03828,164,41,17,2025-08-19
ST23,SKU04250,179,30,10,2025-09-01
ST09,SKU04352,325,68,32,2025-05-20
ST11,SKU00749,84,28,9,2025-05-13
ST11,SKU02964,151,38,10,2025-06-26
ST02,SKU00929,0,100,45,2025-08-16
ST07,SKU03259,0,87,19,2025-09-14
ST24,SKU03428,172,30,12,2025-05-12
ST27,SKU04894,555,93,22,2025-08-17
ST08,SKU04652,77,25,9,2025-07-21
ST13,SKU04996,229,51,22,2025-07-10
ST01,SKU01495,437,89,29,2025-07-03
ST21,SKU04591,401,95,23,2025-08-30
ST21,SKU02376,571,99,33,2025-08-25
ST24,SKU04596,0,98,34,2025-08-05
ST24,SKU02381,0,27,10,2025-09-04
ST25,SKU01034,125,36,10,2025-05-31
ST23,SKU00170,196,62,20,2025-06-11
ST28,SKU02500,384,69,22,2025-06-07
ST07,SKU03609,469,80,21,2025-08-06
ST22,SKU02722,222,41,15,2025-08-05
ST30,SKU04532,91,21,6,2025-08-10
ST30,SKU00331,161,39,19,2025-06-24
ST18,SKU01031,174,52,21,2025-08-31
ST04,SKU03311,219,53,19,2025-05-23
ST11,SKU02038,306,96,38,2025-06-10
ST16,SKU00167,157,47,11,2025-05-28
ST07,SKU02333,0,28,7,2025-09-27
ST24,SKU04717,202,58,16,2025-06-28
ST05,SKU04475,485,87,29,2025-05-16
ST19,SKU02387,98,29,14,2025-06-07
ST17,SKU03546,0,58,22,2025-08-18
ST29,SKU00631,213,52,21,2025-08-26
ST27,SKU03968,83,21,6,2025-08-02
ST18,SKU04414,92,24,9,2025-08-31
ST03,SKU01396,182,37,9,2025-05-30
ST04,SKU04250,387,79,27,2025-05-08
ST11,SKU00991,275,56,14,2025-07-17
ST28,SKU04607,238,47,20,2025-07-22
ST23,SKU00062,0,81,20,2025-09-15
ST23,SKU02277,284,51,15,2025-06-13
ST17,SKU02728,130,29,14,2025-07-10
ST05,SKU03428,223,42,20,2025-08-04
ST12,SKU00169,0,52,20,2025-10-04
ST20,SKU04194,134,37,15,2025-08-15
ST27,SKU00935,175,50,24,2025-05-07
ST18,SKU01152,0,48,23,2025-09-04
ST25,SKU02094,254,76,16,2025-07-18
ST16,SKU02503,0,23,5,2025-09-23
ST07,SKU02683,0,40,18,2025-09-27
ST13,SKU02205,342,73,18,2025-07-10
ST04,SKU00170,318,100,37,2025-08-28
ST11,SKU01112,291,64,31,2025-07-04
ST09,SKU02500,463,91,20,2025-05-06
ST09,SKU00285,0,48,11,2025-08-14
ST07,SKU01407,92,28,8,2025-05-12
ST12,SKU04491,211,43,11,2025-05-26
ST22,SKU00978,517,95,20,2025-08-09
ST22,SKU00749,377,85,22,2025-06-18
ST01,SKU04073,239,69,23,2025-06-04
ST26,SKU03837,158,36,18,2025-08-06
ST28,SKU01466,0,99,23,2025-09-08
ST14,SKU01568,80,21,10,2025-07-03
ST07,SKU00589,308,54,20,2025-07-29
ST21,SKU00524,172,32,16,2025-07-08
ST05,SKU04717,481,94,38,2025-09-01
ST29,SKU03088,0,62,25,2025-08-28
ST05,SKU00516,167,36,9,2025-08-18
ST03,SKU03624,307,90,29,2025-07-22
ST08,SKU03968,140,34,9,2025-05-30
ST23,SKU02519,374,72,21,2025-06-05
ST21,SKU03907,0,49,17,2025-09-14
ST28,SKU04849,121,25,9,2025-07-28
ST09,SKU04607,238,41,16,2025-08-08
ST04,SKU02277,308,82,29,2025-06-01
ST23,SKU04505,276,65,25,2025-08-01
ST05,SKU01684,191,41,12,2025-07-09
ST12,SKU04612,334,87,38,2025-06-28
ST08,SKU03150,308,58,14,2025-08-10
ST01,SKU04194,263,44,18,2025-05-07
ST08,SKU00935,365,71,22,2025-08-04
ST18,SKU03609,351,76,24,2025-06-22
ST20,SKU02221,360,60,26,2025-08-14
ST15,SKU03863,470,80,22,2025-05-26
ST06,SKU02057,269,47,20,2025-06-18
ST11,SKU00186,256,77,24,2025-08-21
ST21,SKU00645,111,26,10,2025-05-19
ST19,SKU00535,320,55,26,2025-08-30
ST22,SKU00052,134,26,13,2025-08-05
ST15,SKU00830,0,87,35,2025-08-06
ST25,SKU03504,303,81,23,2025-07-17
ST30,SKU03848,267,51,17,2025-06-01
ST20,SKU01174,151,34,8,2025-08-13
ST23,SKU04626,0,80,31,2025-09-18
ST02,SKU03520,337,93,31,2025-07-05
ST12,SKU02747,0,31,11,2025-08-09
ST12,SKU00532,106,27,12,2025-05-20
ST24,SKU01818,354,60,27,2025-08-10
ST22,SKU00991,231,42,10,2025-08-27
ST03,SKU04913,0,24,10,2025-09-26
ST01,SKU04315,0,63,21,2025-08-12
ST11,SKU04508,0,89,31,2025-08-28
ST05,SKU00758,300,58,23,2025-07-09
ST10,SKU03088,0,61,30,2025-10-02
ST08,SKU02224,240,73,36,2025-05-31
ST30,SKU01754,287,59,18,2025-07-18
ST30,SKU03740,272,84,36,2025-07-31
ST23,SKU04747,302,99,20,2025-05-12
ST09,SKU04849,291,72,28,2025-07-16
ST23,SKU02532,0,83,29,2025-08-04
ST28,SKU00890,131,36,15,2025-09-02
ST16,SKU03805,249,51,19,2025-07-17
ST23,SKU00546,116,28,10,2025-08-23
ST23,SKU00317,145,42,18,2025-08-05
ST07,SKU01770,392,92,19,2025-05-07
ST04,SKU04505,284,62,26,2025-06-23
ST24,SKU01939,214,55,20,2025-07-07
ST17,SKU02983,0,56,14,2025-08-05
ST22,SKU01112,322,76,21,2025-06-04
ST15,SKU04334,191,38,11,2025-06-02
ST18,SKU03851,0,73,34,2025-09-08
ST01,SKU02221,272,80,37,2025-07-26
ST18,SKU03622,0,57,27,2025-09-16
ST18,SKU01407,239,40,17,2025-05-16
ST23,SKU01485,0,51,24,2025-08-06
ST07,SKU02938,120,33,16,2025-07-17
ST12,SKU01592,402,73,32,2025-06-09
ST01,SKU01174,307,93,34,2025-05-23
ST15,SKU03058,99,31,13,2025-05-14
ST27,SKU02129,346,65,21,2025-08-11
ST11,SKU03582,364,73,28,2025-06-21
ST28,SKU02997,422,72,33,2025-08-17
ST06,SKU01023,259,76,19,2025-06-05
ST21,SKU02055,455,77,20,2025-07-31
ST05,SKU01818,309,60,28,2025-05-14
ST03,SKU00954,205,62,19,2025-08-10
ST08,SKU03284,455,79,20,2025-07-29
ST20,SKU02355,0,25,5,2025-09-17
ST18,SKU03743,0,42,14,2025-09-14
ST01,SKU00127,353,86,32,2025-05-12
ST30,SKU03043,473,86,27,2025-07-01
ST14,SKU00066,130,23,9,2025-07-07
ST22,SKU02401,0,34,14,2025-10-03
ST08,SKU00251,147,49,13,2025-07-25
ST20,SKU03523,375,65,16,2025-07-23
ST15,SKU03179,197,48,20,2025-07-11
ST09,SKU03105,262,77,30,2025-06-04
ST23,SKU00788,302,91,39,2025-08-06
ST09,SKU00890,217,67,16,2025-07-09
ST04,SKU02532,0,80,23,2025-09-14
ST14,SKU03220,116,20,9,2025-08-08
ST04,SKU00546,260,66,17,2025-06-23
ST19,SKU04052,151,36,8,2025-06-22
ST05,SKU01939,212,37,9,2025-07-14
ST19,SKU03823,109,31,11,2025-05-28
ST03,SKU01075,209,35,9,2025-06-24
ST18,SKU03864,95,29,13,2025-07-18
ST18,SKU01649,117,23,8,2025-06-05
ST21,SKU03115,296,79,25,2025-07-13
ST07,SKU00965,319,70,22,2025-08-26
ST19,SKU03005,295,84,23,2025-08-18
ST24,SKU03349,168,32,15,2025-05-08
ST27,SKU00385,353,60,24,2025-08-26
ST09,SKU02997,352,98,45,2025-05-18
ST07,SKU04348,0,84,41,2025-08-26
ST21,SKU02068,0,78,33,2025-10-07
ST05,SKU04046,0,58,22,2025-09-10
ST13,SKU03870,0,45,22,2025-08-18
ST01,SKU02584,104,23,10,2025-06-10
ST01,SKU00369,0,88,30,2025-08-06
ST30,SKU01070,449,89,31,2025-08-09
ST18,SKU01770,234,45,18,2025-06-28
ST16,SKU00906,236,76,32,2025-07-29
ST16,SKU02892,0,95,25,2025-08-27
ST14,SKU04280,0,25,7,2025-08-05
ST14,SKU00079,0,38,17,2025-08-25
ST21,SKU01021,0,86,41,2025-08-20
ST26,SKU04105,0,63,26,2025-08-08
ST26,SKU04334,371,95,35,2025-08-04
ST05,SKU02999,210,63,15,2025-07-01
ST01,SKU03523,400,67,28,2025-05-06
ST18,SKU02938,278,72,26,2025-07-25
ST04,SKU00788,252,70,31,2025-05-18
ST29,SKU04753,126,33,9,2025-07-08
ST24,SKU04409,369,79,31,2025-07-25
ST22,SKU03582,368,97,26,2025-08-25
ST27,SKU01674,153,49,12,2025-06-05
ST20,SKU02718,162,38,13,2025-05-14
ST18,SKU04106,191,44,16,2025-08-23
ST11,SKU02898,0,56,26,2025-09-08
ST21,SKU01371,0,35,17,2025-08-17
ST12,SKU00090,288,79,33,2025-07-26
ST07,SKU00978,74,21,6,2025-06-04
ST19,SKU01032,149,28,12,2025-06-17
ST08,SKU00385,177,38,8,2025-05-24
ST06,SKU01507,0,49,18,2025-09-01
ST11,SKU03837,304,56,20,2025-05-14
ST07,SKU02375,142,38,16,2025-07-20
ST05,SKU02302,190,58,15,2025-06-20
ST19,SKU01971,267,70,32,2025-08-14
ST22,SKU01717,328,98,24,2025-07-17
ST28,SKU02205,155,30,7,2025-06-27
ST12,SKU04412,375,76,25,2025-05-06
ST19,SKU03139,281,75,30,2025-07-25
ST17,SKU02541,279,63,22,2025-07-08
ST08,SKU00506,0,25,6,2025-10-01
ST20,SKU01792,164,37,13,2025-07-28
ST18,SKU00965,234,71,19,2025-07-05
ST28,SKU03602,211,41,20,2025-07-30
ST21,SKU00445,0,66,26,2025-08-17
ST07,SKU02267,106,33,9,2025-08-19
ST17,SKU03709,309,86,37,2025-06-01
ST07,SKU00052,189,36,9,2025-05-28
ST05,SKU04409,356,62,23,2025-05-22
ST15,SKU04831,138,45,9,2025-06-20
ST01,SKU00732,223,49,12,2025-05-19
ST01,SKU02718,410,71,35,2025-08-29
ST15,SKU00401,228,61,19,2025-06-20
ST23,SKU02211,321,63,15,2025-08-22
ST14,SKU02657,0,95,28,2025-08-05
ST14,SKU04643,238,48,21,2025-05-22
ST02,SKU03320,415,86,33,2025-05-17
ST26,SKU04468,312,86,18,2025-08-16
ST26,SKU02253,108,21,8,2025-07-31
ST19,SKU01274,0,72,35,2025-09-15
ST17,SKU02662,123,35,12,2025-06-04
ST08,SKU02842,190,36,7,2025-08-03
ST23,SKU03150,189,46,11,2025-07-14
ST12,SKU03257,167,46,19,2025-05-09
ST24,SKU00342,392,66,27,2025-07-25
ST15,SKU02737,0,67,21,2025-09-19
ST11,SKU01046,139,37,12,2025-07-19
ST02,SKU03441,504,89,32,2025-08-23
ST21,SKU03491,157,42,10,2025-08-31
ST12,SKU04654,75,25,11,2025-06-25
ST29,SKU01854,449,80,21,2025-07-30
ST15,SKU03905,474,81,20,2025-08-03
ST03,SKU04605,228,47,13,2025-07-05
ST20,SKU01805,211,39,8,2025-06-23
ST09,SKU03602,269,58,28,2025-06-06
ST21,SKU04888,213,65,28,2025-06-18
ST10,SKU02780,382,80,27,2025-07-23
ST27,SKU04144,245,42,17,2025-06-04
ST20,SKU00987,407,84,41,2025-07-05
ST20,SKU00758,131,25,9,2025-08-05
ST11,SKU01167,143,29,11,2025-07-11
ST28,SKU04783,0,22,5,2025-08-09
ST04,SKU02211,233,71,23,2025-05-17
ST23,SKU02224,290,61,24,2025-08-02
ST19,SKU01287,552,100,28,2025-06-25
ST03,SKU04955,283,87,41,2025-08-22
ST03,SKU02740,0,37,14,2025-09-25
ST03,SKU04726,314,76,28,2025-08-28
ST20,SKU02155,0,64,17,2025-09-09
ST11,SKU04321,0,96,33,2025-10-10
ST04,SKU01164,0,35,9,2025-08-09
ST21,SKU02794,301,62,27,2025-08-01
ST10,SKU04887,221,58,20,2025-06-06
ST05,SKU00342,345,59,27,2025-09-01
ST19,SKU00240,343,61,23,2025-05-30
ST29,SKU00699,113,26,10,2025-06-09
ST24,SKU00584,152,46,12,2025-08-19
ST18,SKU02267,265,73,22,2025-07-06
ST06,SKU02930,0,70,28,2025-08-10
ST04,SKU04318,0,76,34,2025-08-19
ST26,SKU04831,259,57,23,2025-07-09
ST02,SKU03454,195,47,23,2025-07-24
ST26,SKU00401,274,77,19,2025-05-17
ST10,SKU01854,149,28,7,2025-07-13
ST10,SKU03840,0,58,19,2025-09-15
ST15,SKU04147,243,58,17,2025-08-19
ST03,SKU04847,0,46,10,2025-10-11
ST06,SKU02112,112,23,9,2025-05-23
ST11,SKU04442,253,58,22,2025-05-15
ST21,SKU02915,343,99,25,2025-08-24
ST21,SKU04901,159,35,13,2025-07-11
ST02,SKU00421,338,87,43,2025-06-25
ST19,SKU04791,199,58,20,2025-08-25
ST19,SKU02576,422,83,34,2025-08-22
ST19,SKU04562,0,74,29,2025-08-22
ST08,SKU04144,321,65,18,2025-06-05
ST01,SKU00987,362,97,36,2025-08-09
ST15,SKU02871,137,26,10,2025-07-25
ST09,SKU04783,0,88,42,2025-08-17
ST04,SKU02224,483,82,37,2025-08-16
ST26,SKU02737,0,51,16,2025-08-25
ST19,SKU03744,101,27,13,2025-08-26
ST22,SKU01046,226,44,12,2025-06-02
ST13,SKU03441,350,71,24,2025-05-11
ST03,SKU00538,0,33,15,2025-08-13
ST04,SKU03621,378,72,27,2025-07-02
ST21,SKU03036,469,89,35,2025-06-06
ST23,SKU03634,198,50,21,2025-06-29
ST21,SKU00821,161,34,17,2025-07-04
ST26,SKU03905,122,38,11,2025-06-11
ST21,SKU00592,483,81,37,2025-06-06
ST30,SKU01580,237,57,17,2025-06-05
ST16,SKU01645,109,31,11,2025-07-05
ST21,SKU03975,431,90,38,2025-08-22
ST17,SKU00823,0,37,11,2025-08-19
ST01,SKU04491,115,37,14,2025-07-15
ST13,SKU03562,313,91,42,2025-06-01
ST20,SKU04504,157,29,12,2025-06-24
ST28,SKU03870,0,84,34,2025-10-02
ST16,SKU02584,545,98,28,2025-05-14
ST29,SKU03277,106,21,10,2025-06-16
ST01,SKU01229,113,34,9,2025-08-16
ST08,SKU04157,0,87,22,2025-08-11
ST16,SKU01766,227,40,9,2025-08-07
ST28,SKU00837,125,39,13,2025-07-18
ST07,SKU03932,449,89,40,2025-05-29
ST10,SKU02217,89,25,9,2025-05-10
ST10,SKU00002,0,61,22,2025-08-14
ST10,SKU01988,0,58,19,2025-09-03
ST03,SKU01009,0,68,30,2025-08-29
ST15,SKU04281,585,99,25,2025-07-28
ST13,SKU03454,243,73,27,2025-08-07
ST25,SKU00539,0,37,8,2025-10-07
ST04,SKU03863,185,44,19,2025-07-05
ST11,SKU02590,241,47,20,2025-07-29
ST04,SKU03634,164,33,8,2025-06-23
ST21,SKU01063,242,75,33,2025-06-07
ST30,SKU00654,191,54,14,2025-06-10
ST24,SKU01068,398,97,46,2025-07-30
ST10,SKU01170,0,99,35,2025-09-13
ST17,SKU02112,312,58,18,2025-08-15
ST22,SKU04442,211,36,15,2025-06-10
ST20,SKU01363,0,65,16,2025-09-11
ST25,SKU03693,0,99,39,2025-08-24
ST27,SKU00090,480,93,32,2025-05-13
ST16,SKU04102,162,52,17,2025-05-31
ST06,SKU03414,463,93,23,2025-07-12
ST20,SKU03349,250,48,21,2025-06-20
ST21,SKU04217,297,60,21,2025-07-08
ST28,SKU03173,129,28,6,2025-05-24
ST30,SKU01822,190,36,11,2025-07-19
ST07,SKU04053,128,24,12,2025-05-21
ST26,SKU02871,520,99,31,2025-06-13
ST22,SKU03624,149,25,8,2025-09-01
ST24,SKU04222,512,92,23,2025-06-14
ST29,SKU02351,300,83,27,2025-06-22
ST01,SKU04504,95,23,6,2025-08-27
ST20,SKU02531,0,93,40,2025-09-15
ST14,SKU04443,219,51,20,2025-06-02
ST07,SKU03235,281,79,22,2025-06-25
ST02,SKU02662,156,39,9,2025-08-02
ST10,SKU03277,390,78,32,2025-08-17
ST27,SKU04641,203,58,12,2025-06-01
ST01,SKU03457,232,51,25,2025-08-21
ST09,SKU00837,305,74,19,2025-08-21
ST12,SKU03057,0,41,10,2025-08-27
ST28,SKU02247,0,27,6,2025-09-21
ST21,SKU03291,191,54,23,2025-06-25
ST16,SKU00732,248,44,22,2025-06-04
ST20,SKU01605,256,50,21,2025-07-07
ST30,SKU02064,341,60,28,2025-08-23
ST16,SKU02129,126,24,7,2025-06-26
ST28,SKU01200,206,40,10,2025-05-15
ST09,SKU00958,142,37,15,2025-07-04
ST05,SKU04222,419,72,21,2025-07-13
ST22,SKU01651,93,25,8,2025-07-04
ST10,SKU02351,169,52,24,2025-06-21
ST01,SKU02531,0,63,20,2025-09-15
ST06,SKU04824,0,88,18,2025-09-07
ST18,SKU03932,465,81,29,2025-07-02
ST28,SKU02368,0,72,21,2025-09-16
ST26,SKU04281,235,61,18,2025-08-06
ST12,SKU04346,0,54,25,2025-08-30
ST19,SKU03073,261,66,21,2025-07-13
ST03,SKU04526,306,61,30,2025-07-02
ST29,SKU01317,0,89,20,2025-09-05
ST20,SKU03941,274,55,23,2025-08-16
ST08,SKU04641,256,80,36,2025-09-02
ST27,SKU04654,270,53,21,2025-08-24
ST23,SKU03192,418,80,18,2025-06-20
ST04,SKU02950,0,99,20,2025-09-02
ST11,SKU03892,407,69,31,2025-05-07
ST11,SKU01677,0,21,10,2025-10-10
ST14,SKU01423,199,54,25,2025-05-07
ST21,SKU00150,250,70,26,2025-07-08
ST11,SKU01906,126,24,7,2025-06-01
ST16,SKU04236,290,69,19,2025-05-28
ST21,SKU04580,446,97,42,2025-08-03
ST17,SKU01428,79,25,11,2025-06-27
ST05,SKU02128,224,64,25,2025-07-11
ST24,SKU00155,321,74,37,2025-06-25
ST03,SKU01264,154,28,14,2025-05-07
ST25,SKU01023,206,57,12,2025-06-22
ST30,SKU03353,0,28,10,2025-09-06
ST18,SKU04053,111,25,11,2025-05-15
ST30,SKU01138,0,77,35,2025-09-19
ST20,SKU00679,184,53,14,2025-05-19
ST09,SKU02247,0,25,10,2025-09-03
ST28,SKU04475,361,62,20,2025-08-03
ST14,SKU00376,0,24,12,2025-10-07
ST16,SKU00974,0,98,25,2025-10-05
ST21,SKU01318,245,71,25,2025-08-14
ST06,SKU02501,93,27,11,2025-08-30
ST05,SKU01310,314,72,27,2025-06-09
ST22,SKU04926,0,45,19,2025-09-09
ST18,SKU03235,294,62,23,2025-06-16
ST27,SKU00574,169,50,19,2025-06-29
ST20,SKU03833,333,67,30,2025-06-02
ST30,SKU04292,286,54,13,2025-08-12
ST01,SKU01605,381,89,39,2025-07-07
ST28,SKU03428,493,84,29,2025-06-01
ST16,SKU02142,248,43,17,2025-08-18
ST05,SKU00263,0,46,18,2025-08-20
ST17,SKU03535,0,32,10,2025-09-23
ST28,SKU02381,0,23,7,2025-08-13
ST21,SKU03425,0,84,21,2025-09-08
ST15,SKU03839,162,37,9,2025-08-26
ST01,SKU03941,145,47,13,2025-07-05
ST08,SKU00682,103,21,5,2025-07-24
ST27,SKU02681,156,31,12,2025-07-13
ST06,SKU04019,503,85,26,2025-08-31
ST04,SKU03192,323,82,34,2025-07-29
ST11,SKU01919,291,95,47,2025-06-28
ST26,SKU03476,0,71,26,2025-09-03
ST19,SKU02268,0,78,25,2025-08-14
ST05,SKU00155,270,87,25,2025-05-20
ST03,SKU03492,214,41,11,2025-06-22
ST27,SKU01863,233,59,16,2025-07-13
ST20,SKU02907,81,22,7,2025-05-31
ST01,SKU00679,277,63,16,2025-06-04
ST28,SKU04717,378,80,20,2025-06-29
ST09,SKU04475,377,63,13,2025-08-12
ST07,SKU01396,322,60,18,2025-05-06
ST19,SKU03436,418,98,21,2025-08-16
ST01,SKU04062,164,44,12,2025-08-20
ST27,SKU03031,211,48,16,2025-05-19
ST21,SKU02728,225,40,9,2025-08-09
ST09,SKU03428,100,25,8,2025-08-16
ST06,SKU01696,127,22,9,2025-06-02
ST28,SKU03441,131,30,8,2025-07-12
ST22,SKU01906,102,20,4,2025-07-30
ST20,SKU01042,188,34,7,2025-08-12
ST23,SKU02279,221,37,16,2025-08-25
ST16,SKU01337,82,21,8,2025-07-11
ST06,SKU00649,401,85,42,2025-05-27
ST17,SKU04945,135,23,8,2025-05-13
ST29,SKU04016,0,85,34,2025-08-09
ST13,SKU03254,122,28,11,2025-08-24
ST20,SKU01981,234,43,11,2025-06-06
ST06,SKU02046,0,88,23,2025-08-21
ST28,SKU03562,343,95,39,2025-06-28
ST12,SKU01568,191,39,9,2025-05-28
ST12,SKU01339,440,88,19,2025-06-06
ST29,SKU04955,485,89,44,2025-06-03
ST25,SKU03493,319,88,33,2025-08-17
ST04,SKU02387,137,32,9,2025-07-13
ST09,SKU04717,428,98,38,2025-06-18
ST14,SKU00631,526,95,43,2025-08-24
ST16,SKU01229,181,35,11,2025-08-28
ST12,SKU00521,391,93,41,2025-05-31
ST03,SKU04902,304,55,22,2025-08-09
ST08,SKU03031,318,92,26,2025-06-07
ST25,SKU02217,163,41,13,2025-07-15
ST06,SKU04153,223,68,28,2025-05-07
ST16,SKU04612,443,84,39,2025-06-27
ST26,SKU03839,227,47,10,2025-06-01
ST17,SKU04019,278,81,28,2025-06-21
ST29,SKU03090,336,72,23,2025-05-10
ST22,SKU01919,165,41,18,2025-06-28
ST01,SKU03257,205,38,17,2025-06-04
ST27,SKU04212,161,53,25,2025-07-15
ST04,SKU02279,152,29,12,2025-05-31
ST08,SKU03152,301,72,35,2025-07-02
ST08,SKU02923,0,89,44,2025-10-01
ST18,SKU01396,527,90,35,2025-06-03
ST16,SKU00532,134,31,7,2025-07-05
ST07,SKU04913,0,79,22,2025-08-21
ST13,SKU02449,0,42,12,2025-09-15
ST11,SKU01356,111,31,13,2025-06-16
ST14,SKU03088,0,90,37,2025-08-13
ST07,SKU01651,339,64,17,2025-08-31
ST24,SKU04035,0,85,21,2025-09-23
ST29,SKU02164,123,29,9,2025-05-27
ST05,SKU01578,0,70,18,2025-08-12
ST15,SKU04215,335,99,49,2025-07-12
ST06,SKU04166,0,48,12,2025-09-08
ST28,SKU01939,301,88,31,2025-05-26
ST21,SKU02983,0,24,9,2025-09-03
ST16,SKU04854,235,40,17,2025-05-17
ST16,SKU02639,276,84,28,2025-07-20
ST02,SKU04690,170,32,11,2025-08-24
ST17,SKU04261,129,28,13,2025-05-17
ST17,SKU02046,0,25,9,2025-10-06
ST10,SKU03090,251,56,19,2025-06-19
ST10,SKU01104,335,79,38,2025-08-07
ST05,SKU00531,0,99,43,2025-09-25
ST08,SKU04212,346,74,17,2025-06-01
ST15,SKU00953,0,69,15,2025-09-05
ST25,SKU03627,116,30,13,2025-08-17
ST27,SKU00024,88,22,7,2025-05-30
ST13,SKU00355,422,91,40,2025-06-17
ST06,SKU01133,100,20,9,2025-08-20
ST02,SKU01428,175,35,15,2025-06-22
ST19,SKU03812,0,82,31,2025-09-12
ST12,SKU04856,332,79,38,2025-08-25
ST15,SKU04107,272,53,20,2025-05-29
ST25,SKU04795,378,79,39,2025-06-02
ST25,SKU02580,174,44,21,2025-07-24
ST18,SKU03624,273,88,30,2025-08-25
ST23,SKU03931,249,61,14,2025-05-08
ST09,SKU01818,395,71,23,2025-07-08
ST07,SKU00954,179,47,20,2025-05-29
ST17,SKU04153,128,26,8,2025-06-30
ST24,SKU00894,245,81,28,2025-08-12
ST10,SKU00996,0,52,17,2025-08-18
ST19,SKU00550,337,75,15,2025-06-28
ST29,SKU01009,0,84,33,2025-09-05
ST13,SKU02462,0,43,13,2025-08-04
ST27,SKU04346,0,74,35,2025-08-21
ST20,SKU01189,0,96,23,2025-08-24
ST30,SKU03863,67,22,9,2025-06-13
ST28,SKU02999,581,99,37,2025-05-23
ST21,SKU02057,146,32,14,2025-08-09
ST10,SKU02164,228,66,21,2025-08-26
ST29,SKU04392,350,83,20,2025-05-21
ST03,SKU03171,0,41,11,2025-08-10
ST15,SKU04228,188,32,12,2025-06-04
ST20,SKU00371,259,63,21,2025-08-07
ST08,SKU03286,245,56,12,2025-06-30
ST09,SKU04154,0,79,27,2025-09-14
ST09,SKU01939,302,64,17,2025-06-28
ST23,SKU03823,377,84,32,2025-07-10
ST29,SKU03574,482,98,39,2025-07-03
ST18,SKU04913,0,88,22,2025-08-10
ST20,SKU01310,145,35,12,2025-08-07
ST08,SKU00024,481,82,17,2025-07-26
ST26,SKU00832,0,20,9,2025-09-18
ST19,SKU04054,377,83,20,2025-05-21
ST03,SKU03292,0,85,29,2025-09-19
ST22,SKU01356,263,49,19,2025-07-19
ST25,SKU02822,266,61,22,2025-07-14
ST18,SKU01880,248,49,23,2025-06-28
ST06,SKU02543,0,56,24,2025-08-31
ST04,SKU03931,264,61,13,2025-05-08
ST09,SKU04046,0,35,13,2025-08-25
ST26,SKU04215,419,88,27,2025-05-15
ST30,SKU04334,244,50,16,2025-08-30
ST13,SKU04690,338,58,16,2025-05-14
ST09,SKU02999,264,60,23,2025-07-21
ST23,SKU00682,343,66,31,2025-06-08
ST21,SKU02070,401,92,34,2025-07-19
ST17,SKU01133,160,46,12,2025-08-20
ST25,SKU00728,0,20,4,2025-08-10
ST30,SKU03058,176,33,9,2025-06-19
ST06,SKU00449,116,21,8,2025-08-19
ST28,SKU04409,483,92,42,2025-07-09
ST04,SKU03823,136,25,12,2025-08-01
ST10,SKU03574,145,40,19,2025-06-11
ST18,SKU00954,369,69,33,2025-05-11
ST04,SKU03005,242,62,24,2025-06-06
ST09,SKU03349,392,76,18,2025-07-29
ST06,SKU03603,339,99,24,2025-09-02
ST16,SKU04062,454,87,32,2025-08-26
ST23,SKU01032,201,61,14,2025-09-02
ST26,SKU01303,392,94,37,2025-07-19
ST15,SKU04591,317,53,22,2025-06-04
ST20,SKU00734,306,56,13,2025-07-03
ST01,SKU04693,172,43,18,2025-08-23
ST06,SKU04771,265,80,27,2025-07-05
ST23,SKU01971,218,43,9,2025-05-26
ST13,SKU02946,197,59,18,2025-08-28
ST18,SKU01075,479,87,43,2025-08-23
ST16,SKU04412,219,56,26,2025-05-13
ST28,SKU03254,174,57,25,2025-05-30
ST10,SKU02648,0,100,44,2025-09-19
ST24,SKU00331,158,41,14,2025-06-11
ST12,SKU01031,349,82,30,2025-05-13
ST24,SKU04532,444,83,39,2025-08-29
ST27,SKU01568,277,75,16,2025-07-18
ST06,SKU00691,240,71,22,2025-07-11
ST04,SKU02079,0,35,8,2025-08-23
ST14,SKU04753,295,65,19,2025-08-24
ST09,SKU04409,354,80,21,2025-08-02
ST14,SKU02538,0,44,16,2025-08-15
ST06,SKU00462,156,36,15,2025-05-26
ST12,SKU04414,104,22,8,2025-05-24
ST17,SKU02543,0,27,12,2025-09-15
ST17,SKU00328,0,59,16,2025-08-17
ST30,SKU02482,0,21,9,2025-10-07
ST30,SKU04468,314,72,31,2025-06-21
ST30,SKU02253,430,80,16,2025-05-20
ST28,SKU03375,258,45,20,2025-07-11
ST24,SKU04653,156,36,17,2025-07-09
ST19,SKU02094,232,62,20,2025-06-06
ST29,SKU04768,93,22,7,2025-05-06
ST01,SKU00734,397,78,27,2025-05-24
ST04,SKU01971,107,25,7,2025-07-27
ST28,SKU00342,131,37,16,2025-05-07
ST16,SKU01042,149,45,16,2025-07-06
ST17,SKU04879,188,45,10,2025-05-09
ST29,SKU03950,360,61,28,2025-08-04
ST17,SKU00449,385,86,25,2025-06-19
ST03,SKU02500,233,74,20,2025-05-31
ST03,SKU00285,0,52,22,2025-08-06
ST06,SKU03966,424,75,26,2025-06-16
ST04,SKU03139,465,81,39,2025-08-15
ST02,SKU02046,0,41,11,2025-09-02
ST05,SKU04532,261,85,32,2025-07-22
ST05,SKU00331,279,59,12,2025-05-06
ST17,SKU03603,102,26,13,2025-06-21
ST01,SKU00855,425,90,18,2025-07-30
ST15,SKU00524,432,74,21,2025-06-24
ST06,SKU04905,205,36,7,2025-06-19
ST11,SKU01048,0,47,13,2025-10-09
ST28,SKU02449,0,61,30,2025-08-18
ST26,SKU04591,455,87,27,2025-08-19
ST26,SKU02376,98,29,10,2025-08-12
ST17,SKU05000,189,34,16,2025-08-09
ST17,SKU04771,250,45,9,2025-07-17
ST15,SKU03907,0,91,43,2025-08-07
ST03,SKU04607,252,62,31,2025-07-01
ST23,SKU01287,163,29,10,2025-06-23
ST04,SKU01045,0,95,24,2025-10-02
ST26,SKU03773,372,87,35,2025-06-11
ST19,SKU04551,0,28,12,2025-09-08
ST12,SKU03609,169,42,14,2025-08-30
ST05,SKU04653,244,57,25,2025-08-25
ST19,SKU00350,72,24,7,2025-07-27
ST01,SKU00976,0,69,15,2025-08-21
ST25,SKU01104,227,38,15,2025-07-28
ST14,SKU04887,345,69,25,2025-07-06
ST09,SKU00342,145,39,8,2025-08-17
ST28,SKU02570,414,76,20,2025-08-07
ST28,SKU00355,240,51,19,2025-08-05
ST23,SKU00240,195,47,19,2025-05-31
ST26,SKU04941,299,50,20,2025-05-14
ST28,SKU00584,470,95,31,2025-08-22
ST19,SKU03504,161,44,19,2025-05-28
ST24,SKU03848,448,86,35,2025-06-10
ST17,SKU00691,408,93,22,2025-07-12
ST10,SKU03950,322,78,29,2025-05-21
ST30,SKU04831,299,79,20,2025-07-25
ST13,SKU00986,344,72,29,2025-08-25
ST06,SKU01993,0,41,16,2025-08-04
ST14,SKU01854,370,87,42,2025-09-01
ST23,SKU04791,136,44,11,2025-08-07
ST23,SKU02576,530,90,30,2025-08-31
ST12,SKU02683,0,84,19,2025-09-04
ST24,SKU01754,235,66,19,2025-06-21
ST24,SKU03740,64,20,8,2025-08-10
ST03,SKU04849,323,98,25,2025-07-13
ST27,SKU03220,418,80,36,2025-05-10
ST23,SKU03744,131,39,13,2025-08-25
ST06,SKU02114,229,61,19,2025-09-02
ST04,SKU01287,100,22,10,2025-06-09
ST29,SKU03266,522,90,40,2025-05-26
ST17,SKU03966,240,46,11,2025-08-11
ST19,SKU00363,0,98,49,2025-08-28
ST17,SKU01751,0,33,14,2025-10-10
ST27,SKU04388,93,25,8,2025-05-29
ST30,SKU03905,95,22,5,2025-07-20
ST18,SKU04605,187,50,13,2025-05-23
ST06,SKU03053,0,54,13,2025-09-21
ST04,SKU00240,154,48,10,2025-05-18
ST14,SKU00699,377,65,20,2025-07-06
ST26,SKU00524,421,88,22,2025-07-02
ST15,SKU04041,0,63,23,2025-08-26
ST25,SKU04729,346,74,30,2025-08-15
ST30,SKU02858,0,82,24,2025-08-16
ST25,SKU02514,442,90,23,2025-07-14
ST12,SKU03743,0,66,24,2025-09-13
ST19,SKU00484,0,45,22,2025-08-04
ST03,SKU04152,394,85,35,2025-08-26
ST27,SKU04280,0,31,10,2025-08-28
ST18,SKU04726,90,23,6,2025-09-02
ST11,SKU01303,369,75,24,2025-08-22
ST28,SKU04919,499,88,20,2025-06-15
ST21,SKU01762,220,40,15,2025-08-15
ST07,SKU01827,235,49,13,2025-06-06
ST26,SKU00645,330,87,21,2025-07-24
ST05,SKU01754,356,63,27,2025-08-10
ST15,SKU02176,0,79,25,2025-10-08
ST08,SKU03220,334,98,42,2025-06-24
ST20,SKU00305,276,53,15,2025-06-03
ST04,SKU03744,235,51,18,2025-08-02
ST11,SKU02471,121,35,8,2025-08-24
ST14,SKU00002,0,24,9,2025-08-13
ST21,SKU02930,0,47,18,2025-09-08
ST23,SKU01542,474,89,42,2025-05-14
ST10,SKU03266,263,65,32,2025-07-30
ST12,SKU01649,168,28,9,2025-07-22
ST08,SKU04388,257,57,12,2025-07-22
ST25,SKU03803,374,83,31,2025-06-18
ST27,SKU04401,230,67,28,2025-07-22
ST15,SKU03115,223,69,18,2025-05-25
ST25,SKU03574,478,96,26,2025-06-08
ST06,SKU03295,314,87,38,2025-06-18
ST21,SKU02112,556,95,32,2025-07-09
ST23,SKU02710,194,37,11,2025-06-25
ST27,SKU03583,248,66,30,2025-05-08
ST03,SKU02997,428,81,20,2025-06-29
ST30,SKU02871,205,42,9,2025-08-01
ST06,SKU00262,141,46,12,2025-08-15
ST28,SKU04222,143,30,13,2025-05-17
ST02,SKU04987,117,21,8,2025-08-02
ST17,SKU04329,0,24,5,2025-08-30
ST05,SKU03043,121,24,6,2025-09-01
ST17,SKU02114,173,33,8,2025-07-25
ST15,SKU01021,0,92,27,2025-09-06
ST23,SKU00845,0,60,15,2025-09-14
ST14,SKU03277,405,90,36,2025-08-18
ST28,SKU02946,108,26,12,2025-05-31
ST10,SKU02340,0,73,34,2025-10-11
ST12,SKU02938,93,26,9,2025-05-10
ST01,SKU02520,263,69,17,2025-08-08
ST01,SKU00305,254,70,15,2025-05-11
ST20,SKU02533,341,94,30,2025-05-13
ST25,SKU02648,0,35,12,2025-10-08
ST16,SKU03057,0,74,18,2025-09-05
ST23,SKU01784,0,52,11,2025-08-28
ST11,SKU00498,491,82,19,2025-08-06
ST02,SKU04879,239,41,17,2025-06-11
ST26,SKU02055,152,46,12,2025-05-15
ST19,SKU02833,0,56,25,2025-08-28
ST24,SKU03177,498,83,39,2025-05-14
ST15,SKU01371,0,86,26,2025-08-23
ST27,SKU04643,177,38,15,2025-08-09
ST08,SKU04401,450,87,25,2025-05-18
ST09,SKU01068,118,24,10,2025-08-16
ST04,SKU02710,98,20,5,2025-08-18
ST22,SKU01303,285,51,16,2025-08-06
ST09,SKU04222,217,41,19,2025-08-22
ST14,SKU02351,124,37,14,2025-09-02
ST16,SKU00734,212,70,16,2025-06-21
ST02,SKU05000,256,65,15,2025-06-26
ST05,SKU01070,251,60,30,2025-08-21
ST22,SKU02700,366,98,30,2025-07-07
ST22,SKU02471,486,98,26,2025-08-27
ST18,SKU01009,0,80,27,2025-10-06
ST30,SKU04281,204,49,15,2025-05-16
ST23,SKU03073,406,83,33,2025-06-15
ST11,SKU03773,243,70,25,2025-06-27
ST05,SKU04453,0,29,11,2025-10-10
ST26,SKU03115,210,54,25,2025-07-22
ST17,SKU03295,249,46,16,2025-09-02
ST01,SKU02533,325,64,26,2025-05-07
ST23,SKU04012,0,59,20,2025-10-06
ST21,SKU03414,153,29,13,2025-07-07
ST28,SKU02141,0,56,19,2025-08-15
ST09,SKU02128,321,60,17,2025-05-25
ST02,SKU00920,0,45,21,2025-08-06
ST07,SKU01264,227,48,17,2025-07-12
ST12,SKU04348,0,60,25,2025-08-13
ST28,SKU00155,187,36,14,2025-07-23
ST14,SKU02472,326,94,38,2025-05-30
ST05,SKU01191,179,54,12,2025-05-11
ST13,SKU04987,381,85,27,2025-07-17
ST08,SKU04643,315,80,39,2025-05-19
ST05,SKU04574,0,43,15,2025-10-12
ST17,SKU03416,556,100,24,2025-07-02
ST26,SKU04633,0,78,22,2025-10-12
ST16,SKU00976,0,89,20,2025-08-21
ST22,SKU00498,286,59,19,2025-06-28
ST01,SKU03822,541,98,24,2025-05-09
ST11,SKU04244,402,84,38,2025-07-20
ST06,SKU01685,0,43,14,2025-08-23
ST04,SKU03073,382,93,43,2025-07-22
ST04,SKU00858,379,76,30,2025-05-09
ST02,SKU02209,119,26,9,2025-07-10
ST03,SKU03602,468,84,19,2025-08-13
ST15,SKU04888,195,42,11,2025-06-03
ST23,SKU02268,0,39,13,2025-08-31
ST09,SKU00155,268,64,19,2025-06-17
ST07,SKU03492,283,71,31,2025-07-22
ST05,SKU01433,507,99,38,2025-07-31
ST20,SKU01970,113,31,9,2025-06-09
ST13,SKU03014,77,24,8,2025-08-13
ST23,SKU03436,455,96,30,2025-08-05
ST21,SKU04824,0,20,7,2025-10-04
ST16,SKU00050,0,96,22,2025-08-06
ST10,SKU00501,108,30,10,2025-08-30
ST15,SKU02794,110,32,10,2025-05-13
ST27,SKU03851,0,39,17,2025-08-26
ST25,SKU01038,391,76,23,2025-08-03
ST09,SKU04706,289,89,38,2025-07-11
ST11,SKU03089,489,99,22,2025-08-29
ST11,SKU00874,216,38,18,2025-07-14
ST26,SKU02660,0,25,8,2025-08-23
ST26,SKU04646,0,49,16,2025-08-27
ST26,SKU00445,0,83,31,2025-09-14
ST17,SKU02840,0,51,16,2025-09-11
ST12,SKU02267,269,60,17,2025-07-26
ST13,SKU00920,0,31,7,2025-09-21
ST18,SKU01264,173,47,16,2025-06-10
ST06,SKU04142,164,31,9,2025-08-01
ST15,SKU02915,287,48,21,2025-05-14
ST15,SKU04901,183,32,7,2025-08-01
ST20,SKU03030,0,49,10,2025-08-12
ST04,SKU02268,0,31,11,2025-09-05
ST23,SKU00066,137,35,14,2025-08-29
ST29,SKU01803,394,86,26,2025-08-18
ST01,SKU01970,93,22,10,2025-06-01
ST28,SKU01578,0,69,21,2025-09-30
ST07,SKU04902,252,64,20,2025-05-07
ST05,SKU02614,0,32,10,2025-10-04
ST22,SKU04244,344,60,17,2025-06-10
ST15,SKU03036,146,26,11,2025-06-30
ST15,SKU00821,270,77,37,2025-06-17
ST13,SKU02209,292,79,36,2025-05-31
ST30,SKU03839,166,52,17,2025-08-05
ST23,SKU00416,0,39,11,2025-09-14
ST28,SKU00531,0,91,41,2025-09-28
ST26,SKU04888,314,65,27,2025-07-06
ST10,SKU01911,461,79,31,2025-06-10
ST17,SKU00638,119,20,10,2025-05-09
ST20,SKU04319,252,72,19,2025-08-24
ST18,SKU03492,127,23,9,2025-07-01
ST14,SKU04016,0,58,22,2025-08-29
ST02,SKU04679,378,74,35,2025-07-11
ST01,SKU03259,0,32,8,2025-09-01
ST06,SKU03108,141,26,9,2025-05-25
ST06,SKU00893,0,24,5,2025-10-10
ST14,SKU04955,224,47,10,2025-05-28
ST21,SKU01696,396,77,19,2025-06-20
ST26,SKU02794,113,26,13,2025-07-26
ST10,SKU01803,122,28,9,2025-05-23
ST22,SKU03089,334,88,24,2025-07-06
ST25,SKU00354,95,28,10,2025-08-24
ST25,SKU02340,0,65,29,2025-08-19
ST28,SKU04035,0,44,11,2025-09-26
ST09,SKU01578,0,98,38,2025-08-08
ST16,SKU02520,410,94,32,2025-05-24
ST21,SKU00649,415,84,35,2025-07-05
ST07,SKU02700,417,75,24,2025-06-09
ST19,SKU00539,0,38,11,2025-09-24
ST24,SKU00654,362,76,32,2025-06-09
ST15,SKU01063,87,20,10,2025-05-08
ST25,SKU03737,277,81,25,2025-06-21
ST21,SKU02046,0,92,39,2025-08-12
ST14,SKU03090,478,83,34,2025-09-02
ST19,SKU03693,0,40,10,2025-08-14
ST24,SKU01822,499,100,50,2025-06-15
ST01,SKU02333,0,76,22,2025-09-06
ST25,SKU04905,116,26,6,2025-08-12
ST11,SKU02526,0,89,44,2025-08-04
ST23,SKU03812,0,28,11,2025-09-05
ST16,SKU04856,209,64,26,2025-07-07
ST22,SKU00177,0,98,37,2025-08-27
ST08,SKU04443,273,81,40,2025-07-23
ST24,SKU00775,256,58,24,2025-07-20
ST18,SKU04902,114,21,9,2025-08-04
ST25,SKU01643,386,92,33,2025-07-28
ST25,SKU01414,0,70,14,2025-08-21
ST21,SKU04153,209,63,13,2025-05-19
ST28,SKU00894,302,62,28,2025-08-29
ST23,SKU00550,233,76,21,2025-06-22
ST26,SKU03036,385,92,24,2025-06-22
ST05,SKU04145,295,63,15,2025-08-07
ST27,SKU01423,202,49,16,2025-07-18
ST03,SKU00837,286,95,46,2025-07-31
ST25,SKU04797,308,99,23,2025-06-11
ST06,SKU00317,96,29,11,2025-05-17
ST14,SKU02164,282,85,22,2025-06-18
ST07,SKU03171,0,26,7,2025-09-23
ST27,SKU00376,0,50,20,2025-09-14
ST20,SKU01420,0,91,43,2025-08-15
ST13,SKU04679,95,28,11,2025-08-10
ST23,SKU02657,0,34,16,2025-09-13
ST26,SKU00942,0,35,17,2025-09-19
ST10,SKU04381,0,93,44,2025-10-09
ST22,SKU01466,0,20,6,2025-08-13
ST29,SKU02408,101,20,4,2025-07-17
ST24,SKU02064,109,30,12,2025-08-02
ST03,SKU03173,476,98,38,2025-07-05
ST05,SKU01822,132,36,8,2025-07-28
ST03,SKU00958,159,31,12,2025-08-29
ST20,SKU04574,0,64,16,2025-09-30
ST30,SKU00832,0,33,13,2025-08-25
ST04,SKU03812,0,76,22,2025-09-10
ST23,SKU04054,167,36,17,2025-07-23
ST11,SKU00553,140,35,9,2025-08-20
ST11,SKU02768,419,84,28,2025-07-05
ST17,SKU04505,485,89,19,2025-08-16
ST12,SKU03932,192,49,21,2025-07-06
ST17,SKU00075,96,30,14,2025-08-15
ST29,SKU03347,321,56,27,2025-05-18
ST22,SKU00190,0,36,9,2025-08-17
ST30,SKU04215,169,48,19,2025-07-14
ST06,SKU03592,266,61,26,2025-08-21
ST09,SKU00894,242,50,16,2025-06-14
ST04,SKU00550,153,37,12,2025-07-03
ST26,SKU01063,229,52,15,2025-07-03
ST08,SKU01423,191,57,22,2025-08-04
ST13,SKU01538,254,82,17,2025-08-28
ST11,SKU02660,0,49,21,2025-10-02
ST14,SKU04392,324,65,31,2025-07-15
ST21,SKU01133,114,29,13,2025-08-25
ST24,SKU03353,0,83,38,2025-09-10
ST12,SKU04053,288,52,25,2025-06-17
ST24,SKU01138,0,66,19,2025-10-05
ST22,SKU04741,197,54,18,2025-05-24
ST03,SKU02247,0,24,7,2025-09-04
ST15,SKU01318,410,92,33,2025-07-28
ST27,SKU00389,443,90,42,2025-07-10
ST20,SKU01433,318,87,30,2025-05-31
ST30,SKU04107,174,37,13,2025-08-09
ST11,SKU03828,198,61,29,2025-06-03
ST07,SKU04352,127,41,14,2025-06-11
ST12,SKU03235,89,22,5,2025-08-09
ST24,SKU04292,162,53,24,2025-05-14
ST05,SKU02064,482,99,32,2025-05-25
ST29,SKU02421,303,86,36,2025-08-28
ST04,SKU04054,153,38,16,2025-05-30
ST06,SKU04652,136,43,13,2025-08-14
ST17,SKU02532,0,37,18,2025-09-27
ST17,SKU00317,132,22,9,2025-07-13
ST03,SKU02368,0,41,10,2025-09-20
ST15,SKU03425,0,86,19,2025-09-19
ST30,SKU04228,176,39,10,2025-07-06
ST26,SKU03291,267,63,24,2025-05-24
ST20,SKU02722,260,51,13,2025-07-25
ST20,SKU00507,132,33,11,2025-06-23
ST06,SKU02558,555,94,24,2025-07-07
ST28,SKU00331,415,88,18,2025-05-08
ST16,SKU01031,342,93,30,2025-05-13
ST28,SKU04532,545,91,25,2025-08-24
ST19,SKU03251,440,93,31,2025-05-31
ST05,SKU03353,0,58,21,2025-09-26
ST22,SKU02768,141,26,8,2025-08-18
ST22,SKU00553,275,88,27,2025-06-01
ST03,SKU04475,217,63,20,2025-07-18
ST29,SKU01495,275,50,12,2025-05-11
ST01,SKU01662,0,57,22,2025-09-23
ST27,SKU00631,465,91,24,2025-08-24
ST08,SKU00389,380,100,32,2025-08-30
ST18,SKU03063,0,45,18,2025-09-15
ST20,SKU01675,320,58,23,2025-05-27
ST21,SKU00328,0,97,48,2025-09-15
ST02,SKU04250,330,81,34,2025-06-24
ST15,SKU02728,313,80,20,2025-06-10
ST03,SKU03428,195,45,9,2025-05-21
ST28,SKU04653,321,84,18,2025-05-12
ST26,SKU04580,195,63,13,2025-06-09
ST26,SKU00150,397,98,42,2025-06-24
ST17,SKU00330,241,42,15,2025-08-13
ST03,SKU02381,0,78,27,2025-08-16
ST25,SKU04126,0,59,22,2025-10-11
ST04,SKU01034,192,34,9,2025-07-24
ST07,SKU02500,438,98,27,2025-06-03
ST07,SKU00285,0,91,44,2025-08-30
ST20,SKU00978,127,25,6,2025-06-23
ST20,SKU02964,324,66,15,2025-05-21
ST01,SKU02722,317,77,35,2025-05-21
ST20,SKU00749,462,91,44,2025-06-12
ST11,SKU00929,0,23,5,2025-09-07
ST09,SKU00331,161,41,17,2025-08-14
ST21,SKU03603,361,76,25,2025-06-15
ST19,SKU03493,116,34,9,2025-08-12
ST17,SKU04652,122,34,7,2025-08-30
ST22,SKU04996,99,21,6,2025-08-05
ST10,SKU01495,326,93,40,2025-09-02
ST03,SKU04717,317,65,29,2025-08-17
ST08,SKU00631,216,62,25,2025-07-25
ST30,SKU04591,104,26,7,2025-05-22
ST06,SKU03968,278,55,17,2025-06-13
ST30,SKU02376,273,69,17,2025-06-13
ST28,SKU03727,0,94,20,2025-09-09
ST21,SKU04771,176,54,14,2025-07-22
ST02,SKU02277,130,28,10,2025-06-26
ST02,SKU00062,0,97,31,2025-09-04
ST19,SKU02217,86,23,7,2025-05-27
ST03,SKU01684,115,34,11,2025-07-29
ST01,SKU00628,0,95,31,2025-10-12
ST06,SKU00935,171,56,27,2025-06-04
ST23,SKU04551,0,22,8,2025-09-23
ST16,SKU03609,511,98,30,2025-06-30
ST04,SKU02094,124,28,6,2025-06-03
ST13,SKU03311,278,87,42,2025-05-13
ST20,SKU02038,313,91,22,2025-05-29
ST25,SKU00167,240,42,10,2025-08-22
ST04,SKU03491,534,100,46,2025-07-30
ST06,SKU01874,468,96,31,2025-08-19
ST28,SKU03848,331,89,26,2025-06-02
ST21,SKU00691,300,86,25,2025-06-25
ST16,SKU02333,0,96,27,2025-09-05
ST14,SKU03950,87,24,7,2025-07-08
ST21,SKU00462,182,48,14,2025-06-01
ST12,SKU01396,111,29,10,2025-06-11
ST01,SKU00978,174,36,10,2025-06-17
ST13,SKU04250,465,84,24,2025-05-27
ST20,SKU00991,102,26,7,2025-06-27
ST01,SKU00749,335,90,28,2025-06-23
ST01,SKU02964,337,90,36,2025-06-01
ST23,SKU04443,419,92,44,2025-08-17
ST26,SKU02728,331,97,46,2025-05-06
ST29,SKU04194,303,75,27,2025-07-26
ST17,SKU04894,287,91,26,2025-05-21
ST25,SKU02503,0,67,25,2025-08-04
ST20,SKU04145,510,86,29,2025-06-14
ST11,SKU04554,393,69,28,2025-07-08
ST28,SKU01754,186,59,19,2025-09-01
ST02,SKU02519,151,49,19,2025-06-18
ST07,SKU04849,197,43,17,2025-07-18
ST02,SKU04505,580,99,44,2025-08-21
ST22,SKU02205,141,31,12,2025-05-30
ST22,SKU04191,0,78,35,2025-08-30
ST13,SKU00170,294,84,35,2025-06-26
ST20,SKU01112,209,40,18,2025-08-02
ST18,SKU02500,269,59,19,2025-05-22
ST04,SKU04551,0,87,38,2025-09-24
ST19,SKU03627,126,32,15,2025-07-24
ST10,SKU04073,126,42,9,2025-05-24
ST01,SKU02038,362,98,37,2025-07-02
ST30,SKU00524,500,96,22,2025-08-08
ST06,SKU04102,315,98,35,2025-05-09
ST04,SKU03504,293,73,16,2025-08-18
ST09,SKU03848,341,84,33,2025-05-31
ST21,SKU04905,248,46,14,2025-08-18
ST02,SKU02640,0,68,16,2025-09-30
ST17,SKU03968,318,58,25,2025-05-18
ST03,SKU01818,208,61,19,2025-07-14
ST30,SKU03907,0,54,18,2025-08-21
ST01,SKU00991,238,50,16,2025-08-29
ST13,SKU02277,420,83,27,2025-06-10
ST16,SKU03743,0,25,8,2025-08-16
ST19,SKU01762,292,52,25,2025-05-14
ST17,SKU03150,482,98,38,2025-06-25
ST10,SKU04194,436,83,24,2025-05-25
ST17,SKU00935,155,30,13,2025-07-08
ST15,SKU02057,350,62,13,2025-08-23
ST20,SKU00186,185,32,10,2025-07-11
ST30,SKU00645,520,95,29,2025-07-25
ST09,SKU01754,80,23,7,2025-06-20
ST09,SKU03740,247,73,26,2025-07-02
ST23,SKU01423,261,61,15,2025-07-17
ST02,SKU04747,302,52,23,2025-08-12
ST07,SKU00890,132,25,10,2025-08-13
ST02,SKU00546,316,57,27,2025-06-08
ST17,SKU04318,0,41,16,2025-08-31
ST02,SKU00317,376,75,21,2025-07-18
ST29,SKU01174,403,97,24,2025-08-08
ST17,SKU01874,445,85,28,2025-09-02
ST01,SKU01112,502,100,25,2025-09-01
ST11,SKU03749,227,44,22,2025-06-25
ST04,SKU00592,338,86,40,2025-06-07
ST11,SKU03520,119,35,8,2025-08-31
ST14,SKU03266,405,88,42,2025-08-16
ST16,SKU01649,215,41,16,2025-09-01
ST16,SKU03864,506,85,22,2025-05-16
ST10,SKU04315,0,53,20,2025-09-30
ST07,SKU02997,213,50,13,2025-07-15
ST17,SKU02224,129,28,6,2025-08-20
ST19,SKU02822,104,30,8,2025-07-24
ST22,SKU04554,311,100,31,2025-06-04
ST13,SKU02519,415,83,37,2025-07-03
ST18,SKU04849,178,47,12,2025-08-13
ST28,SKU01070,239,61,29,2025-07-01
ST04,SKU00484,0,99,21,2025-09-29
ST16,SKU01770,290,85,23,2025-09-02
ST26,SKU02983,0,81,39,2025-08-29
ST24,SKU04334,265,86,35,2025-07-03
ST19,SKU01775,0,30,13,2025-09-28
ST24,SKU04105,0,67,31,2025-08-18
ST10,SKU02221,142,37,9,2025-08-10
ST03,SKU02999,201,58,27,2025-05-26
ST27,SKU01370,0,57,26,2025-09-14
ST01,SKU00186,108,27,11,2025-08-22
ST16,SKU02938,344,77,38,2025-08-20
ST21,SKU03053,0,52,25,2025-08-06
ST02,SKU00788,373,69,21,2025-05-26
ST05,SKU00830,0,42,19,2025-10-01
ST10,SKU01174,278,68,17,2025-06-01
ST27,SKU04753,351,75,24,2025-08-28
ST24,SKU03058,351,77,33,2025-07-04
ST20,SKU03582,222,65,25,2025-07-09
ST30,SKU02055,228,49,17,2025-08-01
ST16,SKU04106,266,54,13,2025-05-19
ST23,SKU02833,0,70,23,2025-09-28
ST28,SKU03177,272,64,13,2025-07-29
ST21,SKU00020,0,95,31,2025-09-23
ST29,SKU02584,238,44,13,2025-06-30
ST12,SKU00954,114,20,8,2025-05-18
ST17,SKU03284,219,68,32,2025-05-09
ST03,SKU03349,413,77,37,2025-08-25
ST06,SKU00385,315,59,21,2025-08-29
ST26,SKU02057,219,44,18,2025-07-09
ST17,SKU00251,405,84,25,2025-05-11
ST29,SKU03523,348,92,32,2025-08-14
ST18,SKU03105,396,93,37,2025-07-08
ST13,SKU04747,364,92,20,2025-08-31
ST30,SKU02176,0,52,12,2025-09-16
ST13,SKU00546,90,20,6,2025-08-01
ST23,SKU02954,0,27,10,2025-08-25
ST09,SKU01070,561,98,23,2025-08-28
ST05,SKU04334,188,46,13,2025-09-01
ST12,SKU01075,70,20,8,2025-06-06
ST22,SKU03520,205,42,13,2025-06-09
ST15,SKU02541,251,57,28,2025-05-09
ST30,SKU03115,348,75,18,2025-07-13
ST08,SKU04753,147,33,10,2025-07-10
ST03,SKU04409,270,68,21,2025-08-22
ST08,SKU02538,0,66,20,2025-09-21
ST01,SKU03582,115,27,12,2025-05-24
ST27,SKU02780,327,57,14,2025-06-12
ST18,SKU02997,409,83,29,2025-06-10
ST30,SKU02068,0,50,15,2025-09-15
ST09,SKU01191,358,69,18,2025-06-15
ST09,SKU03177,321,93,22,2025-05-17
ST23,SKU00860,192,37,13,2025-08-10
ST21,SKU00262,335,58,25,2025-07-21
ST24,SKU02482,0,93,22,2025-09-12
ST22,SKU03870,0,33,7,2025-10-03
ST10,SKU02584,170,30,12,2025-06-28
ST10,SKU00369,0,73,15,2025-09-11
ST10,SKU02355,0,24,7,2025-09-19
ST24,SKU02253,328,59,12,2025-05-31
ST15,SKU02662,328,55,25,2025-06-11
ST25,SKU00906,151,37,9,2025-05-25
ST12,SKU04350,0,41,13,2025-08-13
ST10,SKU03523,129,37,13,2025-06-15
ST17,SKU00264,0,67,31,2025-10-01
ST01,SKU03932,413,83,19,2025-07-05
ST05,SKU03179,308,81,32,2025-06-05
ST27,SKU04887,437,95,40,2025-05-10
ST01,SKU01717,300,55,27,2025-08-13
ST02,SKU04305,0,62,16,2025-08-28
ST28,SKU03311,144,24,10,2025-06-27
ST12,SKU01317,0,75,36,2025-09-24
ST19,SKU04245,0,61,25,2025-09-13
ST07,SKU02205,98,30,7,2025-05-30
ST29,SKU02718,358,75,20,2025-07-08
ST22,SKU01547,0,56,20,2025-09-10
ST27,SKU01854,273,64,16,2025-07-03
ST16,SKU00978,221,57,24,2025-06-12
ST17,SKU00385,348,64,21,2025-05-15
ST22,SKU00500,0,32,16,2025-08-14
ST08,SKU02780,348,70,28,2025-06-21
ST15,SKU01507,0,22,9,2025-08-13
ST20,SKU03837,257,75,34,2025-07-03
ST16,SKU02375,284,74,25,2025-08-13
ST02,SKU02211,383,65,22,2025-09-01
ST05,SKU02482,0,49,17,2025-08-20
ST24,SKU04710,0,82,37,2025-10-11
ST10,SKU02826,0,50,14,2025-09-05
ST05,SKU04468,143,30,14,2025-05-07
ST05,SKU02253,510,97,27,2025-06-09
ST11,SKU03199,0,76,28,2025-09-09
ST26,SKU04756,0,33,10,2025-10-12
ST14,SKU00501,287,75,33,2025-07-16
ST26,SKU02541,381,84,42,2025-08-10
ST02,SKU03150,209,46,16,2025-08-16
ST29,SKU01792,358,92,33,2025-06-22
ST19,SKU01104,155,38,14,2025-08-28
ST08,SKU04887,423,79,26,2025-07-03
ST13,SKU01030,0,33,14,2025-10-07
ST03,SKU00342,148,47,20,2025-06-01
ST27,SKU00699,265,86,33,2025-07-27
ST16,SKU02267,155,49,11,2025-07-04
ST16,SKU00052,427,99,28,2025-06-28
ST19,SKU02501,99,31,11,2025-07-01
ST24,SKU04831,190,61,14,2025-06-24
ST10,SKU00732,120,23,9,2025-08-11
ST17,SKU01674,386,66,16,2025-07-13
ST10,SKU02718,197,42,20,2025-06-25
ST08,SKU01854,425,86,42,2025-07-31
ST01,SKU02898,0,46,13,2025-09-19
ST11,SKU03320,382,80,29,2025-06-17
ST26,SKU02662,177,34,14,2025-08-12
ST17,SKU02842,253,61,20,2025-06-20
ST06,SKU04144,308,83,26,2025-07-19
ST07,SKU04783,0,56,25,2025-08-18
ST24,SKU02737,0,64,24,2025-09-26
ST20,SKU01046,284,56,13,2025-05-27
ST11,SKU03441,99,32,15,2025-05-18
ST02,SKU03621,92,20,8,2025-07-28
ST10,SKU01792,136,24,12,2025-07-20
ST29,SKU01805,215,56,15,2025-07-01
ST18,SKU03602,414,99,32,2025-08-15
ST30,SKU04888,325,70,23,2025-05-21
ST03,SKU02570,372,70,16,2025-07-26
ST21,SKU00638,149,31,8,2025-08-28
ST19,SKU04729,61,20,9,2025-05-21
ST05,SKU04831,193,64,17,2025-07-14
ST24,SKU02858,0,41,9,2025-09-24
ST29,SKU00987,110,30,13,2025-05-08
ST29,SKU00758,428,73,35,2025-06-23
ST20,SKU01167,238,76,35,2025-05-11
ST13,SKU02211,408,90,36,2025-06-04
ST12,SKU04955,214,41,14,2025-08-19
ST12,SKU04726,401,93,27,2025-05-16
ST22,SKU03199,0,37,11,2025-09-13
ST20,SKU04321,0,71,18,2025-10-11
ST25,SKU04665,149,40,19,2025-05-15
ST30,SKU02794,83,23,9,2025-07-24
ST06,SKU04157,0,52,18,2025-08-09
ST14,SKU01803,129,27,7,2025-05-29
ST02,SKU00251,294,92,24,2025-08-05
ST05,SKU02737,0,33,12,2025-09-01
ST08,SKU02217,183,59,21,2025-08-01
ST08,SKU00002,0,46,21,2025-09-14
ST01,SKU01046,178,54,26,2025-08-02
ST11,SKU03454,386,89,34,2025-05-17
ST23,SKU00539,0,83,36,2025-09-11
ST28,SKU00654,300,91,34,2025-08-18
ST07,SKU03749,208,46,12,2025-08-03
ST19,SKU03803,229,49,14,2025-07-02
ST24,SKU04147,113,31,13,2025-06-02
ST22,SKU03320,166,45,9,2025-07-09
ST15,SKU02112,289,66,27,2025-05-21
ST20,SKU04442,322,58,23,2025-08-24
ST30,SKU02915,215,53,12,2025-05-16
ST30,SKU04901,215,43,19,2025-07-01
ST11,SKU00421,317,96,21,2025-08-19
ST28,SKU01822,543,95,24,2025-08-06
ST09,SKU01580,321,63,16,2025-05-20
ST05,SKU02858,0,53,13,2025-09-01
ST17,SKU04144,255,49,18,2025-07-04
ST10,SKU00987,410,91,40,2025-06-27
ST24,SKU02871,399,69,25,2025-08-07
ST27,SKU02351,66,21,7,2025-05-16
ST18,SKU04783,0,65,31,2025-09-24
ST28,SKU00775,212,40,12,2025-08-02
ST07,SKU03870,0,94,35,2025-09-29
ST22,SKU03441,386,70,33,2025-06-18
ST12,SKU00538,0,52,23,2025-08-24
ST08,SKU03277,461,84,25,2025-07-07
ST13,SKU03621,114,29,10,2025-07-20
ST25,SKU02692,0,48,16,2025-08-06
ST30,SKU03036,375,67,27,2025-07-09
ST30,SKU00821,170,50,11,2025-06-02
ST27,SKU01075,238,55,25,2025-07-01
ST07,SKU00837,377,79,31,2025-06-22
ST10,SKU03323,0,27,11,2025-08-18
ST19,SKU02648,0,35,7,2025-09-18
ST01,SKU03274,0,28,7,2025-08-27
ST30,SKU03975,123,23,8,2025-07-05
ST09,SKU00654,240,74,16,2025-05-26
ST26,SKU00823,0,31,13,2025-08-19
ST10,SKU04491,88,28,9,2025-05-25
ST19,SKU01830,282,79,34,2025-06-23
ST22,SKU03562,167,48,13,2025-08-02
ST05,SKU04147,436,78,38,2025-05-07
ST03,SKU01068,422,89,31,2025-05-28
ST01,SKU04442,98,31,6,2025-07-12
ST30,SKU00942,0,30,10,2025-08-05
ST20,SKU00254,0,33,13,2025-10-07
ST25,SKU02584,139,36,8,2025-08-12
ST04,SKU03693,0,92,20,2025-09-23
ST28,SKU02064,246,73,26,2025-08-31
ST21,SKU03108,313,81,29,2025-05-08
ST09,SKU01822,364,71,23,2025-08-12
ST14,SKU04152,197,55,19,2025-06-18
ST07,SKU00958,67,20,9,2025-06-17
ST10,SKU01229,242,64,15,2025-05-14
ST29,SKU03457,137,36,17,2025-08-19
ST12,SKU01827,384,93,24,2025-08-23
ST08,SKU02351,313,61,23,2025-06-14
ST16,SKU03932,214,39,13,2025-07-17
ST21,SKU00075,232,63,27,2025-06-05
ST16,SKU01717,126,41,12,2025-06-07
ST09,SKU00775,86,21,10,2025-06-29
ST24,SKU04281,305,72,17,2025-06-06
ST22,SKU03454,438,78,30,2025-05-08
ST03,SKU01189,0,52,19,2025-10-03
ST13,SKU03863,283,79,16,2025-05-29
ST20,SKU02590,245,46,11,2025-07-26
ST13,SKU03634,184,40,19,2025-07-19
ST30,SKU01063,369,81,28,2025-08-28
ST06,SKU04641,244,68,20,2025-05-25
ST26,SKU02112,78,20,7,2025-06-24
ST29,SKU03578,0,45,10,2025-09-12
ST15,SKU01428,236,55,26,2025-07-13
ST25,SKU04102,263,54,17,2025-06-27
ST15,SKU03414,192,43,18,2025-06-08
ST03,SKU02128,80,24,5,2025-08-22
ST30,SKU04217,544,96,42,2025-07-09
ST08,SKU02472,252,54,17,2025-06-23
ST16,SKU04053,320,60,22,2025-07-31
ST28,SKU01138,0,52,24,2025-08-19
ST11,SKU03709,263,84,31,2025-07-05
ST10,SKU04504,208,41,17,2025-05-17
ST27,SKU01438,0,81,17,2025-08-31
ST01,SKU00254,0,75,27,2025-09-19
ST25,SKU02826,0,88,30,2025-08-18
ST16,SKU03235,443,100,30,2025-07-31
ST28,SKU04292,137,29,7,2025-08-07
ST09,SKU02064,411,76,16,2025-08-09
ST11,SKU02662,448,95,32,2025-08-02
ST07,SKU01200,207,41,12,2025-05-12
ST01,SKU01651,299,54,11,2025-07-11
ST18,SKU00837,124,30,13,2025-05-19
ST21,SKU00317,173,35,17,2025-05-22
ST07,SKU02368,0,35,8,2025-08-17
ST28,SKU01030,0,56,25,2025-10-09
ST05,SKU04281,278,64,16,2025-06-21
ST01,SKU02590,283,84,23,2025-07-08
ST08,SKU01317,0,58,14,2025-09-10
ST25,SKU00732,305,66,25,2025-08-26
ST06,SKU04654,115,27,9,2025-07-25
ST02,SKU03192,352,70,32,2025-06-15
ST24,SKU03476,0,58,22,2025-09-28
ST29,SKU01605,225,43,11,2025-07-26
ST03,SKU00155,169,37,16,2025-07-14
ST25,SKU02129,395,89,41,2025-07-23
ST18,SKU00958,112,35,10,2025-07-14
ST04,SKU01023,287,67,21,2025-08-03
ST23,SKU03251,497,94,39,2025-07-09
ST07,SKU04475,356,61,25,2025-06-29
ST17,SKU03702,0,21,10,2025-09-20
ST10,SKU02531,0,85,34,2025-09-29
ST15,SKU04824,0,64,17,2025-09-12
ST08,SKU01438,0,61,19,2025-08-13
ST06,SKU00574,283,79,25,2025-07-02
ST21,SKU03592,286,48,15,2025-06-03
ST09,SKU04292,93,22,6,2025-08-24
ST26,SKU04690,558,98,34,2025-05-14
ST14,SKU02421,99,28,10,2025-08-22
ST12,SKU04526,183,40,15,2025-07-06
ST29,SKU03941,183,43,21,2025-08-05
ST19,SKU01038,173,38,8,2025-07-19
ST20,SKU01906,299,51,23,2025-06-18
ST20,SKU03892,269,75,24,2025-08-13
ST25,SKU04236,285,50,11,2025-07-12
ST30,SKU04580,242,52,23,2025-05-23
ST21,SKU00330,460,82,30,2025-05-22
ST07,SKU04596,0,31,9,2025-08-29
ST26,SKU01428,229,61,17,2025-05-07
ST07,SKU02381,0,34,10,2025-10-03
ST26,SKU03414,199,38,18,2025-06-19
ST27,SKU04016,0,64,16,2025-10-11
ST18,SKU02247,0,74,15,2025-09-24
ST25,SKU00974,0,89,43,2025-10-09
ST30,SKU01318,335,61,29,2025-06-06
ST21,SKU03484,531,100,37,2025-07-26
ST29,SKU04062,332,86,37,2025-07-29
ST10,SKU01605,320,83,27,2025-06-15
ST27,SKU04955,160,44,9,2025-08-29
ST25,SKU02142,175,36,10,2025-06-12
ST23,SKU03493,107,26,12,2025-08-16
ST04,SKU03251,334,74,29,2025-06-11
ST21,SKU04652,96,24,8,2025-06-29
ST02,SKU02387,109,36,18,2025-05-16
ST14,SKU01495,219,52,18,2025-05-07
ST07,SKU04717,153,32,9,2025-08-31
ST18,SKU02368,0,39,10,2025-10-08
ST06,SKU03031,116,33,10,2025-07-29
ST23,SKU02217,190,37,14,2025-06-23
ST23,SKU00002,0,32,14,2025-10-05
ST12,SKU04768,277,63,30,2025-05-28
ST24,SKU03839,129,25,9,2025-05-18
ST10,SKU03941,122,26,7,2025-06-07
ST17,SKU00682,305,51,24,2025-08-17
ST15,SKU04019,176,51,24,2025-08-12
ST27,SKU03090,165,44,18,2025-05-12
ST01,SKU01906,220,40,19,2025-07-22
ST20,SKU01919,400,94,29,2025-07-07
ST02,SKU02279,436,83,32,2025-05-08
ST19,SKU04663,0,89,30,2025-08-31
ST12,SKU03492,431,77,33,2025-08-20
ST29,SKU02907,210,38,9,2025-06-05
ST10,SKU00679,259,53,25,2025-06-01
ST18,SKU04475,302,61,28,2025-06-30
ST06,SKU03152,187,42,16,2025-05-18
ST16,SKU01396,292,62,16,2025-07-31
ST07,SKU03562,280,88,36,2025-07-24
ST10,SKU04062,165,52,20,2025-06-13
ST10,SKU03833,255,58,12,2025-05-31
ST27,SKU00996,0,54,15,2025-08-27
ST30,SKU02728,96,29,6,2025-08-20
ST18,SKU03428,87,26,9,2025-07-29
ST25,SKU00169,0,54,13,2025-08-25
ST04,SKU03493,232,69,21,2025-08-02
ST15,SKU01696,281,82,21,2025-06-10
ST21,SKU04894,290,61,30,2025-06-27
ST29,SKU01042,199,43,11,2025-08-24
ST19,SKU00354,299,59,18,2025-06-03
ST27,SKU02164,357,70,16,2025-07-22
ST25,SKU01337,304,95,47,2025-08-18
ST15,SKU00649,439,85,31,2025-07-24
ST04,SKU02217,311,89,25,2025-07-22
ST19,SKU03737,85,24,10,2025-07-23
ST05,SKU03839,218,51,11,2025-07-23
ST22,SKU03254,201,54,22,2025-05-06
ST29,SKU01981,206,61,20,2025-08-22
ST15,SKU02046,0,53,12,2025-09-30
ST15,SKU04032,0,51,16,2025-08-28
ST08,SKU03090,289,67,15,2025-07-09
ST03,SKU00531,0,65,32,2025-08-20
ST25,SKU04491,106,35,15,2025-06-15
ST06,SKU04212,485,92,33,2025-06-25
ST23,SKU03627,110,34,10,2025-07-12
ST14,SKU04073,216,65,18,2025-07-01
ST19,SKU04905,239,63,22,2025-07-14
ST17,SKU01863,518,96,47,2025-07-19
ST10,SKU02907,152,33,12,2025-08-25
ST13,SKU02387,325,88,40,2025-07-10
ST18,SKU04717,166,44,9,2025-08-26
ST18,SKU00516,160,44,14,2025-08-03
ST04,SKU02567,270,63,18,2025-06-12
ST16,SKU03624,290,59,12,2025-06-09
ST21,SKU03968,183,44,12,2025-07-29
ST07,SKU01818,194,55,15,2025-05-12
ST12,SKU04902,273,47,13,2025-08-31
ST17,SKU03031,146,28,6,2025-07-06
ST22,SKU03375,442,97,23,2025-08-27
ST15,SKU04153,181,43,10,2025-08-02
ST08,SKU00996,0,87,33,2025-09-16
ST27,SKU01009,0,56,17,2025-10-02
ST11,SKU02462,0,23,8,2025-08-17
ST14,SKU04194,485,87,27,2025-05-18
ST21,SKU00935,291,53,20,2025-08-04
ST28,SKU03863,338,94,34,2025-07-20
ST26,SKU04019,282,58,25,2025-08-02
ST10,SKU03257,215,52,23,2025-08-01
ST19,SKU04797,372,88,29,2025-07-06
ST10,SKU01042,75,25,11,2025-08-15
ST03,SKU04035,0,25,6,2025-09-21
ST08,SKU02164,498,91,31,2025-08-17
ST27,SKU04392,107,33,9,2025-05-15
ST13,SKU02279,349,68,34,2025-08-01
ST06,SKU03286,163,32,10,2025-06-17
ST28,SKU00830,0,90,34,2025-09-07
ST21,SKU01874,395,92,41,2025-08-21
ST07,SKU01939,156,27,9,2025-07-28
ST10,SKU01981,377,70,23,2025-08-02
ST25,SKU02747,0,86,30,2025-10-10
ST25,SKU00532,320,60,28,2025-08-23
ST14,SKU04315,0,21,7,2025-08-21
ST06,SKU00024,216,68,17,2025-06-01
ST04,SKU03627,374,91,23,2025-05-26
ST24,SKU00832,0,22,8,2025-08-12
ST20,SKU01356,479,98,41,2025-07-10
ST18,SKU00758,140,25,8,2025-05-30
ST04,SKU04795,345,72,26,2025-06-19
ST23,SKU02822,312,60,21,2025-08-16
ST04,SKU02580,293,62,28,2025-05-23
ST16,SKU01880,465,90,21,2025-08-02
ST16,SKU01651,322,69,30,2025-06-08
ST24,SKU04215,287,60,14,2025-06-13
ST03,SKU00894,440,81,26,2025-06-23
ST25,SKU04854,83,24,10,2025-05-21
ST11,SKU04919,327,84,29,2025-06-25
ST25,SKU02639,444,74,16,2025-07-17
ST06,SKU04346,0,41,10,2025-08-13
ST11,SKU04690,275,52,25,2025-08-03
ST14,SKU02221,236,40,12,2025-06-25
ST26,SKU04261,103,33,13,2025-05-09
ST26,SKU04032,0,52,11,2025-10-03
ST07,SKU02999,271,46,22,2025-06-07
ST17,SKU04212,240,57,24,2025-06-04
ST22,SKU00355,279,52,19,2025-08-18
ST13,SKU00535,129,43,17,2025-07-01
ST25,SKU03807,294,56,13,2025-06-21
ST15,SKU01133,183,49,23,2025-06-05
ST11,SKU01428,230,39,19,2025-05-23
ST02,SKU04052,310,100,27,2025-05-22
ST14,SKU01174,321,67,26,2025-07-08
ST28,SKU03058,326,68,28,2025-06-25
ST24,SKU04107,249,46,14,2025-07-30
ST08,SKU03574,346,60,29,2025-07-26
ST14,SKU00127,355,92,24,2025-07-11
ST02,SKU03005,311,59,17,2025-07-16
ST26,SKU04153,138,44,16,2025-06-02
ST02,SKU02776,0,56,14,2025-09-16
ST29,SKU03633,0,58,14,2025-08-05
ST22,SKU02462,0,20,7,2025-09-04
ST01,SKU01356,164,35,12,2025-05-20
ST27,SKU04526,117,30,10,2025-05-20
ST30,SKU02057,326,69,33,2025-08-11
ST04,SKU02822,373,77,31,2025-05-30
ST05,SKU04215,117,35,17,2025-05-19
ST24,SKU04228,458,88,20,2025-06-24
ST20,SKU00551,69,20,6,2025-05-31
ST18,SKU01939,177,59,13,2025-08-24
ST09,SKU04334,187,43,18,2025-06-07
ST16,SKU01075,394,95,45,2025-08-10
ST02,SKU00682,260,48,19,2025-07-02
ST17,SKU00024,127,31,9,2025-05-23
ST09,SKU03058,220,57,17,2025-08-22
ST07,SKU04409,93,20,5,2025-07-30
ST12,SKU03292,0,21,8,2025-09-19
ST12,SKU03063,0,64,23,2025-08-07
ST29,SKU04693,485,100,28,2025-08-10
ST29,SKU00263,0,35,15,2025-08-04
ST14,SKU02584,370,65,32,2025-07-24
ST28,SKU02253,212,41,13,2025-08-28
ST02,SKU01032,447,80,19,2025-06-23
ST05,SKU01303,229,57,22,2025-05-17
ST22,SKU04919,376,67,27,2025-07-14
ST22,SKU04690,206,35,13,2025-05-29
ST27,SKU04768,393,84,27,2025-05-21
ST16,SKU04350,0,29,12,2025-09-28
ST30,SKU02070,244,48,14,2025-05-24
ST14,SKU03523,136,23,7,2025-08-11
ST09,SKU03179,367,82,40,2025-07-05
ST26,SKU01133,210,58,24,2025-08-17
ST17,SKU01542,545,99,20,2025-07-17
ST27,SKU03950,431,94,29,2025-08-25
ST15,SKU00449,246,59,26,2025-08-20
ST01,SKU00551,429,78,37,2025-06-13
ST13,SKU03823,364,78,20,2025-06-05
ST02,SKU03139,307,68,30,2025-06-24
ST07,SKU03254,431,91,27,2025-05-27
ST03,SKU04532,82,27,9,2025-07-20
ST03,SKU00331,136,41,13,2025-06-27
ST15,SKU03603,259,69,23,2025-06-26
ST25,SKU04062,162,32,8,2025-08-27
ST06,SKU01568,252,70,14,2025-06-11
ST21,SKU00385,398,84,22,2025-08-16
ST19,SKU04476,0,26,10,2025-09-23
ST24,SKU04591,244,52,17,2025-06-08
ST10,SKU04693,366,77,19,2025-05-10
ST24,SKU02376,477,92,41,2025-08-03
ST15,SKU04771,312,61,18,2025-05-29
ST09,SKU02482,0,50,18,2025-10-05
ST09,SKU04468,404,100,24,2025-08-25
ST06,SKU00521,275,81,23,2025-07-27
ST09,SKU02253,179,31,9,2025-07-30
ST07,SKU03375,166,46,17,2025-08-19
ST24,SKU03773,116,29,8,2025-08-13
ST03,SKU04653,312,59,20,2025-08-05
ST08,SKU04768,340,74,23,2025-08-21
ST30,SKU02541,316,97,43,2025-06-21
ST23,SKU01104,262,69,33,2025-05-27
ST19,SKU00167,400,87,43,2025-05-14
ST08,SKU03950,142,41,15,2025-07-16
ST15,SKU00691,234,66,26,2025-08-27
ST13,SKU02079,0,65,14,2025-08-16
ST18,SKU04409,112,32,7,2025-05-28
ST28,SKU04831,396,99,35,2025-08-17
ST23,SKU00286,0,67,32,2025-09-16
ST11,SKU00986,121,33,9,2025-06-01
ST21,SKU01674,281,93,28,2025-07-24
ST28,SKU00401,218,69,27,2025-07-15
ST28,SKU02387,258,53,22,2025-08-27
ST26,SKU02543,0,28,9,2025-09-23
ST14,SKU02718,298,95,27,2025-05-13
ST26,SKU00328,0,84,17,2025-09-17
ST30,SKU02662,456,84,17,2025-05-22
ST19,SKU02503,0,61,19,2025-09-13
ST10,SKU00734,342,60,16,2025-08-05
ST13,SKU01971,123,32,12,2025-06-19
ST25,SKU03257,336,85,21,2025-08-30
ST28,SKU02737,0,44,12,2025-08-31
ST05,SKU03773,220,52,18,2025-08-20
ST12,SKU02500,366,85,39,2025-05-27
ST15,SKU03966,199,66,32,2025-08-12
ST25,SKU04654,168,54,25,2025-06-21
ST15,SKU01751,0,56,12,2025-08-08
ST13,SKU03139,469,97,29,2025-05-07
ST28,SKU03905,449,87,26,2025-06-02
ST11,SKU04261,184,60,12,2025-06-23
ST14,SKU01792,335,57,18,2025-05-08
ST04,SKU01104,190,62,19,2025-08-22
ST26,SKU03603,125,36,10,2025-07-28
ST07,SKU02570,157,34,15,2025-06-25
ST17,SKU04012,0,22,7,2025-09-14
ST02,SKU00240,357,91,40,2025-06-24
ST05,SKU04941,243,62,13,2025-07-12
ST07,SKU00584,279,80,30,2025-06-10
ST24,SKU00524,228,70,27,2025-06-26
ST03,SKU03848,169,29,14,2025-08-22
ST20,SKU01048,0,59,26,2025-08-05
ST30,SKU01507,0,33,16,2025-09-11
ST23,SKU04729,164,34,14,2025-05-13
ST04,SKU00286,0,62,29,2025-08-13
ST09,SKU04831,331,78,34,2025-06-28
ST26,SKU05000,286,83,17,2025-05-10
ST09,SKU00401,75,23,5,2025-06-19
ST04,SKU02501,399,80,30,2025-08-22
ST26,SKU04771,307,62,30,2025-06-29
ST12,SKU04607,128,26,6,2025-07-05
ST13,SKU01274,0,47,19,2025-08-09
ST16,SKU02740,0,75,26,2025-10-09
ST16,SKU04726,179,52,18,2025-07-31
ST02,SKU04791,477,98,47,2025-08-19
ST10,SKU00976,0,65,16,2025-08-23
ST24,SKU00645,323,68,31,2025-08-30
ST03,SKU01754,304,62,18,2025-06-05
ST02,SKU03744,337,64,16,2025-05-13
ST28,SKU00535,343,72,26,2025-08-07
ST26,SKU00691,223,70,22,2025-05-19
ST22,SKU00986,120,29,8,2025-07-16
ST08,SKU03266,232,64,31,2025-06-15
ST15,SKU01993,0,73,18,2025-10-05
ST25,SKU02681,203,38,10,2025-05-25
ST25,SKU00466,146,36,17,2025-05-12
ST06,SKU04388,217,65,16,2025-07-25
ST23,SKU03803,260,71,25,2025-07-18
ST25,SKU00237,238,79,29,2025-08-23
ST14,SKU01805,147,27,7,2025-05-06
ST05,SKU00524,396,67,27,2025-06-28
ST01,SKU01048,0,45,22,2025-09-15
ST04,SKU04729,199,58,18,2025-08-11
ST21,SKU04144,338,78,29,2025-06-05
ST04,SKU02514,322,75,33,2025-08-25
ST14,SKU00987,168,49,13,2025-07-09
ST28,SKU02871,505,89,27,2025-08-15
ST19,SKU03805,323,79,25,2025-08-17
ST12,SKU04849,116,20,5,2025-06-06
ST15,SKU04329,0,25,10,2025-08-17
ST03,SKU03043,380,91,38,2025-05-07
ST15,SKU02114,187,55,19,2025-08-16
ST14,SKU02155,0,62,21,2025-09-12
ST26,SKU01751,0,74,22,2025-09-22
ST05,SKU00645,291,52,16,2025-07-31
ST15,SKU03053,0,57,23,2025-08-28
ST13,SKU00240,332,77,31,2025-06-20
ST18,SKU00584,220,39,16,2025-07-25
ST23,SKU02648,0,100,38,2025-08-24
ST02,SKU01542,291,59,22,2025-07-11
ST24,SKU02055,142,43,21,2025-05-15
ST15,SKU00020,0,35,11,2025-09-13
ST30,SKU00823,0,84,23,2025-09-12
ST04,SKU03803,394,92,23,2025-05-19
ST23,SKU01830,498,93,30,2025-07-07
ST06,SKU04401,354,91,30,2025-06-11
ST09,SKU04147,151,36,8,2025-07-03
ST02,SKU02710,136,28,12,2025-07-20
ST12,SKU04152,398,90,23,2025-05-22
ST17,SKU00066,285,95,21,2025-06-21
ST13,SKU04791,516,95,31,2025-08-11
ST13,SKU04562,0,90,38,2025-09-07
ST06,SKU03583,234,68,17,2025-06-16
ST20,SKU01303,305,72,20,2025-06-08
ST14,SKU01229,123,35,14,2025-05-06
ST09,SKU02871,497,94,31,2025-08-27
ST12,SKU03105,160,27,13,2025-08-20
ST24,SKU02176,0,86,42,2025-09-30
ST29,SKU02520,224,68,15,2025-07-18
ST12,SKU00890,208,50,12,2025-09-02
ST15,SKU04571,0,36,10,2025-09-04
ST29,SKU00305,333,98,33,2025-08-06
ST03,SKU01070,125,35,10,2025-07-17
ST20,SKU02471,173,30,9,2025-05-29
ST28,SKU04281,196,60,25,2025-05-06
ST02,SKU00845,0,78,21,2025-10-09
ST17,SKU04388,230,51,20,2025-05-28
ST24,SKU03115,452,76,35,2025-06-14
ST30,SKU02112,204,41,8,2025-07-18
ST02,SKU01784,0,42,19,2025-09-06
ST07,SKU02128,441,77,19,2025-07-20
ST12,SKU02997,102,31,14,2025-05-21
ST05,SKU02055,213,55,19,2025-07-26
ST24,SKU02068,0,25,11,2025-09-11
ST03,SKU03177,191,62,18,2025-07-21
ST15,SKU00262,359,60,20,2025-07-11
ST06,SKU02657,0,31,13,2025-09-05
ST25,SKU00721,115,36,11,2025-08-31
ST11,SKU04987,409,91,27,2025-08-22
ST04,SKU01830,217,51,13,2025-06-15
ST14,SKU04504,110,23,7,2025-07-12
ST06,SKU04643,152,49,21,2025-06-13
ST26,SKU04329,0,85,42,2025-09-18
ST26,SKU02114,247,50,10,2025-08-31
ST19,SKU00906,148,31,8,2025-06-12
ST29,SKU03580,308,80,31,2025-06-08
ST17,SKU00079,0,74,27,2025-08-27
ST24,SKU01021,0,81,39,2025-09-25
ST15,SKU03416,83,23,6,2025-07-31
ST27,SKU00501,388,86,20,2025-08-26
ST01,SKU01303,116,21,4,2025-07-24
ST14,SKU03457,78,24,8,2025-07-31
ST10,SKU02520,160,35,10,2025-07-12
ST10,SKU00305,168,35,10,2025-05-17
ST29,SKU02533,263,68,27,2025-06-25
ST25,SKU03057,0,93,35,2025-10-03
ST01,SKU02471,72,22,7,2025-07-16
ST20,SKU00498,334,62,21,2025-05-14
ST04,SKU04166,0,43,13,2025-09-04
ST13,SKU01542,146,35,12,2025-06-30
ST09,SKU04281,312,95,20,2025-06-30
ST02,SKU00858,524,100,35,2025-05-29
ST18,SKU01068,374,66,18,2025-06-20
ST13,SKU02710,228,47,14,2025-08-24
ST07,SKU00155,221,50,20,2025-08-19
ST07,SKU02141,0,42,16,2025-09-09
ST17,SKU03583,138,24,10,2025-05-18
ST03,SKU01433,120,25,12,2025-06-16
ST13,SKU04107,135,23,11,2025-07-03
ST18,SKU04222,283,62,20,2025-08-12
ST11,SKU03014,318,65,31,2025-07-14
ST11,SKU05000,272,55,23,2025-08-30
ST26,SKU04571,0,100,35,2025-09-18
ST29,SKU03822,218,56,17,2025-07-07
ST25,SKU04346,0,31,6,2025-08-08
ST13,SKU00845,0,36,13,2025-08-25
ST18,SKU01189,0,38,17,2025-09-01
ST20,SKU03773,183,42,14,2025-07-21
ST08,SKU00501,402,98,43,2025-08-09
ST23,SKU01038,113,23,8,2025-08-22
ST02,SKU04362,0,97,46,2025-09-14
ST26,SKU03295,318,58,12,2025-07-09
ST10,SKU02533,285,62,26,2025-08-12
ST20,SKU04941,489,84,23,2025-06-24
ST30,SKU01428,227,65,30,2025-05-28
ST30,SKU03414,216,71,21,2025-05-18
ST01,SKU00498,384,70,20,2025-08-21
ST25,SKU00855,167,37,11,2025-05-30
ST16,SKU01264,146,29,10,2025-06-06
ST19,SKU03484,220,59,15,2025-07-09
ST26,SKU00262,155,47,21,2025-06-13
ST22,SKU04987,82,22,4,2025-06-09
ST17,SKU04643,86,20,4,2025-06-04
ST09,SKU03476,0,73,19,2025-08-13
ST14,SKU01605,242,43,18,2025-06-06
ST26,SKU03416,220,71,19,2025-06-23
ST27,SKU01803,202,57,15,2025-05-26
ST30,SKU03535,0,20,4,2025-10-01
ST02,SKU03436,113,23,5,2025-05-26
ST19,SKU03376,232,62,21,2025-07-29
ST03,SKU02614,0,46,16,2025-09-24
ST20,SKU04244,363,65,16,2025-06-26
ST15,SKU01685,0,41,10,2025-08-26
ST13,SKU03073,418,82,37,2025-08-11
ST13,SKU00858,359,91,19,2025-06-23
ST11,SKU02209,513,89,21,2025-05-15
ST14,SKU03941,122,26,6,2025-06-08
ST23,SKU03266,169,32,8,2025-05-13
ST21,SKU04654,150,44,17,2025-07-16
ST04,SKU01038,151,27,11,2025-07-31
ST05,SKU02660,0,90,30,2025-08-14
ST24,SKU04888,158,35,17,2025-07-02
ST05,SKU00445,0,62,29,2025-08-17
ST08,SKU04126,0,29,12,2025-08-21
ST08,SKU01911,161,41,9,2025-08-10
ST15,SKU00638,211,42,13,2025-08-22
ST23,SKU04663,0,76,20,2025-09-10
ST18,SKU00155,99,31,11,2025-08-25
ST16,SKU03492,200,57,16,2025-05-13
ST29,SKU01970,338,74,21,2025-06-16
ST22,SKU03014,85,21,6,2025-07-06
ST14,SKU03833,262,50,18,2025-07-15
ST21,SKU00574,194,64,23,2025-07-10
ST19,SKU04665,162,46,17,2025-06-18
ST24,SKU02794,104,25,6,2025-07-29
ST13,SKU04362,0,81,38,2025-08-25
ST18,SKU04706,97,29,13,2025-07-28
ST08,SKU01803,309,73,21,2025-05-30
ST20,SKU03089,283,78,31,2025-05-12
ST20,SKU00874,149,31,15,2025-05-21
ST23,SKU00354,324,77,25,2025-07-28
ST23,SKU02340,0,34,12,2025-09-18
ST01,SKU04244,295,51,10,2025-06-01
ST30,SKU04945,118,26,12,2025-07-11
ST25,SKU02386,125,38,14,2025-05-25
ST23,SKU03737,290,73,33,2025-06-15
ST21,SKU02681,108,22,6,2025-05-24
ST02,SKU00416,0,71,16,2025-08-06
ST07,SKU00531,0,79,34,2025-10-01
ST05,SKU04888,322,66,17,2025-07-06
ST20,SKU03210,402,76,37,2025-07-29
ST27,SKU04152,260,46,16,2025-06-29
ST25,SKU01339,420,81,20,2025-06-05
ST21,SKU01863,352,62,31,2025-05-25
ST12,SKU04783,0,28,6,2025-10-04
ST10,SKU01970,315,65,19,2025-05-07
ST13,SKU03436,87,24,11,2025-08-18
ST16,SKU04902,263,79,28,2025-08-25
ST23,SKU01643,186,36,17,2025-09-02
ST21,SKU03031,208,58,27,2025-07-04
ST26,SKU01685,0,84,42,2025-09-23
ST24,SKU03036,190,45,16,2025-08-20
ST19,SKU02692,0,32,10,2025-09-04
ST24,SKU00821,106,21,6,2025-05-26
ST22,SKU02209,292,68,16,2025-05-30
ST05,SKU02794,385,95,41,2025-08-11
ST30,SKU04019,229,71,35,2025-07-10
ST01,SKU03089,178,32,12,2025-08-27
ST23,SKU04797,258,83,31,2025-08-30
ST04,SKU00354,312,94,32,2025-08-29
ST26,SKU00638,64,20,8,2025-07-29
ST19,SKU01645,410,79,18,2025-05-24
ST24,SKU03975,250,71,15,2025-08-01
ST29,SKU04319,432,89,21,2025-06-07
ST03,SKU00654,456,94,20,2025-08-08
ST04,SKU03737,185,60,16,2025-07-31
ST11,SKU04679,172,56,23,2025-05-18
ST21,SKU03152,244,42,19,2025-07-14
ST14,SKU01981,268,80,21,2025-08-03
ST10,SKU03259,0,42,9,2025-10-06
ST24,SKU00942,0,51,25,2025-08-10
ST05,SKU02915,296,98,24,2025-06-29
ST10,SKU03030,0,30,13,2025-09-12
ST05,SKU04901,115,20,10,2025-08-16
ST08,SKU04381,0,48,20,2025-08-11
ST27,SKU02408,342,87,20,2025-09-01
ST30,SKU04140,0,76,35,2025-09-17
ST03,SKU01822,268,76,30,2025-08-10
ST04,SKU04905,88,27,8,2025-05-22
ST30,SKU01696,284,79,29,2025-08-21
ST19,SKU01766,200,55,25,2025-06-15
ST01,SKU04607,96,21,8,2025-07-01
ST15,SKU00075,90,24,10,2025-06-23
ST27,SKU03347,432,84,39,2025-06-24
ST03,SKU00775,373,90,24,2025-07-23
ST20,SKU00190,0,54,23,2025-09-11
ST18,SKU01578,0,92,38,2025-08-05
ST25,SKU02520,176,40,18,2025-09-02
ST04,SKU01643,199,54,16,2025-06-30
ST11,SKU04571,0,25,11,2025-09-19
ST28,SKU04215,183,50,12,2025-07-10
ST04,SKU01414,0,26,11,2025-08-18
ST26,SKU04142,284,85,21,2025-06-22
ST16,SKU02700,377,88,20,2025-08-14
ST30,SKU00649,518,90,40,2025-08-14
ST02,SKU00550,427,91,29,2025-07-02
ST05,SKU00821,307,71,28,2025-08-05
ST13,SKU00416,0,63,24,2025-09-12
ST30,SKU04032,0,91,35,2025-09-26
ST18,SKU00531,0,74,25,2025-09-03
ST11,SKU01538,289,61,26,2025-09-02
ST28,SKU00953,0,20,6,2025-10-03
ST24,SKU04217,134,31,13,2025-05-08
ST05,SKU03975,386,74,22,2025-07-27
ST20,SKU04741,573,100,24,2025-06-22
ST25,SKU04856,237,51,13,2025-05-24
ST28,SKU04107,439,92,29,2025-06-25
ST17,SKU04443,113,37,12,2025-07-03
ST01,SKU01466,0,85,37,2025-08-19
ST08,SKU02408,502,89,27,2025-06-22
ST27,SKU02421,283,92,40,2025-08-02
ST30,SKU04153,228,55,12,2025-07-28
ST03,SKU02064,115,20,6,2025-08-14
ST02,SKU04054,374,78,39,2025-07-13
ST22,SKU03740,335,100,30,2025-06-26
ST15,SKU00317,324,81,26,2025-08-05
ST18,SKU04035,0,55,18,2025-09-13
ST20,SKU04633,0,23,10,2025-10-12
ST08,SKU03347,91,22,9,2025-06-28
ST16,SKU03171,0,38,9,2025-09-16
ST09,SKU04215,386,72,33,2025-06-29
ST28,SKU04228,222,48,14,2025-07-08
ST05,SKU01063,152,28,13,2025-06-19
ST10,SKU01407,376,85,39,2025-07-30
ST24,SKU03291,203,43,10,2025-06-04
ST22,SKU04679,232,40,14,2025-07-19
ST21,SKU00024,205,46,21,2025-07-11
ST26,SKU03108,134,25,11,2025-06-17
ST19,SKU02129,446,92,35,2025-07-12
ST12,SKU03173,443,77,38,2025-05-16
ST05,SKU04217,374,75,17,2025-07-08
ST12,SKU00958,544,96,44,2025-07-22
ST29,SKU04574,0,97,45,2025-10-09
ST03,SKU03353,0,42,12,2025-09-09
ST20,SKU02768,64,21,4,2025-06-23
ST20,SKU00553,213,42,20,2025-07-16
ST27,SKU01495,323,88,34,2025-06-26
ST16,SKU03063,0,65,17,2025-08-28
ST09,SKU04107,152,34,17,2025-06-03
ST15,SKU03592,180,52,16,2025-08-26
ST03,SKU04292,258,45,14,2025-06-10
ST08,SKU02421,349,92,39,2025-06-19
ST18,SKU00894,333,89,32,2025-06-11
ST13,SKU00550,119,24,11,2025-06-24
ST14,SKU03633,0,24,10,2025-08-10
ST21,SKU04346,0,72,20,2025-09-22
ST19,SKU04236,334,100,20,2025-08-03
ST24,SKU04580,280,88,34,2025-07-04
ST17,SKU01423,386,72,33,2025-06-12
ST15,SKU00330,297,80,29,2025-08-19
ST20,SKU02660,0,58,25,2025-09-09
ST30,SKU01133,133,42,11,2025-07-24
ST09,SKU04228,432,99,36,2025-08-13
ST23,SKU01911,215,67,30,2025-06-08
ST02,SKU01034,340,69,29,2025-06-22
ST05,SKU03520,474,81,22,2025-08-31
ST05,SKU03291,177,39,10,2025-06-08
ST17,SKU00376,0,24,9,2025-09-25
ST10,SKU01420,0,72,15,2025-10-09
ST29,SKU01662,0,59,13,2025-09-12
ST24,SKU01318,119,26,9,2025-08-22
ST29,SKU01433,281,90,19,2025-06-02
ST20,SKU03828,515,93,20,2025-06-24
ST15,SKU03484,166,36,8,2025-05-29
ST14,SKU01310,354,72,18,2025-08-21
ST07,SKU00331,442,100,32,2025-06-22
ST13,SKU04054,406,72,29,2025-08-23
ST15,SKU04652,259,61,13,2025-06-09
ST01,SKU00553,296,56,15,2025-05-11
ST01,SKU02768,119,33,13,2025-08-10
ST23,SKU04476,0,85,29,2025-08-29
ST20,SKU04996,336,73,15,2025-07-08
ST28,SKU04591,424,82,24,2025-08-04
ST14,SKU04693,473,94,44,2025-07-11
ST28,SKU02376,258,66,14,2025-05-06
ST14,SKU00263,0,93,32,2025-09-13
ST12,SKU02368,0,59,12,2025-08-08
ST07,SKU04653,258,53,18,2025-07-15
ST05,SKU04580,188,54,16,2025-08-13
ST05,SKU00150,254,57,16,2025-06-08
ST29,SKU02722,288,89,34,2025-07-29
ST29,SKU00507,362,96,25,2025-05-12
ST27,SKU04073,401,95,45,2025-06-03
ST15,SKU02558,170,50,20,2025-08-16
ST09,SKU02484,0,75,21,2025-08-26
ST04,SKU04126,0,86,31,2025-08-13
ST23,SKU00167,504,99,33,2025-08-20
ST05,SKU01547,0,68,14,2025-09-18
ST12,SKU04475,402,97,24,2025-08-20
ST24,SKU03546,0,62,25,2025-10-07
ST05,SKU01318,329,68,20,2025-06-09
ST17,SKU00389,347,72,24,2025-05-07
ST01,SKU03828,239,59,17,2025-05-29
ST30,SKU02543,0,69,19,2025-09-17
ST26,SKU03592,248,62,13,2025-06-01
ST24,SKU02728,273,72,29,2025-08-29
ST19,SKU00169,0,54,26,2025-10-04
ST03,SKU03837,201,36,10,2025-07-11
ST29,SKU00628,0,87,22,2025-09-17
ST15,SKU04894,90,23,11,2025-05-06
ST27,SKU04194,380,77,33,2025-08-20
ST01,SKU04996,407,80,22,2025-08-03
ST23,SKU04489,0,68,30,2025-09-02
ST09,SKU04591,402,77,19,2025-07-01
ST09,SKU02376,261,85,23,2025-08-07
ST07,SKU03727,0,38,17,2025-08-09
ST26,SKU00330,271,68,18,2025-06-06
ST19,SKU01337,228,45,9,2025-08-22
ST20,SKU04191,0,93,19,2025-09-18
ST30,SKU04879,263,84,24,2025-06-20
ST13,SKU01034,104,21,8,2025-07-04
ST30,SKU00449,383,88,43,2025-08-05
ST09,SKU03773,252,63,28,2025-07-10
ST11,SKU00170,94,30,13,2025-07-26
ST16,SKU02500,362,81,30,2025-07-21
ST16,SKU00285,0,56,14,2025-08-15
ST02,SKU00350,320,87,32,2025-08-06
ST19,SKU04491,167,42,11,2025-08-04
ST29,SKU00978,230,57,23,2025-08-15
ST29,SKU02964,347,66,25,2025-07-05
ST10,SKU02722,140,42,14,2025-08-31
ST29,SKU00749,350,89,35,2025-05-17
ST08,SKU04073,132,38,16,2025-05-09
ST18,SKU04532,134,29,6,2025-07-01
ST18,SKU00331,254,50,24,2025-07-03
ST25,SKU03259,0,54,14,2025-08-23
ST30,SKU03603,294,93,26,2025-05-28
ST04,SKU00167,510,86,37,2025-07-15
ST28,SKU00524,245,64,21,2025-06-29
ST02,SKU03504,497,85,34,2025-08-06
ST07,SKU03848,251,78,31,2025-05-25
ST21,SKU01568,77,21,8,2025-06-04
ST12,SKU04717,296,54,21,2025-08-03
ST12,SKU00516,431,81,16,2025-07-01
ST15,SKU03968,405,76,37,2025-05-09
ST30,SKU04771,283,85,21,2025-07-11
ST11,SKU00291,0,98,34,2025-08-31
ST28,SKU03907,0,89,36,2025-10-11
ST16,SKU04607,305,66,16,2025-06-11
ST11,SKU00062,0,75,26,2025-08-22
ST11,SKU02277,350,97,20,2025-06-30
ST21,SKU00521,195,42,9,2025-05-15
ST02,SKU04443,440,86,28,2025-06-01
ST05,SKU02728,180,52,24,2025-07-10
ST08,SKU04194,175,39,17,2025-07-26
ST15,SKU00935,180,48,12,2025-08-02
ST25,SKU03609,115,38,16,2025-07-26
ST18,SKU04653,123,34,7,2025-08-04
ST04,SKU04489,0,91,21,2025-08-29
ST28,SKU00645,181,43,18,2025-07-05
ST07,SKU01754,219,40,19,2025-07-17
ST22,SKU03311,143,24,8,2025-05-29
ST01,SKU02205,135,38,10,2025-06-12
ST13,SKU03491,286,56,14,2025-08-24
ST30,SKU00691,230,51,15,2025-08-06
ST25,SKU02333,0,25,7,2025-08-25
ST19,SKU02747,0,74,37,2025-08-07
ST19,SKU00532,319,64,23,2025-06-16
ST10,SKU00978,242,43,13,2025-08-29
ST10,SKU02964,135,44,19,2025-07-28
ST29,SKU00991,375,78,34,2025-06-16
ST10,SKU00749,109,23,6,2025-06-21
ST27,SKU00127,153,34,11,2025-08-11
ST09,SKU00524,146,36,11,2025-06-11
ST26,SKU04894,299,93,22,2025-07-12
ST17,SKU03088,0,31,7,2025-08-23
ST29,SKU04145,167,40,20,2025-06-17
ST11,SKU02519,324,76,19,2025-06-06
ST23,SKU03805,209,39,15,2025-05-13
ST11,SKU04505,180,45,18,2025-05-23
ST07,SKU03043,134,43,15,2025-08-16
ST19,SKU04854,352,87,25,2025-07-12
ST22,SKU00170,271,88,41,2025-07-13
ST29,SKU01112,159,43,13,2025-08-21
ST08,SKU02221,95,28,7,2025-06-26
ST25,SKU01407,367,72,31,2025-05-14
ST09,SKU00645,288,54,21,2025-07-05
ST10,SKU02267,271,50,13,2025-05-20
ST10,SKU00052,258,83,35,2025-08-19
ST19,SKU01592,206,66,17,2025-07-26
ST10,SKU02038,126,22,7,2025-08-03
ST08,SKU01174,319,71,35,2025-07-06
ST13,SKU03504,365,62,14,2025-07-01
ST11,SKU02640,0,29,13,2025-09-14
ST26,SKU03968,81,21,6,2025-05-13
ST19,SKU00774,0,28,14,2025-08-22
ST12,SKU01818,313,62,25,2025-08-06
ST27,SKU00369,0,100,28,2025-10-01
ST08,SKU00127,297,82,33,2025-06-20
ST25,SKU03743,0,85,37,2025-09-19
ST21,SKU00066,324,75,24,2025-08-26
ST26,SKU03150,311,95,21,2025-07-10
ST26,SKU00935,117,23,9,2025-06-30
ST29,SKU02401,0,20,6,2025-10-12
ST29,SKU00186,196,35,16,2025-08-21
ST01,SKU04554,387,84,40,2025-06-22
ST27,SKU03523,146,29,8,2025-08-25
ST18,SKU01754,107,24,7,2025-06-07
ST11,SKU04747,202,53,15,2025-08-24
ST16,SKU00890,201,50,18,2025-08-23
ST11,SKU02532,0,63,25,2025-10-11
ST26,SKU04318,0,58,18,2025-09-11
ST21,SKU03220,159,44,10,2025-06-22
ST07,SKU01070,388,68,24,2025-08-27
ST05,SKU02983,0,73,22,2025-09-19
ST03,SKU04334,181,37,15,2025-05-27
ST20,SKU03749,124,22,9,2025-06-16
ST20,SKU03520,71,20,8,2025-05-06
ST25,SKU03864,90,29,14,2025-05-30
ST30,SKU01993,0,56,11,2025-09-07
ST25,SKU01649,93,27,7,2025-06-26
ST28,SKU03115,126,25,5,2025-07-18
ST29,SKU04508,0,68,34,2025-10-02
ST03,SKU03058,514,86,19,2025-05-31
ST06,SKU04753,96,23,6,2025-08-21
ST16,SKU02997,94,22,5,2025-06-09
ST09,SKU04041,0,40,12,2025-08-24
ST28,SKU02068,0,82,35,2025-08-21
ST26,SKU02224,592,99,22,2025-05-11
ST07,SKU03177,283,56,27,2025-05-20
ST12,SKU04046,0,44,15,2025-09-30
ST22,SKU02519,134,23,8,2025-06-02
ST20,SKU03870,0,40,11,2025-08-15
ST08,SKU02584,232,47,11,2025-08-24
ST18,SKU03043,362,64,20,2025-07-02
ST13,SKU00484,0,22,4,2025-10-06
ST25,SKU01770,105,20,5,2025-06-24
ST23,SKU00906,144,26,12,2025-08-18
ST21,SKU04280,0,31,12,2025-09-26
ST21,SKU00079,0,60,28,2025-09-29
ST28,SKU01021,0,85,29,2025-09-24
ST05,SKU02057,231,49,12,2025-08-19
ST03,SKU03179,142,38,18,2025-05-17
ST25,SKU02938,462,94,46,2025-06-14
ST11,SKU00788,124,32,12,2025-06-30
ST14,SKU02520,296,64,25,2025-07-16
ST22,SKU02640,0,26,13,2025-10-04
ST22,SKU04626,0,71,32,2025-08-12
ST29,SKU03582,217,56,18,2025-07-26
ST01,SKU03749,365,77,29,2025-06-06
ST21,SKU04401,281,92,19,2025-08-19
ST09,SKU03115,456,94,26,2025-05-23
ST26,SKU03284,149,41,10,2025-08-05
ST12,SKU03349,84,20,6,2025-06-08
ST19,SKU04062,326,63,24,2025-06-27
ST15,SKU00385,169,36,11,2025-08-04
ST20,SKU00500,0,81,28,2025-09-02
ST06,SKU02780,452,86,37,2025-08-10
ST21,SKU03583,146,28,11,2025-05-11
ST14,SKU04627,0,20,6,2025-10-06
ST26,SKU00251,371,71,24,2025-07-30
ST02,SKU00860,94,25,5,2025-07-04
ST12,SKU02302,92,25,11,2025-05-11
ST29,SKU01717,375,88,37,2025-06-14
ST22,SKU04747,177,40,14,2025-08-31
ST22,SKU00546,451,82,27,2025-05-13
ST01,SKU03870,0,82,36,2025-09-30
ST03,SKU02253,225,60,29,2025-06-27
ST18,SKU01070,191,34,8,2025-05-12
ST04,SKU02892,0,22,8,2025-10-02
ST14,SKU03580,445,100,33,2025-08-29
ST24,SKU02541,255,63,13,2025-06-05
ST15,SKU00506,0,55,17,2025-09-26
ST27,SKU01792,307,75,34,2025-05-13
ST01,SKU00608,247,46,23,2025-06-18
ST25,SKU00965,111,22,5,2025-08-06
ST06,SKU04887,322,54,13,2025-07-07
ST30,SKU03295,186,53,20,2025-07-18
ST14,SKU02533,94,26,7,2025-05-16
ST07,SKU03311,194,51,24,2025-05-08
ST17,SKU04753,120,29,7,2025-08-22
ST12,SKU04409,310,78,37,2025-08-11
ST17,SKU02538,0,50,11,2025-08-09
ST24,SKU03709,167,36,9,2025-08-07
ST10,SKU03582,377,81,33,2025-05-25
ST25,SKU04348,0,44,18,2025-09-20
ST08,SKU02718,65,20,10,2025-08-09
ST18,SKU01191,225,44,20,2025-08-31
ST06,SKU01854,105,32,15,2025-05-16
ST06,SKU03840,0,76,19,2025-08-18
ST30,SKU00262,104,29,11,2025-08-22
ST09,SKU01371,0,34,8,2025-08-05
ST21,SKU04643,210,57,16,2025-06-18
ST24,SKU02662,253,70,32,2025-07-22
ST15,SKU02842,202,53,12,2025-08-03
ST30,SKU03416,281,90,25,2025-07-03
ST10,SKU03932,319,70,35,2025-07-23
ST19,SKU03257,564,98,48,2025-05-21
ST03,SKU04710,0,46,18,2025-08-17
ST13,SKU02954,0,62,15,2025-10-03
ST11,SKU04305,0,34,7,2025-08-20
ST23,SKU03376,516,100,31,2025-07-01
ST14,SKU03822,393,72,35,2025-05-21
ST16,SKU02205,333,69,14,2025-06-24
ST28,SKU03491,396,75,29,2025-07-29
ST07,SKU02614,0,95,35,2025-10-11
ST19,SKU04654,340,67,19,2025-05-24
ST05,SKU04756,0,83,30,2025-09-05
ST05,SKU02541,328,70,27,2025-05-24
ST29,SKU02898,0,54,25,2025-08-10
ST08,SKU01792,204,51,14,2025-05-17
ST27,SKU01805,427,79,33,2025-06-12
ST16,SKU03602,160,31,12,2025-09-01
ST23,SKU04315,0,36,9,2025-08-15
ST05,SKU03709,421,95,37,2025-05-24
ST17,SKU02780,124,29,7,2025-08-30
ST24,SKU01507,0,27,10,2025-09-05
ST03,SKU04831,334,92,29,2025-07-27
ST27,SKU00987,494,84,27,2025-08-21
ST25,SKU02375,355,92,29,2025-06-26
ST03,SKU00401,242,57,12,2025-07-15
ST27,SKU00758,375,78,36,2025-05-09
ST13,SKU00860,226,62,27,2025-06-06
ST04,SKU03484,438,91,37,2025-08-12
ST11,SKU02211,171,40,13,2025-08-26
ST18,SKU01433,428,89,36,2025-05-07
ST05,SKU02662,280,87,34,2025-08-13
ST23,SKU04665,496,93,34,2025-07-15
ST28,SKU02794,318,86,27,2025-08-25
ST11,SKU03150,147,32,8,2025-07-11
ST12,SKU00342,261,75,31,2025-05-28
ST03,SKU02737,0,81,32,2025-08-21
ST25,SKU02267,171,44,22,2025-05-18
ST06,SKU00002,0,60,25,2025-10-03
ST25,SKU00052,180,45,20,2025-07-19
ST04,SKU03376,154,34,15,2025-08-18
ST26,SKU01674,322,76,23,2025-07-04
ST19,SKU02681,376,81,38,2025-08-10
ST19,SKU00466,96,21,4,2025-06-14
ST17,SKU01854,198,48,10,2025-08-21
ST17,SKU03840,0,100,40,2025-10-02
ST10,SKU02898,0,24,9,2025-08-18
ST03,SKU03905,71,23,11,2025-07-04
ST19,SKU00237,229,55,11,2025-07-17
ST20,SKU03320,239,58,13,2025-07-10
ST28,SKU02915,271,47,21,2025-06-19
ST28,SKU04901,385,87,43,2025-08-25
ST26,SKU02842,272,47,19,2025-05-28
ST15,SKU04144,345,67,19,2025-08-14
ST08,SKU00987,154,27,9,2025-07-07
ST08,SKU00758,197,56,24,2025-07-10
ST11,SKU02224,171,29,6,2025-06-17
ST14,SKU01970,285,49,22,2025-07-21
ST29,SKU01046,204,46,12,2025-07-31
ST20,SKU03441,177,37,15,2025-05-10
ST01,SKU03199,0,70,35,2025-10-01
ST06,SKU03277,283,82,23,2025-07-31
ST04,SKU04665,361,71,17,2025-06-26
ST28,SKU00821,234,76,18,2025-05-15
ST28,SKU00592,323,78,20,2025-07-14
ST08,SKU03323,0,87,21,2025-08-26
ST17,SKU00699,134,31,14,2025-07-15
ST30,SKU00638,460,82,26,2025-06-15
ST07,SKU00654,98,31,8,2025-07-24
ST29,SKU01167,154,30,8,2025-08-30
ST22,SKU02211,235,73,31,2025-05-30
ST03,SKU04147,101,21,5,2025-06-12
ST20,SKU03562,113,37,10,2025-05-22
ST01,SKU03320,133,35,15,2025-07-23
ST28,SKU00942,0,98,34,2025-08-11
ST23,SKU02584,124,21,10,2025-05-08
ST09,SKU04901,285,64,22,2025-06-23
ST23,SKU00369,0,91,32,2025-10-03
ST02,SKU03693,0,95,24,2025-08-08
ST07,SKU01822,274,48,24,2025-08-13
ST22,SKU01164,0,29,10,2025-10-05
ST08,SKU01229,574,96,25,2025-08-28
ST15,SKU04157,0,41,16,2025-09-04
ST03,SKU02871,109,30,12,2025-05-26
ST06,SKU02351,169,39,12,2025-07-27
ST23,SKU01766,251,73,18,2025-07-12
ST11,SKU00251,268,45,12,2025-07-13
ST17,SKU02217,95,26,7,2025-05-14
ST10,SKU01046,325,82,17,2025-07-07
ST20,SKU03454,371,76,32,2025-08-24
ST09,SKU03036,274,52,11,2025-05-29
ST11,SKU03634,83,21,8,2025-06-27
ST24,SKU02112,277,71,16,2025-05-26
ST29,SKU04442,128,26,6,2025-07-31
ST27,SKU03578,0,30,6,2025-09-03
ST20,SKU00421,237,41,8,2025-07-17
ST27,SKU03349,125,27,13,2025-08-16
ST06,SKU02472,348,65,15,2025-06-23
ST18,SKU01580,425,96,37,2025-07-16
ST28,SKU04217,215,61,18,2025-05-22
ST04,SKU01645,282,49,21,2025-07-18
ST14,SKU04319,402,71,16,2025-07-13
ST26,SKU04144,178,49,10,2025-08-29
ST05,SKU00823,0,85,39,2025-09-10
ST10,SKU01167,119,22,9,2025-05-10
ST01,SKU03562,99,26,10,2025-08-16
ST27,SKU02531,0,51,25,2025-09-29
ST08,SKU04504,275,63,28,2025-06-25
ST21,SKU04443,208,59,16,2025-06-01
ST07,SKU02064,137,41,19,2025-07-18
ST17,SKU03277,358,82,33,2025-05-09
ST08,SKU03457,301,60,28,2025-05-26
ST04,SKU01766,535,99,45,2025-06-30
ST16,SKU00837,110,26,7,2025-06-16
ST19,SKU03057,0,77,34,2025-09-25
ST03,SKU04281,226,54,19,2025-06-19
ST01,SKU03454,184,40,10,2025-05-18
ST13,SKU00539,0,48,21,2025-10-04
ST11,SKU03876,0,75,26,2025-08-24
ST18,SKU00654,412,94,33,2025-05-10
ST06,SKU01317,0,84,34,2025-08-07
ST09,SKU01063,117,27,5,2025-05-25
ST23,SKU00732,290,53,26,2025-08-09
ST12,SKU01068,87,28,8,2025-06-25
ST05,SKU02112,168,45,18,2025-08-22
ST10,SKU04442,304,56,13,2025-07-27
ST08,SKU03578,0,53,24,2025-09-23
ST27,SKU01605,407,97,23,2025-07-21
ST01,SKU00421,348,98,22,2025-05-14
ST15,SKU00090,467,83,35,2025-07-14
ST18,SKU01822,112,22,5,2025-06-30
ST16,SKU03173,179,46,14,2025-05-13
ST10,SKU03624,141,26,6,2025-06-19
ST12,SKU04222,242,77,20,2025-06-18
ST17,SKU02351,243,41,12,2025-08-06
ST25,SKU03932,87,26,7,2025-06-17
ST30,SKU00075,267,55,27,2025-08-29
ST19,SKU04346,0,99,35,2025-10-07
ST07,SKU04292,204,39,12,2025-05-11
ST12,SKU01189,0,34,15,2025-08-09
ST22,SKU03863,407,75,19,2025-08-15
ST22,SKU03634,197,33,13,2025-05-10
ST15,SKU04641,155,47,20,2025-05-19
ST20,SKU04756,0,20,8,2025-09-12
ST23,SKU04236,333,74,32,2025-06-24
ST28,SKU04580,179,43,19,2025-08-31
ST21,SKU01423,250,78,31,2025-07-29
ST24,SKU01428,116,25,6,2025-08-13
ST24,SKU03414,283,62,26,2025-08-08
ST17,SKU02472,502,95,46,2025-06-12
ST25,SKU04053,288,80,35,2025-08-04
ST20,SKU03709,145,48,17,2025-08-31
ST16,SKU02247,0,72,21,2025-09-17
ST21,SKU00376,0,62,13,2025-08-10
ST28,SKU01318,110,20,7,2025-06-04
ST25,SKU03235,167,40,17,2025-05-31
ST27,SKU03833,200,34,12,2025-06-14
ST08,SKU01605,163,32,9,2025-05-26
ST18,SKU02064,185,40,18,2025-06-24
ST04,SKU02129,133,25,11,2025-07-26
ST23,SKU02142,343,65,28,2025-07-12
ST11,SKU02842,271,57,28,2025-08-20
ST12,SKU00263,0,88,39,2025-08-19
ST24,SKU03535,0,47,20,2025-09-03
ST19,SKU00976,0,27,6,2025-09-15
ST27,SKU00571,228,64,31,2025-08-08
ST30,SKU00317,391,93,33,2025-07-20
ST05,SKU04690,370,93,43,2025-07-17
ST08,SKU03941,299,90,41,2025-06-12
ST15,SKU04654,362,98,25,2025-05-07
ST11,SKU03192,307,83,20,2025-06-26
ST04,SKU04236,318,94,38,2025-06-07
ST09,SKU04580,151,43,13,2025-07-07
ST09,SKU00150,200,44,20,2025-07-27
ST05,SKU01428,333,77,24,2025-07-10
ST05,SKU03414,102,24,8,2025-07-29
ST12,SKU00155,170,45,19,2025-08-17
ST27,SKU02907,339,62,26,2025-07-24
ST13,SKU01023,139,43,13,2025-08-24
ST08,SKU00679,355,71,27,2025-06-02
ST16,SKU04475,215,51,20,2025-06-29
ST04,SKU00974,0,29,8,2025-09-15
ST14,SKU01662,0,76,17,2025-09-07
ST21,SKU00389,260,77,26,2025-06-01
ST09,SKU01318,102,32,9,2025-07-07
ST14,SKU01433,130,24,6,2025-08-06
ST10,SKU04926,0,73,19,2025-08-25
ST08,SKU04062,174,38,11,2025-05-28
ST08,SKU03833,225,53,16,2025-07-22
ST15,SKU00574,462,96,30,2025-05-14
ST30,SKU03592,211,47,21,2025-06-27
ST18,SKU04292,246,81,32,2025-08-30
ST06,SKU04955,430,100,40,2025-07-10
ST28,SKU02728,402,83,35,2025-07-31
ST16,SKU03428,342,91,35,2025-07-21
ST23,SKU00169,0,92,25,2025-08-07
ST23,SKU02155,0,89,33,2025-09-06
ST04,SKU02142,162,46,20,2025-08-18
ST26,SKU04641,139,33,15,2025-07-17
ST05,SKU03535,0,69,29,2025-09-20
ST29,SKU03892,83,24,9,2025-08-27
ST08,SKU00571,345,74,22,2025-05-27
ST30,SKU00330,259,53,25,2025-05-16
ST16,SKU04596,0,72,35,2025-09-29
ST23,SKU01337,225,46,23,2025-05-28
ST23,SKU03323,0,36,7,2025-08-29
ST16,SKU02381,0,37,15,2025-09-04
ST26,SKU03823,111,24,7,2025-06-07
ST02,SKU02217,317,74,25,2025-08-17
ST19,SKU02386,190,49,10,2025-07-18
ST03,SKU03839,550,93,37,2025-07-05
ST20,SKU03254,377,94,45,2025-08-28
ST27,SKU01981,135,43,9,2025-08-25
ST06,SKU03090,221,71,23,2025-05-29
ST30,SKU03484,93,22,5,2025-06-08
ST26,SKU02776,0,50,23,2025-09-01
ST19,SKU01339,243,47,20,2025-08-28
ST15,SKU01863,151,50,15,2025-05-24
ST08,SKU02907,115,32,12,2025-07-16
ST13,SKU03251,204,68,22,2025-07-17
ST30,SKU04652,93,22,11,2025-07-21
ST11,SKU02387,428,97,24,2025-06-17
ST23,SKU01229,311,91,31,2025-07-13
ST02,SKU02567,187,43,16,2025-07-06
ST19,SKU00521,114,23,5,2025-06-08
ST15,SKU03031,287,54,24,2025-08-05
ST09,SKU02728,240,47,10,2025-05-15
ST26,SKU00682,563,100,22,2025-05-27
ST24,SKU04019,587,98,35,2025-09-01
ST22,SKU03192,374,64,18,2025-07-15
ST10,SKU03892,380,77,17,2025-08-12
ST08,SKU01042,246,60,15,2025-07-07
ST06,SKU02164,196,36,16,2025-07-13
ST04,SKU01337,375,73,33,2025-07-06
ST04,SKU03323,0,61,24,2025-09-18
ST05,SKU04945,444,81,31,2025-08-25
ST17,SKU04016,0,36,7,2025-08-19
ST15,SKU03152,189,50,17,2025-08-07
ST01,SKU03254,129,24,12,2025-08-21
ST15,SKU02923,0,88,40,2025-08-22
ST08,SKU01981,254,53,23,2025-08-03
ST23,SKU00532,218,39,13,2025-07-10
ST14,SKU00978,553,97,36,2025-07-23
ST16,SKU03562,115,26,10,2025-08-05
ST14,SKU00749,230,58,27,2025-08-04
ST02,SKU03627,352,63,26,2025-06-14
ST26,SKU00574,182,60,23,2025-05-29
ST24,SKU01696,299,68,33,2025-05-18
ST18,SKU03837,313,71,22,2025-06-29
ST02,SKU04795,207,45,14,2025-08-03
ST02,SKU02580,437,83,38,2025-07-27
ST12,SKU01578,0,43,19,2025-09-02
ST24,SKU00649,243,62,17,2025-08-09
ST01,SKU03375,296,57,22,2025-06-23
ST23,SKU04854,163,39,18,2025-08-28
ST04,SKU04612,293,59,23,2025-07-03
ST23,SKU02639,327,96,33,2025-07-16
ST05,SKU04019,387,83,26,2025-08-11
ST12,SKU00531,0,30,12,2025-10-05
ST10,SKU01919,388,71,32,2025-08-14
ST15,SKU04212,162,41,14,2025-08-13
ST20,SKU00355,333,87,26,2025-08-28
ST27,SKU01068,375,76,19,2025-08-05
ST06,SKU04392,380,75,19,2025-07-22
ST11,SKU00535,400,91,28,2025-07-28
ST23,SKU03807,202,38,16,2025-08-06
ST21,SKU00994,0,82,35,2025-09-18
ST14,SKU02038,494,87,26,2025-07-04
ST22,SKU02387,484,100,27,2025-05-06
ST13,SKU02567,217,38,16,2025-08-10
ST25,SKU03624,391,66,32,2025-05-25
ST30,SKU03968,266,66,23,2025-06-12
ST04,SKU02747,0,51,15,2025-08-23
ST04,SKU00532,186,39,13,2025-05-17
ST16,SKU01818,280,59,27,2025-06-10
ST14,SKU00991,187,61,13,2025-08-03
ST26,SKU03031,194,41,10,2025-07-07
ST05,SKU04140,0,51,13,2025-08-10
ST24,SKU04153,373,72,35,2025-06-19
ST17,SKU00996,0,61,22,2025-08-15
ST01,SKU02449,0,95,25,2025-08-24
ST03,SKU00832,0,60,22,2025-08-25
ST30,SKU03150,294,76,27,2025-08-16
ST30,SKU00935,215,54,18,2025-05-18
ST14,SKU04145,198,51,18,2025-05-20
ST02,SKU02822,389,83,40,2025-08-22
ST12,SKU04035,0,32,7,2025-09-07
ST17,SKU02164,449,83,27,2025-08-07
ST22,SKU02279,493,83,26,2025-09-02
ST03,SKU04215,245,54,18,2025-07-19
ST30,SKU01874,208,65,24,2025-05-21
ST04,SKU04854,276,88,31,2025-05-22
ST07,SKU04334,475,94,39,2025-06-12
ST26,SKU03152,262,49,21,2025-07-16
ST07,SKU04105,0,99,43,2025-08-13
ST05,SKU04261,300,66,23,2025-08-02
ST05,SKU04032,0,31,7,2025-08-31
ST01,SKU02570,107,29,14,2025-05-19
ST01,SKU00355,132,31,15,2025-06-07
ST25,SKU04913,0,88,28,2025-09-14
ST27,SKU01310,285,74,29,2025-05-14
ST15,SKU00024,105,33,14,2025-07-02
ST13,SKU03627,133,40,10,2025-06-15
ST04,SKU03807,218,70,24,2025-05-12
ST04,SKU01592,210,51,24,2025-08-31
ST07,SKU03058,417,96,23,2025-06-19
ST27,SKU04693,212,50,18,2025-06-05
ST25,SKU01880,236,47,13,2025-05-19
ST13,SKU02580,162,28,11,2025-08-22
ST11,SKU03931,176,37,11,2025-08-12
ST04,SKU00774,0,58,15,2025-08-15
ST05,SKU04153,314,63,20,2025-06-09
ST08,SKU03633,0,72,27,2025-10-01
ST20,SKU04919,270,88,23,2025-05-27
ST01,SKU02462,0,43,11,2025-08-17
ST20,SKU04690,364,92,25,2025-08-12
ST06,SKU04526,352,66,26,2025-06-08
ST23,SKU03941,205,38,11,2025-06-18
ST16,SKU02999,321,88,34,2025-08-23
ST28,SKU02070,368,98,31,2025-07-19
ST09,SKU02057,298,70,24,2025-08-12
ST26,SKU04212,209,67,28,2025-06-11
ST14,SKU00186,242,56,19,2025-07-06
ST22,SKU00535,222,72,16,2025-07-14
ST03,SKU04228,495,94,43,2025-06-29
ST08,SKU00371,231,40,10,2025-07-27
ST18,SKU00830,0,77,28,2025-08-18
ST11,SKU03823,247,48,21,2025-06-09
ST28,SKU01023,455,98,28,2025-08-22
ST17,SKU03574,159,28,14,2025-06-15
ST08,SKU01310,125,24,7,2025-05-22
ST11,SKU03005,455,80,32,2025-08-20
ST23,SKU04062,205,39,18,2025-05-16
ST26,SKU04562,0,48,11,2025-09-11
ST10,SKU01356,179,39,15,2025-07-18
ST13,SKU02822,327,69,25,2025-05-26
ST07,SKU04468,315,56,26,2025-05-09
ST26,SKU03286,405,82,19,2025-08-08
ST07,SKU02253,474,81,28,2025-07-25
ST29,SKU00551,253,68,15,2025-08-16
ST01,SKU04919,248,49,22,2025-06-26
ST01,SKU04690,134,33,16,2025-06-03
ST25,SKU01075,493,93,19,2025-08-10
ST18,SKU04105,0,30,8,2025-09-09
ST23,SKU04412,359,100,40,2025-05-28
ST06,SKU04768,259,55,19,2025-08-07
ST11,SKU00682,143,31,10,2025-06-16
ST17,SKU02648,0,55,16,2025-08-31
ST19,SKU01031,166,29,8,2025-08-14
ST05,SKU01133,159,46,15,2025-06-19
ST03,SKU02484,0,99,21,2025-09-05
ST06,SKU03950,96,24,6,2025-05-08
ST18,SKU03058,274,82,20,2025-06-16
ST21,SKU04753,199,34,15,2025-06-22
ST24,SKU02543,0,92,41,2025-10-12
ST24,SKU00328,0,63,17,2025-08-19
ST03,SKU04591,137,28,8,2025-05-21
ST08,SKU00734,517,96,20,2025-07-11
ST25,SKU04350,0,48,13,2025-09-22
ST18,SKU03179,132,38,14,2025-08-31
ST30,SKU00264,0,72,26,2025-09-02
ST11,SKU01971,91,23,11,2025-07-07
ST14,SKU01717,446,95,42,2025-06-26
ST23,SKU01042,112,33,11,2025-06-24
ST07,SKU04710,0,29,11,2025-08-20
ST23,SKU03257,284,68,15,2025-08-04
ST26,SKU01542,415,96,47,2025-06-09
ST22,SKU04052,167,34,16,2025-08-02
ST03,SKU03773,287,60,19,2025-07-06
ST10,SKU00551,175,31,13,2025-08-31
ST01,SKU02946,302,69,31,2025-05-26
ST04,SKU04412,292,88,39,2025-06-27
ST09,SKU02541,297,62,15,2025-08-26
ST02,SKU01104,287,67,25,2025-07-29
ST12,SKU04532,287,58,26,2025-06-22
ST12,SKU00331,514,96,32,2025-09-02
ST22,SKU03005,194,46,17,2025-05-30
ST24,SKU03603,348,81,33,2025-05-31
ST08,SKU00855,342,84,24,2025-09-02
ST15,SKU01568,180,45,21,2025-06-12
ST30,SKU00385,215,44,15,2025-08-18
ST09,SKU03709,395,66,27,2025-06-22
ST21,SKU02780,261,72,28,2025-09-01
ST28,SKU01507,0,46,22,2025-10-04
ST07,SKU04831,111,27,7,2025-07-21
ST07,SKU00401,90,21,7,2025-07-07
ST05,SKU02543,0,47,18,2025-08-17
ST24,SKU04771,200,55,20,2025-07-14
ST18,SKU04468,184,39,11,2025-08-18
ST18,SKU02253,401,98,44,2025-06-17
ST09,SKU02662,254,48,12,2025-06-08
ST16,SKU03375,413,84,33,2025-06-29
ST19,SKU03609,305,82,17,2025-07-16
ST12,SKU04653,107,20,9,2025-08-11
ST21,SKU04887,93,20,7,2025-07-24
ST04,SKU03257,173,48,11,2025-08-10
ST07,SKU02737,0,45,18,2025-08-08
ST05,SKU04879,350,75,27,2025-07-31
ST05,SKU00449,132,38,8,2025-07-09
ST20,SKU00986,360,74,33,2025-06-09
ST30,SKU01674,158,34,16,2025-07-03
ST04,SKU04654,123,39,12,2025-08-18
ST21,SKU01854,332,76,36,2025-08-12
ST23,SKU00237,251,52,19,2025-06-12
ST07,SKU03905,540,95,36,2025-09-01
ST05,SKU03603,353,79,28,2025-08-23
ST22,SKU01032,206,37,14,2025-08-28
ST01,SKU02141,0,97,29,2025-09-18
ST09,SKU01507,0,97,26,2025-09-12
ST16,SKU02449,0,46,20,2025-09-26
ST02,SKU04729,516,91,40,2025-06-01
ST02,SKU02514,126,27,9,2025-06-08
ST05,SKU05000,407,93,27,2025-06-21
ST19,SKU02683,0,70,29,2025-10-12
ST05,SKU04771,322,67,18,2025-07-21
ST22,SKU01971,308,53,16,2025-05-27
ST18,SKU04710,0,94,39,2025-08-11
ST11,SKU01287,253,66,24,2025-08-29
ST19,SKU03622,0,55,27,2025-09-15
ST24,SKU03966,207,43,17,2025-05-14
ST24,SKU01751,0,36,17,2025-10-10
ST22,SKU01153,0,68,24,2025-09-18
ST22,SKU03139,140,34,13,2025-05-31
ST19,SKU01407,143,32,11,2025-06-28
ST03,SKU00645,340,77,25,2025-05-16
ST20,SKU04261,118,24,10,2025-06-23
ST13,SKU01104,222,56,20,2025-06-07
ST11,SKU00240,394,89,38,2025-07-02
ST16,SKU02570,271,72,34,2025-08-26
ST16,SKU00584,131,22,8,2025-07-28
ST12,SKU03848,68,22,8,2025-06-18
ST19,SKU00589,296,51,22,2025-05-26
ST07,SKU00535,269,67,25,2025-07-16
ST13,SKU02501,238,53,21,2025-08-27
ST18,SKU04831,341,60,22,2025-07-09
ST01,SKU00986,254,58,18,2025-06-13
ST04,SKU02681,250,72,26,2025-05-28
ST18,SKU00401,357,96,44,2025-05-15
ST28,SKU00823,0,78,22,2025-09-28
ST02,SKU03803,266,51,22,2025-08-23
ST02,SKU03574,510,100,33,2025-05-26
ST22,SKU01274,0,71,33,2025-09-18
ST22,SKU01045,0,89,23,2025-09-21
ST15,SKU00066,228,58,26,2025-08-07
ST25,SKU04726,250,50,16,2025-05-31
ST11,SKU04791,229,72,27,2025-06-19
ST11,SKU02576,228,52,12,2025-08-10
ST07,SKU02871,455,98,25,2025-09-02
ST12,SKU01754,103,26,12,2025-06-11
ST15,SKU03220,309,93,31,2025-07-01
ST21,SKU01988,0,71,23,2025-08-08
ST14,SKU01046,325,94,27,2025-07-07
ST17,SKU03266,533,89,30,2025-06-25
ST05,SKU03966,329,84,33,2025-05-12
ST18,SKU03905,208,46,15,2025-05-25
ST28,SKU02112,280,71,18,2025-08-21
ST02,SKU02648,0,93,41,2025-10-08
ST10,SKU01048,0,70,22,2025-09-24
ST27,SKU04627,0,34,16,2025-09-23
ST03,SKU04041,0,67,23,2025-10-01
ST13,SKU04729,378,79,37,2025-05-12
ST25,SKU03800,0,36,8,2025-08-11
ST30,SKU04144,261,63,23,2025-05-16
ST13,SKU02514,290,84,19,2025-07-20
ST03,SKU02055,270,60,17,2025-05-18
ST06,SKU03292,0,76,29,2025-09-05
ST14,SKU01167,85,28,11,2025-08-10
ST02,SKU01830,344,74,22,2025-07-12
ST24,SKU04329,0,45,20,2025-09-23
ST19,SKU01770,299,76,36,2025-06-25
ST24,SKU02114,196,45,15,2025-07-11
ST22,SKU01287,364,77,24,2025-07-02
ST15,SKU04280,0,80,27,2025-08-31
ST21,SKU03277,147,33,14,2025-06-20
ST17,SKU02340,0,90,33,2025-09-30
ST19,SKU02938,536,92,29,2025-07-17
ST03,SKU02176,0,40,16,2025-09-05
ST22,SKU00240,137,36,15,2025-07-29
ST08,SKU00305,456,84,20,2025-07-21
ST27,SKU02533,268,71,30,2025-08-13
ST13,SKU00649,285,56,17,2025-08-18
ST14,SKU03274,0,60,20,2025-10-11
ST07,SKU04281,234,56,23,2025-07-04
ST19,SKU04106,189,37,10,2025-05-12
ST13,SKU03803,325,65,27,2025-06-06
ST03,SKU03115,522,93,34,2025-05-28
ST18,SKU04147,196,50,12,2025-08-16
ST09,SKU02112,290,51,23,2025-08-17
ST14,SKU04442,133,33,13,2025-08-04
ST11,SKU02710,495,86,19,2025-07-14
ST22,SKU02576,139,32,14,2025-05-10
ST22,SKU04562,0,52,13,2025-09-04
ST29,SKU01303,284,68,23,2025-06-22
ST08,SKU04627,0,95,35,2025-08-28
ST25,SKU01827,401,67,19,2025-06-10
ST18,SKU02871,108,22,9,2025-07-09
ST04,SKU00721,212,40,9,2025-07-20
ST21,SKU02351,315,92,20,2025-05-13
ST23,SKU00734,177,33,14,2025-09-02
ST24,SKU04571,0,95,33,2025-09-20
ST05,SKU04329,0,28,14,2025-09-09
ST17,SKU01414,0,88,25,2025-08-10
ST22,SKU03744,131,25,12,2025-09-02
ST12,SKU01070,318,66,15,2025-05-16
ST29,SKU02471,305,58,16,2025-07-01
ST05,SKU02114,342,99,35,2025-06-30
ST08,SKU03580,233,56,22,2025-06-09
ST06,SKU00501,167,46,11,2025-06-02
ST26,SKU04388,224,50,17,2025-08-11
ST19,SKU00965,433,75,21,2025-07-18
ST08,SKU02533,109,35,9,2025-07-07
ST04,SKU03057,0,66,21,2025-09-23
ST28,SKU03414,163,45,10,2025-06-13
ST16,SKU02128,134,33,13,2025-07-12
ST23,SKU00855,162,36,9,2025-05-08
ST21,SKU02472,288,67,18,2025-07-10
ST12,SKU01191,258,75,36,2025-08-16
ST12,SKU03177,255,52,23,2025-08-22
ST24,SKU00262,235,77,18,2025-06-06
ST15,SKU02657,0,31,12,2025-08-14
ST20,SKU04987,313,75,34,2025-08-01
ST15,SKU04643,221,44,12,2025-05-29
ST13,SKU01830,375,72,34,2025-07-15
ST14,SKU00254,0,20,8,2025-08-24
ST07,SKU03476,0,80,22,2025-09-27
ST24,SKU03416,302,99,38,2025-06-28
ST23,SKU00976,0,63,27,2025-10-11
ST10,SKU02700,125,21,7,2025-05-17
ST10,SKU02471,389,80,26,2025-06-30
ST29,SKU00498,328,57,22,2025-08-09
ST13,SKU04166,0,49,19,2025-08-24
ST08,SKU03822,90,22,6,2025-08-10
ST18,SKU04281,409,88,23,2025-06-25
ST04,SKU04346,0,55,26,2025-08-27
ST11,SKU03073,122,37,15,2025-08-22
ST11,SKU00858,445,75,18,2025-09-01
ST21,SKU01317,0,96,31,2025-09-29
ST15,SKU03864,271,67,15,2025-08-20
ST02,SKU01038,119,26,12,2025-08-15
ST22,SKU02710,254,62,18,2025-08-02
ST06,SKU01911,377,73,22,2025-08-01
ST09,SKU01428,119,30,7,2025-06-28
ST26,SKU03583,290,84,41,2025-08-10
ST12,SKU01433,281,59,17,2025-06-04
ST22,SKU04107,306,56,12,2025-08-11
ST27,SKU01970,121,34,7,2025-06-02
ST01,SKU04987,206,52,19,2025-07-11
ST20,SKU03014,221,62,13,2025-09-01
ST28,SKU04824,0,90,42,2025-09-18
ST21,SKU01438,0,45,14,2025-08-24
ST05,SKU03416,262,67,18,2025-08-16
ST25,SKU04526,199,58,29,2025-07-04
ST30,SKU04641,374,82,25,2025-06-23
ST11,SKU04362,0,34,12,2025-09-22
ST06,SKU01803,290,95,26,2025-06-23
ST22,SKU04228,238,42,16,2025-07-28
ST19,SKU02267,234,60,16,2025-07-28
ST22,SKU01784,0,68,24,2025-10-05
ST10,SKU00498,260,47,18,2025-07-01
ST28,SKU04945,198,38,9,2025-05-07
ST28,SKU02501,551,98,23,2025-07-04
ST26,SKU02657,0,61,27,2025-08-21
ST26,SKU04643,174,35,11,2025-05-06
ST02,SKU03266,418,93,36,2025-05-28
ST12,SKU00507,302,81,26,2025-08-21
ST27,SKU03030,0,20,6,2025-09-04
ST20,SKU02088,0,99,48,2025-09-15
ST11,SKU02268,0,77,35,2025-10-12
ST08,SKU01970,282,87,39,2025-06-16
ST01,SKU03014,370,69,26,2025-05-27
ST11,SKU03436,289,87,29,2025-09-01
ST12,SKU02614,0,97,32,2025-09-11
ST22,SKU03073,211,61,25,2025-07-17
ST20,SKU02209,314,99,29,2025-07-12
ST30,SKU00682,72,21,7,2025-07-28
ST13,SKU01038,369,86,20,2025-06-04
ST14,SKU03892,240,43,15,2025-08-05
ST14,SKU01677,0,89,37,2025-09-22
ST02,SKU00354,352,66,18,2025-06-22
ST25,SKU03492,240,67,29,2025-08-17
ST09,SKU04945,371,92,41,2025-09-02
ST02,SKU03737,277,53,19,2025-08-06
ST03,SKU04901,385,84,34,2025-06-10
ST08,SKU03030,0,77,32,2025-09-23
ST30,SKU00574,264,48,19,2025-08-13
ST21,SKU04955,115,33,14,2025-05-14
ST28,SKU01696,122,30,13,2025-07-06
ST22,SKU04362,0,76,35,2025-09-28
ST17,SKU01803,136,34,9,2025-07-04
ST29,SKU03089,271,67,20,2025-06-19
ST29,SKU00874,159,38,12,2025-06-29
ST04,SKU00521,139,34,9,2025-08-09
ST06,SKU03105,126,30,11,2025-08-23
ST16,SKU01578,0,46,11,2025-09-28
ST23,SKU02520,277,76,25,2025-07-30
ST02,SKU01643,207,35,13,2025-07-02
ST28,SKU00649,179,48,11,2025-06-01
ST24,SKU04142,183,32,8,2025-05-13
ST05,SKU01685,0,69,27,2025-09-09
ST03,SKU00821,195,51,25,2025-07-28
ST01,SKU02209,496,84,39,2025-08-23
ST18,SKU03839,316,94,26,2025-06-10
ST09,SKU04019,97,21,9,2025-08-15
ST11,SKU00416,0,35,8,2025-08-25
ST21,SKU03090,303,57,17,2025-07-13
ST16,SKU00531,0,28,8,2025-08-30
ST14,SKU01919,499,100,29,2025-08-07
ST02,SKU04797,555,98,30,2025-06-11
ST22,SKU02268,0,30,13,2025-10-01
ST12,SKU01580,260,56,21,2025-08-16
ST08,SKU02333,0,47,17,2025-08-07
ST03,SKU03975,194,44,14,2025-05-31
ST05,SKU00638,182,48,11,2025-08-16
ST22,SKU03436,320,70,20,2025-07-23
ST15,SKU04443,358,61,13,2025-07-28
ST03,SKU00942,0,92,30,2025-08-04
ST25,SKU04902,247,59,13,2025-07-13
ST30,SKU03031,448,85,29,2025-06-22
ST06,SKU02408,178,30,11,2025-05-07
ST09,SKU04140,0,37,16,2025-10-02
ST28,SKU04153,276,50,14,2025-08-19
ST09,SKU01696,301,68,23,2025-07-14
ST12,SKU04145,198,59,22,2025-06-26
ST07,SKU00832,0,54,15,2025-08-18
ST10,SKU03089,347,63,23,2025-07-22
ST27,SKU04453,0,71,26,2025-09-06
ST13,SKU00354,136,29,10,2025-07-15
ST06,SKU03347,126,29,14,2025-06-23
ST21,SKU02164,405,87,43,2025-07-03
ST07,SKU04215,433,87,22,2025-07-05
ST09,SKU00649,271,70,23,2025-05-17
ST12,SKU00654,468,85,40,2025-08-14
ST03,SKU01063,247,52,25,2025-07-19
ST13,SKU03737,370,69,19,2025-06-03
ST20,SKU04679,389,71,26,2025-05-18
ST30,SKU03152,114,27,8,2025-05-10
ST27,SKU01191,274,63,20,2025-08-05
ST30,SKU02923,0,93,19,2025-08-16
ST07,SKU00953,0,67,28,2025-09-12
ST17,SKU04381,0,76,19,2025-09-18
ST29,SKU01466,0,61,25,2025-09-17
ST12,SKU01822,197,44,10,2025-07-10
ST10,SKU03210,198,48,15,2025-08-20
ST24,SKU00893,0,71,33,2025-10-01
ST13,SKU04905,358,80,36,2025-06-13
ST03,SKU04217,232,57,14,2025-06-10
ST04,SKU04856,228,60,26,2025-06-14
ST10,SKU04607,402,72,32,2025-08-04
ST19,SKU03932,298,88,21,2025-06-22
ST24,SKU00075,374,66,15,2025-07-10
ST29,SKU00190,0,58,19,2025-08-07
ST25,SKU02700,121,37,13,2025-05-06
ST06,SKU02421,287,77,17,2025-06-10
ST09,SKU04153,263,57,24,2025-08-16
ST16,SKU00894,370,94,24,2025-07-23
ST11,SKU00550,311,63,16,2025-05-22
ST21,SKU01009,0,32,16,2025-08-24
ST15,SKU01423,321,58,13,2025-06-06
ST13,SKU04797,239,41,20,2025-06-22
ST20,SKU01538,295,63,28,2025-06-07
ST21,SKU04392,328,89,29,2025-07-19
ST28,SKU01133,92,23,10,2025-08-26
ST07,SKU04228,392,80,28,2025-06-12
ST19,SKU04053,493,92,26,2025-08-27
ST15,SKU00376,0,95,36,2025-08-10
ST08,SKU01420,0,51,25,2025-10-06
ST27,SKU01662,0,97,33,2025-09-17
ST01,SKU04679,409,73,31,2025-05-15
ST27,SKU01433,361,77,19,2025-08-02
ST19,SKU03235,222,67,19,2025-07-25
ST10,SKU01466,0,46,17,2025-09-03
ST05,SKU03108,381,93,19,2025-06-21
ST12,SKU02064,114,21,9,2025-06-25
ST11,SKU04054,351,88,19,2025-07-10
ST14,SKU01356,371,70,34,2025-08-16
ST05,SKU04505,376,82,33,2025-05-29
ST29,SKU04633,0,69,19,2025-09-11
ST17,SKU03347,304,65,32,2025-05-19
ST10,SKU00190,0,64,31,2025-10-04
ST25,SKU03171,0,61,23,2025-08-24
ST18,SKU04215,142,29,14,2025-06-19
ST30,SKU03286,272,48,12,2025-07-06
ST24,SKU01485,0,45,19,2025-09-21
ST03,SKU04580,143,47,22,2025-06-11
ST13,SKU03053,0,34,9,2025-09-01
ST03,SKU00150,157,33,13,2025-08-02
ST01,SKU01538,402,82,30,2025-05-15
ST27,SKU00507,211,48,21,2025-08-13
ST27,SKU02722,67,20,4,2025-07-10
ST30,SKU00024,400,83,35,2025-06-11
ST23,SKU01031,268,49,22,2025-06-30
ST09,SKU01133,321,65,21,2025-05-24
ST02,SKU04126,0,93,22,2025-08-29
ST02,SKU01911,316,58,16,2025-06-06
ST12,SKU01138,0,97,39,2025-08-06
ST10,SKU02526,0,87,20,2025-09-03
ST22,SKU03812,0,67,24,2025-08-14
ST29,SKU00553,411,73,23,2025-07-14
ST29,SKU02768,325,67,26,2025-05-27
ST03,SKU01318,169,54,21,2025-08-07
ST15,SKU00389,502,96,26,2025-08-23
ST27,SKU01675,189,33,16,2025-06-05
ST28,SKU02543,0,99,32,2025-08-07
ST24,SKU03592,351,97,42,2025-08-02
ST12,SKU04292,192,41,20,2025-07-21
ST17,SKU02421,140,38,18,2025-06-06
ST22,SKU00550,172,45,17,2025-07-06
ST27,SKU00628,0,80,32,2025-09-06
ST21,SKU04526,321,84,27,2025-07-06
ST26,SKU01423,95,21,7,2025-07-20
ST07,SKU04591,327,99,43,2025-07-21
ST07,SKU02376,335,83,38,2025-07-07
ST05,SKU00317,155,27,13,2025-08-11
ST24,SKU00330,290,77,29,2025-06-11
ST20,SKU02840,0,38,16,2025-09-02
ST18,SKU04228,310,71,28,2025-06-26
ST11,SKU01034,120,22,9,2025-05-15
ST28,SKU00449,120,38,17,2025-07-15
ST14,SKU00551,217,44,13,2025-06-25
ST26,SKU00376,0,92,27,2025-08-15
ST05,SKU01485,0,100,20,2025-09-28
ST29,SKU03828,178,48,16,2025-06-25
ST27,SKU02964,231,48,18,2025-05-27
ST25,SKU04352,246,41,17,2025-05-12
ST27,SKU00749,310,88,23,2025-05-17
ST06,SKU04073,172,31,8,2025-08-29
ST08,SKU02722,570,99,41,2025-08-24
ST16,SKU00331,335,64,14,2025-05-20
ST23,SKU03259,0,53,26,2025-10-04
ST02,SKU00167,286,83,38,2025-07-01
ST22,SKU04054,298,60,16,2025-06-08
ST24,SKU04652,123,35,12,2025-06-28
ST10,SKU00553,477,86,21,2025-08-06
ST17,SKU01495,214,59,12,2025-06-05
ST10,SKU02768,264,83,26,2025-08-26
ST03,SKU03546,0,92,20,2025-09-23
ST15,SKU00631,93,27,13,2025-07-23
ST29,SKU04996,301,78,38,2025-05-06
ST04,SKU04414,446,82,33,2025-05-15
ST28,SKU04771,173,40,15,2025-05-13
ST05,SKU03592,123,26,9,2025-06-05
ST03,SKU02728,255,52,21,2025-08-04
ST06,SKU04194,148,46,11,2025-08-07
ST23,SKU03609,133,28,14,2025-05-16
ST16,SKU04653,164,28,8,2025-08-21
ST04,SKU01152,0,25,8,2025-08-27
ST21,SKU04768,444,93,20,2025-08-24
ST02,SKU04489,0,77,27,2025-09-02
ST05,SKU00330,91,21,9,2025-08-12
ST20,SKU03311,129,28,11,2025-07-09
ST27,SKU02038,292,74,16,2025-07-14
ST21,SKU03950,320,73,30,2025-07-10
ST28,SKU00691,156,48,12,2025-06-28
ST09,SKU00449,509,91,40,2025-06-24
ST26,SKU02833,0,47,23,2025-08-25
ST28,SKU00462,128,27,8,2025-05-28
ST26,SKU00389,192,55,23,2025-06-10
ST19,SKU01396,120,37,17,2025-06-10
ST10,SKU03828,102,33,11,2025-07-12
ST08,SKU00978,134,23,10,2025-09-02
ST20,SKU04250,357,88,30,2025-06-23
ST27,SKU00991,244,70,34,2025-06-28
ST06,SKU04315,0,48,12,2025-09-02
ST08,SKU00749,171,41,8,2025-05-18
ST09,SKU03603,171,30,13,2025-06-06
ST07,SKU00524,343,67,20,2025-05-21
ST10,SKU04996,407,79,39,2025-05-20
ST15,SKU03088,0,81,36,2025-10-10
ST13,SKU04476,0,72,31,2025-08-14
ST18,SKU04591,285,49,16,2025-08-09
ST23,SKU02683,0,63,24,2025-08-11
ST16,SKU03727,0,32,10,2025-09-14
ST07,SKU03907,0,26,12,2025-08-27
ST29,SKU02205,155,26,6,2025-06-26
ST29,SKU04191,0,22,8,2025-08-18
ST18,SKU03773,234,67,16,2025-05-27
ST20,SKU00170,167,32,12,2025-07-25
ST25,SKU02500,84,25,5,2025-07-10
ST06,SKU02221,490,84,20,2025-08-31
ST11,SKU04551,0,75,31,2025-08-23
ST04,SKU03609,254,65,20,2025-07-06
ST28,SKU03966,98,24,8,2025-08-07
ST28,SKU01751,0,92,32,2025-08-06
ST23,SKU01407,205,42,20,2025-08-24
ST07,SKU00645,272,53,17,2025-08-03
ST17,SKU04073,298,84,20,2025-06-25
ST29,SKU00929,0,20,8,2025-10-10
ST01,SKU03311,367,84,26,2025-07-31
ST30,SKU04012,0,36,10,2025-10-08
ST08,SKU02038,219,43,15,2025-07-09
ST13,SKU00167,489,94,30,2025-06-28
ST06,SKU01174,279,59,24,2025-07-17
ST11,SKU03504,233,66,20,2025-06-13
ST23,SKU00589,305,69,33,2025-08-27
ST09,SKU00691,438,77,17,2025-05-28
ST28,SKU04905,277,66,21,2025-08-09
ST30,SKU01568,511,91,28,2025-05-20
ST26,SKU00631,380,91,25,2025-08-06
ST19,SKU03624,400,80,19,2025-08-25
ST24,SKU03968,322,63,22,2025-08-07
ST01,SKU04250,265,53,20,2025-08-29
ST08,SKU00991,244,69,27,2025-06-04
ST23,SKU03743,0,76,20,2025-08-12
ST30,SKU00521,303,74,20,2025-05-27
ST24,SKU03150,303,81,31,2025-06-18
ST17,SKU04194,235,51,21,2025-07-06
ST05,SKU04894,350,100,31,2025-06-24
ST24,SKU00935,310,88,38,2025-08-19
ST16,SKU03740,349,92,34,2025-05-11
ST02,SKU03805,143,33,13,2025-05-27
ST10,SKU02205,548,93,31,2025-07-17
ST01,SKU00170,297,77,28,2025-08-27
ST04,SKU03851,0,83,24,2025-10-10
ST04,SKU03622,0,32,14,2025-08-22
ST23,SKU01649,366,84,36,2025-06-22
ST04,SKU01407,196,38,17,2025-06-10
ST19,SKU04913,0,76,33,2025-09-14
ST10,SKU00929,0,84,22,2025-10-01
ST27,SKU04508,0,21,6,2025-10-08
ST18,SKU00524,348,71,16,2025-07-17
ST04,SKU00589,499,87,34,2025-07-01
ST19,SKU01880,323,70,28,2025-05-12
ST29,SKU04554,371,99,35,2025-08-08
ST05,SKU03968,270,49,16,2025-05-20
ST20,SKU02519,314,75,36,2025-08-05
ST25,SKU04849,537,96,46,2025-07-13
ST01,SKU02277,205,46,16,2025-08-20
ST20,SKU04505,274,46,14,2025-06-29
ST28,SKU04329,0,73,23,2025-09-29
ST16,SKU03043,109,32,16,2025-06-12
ST23,SKU01770,484,97,21,2025-05-12
ST28,SKU02114,151,47,17,2025-07-21
ST05,SKU03150,95,23,10,2025-08-01
ST05,SKU00935,182,31,7,2025-06-17
ST22,SKU04551,0,85,20,2025-08-13
ST17,SKU02221,537,99,41,2025-06-27
ST22,SKU00350,284,49,22,2025-07-19
ST08,SKU02401,0,94,40,2025-10-09
ST18,SKU00874,300,65,29,2025-07-31
ST08,SKU00186,426,82,24,2025-07-16
ST06,SKU03523,287,61,13,2025-06-20
ST18,SKU00645,248,79,27,2025-08-26
ST23,SKU02938,342,88,23,2025-05-21
ST28,SKU03053,0,26,11,2025-10-11
ST17,SKU01174,106,34,8,2025-07-10
ST22,SKU03504,238,51,22,2025-05-13
ST20,SKU02640,0,23,10,2025-10-05
ST27,SKU03582,217,43,20,2025-05-13
ST23,SKU04106,483,86,43,2025-05-12
ST04,SKU03864,151,26,5,2025-05-21
ST04,SKU01649,256,80,25,2025-08-02
ST28,SKU00020,0,88,33,2025-08-15
ST07,SKU03115,540,93,32,2025-08-26
ST19,SKU00954,440,95,24,2025-05-29
ST24,SKU03284,224,67,31,2025-08-15
ST17,SKU00127,401,75,33,2025-07-05
ST01,SKU01580,322,62,30,2025-07-14
ST08,SKU04508,0,34,13,2025-10-06
ST30,SKU00066,509,92,20,2025-08-09
ST10,SKU04554,467,90,30,2025-08-20
ST24,SKU00251,318,70,14,2025-07-29
ST25,SKU03105,418,79,34,2025-09-01
ST01,SKU02519,367,72,26,2025-06-27
ST25,SKU00890,98,26,10,2025-08-31
ST30,SKU03220,178,38,14,2025-05-10
ST20,SKU04747,231,76,36,2025-08-05
ST13,SKU03805,199,36,17,2025-08-28
ST20,SKU00546,145,26,9,2025-08-03
ST16,SKU01070,321,58,17,2025-07-21
ST09,SKU02114,146,48,13,2025-05-19
ST12,SKU04334,223,59,20,2025-07-21
ST29,SKU03749,100,23,7,2025-08-17
ST22,SKU00592,292,71,27,2025-07-17
ST22,SKU00363,0,81,22,2025-08-06
ST15,SKU01370,0,39,9,2025-09-11
ST30,SKU04388,245,66,29,2025-07-20
ST04,SKU02938,146,31,14,2025-07-29
ST28,SKU03295,309,56,26,2025-07-15
ST12,SKU03058,521,98,34,2025-06-24
ST01,SKU00654,449,84,19,2025-09-01
ST08,SKU03582,148,28,13,2025-06-01
ST25,SKU02997,441,84,25,2025-07-05
ST18,SKU02055,272,73,26,2025-08-02
ST06,SKU02718,387,68,19,2025-06-21
ST04,SKU04106,350,99,38,2025-08-01
ST16,SKU01191,83,20,10,2025-06-20
ST11,SKU02833,0,33,12,2025-08-16
ST16,SKU03177,471,100,45,2025-08-25
ST17,SKU02584,210,58,19,2025-07-21
ST05,SKU03284,382,93,42,2025-05-17
ST17,SKU00369,0,23,6,2025-09-06
ST17,SKU02355,0,58,16,2025-09-03
ST28,SKU03416,364,95,31,2025-07-24
ST14,SKU01303,278,90,35,2025-08-25
ST19,SKU04350,0,95,32,2025-09-15
ST12,SKU03179,179,48,14,2025-08-09
ST24,SKU00264,0,66,23,2025-10-08
ST29,SKU00608,144,35,12,2025-08-14
ST20,SKU00788,76,24,8,2025-06-07
ST18,SKU02176,0,48,21,2025-08-25
ST01,SKU04747,259,79,37,2025-06-16
ST01,SKU00546,367,84,18,2025-08-24
ST14,SKU02700,165,34,16,2025-07-04
ST14,SKU02471,78,23,9,2025-05-23
ST10,SKU03749,520,94,27,2025-07-26
ST03,SKU02541,415,93,44,2025-06-19
ST27,SKU02898,0,29,8,2025-08-30
ST30,SKU04401,415,92,32,2025-07-15
ST06,SKU01792,529,89,42,2025-07-28
ST18,SKU03115,132,28,6,2025-06-12
ST04,SKU00965,348,69,28,2025-06-16
ST23,SKU00978,211,51,15,2025-08-12
ST24,SKU00385,277,50,16,2025-07-28
ST03,SKU03709,281,84,29,2025-08-10
ST29,SKU00500,0,51,19,2025-08-13
ST15,SKU02780,431,98,26,2025-07-09
ST27,SKU03837,158,28,11,2025-05-07
ST04,SKU04348,0,86,25,2025-08-24
ST23,SKU02375,183,61,17,2025-07-28
ST11,SKU00860,165,32,12,2025-07-09
ST09,SKU00262,112,20,6,2025-08-23
ST12,SKU02482,0,44,13,2025-08-05
ST10,SKU03870,0,83,29,2025-09-04
ST12,SKU04468,161,49,24,2025-05-19
ST12,SKU02253,215,56,24,2025-05-24
ST03,SKU02662,204,41,10,2025-06-28
ST13,SKU00906,119,38,13,2025-06-12
ST09,SKU03416,266,59,24,2025-06-01
ST21,SKU00501,283,82,31,2025-06-03
ST26,SKU01370,0,66,22,2025-08-08
ST24,SKU00506,0,28,14,2025-08-13
ST05,SKU00264,0,71,34,2025-09-16
ST15,SKU04887,297,69,20,2025-07-02
ST20,SKU01030,0,30,11,2025-08-15
ST01,SKU00788,254,71,24,2025-08-27
ST23,SKU02267,155,29,11,2025-06-29
ST16,SKU03311,233,77,16,2025-07-08
ST26,SKU04753,310,80,21,2025-06-14
ST23,SKU00052,146,30,10,2025-08-17
ST14,SKU00498,557,98,40,2025-07-16
ST02,SKU03376,159,39,9,2025-05-11
ST07,SKU03491,244,58,20,2025-05-09
ST17,SKU00732,176,51,21,2025-06-16
ST24,SKU01674,423,85,28,2025-05-24
ST17,SKU02718,147,40,19,2025-05-27
ST15,SKU01854,128,28,13,2025-06-30
ST15,SKU03840,0,81,36,2025-10-05
ST30,SKU04643,136,37,10,2025-07-22
ST06,SKU01805,359,66,31,2025-05-24
ST24,SKU02842,567,95,27,2025-06-30
ST05,SKU00385,134,29,6,2025-08-16
ST03,SKU01507,0,89,37,2025-10-05
ST06,SKU00987,168,39,17,2025-07-07
ST04,SKU02375,213,56,13,2025-06-20
ST22,SKU02954,0,59,28,2025-08-05
ST01,SKU04292,379,99,34,2025-06-15
ST27,SKU01046,282,56,19,2025-05-17
ST25,SKU02205,256,85,20,2025-08-08
ST02,SKU04665,98,20,5,2025-07-17
ST07,SKU02794,239,58,27,2025-05-28
ST05,SKU00506,0,57,14,2025-08-06
ST17,SKU01792,174,37,13,2025-05-23
ST01,SKU01030,0,91,45,2025-09-12
ST18,SKU04646,0,52,23,2025-10-09
ST18,SKU00445,0,71,28,2025-08-04
ST25,SKU03602,233,65,26,2025-05-21
ST15,SKU00699,287,57,18,2025-05-15
ST21,SKU01911,166,34,15,2025-05-09
ST04,SKU02267,293,63,23,2025-07-18
ST28,SKU00638,201,37,8,2025-06-27
ST14,SKU04941,428,85,20,2025-08-06
ST26,SKU02780,299,53,23,2025-07-08
ST12,SKU04831,203,38,13,2025-08-26
ST05,SKU01674,201,41,20,2025-07-03
ST12,SKU00401,215,48,22,2025-08-01
ST22,SKU00860,209,49,19,2025-06-23
ST27,SKU01167,197,64,32,2025-07-02
ST20,SKU02211,316,93,19,2025-07-26
ST13,SKU03484,144,39,13,2025-07-25
ST07,SKU02915,273,73,17,2025-06-22
ST07,SKU04901,357,100,27,2025-05-22
ST19,SKU04726,346,72,25,2025-07-20
ST05,SKU02842,164,46,20,2025-06-05
ST29,SKU03199,0,85,32,2025-08-14
ST20,SKU03150,223,57,16,2025-07-27
ST21,SKU01803,299,64,32,2025-08-03
ST12,SKU02737,0,74,26,2025-08-25
ST15,SKU01988,0,60,18,2025-09-17
ST20,SKU04318,0,98,38,2025-09-30
ST08,SKU01046,193,38,8,2025-06-06
ST13,SKU03376,352,65,23,2025-08-12
ST09,SKU01685,0,100,28,2025-09-27
ST07,SKU03036,196,34,15,2025-06-25
ST26,SKU01854,288,78,31,2025-06-05
ST07,SKU00821,165,30,14,2025-06-07
ST19,SKU04847,0,75,18,2025-09-09
ST07,SKU00592,336,81,19,2025-08-25
ST29,SKU03320,241,47,13,2025-05-22
ST13,SKU02558,128,36,17,2025-07-28
ST18,SKU04888,119,36,17,2025-08-18
ST16,SKU01580,299,89,38,2025-05-17
ST09,SKU00638,343,76,25,2025-05-19
ST07,SKU03975,589,100,35,2025-05-28
ST24,SKU04144,261,54,15,2025-08-19
ST17,SKU00987,142,47,18,2025-07-27
ST25,SKU04783,0,69,34,2025-08-04
ST01,SKU02211,321,95,24,2025-08-01
ST06,SKU04504,118,29,8,2025-07-02
ST07,SKU00942,0,58,19,2025-09-14
ST29,SKU03441,274,88,39,2025-08-18
ST19,SKU00538,0,33,13,2025-10-05
ST20,SKU03621,276,82,34,2025-07-21
ST13,SKU04665,330,61,24,2025-05-20
ST01,SKU01164,0,83,19,2025-08-26
ST14,SKU03089,281,70,28,2025-06-01
ST14,SKU00874,304,81,39,2025-07-14
ST17,SKU03323,0,63,14,2025-08-12
ST08,SKU03274,0,38,13,2025-08-22
ST11,SKU00539,0,81,36,2025-09-16
ST16,SKU00654,67,21,6,2025-05-11
ST12,SKU04147,307,75,17,2025-07-09
ST29,SKU03562,404,68,24,2025-06-14
ST10,SKU03320,443,84,19,2025-06-05
ST03,SKU02112,292,63,24,2025-08-29
ST08,SKU04442,102,22,10,2025-07-20
ST18,SKU02915,272,60,20,2025-07-11
ST27,SKU00254,0,76,26,2025-09-26
ST18,SKU04901,164,53,19,2025-08-29
ST06,SKU03349,290,89,33,2025-07-20
ST28,SKU03108,237,69,29,2025-08-25
ST14,SKU03210,125,31,12,2025-07-28
ST16,SKU01822,308,63,27,2025-05-29
ST21,SKU04152,254,71,26,2025-06-25
ST05,SKU04144,376,81,22,2025-06-13
ST19,SKU01827,179,43,12,2025-07-15
ST24,SKU04157,0,90,39,2025-08-12
ST12,SKU02871,422,85,38,2025-07-17
ST15,SKU02351,118,34,9,2025-07-22
ST06,SKU02531,0,99,23,2025-09-03
ST20,SKU00251,390,66,22,2025-07-31
ST23,SKU03932,501,97,44,2025-05-26
ST28,SKU00075,230,62,27,2025-07-29
ST23,SKU01717,152,40,9,2025-08-18
ST26,SKU02217,279,68,17,2025-08-30
ST21,SKU03105,289,58,14,2025-05-18
ST16,SKU00775,136,34,14,2025-06-13
ST10,SKU03441,453,100,35,2025-06-22
ST29,SKU03454,186,35,17,2025-06-06
ST01,SKU03621,166,46,15,2025-08-21
ST27,SKU02590,246,45,20,2025-05-31
ST18,SKU03036,156,33,15,2025-06-27
ST20,SKU03634,253,58,28,2025-08-14
ST18,SKU00821,78,23,8,2025-08-30
ST26,SKU01170,0,45,10,2025-08-08
ST29,SKU00421,250,61,29,2025-06-05
ST18,SKU03975,185,51,16,2025-07-08
ST23,SKU04053,266,48,23,2025-08-15
ST02,SKU00732,137,27,10,2025-06-21
ST10,SKU03562,120,40,13,2025-08-01
ST27,SKU04926,0,63,14,2025-08-11
ST30,SKU04443,531,93,40,2025-07-14
ST27,SKU02482,0,35,14,2025-09-24
ST06,SKU01605,264,79,39,2025-05-07
ST21,SKU02408,385,86,29,2025-08-26
ST16,SKU02064,283,56,25,2025-06-18
ST09,SKU00893,0,62,27,2025-09-22
ST17,SKU03457,400,67,25,2025-05-16
ST13,SKU01766,243,45,19,2025-06-04
ST25,SKU00837,399,87,28,2025-05-13
ST04,SKU03932,182,45,21,2025-08-22
ST09,SKU00075,223,61,30,2025-07-09
ST21,SKU03347,164,37,8,2025-08-23
ST14,SKU00190,0,42,14,2025-08-26
ST01,SKU03863,203,53,13,2025-08-11
ST20,SKU03876,0,92,25,2025-09-15
ST08,SKU02590,471,89,35,2025-07-13
ST15,SKU01317,0,26,8,2025-09-02
ST01,SKU03634,298,57,14,2025-08-10
ST02,SKU04236,289,86,36,2025-06-22
ST07,SKU04580,270,71,34,2025-06-29
ST07,SKU00150,360,75,15,2025-07-02
ST17,SKU03578,0,89,27,2025-08-10
ST10,SKU00421,145,37,9,2025-08-25
ST22,SKU03693,0,73,22,2025-10-12
ST03,SKU01428,393,76,31,2025-08-22
ST03,SKU03414,146,25,6,2025-08-14
ST24,SKU00090,272,82,17,2025-06-15
ST18,SKU04217,185,53,24,2025-07-09
ST25,SKU00958,207,52,23,2025-06-23
ST06,SKU00679,175,34,10,2025-06-05
ST16,SKU03353,0,79,37,2025-09-24
ST04,SKU04053,193,48,10,2025-05-10
ST14,SKU02526,0,72,24,2025-08-06
ST07,SKU01318,285,70,23,2025-06-22
ST15,SKU01438,0,92,28,2025-10-09
ST13,SKU02826,0,33,9,2025-10-02
ST04,SKU03235,104,31,9,2025-08-12
ST06,SKU03833,184,53,15,2025-05-09
ST28,SKU03592,211,43,18,2025-07-22
ST16,SKU04292,388,73,34,2025-05-16
ST02,SKU02142,140,30,15,2025-08-20
ST19,SKU04526,244,57,20,2025-08-03
ST24,SKU04641,267,56,18,2025-07-05
ST29,SKU04756,0,73,35,2025-09-28
ST27,SKU03892,194,37,16,2025-08-18
ST27,SKU01677,0,100,33,2025-09-11
ST30,SKU01423,182,41,13,2025-06-06
ST09,SKU00317,244,43,10,2025-05-11
ST28,SKU00330,224,49,13,2025-07-01
ST07,SKU03425,0,89,44,2025-09-17
ST19,SKU01264,229,58,25,2025-06-13
ST18,SKU03291,199,51,17,2025-07-14
ST30,SKU00376,0,67,27,2025-08-20
ST13,SKU00732,459,96,22,2025-06-25
ST09,SKU01485,0,38,18,2025-10-11
ST28,SKU03484,358,89,33,2025-08-12
ST12,SKU03476,0,68,29,2025-10-03
ST17,SKU01605,386,78,31,2025-08-13
ST01,SKU03058,185,45,17,2025-05-08
ST13,SKU02129,248,67,24,2025-07-14
ST11,SKU03251,315,80,20,2025-08-15
ST28,SKU04652,158,50,18,2025-08-11
ST14,SKU02768,267,56,28,2025-05-18
ST14,SKU00553,230,50,11,2025-06-20
ST21,SKU01495,235,72,22,2025-06-08
ST03,SKU04824,0,82,37,2025-09-10
ST25,SKU02368,0,68,27,2025-08-30
ST09,SKU03592,153,48,12,2025-06-06
ST07,SKU02728,354,99,24,2025-06-16
ST02,SKU02155,0,95,33,2025-09-17
ST05,SKU04641,254,53,15,2025-08-26
ST22,SKU02070,84,20,5,2025-06-29
ST24,SKU00682,171,34,15,2025-07-27
ST20,SKU03192,367,86,36,2025-06-26
ST08,SKU01906,251,79,26,2025-08-22
ST27,SKU01919,254,81,20,2025-07-16
ST13,SKU04236,570,96,19,2025-06-12
ST18,SKU04580,207,61,15,2025-07-11
ST28,SKU02558,196,42,12,2025-05-18
ST02,SKU01337,436,91,25,2025-06-09
ST02,SKU03323,0,74,21,2025-09-15
ST05,SKU03823,134,23,6,2025-05-24
ST19,SKU03492,160,29,6,2025-07-29
ST25,SKU04475,295,58,13,2025-08-16
ST13,SKU00974,0,21,10,2025-10-10
ST18,SKU01318,102,20,5,2025-06-05
ST30,SKU00389,170,31,7,2025-06-04
ST06,SKU01981,233,39,9,2025-07-20
ST23,SKU01396,114,21,6,2025-07-25
ST05,SKU02776,0,82,40,2025-08-15
ST17,SKU04062,126,32,12,2025-06-28
ST17,SKU03833,223,51,25,2025-08-30
ST24,SKU00574,369,71,18,2025-06-29
ST15,SKU04955,175,50,21,2025-06-23
ST25,SKU03428,162,28,6,2025-05-31
ST13,SKU02142,324,54,20,2025-08-13
ST11,SKU03493,394,69,30,2025-07-19
ST28,SKU04894,430,75,18,2025-06-18
ST09,SKU04652,304,89,29,2025-07-10
ST02,SKU01229,378,70,18,2025-08-31
ST11,SKU02217,156,26,8,2025-08-12
ST02,SKU04612,411,88,21,2025-06-04
ST12,SKU03839,107,29,13,2025-08-02
ST05,SKU00682,327,71,15,2025-05-11
ST29,SKU03254,313,71,18,2025-07-01
ST03,SKU04019,454,95,19,2025-05-16
ST15,SKU03090,287,81,36,2025-08-14
ST01,SKU03192,387,87,22,2025-08-23
ST08,SKU01919,254,77,33,2025-05-09
ST27,SKU04147,179,34,12,2025-07-11
ST11,SKU01170,0,94,21,2025-09-28
ST09,SKU02558,210,36,15,2025-06-07
ST17,SKU02907,365,70,34,2025-08-07
ST22,SKU03251,89,23,10,2025-05-14
ST20,SKU02387,328,62,13,2025-07-06
ST25,SKU00516,423,83,23,2025-07-21
ST18,SKU03546,0,92,43,2025-08-06
ST11,SKU02567,151,50,14,2025-06-24
ST23,SKU03624,306,88,31,2025-05-14
ST28,SKU03968,384,84,42,2025-07-22
ST04,SKU01396,383,86,27,2025-05-07
ST02,SKU00532,451,77,37,2025-08-02
ST19,SKU04902,256,67,19,2025-08-13
ST24,SKU03031,363,88,20,2025-06-24
ST29,SKU03375,114,35,7,2025-06-18
ST03,SKU04140,0,59,21,2025-10-07
ST18,SKU02728,485,90,20,2025-07-26
ST03,SKU01696,301,86,36,2025-05-23
ST09,SKU04894,78,25,11,2025-08-09
ST14,SKU01037,0,95,38,2025-09-30
ST28,SKU00935,83,23,7,2025-07-31
ST05,SKU01971,432,83,26,2025-08-03
ST17,SKU01042,162,43,20,2025-05-08
ST15,SKU02164,174,33,11,2025-05-15
ST20,SKU02279,320,92,24,2025-07-07
ST13,SKU01337,139,38,10,2025-06-29
ST14,SKU02205,352,92,24,2025-06-23
ST14,SKU04191,0,62,18,2025-09-18
ST28,SKU01874,151,39,13,2025-05-12
ST02,SKU04854,252,59,25,2025-08-16
ST26,SKU04016,0,34,12,2025-08-16
ST07,SKU02983,0,75,18,2025-08-25
ST24,SKU03152,188,40,11,2025-06-22
ST10,SKU03254,193,43,20,2025-07-12
ST17,SKU01981,276,53,20,2025-07-25
ST03,SKU04032,0,78,28,2025-08-12
ST13,SKU04491,427,84,38,2025-06-05
ST11,SKU03627,401,82,35,2025-06-08
ST06,SKU01068,108,21,9,2025-08-24
ST14,SKU00929,0,80,22,2025-08-11
ST02,SKU03807,309,62,17,2025-05-12
ST29,SKU02449,0,69,16,2025-08-05
ST22,SKU03493,314,54,17,2025-06-27
ST01,SKU02387,351,83,33,2025-06-08
ST27,SKU01356,550,92,23,2025-06-21
ST30,SKU03088,0,87,29,2025-10-07
ST23,SKU01880,423,93,19,2025-07-28
ST04,SKU03624,131,26,12,2025-05-06
ST09,SKU03968,126,24,8,2025-05-08
ST05,SKU03031,337,58,22,2025-06-01
ST10,SKU03375,282,85,38,2025-05-10
ST03,SKU04153,187,33,10,2025-08-04
ST13,SKU04612,176,33,9,2025-06-27
ST15,SKU01009,0,98,21,2025-09-19
ST06,SKU03633,0,26,11,2025-08-08
ST09,SKU03150,230,42,14,2025-06-25
ST09,SKU00935,218,38,9,2025-06-29
ST21,SKU02221,93,26,6,2025-08-06
ST16,SKU03863,299,64,15,2025-06-16
ST26,SKU01104,361,75,30,2025-07-19
ST26,SKU03090,420,90,40,2025-06-15
ST07,SKU02057,230,46,18,2025-05-23
ST24,SKU04212,387,92,19,2025-08-26
ST29,SKU00355,143,30,10,2025-09-01
ST20,SKU00535,74,20,5,2025-09-02
ST01,SKU02279,293,66,33,2025-06-24
ST16,SKU00830,0,56,13,2025-09-25
ST21,SKU01174,188,32,11,2025-06-01
ST05,SKU03152,221,43,12,2025-08-03
ST17,SKU00237,138,32,8,2025-08-06
ST22,SKU02567,319,98,43,2025-08-08
ST13,SKU02747,0,42,12,2025-09-15
ST13,SKU00532,260,57,20,2025-05-21
ST04,SKU04913,0,50,10,2025-08-04
ST06,SKU01310,349,76,21,2025-07-20
ST23,SKU00954,423,100,24,2025-08-13
ST21,SKU00127,229,71,22,2025-07-27
ST28,SKU03284,91,28,9,2025-07-24
ST26,SKU00996,0,78,19,2025-08-22
ST06,SKU04693,96,22,6,2025-07-30
ST11,SKU02822,431,98,42,2025-07-16
ST14,SKU04554,299,78,22,2025-06-03
ST06,SKU00263,0,60,14,2025-09-13
ST26,SKU02164,373,76,20,2025-06-13
ST25,SKU04154,0,83,31,2025-09-20
ST27,SKU00551,103,22,7,2025-07-30
ST25,SKU01939,144,26,6,2025-08-03
ST18,SKU02983,0,70,16,2025-09-03
ST13,SKU02639,174,58,17,2025-05-16
ST16,SKU04334,459,89,41,2025-06-22
ST11,SKU01775,0,85,26,2025-08-10
ST10,SKU02570,112,24,9,2025-08-28
ST05,SKU04212,278,47,20,2025-06-12
ST12,SKU00953,0,78,27,2025-09-18
ST22,SKU03627,155,49,24,2025-05-25
ST24,SKU00024,398,96,28,2025-08-29
ST10,SKU00355,214,49,10,2025-06-30
ST01,SKU00535,374,90,25,2025-06-04
ST13,SKU01592,145,38,15,2025-08-25
ST16,SKU03058,169,42,15,2025-05-20
ST28,SKU02129,158,28,12,2025-08-16
ST19,SKU03292,0,73,31,2025-08-08
ST07,SKU01023,94,30,13,2025-08-25
ST22,SKU02580,146,39,10,2025-08-30
ST20,SKU03931,424,98,25,2025-06-14
ST13,SKU00774,0,86,38,2025-10-03
ST04,SKU00954,216,41,15,2025-07-22
ST09,SKU03284,213,62,27,2025-06-20
ST02,SKU04062,137,28,12,2025-05-18
ST17,SKU03633,0,70,14,2025-08-24
ST29,SKU04919,213,43,12,2025-06-10
ST22,SKU01762,138,45,22,2025-07-02
ST29,SKU04690,283,67,32,2025-09-01
ST25,SKU02999,257,83,33,2025-08-01
ST18,SKU02057,296,92,31,2025-08-11
ST06,SKU04706,116,32,12,2025-08-14
ST09,SKU00251,574,100,44,2025-08-08
ST21,SKU03523,379,78,21,2025-05-19
ST28,SKU00264,0,42,20,2025-08-17
ST16,SKU03179,445,77,18,2025-07-14
ST26,SKU04392,136,41,20,2025-07-20
ST12,SKU04228,186,32,12,2025-09-01
ST17,SKU00371,146,29,9,2025-09-02
ST05,SKU03286,184,52,11,2025-09-02
ST08,SKU00551,294,96,37,2025-07-31
ST20,SKU03823,365,85,41,2025-05-16
ST04,SKU01075,164,37,16,2025-05-26
ST14,SKU03749,297,84,23,2025-08-22
ST26,SKU03574,230,48,21,2025-08-21
ST07,SKU02541,481,94,39,2025-07-11
ST19,SKU04352,443,82,16,2025-07-07
ST17,SKU01310,320,96,24,2025-06-15
ST20,SKU03005,283,48,20,2025-06-01
ST28,SKU00385,308,94,43,2025-07-25
ST22,SKU02822,298,59,20,2025-07-18
ST03,SKU02543,0,76,33,2025-08-20
ST01,SKU03931,175,57,22,2025-06-26
ST03,SKU00328,0,36,10,2025-08-08
ST25,SKU02302,158,48,13,2025-05-06
ST16,SKU04468,72,20,6,2025-08-13
ST16,SKU02253,565,97,44,2025-07-14
ST10,SKU04919,448,79,23,2025-08-13
ST29,SKU02946,366,100,45,2025-05-10
ST15,SKU04768,93,22,8,2025-08-15
ST30,SKU01370,0,87,31,2025-09-01
ST04,SKU04350,0,32,11,2025-08-24
ST20,SKU00682,250,64,15,2025-08-28
ST28,SKU00506,0,72,15,2025-08-31
ST09,SKU00264,0,65,28,2025-08-29
ST26,SKU02648,0,66,28,2025-09-16
ST02,SKU03257,383,77,38,2025-06-05
ST12,SKU02484,0,72,25,2025-09-01
ST05,SKU01542,392,74,19,2025-06-20
ST15,SKU03950,346,76,25,2025-05-10
ST01,SKU04052,296,57,12,2025-08-08
ST30,SKU04753,489,91,26,2025-05-06
ST25,SKU04409,434,73,18,2025-07-16
ST30,SKU02538,0,59,12,2025-08-25
ST28,SKU01674,256,52,20,2025-05-06
ST21,SKU02718,258,48,22,2025-09-02
ST01,SKU03005,467,87,33,2025-05-06
ST13,SKU00090,233,76,29,2025-06-15
ST03,SKU03603,167,41,17,2025-06-24
ST09,SKU00385,217,56,26,2025-06-19
ST14,SKU00500,0,100,42,2025-09-25
ST12,SKU04591,83,20,6,2025-06-26
ST17,SKU00734,421,84,37,2025-05-24
ST12,SKU02376,144,37,14,2025-05-16
ST03,SKU05000,275,72,33,2025-07-30
ST03,SKU04771,226,67,27,2025-07-09
ST20,SKU01971,198,46,16,2025-06-04
ST12,SKU03773,395,78,31,2025-08-15
ST19,SKU02500,192,39,16,2025-07-11
ST10,SKU02946,249,62,15,2025-07-24
ST19,SKU00285,0,30,13,2025-09-10
ST18,SKU04756,0,28,9,2025-08-15
ST20,SKU01153,0,71,31,2025-09-11
ST13,SKU04412,366,73,31,2025-06-10
ST20,SKU03139,326,86,18,2025-06-18
ST18,SKU02541,270,52,19,2025-05-22
ST23,SKU04605,309,83,26,2025-08-08
ST21,SKU01792,133,38,8,2025-07-23
ST11,SKU01104,94,29,8,2025-05-14
ST29,SKU02141,0,50,25,2025-09-13
ST17,SKU00855,317,89,32,2025-05-30
ST24,SKU01568,280,75,30,2025-06-08
ST03,SKU00691,299,74,16,2025-07-04
ST03,SKU00462,343,65,30,2025-08-23
ST30,SKU02780,380,98,24,2025-06-22
ST16,SKU04831,220,44,12,2025-06-17
ST16,SKU00401,306,72,21,2025-09-01
ST02,SKU00237,517,89,38,2025-07-06
ST01,SKU01032,157,30,11,2025-05-28
ST23,SKU04726,510,86,22,2025-05-13
ST09,SKU02842,239,68,30,2025-06-26
ST17,SKU00976,0,23,9,2025-09-27
ST01,SKU01971,147,44,9,2025-05-29
ST25,SKU00342,492,83,21,2025-07-09
ST30,SKU04887,192,46,21,2025-08-08
ST13,SKU03257,380,66,31,2025-06-13
ST26,SKU03950,467,100,38,2025-07-17
ST29,SKU00986,93,25,12,2025-06-06
ST15,SKU03266,236,51,14,2025-07-14
ST13,SKU04654,224,57,23,2025-08-05
ST03,SKU01751,0,91,43,2025-09-25
ST01,SKU01153,0,20,9,2025-09-02
ST30,SKU01854,181,50,21,2025-07-15
ST01,SKU03139,406,98,34,2025-08-03
ST16,SKU03905,165,38,15,2025-05-25
ST04,SKU04605,441,78,18,2025-06-11
ST21,SKU01805,359,96,29,2025-05-16
ST05,SKU04012,0,91,31,2025-08-30
ST10,SKU02141,0,63,17,2025-09-30
ST12,SKU00524,248,61,17,2025-08-30
ST18,SKU01507,0,53,19,2025-09-02
ST11,SKU04729,351,93,38,2025-05-21
ST28,SKU04144,209,57,24,2025-06-12
ST11,SKU02514,178,37,16,2025-06-20
ST21,SKU00987,488,84,30,2025-08-26
ST21,SKU00758,280,70,22,2025-06-12
ST12,SKU03907,0,35,14,2025-08-26
ST19,SKU04849,162,29,13,2025-07-10
ST20,SKU01287,186,48,18,2025-05-07
ST01,SKU01045,0,92,31,2025-09-12
ST04,SKU02740,0,47,13,2025-08-08
ST21,SKU02155,0,27,10,2025-08-05
ST14,SKU03199,0,93,27,2025-08-15
ST23,SKU00538,0,66,18,2025-09-19
ST12,SKU00645,373,71,32,2025-06-24
ST29,SKU04261,217,65,32,2025-05-14
ST22,SKU01104,296,59,18,2025-06-29
ST20,SKU00240,195,33,14,2025-07-13
ST25,SKU00584,349,92,22,2025-05-22
ST30,SKU00699,320,64,16,2025-05-06
ST07,SKU02930,0,76,32,2025-09-08
ST03,SKU01993,0,53,13,2025-10-11
ST13,SKU02681,498,83,41,2025-05-18
ST13,SKU00466,129,23,7,2025-07-29
ST11,SKU03803,384,65,31,2025-05-24
ST04,SKU04847,0,79,32,2025-10-03
ST13,SKU00237,293,89,28,2025-05-20
ST11,SKU03574,190,46,20,2025-05-24
ST14,SKU03320,436,87,24,2025-06-02
ST16,SKU04147,114,33,14,2025-06-25
ST07,SKU02112,204,39,11,2025-05-16
ST24,SKU00066,149,27,6,2025-06-18
ST20,SKU02576,346,97,34,2025-06-25
ST27,SKU01303,442,75,33,2025-06-07
ST06,SKU04627,0,56,12,2025-09-26
ST09,SKU04144,251,53,24,2025-06-24
ST21,SKU01229,181,60,15,2025-05-18
ST16,SKU02871,315,97,45,2025-07-16
ST02,SKU00721,453,81,35,2025-05-09
ST19,SKU03105,572,97,31,2025-06-06
ST19,SKU00890,456,95,32,2025-05-19
ST24,SKU03220,109,35,13,2025-05-30
ST03,SKU02114,81,25,8,2025-06-06
ST27,SKU02471,100,28,12,2025-06-24
ST01,SKU01287,385,72,34,2025-07-02
ST30,SKU00002,0,60,28,2025-09-18
ST06,SKU03580,257,50,15,2025-07-14
ST14,SKU03441,166,34,14,2025-07-03
ST04,SKU00538,0,79,29,2025-08-05
ST26,SKU03266,312,56,27,2025-08-15
ST01,SKU00240,139,29,14,2025-05-27
ST06,SKU02533,149,29,10,2025-06-26
ST11,SKU02648,0,47,10,2025-08-09
ST02,SKU03057,0,56,18,2025-08-29
ST19,SKU02997,189,43,9,2025-08-01
ST12,SKU04041,0,29,13,2025-08-20
ST22,SKU04729,97,31,10,2025-07-14
ST22,SKU02514,445,100,34,2025-07-05
ST12,SKU02055,148,36,9,2025-08-14
ST03,SKU00020,0,31,13,2025-09-22
ST14,SKU03562,122,22,8,2025-06-28
ST05,SKU00066,151,32,11,2025-07-05
ST22,SKU01696,512,88,41,2025-08-03
ST24,SKU00079,0,32,7,2025-09-18
ST01,SKU04791,142,26,8,2025-07-09
ST01,SKU02576,153,49,24,2025-07-30
ST30,SKU03277,92,20,10,2025-05-30
ST08,SKU01303,193,33,14,2025-05-25
ST02,SKU00734,259,63,13,2025-05-27
ST17,SKU00305,307,56,12,2025-07-23
ST22,SKU00649,218,72,27,2025-05-27
ST08,SKU02700,209,53,13,2025-06-04
ST01,SKU03744,254,58,28,2025-05-09
ST08,SKU02471,404,81,28,2025-08-31
ST27,SKU00498,291,59,24,2025-07-30
ST20,SKU01542,324,77,36,2025-07-15
ST06,SKU03822,133,35,14,2025-08-20
ST16,SKU04281,423,93,37,2025-05-29
ST14,SKU03454,267,74,20,2025-06-06
ST05,SKU04388,493,95,26,2025-05-08
ST22,SKU03803,500,94,27,2025-05-25
ST24,SKU04401,147,42,12,2025-08-22
ST12,SKU03115,372,67,13,2025-07-06
ST25,SKU01068,215,38,15,2025-06-07
ST18,SKU02112,90,21,9,2025-08-23
ST20,SKU02710,391,86,29,2025-07-06
ST14,SKU00421,254,71,18,2025-06-29
ST21,SKU03349,235,48,15,2025-08-16
ST28,SKU00090,178,46,13,2025-08-08
ST07,SKU03414,425,87,29,2025-08-28
ST03,SKU00262,103,34,12,2025-07-27
ST25,SKU04222,361,98,45,2025-06-21
ST30,SKU02351,134,29,12,2025-06-27
ST26,SKU01414,0,55,12,2025-10-10
ST15,SKU00501,359,70,20,2025-07-17
ST27,SKU03773,413,90,24,2025-08-23
ST28,SKU04641,341,59,19,2025-05-20
ST07,SKU03535,0,52,18,2025-08-24
ST17,SKU02533,184,34,12,2025-08-07
ST20,SKU01784,0,60,15,2025-08-31
ST08,SKU00498,356,77,23,2025-07-22
ST30,SKU02472,263,83,18,2025-07-08
ST24,SKU02657,0,26,7,2025-09-28
ST29,SKU04987,310,88,42,2025-07-14
ST24,SKU04643,128,24,6,2025-05-18
ST22,SKU01830,62,20,7,2025-07-14
ST01,SKU02710,362,99,48,2025-07-07
ST16,SKU03476,0,25,9,2025-09-01
ST21,SKU01605,100,32,6,2025-08-29
ST01,SKU04107,376,77,33,2025-07-04
ST22,SKU04166,0,87,29,2025-08-16
ST17,SKU03822,169,52,19,2025-08-10
ST13,SKU04346,0,67,18,2025-10-06
ST20,SKU03073,267,71,21,2025-08-07
ST04,SKU04526,150,47,10,2025-05-13
ST30,SKU01317,0,49,17,2025-09-20
ST09,SKU04641,295,79,39,2025-05-09
ST11,SKU01038,530,94,29,2025-08-06
ST28,SKU04654,346,97,42,2025-07-14
ST19,SKU03602,330,65,27,2025-05-13
ST12,SKU04646,0,37,9,2025-09-27
ST12,SKU00445,0,56,25,2025-10-05
ST01,SKU04228,267,77,36,2025-07-30
ST15,SKU01911,343,92,45,2025-05-31
ST08,SKU04941,180,44,12,2025-05-06
ST18,SKU01428,145,26,6,2025-08-22
ST18,SKU03414,383,68,16,2025-08-30
ST25,SKU00155,377,75,33,2025-07-20
ST23,SKU03492,352,59,20,2025-08-03
ST21,SKU00679,223,39,14,2025-05-08
ST02,SKU02386,146,41,9,2025-07-18
ST05,SKU02657,0,36,13,2025-09-14
ST10,SKU04987,381,70,18,2025-08-15
ST29,SKU03014,199,57,19,2025-06-13
ST29,SKU05000,553,93,36,2025-08-10
ST05,SKU04643,425,88,42,2025-08-02
ST06,SKU03030,0,29,13,2025-09-26
ST21,SKU03833,277,54,21,2025-07-19
ST16,SKU01274,0,28,7,2025-08-20
ST20,SKU04362,0,23,5,2025-09-28
ST25,SKU04706,79,23,7,2025-07-10
ST15,SKU01803,185,59,21,2025-08-17
ST27,SKU03089,369,75,26,2025-06-29
ST13,SKU00976,0,50,20,2025-08-26
ST08,SKU04244,151,35,15,2025-06-28
ST01,SKU00858,375,68,27,2025-08-20
ST16,SKU03839,294,62,29,2025-08-16
ST09,SKU00682,270,57,13,2025-08-28
ST11,SKU03266,121,25,12,2025-05-27
ST28,SKU02681,247,48,15,2025-05-25
ST12,SKU04888,273,46,18,2025-06-25
ST20,SKU02268,0,94,30,2025-10-08
ST27,SKU03210,117,31,14,2025-08-16
ST03,SKU00638,373,71,18,2025-08-11
ST11,SKU04663,0,92,32,2025-08-28
ST06,SKU04319,252,76,28,2025-05-13
ST04,SKU03492,435,97,24,2025-08-15
ST28,SKU01863,150,39,17,2025-08-26
ST21,SKU02907,380,80,24,2025-06-04
ST21,SKU00692,0,60,29,2025-09-22
ST17,SKU01970,291,63,15,2025-07-10
ST10,SKU03014,202,40,15,2025-06-16
ST20,SKU03436,116,23,5,2025-05-10
ST18,SKU04824,0,64,26,2025-08-16
ST13,SKU00050,0,35,7,2025-08-17
ST23,SKU04902,162,28,13,2025-06-03
ST28,SKU03031,193,50,12,2025-05-15
ST09,SKU00574,434,96,36,2025-08-12
ST07,SKU01696,309,70,18,2025-05-06
ST12,SKU02794,103,30,11,2025-08-29
ST29,SKU02209,231,68,15,2025-08-20
ST22,SKU01038,221,45,19,2025-07-13
ST01,SKU04362,0,100,40,2025-08-07
ST08,SKU03089,99,31,11,2025-05-06
ST11,SKU00354,295,65,26,2025-05-12
ST26,SKU01911,209,44,13,2025-07-18
ST02,SKU02520,78,21,9,2025-08-05
ST07,SKU00649,157,27,9,2025-05-31
ST10,SKU00920,0,40,19,2025-08-28
ST03,SKU04142,314,93,40,2025-06-17
ST18,SKU04945,315,68,23,2025-06-29
ST30,SKU04016,0,47,17,2025-10-09
ST11,SKU03737,274,65,15,2025-07-01
ST28,SKU03152,201,64,25,2025-06-13
ST14,SKU03254,456,87,32,2025-05-15
ST21,SKU01981,243,67,25,2025-05-16
ST12,SKU02915,216,38,9,2025-05-22
ST12,SKU04901,181,35,11,2025-05-11
ST17,SKU03030,0,49,14,2025-08-27
ST10,SKU02088,0,99,29,2025-08-07
ST15,SKU04381,0,41,14,2025-09-18
ST13,SKU01568,442,92,21,2025-08-11
ST13,SKU01339,490,94,25,2025-06-04
ST30,SKU04955,111,36,11,2025-08-01
ST09,SKU01863,232,53,21,2025-07-11
ST26,SKU01803,344,96,35,2025-05-19
ST01,SKU03436,160,32,13,2025-06-09
ST08,SKU00177,0,97,42,2025-09-19
ST13,SKU00521,384,86,37,2025-08-06
ST15,SKU03105,345,68,16,2025-08-06
ST04,SKU04902,572,96,21,2025-07-06
ST11,SKU01643,138,26,8,2025-05-22
ST09,SKU03031,218,52,20,2025-08-19
ST14,SKU03375,72,22,5,2025-08-27
ST12,SKU03036,260,44,10,2025-07-30
ST12,SKU00821,266,64,30,2025-05-23
ST10,SKU02209,353,64,30,2025-05-13
ST15,SKU04273,0,66,29,2025-09-26
ST20,SKU00416,0,22,7,2025-10-12
ST28,SKU04212,474,92,33,2025-06-04
ST22,SKU04663,0,97,29,2025-09-28
ST12,SKU03975,280,78,19,2025-07-04
ST22,SKU00462,268,76,26,2025-06-13
ST17,SKU04319,211,52,23,2025-05-06
ST27,SKU04741,360,96,31,2025-05-21
ST06,SKU01420,0,79,27,2025-08-26
ST09,SKU03152,213,70,23,2025-08-14
ST08,SKU01466,0,79,28,2025-09-29
ST18,SKU04140,0,97,37,2025-10-05
ST03,SKU03108,228,50,14,2025-08-02
ST18,SKU01696,126,28,10,2025-08-23
ST16,SKU00832,0,62,16,2025-09-17
ST22,SKU00354,160,36,9,2025-08-29
ST25,SKU04035,0,70,21,2025-09-16
ST27,SKU04633,0,92,40,2025-09-11
ST08,SKU00190,0,39,9,2025-08-29
ST30,SKU02164,294,51,14,2025-05-24
ST16,SKU04215,211,40,18,2025-07-29
ST12,SKU01063,356,99,24,2025-06-27
ST22,SKU03737,342,60,30,2025-06-25
ST17,SKU01407,83,23,11,2025-07-01
ST29,SKU04679,481,89,44,2025-08-05
ST18,SKU04261,282,48,19,2025-05-23
ST18,SKU02046,0,77,18,2025-08-06
ST01,SKU00416,0,76,31,2025-08-27
ST16,SKU00953,0,36,9,2025-08-19
ST14,SKU00355,240,80,27,2025-08-15
ST26,SKU04381,0,23,5,2025-08-15
ST28,SKU00024,169,35,10,2025-06-04
ST07,SKU01133,561,95,47,2025-08-24
ST19,SKU03173,177,41,16,2025-08-13
ST22,SKU04905,163,46,14,2025-06-10
ST27,SKU02768,231,59,27,2025-08-30
ST27,SKU00553,235,61,26,2025-08-12
ST13,SKU04856,241,49,12,2025-06-10
ST06,SKU01662,0,23,8,2025-09-19
ST06,SKU01433,238,43,14,2025-06-27
ST16,SKU04107,271,52,20,2025-06-30
ST05,SKU04443,536,94,26,2025-07-01
ST22,SKU01643,159,41,13,2025-07-14
ST15,SKU02421,228,51,24,2025-08-11
ST18,SKU04153,507,98,35,2025-07-07
ST20,SKU00550,259,51,19,2025-06-27
ST14,SKU02462,0,47,12,2025-09-25
ST10,SKU03740,89,28,6,2025-05-24
ST24,SKU01423,135,33,16,2025-07-30
ST29,SKU01538,314,63,22,2025-08-08
ST03,SKU00317,359,77,17,2025-05-16
ST27,SKU02660,0,28,8,2025-10-12
ST30,SKU04392,272,51,18,2025-05-27
ST04,SKU03171,0,22,9,2025-08-30
ST16,SKU04228,364,83,20,2025-07-18
ST21,SKU00371,554,94,27,2025-06-01
ST10,SKU04679,115,22,10,2025-08-02
ST03,SKU01485,0,34,11,2025-09-11
ST06,SKU00507,206,50,23,2025-06-20
ST21,SKU01310,407,76,20,2025-06-26
ST09,SKU00024,72,21,5,2025-07-27
ST02,SKU01031,250,54,23,2025-08-06
ST19,SKU01200,134,23,8,2025-05-18
ST20,SKU04054,301,82,30,2025-05-31
ST08,SKU02768,155,46,14,2025-08-14
ST08,SKU00553,320,63,30,2025-06-16
ST15,SKU01495,149,30,7,2025-08-19
ST27,SKU04996,228,40,9,2025-06-03
ST04,SKU03292,0,63,31,2025-09-09
ST04,SKU03063,0,34,16,2025-08-11
ST21,SKU04693,591,99,31,2025-06-28
ST21,SKU00263,0,33,7,2025-09-28
ST07,SKU02543,0,93,29,2025-09-14
ST13,SKU04280,0,73,15,2025-10-09
ST03,SKU03592,197,60,21,2025-07-20
ST01,SKU00550,447,85,38,2025-07-25
ST14,SKU04919,210,55,16,2025-08-17
ST23,SKU04244,123,30,12,2025-07-26
ST14,SKU04690,542,92,29,2025-06-14
ST12,SKU04580,224,46,18,2025-06-25
ST05,SKU01423,392,70,24,2025-08-05
ST10,SKU01538,298,52,21,2025-07-03
ST03,SKU00330,324,81,31,2025-07-16
ST18,SKU01133,284,92,21,2025-08-03
ST19,SKU04475,318,63,23,2025-06-27
ST17,SKU01662,0,55,11,2025-09-24
ST12,SKU01318,140,38,19,2025-05-11
ST24,SKU00389,298,71,20,2025-07-30
ST08,SKU03828,219,47,18,2025-05-22
ST06,SKU02964,427,91,28,2025-08-26
ST04,SKU04352,506,96,40,2025-08-24
ST06,SKU00749,438,84,17,2025-07-21
ST02,SKU03259,0,63,28,2025-09-15
ST26,SKU02421,156,39,13,2025-06-05
ST07,SKU03603,244,48,23,2025-07-19
ST01,SKU02068,0,21,8,2025-09-12
ST27,SKU01037,0,20,6,2025-08-30
ST01,SKU04054,139,36,15,2025-05-17
ST03,SKU04652,167,51,21,2025-08-29
ST11,SKU04476,0,77,24,2025-08-21
ST16,SKU04591,148,44,17,2025-06-24
ST16,SKU02376,365,62,14,2025-05-27
ST19,SKU02381,0,53,25,2025-08-19
ST01,SKU01021,0,81,19,2025-09-01
ST20,SKU01034,340,59,24,2025-08-21
ST23,SKU02500,273,70,33,2025-05-15
ST14,SKU02946,315,71,27,2025-08-11
ST23,SKU00285,0,42,16,2025-08-12
ST02,SKU03609,385,94,29,2025-07-20
ST15,SKU04073,257,46,18,2025-06-23
ST25,SKU04532,262,65,23,2025-07-03
ST25,SKU00331,214,71,16,2025-08-12
ST06,SKU02038,298,91,30,2025-06-06
ST11,SKU00167,175,35,10,2025-08-31
ST28,SKU01568,456,99,21,2025-05-17
ST07,SKU00691,128,27,11,2025-08-05
ST05,SKU02833,0,23,6,2025-09-05
ST19,SKU00516,135,32,10,2025-06-30
ST26,SKU01495,127,24,5,2025-05-14
ST05,SKU00389,306,80,34,2025-08-31
ST17,SKU01675,409,95,23,2025-07-16
ST06,SKU00991,220,60,23,2025-07-08
ST23,SKU04607,142,25,9,2025-05-15
ST26,SKU02892,0,34,17,2025-09-06
ST12,SKU02728,210,35,10,2025-06-19
ST08,SKU01037,0,63,20,2025-08-19
ST13,SKU01152,0,31,7,2025-10-12
ST30,SKU04768,296,81,26,2025-06-16
ST11,SKU02503,0,65,26,2025-09-30
ST06,SKU04145,369,80,29,2025-07-21
ST08,SKU02205,316,61,20,2025-05-19
ST08,SKU04191,0,63,28,2025-08-28
ST01,SKU01034,167,29,6,2025-07-10
ST30,SKU03950,237,60,29,2025-07-02
ST18,SKU00449,224,69,34,2025-08-16
ST04,SKU02500,282,50,18,2025-07-24
ST04,SKU00285,0,21,5,2025-08-16
ST02,SKU03622,0,70,30,2025-08-24
ST07,SKU01751,0,88,27,2025-10-11
ST02,SKU01407,141,24,9,2025-06-10
ST17,SKU00978,181,37,16,2025-07-19
ST29,SKU04250,285,68,23,2025-08-02
ST15,SKU04315,0,38,10,2025-09-30
ST17,SKU00749,358,95,45,2025-08-18
ST18,SKU03603,420,75,17,2025-06-26
ST23,SKU01466,0,26,9,2025-08-09
ST09,SKU01568,374,63,21,2025-06-19
ST16,SKU00524,411,91,32,2025-05-19
ST07,SKU04905,316,73,25,2025-06-16
ST05,SKU00860,393,66,17,2025-06-20
ST05,SKU00631,107,32,9,2025-07-24
ST27,SKU04554,283,49,18,2025-05-17
ST03,SKU03968,226,48,10,2025-05-24
ST18,SKU05000,116,34,10,2025-09-01
ST18,SKU04771,175,46,9,2025-07-07
ST16,SKU03907,0,82,24,2025-08-08
ST23,SKU04849,392,98,29,2025-08-12
ST29,SKU00170,340,86,29,2025-08-04
ST03,SKU00935,475,81,33,2025-07-10
ST13,SKU03609,531,90,34,2025-07-16
ST15,SKU02221,448,97,46,2025-07-23
ST20,SKU00350,328,56,11,2025-08-04
ST16,SKU00645,356,67,23,2025-07-16
ST26,SKU04073,253,43,13,2025-06-01
ST10,SKU03311,438,75,36,2025-08-04
ST24,SKU00994,0,54,17,2025-10-06
ST17,SKU00052,153,40,18,2025-05-17
ST17,SKU02038,272,56,22,2025-05-15
ST22,SKU00167,151,29,13,2025-06-07
ST01,SKU03491,460,91,25,2025-06-26
ST15,SKU01174,345,64,18,2025-07-18
ST03,SKU01874,173,31,10,2025-07-03
ST18,SKU00691,407,78,26,2025-07-25
ST18,SKU00462,115,21,8,2025-05-12
ST02,SKU03864,315,72,21,2025-05-29
ST07,SKU01993,0,85,34,2025-09-22
ST02,SKU01649,525,94,26,2025-06-16
ST19,SKU01818,100,26,10,2025-07-15
ST29,SKU00291,0,49,15,2025-09-23
ST17,SKU00991,350,65,27,2025-05-12
ST29,SKU02277,182,34,10,2025-05-19
ST10,SKU04250,81,22,5,2025-08-31
ST15,SKU00127,131,31,11,2025-05-17
ST22,SKU04489,0,35,9,2025-09-26
ST03,SKU02224,89,23,7,2025-07-18
ST08,SKU04554,246,43,9,2025-08-11
ST25,SKU01754,248,64,28,2025-07-24
ST11,SKU03805,155,38,15,2025-07-03
ST04,SKU04849,233,46,12,2025-06-24
ST28,SKU03220,197,34,11,2025-06-16
ST23,SKU00890,220,55,26,2025-05-19
ST07,SKU04329,0,33,9,2025-10-07
ST02,SKU01770,279,52,14,2025-08-03
ST17,SKU01112,124,39,13,2025-07-25
ST10,SKU00170,268,63,27,2025-08-29
ST27,SKU03749,248,49,17,2025-08-27
ST13,SKU03851,0,54,18,2025-10-06
ST27,SKU03520,197,50,17,2025-08-29
ST13,SKU03622,0,82,28,2025-08-04
ST30,SKU03266,167,50,15,2025-08-06
ST18,SKU01751,0,52,13,2025-10-06
ST18,SKU03966,493,83,27,2025-05-07
ST13,SKU01407,432,99,33,2025-06-13
ST28,SKU04388,125,29,11,2025-05-08
ST14,SKU04261,292,58,26,2025-08-04
ST02,SKU02938,315,67,33,2025-05-07
ST07,SKU03053,0,41,11,2025-09-10
ST05,SKU00994,0,51,25,2025-10-11
ST01,SKU03504,345,84,20,2025-06-20
ST13,SKU00589,175,34,16,2025-07-08
ST23,SKU02997,255,47,13,2025-07-02
ST02,SKU04106,113,25,11,2025-07-28
ST07,SKU00020,0,57,23,2025-09-18
ST19,SKU04046,0,36,9,2025-09-24
ST29,SKU04505,233,42,9,2025-08-14
ST10,SKU00062,0,36,15,2025-09-06
ST15,SKU02355,0,84,27,2025-08-04
ST13,SKU03743,0,45,16,2025-09-14
ST28,SKU04280,0,65,15,2025-09-06
ST17,SKU02401,0,64,28,2025-08-06
ST19,SKU02999,175,45,16,2025-06-19
ST12,SKU02057,435,76,30,2025-05-30
ST03,SKU00251,395,78,18,2025-07-27
ST15,SKU03523,237,47,11,2025-05-08
ST27,SKU00608,161,35,10,2025-07-02
ST04,SKU03105,257,43,10,2025-07-30
ST16,SKU02176,0,51,14,2025-09-04
ST09,SKU03220,138,46,15,2025-08-22
ST21,SKU00305,264,45,11,2025-05-08
ST26,SKU01174,155,29,12,2025-08-02
ST29,SKU04626,0,83,33,2025-09-12
ST08,SKU03749,462,80,28,2025-07-19
ST01,SKU00592,309,79,34,2025-06-14
ST08,SKU03520,127,23,8,2025-06-02
ST27,SKU01547,0,80,27,2025-09-20
ST09,SKU04388,205,56,14,2025-08-31
ST28,SKU04401,86,24,8,2025-06-05
ST16,SKU03115,194,33,7,2025-07-13
ST26,SKU00127,343,72,29,2025-06-09
ST07,SKU03295,371,91,45,2025-07-29
ST10,SKU01580,119,38,17,2025-05-21
ST17,SKU04508,0,55,22,2025-09-19
ST28,SKU03583,315,98,43,2025-06-11
ST02,SKU04348,0,41,18,2025-10-09
ST07,SKU00262,374,63,24,2025-06-10
ST10,SKU02519,448,83,40,2025-07-25
ST29,SKU04747,455,92,44,2025-07-18
ST29,SKU02532,0,92,32,2025-09-30
ST22,SKU03805,358,67,28,2025-07-26
ST29,SKU00546,258,44,19,2025-05-30
ST25,SKU01070,141,45,11,2025-07-20
ST01,SKU00484,0,71,32,2025-10-01
ST13,SKU01770,410,92,33,2025-07-09
ST18,SKU02114,404,97,29,2025-06-28
ST11,SKU00906,197,58,20,2025-06-26
ST11,SKU02892,0,76,36,2025-08-18
ST21,SKU03580,98,20,7,2025-07-05
ST09,SKU00079,0,72,32,2025-09-22
ST24,SKU01370,0,50,16,2025-08-24
ST03,SKU00264,0,86,24,2025-09-10
ST13,SKU02938,457,96,19,2025-06-15
ST21,SKU02533,305,79,17,2025-05-30
ST19,SKU04409,126,22,6,2025-08-25
ST24,SKU02538,0,85,24,2025-08-04
ST10,SKU02640,0,33,9,2025-08-31
ST10,SKU00654,244,49,14,2025-08-08
ST17,SKU03582,107,30,10,2025-08-21
ST15,SKU02718,275,73,27,2025-05-31
ST25,SKU01191,361,69,28,2025-07-27
ST20,SKU02833,0,21,5,2025-09-06
ST08,SKU01547,0,85,36,2025-08-25
ST06,SKU02898,0,83,18,2025-09-07
ST25,SKU03177,103,20,6,2025-06-22
ST28,SKU02657,0,61,20,2025-09-15
ST28,SKU04643,468,86,20,2025-05-30
ST09,SKU04401,396,100,22,2025-06-27
ST26,SKU02584,185,31,10,2025-06-21
ST02,SKU00978,216,49,15,2025-08-18
ST22,SKU00893,0,49,21,2025-08-17
ST03,SKU00385,314,57,23,2025-07-27
ST09,SKU03583,267,79,22,2025-06-03
ST02,SKU02375,509,89,30,2025-08-20
ST17,SKU01717,357,95,43,2025-08-31
ST10,SKU04747,105,30,11,2025-07-26
ST10,SKU00546,513,98,40,2025-06-18
ST21,SKU03822,360,84,23,2025-07-31
ST23,SKU02205,144,39,13,2025-06-05
ST12,SKU02541,136,25,5,2025-08-02
ST15,SKU01792,308,100,36,2025-08-14
ST23,SKU03602,172,53,20,2025-07-19
ST02,SKU02267,400,85,33,2025-06-27
ST12,SKU03709,404,78,29,2025-08-14
ST02,SKU00052,315,59,24,2025-06-26
ST05,SKU04753,159,40,13,2025-07-23
ST05,SKU02538,0,71,33,2025-08-04
ST24,SKU02780,347,70,34,2025-07-12
ST03,SKU01674,401,70,23,2025-06-06
ST14,SKU04987,225,72,26,2025-07-08
ST09,SKU04643,352,92,41,2025-06-24
ST12,SKU02662,192,43,17,2025-07-01
ST03,SKU02842,190,52,12,2025-07-10
ST22,SKU00906,181,40,14,2025-08-23
ST27,SKU03199,0,88,21,2025-10-12
ST15,SKU01684,366,85,27,2025-09-01
ST18,SKU03416,425,83,40,2025-08-04
ST30,SKU00501,259,76,20,2025-07-19
ST24,SKU04887,101,31,8,2025-07-07
ST06,SKU01046,538,96,23,2025-08-10
ST26,SKU00732,308,58,14,2025-08-05
ST26,SKU02718,309,88,20,2025-07-07
ST24,SKU01854,292,87,42,2025-05-06
ST24,SKU03840,0,55,15,2025-09-06
ST15,SKU01805,454,98,46,2025-07-25
ST04,SKU03602,368,83,27,2025-08-13
ST07,SKU00638,106,26,6,2025-08-21
ST05,SKU02780,275,74,18,2025-06-26
ST15,SKU00987,553,99,36,2025-08-10
ST13,SKU02375,305,71,29,2025-08-11
ST15,SKU00758,377,90,29,2025-08-07
ST23,SKU04783,0,94,47,2025-10-01
ST21,SKU01970,431,75,17,2025-06-09
ST14,SKU03014,160,45,20,2025-08-04
ST10,SKU04292,193,50,22,2025-08-19
ST27,SKU03441,458,86,19,2025-06-10
ST11,SKU04665,420,92,29,2025-05-14
ST16,SKU02794,300,61,16,2025-05-09
ST26,SKU01792,191,41,15,2025-06-19
ST05,SKU04887,167,29,10,2025-08-17
ST10,SKU01030,0,28,13,2025-08-26
ST01,SKU03425,0,45,22,2025-08-08
ST30,SKU01911,110,20,7,2025-08-22
ST13,SKU02267,330,89,37,2025-07-09
ST06,SKU03274,0,52,21,2025-09-25
ST07,SKU04142,284,53,26,2025-07-10
ST05,SKU01854,270,68,14,2025-06-04
ST22,SKU03484,367,77,19,2025-07-01
ST08,SKU03320,167,37,12,2025-07-13
ST06,SKU04442,133,26,13,2025-07-11
ST16,SKU02915,97,24,5,2025-07-29
ST16,SKU04901,208,48,18,2025-06-03
ST21,SKU03030,0,22,7,2025-09-26
ST15,SKU01229,433,80,16,2025-05-19
ST04,SKU04783,0,78,24,2025-09-06
ST10,SKU04305,0,79,38,2025-09-25
ST17,SKU01046,157,51,11,2025-08-12
ST22,SKU03376,179,53,19,2025-06-04
ST08,SKU03441,305,71,28,2025-08-25
ST27,SKU03454,320,60,28,2025-06-07
ST11,SKU02692,0,45,13,2025-08-14
ST16,SKU03036,185,41,16,2025-05-28
ST16,SKU00821,107,32,12,2025-08-31
ST23,SKU03749,176,30,14,2025-06-22
ST14,SKU02209,116,26,11,2025-06-18
ST24,SKU01170,0,22,8,2025-08-29
ST25,SKU01580,108,20,8,2025-07-08
ST18,SKU00638,396,85,39,2025-06-08
ST11,SKU01645,206,56,12,2025-08-07
ST16,SKU03975,141,25,7,2025-07-23
ST21,SKU04319,155,28,7,2025-07-29
ST26,SKU00987,267,73,29,2025-07-18
ST12,SKU00823,0,97,31,2025-09-27
ST10,SKU02211,204,35,11,2025-08-25
ST17,SKU01167,186,50,20,2025-05-11
ST08,SKU03562,355,72,30,2025-05-06
ST15,SKU04504,421,91,36,2025-06-23
ST16,SKU00942,0,99,48,2025-09-24
ST23,SKU03870,0,26,11,2025-09-11
ST11,SKU02584,322,87,38,2025-07-03
ST07,SKU03108,109,29,9,2025-06-18
ST29,SKU03621,184,52,25,2025-06-23
ST22,SKU04665,328,60,17,2025-07-11
ST15,SKU03457,141,26,12,2025-07-06
ST03,SKU04157,0,85,31,2025-09-11
ST11,SKU01766,105,26,8,2025-08-10
ST23,SKU00837,249,80,21,2025-07-24
ST02,SKU03932,310,70,22,2025-06-27
ST05,SKU02217,122,38,12,2025-07-08
ST18,SKU04142,300,75,33,2025-07-05
ST20,SKU00539,0,51,21,2025-09-12
ST08,SKU03454,335,59,14,2025-06-05
ST06,SKU02590,380,68,32,2025-05-22
ST25,SKU00654,175,56,26,2025-05-24
ST16,SKU01063,171,44,11,2025-05-20
ST26,SKU04491,101,21,10,2025-07-26
ST19,SKU01068,130,33,10,2025-06-25
ST05,SKU01170,0,62,21,2025-08-04
ST12,SKU02112,287,56,24,2025-07-08
ST17,SKU04442,173,39,18,2025-06-19
ST15,SKU03578,0,57,18,2025-08-04
ST15,SKU01363,0,93,28,2025-08-26
ST20,SKU03693,0,37,13,2025-08-06
ST15,SKU03349,236,48,12,2025-08-03
ST08,SKU00421,244,49,20,2025-08-01
ST25,SKU01822,382,71,35,2025-05-14
ST23,SKU03173,129,33,7,2025-07-25
ST16,SKU04217,479,85,28,2025-08-23
ST30,SKU04152,280,61,18,2025-09-02
ST02,SKU04053,115,21,10,2025-07-20
ST26,SKU01229,347,86,35,2025-06-23
ST17,SKU03624,203,38,14,2025-07-25
ST24,SKU02351,213,38,17,2025-05-15
ST15,SKU02531,0,21,6,2025-08-15
ST06,SKU04926,0,94,22,2025-10-01
ST25,SKU00775,342,94,28,2025-07-04
ST09,SKU04443,152,29,12,2025-05-27
ST06,SKU02482,0,85,28,2025-09-07
ST29,SKU03863,455,97,38,2025-05-15
ST05,SKU03277,554,100,28,2025-07-28
ST22,SKU02692,0,97,21,2025-10-08
ST29,SKU03634,335,66,17,2025-05-09
ST28,SKU01423,312,65,32,2025-08-12
ST04,SKU00837,181,33,12,2025-07-25
ST21,SKU04453,0,74,30,2025-09-01
ST24,SKU02472,170,49,19,2025-06-10
ST22,SKU01645,338,83,18,2025-08-20
ST01,SKU00539,0,58,14,2025-08-07
ST16,SKU03291,155,35,17,2025-07-10
ST14,SKU04679,227,58,23,2025-08-17
ST21,SKU01420,0,46,22,2025-09-12
ST11,SKU00732,88,22,9,2025-05-29
ST26,SKU04504,146,46,23,2025-08-03
ST15,SKU01605,320,84,25,2025-06-12
ST25,SKU02064,203,44,12,2025-06-14
ST18,SKU03108,385,72,23,2025-08-07
ST11,SKU02129,190,44,15,2025-08-30
ST04,SKU03173,199,39,12,2025-06-20
ST23,SKU01200,368,74,24,2025-06-30
ST04,SKU00958,253,48,18,2025-06-18
ST27,SKU02662,164,50,14,2025-06-08
ST17,SKU01651,300,60,23,2025-08-06
ST03,SKU03702,0,43,14,2025-09-22
ST22,SKU01766,230,74,25,2025-08-02
ST18,SKU04505,345,79,32,2025-07-07
ST13,SKU03932,158,28,13,2025-08-31
ST30,SKU03347,422,85,38,2025-09-02
ST10,SKU03863,389,78,34,2025-07-19
ST29,SKU03876,0,31,13,2025-08-28
ST17,SKU02590,141,29,12,2025-05-26
ST24,SKU01317,0,58,16,2025-08-09
ST15,SKU03941,396,89,39,2025-06-30
ST10,SKU03634,254,44,11,2025-05-21
ST06,SKU03892,209,58,18,2025-05-10
ST11,SKU04236,396,67,32,2025-05-28
ST06,SKU01677,0,43,9,2025-09-07
ST09,SKU01423,275,55,20,2025-07-22
ST16,SKU04580,186,33,9,2025-08-08
ST14,SKU01538,283,67,18,2025-07-10
ST26,SKU01363,0,45,13,2025-08-08
ST07,SKU00330,493,83,36,2025-07-08
ST22,SKU04102,185,47,10,2025-06-09
ST12,SKU03414,283,53,23,2025-05-20
ST19,SKU00155,341,59,20,2025-07-04
ST05,SKU02472,182,60,16,2025-07-03
ST15,SKU00679,268,52,19,2025-06-09
ST25,SKU03353,0,44,11,2025-08-15
ST13,SKU04053,156,49,22,2025-06-11
ST25,SKU01138,0,27,12,2025-09-29
ST23,SKU04475,417,87,25,2025-07-23
ST11,SKU00974,0,39,9,2025-09-23
ST21,SKU01662,0,25,12,2025-08-24
ST28,SKU00389,204,38,18,2025-08-26
ST16,SKU01318,372,81,27,2025-06-21
ST21,SKU01433,278,59,24,2025-05-10
ST07,SKU03484,277,72,30,2025-07-14
ST17,SKU04926,0,73,21,2025-09-24
ST24,SKU01438,0,24,8,2025-09-06
ST13,SKU03235,169,53,13,2025-08-26
ST30,SKU02421,75,21,9,2025-05-12
ST23,SKU03428,324,56,16,2025-08-20
ST04,SKU01200,89,27,11,2025-08-02
ST07,SKU04652,216,63,22,2025-06-30
ST19,SKU04706,304,68,22,2025-08-31
ST12,SKU03535,0,44,10,2025-09-06
ST29,SKU02950,0,90,22,2025-10-02
ST18,SKU02532,0,85,37,2025-08-17
ST18,SKU00317,143,45,21,2025-08-24
ST10,SKU04105,0,58,29,2025-09-29
ST03,SKU00682,96,30,9,2025-08-19
ST01,SKU02070,266,57,12,2025-07-23
ST06,SKU01919,239,61,18,2025-07-19
ST21,SKU02722,236,64,23,2025-08-25
ST21,SKU00507,79,26,13,2025-07-03
ST26,SKU01605,294,49,14,2025-07-11
ST07,SKU02558,114,37,13,2025-07-28
ST10,SKU03058,105,28,13,2025-07-11
ST22,SKU02129,276,75,15,2025-05-21
ST30,SKU01495,260,55,11,2025-07-22
ST04,SKU04475,239,42,12,2025-07-12
ST02,SKU01396,278,85,34,2025-06-21
ST18,SKU03592,396,66,18,2025-06-26
ST16,SKU02728,356,100,41,2025-05-10
ST04,SKU03428,294,92,39,2025-07-21
ST11,SKU00169,0,86,20,2025-09-06
ST23,SKU03441,229,64,27,2025-05-25
ST07,SKU04894,146,41,11,2025-05-11
ST17,SKU01906,437,79,38,2025-07-29
ST17,SKU03892,183,37,15,2025-08-15
ST22,SKU04236,403,91,40,2025-08-31
ST11,SKU01337,311,89,19,2025-07-19
ST11,SKU03323,0,99,23,2025-08-11
ST04,SKU02381,0,74,29,2025-09-02
ST14,SKU02840,0,30,8,2025-08-13
ST08,SKU03254,413,77,34,2025-07-21
ST15,SKU01981,124,35,7,2025-05-27
ST11,SKU04491,179,38,13,2025-06-19
ST06,SKU04147,92,30,13,2025-08-30
ST23,SKU03562,149,40,16,2025-06-26
ST26,SKU04062,196,65,26,2025-05-11
ST21,SKU00749,336,60,23,2025-08-31
ST26,SKU03833,237,51,13,2025-07-02
ST24,SKU04955,172,46,23,2025-07-26
ST03,SKU01863,259,71,26,2025-05-14
ST18,SKU04652,187,50,11,2025-06-01
ST11,SKU01229,79,20,5,2025-07-09
ST02,SKU03624,396,100,30,2025-05-23
ST07,SKU03968,178,37,15,2025-05-26
ST19,SKU01578,0,50,10,2025-09-03
ST03,SKU03031,165,34,9,2025-07-06
ST20,SKU02217,500,89,24,2025-06-27
ST24,SKU03090,429,82,22,2025-07-02
ST10,SKU03192,389,85,40,2025-08-14
ST17,SKU01919,197,64,30,2025-05-17
ST30,SKU04073,337,60,18,2025-06-28
ST20,SKU01170,0,46,20,2025-08-09
ST26,SKU02907,533,96,26,2025-06-07
ST07,SKU01874,495,83,19,2025-07-14
ST29,SKU02387,183,51,14,2025-05-13
ST20,SKU02567,162,34,10,2025-08-04
ST03,SKU02923,0,54,15,2025-10-01
ST11,SKU02747,0,21,5,2025-09-11
ST11,SKU00532,126,34,10,2025-07-12
ST23,SKU01818,223,49,24,2025-05-18
ST14,SKU04250,377,70,20,2025-08-01
ST12,SKU04140,0,24,9,2025-10-06
ST24,SKU00996,0,43,19,2025-09-30
ST22,SKU00169,0,43,12,2025-08-13
ST08,SKU02449,0,56,25,2025-08-30
ST18,SKU04894,136,32,14,2025-05-21
ST06,SKU01356,416,89,27,2025-08-19
ST21,SKU04145,376,73,34,2025-05-12
ST02,SKU01880,256,83,29,2025-05-09
ST26,SKU01042,429,96,35,2025-05-12
ST26,SKU03257,110,28,13,2025-07-13
ST02,SKU01651,191,38,8,2025-06-11
ST24,SKU02164,248,80,36,2025-08-20
ST29,SKU02279,342,65,15,2025-06-01
ST22,SKU01337,311,71,15,2025-07-09
ST23,SKU01939,479,98,39,2025-06-23
ST16,SKU02983,0,80,18,2025-10-10
ST11,SKU02639,124,23,9,2025-07-29
ST14,SKU00170,123,22,5,2025-08-07
ST21,SKU01112,81,22,5,2025-07-28
ST12,SKU04261,245,67,24,2025-05-22
ST12,SKU02046,0,56,26,2025-09-25
ST05,SKU03090,157,28,6,2025-07-12
ST22,SKU04491,142,29,7,2025-07-13
ST03,SKU04212,352,76,25,2025-09-02
ST08,SKU00355,88,27,8,2025-05-24
ST30,SKU04315,0,25,9,2025-09-27
ST20,SKU03627,171,38,8,2025-07-10
ST11,SKU03807,169,29,14,2025-06-13
ST09,SKU00994,0,97,25,2025-10-08
ST07,SKU04102,183,32,14,2025-06-01
ST10,SKU02387,338,91,44,2025-06-15
ST20,SKU04795,370,68,18,2025-05-28
ST20,SKU02580,366,94,36,2025-05-12
ST13,SKU03624,230,59,27,2025-08-08
ST18,SKU03968,258,51,25,2025-08-05
ST11,SKU00774,0,69,26,2025-08-14
ST23,SKU04046,0,29,10,2025-09-21
ST04,SKU01818,299,50,19,2025-07-01
ST14,SKU02277,268,49,19,2025-05-17
ST02,SKU00954,263,73,36,2025-08-10
ST14,SKU00062,0,20,5,2025-08-05
ST07,SKU03284,172,52,26,2025-07-11
ST12,SKU04153,556,96,32,2025-07-27
ST19,SKU00894,294,59,19,2025-08-10
ST05,SKU00996,0,97,43,2025-09-30
ST27,SKU04919,348,92,30,2025-08-09
ST20,SKU01762,195,63,24,2025-06-02
ST27,SKU04690,153,43,9,2025-05-22
ST18,SKU03150,304,100,34,2025-05-14
ST18,SKU00935,295,74,21,2025-05-24
ST30,SKU02221,370,66,28,2025-06-14
ST25,SKU03863,180,33,7,2025-07-15
ST23,SKU02999,244,51,18,2025-07-08
ST16,SKU02057,334,82,33,2025-05-25
ST05,SKU02164,244,49,16,2025-07-31
ST10,SKU02279,113,32,12,2025-06-22
ST15,SKU00371,82,22,9,2025-05-19
ST27,SKU01428,416,87,23,2025-07-30
ST04,SKU04154,0,47,11,2025-09-14
ST18,SKU01874,69,23,9,2025-06-17
ST30,SKU01174,99,23,7,2025-06-17
ST26,SKU00237,253,43,17,2025-07-24
ST24,SKU03574,432,79,36,2025-07-16
ST22,SKU00532,374,74,28,2025-08-06
ST01,SKU03627,166,43,18,2025-07-11
ST15,SKU01310,124,27,9,2025-08-18
ST03,SKU00024,210,69,33,2025-06-11
ST28,SKU03235,303,94,26,2025-08-04
ST07,SKU02129,415,70,32,2025-08-17
ST17,SKU01356,274,60,27,2025-08-25
ST15,SKU04693,330,64,22,2025-08-16
ST01,SKU04795,197,54,11,2025-07-15
ST18,SKU02224,175,40,11,2025-05-14
ST20,SKU02822,279,65,30,2025-05-15
ST01,SKU02580,470,98,34,2025-08-12
ST04,SKU04046,0,91,30,2025-09-11
ST14,SKU02519,185,51,22,2025-06-01
ST14,SKU04505,186,40,11,2025-08-24
ST08,SKU04919,277,60,26,2025-07-27
ST22,SKU02639,170,56,22,2025-08-25
ST01,SKU01762,136,25,5,2025-06-10
ST08,SKU04690,117,33,13,2025-07-25
ST20,SKU01775,0,90,31,2025-09-14
ST25,SKU04334,498,94,33,2025-06-26
ST11,SKU03941,484,88,22,2025-08-22
ST04,SKU02999,396,100,44,2025-08-11
ST02,SKU04350,0,51,20,2025-08-29
ST16,SKU02070,266,48,20,2025-08-22
ST07,SKU00264,0,59,27,2025-08-15
ST10,SKU00535,435,73,33,2025-05-15
ST01,SKU02930,0,24,11,2025-08-25
ST22,SKU01592,377,77,19,2025-07-12
ST25,SKU03058,392,81,17,2025-08-20
ST28,SKU04753,245,48,10,2025-05-15
ST23,SKU04409,147,33,9,2025-07-19
ST28,SKU02538,0,93,27,2025-08-26
ST14,SKU02640,0,91,38,2025-09-23
ST21,SKU03582,294,60,16,2025-07-08
ST16,SKU01023,184,45,21,2025-06-23
ST05,SKU03574,410,88,42,2025-06-28
ST29,SKU03931,66,22,6,2025-05-16
ST29,SKU03702,0,63,16,2025-08-16
ST13,SKU00954,368,99,33,2025-06-06
ST04,SKU03349,259,77,17,2025-05-22
ST11,SKU04062,95,23,11,2025-06-20
ST07,SKU00385,262,49,10,2025-08-17
ST10,SKU02871,239,44,22,2025-05-26
ST15,SKU00734,330,69,17,2025-05-12
ST01,SKU02822,355,91,28,2025-06-01
ST18,SKU00251,328,96,23,2025-07-01
ST30,SKU03523,202,35,8,2025-05-06
ST04,SKU02302,402,68,26,2025-06-11
ST14,SKU04747,195,50,13,2025-08-28
ST14,SKU00546,202,44,19,2025-06-03
ST26,SKU00371,569,98,39,2025-07-31
ST29,SKU04052,432,76,28,2025-08-28
ST08,SKU02946,65,20,9,2025-05-24
ST13,SKU01075,446,81,22,2025-05-31
ST01,SKU01775,0,71,35,2025-09-25
ST11,SKU04412,527,91,39,2025-05-20
ST16,SKU02541,484,93,31,2025-07-17
ST23,SKU03254,316,69,28,2025-08-17
ST07,SKU00506,0,34,13,2025-08-29
ST05,SKU02648,0,45,14,2025-09-01
ST19,SKU00331,188,52,16,2025-05-19
ST19,SKU04532,253,68,19,2025-05-14
ST01,SKU00728,0,82,23,2025-09-23
ST04,SKU04409,230,47,18,2025-08-30
ST28,SKU02780,121,24,8,2025-06-19
ST26,SKU04693,255,60,29,2025-06-23
ST07,SKU01674,148,48,11,2025-06-01
ST12,SKU00328,0,39,13,2025-09-12
ST25,SKU04468,377,63,18,2025-05-09
ST23,SKU03375,149,47,16,2025-08-27
ST24,SKU04768,492,93,37,2025-06-19
ST18,SKU00264,0,84,27,2025-09-25
ST28,SKU04887,509,96,33,2025-08-04
ST11,SKU03257,270,64,26,2025-06-20
ST24,SKU03950,428,95,32,2025-08-23
ST10,SKU04052,295,71,19,2025-07-01
ST29,SKU02079,0,36,18,2025-08-12
ST12,SKU00449,434,77,38,2025-05-28
ST20,SKU04245,0,93,41,2025-08-20
ST27,SKU00986,248,46,13,2025-08-04
ST30,SKU02718,159,35,8,2025-08-05
ST28,SKU01854,176,39,17,2025-07-16
ST28,SKU03840,0,97,44,2025-10-06
ST02,SKU04605,131,32,12,2025-06-01
ST10,SKU03005,212,39,8,2025-07-26
ST22,SKU00090,162,33,7,2025-07-20
ST03,SKU04012,0,67,15,2025-09-30
ST12,SKU03603,162,37,17,2025-07-10
ST08,SKU02141,0,37,13,2025-10-11
ST29,SKU01032,238,40,18,2025-05-28
ST18,SKU00385,110,31,13,2025-05-14
ST09,SKU02780,465,80,31,2025-05-23
ST26,SKU00734,191,50,11,2025-06-14
ST12,SKU05000,191,42,17,2025-05-25
ST29,SKU01971,201,56,12,2025-07-26
ST22,SKU04412,497,93,24,2025-05-25
ST29,SKU01153,0,29,6,2025-08-21
ST29,SKU03139,265,50,21,2025-05-31
ST27,SKU04261,414,80,33,2025-06-10
ST20,SKU01104,204,65,31,2025-06-25
ST04,SKU00342,263,69,31,2025-07-11
ST23,SKU02570,239,41,10,2025-08-16
ST28,SKU00699,245,46,19,2025-08-31
ST26,SKU00855,185,60,29,2025-07-19
ST23,SKU00355,126,38,8,2025-06-10
ST05,SKU03950,137,23,6,2025-08-30
ST12,SKU00691,390,87,36,2025-08-03
ST10,SKU02079,0,29,13,2025-09-02
ST20,SKU02501,219,59,22,2025-08-25
ST25,SKU04831,210,52,21,2025-07-08
ST20,SKU00286,0,75,22,2025-08-17
ST08,SKU00986,308,71,19,2025-06-09
ST18,SKU01674,472,85,19,2025-08-07
ST25,SKU00401,515,92,32,2025-08-13
ST09,SKU01854,109,22,7,2025-09-01
ST09,SKU03840,0,82,23,2025-08-23
ST02,SKU04847,0,99,44,2025-08-21
ST10,SKU01032,275,81,23,2025-06-15
ST29,SKU01045,0,100,30,2025-09-06
ST18,SKU02842,349,67,27,2025-07-07
ST30,SKU01684,132,30,6,2025-05-07
ST02,SKU03800,0,54,17,2025-10-04
ST26,SKU00976,0,42,13,2025-09-03
ST07,SKU04144,396,94,34,2025-07-10
ST19,SKU01754,570,100,40,2025-08-29
ST22,SKU03257,70,23,7,2025-06-22
ST21,SKU01046,255,44,22,2025-07-30
ST24,SKU03266,124,22,8,2025-05-08
ST22,SKU04654,375,91,23,2025-08-21
ST25,SKU03905,305,89,20,2025-07-26
ST13,SKU04605,81,25,9,2025-05-09
ST04,SKU00584,373,91,35,2025-06-24
ST04,SKU02570,94,25,5,2025-08-22
ST09,SKU00699,195,39,15,2025-07-22
ST20,SKU04729,194,38,10,2025-08-22
ST01,SKU02501,249,58,19,2025-08-29
ST01,SKU00286,0,75,32,2025-09-19
ST20,SKU02514,197,43,14,2025-08-05
ST30,SKU00987,481,97,22,2025-07-16
ST30,SKU00758,183,54,16,2025-06-28
ST21,SKU01167,129,43,11,2025-05-09
ST14,SKU02211,334,63,13,2025-07-30
ST19,SKU03043,166,28,8,2025-06-27
ST10,SKU01274,0,86,41,2025-09-28
ST29,SKU01287,285,65,18,2025-07-30
ST10,SKU01045,0,23,7,2025-08-14
ST03,SKU00066,225,68,33,2025-05-28
ST13,SKU02740,0,76,30,2025-08-11
ST13,SKU04955,303,79,33,2025-08-23
ST06,SKU01303,139,26,12,2025-08-14
ST21,SKU04321,0,30,11,2025-08-24
ST24,SKU02340,0,100,31,2025-09-05
ST29,SKU00240,260,57,16,2025-06-08
ST03,SKU03220,318,60,14,2025-08-31
ST15,SKU00305,95,23,11,2025-05-26
ST06,SKU02471,378,65,16,2025-05-27
ST09,SKU00002,0,72,35,2025-10-02
ST21,SKU03274,0,70,23,2025-09-21
ST14,SKU04318,0,99,37,2025-09-30
ST05,SKU03266,381,94,28,2025-08-13
ST22,SKU00466,531,98,20,2025-05-25
ST03,SKU04388,111,33,13,2025-07-11
ST20,SKU03803,262,47,23,2025-07-23
ST25,SKU04147,273,60,15,2025-06-10
ST20,SKU03574,297,60,22,2025-07-17
ST16,SKU02112,237,54,18,2025-06-28
ST21,SKU04442,339,63,28,2025-05-10
ST29,SKU04791,336,89,39,2025-06-13
ST29,SKU02576,126,28,10,2025-05-23
ST15,SKU04627,0,56,23,2025-09-27
ST01,SKU04729,295,79,23,2025-06-16
ST13,SKU03800,0,64,13,2025-08-18
ST18,SKU04144,167,47,19,2025-07-20
ST25,SKU02871,356,67,13,2025-07-15
ST23,SKU04222,306,63,30,2025-06-06
ST11,SKU00721,123,34,8,2025-08-27
ST28,SKU02351,178,50,17,2025-07-30
ST12,SKU04329,0,93,40,2025-10-11
ST19,SKU01070,322,54,20,2025-07-07
ST29,SKU03744,283,56,21,2025-06-30
ST01,SKU01696,240,80,26,2025-06-02
ST13,SKU00538,0,58,18,2025-08-19
ST09,SKU03277,307,60,13,2025-07-11
ST23,SKU02946,427,94,31,2025-06-17
ST28,SKU01075,281,68,18,2025-09-02
ST10,SKU00240,188,34,11,2025-07-30
ST15,SKU02533,128,23,9,2025-08-02
ST01,SKU00649,194,56,24,2025-08-30
ST28,SKU02472,208,62,29,2025-05-17
ST19,SKU03177,170,43,19,2025-06-30
ST27,SKU04987,490,99,20,2025-08-24
ST03,SKU04401,550,92,38,2025-07-07
ST20,SKU01830,214,49,17,2025-06-10
ST30,SKU04504,274,49,12,2025-05-26
ST21,SKU00254,0,62,24,2025-10-07
ST10,SKU02576,321,77,21,2025-06-02
ST03,SKU03583,143,34,8,2025-06-07
ST17,SKU01303,208,50,23,2025-07-10
ST30,SKU03457,157,34,7,2025-07-25
ST18,SKU04157,0,89,37,2025-08-18
ST13,SKU01827,321,90,44,2025-06-07
ST04,SKU04222,315,69,31,2025-08-08
ST09,SKU02351,272,57,19,2025-05-10
ST11,SKU00734,107,22,10,2025-06-28
ST26,SKU00305,171,36,14,2025-06-11
ST12,SKU04571,0,62,19,2025-08-28
ST10,SKU03744,257,62,23,2025-07-07
ST29,SKU01542,100,29,10,2025-08-10
ST15,SKU03822,255,81,30,2025-06-09
ST25,SKU04281,271,55,19,2025-06-27
ST27,SKU04879,369,70,23,2025-07-01
ST06,SKU03773,206,42,19,2025-08-25
ST14,SKU03863,259,62,31,2025-06-07
ST21,SKU02590,513,98,45,2025-07-08
ST14,SKU03634,420,73,36,2025-05-23
ST07,SKU04641,366,91,28,2025-09-02
ST12,SKU03295,377,77,32,2025-06-17
ST29,SKU02710,186,35,10,2025-07-09
ST30,SKU03578,0,66,16,2025-08-08
ST30,SKU01363,0,81,34,2025-09-26
ST30,SKU03349,234,45,12,2025-09-02
ST16,SKU03414,170,31,6,2025-07-21
ST04,SKU02128,370,83,17,2025-06-24
ST23,SKU00155,314,72,36,2025-05-19
ST11,SKU00855,298,73,25,2025-07-21
ST26,SKU04627,0,53,14,2025-10-05
ST02,SKU01264,117,26,13,2025-05-28
ST09,SKU02472,264,60,16,2025-08-10
ST29,SKU04107,336,60,29,2025-07-30
ST08,SKU04987,451,91,35,2025-08-08
ST27,SKU03014,93,29,8,2025-05-20
ST01,SKU01830,185,56,18,2025-07-04
ST30,SKU02531,0,61,23,2025-08-14
ST26,SKU03580,129,36,8,2025-06-15
ST29,SKU00845,0,80,25,2025-09-30
ST24,SKU00501,323,61,18,2025-08-23
ST11,SKU00976,0,37,9,2025-09-18
ST22,SKU03057,0,68,31,2025-08-13
ST17,SKU00498,395,93,22,2025-07-15
ST14,SKU03876,0,37,13,2025-09-23
ST09,SKU01317,0,70,21,2025-08-22
ST07,SKU04654,96,31,14,2025-06-23
ST25,SKU03476,0,70,33,2025-09-29
ST04,SKU00155,397,79,21,2025-07-24
ST02,SKU03492,371,79,17,2025-06-03
ST15,SKU01970,166,44,18,2025-06-29
ST09,SKU01438,0,87,38,2025-08-05
ST26,SKU03822,332,72,21,2025-05-20
ST07,SKU00574,375,88,33,2025-08-10
ST10,SKU00845,0,44,19,2025-09-07
ST29,SKU03073,283,65,15,2025-05-23
ST29,SKU00858,199,37,14,2025-07-03
ST13,SKU04526,410,84,20,2025-08-30
ST27,SKU02209,136,28,13,2025-08-22
ST30,SKU03941,306,66,16,2025-06-19
ST18,SKU04641,488,96,21,2025-08-30
ST05,SKU00501,179,41,17,2025-08-24
ST20,SKU01038,389,77,23,2025-05-27
ST06,SKU03089,85,28,14,2025-07-11
ST06,SKU00874,91,27,13,2025-07-19
ST21,SKU03892,250,52,16,2025-07-10
ST12,SKU02840,0,27,8,2025-08-09
ST10,SKU04228,111,30,12,2025-07-30
ST24,SKU01911,116,32,8,2025-08-23
ST10,SKU01784,0,37,15,2025-09-13
ST08,SKU00920,0,59,25,2025-08-08
ST13,SKU01264,164,29,10,2025-07-02
ST16,SKU04945,307,56,27,2025-07-29
ST28,SKU04016,0,61,26,2025-08-25
ST11,SKU02386,230,75,33,2025-07-24
ST16,SKU02501,388,67,27,2025-07-10
ST15,SKU03030,0,71,23,2025-09-22
ST30,SKU03833,113,34,13,2025-05-06
ST11,SKU01339,476,86,19,2025-08-30
ST07,SKU01863,106,34,10,2025-06-26
ST24,SKU01803,171,46,11,2025-07-23
ST30,SKU00571,117,34,7,2025-06-21
ST23,SKU01578,0,90,36,2025-10-07
ST02,SKU04902,336,73,35,2025-07-15
ST07,SKU03031,299,71,26,2025-06-20
ST10,SKU03073,122,40,20,2025-07-31
ST10,SKU00858,199,38,18,2025-06-10
ST08,SKU02209,222,41,15,2025-08-21
ST25,SKU03839,422,95,32,2025-08-14
ST18,SKU00682,308,61,24,2025-05-20
ST01,SKU01038,438,87,33,2025-06-16
ST16,SKU04019,303,83,20,2025-07-21
ST28,SKU03090,138,25,12,2025-06-28
ST14,SKU03192,293,74,30,2025-06-18
ST21,SKU01919,419,72,23,2025-06-17
ST05,SKU04126,0,34,9,2025-08-17
ST05,SKU01911,306,61,25,2025-05-11
ST29,SKU02268,0,51,17,2025-08-25
ST19,SKU01580,505,93,37,2025-06-23
ST12,SKU00638,523,91,33,2025-06-15
ST20,SKU04663,0,50,16,2025-08-08
ST15,SKU04319,173,30,12,2025-05-26
ST13,SKU03492,145,46,13,2025-06-18
ST30,SKU02907,358,85,28,2025-06-05
ST30,SKU00692,0,20,6,2025-10-08
ST07,SKU03152,221,41,18,2025-05-28
ST26,SKU01970,221,40,9,2025-08-25
ST18,SKU00574,252,72,18,2025-06-05
ST28,SKU00996,0,77,30,2025-08-30
ST16,SKU01696,171,33,10,2025-07-31
ST09,SKU04955,212,48,17,2025-06-11
ST10,SKU02376,364,69,16,2025-05-31
ST05,SKU01803,470,100,48,2025-05-20
ST17,SKU03089,307,76,22,2025-08-13
ST30,SKU01042,302,97,45,2025-05-16
ST20,SKU02340,0,96,32,2025-08-24
ST20,SKU00354,370,78,33,2025-08-14
ST06,SKU00190,0,28,10,2025-09-14
ST28,SKU02164,205,61,24,2025-06-05
ST11,SKU02520,438,90,22,2025-07-22
ST16,SKU00649,298,55,14,2025-08-10
ST02,SKU02700,327,68,17,2025-08-07
ST12,SKU04142,192,55,18,2025-07-22
ST19,SKU00654,100,25,10,2025-07-06
ST20,SKU03737,392,80,36,2025-05-10
ST27,SKU04679,283,89,33,2025-08-26
ST30,SKU01981,166,49,15,2025-07-19
ST09,SKU03090,345,100,44,2025-07-07
ST26,SKU03259,0,100,26,2025-09-14
ST26,SKU03030,0,50,21,2025-08-22
ST19,SKU01822,230,70,29,2025-06-08
ST17,SKU03210,523,93,38,2025-06-28
ST24,SKU04152,295,77,21,2025-08-12
ST20,SKU04905,264,45,16,2025-07-04
ST01,SKU04663,0,92,21,2025-08-04
ST11,SKU04856,186,53,15,2025-06-22
ST14,SKU02387,301,89,27,2025-06-04
ST10,SKU03436,364,75,18,2025-05-20
ST22,SKU00521,344,71,32,2025-05-18
ST03,SKU04443,336,64,17,2025-08-21
ST19,SKU00775,205,45,11,2025-06-25
ST13,SKU04902,306,78,17,2025-08-09
ST20,SKU01643,345,79,36,2025-07-04
ST18,SKU03031,163,36,12,2025-05-12
ST16,SKU04153,336,59,29,2025-07-11
ST23,SKU00894,306,93,44,2025-08-27
ST09,SKU00996,0,24,10,2025-08-15
ST20,SKU04797,352,60,14,2025-06-12
ST27,SKU01538,197,62,23,2025-06-08
ST01,SKU00354,381,67,23,2025-05-10
ST04,SKU04035,0,44,21,2025-09-10
ST06,SKU04633,0,25,7,2025-09-30
ST09,SKU02164,100,30,10,2025-06-21
ST28,SKU04392,217,68,32,2025-08-04
ST02,SKU03171,0,79,20,2025-08-30
ST14,SKU02279,351,68,29,2025-06-03
ST26,SKU04319,86,21,6,2025-06-24
ST01,SKU03737,153,45,18,2025-05-28
ST15,SKU01420,0,53,25,2025-08-11
ST08,SKU04679,410,81,26,2025-08-20
ST05,SKU04381,0,27,12,2025-08-16
ST24,SKU02408,272,79,19,2025-06-30
ST07,SKU00024,210,38,9,2025-06-06
ST12,SKU03108,103,31,9,2025-06-10
ST19,SKU02064,81,23,10,2025-08-27
ST01,SKU04905,455,82,27,2025-05-12
ST15,SKU04574,0,68,18,2025-09-20
ST25,SKU00832,0,66,29,2025-08-06
ST21,SKU01356,319,83,36,2025-06-19
ST12,SKU04505,140,42,18,2025-05-24
ST12,SKU00075,132,42,20,2025-05-10
ST17,SKU00190,0,64,29,2025-10-01
ST01,SKU01643,234,61,17,2025-05-24
ST25,SKU04215,307,72,24,2025-08-07
ST04,SKU00894,220,40,12,2025-08-27
ST09,SKU01009,0,34,16,2025-10-04
ST10,SKU00416,0,74,36,2025-08-18
ST03,SKU01423,260,82,38,2025-07-24
ST01,SKU04797,388,72,25,2025-08-07
ST08,SKU01538,317,56,18,2025-05-07
ST18,SKU04212,243,64,30,2025-06-07
ST25,SKU00953,0,38,10,2025-10-06
ST06,SKU02660,0,31,12,2025-10-02
ST06,SKU00445,0,62,28,2025-09-22
ST14,SKU00535,96,32,11,2025-08-21
ST16,SKU01133,408,93,43,2025-06-08
ST19,SKU01138,0,49,12,2025-10-01
ST22,SKU04856,263,50,10,2025-07-25
ST15,SKU01433,318,81,38,2025-08-09
ST25,SKU04107,171,45,20,2025-08-18
ST09,SKU03574,164,43,20,2025-05-08
ST06,SKU03828,203,34,7,2025-05-15
ST02,SKU04352,333,71,31,2025-06-30
ST19,SKU04292,280,52,23,2025-06-24
ST05,SKU02408,556,98,28,2025-06-19
ST24,SKU02421,274,62,28,2025-07-08
ST29,SKU00550,505,95,40,2025-07-17
ST30,SKU03633,0,37,8,2025-08-26
ST30,SKU01189,0,46,23,2025-09-15
ST28,SKU04526,333,56,26,2025-05-29
ST12,SKU00317,192,48,16,2025-05-12
ST27,SKU02840,0,45,18,2025-08-12
ST25,SKU04228,304,98,37,2025-08-09
ST30,SKU00371,361,69,34,2025-05-26
ST18,SKU03286,287,66,15,2025-05-17
ST02,SKU04244,313,81,26,2025-05-11
ST15,SKU02722,399,67,23,2025-07-09
ST30,SKU01310,214,66,16,2025-06-18
ST23,SKU00331,266,56,17,2025-08-02
ST23,SKU04532,125,27,13,2025-08-25
ST26,SKU04574,0,28,10,2025-09-23
ST29,SKU04054,77,23,11,2025-06-27
ST17,SKU02768,74,22,5,2025-07-06
ST17,SKU00553,296,90,29,2025-05-19
ST24,SKU01495,372,65,31,2025-08-13
ST03,SKU00389,338,86,20,2025-08-17
ST13,SKU03063,0,48,14,2025-10-08
ST15,SKU01675,315,74,17,2025-06-07
ST11,SKU04414,333,63,14,2025-07-25
ST16,SKU00328,0,38,14,2025-10-01
ST14,SKU03702,0,94,43,2025-08-20
ST10,SKU00550,225,62,31,2025-05-07
ST06,SKU01037,0,95,40,2025-09-09
ST23,SKU04653,247,54,11,2025-05-12
ST11,SKU01152,0,39,16,2025-10-01
ST28,SKU04768,570,99,28,2025-05-12
ST25,SKU02484,0,94,38,2025-09-19
ST28,SKU03950,421,95,36,2025-06-02
ST14,SKU04052,67,22,6,2025-07-14
ST14,SKU03823,130,43,16,2025-05-29
ST02,SKU02500,333,76,27,2025-06-29
ST10,SKU03115,284,54,15,2025-05-18
ST17,SKU03828,223,39,13,2025-05-27
ST15,SKU00978,204,41,15,2025-07-16
ST27,SKU04250,123,37,10,2025-05-28
ST13,SKU04352,366,62,24,2025-06-26
ST15,SKU00749,304,55,26,2025-07-22
ST04,SKU04532,270,60,13,2025-08-20
ST06,SKU00929,0,34,10,2025-09-05
ST11,SKU03259,0,98,28,2025-10-01
ST04,SKU00331,354,85,19,2025-08-01
ST14,SKU03005,141,24,9,2025-09-01
ST14,SKU02776,0,37,9,2025-09-10
ST16,SKU03603,558,96,21,2025-07-21
ST07,SKU01568,360,100,31,2025-07-01
ST10,SKU02068,0,64,26,2025-09-28
ST10,SKU04054,240,78,18,2025-06-25
ST05,SKU01495,189,46,13,2025-07-13
ST30,SKU00734,348,65,28,2025-05-29
ST25,SKU02376,450,89,43,2025-06-11
ST02,SKU04607,181,34,15,2025-05-17
ST05,SKU02892,0,42,17,2025-08-12
ST07,SKU00521,320,83,33,2025-08-23
ST10,SKU01021,0,60,14,2025-09-21
ST29,SKU01034,386,67,23,2025-08-25
ST27,SKU00170,419,88,23,2025-08-03
ST11,SKU03609,220,38,17,2025-08-15
ST04,SKU04653,580,100,45,2025-07-19
ST09,SKU04768,117,29,13,2025-08-09
ST24,SKU04073,362,92,33,2025-05-13
ST22,SKU01031,382,100,32,2025-08-27
ST08,SKU03311,384,72,19,2025-05-15
ST15,SKU02038,380,66,16,2025-05-10
ST20,SKU00167,72,22,5,2025-06-21
ST09,SKU03950,214,68,17,2025-06-19
ST16,SKU00691,146,33,9,2025-05-23
ST14,SKU02079,0,45,10,2025-09-04
ST26,SKU01675,262,56,23,2025-07-21
ST22,SKU04414,238,41,12,2025-07-09
ST08,SKU04250,243,43,21,2025-08-31
ST27,SKU02277,269,47,19,2025-06-22
ST14,SKU01032,76,25,6,2025-06-26
ST02,SKU01466,0,33,7,2025-08-29
ST26,SKU00628,0,25,12,2025-09-12
ST24,SKU04194,384,76,20,2025-08-30
ST29,SKU02094,348,88,38,2025-06-05
ST03,SKU03088,0,84,34,2025-10-04
ST22,SKU01152,0,41,14,2025-10-11
ST01,SKU04476,0,61,22,2025-10-02
ST15,SKU04145,164,49,21,2025-08-26
ST04,SKU03727,0,99,34,2025-09-04
ST23,SKU01754,435,81,31,2025-07-17
ST23,SKU03740,274,65,20,2025-05-17
ST02,SKU04849,150,42,14,2025-09-02
ST14,SKU01971,179,43,11,2025-05-22
ST17,SKU02205,327,92,39,2025-06-03
ST10,SKU01034,267,47,14,2025-07-26
ST08,SKU00170,397,67,18,2025-08-15
ST15,SKU01112,340,60,21,2025-05-16
ST13,SKU02500,248,56,11,2025-05-25
ST13,SKU00285,0,86,34,2025-09-02
ST16,SKU01751,0,95,26,2025-09-17
ST14,SKU01153,0,100,37,2025-09-12
ST14,SKU03139,235,45,9,2025-06-30
ST26,SKU00978,94,23,11,2025-07-13
ST11,SKU01407,197,64,17,2025-06-17
ST26,SKU02964,354,60,27,2025-05-13
ST24,SKU04315,0,49,11,2025-08-06
ST26,SKU00749,134,27,5,2025-05-24
ST05,SKU04073,86,20,6,2025-07-29
ST17,SKU00929,0,36,13,2025-08-08
ST03,SKU00994,0,55,17,2025-09-18
ST18,SKU04012,0,69,28,2025-10-03
ST01,SKU00167,317,58,12,2025-08-29
ST25,SKU00524,99,25,10,2025-08-06
ST04,SKU03848,359,82,40,2025-06-26
ST11,SKU00589,309,69,23,2025-05-09
ST16,SKU04905,410,88,37,2025-05-24
ST12,SKU03968,478,86,37,2025-08-17
ST08,SKU00291,0,38,16,2025-08-20
ST25,SKU03907,0,23,8,2025-09-04
ST27,SKU02519,145,44,11,2025-08-14
ST08,SKU00062,0,45,15,2025-10-10
ST08,SKU02277,310,66,14,2025-05-26
ST27,SKU04505,190,48,18,2025-07-22
ST14,SKU01045,0,45,22,2025-08-07
ST12,SKU03150,117,37,11,2025-06-21
ST05,SKU04194,309,59,17,2025-08-10
ST12,SKU00935,272,75,20,2025-08-25
ST29,SKU04551,0,70,18,2025-10-09
ST22,SKU03609,220,68,16,2025-07-11
ST24,SKU02221,233,52,23,2025-06-26
ST29,SKU00350,317,53,19,2025-08-24
ST01,SKU02503,0,31,14,2025-08-09
ST15,SKU00186,179,41,14,2025-08-11
ST25,SKU00645,287,77,30,2025-05-22
ST26,SKU02267,294,50,13,2025-05-17
ST02,SKU00890,181,50,16,2025-08-26
ST26,SKU00052,358,80,34,2025-06-20
ST26,SKU02038,105,21,5,2025-06-02
ST10,SKU03491,513,88,41,2025-07-02
ST19,SKU00830,0,20,8,2025-10-09
ST29,SKU03504,185,42,14,2025-06-10
ST24,SKU01174,406,77,38,2025-07-10
ST27,SKU04626,0,95,37,2025-10-03
ST06,SKU03520,346,75,23,2025-06-23
ST09,SKU03266,135,31,14,2025-06-08
ST16,SKU01993,0,41,14,2025-10-09
ST11,SKU03864,95,30,13,2025-07-29
ST26,SKU00991,214,52,13,2025-05-08
ST05,SKU04315,0,75,24,2025-10-02
ST24,SKU00127,413,88,27,2025-07-14
ST15,SKU04508,0,49,12,2025-08-25
ST12,SKU02224,369,92,34,2025-08-20
ST17,SKU04554,193,42,17,2025-08-06
ST22,SKU02683,0,75,19,2025-08-22
ST08,SKU02519,340,60,27,2025-05-11
ST13,SKU04849,209,60,23,2025-07-03
ST27,SKU02532,0,89,41,2025-08-08
ST20,SKU03805,391,100,41,2025-06-04
ST08,SKU04505,458,83,24,2025-07-30
ST16,SKU04329,0,55,24,2025-08-05
ST23,SKU01070,346,82,21,2025-07-04
ST16,SKU02114,126,26,7,2025-07-08
ST28,SKU03171,0,70,29,2025-08-04
ST14,SKU01287,395,99,34,2025-08-05
ST26,SKU01112,279,55,22,2025-08-17
ST19,SKU04334,353,65,30,2025-07-22
ST22,SKU03851,0,45,9,2025-09-01
ST10,SKU04551,0,46,20,2025-09-16
ST05,SKU02221,367,66,22,2025-05-09
ST22,SKU03622,0,34,8,2025-10-03
ST10,SKU00350,378,84,27,2025-07-25
ST06,SKU00608,144,26,8,2025-07-25
ST09,SKU02340,0,67,14,2025-10-12
ST11,SKU02938,329,56,21,2025-07-12
ST16,SKU03053,0,23,9,2025-08-21
ST14,SKU00240,165,34,12,2025-05-08
ST05,SKU01174,291,74,27,2025-06-27
ST10,SKU03504,114,35,11,2025-07-17
ST22,SKU00589,196,56,25,2025-07-05
ST19,SKU03058,270,49,20,2025-07-29
ST08,SKU02640,0,72,24,2025-08-29
ST08,SKU04626,0,66,22,2025-08-27
ST25,SKU02055,513,95,19,2025-07-17
ST25,SKU04041,0,89,28,2025-09-28
ST11,SKU04106,428,84,24,2025-05-16
ST23,SKU03177,191,50,18,2025-06-21
ST28,SKU03292,0,35,13,2025-09-03
ST07,SKU04401,106,31,9,2025-06-09
ST24,SKU02584,191,47,13,2025-08-23
ST12,SKU03284,220,47,18,2025-07-31
ST22,SKU03743,0,100,24,2025-10-06
ST29,SKU00484,0,86,39,2025-08-17
ST14,SKU04791,97,24,8,2025-08-18
ST06,SKU00500,0,98,33,2025-10-04
ST21,SKU01303,114,22,8,2025-05-28
ST26,SKU02401,0,26,10,2025-08-06
ST26,SKU00186,122,24,6,2025-06-03
ST12,SKU00251,200,38,13,2025-05-19
ST24,SKU03523,417,82,26,2025-06-22
ST19,SKU03179,181,58,25,2025-08-02
ST15,SKU01717,370,67,18,2025-05-26
ST27,SKU00788,174,49,10,2025-08-21
ST25,SKU02176,0,36,9,2025-10-04
ST18,SKU03220,75,20,5,2025-07-21
ST13,SKU00890,358,77,34,2025-07-05
ST30,SKU00305,306,67,21,2025-07-08
ST08,SKU04747,325,82,31,2025-07-10
ST01,SKU03805,115,32,11,2025-08-20
ST14,SKU03744,456,78,27,2025-06-07
ST08,SKU00546,260,75,24,2025-06-28
ST21,SKU02471,144,44,20,2025-05-18
ST10,SKU00592,161,53,25,2025-07-09
ST17,SKU03520,176,41,17,2025-08-14
ST22,SKU03864,205,56,18,2025-08-15
ST22,SKU01649,171,38,17,2025-07-01
ST03,SKU01370,0,27,11,2025-10-12
ST18,SKU04388,172,51,13,2025-07-24
ST25,SKU03115,421,91,44,2025-06-21
ST26,SKU04508,0,26,7,2025-08-12
ST03,SKU04753,357,73,15,2025-08-14
ST30,SKU04627,0,66,24,2025-09-09
ST13,SKU02997,217,40,13,2025-08-13
ST25,SKU02068,0,39,10,2025-09-01
ST04,SKU01191,259,68,15,2025-07-29
ST16,SKU00262,286,63,19,2025-08-02
ST07,SKU04643,267,64,16,2025-07-06
ST17,SKU03870,0,21,9,2025-09-12
ST19,SKU04468,393,73,16,2025-07-06
ST05,SKU02584,146,41,16,2025-08-22
ST19,SKU02253,321,67,22,2025-07-23
ST10,SKU00484,0,21,5,2025-09-25
ST20,SKU00906,82,23,10,2025-08-12
ST20,SKU02892,0,44,21,2025-09-09
ST25,SKU01021,0,75,21,2025-08-05
ST16,SKU03416,158,47,17,2025-08-07
ST05,SKU03523,438,91,35,2025-08-28
ST17,SKU00608,206,56,23,2025-06-03
ST22,SKU02938,332,80,33,2025-06-07
ST30,SKU02533,177,34,7,2025-07-09
ST23,SKU03311,294,68,25,2025-07-03
ST21,SKU00498,460,89,30,2025-08-10
ST14,SKU01542,206,41,12,2025-05-28
ST26,SKU03582,405,83,25,2025-06-18
ST02,SKU02205,134,23,8,2025-08-23
ST24,SKU02718,509,87,23,2025-08-14
ST22,SKU04106,125,28,7,2025-06-03
ST29,SKU02833,0,64,16,2025-09-02
ST18,SKU04401,151,33,15,2025-07-02
ST02,SKU03602,261,70,23,2025-06-07
ST11,SKU00978,217,62,17,2025-08-22
ST14,SKU02710,243,43,9,2025-05-23
ST17,SKU00500,0,51,24,2025-08-15
ST03,SKU02780,176,47,23,2025-08-26
ST11,SKU02375,132,27,11,2025-06-19
ST19,SKU04710,0,84,38,2025-10-09
ST29,SKU02954,0,45,11,2025-09-03
ST27,SKU04305,0,65,19,2025-09-19
ST01,SKU00906,103,20,5,2025-09-01
ST30,SKU03822,386,81,27,2025-07-04
ST09,SKU00501,309,56,17,2025-08-29
ST21,SKU03773,239,54,22,2025-06-18
ST12,SKU00506,0,55,21,2025-10-03
ST24,SKU01792,564,99,44,2025-08-08
ST22,SKU00965,281,60,26,2025-07-28
ST03,SKU04887,256,52,14,2025-08-22
ST08,SKU01030,0,47,17,2025-10-11
ST25,SKU04646,0,87,23,2025-08-29
ST11,SKU02267,289,80,34,2025-07-18
ST14,SKU01784,0,33,7,2025-10-11
ST19,SKU04831,205,44,20,2025-08-18
ST05,SKU00732,95,29,8,2025-07-22
ST12,SKU01674,117,32,11,2025-05-24
ST19,SKU00401,273,84,35,2025-05-17
ST05,SKU02718,420,100,40,2025-08-19
ST03,SKU01854,319,60,21,2025-05-27
ST03,SKU03840,0,61,30,2025-08-30
ST27,SKU02211,89,26,11,2025-08-14
ST18,SKU02657,0,39,8,2025-09-17
ST29,SKU00860,131,27,8,2025-06-03
ST06,SKU03320,348,87,34,2025-08-27
ST24,SKU01684,254,59,25,2025-08-12
ST27,SKU03150,140,33,9,2025-08-06
ST08,SKU04305,0,81,18,2025-09-23
ST20,SKU03376,385,82,26,2025-08-20
ST06,SKU03441,94,20,6,2025-07-01
ST04,SKU02614,0,30,10,2025-09-12
ST14,SKU03073,186,51,15,2025-08-29
ST07,SKU03851,0,98,34,2025-08-30
ST19,SKU03905,194,41,16,2025-05-14
ST05,SKU01792,95,28,6,2025-07-31
ST24,SKU01805,304,60,18,2025-07-19
ST13,SKU03602,100,20,9,2025-07-07
ST09,SKU01911,494,99,38,2025-05-13
ST23,SKU01580,185,39,9,2025-07-13
ST16,SKU00638,283,49,16,2025-07-19
ST19,SKU02858,0,59,27,2025-10-02
ST24,SKU00987,220,65,21,2025-08-30
ST01,SKU03484,276,48,10,2025-05-28
ST30,SKU01970,327,91,32,2025-07-09
ST01,SKU04652,504,100,25,2025-07-03
ST27,SKU03621,314,78,34,2025-06-15
ST15,SKU04321,0,71,31,2025-08-04
ST20,SKU04665,490,82,29,2025-07-12
ST25,SKU02794,245,46,20,2025-08-03
ST14,SKU04362,0,36,10,2025-08-09
ST09,SKU01803,358,72,30,2025-05-15
ST21,SKU03089,276,61,27,2025-08-17
ST21,SKU00874,185,33,16,2025-07-16
ST24,SKU03323,0,96,25,2025-09-01
ST22,SKU02267,120,28,9,2025-05-31
ST03,SKU00002,0,44,17,2025-09-30
ST03,SKU01988,0,75,31,2025-08-24
ST01,SKU03376,227,44,10,2025-07-26
ST16,SKU04142,320,60,29,2025-06-28
ST06,SKU03454,125,26,5,2025-08-27
ST23,SKU00654,224,59,27,2025-07-18
ST02,SKU03749,303,67,22,2025-05-23
ST19,SKU04147,397,81,28,2025-08-17
ST03,SKU01170,0,61,25,2025-09-19
ST01,SKU02558,151,48,13,2025-06-15
ST15,SKU04442,506,90,32,2025-08-30
ST25,SKU02915,354,100,28,2025-06-20
ST30,SKU03030,0,58,15,2025-10-05
ST28,SKU04381,0,72,25,2025-08-29
ST23,SKU01822,322,68,16,2025-07-17
ST14,SKU02268,0,94,32,2025-08-20
ST21,SKU03210,317,75,31,2025-09-01
ST28,SKU04152,383,91,21,2025-05-13
ST12,SKU04144,354,76,34,2025-06-12
ST24,SKU01229,127,22,8,2025-07-01
ST05,SKU00987,593,100,21,2025-07-23
ST19,SKU02871,78,20,9,2025-07-12
ST13,SKU04783,0,35,8,2025-08-16
ST14,SKU03436,482,88,42,2025-05-22
ST21,SKU00177,0,44,12,2025-09-03
ST28,SKU03105,209,47,11,2025-06-25
ST26,SKU01046,283,78,22,2025-08-03
ST17,SKU03441,353,85,30,2025-08-15
ST03,SKU03277,232,64,27,2025-06-28
ST01,SKU04665,381,65,30,2025-08-21
ST25,SKU03036,192,50,17,2025-08-23
ST27,SKU03634,373,65,27,2025-08-28
ST25,SKU00821,152,35,16,2025-08-22
ST28,SKU04273,0,20,6,2025-09-15
ST20,SKU01645,248,46,17,2025-08-09
ST25,SKU03975,514,97,28,2025-06-10
ST30,SKU04319,564,96,46,2025-06-03
ST04,SKU00654,96,28,7,2025-08-25
ST05,SKU04491,381,65,21,2025-05-29
ST17,SKU03562,404,99,38,2025-05-26
ST25,SKU00942,0,81,25,2025-08-16
ST15,SKU00254,0,21,4,2025-08-08
ST20,SKU02584,138,42,15,2025-07-02
ST23,SKU02064,260,75,30,2025-06-21
ST04,SKU01822,286,61,21,2025-07-14
ST05,SKU01229,256,76,17,2025-05-09
ST24,SKU03457,162,34,7,2025-05-11
ST03,SKU02351,332,75,31,2025-05-25
ST20,SKU01766,249,65,18,2025-05-06
ST11,SKU03932,403,94,23,2025-06-06
ST16,SKU00075,138,31,14,2025-07-21
ST28,SKU03347,390,67,23,2025-08-06
ST04,SKU00775,500,87,31,2025-07-13
ST21,SKU00190,0,76,18,2025-09-27
ST26,SKU03274,0,30,14,2025-09-01
ST19,SKU04281,325,64,25,2025-07-01
ST17,SKU03454,274,85,33,2025-05-20
ST08,SKU03863,275,87,23,2025-07-07
ST08,SKU03634,91,25,7,2025-07-10
ST25,SKU01063,442,75,34,2025-07-19
ST06,SKU04756,0,94,21,2025-09-03
ST14,SKU00416,0,67,24,2025-08-19
ST07,SKU01423,511,88,33,2025-08-03
ST26,SKU04442,324,65,31,2025-06-16
ST24,SKU03578,0,76,20,2025-09-29
ST24,SKU01363,0,73,15,2025-08-14
ST20,SKU04102,228,74,24,2025-08-31
ST03,SKU02472,461,97,28,2025-07-01
ST25,SKU04217,220,51,16,2025-07-01
ST23,SKU03353,0,70,28,2025-09-10
ST11,SKU04053,378,100,48,2025-06-06
ST23,SKU01138,0,99,46,2025-09-23
ST21,SKU02526,0,20,9,2025-10-12
ST21,SKU04741,177,43,20,2025-09-02
ST06,SKU03709,94,23,7,2025-07-31
ST07,SKU00376,0,74,16,2025-09-25
ST15,SKU04926,0,78,29,2025-09-16
ST18,SKU04443,380,71,21,2025-07-30
ST20,SKU02826,0,68,17,2025-10-08
ST11,SKU03235,97,28,12,2025-08-26
ST09,SKU02408,233,41,19,2025-06-28
ST04,SKU02064,128,35,17,2025-08-19
ST28,SKU02421,250,51,16,2025-07-19
ST06,SKU02662,364,68,14,2025-09-02
ST05,SKU03457,407,68,25,2025-06-15
ST01,SKU01766,258,69,30,2025-06-01
ST13,SKU00837,215,53,18,2025-08-27
ST30,SKU04453,0,21,5,2025-09-05
ST21,SKU04633,0,25,10,2025-09-11
ST10,SKU00539,0,24,8,2025-10-06
ST08,SKU03876,0,22,9,2025-08-05
ST30,SKU01420,0,42,17,2025-08-12
ST20,SKU00732,172,55,16,2025-07-06
ST19,SKU03476,0,42,13,2025-09-21
ST24,SKU01605,295,58,22,2025-07-15
ST01,SKU04102,366,98,34,2025-07-14
ST20,SKU02129,396,74,31,2025-09-01
ST13,SKU00958,391,73,18,2025-06-02
ST27,SKU02842,404,99,46,2025-06-15
ST04,SKU03353,0,60,13,2025-09-23
ST21,SKU02768,126,26,9,2025-05-06
ST21,SKU00553,336,85,39,2025-08-26
ST26,SKU01651,158,42,17,2025-07-03
ST07,SKU00389,305,84,21,2025-08-15
ST05,SKU02531,0,67,20,2025-08-14
ST22,SKU03932,367,74,27,2025-05-23
ST04,SKU04292,257,48,15,2025-09-02
ST09,SKU02421,168,32,8,2025-06-02
ST14,SKU00550,246,43,18,2025-05-12
ST26,SKU02590,311,87,38,2025-05-08
ST24,SKU03941,196,44,16,2025-07-15
ST12,SKU04641,107,30,12,2025-06-15
ST29,SKU02070,111,37,16,2025-08-04
ST15,SKU01906,366,85,18,2025-08-28
ST08,SKU02950,0,69,19,2025-08-11
ST25,SKU04580,414,97,40,2025-08-24
ST15,SKU01677,0,71,18,2025-09-17
ST25,SKU00150,216,48,16,2025-07-16
ST21,SKU02660,0,77,30,2025-10-11
ST24,SKU00679,171,29,8,2025-06-27
ST22,SKU04053,126,30,14,2025-08-25
ST13,SKU02247,0,81,25,2025-09-07
ST18,SKU00376,0,34,11,2025-09-15
ST20,SKU00974,0,54,19,2025-09-23
ST25,SKU01318,399,100,34,2025-05-27
ST30,SKU01433,324,91,30,2025-08-18
ST06,SKU03254,144,39,9,2025-06-04
ST21,SKU03828,351,60,24,2025-07-01
ST16,SKU03484,266,69,28,2025-06-14
ST22,SKU03235,397,77,28,2025-07-21
ST24,SKU03833,147,27,6,2025-05-20
ST05,SKU01605,163,44,20,2025-07-16
ST01,SKU02129,313,79,38,2025-06-22
ST20,SKU02142,90,29,7,2025-05-17
ST14,SKU04054,176,31,8,2025-05-25
ST16,SKU04652,463,87,32,2025-05-26
ST09,SKU01495,235,52,19,2025-05-10
ST02,SKU04717,445,99,23,2025-06-22
ST07,SKU00631,181,37,12,2025-07-12
ST13,SKU02368,0,54,15,2025-09-11
ST19,SKU03839,309,54,24,2025-08-24
ST05,SKU03941,336,58,16,2025-07-21
ST12,SKU00682,356,95,27,2025-06-20
ST10,SKU02070,145,40,18,2025-08-26
ST08,SKU03192,169,40,12,2025-05-12
ST01,SKU04236,315,53,14,2025-06-03
ST15,SKU01919,165,34,11,2025-07-01
ST30,SKU02722,362,69,23,2025-08-09
ST28,SKU04073,144,26,7,2025-05-17
ST16,SKU02558,127,24,11,2025-07-23
ST24,SKU02907,155,35,11,2025-07-25
ST10,SKU01023,218,46,10,2025-07-06
ST29,SKU03251,385,83,38,2025-08-27
ST03,SKU04016,0,42,15,2025-08-14
ST27,SKU02387,175,36,8,2025-08-02
ST13,SKU04475,194,63,28,2025-07-02
ST25,SKU03546,0,97,22,2025-09-21
ST18,SKU00389,179,35,16,2025-08-08
ST30,SKU01675,185,43,20,2025-06-27
ST11,SKU01396,311,72,32,2025-06-20
ST02,SKU03562,161,40,16,2025-06-06
ST05,SKU04062,246,49,19,2025-05-25
ST12,SKU00574,361,86,27,2025-08-18
ST25,SKU02728,132,43,19,2025-08-02
ST13,SKU03428,329,68,15,2025-07-15
ST01,SKU02142,260,56,20,2025-05-18
ST30,SKU00628,0,57,16,2025-09-24
ST21,SKU01037,0,92,20,2025-08-13
ST26,SKU01906,174,34,14,2025-08-13
ST13,SKU04596,0,54,26,2025-08-10
ST27,SKU02279,247,77,17,2025-05-27
ST13,SKU02381,0,52,20,2025-08-18
ST20,SKU01337,244,70,34,2025-05-17
ST21,SKU04191,0,54,13,2025-10-05
ST14,SKU01034,516,96,40,2025-06-12
ST24,SKU01981,208,44,18,2025-06-14
ST03,SKU03090,366,98,48,2025-08-26
ST20,SKU04491,321,65,19,2025-06-15
ST30,SKU00978,344,68,29,2025-08-22
ST30,SKU02964,148,41,10,2025-07-19
ST30,SKU00749,248,42,13,2025-06-03
ST09,SKU04073,300,78,26,2025-07-18
ST21,SKU00929,0,92,40,2025-10-02
ST10,SKU03251,381,65,18,2025-07-15
ST08,SKU02387,170,34,7,2025-06-20
ST13,SKU00516,284,82,20,2025-05-23
ST18,SKU00631,349,68,28,2025-08-20
ST11,SKU03624,518,92,35,2025-08-13
ST12,SKU03031,156,34,12,2025-05-12
ST29,SKU02217,155,29,13,2025-07-30
ST13,SKU01684,214,57,21,2025-06-04
ST20,SKU04612,251,52,24,2025-06-04
ST09,SKU04194,137,32,6,2025-05-22
ST16,SKU00935,261,70,28,2025-06-16
ST23,SKU03863,588,100,42,2025-06-12
ST14,SKU02094,240,75,35,2025-08-25
ST26,SKU01919,146,33,14,2025-05-10
ST05,SKU03257,324,63,26,2025-09-01
ST05,SKU01042,406,68,30,2025-05-10
ST03,SKU02164,310,84,18,2025-06-26
ST01,SKU01337,249,43,21,2025-08-13
ST14,SKU03491,325,65,30,2025-05-28
ST28,SKU01174,506,94,33,2025-05-27
ST02,SKU01939,241,46,20,2025-06-17
ST12,SKU03152,533,93,38,2025-07-07
ST29,SKU02567,107,28,13,2025-06-06
ST12,SKU02923,0,89,26,2025-09-14
ST05,SKU01981,313,54,24,2025-05-11
ST22,SKU01396,309,69,20,2025-08-20
ST20,SKU00532,219,58,16,2025-06-03
ST30,SKU00991,195,50,15,2025-05-21
ST09,SKU04315,0,61,14,2025-10-10
ST10,SKU03493,420,72,22,2025-08-24
ST15,SKU01356,175,30,11,2025-08-31
ST18,SKU03088,0,26,8,2025-09-29
ST13,SKU00758,230,46,16,2025-05-31
ST11,SKU01880,113,20,8,2025-05-18
ST21,SKU04554,529,99,43,2025-06-07
ST11,SKU01651,306,59,23,2025-06-18
ST02,SKU04046,0,35,14,2025-09-23
ST19,SKU04215,155,51,11,2025-06-01
ST20,SKU04854,277,88,18,2025-05-19
ST06,SKU04919,447,90,28,2025-05-09
ST30,SKU01112,228,58,18,2025-07-06
ST06,SKU04690,449,78,35,2025-08-17
ST09,SKU02221,285,72,18,2025-07-06
ST14,SKU04551,0,94,42,2025-10-01
ST14,SKU00350,307,93,24,2025-08-24
ST02,SKU02999,100,26,9,2025-07-01
ST17,SKU02570,356,89,30,2025-09-02
ST12,SKU04212,346,77,37,2025-08-12
ST17,SKU00355,132,26,6,2025-08-24
ST29,SKU03627,321,63,29,2025-08-29
ST03,SKU04392,446,99,30,2025-06-11
ST08,SKU00535,110,20,5,2025-05-31
ST20,SKU03807,241,44,21,2025-08-02
ST04,SKU00830,0,24,9,2025-09-12
ST06,SKU01428,289,66,28,2025-06-17
ST14,SKU03504,370,99,42,2025-06-24
ST09,SKU01174,481,89,20,2025-08-17
ST23,SKU03058,177,39,17,2025-06-17
ST05,SKU00237,395,70,25,2025-06-24
ST29,SKU04795,149,29,14,2025-06-09
ST03,SKU03574,316,77,17,2025-06-14
ST27,SKU03931,225,66,15,2025-08-15
ST27,SKU03702,0,96,23,2025-09-14
ST01,SKU00532,157,30,11,2025-08-18
ST13,SKU01818,230,50,13,2025-09-02
ST11,SKU00954,222,72,23,2025-07-11
ST16,SKU03284,385,65,27,2025-07-16
ST28,SKU02355,0,50,11,2025-10-02
ST09,SKU00127,241,56,13,2025-07-02
ST29,SKU01762,252,80,18,2025-05-06
ST17,SKU02462,0,54,19,2025-08-11
ST25,SKU02057,197,56,15,2025-08-23
ST30,SKU00186,208,40,17,2025-08-11
ST28,SKU03523,292,82,19,2025-07-23
ST19,SKU04228,247,71,28,2025-07-01
ST12,SKU03286,269,69,31,2025-06-24
ST27,SKU04052,150,33,15,2025-08-31
ST13,SKU04154,0,80,18,2025-10-03
ST01,SKU04854,125,36,11,2025-06-09
ST13,SKU01939,362,92,36,2025-05-10
ST27,SKU03823,112,30,7,2025-07-31
ST01,SKU02639,367,67,32,2025-07-10
ST04,SKU04334,103,32,14,2025-06-30
ST11,SKU01075,258,45,19,2025-05-14
ST21,SKU03749,406,76,19,2025-05-14
ST21,SKU03520,286,72,31,2025-06-12
ST14,SKU00363,0,52,23,2025-09-02
ST07,SKU01370,0,43,21,2025-09-08
ST22,SKU04913,0,85,19,2025-08-22
ST24,SKU01310,297,53,25,2025-06-23
ST12,SKU00024,369,70,27,2025-06-01
ST27,SKU03005,177,40,16,2025-05-17
ST10,SKU03627,411,90,19,2025-08-31
ST01,SKU03807,288,67,31,2025-05-13
ST30,SKU04508,0,75,21,2025-10-05
ST01,SKU01592,222,47,16,2025-08-18
ST04,SKU03058,191,38,11,2025-07-14
ST02,SKU04409,179,31,8,2025-08-12
ST26,SKU01356,209,41,9,2025-06-03
ST24,SKU04693,305,70,32,2025-07-15
ST10,SKU04795,173,38,14,2025-05-26
ST29,SKU02822,400,95,22,2025-06-14
ST10,SKU02580,366,79,38,2025-06-14
ST24,SKU00263,0,27,13,2025-09-11
ST22,SKU01880,333,90,42,2025-05-07
ST01,SKU00774,0,100,38,2025-09-24
ST23,SKU04468,411,92,30,2025-05-08
ST09,SKU02584,389,82,21,2025-05-25
ST23,SKU02253,221,37,18,2025-08-01
ST14,SKU00484,0,52,13,2025-10-06
ST05,SKU03633,0,89,27,2025-09-30
ST17,SKU04919,373,80,29,2025-06-12
ST10,SKU01762,93,25,10,2025-05-17
ST17,SKU04690,300,100,38,2025-08-27
ST29,SKU01775,0,50,14,2025-08-17
ST01,SKU04157,0,57,28,2025-09-22
ST27,SKU00682,135,38,9,2025-06-24
ST25,SKU02070,150,35,10,2025-07-05
ST09,SKU03523,251,69,22,2025-06-04
ST16,SKU00264,0,29,10,2025-09-27
ST04,SKU03179,276,50,23,2025-07-30
ST19,SKU02484,0,93,46,2025-08-14
ST10,SKU02930,0,37,14,2025-08-09
ST12,SKU01542,424,93,34,2025-06-18
ST05,SKU00371,350,74,15,2025-07-16
ST29,SKU00728,0,74,21,2025-08-20
ST08,SKU04052,182,37,15,2025-08-21
ST08,SKU03823,477,92,24,2025-06-07
ST28,SKU02718,348,71,28,2025-08-07
ST21,SKU01547,0,96,35,2025-10-02
ST02,SKU03254,414,83,29,2025-07-14
ST22,SKU00954,248,74,27,2025-07-21
ST08,SKU03005,168,54,14,2025-08-28
ST13,SKU03349,98,20,7,2025-05-13
ST27,SKU01032,297,50,20,2025-07-22
ST20,SKU04062,227,45,14,2025-08-10
ST21,SKU00500,0,22,6,2025-08-04
ST07,SKU02780,214,36,13,2025-06-14
ST19,SKU04591,374,80,30,2025-08-04
ST24,SKU00734,328,65,30,2025-08-14
ST05,SKU04693,344,71,33,2025-05-30
ST19,SKU02376,365,69,33,2025-05-12
ST13,SKU02302,210,42,20,2025-08-18
ST27,SKU01971,429,97,36,2025-08-10
ST30,SKU01717,95,28,14,2025-06-04
ST04,SKU02253,555,95,20,2025-08-09
ST02,SKU03375,267,78,37,2025-08-28
ST19,SKU03773,76,25,9,2025-07-13
ST26,SKU00551,291,60,16,2025-08-26
ST17,SKU02946,293,80,34,2025-06-09
ST22,SKU01075,279,50,11,2025-06-29
ST20,SKU04412,325,57,22,2025-06-29
ST03,SKU04768,307,54,15,2025-08-14
ST27,SKU03139,514,90,34,2025-06-21
ST18,SKU01370,0,77,21,2025-08-09
ST16,SKU00506,0,20,5,2025-10-03
ST28,SKU01792,381,66,14,2025-07-13
ST07,SKU04887,271,59,19,2025-08-22
ST24,SKU00855,322,62,20,2025-06-13
ST03,SKU03950,221,48,13,2025-08-27
ST08,SKU02079,0,39,15,2025-09-25
ST13,SKU04409,272,60,12,2025-08-31
ST23,SKU04831,338,83,29,2025-06-21
ST06,SKU00986,258,80,20,2025-06-15
ST09,SKU02718,237,55,17,2025-06-13
ST23,SKU00401,384,77,20,2025-07-15
ST23,SKU02387,246,74,30,2025-05-15
ST14,SKU02833,0,38,18,2025-10-03
ST07,SKU01854,298,89,26,2025-07-09
ST07,SKU03840,0,32,11,2025-09-29
ST01,SKU00090,407,87,18,2025-07-21
ST08,SKU01032,298,63,19,2025-08-14
ST06,SKU04140,0,75,33,2025-08-06
ST05,SKU00734,378,82,30,2025-05-26
ST22,SKU04350,0,49,15,2025-09-11
ST08,SKU01971,485,100,23,2025-06-24
ST20,SKU03257,136,28,8,2025-08-15
ST23,SKU02737,0,20,4,2025-09-19
ST22,SKU01317,0,81,35,2025-09-02
ST20,SKU04654,240,43,20,2025-08-18
ST01,SKU04412,153,27,12,2025-06-11
ST08,SKU03139,359,87,33,2025-05-09
ST23,SKU03905,157,28,9,2025-05-31
ST06,SKU04261,244,62,28,2025-07-13
ST11,SKU04605,157,31,7,2025-07-31
ST09,SKU01792,90,28,11,2025-05-09
ST28,SKU01805,284,65,26,2025-08-18
ST02,SKU00584,203,37,10,2025-06-10
ST02,SKU02570,201,39,8,2025-08-31
ST07,SKU00699,200,49,18,2025-06-30
ST05,SKU00855,214,41,15,2025-07-17
ST02,SKU00355,562,100,25,2025-07-09
ST15,SKU01048,0,52,12,2025-09-21
ST18,SKU02780,363,65,17,2025-07-06
ST30,SKU03837,443,91,28,2025-08-23
ST23,SKU02858,0,53,18,2025-08-09
ST04,SKU04831,529,97,33,2025-06-27
ST28,SKU00987,294,76,34,2025-08-26
ST04,SKU00401,282,68,24,2025-09-01
ST28,SKU00758,266,46,12,2025-07-31
ST14,SKU00860,156,31,13,2025-05-13
ST08,SKU01274,0,46,15,2025-09-09
ST27,SKU01287,291,62,26,2025-07-23
ST08,SKU01045,0,30,10,2025-08-19
ST11,SKU04726,393,80,39,2025-05-14
ST21,SKU03199,0,64,16,2025-08-19
ST19,SKU00645,303,80,23,2025-06-07
ST29,SKU01104,479,86,33,2025-06-23
ST18,SKU04887,567,97,38,2025-07-11
ST13,SKU00342,232,61,22,2025-07-27
ST27,SKU00240,327,67,22,2025-06-12
ST23,SKU00535,346,100,46,2025-06-18
ST07,SKU01988,0,40,19,2025-08-24
ST29,SKU02501,275,71,34,2025-07-24
ST10,SKU04245,0,27,11,2025-09-27
ST03,SKU03266,223,63,30,2025-07-09
ST18,SKU01854,419,99,24,2025-05-09
ST18,SKU03840,0,61,25,2025-08-27
ST11,SKU04847,0,95,46,2025-09-15
ST04,SKU03905,138,26,8,2025-07-30
ST21,SKU03320,110,27,9,2025-08-12
ST09,SKU01805,554,99,41,2025-06-13
ST27,SKU04791,89,22,7,2025-06-12
ST27,SKU02576,359,89,24,2025-06-09
ST04,SKU02858,0,53,15,2025-09-23
ST16,SKU04144,130,32,15,2025-07-24
ST09,SKU00987,234,66,29,2025-05-06
ST09,SKU00758,389,99,39,2025-05-15
ST08,SKU01287,470,86,42,2025-05-23
ST30,SKU01046,113,33,9,2025-06-11
ST21,SKU03441,251,44,19,2025-08-23
ST11,SKU00538,0,25,8,2025-09-02
ST22,SKU04605,127,27,12,2025-05-30
ST08,SKU00240,223,58,15,2025-08-05
ST18,SKU00699,260,64,26,2025-08-07
ST19,SKU02055,152,38,14,2025-07-01
ST29,SKU04729,252,42,13,2025-05-18
ST10,SKU02501,83,26,11,2025-08-20
ST01,SKU00466,367,84,37,2025-06-13
ST25,SKU00823,0,41,18,2025-10-05
ST30,SKU01167,271,59,28,2025-05-29
ST04,SKU04147,280,49,23,2025-06-30
ST21,SKU03562,205,35,14,2025-06-04
ST22,SKU02740,0,63,22,2025-10-02
ST22,SKU04726,433,79,17,2025-07-06
ST08,SKU04791,493,94,45,2025-06-20
ST08,SKU02576,141,30,15,2025-08-30
ST15,SKU01303,276,61,15,2025-06-30
ST09,SKU01229,343,61,17,2025-06-09
ST04,SKU02871,459,100,36,2025-06-25
ST28,SKU03457,296,55,24,2025-05-13
ST02,SKU04222,397,68,15,2025-08-21
ST07,SKU02351,499,89,23,2025-08-05
ST19,SKU02176,0,88,36,2025-09-07
ST12,SKU03220,313,88,25,2025-07-23
ST24,SKU02520,228,62,28,2025-06-03
ST24,SKU00305,224,51,20,2025-08-23
ST08,SKU03744,250,44,12,2025-05-14
ST18,SKU02217,395,90,43,2025-07-26
ST15,SKU02471,525,100,42,2025-08-08
ST27,SKU01542,126,26,7,2025-06-20
ST30,SKU03274,0,74,28,2025-09-19
ST18,SKU01988,0,61,23,2025-09-09
ST23,SKU04281,398,97,43,2025-08-25
ST21,SKU03454,235,53,18,2025-07-03
ST12,SKU04388,236,71,16,2025-08-17
ST07,SKU01075,171,42,15,2025-05-29
ST29,SKU03803,118,21,5,2025-06-08
ST22,SKU04847,0,45,12,2025-09-02
ST19,SKU03115,245,78,16,2025-05-07
ST18,SKU01170,0,41,16,2025-08-27
ST25,SKU02112,535,100,36,2025-05-10
ST30,SKU04442,237,48,17,2025-06-15
ST21,SKU00421,410,69,26,2025-05-30
ST28,SKU03349,101,31,14,2025-07-31
ST02,SKU02128,381,72,22,2025-06-30
ST07,SKU02472,84,21,4,2025-05-12
ST19,SKU02068,0,37,14,2025-09-21
ST10,SKU02514,189,47,10,2025-08-24
ST01,SKU02923,0,87,23,2025-10-02
ST06,SKU04987,358,76,25,2025-06-10
ST09,SKU04504,98,20,10,2025-06-21
ST28,SKU02302,533,94,28,2025-06-14
ST24,SKU03580,429,81,34,2025-06-20
ST10,SKU01696,130,38,10,2025-06-05
ST12,SKU00079,0,41,19,2025-09-16
ST19,SKU01021,0,94,26,2025-08-20
ST22,SKU00538,0,38,9,2025-10-02
ST27,SKU00845,0,72,35,2025-09-04
ST05,SKU02520,452,85,29,2025-06-19
ST05,SKU00305,434,99,46,2025-08-07
ST10,SKU00649,147,47,13,2025-07-20
ST20,SKU03057,0,51,17,2025-09-16
ST15,SKU00498,218,52,12,2025-06-22
ST08,SKU01542,453,95,20,2025-07-29
ST04,SKU04281,224,51,20,2025-08-08
ST06,SKU04879,370,66,31,2025-05-19
ST10,SKU03803,236,70,33,2025-07-17
ST13,SKU01068,233,48,23,2025-07-26
ST30,SKU00254,0,92,23,2025-09-13
ST28,SKU01605,300,74,35,2025-08-28
ST14,SKU03693,0,86,30,2025-09-18
ST16,SKU00090,280,64,19,2025-08-21
ST02,SKU00155,315,75,20,2025-06-10
ST12,SKU03583,108,33,8,2025-08-17
ST05,SKU04627,0,82,23,2025-09-04
ST13,SKU04222,347,80,17,2025-05-11
ST18,SKU02351,104,27,9,2025-06-11
ST06,SKU03014,378,93,26,2025-06-07
ST09,SKU02531,0,98,47,2025-09-27
ST26,SKU02471,149,29,9,2025-08-10
ST07,SKU01438,0,44,20,2025-08-10
ST24,SKU03822,147,31,10,2025-05-21
ST05,SKU03580,111,29,11,2025-05-25
ST22,SKU01009,0,36,16,2025-08-22
ST15,SKU03773,395,94,33,2025-06-19
ST27,SKU00858,384,86,29,2025-08-30
ST16,SKU04641,184,41,10,2025-05-31
ST21,SKU04756,0,29,11,2025-10-12
ST01,SKU03057,0,31,14,2025-08-21
ST25,SKU01428,147,29,13,2025-08-31
ST27,SKU04012,0,100,23,2025-09-28
ST25,SKU03414,353,75,25,2025-06-12
ST13,SKU02128,81,21,6,2025-05-22
ST15,SKU04941,89,25,12,2025-07-22
ST11,SKU01264,429,76,36,2025-07-10
ST17,SKU04987,572,97,25,2025-08-22
ST12,SKU04643,157,51,23,2025-07-25
ST10,SKU01830,145,28,9,2025-07-05
ST04,SKU03476,0,86,40,2025-08-08
ST28,SKU03833,475,95,21,2025-08-09
ST09,SKU01605,106,25,9,2025-08-02
ST23,SKU01274,0,85,19,2025-09-25
ST21,SKU02662,144,45,10,2025-08-03
ST10,SKU04166,0,47,17,2025-09-03
ST05,SKU03822,156,39,18,2025-06-14
ST15,SKU04244,157,52,12,2025-06-29
ST01,SKU04346,0,30,15,2025-08-20
ST06,SKU02209,89,29,9,2025-05-28
ST09,SKU03941,345,67,21,2025-05-21
ST16,SKU04654,385,92,21,2025-08-16
ST19,SKU04888,161,45,19,2025-06-01
ST03,SKU01911,310,90,35,2025-08-14
ST13,SKU00155,285,51,19,2025-06-06
ST11,SKU03492,166,55,16,2025-08-25
ST28,SKU02907,334,73,24,2025-08-16
ST14,SKU01023,447,85,35,2025-08-03
ST09,SKU00679,97,26,9,2025-06-12
ST07,SKU04016,0,29,9,2025-09-22
ST24,SKU01970,474,84,22,2025-05-09
ST17,SKU03014,184,53,24,2025-07-04
ST27,SKU03436,170,52,20,2025-08-26
ST25,SKU04824,0,83,27,2025-08-18
ST20,SKU00050,0,41,9,2025-08-04
ST09,SKU03833,428,83,40,2025-07-28
ST16,SKU00574,499,85,38,2025-08-27
ST07,SKU02740,0,95,38,2025-10-12
ST22,SKU04526,193,39,13,2025-05-29
ST29,SKU01038,315,68,21,2025-05-21
ST08,SKU04362,0,71,27,2025-09-23
ST03,SKU01803,185,55,24,2025-05-25
ST15,SKU03089,173,35,8,2025-08-29
ST22,SKU01264,179,49,19,2025-07-29
ST20,SKU02386,235,65,21,2025-07-01
ST04,SKU03839,352,61,28,2025-05-26
ST21,SKU03254,242,52,13,2025-08-01
ST28,SKU01981,328,66,27,2025-07-10
ST16,SKU02681,388,89,32,2025-07-25
ST07,SKU03090,317,76,16,2025-05-28
ST24,SKU03259,0,52,23,2025-09-12
ST19,SKU02915,239,78,35,2025-08-22
ST19,SKU04901,439,75,22,2025-06-22
ST17,SKU02088,0,45,18,2025-10-04
ST15,SKU03210,364,99,42,2025-05-12
ST27,SKU00066,161,30,15,2025-06-02
ST09,SKU02907,88,20,4,2025-07-11
ST14,SKU03251,341,62,27,2025-05-09
ST05,SKU01970,112,27,11,2025-07-18
ST08,SKU03436,414,73,23,2025-07-11
ST11,SKU04902,267,66,30,2025-06-03
ST16,SKU03031,255,45,12,2025-08-13
ST07,SKU00996,0,40,15,2025-09-15
ST19,SKU03036,361,93,28,2025-05-22
ST22,SKU04768,63,20,5,2025-06-02
ST19,SKU00821,251,55,16,2025-05-09
ST17,SKU02209,559,96,27,2025-07-11
ST10,SKU01038,293,81,32,2025-08-07
ST25,SKU04019,182,43,9,2025-07-21
ST30,SKU01919,337,63,13,2025-06-05
ST09,SKU01042,357,100,40,2025-06-07
ST07,SKU02164,196,36,14,2025-08-07
ST29,SKU04663,0,36,13,2025-09-09
ST19,SKU03975,145,29,14,2025-07-06
ST22,SKU03492,425,94,46,2025-05-25
ST06,SKU04679,293,90,22,2025-05-10
ST16,SKU03152,103,20,5,2025-07-24
ST09,SKU01981,442,99,41,2025-06-12
ST19,SKU00942,0,68,29,2025-08-12
ST01,SKU01568,327,70,17,2025-05-19
ST25,SKU01696,315,80,24,2025-08-13
ST14,SKU03493,280,50,24,2025-06-15
ST23,SKU00832,0,76,36,2025-08-28
ST26,SKU03089,444,78,36,2025-06-27
ST29,SKU00354,468,83,27,2025-05-12
ST15,SKU00190,0,29,9,2025-10-05
ST13,SKU01578,0,90,33,2025-10-09
ST20,SKU02520,174,57,16,2025-05-24
ST25,SKU00649,152,47,9,2025-08-13
ST06,SKU04571,0,42,18,2025-09-30
ST14,SKU02217,336,68,24,2025-05-26
ST02,SKU00894,344,84,37,2025-07-20
ST19,SKU01063,428,77,18,2025-05-24
ST25,SKU02046,0,57,13,2025-09-28
ST08,SKU00416,0,89,39,2025-09-28
ST21,SKU00355,473,96,35,2025-08-09
ST28,SKU01068,96,21,10,2025-06-22
ST07,SKU04392,362,69,29,2025-06-11
ST26,SKU03210,68,22,7,2025-07-06
ST29,SKU04905,255,69,31,2025-08-26
ST10,SKU04663,0,100,21,2025-10-10
ST19,SKU04217,413,98,23,2025-05-29
ST10,SKU00462,176,30,7,2025-08-30
ST27,SKU03812,0,46,16,2025-10-01
ST20,SKU04856,210,40,19,2025-06-01
ST14,SKU02567,172,36,17,2025-06-28
ST26,SKU04607,204,42,20,2025-06-25
ST26,SKU00177,0,43,18,2025-09-18
ST22,SKU04902,239,53,25,2025-07-23
ST29,SKU01414,0,78,19,2025-09-07
ST25,SKU04153,357,80,36,2025-05-18
ST27,SKU00550,312,56,16,2025-05-08
ST21,SKU02462,0,95,20,2025-09-11
ST28,SKU01189,0,32,10,2025-08-14
ST10,SKU00354,194,64,13,2025-05-20
ST03,SKU03347,480,93,23,2025-06-21
ST18,SKU02164,329,66,24,2025-08-08
ST11,SKU03171,0,68,22,2025-10-09
ST16,SKU03286,193,52,24,2025-07-24
ST28,SKU00371,457,78,22,2025-09-02
ST10,SKU03737,400,68,31,2025-06-25
ST24,SKU01420,0,98,27,2025-08-19
ST17,SKU04679,122,23,7,2025-06-29
ST04,SKU00953,0,25,7,2025-09-10
ST14,SKU03627,340,63,17,2025-07-10
ST28,SKU01310,239,76,27,2025-08-21
ST26,SKU01466,0,95,33,2025-09-17
ST10,SKU04905,311,89,26,2025-08-18
ST24,SKU04574,0,83,26,2025-10-09
ST27,SKU04054,232,39,10,2025-07-09
ST08,SKU03812,0,51,22,2025-08-08
ST15,SKU00553,101,20,10,2025-06-09
ST01,SKU04856,335,83,27,2025-05-07
ST30,SKU01356,105,33,12,2025-08-12
ST28,SKU04693,160,39,11,2025-07-31
ST04,SKU04107,271,65,14,2025-07-27
ST14,SKU04795,395,77,38,2025-08-15
ST10,SKU01643,313,81,25,2025-06-15
ST03,SKU02421,197,40,15,2025-07-26
ST13,SKU00894,393,70,28,2025-05-09
ST08,SKU00550,330,79,24,2025-06-21
ST21,SKU04919,273,73,18,2025-06-06
ST21,SKU04690,186,39,19,2025-06-25
ST07,SKU04526,394,91,29,2025-07-18
ST19,SKU04580,156,47,10,2025-05-15
ST10,SKU04797,187,50,24,2025-05-27
ST17,SKU01538,252,43,15,2025-08-14
ST18,SKU04392,335,100,42,2025-06-25
ST04,SKU04228,521,90,27,2025-06-13
ST09,SKU00371,351,75,18,2025-07-17
ST26,SKU04741,282,86,30,2025-07-02
ST21,SKU01428,526,94,32,2025-07-17
ST24,SKU01662,0,77,32,2025-08-14
ST19,SKU01318,83,27,7,2025-07-01
ST24,SKU01433,151,38,15,2025-07-15
ST15,SKU03828,294,63,28,2025-08-04
ST09,SKU01310,340,62,16,2025-06-30
ST02,SKU00331,157,39,19,2025-05-08
ST02,SKU04532,256,85,18,2025-08-14
ST08,SKU04054,271,76,18,2025-07-16
ST03,SKU01495,243,67,27,2025-08-13
ST09,SKU04693,369,67,17,2025-05-19
ST14,SKU02822,144,39,15,2025-06-16
ST28,SKU04706,142,25,7,2025-06-13
ST09,SKU00263,0,38,13,2025-08-09
ST19,SKU03425,0,33,12,2025-08-22
ST22,SKU03171,0,76,20,2025-09-25
ST30,SKU00551,143,43,15,2025-08-26
ST21,SKU02946,313,74,35,2025-07-31
ST14,SKU01775,0,87,22,2025-08-08
ST02,SKU04653,122,24,12,2025-05-16
ST07,SKU04768,420,88,27,2025-06-03
ST24,SKU00507,167,31,6,2025-08-29
ST20,SKU01031,412,77,25,2025-06-19
ST04,SKU02484,0,42,21,2025-10-10
ST14,SKU00728,0,59,16,2025-08-04
ST07,SKU03950,263,56,11,2025-06-12
ST22,SKU03292,0,59,18,2025-10-12
ST19,SKU03546,0,24,7,2025-09-01
ST12,SKU00389,190,33,11,2025-07-14
ST01,SKU04401,269,54,23,2025-07-12
ST20,SKU04414,137,44,17,2025-05-16
ST19,SKU02728,442,87,20,2025-08-10
ST20,SKU01152,0,92,35,2025-08-09
ST27,SKU02094,428,91,45,2025-08-21
ST04,SKU04591,498,94,34,2025-07-08
ST09,SKU00734,248,43,15,2025-05-21
ST02,SKU03727,0,37,16,2025-08-05
ST25,SKU04879,435,82,24,2025-07-29
ST25,SKU00449,591,99,45,2025-07-31
ST04,SKU03773,247,79,23,2025-08-04
ST06,SKU00170,113,28,11,2025-08-16
ST11,SKU02500,250,76,17,2025-07-12
ST26,SKU03828,267,58,21,2025-06-01
ST24,SKU00978,443,86,28,2025-08-15
ST24,SKU02964,234,39,19,2025-06-12
ST22,SKU04352,388,89,29,2025-08-14
ST24,SKU00749,261,57,18,2025-06-08
ST03,SKU04073,367,68,20,2025-06-12
ST05,SKU02722,281,51,25,2025-05-20
ST13,SKU04532,295,78,31,2025-05-20
ST15,SKU00929,0,87,34,2025-10-09
ST20,SKU03259,0,21,5,2025-09-05
ST01,SKU01031,106,29,14,2025-07-13
ST13,SKU00331,180,31,8,2025-06-01
ST25,SKU03603,300,66,29,2025-08-02
ST23,SKU00524,87,25,12,2025-07-20
ST02,SKU03848,79,20,5,2025-06-17
ST26,SKU04996,189,43,19,2025-05-06
ST05,SKU01675,322,78,25,2025-06-02
ST01,SKU04414,223,38,12,2025-05-11
ST25,SKU04771,255,80,21,2025-06-06
ST06,SKU00291,0,93,35,2025-08-24
ST06,SKU00062,0,60,13,2025-08-04
ST03,SKU04194,239,42,15,2025-07-21
ST20,SKU03609,224,70,34,2025-06-16
ST13,SKU04653,145,28,11,2025-05-30
ST01,SKU01152,0,61,20,2025-09-24
ST08,SKU02094,274,51,13,2025-09-01
ST18,SKU04768,79,21,8,2025-08-29
ST23,SKU00645,236,57,22,2025-05-07
ST02,SKU01754,365,67,14,2025-08-20
ST17,SKU03311,367,88,34,2025-05-08
ST24,SKU02038,156,32,13,2025-09-01
ST29,SKU00167,315,61,28,2025-05-16
ST08,SKU03491,144,37,13,2025-07-04
ST18,SKU03950,85,28,10,2025-05-09
ST14,SKU04245,0,91,29,2025-08-11
ST21,SKU00986,186,48,15,2025-05-11
ST05,SKU00978,471,81,25,2025-05-17
ST17,SKU04250,359,95,36,2025-06-23
ST24,SKU00991,455,95,25,2025-05-06
ST03,SKU04315,0,99,37,2025-08-08
ST05,SKU00749,199,51,24,2025-06-09
ST05,SKU02964,229,64,28,2025-05-08
ST27,SKU04443,389,73,25,2025-08-04
ST11,SKU01466,0,61,25,2025-08-22
ST04,SKU00524,400,86,43,2025-08-06
ST26,SKU01037,0,34,15,2025-08-22
ST24,SKU04145,170,34,7,2025-06-09
ST15,SKU04554,149,46,22,2025-08-03
ST06,SKU02519,111,22,8,2025-07-01
ST04,SKU03907,0,51,16,2025-08-26
ST11,SKU04849,260,52,21,2025-08-19
ST06,SKU04505,149,49,23,2025-05-17
ST02,SKU03043,378,86,25,2025-06-24
ST26,SKU02205,327,56,13,2025-06-10
ST19,SKU02983,0,99,24,2025-08-05
ST24,SKU01112,189,35,13,2025-07-23
ST17,SKU00170,115,20,10,2025-07-26
ST22,SKU02500,468,83,35,2025-06-07
ST22,SKU00285,0,76,25,2025-09-11
ST08,SKU04551,0,71,24,2025-09-21
ST01,SKU03609,463,89,18,2025-07-18
ST25,SKU03966,373,65,19,2025-06-05
ST27,SKU00363,0,78,24,2025-08-06
ST08,SKU00350,199,34,10,2025-07-19
ST04,SKU00645,266,48,16,2025-08-04
ST14,SKU01104,69,23,10,2025-06-29
ST26,SKU00929,0,83,27,2025-09-07
ST05,SKU02267,215,58,20,2025-06-13
ST12,SKU00994,0,98,20,2025-08-22
ST05,SKU00052,341,60,19,2025-08-01
ST05,SKU02038,243,55,24,2025-07-08
ST10,SKU00167,267,65,25,2025-07-30
ST03,SKU01174,169,54,16,2025-08-19
ST06,SKU04626,0,28,11,2025-08-12
ST23,SKU02055,278,91,30,2025-06-03
ST23,SKU04041,0,20,8,2025-08-15
ST14,SKU02501,329,74,35,2025-07-05
ST14,SKU00286,0,69,26,2025-09-24
ST17,SKU00291,0,78,35,2025-09-02
ST05,SKU00991,375,93,32,2025-05-25
ST17,SKU02277,448,88,43,2025-09-01
ST03,SKU00127,145,40,14,2025-07-20
ST20,SKU03743,0,81,21,2025-09-29
ST16,SKU00066,231,68,27,2025-07-12
ST19,SKU02057,217,67,33,2025-08-18
ST10,SKU02503,0,31,9,2025-08-31
ST24,SKU00186,291,53,16,2025-06-01
ST13,SKU01754,210,46,20,2025-06-30
ST11,SKU00890,234,50,24,2025-07-30
ST06,SKU00546,143,29,9,2025-06-17
ST28,SKU00305,371,90,34,2025-08-28
ST02,SKU01070,147,41,10,2025-08-26
ST05,SKU01112,211,61,20,2025-08-21
ST15,SKU03749,245,73,27,2025-08-31
ST08,SKU00592,277,54,11,2025-08-20
ST18,SKU03266,177,34,15,2025-06-19
ST01,SKU03622,0,34,13,2025-08-07
ST20,SKU01649,375,77,24,2025-05-19
ST16,SKU04388,280,82,40,2025-06-18
ST06,SKU01485,0,46,12,2025-09-19
ST23,SKU03115,396,75,24,2025-08-10
ST24,SKU04508,0,87,27,2025-08-19
ST01,SKU00589,85,22,7,2025-06-06
ST11,SKU02997,217,52,16,2025-08-22
ST04,SKU04041,0,30,14,2025-08-11
ST14,SKU04729,421,75,28,2025-07-18
ST14,SKU02514,469,92,24,2025-08-25
ST26,SKU04554,358,60,22,2025-08-27
ST04,SKU02055,155,27,13,2025-05-26
ST02,SKU03177,256,52,15,2025-07-20
ST29,SKU03805,334,69,18,2025-05-21
ST15,SKU03870,0,26,6,2025-09-28
ST03,SKU02584,263,61,19,2025-07-03
ST25,SKU04329,0,40,18,2025-09-04
ST03,SKU02355,0,53,24,2025-08-14
ST01,SKU03743,0,74,21,2025-09-18
ST13,SKU03043,217,72,18,2025-06-13
ST25,SKU02114,253,59,27,2025-06-13
ST16,SKU04280,0,21,8,2025-10-04
ST23,SKU01021,0,92,25,2025-10-03
ST05,SKU00186,233,54,15,2025-05-09
ST03,SKU03523,404,80,26,2025-05-18
ST15,SKU00608,82,20,7,2025-05-15
ST18,SKU02340,0,21,7,2025-09-04
ST20,SKU02938,189,54,17,2025-08-21
ST09,SKU02520,328,69,17,2025-08-30
ST09,SKU00305,385,77,17,2025-05-08
ST28,SKU02533,72,21,7,2025-08-04
ST01,SKU03864,267,65,23,2025-08-26
ST27,SKU02833,0,97,45,2025-08-06
ST01,SKU01649,471,93,34,2025-05-19
ST25,SKU00020,0,60,18,2025-09-24
ST14,SKU03803,214,58,16,2025-05-27
ST04,SKU03115,293,64,15,2025-09-01
ST30,SKU01303,101,20,10,2025-08-03
ST09,SKU04627,0,46,12,2025-09-23
ST04,SKU02068,0,69,29,2025-09-23
ST24,SKU01717,207,46,12,2025-08-02
ST22,SKU03105,366,61,13,2025-06-11
ST17,SKU04747,266,78,26,2025-07-20
ST22,SKU00890,195,41,19,2025-05-15
ST17,SKU00546,244,55,17,2025-08-10
ST25,SKU04571,0,85,33,2025-09-20
ST27,SKU02954,0,26,9,2025-10-02
ST18,SKU01414,0,29,12,2025-09-26
ST13,SKU01070,201,64,21,2025-07-24
ST30,SKU02471,121,33,8,2025-08-20
ST09,SKU03580,87,25,6,2025-07-06
ST04,SKU01021,0,82,19,2025-08-26
ST26,SKU03749,346,74,21,2025-07-12
ST26,SKU03520,162,43,18,2025-07-20
ST19,SKU02541,210,50,23,2025-08-11
ST12,SKU01370,0,89,24,2025-08-20
ST01,SKU02938,81,20,8,2025-06-21
ST25,SKU03295,236,71,30,2025-06-10
ST09,SKU02533,229,48,12,2025-05-27
ST14,SKU02648,0,66,22,2025-09-04
ST02,SKU03311,350,95,38,2025-05-25
ST12,SKU04753,289,57,27,2025-08-08
ST12,SKU02538,0,69,33,2025-08-26
ST03,SKU02718,130,24,10,2025-07-05
ST13,SKU01191,239,68,17,2025-07-10
ST27,SKU00860,153,29,10,2025-08-27
ST04,SKU01371,0,86,34,2025-09-12
ST16,SKU02657,0,30,14,2025-09-05
ST21,SKU04987,268,69,33,2025-06-07
ST14,SKU01830,245,71,29,2025-07-15
ST26,SKU03870,0,62,13,2025-08-16
ST16,SKU04643,386,74,26,2025-08-29
ST19,SKU02662,326,92,44,2025-05-18
ST29,SKU00906,483,89,40,2025-06-24
ST29,SKU02892,0,22,6,2025-09-12
ST25,SKU03416,305,55,20,2025-06-27
ST05,SKU03932,464,82,32,2025-05-28
ST05,SKU01717,286,50,16,2025-05-12
ST17,SKU00788,492,92,22,2025-07-02
ST30,SKU00498,228,59,13,2025-08-15
ST14,SKU04166,0,22,10,2025-09-18
ST09,SKU03822,152,32,12,2025-05-23
ST11,SKU02205,364,92,38,2025-06-30
ST21,SKU04879,176,39,17,2025-06-30
ST23,SKU03491,78,22,7,2025-06-18
ST24,SKU02898,0,69,28,2025-08-22
ST03,SKU01792,117,37,16,2025-05-06
ST01,SKU00965,163,45,21,2025-05-16
ST11,SKU03602,386,93,46,2025-09-02
ST04,SKU04646,0,45,17,2025-09-19
ST04,SKU00445,0,27,11,2025-08-14
ST12,SKU02780,389,74,34,2025-07-18
ST24,SKU03837,167,28,7,2025-07-08
ST01,SKU04348,0,69,20,2025-10-04
ST13,SKU01433,471,83,24,2025-06-12
ST06,SKU02211,536,100,42,2025-05-24
ST28,SKU01970,371,99,27,2025-06-16
ST21,SKU03014,522,98,34,2025-07-22
ST10,SKU00906,510,98,24,2025-07-20
ST15,SKU03199,0,79,33,2025-08-30
ST18,SKU00501,71,22,8,2025-06-19
ST30,SKU03773,298,74,35,2025-05-13
ST23,SKU02794,449,77,24,2025-05-21
ST06,SKU03150,339,79,37,2025-09-02
ST12,SKU04887,82,20,9,2025-05-13
ST20,SKU02267,526,99,39,2025-05-09
ST20,SKU00052,383,77,31,2025-08-30
ST06,SKU04318,0,34,10,2025-08-12
ST12,SKU01854,392,93,44,2025-07-12
ST12,SKU03840,0,68,27,2025-09-24
ST29,SKU03484,175,39,14,2025-05-11
ST15,SKU03320,265,51,19,2025-05-26
ST03,SKU01805,266,52,12,2025-06-29
ST04,SKU04888,86,23,9,2025-08-15
ST23,SKU02915,206,36,12,2025-05-18
ST23,SKU04901,449,89,31,2025-05-21
ST28,SKU03030,0,35,11,2025-08-09
ST03,SKU00987,162,31,12,2025-08-26
ST01,SKU02375,514,94,44,2025-07-25
ST03,SKU00758,128,22,7,2025-06-20
ST09,SKU01970,101,32,11,2025-06-01
ST24,SKU01046,345,71,26,2025-05-21
ST29,SKU03376,234,67,22,2025-08-05
ST03,SKU02155,0,50,24,2025-10-10
ST15,SKU03441,80,25,6,2025-08-31
ST13,SKU02614,0,71,26,2025-08-25
ST06,SKU03621,321,57,17,2025-07-11
ST04,SKU02794,317,84,36,2025-07-13
ST23,SKU00821,477,84,21,2025-07-26
ST16,SKU03851,0,98,21,2025-08-21
ST23,SKU00592,90,26,6,2025-08-30
ST22,SKU03602,211,49,22,2025-05-22
ST18,SKU04126,0,46,22,2025-09-29
ST01,SKU02267,376,74,22,2025-05-30
ST28,SKU04319,95,29,14,2025-06-06
ST10,SKU03484,370,97,22,2025-08-09
ST17,SKU02211,344,65,28,2025-06-29
ST04,SKU02915,134,36,8,2025-09-01
ST23,SKU00942,0,99,22,2025-09-20
ST04,SKU04901,298,82,39,2025-07-28
ST09,SKU03030,0,41,16,2025-09-01
ST02,SKU01822,339,59,25,2025-08-20
ST07,SKU04152,149,29,9,2025-09-02
ST10,SKU04652,345,59,26,2025-08-23
ST29,SKU04665,151,35,14,2025-08-25
ST03,SKU01229,142,35,7,2025-05-06
ST18,SKU01803,111,24,12,2025-06-22
ST30,SKU03089,174,52,11,2025-05-27
ST30,SKU00874,147,37,16,2025-07-29
ST02,SKU00775,145,26,12,2025-08-20
ST12,SKU02217,262,54,23,2025-07-17
ST07,SKU03105,265,80,24,2025-08-24
ST05,SKU01046,125,32,12,2025-06-25
ST25,SKU04142,122,21,5,2025-07-01
ST27,SKU00539,0,20,7,2025-10-12
ST15,SKU03454,231,55,16,2025-07-01
ST04,SKU03036,289,63,18,2025-06-07
ST06,SKU03634,134,24,10,2025-05-19
ST04,SKU00821,197,43,15,2025-05-06
ST07,SKU04273,0,29,13,2025-08-06
ST12,SKU01170,0,87,40,2025-08-16
ST10,SKU02558,328,75,23,2025-07-05
ST19,SKU02112,318,62,15,2025-05-08
ST24,SKU04442,262,55,17,2025-06-11
ST30,SKU03210,254,57,15,2025-06-06
ST13,SKU01580,462,93,44,2025-08-05
ST23,SKU04217,488,91,26,2025-07-30
ST04,SKU03975,288,66,32,2025-08-31
ST05,SKU01167,245,43,10,2025-07-06
ST03,SKU04504,219,49,14,2025-05-10
ST16,SKU04443,259,63,19,2025-07-08
ST26,SKU03441,356,74,18,2025-08-04
ST07,SKU02408,249,59,26,2025-08-14
ST02,SKU02064,396,79,17,2025-05-21
ST12,SKU03277,100,25,12,2025-06-13
ST10,SKU04665,166,49,12,2025-08-13
ST29,SKU02692,0,48,12,2025-09-08
ST03,SKU03457,199,60,25,2025-08-01
ST11,SKU00837,366,75,17,2025-08-28
ST28,SKU04453,0,64,25,2025-09-14
ST07,SKU03347,495,98,35,2025-07-11
ST05,SKU03274,0,49,14,2025-08-21
ST06,SKU03876,0,68,29,2025-10-10
ST13,SKU00654,413,74,32,2025-05-17
ST04,SKU01063,105,23,5,2025-08-08
ST14,SKU03737,138,25,8,2025-09-01
ST28,SKU01420,0,57,27,2025-10-09
ST23,SKU03291,325,88,29,2025-08-20
ST21,SKU04679,194,35,14,2025-05-25
ST05,SKU04442,335,67,23,2025-06-06
ST24,SKU00254,0,55,14,2025-09-18
ST03,SKU03578,0,54,21,2025-09-07
ST08,SKU03693,0,95,22,2025-09-18
ST25,SKU03108,478,83,41,2025-06-13
ST11,SKU03173,524,93,29,2025-07-22
ST14,SKU04905,111,32,8,2025-06-09
ST11,SKU00958,280,48,19,2025-06-23
ST02,SKU03353,0,96,39,2025-09-18
ST02,SKU01138,0,93,45,2025-10-06
ST05,SKU03624,199,51,18,2025-05-11
ST29,SKU01766,128,24,5,2025-05-09
ST13,SKU00775,105,24,6,2025-07-28
ST21,SKU04571,0,92,25,2025-08-13
ST14,SKU01414,0,79,22,2025-08-31
ST02,SKU04292,250,76,17,2025-08-08
ST07,SKU02421,386,100,23,2025-06-13
ST17,SKU03863,437,94,24,2025-05-10
ST26,SKU03454,449,80,18,2025-07-19
ST24,SKU02590,289,50,23,2025-05-08
ST10,SKU02692,0,77,32,2025-10-08
ST17,SKU03634,263,66,26,2025-05-13
ST06,SKU02950,0,56,21,2025-09-17
ST23,SKU04580,526,88,26,2025-07-29
ST16,SKU01423,385,74,20,2025-06-27
ST09,SKU04453,0,67,21,2025-10-02
ST23,SKU00150,146,31,9,2025-05-12
ST26,SKU00421,139,38,9,2025-05-18
ST19,SKU01428,272,78,32,2025-06-29
ST19,SKU03414,258,75,20,2025-07-26
ST10,SKU01645,587,98,31,2025-06-20
ST20,SKU04053,156,35,11,2025-07-19
ST11,SKU02247,0,20,9,2025-09-09
ST04,SKU03291,119,37,13,2025-07-25
ST16,SKU00376,0,80,37,2025-09-04
ST23,SKU01318,124,31,10,2025-06-08
ST28,SKU01433,354,79,33,2025-07-22
ST29,SKU02826,0,29,9,2025-09-08
ST20,SKU03235,542,99,33,2025-07-13
ST03,SKU01605,281,47,20,2025-05-11
ST13,SKU02064,295,59,15,2025-06-27
ST11,SKU01200,407,79,20,2025-07-25
ST09,SKU04574,0,30,8,2025-08-04
ST07,SKU01495,358,78,22,2025-08-13
ST19,SKU03535,0,68,15,2025-08-18
ST05,SKU01651,210,63,14,2025-07-06
ST10,SKU01766,225,66,31,2025-07-01
ST22,SKU00837,499,93,37,2025-07-12
ST25,SKU00317,307,56,22,2025-06-03
ST18,SKU03347,168,42,20,2025-06-24
ST11,SKU02368,0,76,32,2025-08-05
ST23,SKU03425,0,41,13,2025-10-08
ST17,SKU03876,0,27,7,2025-08-24
ST05,SKU02590,344,81,31,2025-07-05
ST03,SKU03941,535,100,35,2025-07-23
ST29,SKU00732,259,77,31,2025-08-05
ST08,SKU02070,412,85,18,2025-08-27
ST06,SKU03192,261,46,21,2025-08-26
ST04,SKU04580,122,22,6,2025-07-13
ST04,SKU00150,474,94,22,2025-05-27
ST28,SKU02722,184,40,13,2025-05-14
ST28,SKU00507,476,86,21,2025-06-07
ST29,SKU02129,272,69,18,2025-05-07
ST22,SKU00958,157,41,13,2025-08-10
ST08,SKU01023,123,33,16,2025-05-27
ST13,SKU03353,0,56,16,2025-09-25
ST01,SKU04053,228,66,14,2025-06-10
ST13,SKU01138,0,41,10,2025-10-07
ST27,SKU03251,215,56,13,2025-08-03
ST30,SKU00553,194,39,19,2025-06-02
ST04,SKU01318,436,88,42,2025-06-24
ST16,SKU00389,475,93,44,2025-05-07
ST28,SKU01675,192,59,27,2025-08-20
ST09,SKU01433,356,70,29,2025-05-26
ST05,SKU04926,0,40,18,2025-10-03
ST12,SKU01438,0,31,9,2025-08-20
ST03,SKU04062,214,61,25,2025-06-23
ST01,SKU03235,132,28,10,2025-08-26
ST03,SKU03833,523,96,24,2025-05-19
ST13,SKU04292,166,51,21,2025-08-17
ST18,SKU02421,379,78,31,2025-05-17
ST23,SKU02728,155,48,12,2025-07-19
ST11,SKU03428,336,96,46,2025-08-24
ST24,SKU01906,556,96,22,2025-08-21
ST17,SKU02950,0,26,11,2025-09-26
ST29,SKU04236,449,85,32,2025-08-25
ST03,SKU00571,185,40,12,2025-07-04
ST25,SKU00330,554,99,26,2025-05-15
ST11,SKU04596,0,40,18,2025-10-05
ST30,SKU02660,0,95,46,2025-08-19
ST22,SKU02247,0,47,12,2025-09-27
ST15,SKU03254,348,82,27,2025-08-05
ST25,SKU03484,334,62,27,2025-07-22
ST28,SKU02964,349,68,23,2025-06-04
ST09,SKU02722,164,44,10,2025-07-26
ST28,SKU00749,244,51,24,2025-07-06
ST09,SKU00507,501,97,23,2025-07-21
ST07,SKU04073,339,86,39,2025-06-17
ST10,SKU02129,431,73,20,2025-05-11
ST27,SKU03493,127,36,9,2025-08-14
ST25,SKU04652,445,75,24,2025-05-25
ST06,SKU02387,267,84,37,2025-06-10
ST18,SKU01495,507,86,40,2025-08-13
ST11,SKU00516,214,51,12,2025-08-18
ST30,SKU04996,243,49,11,2025-05-10
ST04,SKU03546,0,81,22,2025-09-29
ST16,SKU00631,273,70,28,2025-06-06
ST09,SKU01675,261,58,19,2025-06-16
ST22,SKU02368,0,75,34,2025-08-16
ST18,SKU02892,0,56,20,2025-08-24
ST27,SKU02217,266,52,12,2025-07-15
ST04,SKU02728,515,93,23,2025-06-22
ST07,SKU04194,458,99,43,2025-07-19
ST19,SKU04019,126,34,14,2025-05-17
ST05,SKU01906,187,54,13,2025-07-08
ST05,SKU03892,146,26,7,2025-07-13
ST24,SKU01919,200,63,30,2025-05-20
ST10,SKU04236,289,59,14,2025-07-19
ST03,SKU01042,300,53,23,2025-07-20
ST25,SKU02558,171,29,8,2025-05-26
ST06,SKU02279,285,90,27,2025-06-29
ST28,SKU02038,216,54,13,2025-07-17
ST14,SKU04126,0,59,15,2025-08-23
ST12,SKU04016,0,21,10,2025-08-05
ST22,SKU04475,417,85,21,2025-05-14
ST27,SKU02567,224,66,29,2025-07-30
ST03,SKU01981,257,47,10,2025-05-30
ST20,SKU01396,355,64,17,2025-08-14
ST09,SKU00978,119,21,10,2025-07-11
ST11,SKU03562,76,25,11,2025-07-02
ST28,SKU00991,381,92,45,2025-08-11
ST09,SKU00749,213,58,15,2025-08-24
ST21,SKU04250,100,29,11,2025-07-23
ST09,SKU02964,259,46,16,2025-07-27
ST19,SKU04140,0,77,27,2025-09-28
ST19,SKU01696,435,87,35,2025-08-21
ST22,SKU03428,107,29,12,2025-08-20
ST10,SKU02142,284,53,18,2025-07-17
ST25,SKU04894,371,63,22,2025-07-12
ST30,SKU01037,0,39,17,2025-08-13
ST14,SKU04476,0,99,35,2025-10-08
ST28,SKU04145,115,33,11,2025-08-28
ST22,SKU04596,0,61,27,2025-08-15
ST29,SKU01337,426,87,25,2025-08-01
ST22,SKU02381,0,62,27,2025-08-09
ST19,SKU00649,139,34,16,2025-07-13
ST30,SKU04191,0,52,17,2025-08-05
ST21,SKU00170,453,92,23,2025-06-01
ST26,SKU03254,137,23,8,2025-06-17
ST02,SKU03863,184,49,13,2025-06-09
ST12,SKU03090,151,41,13,2025-06-04
ST05,SKU01919,230,50,19,2025-08-10
ST29,SKU04491,366,86,40,2025-05-10
ST15,SKU00355,407,75,22,2025-06-18
ST27,SKU03627,337,64,28,2025-06-05
ST09,SKU00052,84,21,10,2025-05-22
ST14,SKU00167,146,38,17,2025-07-29
ST02,SKU00830,0,44,10,2025-08-19
ST07,SKU01174,459,97,36,2025-08-20
ST17,SKU02387,243,78,22,2025-07-19
ST22,SKU00516,284,94,23,2025-08-13
ST08,SKU02567,369,91,45,2025-08-24
ST20,SKU03624,309,69,23,2025-06-22
ST25,SKU03968,384,68,18,2025-08-01
ST11,SKU01818,325,83,22,2025-08-26
ST09,SKU00991,141,26,11,2025-05-07
ST26,SKU03375,441,88,40,2025-05-19
ST21,SKU02277,330,91,25,2025-05-29
ST19,SKU04153,238,59,12,2025-05-14
ST22,SKU01684,378,91,39,2025-09-02
ST29,SKU04612,271,49,12,2025-05-24
ST25,SKU00935,440,84,31,2025-08-11
ST28,SKU02401,0,96,37,2025-09-19
ST14,SKU02503,0,53,14,2025-09-30
ST23,SKU02057,188,36,13,2025-07-29
ST28,SKU00186,221,60,15,2025-08-14
ST12,SKU02164,557,98,47,2025-07-30
ST10,SKU01337,231,46,20,2025-05-29
ST11,SKU04154,0,97,41,2025-09-09
ST11,SKU01939,213,40,19,2025-09-02
ST09,SKU01112,314,75,29,2025-06-29
ST02,SKU04105,0,69,29,2025-09-26
ST22,SKU01805,383,66,23,2025-08-26
ST29,SKU00532,210,47,12,2025-05-24
ST01,SKU00699,138,33,16,2025-06-28
ST02,SKU03058,89,28,13,2025-07-31
ST24,SKU01356,255,59,18,2025-08-09
ST22,SKU00758,67,21,6,2025-05-09
ST08,SKU04795,100,24,12,2025-06-30
ST27,SKU02822,296,68,21,2025-06-25
ST30,SKU04554,213,53,20,2025-05-10
ST08,SKU02580,277,68,22,2025-08-11
ST20,SKU01651,247,59,17,2025-06-19
ST06,SKU03702,0,29,9,2025-09-04
ST11,SKU04046,0,43,16,2025-09-02
ST21,SKU02519,288,91,29,2025-07-19
ST21,SKU04505,112,28,12,2025-05-16
ST07,SKU00369,0,35,16,2025-08-28
ST10,SKU04612,370,64,23,2025-07-08
ST15,SKU04919,238,53,11,2025-07-12
ST29,SKU02639,243,73,34,2025-05-20
ST08,SKU01762,564,99,30,2025-08-17
ST15,SKU04690,150,33,13,2025-08-31
ST27,SKU01775,0,43,18,2025-09-11
ST04,SKU02057,397,87,43,2025-07-08
ST23,SKU02070,219,37,13,2025-06-23
ST26,SKU00355,73,20,5,2025-08-08
ST02,SKU03179,327,83,39,2025-08-04
ST12,SKU04392,76,25,6,2025-08-04
ST17,SKU00535,477,84,40,2025-06-14
ST29,SKU01592,448,90,27,2025-08-15
ST03,SKU00371,185,51,21,2025-07-29
ST13,SKU00830,0,64,22,2025-09-18
ST06,SKU04052,288,85,34,2025-06-12
ST18,SKU01174,454,80,23,2025-07-11
ST06,SKU03823,407,88,42,2025-06-02
ST21,SKU02640,0,22,6,2025-10-01
ST23,SKU01023,109,23,7,2025-07-23
ST10,SKU02747,0,44,17,2025-08-14
ST29,SKU00774,0,79,30,2025-09-01
ST10,SKU00532,172,52,23,2025-06-13
ST22,SKU01818,248,80,17,2025-08-03
ST20,SKU00954,229,69,23,2025-08-01
ST03,SKU01310,380,88,30,2025-06-02
ST18,SKU00127,123,35,10,2025-07-14
ST06,SKU03005,345,85,33,2025-08-03
ST06,SKU02776,0,63,30,2025-09-19
ST09,SKU04508,0,30,10,2025-08-11
ST05,SKU01356,204,47,13,2025-05-29
ST08,SKU02822,154,31,12,2025-07-03
ST01,SKU01880,259,48,16,2025-08-05
ST21,SKU04747,142,40,16,2025-05-28
ST21,SKU00546,210,41,20,2025-08-29
ST02,SKU04468,251,73,26,2025-08-01
ST02,SKU02253,328,98,45,2025-07-30
ST22,SKU04154,0,84,26,2025-09-05
ST24,SKU00551,305,85,37,2025-08-23
ST22,SKU01939,356,65,18,2025-05-18
ST10,SKU02639,374,75,37,2025-08-26
ST20,SKU01075,196,46,14,2025-05-08
ST30,SKU03749,229,61,25,2025-08-30
ST13,SKU04105,0,98,32,2025-09-04
ST30,SKU03520,98,26,11,2025-05-28
ST16,SKU01370,0,95,36,2025-09-24
ST06,SKU00682,260,44,19,2025-06-10
ST21,SKU01485,0,32,7,2025-08-04
ST12,SKU02648,0,87,20,2025-10-07
ST10,SKU03807,244,51,11,2025-05-12
ST13,SKU03058,281,78,35,2025-06-01
ST06,SKU02079,0,57,25,2025-08-15
ST16,SKU04753,367,78,32,2025-07-17
ST11,SKU04409,154,38,9,2025-07-24
ST16,SKU02538,0,64,31,2025-09-25
ST07,SKU02718,327,71,31,2025-08-12
ST17,SKU03931,229,75,32,2025-07-05
ST10,SKU00774,0,31,12,2025-09-28
ST22,SKU04046,0,74,31,2025-08-15
ST18,SKU02584,320,96,21,2025-06-02
ST22,SKU02999,185,34,13,2025-05-13
ST03,SKU00734,307,82,27,2025-06-10
ST20,SKU04350,0,67,17,2025-10-11
ST18,SKU03523,294,61,30,2025-07-05
ST30,SKU00608,168,37,18,2025-08-06
ST06,SKU01971,297,72,32,2025-05-21
ST21,SKU00788,237,76,31,2025-06-28
ST17,SKU04052,118,31,8,2025-07-19
ST17,SKU03823,245,75,34,2025-06-11
ST27,SKU04245,0,97,29,2025-10-10
ST01,SKU01075,306,83,22,2025-06-12
ST06,SKU01153,0,86,42,2025-08-29
ST06,SKU03139,320,59,16,2025-05-12
ST04,SKU02541,219,67,31,2025-06-22
ST28,SKU02898,0,47,18,2025-08-12
ST07,SKU01792,121,24,6,2025-08-08
ST17,SKU03005,292,68,29,2025-05-30
ST22,SKU03349,532,94,37,2025-07-31
ST19,SKU03603,301,82,27,2025-08-27
ST03,SKU00855,349,79,30,2025-08-24
ST25,SKU00385,105,22,7,2025-05-25
ST04,SKU03709,119,26,12,2025-06-22
ST16,SKU02780,123,30,12,2025-05-30
ST28,SKU03837,248,67,23,2025-06-20
ST02,SKU04831,137,45,20,2025-07-15
ST19,SKU04771,179,31,9,2025-07-31
ST07,SKU00516,227,62,16,2025-07-28
ST22,SKU02302,159,29,9,2025-08-17
ST13,SKU02482,0,35,16,2025-08-11
ST13,SKU04468,297,61,27,2025-07-17
ST13,SKU02253,279,89,33,2025-05-24
ST04,SKU02662,435,86,22,2025-06-17
ST06,SKU01045,0,26,11,2025-09-07
ST14,SKU00906,316,69,19,2025-07-01
ST07,SKU01684,539,99,45,2025-08-02
ST29,SKU04412,150,37,8,2025-06-26
ST16,SKU04887,177,52,13,2025-06-19
ST21,SKU01030,0,36,9,2025-09-30
ST11,SKU00342,181,32,15,2025-08-06
ST12,SKU03950,151,49,20,2025-07-10
ST17,SKU02079,0,89,41,2025-08-16
ST22,SKU04409,328,55,13,2025-06-15
ST19,SKU00462,179,30,10,2025-07-19
ST27,SKU00286,0,89,41,2025-08-06
ST08,SKU04245,0,73,27,2025-10-04
ST25,SKU01674,267,84,29,2025-08-14
ST16,SKU01854,217,44,22,2025-06-18
ST16,SKU03840,0,51,18,2025-08-04
ST09,SKU02898,0,28,8,2025-09-16
ST02,SKU03905,384,82,19,2025-05-29
ST23,SKU02567,166,51,13,2025-08-07
ST07,SKU01805,381,89,41,2025-05-24
ST10,SKU00090,385,65,16,2025-06-12
ST17,SKU01032,271,60,27,2025-06-01
ST25,SKU02842,163,30,10,2025-06-05
ST11,SKU02449,0,81,16,2025-08-14
ST09,SKU03837,435,97,36,2025-06-18
ST07,SKU00987,243,44,12,2025-05-15
ST07,SKU00758,479,93,31,2025-06-18
ST17,SKU01971,113,30,14,2025-08-14
ST29,SKU03257,293,60,25,2025-06-10
ST06,SKU01287,326,82,39,2025-06-09
ST28,SKU01046,193,33,12,2025-08-07
ST29,SKU04654,311,90,35,2025-06-09
ST10,SKU04412,171,51,15,2025-08-19
ST19,SKU01751,0,23,7,2025-09-08
ST17,SKU01153,0,22,5,2025-09-02
ST17,SKU03139,357,72,34,2025-06-27
ST15,SKU04261,98,21,9,2025-07-27
ST18,SKU01792,310,60,22,2025-06-09
ST08,SKU01104,258,53,12,2025-06-25
ST11,SKU00584,268,75,19,2025-05-20
ST11,SKU00355,124,25,9,2025-08-11
ST02,SKU00535,140,41,20,2025-06-19
ST27,SKU04729,169,37,17,2025-06-06
ST13,SKU04831,436,93,26,2025-08-14
ST27,SKU02514,329,78,19,2025-08-13
ST13,SKU00401,256,55,17,2025-07-24
ST14,SKU03484,319,87,36,2025-05-13
ST28,SKU01167,138,24,5,2025-05-28
ST21,SKU02211,246,65,19,2025-06-22
ST17,SKU01045,0,28,9,2025-09-27
ST30,SKU03199,0,37,18,2025-08-27
ST06,SKU04791,473,100,27,2025-06-11
ST28,SKU04321,0,64,19,2025-08-16
ST21,SKU03150,449,80,20,2025-06-19
ST02,SKU02871,372,87,37,2025-06-18
ST22,SKU00342,73,20,7,2025-06-10
ST28,SKU03274,0,91,28,2025-10-08
ST21,SKU04318,0,53,17,2025-09-18
ST09,SKU01046,267,70,14,2025-06-19
ST14,SKU03376,462,95,41,2025-08-18
ST12,SKU03266,219,42,17,2025-06-12
ST10,SKU04654,171,53,11,2025-07-01
ST27,SKU03803,243,48,10,2025-06-08
ST13,SKU03905,245,57,23,2025-08-04
ST29,SKU00237,156,46,20,2025-07-04
ST30,SKU03320,67,20,5,2025-05-15
ST01,SKU04605,366,64,27,2025-07-04
ST18,SKU01805,296,87,36,2025-08-26
ST23,SKU02112,452,81,31,2025-08-14
ST28,SKU04442,233,53,12,2025-06-06
ST08,SKU04729,241,63,16,2025-06-30
ST20,SKU03800,0,93,34,2025-10-06
ST25,SKU04144,195,33,12,2025-08-17
ST08,SKU02514,109,20,6,2025-07-23
ST18,SKU00987,226,44,18,2025-05-08
ST04,SKU00823,0,21,6,2025-08-12
ST21,SKU02224,182,35,7,2025-07-30
ST19,SKU04329,0,61,26,2025-09-07
ST19,SKU02114,298,94,37,2025-08-14
ST17,SKU01287,162,30,7,2025-05-13
ST01,SKU02740,0,85,34,2025-08-30
ST01,SKU04726,433,76,24,2025-07-16
ST30,SKU03441,244,63,24,2025-07-28
ST20,SKU00538,0,28,7,2025-09-10
ST16,SKU03277,126,35,15,2025-08-13
ST14,SKU04665,72,21,7,2025-07-06
ST21,SKU03621,330,71,33,2025-05-10
ST12,SKU02340,0,73,25,2025-08-12
ST19,SKU03053,0,75,32,2025-08-29
ST03,SKU02520,127,24,9,2025-06-20
ST03,SKU00305,170,36,16,2025-07-29
ST18,SKU03323,0,40,13,2025-08-13
ST08,SKU00649,112,34,13,2025-05-07
ST10,SKU02681,341,67,33,2025-08-25
ST19,SKU00020,0,61,16,2025-08-06
ST08,SKU03803,262,49,17,2025-08-03
ST01,SKU04847,0,62,29,2025-10-02
ST30,SKU03562,136,42,16,2025-07-23
ST27,SKU01830,189,62,27,2025-06-12
ST13,SKU04147,292,85,32,2025-07-20
ST04,SKU02112,223,48,20,2025-06-06
ST09,SKU04442,352,61,14,2025-06-22
ST06,SKU02710,298,51,19,2025-08-25
ST28,SKU00254,0,69,20,2025-08-05
ST07,SKU03578,0,86,34,2025-08-25
ST07,SKU03349,185,35,11,2025-06-06
ST17,SKU04791,186,31,12,2025-07-10
ST17,SKU04562,0,62,15,2025-10-04
ST24,SKU01303,233,45,15,2025-08-12
ST01,SKU03800,0,99,33,2025-09-22
ST20,SKU01827,138,30,9,2025-05-23
ST13,SKU02871,328,100,38,2025-08-30
ST11,SKU04222,173,40,19,2025-05-21
ST16,SKU02351,215,38,12,2025-08-07
ST07,SKU02531,0,87,39,2025-10-12
ST19,SKU04571,0,33,13,2025-09-11
ST12,SKU01414,0,67,28,2025-09-14
ST17,SKU03744,266,82,23,2025-07-06
ST07,SKU02302,424,84,19,2025-07-15
ST24,SKU02700,430,74,34,2025-05-09
ST03,SKU03580,82,20,8,2025-07-15
ST30,SKU03454,119,33,15,2025-08-28
ST28,SKU02590,74,21,7,2025-07-30
ST14,SKU02692,0,94,34,2025-08-30
ST21,SKU03634,208,46,20,2025-05-20
ST19,SKU03295,462,91,21,2025-06-23
ST03,SKU02533,275,46,21,2025-05-26
ST06,SKU01784,0,62,30,2025-08-06
ST23,SKU03414,351,84,39,2025-06-05
ST11,SKU02128,254,84,38,2025-07-01
ST14,SKU01645,292,84,28,2025-05-19
ST16,SKU02472,224,39,9,2025-05-11
ST19,SKU00262,225,48,19,2025-05-29
ST29,SKU00721,324,67,28,2025-05-31
ST15,SKU04987,156,50,19,2025-05-23
ST08,SKU01830,334,57,22,2025-08-20
ST28,SKU04926,0,20,8,2025-09-22
ST28,SKU02482,0,87,20,2025-10-11
ST02,SKU03476,0,48,18,2025-09-13
ST07,SKU01605,362,92,45,2025-06-05
ST19,SKU03416,251,47,19,2025-05-24
ST01,SKU01827,455,82,20,2025-05-14
ST23,SKU03535,0,50,22,2025-08-13
ST14,SKU01766,149,42,10,2025-06-20
ST05,SKU02700,514,93,32,2025-07-16
ST05,SKU02471,74,21,10,2025-05-19
ST24,SKU00498,372,73,33,2025-06-03
ST03,SKU03822,450,97,37,2025-05-08
ST01,SKU01009,0,73,20,2025-08-22
ST13,SKU04281,195,57,17,2025-08-13
ST06,SKU00858,230,45,13,2025-05-23
ST21,SKU03876,0,33,10,2025-09-09
ST09,SKU02590,116,37,13,2025-06-13
ST16,SKU01317,0,83,17,2025-09-02
ST22,SKU01068,280,67,19,2025-05-14
ST17,SKU02710,315,86,42,2025-07-08
ST04,SKU01428,414,86,35,2025-05-12
ST04,SKU03414,178,56,13,2025-08-28
ST25,SKU00090,350,84,28,2025-06-21
ST11,SKU02141,0,88,41,2025-09-24
ST11,SKU00155,396,72,34,2025-06-01
ST07,SKU00679,377,81,22,2025-07-24
ST17,SKU04107,287,89,44,2025-06-12
ST22,SKU04222,177,53,19,2025-07-26
ST10,SKU00721,342,93,41,2025-08-05
ST15,SKU05000,112,27,7,2025-06-07
ST18,SKU02531,0,80,31,2025-09-11
ST16,SKU01438,0,50,16,2025-09-17
ST20,SKU04526,287,65,22,2025-05-18
ST25,SKU04641,503,96,48,2025-08-13
ST27,SKU01038,129,39,16,2025-08-18
ST28,SKU01906,323,65,15,2025-06-16
ST28,SKU03892,167,51,25,2025-05-06
ST17,SKU04228,274,57,16,2025-07-30
ST07,SKU00571,103,26,9,2025-08-19
ST10,SKU03057,0,36,9,2025-08-04
ST24,SKU04941,247,56,23,2025-08-03
ST17,SKU01784,0,46,22,2025-08-08
ST22,SKU02128,316,59,25,2025-08-31
ST05,SKU00498,272,54,18,2025-05-23
ST20,SKU01264,442,78,38,2025-08-20
ST30,SKU03709,375,84,37,2025-06-02
ST26,SKU04987,325,75,34,2025-07-15
ST14,SKU00732,120,22,5,2025-06-18
ST22,SKU01310,355,78,29,2025-05-10
ST10,SKU00024,369,91,26,2025-07-29
ST15,SKU02088,0,73,18,2025-10-06
ST18,SKU01605,265,82,23,2025-07-19
ST06,SKU02268,0,58,19,2025-09-05
ST14,SKU02129,178,31,12,2025-06-02
ST21,SKU02842,231,66,29,2025-08-28
ST07,SKU02907,218,68,26,2025-07-11
ST22,SKU00263,0,26,7,2025-09-24
ST06,SKU03436,365,100,32,2025-07-24
ST24,SKU04244,241,49,19,2025-08-27
ST10,SKU04346,0,98,20,2025-08-08
ST17,SKU00858,210,53,13,2025-05-10
ST01,SKU04526,368,79,29,2025-07-10
ST15,SKU02209,352,98,21,2025-05-31
ST18,SKU03941,308,99,49,2025-06-12
ST27,SKU03266,190,38,11,2025-05-08
ST08,SKU01038,299,59,18,2025-07-09
ST21,SKU03192,340,73,26,2025-08-19
ST09,SKU03892,350,71,17,2025-05-09
ST28,SKU01919,137,25,10,2025-07-14
ST09,SKU01677,0,59,21,2025-09-18
ST09,SKU01906,134,23,9,2025-08-09
ST12,SKU04126,0,88,20,2025-10-07
ST12,SKU01911,226,40,13,2025-05-21
ST19,SKU00638,141,45,17,2025-08-04
ST27,SKU04663,0,84,41,2025-09-20
ST22,SKU00155,157,31,6,2025-06-17
ST20,SKU03492,473,86,38,2025-05-11
ST01,SKU01264,206,61,23,2025-06-15
ST18,SKU00679,160,45,13,2025-05-15
ST04,SKU04945,169,49,24,2025-07-17
ST07,SKU01981,397,79,19,2025-07-01
ST18,SKU04062,510,86,39,2025-06-09
ST18,SKU03833,332,83,27,2025-07-27
ST25,SKU00574,222,61,21,2025-09-01
ST16,SKU04955,83,26,7,2025-07-01
ST23,SKU01696,147,26,10,2025-05-26
ST14,SKU02142,244,69,25,2025-06-12
ST17,SKU04362,0,77,29,2025-09-05
ST24,SKU03089,117,32,13,2025-07-18
ST27,SKU00354,131,32,7,2025-07-14
ST27,SKU02340,0,96,23,2025-09-30
ST18,SKU00571,294,53,19,2025-05-25
ST23,SKU00649,378,80,27,2025-06-11
ST19,SKU04142,187,41,14,2025-07-31
ST29,SKU02386,318,67,18,2025-06-07
ST01,SKU04768,327,55,24,2025-08-22
ST27,SKU03737,166,43,9,2025-06-04
ST13,SKU03839,443,96,35,2025-06-14
ST30,SKU03254,266,84,38,2025-06-25
ST04,SKU04019,186,60,24,2025-06-20
ST16,SKU03090,147,30,15,2025-05-09
ST09,SKU01919,227,42,13,2025-06-19
ST26,SKU02088,0,59,12,2025-09-12
ST24,SKU03210,337,70,29,2025-07-06
ST03,SKU02333,0,94,30,2025-09-01
ST08,SKU04663,0,78,30,2025-08-26
ST29,SKU01339,329,83,20,2025-07-24
ST01,SKU03492,410,99,43,2025-08-14
ST25,SKU01863,330,72,21,2025-05-21
ST18,SKU02907,97,32,8,2025-06-20
ST18,SKU00692,0,31,14,2025-08-05
ST21,SKU02387,214,49,16,2025-06-24
ST17,SKU03436,336,72,17,2025-08-24
ST24,SKU00177,0,71,15,2025-08-10
ST29,SKU00521,102,22,9,2025-08-03
ST20,SKU04902,333,82,37,2025-09-02
ST30,SKU03375,143,28,10,2025-06-21
ST27,SKU01414,0,76,33,2025-10-06
ST23,SKU04153,270,82,33,2025-05-12
ST04,SKU01696,312,67,16,2025-08-01
ST26,SKU02209,174,36,17,2025-07-18
ST05,SKU03089,281,51,19,2025-08-14
ST08,SKU00354,338,73,21,2025-05-12
ST16,SKU02164,407,95,33,2025-07-15
ST21,SKU02279,360,90,36,2025-07-25
ST14,SKU01337,324,85,40,2025-08-15
ST02,SKU04215,333,62,27,2025-06-07
ST04,SKU00649,320,67,32,2025-07-11
ST10,SKU02386,198,56,26,2025-06-06
ST08,SKU03737,120,21,7,2025-08-21
ST15,SKU04679,211,57,15,2025-08-11
ST04,SKU02046,0,93,24,2025-10-07
ST14,SKU04491,314,58,19,2025-06-29
ST07,SKU01068,125,22,8,2025-05-25
ST05,SKU03210,425,100,33,2025-06-07
ST19,SKU00893,0,90,39,2025-09-06
ST10,SKU01339,496,86,39,2025-05-31
ST08,SKU04905,433,75,23,2025-07-03
ST06,SKU03812,0,77,24,2025-10-02
ST05,SKU04607,94,25,6,2025-08-11
ST19,SKU00075,300,56,17,2025-05-30
ST05,SKU00177,0,30,7,2025-08-24
ST22,SKU01578,0,68,15,2025-10-07
ST01,SKU04902,323,100,39,2025-08-28
ST08,SKU01643,182,53,17,2025-06-23
ST20,SKU02700,338,60,18,2025-05-25
ST04,SKU04153,339,98,35,2025-05-19
ST23,SKU04166,0,55,20,2025-10-06
ST14,SKU04612,303,53,23,2025-07-18
ST16,SKU01009,0,37,10,2025-09-22
ST07,SKU01189,0,80,38,2025-09-09
ST12,SKU04273,0,34,8,2025-08-17
ST17,SKU00416,0,34,12,2025-10-03
ST22,SKU00531,0,20,10,2025-08-13
ST03,SKU04453,0,33,12,2025-08-20
ST15,SKU01538,191,43,20,2025-08-23
ST25,SKU04212,275,50,25,2025-07-24
ST30,SKU00355,229,74,25,2025-08-04
ST16,SKU04392,539,91,31,2025-06-26
ST21,SKU00535,365,73,22,2025-06-06
ST02,SKU04228,61,20,4,2025-07-10
ST07,SKU00371,372,78,34,2025-07-26
ST24,SKU04741,448,94,39,2025-06-04
ST29,SKU04856,247,76,31,2025-07-17
ST14,SKU00532,98,22,5,2025-07-31
ST07,SKU01310,186,57,26,2025-08-17
ST12,SKU02408,119,39,17,2025-08-31
ST03,SKU04574,0,96,20,2025-08-29
ST13,SKU00832,0,36,17,2025-08-29
ST06,SKU04054,92,24,6,2025-08-02
ST09,SKU01356,159,36,13,2025-05-09
ST07,SKU04693,200,64,17,2025-05-29
ST19,SKU00317,75,22,8,2025-05-23
ST22,SKU04035,0,88,22,2025-10-01
ST12,SKU03347,316,53,15,2025-07-21
ST20,SKU03171,0,48,14,2025-08-19
ST13,SKU04215,154,37,14,2025-07-18
ST25,SKU03286,336,61,18,2025-08-02
ST14,SKU02639,139,40,19,2025-08-22
ST26,SKU04679,274,76,27,2025-05-26
ST19,SKU01485,0,51,12,2025-08-21
ST14,SKU03807,449,87,17,2025-07-02
ST02,SKU02484,0,38,16,2025-09-03
ST14,SKU01592,207,38,14,2025-06-14
ST05,SKU04741,375,77,26,2025-07-20
ST24,SKU02768,137,44,19,2025-05-22
ST05,SKU02526,0,38,14,2025-08-20
ST24,SKU00553,90,20,9,2025-06-29
ST10,SKU04856,213,42,15,2025-05-28
ST03,SKU01662,0,83,23,2025-10-06
ST23,SKU02543,0,65,14,2025-09-19
ST14,SKU00774,0,39,11,2025-08-09
ST19,SKU03592,263,47,21,2025-08-30
ST12,SKU02421,189,46,21,2025-05-19
ST22,SKU00894,245,43,14,2025-07-12
ST17,SKU00550,78,23,6,2025-09-01
ST18,SKU03633,0,73,25,2025-08-09
ST30,SKU04919,279,57,25,2025-08-02
ST30,SKU04690,172,49,17,2025-07-24
ST16,SKU04526,489,92,30,2025-08-22
ST02,SKU04591,168,30,7,2025-08-27
ST02,SKU02376,111,34,8,2025-05-15
ST26,SKU01538,358,89,28,2025-06-22
ST24,SKU02660,0,86,32,2025-09-19
ST27,SKU04126,0,34,12,2025-08-22
ST13,SKU04228,144,46,13,2025-06-21
ST21,SKU04052,247,42,11,2025-05-23
ST23,SKU00449,154,28,9,2025-05-14
ST21,SKU03823,128,26,8,2025-06-14
ST24,SKU03828,421,94,42,2025-06-27
ST20,SKU04352,345,98,30,2025-08-21
ST18,SKU01310,305,88,23,2025-06-08
ST11,SKU00331,105,26,9,2025-05-28
ST21,SKU03005,327,58,22,2025-05-25
ST23,SKU03603,111,20,10,2025-08-17
ST11,SKU04532,263,82,33,2025-08-21
ST21,SKU02776,0,27,10,2025-09-18
ST17,SKU04054,133,37,14,2025-08-16
ST19,SKU04652,94,23,6,2025-06-08
ST12,SKU01495,168,42,12,2025-08-22
ST24,SKU04996,384,93,23,2025-06-15
ST27,SKU04476,0,83,41,2025-08-12
ST01,SKU03292,0,42,21,2025-08-17
ST01,SKU03063,0,21,10,2025-09-23
ST04,SKU02543,0,77,35,2025-08-31
ST04,SKU00328,0,21,10,2025-09-05
ST12,SKU02892,0,68,15,2025-09-15
ST10,SKU04280,0,66,25,2025-08-10
ST11,SKU04653,300,63,21,2025-08-19
ST16,SKU04768,411,87,36,2025-07-19
ST28,SKU03839,339,87,35,2025-08-13
ST21,SKU00682,127,37,9,2025-07-21
ST29,SKU01031,309,99,37,2025-05-06
ST15,SKU03311,115,26,11,2025-06-27
ST13,SKU02484,0,78,35,2025-09-24
ST27,SKU00167,155,29,7,2025-06-15
ST16,SKU03950,309,73,24,2025-05-21
ST23,SKU00691,301,60,24,2025-07-29
ST04,SKU00449,168,51,17,2025-07-30
ST23,SKU00462,102,20,8,2025-07-04
ST29,SKU04414,257,48,11,2025-08-04
ST03,SKU00978,344,95,34,2025-07-09
ST15,SKU04250,177,52,12,2025-06-19
ST01,SKU04352,208,38,13,2025-07-28
ST03,SKU00749,259,46,17,2025-08-04
ST03,SKU02964,409,94,27,2025-08-15
ST04,SKU03603,280,93,22,2025-08-22
ST02,SKU00524,226,49,14,2025-06-27
ST19,SKU04894,342,87,42,2025-05-17
ST24,SKU01037,0,36,17,2025-10-08
ST05,SKU04996,131,23,6,2025-05-30
ST27,SKU02503,0,32,7,2025-09-29
ST27,SKU04489,0,76,17,2025-09-05
ST18,SKU00734,439,96,30,2025-08-01
ST13,SKU02376,449,97,20,2025-08-23
ST11,SKU03727,0,76,28,2025-09-26
ST02,SKU03907,0,36,14,2025-08-26
ST21,SKU01971,280,77,27,2025-08-05
ST24,SKU02205,125,39,13,2025-07-20
ST13,SKU03773,127,36,11,2025-07-22
ST15,SKU00170,169,31,6,2025-06-28
ST20,SKU02500,356,71,30,2025-09-01
ST20,SKU00285,0,61,20,2025-08-30
ST06,SKU00350,118,26,6,2025-08-23
ST23,SKU03966,192,58,27,2025-05-19
ST14,SKU04412,105,30,8,2025-06-23
ST23,SKU01751,0,50,15,2025-10-09
ST21,SKU01153,0,22,10,2025-09-18
ST21,SKU03139,94,24,7,2025-07-15
ST02,SKU00645,408,69,34,2025-07-15
ST12,SKU04073,183,53,20,2025-06-23
ST22,SKU04532,302,92,31,2025-07-24
ST24,SKU00929,0,49,14,2025-09-06
ST10,SKU01031,388,79,29,2025-07-28
ST22,SKU00331,92,30,8,2025-08-24
ST03,SKU02038,129,28,6,2025-08-14
ST18,SKU00855,278,64,15,2025-05-31
ST08,SKU00167,138,25,10,2025-05-28
ST06,SKU03504,374,92,24,2025-08-11
ST25,SKU01568,252,42,11,2025-05-08
ST04,SKU00691,241,48,16,2025-05-21
ST23,SKU04905,314,55,17,2025-08-30
ST19,SKU03968,446,87,30,2025-07-10
ST03,SKU00991,203,36,15,2025-06-28
ST20,SKU04607,254,43,17,2025-08-24
ST15,SKU00062,0,22,5,2025-08-16
ST21,SKU01274,0,99,38,2025-09-19
ST21,SKU01045,0,82,29,2025-09-27
ST12,SKU04194,239,49,24,2025-06-30
ST19,SKU00935,399,84,19,2025-07-29
ST29,SKU03609,310,59,27,2025-08-11
ST17,SKU02094,315,53,15,2025-06-10
ST08,SKU02503,0,35,10,2025-08-19
ST08,SKU04489,0,70,22,2025-10-09
ST11,SKU01754,159,35,17,2025-07-01
ST26,SKU03311,139,25,12,2025-05-19
ST14,SKU03257,393,68,25,2025-05-16
ST05,SKU02205,174,43,15,2025-06-03
ST05,SKU04191,0,69,20,2025-09-27
ST19,SKU01874,166,40,13,2025-05-18
ST03,SKU01112,258,48,23,2025-08-29
ST01,SKU02500,100,24,7,2025-07-11
ST01,SKU00285,0,60,19,2025-10-08
ST04,SKU03966,369,81,33,2025-08-25
ST14,SKU04654,144,33,13,2025-08-19
ST04,SKU01751,0,61,13,2025-09-05
ST26,SKU04250,126,35,12,2025-07-26
ST12,SKU04315,0,55,14,2025-10-07
ST05,SKU00929,0,80,38,2025-09-17
ST13,SKU00524,118,26,12,2025-06-27
ST02,SKU02055,96,24,9,2025-05-21
ST19,SKU02224,361,68,33,2025-05-16
ST24,SKU04554,152,28,10,2025-05-25
ST29,SKU02683,0,62,29,2025-10-01
ST15,SKU02519,211,64,15,2025-05-12
ST20,SKU04849,204,66,29,2025-08-04
ST27,SKU03805,295,72,23,2025-07-05
ST15,SKU04505,234,52,16,2025-08-31
ST23,SKU04329,0,30,8,2025-08-12
ST11,SKU03043,190,48,17,2025-05-21
ST26,SKU00170,160,51,12,2025-06-05
ST12,SKU02221,113,25,5,2025-07-12
ST17,SKU04551,0,89,39,2025-08-04
ST10,SKU03609,478,82,19,2025-07-08
ST17,SKU00350,421,80,19,2025-06-11
ST29,SKU01407,307,57,20,2025-08-14
ST13,SKU00874,331,88,31,2025-08-14
ST03,SKU00186,169,38,11,2025-08-16
ST13,SKU00645,242,48,14,2025-07-21
ST30,SKU04261,112,34,10,2025-05-08
ST23,SKU03053,0,58,21,2025-09-18
ST02,SKU02176,0,45,11,2025-08-14
ST21,SKU00240,163,38,19,2025-07-02
ST07,SKU00305,388,96,26,2025-07-05
ST12,SKU01174,67,21,10,2025-06-28
ST17,SKU03504,205,57,28,2025-06-26
ST29,SKU00589,385,67,19,2025-08-30
ST22,SKU03848,205,57,14,2025-08-31
ST23,SKU00020,0,58,24,2025-08-25
ST14,SKU00466,172,32,13,2025-06-11
ST14,SKU00237,338,57,14,2025-07-17
ST02,SKU03115,364,90,40,2025-07-09
ST19,SKU03284,84,20,9,2025-06-16
ST12,SKU00127,283,52,12,2025-06-13
ST29,SKU03743,0,58,27,2025-09-25
ST21,SKU04791,127,27,9,2025-06-28
ST21,SKU02576,187,48,19,2025-08-16
ST21,SKU04562,0,28,12,2025-08-12
ST28,SKU01303,164,34,16,2025-07-06
ST02,SKU02068,0,45,20,2025-08-27
ST05,SKU04554,262,46,14,2025-07-19
ST19,SKU00251,183,35,10,2025-06-17
ST10,SKU02683,0,63,21,2025-08-23
ST22,SKU01754,248,58,26,2025-05-24
ST15,SKU04747,252,71,24,2025-07-03
ST01,SKU04849,375,64,28,2025-05-23
ST25,SKU03220,324,84,40,2025-07-30
ST20,SKU00890,472,87,37,2025-08-24
ST08,SKU03805,265,71,22,2025-05-22
ST15,SKU00546,230,45,15,2025-07-15
ST28,SKU02471,194,41,15,2025-08-06
ST10,SKU03851,0,51,11,2025-09-18
ST17,SKU00592,262,47,22,2025-08-27
ST24,SKU03520,193,44,13,2025-08-15
ST29,SKU03864,498,92,22,2025-05-23
ST29,SKU01649,520,97,34,2025-05-15
ST23,SKU03295,131,31,9,2025-05-28
ST26,SKU01580,350,93,36,2025-06-30
ST07,SKU02533,241,61,26,2025-06-06
ST03,SKU03582,125,37,17,2025-08-26
ST20,SKU02997,425,100,48,2025-05-25
ST11,SKU01191,353,73,31,2025-05-30
ST06,SKU02833,0,46,22,2025-09-25
ST23,SKU00262,101,30,7,2025-05-29
ST16,SKU03292,0,53,25,2025-08-18
ST26,SKU02519,293,80,39,2025-07-20
ST12,SKU02584,114,29,11,2025-08-21
ST12,SKU02355,0,86,43,2025-08-07
ST10,SKU03743,0,63,28,2025-08-04
ST17,SKU00484,0,39,13,2025-08-27
ST01,SKU04152,66,20,6,2025-07-31
ST27,SKU00906,571,98,47,2025-05-14
ST27,SKU02892,0,92,42,2025-08-11
ST25,SKU04280,0,87,32,2025-08-24
ST25,SKU00079,0,80,22,2025-09-05
ST23,SKU03416,221,60,14,2025-08-26
ST09,SKU01303,357,77,18,2025-05-31
ST12,SKU03523,145,27,6,2025-06-11
ST24,SKU00608,401,77,29,2025-05-27
ST29,SKU02938,204,52,17,2025-06-19
ST03,SKU01717,208,47,22,2025-08-02
ST01,SKU03105,274,58,17,2025-07-21
ST01,SKU00890,280,83,21,2025-08-18
ST09,SKU02471,357,87,35,2025-08-06
ST28,SKU00498,150,41,15,2025-07-04
ST26,SKU00654,282,55,16,2025-05-25
ST21,SKU01542,146,48,21,2025-06-02
ST07,SKU03822,65,21,7,2025-06-05
ST05,SKU03749,195,53,11,2025-06-28
ST29,SKU04106,289,49,18,2025-06-30
ST10,SKU03864,386,99,20,2025-06-26
ST24,SKU01547,0,49,18,2025-08-20
ST10,SKU01649,300,58,16,2025-06-21
ST25,SKU04401,418,74,16,2025-06-03
ST13,SKU03115,424,96,39,2025-06-05
ST21,SKU02710,203,39,14,2025-06-23
ST19,SKU00385,293,85,23,2025-08-08
ST24,SKU00500,0,32,12,2025-08-31
ST01,SKU02997,160,49,24,2025-06-22
ST06,SKU00860,249,53,18,2025-05-13
ST14,SKU00721,274,74,16,2025-07-02
ST26,SKU04747,391,69,19,2025-06-12
ST26,SKU00546,393,98,27,2025-07-27
ST22,SKU01070,160,42,18,2025-05-31
ST08,SKU00906,298,76,17,2025-08-17
ST04,SKU03416,213,55,14,2025-08-22
ST28,SKU03773,97,20,9,2025-08-10
ST22,SKU04453,0,76,26,2025-08-13
ST05,SKU00608,409,75,20,2025-08-19
ST10,SKU02938,268,70,21,2025-08-01
ST29,SKU00965,118,23,8,2025-05-06
ST14,SKU03057,0,20,9,2025-08-24
ST11,SKU03311,135,26,9,2025-06-27
ST09,SKU00498,82,25,10,2025-05-12
ST28,SKU04941,100,21,9,2025-08-06
ST02,SKU03491,327,58,22,2025-06-27
ST12,SKU00732,488,82,39,2025-06-21
ST29,SKU04348,0,26,6,2025-08-14
ST19,SKU01674,194,57,13,2025-07-19
ST12,SKU02718,360,85,21,2025-08-24
ST17,SKU02833,0,35,15,2025-09-26
ST22,SKU03177,304,69,24,2025-07-12
ST25,SKU02657,0,66,23,2025-09-24
ST30,SKU04987,111,23,7,2025-07-06
ST02,SKU04888,199,52,25,2025-08-22
ST19,SKU02842,264,63,24,2025-07-01
ST07,SKU01970,171,32,7,2025-09-02
ST15,SKU04305,0,49,14,2025-08-10
ST18,SKU03822,427,84,25,2025-08-31
ST20,SKU02205,108,23,8,2025-07-24
ST11,SKU02614,0,72,23,2025-10-08
ST21,SKU03073,490,89,29,2025-06-23
ST21,SKU00858,423,90,37,2025-06-02
ST12,SKU01792,121,28,12,2025-08-17
ST10,SKU00965,80,21,7,2025-08-11
ST20,SKU03602,318,96,46,2025-07-22
ST13,SKU00445,0,41,15,2025-08-04
ST16,SKU01911,320,75,17,2025-05-28
ST23,SKU00638,172,31,8,2025-06-22
ST09,SKU04941,407,68,32,2025-06-04
ST10,SKU04348,0,84,35,2025-08-25
ST29,SKU02375,291,70,28,2025-07-02
ST22,SKU01433,159,27,7,2025-06-26
ST17,SKU00860,364,85,26,2025-06-13
ST08,SKU03484,163,31,12,2025-07-19
ST15,SKU02211,214,52,22,2025-06-03
ST30,SKU03014,261,77,34,2025-08-24
ST30,SKU05000,113,22,11,2025-06-11
ST26,SKU04292,90,22,5,2025-07-12
ST02,SKU02915,260,82,23,2025-05-08
ST02,SKU04901,250,73,32,2025-06-23
ST24,SKU03199,0,21,9,2025-09-01
ST27,SKU04665,105,27,11,2025-08-10
ST15,SKU03150,107,28,6,2025-08-08
ST16,SKU01803,71,20,5,2025-08-26
ST28,SKU03089,212,44,12,2025-08-17
ST26,SKU01030,0,97,48,2025-08-15
ST29,SKU02267,298,92,28,2025-06-18
ST03,SKU01046,317,60,24,2025-07-07
ST15,SKU04318,0,20,6,2025-10-10
ST30,SKU00920,0,63,27,2025-08-19
ST23,SKU04142,94,27,12,2025-05-24
ST09,SKU04244,208,69,27,2025-05-26
ST04,SKU01685,0,68,32,2025-08-31
ST02,SKU03036,368,80,30,2025-05-15
ST02,SKU00821,180,38,13,2025-06-04
ST24,SKU03320,287,55,25,2025-07-25
ST12,SKU01805,224,42,9,2025-08-12
ST08,SKU02558,215,65,31,2025-08-08
ST01,SKU03602,315,68,29,2025-07-05
ST13,SKU04888,362,61,28,2025-05-18
ST21,SKU02268,0,34,10,2025-09-30
ST28,SKU03210,293,57,22,2025-07-09
ST11,SKU01580,336,75,29,2025-05-25
ST02,SKU03975,456,80,39,2025-07-12
ST07,SKU04319,349,67,14,2025-07-13
ST04,SKU00638,130,26,11,2025-07-31
ST19,SKU04144,286,59,15,2025-08-02
ST12,SKU00987,325,79,34,2025-08-17
ST10,SKU02375,323,58,19,2025-06-21
ST03,SKU01167,145,48,13,2025-08-21
ST20,SKU04783,0,87,29,2025-10-02
ST15,SKU02224,131,28,8,2025-05-27
ST18,SKU01970,154,49,21,2025-06-27
ST21,SKU03436,322,90,35,2025-05-13
ST02,SKU00942,0,56,14,2025-08-04
ST12,SKU02155,0,27,6,2025-09-11
ST24,SKU03441,147,40,17,2025-05-10
ST03,SKU04321,0,40,16,2025-09-13
ST27,SKU02692,0,45,21,2025-08-10
ST13,SKU02794,174,32,10,2025-07-04
ST30,SKU02209,399,86,36,2025-08-26
ST09,SKU03089,190,52,21,2025-06-06
ST09,SKU00874,379,73,25,2025-08-17
ST12,SKU03323,0,81,27,2025-09-22
ST27,SKU01645,428,96,23,2025-05-12
ST04,SKU04142,173,42,9,2025-06-19
ST11,SKU00654,109,22,10,2025-08-28
ST02,SKU01063,229,76,26,2025-09-01
ST26,SKU02211,314,80,23,2025-08-03
ST24,SKU03562,162,34,14,2025-05-06
ST05,SKU03320,442,94,46,2025-06-28
ST03,SKU04442,321,79,24,2025-06-21
ST18,SKU03259,0,65,25,2025-09-23
ST13,SKU02915,335,61,16,2025-08-19
ST27,SKU02584,144,45,9,2025-08-03
ST06,SKU03693,0,40,14,2025-08-17
ST23,SKU03108,288,71,18,2025-05-12
ST09,SKU03210,154,42,16,2025-08-07
ST11,SKU01822,136,28,9,2025-05-29
ST14,SKU01339,318,71,17,2025-05-08
ST16,SKU04152,135,27,11,2025-05-30
ST12,SKU01229,141,41,19,2025-07-28
ST01,SKU04783,0,98,31,2025-08-09
ST27,SKU01766,166,44,20,2025-07-04
ST23,SKU00075,298,84,37,2025-06-11
ST09,SKU00177,0,83,35,2025-08-25
ST16,SKU03105,219,60,21,2025-06-05
ST11,SKU00775,195,54,20,2025-07-03
ST05,SKU03441,316,92,44,2025-07-28
ST13,SKU03036,89,29,8,2025-05-12
ST15,SKU03634,152,46,18,2025-06-26
ST13,SKU00821,166,38,19,2025-08-27
ST08,SKU01645,530,99,28,2025-06-04
ST13,SKU03975,197,53,16,2025-06-16
ST28,SKU04741,112,25,11,2025-06-09
ST28,SKU02526,0,61,18,2025-08-22
ST02,SKU03291,392,71,34,2025-05-11
ST05,SKU03562,364,98,46,2025-06-12
ST12,SKU04504,116,21,4,2025-07-28
ST03,SKU00254,0,49,16,2025-08-09
ST27,SKU02826,0,71,21,2025-10-10
ST16,SKU02408,209,36,10,2025-08-09
ST11,SKU02064,390,88,25,2025-05-21
ST22,SKU04145,179,38,12,2025-08-29
ST12,SKU03457,367,93,26,2025-05-24
ST08,SKU01766,247,77,22,2025-08-24
ST20,SKU00837,475,90,40,2025-05-18
ST04,SKU00075,86,25,10,2025-07-10
ST28,SKU04633,0,89,18,2025-08-18
ST16,SKU03347,203,62,20,2025-06-04
ST09,SKU00190,0,84,26,2025-09-28
ST05,SKU03454,386,65,21,2025-06-27
ST17,SKU00539,0,42,11,2025-08-17
ST03,SKU02590,187,59,28,2025-06-22
ST22,SKU00654,336,70,34,2025-08-17
ST13,SKU01063,362,73,32,2025-06-26
ST30,SKU04679,356,95,35,2025-08-20
ST27,SKU00732,118,26,11,2025-05-09
ST02,SKU04580,174,48,12,2025-08-26
ST02,SKU00150,161,53,14,2025-05-10
ST12,SKU03578,0,31,10,2025-09-26
ST05,SKU00421,209,37,13,2025-07-28
ST19,SKU00090,444,81,34,2025-08-12
ST20,SKU03173,242,44,11,2025-08-08
ST11,SKU01138,0,100,41,2025-10-04
ST21,SKU03812,0,91,44,2025-08-15
ST28,SKU00553,75,20,8,2025-06-28
ST28,SKU02768,264,52,12,2025-06-08
ST14,SKU04856,288,60,28,2025-08-24
ST07,SKU01662,0,69,20,2025-10-10
ST02,SKU01318,96,20,9,2025-08-11
ST07,SKU01433,217,67,20,2025-08-29
ST12,SKU02531,0,67,30,2025-09-11
ST03,SKU04926,0,60,27,2025-09-29
ST22,SKU00775,145,25,7,2025-05-30
ST08,SKU02826,0,42,15,2025-09-27
ST11,SKU04292,409,76,15,2025-07-22
ST16,SKU02421,433,78,31,2025-06-12
ST26,SKU03863,219,38,10,2025-05-13
ST21,SKU00550,251,50,19,2025-05-21
ST26,SKU03634,383,83,35,2025-05-23
ST19,SKU04641,237,49,12,2025-06-11
ST24,SKU04756,0,84,18,2025-09-11
ST27,SKU04236,263,55,17,2025-06-19
ST25,SKU01423,458,96,34,2025-08-14
ST01,SKU00837,319,99,46,2025-05-12
ST18,SKU04453,0,77,35,2025-08-08
ST30,SKU01538,463,82,40,2025-05-14
ST04,SKU00317,144,39,19,2025-06-19
ST28,SKU02660,0,54,12,2025-08-18
ST28,SKU00445,0,46,12,2025-09-08
ST02,SKU03425,0,74,16,2025-08-27
ST29,SKU04053,345,83,39,2025-07-29
ST20,SKU02247,0,77,36,2025-10-12
ST18,SKU01420,0,59,12,2025-08-27
ST08,SKU00732,417,72,32,2025-06-23
ST28,SKU03828,354,81,23,2025-08-08
ST23,SKU03484,479,86,20,2025-05-07
ST07,SKU02722,503,93,44,2025-07-22
ST07,SKU00507,210,51,14,2025-08-19
ST29,SKU03235,442,75,26,2025-08-01
ST12,SKU01605,131,22,6,2025-07-18
ST22,SKU02064,87,26,10,2025-07-28
ST08,SKU02129,257,82,41,2025-07-06
ST01,SKU03173,298,71,17,2025-09-01
ST27,SKU02142,289,76,16,2025-08-12
ST01,SKU00958,360,69,14,2025-07-12
ST06,SKU03251,335,100,26,2025-06-30
ST21,SKU04054,165,31,12,2025-05-28
ST23,SKU04652,104,21,6,2025-05-17
ST09,SKU00553,296,57,12,2025-08-11
ST16,SKU01495,185,34,14,2025-05-24
ST09,SKU02768,204,43,12,2025-05-18
ST02,SKU03546,0,77,38,2025-08-17
ST04,SKU03592,284,80,30,2025-09-01
ST02,SKU02728,183,38,17,2025-08-24
ST26,SKU03876,0,26,13,2025-10-04
ST12,SKU03941,333,58,26,2025-05-29
ST07,SKU00628,0,28,10,2025-10-11
ST17,SKU02070,138,35,12,2025-07-07
ST19,SKU00682,347,65,31,2025-07-21
ST15,SKU03192,180,33,14,2025-07-24
ST03,SKU03892,346,80,26,2025-05-15
ST08,SKU04236,328,58,14,2025-07-19
ST13,SKU00150,341,74,37,2025-07-17
ST23,SKU02558,481,85,37,2025-09-02
ST09,SKU02660,0,84,40,2025-08-04
ST26,SKU03058,484,96,42,2025-08-06
ST17,SKU01023,135,40,9,2025-06-13
ST22,SKU03353,0,67,31,2025-09-19
ST10,SKU04053,241,63,17,2025-06-16
ST12,SKU00679,122,25,6,2025-07-05
ST01,SKU02247,0,79,17,2025-10-07
ST13,SKU01318,108,33,11,2025-06-10
ST25,SKU00389,119,35,14,2025-08-08
ST09,SKU03828,231,76,26,2025-05-18
ST07,SKU02964,274,52,17,2025-08-28
ST12,SKU04062,325,82,38,2025-08-06
ST07,SKU00749,288,63,17,2025-06-01
ST10,SKU03235,185,51,14,2025-05-25
ST12,SKU03833,437,98,24,2025-05-30
ST22,SKU04292,350,65,32,2025-07-03
ST20,SKU03428,456,94,46,2025-06-08
ST08,SKU02142,182,34,8,2025-06-05
ST27,SKU02155,0,22,8,2025-08-27
ST01,SKU01200,129,39,10,2025-05-15
ST06,SKU03493,294,49,20,2025-06-07
ST23,SKU04894,262,54,14,2025-07-30
ST04,SKU04652,302,70,22,2025-08-09
ST09,SKU04996,551,94,44,2025-06-25
ST12,SKU00571,512,87,31,2025-08-27
ST20,SKU04596,0,59,18,2025-10-05
ST01,SKU02368,0,95,28,2025-09-06
ST20,SKU02381,0,90,30,2025-08-16
ST13,SKU03425,0,23,7,2025-08-22
ST27,SKU01337,177,30,12,2025-05-11
ST06,SKU02217,535,99,43,2025-05-16
ST24,SKU03254,422,92,20,2025-06-18
ST27,SKU04491,396,67,21,2025-05-12
ST18,SKU02722,312,79,23,2025-06-29
ST16,SKU04073,128,38,8,2025-08-16
ST04,SKU02558,492,87,36,2025-07-22
ST28,SKU00929,0,85,38,2025-09-04
ST14,SKU01031,219,55,18,2025-08-08
ST07,SKU02038,126,26,9,2025-06-01
ST19,SKU01863,219,56,19,2025-05-21
ST12,SKU02907,301,77,35,2025-07-11
ST17,SKU03251,266,61,14,2025-08-06
ST12,SKU00692,0,99,32,2025-09-07
ST15,SKU02387,153,27,8,2025-07-17
ST20,SKU04717,440,97,30,2025-06-18
ST01,SKU04475,272,57,20,2025-05-27
ST13,SKU03546,0,21,10,2025-09-17
ST27,SKU01229,378,70,21,2025-07-10
ST18,SKU01675,324,56,16,2025-05-25
ST06,SKU02567,262,58,18,2025-08-13
ST23,SKU03968,235,40,10,2025-07-02
ST07,SKU00991,248,50,13,2025-06-19
ST19,SKU03031,476,86,42,2025-08-25
ST24,SKU03375,349,65,26,2025-06-03
ST13,SKU02728,502,95,40,2025-05-29
ST27,SKU04612,179,39,8,2025-06-05
ST01,SKU03428,365,65,14,2025-06-17
ST18,SKU00628,0,33,9,2025-10-02
ST04,SKU04894,107,26,6,2025-06-04
ST23,SKU00935,170,54,15,2025-07-13
ST16,SKU04194,301,84,36,2025-07-07
ST21,SKU02094,303,71,31,2025-06-02
ST28,SKU03036,228,45,10,2025-06-24
ST26,SKU03192,129,22,8,2025-06-26
ST12,SKU01042,378,83,20,2025-06-12
ST15,SKU02279,225,68,27,2025-08-28
ST08,SKU01337,114,25,8,2025-08-07
ST23,SKU01874,322,78,25,2025-07-08
ST19,SKU03152,255,46,21,2025-07-12
ST05,SKU03254,116,20,6,2025-05-08
ST12,SKU01981,430,93,30,2025-08-20
ST27,SKU02747,0,29,7,2025-08-31
ST27,SKU00532,132,31,12,2025-06-09
ST18,SKU00978,438,88,38,2025-06-22
ST08,SKU04491,552,93,24,2025-08-23
ST18,SKU02964,227,38,15,2025-07-27
ST18,SKU00749,486,91,21,2025-06-18
ST06,SKU03627,307,53,23,2025-05-16
ST09,SKU00929,0,37,10,2025-10-06
ST17,SKU03493,277,91,41,2025-08-19
ST01,SKU04717,278,48,18,2025-06-09
ST25,SKU03088,0,47,21,2025-09-30
ST01,SKU00516,150,39,14,2025-05-26
ST06,SKU04795,255,64,18,2025-08-01
ST28,SKU04554,507,93,44,2025-06-13
ST04,SKU03968,476,85,34,2025-08-07
ST05,SKU03375,297,95,36,2025-08-17
ST08,SKU04612,241,66,19,2025-08-27
ST27,SKU02639,104,21,8,2025-08-18
ST30,SKU00170,445,75,16,2025-08-17
ST04,SKU03150,374,86,39,2025-05-09
ST04,SKU00935,126,26,10,2025-08-30
ST21,SKU04551,0,86,27,2025-08-16
ST14,SKU03609,154,39,9,2025-05-23
ST16,SKU02221,234,47,21,2025-06-01
ST11,SKU03863,227,64,26,2025-07-29
ST28,SKU01063,413,94,37,2025-08-16
ST02,SKU02057,271,87,34,2025-08-26
ST07,SKU00186,257,65,17,2025-08-14
ST21,SKU00350,152,40,12,2025-06-06
ST19,SKU04212,190,55,21,2025-06-11
ST24,SKU00355,287,50,17,2025-05-07
ST15,SKU00535,197,33,15,2025-08-12
ST27,SKU03807,189,52,16,2025-08-22
ST18,SKU02038,94,28,13,2025-07-21
ST16,SKU01174,229,69,19,2025-07-18
ST23,SKU04102,598,100,49,2025-09-01
ST21,SKU03504,98,27,13,2025-07-09
ST26,SKU02387,144,44,11,2025-05-22
ST12,SKU00237,383,97,34,2025-05-08
ST17,SKU02567,255,65,22,2025-05-20
ST29,SKU03624,344,61,19,2025-07-19
ST10,SKU01396,122,37,10,2025-08-27
ST01,SKU01805,123,25,11,2025-06-21
ST27,SKU00774,0,21,9,2025-09-30
ST08,SKU00532,92,24,8,2025-05-29
ST20,SKU01818,215,39,13,2025-06-02
ST30,SKU00291,0,37,10,2025-08-10
ST18,SKU00991,287,83,37,2025-05-16
ST30,SKU02277,147,45,12,2025-06-15
ST16,SKU00127,335,63,14,2025-08-02
ST07,SKU04508,0,90,24,2025-09-01
ST24,SKU02462,0,93,28,2025-08-13
ST01,SKU00758,371,94,25,2025-08-05
ST06,SKU02822,307,69,20,2025-08-02
ST09,SKU04554,95,27,10,2025-09-01
ST26,SKU02279,399,85,21,2025-05-17
ST19,SKU03286,160,39,16,2025-08-14
ST20,SKU01939,243,79,18,2025-08-04
ST11,SKU04334,394,86,28,2025-08-09
ST14,SKU03851,0,26,13,2025-08-29
ST28,SKU03520,221,63,29,2025-06-21
ST21,SKU00363,0,53,11,2025-08-08
ST14,SKU01407,478,97,40,2025-05-19
ST02,SKU02070,206,60,21,2025-05-31
ST05,SKU02570,373,70,21,2025-06-20
ST05,SKU00355,292,70,29,2025-05-07
ST17,SKU03627,301,87,41,2025-07-21
ST19,SKU00024,375,85,39,2025-08-01
ST08,SKU01592,371,68,19,2025-06-08
ST11,SKU03058,190,59,14,2025-07-27
ST14,SKU00589,186,31,9,2025-05-31
ST23,SKU02129,246,68,28,2025-06-01
ST07,SKU03582,263,49,15,2025-08-30
ST17,SKU04795,340,89,25,2025-06-17
ST29,SKU01880,82,23,10,2025-05-29
ST17,SKU02580,121,28,14,2025-05-18
ST29,SKU01651,431,83,31,2025-06-12
ST15,SKU03931,160,37,15,2025-08-24
ST08,SKU00774,0,67,19,2025-09-16
ST20,SKU04046,0,67,15,2025-08-23
ST01,SKU01818,222,47,11,2025-08-30
ST30,SKU02519,237,55,15,2025-07-30
ST30,SKU04505,244,41,9,2025-06-20
ST16,SKU00369,0,84,27,2025-08-12
ST16,SKU02355,0,60,13,2025-09-30
ST14,SKU03743,0,57,22,2025-08-11
ST21,SKU00484,0,92,19,2025-09-03
ST12,SKU03633,0,100,50,2025-08-22
ST24,SKU04919,210,40,15,2025-08-26
ST24,SKU04690,292,56,18,2025-06-24
ST20,SKU02999,135,23,5,2025-05-09
ST13,SKU02057,153,27,9,2025-07-15
ST18,SKU00186,105,34,11,2025-08-23
ST04,SKU00251,212,58,17,2025-07-10
ST16,SKU03523,316,60,29,2025-05-21
ST23,SKU00264,0,83,17,2025-08-28
ST11,SKU03179,195,61,14,2025-07-29
ST17,SKU02930,0,24,12,2025-08-21
ST12,SKU00371,118,34,8,2025-05-30
ST22,SKU00830,0,52,16,2025-08-24
ST15,SKU04052,225,70,32,2025-07-02
ST01,SKU01939,227,55,16,2025-05-12
ST30,SKU04626,0,64,29,2025-09-26
ST09,SKU03749,318,97,35,2025-07-24
ST09,SKU03520,321,64,13,2025-08-28
ST14,SKU03864,128,27,9,2025-08-28
ST14,SKU01649,490,83,30,2025-06-30
ST10,SKU04913,0,32,11,2025-09-09
ST12,SKU01310,342,96,35,2025-06-28
ST29,SKU00954,285,59,15,2025-05-08
ST15,SKU02776,0,20,5,2025-08-28
ST27,SKU04062,402,92,32,2025-07-30
ST23,SKU00385,418,86,24,2025-07-07
ST28,SKU00500,0,55,27,2025-09-25
ST12,SKU04693,136,23,6,2025-07-11
ST17,SKU02822,332,87,18,2025-05-23
ST20,SKU02302,245,51,24,2025-05-07
ST30,SKU04747,161,40,14,2025-06-06
ST30,SKU00546,276,77,25,2025-06-11
ST30,SKU02532,0,34,10,2025-08-09
ST11,SKU02253,341,88,40,2025-05-22
ST14,SKU01770,303,89,28,2025-07-05
ST05,SKU04919,345,68,19,2025-08-30
ST24,SKU02946,186,53,12,2025-07-19
ST22,SKU04334,190,33,9,2025-07-04
ST22,SKU04105,0,84,39,2025-09-29
ST27,SKU04412,111,24,11,2025-07-25
ST25,SKU01370,0,89,19,2025-08-04
ST15,SKU00682,291,84,25,2025-05-16
ST04,SKU00264,0,49,15,2025-09-19
ST14,SKU02938,100,33,14,2025-07-18
ST09,SKU00608,113,21,6,2025-08-22
ST22,SKU03058,228,58,28,2025-06-10
ST25,SKU02538,0,84,22,2025-10-07
ST23,SKU01674,165,37,14,2025-05-18
ST16,SKU02718,188,48,20,2025-08-17
ST26,SKU03931,305,91,36,2025-07-07
ST07,SKU02898,0,80,39,2025-09-29
ST10,SKU00954,320,85,21,2025-06-11
ST01,SKU03349,330,63,24,2025-06-20
ST08,SKU00090,377,82,34,2025-08-03
ST15,SKU01032,255,76,33,2025-09-01
ST09,SKU00500,0,67,24,2025-09-05
ST02,SKU01507,0,61,22,2025-08-30
ST07,SKU03837,75,20,10,2025-08-18
ST12,SKU00734,159,53,24,2025-05-29
ST29,SKU04350,0,89,41,2025-09-01
ST22,SKU03179,323,59,28,2025-08-13
ST01,SKU02302,444,82,36,2025-06-12
ST15,SKU01971,343,80,22,2025-07-27
ST18,SKU01717,181,42,9,2025-06-17
ST27,SKU01042,198,46,22,2025-07-16
ST21,SKU02954,0,24,10,2025-09-29
ST26,SKU04052,437,90,45,2025-06-15
ST15,SKU03139,176,55,18,2025-07-12
ST16,SKU01792,238,50,21,2025-05-25
ST06,SKU01104,111,24,10,2025-05-15
ST26,SKU03005,447,85,28,2025-07-06
ST24,SKU02141,0,40,15,2025-08-28
ST12,SKU00855,154,37,12,2025-05-09
ST19,SKU01568,276,58,22,2025-05-23
ST13,SKU03709,115,24,7,2025-08-27
ST01,SKU04409,341,70,21,2025-06-18
ST25,SKU02780,78,24,8,2025-07-02
ST11,SKU04831,438,99,47,2025-08-31
ST04,SKU01674,281,54,25,2025-08-04
ST11,SKU00401,231,48,20,2025-05-30
ST21,SKU00860,467,100,23,2025-05-13
ST22,SKU04468,231,46,11,2025-05-20
ST22,SKU02253,485,95,28,2025-05-20
ST13,SKU02662,351,61,16,2025-08-24
ST15,SKU01045,0,79,24,2025-09-06
ST20,SKU03375,258,68,25,2025-07-06
ST04,SKU02842,96,23,6,2025-05-15
ST10,SKU04350,0,53,15,2025-09-06
ST25,SKU04887,527,100,40,2025-05-25
ST20,SKU00342,154,34,8,2025-08-09
ST08,SKU03257,402,68,24,2025-06-25
ST26,SKU02079,0,58,12,2025-08-23
ST07,SKU01046,195,53,14,2025-06-18
ST17,SKU04245,0,52,20,2025-09-15
ST24,SKU00986,343,69,33,2025-06-17
ST08,SKU04654,129,23,5,2025-08-26
ST27,SKU00466,169,49,18,2025-08-04
ST25,SKU01854,328,62,30,2025-06-24
ST11,SKU03905,277,68,34,2025-05-22
ST16,SKU01805,445,92,26,2025-07-18
ST26,SKU01032,129,26,11,2025-08-10
ST13,SKU01507,0,93,23,2025-08-14
ST06,SKU04729,300,55,15,2025-08-18
ST23,SKU04144,124,34,15,2025-08-01
ST06,SKU02514,355,84,38,2025-08-08
ST16,SKU00987,233,67,32,2025-08-28
ST14,SKU02375,222,39,9,2025-06-15
ST16,SKU00758,364,95,33,2025-08-03
ST07,SKU01167,206,39,12,2025-07-03
ST26,SKU01971,153,28,9,2025-05-31
ST30,SKU04305,0,37,17,2025-08-19
ST26,SKU01153,0,96,42,2025-08-11
ST26,SKU03139,283,51,25,2025-06-05
ST02,SKU01762,308,52,23,2025-05-19
ST24,SKU04261,466,78,29,2025-07-17
ST29,SKU04605,558,96,40,2025-08-11
ST17,SKU01104,128,42,20,2025-06-02
ST01,SKU00571,145,28,7,2025-05-20
ST15,SKU00240,181,55,19,2025-05-28
ST01,SKU00342,421,83,25,2025-08-09
ST20,SKU00584,235,56,22,2025-06-20
ST25,SKU00699,306,65,17,2025-05-06
ST14,SKU02267,345,58,17,2025-08-13
ST02,SKU02930,0,79,30,2025-09-08
ST07,SKU03274,0,55,26,2025-09-24
ST17,SKU02501,94,22,8,2025-07-26
ST22,SKU04831,120,24,11,2025-08-31
ST17,SKU00286,0,32,11,2025-08-28
ST05,SKU00986,353,65,15,2025-08-24
ST08,SKU02681,289,52,19,2025-08-21
ST22,SKU00401,155,45,16,2025-06-11
ST08,SKU00466,335,64,20,2025-08-01
ST30,SKU02211,313,86,26,2025-07-22
ST06,SKU03803,82,24,5,2025-06-17
ST06,SKU03574,115,22,8,2025-07-20
ST02,SKU02112,526,88,22,2025-08-22
ST26,SKU01274,0,50,21,2025-09-02
ST07,SKU04442,489,92,33,2025-07-05
ST26,SKU01045,0,36,9,2025-08-31
ST29,SKU02740,0,62,16,2025-10-01
ST29,SKU04726,327,59,24,2025-08-07
ST27,SKU03633,0,23,10,2025-08-24
ST04,SKU04144,130,42,17,2025-07-17
ST23,SKU04157,0,100,25,2025-08-29
ST11,SKU02871,209,48,19,2025-05-14
ST19,SKU03220,142,39,18,2025-06-30
ST22,SKU02737,0,26,8,2025-08-09
ST25,SKU00002,0,100,44,2025-08-08
ST18,SKU01046,104,30,6,2025-06-26
ST09,SKU03441,141,24,6,2025-06-19
ST28,SKU03454,211,41,10,2025-07-25
ST19,SKU04388,72,22,9,2025-05-07
ST22,SKU03905,444,75,30,2025-07-29
ST10,SKU04605,291,92,20,2025-08-11
ST01,SKU00584,224,48,18,2025-05-26
ST06,SKU02648,0,65,19,2025-08-05
ST28,SKU00421,267,61,16,2025-06-19
ST17,SKU04729,139,42,17,2025-07-19
ST29,SKU03800,0,23,8,2025-09-03
ST17,SKU02514,415,79,27,2025-05-10
ST27,SKU00721,275,78,31,2025-07-23
ST06,SKU01830,161,33,13,2025-08-09
ST09,SKU03562,247,67,16,2025-06-15
ST30,SKU02224,102,20,7,2025-08-02
ST26,SKU01287,297,83,25,2025-08-21
ST10,SKU04955,303,96,30,2025-07-25
ST17,SKU01696,79,21,4,2025-05-14
ST19,SKU04280,0,53,12,2025-08-28
ST19,SKU00079,0,75,17,2025-08-28
ST10,SKU04726,360,67,14,2025-06-27
ST30,SKU03621,376,77,16,2025-07-12
ST03,SKU01303,152,39,15,2025-06-14
ST16,SKU03457,200,49,21,2025-07-25
ST04,SKU04157,0,42,13,2025-09-21
ST26,SKU00240,280,78,27,2025-06-06
ST17,SKU00649,110,23,11,2025-08-25
ST03,SKU02471,491,94,33,2025-06-08
ST15,SKU01542,279,76,36,2025-05-31
ST13,SKU02930,0,41,20,2025-09-21
ST11,SKU04281,95,25,7,2025-07-23
ST09,SKU03454,231,47,23,2025-07-13
ST21,SKU00539,0,31,8,2025-09-13
ST07,SKU02590,75,25,8,2025-06-08
ST17,SKU03803,211,52,24,2025-08-01
ST20,SKU01068,450,83,26,2025-07-14
ST13,SKU02112,347,100,33,2025-07-06
ST18,SKU04442,423,78,29,2025-07-11
ST15,SKU02710,294,50,19,2025-06-08
ST16,SKU03578,0,31,10,2025-09-30
ST16,SKU01363,0,90,21,2025-08-15
ST16,SKU03349,356,85,38,2025-08-08
ST26,SKU04791,280,72,24,2025-08-24
ST02,SKU03414,383,83,41,2025-07-03
ST26,SKU02576,154,29,11,2025-05-23
ST09,SKU00421,232,65,16,2025-08-05
ST19,SKU03583,147,33,14,2025-06-15
ST10,SKU03800,0,95,31,2025-10-10
ST22,SKU02871,202,42,17,2025-08-18
ST20,SKU04222,177,54,25,2025-07-02
ST08,SKU00721,183,34,10,2025-06-03
ST16,SKU02531,0,54,25,2025-08-24
ST07,SKU04926,0,25,7,2025-08-25
ST26,SKU03744,302,58,27,2025-05-09
ST07,SKU02482,0,72,23,2025-10-02
ST12,SKU03580,272,60,15,2025-07-20
ST23,SKU04641,269,79,36,2025-06-17
ST02,SKU03535,0,39,14,2025-08-29
ST28,SKU02541,163,45,18,2025-07-09
ST12,SKU02533,395,84,27,2025-07-05
ST15,SKU01784,0,29,9,2025-08-23
ST20,SKU02128,151,43,15,2025-05-22
ST27,SKU00855,96,25,11,2025-05-08
ST03,SKU00498,76,21,5,2025-06-30
ST25,SKU02472,346,70,22,2025-08-08
ST19,SKU02657,0,72,26,2025-10-03
ST24,SKU04987,360,92,44,2025-05-24
ST19,SKU04643,377,92,42,2025-05-15
ST11,SKU03476,0,47,14,2025-08-10
ST16,SKU01605,358,91,33,2025-07-09
ST04,SKU00090,577,97,38,2025-06-19
ST28,SKU02662,94,26,5,2025-06-29
ST10,SKU01827,470,85,18,2025-06-07
ST14,SKU03932,471,84,27,2025-07-26
ST17,SKU04166,0,22,6,2025-08-18
ST12,SKU03822,234,44,11,2025-07-06
ST22,SKU04281,241,41,15,2025-06-24
ST15,SKU03073,145,33,16,2025-05-25
ST30,SKU03876,0,90,24,2025-09-16
ST18,SKU02590,343,86,36,2025-07-14
ST04,SKU04641,355,65,17,2025-06-12
ST06,SKU01038,93,29,13,2025-08-22
ST23,SKU04654,77,20,4,2025-06-25
ST07,SKU01906,207,59,25,2025-07-01
ST07,SKU03892,228,67,14,2025-08-29
ST26,SKU02710,137,24,12,2025-06-02
ST07,SKU01677,0,47,17,2025-08-20
ST03,SKU04941,271,67,18,2025-05-26
ST13,SKU01428,257,44,12,2025-06-29
ST13,SKU03414,110,27,6,2025-06-01
ST01,SKU02128,111,21,8,2025-07-28
ST20,SKU00155,111,23,6,2025-07-17
ST16,SKU00679,132,36,16,2025-05-29
ST02,SKU04945,418,83,28,2025-08-12
ST26,SKU04107,215,47,15,2025-07-12
ST14,SKU04053,323,87,33,2025-06-22
ST05,SKU04987,284,84,37,2025-05-10
ST24,SKU03014,358,70,21,2025-06-10
ST24,SKU05000,420,78,30,2025-08-21
ST01,SKU01310,162,51,23,2025-07-26
ST18,SKU04926,0,76,30,2025-09-09
ST27,SKU00050,0,97,24,2025-08-14
ST14,SKU03235,198,53,14,2025-07-13
ST23,SKU00574,355,62,15,2025-08-13
ST11,SKU01274,0,20,8,2025-10-06
ST16,SKU03833,193,52,14,2025-07-28
ST29,SKU04526,346,93,25,2025-08-15
ST15,SKU04362,0,85,18,2025-10-10
ST13,SKU03535,0,33,12,2025-10-12
ST30,SKU02950,0,73,28,2025-08-08
ST26,SKU04228,309,90,23,2025-05-13
ST16,SKU00571,524,93,33,2025-07-10
ST26,SKU01784,0,42,18,2025-09-28
ST24,SKU00920,0,87,33,2025-08-24
ST29,SKU01264,416,80,20,2025-06-26
ST27,SKU02386,381,83,38,2025-08-05
ST11,SKU03839,413,71,23,2025-07-16
ST04,SKU00682,331,74,35,2025-08-06
ST06,SKU03266,468,94,43,2025-06-07
ST23,SKU02681,289,89,35,2025-05-26
ST07,SKU01919,480,81,28,2025-08-20
ST24,SKU02088,0,87,40,2025-09-26
ST15,SKU02268,0,42,16,2025-09-29
ST01,SKU00155,321,57,21,2025-07-13
ST16,SKU02907,256,58,18,2025-07-24
ST12,SKU01970,240,57,25,2025-08-20
ST05,SKU03014,258,46,21,2025-08-13
ST13,SKU04824,0,73,28,2025-09-10
ST08,SKU00050,0,42,16,2025-08-28
ST23,SKU03031,216,42,18,2025-05-20
ST04,SKU00574,154,38,15,2025-06-05
ST26,SKU03073,545,93,37,2025-06-18
ST02,SKU01696,241,49,15,2025-07-15
ST26,SKU00858,227,72,22,2025-07-01
ST10,SKU04526,461,92,27,2025-08-31
ST24,SKU02209,158,30,12,2025-06-12
ST01,SKU04706,60,20,9,2025-08-04
ST03,SKU03089,320,91,25,2025-08-01
ST18,SKU01906,347,84,33,2025-07-23
ST06,SKU00354,232,45,16,2025-05-25
ST06,SKU02340,0,71,26,2025-08-24
ST02,SKU00649,311,85,24,2025-05-12
ST29,SKU03492,197,38,18,2025-05-22
ST13,SKU04945,185,35,8,2025-06-18
ST25,SKU04016,0,70,19,2025-09-22
ST08,SKU02386,324,92,41,2025-07-18
ST06,SKU03737,278,82,34,2025-06-30
ST23,SKU03152,89,24,6,2025-07-16
ST09,SKU03254,284,71,20,2025-05-27
ST23,SKU02923,0,37,8,2025-08-29
ST16,SKU01981,460,79,24,2025-05-25
ST02,SKU04032,0,48,20,2025-09-26
ST07,SKU04147,217,51,18,2025-05-23
ST05,SKU02088,0,94,36,2025-08-23
ST08,SKU01568,209,58,25,2025-08-26
ST21,SKU03493,363,76,36,2025-08-02
ST08,SKU00521,293,88,24,2025-09-02
ST06,SKU01643,147,34,16,2025-06-03
ST04,SKU03031,345,89,44,2025-05-28
ST06,SKU01414,0,99,47,2025-09-24
ST21,SKU02217,317,84,29,2025-06-23
ST02,SKU04153,155,42,15,2025-06-19
ST05,SKU02209,95,20,6,2025-07-09
ST15,SKU00416,0,68,33,2025-09-05
ST25,SKU03090,227,64,28,2025-05-10
ST06,SKU04797,113,24,9,2025-06-21
ST23,SKU04212,150,31,7,2025-05-09
ST21,SKU01170,0,88,43,2025-10-08
ST17,SKU04663,0,26,10,2025-09-20
ST17,SKU00462,436,88,43,2025-07-04
ST10,SKU03492,169,39,18,2025-05-28
ST27,SKU04856,317,59,17,2025-07-11
ST30,SKU02387,322,76,34,2025-07-25
ST21,SKU02567,299,56,13,2025-05-18
ST04,SKU02923,0,82,35,2025-09-01
ST26,SKU03436,359,85,32,2025-06-11
ST19,SKU04443,269,80,37,2025-08-20
ST29,SKU04902,148,32,11,2025-07-24
ST03,SKU01466,0,91,24,2025-08-07
ST13,SKU04140,0,82,25,2025-09-20
ST25,SKU00996,0,88,18,2025-08-24
ST13,SKU01696,471,90,34,2025-06-03
ST09,SKU02449,0,70,14,2025-09-28
ST28,SKU02462,0,70,29,2025-10-01
ST17,SKU00354,273,85,17,2025-07-16
ST20,SKU04035,0,40,9,2025-09-21
ST03,SKU00190,0,43,16,2025-08-15
ST25,SKU02164,158,43,15,2025-08-25
ST30,SKU02279,212,69,29,2025-08-31
ST11,SKU04215,213,58,14,2025-05-09
ST23,SKU03286,255,74,24,2025-08-04
ST12,SKU01407,455,85,37,2025-05-10
ST17,SKU03737,131,32,8,2025-07-05
ST24,SKU04679,119,34,16,2025-08-06
ST13,SKU04261,329,67,33,2025-08-24
ST13,SKU02046,0,21,5,2025-08-08
ST01,SKU00531,0,82,22,2025-10-06
ST09,SKU00355,531,98,34,2025-09-01
ST23,SKU00024,263,81,28,2025-05-13
ST02,SKU01133,272,53,19,2025-05-21
ST17,SKU04905,422,79,38,2025-08-25
ST03,SKU04741,397,78,20,2025-05-20
ST08,SKU04856,544,95,29,2025-05-17
ST11,SKU04107,280,68,18,2025-05-18
ST14,SKU03624,152,37,14,2025-05-21
ST10,SKU04902,295,81,34,2025-05-19
ST17,SKU01643,388,69,18,2025-05-31
ST13,SKU04153,136,26,11,2025-08-11
ST15,SKU00550,480,83,34,2025-06-12
ST23,SKU04346,0,82,23,2025-08-08
ST28,SKU04690,524,95,21,2025-07-23
ST26,SKU00416,0,91,37,2025-09-05
ST25,SKU04392,150,35,14,2025-05-24
ST30,SKU00535,116,25,11,2025-08-26
ST16,SKU00371,463,93,32,2025-07-05
ST28,SKU01428,339,59,20,2025-05-14
ST05,SKU04679,593,99,36,2025-06-15
ST12,SKU01420,0,88,40,2025-10-08
ST16,SKU01310,255,59,19,2025-08-10
ST22,SKU00832,0,69,16,2025-08-14
ST15,SKU04054,220,37,10,2025-06-16
ST18,SKU01356,191,37,9,2025-07-22
ST16,SKU04693,233,48,10,2025-06-13
ST21,SKU02822,166,35,9,2025-07-03
ST02,SKU02543,0,20,7,2025-09-14
ST14,SKU01651,232,42,19,2025-07-28
ST22,SKU04215,111,27,10,2025-05-15
ST01,SKU00894,222,67,23,2025-05-23
ST09,SKU04919,197,59,13,2025-07-06
ST09,SKU04690,293,79,25,2025-05-09
ST05,SKU01538,435,97,33,2025-07-06
ST03,SKU02660,0,67,26,2025-09-15
ST27,SKU01031,83,23,10,2025-07-20
ST11,SKU02484,0,61,23,2025-09-03
ST06,SKU04126,0,56,23,2025-09-26
ST12,SKU01662,0,50,10,2025-08-28
ST19,SKU00389,204,47,13,2025-06-17
ST02,SKU03603,117,26,8,2025-05-25
ST26,SKU00550,204,45,19,2025-07-08
ST03,SKU04996,401,90,26,2025-08-21
ST11,SKU04591,255,45,16,2025-08-12
ST11,SKU02376,114,33,14,2025-07-03
ST16,SKU04706,109,20,6,2025-09-02
ST02,SKU04771,338,63,21,2025-08-04
ST30,SKU04052,241,64,23,2025-08-07
ST18,SKU00551,350,93,33,2025-07-27
ST30,SKU03823,120,29,9,2025-08-18
ST14,SKU01075,87,28,14,2025-06-16
ST07,SKU03839,75,23,8,2025-06-26
ST29,SKU04352,280,52,23,2025-06-17
ST12,SKU02722,293,54,18,2025-06-18
ST20,SKU00331,173,29,7,2025-07-08
ST08,SKU01031,306,89,26,2025-07-20
ST30,SKU03005,457,78,24,2025-05-15
ST06,SKU00167,198,44,19,2025-08-14
ST23,SKU01568,391,72,34,2025-07-18
ST26,SKU04054,226,63,20,2025-06-15
ST02,SKU00691,179,51,15,2025-06-03
ST02,SKU00462,431,91,18,2025-07-05
ST19,SKU00631,327,83,39,2025-05-24
ST12,SKU01675,213,47,15,2025-07-26
ST08,SKU04414,562,98,38,2025-06-16
ST12,SKU00628,0,59,22,2025-09-09
ST03,SKU01037,0,77,21,2025-09-23
ST27,SKU03609,166,37,16,2025-05-17
ST20,SKU04653,427,98,44,2025-07-06
ST08,SKU01152,0,51,19,2025-08-31
ST15,SKU02094,304,55,22,2025-07-08
ST06,SKU02503,0,26,13,2025-09-24
ST06,SKU04489,0,47,21,2025-09-11
ST25,SKU04768,95,26,6,2025-08-10
ST24,SKU03311,188,36,12,2025-05-10
ST22,SKU02484,0,47,16,2025-08-15
ST03,SKU02205,370,78,38,2025-06-10
ST03,SKU04191,0,97,46,2025-08-26
ST13,SKU04879,513,97,46,2025-08-18
ST15,SKU03491,222,73,24,2025-05-30
ST25,SKU03950,222,49,13,2025-05-15
ST30,SKU02079,0,36,13,2025-09-05
ST13,SKU00449,248,48,10,2025-08-09
ST21,SKU04245,0,38,13,2025-10-09
ST12,SKU02964,103,26,9,2025-08-09
ST12,SKU00749,94,20,6,2025-06-29
ST01,SKU04532,469,88,30,2025-07-12
ST03,SKU00929,0,35,15,2025-09-03
ST01,SKU00331,156,42,16,2025-06-14
ST13,SKU03603,256,70,28,2025-07-12
ST30,SKU01032,113,23,6,2025-08-22
ST11,SKU00524,301,58,19,2025-06-12
ST04,SKU01568,195,54,21,2025-08-15
ST19,SKU03088,0,89,34,2025-08-18
ST17,SKU04476,0,58,23,2025-10-05
ST22,SKU04591,149,28,9,2025-07-26
ST22,SKU02376,276,84,24,2025-08-25
ST27,SKU02683,0,47,16,2025-08-18
ST20,SKU03727,0,78,20,2025-09-13
ST13,SKU05000,210,62,29,2025-07-18
ST30,SKU01971,286,87,27,2025-05-25
ST26,SKU01034,372,78,34,2025-07-15
ST22,SKU03773,404,79,20,2025-08-24
ST24,SKU00170,120,34,12,2025-08-03
ST29,SKU02500,81,24,6,2025-05-24
ST15,SKU04551,0,91,29,2025-08-24
ST08,SKU03609,343,84,24,2025-07-24
ST01,SKU04653,74,23,7,2025-06-21
ST30,SKU01153,0,74,30,2025-08-30
ST30,SKU03139,256,84,22,2025-05-31
ST11,SKU00645,326,70,35,2025-07-21
ST28,SKU04261,333,56,18,2025-08-14
ST21,SKU01104,258,70,18,2025-07-19
ST19,SKU00994,0,37,7,2025-10-02
ST12,SKU02038,320,59,21,2025-07-21
ST17,SKU00167,113,21,7,2025-08-21
ST15,SKU03504,380,82,23,2025-08-12
ST27,SKU00589,342,84,28,2025-08-12
ST13,SKU00691,243,43,20,2025-06-10
ST20,SKU03848,400,92,22,2025-06-20
ST13,SKU00462,232,44,19,2025-06-12
ST09,SKU00986,245,65,32,2025-06-22
ST05,SKU04250,94,23,11,2025-06-08
ST12,SKU00991,256,47,22,2025-08-17
ST29,SKU04607,397,92,31,2025-08-23
ST24,SKU00062,0,99,29,2025-09-10
ST27,SKU03743,0,40,14,2025-09-25
ST30,SKU01274,0,43,17,2025-09-27
ST30,SKU01045,0,100,30,2025-08-10
ST17,SKU02503,0,51,17,2025-09-04
ST17,SKU04489,0,84,39,2025-08-26
ST08,SKU02683,0,91,25,2025-09-27
ST01,SKU03727,0,86,42,2025-09-19
ST20,SKU01754,89,24,6,2025-07-31
ST20,SKU03740,150,30,8,2025-08-31
ST06,SKU03805,497,95,39,2025-07-04
ST23,SKU03220,239,69,20,2025-06-19
ST02,SKU04329,0,25,8,2025-08-12
ST05,SKU00170,126,28,7,2025-08-12
ST10,SKU02500,180,58,17,2025-07-12
ST08,SKU03851,0,36,11,2025-09-02
ST25,SKU03266,355,98,42,2025-07-17
ST13,SKU03966,447,100,25,2025-06-03
ST15,SKU00363,0,39,12,2025-10-06
ST08,SKU01407,181,41,14,2025-07-08
ST27,SKU01649,136,28,11,2025-08-22
ST27,SKU03864,261,77,27,2025-08-01
ST23,SKU04388,239,53,19,2025-06-08
ST14,SKU04605,305,64,17,2025-06-29
ST22,SKU00524,176,32,11,2025-08-15
ST01,SKU03848,255,47,19,2025-08-03
ST08,SKU00589,216,58,16,2025-05-21
ST11,SKU02055,406,91,41,2025-07-03
ST21,SKU04729,216,72,25,2025-07-02
ST21,SKU02514,405,88,18,2025-05-11
ST02,SKU00020,0,37,18,2025-09-04
ST05,SKU00291,0,86,20,2025-09-05
ST29,SKU04849,221,64,22,2025-06-02
ST24,SKU04505,452,97,45,2025-06-18
ST05,SKU00062,0,42,20,2025-09-15
ST20,SKU03043,185,53,24,2025-05-13
ST08,SKU03743,0,58,18,2025-10-01
ST15,SKU00484,0,48,13,2025-08-27
ST27,SKU01770,152,29,13,2025-07-13
ST23,SKU04280,0,86,38,2025-08-08
ST14,SKU04726,120,27,13,2025-07-12
ST26,SKU00350,332,57,18,2025-07-26
ST07,SKU01303,191,44,13,2025-06-16
ST12,SKU02401,0,96,48,2025-08-18
ST22,SKU00874,436,81,28,2025-05-13
ST12,SKU00186,104,21,10,2025-07-17
ST22,SKU00645,273,75,26,2025-05-17
ST27,SKU02938,196,62,28,2025-07-07
ST01,SKU01754,207,37,8,2025-07-30
ST04,SKU03220,79,26,6,2025-06-28
ST16,SKU00305,178,52,16,2025-08-02
ST26,SKU03504,525,96,41,2025-05-15
ST07,SKU02471,267,64,21,2025-07-15
ST03,SKU03749,261,52,14,2025-08-05
ST27,SKU04106,343,61,18,2025-07-05
ST03,SKU03520,470,90,27,2025-07-19
ST08,SKU03864,378,91,33,2025-08-02
ST13,SKU01993,0,57,26,2025-08-13
ST04,SKU04388,306,87,26,2025-06-23
ST21,SKU03803,356,83,32,2025-06-12
ST14,SKU04847,0,46,17,2025-09-07
ST23,SKU04401,146,45,22,2025-06-28
ST21,SKU03574,336,77,35,2025-07-26
ST11,SKU03115,148,45,20,2025-07-09
ST05,SKU01580,194,35,10,2025-08-03
ST29,SKU04152,379,84,28,2025-05-06
ST30,SKU04791,131,39,18,2025-05-23
ST30,SKU02576,81,23,8,2025-07-08
ST23,SKU03583,455,93,32,2025-05-16
ST16,SKU04627,0,36,11,2025-09-07
ST11,SKU02068,0,71,31,2025-09-01
ST29,SKU03105,179,31,14,2025-07-30
ST05,SKU02519,431,84,20,2025-06-06
ST10,SKU04849,387,75,17,2025-05-14
ST03,SKU03870,0,67,30,2025-10-06
ST24,SKU02532,0,55,21,2025-08-31
ST29,SKU00890,173,32,11,2025-08-06
ST24,SKU04747,349,90,34,2025-05-31
ST17,SKU03805,182,42,16,2025-06-18
ST30,SKU03744,234,52,20,2025-07-25
ST08,SKU01770,359,60,28,2025-06-17
ST20,SKU01070,299,87,28,2025-08-25
ST13,SKU02114,346,92,34,2025-07-10
ST06,SKU00906,240,42,20,2025-07-23
ST11,SKU01021,0,85,21,2025-09-02
ST14,SKU00538,0,59,14,2025-10-10
ST26,SKU00592,394,89,27,2025-06-11
ST26,SKU00363,0,58,16,2025-08-25
ST19,SKU01370,0,45,19,2025-08-29
ST08,SKU02938,431,77,33,2025-07-23
ST27,SKU00965,281,81,25,2025-05-26
ST16,SKU02533,353,78,26,2025-05-09
ST07,SKU00498,229,63,25,2025-09-01
ST19,SKU02538,0,48,12,2025-09-26
ST05,SKU02640,0,40,15,2025-09-24
ST05,SKU00654,402,73,27,2025-05-13
ST29,SKU02997,122,24,6,2025-05-31
ST08,SKU04106,315,57,17,2025-07-22
ST20,SKU01191,387,85,42,2025-05-23
ST15,SKU02833,0,82,24,2025-10-04
ST03,SKU01547,0,47,16,2025-08-10
ST11,SKU01371,0,97,26,2025-08-09
ST28,SKU04987,245,60,26,2025-05-27
ST23,SKU04643,172,37,14,2025-07-19
ST21,SKU01830,237,42,14,2025-06-29
ST26,SKU00484,0,67,22,2025-10-04
ST10,SKU04152,224,59,28,2025-08-05
ST03,SKU00500,0,93,28,2025-09-03
ST18,SKU01303,380,94,35,2025-08-14
ST10,SKU03105,256,74,17,2025-07-25
ST24,SKU00788,413,94,26,2025-05-10
ST10,SKU00890,133,23,11,2025-05-06
ST05,SKU04747,314,67,32,2025-08-03
ST05,SKU00546,304,53,20,2025-07-01
ST13,SKU04571,0,31,12,2025-09-27
ST01,SKU01070,207,45,22,2025-08-20
ST18,SKU02700,246,43,21,2025-06-10
ST18,SKU02471,414,93,22,2025-06-13
ST16,SKU03822,101,27,11,2025-06-14
ST07,SKU03773,335,63,29,2025-08-31
ST10,SKU04273,0,96,29,2025-09-13
ST22,SKU03115,190,35,12,2025-07-29
ST13,SKU03295,346,60,16,2025-06-21
ST19,SKU02780,309,59,24,2025-07-14
ST10,SKU02997,161,44,17,2025-08-12
ST22,SKU02068,0,72,21,2025-08-13
ST01,SKU03177,194,63,24,2025-07-17
ST15,SKU00860,152,50,10,2025-06-25
ST04,SKU02657,0,69,31,2025-10-05
ST09,SKU04987,161,31,9,2025-05-24
ST28,SKU03014,146,33,11,2025-06-25
ST04,SKU04643,299,53,15,2025-09-01
ST13,SKU03416,173,29,9,2025-05-28
ST30,SKU00845,0,29,12,2025-09-08
ST10,SKU03347,177,57,12,2025-06-26
ST24,SKU01030,0,91,30,2025-08-06
ST05,SKU00788,133,32,16,2025-08-08
ST27,SKU02267,327,67,21,2025-07-17
ST27,SKU00052,302,60,20,2025-05-29
ST30,SKU01784,0,25,7,2025-08-06
ST18,SKU00498,174,30,7,2025-06-13
ST06,SKU03376,268,72,16,2025-08-13
ST11,SKU03491,118,32,14,2025-07-21
ST28,SKU00920,0,55,18,2025-08-30
ST07,SKU04244,380,94,23,2025-05-13
ST19,SKU01854,123,39,16,2025-07-09
ST12,SKU02898,0,46,21,2025-08-26
ST22,SKU01371,0,36,9,2025-09-17
ST11,SKU04888,216,37,14,2025-08-27
ST01,SKU01433,100,20,5,2025-05-30
ST16,SKU01970,375,100,24,2025-07-05
ST09,SKU03014,177,47,18,2025-06-07
ST26,SKU02954,0,93,38,2025-09-01
ST05,SKU04292,322,93,37,2025-06-30
ST24,SKU04305,0,21,7,2025-09-29
ST10,SKU02421,266,49,11,2025-06-29
ST06,SKU04665,321,78,25,2025-08-04
ST11,SKU02794,259,78,23,2025-05-22
ST14,SKU04526,278,68,26,2025-05-12
ST21,SKU01038,89,22,5,2025-07-29
ST07,SKU03089,192,44,12,2025-05-24
ST07,SKU00874,199,65,31,2025-08-24
ST29,SKU03602,429,87,33,2025-05-28
ST22,SKU00445,0,80,22,2025-09-14
ST19,SKU00699,341,75,20,2025-07-18
ST25,SKU01911,437,89,37,2025-08-20
ST08,SKU02267,186,40,18,2025-05-12
ST18,SKU04941,259,48,20,2025-08-31
ST09,SKU00920,0,54,15,2025-10-05
ST17,SKU03484,133,39,18,2025-06-09
ST24,SKU02211,281,75,16,2025-06-09
ST03,SKU03320,173,50,15,2025-05-22
ST11,SKU04901,359,83,26,2025-05-22
ST16,SKU03030,0,32,14,2025-09-17
ST09,SKU02088,0,45,16,2025-08-06
ST07,SKU03210,278,63,29,2025-07-23
ST25,SKU01803,265,64,24,2025-08-11
ST24,SKU04318,0,27,11,2025-09-08
ST03,SKU03441,253,50,15,2025-06-21
ST18,SKU04244,375,63,23,2025-06-09
ST06,SKU02692,0,59,14,2025-09-18
ST11,SKU03036,178,51,16,2025-06-02
ST11,SKU00821,211,44,13,2025-07-15
ST09,SKU02209,518,93,27,2025-05-22
ST21,SKU03266,181,36,16,2025-07-26
ST17,SKU02558,466,81,31,2025-05-30
ST10,SKU03602,89,21,10,2025-07-04
ST22,SKU04888,95,30,9,2025-08-19
ST13,SKU00638,91,28,6,2025-08-21
ST21,SKU04663,0,96,21,2025-09-03
ST11,SKU03975,459,77,26,2025-07-16
ST16,SKU04319,324,85,29,2025-07-23
ST14,SKU03492,370,63,29,2025-05-20
ST29,SKU04783,0,81,29,2025-08-06
ST05,SKU02211,189,34,7,2025-08-28
ST30,SKU03436,175,44,17,2025-06-01
ST11,SKU00942,0,43,12,2025-09-27
ST06,SKU02584,406,72,22,2025-06-15
ST02,SKU03108,281,58,25,2025-08-15
ST02,SKU00893,0,65,32,2025-08-06
ST19,SKU03277,124,33,12,2025-07-07
ST12,SKU04321,0,24,6,2025-10-02
ST17,SKU04665,319,96,37,2025-07-09
ST05,SKU01164,0,82,33,2025-09-03
ST18,SKU03089,327,88,34,2025-06-10
ST21,SKU00354,499,99,49,2025-07-01
ST21,SKU02340,0,58,15,2025-10-05
ST02,SKU00075,159,43,9,2025-07-12
ST07,SKU00190,0,78,17,2025-08-14
ST12,SKU03274,0,61,16,2025-09-15
ST03,SKU03454,296,62,20,2025-07-10
ST20,SKU00654,254,83,21,2025-07-13
ST11,SKU01063,375,67,22,2025-05-29
ST28,SKU04679,402,93,22,2025-05-28
ST12,SKU04442,277,73,31,2025-07-30
ST22,SKU02915,73,20,4,2025-06-09
ST22,SKU04901,244,43,12,2025-07-28
ST03,SKU00421,351,69,29,2025-06-06
ST15,SKU03693,0,71,24,2025-09-01
ST20,SKU01822,372,76,28,2025-05-23
ST18,SKU03210,214,40,19,2025-06-19
ST25,SKU04152,245,66,33,2025-06-30
ST11,SKU04217,247,68,24,2025-07-02
ST07,SKU04741,221,49,16,2025-05-09
ST07,SKU02526,0,72,31,2025-09-18
ST12,SKU03624,238,62,13,2025-08-06
ST19,SKU02351,496,100,48,2025-05-30
ST27,SKU03932,163,48,12,2025-07-14
ST27,SKU01717,97,30,14,2025-06-06
ST04,SKU04443,320,95,46,2025-06-30
ST20,SKU00775,154,50,11,2025-08-13
ST14,SKU04902,355,84,34,2025-06-10
ST21,SKU01643,373,85,20,2025-08-02
ST28,SKU04571,0,69,17,2025-08-17
ST21,SKU01414,0,42,10,2025-10-08
ST24,SKU03863,284,50,22,2025-08-09
ST05,SKU03621,305,59,18,2025-06-04
ST22,SKU03036,161,38,15,2025-06-05
ST22,SKU00821,84,22,11,2025-06-06
ST25,SKU04273,0,42,14,2025-09-10
ST16,SKU04453,0,77,29,2025-08-07
ST22,SKU03975,224,52,25,2025-06-20
ST27,SKU04053,210,64,20,2025-07-30
ST09,SKU04679,256,54,13,2025-07-09
ST06,SKU00732,404,89,30,2025-07-04
ST07,SKU01371,0,42,14,2025-08-05
ST27,SKU03235,279,52,21,2025-08-15
ST18,SKU01466,0,42,12,2025-09-13
ST25,SKU02408,504,90,29,2025-08-28
ST13,SKU03108,226,64,26,2025-09-01
ST20,SKU02064,283,91,39,2025-08-09
ST01,SKU01822,290,82,36,2025-06-04
ST07,SKU02768,255,69,26,2025-06-09
ST07,SKU00553,250,42,14,2025-08-04
ST12,SKU01651,254,54,17,2025-07-21
ST17,SKU01766,271,87,31,2025-06-22
ST29,SKU00837,160,52,16,2025-06-29
ST08,SKU03932,235,68,24,2025-05-25
ST25,SKU03347,117,28,13,2025-08-02
ST01,SKU00775,283,54,23,2025-06-21
ST02,SKU03592,364,70,16,2025-08-02
ST05,SKU03863,257,79,24,2025-05-06
ST12,SKU02590,379,93,19,2025-05-14
ST05,SKU03634,167,37,14,2025-07-26
ST22,SKU01063,90,26,9,2025-05-18
ST06,SKU04236,393,69,33,2025-06-18
ST11,SKU04580,92,22,4,2025-09-02
ST04,SKU01423,274,76,21,2025-06-15
ST09,SKU01538,451,90,24,2025-05-29
ST26,SKU03693,0,98,26,2025-08-19
ST07,SKU02660,0,35,17,2025-08-10
ST17,SKU04102,261,60,20,2025-08-05
ST29,SKU03173,136,43,14,2025-06-05
ST22,SKU04217,396,68,28,2025-07-22
ST20,SKU03353,0,66,16,2025-08-11
ST08,SKU04053,269,73,23,2025-09-02
ST18,SKU02526,0,67,23,2025-09-04
ST30,SKU03812,0,29,10,2025-08-08
ST11,SKU01318,162,32,10,2025-08-11
ST23,SKU00389,526,94,21,2025-05-07
ST16,SKU01433,321,94,25,2025-06-03
ST07,SKU03828,303,76,38,2025-06-26
ST12,SKU04926,0,63,26,2025-09-07
ST02,SKU03484,270,54,12,2025-08-09
ST17,SKU02826,0,56,13,2025-09-21
ST08,SKU03235,114,26,6,2025-05-27
ST20,SKU04292,391,99,25,2025-05-22
ST01,SKU02064,281,58,16,2025-07-01
ST25,SKU02421,375,83,38,2025-08-14
ST06,SKU02142,281,75,33,2025-07-25
ST30,SKU00550,278,55,21,2025-05-07
ST02,SKU04652,258,46,9,2025-05-06
ST07,SKU04996,343,72,35,2025-06-27
ST10,SKU00837,383,68,27,2025-09-01
ST13,SKU00317,129,23,8,2025-06-22
ST11,SKU03425,0,38,15,2025-09-12
ST14,SKU03171,0,51,24,2025-09-14
ST28,SKU02840,0,29,6,2025-09-06
ST05,SKU04105,0,74,18,2025-09-30
ST29,SKU02247,0,92,26,2025-10-05
ST22,SKU03291,221,42,20,2025-08-17
ST13,SKU01485,0,36,16,2025-09-25
ST16,SKU00507,306,100,21,2025-05-31
ST05,SKU03058,281,71,31,2025-06-02
ST17,SKU02129,312,84,22,2025-08-13
ST15,SKU03251,238,72,15,2025-07-26
ST01,SKU01138,0,100,35,2025-10-11
ST30,SKU04054,431,88,18,2025-07-17
ST18,SKU00553,281,57,18,2025-05-30
ST25,SKU01495,190,50,17,2025-06-12
ST04,SKU00389,356,68,34,2025-07-03
ST14,SKU03063,0,42,10,2025-09-22
ST13,SKU03592,123,24,7,2025-05-10
ST11,SKU02728,117,27,8,2025-07-15
ST02,SKU04894,397,92,43,2025-07-19
ST07,SKU01037,0,84,31,2025-08-19
ST05,SKU02950,0,34,10,2025-08-27
ST12,SKU03892,462,94,47,2025-07-15
ST17,SKU04236,172,40,10,2025-08-03
ST22,SKU04580,254,52,22,2025-09-02
ST22,SKU00150,211,55,20,2025-05-29
ST13,SKU00330,132,43,9,2025-07-24
ST18,SKU02660,0,21,6,2025-09-20
ST06,SKU01337,153,41,14,2025-08-16
ST06,SKU03323,0,68,14,2025-08-22
ST26,SKU01023,316,93,35,2025-06-07
ST19,SKU04016,0,54,23,2025-09-18
ST29,SKU04475,190,51,19,2025-05-27
ST22,SKU01318,407,99,33,2025-08-11
ST03,SKU03254,452,79,38,2025-06-07
ST27,SKU01396,346,91,36,2025-07-14
ST18,SKU03828,305,70,32,2025-05-24
ST06,SKU04491,280,57,25,2025-05-30
ST28,SKU04250,291,59,29,2025-06-24
ST14,SKU04352,136,28,10,2025-07-01
ST16,SKU00749,174,42,10,2025-06-04
ST16,SKU02964,297,51,25,2025-08-06
ST07,SKU00929,0,78,29,2025-09-22
ST19,SKU04955,307,76,25,2025-07-03
ST29,SKU03428,239,55,18,2025-06-27
ST17,SKU02142,332,74,31,2025-05-14
ST10,SKU01200,162,30,6,2025-06-12
ST15,SKU03493,105,32,11,2025-07-01
ST13,SKU04652,188,56,19,2025-07-26
ST18,SKU04996,131,36,10,2025-06-10
ST23,SKU03088,0,92,44,2025-10-03
ST21,SKU04476,0,38,12,2025-09-17
ST06,SKU01229,230,59,16,2025-07-04
ST02,SKU03968,288,73,24,2025-06-19
ST10,SKU02368,0,88,27,2025-10-07
ST29,SKU02381,0,23,9,2025-08-04
ST03,SKU03375,219,54,11,2025-07-04
ST15,SKU02217,118,26,12,2025-06-07
ST28,SKU00170,83,21,10,2025-05-10
ST02,SKU00935,205,43,12,2025-06-30
ST19,SKU03090,179,58,21,2025-07-08
ST05,SKU03192,138,42,11,2025-08-23
ST12,SKU01919,107,22,7,2025-08-22
ST25,SKU04073,194,44,11,2025-05-25
ST15,SKU01170,0,37,10,2025-09-09
ST09,SKU03311,123,39,16,2025-06-30
ST16,SKU02038,158,34,7,2025-06-19
ST21,SKU00167,456,84,22,2025-06-29
ST24,SKU02387,193,39,18,2025-07-03
ST29,SKU04717,371,80,40,2025-05-17
ST22,SKU03546,0,39,9,2025-09-24
ST15,SKU02567,368,77,29,2025-07-03
ST27,SKU03624,268,89,35,2025-08-04
ST06,SKU00532,139,43,9,2025-08-20
ST09,SKU04250,248,50,15,2025-05-16
ST16,SKU00991,137,36,17,2025-05-19
ST28,SKU02277,459,84,26,2025-05-08
ST29,SKU01684,66,20,9,2025-07-20
ST19,SKU00996,0,24,8,2025-09-11
ST22,SKU02728,214,49,22,2025-06-07
ST17,SKU00169,0,28,9,2025-09-19
ST03,SKU02449,0,79,21,2025-09-06
ST01,SKU03837,137,33,11,2025-09-01
ST25,SKU04194,376,94,42,2025-08-12
ST13,SKU04894,190,44,21,2025-06-23
ST18,SKU01037,0,36,11,2025-10-09
ST30,SKU02094,101,22,7,2025-06-30
ST21,SKU02503,0,28,14,2025-09-16
ST21,SKU04489,0,21,6,2025-08-08
ST07,SKU04554,70,20,6,2025-05-16
ST19,SKU02164,232,72,17,2025-09-01
ST24,SKU02279,355,92,40,2025-07-07
ST10,SKU02381,0,100,34,2025-08-27
ST17,SKU01337,546,92,43,2025-06-18
ST18,SKU02205,252,68,28,2025-08-10
ST18,SKU04191,0,97,26,2025-08-04
ST06,SKU04854,265,66,24,2025-08-28
ST11,SKU02983,0,29,8,2025-08-16
ST06,SKU02639,122,23,8,2025-08-17
ST09,SKU00170,255,67,17,2025-07-11
ST16,SKU01112,327,77,16,2025-08-02
ST14,SKU02500,438,99,21,2025-05-22
ST14,SKU00285,0,78,39,2025-08-20
ST17,SKU04491,275,55,22,2025-08-25
ST03,SKU00355,297,53,22,2025-07-14
ST27,SKU04913,0,35,17,2025-09-06
ST25,SKU04315,0,83,39,2025-10-05
ST04,SKU00994,0,57,16,2025-10-05
ST26,SKU03493,238,62,25,2025-08-16
ST02,SKU04102,288,70,29,2025-07-25
ST05,SKU02387,85,22,6,2025-08-08
ST15,SKU02580,313,88,19,2025-07-06
ST08,SKU03624,90,20,4,2025-06-09
ST27,SKU01651,280,74,27,2025-07-16
ST13,SKU03968,105,26,11,2025-08-18
ST09,SKU00291,0,82,30,2025-09-19
ST28,SKU02519,88,29,8,2025-06-23
ST09,SKU02277,416,93,43,2025-07-26
ST09,SKU00062,0,83,37,2025-08-09
ST02,SKU03284,163,31,11,2025-05-13
ST28,SKU04505,397,96,48,2025-07-16
ST10,SKU01684,193,44,10,2025-05-13
ST17,SKU04612,102,25,9,2025-06-02
ST19,SKU01009,0,42,9,2025-08-31
ST15,SKU01762,380,75,21,2025-07-29
ST03,SKU02462,0,61,18,2025-09-28
ST13,SKU03150,325,67,23,2025-06-24
ST13,SKU00935,285,91,45,2025-06-14
ST30,SKU04551,0,28,11,2025-08-30
ST25,SKU02221,508,89,28,2025-06-14
ST20,SKU03863,239,51,16,2025-07-05
ST30,SKU00350,456,77,36,2025-07-11
ST11,SKU02057,206,67,22,2025-05-22
ST19,SKU04392,107,26,9,2025-07-20
ST24,SKU00535,89,27,11,2025-06-07
ST05,SKU02279,111,27,7,2025-07-17
ST20,SKU00830,0,35,17,2025-08-19
ST13,SKU01874,321,54,24,2025-09-01
ST25,SKU01174,283,49,12,2025-06-03
ST28,SKU04626,0,32,7,2025-08-24
ST26,SKU02567,72,21,8,2025-05-06
ST07,SKU03520,150,41,18,2025-09-02
ST17,SKU02747,0,73,35,2025-08-07
ST10,SKU01805,189,39,17,2025-05-30
ST17,SKU00532,205,43,12,2025-07-27
ST29,SKU01818,291,52,13,2025-07-21
ST08,SKU04913,0,25,8,2025-08-24
ST27,SKU00954,185,32,14,2025-08-29
ST23,SKU03235,138,28,7,2025-06-15
ST02,SKU02129,314,90,32,2025-06-17
ST10,SKU00758,172,38,11,2025-06-04
ST15,SKU02822,295,58,14,2025-06-13
ST08,SKU01880,244,50,24,2025-06-18
ST08,SKU01651,310,57,12,2025-07-04
ST09,SKU02519,398,70,31,2025-06-04
ST14,SKU04849,241,48,21,2025-07-05
ST28,SKU04747,337,91,30,2025-07-29
ST21,SKU03805,93,29,8,2025-05-08
ST28,SKU00317,527,96,46,2025-07-25
ST09,SKU04505,255,63,23,2025-06-22
ST29,SKU04154,0,75,36,2025-08-15
ST17,SKU04854,217,45,10,2025-05-20
ST29,SKU01939,355,68,22,2025-06-09
ST03,SKU04919,257,45,16,2025-05-27
ST17,SKU02639,105,22,5,2025-06-11
ST20,SKU04334,281,50,14,2025-08-25
ST03,SKU04690,106,21,6,2025-06-06
ST30,SKU00592,378,75,29,2025-08-23
ST30,SKU00363,0,31,9,2025-10-11
ST06,SKU03941,424,78,33,2025-07-24
ST11,SKU02070,155,27,6,2025-08-18
ST07,SKU00608,187,40,8,2025-08-04
ST05,SKU00535,225,57,27,2025-07-16
ST17,SKU03807,274,69,19,2025-07-25
ST15,SKU00728,0,57,21,2025-10-05
ST01,SKU00830,0,75,22,2025-10-08
ST20,SKU03058,325,100,31,2025-07-20
ST23,SKU04753,204,52,26,2025-07-17
ST23,SKU02538,0,94,20,2025-08-15
ST09,SKU02640,0,58,20,2025-09-17
ST09,SKU04626,0,31,14,2025-08-16
ST11,SKU01023,187,52,16,2025-05-13
ST26,SKU04795,303,94,47,2025-05-18
ST26,SKU02580,239,55,22,2025-06-18
ST07,SKU01547,0,88,25,2025-09-14
ST24,SKU03931,166,46,21,2025-05-29
ST17,SKU00774,0,78,25,2025-09-16
ST24,SKU03702,0,62,16,2025-09-09
ST10,SKU01818,292,59,21,2025-07-06
ST08,SKU00954,254,67,19,2025-05-27
ST25,SKU00369,0,95,26,2025-08-12
ST06,SKU04062,361,84,31,2025-08-24
ST02,SKU00385,110,35,7,2025-07-25
ST05,SKU02871,394,73,31,2025-05-19
ST07,SKU00500,0,25,9,2025-08-19
ST22,SKU02057,456,80,37,2025-08-06
ST13,SKU00251,338,82,26,2025-05-26
ST25,SKU03523,162,34,8,2025-05-14
ST20,SKU03179,246,59,29,2025-05-30
ST14,SKU03105,161,46,13,2025-07-23
ST28,SKU00788,316,57,21,2025-07-20
ST14,SKU00890,232,57,27,2025-08-10
ST09,SKU04747,236,51,19,2025-06-06
ST09,SKU00546,130,22,5,2025-07-20
ST24,SKU04052,450,100,48,2025-06-07
ST10,SKU01939,144,46,16,2025-06-11
ST24,SKU03823,180,53,22,2025-09-01
ST03,SKU02946,198,41,13,2025-07-08
ST01,SKU04334,176,38,13,2025-06-06
ST08,SKU01075,228,71,33,2025-07-27
ST18,SKU03749,304,55,14,2025-08-13
ST01,SKU04105,0,47,18,2025-09-20
ST06,SKU04412,239,68,17,2025-07-10
ST18,SKU03520,212,52,19,2025-07-19
ST11,SKU02541,117,23,8,2025-07-09
ST04,SKU01370,0,93,33,2025-09-28
ST02,SKU00506,0,50,14,2025-08-17
ST24,SKU03005,340,77,25,2025-05-25
ST29,SKU03349,156,47,18,2025-07-06
ST04,SKU04753,113,22,11,2025-07-22
ST23,SKU02780,339,66,24,2025-09-01
ST02,SKU01674,173,49,10,2025-08-15
ST26,SKU02822,373,68,15,2025-05-06
ST29,SKU02302,363,61,27,2025-07-18
ST20,SKU02482,0,52,12,2025-10-09
ST20,SKU02253,237,77,20,2025-06-15
ST21,SKU00906,288,83,30,2025-07-06
ST26,SKU01775,0,71,33,2025-08-25
ST19,SKU04768,369,76,28,2025-06-11
ST10,SKU02999,179,50,15,2025-07-08
ST08,SKU04350,0,96,37,2025-09-18
ST01,SKU03179,318,86,41,2025-06-06
ST18,SKU00608,234,76,36,2025-05-17
ST23,SKU04887,389,91,41,2025-06-13
ST06,SKU03257,405,92,43,2025-05-28
ST06,SKU01042,449,77,32,2025-06-26
ST26,SKU00728,0,45,16,2025-08-12
ST05,SKU04052,97,25,12,2025-08-25
ST24,SKU02079,0,95,31,2025-09-24
ST29,SKU04409,493,89,33,2025-08-16
ST19,SKU03950,238,79,21,2025-08-29
ST25,SKU02718,206,35,17,2025-05-23
ST30,SKU02833,0,45,11,2025-10-03
ST23,SKU01854,322,84,26,2025-05-19
ST23,SKU03840,0,67,22,2025-09-10
ST16,SKU02898,0,34,8,2025-09-09
ST05,SKU03005,359,95,39,2025-08-16
ST17,SKU00090,404,85,32,2025-06-27
ST10,SKU03349,366,80,37,2025-07-31
ST24,SKU01032,207,37,8,2025-06-18
ST13,SKU00385,252,73,17,2025-07-08
ST04,SKU02780,332,71,30,2025-07-07
ST11,SKU01507,0,87,37,2025-10-07
ST16,SKU03837,296,74,31,2025-07-29
ST10,SKU02302,187,40,17,2025-07-11
ST24,SKU01971,373,74,21,2025-07-01
ST01,SKU02482,0,100,46,2025-09-11
ST20,SKU04710,0,91,40,2025-10-10
ST01,SKU02253,117,21,8,2025-08-26
ST30,SKU02954,0,29,6,2025-09-04
ST07,SKU03199,0,95,24,2025-09-12
ST17,SKU04412,323,74,28,2025-07-04
ST24,SKU01153,0,60,16,2025-08-19
ST22,SKU02541,226,74,30,2025-08-29
ST25,SKU01792,466,97,25,2025-08-20
ST15,SKU01104,522,100,31,2025-07-08
ST04,SKU04887,173,30,10,2025-06-05
ST09,SKU01030,0,24,5,2025-09-28
ST05,SKU02079,0,92,41,2025-09-18
ST10,SKU04409,122,28,6,2025-05-20
ST22,SKU03709,338,71,24,2025-05-31
ST15,SKU02501,238,50,14,2025-05-09
ST20,SKU04831,462,96,36,2025-06-23
ST15,SKU00286,0,33,10,2025-10-09
ST13,SKU01674,79,20,8,2025-08-11
ST04,SKU01854,245,50,15,2025-07-01
ST28,SKU02211,319,68,16,2025-07-23
ST07,SKU03320,323,84,36,2025-08-31
ST24,SKU01274,0,78,20,2025-10-06
ST22,SKU02662,313,90,36,2025-06-21
ST27,SKU02740,0,77,28,2025-09-11
ST25,SKU01684,150,27,10,2025-07-28
ST02,SKU04144,289,96,45,2025-06-10
ST28,SKU03150,341,78,22,2025-08-05
ST17,SKU03257,107,34,12,2025-08-19
ST01,SKU04710,0,81,40,2025-09-04
ST20,SKU02737,0,61,29,2025-09-23
ST09,SKU04305,0,23,11,2025-08-29
ST23,SKU01988,0,75,37,2025-08-31
ST16,SKU01046,423,100,41,2025-05-28
ST21,SKU03376,167,55,14,2025-09-02
ST07,SKU03441,254,70,18,2025-08-12
ST19,SKU03266,261,44,17,2025-08-31
ST17,SKU04654,303,68,27,2025-07-01
ST05,SKU01153,0,58,15,2025-08-14
ST05,SKU03139,116,22,10,2025-07-05
ST27,SKU04847,0,67,25,2025-10-10
ST20,SKU03905,349,68,16,2025-06-03
ST25,SKU01805,326,86,35,2025-06-02
ST14,SKU03602,187,34,7,2025-07-05
ST04,SKU00699,145,46,9,2025-05-13
ST22,SKU01507,0,91,41,2025-08-26
ST15,SKU04729,216,56,15,2025-08-19
ST20,SKU02858,0,82,30,2025-10-07
ST27,SKU03800,0,36,9,2025-09-05
ST25,SKU00987,254,82,31,2025-08-09
ST01,SKU00401,391,69,25,2025-07-01
ST01,SKU04831,205,36,10,2025-05-20
ST25,SKU00758,328,66,13,2025-07-17
ST11,SKU00823,0,88,23,2025-09-17
ST09,SKU02211,385,67,15,2025-06-18
ST16,SKU01167,225,54,23,2025-07-27
ST05,SKU01274,0,31,10,2025-09-14
ST08,SKU04726,283,60,27,2025-06-10
ST27,SKU00538,0,65,18,2025-08-18
ST23,SKU03277,322,57,13,2025-07-04
ST21,SKU04665,283,82,26,2025-08-23
ST02,SKU04157,0,86,19,2025-08-12
ST10,SKU00571,122,37,18,2025-08-10
ST24,SKU00240,181,37,15,2025-05-28
ST10,SKU00342,109,36,14,2025-06-28
ST29,SKU00584,233,73,22,2025-05-14
ST26,SKU02501,306,79,27,2025-07-07
ST26,SKU00286,0,38,9,2025-08-04
ST07,SKU03454,465,89,35,2025-05-25
ST15,SKU03803,419,100,29,2025-08-04
ST01,SKU03905,275,83,23,2025-06-12
ST20,SKU04147,546,92,36,2025-09-02
ST15,SKU03574,242,48,11,2025-07-07
ST11,SKU02112,179,39,19,2025-08-20
ST16,SKU04442,284,54,11,2025-06-26
ST24,SKU04791,352,63,21,2025-07-20
ST13,SKU04144,242,62,23,2025-06-30
ST06,SKU00721,233,41,17,2025-07-13
ST23,SKU02351,267,54,17,2025-06-02
ST14,SKU04783,0,20,7,2025-09-18
ST28,SKU00251,82,21,10,2025-07-19
ST05,SKU01287,425,76,30,2025-05-13
ST18,SKU03441,268,46,22,2025-06-05
ST09,SKU03621,86,24,9,2025-07-13
ST21,SKU02692,0,85,21,2025-08-13
ST28,SKU03634,178,58,26,2025-05-24
ST23,SKU01075,125,40,20,2025-05-16
ST05,SKU00240,523,99,21,2025-05-31
ST10,SKU00584,477,83,20,2025-08-09
ST06,SKU03057,0,90,27,2025-10-10
ST23,SKU02472,292,88,20,2025-06-08
ST26,SKU04729,154,39,9,2025-06-25
ST26,SKU02514,258,76,18,2025-08-08
ST01,SKU04147,496,92,38,2025-08-27
ST15,SKU01830,383,66,30,2025-08-29
ST18,SKU03562,119,25,12,2025-05-30
ST25,SKU04504,228,65,21,2025-08-10
ST16,SKU00254,0,39,8,2025-08-10
ST21,SKU02584,293,49,19,2025-06-02
ST26,SKU01696,347,72,21,2025-08-20
ST05,SKU04791,308,62,17,2025-09-02
ST02,SKU00090,192,46,18,2025-06-20
ST12,SKU01303,146,43,20,2025-08-26
ST25,SKU03457,298,96,37,2025-07-04
ST01,SKU02871,373,74,27,2025-08-21
ST08,SKU01827,278,61,28,2025-05-12
ST04,SKU02351,311,61,24,2025-05-20
ST06,SKU00734,113,26,10,2025-07-05
ST21,SKU01766,413,76,31,2025-06-06
ST26,SKU00649,163,46,13,2025-06-02
ST12,SKU02700,384,83,40,2025-05-30
ST05,SKU03744,187,40,19,2025-08-25
ST12,SKU02471,399,70,18,2025-06-04
ST24,SKU01542,289,82,33,2025-05-15
ST20,SKU04281,166,32,7,2025-05-09
ST18,SKU03454,425,73,17,2025-05-31
ST09,SKU03863,285,63,13,2025-08-04
ST23,SKU01317,0,33,9,2025-09-09
ST02,SKU04641,451,78,30,2025-06-28
ST29,SKU01068,415,70,23,2025-08-23
ST22,SKU02112,353,64,14,2025-08-24
ST24,SKU02710,101,29,9,2025-08-04
ST25,SKU03578,0,20,6,2025-08-12
ST18,SKU00421,142,39,19,2025-05-26
ST25,SKU03349,286,50,20,2025-08-21
ST11,SKU03414,97,29,11,2025-05-23
ST06,SKU00855,350,78,29,2025-05-13
ST07,SKU03709,227,40,11,2025-07-05
ST29,SKU04222,153,28,7,2025-06-07
ST03,SKU04987,97,23,8,2025-06-10
ST25,SKU02531,0,67,19,2025-08-14
ST16,SKU04926,0,71,23,2025-09-26
ST21,SKU02826,0,31,14,2025-10-10
ST07,SKU02662,271,62,24,2025-06-24
ST24,SKU00845,0,77,18,2025-10-03
ST28,SKU02950,0,72,24,2025-08-19
ST14,SKU00837,306,65,23,2025-06-29
ST29,SKU02128,226,50,12,2025-05-09
ST12,SKU00498,300,96,32,2025-08-20
ST27,SKU01264,94,24,5,2025-06-05
ST21,SKU00732,97,20,8,2025-05-10
ST26,SKU01830,463,86,28,2025-05-14
ST02,SKU04654,180,47,22,2025-07-28
ST05,SKU02710,211,51,13,2025-05-19
ST25,SKU01605,195,50,22,2025-05-06
ST21,SKU02129,455,91,22,2025-05-13
ST14,SKU03173,216,67,18,2025-06-27
ST14,SKU00958,290,50,17,2025-06-20
ST28,SKU02842,557,96,34,2025-06-19
ST10,SKU04222,270,71,34,2025-08-29
ST13,SKU03702,0,82,37,2025-08-11
ST11,SKU04824,0,96,40,2025-09-20
ST06,SKU00050,0,84,41,2025-08-30
ST02,SKU00574,530,91,19,2025-06-30
ST24,SKU03073,174,38,15,2025-06-05
ST08,SKU04526,254,61,23,2025-05-29
ST25,SKU03941,172,35,14,2025-07-20
ST13,SKU04641,123,22,6,2025-07-20
ST15,SKU01038,267,53,17,2025-06-14
ST16,SKU01906,220,38,11,2025-06-21
ST09,SKU02950,0,44,21,2025-08-18
ST21,SKU04236,294,84,42,2025-06-28
ST16,SKU01677,0,81,18,2025-08-20
ST05,SKU04228,224,47,15,2025-08-27
ST19,SKU01911,266,57,14,2025-07-13
ST12,SKU04941,410,70,20,2025-06-12
ST22,SKU01428,364,81,24,2025-07-27
ST22,SKU03414,430,86,33,2025-08-06
ST10,SKU02128,107,29,8,2025-07-30
ST29,SKU00155,291,93,25,2025-07-17
ST03,SKU00920,0,92,37,2025-08-14
ST27,SKU03492,313,66,25,2025-05-23
ST08,SKU01264,320,61,27,2025-07-26
ST11,SKU04945,273,90,26,2025-07-24
ST25,SKU00679,557,100,26,2025-08-25
ST23,SKU04016,0,38,10,2025-09-25
ST06,SKU02386,307,59,29,2025-05-15
ST11,SKU02501,193,44,19,2025-08-28
ST21,SKU00974,0,39,17,2025-08-27
ST02,SKU02681,152,34,15,2025-08-27
ST10,SKU01310,191,33,9,2025-06-30
ST03,SKU02088,0,65,29,2025-10-05
ST01,SKU03476,0,71,32,2025-08-07
ST25,SKU03833,307,62,29,2025-08-05
ST06,SKU01339,473,84,21,2025-07-27
ST23,SKU04955,321,58,17,2025-06-29
ST21,SKU02142,436,94,29,2025-05-29
ST14,SKU01200,252,46,19,2025-08-31
ST02,SKU01863,170,33,9,2025-06-23
ST29,SKU04706,226,54,12,2025-06-20
ST25,SKU00571,173,35,9,2025-07-12
ST02,SKU03031,359,82,30,2025-08-16
ST12,SKU04244,230,56,21,2025-08-03
ST05,SKU00858,126,31,10,2025-08-25
ST03,SKU02209,122,39,16,2025-06-27
ST20,SKU03839,171,38,10,2025-08-26
ST13,SKU00682,255,85,31,2025-06-21
ST11,SKU04019,248,44,13,2025-08-21
ST23,SKU03090,174,46,15,2025-06-09
ST09,SKU03192,292,85,41,2025-07-27
ST24,SKU02268,0,53,18,2025-08-22
ST15,SKU04663,0,36,10,2025-08-31
ST10,SKU00155,78,20,5,2025-06-03
ST08,SKU03492,167,34,15,2025-06-20
ST30,SKU03251,128,23,11,2025-07-06
ST25,SKU00692,0,78,26,2025-09-28
ST04,SKU04016,0,67,26,2025-09-03
ST14,SKU04475,239,75,35,2025-08-09
ST24,SKU03436,298,89,24,2025-08-18
ST27,SKU04902,198,62,17,2025-07-25
ST13,SKU00574,268,56,15,2025-05-10
ST23,SKU00996,0,91,43,2025-08-08
ST11,SKU01696,322,92,25,2025-06-08
ST14,SKU03428,196,60,27,2025-08-17
ST04,SKU04955,121,23,9,2025-06-14
ST05,SKU02376,454,76,17,2025-07-16
ST10,SKU04706,379,92,43,2025-07-10
ST26,SKU01038,227,44,14,2025-08-04
ST12,SKU03089,358,67,22,2025-06-17
ST25,SKU01042,242,54,20,2025-07-02
ST15,SKU00354,174,47,18,2025-08-24
ST23,SKU02164,163,29,14,2025-07-30
ST06,SKU02520,162,28,11,2025-06-16
ST21,SKU01337,133,42,19,2025-08-17
ST14,SKU02381,0,39,12,2025-10-06
ST11,SKU00649,379,91,44,2025-06-01
ST17,SKU02386,448,87,41,2025-06-09
ST15,SKU03737,124,30,8,2025-05-30
ST18,SKU03254,489,99,40,2025-08-24
ST25,SKU01981,520,92,20,2025-05-28
ST11,SKU02046,0,25,8,2025-09-13
ST04,SKU03090,217,49,18,2025-08-21
ST21,SKU04491,132,32,11,2025-06-02
ST02,SKU04212,263,77,21,2025-08-15
ST17,SKU01568,180,49,14,2025-06-26
ST12,SKU03210,190,36,9,2025-08-13
ST19,SKU04152,585,99,48,2025-06-14
ST17,SKU01339,218,46,22,2025-05-16
ST15,SKU04905,166,30,14,2025-08-22
ST13,SKU01863,164,44,13,2025-05-16
ST30,SKU03493,459,95,40,2025-07-18
ST06,SKU04856,180,32,14,2025-07-24
ST14,SKU00516,224,44,9,2025-06-14
ST05,SKU03436,142,36,13,2025-06-28
ST12,SKU00177,0,57,21,2025-08-11
ST17,SKU00521,222,37,8,2025-06-23
ST08,SKU04902,179,43,12,2025-06-08
ST15,SKU01643,262,83,37,2025-06-12
ST13,SKU03031,326,77,37,2025-08-04
ST18,SKU03375,323,89,24,2025-07-10
ST27,SKU02700,135,26,12,2025-06-02
ST30,SKU02217,302,80,38,2025-08-20
ST11,SKU04153,526,88,29,2025-06-28
ST04,SKU00996,0,75,16,2025-10-07
ST23,SKU01009,0,60,21,2025-08-24
ST19,SKU04273,0,90,29,2025-09-06
ST24,SKU00416,0,29,11,2025-08-10
ST22,SKU04019,339,63,14,2025-08-16
ST15,SKU04797,136,41,12,2025-05-13
ST30,SKU01170,0,56,12,2025-08-07
ST04,SKU02164,91,28,6,2025-05-26
ST23,SKU04392,226,38,12,2025-08-01
ST26,SKU00462,220,65,23,2025-07-16
ST02,SKU03286,197,56,26,2025-05-24
ST13,SKU03152,323,95,21,2025-06-30
ST21,SKU00532,424,86,31,2025-08-02
ST02,SKU00024,160,39,19,2025-06-15
ST19,SKU02408,483,98,48,2025-06-03
ST18,SKU02449,0,95,28,2025-10-09
ST16,SKU01356,87,25,10,2025-06-12
ST29,SKU04035,0,40,8,2025-09-16
ST19,SKU03347,384,80,36,2025-07-12
ST10,SKU01578,0,33,16,2025-09-11
ST27,SKU03171,0,78,27,2025-09-03
ST20,SKU04215,267,89,21,2025-06-05
ST11,SKU04166,0,63,18,2025-09-21
ST21,SKU04854,342,64,14,2025-05-25
ST04,SKU01009,0,70,15,2025-10-08
ST26,SKU03737,163,48,16,2025-05-16
ST21,SKU02639,429,72,26,2025-07-05
ST02,SKU04346,0,76,21,2025-08-29
ST07,SKU04690,152,38,16,2025-08-01
ST22,SKU04261,249,57,19,2025-08-20
ST22,SKU02046,0,52,14,2025-10-03
ST05,SKU00416,0,25,7,2025-08-24
ST10,SKU00531,0,58,12,2025-09-18
ST13,SKU04212,274,73,35,2025-07-02
ST18,SKU00355,213,62,18,2025-07-24
ST30,SKU03627,394,74,27,2025-08-08
ST04,SKU04392,171,49,20,2025-05-24
ST09,SKU00535,351,60,15,2025-06-26
ST26,SKU04905,111,23,9,2025-06-02
ST12,SKU04741,351,65,19,2025-06-22
ST07,SKU01428,269,64,27,2025-05-27
ST12,SKU02526,0,21,5,2025-10-07
ST24,SKU03812,0,47,16,2025-08-25
ST17,SKU04856,199,42,14,2025-06-24
ST27,SKU03063,0,97,25,2025-08-27
ST30,SKU04795,126,35,7,2025-08-22
ST30,SKU02580,519,88,29,2025-06-29
ST28,SKU03931,284,85,26,2025-07-15
ST14,SKU01818,199,35,13,2025-08-12
ST19,SKU02421,202,35,16,2025-06-11
ST22,SKU04153,282,83,23,2025-06-06
ST29,SKU00894,339,81,25,2025-08-29
ST24,SKU00550,224,68,14,2025-06-07
ST25,SKU03633,0,66,27,2025-08-29
ST01,SKU00832,0,66,29,2025-09-03
ST23,SKU04526,175,51,11,2025-08-15
ST10,SKU04035,0,65,26,2025-08-31
ST01,SKU04215,317,80,33,2025-08-14
ST20,SKU04228,344,98,32,2025-05-09
ST25,SKU00371,271,56,23,2025-06-02
ST13,SKU03286,280,54,24,2025-05-29
ST28,SKU04052,318,79,29,2025-06-05
ST14,SKU04154,0,92,46,2025-09-01
ST16,SKU00551,423,86,24,2025-06-17
ST14,SKU01939,308,85,27,2025-06-12
ST28,SKU03823,146,42,8,2025-08-18
ST07,SKU02946,91,23,6,2025-05-20
ST27,SKU04352,345,86,41,2025-05-27
ST25,SKU01310,190,55,26,2025-07-30
ST13,SKU00024,326,59,21,2025-07-14
ST28,SKU03005,428,74,22,2025-05-20
ST05,SKU04041,0,78,29,2025-09-03
ST24,SKU04054,426,98,39,2025-06-07
ST12,SKU02768,463,98,31,2025-05-07
ST12,SKU00553,320,89,28,2025-08-07
ST19,SKU01495,149,36,8,2025-05-21
ST25,SKU04693,384,75,23,2025-08-19
ST30,SKU02822,232,75,17,2025-08-31
ST06,SKU04414,283,60,13,2025-06-18
ST11,SKU02543,0,98,38,2025-08-31
ST11,SKU00328,0,87,38,2025-08-26
ST14,SKU04046,0,28,8,2025-08-13
ST10,SKU00894,242,51,25,2025-05-22
ST05,SKU00550,239,52,17,2025-05-30
ST18,SKU04919,108,36,7,2025-07-01
ST18,SKU04690,208,37,15,2025-06-07
ST30,SKU01775,0,89,41,2025-08-23
ST06,SKU01152,0,75,30,2025-08-29
ST23,SKU04768,259,64,25,2025-07-19
ST21,SKU03941,96,22,8,2025-07-14
ST28,SKU00682,403,93,32,2025-07-11
ST22,SKU01133,368,97,21,2025-07-11
ST15,SKU04126,0,67,23,2025-08-12
ST23,SKU03950,116,35,16,2025-05-08
ST09,SKU04052,402,87,22,2025-06-02
ST28,SKU02079,0,81,18,2025-09-13
ST11,SKU00449,181,31,9,2025-05-12
ST09,SKU03823,472,99,41,2025-06-08
ST05,SKU03115,526,93,45,2025-08-29
ST08,SKU04352,174,52,14,2025-08-30
ST06,SKU03259,0,56,13,2025-09-30
ST09,SKU03005,245,68,33,2025-06-20
ST14,SKU03349,375,84,39,2025-07-12
ST09,SKU02776,0,89,32,2025-09-25
ST21,SKU04062,322,90,35,2025-06-07
ST28,SKU01032,174,37,13,2025-06-15
ST05,SKU02068,0,49,11,2025-09-20
ST05,SKU04054,445,75,31,2025-07-08
ST12,SKU04996,290,95,38,2025-08-16
ST20,SKU04591,549,93,44,2025-08-25
ST25,SKU00734,131,27,10,2025-05-09
ST20,SKU02376,157,32,14,2025-06-01
ST11,SKU04771,249,78,36,2025-06-11
ST28,SKU01971,317,67,14,2025-05-07
ST02,SKU00521,76,21,5,2025-07-05
ST05,SKU01021,0,93,29,2025-09-11
ST24,SKU01034,149,38,14,2025-08-16
ST27,SKU02500,569,100,35,2025-08-31
ST18,SKU02946,241,44,18,2025-06-30
ST06,SKU03609,228,65,19,2025-07-11
ST21,SKU04412,296,57,24,2025-07-19
ST28,SKU03139,341,59,27,2025-05-16
ST07,SKU04019,327,62,30,2025-06-01
ST19,SKU04073,124,38,10,2025-08-10
ST29,SKU04532,388,67,28,2025-08-08
ST29,SKU00331,220,50,20,2025-06-21
ST17,SKU01031,208,51,25,2025-07-11
ST03,SKU03311,346,80,31,2025-07-30
ST01,SKU02484,0,60,21,2025-09-29
ST15,SKU00167,398,67,22,2025-05-13
ST04,SKU03950,219,57,25,2025-06-10
ST11,SKU00691,436,87,23,2025-06-18
ST09,SKU02079,0,37,16,2025-08-15
ST06,SKU02333,0,50,21,2025-10-06
ST14,SKU04409,232,56,25,2025-06-20
ST11,SKU00462,340,72,18,2025-08-03
ST17,SKU04414,312,55,18,2025-05-18
ST22,SKU02543,0,35,15,2025-08-09
ST22,SKU00328,0,100,31,2025-08-19
ST03,SKU04250,139,26,8,2025-05-22
ST09,SKU01032,276,73,25,2025-05-30
ST29,SKU04653,124,30,13,2025-09-02
ST24,SKU02094,272,54,18,2025-08-04
ST01,SKU04591,318,83,19,2025-07-17
ST01,SKU02376,154,33,11,2025-08-04
ST09,SKU01971,368,99,35,2025-08-02
ST21,SKU03257,302,83,27,2025-08-30
ST21,SKU01042,392,100,41,2025-05-27
ST12,SKU02205,139,41,8,2025-06-23
ST12,SKU04191,0,87,28,2025-10-11
ST22,SKU04879,315,53,19,2025-05-22
ST05,SKU01034,374,92,40,2025-07-05
ST24,SKU03491,152,42,14,2025-07-21
ST22,SKU00449,281,75,37,2025-08-04
ST01,SKU03773,143,29,12,2025-06-01
ST03,SKU00170,241,56,19,2025-07-14
ST08,SKU02500,173,50,16,2025-05-31
ST11,SKU03966,273,89,31,2025-05-20
ST09,SKU01153,0,70,31,2025-09-16
ST09,SKU03139,99,29,14,2025-07-14
ST06,SKU01407,573,98,23,2025-06-16
ST07,SKU04261,132,33,10,2025-06-04
ST10,SKU04532,134,26,10,2025-08-21
ST10,SKU00331,317,54,19,2025-05-27
ST22,SKU03603,495,91,27,2025-08-14
ST01,SKU04941,443,75,21,2025-06-08
ST27,SKU01466,0,94,33,2025-09-12
ST20,SKU00524,270,79,35,2025-08-05
ST06,SKU00589,398,97,42,2025-05-28
ST16,SKU01048,0,68,22,2025-10-10
ST29,SKU03727,0,88,26,2025-08-18
ST22,SKU04771,274,66,20,2025-05-27
ST20,SKU03907,0,28,11,2025-08-08
ST27,SKU04849,267,54,15,2025-05-12
ST08,SKU04607,138,37,10,2025-08-04
ST03,SKU02277,331,56,13,2025-07-01
ST28,SKU01287,306,60,22,2025-06-23
ST09,SKU01045,0,41,16,2025-09-15
ST19,SKU02221,172,50,21,2025-07-13
ST17,SKU03609,327,79,19,2025-08-31
ST10,SKU04653,100,26,6,2025-05-08
ST24,SKU00350,84,24,10,2025-06-14
ST20,SKU00645,263,47,21,2025-06-14
ST30,SKU01104,313,100,35,2025-05-30
ST28,SKU00240,481,84,27,2025-05-18
ST02,SKU03220,242,46,11,2025-05-09
ST14,SKU00342,506,89,23,2025-05-07
ST26,SKU00167,221,58,25,2025-08-02
ST05,SKU03491,355,67,19,2025-08-09
ST19,SKU01174,338,62,27,2025-07-12
ST29,SKU03848,106,20,6,2025-07-10
ST30,SKU02501,225,42,20,2025-08-26
ST30,SKU00286,0,28,10,2025-08-16
ST18,SKU00986,259,67,18,2025-07-04
ST04,SKU03266,250,52,11,2025-07-18
ST06,SKU01649,337,96,38,2025-06-08
ST06,SKU03864,207,43,14,2025-05-26
ST21,SKU00466,140,38,15,2025-08-30
ST02,SKU04388,112,28,11,2025-06-28
ST21,SKU00237,477,100,33,2025-05-13
ST19,SKU00127,92,21,7,2025-08-17
ST01,SKU00524,259,59,13,2025-07-24
ST28,SKU04791,383,68,15,2025-08-02
ST28,SKU02576,70,20,6,2025-08-28
ST28,SKU04562,0,41,20,2025-09-30
ST26,SKU02503,0,36,14,2025-08-11
ST12,SKU04554,329,55,24,2025-08-04
ST10,SKU03727,0,63,23,2025-10-07
ST29,SKU01754,284,56,16,2025-05-26
ST29,SKU03740,242,43,15,2025-08-17
ST03,SKU02519,203,45,10,2025-07-09
ST01,SKU03907,0,71,15,2025-09-27
ST08,SKU04849,132,25,9,2025-08-20
ST27,SKU00890,332,87,24,2025-08-05
ST15,SKU03805,77,20,9,2025-07-28
ST03,SKU04505,190,35,8,2025-07-10
ST11,SKU02114,386,97,33,2025-06-11
ST23,SKU03171,0,98,45,2025-08-25
ST02,SKU04280,0,53,16,2025-09-19
ST17,SKU03851,0,44,11,2025-09-30
ST05,SKU04551,0,70,32,2025-09-28
ST24,SKU00592,364,90,19,2025-08-20
ST05,SKU00350,541,100,48,2025-08-07
ST24,SKU00363,0,59,18,2025-08-06
ST22,SKU01751,0,26,6,2025-09-29
ST01,SKU00874,137,38,13,2025-08-23
ST01,SKU00645,274,54,16,2025-05-29
ST06,SKU02938,215,38,9,2025-08-07
ST11,SKU03053,0,53,13,2025-09-30
ST09,SKU00240,149,29,11,2025-07-10
ST14,SKU02570,133,28,11,2025-07-02
ST05,SKU03504,401,91,45,2025-07-15
ST17,SKU00589,438,80,36,2025-08-27
ST10,SKU03848,142,43,18,2025-08-23
ST03,SKU02640,0,57,14,2025-09-06
ST27,SKU02997,308,53,11,2025-06-24
ST20,SKU04041,0,63,23,2025-08-26
ST20,SKU02055,154,28,10,2025-05-22
ST06,SKU04106,141,24,10,2025-05-19
ST02,SKU04401,148,32,14,2025-05-06
ST19,SKU02584,341,65,27,2025-07-12
ST19,SKU00369,0,46,12,2025-08-28
ST29,SKU03043,315,94,24,2025-08-05
ST17,SKU03743,0,71,26,2025-08-31
ST08,SKU04152,311,61,15,2025-08-02
ST13,SKU00066,314,79,34,2025-08-09
ST09,SKU04791,360,67,33,2025-07-02
ST09,SKU02576,149,35,8,2025-08-28
ST16,SKU01303,283,55,12,2025-08-13
ST10,SKU01754,433,91,44,2025-07-23
ST08,SKU03105,395,75,35,2025-06-11
ST03,SKU04747,251,48,11,2025-07-06
ST20,SKU02176,0,32,8,2025-08-15
ST13,SKU03220,359,80,19,2025-08-07
ST08,SKU00890,416,87,21,2025-05-22
ST25,SKU00305,122,29,9,2025-06-15
ST03,SKU00546,407,93,44,2025-07-01
ST09,SKU03744,281,63,18,2025-06-13
ST12,SKU03749,316,67,17,2025-07-20
ST12,SKU03520,383,90,25,2025-05-29
ST17,SKU03864,452,80,33,2025-09-02
ST17,SKU01649,192,62,23,2025-06-13
ST20,SKU03115,351,98,41,2025-07-17
ST30,SKU03574,268,57,18,2025-07-19
ST28,SKU02710,509,98,26,2025-07-11
ST08,SKU02997,308,61,23,2025-07-11
ST02,SKU02657,0,24,9,2025-09-24
ST21,SKU00721,243,45,21,2025-06-27
ST07,SKU04987,272,80,20,2025-08-24
ST26,SKU03805,154,32,11,2025-07-06
ST12,SKU03870,0,57,18,2025-10-06
ST02,SKU04643,388,68,28,2025-09-02
ST22,SKU04329,0,49,20,2025-08-14
ST10,SKU03043,404,70,26,2025-06-24
ST29,SKU01070,233,64,23,2025-07-09
ST15,SKU00906,88,26,11,2025-05-26
ST15,SKU02892,0,89,33,2025-08-30
ST13,SKU00079,0,58,13,2025-08-24
ST20,SKU01021,0,30,10,2025-09-18
ST28,SKU00845,0,30,10,2025-09-20
ST23,SKU00501,181,52,12,2025-07-17
ST17,SKU02938,468,81,29,2025-06-25
ST01,SKU02176,0,74,17,2025-08-21
ST30,SKU02648,0,72,18,2025-08-18
ST19,SKU02718,451,100,50,2025-08-17
ST29,SKU01191,489,91,27,2025-05-08
ST29,SKU03177,95,29,13,2025-07-30
ST20,SKU01371,0,80,36,2025-09-22
ST01,SKU03115,265,61,25,2025-05-28
ST30,SKU01830,435,73,24,2025-08-09
ST06,SKU00978,384,88,40,2025-06-19
ST26,SKU00893,0,70,31,2025-08-30
ST12,SKU00500,0,73,19,2025-08-14
ST13,SKU03583,230,61,17,2025-08-17
ST14,SKU04222,140,45,15,2025-08-31
ST21,SKU00734,441,88,41,2025-06-26
ST07,SKU03014,121,22,6,2025-07-30
ST07,SKU05000,168,55,18,2025-08-01
ST24,SKU02954,0,74,23,2025-08-10
ST10,SKU01070,291,65,26,2025-05-16
ST30,SKU04166,0,71,27,2025-09-06
ST25,SKU03822,497,84,34,2025-05-08
ST27,SKU02205,181,54,14,2025-06-16
ST28,SKU03073,406,87,32,2025-05-11
ST16,SKU03773,327,67,17,2025-05-18
ST28,SKU00858,271,58,20,2025-06-12
ST04,SKU00501,194,41,20,2025-07-14
ST10,SKU04453,0,89,32,2025-09-21
ST19,SKU01792,458,77,24,2025-05-09
ST17,SKU00965,233,65,26,2025-05-21
ST01,SKU04633,0,87,30,2025-08-07
ST27,SKU03602,192,52,22,2025-07-07
ST22,SKU03295,260,65,28,2025-07-09
ST06,SKU02267,395,97,41,2025-05-26
ST06,SKU00052,358,97,34,2025-07-31
ST28,SKU04012,0,76,22,2025-10-03
ST17,SKU04348,0,94,39,2025-10-04
ST10,SKU01191,141,47,10,2025-06-09
ST10,SKU03177,310,88,40,2025-05-16
ST24,SKU00860,181,47,22,2025-05-15
ST01,SKU01371,0,52,17,2025-08-20
ST18,SKU04987,465,95,29,2025-08-13
ST13,SKU04643,420,91,23,2025-05-17
ST26,SKU00906,192,46,21,2025-06-03
ST10,SKU04574,0,75,16,2025-08-12
ST19,SKU01684,198,65,21,2025-08-23
ST28,SKU04362,0,92,33,2025-08-29
ST21,SKU00976,0,42,14,2025-08-10
ST15,SKU03376,304,74,34,2025-06-30
ST16,SKU04244,379,75,18,2025-07-04
ST11,SKU01685,0,80,23,2025-09-27
ST09,SKU03073,340,63,27,2025-07-20
ST09,SKU00858,481,89,23,2025-08-05
ST07,SKU02209,313,54,15,2025-07-26
ST02,SKU03851,0,91,42,2025-08-09
ST19,SKU01805,422,80,20,2025-06-28
ST01,SKU02660,0,70,14,2025-10-08
ST01,SKU04646,0,37,9,2025-08-04
ST01,SKU00445,0,58,22,2025-08-26
ST04,SKU01911,422,89,20,2025-07-23
ST11,SKU00638,369,63,29,2025-06-02
ST14,SKU00155,106,25,7,2025-07-24
ST19,SKU00987,371,77,28,2025-05-29
ST17,SKU02375,130,31,12,2025-05-18
ST10,SKU01433,177,33,12,2025-08-02
ST19,SKU00758,224,64,30,2025-05-11
ST03,SKU02211,121,23,11,2025-06-24
ST25,SKU01970,347,58,23,2025-05-31
ST18,SKU03014,267,47,10,2025-06-18
ST28,SKU03436,240,55,12,2025-08-02
ST21,SKU00050,0,29,12,2025-08-04
ST12,SKU03199,0,99,38,2025-08-07
ST29,SKU02614,0,26,12,2025-08-30
ST15,SKU04665,161,41,9,2025-05-07
ST03,SKU01164,0,86,35,2025-08-22
ST20,SKU02794,247,71,24,2025-08-28
ST30,SKU01038,179,49,12,2025-05-14
ST09,SKU04362,0,67,22,2025-08-11
ST14,SKU04706,197,60,13,2025-08-29
ST04,SKU01803,118,39,9,2025-05-18
ST16,SKU03089,317,55,22,2025-07-01
ST16,SKU00874,320,65,23,2025-06-29
ST17,SKU02267,202,46,18,2025-08-06
ST18,SKU00920,0,100,40,2025-08-25
ST11,SKU04142,164,36,17,2025-05-26
ST21,SKU02386,179,33,7,2025-06-28
ST26,SKU03484,169,48,14,2025-07-11
ST12,SKU03320,141,34,13,2025-08-18
ST10,SKU00507,162,38,16,2025-08-25
ST20,SKU02915,203,42,9,2025-08-01
ST20,SKU04901,138,36,11,2025-06-18
ST25,SKU03030,0,63,23,2025-08-05
ST18,SKU02088,0,92,33,2025-09-17
ST23,SKU04381,0,58,28,2025-09-23
ST16,SKU03210,196,54,27,2025-06-03
ST26,SKU04652,312,81,30,2025-05-19
ST23,SKU04152,283,70,18,2025-06-27
ST19,SKU01229,510,94,33,2025-07-12
ST09,SKU03436,259,68,32,2025-08-26
ST23,SKU03105,417,77,27,2025-08-09
ST26,SKU03376,467,78,24,2025-07-28
ST10,SKU00628,0,65,18,2025-08-08
ST10,SKU02614,0,44,10,2025-09-21
ST22,SKU01685,0,29,10,2025-10-06
ST20,SKU03036,76,22,9,2025-06-23
ST01,SKU02794,182,37,7,2025-07-22
ST20,SKU00821,192,32,7,2025-08-01
ST18,SKU02209,459,81,25,2025-08-10
ST20,SKU00592,311,89,25,2025-05-26
ST28,SKU00416,0,69,34,2025-09-30
ST26,SKU02558,104,30,9,2025-07-22
ST22,SKU00638,111,21,7,2025-08-23
ST15,SKU01645,556,95,45,2025-06-21
ST25,SKU04319,403,70,28,2025-07-02
ST07,SKU04679,324,71,29,2025-07-21
ST12,SKU03562,278,54,18,2025-05-27
ST01,SKU02915,406,78,24,2025-05-23
ST01,SKU04901,423,87,41,2025-07-10
ST15,SKU02584,261,50,16,2025-05-14
ST04,SKU04381,0,52,12,2025-09-20
ST23,SKU02408,289,70,17,2025-06-07
ST04,SKU04152,218,60,30,2025-07-15
ST26,SKU04665,171,46,20,2025-08-05
ST15,SKU01766,266,70,26,2025-05-29
ST27,SKU00837,295,93,36,2025-05-17
ST06,SKU03932,294,70,19,2025-07-18
ST23,SKU03347,249,76,32,2025-06-09
ST06,SKU01717,429,97,45,2025-06-14
ST21,SKU02520,442,93,19,2025-07-13
ST07,SKU04571,0,57,14,2025-09-15
ST22,SKU04142,133,41,20,2025-08-12
ST24,SKU00539,0,86,42,2025-09-15
ST03,SKU03863,220,65,28,2025-07-27
ST12,SKU03454,431,85,18,2025-06-19
ST01,SKU03036,263,75,32,2025-05-31
ST20,SKU01063,343,84,20,2025-06-26
ST01,SKU00821,266,86,35,2025-08-07
ST30,SKU03737,71,23,5,2025-07-28
ST03,SKU03634,260,47,11,2025-05-20
ST04,SKU04273,0,57,25,2025-09-06
ST02,SKU01423,108,33,12,2025-06-05
ST07,SKU01538,378,80,21,2025-06-15
ST12,SKU00421,348,91,29,2025-08-24
ST24,SKU03693,0,56,21,2025-09-06
ST29,SKU01822,227,55,13,2025-07-14
ST27,SKU03173,295,65,17,2025-07-03
ST30,SKU04905,168,39,16,2025-07-17
ST01,SKU03975,541,96,44,2025-06-30
ST20,SKU04217,209,48,15,2025-05-18
ST06,SKU04053,403,73,34,2025-08-16
ST16,SKU04741,448,89,27,2025-07-30
ST21,SKU04856,326,91,42,2025-07-17
ST02,SKU00376,0,33,10,2025-08-21
ST29,SKU00775,339,63,21,2025-08-07
ST06,SKU03235,199,62,15,2025-05-10
ST30,SKU01643,117,27,10,2025-08-24
ST23,SKU02421,371,72,35,2025-08-16
ST28,SKU00550,415,75,22,2025-06-16
ST08,SKU00837,243,62,25,2025-05-22
ST25,SKU04453,0,61,29,2025-09-20
ST11,SKU00317,236,62,25,2025-08-03
ST14,SKU04035,0,74,27,2025-10-06
ST16,SKU04633,0,48,24,2025-09-07
ST05,SKU00539,0,76,19,2025-09-15
ST27,SKU02247,0,45,9,2025-08-27
ST01,SKU01063,433,75,28,2025-05-20
ST18,SKU04679,463,100,28,2025-07-31
ST25,SKU01420,0,83,32,2025-10-11
ST15,SKU00732,394,82,17,2025-08-13
ST19,SKU01605,366,93,26,2025-06-26
ST29,SKU02064,205,42,17,2025-05-26
ST10,SKU01822,421,74,35,2025-08-06
ST15,SKU02129,108,26,8,2025-06-26
ST08,SKU03173,330,59,15,2025-05-17
ST27,SKU01200,526,95,35,2025-07-09
ST01,SKU04217,256,69,19,2025-05-09
ST28,SKU04054,380,95,39,2025-07-13
ST09,SKU03812,0,71,16,2025-09-09
ST23,SKU01495,182,43,11,2025-05-29
ST16,SKU02768,185,40,15,2025-05-15
ST26,SKU01766,310,80,20,2025-05-25
ST02,SKU00389,286,64,18,2025-05-19
ST22,SKU04505,258,70,28,2025-08-03
ST17,SKU03932,519,87,30,2025-07-26
ST10,SKU00775,218,66,20,2025-08-04
ST11,SKU03592,184,33,7,2025-06-11
ST04,SKU02421,298,50,21,2025-08-30
ST14,SKU00894,123,32,14,2025-05-28
ST09,SKU00550,238,58,13,2025-05-29
ST19,SKU03941,457,81,19,2025-05-16
ST24,SKU02070,450,85,27,2025-05-06
ST03,SKU02950,0,98,28,2025-08-20
ST15,SKU04236,212,42,20,2025-07-08
ST13,SKU01423,223,66,29,2025-07-27
ST20,SKU04580,224,69,23,2025-05-07
ST18,SKU01538,190,44,19,2025-07-14
ST11,SKU00330,484,100,29,2025-07-17
ST26,SKU04102,291,79,38,2025-05-14
ST07,SKU02840,0,44,12,2025-09-21
ST24,SKU01023,337,86,39,2025-06-08
ST29,SKU03353,0,49,16,2025-09-27
ST17,SKU04053,133,30,9,2025-08-11
ST29,SKU01138,0,69,29,2025-08-26
ST19,SKU00679,314,55,11,2025-05-16
ST27,SKU04475,401,87,41,2025-08-25
ST01,SKU03291,461,82,29,2025-08-24
ST13,SKU00376,0,23,9,2025-09-04
ST25,SKU01662,0,68,20,2025-08-23
ST20,SKU01318,291,62,28,2025-05-20
ST25,SKU01433,443,90,24,2025-08-17
ST16,SKU03828,161,39,10,2025-05-25
ST11,SKU03484,168,37,17,2025-08-07
ST17,SKU03235,106,29,14,2025-08-24
ST19,SKU03833,391,96,40,2025-07-16
ST29,SKU04292,490,90,23,2025-08-26
ST10,SKU02064,329,67,15,2025-05-28
ST27,SKU03428,252,53,24,2025-06-22
ST15,SKU02142,234,41,13,2025-08-19
ST09,SKU04054,257,52,23,2025-08-06
ST11,SKU04652,238,78,28,2025-05-23
ST04,SKU01495,353,63,21,2025-08-10
ST16,SKU04996,251,80,30,2025-08-09
ST02,SKU00631,272,80,28,2025-07-03
ST19,SKU00571,252,50,23,2025-05-16
ST22,SKU00317,357,93,26,2025-05-16
ST27,SKU04596,0,60,12,2025-10-11
ST08,SKU02368,0,72,14,2025-08-27
ST28,SKU01034,343,69,31,2025-06-17
ST01,SKU04580,296,61,25,2025-06-09
ST10,SKU00105,280,96,20,2025-11-07
ST20,SKU00135,11,78,35,2025-11-11
ST02,SKU01524,99,68,30,2025-12-28
ST09,SKU01885,46,39,13,2025-11-18
ST11,SKU03714,39,37,12,2025-11-23
ST11,SKU04993,39,48,10,2025-11-30
ST19,SKU02777,107,100,48,2025-12-28
ST12,SKU01548,94,39,12,2025-12-01
ST14,SKU01133,338,90,43,2025-08-22
ST03,SKU02724,86,59,25,2025-11-22
ST10,SKU03834,46,45,18,2025-11-04
ST11,SKU04727,78,36,9,2025-11-08
ST09,SKU03406,58,31,12,2025-12-09
ST24,SKU00677,53,22,6,2025-11-04
ST12,SKU01629,261,88,23,2025-12-09
ST16,SKU04805,158,91,40,2025-11-06
ST26,SKU02197,61,31,6,2025-11-08
ST18,SKU04575,24,37,13,2025-11-13
ST04,SKU02983,0,49,14,2025-09-03
ST28,SKU02855,10,67,19,2025-11-28
ST07,SKU01122,20,97,27,2025-11-10
ST23,SKU01298,60,42,15,2025-11-15
ST18,SKU02473,19,33,10,2025-11-02
ST08,SKU03224,14,25,7,2025-12-24
ST09,SKU04286,180,72,23,2025-12-23
ST20,SKU04743,9,21,8,2025-12-21
ST01,SKU04482,94,48,19,2025-12-31
ST20,SKU04787,113,59,14,2025-11-25
ST11,SKU04387,211,72,16,2025-12-27
ST21,SKU00578,33,33,15,2025-12-09
ST30,SKU00922,7,53,16,2025-11-06
ST13,SKU04366,138,58,19,2025-12-01
ST10,SKU02149,153,93,44,2025-11-21
ST14,SKU01092,101,51,19,2025-11-02
ST27,SKU02485,15,91,44,2025-12-29
ST03,SKU04707,4,24,11,2025-12-04
ST17,SKU01886,52,37,13,2025-12-31
ST22,SKU04441,1,62,27,2025-11-20
ST18,SKU03730,285,99,24,2025-12-15
ST23,SKU02708,199,78,26,2025-12-01
ST07,SKU01169,28,73,24,2025-12-01
ST01,SKU03849,22,23,6,2025-11-14
ST10,SKU03732,160,56,20,2025-11-26
ST24,SKU00100,110,91,44,2025-11-29
ST24,SKU03130,39,31,8,2025-11-30
ST13,SKU01501,123,62,24,2025-11-18
ST25,SKU01308,8,70,27,2025-12-03
ST29,SKU02053,110,37,15,2025-11-01
ST15,SKU01882,68,58,15,2025-12-21
ST03,SKU01815,6,48,11,2025-11-26
ST15,SKU01506,47,89,31,2025-12-09
ST13,SKU02425,271,52,14,2025-06-21
ST09,SKU02393,85,68,14,2025-11-08
ST22,SKU04178,91,44,12,2025-11-18
ST19,SKU01554,69,56,19,2025-11-18
ST20,SKU01557,46,69,24,2025-12-22
ST13,SKU03916,143,90,29,2025-12-17
ST10,SKU01636,77,87,23,2025-12-21
ST14,SKU00710,27,30,11,2025-11-23
ST20,SKU03476,0,33,10,2025-08-26
ST27,SKU04947,21,46,15,2025-12-16
ST09,SKU03489,29,73,33,2025-11-18
ST11,SKU01050,64,57,19,2025-11-06
ST04,SKU00762,61,32,8,2025-12-14
ST28,SKU00106,115,49,23,2025-12-08
ST13,SKU04742,126,64,26,2025-12-07
ST14,SKU02761,73,58,12,2025-12-25
ST27,SKU00779,50,49,21,2025-12-14
ST20,SKU02295,82,54,13,2025-11-10
ST04,SKU00673,49,76,34,2025-12-23
ST02,SKU01512,60,53,26,2025-11-29
ST21,SKU03775,86,69,32,2025-11-06
ST16,SKU04333,92,74,37,2025-11-17
ST07,SKU03328,187,66,27,2025-12-30
ST11,SKU04527,113,64,17,2025-11-03
ST01,SKU02883,85,40,10,2025-11-01
ST13,SKU01473,83,35,14,2025-12-25
ST08,SKU00919,223,80,20,2025-12-05
ST07,SKU02317,183,83,25,2025-11-30
ST20,SKU02943,113,71,23,2025-12-13
ST07,SKU00555,213,91,33,2025-12-21
ST16,SKU03994,184,66,23,2025-11-24
ST24,SKU04362,14,26,7,2025-11-03
ST10,SKU04763,163,87,36,2025-12-09
ST21,SKU02308,223,100,49,2025-11-28
ST30,SKU01207,46,80,38,2025-12-13
ST01,SKU02714,243,82,20,2025-12-14
ST03,SKU03598,86,92,43,2025-11-21
ST22,SKU02935,111,55,13,2025-11-14
ST12,SKU03093,29,20,5,2025-11-06
ST16,SKU01965,18,83,20,2025-11-13
ST04,SKU01333,57,56,12,2025-11-24
ST19,SKU04330,64,42,17,2025-11-14
ST13,SKU04197,135,69,18,2025-11-05
ST01,SKU03906,93,36,11,2025-11-13
ST01,SKU04449,7,97,32,2025-12-11
ST08,SKU01162,54,25,9,2025-12-24
ST17,SKU02638,60,60,16,2025-11-21
ST18,SKU03909,70,79,17,2025-12-29
ST25,SKU03165,104,39,10,2025-11-23
ST10,SKU02423,109,78,30,2025-12-29
ST09,SKU02591,34,25,6,2025-11-10
ST21,SKU03353,1,30,14,2025-11-13
ST11,SKU01251,65,65,32,2025-11-27
ST22,SKU00511,24,46,15,2025-11-18
ST23,SKU02309,52,50,15,2025-11-06
ST04,SKU02873,21,78,18,2025-11-25
ST13,SKU00772,214,88,32,2025-11-22
ST01,SKU02644,105,40,19,2025-11-12
ST06,SKU01010,46,68,16,2025-12-13
ST14,SKU04254,121,59,12,2025-11-16
ST26,SKU04708,83,33,8,2025-12-29
ST22,SKU02720,51,25,8,2025-11-25
ST30,SKU01144,55,77,23,2025-12-28
ST19,SKU04673,85,43,10,2025-12-17
ST22,SKU02961,135,57,27,2025-11-23
ST26,SKU02204,97,36,16,2025-11-21
ST19,SKU00464,95,35,10,2025-12-04
ST28,SKU01739,158,99,49,2025-12-04
ST15,SKU04540,190,84,22,2025-12-17
ST14,SKU02107,76,80,18,2025-12-16
ST11,SKU02986,40,37,14,2025-12-01
ST05,SKU03607,63,66,33,2025-12-21
ST17,SKU02279,241,96,32,2025-12-18
ST12,SKU02537,34,30,15,2025-12-19
ST10,SKU00787,96,39,17,2025-11-03
ST10,SKU01323,150,65,26,2025-11-17
ST12,SKU04499,202,89,41,2025-11-10
ST30,SKU04249,412,76,35,2025-08-10
ST10,SKU03367,20,40,10,2025-11-30
ST26,SKU04394,43,28,11,2025-11-08
ST30,SKU04066,165,95,38,2025-11-05
ST03,SKU04276,87,71,24,2025-11-10
ST28,SKU04989,107,71,20,2025-12-14
ST18,SKU02396,150,81,25,2025-11-06
ST25,SKU03251,221,61,15,2025-08-07
ST02,SKU01189,0,63,29,2025-08-13
ST18,SKU02394,77,85,37,2025-12-18
ST24,SKU02197,36,60,23,2025-11-14
ST04,SKU00069,495,84,23,2025-08-13
ST26,SKU04944,66,46,12,2025-12-22
ST25,SKU04515,4,22,8,2025-12-12
ST04,SKU00104,104,50,12,2025-12-07
ST27,SKU01204,42,26,10,2025-11-13
ST14,SKU03678,47,83,17,2025-12-24
ST19,SKU03918,20,72,28,2025-12-18
ST05,SKU03368,122,42,12,2025-12-24
ST27,SKU03570,199,71,31,2025-11-27
ST17,SKU03902,43,83,28,2025-11-06
ST29,SKU04028,1,30,8,2025-11-19
ST30,SKU03207,84,43,13,2025-12-07
ST23,SKU04781,142,60,30,2025-11-27
ST17,SKU00693,112,84,34,2025-12-28
ST06,SKU04109,127,95,43,2025-12-01
ST22,SKU02527,130,78,23,2025-11-21
ST08,SKU01346,39,30,13,2025-11-25
ST08,SKU01905,41,96,41,2025-11-30
ST16,SKU00607,12,63,14,2025-11-29
ST03,SKU01226,92,47,15,2025-11-01
ST14,SKU03783,57,31,12,2025-12-17
ST22,SKU03394,52,25,7,2025-11-07
ST21,SKU01561,128,85,33,2025-12-30
ST18,SKU03211,91,43,13,2025-12-24
ST25,SKU01788,76,34,16,2025-11-29
ST10,SKU04010,93,37,16,2025-11-13
ST27,SKU00388,14,40,11,2025-12-10
ST01,SKU03750,18,38,16,2025-11-03
ST02,SKU01712,130,92,31,2025-12-16
ST25,SKU02863,57,76,21,2025-12-05
ST01,SKU03251,2,30,8,2025-11-22
ST02,SKU04525,59,21,5,2025-12-12
ST22,SKU00671,249,99,48,2025-12-26
ST17,SKU01514,48,52,23,2025-11-19
ST07,SKU02987,84,59,12,2025-12-06
ST25,SKU01082,63,34,7,2025-12-01
ST08,SKU03951,56,99,23,2025-12-31
ST07,SKU01164,138,97,22,2025-11-16
ST05,SKU01102,0,38,18,2025-12-01
ST27,SKU00751,10,21,4,2025-11-08
ST12,SKU04521,51,53,23,2025-11-07
ST14,SKU00787,180,92,25,2025-12-14
ST15,SKU01790,260,58,13,2025-07-20
ST26,SKU04033,105,74,26,2025-12-14
ST23,SKU00041,82,56,27,2025-12-14
ST23,SKU02191,173,76,19,2025-12-18
ST16,SKU02136,37,23,9,2025-12-19
ST08,SKU04472,43,26,8,2025-11-16
ST28,SKU00343,252,87,29,2025-12-02
ST03,SKU02334,133,74,16,2025-12-22
ST16,SKU01538,364,61,18,2025-06-03
ST06,SKU00307,122,53,15,2025-11-30
ST18,SKU03816,56,74,28,2025-12-29
ST01,SKU00824,35,69,25,2025-12-19
ST20,SKU03847,153,59,26,2025-12-29
ST23,SKU00573,83,39,12,2025-11-26
ST27,SKU00856,206,97,43,2025-11-22
ST07,SKU01853,27,40,17,2025-12-29
ST05,SKU00146,76,43,10,2025-11-24
ST12,SKU01311,78,35,9,2025-11-07
ST07,SKU03988,59,59,19,2025-11-01
ST04,SKU02682,19,63,31,2025-12-09
ST11,SKU04974,104,57,22,2025-11-18
ST14,SKU00201,65,42,21,2025-12-27
ST29,SKU02578,146,55,26,2025-11-20
ST19,SKU00378,27,32,10,2025-12-08
ST01,SKU01005,88,61,13,2025-11-05
ST02,SKU01200,18,59,24,2025-12-07
ST21,SKU00806,118,60,20,2025-11-03
ST30,SKU03239,122,95,28,2025-11-03
ST27,SKU04436,68,68,23,2025-11-28
ST30,SKU01671,24,91,40,2025-12-26
ST08,SKU02813,160,95,37,2025-12-22
ST23,SKU00686,229,98,38,2025-11-13
ST16,SKU04447,233,85,39,2025-12-25
ST13,SKU02161,206,69,17,2025-11-08
ST07,SKU02031,0,49,20,2025-11-22
ST02,SKU02130,71,57,14,2025-11-17
ST02,SKU03480,63,59,20,2025-12-14
ST07,SKU00926,23,79,25,2025-12-24
ST01,SKU00641,192,72,23,2025-11-22
ST28,SKU00031,159,58,19,2025-11-10
ST14,SKU00840,103,66,30,2025-12-16
ST24,SKU04095,225,80,31,2025-11-11
ST21,SKU02832,87,49,23,2025-11-20
ST16,SKU04731,94,49,22,2025-11-03
ST24,SKU04836,59,97,42,2025-11-10
ST07,SKU01081,273,93,20,2025-11-03
ST16,SKU01087,53,85,29,2025-11-03
ST07,SKU04178,57,21,10,2025-11-11
ST10,SKU03488,272,98,41,2025-12-27
ST21,SKU00269,158,72,21,2025-12-24
ST08,SKU03229,18,37,8,2025-12-03
ST16,SKU00677,140,65,22,2025-11-02
ST21,SKU01431,171,81,32,2025-11-14
ST03,SKU01071,155,100,23,2025-11-17
ST29,SKU01725,21,25,8,2025-12-29
ST16,SKU03865,54,48,17,2025-12-02
ST12,SKU04983,188,80,30,2025-12-18
ST21,SKU00643,37,26,11,2025-11-12
ST30,SKU03558,22,29,14,2025-12-06
ST29,SKU01889,68,26,8,2025-12-08
ST30,SKU03763,91,46,12,2025-12-09
ST28,SKU00084,17,78,25,2025-11-02
ST15,SKU03825,186,86,27,2025-12-05
ST30,SKU02573,17,22,7,2025-11-28
ST23,SKU01575,7,84,21,2025-11-15
ST29,SKU01802,72,78,22,2025-11-14
ST19,SKU00298,64,23,11,2025-12-31
ST07,SKU00540,129,69,33,2025-12-28
ST09,SKU01210,235,96,39,2025-11-26
ST17,SKU01439,89,44,13,2025-12-13
ST06,SKU04815,196,97,42,2025-11-18
ST17,SKU02330,78,35,15,2025-12-08
ST28,SKU02857,76,38,9,2025-11-23
ST05,SKU03483,125,77,30,2025-11-19
ST13,SKU03334,102,98,49,2025-11-14
ST23,SKU02542,1,98,29,2025-11-22
ST23,SKU00623,27,30,6,2025-11-27
ST13,SKU01225,12,94,43,2025-12-20
ST01,SKU02189,57,60,23,2025-12-03
ST04,SKU00568,193,86,39,2025-11-02
ST26,SKU02785,56,91,20,2025-11-09
ST05,SKU04173,11,27,9,2025-11-29
ST28,SKU04684,64,33,8,2025-12-25
ST18,SKU03515,44,48,18,2025-12-07
ST10,SKU00975,273,97,27,2025-12-30
ST23,SKU00127,1,95,47,2025-12-26
ST11,SKU04071,157,64,20,2025-11-26
ST18,SKU01194,87,85,39,2025-11-07
ST21,SKU04002,214,99,44,2025-11-18
ST21,SKU03551,131,46,11,2025-11-26
ST26,SKU03831,76,84,37,2025-11-22
ST09,SKU01543,180,61,28,2025-12-27
ST14,SKU03575,133,64,14,2025-11-09
ST19,SKU03378,72,41,15,2025-11-08
ST27,SKU01253,120,95,41,2025-12-12
ST10,SKU01076,128,73,24,2025-11-29
ST01,SKU00882,48,57,16,2025-11-04
ST28,SKU01247,126,75,19,2025-12-07
ST20,SKU03768,35,26,10,2025-12-27
ST27,SKU02520,534,97,22,2025-07-03
ST29,SKU02717,119,48,15,2025-11-26
ST25,SKU03084,31,20,7,2025-12-15
ST06,SKU02378,55,91,31,2025-12-24
ST10,SKU04333,48,41,19,2025-11-08
ST14,SKU02638,62,80,36,2025-11-09
ST02,SKU02193,125,57,22,2025-12-05
ST25,SKU04464,81,47,14,2025-12-12
ST26,SKU03741,16,73,21,2025-12-01
ST10,SKU03600,163,51,14,2025-05-08
ST05,SKU03587,151,85,33,2025-12-11
ST01,SKU02298,105,61,27,2025-12-09
ST15,SKU01523,51,27,10,2025-12-23
ST10,SKU03017,64,33,13,2025-12-26
ST23,SKU02090,106,62,24,2025-11-05
ST28,SKU04284,52,59,12,2025-11-08
ST06,SKU00905,70,85,17,2025-12-15
ST11,SKU04947,130,50,19,2025-12-21
ST24,SKU01327,69,30,12,2025-11-24
ST09,SKU02956,77,35,17,2025-12-23
ST25,SKU01516,148,55,14,2025-11-27
ST16,SKU03095,88,100,49,2025-12-09
ST27,SKU00080,1,43,16,2025-11-02
ST03,SKU00231,33,34,13,2025-12-26
ST10,SKU03771,51,42,17,2025-11-27
ST19,SKU03111,183,86,38,2025-11-24
ST14,SKU00742,55,42,10,2025-11-22
ST28,SKU01878,109,57,24,2025-12-22
ST25,SKU04379,34,27,12,2025-11-29
ST11,SKU04732,30,83,27,2025-12-04
ST20,SKU01945,33,29,12,2025-12-06
ST26,SKU03002,73,70,18,2025-11-01
ST15,SKU01871,40,95,19,2025-11-27
ST18,SKU03140,74,81,37,2025-12-10
ST13,SKU02637,197,83,41,2025-12-09
ST10,SKU00336,200,98,48,2025-11-18
ST19,SKU00597,32,33,10,2025-11-06
ST29,SKU03029,0,67,27,2025-11-10
ST12,SKU02084,85,63,17,2025-11-04
ST30,SKU01321,213,82,20,2025-11-04
ST16,SKU04885,98,81,33,2025-11-16
ST07,SKU01690,23,39,11,2025-12-20
ST27,SKU01801,54,44,12,2025-12-08
ST03,SKU01864,130,59,27,2025-12-09
ST13,SKU00233,43,25,12,2025-11-16
ST22,SKU00106,147,96,36,2025-12-25
ST02,SKU02000,31,58,27,2025-12-05
ST13,SKU03100,156,65,14,2025-11-07
ST05,SKU01817,179,90,24,2025-12-31
ST24,SKU00851,181,96,21,2025-12-19
ST29,SKU01633,57,43,13,2025-11-06
ST22,SKU02321,205,71,35,2025-11-26
ST24,SKU02122,117,65,29,2025-12-07
ST26,SKU03240,102,75,16,2025-11-27
ST27,SKU01298,67,32,7,2025-11-03
ST29,SKU02100,78,32,12,2025-11-27
ST15,SKU02578,82,32,11,2025-11-17
ST09,SKU02420,78,29,12,2025-12-27
ST15,SKU02457,130,80,22,2025-12-09
ST28,SKU01608,69,75,35,2025-11-23
ST30,SKU04980,86,39,13,2025-12-09
ST18,SKU00382,152,59,17,2025-11-26
ST23,SKU01217,103,47,19,2025-12-12
ST13,SKU04217,105,73,34,2025-11-21
ST08,SKU04584,259,93,29,2025-11-22
ST24,SKU01611,181,61,16,2025-11-18
ST08,SKU04482,15,72,15,2025-11-17
ST28,SKU03422,116,66,19,2025-12-22
ST23,SKU02929,152,59,28,2025-12-19
ST19,SKU04298,130,70,32,2025-11-11
ST07,SKU04231,155,61,24,2025-12-04
ST30,SKU03146,16,20,7,2025-11-27
ST25,SKU04081,91,38,12,2025-11-07
ST01,SKU04251,17,56,17,2025-11-23
ST22,SKU03678,167,57,24,2025-12-09
ST03,SKU00344,83,32,9,2025-12-07
ST06,SKU02465,3,78,33,2025-12-13
ST27,SKU00453,82,32,9,2025-12-25
ST27,SKU01053,114,66,13,2025-12-08
ST27,SKU04674,51,50,12,2025-12-29
ST11,SKU00606,10,77,24,2025-12-02
ST30,SKU03972,149,53,16,2025-12-17
ST19,SKU04734,201,80,31,2025-12-28
ST28,SKU00263,110,67,17,2025-12-16
ST22,SKU01390,28,45,12,2025-12-20
ST24,SKU02761,243,95,34,2025-11-02
ST03,SKU00897,48,72,32,2025-12-25
ST23,SKU04950,10,20,8,2025-12-02
ST27,SKU02986,28,64,27,2025-12-03
ST10,SKU01434,207,80,28,2025-12-27
ST03,SKU04417,123,48,13,2025-11-09
ST21,SKU03055,118,82,30,2025-12-04
ST15,SKU01543,86,49,14,2025-11-28
ST11,SKU01958,67,65,32,2025-11-03
ST17,SKU04788,234,99,29,2025-12-25
ST03,SKU02676,44,20,8,2025-11-02
ST18,SKU04583,179,86,27,2025-12-14
ST03,SKU03899,77,37,14,2025-11-21
ST06,SKU01713,52,74,16,2025-12-28
ST12,SKU00239,51,20,5,2025-12-09
ST26,SKU00126,100,74,20,2025-12-25
ST25,SKU02615,134,66,15,2025-12-14
ST07,SKU03428,358,97,36,2025-05-12
ST14,SKU03297,56,40,16,2025-11-17
ST06,SKU02166,19,30,8,2025-11-03
ST28,SKU00003,122,44,14,2025-11-22
ST19,SKU00145,58,36,10,2025-11-01
ST25,SKU01301,23,89,43,2025-12-16
ST28,SKU01390,231,86,38,2025-12-09
ST17,SKU00050,47,21,4,2025-11-30
ST05,SKU00106,106,84,30,2025-11-08
ST04,SKU01360,75,91,30,2025-11-18
ST30,SKU03214,161,91,33,2025-11-27
ST14,SKU03271,227,88,35,2025-11-21
ST15,SKU03313,158,89,23,2025-12-27
ST19,SKU04472,1,67,13,2025-11-14
ST11,SKU04243,28,31,12,2025-12-13
ST20,SKU00430,43,23,7,2025-11-28
ST13,SKU04851,44,33,8,2025-11-16
ST01,SKU01691,119,73,24,2025-11-21
ST19,SKU01377,43,41,12,2025-11-28
ST17,SKU03577,11,82,21,2025-12-13
ST29,SKU01120,132,46,23,2025-12-24
ST21,SKU03452,48,32,8,2025-11-17
ST07,SKU02703,20,32,12,2025-12-09
ST09,SKU00242,55,96,43,2025-11-30
ST07,SKU01571,146,51,19,2025-11-30
ST30,SKU00025,35,46,23,2025-12-21
ST06,SKU02135,144,79,17,2025-11-02
ST15,SKU03989,57,25,8,2025-12-04
ST13,SKU02120,122,71,16,2025-12-02
ST10,SKU03824,227,80,21,2025-12-21
ST13,SKU00457,132,84,40,2025-12-17
ST08,SKU04163,29,97,38,2025-12-12
ST28,SKU00200,17,24,8,2025-11-07
ST03,SKU02110,50,39,13,2025-11-28
ST10,SKU01814,37,20,9,2025-12-09
ST25,SKU04628,34,29,7,2025-12-01
ST27,SKU04239,135,94,27,2025-12-12
ST24,SKU02244,44,60,30,2025-11-19
ST03,SKU02538,73,47,16,2025-12-20
ST12,SKU04964,133,47,20,2025-12-03
ST25,SKU03662,90,34,13,2025-11-30
ST28,SKU02029,62,29,8,2025-12-04
ST27,SKU04456,7,36,11,2025-12-28
ST17,SKU01921,34,24,11,2025-11-21
ST08,SKU00037,104,53,21,2025-12-14
ST28,SKU00639,31,21,8,2025-11-10
ST18,SKU02695,141,75,17,2025-12-03
ST15,SKU01147,10,76,20,2025-12-22
ST18,SKU02671,3,52,14,2025-11-23
ST05,SKU02407,113,60,14,2025-11-18
ST22,SKU03618,28,72,29,2025-11-12
ST05,SKU04950,62,56,25,2025-12-13
ST04,SKU02964,64,24,11,2025-12-31
ST16,SKU02963,114,72,25,2025-12-29
ST07,SKU00183,84,73,36,2025-12-19
ST17,SKU00452,35,44,20,2025-11-10
ST25,SKU01411,111,47,13,2025-11-14
ST25,SKU03494,149,65,23,2025-11-16
ST01,SKU00736,6,50,22,2025-11-03
ST05,SKU01518,62,83,23,2025-11-21
ST07,SKU02715,179,71,16,2025-11-09
ST09,SKU02186,92,54,18,2025-11-08
ST24,SKU01652,34,59,25,2025-11-17
ST19,SKU03521,264,91,25,2025-12-12
ST26,SKU00063,84,82,39,2025-12-18
ST07,SKU00853,91,88,40,2025-12-11
ST04,SKU01613,5,57,13,2025-11-18
ST11,SKU01458,212,85,39,2025-12-05
ST27,SKU02856,100,84,41,2025-11-12
ST29,SKU04314,61,74,32,2025-12-24
ST11,SKU02196,37,50,17,2025-12-26
ST27,SKU01398,90,79,27,2025-11-22
ST18,SKU04610,203,96,41,2025-12-14
ST01,SKU00804,28,71,24,2025-12-17
ST29,SKU01140,80,28,13,2025-11-20
ST21,SKU02292,96,45,15,2025-12-31
ST21,SKU04055,41,26,7,2025-11-20
ST26,SKU02982,18,48,22,2025-11-04
ST11,SKU04582,54,96,44,2025-11-15
ST09,SKU04862,14,41,15,2025-11-29
ST18,SKU03972,116,87,36,2025-11-11
ST17,SKU03300,149,88,43,2025-12-17
ST30,SKU02457,73,82,32,2025-11-30
ST05,SKU03594,84,71,21,2025-11-14
ST06,SKU01528,105,70,31,2025-11-19
ST24,SKU01665,111,59,29,2025-11-11
ST19,SKU01041,23,49,15,2025-11-17
ST15,SKU04972,144,51,22,2025-11-09
ST17,SKU04095,29,34,11,2025-12-01
ST20,SKU01619,50,82,24,2025-11-18
ST06,SKU03882,186,75,22,2025-12-14
ST12,SKU02626,56,33,9,2025-12-13
ST23,SKU03779,148,100,45,2025-11-24
ST24,SKU03052,136,61,28,2025-11-24
ST09,SKU03022,70,53,19,2025-12-05
ST06,SKU01621,70,93,26,2025-11-04
ST16,SKU02151,4,88,32,2025-11-21
ST04,SKU04485,33,79,23,2025-12-11
ST17,SKU03980,70,91,24,2025-12-29
ST24,SKU00527,137,85,21,2025-11-19
ST26,SKU03787,140,54,18,2025-11-14
ST12,SKU04295,9,62,19,2025-12-15
ST05,SKU01464,52,55,19,2025-11-28
ST17,SKU03469,161,66,30,2025-12-15
ST25,SKU03982,31,40,13,2025-12-05
ST01,SKU02765,172,61,23,2025-11-15
ST01,SKU03239,10,23,10,2025-11-14
ST03,SKU01283,37,39,18,2025-12-12
ST25,SKU02257,95,76,16,2025-11-28
ST10,SKU01861,134,83,38,2025-11-25
ST27,SKU02444,89,92,38,2025-12-31
ST04,SKU02896,17,83,33,2025-11-18
ST15,SKU04063,24,26,7,2025-12-06
ST21,SKU04226,96,57,23,2025-12-27
ST04,SKU02273,105,39,13,2025-12-10
ST17,SKU01934,250,100,49,2025-11-24
ST05,SKU01033,217,93,22,2025-12-14
ST01,SKU03726,149,51,24,2025-11-29
ST25,SKU04014,24,61,28,2025-12-13
ST19,SKU04704,133,61,14,2025-11-25
ST22,SKU04457,34,23,5,2025-12-29
ST06,SKU04038,260,93,25,2025-12-22
ST27,SKU01320,152,54,11,2025-11-10
ST03,SKU03356,51,35,9,2025-12-22
ST23,SKU04767,209,81,36,2025-12-09
ST25,SKU00339,146,91,40,2025-11-10
ST23,SKU01146,117,47,11,2025-11-18
ST27,SKU01726,108,37,18,2025-11-19
ST04,SKU04877,108,72,35,2025-12-12
ST12,SKU02466,127,56,14,2025-11-19
ST30,SKU03873,101,54,21,2025-12-06
ST16,SKU01775,0,74,17,2025-09-15
ST10,SKU04753,142,31,11,2025-06-29
ST07,SKU03868,229,99,36,2025-12-09
ST13,SKU02600,39,54,14,2025-12-10
ST22,SKU00523,102,71,32,2025-11-26
ST21,SKU02097,18,24,7,2025-11-29
ST27,SKU01589,171,69,16,2025-12-10
ST21,SKU00303,67,27,9,2025-12-12
ST07,SKU02349,85,77,19,2025-12-21
ST19,SKU00566,93,71,28,2025-11-15
ST13,SKU03794,21,43,14,2025-12-09
ST06,SKU03171,13,86,37,2025-11-04
ST25,SKU02704,155,100,40,2025-12-16
ST20,SKU02754,62,22,6,2025-11-09
ST19,SKU03821,23,25,10,2025-12-06
ST14,SKU03062,104,53,14,2025-11-30
ST03,SKU01991,54,51,16,2025-12-16
ST21,SKU04211,16,49,20,2025-11-10
ST24,SKU01167,30,98,47,2025-11-21
ST18,SKU03361,31,45,18,2025-11-19
ST13,SKU01216,0,39,10,2025-11-24
ST04,SKU04797,88,34,10,2025-12-24
ST15,SKU02603,40,66,17,2025-12-31
ST27,SKU03206,20,92,30,2025-12-29
ST22,SKU00253,76,64,29,2025-11-16
ST21,SKU04602,175,61,20,2025-12-31
ST16,SKU01129,52,89,37,2025-11-22
ST05,SKU04947,7,72,23,2025-11-21
ST15,SKU03899,9,27,6,2025-11-04
ST29,SKU03698,14,23,6,2025-11-13
ST30,SKU01922,62,26,10,2025-11-18
ST09,SKU00130,178,76,28,2025-12-29
ST16,SKU04613,63,30,10,2025-11-01
ST11,SKU04126,63,26,7,2025-12-19
ST10,SKU02427,18,46,17,2025-12-27
ST04,SKU01832,232,79,25,2025-11-17
ST26,SKU01085,55,89,41,2025-12-15
ST05,SKU03883,71,72,27,2025-12-03
ST08,SKU03421,134,48,14,2025-12-17
ST15,SKU04751,76,28,12,2025-11-08
ST15,SKU03011,50,20,8,2025-12-13
ST17,SKU01254,85,32,14,2025-12-21
ST28,SKU02183,92,70,23,2025-12-02
ST24,SKU04206,38,64,24,2025-12-22
ST18,SKU04365,53,59,29,2025-12-31
ST25,SKU04462,57,68,30,2025-11-29
ST18,SKU04345,181,93,36,2025-11-26
ST26,SKU01869,81,39,10,2025-12-19
ST10,SKU04924,69,65,20,2025-11-28
ST08,SKU04378,64,40,16,2025-11-16
ST27,SKU02773,40,39,19,2025-11-12
ST30,SKU03965,227,100,46,2025-12-26
ST29,SKU04962,18,82,28,2025-11-11
ST03,SKU02180,44,71,21,2025-11-07
ST13,SKU04533,106,89,24,2025-12-23
ST09,SKU01363,0,50,23,2025-08-10
ST25,SKU01193,115,41,16,2025-12-01
ST08,SKU02523,75,26,10,2025-11-01
ST10,SKU00767,192,67,14,2025-11-26
ST14,SKU01860,28,67,33,2025-11-11
ST19,SKU03065,52,53,13,2025-12-24
ST04,SKU04764,157,72,35,2025-11-14
ST28,SKU04121,2,29,12,2025-11-16
ST05,SKU04999,9,75,35,2025-12-13
ST20,SKU03391,132,66,19,2025-12-20
ST21,SKU04664,134,36,12,2025-06-05
ST01,SKU00825,33,69,18,2025-12-14
ST23,SKU04165,75,49,22,2025-12-30
ST12,SKU04595,131,44,18,2025-12-05
ST28,SKU01693,166,57,13,2025-11-27
ST11,SKU02670,196,67,29,2025-12-12
ST24,SKU00195,99,37,10,2025-12-18
ST10,SKU00751,146,57,14,2025-12-01
ST05,SKU04524,5,74,35,2025-12-17
ST23,SKU01767,109,60,12,2025-12-16
ST23,SKU02696,132,48,20,2025-12-26
ST26,SKU02311,229,95,19,2025-12-05
ST27,SKU03163,5,44,10,2025-12-31
ST16,SKU00122,33,93,21,2025-12-23
ST11,SKU01819,83,66,32,2025-12-13
ST07,SKU01154,55,24,7,2025-12-01
ST21,SKU03814,70,34,11,2025-12-28
ST26,SKU03207,17,57,14,2025-11-04
ST07,SKU02971,102,81,26,2025-12-04
ST07,SKU02423,72,75,25,2025-12-08
ST03,SKU00611,35,86,19,2025-11-17
ST09,SKU02856,60,26,12,2025-12-30
ST09,SKU04775,244,87,38,2025-11-20
ST14,SKU01246,7,69,33,2025-11-28
ST21,SKU02874,24,39,15,2025-12-02
ST01,SKU02353,88,47,14,2025-12-13
ST09,SKU02808,26,37,13,2025-12-20
ST18,SKU03986,60,57,28,2025-12-22
ST19,SKU00575,39,25,10,2025-11-26
ST03,SKU04397,3,41,14,2025-11-23
ST26,SKU03983,63,24,6,2025-12-28
ST18,SKU03983,212,86,32,2025-12-03
ST21,SKU04373,50,58,24,2025-12-09
ST18,SKU04349,106,85,19,2025-11-26
ST02,SKU04885,51,94,46,2025-12-16
ST20,SKU02486,9,27,12,2025-11-22
ST20,SKU04543,112,69,33,2025-11-13
ST12,SKU04972,263,94,28,2025-11-19
ST16,SKU00134,163,73,16,2025-11-15
ST27,SKU03593,62,21,5,2025-12-04
ST14,SKU01454,40,22,10,2025-12-13
ST16,SKU00859,68,26,8,2025-11-06
ST09,SKU04515,80,47,23,2025-11-13
ST06,SKU00643,40,82,22,2025-11-10
ST07,SKU03283,212,86,25,2025-12-04
ST09,SKU00051,123,71,24,2025-11-25
ST30,SKU02154,127,61,19,2025-12-24
ST01,SKU03328,92,78,29,2025-11-15
ST19,SKU04743,121,53,25,2025-11-15
ST05,SKU02132,51,60,27,2025-12-10
ST08,SKU02157,78,47,21,2025-12-12
ST16,SKU00124,15,27,13,2025-12-15
ST18,SKU02042,23,26,12,2025-12-27
ST12,SKU00419,128,28,12,2025-05-08
ST04,SKU01975,51,26,12,2025-12-18
ST11,SKU01281,84,61,19,2025-11-16
ST11,SKU01684,284,51,21,2025-08-03
ST01,SKU03040,163,65,17,2025-11-23
ST17,SKU01659,70,48,11,2025-12-31
ST08,SKU00336,118,41,18,2025-11-28
ST26,SKU02538,0,50,12,2025-10-11
ST16,SKU03549,12,33,12,2025-12-16
ST05,SKU02954,10,88,27,2025-11-30
ST27,SKU02410,192,77,28,2025-11-29
ST12,SKU04506,169,98,42,2025-11-30
ST01,SKU01097,37,47,22,2025-12-14
ST25,SKU03397,54,39,8,2025-12-19
ST01,SKU02450,81,67,32,2025-12-12
ST25,SKU02674,74,49,20,2025-11-06
ST26,SKU04416,87,98,22,2025-12-04
ST18,SKU02800,58,39,10,2025-12-11
ST26,SKU00848,41,33,13,2025-11-05
ST04,SKU02688,40,54,13,2025-11-19
ST19,SKU01357,27,72,31,2025-11-29
ST07,SKU02685,14,54,13,2025-12-13
ST13,SKU04384,158,67,23,2025-12-28
ST13,SKU04648,49,97,33,2025-12-29
ST09,SKU00953,0,62,20,2025-10-06
ST18,SKU02935,65,29,8,2025-11-07
ST05,SKU03054,124,78,24,2025-12-12
ST25,SKU01596,12,41,17,2025-11-17
ST20,SKU02598,31,82,21,2025-11-18
ST23,SKU03655,86,34,16,2025-11-07
ST21,SKU02273,24,28,10,2025-12-01
ST30,SKU00739,144,94,46,2025-11-30
ST25,SKU01422,36,34,8,2025-12-27
ST16,SKU01362,231,81,23,2025-11-29
ST19,SKU00854,26,20,10,2025-11-08
ST24,SKU00516,104,65,26,2025-11-07
ST07,SKU01761,67,99,40,2025-12-04
ST14,SKU01044,38,23,5,2025-12-09
ST26,SKU00533,164,64,22,2025-11-02
ST05,SKU00857,55,94,41,2025-12-18
ST14,SKU00156,51,59,12,2025-11-21
ST03,SKU02971,26,68,20,2025-12-19
ST21,SKU03283,57,79,20,2025-12-10
ST07,SKU03406,240,99,24,2025-11-05
ST09,SKU04255,27,55,19,2025-12-08
ST06,SKU00878,5,76,22,2025-12-16
ST10,SKU02153,231,99,20,2025-12-20
ST10,SKU03739,127,94,31,2025-12-13
ST22,SKU04090,103,67,16,2025-12-26
ST20,SKU00025,27,36,12,2025-11-29
ST25,SKU00597,99,48,20,2025-12-03
ST02,SKU03462,184,96,38,2025-11-22
ST13,SKU00403,101,75,30,2025-12-31
ST23,SKU01841,84,51,25,2025-12-06
ST30,SKU02896,157,66,17,2025-12-30
ST24,SKU04761,76,37,11,2025-11-03
ST07,SKU02874,27,79,27,2025-12-03
ST02,SKU00581,87,53,20,2025-12-30
ST15,SKU04569,210,75,36,2025-11-18
ST11,SKU02486,0,77,33,2025-12-06
ST05,SKU00861,0,72,27,2025-11-30
ST14,SKU00178,138,60,29,2025-12-10
ST30,SKU01652,13,43,17,2025-12-02
ST10,SKU01163,24,22,8,2025-11-01
ST08,SKU04713,85,46,11,2025-12-17
ST19,SKU03290,11,31,15,2025-12-14
ST02,SKU02313,81,90,38,2025-12-07
ST03,SKU00840,196,68,14,2025-11-10
ST24,SKU01799,35,49,20,2025-12-08
ST28,SKU03332,20,54,15,2025-12-26
ST30,SKU00292,21,54,13,2025-11-08
ST09,SKU01775,38,40,11,2025-11-12
ST02,SKU01201,28,74,19,2025-12-23
ST23,SKU04735,32,23,10,2025-12-31
ST14,SKU04069,115,61,29,2025-12-14
ST22,SKU04916,82,28,9,2025-12-20
ST30,SKU02488,93,57,14,2025-11-12
ST02,SKU01256,206,64,31,2025-07-06
ST06,SKU00759,175,99,45,2025-12-03
ST02,SKU01834,354,61,27,2025-06-30
ST08,SKU04226,244,89,27,2025-11-30
ST10,SKU02836,109,54,19,2025-12-28
ST16,SKU02719,69,78,39,2025-11-16
ST12,SKU00308,122,45,13,2025-12-27
ST16,SKU01039,40,49,23,2025-11-11
ST09,SKU03373,85,29,9,2025-11-11
ST06,SKU00378,43,53,19,2025-12-19
ST21,SKU04396,159,78,22,2025-12-27
ST08,SKU01723,118,61,19,2025-11-24
ST14,SKU00106,67,66,32,2025-11-17
ST28,SKU04500,87,68,27,2025-12-05
ST01,SKU01833,41,20,5,2025-12-26
ST16,SKU03629,257,94,22,2025-12-12
ST28,SKU03164,254,95,42,2025-11-25
ST27,SKU03041,168,61,28,2025-11-04
ST09,SKU02737,39,21,10,2025-12-07
ST30,SKU02469,71,30,9,2025-11-30
ST03,SKU00367,99,94,40,2025-11-10
ST02,SKU00667,157,77,17,2025-11-05
ST02,SKU04084,175,80,20,2025-12-09
ST05,SKU04625,59,52,11,2025-12-01
ST30,SKU01146,22,73,25,2025-11-28
ST06,SKU03255,35,28,7,2025-12-10
ST22,SKU04050,61,76,27,2025-11-04
ST07,SKU00491,86,96,22,2025-11-21
ST01,SKU00302,159,66,17,2025-11-24
ST06,SKU03997,166,59,13,2025-12-09
ST11,SKU01751,170,99,22,2025-11-20
ST11,SKU00144,36,20,9,2025-11-05
ST08,SKU00972,153,29,11,2025-06-08
ST15,SKU03963,259,91,23,2025-12-28
ST23,SKU01175,71,73,27,2025-11-19
ST29,SKU01862,66,58,24,2025-12-29
ST18,SKU04515,9,44,11,2025-11-01
ST20,SKU04335,47,29,10,2025-12-02
ST28,SKU04736,271,96,39,2025-12-10
ST04,SKU04549,42,24,9,2025-12-15
ST14,SKU00930,22,47,17,2025-11-18
ST04,SKU00106,1,32,15,2025-12-01
ST28,SKU00035,80,28,13,2025-12-04
ST08,SKU03548,113,30,14,2025-07-24
ST04,SKU03718,130,76,31,2025-11-21
ST13,SKU00977,73,30,12,2025-12-05
ST20,SKU00179,126,96,26,2025-12-22
ST19,SKU02046,0,58,27,2025-10-03
ST27,SKU03729,5,61,20,2025-11-20
ST12,SKU02189,80,59,16,2025-11-10
ST24,SKU00715,65,32,11,2025-11-12
ST12,SKU00107,7,49,18,2025-11-26
ST26,SKU04005,44,37,12,2025-11-19
ST24,SKU02709,177,89,24,2025-11-19
ST09,SKU04516,174,99,23,2025-12-31
ST16,SKU02268,291,98,49,2025-11-14
ST01,SKU04364,136,61,14,2025-11-20
ST25,SKU04458,160,73,25,2025-12-03
ST23,SKU02783,42,32,9,2025-11-29
ST09,SKU03577,37,38,11,2025-12-28
ST14,SKU02359,266,100,21,2025-12-31
ST17,SKU01384,131,84,30,2025-12-31
ST22,SKU02265,41,60,25,2025-12-31
ST28,SKU02811,147,97,25,2025-12-28
ST23,SKU03692,135,59,22,2025-11-10
ST22,SKU04750,66,23,9,2025-11-17
ST03,SKU00226,27,50,16,2025-11-14
ST25,SKU03873,229,80,37,2025-12-26
ST27,SKU00929,171,60,25,2025-12-19
ST06,SKU03937,72,99,49,2025-11-30
ST12,SKU00778,246,93,24,2025-12-28
ST30,SKU02512,35,54,20,2025-11-19
ST15,SKU03208,233,90,22,2025-12-20
ST26,SKU03516,240,94,42,2025-12-24
ST16,SKU03760,157,53,16,2025-11-03
ST25,SKU03317,187,100,41,2025-11-10
ST14,SKU01321,54,59,12,2025-11-10
ST21,SKU00838,23,49,12,2025-12-22
ST24,SKU03540,112,52,14,2025-12-18
ST22,SKU00810,72,32,14,2025-12-17
ST18,SKU02934,125,63,15,2025-12-06
ST23,SKU00377,84,33,15,2025-12-06
ST03,SKU00111,173,65,24,2025-11-08
ST20,SKU00502,457,92,21,2025-06-08
ST13,SKU00784,66,31,14,2025-11-29
ST12,SKU00605,170,70,24,2025-11-26
ST29,SKU02245,157,100,30,2025-12-13
ST04,SKU01258,0,85,32,2025-12-18
ST02,SKU03133,162,87,18,2025-12-12
ST19,SKU04971,199,74,29,2025-12-22
ST28,SKU03665,146,50,24,2025-11-11
ST10,SKU01659,131,53,21,2025-11-17
ST30,SKU01729,96,44,14,2025-11-16
ST27,SKU00870,39,59,12,2025-11-10
ST04,SKU04846,66,39,13,2025-11-15
ST01,SKU01625,53,21,7,2025-11-07
ST20,SKU03969,92,40,15,2025-12-12
ST23,SKU03049,136,55,23,2025-12-01
ST03,SKU02287,95,44,11,2025-12-05
ST25,SKU01867,240,86,37,2025-11-15
ST09,SKU02753,245,83,19,2025-11-17
ST21,SKU04361,97,42,20,2025-12-05
ST17,SKU03016,5,45,18,2025-12-24
ST21,SKU04983,45,68,32,2025-12-25
ST28,SKU02332,4,28,9,2025-12-17
ST21,SKU01407,427,87,35,2025-07-11
ST29,SKU00783,119,76,35,2025-12-09
ST14,SKU02977,90,32,8,2025-11-20
ST25,SKU04866,183,89,39,2025-12-01
ST18,SKU01613,0,23,10,2025-12-19
ST09,SKU02246,117,42,20,2025-11-13
ST02,SKU01262,67,66,19,2025-12-25
ST30,SKU03810,211,82,17,2025-11-21
ST26,SKU04710,86,44,12,2025-11-29
ST21,SKU00853,128,46,19,2025-11-16
ST10,SKU02010,102,55,14,2025-11-15
ST28,SKU04988,133,55,19,2025-11-13
ST06,SKU03686,191,71,23,2025-11-10
ST02,SKU02076,30,51,19,2025-11-03
ST10,SKU01444,15,20,4,2025-11-11
ST07,SKU03681,22,42,17,2025-11-14
ST24,SKU03506,40,72,30,2025-12-06
ST03,SKU00669,53,24,5,2025-11-20
ST16,SKU00599,247,97,45,2025-11-11
ST03,SKU02921,163,83,30,2025-12-16
ST14,SKU00428,68,43,19,2025-11-26
ST03,SKU02467,2,81,32,2025-12-22
ST20,SKU00635,127,44,19,2025-11-08
ST13,SKU00815,102,38,14,2025-12-09
ST04,SKU01921,42,39,16,2025-12-10
ST12,SKU02994,80,74,18,2025-11-18
ST29,SKU01125,151,70,16,2025-11-10
ST14,SKU01616,67,32,15,2025-12-21
ST04,SKU02711,86,42,17,2025-12-27
ST16,SKU00615,54,21,5,2025-12-02
ST09,SKU04925,20,96,33,2025-12-11
ST17,SKU04392,234,55,15,2025-07-26
ST20,SKU03478,210,76,27,2025-12-05
ST21,SKU00604,147,72,20,2025-12-25
ST27,SKU04543,12,61,27,2025-12-16
ST01,SKU00069,136,42,20,2025-06-17
ST04,SKU02402,248,88,38,2025-11-12
ST14,SKU04119,117,83,19,2025-11-27
ST29,SKU01648,198,81,28,2025-12-21
ST26,SKU03638,64,53,21,2025-11-30
ST27,SKU03172,100,43,18,2025-12-10
ST26,SKU01732,144,78,31,2025-11-12
ST15,SKU03068,35,60,17,2025-12-12
ST13,SKU04540,191,89,28,2025-11-24
ST16,SKU03571,50,20,5,2025-12-13
ST20,SKU01686,38,41,13,2025-12-21
ST04,SKU03811,109,53,23,2025-11-18
ST20,SKU03760,86,45,13,2025-11-05
ST22,SKU02433,42,30,11,2025-11-02
ST02,SKU00963,195,79,23,2025-11-07
ST05,SKU04021,207,93,31,2025-12-28
ST21,SKU03453,125,52,20,2025-12-22
ST17,SKU00772,56,64,13,2025-12-16
ST25,SKU03762,158,84,30,2025-11-20
ST07,SKU00980,5,70,29,2025-11-25
ST01,SKU00226,43,52,16,2025-11-24
ST15,SKU01891,183,85,22,2025-12-23
ST20,SKU04646,6,21,10,2025-12-23
ST04,SKU02159,86,42,14,2025-11-13
ST03,SKU01856,110,39,14,2025-12-30
ST03,SKU04592,148,74,20,2025-12-02
ST27,SKU01501,41,21,9,2025-12-07
ST09,SKU00932,157,32,14,2025-08-13
ST02,SKU00654,200,51,13,2025-08-10
ST16,SKU00286,0,72,26,2025-09-08
ST26,SKU04198,266,95,41,2025-12-18
ST06,SKU03159,86,50,15,2025-11-01
ST08,SKU04579,45,56,14,2025-12-22
ST06,SKU01366,181,93,35,2025-11-06
ST13,SKU00565,186,63,26,2025-12-22
ST14,SKU01081,0,53,17,2025-12-20
ST30,SKU00729,59,99,41,2025-11-19
ST26,SKU02475,163,60,24,2025-12-05
ST30,SKU02518,11,26,7,2025-12-23
ST09,SKU01457,478,90,43,2025-06-13
ST28,SKU02108,115,52,20,2025-12-08
ST02,SKU01630,40,89,43,2025-12-05
ST18,SKU02877,5,24,10,2025-11-15
ST13,SKU01386,137,57,26,2025-11-24
ST02,SKU03166,32,28,11,2025-11-01
ST22,SKU02494,176,74,36,2025-11-27
ST14,SKU04502,46,50,15,2025-11-03
ST12,SKU01061,194,84,36,2025-12-14
ST26,SKU00697,135,79,38,2025-11-27
ST13,SKU00895,149,76,24,2025-11-02
ST10,SKU02976,33,25,11,2025-11-12
ST06,SKU03360,91,38,11,2025-12-19
ST09,SKU04809,0,22,10,2025-11-12
ST15,SKU00221,20,71,34,2025-11-29
ST16,SKU02832,167,66,25,2025-12-20
ST26,SKU02289,88,32,15,2025-12-20
ST08,SKU02932,121,63,22,2025-11-30
ST04,SKU04045,111,96,48,2025-12-18
ST24,SKU03162,204,76,29,2025-12-28
ST02,SKU03333,27,48,17,2025-12-09
ST03,SKU00407,58,22,6,2025-12-20
ST10,SKU02195,6,42,14,2025-12-07
ST29,SKU01456,117,62,16,2025-11-03
ST09,SKU03705,194,74,16,2025-12-29
ST29,SKU00117,63,67,26,2025-12-30
ST17,SKU00153,92,57,15,2025-12-08
ST17,SKU01682,226,90,20,2025-11-11
ST29,SKU01956,148,64,28,2025-12-01
ST30,SKU02592,30,38,9,2025-12-02
ST11,SKU04637,76,65,17,2025-12-28
ST24,SKU03172,196,68,18,2025-12-15
ST14,SKU00831,17,26,11,2025-11-10
ST02,SKU02756,45,68,15,2025-11-30
ST23,SKU03656,40,31,15,2025-12-21
ST05,SKU01184,7,25,12,2025-12-21
ST08,SKU04081,25,24,8,2025-12-15
ST13,SKU04731,148,87,25,2025-12-26
ST22,SKU04235,146,51,21,2025-12-14
ST18,SKU00383,181,83,39,2025-11-28
ST21,SKU04315,87,96,24,2025-12-25
ST02,SKU03388,91,85,24,2025-11-09
ST02,SKU00565,108,40,10,2025-12-12
ST30,SKU00914,50,21,5,2025-12-23
ST23,SKU03071,1,62,19,2025-11-14
ST16,SKU02838,66,25,6,2025-11-28
ST07,SKU01812,8,68,32,2025-11-09
ST18,SKU00119,5,22,11,2025-11-10
ST11,SKU02805,77,81,26,2025-12-07
ST16,SKU03401,149,81,32,2025-12-16
ST24,SKU04948,105,90,37,2025-12-02
ST12,SKU04865,5,56,23,2025-12-30
ST01,SKU02756,18,57,23,2025-12-09
ST08,SKU03180,81,47,14,2025-12-15
ST02,SKU03234,84,56,18,2025-11-29
ST29,SKU03393,11,69,15,2025-12-06
ST20,SKU04932,8,64,20,2025-11-08
ST24,SKU01989,69,24,7,2025-12-02
ST16,SKU00086,74,78,30,2025-12-21
ST16,SKU00289,5,78,36,2025-11-01
ST29,SKU01402,282,95,27,2025-11-13
ST06,SKU00950,221,92,35,2025-11-25
ST02,SKU03893,20,37,18,2025-11-05
ST16,SKU01885,5,49,17,2025-11-02
ST12,SKU03356,20,68,22,2025-11-02
ST10,SKU01052,341,71,26,2025-08-31
ST13,SKU00202,79,41,19,2025-12-04
ST18,SKU04698,8,28,6,2025-12-14
ST09,SKU01493,10,53,19,2025-12-07
ST22,SKU00457,9,70,20,2025-11-18
ST05,SKU03694,21,35,16,2025-12-11
ST21,SKU03767,103,65,17,2025-11-20
ST14,SKU00954,199,62,19,2025-05-31
ST04,SKU04900,5,76,19,2025-11-30
ST08,SKU00428,95,38,11,2025-12-30
ST22,SKU01647,166,65,32,2025-12-01
ST25,SKU03356,38,21,5,2025-12-01
ST17,SKU00624,63,82,30,2025-11-07
ST17,SKU02015,37,62,13,2025-12-19
ST24,SKU00508,28,28,9,2025-11-04
ST14,SKU01544,54,20,5,2025-12-11
ST20,SKU02752,204,99,46,2025-12-29
ST02,SKU03826,217,91,23,2025-12-03
ST09,SKU02016,16,44,14,2025-11-01
ST12,SKU03521,210,72,34,2025-11-20
ST24,SKU00003,174,72,24,2025-11-01
ST03,SKU00438,107,43,18,2025-11-08
ST22,SKU01253,12,39,11,2025-12-10
ST24,SKU03537,11,39,17,2025-11-20
ST11,SKU03206,57,67,26,2025-11-01
ST16,SKU03989,32,26,9,2025-12-12
ST03,SKU02790,164,69,23,2025-12-08
ST14,SKU03780,142,90,37,2025-11-04
ST18,SKU02001,158,75,17,2025-11-17
ST12,SKU03125,129,55,16,2025-12-05
ST16,SKU00200,188,69,20,2025-11-16
ST16,SKU01315,42,36,11,2025-11-14
ST05,SKU01955,94,59,27,2025-12-21
ST09,SKU03895,13,63,25,2025-12-12
ST07,SKU04328,86,54,27,2025-11-03
ST20,SKU00940,240,95,27,2025-11-23
ST16,SKU01632,17,75,36,2025-12-22
ST12,SKU03997,14,25,7,2025-12-22
ST09,SKU00712,147,73,20,2025-12-14
ST28,SKU03009,35,91,30,2025-12-31
ST13,SKU00486,131,49,14,2025-11-29
ST06,SKU04657,147,93,37,2025-12-11
ST23,SKU03103,223,77,24,2025-12-14
ST11,SKU00712,17,37,16,2025-11-06
ST14,SKU00372,57,68,22,2025-12-13
ST29,SKU04991,253,100,45,2025-12-14
ST04,SKU04345,92,79,31,2025-11-06
ST30,SKU01108,26,33,7,2025-12-02
ST12,SKU02067,15,73,15,2025-12-08
ST02,SKU02677,99,49,15,2025-11-10
ST12,SKU03734,117,57,13,2025-12-26
ST10,SKU02703,161,80,37,2025-11-22
ST29,SKU03131,69,77,31,2025-11-05
ST03,SKU01235,38,48,14,2025-12-17
ST20,SKU04139,116,81,32,2025-11-04
ST09,SKU03348,56,74,34,2025-11-14
ST22,SKU02502,164,99,30,2025-11-05
ST12,SKU02440,245,93,40,2025-11-14
ST01,SKU02509,6,69,19,2025-12-31
ST17,SKU01502,134,61,22,2025-12-30
ST07,SKU03401,27,71,22,2025-11-22
ST17,SKU00635,27,73,26,2025-12-28
ST06,SKU00724,78,36,8,2025-11-10
ST23,SKU04936,278,100,47,2025-12-02
ST28,SKU01349,64,65,30,2025-11-16
ST07,SKU01397,54,33,12,2025-11-02
ST23,SKU04995,192,77,20,2025-11-25
ST06,SKU00236,167,76,16,2025-12-12
ST28,SKU04923,135,55,21,2025-12-10
ST09,SKU04320,225,100,36,2025-11-23
ST14,SKU03732,188,72,17,2025-11-10
ST15,SKU00009,52,61,17,2025-11-09
ST17,SKU00845,89,30,10,2025-12-19
ST24,SKU03984,133,94,40,2025-11-05
ST13,SKU02488,109,44,9,2025-11-23
ST08,SKU02114,94,25,9,2025-05-15
ST04,SKU03888,128,78,25,2025-11-18
ST09,SKU01576,25,97,47,2025-12-30
ST10,SKU00643,169,95,26,2025-12-08
ST03,SKU00298,110,64,25,2025-11-08
ST25,SKU03940,51,61,14,2025-12-11
ST04,SKU03022,22,52,23,2025-12-15
ST23,SKU00218,77,29,7,2025-12-14
ST26,SKU01783,115,94,43,2025-11-25
ST07,SKU04700,24,51,14,2025-12-24
ST22,SKU00272,46,30,10,2025-11-13
ST19,SKU00805,150,100,25,2025-12-08
ST15,SKU04357,37,23,7,2025-12-28
ST27,SKU00021,89,39,12,2025-12-22
ST13,SKU04806,106,36,12,2025-11-28
ST26,SKU04384,132,84,24,2025-11-04
ST13,SKU01395,132,81,20,2025-12-11
ST14,SKU01329,148,66,22,2025-12-20
ST27,SKU01824,164,59,12,2025-12-24
ST24,SKU04090,281,95,19,2025-11-25
ST26,SKU04540,79,35,14,2025-12-15
ST24,SKU00225,172,64,24,2025-11-26
ST27,SKU02717,46,37,11,2025-11-22
ST09,SKU01960,127,85,29,2025-12-19
ST03,SKU00964,49,41,15,2025-11-14
ST18,SKU00364,197,70,18,2025-11-18
ST15,SKU01512,299,100,45,2025-11-19
ST23,SKU03405,83,30,11,2025-12-21
ST22,SKU00886,3,31,11,2025-11-05
ST17,SKU02779,30,62,21,2025-12-19
ST15,SKU04227,80,28,6,2025-11-21
ST30,SKU00086,126,59,27,2025-11-16
ST16,SKU01346,16,41,13,2025-12-03
ST08,SKU03676,163,88,37,2025-12-24
ST04,SKU03944,133,49,21,2025-11-15
ST27,SKU01086,241,96,26,2025-11-22
ST27,SKU03845,61,78,30,2025-12-14
ST11,SKU03632,72,77,18,2025-11-08
ST18,SKU03337,215,82,22,2025-11-20
ST28,SKU01915,279,54,20,2025-05-27
ST08,SKU03678,57,61,26,2025-11-13
ST09,SKU03912,98,39,10,2025-12-19
ST02,SKU03084,59,25,6,2025-12-02
ST09,SKU04967,60,43,20,2025-11-29
ST28,SKU04720,82,28,11,2025-11-06
ST05,SKU02329,141,36,12,2025-07-12
ST06,SKU04326,100,74,29,2025-11-05
ST20,SKU02439,27,32,15,2025-11-19
ST10,SKU04601,169,93,45,2025-11-06
ST07,SKU02455,5,26,7,2025-12-27
ST10,SKU02397,203,72,22,2025-12-30
ST04,SKU03010,135,67,23,2025-11-06
ST17,SKU00216,49,65,30,2025-12-27
ST25,SKU03696,235,100,27,2025-12-20
ST23,SKU04077,40,26,9,2025-11-26
ST14,SKU03606,128,73,16,2025-12-11
ST21,SKU02313,147,73,22,2025-11-02
ST09,SKU00845,0,96,41,2025-08-14
ST03,SKU01078,185,90,42,2025-11-17
ST12,SKU00203,76,60,16,2025-11-25
ST21,SKU00001,215,100,33,2025-12-22
ST05,SKU04092,113,72,25,2025-11-14
ST23,SKU03308,23,25,5,2025-12-17
ST07,SKU03916,52,35,14,2025-12-27
ST04,SKU00631,362,77,21,2025-07-27
ST06,SKU02992,37,20,7,2025-12-17
ST06,SKU01663,23,75,31,2025-12-07
ST10,SKU03712,25,27,10,2025-11-17
ST03,SKU03084,262,99,25,2025-12-07
ST03,SKU04366,112,49,10,2025-12-11
ST06,SKU00959,51,42,13,2025-11-07
ST21,SKU03929,164,98,26,2025-11-19
ST05,SKU04133,58,48,13,2025-12-01
ST16,SKU02240,72,52,24,2025-11-26
ST05,SKU02061,62,26,10,2025-11-26
ST28,SKU02053,28,25,8,2025-11-11
ST01,SKU02990,63,62,24,2025-11-16
ST22,SKU04172,93,36,11,2025-12-21
ST30,SKU03129,328,86,28,2025-08-12
ST25,SKU02352,182,61,15,2025-11-18
ST29,SKU01585,26,48,19,2025-12-07
ST03,SKU04616,35,69,21,2025-12-24
ST19,SKU01419,94,58,14,2025-11-10
ST14,SKU03066,209,93,24,2025-12-31
ST18,SKU02120,21,91,33,2025-12-04
ST12,SKU01539,28,85,30,2025-12-12
ST21,SKU04474,202,95,22,2025-11-04
ST30,SKU00403,114,52,18,2025-11-12
ST09,SKU03635,59,99,32,2025-12-19
ST12,SKU00432,150,76,35,2025-12-03
ST11,SKU03579,17,23,10,2025-11-23
ST21,SKU02840,71,54,16,2025-12-27
ST12,SKU03615,23,86,18,2025-11-23
ST30,SKU02312,111,68,26,2025-12-19
ST22,SKU03302,102,91,39,2025-12-31
ST29,SKU04527,56,78,36,2025-12-09
ST11,SKU00280,99,55,23,2025-12-06
ST19,SKU00294,63,30,15,2025-11-28
ST20,SKU02311,122,69,30,2025-11-25
ST25,SKU03998,38,45,15,2025-12-29
ST14,SKU00951,126,83,27,2025-11-08
ST15,SKU02382,10,48,15,2025-11-22
ST23,SKU04998,115,60,26,2025-12-13
ST05,SKU01713,6,46,16,2025-12-04
ST21,SKU00902,120,98,28,2025-12-20
ST25,SKU04676,101,88,39,2025-12-08
ST25,SKU00769,63,47,13,2025-11-05
ST15,SKU01881,277,99,28,2025-11-23
ST24,SKU02230,23,88,23,2025-12-16
ST23,SKU00195,20,44,21,2025-12-29
ST17,SKU02493,119,54,21,2025-12-14
ST04,SKU01734,36,22,5,2025-12-18
ST10,SKU00065,215,76,33,2025-11-27
ST21,SKU00571,149,81,30,2025-12-29
ST28,SKU01169,73,25,7,2025-12-17
ST28,SKU00255,77,54,17,2025-12-24
ST02,SKU02585,15,23,11,2025-12-10
ST02,SKU02747,0,61,21,2025-08-18
ST27,SKU02577,26,37,16,2025-11-12
ST18,SKU00615,84,56,22,2025-12-27
ST28,SKU02023,84,33,12,2025-11-04
ST26,SKU02085,78,29,10,2025-11-27
ST12,SKU04242,107,53,21,2025-11-02
ST26,SKU04706,240,81,38,2025-12-31
ST26,SKU01044,51,29,7,2025-12-29
ST05,SKU04929,221,92,24,2025-12-02
ST22,SKU02726,259,96,26,2025-12-08
ST25,SKU04970,27,61,23,2025-12-14
ST15,SKU03710,4,35,16,2025-12-07
ST25,SKU01900,133,60,24,2025-12-08
ST12,SKU00729,270,97,31,2025-11-23
ST21,SKU04700,23,35,7,2025-11-23
ST12,SKU04081,2,32,11,2025-11-23
ST21,SKU03461,68,91,32,2025-12-01
ST07,SKU03894,58,35,12,2025-12-27
ST02,SKU00357,104,76,30,2025-11-10
ST13,SKU04211,58,70,16,2025-11-06
ST13,SKU02967,151,78,32,2025-11-10
ST24,SKU04711,28,27,8,2025-12-22
ST21,SKU00834,164,55,21,2025-12-19
ST29,SKU04994,78,92,41,2025-11-25
ST15,SKU04187,178,96,25,2025-11-28
ST17,SKU01858,0,29,9,2025-12-08
ST26,SKU02493,261,88,34,2025-12-24
ST29,SKU01895,127,55,22,2025-12-21
ST06,SKU03687,105,37,17,2025-12-12
ST14,SKU01025,115,92,33,2025-12-08
ST11,SKU02619,100,75,31,2025-11-17
ST08,SKU00110,2,33,7,2025-12-24
ST29,SKU01779,216,73,18,2025-11-25
ST27,SKU03146,223,83,41,2025-11-22
ST27,SKU03994,123,83,29,2025-12-25
ST25,SKU04820,2,81,17,2025-11-07
ST28,SKU00239,89,32,7,2025-12-22
ST26,SKU01494,106,53,23,2025-12-16
ST29,SKU00439,171,63,19,2025-11-25
ST01,SKU02410,62,81,23,2025-11-26
ST28,SKU00512,166,59,27,2025-12-22
ST06,SKU04508,0,55,24,2025-10-02
ST30,SKU00180,81,31,10,2025-12-19
ST27,SKU00792,50,57,12,2025-12-24
ST09,SKU03656,77,82,40,2025-11-27
ST04,SKU02792,29,20,9,2025-11-06
ST16,SKU01816,54,22,10,2025-12-19
ST23,SKU01375,37,79,33,2025-11-13
ST26,SKU02751,13,26,10,2025-11-09
ST30,SKU02736,110,67,30,2025-12-14
ST14,SKU00095,98,77,25,2025-11-19
ST20,SKU02635,100,83,33,2025-11-26
ST01,SKU01732,30,94,27,2025-12-10
ST05,SKU04219,56,67,33,2025-12-18
ST03,SKU02237,28,26,6,2025-12-08
ST01,SKU04931,30,24,10,2025-12-19
ST13,SKU00140,112,63,18,2025-12-07
ST08,SKU04154,15,28,12,2025-12-11
ST13,SKU00485,174,69,21,2025-11-29
ST20,SKU00092,10,31,9,2025-11-17
ST01,SKU04570,55,56,25,2025-11-02
ST18,SKU03026,126,99,30,2025-11-15
ST10,SKU03871,24,58,18,2025-12-12
ST03,SKU04908,44,22,6,2025-12-14
ST22,SKU04607,22,56,16,2025-11-16
ST21,SKU03766,162,76,27,2025-11-13
ST25,SKU03646,85,87,34,2025-12-28
ST28,SKU03065,24,89,39,2025-11-17
ST26,SKU00216,263,93,25,2025-12-19
ST23,SKU01724,91,34,10,2025-11-17
ST19,SKU03307,6,25,10,2025-12-01
ST06,SKU01268,146,89,37,2025-12-31
ST19,SKU00338,1,28,12,2025-12-22
ST22,SKU00712,192,76,23,2025-12-05
ST10,SKU03856,0,57,26,2025-12-15
ST21,SKU04235,119,40,16,2025-11-25
ST03,SKU00453,16,72,17,2025-12-30
ST04,SKU02033,46,87,36,2025-11-22
ST13,SKU01453,206,72,30,2025-11-24
ST23,SKU03212,146,72,30,2025-11-02
ST02,SKU01721,82,87,28,2025-11-21
ST13,SKU00219,67,24,9,2025-12-25
ST10,SKU01196,71,92,34,2025-12-15
ST10,SKU02970,6,81,17,2025-12-15
ST05,SKU03440,86,58,21,2025-12-09
ST04,SKU00361,37,24,8,2025-12-23
ST25,SKU00927,221,86,39,2025-12-26
ST12,SKU03936,1,20,8,2025-12-13
ST09,SKU01109,114,58,15,2025-11-22
ST11,SKU00693,76,38,9,2025-11-03
ST14,SKU00864,91,99,48,2025-12-08
ST18,SKU01698,63,59,16,2025-11-11
ST25,SKU00849,23,52,19,2025-12-17
ST17,SKU02726,169,94,34,2025-11-16
ST18,SKU02981,1,44,21,2025-12-19
ST03,SKU03774,39,54,15,2025-11-21
ST06,SKU04263,106,81,29,2025-11-19
ST08,SKU03420,67,50,14,2025-11-28
ST21,SKU01211,1,29,12,2025-11-09
ST08,SKU03022,290,98,28,2025-11-18
ST06,SKU01273,186,91,39,2025-11-09
ST16,SKU03334,70,30,7,2025-12-23
ST15,SKU04207,33,85,25,2025-11-05
ST28,SKU00879,75,80,27,2025-11-12
ST30,SKU01977,193,82,29,2025-12-08
ST01,SKU01106,71,87,27,2025-12-21
ST26,SKU03676,129,49,18,2025-12-19
ST25,SKU03667,95,70,19,2025-12-05
ST30,SKU00244,21,66,19,2025-11-12
ST10,SKU01451,64,31,9,2025-11-26
ST05,SKU01401,282,98,35,2025-11-09
ST16,SKU02792,110,67,17,2025-11-22
ST18,SKU01940,81,30,11,2025-11-11
ST19,SKU03832,28,49,17,2025-11-15
ST19,SKU00067,40,44,15,2025-11-10
ST11,SKU04858,217,86,28,2025-11-19
ST07,SKU04560,269,91,24,2025-12-10
ST08,SKU03111,50,36,14,2025-11-13
ST13,SKU00710,183,74,32,2025-11-16
ST08,SKU00980,57,81,33,2025-12-16
ST30,SKU02720,49,29,8,2025-11-14
ST15,SKU04580,21,78,31,2025-12-15
ST11,SKU01917,137,69,14,2025-12-31
ST21,SKU01793,34,100,24,2025-11-30
ST29,SKU02703,59,40,11,2025-12-21
ST22,SKU00517,26,23,9,2025-11-20
ST17,SKU01485,0,92,36,2025-08-13
ST16,SKU00924,23,90,23,2025-12-05
ST26,SKU04991,10,76,33,2025-12-22
ST12,SKU00811,69,61,26,2025-12-29
ST02,SKU04960,106,61,21,2025-12-23
ST07,SKU01740,60,49,21,2025-11-28
ST14,SKU01363,0,56,24,2025-09-23
ST11,SKU02823,8,27,11,2025-12-24
ST17,SKU03432,17,71,33,2025-12-17
ST03,SKU03710,42,44,10,2025-11-11
ST29,SKU01518,66,96,24,2025-11-19
ST17,SKU03388,11,57,19,2025-11-15
ST29,SKU03384,55,37,11,2025-12-13
ST15,SKU00667,49,31,14,2025-12-16
ST10,SKU03725,121,57,21,2025-12-07
ST30,SKU03739,139,63,25,2025-11-29
ST20,SKU03234,58,55,26,2025-11-02
ST30,SKU02132,31,48,20,2025-11-20
ST14,SKU03958,288,98,49,2025-12-23
ST22,SKU00581,111,88,38,2025-12-25
ST24,SKU02510,99,39,16,2025-11-05
ST30,SKU02078,228,98,29,2025-12-03
ST13,SKU04940,69,43,18,2025-11-09
ST19,SKU01663,47,20,7,2025-11-24
ST16,SKU04424,38,99,48,2025-12-09
ST30,SKU03877,13,44,20,2025-11-09
ST12,SKU01459,134,67,15,2025-11-23
ST08,SKU03991,241,55,27,2025-07-17
ST08,SKU04732,199,89,29,2025-12-29
ST09,SKU01136,180,87,26,2025-11-06
ST08,SKU01977,57,95,29,2025-12-27
ST30,SKU04233,116,94,25,2025-11-28
ST19,SKU00444,8,30,10,2025-11-26
ST12,SKU00197,52,22,10,2025-12-30
ST22,SKU03324,77,93,30,2025-12-20
ST06,SKU03346,231,96,48,2025-12-29
ST28,SKU00380,123,85,36,2025-12-26
ST11,SKU04060,80,45,17,2025-11-30
ST30,SKU02300,27,21,6,2025-12-13
ST17,SKU02236,44,26,7,2025-12-14
ST02,SKU03144,193,68,23,2025-11-03
ST01,SKU00382,1,22,8,2025-12-25
ST07,SKU04509,80,64,18,2025-12-24
ST13,SKU01883,112,52,21,2025-12-23
ST29,SKU03522,44,38,14,2025-12-12
ST05,SKU01020,29,70,22,2025-12-08
ST01,SKU04867,99,57,15,2025-11-30
ST30,SKU03544,241,82,28,2025-11-25
ST07,SKU00444,116,39,19,2025-11-10
ST09,SKU01945,27,90,34,2025-12-23
ST03,SKU04757,483,88,30,2025-07-23
ST01,SKU03550,93,49,21,2025-11-27
ST27,SKU02085,61,23,11,2025-11-20
ST28,SKU04609,24,22,8,2025-11-15
ST12,SKU02138,132,82,37,2025-11-14
ST06,SKU03439,93,60,14,2025-11-11
ST14,SKU01729,100,38,13,2025-11-28
ST17,SKU01699,147,87,41,2025-12-26
ST14,SKU04015,135,82,37,2025-11-19
ST11,SKU04123,2,27,12,2025-12-01
ST18,SKU04702,259,91,19,2025-12-07
ST30,SKU03684,188,74,22,2025-12-31
ST04,SKU03435,43,92,19,2025-12-16
ST25,SKU00559,7,20,9,2025-12-05
ST17,SKU02964,160,52,18,2025-07-03
ST22,SKU00584,53,51,11,2025-11-12
ST23,SKU00091,68,28,7,2025-11-22
ST26,SKU03168,80,38,18,2025-12-22
ST04,SKU00717,131,86,27,2025-11-26
ST07,SKU01492,212,84,23,2025-11-30
ST07,SKU03100,41,44,12,2025-11-07
ST25,SKU02311,162,86,28,2025-12-25
ST08,SKU00058,149,93,29,2025-12-21
ST04,SKU02522,77,28,6,2025-12-28
ST26,SKU01232,20,35,10,2025-12-21
ST11,SKU03338,19,47,20,2025-12-01
ST09,SKU01644,119,44,20,2025-11-14
ST23,SKU03652,11,84,28,2025-12-22
ST09,SKU01899,82,67,17,2025-12-02
ST04,SKU00397,193,67,23,2025-11-06
ST30,SKU04095,184,62,17,2025-12-19
ST21,SKU00678,256,96,28,2025-12-30
ST18,SKU00308,2,70,14,2025-12-15
ST02,SKU00218,140,86,42,2025-11-16
ST30,SKU04438,124,78,17,2025-12-02
ST15,SKU03539,151,65,15,2025-11-22
ST16,SKU01666,152,59,20,2025-11-28
ST19,SKU04535,73,27,9,2025-11-24
ST17,SKU00618,186,94,20,2025-11-05
ST07,SKU02824,20,42,18,2025-11-28
ST28,SKU04197,102,73,36,2025-11-20
ST16,SKU00390,73,36,8,2025-12-27
ST14,SKU02694,5,24,11,2025-12-04
ST08,SKU02599,20,33,13,2025-12-16
ST09,SKU00233,32,96,35,2025-11-16
ST08,SKU02820,35,45,21,2025-11-07
ST20,SKU00608,27,27,10,2025-12-29
ST30,SKU00040,101,84,35,2025-11-04
ST09,SKU02163,282,96,38,2025-11-05
ST24,SKU00273,107,44,17,2025-11-16
ST18,SKU02093,55,23,10,2025-12-22
ST09,SKU04985,90,67,30,2025-12-25
ST11,SKU01817,137,56,13,2025-11-16
ST16,SKU03052,178,72,22,2025-11-03
ST10,SKU01515,46,60,23,2025-12-09
ST23,SKU03952,61,86,31,2025-12-07
ST29,SKU02125,109,48,17,2025-11-27
ST02,SKU04571,0,75,15,2025-09-16
ST22,SKU03186,30,38,15,2025-12-27
ST03,SKU01255,88,64,17,2025-12-01
ST12,SKU04906,33,48,11,2025-11-29
ST25,SKU00467,63,28,12,2025-12-09
ST21,SKU04230,32,50,13,2025-12-22
ST04,SKU00047,116,40,18,2025-11-17
ST06,SKU01154,108,38,17,2025-12-30
ST15,SKU02755,36,23,10,2025-12-26
ST25,SKU00423,56,54,12,2025-11-24
ST09,SKU03234,169,93,22,2025-11-06
ST20,SKU03122,95,70,19,2025-11-22
ST17,SKU02617,141,57,19,2025-12-07
ST24,SKU03972,114,43,17,2025-11-16
ST06,SKU02597,50,21,8,2025-11-03
ST25,SKU02683,0,93,21,2025-09-24
ST25,SKU04001,161,94,19,2025-11-04
ST13,SKU03936,251,88,42,2025-12-14
ST24,SKU02942,34,40,14,2025-12-16
ST28,SKU02838,279,94,39,2025-12-05
ST02,SKU02738,286,99,26,2025-12-04
ST01,SKU02878,90,36,17,2025-12-02
ST28,SKU00878,42,80,38,2025-12-05
ST19,SKU02312,75,93,35,2025-12-30
ST14,SKU01251,51,85,40,2025-12-19
ST08,SKU04455,116,47,11,2025-12-29
ST24,SKU03688,80,51,23,2025-11-06
ST06,SKU02869,29,48,13,2025-11-26
ST18,SKU00499,39,24,10,2025-12-11
ST16,SKU02777,75,52,22,2025-12-10
ST04,SKU04557,49,49,19,2025-12-21
ST21,SKU02427,76,66,13,2025-12-01
ST23,SKU00591,209,80,18,2025-12-15
ST11,SKU04457,68,26,7,2025-11-10
ST06,SKU03761,150,85,33,2025-12-20
ST13,SKU01140,189,96,23,2025-11-16
ST21,SKU04306,158,53,12,2025-11-10
ST30,SKU01059,54,25,6,2025-11-29
ST05,SKU03606,71,26,11,2025-12-27
ST07,SKU04934,58,27,12,2025-12-25
ST16,SKU00092,127,84,25,2025-12-01
ST16,SKU02566,386,65,29,2025-06-06
ST13,SKU03693,173,89,34,2025-11-07
ST09,SKU01891,101,41,10,2025-11-23
ST17,SKU04645,214,82,31,2025-11-10
ST09,SKU00377,45,54,12,2025-11-01
ST30,SKU04676,32,28,13,2025-12-29
ST23,SKU04220,69,59,20,2025-11-14
ST02,SKU04628,118,49,22,2025-12-30
ST27,SKU00451,134,53,24,2025-12-14
ST23,SKU02234,206,83,24,2025-12-04
ST27,SKU04935,12,21,10,2025-12-27
ST22,SKU03056,27,55,15,2025-11-11
ST30,SKU03816,40,24,9,2025-11-17
ST25,SKU04249,300,86,38,2025-08-22
ST23,SKU03533,13,53,17,2025-11-16
ST12,SKU01518,257,93,34,2025-11-24
ST24,SKU01093,19,71,15,2025-11-25
ST04,SKU01170,0,77,36,2025-08-17
ST07,SKU03534,193,77,22,2025-11-21
ST15,SKU00595,170,59,25,2025-12-12
ST03,SKU02169,34,59,15,2025-12-16
ST21,SKU02492,78,92,21,2025-11-24
ST18,SKU01788,89,54,22,2025-11-06
ST20,SKU01099,39,81,35,2025-12-31
ST11,SKU04259,164,61,20,2025-12-02
ST14,SKU01782,169,99,25,2025-11-18
ST22,SKU00146,80,98,28,2025-12-15
ST03,SKU03098,3,67,14,2025-12-20
ST17,SKU03619,278,58,21,2025-07-29
ST17,SKU03856,118,84,40,2025-12-21
ST11,SKU03777,102,89,20,2025-11-16
ST24,SKU01962,80,38,19,2025-12-22
ST12,SKU04490,93,98,48,2025-11-02
ST29,SKU02454,47,93,27,2025-12-29
ST06,SKU01215,123,44,9,2025-12-29
ST16,SKU02678,28,21,10,2025-11-06
ST12,SKU00923,9,49,13,2025-12-26
ST07,SKU03937,155,94,43,2025-12-18
ST01,SKU03964,121,80,38,2025-12-19
ST18,SKU04391,67,23,5,2025-11-16
ST04,SKU04044,117,77,36,2025-12-15
ST21,SKU02014,174,46,23,2025-09-01
ST29,SKU02397,71,38,14,2025-12-03
ST09,SKU04109,28,29,8,2025-11-16
ST13,SKU02025,61,70,23,2025-12-17
ST11,SKU01117,92,75,37,2025-12-06
ST27,SKU03732,165,59,23,2025-12-04
ST18,SKU04104,11,35,16,2025-12-09
ST08,SKU04285,237,93,38,2025-11-20
ST22,SKU00822,224,92,28,2025-11-01
ST02,SKU03248,208,100,39,2025-11-15
ST14,SKU02080,104,50,11,2025-12-04
ST20,SKU03373,19,31,13,2025-11-16
ST20,SKU01220,212,74,22,2025-11-18
ST11,SKU02650,45,35,11,2025-11-22
ST22,SKU00808,24,24,11,2025-12-07
ST23,SKU03190,111,49,15,2025-11-08
ST07,SKU01716,199,84,23,2025-11-05
ST29,SKU03885,62,89,20,2025-12-23
ST27,SKU03178,169,62,15,2025-12-12
ST17,SKU03097,102,100,46,2025-12-28
ST06,SKU01914,132,95,34,2025-12-29
ST30,SKU04828,40,73,35,2025-11-01
ST15,SKU00717,104,80,39,2025-11-05
ST18,SKU02403,197,90,25,2025-12-10
ST22,SKU04585,14,91,42,2025-11-02
ST25,SKU03498,33,51,17,2025-11-15
ST11,SKU03762,195,90,36,2025-12-06
ST15,SKU02119,43,42,16,2025-12-10
ST11,SKU02040,25,44,13,2025-11-14
ST05,SKU01177,5,31,8,2025-12-18
ST15,SKU03498,71,45,15,2025-11-09
ST28,SKU02974,8,32,8,2025-12-17
ST04,SKU02226,17,25,6,2025-11-02
ST08,SKU01846,75,51,16,2025-11-25
ST16,SKU00629,6,93,20,2025-11-13
ST26,SKU03733,30,28,7,2025-12-28
ST24,SKU02127,2,59,14,2025-12-30
ST14,SKU03816,44,35,14,2025-11-13
ST07,SKU01455,30,86,19,2025-12-10
ST22,SKU01088,173,93,24,2025-11-30
ST04,SKU02642,90,53,26,2025-12-17
ST29,SKU00971,96,79,24,2025-12-09
ST29,SKU00946,113,66,31,2025-12-27
ST18,SKU04403,35,37,10,2025-11-26
ST11,SKU00347,30,71,24,2025-12-22
ST29,SKU01261,51,27,11,2025-11-01
ST19,SKU01628,87,54,18,2025-12-30
ST06,SKU03184,119,49,12,2025-12-21
ST09,SKU02202,16,38,8,2025-12-06
ST15,SKU03667,4,29,10,2025-12-25
ST20,SKU01389,106,57,15,2025-12-03
ST02,SKU02473,20,22,11,2025-12-12
ST08,SKU04192,147,80,21,2025-11-08
ST24,SKU00892,0,86,22,2025-11-24
ST07,SKU02753,146,77,19,2025-12-06
ST04,SKU00804,39,96,38,2025-11-18
ST27,SKU00530,119,85,28,2025-11-22
ST22,SKU02067,39,60,14,2025-11-02
ST29,SKU04090,92,70,15,2025-11-06
ST16,SKU01838,194,89,39,2025-12-02
ST29,SKU03452,67,37,12,2025-12-23
ST26,SKU01267,48,53,18,2025-11-02
ST17,SKU04640,60,29,8,2025-12-27
ST20,SKU01611,195,97,25,2025-11-06
ST18,SKU04338,149,62,14,2025-11-29
ST02,SKU02227,107,83,17,2025-12-01
ST19,SKU02337,81,43,17,2025-12-02
ST23,SKU04057,256,87,22,2025-11-28
ST16,SKU02662,36,42,18,2025-11-21
ST20,SKU03438,32,36,7,2025-12-10
ST26,SKU03920,56,26,7,2025-12-13
ST25,SKU01490,211,74,30,2025-12-18
ST02,SKU04944,21,20,8,2025-12-24
ST29,SKU04850,263,100,27,2025-12-03
ST09,SKU04754,39,47,11,2025-12-13
ST08,SKU00923,98,93,45,2025-12-08
ST16,SKU03968,455,92,33,2025-08-19
ST25,SKU00209,89,96,23,2025-12-07
ST28,SKU01923,196,93,30,2025-11-15
ST26,SKU04742,138,99,45,2025-12-28
ST30,SKU03205,26,39,12,2025-11-06
ST16,SKU00866,3,52,13,2025-12-08
ST14,SKU04084,55,28,9,2025-11-23
ST11,SKU03365,100,35,16,2025-12-09
ST24,SKU04427,6,88,37,2025-12-29
ST09,SKU00220,89,40,14,2025-12-03
ST05,SKU02807,36,63,31,2025-11-06
ST22,SKU04566,164,64,19,2025-12-20
ST12,SKU02470,101,72,27,2025-12-07
ST28,SKU01144,82,81,28,2025-12-27
ST03,SKU04791,35,89,34,2025-11-15
ST20,SKU03533,49,49,11,2025-11-21
ST09,SKU04495,192,73,33,2025-12-22
ST05,SKU03563,44,37,8,2025-11-18
ST09,SKU03880,42,86,29,2025-12-22
ST13,SKU01888,59,21,5,2025-12-20
ST24,SKU04501,16,27,7,2025-12-29
ST19,SKU00702,91,46,19,2025-12-30
ST22,SKU00111,32,27,12,2025-12-15
ST19,SKU04574,0,38,12,2025-08-05
ST17,SKU02908,38,47,23,2025-11-09
ST21,SKU01865,166,96,43,2025-11-10
ST08,SKU00945,134,52,19,2025-12-21
ST11,SKU00563,175,93,43,2025-12-14
ST19,SKU04455,88,78,31,2025-11-05
ST15,SKU01136,102,43,18,2025-11-12
ST11,SKU04372,8,62,30,2025-12-13
ST19,SKU03325,56,48,23,2025-12-10
ST17,SKU01671,162,69,33,2025-12-07
ST01,SKU00287,118,41,19,2025-12-17
ST20,SKU02356,276,96,45,2025-11-19
ST18,SKU02736,44,47,17,2025-11-19
ST24,SKU04085,189,100,41,2025-12-06
ST17,SKU02676,89,51,16,2025-12-21
ST09,SKU01564,9,27,8,2025-12-30
ST09,SKU01276,21,38,8,2025-11-04
ST28,SKU01723,136,46,19,2025-11-20
ST30,SKU03163,28,24,10,2025-12-10
ST17,SKU04899,52,36,15,2025-11-29
ST10,SKU04473,221,83,19,2025-12-14
ST30,SKU02638,177,83,36,2025-12-05
ST28,SKU00828,92,36,17,2025-12-10
ST05,SKU02117,81,100,46,2025-11-15
ST24,SKU01242,67,88,25,2025-11-01
ST25,SKU03138,203,83,23,2025-11-30
ST19,SKU04503,263,95,46,2025-12-03
ST10,SKU03951,91,45,11,2025-12-21
ST15,SKU03495,61,65,26,2025-12-09
ST22,SKU04783,0,92,32,2025-08-11
ST29,SKU02025,94,64,18,2025-12-07
ST26,SKU02965,73,38,16,2025-12-14
ST27,SKU02597,31,36,11,2025-12-03
ST15,SKU03895,27,30,14,2025-12-22
ST20,SKU01677,160,55,26,2025-12-12
ST23,SKU04270,210,93,43,2025-12-13
ST24,SKU01659,74,56,15,2025-12-28
ST17,SKU00202,41,33,16,2025-11-17
ST03,SKU03097,11,85,25,2025-12-18
ST07,SKU00421,411,81,29,2025-05-14
ST06,SKU04738,69,48,22,2025-11-05
ST04,SKU00558,69,48,17,2025-11-27
ST24,SKU01642,26,46,13,2025-11-18
ST25,SKU04404,109,59,17,2025-12-29
ST11,SKU02508,295,99,35,2025-11-07
ST01,SKU01712,148,75,30,2025-12-21
ST28,SKU02445,184,64,25,2025-11-14
ST26,SKU01550,179,74,15,2025-12-14
ST04,SKU04792,231,79,33,2025-11-15
ST21,SKU00142,28,80,25,2025-11-12
ST02,SKU04686,93,72,36,2025-12-11
ST17,SKU04285,115,46,12,2025-11-11
ST10,SKU00200,46,70,31,2025-12-31
ST11,SKU01218,90,50,16,2025-12-09
ST17,SKU01718,35,63,21,2025-11-18
ST24,SKU01059,108,74,31,2025-11-05
ST28,SKU01793,56,37,16,2025-12-01
ST11,SKU03944,76,98,35,2025-11-09
ST02,SKU03547,80,41,11,2025-12-14
ST09,SKU03787,10,73,33,2025-12-23
ST11,SKU02911,510,91,37,2025-09-02
ST06,SKU03060,122,78,37,2025-12-11
ST16,SKU02318,29,70,26,2025-11-02
ST14,SKU01895,48,77,23,2025-11-03
ST15,SKU03713,28,79,36,2025-11-13
ST10,SKU00319,181,70,14,2025-12-11
ST28,SKU03432,238,96,34,2025-11-02
ST02,SKU02241,63,32,13,2025-12-29
ST19,SKU03113,75,38,19,2025-12-16
ST18,SKU02196,163,62,23,2025-11-30
ST27,SKU04628,166,100,36,2025-11-15
ST11,SKU03255,1,25,10,2025-11-19
ST16,SKU01403,109,43,16,2025-12-13
ST15,SKU04511,26,57,18,2025-12-06
ST20,SKU01454,17,39,13,2025-11-02
ST04,SKU00259,158,61,13,2025-11-21
ST21,SKU04963,91,32,10,2025-12-24
ST19,SKU03054,27,98,25,2025-12-11
ST10,SKU00046,53,78,31,2025-11-01
ST08,SKU03241,103,45,16,2025-12-21
ST14,SKU02508,122,66,16,2025-11-30
ST09,SKU04874,64,35,10,2025-11-08
ST19,SKU00374,53,97,22,2025-12-16
ST28,SKU03091,12,79,25,2025-12-03
ST08,SKU02660,0,37,17,2025-08-13
ST22,SKU01503,61,96,45,2025-11-28
ST16,SKU01140,121,47,20,2025-12-26
ST13,SKU02982,85,71,32,2025-11-05
ST17,SKU04669,27,35,17,2025-11-27
ST16,SKU01895,284,96,39,2025-11-16
ST05,SKU02778,86,48,10,2025-12-19
ST12,SKU04710,177,100,27,2025-12-11
ST05,SKU04132,150,51,16,2025-12-28
ST27,SKU02775,22,100,29,2025-11-15
ST18,SKU03659,14,21,6,2025-12-20
ST23,SKU03356,23,23,9,2025-11-22
ST23,SKU03720,51,43,9,2025-11-04
ST10,SKU01246,17,98,28,2025-11-08
ST29,SKU02971,223,88,27,2025-11-10
ST07,SKU00182,62,26,10,2025-12-22
ST16,SKU00047,62,29,7,2025-12-20
ST27,SKU01246,75,29,8,2025-11-15
ST13,SKU04564,77,80,39,2025-12-31
ST19,SKU02362,14,85,23,2025-12-27
ST10,SKU04211,46,31,13,2025-11-12
ST19,SKU00944,15,79,35,2025-12-30
ST11,SKU04251,33,75,32,2025-11-27
ST17,SKU01238,85,35,9,2025-11-11
ST29,SKU04750,12,33,8,2025-12-24
ST06,SKU02252,44,55,26,2025-11-14
ST05,SKU04961,128,77,20,2025-12-05
ST27,SKU03032,188,72,14,2025-11-30
ST04,SKU02572,102,38,8,2025-12-18
ST03,SKU04604,156,53,25,2025-11-14
ST24,SKU02034,3,21,10,2025-11-17
ST06,SKU04202,157,60,14,2025-12-08
ST19,SKU01876,61,53,26,2025-12-02
ST14,SKU02270,13,50,13,2025-11-18
ST01,SKU04740,13,30,11,2025-11-14
ST03,SKU00697,108,46,19,2025-11-26
ST01,SKU02048,42,26,9,2025-12-27
ST12,SKU03420,44,29,10,2025-12-17
ST05,SKU01320,72,73,34,2025-11-07
ST02,SKU04668,186,72,26,2025-12-13
ST14,SKU04570,16,66,19,2025-12-25
ST10,SKU01896,58,96,45,2025-12-03
ST03,SKU00559,94,79,37,2025-11-26
ST03,SKU04049,212,96,24,2025-12-26
ST11,SKU01644,58,26,6,2025-11-22
ST30,SKU00615,27,44,21,2025-11-25
ST10,SKU04267,2,39,11,2025-12-26
ST16,SKU04796,75,81,35,2025-11-12
ST01,SKU00469,58,68,32,2025-11-01
ST20,SKU00333,201,98,39,2025-12-05
ST23,SKU02714,75,86,17,2025-12-18
ST13,SKU00347,103,80,17,2025-11-22
ST22,SKU04758,123,52,16,2025-12-19
ST05,SKU04410,133,88,25,2025-12-22
ST01,SKU02815,84,58,13,2025-11-14
ST14,SKU04821,9,67,15,2025-12-11
ST18,SKU04526,153,47,18,2025-06-09
ST11,SKU02418,38,56,21,2025-12-10
ST24,SKU04457,66,79,32,2025-11-20
ST09,SKU03882,6,21,10,2025-11-23
ST04,SKU00754,51,26,5,2025-11-22
ST08,SKU00873,125,81,27,2025-12-06
ST30,SKU03215,196,91,34,2025-11-18
ST25,SKU00610,130,72,21,2025-11-08
ST28,SKU01704,252,94,43,2025-11-12
ST18,SKU01210,111,78,18,2025-12-08
ST28,SKU04254,81,43,21,2025-11-13
ST06,SKU02925,177,67,28,2025-12-02
ST03,SKU01271,166,80,21,2025-11-29
ST17,SKU04185,32,23,6,2025-11-02
ST05,SKU03700,166,58,12,2025-12-08
ST15,SKU03717,161,62,29,2025-11-12
ST20,SKU02083,86,51,16,2025-12-18
ST06,SKU03533,59,20,6,2025-12-22
ST06,SKU04358,56,34,16,2025-12-13
ST15,SKU02151,59,89,28,2025-12-01
ST01,SKU02047,165,99,34,2025-12-09
ST05,SKU03530,204,71,18,2025-11-06
ST03,SKU02782,5,80,36,2025-11-17
ST09,SKU02326,66,83,22,2025-11-28
ST02,SKU03927,189,88,31,2025-11-09
ST04,SKU04491,420,78,36,2025-08-11
ST16,SKU03312,155,63,26,2025-11-12
ST17,SKU03561,40,83,36,2025-11-24
ST02,SKU04478,5,63,23,2025-12-22
ST24,SKU01620,0,24,8,2025-12-09
ST16,SKU02634,94,89,42,2025-12-03
ST28,SKU00056,92,86,26,2025-12-09
ST08,SKU01808,110,54,17,2025-12-04
ST16,SKU02711,31,31,12,2025-12-03
ST03,SKU01534,279,99,27,2025-12-29
ST02,SKU00671,108,93,34,2025-12-24
ST23,SKU03589,41,75,28,2025-11-01
ST16,SKU01631,147,64,23,2025-11-21
ST02,SKU00298,0,64,24,2025-12-22
ST29,SKU03711,41,23,10,2025-12-30
ST22,SKU00976,234,91,32,2025-12-30
ST06,SKU03207,24,20,7,2025-11-28
ST11,SKU00568,107,37,18,2025-11-12
ST21,SKU01328,45,24,6,2025-12-10
ST15,SKU02286,39,23,5,2025-11-27
ST14,SKU02991,46,37,10,2025-12-09
ST22,SKU04512,28,52,24,2025-12-10
ST15,SKU04255,22,85,24,2025-11-19
ST02,SKU02561,87,33,9,2025-12-29
ST04,SKU03496,7,25,8,2025-11-18
ST10,SKU02910,52,30,13,2025-12-16
ST23,SKU01143,3,93,22,2025-11-20
ST28,SKU03398,61,23,9,2025-11-26
ST02,SKU02394,53,43,10,2025-11-28
ST14,SKU00973,175,90,21,2025-12-05
ST10,SKU04593,63,79,25,2025-12-09
ST20,SKU03017,8,56,28,2025-11-23
ST26,SKU00009,33,93,22,2025-12-29
ST14,SKU00357,122,44,11,2025-12-03
ST07,SKU00502,211,62,22,2025-07-29
ST14,SKU00046,188,93,39,2025-11-30
ST20,SKU02902,227,85,18,2025-11-08
ST06,SKU02344,39,42,11,2025-11-02
ST02,SKU04060,88,35,16,2025-12-27
ST01,SKU03682,10,21,8,2025-12-03
ST28,SKU01759,1,31,6,2025-12-05
ST23,SKU02894,169,76,33,2025-11-01
ST10,SKU04946,35,23,5,2025-12-13
ST14,SKU00680,63,33,13,2025-12-07
ST22,SKU04821,79,84,30,2025-11-11
ST23,SKU04428,163,91,36,2025-11-22
ST26,SKU04733,7,41,16,2025-12-02
ST20,SKU01076,147,82,28,2025-12-30
ST18,SKU03667,50,30,12,2025-11-08
ST01,SKU01316,40,27,12,2025-12-25
ST16,SKU01736,5,22,9,2025-11-07
ST30,SKU04046,0,91,23,2025-10-04
ST30,SKU01756,55,61,28,2025-12-24
ST27,SKU03271,60,38,16,2025-12-20
ST24,SKU02609,69,30,7,2025-11-17
ST01,SKU00668,7,20,4,2025-12-06
ST27,SKU00138,134,58,12,2025-11-30
ST21,SKU04611,41,35,9,2025-12-05
ST15,SKU01951,55,86,33,2025-12-27
ST18,SKU02876,49,39,9,2025-12-21
ST27,SKU03789,143,83,32,2025-11-03
ST16,SKU01729,107,50,19,2025-11-11
ST18,SKU04614,104,75,17,2025-12-19
ST01,SKU03095,86,40,11,2025-12-03
ST06,SKU02803,88,43,18,2025-12-30
ST12,SKU04792,190,71,22,2025-11-17
ST09,SKU01547,0,47,14,2025-08-18
ST04,SKU03194,96,51,20,2025-12-19
ST26,SKU00361,112,95,25,2025-11-08
ST12,SKU04763,105,56,17,2025-12-26
ST26,SKU02575,138,76,20,2025-12-04
ST04,SKU02921,36,75,32,2025-12-10
ST14,SKU04355,84,64,13,2025-12-22
ST26,SKU04351,168,64,22,2025-11-24
ST14,SKU00870,66,93,45,2025-11-08
ST02,SKU01510,67,38,15,2025-12-06
ST25,SKU01552,131,95,33,2025-12-02
ST05,SKU01157,219,91,24,2025-12-09
ST28,SKU01586,102,42,15,2025-12-24
ST30,SKU00313,32,24,6,2025-11-13
ST29,SKU02777,31,37,17,2025-11-16
ST17,SKU00047,59,65,30,2025-12-19
ST22,SKU00083,412,89,37,2025-06-19
ST21,SKU00429,84,52,11,2025-11-27
ST03,SKU01375,148,52,26,2025-12-14
ST19,SKU02840,0,84,32,2025-08-23
ST19,SKU00224,126,90,43,2025-12-16
ST13,SKU03861,10,100,41,2025-12-13
ST11,SKU02634,24,25,6,2025-12-03
ST12,SKU02867,112,67,18,2025-12-24
ST18,SKU00523,96,50,12,2025-11-21
ST04,SKU03465,132,53,20,2025-11-07
ST20,SKU03613,48,29,8,2025-12-01
ST20,SKU00677,96,60,13,2025-11-14
ST07,SKU02440,146,56,27,2025-12-18
ST24,SKU03749,166,59,23,2025-11-06
ST13,SKU01793,76,86,31,2025-12-18
ST25,SKU02557,134,79,20,2025-12-13
ST15,SKU03508,73,33,15,2025-11-28
ST23,SKU03686,23,20,8,2025-11-26
ST19,SKU01476,121,43,21,2025-11-19
ST18,SKU01517,98,86,25,2025-12-08
ST30,SKU04493,162,97,40,2025-11-12
ST29,SKU02698,3,59,12,2025-11-22
ST06,SKU04912,31,21,9,2025-12-02
ST26,SKU00747,74,61,13,2025-11-30
ST04,SKU03511,7,78,38,2025-11-27
ST19,SKU00605,55,87,27,2025-11-03
ST23,SKU03802,73,27,13,2025-11-14
ST21,SKU03456,41,22,8,2025-11-27
ST21,SKU01288,140,97,42,2025-12-07
ST21,SKU04435,222,94,32,2025-11-04
ST06,SKU00353,106,84,31,2025-12-22
ST23,SKU01773,15,24,10,2025-11-21
ST18,SKU02143,93,43,20,2025-12-18
ST01,SKU03605,71,52,14,2025-12-22
ST25,SKU03943,38,86,34,2025-12-04
ST07,SKU02409,26,94,38,2025-12-07
ST01,SKU02637,159,65,19,2025-11-22
ST16,SKU02508,158,93,27,2025-11-18
ST11,SKU00844,143,60,14,2025-11-22
ST08,SKU02039,26,45,14,2025-12-02
ST27,SKU00096,127,76,24,2025-11-26
ST09,SKU02506,0,25,9,2025-12-03
ST14,SKU03412,124,59,23,2025-12-15
ST26,SKU04135,114,69,15,2025-12-14
ST11,SKU04013,149,59,12,2025-11-25
ST18,SKU03542,159,79,20,2025-11-07
ST04,SKU04060,150,53,26,2025-11-28
ST09,SKU03741,36,93,46,2025-12-28
ST06,SKU02600,62,75,33,2025-12-08
ST14,SKU01829,22,22,7,2025-12-31
ST11,SKU02393,67,34,17,2025-12-07
ST07,SKU04446,85,43,19,2025-11-20
ST22,SKU04694,85,35,17,2025-11-17
ST27,SKU02769,173,84,30,2025-12-15
ST08,SKU04098,24,21,10,2025-12-27
ST05,SKU03855,23,84,38,2025-12-03
ST15,SKU03144,74,50,21,2025-11-17
ST22,SKU04482,35,66,30,2025-12-11
ST06,SKU02819,19,35,8,2025-11-27
ST08,SKU03017,74,25,9,2025-12-30
ST06,SKU00181,264,99,23,2025-12-28
ST12,SKU00437,286,67,28,2025-05-27
ST10,SKU00493,147,62,16,2025-12-18
ST22,SKU02629,179,86,26,2025-11-06
ST18,SKU04601,23,44,11,2025-11-08
ST30,SKU04097,36,21,8,2025-12-23
ST29,SKU00883,53,55,11,2025-11-11
ST11,SKU03120,7,37,17,2025-12-26
ST17,SKU01728,3,23,8,2025-11-19
ST17,SKU00804,41,88,22,2025-12-13
ST12,SKU02943,62,83,30,2025-11-13
ST30,SKU03108,137,38,16,2025-07-13
ST12,SKU03441,357,94,38,2025-08-31
ST24,SKU01675,8,24,10,2025-11-30
ST10,SKU00246,73,25,10,2025-11-22
ST09,SKU03552,154,78,29,2025-12-24
ST28,SKU01877,186,38,11,2025-08-13
ST13,SKU01135,176,82,28,2025-12-09
ST17,SKU03099,160,69,31,2025-11-18
ST16,SKU04255,93,52,23,2025-11-08
ST22,SKU04990,83,57,25,2025-11-04
ST29,SKU01983,192,78,22,2025-12-24
ST10,SKU04794,281,96,45,2025-11-18
ST23,SKU04562,13,66,21,2025-12-07
ST11,SKU04710,172,75,24,2025-11-25
ST04,SKU03969,22,39,19,2025-11-06
ST24,SKU03169,27,39,15,2025-11-09
ST04,SKU02222,5,53,26,2025-11-24
ST01,SKU00523,130,52,12,2025-11-27
ST13,SKU03069,205,69,21,2025-11-13
ST30,SKU00937,42,94,34,2025-11-18
ST25,SKU01483,159,88,32,2025-11-25
ST16,SKU03719,163,90,39,2025-11-25
ST20,SKU01695,23,39,15,2025-12-29
ST26,SKU00839,9,41,11,2025-12-29
ST20,SKU04723,62,30,13,2025-11-22
ST01,SKU04280,243,83,35,2025-11-19
ST09,SKU01425,28,90,25,2025-11-24
ST02,SKU04850,33,47,12,2025-12-30
ST17,SKU00491,197,97,21,2025-12-31
ST23,SKU02884,159,91,36,2025-11-17
ST20,SKU04121,71,24,11,2025-12-28
ST18,SKU04273,0,70,27,2025-09-05
ST26,SKU03774,74,97,23,2025-12-14
ST12,SKU00945,18,20,10,2025-11-17
ST18,SKU03424,103,80,36,2025-12-21
ST28,SKU00409,30,34,15,2025-11-08
ST11,SKU00690,115,94,44,2025-12-16
ST23,SKU01923,207,99,31,2025-11-18
ST06,SKU04965,1,22,6,2025-11-16
ST21,SKU02180,145,79,31,2025-12-18
ST29,SKU02379,121,96,46,2025-12-18
ST02,SKU02758,84,54,14,2025-12-22
ST21,SKU00804,80,34,12,2025-11-28
ST17,SKU02924,146,78,36,2025-12-14
ST24,SKU03877,55,26,6,2025-11-30
ST27,SKU04677,293,98,30,2025-11-17
ST15,SKU04349,218,89,40,2025-12-13
ST21,SKU02758,274,99,39,2025-12-10
ST21,SKU03486,92,84,20,2025-12-14
ST28,SKU01841,93,76,28,2025-12-20
ST24,SKU04772,6,56,17,2025-12-25
ST06,SKU04458,24,26,13,2025-12-25
ST13,SKU03051,116,88,27,2025-12-13
ST02,SKU02554,10,50,20,2025-12-30
ST14,SKU00966,162,91,31,2025-12-08
ST11,SKU03369,31,38,9,2025-11-19
ST30,SKU04379,21,20,6,2025-12-16
ST29,SKU00547,40,46,22,2025-12-26
ST17,SKU02299,60,24,6,2025-12-19
ST15,SKU04127,137,81,24,2025-12-03
ST29,SKU01964,125,67,23,2025-11-26
ST01,SKU02855,66,34,9,2025-12-14
ST23,SKU04432,57,23,8,2025-11-30
ST29,SKU03726,5,21,5,2025-11-13
ST06,SKU03304,106,71,28,2025-12-03
ST07,SKU03263,27,74,34,2025-11-25
ST27,SKU00763,63,47,22,2025-12-19
ST03,SKU00786,31,90,24,2025-11-19
ST09,SKU03020,113,60,24,2025-12-17
ST26,SKU02802,48,70,14,2025-11-29
ST27,SKU04900,12,94,37,2025-11-29
ST03,SKU00852,26,29,12,2025-11-30
ST30,SKU02888,113,80,28,2025-12-17
ST29,SKU02029,169,59,25,2025-11-12
ST19,SKU02715,50,49,13,2025-12-18
ST19,SKU04749,208,73,21,2025-11-28
ST23,SKU02022,51,93,43,2025-12-13
ST06,SKU00960,229,96,21,2025-12-05
ST14,SKU02712,29,59,24,2025-11-12
ST22,SKU00888,66,62,27,2025-11-13
ST21,SKU03705,109,50,16,2025-11-20
ST10,SKU01632,175,95,34,2025-12-28
ST17,SKU03921,270,96,38,2025-12-10
ST23,SKU02799,72,60,14,2025-12-18
ST27,SKU04604,27,21,9,2025-11-20
ST19,SKU00046,31,49,16,2025-11-01
ST22,SKU03013,29,64,28,2025-12-10
ST03,SKU02906,181,86,25,2025-12-09
ST19,SKU01857,568,95,27,2025-08-07
ST25,SKU00484,0,25,10,2025-10-10
ST22,SKU01033,36,95,39,2025-12-21
ST14,SKU04368,27,37,16,2025-12-02
ST28,SKU01590,27,32,9,2025-12-03
ST19,SKU03661,197,96,47,2025-11-28
ST14,SKU00632,214,86,25,2025-11-30
ST26,SKU00740,210,94,27,2025-11-27
ST06,SKU04037,86,50,16,2025-11-25
ST23,SKU00590,86,60,13,2025-12-02
ST16,SKU04498,178,82,27,2025-12-14
ST14,SKU01156,71,73,17,2025-11-16
ST23,SKU04533,32,20,5,2025-12-15
ST29,SKU00519,252,86,24,2025-12-11
ST04,SKU02453,12,22,6,2025-11-08
ST19,SKU00819,53,27,11,2025-12-15
ST04,SKU00827,23,36,15,2025-12-31
ST19,SKU01943,5,75,24,2025-12-01
ST29,SKU04776,156,66,15,2025-12-02
ST15,SKU00840,5,89,39,2025-12-12
ST28,SKU02537,55,96,44,2025-12-20
ST04,SKU00339,58,29,14,2025-12-06
ST30,SKU01247,180,85,40,2025-11-13
ST15,SKU00605,217,82,31,2025-12-31
ST10,SKU00450,33,34,10,2025-12-07
ST03,SKU02927,59,21,9,2025-12-04
ST07,SKU03591,51,35,13,2025-11-18
ST27,SKU03384,34,76,37,2025-12-19
ST15,SKU02030,6,91,38,2025-12-30
ST01,SKU00107,31,43,12,2025-12-23
ST29,SKU04541,133,80,24,2025-12-26
ST10,SKU00927,104,39,17,2025-12-07
ST08,SKU02713,99,66,33,2025-11-29
ST05,SKU04493,204,93,32,2025-12-07
ST30,SKU01730,22,23,8,2025-11-04
ST02,SKU04916,91,39,10,2025-11-21
ST12,SKU03379,78,31,12,2025-12-11
ST01,SKU01342,44,52,11,2025-11-27
ST26,SKU00766,61,66,23,2025-12-21
ST02,SKU00834,63,74,28,2025-12-08
ST15,SKU00796,3,88,23,2025-11-16
ST09,SKU03425,0,32,11,2025-10-07
ST21,SKU04133,186,72,30,2025-11-26
ST26,SKU00045,40,85,33,2025-11-27
ST04,SKU03945,90,60,16,2025-11-22
ST30,SKU04850,132,70,17,2025-12-01
ST02,SKU03724,224,94,39,2025-11-30
ST04,SKU04483,133,93,34,2025-12-15
ST16,SKU01123,64,24,6,2025-11-02
ST08,SKU02970,92,68,20,2025-12-03
ST25,SKU02922,12,31,13,2025-12-31
ST09,SKU00318,61,21,6,2025-11-22
ST08,SKU00103,42,38,15,2025-12-11
ST23,SKU00660,3,34,11,2025-12-17
ST24,SKU01742,59,20,5,2025-12-22
ST13,SKU03817,121,60,13,2025-12-29
ST30,SKU04120,137,56,21,2025-12-04
ST28,SKU00357,73,58,21,2025-12-29
ST26,SKU00997,71,51,21,2025-12-06
ST05,SKU03917,23,68,19,2025-11-17
ST09,SKU03900,24,31,12,2025-11-08
ST02,SKU04261,137,36,7,2025-06-01
ST21,SKU03162,12,24,11,2025-12-06
ST26,SKU03647,21,44,17,2025-11-22
ST04,SKU00800,60,26,10,2025-12-11
ST03,SKU04869,96,71,23,2025-11-25
ST29,SKU00925,18,56,23,2025-11-19
ST20,SKU03525,127,61,16,2025-12-08
ST05,SKU01634,175,78,23,2025-11-17
ST17,SKU01269,9,40,9,2025-12-13
ST13,SKU04434,50,31,12,2025-11-14
ST09,SKU04265,201,49,14,2025-07-26
ST07,SKU00888,109,80,24,2025-12-13
ST09,SKU04483,50,29,11,2025-11-21
ST09,SKU03392,74,33,15,2025-12-08
ST09,SKU01326,196,97,46,2025-11-27
ST02,SKU03027,43,66,29,2025-11-07
ST27,SKU04259,257,89,32,2025-11-14
ST30,SKU01023,25,45,22,2025-11-26
ST11,SKU03748,56,74,25,2025-12-21
ST06,SKU01886,44,29,9,2025-12-23
ST07,SKU04307,156,95,27,2025-12-29
ST25,SKU01481,1,80,23,2025-12-08
ST07,SKU02687,192,99,49,2025-12-22
ST28,SKU02153,120,60,27,2025-12-20
ST05,SKU01835,16,26,6,2025-11-28
ST02,SKU00420,79,59,24,2025-11-27
ST08,SKU03490,110,48,13,2025-11-26
ST04,SKU04787,141,58,15,2025-12-13
ST13,SKU02228,104,85,32,2025-11-27
ST21,SKU02025,100,39,11,2025-11-21
ST29,SKU01237,11,60,27,2025-12-13
ST17,SKU03194,121,50,11,2025-11-28
ST07,SKU02448,187,78,27,2025-12-29
ST03,SKU02362,160,67,29,2025-11-04
ST19,SKU02105,193,74,26,2025-12-03
ST11,SKU04543,22,20,9,2025-12-31
ST17,SKU04125,14,94,22,2025-11-18
ST30,SKU03598,281,100,27,2025-11-21
ST16,SKU03462,104,46,9,2025-12-30
ST27,SKU03450,70,27,12,2025-12-19
ST10,SKU03148,10,26,8,2025-11-13
ST18,SKU00201,258,96,42,2025-11-13
ST16,SKU03419,105,88,21,2025-12-27
ST26,SKU01837,120,99,32,2025-12-03
ST05,SKU03531,96,68,20,2025-12-27
ST23,SKU01496,281,98,38,2025-12-09
ST02,SKU04564,9,68,31,2025-11-07
ST09,SKU02647,170,93,36,2025-12-27
ST04,SKU00816,2,99,49,2025-12-13
ST19,SKU02234,182,70,19,2025-11-17
ST07,SKU02342,52,51,19,2025-12-30
ST12,SKU03506,65,43,12,2025-12-06
ST27,SKU03038,108,53,12,2025-12-29
ST05,SKU04500,92,49,16,2025-12-05
ST10,SKU01796,73,47,12,2025-12-24
ST14,SKU01628,92,88,30,2025-12-16
ST19,SKU02770,35,83,22,2025-11-20
ST28,SKU02427,74,36,12,2025-11-20
ST05,SKU01479,121,65,21,2025-12-13
ST17,SKU03269,52,28,7,2025-12-12
ST14,SKU03838,4,61,21,2025-12-15
ST16,SKU02606,19,30,15,2025-12-07
ST03,SKU02754,48,54,19,2025-12-10
ST13,SKU04192,274,94,25,2025-12-20
ST23,SKU00415,81,93,23,2025-11-02
ST15,SKU04849,313,57,25,2025-06-06
ST22,SKU04472,45,86,19,2025-12-21
ST17,SKU02216,111,95,22,2025-12-19
ST08,SKU00115,36,92,20,2025-12-06
ST25,SKU04592,74,67,20,2025-12-04
ST20,SKU02686,298,53,23,2025-08-09
ST17,SKU01517,12,54,22,2025-12-11
ST27,SKU01769,9,22,10,2025-11-14
ST13,SKU00094,39,41,16,2025-12-26
ST17,SKU03599,32,37,8,2025-11-04
ST02,SKU04285,125,47,13,2025-11-05
ST04,SKU01599,223,84,18,2025-11-18
ST24,SKU01509,78,46,13,2025-11-25
ST27,SKU04865,112,79,38,2025-11-15
ST12,SKU00056,17,42,14,2025-12-20
ST18,SKU02888,110,45,11,2025-12-31
ST30,SKU01777,93,32,12,2025-12-27
ST26,SKU03443,41,54,18,2025-12-11
ST02,SKU02829,104,33,16,2025-08-18
ST14,SKU00819,165,74,33,2025-12-16
ST13,SKU03984,144,63,25,2025-12-22
ST03,SKU01629,69,35,17,2025-11-06
ST04,SKU00633,142,76,21,2025-11-01
ST21,SKU03279,69,89,28,2025-12-22
ST11,SKU04298,59,21,7,2025-11-15
ST05,SKU00767,113,36,17,2025-06-10
ST23,SKU04702,91,48,10,2025-12-25
ST08,SKU02641,85,39,19,2025-12-22
ST03,SKU03259,103,43,17,2025-12-31
ST14,SKU02017,263,98,37,2025-12-03
ST19,SKU00245,50,67,17,2025-11-17
ST26,SKU02075,191,37,13,2025-05-12
ST25,SKU02789,206,75,21,2025-12-23
ST12,SKU01506,72,91,32,2025-12-14
ST13,SKU03493,349,78,33,2025-05-25
ST28,SKU03643,153,81,37,2025-11-07
ST07,SKU03637,86,64,21,2025-11-11
ST16,SKU01002,92,61,13,2025-11-23
ST23,SKU02844,11,45,17,2025-12-18
ST26,SKU02019,17,22,7,2025-12-25
ST25,SKU00295,112,96,44,2025-12-23
ST10,SKU01821,87,61,23,2025-11-04
ST29,SKU03819,83,43,15,2025-12-28
ST12,SKU00179,75,43,10,2025-11-10
ST04,SKU01909,4,55,21,2025-11-07
ST14,SKU00590,112,57,13,2025-11-17
ST16,SKU04913,140,73,31,2025-12-09
ST20,SKU01770,411,73,27,2025-06-10
ST05,SKU03802,134,71,29,2025-11-28
ST02,SKU01444,116,45,11,2025-12-02
ST29,SKU01290,163,62,28,2025-11-29
ST17,SKU01437,57,32,13,2025-12-09
ST18,SKU00806,54,39,12,2025-12-07
ST22,SKU04094,85,37,9,2025-11-04
ST24,SKU04192,139,96,33,2025-12-26
ST07,SKU01053,10,47,12,2025-11-08
ST06,SKU01247,101,48,18,2025-12-27
ST05,SKU03951,55,49,15,2025-12-26
ST04,SKU03793,163,76,36,2025-12-05
ST19,SKU04613,179,66,32,2025-11-24
ST05,SKU04404,119,53,12,2025-12-06
ST28,SKU03498,263,88,25,2025-11-08
ST27,SKU03566,11,34,9,2025-12-16
ST29,SKU01896,93,41,19,2025-11-18
ST18,SKU01047,48,36,11,2025-12-14
ST21,SKU03970,104,48,15,2025-12-03
ST28,SKU01237,5,42,20,2025-12-19
ST09,SKU02234,74,75,17,2025-11-16
ST16,SKU01225,30,29,13,2025-11-06
ST07,SKU00100,67,25,11,2025-12-25
ST20,SKU00091,161,72,23,2025-12-06
ST15,SKU00525,65,36,8,2025-11-24
ST25,SKU03992,18,92,41,2025-12-16
ST12,SKU01846,52,72,18,2025-11-02
ST08,SKU02000,160,70,24,2025-11-15
ST15,SKU02701,74,56,18,2025-11-27
ST20,SKU03156,92,82,41,2025-12-11
ST05,SKU03051,197,71,27,2025-11-15
ST14,SKU04328,51,54,25,2025-11-03
ST01,SKU00717,141,95,37,2025-11-24
ST17,SKU00239,75,42,16,2025-12-13
ST13,SKU00650,249,74,26,2025-07-16
ST17,SKU01695,4,36,13,2025-11-28
ST19,SKU02695,10,29,11,2025-11-02
ST23,SKU04377,122,70,31,2025-12-11
ST25,SKU02028,66,23,10,2025-11-09
ST05,SKU01160,50,21,9,2025-11-18
ST20,SKU01275,134,61,24,2025-11-22
ST18,SKU03958,54,29,7,2025-11-23
ST20,SKU02475,52,86,42,2025-12-06
ST10,SKU02657,174,83,24,2025-11-12
ST03,SKU04044,66,49,23,2025-12-25
ST27,SKU02820,40,84,20,2025-11-21
ST07,SKU03906,252,97,43,2025-12-16
ST16,SKU03233,90,76,38,2025-11-10
ST03,SKU00177,54,38,15,2025-11-12
ST02,SKU00194,20,40,9,2025-12-21
ST02,SKU03750,5,89,28,2025-12-23
ST06,SKU03081,102,55,25,2025-11-27
ST21,SKU02062,63,39,9,2025-12-15
ST26,SKU01053,35,31,15,2025-11-07
ST14,SKU04774,52,71,25,2025-11-04
ST23,SKU04161,66,69,27,2025-12-21
ST24,SKU01942,172,60,18,2025-12-16
ST06,SKU03117,4,63,14,2025-12-27
ST21,SKU02099,124,62,15,2025-11-09
ST11,SKU00583,17,90,44,2025-12-06
ST10,SKU00299,69,34,16,2025-11-14
ST17,SKU02213,160,81,39,2025-11-17
ST03,SKU02332,91,57,26,2025-11-08
ST17,SKU00570,85,41,20,2025-12-17
ST28,SKU04445,70,62,19,2025-12-15
ST26,SKU04101,45,25,12,2025-12-22
ST10,SKU01358,142,53,24,2025-12-24
ST07,SKU04737,141,58,12,2025-12-09
ST20,SKU00031,121,42,16,2025-12-20
ST20,SKU01127,132,76,34,2025-12-02
ST30,SKU00275,26,72,30,2025-11-13
ST27,SKU02705,119,50,19,2025-12-13
ST17,SKU01545,173,82,29,2025-12-12
ST11,SKU03385,141,100,24,2025-11-19
ST07,SKU01113,53,52,21,2025-12-04
ST05,SKU04016,77,68,34,2025-12-18
ST05,SKU01001,120,51,22,2025-11-28
ST11,SKU01513,8,96,42,2025-12-17
ST17,SKU04680,54,22,8,2025-11-14
ST04,SKU00035,254,92,33,2025-11-08
ST13,SKU04084,128,99,39,2025-12-01
ST25,SKU04178,161,62,19,2025-11-22
ST28,SKU01515,75,31,14,2025-11-25
ST03,SKU00138,243,93,39,2025-12-28
ST12,SKU00606,44,26,9,2025-12-18
ST12,SKU04448,121,59,19,2025-11-03
ST02,SKU01818,249,66,18,2025-08-09
ST10,SKU01743,221,84,23,2025-12-01
ST10,SKU02187,126,80,34,2025-11-26
ST25,SKU04880,92,63,14,2025-12-05
ST11,SKU00708,59,48,20,2025-11-15
ST18,SKU01282,223,86,20,2025-12-03
ST03,SKU00511,147,91,28,2025-12-24
ST03,SKU04039,143,76,31,2025-11-24
ST12,SKU04688,150,99,39,2025-11-06
ST04,SKU01456,23,48,12,2025-11-07
ST25,SKU00715,240,81,31,2025-12-22
ST20,SKU02922,46,45,20,2025-12-12
ST06,SKU01312,225,77,37,2025-12-31
ST16,SKU03184,112,82,33,2025-12-21
ST23,SKU01121,48,93,45,2025-12-17
ST01,SKU02381,0,98,38,2025-09-03
ST26,SKU04477,134,73,18,2025-12-30
ST03,SKU02940,94,51,23,2025-12-24
ST07,SKU03527,8,23,11,2025-12-22
ST29,SKU01602,211,89,33,2025-11-07
ST23,SKU00111,237,99,35,2025-11-17
ST30,SKU01595,184,66,26,2025-11-20
ST21,SKU01741,82,72,31,2025-12-17
ST10,SKU02273,246,92,23,2025-12-02
ST12,SKU01545,190,67,32,2025-11-15
ST12,SKU04356,254,96,35,2025-11-03
ST28,SKU04068,67,24,6,2025-12-19
ST28,SKU04707,18,85,28,2025-11-24
ST23,SKU03275,54,32,16,2025-11-25
ST10,SKU01082,8,30,13,2025-12-11
ST12,SKU02171,194,78,16,2025-11-19
ST04,SKU02257,160,61,19,2025-12-31
ST01,SKU01562,21,28,9,2025-12-02
ST06,SKU00323,118,95,19,2025-11-20
ST23,SKU03987,37,55,20,2025-11-07
ST21,SKU00522,79,66,31,2025-11-30
ST01,SKU03132,38,50,24,2025-12-06
ST15,SKU04832,6,28,8,2025-11-22
ST10,SKU01259,72,61,21,2025-11-12
ST06,SKU02555,85,69,29,2025-12-28
ST03,SKU03268,36,21,4,2025-11-23
ST27,SKU03996,89,95,22,2025-12-16
ST15,SKU01257,212,91,37,2025-12-22
ST10,SKU00869,162,58,19,2025-12-12
ST13,SKU02457,7,32,8,2025-12-20
ST30,SKU02645,29,89,28,2025-12-21
ST04,SKU02293,184,68,30,2025-12-28
ST05,SKU00248,47,21,7,2025-12-20
ST24,SKU00583,34,21,4,2025-12-01
ST11,SKU01668,20,70,30,2025-12-29
ST03,SKU01399,145,92,24,2025-12-21
ST20,SKU01963,119,99,41,2025-12-23
ST04,SKU04049,233,94,22,2025-11-23
ST29,SKU00016,79,30,12,2025-11-18
ST25,SKU01640,81,31,10,2025-11-27
ST17,SKU03939,3,62,15,2025-11-04
ST25,SKU02529,152,88,36,2025-12-07
ST15,SKU00015,79,28,12,2025-11-05
ST15,SKU00223,63,33,8,2025-11-06
ST10,SKU00276,56,53,26,2025-11-01
ST21,SKU04065,243,100,41,2025-12-21
ST06,SKU03752,67,79,24,2025-11-29
ST30,SKU04466,116,61,17,2025-11-20
ST10,SKU04704,142,89,23,2025-12-02
ST19,SKU04685,8,66,16,2025-12-14
ST14,SKU02799,210,90,38,2025-11-18
ST23,SKU03665,38,60,15,2025-11-12
ST11,SKU03057,0,83,17,2025-09-27
ST12,SKU01361,166,77,21,2025-12-28
ST13,SKU03959,205,89,34,2025-12-14
ST02,SKU02778,88,37,15,2025-12-09
ST24,SKU00436,5,57,21,2025-11-05
ST03,SKU03625,180,62,23,2025-11-24
ST29,SKU04165,202,84,19,2025-12-04
ST28,SKU01076,69,26,12,2025-12-26
ST23,SKU04814,163,84,29,2025-11-04
ST14,SKU02271,91,40,14,2025-11-22
ST12,SKU04456,196,67,15,2025-11-30
ST25,SKU04715,25,27,9,2025-12-18
ST22,SKU01710,56,22,10,2025-12-31
ST22,SKU03564,69,98,41,2025-11-05
ST15,SKU03902,53,42,12,2025-12-14
ST23,SKU02919,62,32,8,2025-12-06
ST04,SKU04079,14,60,29,2025-12-13
ST09,SKU02672,134,51,24,2025-12-25
ST13,SKU02504,71,75,21,2025-12-03
ST28,SKU02888,44,23,11,2025-12-29
ST24,SKU00671,22,26,13,2025-12-06
ST20,SKU04162,6,34,16,2025-11-29
ST18,SKU04020,59,48,20,2025-11-08
ST26,SKU03551,71,34,9,2025-12-27
ST25,SKU03665,121,47,13,2025-11-12
ST03,SKU00418,86,42,15,2025-11-15
ST06,SKU00474,38,31,11,2025-11-04
ST23,SKU03685,237,94,30,2025-12-12
ST28,SKU04005,39,56,16,2025-12-22
ST21,SKU04568,30,75,17,2025-11-20
ST12,SKU01359,14,80,18,2025-12-08
ST20,SKU02123,109,95,38,2025-12-05
ST20,SKU00013,258,100,37,2025-12-06
ST11,SKU00798,47,22,11,2025-12-12
ST13,SKU04121,116,86,26,2025-11-07
ST28,SKU01484,6,100,41,2025-12-25
ST26,SKU01949,150,89,18,2025-11-22
ST21,SKU00596,115,83,37,2025-12-08
ST01,SKU02360,132,50,14,2025-12-19
ST22,SKU03507,48,20,10,2025-11-11
ST09,SKU04456,33,85,17,2025-11-05
ST28,SKU04398,125,94,20,2025-12-15
ST11,SKU01187,348,74,35,2025-05-20
ST20,SKU03348,142,49,24,2025-11-04
ST25,SKU04722,94,46,11,2025-11-01
ST12,SKU02782,53,84,17,2025-11-23
ST05,SKU03714,133,52,25,2025-12-27
ST24,SKU02412,141,65,23,2025-12-08
ST14,SKU00670,11,84,34,2025-12-30
ST30,SKU00669,83,94,37,2025-11-27
ST21,SKU00702,92,36,9,2025-11-24
ST06,SKU00113,29,46,14,2025-11-08
ST28,SKU04543,170,79,19,2025-11-01
ST05,SKU04193,46,30,13,2025-11-11
ST05,SKU00003,69,62,17,2025-11-10
ST16,SKU04764,41,84,36,2025-12-20
ST13,SKU01299,75,33,13,2025-11-10
ST14,SKU02446,470,80,22,2025-05-19
ST16,SKU00803,45,53,25,2025-11-16
ST30,SKU02090,168,97,27,2025-11-19
ST08,SKU01316,171,71,26,2025-11-21
ST23,SKU03438,20,50,15,2025-12-26
ST28,SKU00206,185,63,29,2025-12-18
ST05,SKU03899,53,22,5,2025-11-26
ST12,SKU01403,58,20,5,2025-11-17
ST10,SKU00913,117,83,39,2025-11-14
ST23,SKU03617,173,86,39,2025-12-11
ST02,SKU04486,82,50,21,2025-12-22
ST13,SKU03921,126,78,39,2025-12-16
ST22,SKU04770,41,58,13,2025-12-18
ST16,SKU01323,98,44,11,2025-12-16
ST27,SKU03062,204,91,20,2025-11-27
ST12,SKU00195,195,67,23,2025-11-20
ST01,SKU02087,43,99,39,2025-11-05
ST10,SKU04015,153,73,26,2025-12-29
ST16,SKU01155,7,50,10,2025-11-06
ST10,SKU01539,102,37,17,2025-12-17
ST25,SKU04318,38,59,21,2025-12-08
ST26,SKU04897,26,65,16,2025-11-29
ST19,SKU00120,131,94,25,2025-11-13
ST14,SKU04536,6,29,10,2025-12-16
ST06,SKU01657,19,27,9,2025-11-19
ST30,SKU02087,116,71,28,2025-11-17
ST24,SKU01835,50,73,24,2025-11-04
ST02,SKU00588,76,89,41,2025-12-01
ST07,SKU03395,62,45,19,2025-12-21
ST01,SKU03325,62,27,11,2025-12-20
ST07,SKU04958,169,31,14,2025-05-29
ST17,SKU03303,259,95,45,2025-11-08
ST03,SKU00776,98,57,25,2025-11-06
ST25,SKU01259,73,33,9,2025-11-02
ST11,SKU04102,61,27,7,2025-12-16
ST29,SKU02929,155,57,14,2025-11-26
ST28,SKU00247,229,93,25,2025-12-31
ST25,SKU01992,75,45,22,2025-12-06
ST21,SKU01469,116,60,24,2025-11-07
ST07,SKU00772,41,31,9,2025-12-22
ST13,SKU00200,61,27,10,2025-12-07
ST06,SKU00133,148,50,17,2025-12-31
ST03,SKU02221,196,37,14,2025-08-07
ST14,SKU04809,126,50,16,2025-12-12
ST16,SKU00868,287,97,39,2025-12-16
ST22,SKU04454,9,98,45,2025-12-21
ST26,SKU01820,180,85,40,2025-11-25
ST07,SKU02791,82,66,30,2025-11-23
ST03,SKU00039,86,91,27,2025-11-21
ST18,SKU04839,35,43,21,2025-12-13
ST15,SKU03500,99,55,24,2025-12-14
ST10,SKU02452,43,27,12,2025-12-06
ST13,SKU04572,111,81,29,2025-11-24
ST20,SKU02264,147,78,30,2025-11-11
ST28,SKU04190,79,32,14,2025-11-20
ST19,SKU02120,8,96,23,2025-11-16
ST16,SKU03723,102,73,24,2025-11-23
ST16,SKU01453,66,23,9,2025-12-03
ST08,SKU01257,110,71,23,2025-12-05
ST13,SKU04428,285,99,45,2025-12-30
ST19,SKU00189,7,37,15,2025-12-29
ST07,SKU00046,52,24,11,2025-11-04
ST22,SKU02850,10,34,15,2025-11-22
ST09,SKU02242,30,57,22,2025-11-08
ST25,SKU00420,3,37,16,2025-11-02
ST26,SKU04746,101,81,37,2025-11-17
ST28,SKU02007,131,71,35,2025-12-29
ST03,SKU03777,235,99,42,2025-12-15
ST14,SKU04591,59,47,18,2025-11-16
ST19,SKU01011,23,26,11,2025-11-26
ST06,SKU04396,157,55,20,2025-12-30
ST12,SKU01460,266,89,24,2025-11-23
ST12,SKU03231,179,92,21,2025-12-22
ST30,SKU02326,4,49,24,2025-12-03
ST06,SKU02270,49,29,14,2025-12-15
ST27,SKU03933,115,91,27,2025-11-02
ST15,SKU04984,96,92,37,2025-11-29
ST15,SKU02051,6,99,33,2025-12-30
ST08,SKU02438,91,54,13,2025-12-31
ST15,SKU02493,132,56,26,2025-12-19
ST05,SKU04523,245,90,27,2025-11-18
ST05,SKU03947,197,95,41,2025-12-01
ST28,SKU00621,46,89,43,2025-12-02
ST08,SKU01681,11,61,26,2025-12-20
ST13,SKU02195,190,84,24,2025-11-11
ST20,SKU03085,12,49,13,2025-12-04
ST01,SKU00520,64,59,25,2025-12-23
ST07,SKU02425,278,51,16,2025-08-23
ST03,SKU03104,172,61,27,2025-11-25
ST28,SKU03260,52,33,16,2025-12-18
ST12,SKU01066,69,28,12,2025-12-01
ST22,SKU03893,131,72,33,2025-12-26
ST24,SKU04906,75,34,17,2025-12-14
ST30,SKU02927,82,53,24,2025-12-14
ST28,SKU00135,90,57,22,2025-12-14
ST21,SKU01003,31,62,15,2025-11-07
ST13,SKU03072,56,49,15,2025-11-28
ST18,SKU03662,268,99,29,2025-12-23
ST02,SKU01898,18,81,24,2025-11-25
ST04,SKU00829,48,66,28,2025-11-26
ST26,SKU00487,19,20,5,2025-11-12
ST11,SKU04303,106,50,25,2025-12-16
ST21,SKU02693,75,27,11,2025-12-11
ST01,SKU02918,39,64,16,2025-12-30
ST28,SKU03617,98,53,18,2025-11-19
ST14,SKU01015,52,75,22,2025-11-13
ST22,SKU02561,89,52,12,2025-12-30
ST14,SKU04028,114,75,26,2025-11-21
ST04,SKU04450,32,23,8,2025-12-06
ST19,SKU03930,16,44,19,2025-11-04
ST08,SKU04593,104,86,24,2025-11-11
ST26,SKU03256,114,41,16,2025-12-22
ST06,SKU02901,80,32,12,2025-12-16
ST03,SKU01406,107,68,23,2025-12-20
ST29,SKU04751,69,89,43,2025-12-11
ST30,SKU01859,231,88,42,2025-12-09
ST19,SKU04808,155,54,20,2025-12-08
ST03,SKU02510,14,27,6,2025-12-22
ST11,SKU03329,56,79,38,2025-12-06
ST24,SKU00403,67,50,16,2025-11-14
ST14,SKU02207,166,83,37,2025-12-07
ST20,SKU00340,50,42,17,2025-11-12
ST29,SKU01836,15,24,6,2025-12-29
ST15,SKU03363,65,69,31,2025-12-04
ST04,SKU02962,251,98,29,2025-12-14
ST20,SKU04396,177,83,38,2025-11-15
ST05,SKU01732,42,24,10,2025-12-23
ST04,SKU02218,11,73,26,2025-11-15
ST25,SKU04876,88,97,21,2025-11-28
ST05,SKU00395,102,37,18,2025-12-15
ST14,SKU03862,228,83,39,2025-11-05
ST20,SKU00545,78,71,35,2025-11-14
ST19,SKU01127,15,69,33,2025-11-08
ST04,SKU04136,162,82,28,2025-11-01
ST04,SKU04829,120,67,31,2025-11-27
ST28,SKU03231,40,49,18,2025-12-23
ST17,SKU01804,113,47,20,2025-11-29
ST04,SKU02288,133,64,15,2025-12-30
ST02,SKU02018,205,78,32,2025-11-04
ST19,SKU02909,60,30,7,2025-11-04
ST27,SKU01451,2,60,17,2025-11-10
ST29,SKU03893,116,45,13,2025-11-22
ST11,SKU03815,150,53,15,2025-11-02
ST23,SKU03099,20,73,17,2025-12-14
ST06,SKU00419,60,49,17,2025-11-04
ST27,SKU02818,58,65,28,2025-11-01
ST08,SKU03001,47,27,11,2025-11-11
ST29,SKU00298,60,99,27,2025-11-11
ST05,SKU02821,117,99,31,2025-11-08
ST20,SKU04900,155,53,21,2025-11-30
ST21,SKU02781,18,40,15,2025-11-11
ST25,SKU03383,250,84,19,2025-11-17
ST22,SKU03383,17,47,11,2025-11-17
ST09,SKU04721,243,100,37,2025-12-01
ST27,SKU00859,42,26,5,2025-11-14
ST30,SKU02727,52,53,26,2025-11-29
ST13,SKU04470,205,64,17,2025-06-19
ST30,SKU00488,46,29,9,2025-11-04
ST28,SKU04265,400,70,30,2025-06-18
ST09,SKU03839,184,98,31,2025-12-01
ST24,SKU01177,44,48,14,2025-12-13
ST04,SKU01389,10,30,6,2025-11-30
ST29,SKU03432,15,80,17,2025-11-19
ST09,SKU02283,111,61,15,2025-12-09
ST23,SKU01610,52,26,5,2025-11-10
ST10,SKU00245,0,32,15,2025-11-21
ST25,SKU00940,91,93,43,2025-11-20
ST05,SKU01365,55,99,48,2025-12-02
ST15,SKU04284,13,33,16,2025-11-05
ST16,SKU00456,1,22,10,2025-11-22
ST12,SKU04872,68,64,25,2025-12-21
ST08,SKU01387,37,22,9,2025-11-16
ST17,SKU02799,35,29,9,2025-12-11
ST02,SKU00289,9,47,10,2025-12-18
ST20,SKU04006,51,34,10,2025-12-12
ST17,SKU04470,308,89,37,2025-07-25
ST28,SKU03106,37,29,11,2025-12-26
ST18,SKU03002,0,23,8,2025-11-22
ST13,SKU01832,81,45,20,2025-11-02
ST03,SKU02402,47,20,6,2025-12-31
ST13,SKU04516,47,42,11,2025-12-13
ST24,SKU00144,34,24,10,2025-12-27
ST23,SKU04862,191,67,22,2025-12-11
ST10,SKU03575,176,63,30,2025-11-03
ST15,SKU03467,201,66,22,2025-06-10
ST21,SKU02149,96,68,20,2025-11-11
ST29,SKU03100,132,62,27,2025-11-25
ST10,SKU02680,44,53,15,2025-12-26
ST18,SKU01740,86,60,24,2025-12-15
ST20,SKU01660,72,66,24,2025-12-11
ST15,SKU00878,57,81,34,2025-11-27
ST15,SKU02934,45,28,13,2025-12-14
ST24,SKU01987,11,23,6,2025-12-14
ST22,SKU02261,76,30,13,2025-11-18
ST26,SKU03325,73,34,15,2025-11-14
ST28,SKU03954,47,78,34,2025-12-04
ST17,SKU01633,87,99,33,2025-11-13
ST05,SKU01950,166,60,15,2025-11-06
ST08,SKU03314,219,93,44,2025-12-23
ST16,SKU01646,183,93,35,2025-11-20
ST21,SKU03037,158,72,18,2025-11-24
ST04,SKU04314,142,67,27,2025-12-07
ST17,SKU00892,5,23,9,2025-11-19
ST09,SKU02535,20,69,30,2025-11-03
ST29,SKU01570,75,67,30,2025-12-07
ST28,SKU04838,91,39,14,2025-11-03
ST27,SKU04538,39,65,15,2025-11-24
ST20,SKU04886,165,90,37,2025-12-21
ST04,SKU03013,39,25,8,2025-11-04
ST11,SKU04455,268,90,28,2025-12-14
ST13,SKU01620,132,70,16,2025-11-11
ST19,SKU00203,17,21,9,2025-12-20
ST06,SKU03707,42,27,6,2025-12-17
ST15,SKU03560,171,68,26,2025-11-22
ST04,SKU02026,26,35,8,2025-12-13
ST25,SKU00635,97,90,21,2025-11-11
ST28,SKU02633,57,25,5,2025-12-22
ST25,SKU01702,138,83,33,2025-11-06
ST22,SKU00853,24,34,17,2025-12-13
ST23,SKU04023,79,47,15,2025-12-11
ST23,SKU01091,62,79,35,2025-12-03
ST05,SKU04560,1,51,22,2025-11-10
ST01,SKU03997,62,92,29,2025-11-30
ST01,SKU02681,49,43,13,2025-11-18
ST01,SKU02179,142,78,34,2025-11-22
ST06,SKU00086,30,87,43,2025-11-08
ST13,SKU04488,106,81,34,2025-11-01
ST08,SKU00325,65,44,21,2025-12-18
ST09,SKU00765,122,47,17,2025-11-26
ST21,SKU00855,432,82,35,2025-07-16
ST27,SKU04358,20,85,42,2025-11-27
ST16,SKU03068,249,92,34,2025-12-01
ST19,SKU00955,45,34,10,2025-12-19
ST08,SKU02473,51,75,31,2025-12-26
ST15,SKU04013,12,42,15,2025-11-07
ST09,SKU04428,18,43,11,2025-11-21
ST17,SKU01857,124,45,21,2025-12-04
ST29,SKU04512,125,50,17,2025-12-27
ST12,SKU03935,107,23,5,2025-07-05
ST16,SKU02052,228,91,33,2025-11-25
ST27,SKU04678,161,79,26,2025-12-27
ST05,SKU00410,28,94,41,2025-11-18
ST02,SKU02540,20,41,14,2025-11-16
ST14,SKU03974,125,65,14,2025-12-05
ST15,SKU00850,117,83,29,2025-11-12
ST30,SKU04882,138,60,15,2025-12-19
ST29,SKU01132,251,89,29,2025-12-30
ST01,SKU04958,199,65,29,2025-08-13
ST26,SKU03408,27,84,21,2025-11-24
ST03,SKU03262,148,67,17,2025-12-31
ST07,SKU03222,156,73,29,2025-11-07
ST30,SKU01520,114,59,20,2025-12-11
ST20,SKU04018,314,61,12,2025-08-27
ST12,SKU04102,100,38,13,2025-12-09
ST28,SKU03755,80,30,15,2025-11-19
ST12,SKU02238,19,78,27,2025-12-07
ST18,SKU00215,84,34,8,2025-11-21
ST21,SKU01756,206,76,31,2025-12-16
ST14,SKU02778,174,63,21,2025-12-13
ST20,SKU03933,19,25,11,2025-11-17
ST20,SKU01256,169,66,17,2025-11-26
ST23,SKU00671,32,25,12,2025-11-22
ST07,SKU01319,54,96,19,2025-11-18
ST04,SKU01827,314,61,28,2025-06-13
ST11,SKU04277,89,39,9,2025-11-21
ST29,SKU01136,138,69,20,2025-12-28
ST10,SKU02156,98,53,16,2025-11-23
ST02,SKU03922,191,91,42,2025-12-09
ST24,SKU03287,116,47,19,2025-12-06
ST05,SKU03937,22,38,9,2025-11-30
ST18,SKU01494,52,57,12,2025-11-28
ST08,SKU02031,76,55,13,2025-12-04
ST04,SKU00043,107,68,26,2025-12-23
ST17,SKU04759,102,45,13,2025-11-02
ST05,SKU00786,84,36,18,2025-12-07
ST06,SKU04495,110,99,43,2025-12-23
ST08,SKU04480,52,28,7,2025-11-21
ST30,SKU00193,79,73,15,2025-12-31
ST24,SKU00503,40,36,11,2025-11-20
ST16,SKU01912,29,67,27,2025-11-11
ST25,SKU02771,74,37,12,2025-12-23
ST20,SKU02959,5,25,5,2025-11-19
ST22,SKU03201,66,65,17,2025-12-17
ST24,SKU02601,226,76,22,2025-12-05
ST05,SKU00611,208,88,38,2025-12-17
ST03,SKU04940,46,50,12,2025-11-19
ST22,SKU01005,25,31,9,2025-12-13
ST16,SKU02857,178,71,26,2025-11-02
ST06,SKU02613,60,41,15,2025-11-13
ST02,SKU03152,145,26,6,2025-06-15
ST22,SKU01756,114,63,13,2025-11-14
ST20,SKU00971,46,65,27,2025-12-10
ST14,SKU04763,25,28,9,2025-12-04
ST28,SKU00049,50,35,7,2025-12-29
ST26,SKU01570,67,49,23,2025-11-20
ST10,SKU02813,274,96,20,2025-12-19
ST20,SKU02094,75,37,11,2025-12-05
ST10,SKU02869,21,31,15,2025-11-11
ST30,SKU03255,151,52,16,2025-11-12
ST28,SKU00347,26,40,16,2025-11-20
ST26,SKU01195,83,97,48,2025-11-22
ST16,SKU00970,93,54,13,2025-11-27
ST29,SKU00265,110,39,12,2025-11-28
ST03,SKU01846,160,58,18,2025-12-20
ST21,SKU01688,13,34,8,2025-12-09
ST05,SKU02987,237,91,27,2025-11-17
ST02,SKU03029,5,33,10,2025-12-07
ST28,SKU04516,198,89,44,2025-12-08
ST24,SKU04348,16,46,10,2025-11-28
ST04,SKU00768,66,36,16,2025-11-23
ST10,SKU00400,210,76,25,2025-12-27
ST01,SKU01423,327,62,13,2025-08-15
ST29,SKU03083,110,56,17,2025-12-13
ST02,SKU03883,50,89,23,2025-11-19
ST21,SKU01815,38,43,13,2025-12-30
ST23,SKU01948,123,62,27,2025-11-06
ST26,SKU04564,257,99,46,2025-11-23
ST23,SKU03063,4,44,11,2025-11-19
ST12,SKU03175,25,66,30,2025-12-09
ST16,SKU03227,8,57,23,2025-11-20
ST07,SKU04138,28,46,9,2025-12-03
ST02,SKU02106,12,31,11,2025-11-21
ST24,SKU02723,19,23,10,2025-12-25
ST04,SKU03842,149,58,23,2025-11-07
ST28,SKU02536,88,79,18,2025-12-05
ST20,SKU03753,175,62,25,2025-12-03
ST23,SKU01888,53,44,12,2025-12-24
ST19,SKU00726,98,36,17,2025-12-22
ST22,SKU04581,12,26,12,2025-12-30
ST24,SKU03439,50,48,13,2025-12-10
ST01,SKU03286,409,80,39,2025-08-21
ST16,SKU04401,177,42,18,2025-06-19
ST25,SKU02577,86,35,14,2025-11-24
ST01,SKU03516,8,97,43,2025-11-14
ST10,SKU02754,158,69,15,2025-12-09
ST23,SKU00299,46,23,5,2025-12-20
ST15,SKU02040,23,91,38,2025-11-13
ST04,SKU04626,140,81,19,2025-11-04
ST16,SKU02564,174,71,29,2025-11-08
ST01,SKU02803,75,37,13,2025-12-31
ST26,SKU03924,92,69,17,2025-11-08
ST17,SKU00918,55,49,10,2025-11-21
ST18,SKU04999,62,42,12,2025-12-18
ST07,SKU00014,33,76,17,2025-11-28
ST30,SKU01814,24,53,18,2025-11-28
ST03,SKU01156,119,89,33,2025-11-08
ST28,SKU00128,124,53,25,2025-12-17
ST08,SKU01601,30,21,10,2025-11-12
ST29,SKU00316,161,54,13,2025-11-19
ST16,SKU02271,71,29,6,2025-11-23
ST09,SKU01639,25,25,6,2025-12-10
ST17,SKU02692,0,49,24,2025-09-11
ST04,SKU04587,17,27,7,2025-11-15
ST08,SKU04683,176,60,19,2025-12-29
ST18,SKU02319,158,81,21,2025-12-20
ST01,SKU02032,290,98,35,2025-11-15
ST17,SKU02827,71,39,11,2025-11-19
ST03,SKU00476,179,64,29,2025-12-21
ST16,SKU01457,177,37,13,2025-06-23
ST08,SKU00277,3,66,22,2025-11-19
ST23,SKU01362,108,77,19,2025-11-12
ST30,SKU02513,192,89,38,2025-12-29
ST27,SKU03615,113,38,18,2025-11-25
ST30,SKU02851,185,63,15,2025-12-18
ST12,SKU01027,124,58,26,2025-11-15
ST08,SKU04175,21,40,10,2025-11-15
ST16,SKU03782,63,28,10,2025-12-03
ST03,SKU00134,25,36,14,2025-11-24
ST14,SKU00674,175,79,31,2025-12-20
ST25,SKU04402,6,59,15,2025-12-08
ST23,SKU04277,154,76,29,2025-12-22
ST24,SKU04950,45,44,18,2025-12-11
ST07,SKU04373,36,37,16,2025-11-24
ST02,SKU00781,97,40,16,2025-12-16
ST23,SKU03775,110,69,16,2025-12-27
ST21,SKU01130,150,54,14,2025-11-04
ST28,SKU03732,160,80,20,2025-12-16
ST27,SKU00200,5,44,22,2025-11-02
ST13,SKU00908,94,63,20,2025-11-21
ST06,SKU02081,90,61,26,2025-12-06
ST22,SKU00110,132,50,18,2025-12-23
ST09,SKU04075,59,94,28,2025-12-13
ST29,SKU02427,11,75,15,2025-11-08
ST25,SKU00776,110,56,26,2025-12-19
ST07,SKU03136,108,54,24,2025-12-04
ST01,SKU03908,70,35,17,2025-12-05
ST04,SKU01387,37,69,23,2025-12-01
ST26,SKU04779,135,55,21,2025-11-21
ST02,SKU03945,1,78,34,2025-12-18
ST05,SKU04135,32,75,33,2025-12-17
ST24,SKU02465,103,39,14,2025-11-05
ST01,SKU01785,87,90,20,2025-11-08
ST01,SKU00059,222,92,23,2025-11-29
ST12,SKU00596,28,71,34,2025-12-23
ST25,SKU04766,6,69,15,2025-12-09
ST30,SKU00018,42,66,13,2025-12-01
ST01,SKU00307,140,78,33,2025-11-26
ST27,SKU00112,142,57,11,2025-12-22
ST07,SKU00743,12,33,8,2025-12-30
ST09,SKU04225,169,65,17,2025-12-14
ST28,SKU04817,39,26,11,2025-12-26
ST20,SKU03575,18,86,19,2025-11-02
ST02,SKU03200,137,90,21,2025-12-20
ST27,SKU04961,119,44,11,2025-12-17
ST03,SKU00143,79,44,17,2025-11-24
ST02,SKU02050,39,79,21,2025-12-02
ST04,SKU04712,159,65,30,2025-11-24
ST10,SKU02695,15,78,25,2025-11-03
ST27,SKU02143,42,48,17,2025-12-16
ST28,SKU01842,0,78,24,2025-11-02
ST07,SKU02354,174,71,23,2025-12-13
ST26,SKU01976,124,67,23,2025-11-11
ST17,SKU04142,228,73,21,2025-05-12
ST30,SKU03529,24,29,10,2025-11-17
ST19,SKU00776,76,37,12,2025-12-31
ST11,SKU03275,42,95,25,2025-11-07
ST11,SKU00034,91,88,41,2025-12-24
ST02,SKU03262,4,99,23,2025-12-26
ST03,SKU04570,111,66,14,2025-12-09
ST06,SKU02957,69,92,23,2025-11-13
ST30,SKU01331,229,85,29,2025-12-21
ST17,SKU02523,136,94,27,2025-12-08
ST02,SKU04086,21,62,31,2025-11-30
ST25,SKU01829,123,90,45,2025-11-02
ST29,SKU00820,269,94,38,2025-12-10
ST03,SKU02716,31,38,15,2025-12-10
ST01,SKU01243,202,85,39,2025-11-13
ST23,SKU02630,183,33,8,2025-08-25
ST01,SKU02310,1,72,36,2025-12-02
ST29,SKU00603,14,28,11,2025-11-14
ST03,SKU03568,161,76,30,2025-11-24
ST06,SKU03987,13,27,12,2025-11-11
ST02,SKU00538,104,65,16,2025-12-02
ST20,SKU04154,202,80,19,2025-12-21
ST17,SKU03809,35,70,30,2025-11-04
ST30,SKU04403,31,44,11,2025-11-25
ST02,SKU03981,67,91,38,2025-12-13
ST21,SKU03503,130,46,21,2025-11-30
ST04,SKU01667,110,79,22,2025-12-19
ST25,SKU04883,156,81,31,2025-12-19
ST11,SKU04311,59,26,9,2025-12-04
ST15,SKU02886,33,35,15,2025-11-08
ST28,SKU02860,181,96,37,2025-12-10
ST15,SKU03855,159,67,29,2025-11-26
ST11,SKU00294,9,20,8,2025-12-17
ST11,SKU03216,122,72,28,2025-11-04
ST04,SKU02315,110,38,12,2025-12-14
ST30,SKU00153,82,46,17,2025-12-24
ST07,SKU04085,16,83,38,2025-12-25
ST10,SKU00510,6,58,26,2025-11-29
ST08,SKU03135,151,93,34,2025-12-28
ST17,SKU00729,37,58,13,2025-12-29
ST28,SKU01236,184,67,15,2025-11-06
ST16,SKU03438,74,70,20,2025-12-15
ST05,SKU04844,160,76,37,2025-11-09
ST10,SKU02398,96,63,13,2025-11-23
ST26,SKU02661,69,48,22,2025-11-26
ST13,SKU03517,2,49,24,2025-12-13
ST28,SKU01825,18,20,5,2025-11-07
ST09,SKU03944,230,92,28,2025-11-05
ST17,SKU04180,95,53,25,2025-12-22
ST03,SKU00060,70,84,20,2025-11-27
ST19,SKU00842,56,52,23,2025-12-04
ST08,SKU01044,16,69,27,2025-11-24
ST03,SKU03403,203,79,36,2025-12-09
ST27,SKU04060,26,58,18,2025-11-13
ST14,SKU01029,105,55,13,2025-11-26
ST17,SKU00949,91,58,22,2025-12-12
ST05,SKU01383,106,68,28,2025-12-11
ST24,SKU00351,85,57,14,2025-11-12
ST10,SKU03992,211,80,22,2025-12-30
ST16,SKU01206,88,71,24,2025-11-12
ST08,SKU02101,70,84,31,2025-12-01
ST25,SKU04084,107,83,26,2025-12-13
ST06,SKU03485,152,83,31,2025-11-09
ST07,SKU03202,79,41,15,2025-12-31
ST17,SKU04438,14,52,12,2025-11-23
ST02,SKU03891,1,74,22,2025-11-01
ST16,SKU01650,11,49,16,2025-11-06
ST05,SKU04731,207,71,26,2025-12-06
ST12,SKU02606,60,53,24,2025-11-12
ST23,SKU01087,9,55,24,2025-11-08
ST17,SKU04481,232,80,35,2025-11-08
ST08,SKU03015,79,29,11,2025-12-15
ST27,SKU00476,249,87,32,2025-11-14
ST25,SKU00397,162,67,30,2025-12-21
ST18,SKU00879,30,20,5,2025-11-12
ST02,SKU03636,29,23,6,2025-11-26
ST11,SKU02657,0,49,11,2025-09-27
ST22,SKU00506,102,98,48,2025-12-15
ST10,SKU03171,21,21,10,2025-11-09
ST16,SKU01967,158,69,27,2025-12-16
ST26,SKU00880,15,76,19,2025-12-15
ST04,SKU02850,36,37,7,2025-12-15
ST30,SKU00547,77,29,11,2025-12-15
ST11,SKU02494,182,78,32,2025-11-27
ST30,SKU02073,4,82,34,2025-11-18
ST06,SKU02044,24,66,24,2025-11-20
ST13,SKU03239,7,82,17,2025-11-20
ST08,SKU01391,14,66,22,2025-12-26
ST29,SKU04244,81,62,16,2025-12-22
ST14,SKU03222,145,64,19,2025-12-17
ST18,SKU00035,6,57,27,2025-11-12
ST16,SKU01312,179,83,26,2025-12-16
ST15,SKU04916,87,42,20,2025-11-05
ST11,SKU04719,188,79,22,2025-12-16
ST18,SKU01063,171,52,15,2025-05-27
ST03,SKU03579,157,53,23,2025-12-28
ST29,SKU00017,64,35,10,2025-12-15
ST04,SKU04467,174,78,21,2025-12-05
ST22,SKU03575,156,77,31,2025-12-13
ST25,SKU02109,25,46,12,2025-12-28
ST27,SKU01216,34,24,11,2025-11-01
ST11,SKU01861,98,60,25,2025-12-25
ST23,SKU00418,234,93,28,2025-11-20
ST09,SKU01341,31,36,12,2025-11-15
ST13,SKU01887,134,84,33,2025-11-22
ST21,SKU04805,75,34,14,2025-11-18
ST12,SKU02787,9,20,5,2025-12-01
ST09,SKU00763,66,26,7,2025-11-23
ST18,SKU00823,0,86,43,2025-09-16
ST15,SKU00283,45,71,19,2025-11-12
ST03,SKU02424,96,92,23,2025-11-24
ST13,SKU01238,251,88,28,2025-12-05
ST22,SKU03881,105,52,22,2025-11-20
ST26,SKU02497,121,64,15,2025-11-22
ST24,SKU00528,246,88,27,2025-12-22
ST26,SKU02147,6,52,11,2025-11-16
ST09,SKU04245,41,34,9,2025-11-19
ST29,SKU00990,131,68,33,2025-12-05
ST13,SKU03335,12,87,31,2025-12-18
ST02,SKU04202,69,89,43,2025-11-08
ST16,SKU03542,87,95,43,2025-11-20
ST29,SKU03223,60,70,35,2025-11-29
ST05,SKU02822,131,38,11,2025-06-12
ST18,SKU02785,246,91,32,2025-11-22
ST15,SKU04920,185,72,26,2025-12-22
ST05,SKU02659,59,29,10,2025-12-09
ST07,SKU01858,98,33,7,2025-11-11
ST12,SKU04032,52,27,10,2025-11-02
ST01,SKU00324,243,86,35,2025-11-27
ST14,SKU04202,46,28,13,2025-11-18
ST06,SKU02868,141,96,42,2025-12-08
ST08,SKU03980,43,72,22,2025-12-04
ST13,SKU03488,149,86,24,2025-11-21
ST11,SKU01498,3,49,18,2025-11-12
ST21,SKU02716,263,88,42,2025-11-22
ST23,SKU00653,40,25,6,2025-11-08
ST08,SKU00253,11,65,20,2025-11-10
ST30,SKU03432,170,84,32,2025-11-28
ST19,SKU02575,4,29,7,2025-12-26
ST12,SKU04561,364,87,37,2025-06-22
ST19,SKU03049,12,45,19,2025-11-11
ST18,SKU03221,99,48,18,2025-11-28
ST11,SKU01638,227,89,21,2025-11-14
ST15,SKU03200,188,70,32,2025-12-21
ST22,SKU01019,125,84,18,2025-12-22
ST22,SKU03240,113,91,45,2025-11-28
ST20,SKU02848,253,86,31,2025-11-26
ST30,SKU02258,55,87,31,2025-12-19
ST01,SKU01007,21,91,28,2025-11-08
ST01,SKU03775,38,82,30,2025-12-04
ST23,SKU00799,183,79,37,2025-12-14
ST10,SKU03826,18,35,11,2025-12-17
ST28,SKU03587,42,39,12,2025-11-10
ST04,SKU02213,16,49,23,2025-12-18
ST20,SKU03937,128,46,13,2025-12-07
ST19,SKU00883,33,25,8,2025-11-17
ST28,SKU01389,107,68,15,2025-12-16
ST11,SKU04517,33,54,14,2025-11-19
ST12,SKU03714,88,63,16,2025-11-08
ST03,SKU02808,118,66,29,2025-11-16
ST15,SKU02486,6,68,34,2025-11-29
ST18,SKU00276,39,85,19,2025-11-26
ST14,SKU02585,171,84,25,2025-12-31
ST29,SKU04503,38,29,7,2025-11-29
ST27,SKU02283,143,75,31,2025-12-09
ST20,SKU03854,27,29,10,2025-12-17
ST18,SKU00785,94,44,14,2025-11-16
ST16,SKU02789,73,48,21,2025-11-10
ST15,SKU01945,176,69,27,2025-11-21
ST19,SKU04263,119,47,16,2025-11-11
ST16,SKU02966,74,39,9,2025-12-28
ST06,SKU02877,398,92,29,2025-06-04
ST02,SKU02775,119,93,20,2025-12-09
ST03,SKU02836,190,82,23,2025-12-11
ST27,SKU00107,113,91,43,2025-12-31
ST25,SKU02656,99,51,15,2025-12-30
ST05,SKU00070,115,56,22,2025-12-14
ST18,SKU03755,57,23,10,2025-11-23
ST15,SKU02206,48,23,7,2025-12-12
ST14,SKU04542,76,43,10,2025-11-30
ST17,SKU00613,149,59,15,2025-11-15
ST05,SKU02835,21,98,36,2025-11-11
ST25,SKU03117,52,36,8,2025-11-14
ST23,SKU03334,48,51,12,2025-11-01
ST09,SKU02565,183,63,31,2025-12-08
ST13,SKU03017,29,20,7,2025-12-11
ST18,SKU04550,18,67,18,2025-11-15
ST25,SKU00691,8,47,13,2025-11-25
ST23,SKU03087,126,75,37,2025-11-15
ST02,SKU02103,152,57,20,2025-12-15
ST14,SKU01416,179,98,23,2025-12-05
ST11,SKU04951,8,98,26,2025-11-26
ST11,SKU01182,85,44,19,2025-12-08
ST02,SKU02669,69,68,27,2025-12-13
ST21,SKU01587,160,72,25,2025-12-23
ST11,SKU02312,249,94,28,2025-12-24
ST14,SKU03351,12,24,10,2025-12-05
ST05,SKU01188,4,20,5,2025-11-15
ST28,SKU02535,113,73,23,2025-12-30
ST18,SKU02891,145,52,24,2025-11-17
ST01,SKU03912,60,24,7,2025-11-09
ST25,SKU00004,148,99,35,2025-12-03
ST29,SKU03048,17,53,13,2025-11-08
ST27,SKU03107,50,64,13,2025-11-29
ST22,SKU01596,42,61,20,2025-11-30
ST10,SKU01744,2,33,8,2025-12-23
ST01,SKU02960,100,44,19,2025-12-29
ST08,SKU04550,3,59,14,2025-11-04
ST14,SKU03797,71,55,26,2025-12-07
ST24,SKU00076,33,35,14,2025-12-11
ST06,SKU02382,77,33,7,2025-11-13
ST21,SKU03513,163,60,17,2025-11-04
ST12,SKU02937,248,89,24,2025-11-29
ST30,SKU04464,139,54,27,2025-11-05
ST23,SKU00334,46,45,14,2025-12-23
ST19,SKU01923,63,91,21,2025-12-30
ST12,SKU04452,50,99,43,2025-12-06
ST15,SKU02488,121,63,18,2025-11-24
ST19,SKU03437,266,98,26,2025-12-18
ST02,SKU01903,260,60,14,2025-06-25
ST11,SKU00928,60,34,15,2025-12-26
ST29,SKU03615,58,45,14,2025-12-25
ST10,SKU01463,151,54,27,2025-11-30
ST02,SKU03213,73,45,13,2025-11-06
ST16,SKU03409,67,28,7,2025-12-29
ST08,SKU04270,159,94,26,2025-11-07
ST22,SKU00112,135,69,17,2025-11-20
ST15,SKU01855,26,52,16,2025-12-24
ST14,SKU02145,2,57,25,2025-11-08
ST07,SKU03723,15,91,41,2025-11-17
ST26,SKU03102,74,50,20,2025-12-12
ST03,SKU02532,144,54,24,2025-12-16
ST19,SKU00407,9,45,15,2025-11-27
ST12,SKU00784,79,76,20,2025-12-18
ST16,SKU03944,110,53,16,2025-11-19
ST12,SKU04588,158,94,36,2025-12-31
ST10,SKU03805,96,54,26,2025-11-12
ST04,SKU03954,215,91,24,2025-11-24
ST29,SKU03976,296,99,39,2025-12-28
ST04,SKU01891,203,70,34,2025-11-22
ST29,SKU02529,30,29,7,2025-12-31
ST30,SKU03002,120,65,14,2025-12-23
ST21,SKU01028,112,76,25,2025-12-21
ST24,SKU03576,14,21,5,2025-12-11
ST21,SKU04201,15,25,9,2025-11-11
ST15,SKU04695,109,90,34,2025-11-22
ST26,SKU01278,109,88,41,2025-11-28
ST30,SKU00408,0,31,8,2025-12-12
ST04,SKU00896,38,24,11,2025-12-10
ST28,SKU03024,132,48,13,2025-12-11
ST30,SKU01115,3,25,11,2025-12-07
ST13,SKU02641,233,79,24,2025-12-04
ST27,SKU04776,226,82,41,2025-11-02
ST08,SKU03236,91,60,24,2025-12-03
ST22,SKU02204,19,21,10,2025-12-21
ST30,SKU02786,14,21,9,2025-12-23
ST25,SKU01405,73,29,12,2025-11-21
ST08,SKU02298,52,28,13,2025-12-29
ST23,SKU00471,13,43,16,2025-11-07
ST25,SKU02967,125,79,23,2025-12-10
ST17,SKU03471,84,48,19,2025-11-20
ST16,SKU04828,44,62,15,2025-11-03
ST23,SKU04959,44,22,7,2025-12-18
ST14,SKU04838,110,67,31,2025-12-13
ST21,SKU00765,33,39,15,2025-12-01
ST19,SKU04386,14,27,12,2025-11-20
ST03,SKU01373,28,36,17,2025-12-06
ST25,SKU03714,53,32,7,2025-11-20
ST14,SKU04518,41,31,10,2025-12-24
ST05,SKU03276,84,46,14,2025-12-25
ST26,SKU02582,145,83,34,2025-12-17
ST07,SKU00034,45,25,8,2025-11-21
ST04,SKU00912,50,96,36,2025-11-20
ST17,SKU02392,125,69,31,2025-12-03
ST23,SKU00761,94,54,20,2025-12-12
ST26,SKU00446,9,21,7,2025-11-15
ST12,SKU03298,258,88,22,2025-11-09
ST09,SKU04188,75,74,30,2025-12-27
ST06,SKU00361,1,25,7,2025-12-12
ST13,SKU02855,85,37,14,2025-12-09
ST29,SKU01771,60,25,9,2025-12-17
ST10,SKU04807,176,64,31,2025-12-25
ST24,SKU01602,159,61,14,2025-11-28
ST26,SKU04434,0,43,12,2025-11-17
ST17,SKU02065,48,71,24,2025-11-11
ST02,SKU02853,13,34,12,2025-12-12
ST22,SKU00834,51,23,6,2025-12-11
ST29,SKU01151,192,86,28,2025-12-09
ST14,SKU04553,8,48,23,2025-11-03
ST16,SKU01997,144,54,24,2025-12-13
ST24,SKU01550,97,39,10,2025-12-30
ST19,SKU00349,74,75,21,2025-11-29
ST25,SKU00968,12,57,13,2025-12-08
ST04,SKU00967,119,51,11,2025-11-22
ST14,SKU01582,120,31,8,2025-05-07
ST05,SKU01181,65,23,6,2025-12-20
ST15,SKU03719,31,71,30,2025-11-03
ST01,SKU01842,72,95,43,2025-11-02
ST13,SKU00487,31,49,21,2025-11-03
ST22,SKU04762,136,65,22,2025-12-03
ST14,SKU00318,185,79,30,2025-11-19
ST08,SKU02695,29,25,12,2025-11-24
ST01,SKU03604,46,54,18,2025-11-04
ST10,SKU03925,171,94,26,2025-11-23
ST17,SKU04294,132,61,13,2025-12-08
ST28,SKU03301,226,84,26,2025-11-12
ST17,SKU02080,11,29,6,2025-11-07
ST01,SKU04673,202,76,22,2025-12-02
ST11,SKU03901,126,58,28,2025-11-14
ST09,SKU02427,120,71,29,2025-11-11
ST30,SKU02834,100,36,11,2025-11-21
ST06,SKU01418,82,57,15,2025-11-22
ST28,SKU01551,61,62,19,2025-12-20
ST20,SKU02009,75,94,47,2025-12-01
ST17,SKU01467,124,69,34,2025-12-13
ST13,SKU04063,18,52,17,2025-12-02
ST19,SKU01990,44,35,15,2025-11-18
ST17,SKU02245,0,79,19,2025-12-08
ST14,SKU02965,142,51,19,2025-12-06
ST30,SKU03124,18,89,24,2025-12-02
ST11,SKU04953,365,92,20,2025-08-06
ST22,SKU02942,53,68,26,2025-11-24
ST08,SKU04952,206,94,31,2025-11-29
ST12,SKU02524,116,58,25,2025-12-05
ST19,SKU04620,17,24,8,2025-12-26
ST25,SKU01395,75,31,6,2025-11-15
ST13,SKU04173,79,42,12,2025-12-15
ST28,SKU00367,181,74,33,2025-12-08
ST14,SKU01647,114,47,18,2025-11-06
ST22,SKU02160,137,47,14,2025-11-01
ST11,SKU03214,12,57,16,2025-12-26
ST16,SKU03004,253,100,39,2025-12-29
ST11,SKU00308,106,81,22,2025-12-15
ST04,SKU01606,111,96,41,2025-11-27
ST26,SKU01211,168,88,19,2025-12-27
ST11,SKU03968,237,41,19,2025-09-02
ST05,SKU02940,103,49,10,2025-11-19
ST05,SKU04418,138,66,22,2025-12-23
ST20,SKU01044,91,33,14,2025-11-02
ST25,SKU04245,58,36,15,2025-12-25
ST04,SKU03437,232,99,30,2025-12-02
ST24,SKU03168,214,73,27,2025-12-27
ST09,SKU02586,168,75,26,2025-11-04
ST11,SKU02248,411,98,45,2025-07-06
ST13,SKU04660,42,68,14,2025-12-15
ST17,SKU00520,40,25,11,2025-12-31
ST22,SKU04041,0,72,23,2025-08-10
ST04,SKU01600,106,43,18,2025-11-30
ST22,SKU02183,42,34,16,2025-11-21
ST15,SKU03379,19,69,34,2025-12-31
ST24,SKU02295,47,99,27,2025-11-05
ST26,SKU02364,22,27,6,2025-11-26
ST18,SKU00344,151,67,14,2025-11-05
ST06,SKU01161,120,70,26,2025-11-14
ST11,SKU02988,112,65,22,2025-12-12
ST21,SKU04369,254,85,37,2025-12-16
ST18,SKU00428,112,49,23,2025-11-30
ST03,SKU04971,168,58,15,2025-11-13
ST29,SKU01158,429,82,19,2025-08-30
ST29,SKU03196,76,31,14,2025-12-09
ST18,SKU00742,0,20,9,2025-11-12
ST16,SKU03214,140,48,15,2025-12-01
ST29,SKU01774,161,77,21,2025-12-01
ST10,SKU03502,68,33,7,2025-11-21
ST27,SKU02877,380,86,31,2025-08-16
ST01,SKU01086,32,91,35,2025-12-21
ST11,SKU00893,24,32,12,2025-12-23
ST20,SKU00712,93,65,22,2025-11-11
ST27,SKU01378,50,99,23,2025-12-11
ST20,SKU01735,186,78,28,2025-12-15
ST06,SKU03100,91,67,21,2025-11-27
ST28,SKU02996,99,65,27,2025-12-15
ST23,SKU02137,179,69,34,2025-11-30
ST03,SKU00323,138,98,37,2025-11-02
ST12,SKU02448,119,93,33,2025-11-08
ST01,SKU00614,153,98,29,2025-11-04
ST24,SKU00945,1,63,16,2025-11-26
ST26,SKU03935,192,58,15,2025-07-17
ST09,SKU03568,185,75,18,2025-11-03
ST16,SKU03448,24,27,11,2025-11-22
ST13,SKU02016,51,68,32,2025-12-14
ST04,SKU04364,222,79,22,2025-11-22
ST18,SKU00360,137,93,27,2025-11-25
ST14,SKU00134,21,75,33,2025-12-07
ST05,SKU00228,141,50,23,2025-12-01
ST21,SKU01786,9,60,21,2025-12-19
ST18,SKU03761,70,31,11,2025-12-17
ST15,SKU00946,31,33,8,2025-11-22
ST24,SKU03992,193,67,30,2025-12-30
ST17,SKU00240,36,87,24,2025-11-05
ST25,SKU02173,216,94,35,2025-12-17
ST09,SKU02192,83,28,12,2025-12-10
ST16,SKU04221,86,62,27,2025-11-03
ST09,SKU03149,36,39,13,2025-11-26
ST05,SKU04585,28,72,19,2025-12-08
ST29,SKU03086,103,68,19,2025-12-15
ST21,SKU02130,37,95,25,2025-11-04
ST01,SKU02386,162,58,21,2025-12-19
ST14,SKU00855,75,73,25,2025-11-09
ST09,SKU01596,176,87,37,2025-11-07
ST09,SKU00030,43,31,10,2025-12-19
ST03,SKU00928,133,88,33,2025-12-30
ST26,SKU00793,18,47,14,2025-12-10
ST03,SKU00568,54,31,10,2025-11-16
ST11,SKU04752,55,21,8,2025-12-10
ST02,SKU03080,118,65,27,2025-11-05
ST06,SKU03810,13,21,8,2025-11-08
ST20,SKU01797,40,25,10,2025-11-11
ST18,SKU00108,49,24,11,2025-11-03
ST11,SKU01130,98,82,18,2025-12-08
ST01,SKU02659,21,24,5,2025-11-03
ST07,SKU00013,56,45,18,2025-12-17
ST23,SKU01043,78,51,14,2025-12-16
ST01,SKU04117,29,84,37,2025-12-27
ST09,SKU02502,140,85,34,2025-11-14
ST13,SKU04546,186,67,23,2025-12-21
ST02,SKU03519,277,94,31,2025-12-26
ST06,SKU03767,112,70,19,2025-12-19
ST25,SKU04456,202,74,23,2025-11-05
ST09,SKU01164,165,90,24,2025-11-15
ST19,SKU03247,4,53,16,2025-11-06
ST02,SKU00191,50,35,10,2025-11-16
ST30,SKU04571,0,72,35,2025-08-05
ST09,SKU03066,127,63,24,2025-11-15
ST02,SKU02636,36,55,22,2025-11-16
ST24,SKU04719,51,22,5,2025-11-28
ST16,SKU02683,67,76,29,2025-11-12
ST18,SKU02795,91,80,31,2025-11-02
ST03,SKU00374,16,21,6,2025-11-16
ST06,SKU02406,30,50,20,2025-11-24
ST11,SKU00806,235,80,17,2025-11-11
ST03,SKU03901,74,31,14,2025-11-11
ST30,SKU00673,106,86,26,2025-12-18
ST13,SKU04981,89,44,14,2025-11-21
ST04,SKU02926,43,91,36,2025-11-03
ST01,SKU03373,29,91,28,2025-12-03
ST30,SKU04158,36,97,33,2025-11-17
ST25,SKU03533,25,31,15,2025-12-27
ST06,SKU02504,144,62,19,2025-11-30
ST30,SKU03847,22,21,7,2025-11-16
ST30,SKU04187,58,36,9,2025-12-26
ST23,SKU02389,173,72,35,2025-12-03
ST12,SKU03410,176,61,25,2025-11-15
ST18,SKU02564,179,62,21,2025-12-23
ST07,SKU04842,87,64,23,2025-12-21
ST18,SKU03277,288,61,25,2025-07-14
ST17,SKU02995,159,60,19,2025-11-08
ST09,SKU01151,30,20,10,2025-12-26
ST30,SKU01610,36,28,6,2025-11-22
ST11,SKU00235,128,61,27,2025-11-09
ST27,SKU02912,200,86,24,2025-12-08
ST05,SKU03969,5,64,13,2025-12-22
ST17,SKU03202,88,54,24,2025-12-01
ST14,SKU02795,103,49,11,2025-12-22
ST17,SKU03227,10,30,10,2025-11-08
ST08,SKU02659,171,89,42,2025-12-20
ST15,SKU03575,34,54,23,2025-12-19
ST16,SKU03007,7,20,7,2025-12-01
ST18,SKU02942,68,33,10,2025-12-13
ST29,SKU02479,29,100,27,2025-11-17
ST04,SKU03485,20,81,17,2025-12-16
ST20,SKU04452,110,52,16,2025-11-23
ST15,SKU03487,69,24,8,2025-11-03
ST14,SKU04463,49,28,7,2025-12-04
ST22,SKU02886,33,52,15,2025-11-09
ST16,SKU02241,161,54,21,2025-12-09
ST18,SKU03112,219,78,26,2025-12-24
ST26,SKU03601,137,54,26,2025-11-15
ST25,SKU04565,34,50,11,2025-12-24
ST02,SKU04635,17,38,14,2025-11-06
ST14,SKU02970,256,97,33,2025-12-24
ST01,SKU01194,10,75,33,2025-12-12
ST18,SKU04459,147,87,41,2025-11-23
ST23,SKU03078,15,78,23,2025-11-01
ST05,SKU03699,12,27,12,2025-11-17
ST07,SKU02957,103,92,43,2025-11-06
ST03,SKU02034,81,57,21,2025-12-03
ST29,SKU00283,176,88,38,2025-11-15
ST20,SKU00517,137,46,11,2025-11-06
ST17,SKU00048,218,90,42,2025-11-06
ST13,SKU00224,210,99,48,2025-12-13
ST17,SKU04544,19,62,28,2025-11-30
ST17,SKU04321,260,93,22,2025-12-29
ST24,SKU04566,169,36,7,2025-05-24
ST07,SKU04836,68,81,25,2025-11-18
ST05,SKU01776,97,59,17,2025-11-15
ST13,SKU02956,18,37,14,2025-12-09
ST12,SKU03597,22,23,5,2025-12-30
ST19,SKU02214,15,82,29,2025-12-19
ST25,SKU02774,241,95,45,2025-11-11
ST03,SKU01209,59,33,12,2025-11-11
ST25,SKU00490,75,69,15,2025-12-28
ST13,SKU04698,124,55,19,2025-12-29
ST29,SKU03130,236,91,36,2025-11-05
ST11,SKU01826,43,37,11,2025-12-18
ST11,SKU00761,25,33,16,2025-12-16
ST01,SKU02339,71,41,20,2025-12-10
ST14,SKU00489,73,32,13,2025-12-02
ST16,SKU01989,180,79,29,2025-11-30
ST02,SKU01305,30,21,7,2025-12-25
ST02,SKU03308,122,48,17,2025-11-18
ST22,SKU04307,2,61,19,2025-11-18
ST01,SKU01029,42,75,28,2025-11-13
ST29,SKU03699,233,80,21,2025-11-25
ST11,SKU00437,229,62,15,2025-06-21
ST16,SKU00449,465,92,45,2025-06-01
ST22,SKU02351,391,85,24,2025-08-21
ST13,SKU01861,82,53,20,2025-11-14
ST04,SKU04716,4,49,20,2025-11-12
ST07,SKU04286,34,66,25,2025-11-06
ST02,SKU04475,384,79,33,2025-09-02
ST18,SKU03881,53,38,11,2025-12-29
ST14,SKU01902,54,23,11,2025-11-07
ST12,SKU00926,51,41,13,2025-12-04
ST03,SKU03059,70,60,22,2025-12-10
ST13,SKU03494,160,59,15,2025-12-21
ST22,SKU03322,74,60,19,2025-12-14
ST30,SKU02447,188,96,39,2025-12-05
ST09,SKU00713,151,59,22,2025-11-27
ST02,SKU02004,82,42,14,2025-11-29
ST16,SKU04409,202,78,19,2025-11-21
ST11,SKU04033,56,20,5,2025-11-28
ST05,SKU04463,28,84,41,2025-11-16
ST22,SKU03359,66,60,26,2025-11-30
ST21,SKU03229,110,59,19,2025-11-01
ST05,SKU03518,123,62,29,2025-12-17
ST26,SKU00304,31,21,5,2025-12-06
ST12,SKU02114,72,28,6,2025-11-02
ST08,SKU02020,104,56,28,2025-11-26
ST15,SKU00968,139,49,18,2025-11-29
ST23,SKU03711,63,78,38,2025-11-02
ST12,SKU00745,99,37,13,2025-11-07
ST20,SKU00877,14,43,15,2025-11-11
ST30,SKU01124,197,68,28,2025-12-05
ST09,SKU04920,150,59,20,2025-11-11
ST19,SKU02573,55,90,30,2025-11-22
ST07,SKU01119,60,41,15,2025-11-09
ST22,SKU04313,112,75,20,2025-11-16
ST09,SKU04819,59,28,9,2025-11-17
ST04,SKU03961,434,82,34,2025-08-28
ST24,SKU01875,8,23,8,2025-12-05
ST04,SKU03910,61,82,32,2025-11-09
ST08,SKU02289,26,82,40,2025-11-07
ST06,SKU03012,7,20,8,2025-12-22
ST06,SKU02116,47,24,8,2025-11-01
ST01,SKU02021,84,60,28,2025-11-27
ST23,SKU00997,68,41,18,2025-12-07
ST30,SKU04523,99,43,14,2025-11-03
ST01,SKU04340,77,70,29,2025-11-16
ST26,SKU04712,179,77,27,2025-11-22
ST02,SKU03784,59,55,21,2025-12-12
ST03,SKU03845,238,85,33,2025-11-27
ST02,SKU02618,188,71,25,2025-12-29
ST21,SKU04563,72,36,12,2025-11-03
ST22,SKU00264,0,30,9,2025-08-12
ST05,SKU00811,261,95,27,2025-11-27
ST12,SKU02297,50,24,11,2025-11-07
ST29,SKU00411,92,92,28,2025-11-30
ST09,SKU00560,76,96,35,2025-11-04
ST27,SKU00997,140,84,17,2025-12-02
ST26,SKU02680,112,76,34,2025-12-27
ST22,SKU00404,131,92,45,2025-12-18
ST11,SKU01778,110,59,17,2025-11-03
ST02,SKU03890,26,21,9,2025-12-16
ST29,SKU03961,150,76,34,2025-11-07
ST11,SKU02219,24,42,18,2025-11-23
ST15,SKU02811,124,48,21,2025-12-28
ST02,SKU02932,64,27,9,2025-12-18
ST06,SKU00333,113,95,25,2025-11-22
ST21,SKU03897,175,100,36,2025-11-06
ST08,SKU02789,76,54,25,2025-11-07
ST28,SKU00291,0,52,18,2025-09-29
ST04,SKU04745,138,58,28,2025-12-14
ST05,SKU03568,183,94,22,2025-12-23
ST17,SKU02469,147,100,29,2025-12-29
ST04,SKU03380,178,66,30,2025-12-19
ST21,SKU02977,38,49,24,2025-11-16
ST13,SKU03780,228,89,35,2025-12-28
ST19,SKU00746,37,20,7,2025-11-09
ST02,SKU00704,37,39,14,2025-11-16
ST24,SKU00680,80,73,17,2025-12-18
ST08,SKU03641,43,29,12,2025-11-04
ST01,SKU02999,392,83,19,2025-08-20
ST21,SKU00893,29,29,8,2025-12-20
ST13,SKU03112,86,41,9,2025-12-08
ST19,SKU04091,66,80,39,2025-12-20
ST13,SKU02819,68,79,28,2025-11-11
ST15,SKU01748,55,54,23,2025-11-20
ST16,SKU01116,71,49,15,2025-11-10
ST06,SKU00267,0,42,15,2025-11-28
ST15,SKU01472,195,74,36,2025-12-24
ST15,SKU03917,33,78,35,2025-12-04
ST03,SKU00704,126,93,23,2025-11-05
ST04,SKU02936,87,41,10,2025-11-02
ST07,SKU02616,91,68,29,2025-11-07
ST15,SKU03934,16,89,19,2025-12-25
ST27,SKU03479,80,77,24,2025-11-01
ST16,SKU00303,48,26,11,2025-12-23
ST24,SKU03544,248,88,19,2025-11-16
ST16,SKU00738,18,46,14,2025-12-20
ST16,SKU03374,63,85,41,2025-11-24
ST29,SKU03329,123,43,10,2025-11-26
ST22,SKU00411,5,25,7,2025-12-07
ST12,SKU00377,281,94,22,2025-11-16
ST25,SKU01608,128,63,15,2025-11-20
ST11,SKU02651,36,57,15,2025-12-22
ST04,SKU00706,581,100,48,2025-08-01
ST11,SKU04486,57,69,28,2025-11-17
ST03,SKU03025,172,80,36,2025-12-24
ST30,SKU01272,66,90,19,2025-11-29
ST14,SKU00633,37,77,19,2025-11-17
ST01,SKU02040,51,79,36,2025-11-12
ST15,SKU00735,49,41,11,2025-12-27
ST11,SKU00061,41,52,12,2025-11-28
ST18,SKU00486,81,31,9,2025-12-06
ST07,SKU02945,141,54,17,2025-12-10
ST26,SKU00283,192,86,33,2025-11-28
ST20,SKU00796,9,92,30,2025-11-04
ST28,SKU02021,38,78,22,2025-11-04
ST18,SKU00852,185,79,27,2025-11-17
ST06,SKU04811,111,40,14,2025-12-12
ST05,SKU04487,8,27,8,2025-11-06
ST09,SKU00102,24,93,39,2025-12-23
ST21,SKU02731,176,80,24,2025-11-26
ST13,SKU01382,95,97,32,2025-11-20
ST14,SKU01597,49,34,10,2025-11-02
ST26,SKU00569,14,39,13,2025-11-26
ST19,SKU00634,208,85,26,2025-11-18
ST06,SKU04828,123,48,16,2025-12-18
ST29,SKU01081,57,65,20,2025-11-10
ST07,SKU03769,11,48,18,2025-12-21
ST03,SKU04711,166,75,35,2025-11-12
ST27,SKU01390,48,21,9,2025-11-22
ST07,SKU03112,104,70,28,2025-11-30
ST30,SKU03977,146,56,22,2025-11-12
ST11,SKU02029,102,46,15,2025-12-27
ST02,SKU03362,272,48,24,2025-06-27
ST26,SKU04609,160,92,27,2025-12-09
ST11,SKU01460,184,67,15,2025-12-28
ST26,SKU00606,169,98,44,2025-12-31
ST06,SKU01392,131,37,16,2025-07-08
ST23,SKU02967,145,73,16,2025-12-09
ST08,SKU02911,128,28,10,2025-08-08
ST13,SKU03981,61,37,8,2025-12-12
ST01,SKU00351,44,70,31,2025-12-27
ST03,SKU00079,138,48,12,2025-12-30
ST22,SKU01714,27,71,19,2025-12-15
ST16,SKU01783,28,21,9,2025-11-16
ST16,SKU03134,7,51,21,2025-12-25
ST20,SKU02888,27,56,17,2025-12-19
ST05,SKU04093,122,78,30,2025-11-27
ST15,SKU01386,121,87,18,2025-12-03
ST01,SKU03811,150,54,27,2025-12-07
ST26,SKU00309,124,72,20,2025-11-07
ST14,SKU02401,0,56,25,2025-09-06
ST08,SKU04634,35,42,12,2025-11-04
ST01,SKU02305,63,37,9,2025-12-29
ST20,SKU04204,36,21,5,2025-11-17
ST18,SKU02169,66,25,12,2025-11-07
ST18,SKU00069,225,44,11,2025-08-08
ST06,SKU04618,62,50,18,2025-12-19
ST24,SKU03206,27,25,9,2025-11-18
ST25,SKU00267,127,56,21,2025-11-16
ST08,SKU03797,18,80,30,2025-11-28
ST27,SKU01928,64,95,41,2025-12-04
ST15,SKU00064,81,95,21,2025-12-12
ST02,SKU02507,64,40,15,2025-12-14
ST24,SKU00736,20,38,13,2025-12-08
ST02,SKU00752,53,76,18,2025-12-27
ST19,SKU02554,16,46,22,2025-11-19
ST27,SKU01725,36,25,6,2025-11-13
ST15,SKU03924,118,70,27,2025-12-29
ST27,SKU02264,7,76,24,2025-12-10
ST26,SKU01943,8,28,12,2025-11-28
ST24,SKU03628,242,93,44,2025-12-12
ST02,SKU01319,149,77,18,2025-11-23
ST17,SKU04923,62,21,9,2025-12-25
ST10,SKU02074,82,62,19,2025-11-19
ST13,SKU03434,46,79,19,2025-11-18
ST27,SKU00267,231,99,37,2025-11-24
ST18,SKU03409,18,25,12,2025-12-03
ST08,SKU01057,39,28,10,2025-11-08
ST03,SKU01280,73,52,21,2025-12-28
ST25,SKU01924,68,26,8,2025-11-23
ST30,SKU00802,39,33,7,2025-12-15
ST01,SKU03731,69,30,7,2025-11-06
ST16,SKU04098,148,68,26,2025-11-12
ST06,SKU04449,155,60,27,2025-12-11
ST28,SKU01601,97,60,29,2025-12-09
ST18,SKU02812,91,67,24,2025-11-23
ST25,SKU03228,65,52,11,2025-12-25
ST07,SKU02389,49,54,12,2025-12-05
ST04,SKU03865,125,46,15,2025-12-01
ST27,SKU03078,135,68,25,2025-11-26
ST09,SKU00795,54,39,11,2025-12-27
ST02,SKU00182,52,86,29,2025-12-22
ST28,SKU00843,65,67,31,2025-11-16
ST10,SKU02325,213,90,39,2025-11-19
ST28,SKU01862,199,86,42,2025-11-21
ST15,SKU04042,70,32,13,2025-12-11
ST05,SKU02001,135,49,10,2025-11-07
ST10,SKU00327,53,53,17,2025-11-07
ST15,SKU01455,136,69,23,2025-11-22
ST21,SKU01101,26,28,9,2025-12-26
ST16,SKU00701,179,63,17,2025-11-26
ST20,SKU01631,89,47,17,2025-12-09
ST19,SKU03969,180,73,17,2025-11-02
ST01,SKU04521,12,74,32,2025-11-16
ST04,SKU01582,533,98,27,2025-05-19
ST02,SKU02287,127,59,15,2025-11-24
ST12,SKU04610,9,58,19,2025-12-02
ST25,SKU04049,45,26,6,2025-11-02
ST03,SKU04876,62,87,33,2025-11-14
ST14,SKU02167,99,34,14,2025-12-26
ST02,SKU04189,66,24,7,2025-11-14
ST11,SKU01915,341,70,15,2025-08-15
ST22,SKU03314,82,73,20,2025-12-04
ST15,SKU01012,25,34,14,2025-12-15
ST08,SKU02104,347,85,22,2025-05-07
ST10,SKU04781,236,79,17,2025-12-08
ST03,SKU04672,40,72,31,2025-12-28
ST24,SKU00227,246,86,27,2025-12-17
ST11,SKU02109,6,62,25,2025-12-13
ST16,SKU03279,104,45,21,2025-11-03
ST15,SKU01897,246,99,32,2025-12-08
ST06,SKU00539,72,88,28,2025-12-22
ST03,SKU02438,84,39,18,2025-12-12
ST11,SKU03616,64,39,15,2025-12-08
ST12,SKU00961,123,55,13,2025-12-20
ST27,SKU02458,113,89,36,2025-11-05
ST05,SKU04293,57,20,5,2025-11-25
ST29,SKU01730,109,65,19,2025-11-12
ST16,SKU00619,285,99,26,2025-11-17
ST01,SKU04538,81,28,12,2025-11-16
ST29,SKU03923,102,61,25,2025-12-28
ST12,SKU00972,358,92,38,2025-06-02
ST06,SKU03248,185,75,17,2025-11-08
ST26,SKU04046,47,52,21,2025-12-29
ST21,SKU03449,36,23,7,2025-12-20
ST10,SKU02203,0,20,9,2025-11-01
ST12,SKU03161,61,64,18,2025-11-03
ST27,SKU04703,66,50,25,2025-11-04
ST10,SKU02139,207,89,27,2025-11-10
ST06,SKU03413,79,54,15,2025-12-21
ST15,SKU03342,80,35,10,2025-12-23
ST21,SKU04448,46,75,36,2025-11-19
ST20,SKU01074,106,49,24,2025-11-22
ST02,SKU01456,119,47,20,2025-12-01
ST21,SKU03894,67,93,43,2025-12-30
ST01,SKU03478,202,82,16,2025-11-07
ST28,SKU02399,151,83,36,2025-11-29
ST24,SKU02379,140,100,29,2025-12-01
ST26,SKU04977,108,53,14,2025-12-17
ST04,SKU04096,88,41,12,2025-12-01
ST24,SKU02552,95,49,19,2025-12-28
ST06,SKU02398,39,21,6,2025-11-11
ST07,SKU01336,114,93,44,2025-11-03
ST04,SKU02621,181,85,25,2025-12-07
ST08,SKU03835,22,32,14,2025-11-19
ST03,SKU03425,0,54,27,2025-08-14
ST08,SKU01459,82,30,14,2025-11-03
ST19,SKU03125,149,64,24,2025-11-14
ST24,SKU04626,0,71,34,2025-09-25
ST01,SKU02969,161,69,30,2025-12-01
ST04,SKU02693,17,69,16,2025-11-29
ST25,SKU00919,60,50,24,2025-11-30
ST24,SKU03607,42,81,16,2025-12-02
ST21,SKU03287,179,91,19,2025-12-23
ST18,SKU00880,75,33,14,2025-12-30
ST04,SKU03663,100,86,34,2025-11-25
ST11,SKU04078,50,70,34,2025-12-30
ST20,SKU04446,82,88,26,2025-11-28
ST10,SKU01920,118,70,29,2025-12-05
ST15,SKU01424,6,50,12,2025-11-25
ST09,SKU02711,27,81,22,2025-11-08
ST26,SKU01667,247,84,23,2025-12-21
ST18,SKU00351,12,21,10,2025-11-17
ST29,SKU02664,117,73,32,2025-12-22
ST03,SKU04495,104,39,18,2025-11-19
ST02,SKU04616,78,30,10,2025-11-08
ST12,SKU03799,4,58,24,2025-11-10
ST27,SKU00472,33,46,23,2025-11-01
ST11,SKU00773,22,35,11,2025-12-19
ST14,SKU00280,117,52,12,2025-12-23
ST07,SKU02277,6,63,31,2025-12-14
ST04,SKU00542,21,86,31,2025-11-09
ST14,SKU04977,52,44,18,2025-12-12
ST04,SKU04538,113,51,14,2025-11-20
ST29,SKU01258,105,41,18,2025-12-31
ST05,SKU01786,17,65,31,2025-12-07
ST18,SKU02608,157,65,25,2025-11-02
ST25,SKU00338,1,91,40,2025-11-26
ST15,SKU03390,139,56,24,2025-11-19
ST04,SKU02343,39,85,41,2025-12-14
ST24,SKU03617,71,56,12,2025-11-05
ST10,SKU01590,17,45,11,2025-12-12
ST07,SKU03241,47,78,27,2025-11-04
ST08,SKU01828,76,35,15,2025-12-01
ST06,SKU03314,258,100,28,2025-11-10
ST09,SKU03299,184,85,36,2025-11-05
ST26,SKU01187,252,45,10,2025-06-07
ST19,SKU03324,19,46,13,2025-11-06
ST22,SKU01374,39,64,28,2025-12-12
ST26,SKU00819,19,65,23,2025-12-03
ST19,SKU04175,30,70,24,2025-11-13
ST21,SKU01270,106,36,13,2025-11-25
ST03,SKU00961,198,88,28,2025-12-22
ST17,SKU03651,112,55,13,2025-11-09
ST16,SKU02075,107,57,16,2025-12-08
ST21,SKU02949,111,47,16,2025-12-05
ST14,SKU02309,15,46,20,2025-12-04
ST02,SKU04959,91,34,9,2025-11-13
ST09,SKU03534,69,30,7,2025-12-02
ST23,SKU04398,58,76,34,2025-12-05
ST13,SKU03022,73,55,19,2025-11-06
ST12,SKU00915,25,76,27,2025-11-25
ST21,SKU00916,126,73,36,2025-11-02
ST19,SKU03667,37,23,5,2025-11-11
ST27,SKU01514,144,67,23,2025-12-03
ST30,SKU01644,223,75,23,2025-11-21
ST24,SKU03579,66,98,45,2025-12-07
ST12,SKU00875,133,78,19,2025-11-15
ST19,SKU04800,20,66,32,2025-11-23
ST10,SKU00810,126,81,39,2025-12-25
ST05,SKU02042,108,84,26,2025-12-31
ST15,SKU01306,35,34,8,2025-11-03
ST02,SKU04177,212,72,32,2025-11-28
ST06,SKU03363,90,53,14,2025-12-08
ST14,SKU02843,44,37,17,2025-11-22
ST20,SKU01950,38,58,28,2025-12-06
ST12,SKU01374,37,22,8,2025-11-07
ST22,SKU01416,28,20,5,2025-11-15
ST27,SKU03572,73,55,20,2025-12-06
ST07,SKU04532,382,66,21,2025-08-19
ST24,SKU02807,170,81,29,2025-12-07
ST01,SKU01681,56,24,9,2025-12-09
ST30,SKU03880,53,55,23,2025-11-22
ST02,SKU00268,101,68,18,2025-12-25
ST30,SKU02988,177,69,31,2025-12-01
ST29,SKU03341,187,100,28,2025-12-19
ST13,SKU02988,70,90,44,2025-11-23
ST08,SKU01974,8,34,12,2025-11-13
ST14,SKU02980,234,82,31,2025-12-17
ST21,SKU03507,41,38,11,2025-11-17
ST22,SKU01338,81,43,15,2025-11-14
ST15,SKU04297,107,98,47,2025-12-01
ST12,SKU00395,42,91,23,2025-11-09
ST13,SKU02690,4,29,10,2025-12-07
ST13,SKU04844,16,65,25,2025-12-09
ST27,SKU04419,95,50,17,2025-12-29
ST29,SKU00381,47,50,12,2025-11-26
ST11,SKU01383,150,58,19,2025-11-07
ST15,SKU01734,174,99,42,2025-11-14
ST10,SKU02793,70,61,22,2025-12-23
ST22,SKU03996,103,36,17,2025-11-27
ST17,SKU03967,166,83,41,2025-11-03
ST30,SKU01099,63,27,9,2025-12-20
ST09,SKU04008,39,44,19,2025-12-05
ST28,SKU00136,112,57,26,2025-12-10
ST04,SKU01150,3,34,16,2025-11-16
ST08,SKU04355,11,24,6,2025-12-10
ST22,SKU01642,75,49,17,2025-12-17
ST08,SKU02872,32,49,12,2025-11-04
ST04,SKU04648,54,36,13,2025-11-06
ST02,SKU00238,39,60,28,2025-11-08
ST23,SKU02703,100,67,22,2025-11-09
ST17,SKU02323,78,38,16,2025-11-28
ST15,SKU01567,406,78,17,2025-06-19
ST23,SKU03752,44,21,4,2025-11-12
ST07,SKU04378,145,58,15,2025-11-19
ST08,SKU01969,195,73,22,2025-12-13
ST01,SKU02884,67,95,41,2025-12-17
ST10,SKU04589,52,62,20,2025-12-15
ST03,SKU01165,6,43,17,2025-12-03
ST26,SKU02603,189,67,16,2025-12-09
ST06,SKU01145,159,58,19,2025-12-29
ST02,SKU01905,193,76,16,2025-12-18
ST15,SKU03854,64,32,10,2025-11-14
ST19,SKU00192,91,83,17,2025-12-12
ST06,SKU04139,56,30,6,2025-12-24
ST02,SKU01376,154,83,23,2025-11-09
ST25,SKU02088,43,21,9,2025-12-24
ST07,SKU03629,190,78,26,2025-12-05
ST09,SKU02433,75,83,38,2025-11-14
ST27,SKU04116,41,80,18,2025-11-13
ST24,SKU00400,90,68,29,2025-12-16
ST09,SKU01411,5,22,7,2025-11-07
ST20,SKU01124,79,92,30,2025-12-25
ST30,SKU02201,223,84,29,2025-12-14
ST07,SKU01361,50,31,10,2025-12-26
ST05,SKU03818,48,28,12,2025-11-28
ST23,SKU02757,143,76,22,2025-11-03
ST12,SKU01606,73,40,11,2025-12-24
ST23,SKU02989,66,54,23,2025-11-06
ST19,SKU04116,91,53,20,2025-11-18
ST04,SKU01237,212,93,37,2025-12-06
ST05,SKU01644,8,67,16,2025-11-17
ST01,SKU00926,19,32,10,2025-11-01
ST28,SKU01760,16,31,14,2025-12-03
ST10,SKU04044,4,75,29,2025-12-15
ST12,SKU01067,139,89,30,2025-12-12
ST12,SKU01617,81,88,40,2025-12-03
ST18,SKU04885,54,61,24,2025-11-08
ST14,SKU00478,121,49,24,2025-11-13
ST19,SKU01481,92,41,14,2025-11-12
ST17,SKU00248,77,42,10,2025-11-17
ST10,SKU03588,58,84,28,2025-11-02
ST18,SKU03846,63,98,38,2025-11-12
ST01,SKU01629,129,99,49,2025-12-14
ST30,SKU03814,193,73,21,2025-11-16
ST09,SKU01348,44,58,17,2025-11-07
ST29,SKU00377,147,69,29,2025-11-12
ST30,SKU02713,101,35,14,2025-12-10
ST23,SKU01230,183,64,24,2025-11-29
ST26,SKU02816,36,48,14,2025-12-30
ST02,SKU04957,13,26,7,2025-12-18
ST28,SKU03456,46,32,7,2025-11-21
ST28,SKU03685,219,88,29,2025-12-04
ST22,SKU01799,6,28,7,2025-12-11
ST08,SKU04252,75,39,17,2025-12-31
ST09,SKU00472,39,30,8,2025-11-23
ST06,SKU03934,15,95,25,2025-11-03
ST06,SKU00318,37,65,26,2025-11-24
ST15,SKU00178,127,60,23,2025-11-22
ST29,SKU04636,211,55,12,2025-05-16
ST17,SKU00639,52,50,22,2025-11-17
ST08,SKU01591,31,52,13,2025-12-11
ST28,SKU02828,258,93,23,2025-12-19
ST11,SKU02604,49,36,11,2025-12-28
ST01,SKU03691,159,90,22,2025-11-30
ST08,SKU02516,111,91,36,2025-11-03
ST16,SKU01833,12,33,9,2025-12-13
ST14,SKU03525,147,54,11,2025-12-23
ST14,SKU01637,137,99,42,2025-11-06
ST30,SKU04724,51,23,10,2025-12-24
ST13,SKU01208,27,24,11,2025-12-17
ST03,SKU00133,35,22,5,2025-11-02
ST14,SKU00154,46,41,12,2025-11-01
ST27,SKU00375,24,50,25,2025-11-15
ST09,SKU02733,73,62,26,2025-11-05
ST05,SKU01687,169,65,30,2025-12-07
ST24,SKU03674,39,27,8,2025-12-31
ST09,SKU04338,119,54,11,2025-11-15
ST07,SKU01468,60,64,13,2025-12-21
ST04,SKU00736,25,26,12,2025-11-19
ST29,SKU01077,11,65,24,2025-11-12
ST06,SKU01702,53,75,34,2025-11-13
ST06,SKU01937,31,25,11,2025-12-01
ST09,SKU03265,38,64,23,2025-12-17
ST21,SKU03678,70,26,11,2025-11-18
ST28,SKU04794,200,100,47,2025-12-20
ST28,SKU04481,103,86,40,2025-11-03
ST14,SKU03888,133,76,16,2025-11-30
ST01,SKU04403,161,63,25,2025-12-26
ST15,SKU04750,48,48,24,2025-12-24
ST08,SKU04307,82,87,36,2025-11-11
ST21,SKU01666,90,62,27,2025-11-09
ST10,SKU03876,0,98,23,2025-08-19
ST25,SKU01332,101,42,19,2025-11-21
ST01,SKU00365,67,51,14,2025-11-24
ST27,SKU02911,227,42,13,2025-06-13
ST05,SKU00937,80,36,14,2025-12-13
ST25,SKU04302,69,30,8,2025-12-22
ST27,SKU00694,0,28,10,2025-12-12
ST25,SKU04542,121,76,37,2025-12-17
ST24,SKU04872,41,55,20,2025-11-12
ST12,SKU02363,9,56,18,2025-11-05
ST14,SKU03413,82,34,16,2025-11-22
ST29,SKU03854,193,85,35,2025-11-22
ST27,SKU02079,1,25,10,2025-12-14
ST03,SKU01296,12,30,8,2025-12-02
ST20,SKU00053,60,27,9,2025-12-06
ST08,SKU00500,100,79,20,2025-11-08
ST27,SKU02553,14,25,8,2025-12-16
ST27,SKU04597,186,82,17,2025-11-07
ST01,SKU04396,2,85,27,2025-11-04
ST04,SKU03460,5,21,7,2025-11-03
ST24,SKU01280,94,90,20,2025-11-17
ST12,SKU02005,66,47,13,2025-12-04
ST20,SKU00214,107,69,24,2025-12-31
ST29,SKU02038,238,41,9,2025-06-12
ST25,SKU04767,141,52,21,2025-12-07
ST22,SKU00536,106,36,8,2025-12-31
ST24,SKU02782,163,62,26,2025-11-23
ST07,SKU01230,60,58,12,2025-11-26
ST03,SKU01565,37,52,14,2025-12-02
ST30,SKU01276,56,71,21,2025-11-04
ST03,SKU03496,98,52,12,2025-12-14
ST25,SKU04416,47,89,22,2025-11-11
ST28,SKU00349,49,25,8,2025-11-23
ST28,SKU02433,46,79,26,2025-11-16
ST18,SKU03054,130,56,20,2025-12-17
ST22,SKU04966,112,55,26,2025-12-26
ST14,SKU03686,15,35,13,2025-12-25
ST28,SKU02921,30,57,23,2025-12-07
ST05,SKU02126,69,52,22,2025-11-26
ST23,SKU03874,92,78,30,2025-11-21
ST11,SKU02307,156,96,43,2025-12-26
ST13,SKU00117,132,76,31,2025-12-13
ST29,SKU02425,345,74,35,2025-08-09
ST30,SKU02606,31,30,13,2025-11-15
ST18,SKU03853,120,42,8,2025-12-20
ST28,SKU01599,47,43,11,2025-12-17
ST02,SKU04462,202,78,35,2025-12-11
ST14,SKU01859,141,76,35,2025-11-28
ST10,SKU03075,132,79,27,2025-12-16
ST05,SKU04521,56,35,9,2025-11-19
ST13,SKU03250,48,92,23,2025-11-04
ST05,SKU04495,82,50,24,2025-12-10
ST01,SKU00530,107,41,16,2025-12-03
ST30,SKU02608,132,72,32,2025-12-20
ST29,SKU04585,52,28,12,2025-11-06
ST14,SKU01947,18,45,10,2025-11-03
ST25,SKU01797,154,67,16,2025-12-26
ST16,SKU01869,5,33,15,2025-12-25
ST29,SKU02741,165,71,27,2025-12-24
ST01,SKU02442,16,47,11,2025-12-12
ST21,SKU03343,136,68,26,2025-12-02
ST14,SKU03109,56,84,21,2025-11-26
ST25,SKU04626,83,32,16,2025-11-22
ST19,SKU02866,45,47,19,2025-12-21
ST14,SKU03557,72,27,8,2025-12-18
ST25,SKU01258,8,58,17,2025-12-26
ST21,SKU00971,51,68,32,2025-11-18
ST11,SKU03401,16,41,17,2025-12-16
ST07,SKU04893,162,67,25,2025-12-05
ST16,SKU04986,33,64,21,2025-12-21
ST27,SKU02198,12,63,23,2025-12-12
ST22,SKU02884,35,37,18,2025-12-28
ST03,SKU00260,46,50,23,2025-12-17
ST02,SKU02092,191,82,21,2025-11-11
ST15,SKU02154,18,98,33,2025-11-23
ST08,SKU04483,209,84,29,2025-12-10
ST10,SKU04419,15,36,15,2025-12-04
ST07,SKU01562,60,67,14,2025-12-16
ST13,SKU04861,67,30,9,2025-12-27
ST13,SKU04568,95,44,13,2025-12-20
ST03,SKU04923,75,30,7,2025-11-20
ST22,SKU01492,59,66,25,2025-11-25
ST21,SKU02115,188,67,21,2025-12-13
ST28,SKU04290,85,58,29,2025-12-27
ST29,SKU02626,399,89,31,2025-08-24
ST05,SKU04749,24,56,19,2025-11-20
ST23,SKU03536,21,50,20,2025-11-16
ST02,SKU03083,126,88,41,2025-11-28
ST03,SKU01067,129,90,33,2025-11-03
ST01,SKU03628,107,64,21,2025-12-27
ST21,SKU01301,55,84,37,2025-12-08
ST30,SKU04855,79,71,23,2025-12-11
ST03,SKU03953,27,27,9,2025-11-11
ST15,SKU01671,55,32,10,2025-11-05
ST26,SKU02483,102,52,22,2025-12-19
ST14,SKU03699,30,89,20,2025-12-22
ST01,SKU02502,159,68,15,2025-12-14
ST30,SKU02105,23,22,6,2025-11-03
ST05,SKU04732,85,93,19,2025-11-27
ST14,SKU03101,101,74,19,2025-12-08
ST02,SKU03812,0,55,17,2025-09-30
ST05,SKU03233,34,69,16,2025-12-10
ST19,SKU03267,151,83,37,2025-11-07
ST16,SKU01359,128,49,24,2025-11-12
ST11,SKU01516,111,94,24,2025-11-28
ST05,SKU04571,43,67,27,2025-12-10
ST27,SKU01734,194,77,33,2025-11-07
ST23,SKU04235,84,99,36,2025-11-23
ST22,SKU00613,30,69,30,2025-11-24
ST18,SKU00652,180,83,29,2025-12-15
ST02,SKU03219,11,24,9,2025-11-27
ST16,SKU04304,38,24,6,2025-11-20
ST09,SKU01015,16,60,23,2025-11-25
ST29,SKU02720,22,40,10,2025-12-07
ST14,SKU02513,81,44,14,2025-11-20
ST28,SKU01374,23,41,8,2025-11-24
ST04,SKU02442,8,27,9,2025-12-25
ST11,SKU01865,16,25,9,2025-12-31
ST20,SKU03322,116,39,15,2025-12-15
ST25,SKU01772,148,73,33,2025-12-25
ST04,SKU04917,8,72,27,2025-12-16
ST08,SKU02044,175,74,27,2025-12-04
ST01,SKU04174,46,21,7,2025-12-11
ST13,SKU03452,68,34,11,2025-11-29
ST05,SKU00780,42,34,16,2025-12-16
ST20,SKU04369,175,83,20,2025-11-23
ST20,SKU02989,96,71,22,2025-12-14
ST18,SKU01444,31,46,16,2025-11-02
ST25,SKU03894,143,56,22,2025-11-14
ST26,SKU03146,104,54,19,2025-12-21
ST26,SKU03939,15,58,24,2025-12-19
ST24,SKU01341,144,74,37,2025-11-29
ST04,SKU00898,10,35,16,2025-11-10
ST23,SKU01962,191,87,40,2025-12-16
ST07,SKU02290,90,21,5,2025-08-13
ST24,SKU00218,114,62,19,2025-12-29
ST23,SKU00314,25,60,26,2025-12-07
ST27,SKU03082,210,83,32,2025-11-18
ST06,SKU03677,57,58,15,2025-11-30
ST26,SKU01519,1,39,8,2025-12-23
ST15,SKU00215,250,93,29,2025-12-24
ST10,SKU03357,152,27,10,2025-07-19
ST16,SKU01251,47,23,5,2025-12-12
ST20,SKU00398,179,92,37,2025-12-05
ST05,SKU04810,84,35,12,2025-11-12
ST09,SKU03531,90,81,38,2025-11-04
ST19,SKU00402,138,37,8,2025-05-14
ST12,SKU02100,148,53,22,2025-11-06
ST23,SKU01329,10,30,12,2025-11-01
ST30,SKU00898,144,55,15,2025-12-18
ST29,SKU01383,36,77,19,2025-12-27
ST13,SKU03304,63,45,21,2025-11-21
ST29,SKU02275,121,45,14,2025-12-01
ST12,SKU00720,95,41,9,2025-11-20
ST05,SKU04516,185,87,41,2025-12-20
ST24,SKU04865,76,89,27,2025-12-06
ST18,SKU01714,72,48,15,2025-11-24
ST06,SKU01839,34,67,19,2025-11-15
ST12,SKU04251,176,59,26,2025-12-19
ST12,SKU01455,17,84,32,2025-12-19
ST01,SKU03845,177,76,36,2025-11-17
ST19,SKU01685,0,21,10,2025-08-04
ST30,SKU01402,158,92,43,2025-12-26
ST18,SKU03862,145,62,19,2025-12-07
ST30,SKU04507,9,25,11,2025-11-11
ST09,SKU00026,81,51,24,2025-11-14
ST12,SKU02091,204,78,24,2025-11-26
ST10,SKU04885,30,33,8,2025-11-16
ST26,SKU01090,16,21,7,2025-12-17
ST13,SKU00327,62,39,19,2025-11-17
ST07,SKU01207,167,61,30,2025-11-10
ST24,SKU00655,22,54,21,2025-11-06
ST09,SKU01066,97,63,22,2025-12-13
ST05,SKU00681,6,47,14,2025-11-19
ST14,SKU03406,4,70,19,2025-11-01
ST02,SKU03119,206,77,33,2025-11-04
ST09,SKU00364,68,66,22,2025-11-10
ST24,SKU02428,161,63,16,2025-12-26
ST07,SKU02801,21,39,16,2025-12-24
ST24,SKU04743,38,64,31,2025-11-18
ST09,SKU04528,77,87,26,2025-12-10
ST23,SKU03297,145,56,23,2025-11-12
ST06,SKU01798,115,54,15,2025-11-27
ST20,SKU00813,149,78,17,2025-11-11
ST30,SKU01984,56,70,25,2025-11-02
ST11,SKU04258,44,44,18,2025-12-07
ST29,SKU04790,37,59,12,2025-12-29
ST29,SKU03846,20,81,40,2025-12-20
ST07,SKU03027,49,61,26,2025-12-31
ST06,SKU01470,129,74,27,2025-12-09
ST22,SKU02422,151,55,27,2025-11-18
ST19,SKU00371,366,93,30,2025-08-16
ST21,SKU04076,27,23,7,2025-12-15
ST30,SKU01704,213,92,23,2025-12-15
ST02,SKU01321,82,55,21,2025-11-16
ST26,SKU03629,83,86,32,2025-11-26
ST26,SKU03643,235,97,29,2025-12-20
ST18,SKU01066,22,89,26,2025-12-13
ST19,SKU01118,5,82,35,2025-11-12
ST27,SKU00810,37,21,6,2025-11-23
ST02,SKU02333,0,76,20,2025-09-10
ST08,SKU03809,125,65,18,2025-12-05
ST03,SKU00182,7,29,12,2025-12-26
ST25,SKU01991,79,50,16,2025-11-01
ST22,SKU00751,88,54,24,2025-12-14
ST02,SKU03810,108,40,18,2025-12-04
ST01,SKU03332,212,81,38,2025-11-10
ST01,SKU04571,181,63,14,2025-11-06
ST09,SKU04822,57,24,8,2025-11-26
ST21,SKU01600,118,56,20,2025-12-15
ST29,SKU03161,43,29,7,2025-12-02
ST22,SKU03124,115,65,17,2025-11-02
ST29,SKU00685,74,50,17,2025-11-18
ST18,SKU00457,30,60,24,2025-11-19
ST09,SKU02772,217,79,35,2025-11-22
ST18,SKU02663,38,52,14,2025-11-15
ST26,SKU04241,46,37,11,2025-11-07
ST08,SKU03899,27,47,20,2025-11-03
ST25,SKU02328,18,49,23,2025-12-25
ST02,SKU02839,53,37,16,2025-11-23
ST09,SKU00601,26,46,22,2025-12-15
ST10,SKU00650,247,52,21,2025-08-10
ST01,SKU03363,107,63,24,2025-12-31
ST07,SKU04539,164,78,30,2025-12-09
ST08,SKU04629,144,62,29,2025-11-03
ST21,SKU03417,111,64,20,2025-11-07
ST10,SKU03577,31,79,18,2025-12-05
ST24,SKU02441,112,45,15,2025-11-03
ST24,SKU02674,104,37,18,2025-12-18
ST27,SKU03461,17,28,12,2025-11-17
ST30,SKU01367,77,80,31,2025-11-28
ST06,SKU02199,50,44,16,2025-11-03
ST11,SKU02136,40,90,23,2025-11-27
ST20,SKU03689,22,90,24,2025-12-05
ST22,SKU01518,9,24,7,2025-11-19
ST14,SKU03332,30,34,12,2025-11-27
ST29,SKU03785,30,51,18,2025-11-05
ST08,SKU00893,54,32,9,2025-11-08
ST07,SKU01440,63,34,12,2025-12-10
ST18,SKU04809,105,55,19,2025-12-30
ST11,SKU01355,166,58,28,2025-12-09
ST14,SKU03710,114,58,25,2025-12-10
ST25,SKU02642,98,82,20,2025-12-30
ST28,SKU04490,38,44,22,2025-12-27
ST18,SKU02913,6,60,22,2025-11-21
ST15,SKU04560,31,36,17,2025-11-05
ST11,SKU03661,54,33,16,2025-12-12
ST14,SKU02227,46,68,33,2025-11-24
ST29,SKU04163,77,29,10,2025-12-28
ST17,SKU03701,130,93,40,2025-11-25
ST21,SKU02302,309,83,39,2025-06-26
ST09,SKU04577,78,36,16,2025-11-10
ST10,SKU01549,35,21,9,2025-12-17
ST06,SKU03770,48,85,40,2025-11-26
ST07,SKU01004,39,98,37,2025-11-18
ST29,SKU02890,183,84,29,2025-12-29
ST02,SKU00066,72,23,7,2025-08-24
ST17,SKU04353,74,58,18,2025-12-08
ST02,SKU01351,65,38,9,2025-11-15
ST09,SKU02880,6,41,18,2025-11-15
ST30,SKU01313,1,51,21,2025-12-30
ST22,SKU02882,36,54,12,2025-12-11
ST30,SKU00629,201,79,31,2025-11-25
ST22,SKU01398,14,53,21,2025-11-02
ST22,SKU00375,24,88,21,2025-11-17
ST18,SKU04154,110,55,24,2025-12-28
ST02,SKU03820,47,31,13,2025-11-18
ST30,SKU03411,82,66,20,2025-11-05
ST11,SKU01720,145,71,22,2025-12-20
ST12,SKU04275,28,46,18,2025-12-17
ST24,SKU04235,62,43,15,2025-12-04
ST08,SKU02603,220,97,29,2025-12-01
ST17,SKU01923,153,93,38,2025-12-04
ST21,SKU04681,83,32,14,2025-11-01
ST13,SKU04927,93,67,17,2025-12-07
ST28,SKU02270,161,92,42,2025-12-03
ST18,SKU01672,93,39,17,2025-12-06
ST08,SKU04108,74,100,26,2025-12-16
ST09,SKU03678,62,33,8,2025-12-11
ST22,SKU02091,177,83,23,2025-11-11
ST10,SKU02530,18,98,46,2025-12-07
ST07,SKU04486,0,23,5,2025-12-30
ST11,SKU01012,217,90,40,2025-11-27
ST15,SKU03297,184,80,35,2025-11-05
ST14,SKU00309,95,52,20,2025-12-30
ST03,SKU00927,83,78,18,2025-12-26
ST14,SKU01313,57,34,14,2025-12-16
ST07,SKU04726,117,97,26,2025-12-18
ST14,SKU04938,123,82,30,2025-12-23
ST17,SKU00386,169,41,19,2025-05-27
ST13,SKU02898,36,39,9,2025-11-21
ST03,SKU02527,6,62,26,2025-11-08
ST07,SKU04745,54,89,44,2025-12-20
ST15,SKU01246,64,37,14,2025-12-12
ST18,SKU01326,37,97,44,2025-11-03
ST01,SKU01302,138,72,22,2025-11-07
ST09,SKU01301,90,63,16,2025-11-02
ST04,SKU03768,54,23,8,2025-11-13
ST12,SKU02909,51,69,30,2025-12-16
ST20,SKU00542,55,21,8,2025-12-01
ST05,SKU01877,41,27,10,2025-12-08
ST19,SKU04722,0,32,8,2025-11-03
ST16,SKU03525,69,65,28,2025-12-13
ST19,SKU00783,116,81,27,2025-11-24
ST01,SKU02269,96,60,21,2025-12-02
ST12,SKU00231,8,29,11,2025-12-15
ST11,SKU04786,13,68,22,2025-11-11
ST10,SKU00103,62,46,12,2025-12-27
ST09,SKU03797,33,78,34,2025-12-11
ST19,SKU00439,24,39,13,2025-11-10
ST29,SKU02555,151,54,22,2025-11-09
ST17,SKU01554,98,82,40,2025-12-23
ST29,SKU02800,76,48,20,2025-12-13
ST30,SKU03227,76,45,15,2025-11-06
ST16,SKU01596,55,36,14,2025-11-26
ST03,SKU02860,164,56,17,2025-11-15
ST19,SKU00970,47,34,13,2025-12-19
ST25,SKU01604,87,75,24,2025-11-22
ST09,SKU02822,77,89,35,2025-12-05
ST14,SKU00740,152,71,27,2025-11-05
ST05,SKU01151,34,30,10,2025-11-28
ST29,SKU03551,124,51,25,2025-11-04
ST03,SKU00955,16,27,12,2025-12-04
ST03,SKU04573,7,97,29,2025-12-01
ST15,SKU00761,181,77,21,2025-12-07
ST24,SKU00657,0,29,14,2025-11-11
ST25,SKU02575,173,74,18,2025-11-26
ST29,SKU02751,179,80,23,2025-11-13
ST06,SKU03798,188,86,43,2025-12-06
ST29,SKU01446,78,89,30,2025-11-18
ST25,SKU04440,32,24,11,2025-11-04
ST10,SKU01755,187,98,37,2025-11-23
ST07,SKU03710,22,49,18,2025-12-20
ST04,SKU01549,202,90,21,2025-12-10
ST07,SKU04954,73,45,9,2025-12-28
ST26,SKU02166,50,48,13,2025-12-17
ST21,SKU03663,10,34,14,2025-12-13
ST03,SKU01427,22,75,36,2025-12-14
ST10,SKU04456,20,32,15,2025-11-09
ST17,SKU02115,83,28,7,2025-12-29
ST22,SKU03032,121,95,34,2025-11-02
ST10,SKU00289,133,77,33,2025-11-18
ST19,SKU04480,56,30,10,2025-12-20
ST13,SKU00407,181,98,25,2025-11-18
ST20,SKU01738,96,64,24,2025-12-14
ST08,SKU02551,48,22,11,2025-12-06
ST25,SKU04748,53,23,7,2025-11-22
ST27,SKU01275,83,42,16,2025-11-23
ST01,SKU02326,56,96,38,2025-11-21
ST15,SKU00045,50,24,7,2025-11-20
ST18,SKU02184,45,25,10,2025-11-13
ST21,SKU03598,25,43,19,2025-11-27
ST11,SKU04781,52,27,8,2025-12-25
ST09,SKU03775,6,25,9,2025-12-28
ST06,SKU04937,38,27,6,2025-11-11
ST29,SKU04617,66,48,20,2025-12-25
ST01,SKU01081,133,86,24,2025-12-25
ST04,SKU01472,119,50,18,2025-12-30
ST28,SKU01227,66,72,24,2025-11-08
ST15,SKU02976,96,61,26,2025-12-20
ST22,SKU03873,170,96,27,2025-11-09
ST10,SKU04483,99,77,37,2025-12-10
ST20,SKU00685,97,33,14,2025-11-29
ST05,SKU00493,225,92,37,2025-11-16
ST16,SKU00827,99,37,12,2025-11-17
ST20,SKU01479,27,93,22,2025-11-01
ST15,SKU02178,64,54,14,2025-12-12
ST27,SKU02020,59,28,8,2025-12-15
ST30,SKU04488,170,81,18,2025-12-02
ST08,SKU03415,181,98,39,2025-12-19
ST18,SKU02200,114,72,15,2025-11-30
ST29,SKU03379,167,64,21,2025-11-22
ST26,SKU03549,93,36,16,2025-12-14
ST11,SKU02498,138,67,16,2025-11-25
ST08,SKU03881,161,84,39,2025-11-30
ST17,SKU00840,61,38,12,2025-12-03
ST10,SKU04259,41,89,35,2025-11-19
ST25,SKU04005,13,83,32,2025-12-26
ST17,SKU01398,33,99,31,2025-12-16
ST26,SKU00340,47,22,7,2025-12-18
ST20,SKU02347,15,42,10,2025-12-05
ST30,SKU00082,104,39,19,2025-12-09
ST06,SKU03154,107,61,17,2025-11-02
ST25,SKU02523,173,87,28,2025-12-03
ST07,SKU02238,36,40,10,2025-11-02
ST12,SKU00510,75,81,18,2025-11-22
ST19,SKU01733,136,38,8,2025-06-24
ST03,SKU03412,261,90,29,2025-11-27
ST26,SKU03849,74,64,13,2025-12-02
ST11,SKU03312,155,60,21,2025-11-26
ST19,SKU04920,59,22,9,2025-12-04
ST09,SKU02933,17,43,12,2025-11-15
ST30,SKU01668,56,31,7,2025-12-01
ST25,SKU01441,458,79,29,2025-07-19
ST14,SKU01615,5,58,25,2025-11-21
ST28,SKU04201,175,87,32,2025-12-13
ST08,SKU02124,126,57,12,2025-11-08
ST17,SKU03677,174,97,44,2025-11-19
ST10,SKU01186,113,74,24,2025-12-30
ST30,SKU01931,64,23,5,2025-12-02
ST17,SKU00869,16,33,15,2025-11-02
ST17,SKU02141,208,72,34,2025-12-10
ST26,SKU02343,149,87,35,2025-12-12
ST28,SKU01015,193,71,35,2025-11-28
ST25,SKU04381,0,78,26,2025-09-24
ST06,SKU00450,6,34,16,2025-12-13
ST05,SKU03447,66,34,9,2025-11-29
ST20,SKU02809,167,89,35,2025-11-18
ST07,SKU03249,54,49,15,2025-12-15
ST27,SKU03245,68,66,13,2025-12-19
ST03,SKU02367,166,99,33,2025-11-12
ST25,SKU02220,104,55,19,2025-12-25
ST01,SKU04130,44,92,18,2025-12-30
ST24,SKU03623,127,49,22,2025-12-02
ST02,SKU02858,46,31,12,2025-12-09
ST12,SKU03412,64,59,12,2025-12-28
ST17,SKU00543,212,85,19,2025-11-17
ST30,SKU04170,106,41,8,2025-11-08
ST08,SKU00246,5,32,8,2025-11-07
ST16,SKU04899,80,56,14,2025-11-28
ST13,SKU04238,125,60,17,2025-12-06
ST12,SKU00114,79,81,23,2025-11-19
ST10,SKU01529,157,82,28,2025-12-05
ST18,SKU03294,13,22,8,2025-12-18
ST26,SKU03902,67,89,43,2025-11-15
ST08,SKU01261,55,29,7,2025-12-29
ST21,SKU01235,36,35,15,2025-11-23
ST15,SKU01626,55,29,11,2025-12-20
ST30,SKU00841,36,34,13,2025-12-02
ST03,SKU02691,52,78,38,2025-12-07
ST25,SKU03898,20,76,38,2025-12-20
ST22,SKU01708,83,29,13,2025-11-04
ST10,SKU02572,232,87,33,2025-12-27
ST03,SKU02099,110,51,15,2025-11-07
ST26,SKU01950,104,82,38,2025-12-24
ST18,SKU03241,57,33,8,2025-12-05
ST24,SKU00784,129,99,30,2025-11-21
ST30,SKU00274,58,21,10,2025-12-25
ST27,SKU01121,22,22,5,2025-12-27
ST21,SKU00953,0,92,22,2025-09-11
ST23,SKU04026,30,24,6,2025-11-23
ST15,SKU01715,205,96,47,2025-12-23
ST11,SKU02238,88,100,39,2025-11-08
ST05,SKU04086,250,98,39,2025-12-24
ST05,SKU00141,36,54,24,2025-11-16
ST22,SKU02197,158,73,35,2025-11-07
ST10,SKU00619,126,78,26,2025-12-04
ST19,SKU02416,87,60,17,2025-11-10
ST28,SKU04559,70,32,7,2025-12-10
ST27,SKU04857,200,72,19,2025-12-22
ST10,SKU04303,69,50,11,2025-11-27
ST19,SKU04969,48,64,28,2025-12-28
ST25,SKU02513,66,100,23,2025-12-18
ST27,SKU02771,5,47,22,2025-12-12
ST23,SKU03466,44,82,28,2025-11-07
ST06,SKU04164,50,20,6,2025-11-21
ST09,SKU02700,333,86,23,2025-07-31
ST04,SKU03981,153,68,32,2025-12-03
ST17,SKU04411,102,57,17,2025-12-18
ST08,SKU04940,120,53,12,2025-12-02
ST01,SKU02022,31,32,7,2025-12-03
ST06,SKU03315,175,65,26,2025-12-14
ST04,SKU02551,81,97,40,2025-11-12
ST07,SKU00075,235,74,16,2025-08-30
ST29,SKU04252,46,20,8,2025-12-20
ST20,SKU04408,16,24,9,2025-11-18
ST28,SKU02918,211,92,36,2025-12-21
ST05,SKU00465,41,22,7,2025-11-21
ST18,SKU04016,0,37,15,2025-09-06
ST09,SKU01056,89,54,14,2025-12-25
ST07,SKU02315,181,100,27,2025-11-02
ST09,SKU02929,82,53,19,2025-11-14
ST12,SKU02317,41,28,12,2025-11-06
ST15,SKU00108,23,98,24,2025-12-14
ST22,SKU01613,4,21,9,2025-11-19
ST12,SKU01991,0,43,16,2025-12-10
ST17,SKU04391,28,24,6,2025-11-08
ST27,SKU03638,182,67,30,2025-12-14
ST05,SKU03767,101,45,12,2025-12-31
ST20,SKU02602,0,32,11,2025-11-12
ST18,SKU03394,24,88,32,2025-11-02
ST19,SKU02406,105,72,21,2025-12-19
ST11,SKU04249,280,62,29,2025-05-26
ST20,SKU03896,117,73,15,2025-12-03
ST16,SKU01025,2,43,11,2025-12-16
ST11,SKU01672,152,66,32,2025-11-24
ST03,SKU02637,84,39,17,2025-12-30
ST02,SKU04354,128,43,15,2025-12-24
ST26,SKU01404,31,24,10,2025-12-17
ST06,SKU01195,6,100,38,2025-12-10
ST08,SKU03816,191,94,20,2025-11-22
ST25,SKU04731,160,74,26,2025-12-20
ST08,SKU00742,123,62,19,2025-12-16
ST10,SKU03134,163,74,23,2025-11-05
ST17,SKU04357,249,85,32,2025-12-23
ST09,SKU01083,13,34,9,2025-11-13
ST07,SKU00213,23,34,10,2025-12-03
ST02,SKU04770,138,72,17,2025-11-07
ST08,SKU04448,47,95,22,2025-12-29
ST19,SKU01110,53,74,30,2025-12-09
ST25,SKU04122,44,38,11,2025-12-18
ST18,SKU03080,81,56,14,2025-11-29
ST18,SKU03677,6,33,10,2025-12-07
ST16,SKU00246,50,22,8,2025-11-03
ST14,SKU01835,178,66,20,2025-12-08
ST12,SKU00041,41,59,19,2025-12-07
ST21,SKU04384,53,28,13,2025-11-02
ST20,SKU03182,175,65,31,2025-12-01
ST27,SKU02744,56,78,34,2025-12-19
ST17,SKU03517,166,92,35,2025-11-07
ST06,SKU00335,63,95,29,2025-12-01
ST14,SKU03433,6,57,27,2025-12-06
ST07,SKU02986,199,67,31,2025-11-18
ST06,SKU02099,94,40,16,2025-12-24
ST23,SKU01085,181,78,27,2025-12-14
ST14,SKU03462,29,59,14,2025-12-05
ST09,SKU03069,61,52,15,2025-11-27
ST05,SKU04398,188,84,20,2025-11-10
ST02,SKU03052,57,59,12,2025-11-25
ST01,SKU02352,36,53,13,2025-11-15
ST23,SKU01208,18,34,10,2025-12-08
ST28,SKU04433,65,68,15,2025-11-29
ST16,SKU04439,35,52,13,2025-11-18
ST09,SKU00238,57,39,16,2025-11-06
ST22,SKU03496,141,66,26,2025-11-26
ST16,SKU02485,59,24,9,2025-11-01
ST10,SKU02148,49,47,17,2025-11-22
ST19,SKU04060,94,54,15,2025-12-13
ST16,SKU03605,96,72,18,2025-12-29
ST25,SKU02228,172,98,24,2025-11-06
ST13,SKU02182,80,56,21,2025-12-25
ST09,SKU01294,19,82,19,2025-12-12
ST23,SKU03243,10,64,24,2025-12-03
ST20,SKU02591,12,49,19,2025-12-18
ST15,SKU02403,24,21,7,2025-12-03
ST19,SKU00319,61,54,13,2025-11-04
ST16,SKU00391,257,90,18,2025-12-08
ST13,SKU03783,1,66,30,2025-11-06
ST20,SKU02244,4,32,13,2025-11-15
ST22,SKU03595,134,77,34,2025-12-10
ST17,SKU04197,229,83,23,2025-11-23
ST13,SKU00276,35,33,13,2025-12-04
ST22,SKU04853,133,79,25,2025-12-30
ST08,SKU04267,46,22,8,2025-11-20
ST01,SKU03347,289,58,20,2025-05-17
ST14,SKU02780,440,91,30,2025-07-27
ST07,SKU02969,66,25,7,2025-11-12
ST23,SKU03936,131,47,13,2025-12-27
ST28,SKU00516,158,65,16,2025-12-11
ST22,SKU00224,218,77,28,2025-12-04
ST19,SKU03154,35,33,16,2025-12-18
ST19,SKU00813,45,29,9,2025-11-22
ST07,SKU03480,175,87,37,2025-12-07
ST19,SKU00895,52,88,24,2025-12-28
ST22,SKU03261,10,63,30,2025-12-23
ST20,SKU00835,52,98,30,2025-11-09
ST13,SKU00706,223,54,16,2025-09-01
ST23,SKU03430,156,77,22,2025-12-28
ST27,SKU03197,136,76,21,2025-12-21
ST14,SKU04141,94,32,8,2025-12-05
ST05,SKU01609,205,100,49,2025-11-06
ST27,SKU00371,126,24,8,2025-08-07
ST18,SKU01382,164,62,27,2025-12-25
ST30,SKU00123,208,94,41,2025-11-18
ST29,SKU00440,40,92,27,2025-12-27
ST16,SKU03128,66,61,15,2025-12-28
ST02,SKU02515,48,22,5,2025-11-02
ST24,SKU04017,215,74,34,2025-11-08
ST12,SKU00225,43,62,24,2025-11-07
ST19,SKU03327,172,58,22,2025-11-25
ST06,SKU00612,29,34,8,2025-11-21
ST01,SKU02763,108,63,15,2025-12-06
ST30,SKU03934,101,88,38,2025-12-03
ST02,SKU01393,154,77,28,2025-12-24
ST10,SKU04185,64,49,19,2025-12-11
ST19,SKU01617,70,93,31,2025-11-06
ST10,SKU03186,38,60,27,2025-11-07
ST22,SKU04452,72,86,34,2025-12-14
ST19,SKU02358,245,87,35,2025-12-09
ST06,SKU04467,46,41,17,2025-11-09
ST02,SKU02882,247,96,40,2025-12-03
ST09,SKU00325,27,25,6,2025-12-11
ST27,SKU00462,106,32,16,2025-08-16
ST04,SKU01473,49,70,19,2025-12-16
ST08,SKU01988,44,36,15,2025-12-09
ST19,SKU00475,48,23,8,2025-12-21
ST21,SKU02148,123,72,27,2025-11-18
ST18,SKU01461,105,64,25,2025-11-24
ST11,SKU03313,176,94,25,2025-11-28
ST03,SKU03498,45,31,15,2025-11-04
ST26,SKU03734,85,43,20,2025-11-30
ST23,SKU01293,27,38,19,2025-11-15
ST25,SKU01673,85,53,19,2025-12-01
ST06,SKU01072,142,60,30,2025-12-25
ST28,SKU00166,28,34,13,2025-11-09
ST18,SKU04267,213,83,18,2025-11-11
ST26,SKU02009,2,93,40,2025-11-05
ST08,SKU01825,120,83,35,2025-12-20
ST12,SKU01313,167,88,32,2025-12-09
ST09,SKU02706,90,87,26,2025-12-01
ST01,SKU01742,69,67,27,2025-12-15
ST25,SKU01688,4,20,8,2025-12-30
ST24,SKU01726,43,31,8,2025-12-20
ST27,SKU00803,150,55,25,2025-12-22
ST06,SKU03539,119,69,24,2025-12-14
ST19,SKU01317,142,56,17,2025-11-23
ST26,SKU03735,162,65,17,2025-12-08
ST11,SKU02144,83,36,13,2025-11-28
ST02,SKU03156,98,51,25,2025-12-17
ST01,SKU03205,18,90,25,2025-11-20
ST16,SKU01968,75,34,10,2025-12-16
ST03,SKU01430,79,31,9,2025-11-01
ST01,SKU00990,122,99,45,2025-11-25
ST11,SKU03494,168,76,36,2025-11-03
ST23,SKU01120,49,66,22,2025-12-09
ST21,SKU01589,89,95,36,2025-12-20
ST30,SKU04424,35,59,16,2025-12-03
ST07,SKU03101,1,78,36,2025-11-29
ST08,SKU00202,62,35,14,2025-11-16
ST21,SKU04078,245,96,41,2025-11-29
ST30,SKU01955,89,83,26,2025-12-11
ST05,SKU03890,141,92,45,2025-12-20
ST05,SKU03601,192,97,33,2025-11-08
ST27,SKU03111,22,20,8,2025-11-12
ST07,SKU01347,326,91,23,2025-06-27
ST08,SKU03275,92,31,13,2025-11-19
ST29,SKU02587,158,92,20,2025-12-27
ST26,SKU01007,96,58,26,2025-12-23
ST29,SKU04560,47,44,12,2025-11-17
ST19,SKU01227,76,54,11,2025-12-14
ST01,SKU01951,57,36,16,2025-12-06
ST09,SKU03452,19,20,9,2025-12-01
ST24,SKU03029,238,88,39,2025-11-18
ST27,SKU02593,51,52,24,2025-11-21
ST18,SKU04340,54,34,15,2025-12-29
ST30,SKU00255,15,85,28,2025-11-16
ST03,SKU03792,76,31,15,2025-11-15
ST03,SKU04816,58,30,14,2025-11-15
ST26,SKU02494,36,53,15,2025-11-26
ST21,SKU01023,133,77,16,2025-11-15
ST25,SKU04978,22,96,30,2025-11-13
ST13,SKU03871,78,95,40,2025-11-12
ST02,SKU02619,134,91,36,2025-12-24
ST05,SKU01438,0,86,22,2025-09-07
ST27,SKU03294,81,47,12,2025-11-04
ST28,SKU04479,135,74,37,2025-11-22
ST24,SKU02579,17,63,14,2025-12-21
ST01,SKU02380,116,92,19,2025-11-21
ST04,SKU04701,75,43,16,2025-12-29
ST12,SKU00685,69,49,13,2025-11-02
ST24,SKU01469,193,70,33,2025-12-09
ST23,SKU03447,88,32,14,2025-11-17
ST26,SKU04255,57,49,20,2025-12-17
ST07,SKU01442,56,63,13,2025-11-04
ST28,SKU00742,118,57,17,2025-11-18
ST17,SKU01756,151,72,31,2025-12-18
ST02,SKU00168,52,93,27,2025-11-24
ST25,SKU03616,105,56,21,2025-11-13
ST25,SKU01360,266,91,20,2025-11-02
ST16,SKU04511,164,67,26,2025-11-18
ST04,SKU01786,16,53,21,2025-12-14
ST07,SKU02203,43,77,28,2025-12-20
ST10,SKU00340,70,54,19,2025-12-01
ST14,SKU00414,81,53,12,2025-12-08
ST24,SKU02872,32,46,13,2025-12-16
ST10,SKU01994,106,57,22,2025-11-17
ST12,SKU01930,57,69,14,2025-12-28
ST10,SKU03261,39,28,12,2025-11-07
ST28,SKU00526,180,93,22,2025-11-20
ST14,SKU00260,41,35,8,2025-12-08
ST14,SKU00337,35,23,8,2025-11-01
ST23,SKU02311,44,53,26,2025-12-14
ST04,SKU00777,14,49,11,2025-11-11
ST15,SKU00408,76,48,17,2025-11-21
ST18,SKU01270,232,100,45,2025-11-08
ST10,SKU03223,87,85,21,2025-12-19
ST24,SKU04510,22,35,10,2025-11-10
ST19,SKU02880,31,73,29,2025-12-14
ST05,SKU03707,101,73,26,2025-11-05
ST09,SKU04038,87,82,33,2025-11-29
ST17,SKU03485,71,30,10,2025-11-01
ST11,SKU04128,154,78,28,2025-11-03
ST10,SKU03209,110,37,17,2025-12-23
ST09,SKU02038,245,93,44,2025-11-14
ST18,SKU00316,84,91,23,2025-11-28
ST28,SKU03015,138,76,34,2025-11-21
ST05,SKU02168,183,80,17,2025-12-13
ST09,SKU02071,170,94,40,2025-12-05
ST12,SKU01493,156,99,33,2025-11-23
ST03,SKU01729,183,95,41,2025-11-04
ST06,SKU04450,19,39,16,2025-12-29
ST15,SKU02951,98,74,32,2025-12-06
ST16,SKU00763,73,52,22,2025-11-06
ST04,SKU01933,1,64,31,2025-11-05
ST09,SKU00389,42,47,16,2025-11-09
ST25,SKU01450,6,23,9,2025-12-05
ST04,SKU04935,98,42,19,2025-12-06
ST09,SKU01054,252,87,36,2025-11-11
ST28,SKU00490,236,93,40,2025-11-15
ST25,SKU03821,23,23,11,2025-12-26
ST08,SKU02811,18,29,14,2025-11-21
ST30,SKU03054,107,70,29,2025-12-06
ST08,SKU03394,288,98,44,2025-12-08
ST21,SKU03338,105,72,34,2025-11-13
ST04,SKU00737,4,27,6,2025-12-24
ST01,SKU03159,50,72,26,2025-12-12
ST10,SKU04327,66,83,27,2025-11-04
ST23,SKU04246,130,68,16,2025-11-13
ST24,SKU04070,58,23,7,2025-12-03
ST18,SKU01109,63,91,33,2025-11-26
ST08,SKU03852,64,45,11,2025-11-06
ST25,SKU00408,170,68,15,2025-12-13
ST29,SKU00077,37,57,21,2025-12-14
ST28,SKU00799,17,21,5,2025-12-16
ST10,SKU01891,75,26,8,2025-12-01
ST10,SKU01128,96,55,16,2025-12-27
ST06,SKU00223,75,30,6,2025-12-26
ST22,SKU04946,48,36,7,2025-11-08
ST11,SKU02756,23,71,17,2025-12-20
ST27,SKU02684,151,53,16,2025-12-20
ST19,SKU01012,39,29,14,2025-11-08
ST19,SKU04521,201,100,34,2025-11-16
ST02,SKU04470,516,95,46,2025-08-24
ST05,SKU02988,164,79,20,2025-12-17
ST03,SKU00439,41,33,8,2025-12-10
ST04,SKU04871,1,68,21,2025-11-28
ST18,SKU04598,85,78,20,2025-11-26
ST05,SKU00452,87,48,22,2025-12-07
ST28,SKU03204,114,85,42,2025-11-28
ST12,SKU02797,162,81,27,2025-11-15
ST15,SKU00366,24,50,15,2025-12-25
ST11,SKU04587,17,33,7,2025-12-05
ST21,SKU04436,65,95,27,2025-11-28
ST06,SKU02665,105,51,14,2025-12-15
ST18,SKU03292,0,53,16,2025-08-09
ST17,SKU03622,0,84,25,2025-10-04
ST30,SKU04344,33,44,21,2025-11-04
ST14,SKU02377,116,89,29,2025-11-23
ST08,SKU00672,129,77,35,2025-12-18
ST29,SKU00021,163,72,31,2025-12-10
ST07,SKU02727,78,47,20,2025-11-30
ST10,SKU00196,148,100,35,2025-12-12
ST27,SKU01936,101,79,16,2025-12-20
ST13,SKU02329,272,48,11,2025-05-07
ST19,SKU04222,210,39,12,2025-06-04
ST29,SKU02330,140,58,29,2025-12-10
ST01,SKU00242,38,39,8,2025-12-12
ST27,SKU01679,59,45,16,2025-11-15
ST04,SKU03369,88,49,15,2025-11-24
ST22,SKU02122,0,35,14,2025-11-26
ST23,SKU03763,190,74,36,2025-11-22
ST24,SKU02288,45,28,11,2025-12-01
ST15,SKU01096,118,95,23,2025-12-26
ST23,SKU03181,7,65,17,2025-11-12
ST21,SKU02333,0,82,35,2025-09-22
ST13,SKU03750,41,100,34,2025-12-09
ST25,SKU00448,120,48,19,2025-11-02
ST11,SKU02298,136,100,25,2025-11-20
ST17,SKU02959,26,54,14,2025-11-27
ST12,SKU03648,21,83,41,2025-11-11
ST14,SKU03227,65,61,17,2025-11-11
ST15,SKU02648,115,75,22,2025-11-14
ST18,SKU00117,71,25,7,2025-11-10
ST28,SKU00857,21,40,11,2025-11-14
ST24,SKU01480,48,60,29,2025-12-13
ST29,SKU01338,63,84,18,2025-11-13
ST16,SKU01900,35,58,16,2025-11-14
ST14,SKU01521,6,100,22,2025-11-12
ST21,SKU02383,173,68,26,2025-11-25
ST21,SKU03505,24,21,5,2025-12-17
ST08,SKU03663,94,87,25,2025-11-07
ST30,SKU02288,99,49,24,2025-11-28
ST06,SKU03714,93,95,23,2025-11-04
ST21,SKU04220,188,77,28,2025-11-29
ST06,SKU00028,71,91,23,2025-12-01
ST16,SKU00074,65,49,11,2025-12-01
ST16,SKU01581,42,64,15,2025-11-18
ST22,SKU02269,124,48,23,2025-12-05
ST27,SKU00288,214,96,27,2025-11-29
ST06,SKU02927,52,30,12,2025-11-07
ST07,SKU03056,161,99,30,2025-12-11
ST07,SKU01882,62,62,15,2025-12-09
ST09,SKU04932,54,28,7,2025-12-16
ST25,SKU00795,59,63,26,2025-11-02
ST05,SKU00135,12,30,9,2025-11-20
ST29,SKU03061,40,45,13,2025-12-25
ST23,SKU03637,102,69,31,2025-11-19
ST06,SKU03385,27,41,11,2025-12-21
ST25,SKU01523,203,84,26,2025-11-06
ST21,SKU03213,97,59,27,2025-11-25
ST25,SKU00848,149,69,23,2025-11-07
ST30,SKU02981,132,62,15,2025-12-11
ST04,SKU02469,45,59,27,2025-12-22
ST17,SKU04177,100,60,17,2025-12-24
ST11,SKU02380,186,70,19,2025-12-20
ST12,SKU04837,6,86,38,2025-11-07
ST10,SKU04732,25,44,15,2025-11-15
ST20,SKU04291,7,26,11,2025-12-29
ST04,SKU04009,20,76,25,2025-12-04
ST11,SKU01405,23,50,19,2025-12-22
ST24,SKU02115,275,95,29,2025-11-07
ST16,SKU02562,80,63,19,2025-12-29
ST20,SKU00900,250,95,30,2025-11-06
ST22,SKU00064,178,97,36,2025-12-31
ST19,SKU00667,76,86,29,2025-12-25
ST01,SKU02605,232,85,18,2025-11-24
ST22,SKU00103,156,68,16,2025-12-04
ST19,SKU04886,146,88,22,2025-12-28
ST06,SKU04061,61,50,21,2025-12-04
ST25,SKU03160,41,65,21,2025-11-10
ST06,SKU02300,120,60,15,2025-11-10
ST18,SKU00570,233,78,27,2025-12-25
ST09,SKU00247,17,41,17,2025-11-26
ST24,SKU00525,92,45,17,2025-12-18
ST01,SKU04742,137,65,14,2025-11-27
ST22,SKU04552,154,78,24,2025-12-12
ST27,SKU03004,20,94,46,2025-12-16
ST24,SKU04589,103,95,44,2025-12-07
ST28,SKU04525,122,67,15,2025-12-15
ST20,SKU01203,93,99,32,2025-11-02
ST19,SKU00157,142,60,23,2025-11-27
ST11,SKU04720,153,60,15,2025-12-09
ST25,SKU04906,170,61,16,2025-12-20
ST28,SKU04022,145,86,26,2025-12-26
ST09,SKU03453,46,23,9,2025-11-15
ST23,SKU02305,182,72,27,2025-12-08
ST30,SKU03978,189,70,22,2025-11-13
ST29,SKU00458,93,73,35,2025-11-11
ST24,SKU04699,122,61,15,2025-11-14
ST02,SKU04266,16,26,12,2025-12-13
ST18,SKU02410,184,78,31,2025-12-17
ST30,SKU01048,70,25,11,2025-11-13
ST01,SKU04986,30,40,15,2025-11-10
ST23,SKU03561,53,29,14,2025-11-22
ST20,SKU04173,19,54,16,2025-12-14
ST14,SKU04855,204,72,30,2025-11-28
ST19,SKU02923,103,84,36,2025-12-04
ST16,SKU00981,53,73,15,2025-11-14
ST05,SKU04003,154,56,13,2025-12-24
ST27,SKU00534,41,89,19,2025-11-20
ST25,SKU03777,58,96,37,2025-12-02
ST24,SKU00702,141,92,24,2025-12-15
ST27,SKU01067,113,62,21,2025-11-24
ST25,SKU04002,61,96,35,2025-11-13
ST18,SKU03481,36,73,27,2025-11-17
ST17,SKU00108,205,70,32,2025-12-05
ST16,SKU03426,8,28,12,2025-12-05
ST02,SKU00050,1,85,28,2025-12-04
ST30,SKU01123,11,54,24,2025-11-07
ST27,SKU03339,51,33,15,2025-12-28
ST20,SKU03840,68,42,14,2025-11-11
ST06,SKU02856,129,60,18,2025-11-27
ST28,SKU02180,19,28,9,2025-12-17
ST14,SKU00426,69,95,21,2025-11-09
ST13,SKU01320,151,84,38,2025-12-29
ST01,SKU02564,47,34,11,2025-12-02
ST14,SKU03940,45,89,41,2025-11-23
ST29,SKU01361,37,54,11,2025-12-22
ST16,SKU03447,109,87,29,2025-12-21
ST13,SKU03408,115,61,26,2025-12-31
ST30,SKU03270,34,45,11,2025-12-03
ST28,SKU00572,60,39,8,2025-11-28
ST02,SKU04796,77,26,5,2025-12-13
ST04,SKU01100,176,86,34,2025-12-07
ST30,SKU00798,119,65,18,2025-12-01
ST06,SKU02909,43,28,12,2025-12-30
ST23,SKU00646,277,94,29,2025-12-27
ST22,SKU02968,90,86,22,2025-12-10
ST28,SKU04808,90,60,23,2025-11-16
ST06,SKU00480,47,42,13,2025-12-08
ST15,SKU03184,33,77,26,2025-11-28
ST05,SKU00093,172,67,21,2025-12-07
ST18,SKU03989,51,79,35,2025-12-31
ST26,SKU03818,132,60,12,2025-12-20
ST30,SKU00205,45,59,13,2025-11-30
ST14,SKU05000,274,93,20,2025-12-25
ST19,SKU03096,12,73,24,2025-12-24
ST13,SKU03639,197,89,39,2025-11-21
ST19,SKU01635,143,86,37,2025-11-19
ST12,SKU03898,86,38,14,2025-11-01
ST06,SKU01069,30,30,9,2025-12-27
ST01,SKU02304,219,82,36,2025-12-16
ST28,SKU02746,51,43,17,2025-12-23
ST30,SKU00527,126,60,13,2025-11-07
ST09,SKU03542,109,68,32,2025-12-26
ST12,SKU02436,172,35,8,2025-09-01
ST04,SKU04213,155,63,17,2025-12-11
ST07,SKU02134,116,60,17,2025-12-23
ST13,SKU02222,53,54,18,2025-12-29
ST26,SKU01841,44,37,17,2025-11-29
ST29,SKU03816,2,49,11,2025-11-20
ST11,SKU02580,59,89,26,2025-11-02
ST09,SKU02450,198,81,33,2025-12-09
ST30,SKU01691,121,43,13,2025-11-14
ST05,SKU01481,141,77,37,2025-12-14
ST08,SKU04859,9,22,9,2025-12-24
ST23,SKU03967,81,38,16,2025-12-18
ST29,SKU03886,126,82,29,2025-12-20
ST19,SKU03861,98,91,38,2025-12-11
ST08,SKU04955,454,87,24,2025-06-03
ST29,SKU04041,0,98,37,2025-08-12
ST01,SKU00328,63,91,26,2025-11-10
ST05,SKU03715,50,60,22,2025-12-07
ST09,SKU01158,340,85,25,2025-06-27
ST26,SKU02703,123,80,38,2025-11-15
ST30,SKU04912,22,28,12,2025-11-01
ST22,SKU03250,146,76,23,2025-11-17
ST18,SKU04332,46,42,18,2025-11-23
ST13,SKU00948,63,27,12,2025-11-13
ST03,SKU04615,27,26,7,2025-11-17
ST15,SKU01526,232,84,27,2025-11-02
ST29,SKU02594,66,40,20,2025-12-16
ST10,SKU01524,67,39,13,2025-12-05
ST11,SKU02184,121,79,30,2025-12-23
ST23,SKU00581,83,34,14,2025-12-08
ST22,SKU04838,240,90,20,2025-12-23
ST09,SKU04848,20,21,5,2025-11-21
ST10,SKU02113,175,98,45,2025-12-21
ST18,SKU03940,33,42,16,2025-12-12
ST15,SKU04885,194,82,21,2025-12-29
ST03,SKU03028,15,48,21,2025-11-02
ST20,SKU03884,168,46,19,2025-08-06
ST12,SKU00343,48,51,14,2025-11-14
ST27,SKU04710,0,33,13,2025-09-06
ST29,SKU04077,173,61,30,2025-12-09
ST18,SKU01884,0,71,29,2025-12-02
ST18,SKU03190,26,59,13,2025-11-24
ST13,SKU02647,54,80,35,2025-11-13
ST28,SKU04821,11,51,20,2025-11-28
ST16,SKU04007,132,53,18,2025-11-04
ST20,SKU00670,134,69,23,2025-11-20
ST28,SKU02265,65,51,25,2025-12-01
ST10,SKU00007,47,88,29,2025-11-07
ST07,SKU03877,113,39,8,2025-12-21
ST08,SKU00230,26,24,8,2025-12-15
ST08,SKU04632,18,68,20,2025-11-01
ST08,SKU04124,102,59,13,2025-12-07
ST13,SKU02516,22,68,21,2025-12-29
ST24,SKU04822,13,21,5,2025-12-08
ST11,SKU01967,122,97,34,2025-11-12
ST22,SKU04038,3,59,17,2025-11-11
ST14,SKU01124,92,46,19,2025-11-20
ST01,SKU03466,55,24,6,2025-12-08
ST05,SKU00988,61,30,13,2025-12-13
ST07,SKU00778,113,41,20,2025-12-08
ST14,SKU01266,39,64,16,2025-11-19
ST12,SKU02192,125,44,18,2025-12-11
ST11,SKU03763,6,70,31,2025-12-21
ST04,SKU01844,59,52,19,2025-11-21
ST21,SKU04415,116,89,31,2025-12-13
ST21,SKU00156,120,100,24,2025-11-15
ST16,SKU04258,216,88,38,2025-12-19
ST22,SKU03391,166,80,22,2025-11-07
ST29,SKU00723,124,92,25,2025-12-14
ST15,SKU02361,163,89,21,2025-12-04
ST04,SKU00198,3,34,9,2025-11-16
ST30,SKU04796,47,93,37,2025-12-14
ST30,SKU01389,52,75,36,2025-11-11
ST13,SKU04982,92,43,19,2025-11-08
ST01,SKU02802,178,93,44,2025-11-16
ST12,SKU01133,112,25,8,2025-08-16
ST04,SKU03876,69,31,8,2025-12-26
ST04,SKU03209,80,39,11,2025-12-14
ST05,SKU04031,87,38,15,2025-12-16
ST17,SKU02116,76,96,35,2025-11-10
ST26,SKU03389,63,50,18,2025-12-26
ST05,SKU03249,63,79,35,2025-11-07
ST08,SKU00990,66,26,11,2025-12-27
ST03,SKU01276,37,68,26,2025-11-11
ST19,SKU01512,6,45,17,2025-11-11
ST07,SKU00420,271,98,38,2025-12-03
ST24,SKU00232,85,97,38,2025-11-22
ST12,SKU03896,84,55,16,2025-11-13
ST25,SKU03537,170,79,33,2025-12-08
ST24,SKU03900,207,85,41,2025-12-26
ST08,SKU03432,79,29,8,2025-11-01
ST11,SKU01942,28,62,15,2025-11-27
ST22,SKU01966,158,88,25,2025-12-31
ST20,SKU02095,235,87,29,2025-11-06
ST15,SKU02192,154,64,27,2025-11-27
ST13,SKU04203,115,89,44,2025-12-26
ST03,SKU01336,56,27,8,2025-11-10
ST13,SKU00035,64,29,12,2025-12-28
ST30,SKU00686,181,90,42,2025-11-01
ST22,SKU01526,67,54,11,2025-11-07
ST28,SKU03154,18,59,20,2025-11-17
ST23,SKU00461,55,48,18,2025-11-24
ST23,SKU00460,125,100,20,2025-11-16
ST17,SKU01953,137,72,35,2025-12-14
ST29,SKU03774,153,66,27,2025-12-08
ST04,SKU01885,29,52,18,2025-11-11
ST02,SKU01734,58,23,11,2025-12-16
ST14,SKU01535,154,81,35,2025-12-08
ST01,SKU00333,15,24,11,2025-12-29
ST27,SKU03233,5,51,21,2025-12-17
ST30,SKU00677,6,50,21,2025-12-22
ST08,SKU01251,68,49,22,2025-12-11
ST23,SKU01269,69,29,10,2025-11-20
ST28,SKU01974,56,41,9,2025-11-18
ST16,SKU01802,64,48,17,2025-12-21
ST21,SKU03686,89,58,24,2025-11-12
ST29,SKU00210,52,65,27,2025-12-28
ST23,SKU04518,135,70,21,2025-12-31
ST07,SKU03548,342,77,37,2025-08-25
ST25,SKU03495,116,70,33,2025-11-29
ST30,SKU04645,122,53,18,2025-12-31
ST29,SKU03671,99,59,13,2025-12-15
ST12,SKU03156,287,96,46,2025-12-10
ST05,SKU02742,112,91,33,2025-12-27
ST08,SKU01879,206,88,37,2025-11-13
ST12,SKU01801,58,39,18,2025-12-19
ST30,SKU00896,77,40,17,2025-12-27
ST03,SKU04498,108,45,12,2025-11-11
ST29,SKU02191,101,48,21,2025-11-07
ST15,SKU03570,66,59,24,2025-12-26
ST14,SKU04906,193,94,42,2025-11-29
ST04,SKU02230,84,56,20,2025-12-22
ST23,SKU03448,99,56,28,2025-12-06
ST05,SKU03986,86,68,32,2025-12-21
ST28,SKU02201,85,65,15,2025-11-29
ST04,SKU00899,105,37,10,2025-11-15
ST22,SKU03650,240,84,28,2025-11-29
ST08,SKU04752,4,39,10,2025-11-03
ST30,SKU00044,43,25,10,2025-11-03
ST19,SKU01669,120,72,20,2025-12-14
ST18,SKU00824,95,49,16,2025-11-07
ST12,SKU03688,286,97,30,2025-12-09
ST03,SKU00726,37,91,42,2025-11-09
ST07,SKU01928,91,79,31,2025-11-04
ST27,SKU03313,132,58,24,2025-12-15
ST15,SKU02271,196,77,37,2025-11-03
ST03,SKU00884,0,79,31,2025-11-21
ST04,SKU04703,2,54,11,2025-11-18
ST11,SKU03612,18,49,23,2025-12-16
ST01,SKU00091,31,37,17,2025-12-09
ST21,SKU00854,13,28,13,2025-12-18
ST27,SKU02284,85,74,22,2025-12-05
ST06,SKU00915,146,95,20,2025-12-10
ST01,SKU00769,26,83,30,2025-12-09
ST14,SKU04596,0,100,43,2025-09-27
ST01,SKU04675,113,43,20,2025-12-10
ST24,SKU02523,80,99,21,2025-11-07
ST19,SKU01516,51,26,9,2025-11-14
ST11,SKU04840,156,81,20,2025-11-11
ST06,SKU02473,156,97,48,2025-12-31
ST03,SKU00715,32,62,20,2025-12-20
ST04,SKU03958,163,93,26,2025-12-26
ST09,SKU00990,63,47,21,2025-12-11
ST12,SKU00919,262,92,44,2025-12-04
ST11,SKU04796,40,42,21,2025-12-13
ST11,SKU03818,110,49,17,2025-11-02
ST22,SKU00934,114,67,18,2025-12-15
ST21,SKU03147,124,57,15,2025-11-20
ST29,SKU02097,39,49,23,2025-12-29
ST03,SKU04543,103,39,11,2025-11-04
ST22,SKU02682,149,87,33,2025-12-29
ST23,SKU03965,35,76,24,2025-12-12
ST14,SKU04233,131,87,20,2025-11-12
ST18,SKU00494,61,98,22,2025-11-29
ST24,SKU02830,153,98,48,2025-12-28
ST15,SKU04185,13,30,7,2025-11-02
ST02,SKU02582,10,51,22,2025-12-27
ST08,SKU03956,155,69,34,2025-11-20
ST29,SKU03903,13,36,17,2025-12-21
ST29,SKU04759,78,59,17,2025-11-01
ST05,SKU01302,57,31,10,2025-11-02
ST13,SKU01297,55,22,9,2025-12-05
ST21,SKU03306,196,89,36,2025-12-10
ST28,SKU00792,31,48,13,2025-11-25
ST03,SKU00866,239,81,19,2025-11-06
ST11,SKU04488,184,88,21,2025-12-18
ST19,SKU00840,91,53,15,2025-11-14
ST27,SKU02334,87,41,17,2025-12-29
ST10,SKU01508,138,48,11,2025-11-17
ST13,SKU02949,55,100,43,2025-12-07
ST13,SKU03429,14,65,15,2025-11-11
ST23,SKU01519,203,84,23,2025-11-22
ST08,SKU00542,102,98,35,2025-12-16
ST07,SKU00116,10,41,11,2025-12-23
ST19,SKU02625,76,82,40,2025-11-10
ST15,SKU04917,61,31,7,2025-11-20
ST13,SKU02029,7,21,7,2025-11-16
ST03,SKU04180,24,38,14,2025-12-03
ST23,SKU01142,154,92,46,2025-12-01
ST27,SKU01494,155,84,38,2025-12-28
ST09,SKU00335,224,88,28,2025-11-24
ST14,SKU01076,26,39,11,2025-12-29
ST14,SKU01024,64,27,10,2025-11-23
ST09,SKU03108,194,45,9,2025-05-23
ST06,SKU03052,184,77,21,2025-11-04
ST27,SKU02013,34,30,8,2025-11-05
ST27,SKU01876,34,30,12,2025-11-19
ST10,SKU02455,225,76,33,2025-11-16
ST14,SKU01533,77,29,12,2025-12-12
ST17,SKU04131,109,58,17,2025-11-26
ST08,SKU00437,93,22,6,2025-08-03
ST17,SKU02488,18,79,36,2025-12-02
ST27,SKU02432,77,27,8,2025-12-23
ST17,SKU03943,46,47,21,2025-12-30
ST16,SKU02953,116,64,23,2025-11-06
ST20,SKU04105,36,91,21,2025-12-30
ST24,SKU04032,73,72,19,2025-12-24
ST16,SKU00502,264,55,12,2025-08-13
ST02,SKU04463,26,55,14,2025-11-11
ST18,SKU01287,273,67,18,2025-05-15
ST26,SKU02949,72,29,7,2025-11-29
ST10,SKU00773,13,58,22,2025-12-08
ST05,SKU03945,219,77,18,2025-11-03
ST03,SKU02767,49,23,11,2025-12-24
ST28,SKU04650,201,82,33,2025-12-27
ST25,SKU01185,26,29,7,2025-11-10
ST20,SKU02920,36,37,9,2025-12-12
ST04,SKU04542,105,52,22,2025-11-01
ST18,SKU03903,31,40,8,2025-12-23
ST30,SKU02959,34,21,7,2025-11-02
ST03,SKU03585,31,79,38,2025-11-15
ST26,SKU04947,255,99,41,2025-11-26
ST18,SKU02855,64,31,9,2025-12-19
ST20,SKU04681,53,77,31,2025-11-25
ST05,SKU04494,39,29,14,2025-11-14
ST21,SKU03813,210,77,17,2025-11-19
ST03,SKU03903,183,82,27,2025-12-20
ST05,SKU02929,56,25,9,2025-11-27
ST15,SKU01934,139,94,31,2025-12-02
ST13,SKU02350,207,80,18,2025-12-18
ST18,SKU00306,14,56,14,2025-11-12
ST16,SKU00225,22,48,21,2025-11-17
ST08,SKU01573,67,88,21,2025-11-29
ST25,SKU03740,343,72,27,2025-08-02
ST08,SKU00295,3,40,19,2025-11-05
ST13,SKU04523,103,63,29,2025-12-09
ST22,SKU01589,202,93,38,2025-11-14
ST12,SKU04557,117,51,11,2025-12-30
ST19,SKU02058,166,92,26,2025-11-24
ST29,SKU00068,8,99,39,2025-12-07
ST05,SKU00076,0,27,7,2025-11-12
ST12,SKU03566,126,85,33,2025-11-28
ST15,SKU02502,13,26,8,2025-11-11
ST10,SKU02586,43,54,19,2025-11-05
ST03,SKU01712,51,20,5,2025-11-20
ST12,SKU03500,189,91,44,2025-12-24
ST02,SKU04402,34,24,12,2025-11-09
ST30,SKU03013,147,50,20,2025-11-23
ST06,SKU02350,97,45,15,2025-11-11
ST24,SKU00426,8,31,12,2025-12-18
ST20,SKU03418,95,36,14,2025-11-06
ST21,SKU01934,45,34,12,2025-12-12
ST16,SKU01931,46,55,17,2025-11-25
ST18,SKU00606,96,60,27,2025-11-30
ST18,SKU02799,15,56,25,2025-12-25
ST30,SKU01025,112,38,10,2025-11-18
ST15,SKU03619,9,50,16,2025-11-28
ST04,SKU03244,2,43,9,2025-11-13
ST20,SKU03457,283,65,24,2025-06-17
ST04,SKU04057,3,58,19,2025-11-26
ST08,SKU02065,51,35,14,2025-12-22
ST01,SKU04531,12,25,5,2025-12-18
ST02,SKU00242,52,60,16,2025-12-05
ST06,SKU01284,81,64,28,2025-11-16
ST14,SKU00226,202,82,26,2025-12-11
ST21,SKU03564,53,52,19,2025-11-14
ST14,SKU01421,23,27,9,2025-11-26
ST05,SKU01802,125,48,10,2025-11-12
ST10,SKU03475,138,57,12,2025-12-24
ST28,SKU04836,85,34,17,2025-11-21
ST01,SKU02065,90,96,21,2025-12-19
ST17,SKU04962,173,96,41,2025-11-09
ST14,SKU01554,160,78,19,2025-12-07
ST18,SKU00545,73,25,7,2025-12-28
ST13,SKU00318,50,23,6,2025-11-04
ST26,SKU01296,144,82,29,2025-12-14
ST01,SKU03465,21,60,27,2025-12-16
ST27,SKU03608,103,81,32,2025-12-15
ST22,SKU03202,158,98,32,2025-12-21
ST01,SKU04195,210,81,22,2025-11-30
ST16,SKU04131,52,47,16,2025-12-03
ST12,SKU04256,22,49,24,2025-11-18
ST08,SKU04943,26,40,11,2025-11-11
ST27,SKU03274,164,84,21,2025-12-22
ST26,SKU04190,23,52,19,2025-11-21
ST16,SKU00241,141,67,16,2025-12-04
ST27,SKU02634,3,58,20,2025-11-21
ST11,SKU04615,74,35,7,2025-11-19
ST29,SKU02542,47,66,14,2025-11-06
ST02,SKU00899,184,66,13,2025-11-02
ST05,SKU00621,103,57,15,2025-11-11
ST15,SKU03252,139,53,19,2025-12-12
ST12,SKU02861,193,78,18,2025-11-19
ST22,SKU02349,107,71,32,2025-12-15
ST18,SKU04060,105,57,20,2025-12-23
ST17,SKU03648,206,72,21,2025-12-21
ST09,SKU00489,9,32,7,2025-11-10
ST20,SKU00833,125,68,23,2025-12-02
ST20,SKU04943,87,66,14,2025-11-14
ST07,SKU03980,157,73,29,2025-11-09
ST22,SKU02806,37,48,22,2025-11-29
ST08,SKU04300,35,36,8,2025-11-16
ST17,SKU01518,181,61,15,2025-12-14
ST23,SKU00787,62,71,27,2025-11-28
ST05,SKU01118,65,83,29,2025-12-11
ST30,SKU02283,221,78,24,2025-12-06
ST14,SKU03866,9,23,5,2025-12-20
ST18,SKU03889,182,90,34,2025-11-23
ST17,SKU02240,20,37,9,2025-11-21
ST18,SKU00990,108,93,32,2025-11-19
ST04,SKU02623,43,39,14,2025-12-04
ST02,SKU03042,194,99,44,2025-11-26
ST09,SKU03653,56,22,10,2025-11-11
ST28,SKU04327,37,62,26,2025-12-17
ST24,SKU02647,104,98,47,2025-11-27
ST09,SKU01468,136,80,37,2025-12-11
ST24,SKU04441,80,27,7,2025-12-19
ST19,SKU03190,18,93,37,2025-12-18
ST07,SKU02805,41,34,16,2025-11-19
ST19,SKU03404,175,98,48,2025-11-27
ST24,SKU02719,3,42,13,2025-12-10
ST15,SKU00452,150,63,15,2025-12-20
ST05,SKU02428,5,60,21,2025-12-26
ST10,SKU04093,122,53,25,2025-11-22
ST14,SKU00714,23,28,11,2025-11-25
ST02,SKU02385,54,41,15,2025-12-26
ST26,SKU04997,65,97,21,2025-11-13
ST09,SKU04832,141,74,26,2025-12-21
ST05,SKU04601,23,74,29,2025-12-04
ST29,SKU03433,38,46,14,2025-12-30
ST04,SKU00085,70,83,29,2025-11-27
ST08,SKU02370,25,75,18,2025-12-24
ST25,SKU02334,75,46,19,2025-12-29
ST27,SKU00970,127,81,38,2025-12-02
ST10,SKU03305,89,36,12,2025-12-27
ST12,SKU00937,143,83,27,2025-12-19
ST29,SKU02875,68,28,7,2025-11-15
ST12,SKU02185,102,73,21,2025-11-11
ST23,SKU03262,8,26,12,2025-12-01
ST09,SKU02610,50,43,21,2025-12-15
ST22,SKU02477,33,43,19,2025-12-20
ST02,SKU01488,57,21,6,2025-12-18
ST08,SKU04335,57,67,20,2025-11-07
ST25,SKU03242,56,23,8,2025-11-26
ST01,SKU01868,123,73,29,2025-11-05
ST22,SKU02552,116,43,17,2025-11-22
ST21,SKU01720,43,56,20,2025-11-21
ST03,SKU04493,32,29,6,2025-11-12
ST26,SKU02169,22,28,7,2025-12-31
ST03,SKU00895,58,36,18,2025-12-05
ST11,SKU00367,241,85,40,2025-11-07
ST21,SKU00420,5,30,14,2025-12-28
ST07,SKU03088,0,20,6,2025-09-04
ST06,SKU00555,55,24,9,2025-11-10
ST30,SKU04451,26,27,10,2025-11-14
ST08,SKU03948,37,98,35,2025-12-21
ST24,SKU00888,119,65,15,2025-12-02
ST23,SKU00182,46,46,20,2025-11-26
ST11,SKU01949,229,78,31,2025-11-21
ST17,SKU02184,65,60,26,2025-11-26
ST13,SKU01012,123,99,26,2025-11-26
ST19,SKU03575,98,46,14,2025-12-23
ST24,SKU01531,5,38,17,2025-11-06
ST13,SKU03422,74,52,11,2025-12-16
ST27,SKU00225,68,65,19,2025-12-10
ST08,SKU02776,21,21,9,2025-12-17
ST16,SKU01617,43,83,19,2025-12-05
ST09,SKU00556,109,92,41,2025-11-17
ST19,SKU03694,196,67,29,2025-11-30
ST03,SKU02258,65,49,11,2025-11-26
ST09,SKU02180,24,45,16,2025-12-01
ST08,SKU03302,111,74,32,2025-12-19
ST24,SKU01461,18,75,30,2025-11-09
ST06,SKU02327,100,54,21,2025-12-07
ST12,SKU01978,180,70,15,2025-11-15
ST16,SKU01199,20,56,27,2025-12-11
ST14,SKU04724,139,97,34,2025-11-23
ST12,SKU03407,131,57,24,2025-12-07
ST25,SKU02394,62,68,27,2025-11-26
ST18,SKU04948,31,28,6,2025-11-20
ST13,SKU02793,90,57,26,2025-12-24
ST24,SKU02969,360,71,35,2025-08-27
ST07,SKU00818,239,90,20,2025-11-15
ST07,SKU04607,92,58,15,2025-11-14
ST02,SKU04008,88,30,9,2025-11-30
ST01,SKU03590,70,51,18,2025-12-17
ST30,SKU04775,94,74,29,2025-11-09
ST09,SKU03292,0,85,34,2025-09-15
ST24,SKU01064,115,58,21,2025-12-14
ST23,SKU00220,113,38,9,2025-11-08
ST25,SKU02092,189,91,34,2025-11-14
ST07,SKU03614,8,38,12,2025-11-19
ST23,SKU02699,61,64,14,2025-12-13
ST10,SKU01215,254,94,24,2025-11-14
ST29,SKU02716,121,87,28,2025-12-18
ST25,SKU01346,6,27,7,2025-11-09
ST27,SKU03204,30,48,21,2025-11-14
ST09,SKU02279,213,97,34,2025-12-24
ST03,SKU02156,43,73,20,2025-11-16
ST24,SKU04671,167,75,21,2025-11-30
ST13,SKU04369,46,24,9,2025-12-03
ST09,SKU04283,136,80,25,2025-12-18
ST22,SKU04364,174,90,35,2025-11-22
ST08,SKU03747,67,24,10,2025-12-16
ST22,SKU02596,49,43,13,2025-12-22
ST17,SKU00113,201,99,39,2025-11-10
ST05,SKU01147,12,24,10,2025-11-16
ST07,SKU03302,84,56,13,2025-11-23
ST21,SKU02230,20,27,10,2025-12-16
ST26,SKU02271,4,25,11,2025-12-27
ST13,SKU01456,52,23,10,2025-11-18
ST01,SKU03989,89,66,32,2025-12-24
ST16,SKU03444,112,51,13,2025-11-01
ST28,SKU02631,28,50,17,2025-12-07
ST14,SKU03674,23,65,23,2025-11-11
ST22,SKU02389,19,75,18,2025-12-27
ST28,SKU04313,131,49,13,2025-12-28
ST06,SKU04087,10,36,15,2025-11-17
ST22,SKU03616,13,22,10,2025-11-19
ST19,SKU03233,11,21,5,2025-11-03
ST29,SKU01840,175,74,20,2025-11-28
ST06,SKU04373,62,25,10,2025-11-12
ST04,SKU03229,35,32,7,2025-11-02
ST07,SKU00744,60,52,15,2025-11-13
ST21,SKU01808,135,68,31,2025-11-19
ST12,SKU02428,106,36,15,2025-12-18
ST15,SKU04151,29,61,19,2025-12-24
ST29,SKU03076,48,87,22,2025-12-21
ST03,SKU03991,107,66,24,2025-12-10
ST24,SKU02773,60,34,10,2025-12-19
ST29,SKU02485,15,30,11,2025-12-15
ST26,SKU02611,33,30,7,2025-11-26
ST22,SKU01920,16,85,22,2025-11-10
ST12,SKU02416,87,41,17,2025-11-15
ST05,SKU03617,118,41,15,2025-12-23
ST20,SKU03444,231,92,30,2025-11-19
ST13,SKU01429,5,31,15,2025-11-19
ST21,SKU03043,80,75,25,2025-11-30
ST08,SKU03107,157,75,19,2025-12-23
ST13,SKU03348,13,38,17,2025-12-10
ST12,SKU03553,60,28,14,2025-12-09
ST14,SKU04713,64,54,25,2025-11-26
ST28,SKU02800,169,70,30,2025-11-10
ST22,SKU00843,28,34,16,2025-11-24
ST24,SKU00278,59,32,9,2025-11-22
ST26,SKU03455,49,23,6,2025-12-06
ST05,SKU03614,113,50,21,2025-11-03
ST28,SKU03000,45,26,12,2025-11-09
ST08,SKU01395,18,63,31,2025-12-26
ST16,SKU04777,56,53,18,2025-12-06
ST23,SKU00118,189,78,24,2025-12-07
ST07,SKU03845,57,24,10,2025-12-15
ST12,SKU02462,0,54,14,2025-08-09
ST01,SKU03795,125,45,9,2025-11-04
ST05,SKU02796,139,87,31,2025-11-11
ST27,SKU02812,178,69,27,2025-12-23
ST25,SKU00273,10,57,20,2025-12-22
ST10,SKU03348,3,71,18,2025-12-04
ST09,SKU03766,74,47,18,2025-11-27
ST17,SKU04356,98,35,10,2025-11-19
ST16,SKU00916,70,83,27,2025-11-16
ST20,SKU04530,245,90,26,2025-12-27
ST29,SKU04184,125,54,13,2025-12-13
ST03,SKU03553,31,30,14,2025-12-31
ST20,SKU03983,60,35,13,2025-12-16
ST03,SKU00044,226,81,32,2025-12-12
ST13,SKU01164,20,48,23,2025-12-28
ST09,SKU02093,212,85,18,2025-11-16
ST08,SKU04916,65,42,11,2025-11-23
ST21,SKU03111,86,33,9,2025-11-04
ST10,SKU04521,133,73,33,2025-12-27
ST04,SKU04674,31,70,27,2025-11-23
ST15,SKU02449,147,52,17,2025-12-29
ST07,SKU01514,264,90,23,2025-11-18
ST12,SKU00863,29,59,27,2025-12-21
ST02,SKU04629,18,36,16,2025-11-04
ST20,SKU01175,189,75,26,2025-11-09
ST25,SKU01388,10,27,13,2025-12-16
ST08,SKU04309,11,66,25,2025-11-25
ST20,SKU00266,20,37,13,2025-12-17
ST25,SKU02837,91,59,16,2025-12-07
ST07,SKU01595,189,85,19,2025-12-20
ST26,SKU01728,88,78,27,2025-12-16
ST26,SKU04251,66,44,16,2025-11-09
ST05,SKU02981,26,23,8,2025-11-20
ST17,SKU03172,57,82,35,2025-11-23
ST23,SKU04107,211,46,17,2025-05-26
ST13,SKU04759,15,48,22,2025-11-16
ST04,SKU02594,14,27,7,2025-11-15
ST03,SKU04699,74,89,37,2025-11-10
ST12,SKU03387,72,85,30,2025-11-24
ST27,SKU00474,11,51,24,2025-11-12
ST22,SKU03011,148,60,20,2025-12-30
ST22,SKU00542,114,77,33,2025-12-24
ST06,SKU03857,74,40,13,2025-11-15
ST06,SKU00493,213,76,34,2025-11-17
ST11,SKU03849,86,67,28,2025-11-14
ST01,SKU00367,48,22,9,2025-12-16
ST02,SKU03403,42,38,12,2025-12-19
ST05,SKU04004,102,36,7,2025-11-30
ST16,SKU02515,92,53,24,2025-11-15
ST22,SKU03153,4,20,8,2025-12-01
ST30,SKU01889,32,98,37,2025-11-15
ST13,SKU03682,36,90,24,2025-12-28
ST23,SKU03765,37,28,8,2025-12-03
ST25,SKU02511,228,93,43,2025-12-06
ST10,SKU03622,0,53,26,2025-08-12
ST21,SKU00221,106,44,13,2025-12-10
ST02,SKU04644,110,48,23,2025-11-14
ST20,SKU01550,40,41,14,2025-12-27
ST22,SKU04675,125,48,11,2025-11-06
ST17,SKU03587,13,45,18,2025-12-03
ST27,SKU01750,115,56,17,2025-11-10
ST18,SKU04657,54,21,4,2025-11-22
ST08,SKU04446,121,90,26,2025-11-02
ST01,SKU04050,27,47,12,2025-11-15
ST21,SKU02632,108,39,16,2025-11-14
ST01,SKU02641,150,56,25,2025-12-26
ST19,SKU01270,44,30,14,2025-12-12
ST20,SKU01277,42,26,10,2025-11-24
ST25,SKU00434,114,54,16,2025-11-11
ST15,SKU00298,3,29,10,2025-12-07
ST10,SKU01912,63,68,20,2025-11-23
ST03,SKU03445,126,46,15,2025-11-04
ST02,SKU00955,185,98,49,2025-12-10
ST13,SKU01899,70,52,24,2025-11-19
ST03,SKU00481,0,37,11,2025-11-03
ST14,SKU01748,195,86,18,2025-12-23
ST20,SKU01477,68,40,11,2025-12-23
ST10,SKU04331,205,88,37,2025-12-08
ST12,SKU02927,14,29,6,2025-12-10
ST11,SKU02723,67,86,28,2025-12-02
ST03,SKU01287,314,64,21,2025-05-18
ST04,SKU02327,67,71,27,2025-12-03
ST10,SKU03126,18,75,25,2025-12-31
ST17,SKU01520,26,97,23,2025-12-05
ST03,SKU00333,122,51,11,2025-12-23
ST30,SKU04801,95,54,16,2025-11-19
ST23,SKU04433,173,98,37,2025-12-15
ST16,SKU02631,146,77,37,2025-12-15
ST04,SKU01070,24,73,29,2025-12-26
ST22,SKU03949,217,76,35,2025-11-29
ST28,SKU01123,7,72,19,2025-11-30
ST04,SKU04728,35,25,7,2025-11-27
ST16,SKU02942,220,84,33,2025-12-09
ST06,SKU03233,164,82,18,2025-12-16
ST25,SKU00048,114,83,40,2025-11-18
ST11,SKU01773,24,61,27,2025-11-24
ST06,SKU03654,35,32,12,2025-12-19
ST18,SKU02314,32,79,28,2025-12-14
ST27,SKU01280,20,24,8,2025-12-02
ST02,SKU04300,103,70,20,2025-11-25
ST27,SKU01659,36,27,8,2025-11-30
ST24,SKU03054,66,70,23,2025-11-11
ST19,SKU03236,10,40,12,2025-12-27
ST12,SKU03193,78,94,33,2025-12-11
ST09,SKU01271,5,94,28,2025-11-05
ST18,SKU00537,45,63,31,2025-12-31
ST18,SKU00394,70,51,15,2025-11-16
ST29,SKU02481,21,39,11,2025-11-10
ST07,SKU01777,31,78,32,2025-11-06
ST27,SKU01306,4,21,5,2025-12-04
ST07,SKU02374,211,75,33,2025-11-09
ST01,SKU02831,73,49,24,2025-11-14
ST11,SKU03087,110,53,17,2025-11-04
ST18,SKU00448,137,46,14,2025-11-22
ST15,SKU02091,141,89,37,2025-11-20
ST11,SKU02849,168,91,25,2025-11-01
ST29,SKU01831,2,43,12,2025-11-29
ST29,SKU04635,71,29,14,2025-12-25
ST18,SKU01536,18,65,23,2025-12-10
ST20,SKU00397,0,26,7,2025-11-22
ST12,SKU04708,121,85,23,2025-11-24
ST18,SKU01278,77,32,13,2025-12-27
ST29,SKU02089,112,42,18,2025-11-07
ST13,SKU03579,90,53,13,2025-12-02
ST10,SKU03069,136,76,27,2025-12-01
ST21,SKU02195,51,50,25,2025-12-07
ST16,SKU02809,69,34,14,2025-12-18
ST19,SKU01963,176,83,37,2025-11-01
ST04,SKU00621,81,79,29,2025-12-17
ST30,SKU00984,130,96,22,2025-12-12
ST27,SKU00650,132,42,10,2025-05-26
ST26,SKU03593,57,25,10,2025-12-22
ST05,SKU04481,26,27,12,2025-11-02
ST11,SKU01186,37,39,18,2025-11-21
ST28,SKU00800,1,96,41,2025-11-23
ST13,SKU02698,80,69,34,2025-11-03
ST29,SKU02030,216,96,28,2025-11-10
ST22,SKU03904,66,75,31,2025-12-17
ST27,SKU00035,62,22,5,2025-11-21
ST27,SKU01575,34,26,7,2025-11-06
ST22,SKU02329,75,81,19,2025-12-09
ST17,SKU03474,182,95,27,2025-11-23
ST23,SKU04567,67,42,14,2025-11-06
ST22,SKU03856,89,37,11,2025-11-24
ST28,SKU03215,104,64,26,2025-12-20
ST15,SKU00544,65,79,17,2025-11-04
ST13,SKU03869,62,26,12,2025-12-02
ST06,SKU00182,45,29,13,2025-12-28
ST03,SKU00393,27,46,22,2025-12-20
ST06,SKU01445,186,85,41,2025-11-11
ST06,SKU01262,113,52,26,2025-11-22
ST23,SKU03004,6,55,19,2025-12-13
ST11,SKU03088,0,33,16,2025-08-27
ST10,SKU03313,36,86,24,2025-11-14
ST04,SKU00527,88,37,13,2025-12-08
ST08,SKU04264,45,29,7,2025-11-02
ST01,SKU00315,227,90,37,2025-11-12
ST13,SKU02096,6,100,47,2025-11-12
ST16,SKU04028,53,80,32,2025-12-22
ST01,SKU02956,229,84,28,2025-12-01
ST01,SKU03788,9,28,14,2025-12-07
ST05,SKU04567,92,92,23,2025-12-17
ST21,SKU03234,53,23,11,2025-11-11
ST15,SKU03298,0,43,10,2025-12-16
ST22,SKU04563,174,82,25,2025-12-19
ST16,SKU02863,36,25,6,2025-12-22
ST14,SKU04123,80,42,15,2025-12-17
ST05,SKU02774,147,50,17,2025-11-03
ST29,SKU00884,7,20,9,2025-11-28
ST13,SKU02638,86,39,15,2025-11-18
ST16,SKU04698,216,96,42,2025-11-28
ST08,SKU02900,93,33,9,2025-11-03
ST02,SKU00496,72,37,11,2025-11-14
ST17,SKU01455,138,97,23,2025-12-31
ST21,SKU04254,77,56,14,2025-11-16
ST05,SKU00951,65,71,18,2025-11-18
ST17,SKU03871,62,40,14,2025-12-08
ST20,SKU00767,253,56,20,2025-09-02
ST13,SKU01399,62,22,8,2025-12-22
ST23,SKU03895,13,96,26,2025-11-13
ST12,SKU02796,10,22,9,2025-12-22
ST26,SKU01325,28,57,25,2025-11-29
ST26,SKU03394,97,33,13,2025-12-12
ST15,SKU00499,238,82,22,2025-11-25
ST10,SKU01875,28,21,6,2025-12-05
ST06,SKU01128,43,65,19,2025-12-04
ST06,SKU01371,0,27,7,2025-10-03
ST28,SKU03340,14,27,12,2025-12-05
ST18,SKU02130,52,73,35,2025-11-21
ST21,SKU04398,248,91,21,2025-11-13
ST25,SKU04357,50,41,13,2025-12-04
ST16,SKU02096,55,35,15,2025-11-09
ST23,SKU01553,82,85,22,2025-12-27
ST07,SKU04104,49,38,13,2025-11-13
ST06,SKU01361,76,62,13,2025-12-10
ST03,SKU04313,4,54,27,2025-11-15
ST09,SKU01893,80,45,14,2025-12-27
ST09,SKU00125,127,59,22,2025-12-30
ST10,SKU04295,52,20,5,2025-11-21
ST25,SKU02556,123,50,13,2025-11-16
ST07,SKU03030,56,76,29,2025-11-12
ST17,SKU01650,116,43,16,2025-12-21
ST20,SKU00945,277,95,42,2025-12-12
ST22,SKU03133,37,77,26,2025-11-09
ST14,SKU04548,3,41,10,2025-12-03
ST18,SKU01124,98,51,19,2025-12-11
ST26,SKU04379,59,97,39,2025-11-29
ST17,SKU00813,60,25,5,2025-11-10
ST10,SKU04308,87,35,13,2025-12-20
ST28,SKU00233,48,79,31,2025-12-16
ST07,SKU01847,92,45,15,2025-12-23
ST05,SKU03719,38,92,40,2025-11-16
ST24,SKU01401,242,94,26,2025-12-29
ST21,SKU03786,10,40,10,2025-11-29
ST03,SKU02227,36,73,34,2025-11-05
ST25,SKU03464,2,42,12,2025-11-14
ST04,SKU00324,147,62,21,2025-11-17
ST18,SKU03652,43,36,13,2025-12-10
ST26,SKU04703,27,99,32,2025-12-24
ST04,SKU00531,67,90,28,2025-12-26
ST30,SKU04522,64,49,18,2025-11-07
ST01,SKU01774,1,24,11,2025-12-07
ST16,SKU00036,134,85,25,2025-11-25
ST25,SKU00756,44,39,13,2025-11-10
ST10,SKU04425,178,82,31,2025-12-24
ST06,SKU03305,48,67,17,2025-11-24
ST30,SKU03762,32,63,25,2025-12-25
ST05,SKU03384,84,59,24,2025-12-08
ST06,SKU00804,9,21,6,2025-12-06
ST16,SKU01221,4,77,27,2025-11-12
ST01,SKU04448,60,49,17,2025-11-06
ST28,SKU03579,43,26,6,2025-11-13
ST15,SKU02883,49,38,8,2025-11-12
ST21,SKU04263,109,40,10,2025-12-17
ST08,SKU02090,15,29,14,2025-11-16
ST12,SKU04116,59,31,11,2025-11-16
ST21,SKU01790,332,57,22,2025-07-01
ST15,SKU00611,12,30,8,2025-11-27
ST26,SKU00722,17,27,6,2025-11-19
ST08,SKU00674,158,81,29,2025-12-26
ST08,SKU03911,170,79,16,2025-12-17
ST12,SKU00171,113,97,47,2025-12-03
ST02,SKU03549,153,84,36,2025-11-08
ST11,SKU03606,11,21,9,2025-11-10
ST06,SKU04239,39,22,8,2025-11-20
ST06,SKU02831,63,46,19,2025-11-02
ST10,SKU03841,24,42,15,2025-12-26
ST19,SKU00511,196,88,20,2025-12-19
ST25,SKU01883,193,94,36,2025-11-18
ST14,SKU01901,39,58,26,2025-11-02
ST15,SKU00835,171,95,33,2025-11-05
ST25,SKU03770,59,33,14,2025-12-11
ST14,SKU01430,82,41,11,2025-11-17
ST28,SKU03313,24,21,9,2025-11-28
ST01,SKU02016,20,72,24,2025-12-05
ST29,SKU01612,52,36,13,2025-12-23
ST26,SKU04151,44,39,10,2025-12-31
ST07,SKU01500,102,48,21,2025-11-12
ST24,SKU02188,67,46,16,2025-12-10
ST29,SKU04988,56,20,6,2025-12-26
ST04,SKU02439,95,49,11,2025-11-22
ST03,SKU01633,157,57,28,2025-11-11
ST13,SKU03464,101,79,18,2025-11-09
ST03,SKU00093,104,91,28,2025-11-18
ST08,SKU00834,218,81,21,2025-12-06
ST01,SKU02948,15,29,12,2025-12-10
ST26,SKU03890,208,74,19,2025-12-10
ST26,SKU02898,15,33,13,2025-12-05
ST15,SKU01925,3,20,8,2025-12-13
ST17,SKU03963,28,31,11,2025-11-28
ST07,SKU02620,70,65,16,2025-12-04
ST11,SKU00698,119,98,23,2025-12-16
ST07,SKU04216,34,52,19,2025-12-26
ST15,SKU03791,202,91,30,2025-11-13
ST19,SKU04543,141,73,22,2025-12-19
ST16,SKU00084,22,30,8,2025-11-25
ST13,SKU02552,90,91,26,2025-11-25
ST25,SKU01436,77,56,17,2025-12-27
ST26,SKU02240,53,31,11,2025-12-30
ST14,SKU03312,27,71,23,2025-12-13
ST26,SKU04525,34,61,21,2025-12-28
ST26,SKU04364,197,98,31,2025-11-20
ST16,SKU00770,53,40,19,2025-12-15
ST24,SKU01330,59,31,7,2025-12-30
ST19,SKU01085,124,46,10,2025-12-20
ST15,SKU01519,71,84,29,2025-11-01
ST19,SKU02614,0,70,21,2025-10-05
ST10,SKU01041,21,85,36,2025-11-05
ST03,SKU04836,117,54,18,2025-11-13
ST16,SKU01022,114,75,23,2025-11-30
ST11,SKU01834,64,21,10,2025-07-10
ST11,SKU02287,35,53,19,2025-11-03
ST27,SKU04203,123,57,28,2025-11-03
ST30,SKU00432,275,100,22,2025-12-11
ST02,SKU03538,44,21,6,2025-11-26
ST03,SKU02365,134,93,25,2025-12-11
ST12,SKU02805,18,21,7,2025-12-23
ST19,SKU02847,64,50,12,2025-11-04
ST12,SKU01997,99,40,19,2025-11-06
ST22,SKU01225,153,63,24,2025-11-24
ST04,SKU02238,45,41,8,2025-11-16
ST10,SKU00696,32,24,6,2025-11-28
ST07,SKU00487,149,87,23,2025-11-07
ST26,SKU00884,64,23,5,2025-11-12
ST05,SKU01747,23,44,18,2025-11-04
ST08,SKU00858,258,83,17,2025-07-06
ST26,SKU02512,195,77,28,2025-11-16
ST11,SKU01467,81,48,15,2025-12-16
ST29,SKU01844,161,63,14,2025-11-05
ST18,SKU00367,205,73,31,2025-11-10
ST15,SKU01351,130,69,18,2025-11-09
ST16,SKU00956,11,66,30,2025-12-25
ST05,SKU01917,27,62,13,2025-12-05
ST08,SKU02308,212,90,40,2025-12-29
ST24,SKU02944,210,88,20,2025-11-04
ST17,SKU02192,43,66,31,2025-12-07
ST28,SKU00721,390,92,26,2025-07-07
ST20,SKU04553,130,59,27,2025-11-07
ST03,SKU00621,27,85,24,2025-11-26
ST03,SKU03459,2,72,34,2025-12-29
ST25,SKU01127,11,44,15,2025-12-14
ST18,SKU01200,51,27,8,2025-12-07
ST04,SKU03596,41,46,10,2025-11-15
ST21,SKU00234,58,32,10,2025-11-15
ST14,SKU00513,127,76,22,2025-12-26
ST25,SKU02550,86,75,23,2025-12-18
ST10,SKU04266,134,52,26,2025-12-14
ST23,SKU03942,78,66,16,2025-12-13
ST30,SKU02759,93,90,28,2025-12-11
ST13,SKU04680,22,52,13,2025-12-20
ST12,SKU04843,141,65,30,2025-11-14
ST26,SKU01677,29,26,7,2025-12-24
ST28,SKU04570,67,25,11,2025-11-03
ST18,SKU00179,36,30,8,2025-12-27
ST29,SKU02143,56,91,39,2025-12-29
ST11,SKU03421,57,32,13,2025-11-28
ST11,SKU02303,57,31,9,2025-11-14
ST23,SKU01525,40,27,12,2025-12-25
ST08,SKU03206,111,60,29,2025-11-01
ST20,SKU01195,210,86,19,2025-11-13
ST21,SKU01486,21,56,12,2025-11-12
ST23,SKU00710,113,88,33,2025-11-18
ST11,SKU03573,108,37,8,2025-12-03
ST02,SKU03468,59,42,10,2025-11-26
ST16,SKU01281,49,55,18,2025-12-26
ST22,SKU01295,30,32,11,2025-11-06
ST12,SKU03674,62,37,17,2025-11-24
ST08,SKU00583,77,54,12,2025-12-17
ST20,SKU02179,115,90,34,2025-11-24
ST30,SKU01609,151,100,23,2025-11-23
ST25,SKU04761,51,43,12,2025-12-02
ST08,SKU01908,48,24,10,2025-11-26
ST28,SKU01290,38,66,27,2025-11-21
ST13,SKU00791,78,93,29,2025-12-09
ST16,SKU00728,0,48,23,2025-09-14
ST09,SKU03147,100,59,18,2025-12-25
ST10,SKU03713,116,82,29,2025-11-06
ST17,SKU01581,170,57,26,2025-12-30
ST07,SKU01558,320,80,29,2025-09-01
ST28,SKU00376,76,28,8,2025-12-22
ST26,SKU04774,76,65,14,2025-12-15
ST16,SKU03744,141,46,16,2025-07-06
ST13,SKU04309,0,88,24,2025-12-24
ST10,SKU01621,101,34,7,2025-11-17
ST10,SKU01702,11,38,14,2025-11-02
ST30,SKU00151,261,89,22,2025-12-27
ST23,SKU00677,35,24,9,2025-12-17
ST06,SKU03228,205,70,33,2025-11-22
ST14,SKU01878,9,96,26,2025-11-28
ST23,SKU01140,151,84,41,2025-11-12
ST26,SKU00488,7,27,8,2025-11-08
ST19,SKU00762,229,85,18,2025-12-10
ST11,SKU02198,9,45,14,2025-12-11
ST30,SKU02810,54,70,29,2025-11-24
ST12,SKU03127,41,50,15,2025-11-08
ST02,SKU00818,36,74,20,2025-12-21
ST21,SKU04765,24,78,20,2025-12-15
ST14,SKU03015,95,79,21,2025-12-30
ST01,SKU02767,90,33,14,2025-12-20
ST05,SKU03843,95,75,19,2025-12-20
ST19,SKU01519,180,81,32,2025-12-04
ST28,SKU02082,47,57,22,2025-11-17
ST05,SKU03625,48,44,16,2025-12-13
ST10,SKU01795,14,61,23,2025-12-17
ST14,SKU00931,181,72,20,2025-12-01
ST22,SKU01199,117,100,36,2025-11-05
ST16,SKU04203,129,83,22,2025-11-15
ST28,SKU04180,46,100,24,2025-11-16
ST15,SKU00938,68,39,16,2025-11-18
ST23,SKU04882,19,68,23,2025-12-26
ST10,SKU04503,74,51,18,2025-12-13
ST17,SKU03955,88,33,7,2025-12-25
ST12,SKU02246,121,43,20,2025-11-06
ST21,SKU04108,80,29,6,2025-12-12
ST01,SKU00075,261,95,24,2025-11-21
ST01,SKU00462,146,48,19,2025-05-07
ST06,SKU02367,23,32,11,2025-11-29
ST26,SKU00027,200,84,30,2025-11-17
ST20,SKU02146,13,67,29,2025-12-15
ST07,SKU04071,131,45,17,2025-12-04
ST24,SKU01653,78,34,13,2025-12-12
ST22,SKU00385,175,41,18,2025-06-09
ST30,SKU04089,157,54,25,2025-12-07
ST18,SKU04889,133,73,32,2025-11-03
ST15,SKU01446,9,98,24,2025-11-02
ST15,SKU00188,101,52,15,2025-11-14
ST16,SKU04273,0,34,11,2025-09-04
ST29,SKU02336,9,64,31,2025-12-15
ST10,SKU00227,99,73,23,2025-12-31
ST16,SKU02675,171,82,22,2025-12-15
ST26,SKU00904,207,83,41,2025-12-05
ST28,SKU04566,324,83,37,2025-08-07
ST05,SKU00856,8,38,15,2025-12-22
ST14,SKU00845,39,64,18,2025-11-08
ST22,SKU04584,61,46,19,2025-12-10
ST09,SKU04611,75,93,44,2025-11-22
ST05,SKU02010,159,75,36,2025-11-09
ST08,SKU04518,173,89,37,2025-11-22
ST19,SKU02618,112,75,28,2025-11-19
ST02,SKU03607,80,28,14,2025-11-30
ST18,SKU00635,135,48,21,2025-11-17
ST07,SKU03690,88,74,21,2025-11-10
ST05,SKU01241,20,25,11,2025-12-05
ST18,SKU02833,143,74,32,2025-12-18
ST21,SKU00575,68,39,16,2025-11-03
ST05,SKU01352,79,39,15,2025-11-24
ST29,SKU01372,31,83,40,2025-12-25
ST16,SKU04970,54,42,14,2025-12-19
ST23,SKU01764,243,85,38,2025-11-16
ST24,SKU00286,161,66,31,2025-12-05
ST29,SKU02535,116,45,18,2025-12-28
ST04,SKU01117,232,97,26,2025-12-06
ST16,SKU00863,49,89,41,2025-11-03
ST03,SKU00822,90,37,17,2025-12-05
ST20,SKU01088,12,33,13,2025-12-19
ST20,SKU01642,62,90,45,2025-11-29
ST14,SKU04578,136,97,29,2025-11-20
ST27,SKU01513,54,42,13,2025-12-28
ST03,SKU00451,74,30,15,2025-12-21
ST21,SKU00973,106,71,34,2025-12-14
ST23,SKU04063,8,90,30,2025-11-22
ST20,SKU01713,110,46,10,2025-11-27
ST10,SKU04265,219,41,9,2025-07-03
ST10,SKU04294,45,84,21,2025-12-26
ST03,SKU04025,7,28,7,2025-11-09
ST05,SKU03310,234,80,32,2025-11-15
ST30,SKU01524,22,20,4,2025-12-10
ST17,SKU00637,132,88,39,2025-12-04
ST12,SKU03985,220,100,23,2025-12-07
ST09,SKU03188,254,95,28,2025-11-13
ST25,SKU03679,38,85,26,2025-12-05
ST07,SKU03658,27,29,8,2025-12-14
ST04,SKU03852,96,85,34,2025-11-21
ST20,SKU03811,61,43,16,2025-11-24
ST21,SKU02417,169,100,34,2025-12-10
ST01,SKU01494,17,27,7,2025-12-19
ST29,SKU03585,81,46,15,2025-12-14
ST15,SKU00792,9,84,35,2025-11-21
ST17,SKU01687,167,59,22,2025-11-14
ST27,SKU01746,119,45,10,2025-11-18
ST20,SKU02687,12,27,13,2025-11-04
ST22,SKU02693,17,82,18,2025-12-19
ST17,SKU01676,87,40,8,2025-11-03
ST01,SKU02063,135,97,25,2025-12-19
ST25,SKU02282,98,42,20,2025-11-27
ST30,SKU02433,4,68,22,2025-11-07
ST21,SKU00996,134,64,25,2025-12-03
ST03,SKU01917,100,57,15,2025-11-01
ST14,SKU01550,78,37,12,2025-11-26
ST08,SKU01624,71,32,12,2025-11-01
ST02,SKU03877,213,82,40,2025-11-30
ST12,SKU04923,32,63,20,2025-12-18
ST30,SKU01323,105,38,12,2025-11-13
ST23,SKU00379,75,43,10,2025-12-18
ST13,SKU00818,49,42,18,2025-11-07
ST20,SKU03822,302,93,45,2025-06-09
ST30,SKU02085,131,44,9,2025-11-29
ST17,SKU04226,121,83,37,2025-12-31
ST28,SKU01385,67,50,13,2025-11-04
ST21,SKU02679,128,96,46,2025-12-26
ST16,SKU04711,266,91,33,2025-11-19
ST05,SKU00296,257,97,44,2025-11-23
ST11,SKU03977,33,76,29,2025-11-30
ST16,SKU01160,228,78,32,2025-12-20
ST23,SKU00735,111,86,40,2025-11-06
ST03,SKU02179,53,44,12,2025-12-20
ST04,SKU00295,44,92,33,2025-11-28
ST20,SKU00800,19,44,21,2025-12-06
ST04,SKU03125,52,57,24,2025-11-29
ST29,SKU02663,17,37,8,2025-12-22
ST26,SKU03261,94,96,26,2025-11-01
ST10,SKU03860,129,92,36,2025-12-17
ST21,SKU03964,56,52,13,2025-12-24
ST01,SKU03829,157,69,19,2025-11-09
ST29,SKU02767,25,42,12,2025-12-13
ST05,SKU02414,31,53,14,2025-11-28
ST07,SKU02937,134,90,37,2025-11-21
ST18,SKU03754,114,45,13,2025-12-05
ST01,SKU04214,73,54,25,2025-12-09
ST15,SKU02953,209,82,41,2025-12-12
ST27,SKU04575,37,26,8,2025-11-19
ST19,SKU04916,159,83,39,2025-12-17
ST17,SKU04540,37,23,8,2025-11-30
ST25,SKU00264,223,75,30,2025-11-16
ST11,SKU00944,55,39,19,2025-11-14
ST16,SKU01862,63,31,12,2025-11-03
ST14,SKU01781,148,26,13,2025-07-28
ST15,SKU02817,93,37,10,2025-12-24
ST23,SKU01915,340,75,37,2025-08-13
ST14,SKU03676,279,99,25,2025-12-29
ST08,SKU03686,234,93,44,2025-12-20
ST28,SKU02011,217,84,34,2025-11-04
ST01,SKU04125,260,90,43,2025-12-21
ST19,SKU00122,41,44,19,2025-11-29
ST29,SKU04778,91,51,15,2025-11-16
ST10,SKU00801,9,37,9,2025-12-07
ST22,SKU00719,142,79,39,2025-12-26
ST07,SKU01020,47,95,40,2025-11-03
ST19,SKU02803,148,95,43,2025-12-08
ST15,SKU03620,33,47,18,2025-11-10
ST23,SKU02918,140,51,10,2025-12-02
ST22,SKU03017,19,60,28,2025-12-26
ST05,SKU04461,137,96,39,2025-11-09
ST29,SKU03302,217,93,43,2025-11-14
ST23,SKU02725,117,95,28,2025-11-05
ST26,SKU03338,104,76,25,2025-12-15
ST10,SKU00166,139,56,26,2025-11-10
ST25,SKU00789,117,75,34,2025-12-20
ST23,SKU03164,40,20,9,2025-11-25
ST29,SKU00052,20,39,12,2025-11-12
ST19,SKU04051,77,28,12,2025-11-29
ST18,SKU04892,170,82,28,2025-11-13
ST06,SKU00873,234,80,18,2025-12-30
ST09,SKU02208,202,80,25,2025-12-16
ST08,SKU04016,205,78,31,2025-12-14
ST06,SKU04564,94,55,23,2025-11-06
ST28,SKU00189,96,49,17,2025-11-15
ST03,SKU02075,229,54,25,2025-07-28
ST19,SKU02493,101,66,24,2025-11-06
ST29,SKU00018,98,64,28,2025-11-09
ST03,SKU04433,164,63,30,2025-11-06
ST24,SKU00077,137,93,24,2025-11-29
ST21,SKU02089,51,51,12,2025-11-25
ST25,SKU02235,80,54,25,2025-11-20
ST30,SKU00319,218,88,30,2025-12-03
ST02,SKU01117,194,93,22,2025-11-19
ST06,SKU00787,8,82,17,2025-11-09
ST14,SKU02391,137,75,30,2025-11-19
ST07,SKU01687,218,97,40,2025-12-21
ST20,SKU03500,78,34,7,2025-12-05
ST06,SKU00996,24,82,38,2025-11-01
ST12,SKU02520,297,62,26,2025-08-24
ST06,SKU02349,26,76,31,2025-12-01
ST26,SKU04149,34,28,13,2025-11-29
ST11,SKU04450,166,69,33,2025-11-04
ST29,SKU03471,119,79,39,2025-12-21
ST17,SKU00853,63,52,23,2025-12-03
ST08,SKU01549,32,25,7,2025-11-05
ST17,SKU03009,119,62,30,2025-11-10
ST03,SKU01010,8,32,10,2025-12-30
ST05,SKU04050,127,63,21,2025-11-05
ST21,SKU03070,188,65,14,2025-11-23
ST01,SKU04078,64,86,35,2025-12-24
ST03,SKU00181,77,86,20,2025-12-09
ST12,SKU03695,71,28,13,2025-11-01
ST26,SKU01573,137,61,18,2025-11-26
ST19,SKU04936,129,68,24,2025-11-24
ST10,SKU02708,87,91,40,2025-11-26
ST15,SKU01665,75,81,26,2025-12-15
ST04,SKU02766,182,96,20,2025-12-06
ST24,SKU02685,75,28,8,2025-11-05
ST24,SKU02845,146,99,32,2025-12-14
ST15,SKU04784,207,71,31,2025-12-30
ST29,SKU03736,94,61,24,2025-12-21
ST05,SKU04889,52,46,19,2025-12-21
ST30,SKU03335,181,69,14,2025-11-06
ST02,SKU03096,110,65,32,2025-12-12
ST01,SKU01540,87,69,16,2025-11-07
ST27,SKU00615,1,76,26,2025-12-12
ST21,SKU00509,116,88,21,2025-12-15
ST21,SKU04892,2,84,23,2025-11-02
ST09,SKU04457,147,51,14,2025-11-28
ST11,SKU03810,154,64,13,2025-12-21
ST17,SKU01833,168,65,26,2025-12-08
ST21,SKU02801,122,60,22,2025-12-19
ST06,SKU00082,71,74,26,2025-11-05
ST12,SKU04045,117,80,27,2025-12-01
ST13,SKU04117,48,53,24,2025-12-28
ST29,SKU03782,89,32,9,2025-12-26
ST07,SKU03237,38,95,24,2025-11-29
ST26,SKU01331,216,88,40,2025-11-24
ST05,SKU01086,70,53,24,2025-11-03
ST03,SKU04674,273,100,43,2025-12-27
ST30,SKU00964,37,67,16,2025-12-13
ST01,SKU03566,1,27,6,2025-11-01
ST10,SKU02625,140,66,24,2025-11-06
ST14,SKU00256,114,70,18,2025-11-19
ST13,SKU03686,56,69,28,2025-11-02
ST05,SKU04122,119,45,20,2025-12-08
ST14,SKU03519,131,58,14,2025-12-27
ST20,SKU04025,148,51,17,2025-12-03
ST20,SKU04264,0,23,9,2025-12-02
ST16,SKU04403,6,65,22,2025-11-04
ST24,SKU00081,41,26,12,2025-12-18
ST30,SKU04761,34,29,14,2025-11-13
ST09,SKU02771,55,79,36,2025-12-20
ST05,SKU00743,93,35,8,2025-11-20
ST06,SKU00252,12,27,13,2025-11-06
ST03,SKU00375,207,80,34,2025-11-20
ST08,SKU00697,17,35,14,2025-11-17
ST17,SKU03435,51,21,7,2025-11-19
ST15,SKU02996,13,47,23,2025-11-19
ST16,SKU00031,26,82,19,2025-12-29
ST03,SKU01205,139,47,22,2025-11-08
ST06,SKU04560,228,90,43,2025-11-15
ST29,SKU01011,1,49,18,2025-11-15
ST23,SKU00897,132,72,29,2025-12-24
ST12,SKU01756,123,53,15,2025-12-20
ST14,SKU00792,19,73,16,2025-12-17
ST10,SKU04040,30,30,9,2025-11-17
ST29,SKU01682,6,35,16,2025-11-15
ST23,SKU02150,23,26,8,2025-11-23
ST03,SKU00413,84,73,31,2025-11-07
ST22,SKU00931,227,79,16,2025-12-04
ST08,SKU02431,121,45,21,2025-11-21
ST29,SKU02149,1,33,14,2025-12-12
ST29,SKU02752,128,95,35,2025-12-04
ST29,SKU02365,263,91,33,2025-11-11
ST03,SKU00195,160,77,35,2025-12-05
ST26,SKU02515,22,31,7,2025-11-07
ST07,SKU02357,14,53,17,2025-12-20
ST08,SKU02280,130,63,31,2025-11-21
ST22,SKU01336,123,44,13,2025-11-12
ST29,SKU03498,185,92,44,2025-11-21
ST16,SKU01278,181,89,27,2025-11-22
ST06,SKU03435,113,47,21,2025-11-24
ST02,SKU00204,20,31,15,2025-12-29
ST18,SKU02271,27,88,19,2025-12-06
ST17,SKU04042,91,75,24,2025-11-04
ST18,SKU00890,79,35,8,2025-12-14
ST01,SKU02356,69,66,19,2025-11-19
ST04,SKU01072,85,58,28,2025-12-17
ST24,SKU01120,39,35,14,2025-11-02
ST16,SKU04929,52,34,13,2025-11-07
ST08,SKU01067,118,45,16,2025-11-23
ST04,SKU04234,3,89,35,2025-11-07
ST07,SKU04098,213,79,36,2025-12-03
ST28,SKU03841,27,57,26,2025-12-19
ST01,SKU00038,18,49,24,2025-11-30
ST29,SKU01534,216,73,18,2025-11-03
ST06,SKU01412,158,93,21,2025-11-14
ST22,SKU04417,75,73,32,2025-12-23
ST07,SKU04229,142,58,29,2025-11-30
ST09,SKU01982,94,63,14,2025-12-22
ST22,SKU03112,187,66,20,2025-12-12
ST04,SKU00864,248,84,24,2025-12-30
ST12,SKU01268,68,88,22,2025-11-13
ST22,SKU00898,130,46,13,2025-11-24
ST10,SKU00405,10,54,12,2025-11-19
ST21,SKU00265,124,68,29,2025-12-04
ST16,SKU00145,28,21,10,2025-11-26
ST19,SKU02650,186,97,21,2025-11-01
ST28,SKU04148,37,49,21,2025-11-26
ST26,SKU00711,212,81,31,2025-12-10
ST24,SKU03452,151,92,30,2025-12-21
ST04,SKU03881,228,78,24,2025-12-27
ST05,SKU03268,109,56,23,2025-11-18
ST04,SKU00607,34,32,7,2025-11-09
ST14,SKU03975,32,37,8,2025-11-30
ST21,SKU04705,37,25,10,2025-11-29
ST12,SKU04364,70,57,24,2025-11-29
ST24,SKU03327,77,47,12,2025-11-19
ST01,SKU01671,14,27,9,2025-11-04
ST28,SKU01022,6,40,17,2025-11-04
ST06,SKU04387,204,73,16,2025-12-18
ST23,SKU01668,81,65,21,2025-11-01
ST26,SKU00785,35,35,12,2025-11-09
ST11,SKU03204,39,68,27,2025-11-08
ST19,SKU04494,154,60,23,2025-11-28
ST15,SKU00523,140,70,16,2025-11-23
ST29,SKU00428,62,59,21,2025-12-21
ST29,SKU04515,115,75,34,2025-12-11
ST15,SKU04322,86,62,26,2025-11-20
ST08,SKU00349,1,26,7,2025-11-28
ST08,SKU02758,93,75,20,2025-11-04
ST28,SKU00339,107,56,22,2025-11-07
ST06,SKU01862,51,43,14,2025-12-18
ST11,SKU00411,270,96,24,2025-12-14
ST07,SKU04935,46,39,8,2025-12-11
ST14,SKU02881,183,63,29,2025-12-30
ST17,SKU00266,28,26,12,2025-11-18
ST29,SKU02250,23,72,33,2025-12-15
ST19,SKU02031,0,20,7,2025-11-24
ST28,SKU03752,138,78,20,2025-12-22
ST11,SKU03168,119,56,19,2025-12-12
ST03,SKU01316,120,79,26,2025-11-25
ST18,SKU02699,17,76,30,2025-12-24
ST10,SKU01689,23,92,46,2025-12-22
ST07,SKU02167,103,64,17,2025-12-29
ST15,SKU02677,250,84,35,2025-12-19
ST18,SKU00704,13,34,12,2025-11-09
ST01,SKU02122,15,36,16,2025-11-19
ST23,SKU01602,55,97,24,2025-12-14
ST16,SKU04021,53,22,7,2025-11-30
ST03,SKU00137,156,68,20,2025-11-17
ST26,SKU01892,58,85,28,2025-12-07
ST11,SKU04664,214,47,22,2025-08-06
ST17,SKU01257,104,57,21,2025-12-17
ST17,SKU02848,145,59,21,2025-12-23
ST26,SKU03400,14,69,15,2025-12-30
ST23,SKU03149,97,73,25,2025-12-10
ST13,SKU04989,188,63,25,2025-12-07
ST26,SKU00983,65,27,8,2025-12-27
ST25,SKU02798,17,99,48,2025-11-05
ST23,SKU00473,73,35,16,2025-12-06
ST30,SKU04057,265,90,44,2025-12-13
ST03,SKU00319,29,21,6,2025-12-24
ST01,SKU01451,205,70,25,2025-11-11
ST29,SKU00393,198,82,32,2025-11-25
ST22,SKU01716,3,36,12,2025-12-29
ST05,SKU00276,85,50,13,2025-11-04
ST01,SKU04826,119,69,20,2025-12-29
ST05,SKU03501,131,57,22,2025-12-21
ST24,SKU04642,282,96,24,2025-12-23
ST02,SKU03531,189,85,23,2025-12-13
ST24,SKU02077,4,31,13,2025-11-05
ST08,SKU00077,32,45,11,2025-11-30
ST20,SKU02493,16,70,15,2025-12-31
ST03,SKU03797,94,40,13,2025-12-28
ST15,SKU02484,167,94,34,2025-11-23
ST05,SKU04519,67,76,22,2025-12-15
ST02,SKU03955,18,23,6,2025-12-15
ST26,SKU01945,70,54,23,2025-12-24
ST27,SKU02815,149,51,23,2025-11-26
ST23,SKU01507,108,39,19,2025-11-24
ST29,SKU03053,0,45,14,2025-10-12
ST19,SKU03652,183,63,14,2025-11-17
ST04,SKU04991,103,45,19,2025-11-13
ST25,SKU01595,10,55,27,2025-12-02
ST26,SKU00798,32,25,7,2025-12-25
ST03,SKU01659,82,50,14,2025-12-01
ST06,SKU02370,7,78,19,2025-12-13
ST17,SKU04519,118,59,12,2025-12-13
ST12,SKU01258,32,47,21,2025-12-06
ST15,SKU00881,98,73,28,2025-12-15
ST22,SKU02758,44,31,6,2025-11-12
ST04,SKU00289,145,95,24,2025-11-03
ST05,SKU04796,23,100,23,2025-11-26
ST20,SKU04953,56,62,16,2025-11-16
ST30,SKU03614,170,81,19,2025-11-25
ST23,SKU04613,33,20,6,2025-12-23
ST30,SKU02870,1,45,18,2025-11-06
ST24,SKU00259,289,100,28,2025-11-23
ST04,SKU03642,40,32,10,2025-12-07
ST18,SKU00891,113,89,21,2025-12-18
ST29,SKU00442,271,93,21,2025-12-06
ST09,SKU03992,0,90,28,2025-11-02
ST07,SKU00221,55,85,29,2025-12-05
ST30,SKU00997,60,37,16,2025-12-04
ST23,SKU00294,39,52,13,2025-11-28
ST01,SKU03763,31,22,7,2025-12-15
ST15,SKU03591,169,88,33,2025-11-13
ST25,SKU02277,179,46,19,2025-07-24
ST19,SKU00469,165,79,34,2025-12-08
ST24,SKU02806,201,96,43,2025-12-25
ST15,SKU00440,60,21,10,2025-12-01
ST20,SKU04845,79,51,19,2025-11-15
ST30,SKU02826,12,72,16,2025-12-08
ST21,SKU02820,25,53,19,2025-11-01
ST23,SKU04509,158,85,19,2025-11-15
ST11,SKU00126,40,69,27,2025-12-06
ST02,SKU01690,164,73,19,2025-11-27
ST29,SKU04073,328,65,22,2025-08-10
ST04,SKU00384,186,68,25,2025-12-21
ST12,SKU00602,60,97,45,2025-12-02
ST09,SKU00237,319,64,13,2025-07-11
ST03,SKU01670,110,97,27,2025-11-19
ST09,SKU01002,52,37,9,2025-11-02
ST09,SKU04196,223,86,35,2025-12-05
ST02,SKU01242,160,71,25,2025-12-13
ST11,SKU01715,128,90,28,2025-11-11
ST24,SKU01920,73,40,10,2025-12-18
ST02,SKU00529,1,99,44,2025-12-01
ST15,SKU03635,30,40,17,2025-11-14
ST10,SKU03711,106,79,19,2025-11-27
ST16,SKU03568,51,38,13,2025-12-04
ST10,SKU03097,125,43,19,2025-11-13
ST26,SKU03913,23,57,13,2025-12-26
ST20,SKU02845,114,83,33,2025-12-22
ST29,SKU01790,312,57,22,2025-07-07
ST23,SKU02107,70,27,9,2025-12-10
ST09,SKU04030,73,76,28,2025-12-19
ST04,SKU02207,45,39,19,2025-11-08
ST27,SKU02720,112,52,25,2025-12-19
ST04,SKU01128,32,39,12,2025-11-01
ST14,SKU01950,172,59,19,2025-12-25
ST25,SKU01169,28,81,17,2025-11-15
ST06,SKU02082,26,40,12,2025-12-29
ST17,SKU01913,32,53,15,2025-12-30
ST03,SKU02427,110,81,40,2025-11-17
ST12,SKU04804,73,35,16,2025-12-13
ST15,SKU01532,28,24,7,2025-11-17
ST29,SKU04354,4,51,15,2025-12-21
ST02,SKU04010,8,29,12,2025-12-17
ST25,SKU01418,13,39,14,2025-11-14
ST03,SKU01533,61,52,25,2025-12-08
ST03,SKU01297,26,21,4,2025-11-14
ST26,SKU00909,117,48,20,2025-11-13
ST27,SKU02384,74,30,11,2025-11-20
ST24,SKU00333,123,61,23,2025-11-19
ST22,SKU00841,100,71,32,2025-11-23
ST24,SKU00074,23,25,11,2025-12-11
ST19,SKU00380,99,73,19,2025-12-15
ST18,SKU03143,107,51,23,2025-12-08
ST07,SKU01593,230,81,27,2025-11-22
ST22,SKU04135,218,83,22,2025-12-21
ST17,SKU02329,71,66,32,2025-12-20
ST20,SKU03617,147,62,22,2025-11-25
ST18,SKU04896,95,98,37,2025-11-25
ST22,SKU04480,7,26,13,2025-12-09
ST27,SKU03136,58,99,40,2025-12-21
ST04,SKU02859,67,47,14,2025-12-23
ST21,SKU02156,93,43,11,2025-11-17
ST08,SKU01841,135,65,31,2025-12-15
ST23,SKU00883,144,74,23,2025-12-23
ST04,SKU02885,117,50,18,2025-12-28
ST18,SKU00568,111,58,21,2025-11-27
ST26,SKU03236,12,38,13,2025-11-02
ST26,SKU04801,110,44,18,2025-11-30
ST15,SKU02229,64,41,12,2025-12-22
ST08,SKU04310,111,80,19,2025-12-09
ST14,SKU04380,31,32,7,2025-12-02
ST15,SKU04180,166,71,29,2025-11-27
ST23,SKU03623,130,56,27,2025-12-30
ST19,SKU01483,138,62,15,2025-12-29
ST26,SKU04682,11,20,5,2025-12-22
ST15,SKU00427,65,89,25,2025-11-06
ST16,SKU02190,156,84,26,2025-11-16
ST12,SKU04276,57,49,22,2025-12-12
ST06,SKU01809,1,44,18,2025-12-15
ST18,SKU02773,12,70,23,2025-12-31
ST15,SKU00312,95,95,34,2025-12-13
ST18,SKU02302,362,100,49,2025-06-12
ST30,SKU01942,8,25,10,2025-12-25
ST21,SKU04486,292,98,30,2025-12-27
ST28,SKU00386,19,91,32,2025-11-28
ST16,SKU03928,101,62,29,2025-12-10
ST19,SKU04973,30,25,6,2025-12-16
ST15,SKU02844,97,36,12,2025-11-30
ST04,SKU04159,168,81,27,2025-12-02
ST12,SKU03812,15,44,10,2025-12-18
ST15,SKU03556,179,69,32,2025-11-23
ST28,SKU03647,89,80,28,2025-12-27
ST15,SKU01681,9,73,19,2025-12-09
ST03,SKU03715,134,83,29,2025-12-20
ST06,SKU00277,53,48,11,2025-12-13
ST15,SKU01600,49,51,14,2025-11-17
ST09,SKU00488,47,22,5,2025-12-24
ST10,SKU02497,18,20,4,2025-11-16
ST02,SKU04833,92,63,22,2025-11-25
ST05,SKU00902,244,100,44,2025-12-09
ST01,SKU01401,90,54,15,2025-11-19
ST11,SKU03458,145,61,26,2025-12-28
ST09,SKU02035,106,46,13,2025-11-29
ST25,SKU01884,180,96,40,2025-11-03
ST15,SKU04723,97,49,22,2025-12-11
ST07,SKU03706,191,66,14,2025-12-31
ST27,SKU04954,260,88,38,2025-12-11
ST24,SKU01133,163,28,12,2025-05-19
ST02,SKU03898,94,32,15,2025-12-31
ST23,SKU01144,41,36,9,2025-11-17
ST15,SKU03097,51,88,40,2025-11-03
ST29,SKU02939,18,21,6,2025-11-07
ST06,SKU02106,6,25,9,2025-11-25
ST18,SKU04616,80,63,16,2025-12-24
ST09,SKU00846,21,79,33,2025-11-29
ST18,SKU00542,179,94,26,2025-11-15
ST19,SKU00409,29,49,12,2025-11-05
ST03,SKU01719,287,97,33,2025-11-23
ST13,SKU03279,71,32,8,2025-11-08
ST01,SKU02651,96,87,18,2025-12-15
ST26,SKU04450,91,40,14,2025-12-16
ST09,SKU02204,49,39,17,2025-11-07
ST05,SKU04683,33,67,27,2025-11-08
ST10,SKU02908,47,92,26,2025-11-05
ST02,SKU02549,97,84,24,2025-12-02
ST12,SKU00313,131,86,33,2025-11-11
ST06,SKU02615,202,75,32,2025-12-26
ST15,SKU02779,31,30,14,2025-11-03
ST05,SKU04973,126,52,16,2025-12-21
ST09,SKU01668,25,71,22,2025-12-03
ST28,SKU02413,192,83,21,2025-11-26
ST30,SKU03085,30,26,12,2025-11-19
ST11,SKU02434,34,37,13,2025-12-31
ST16,SKU02388,67,43,15,2025-11-05
ST27,SKU02210,187,80,30,2025-11-08
ST08,SKU02254,104,72,30,2025-12-20
ST08,SKU02804,85,67,29,2025-12-04
ST14,SKU01823,202,85,39,2025-11-27
ST04,SKU00509,220,94,21,2025-11-09
ST26,SKU00644,162,91,44,2025-11-24
ST01,SKU02832,128,81,19,2025-11-17
ST17,SKU01213,28,57,17,2025-11-26
ST29,SKU01678,114,72,19,2025-11-24
ST01,SKU02735,22,82,24,2025-12-23
ST05,SKU01071,110,41,10,2025-12-22
ST22,SKU04519,87,77,16,2025-12-26
ST04,SKU01900,53,37,14,2025-12-09
ST22,SKU00782,115,99,27,2025-12-11
ST03,SKU02343,54,25,5,2025-11-23
ST13,SKU01811,65,49,20,2025-12-28
ST22,SKU04511,106,43,10,2025-11-16
ST06,SKU00764,112,65,30,2025-12-12
ST02,SKU04287,9,45,22,2025-12-27
ST30,SKU01794,74,88,31,2025-11-10
ST18,SKU04369,233,86,19,2025-12-19
ST22,SKU04056,5,28,11,2025-11-11
ST10,SKU01707,71,25,12,2025-11-26
ST20,SKU02811,177,70,14,2025-11-27
ST11,SKU04438,62,26,9,2025-11-09
ST23,SKU04310,100,40,9,2025-12-07
ST24,SKU04140,108,55,12,2025-12-25
ST12,SKU02407,18,61,30,2025-11-08
ST08,SKU01356,98,62,25,2025-12-04
ST16,SKU03547,130,78,16,2025-11-30
ST10,SKU02052,26,45,11,2025-12-06
ST20,SKU00686,273,99,26,2025-12-14
ST28,SKU00610,48,21,7,2025-11-06
ST11,SKU03515,160,78,21,2025-11-04
ST24,SKU01063,187,57,17,2025-07-18
ST19,SKU01918,166,56,17,2025-12-17
ST29,SKU04017,46,79,37,2025-11-19
ST17,SKU04862,130,79,29,2025-12-29
ST21,SKU02883,51,66,19,2025-11-12
ST29,SKU02563,4,55,18,2025-11-01
ST29,SKU00668,0,23,9,2025-11-24
ST12,SKU01572,199,69,14,2025-11-26
ST20,SKU01616,35,22,7,2025-12-03
ST13,SKU00909,147,63,14,2025-11-18
ST24,SKU04789,228,96,32,2025-12-18
ST25,SKU03043,9,61,25,2025-11-20
ST26,SKU02888,235,97,48,2025-11-03
ST19,SKU04011,54,38,18,2025-12-05
ST15,SKU01231,25,20,6,2025-12-22
ST26,SKU01995,139,53,11,2025-11-18
ST15,SKU00504,192,73,33,2025-12-02
ST16,SKU04995,62,27,7,2025-11-11
ST17,SKU00006,89,62,24,2025-11-28
ST21,SKU02872,57,51,15,2025-11-07
ST06,SKU03870,0,79,28,2025-10-03
ST24,SKU04219,204,70,19,2025-11-21
ST18,SKU00032,163,38,17,2025-06-11
ST25,SKU00252,204,85,40,2025-11-12
ST13,SKU00057,30,31,15,2025-12-01
ST27,SKU01533,32,97,36,2025-12-02
ST25,SKU04822,11,83,19,2025-12-25
ST27,SKU00446,25,61,16,2025-12-20
ST30,SKU02374,16,57,18,2025-12-01
ST05,SKU01066,123,64,27,2025-11-12
ST12,SKU02063,91,39,9,2025-11-30
ST01,SKU00808,4,23,7,2025-11-15
ST04,SKU04471,63,52,15,2025-12-12
ST30,SKU01132,20,58,28,2025-12-03
ST17,SKU04532,189,33,13,2025-07-09
ST09,SKU04688,79,43,12,2025-12-11
ST05,SKU02828,226,95,27,2025-12-28
ST29,SKU00426,23,66,32,2025-11-19
ST22,SKU00324,29,64,25,2025-11-09
ST16,SKU00726,1,39,15,2025-12-27
ST06,SKU03525,52,59,14,2025-12-09
ST08,SKU04650,109,42,12,2025-12-16
ST05,SKU01286,96,76,17,2025-11-10
ST18,SKU04440,154,67,18,2025-12-01
ST21,SKU01881,18,23,5,2025-12-22
ST17,SKU03222,18,52,26,2025-12-31
ST13,SKU01877,97,31,7,2025-06-15
ST26,SKU01687,0,21,7,2025-12-13
ST11,SKU03518,261,94,31,2025-11-21
ST20,SKU02147,93,39,14,2025-11-26
ST21,SKU04760,46,57,13,2025-11-12
ST26,SKU02620,127,44,14,2025-12-16
ST24,SKU00248,285,99,36,2025-12-23
ST28,SKU04378,103,81,23,2025-11-22
ST21,SKU00316,31,60,29,2025-11-01
ST10,SKU03866,284,99,37,2025-12-31
ST01,SKU02877,229,55,15,2025-06-11
ST30,SKU01701,18,42,13,2025-12-29
ST16,SKU04510,95,36,18,2025-12-31
ST11,SKU04427,31,22,10,2025-11-17
ST04,SKU01163,63,59,16,2025-11-20
ST24,SKU01520,12,20,8,2025-11-19
ST14,SKU04469,44,50,18,2025-12-08
ST26,SKU00517,28,36,9,2025-12-04
ST22,SKU01042,133,31,7,2025-06-30
ST05,SKU02365,248,84,28,2025-11-16
ST07,SKU02324,8,23,11,2025-11-16
ST09,SKU02410,273,96,22,2025-12-29
ST27,SKU01366,35,80,21,2025-11-16
ST18,SKU03947,51,35,11,2025-12-07
ST25,SKU03901,0,23,7,2025-11-21
ST19,SKU00353,14,45,22,2025-12-30
ST25,SKU01584,0,23,6,2025-12-10
ST17,SKU03956,20,82,23,2025-12-07
ST11,SKU01290,164,68,31,2025-11-14
ST17,SKU00319,94,97,40,2025-12-10
ST11,SKU02145,38,54,15,2025-12-26
ST01,SKU02296,46,34,8,2025-12-08
ST01,SKU02404,65,85,25,2025-11-24
ST26,SKU04918,64,30,9,2025-11-10
ST14,SKU02716,130,67,23,2025-11-20
ST16,SKU00320,53,98,48,2025-11-24
ST28,SKU04282,20,28,10,2025-11-19
ST30,SKU02293,97,79,36,2025-12-03
ST16,SKU02437,165,63,16,2025-12-14
ST20,SKU03334,54,42,14,2025-11-10
ST29,SKU03408,11,83,21,2025-11-09
ST06,SKU03757,1,42,15,2025-11-09
ST15,SKU02560,100,75,29,2025-11-25
ST05,SKU01224,415,77,16,2025-07-09
ST28,SKU04511,108,72,33,2025-11-16
ST10,SKU00536,93,47,17,2025-12-20
ST10,SKU03123,247,96,42,2025-11-08
ST18,SKU02528,54,71,20,2025-11-02
ST15,SKU02649,2,69,15,2025-12-28
ST20,SKU03218,42,42,10,2025-12-30
ST14,SKU01119,12,41,10,2025-12-26
ST10,SKU02299,32,38,17,2025-12-16
ST27,SKU03471,21,21,5,2025-11-10
ST22,SKU00551,132,29,10,2025-06-29
ST14,SKU03520,50,55,18,2025-11-20
ST08,SKU03027,113,51,24,2025-11-08
ST05,SKU00942,0,56,17,2025-08-31
ST02,SKU04414,115,24,6,2025-06-10
ST09,SKU04859,3,25,11,2025-11-20
ST14,SKU00534,111,93,24,2025-12-18
ST25,SKU00076,120,76,21,2025-12-20
ST18,SKU00534,9,91,36,2025-12-28
ST30,SKU04721,43,51,12,2025-11-09
ST21,SKU00144,95,51,13,2025-12-05
ST19,SKU02155,0,55,24,2025-08-14
ST12,SKU01921,82,46,14,2025-11-22
ST19,SKU01808,55,24,5,2025-11-05
ST29,SKU04598,71,72,35,2025-11-04
ST07,SKU02865,52,31,15,2025-11-25
ST03,SKU04247,88,30,12,2025-12-21
ST30,SKU03671,119,60,22,2025-11-07
ST18,SKU01955,126,47,10,2025-11-10
ST17,SKU00905,74,34,10,2025-11-23
ST13,SKU00085,238,84,22,2025-12-05
ST12,SKU00301,175,93,21,2025-12-01
ST26,SKU02838,176,59,24,2025-12-28
ST10,SKU00867,0,47,23,2025-12-05
ST10,SKU04699,100,34,10,2025-11-13
ST11,SKU00292,242,82,24,2025-11-27
ST10,SKU04151,15,39,15,2025-12-28
ST23,SKU01685,202,73,18,2025-12-16
ST05,SKU00742,26,53,22,2025-11-01
ST13,SKU03309,87,30,11,2025-12-23
ST04,SKU03111,102,76,37,2025-11-27
ST03,SKU00006,119,66,27,2025-12-29
ST21,SKU04160,167,49,17,2025-08-30
ST13,SKU03749,272,68,14,2025-05-24
ST20,SKU02242,98,55,23,2025-12-09
ST05,SKU03456,247,88,31,2025-11-16
ST21,SKU00105,126,28,6,2025-07-04
ST30,SKU02595,84,61,17,2025-12-23
ST05,SKU04754,96,47,15,2025-12-10
ST30,SKU04698,33,43,18,2025-11-07
ST03,SKU01974,71,33,14,2025-11-21
ST10,SKU02432,12,63,29,2025-11-23
ST16,SKU04615,0,68,14,2025-12-30
ST12,SKU01643,0,87,32,2025-11-07
ST08,SKU03096,104,52,23,2025-11-15
ST23,SKU00443,63,32,15,2025-12-14
ST11,SKU01736,1,75,30,2025-11-12
ST17,SKU01270,63,49,24,2025-11-11
ST16,SKU04992,78,45,21,2025-12-04
ST22,SKU00402,282,63,19,2025-06-06
ST11,SKU00373,133,66,28,2025-11-20
ST27,SKU00599,111,64,17,2025-11-15
ST06,SKU01889,12,29,11,2025-12-27
ST22,SKU01660,156,97,26,2025-12-19
ST05,SKU00869,189,77,27,2025-11-12
ST25,SKU00062,228,97,36,2025-11-18
ST14,SKU03045,31,100,50,2025-12-16
ST01,SKU00919,148,51,12,2025-11-15
ST08,SKU00930,57,49,16,2025-11-20
ST12,SKU03237,78,85,38,2025-11-12
ST28,SKU04009,200,96,44,2025-11-19
ST05,SKU00848,52,25,6,2025-11-10
ST07,SKU04066,142,60,12,2025-12-16
ST28,SKU02817,100,64,13,2025-12-21
ST02,SKU03267,81,33,15,2025-11-15
ST17,SKU04948,56,34,11,2025-12-28
ST10,SKU01414,0,47,20,2025-09-03
ST21,SKU04327,11,22,5,2025-11-19
ST25,SKU02541,286,48,12,2025-06-21
ST15,SKU01342,173,94,25,2025-12-24
ST04,SKU02546,484,94,42,2025-09-01
ST18,SKU04238,58,98,20,2025-11-24
ST07,SKU01332,39,32,13,2025-12-10
ST15,SKU00809,83,98,31,2025-12-29
ST13,SKU02615,74,81,33,2025-12-11
ST12,SKU00586,72,89,42,2025-12-04
ST16,SKU01776,265,93,43,2025-12-24
ST12,SKU04543,47,33,11,2025-11-22
ST18,SKU01849,84,68,20,2025-12-14
ST28,SKU00419,148,29,8,2025-05-25
ST04,SKU00529,32,47,17,2025-12-19
ST22,SKU04455,43,25,7,2025-11-09
ST11,SKU02972,177,98,48,2025-11-10
ST30,SKU03197,103,59,27,2025-11-20
ST28,SKU04739,12,96,26,2025-12-29
ST05,SKU01434,137,97,21,2025-11-10
ST14,SKU00381,26,81,37,2025-11-22
ST15,SKU02554,241,92,24,2025-12-11
ST05,SKU00793,77,50,20,2025-12-15
ST25,SKU03434,220,77,19,2025-12-02
ST23,SKU04965,83,28,10,2025-11-28
ST24,SKU01405,150,89,34,2025-11-26
ST23,SKU01283,105,45,21,2025-11-02
ST04,SKU01415,190,95,38,2025-12-03
ST04,SKU03606,135,100,21,2025-12-25
ST18,SKU02452,60,83,26,2025-11-27
ST18,SKU04609,35,91,31,2025-11-08
ST23,SKU01354,22,96,20,2025-11-11
ST04,SKU00928,36,30,10,2025-11-15
ST07,SKU00067,164,96,40,2025-11-13
ST22,SKU01203,62,21,4,2025-11-07
ST10,SKU03359,104,52,15,2025-12-26
ST30,SKU01056,190,87,35,2025-12-07
ST11,SKU01350,55,23,6,2025-12-22
ST24,SKU00981,184,98,26,2025-11-25
ST30,SKU00199,62,39,12,2025-12-28
ST09,SKU03561,10,68,19,2025-11-08
ST11,SKU01590,11,97,24,2025-12-21
ST02,SKU04544,33,47,14,2025-12-22
ST09,SKU04808,56,40,18,2025-12-01
ST28,SKU00131,105,86,34,2025-11-05
ST18,SKU03035,104,36,11,2025-11-27
ST21,SKU04583,74,62,20,2025-11-21
ST03,SKU01516,76,72,18,2025-12-19
ST16,SKU04889,127,54,22,2025-11-16
ST09,SKU01442,38,27,12,2025-11-23
ST21,SKU02330,128,62,31,2025-12-04
ST29,SKU02028,145,91,21,2025-12-07
ST22,SKU02641,144,79,36,2025-12-11
ST19,SKU00777,78,44,20,2025-11-16
ST29,SKU00968,25,97,37,2025-12-15
ST06,SKU04208,73,90,30,2025-11-30
ST10,SKU02399,75,36,8,2025-11-22
ST13,SKU03269,16,58,15,2025-12-12
ST01,SKU04065,14,32,15,2025-11-24
ST02,SKU01134,57,59,20,2025-11-25
ST21,SKU03322,9,25,9,2025-11-20
ST06,SKU03878,159,63,18,2025-12-03
ST06,SKU02508,45,90,31,2025-11-19
ST03,SKU02596,19,56,27,2025-12-28
ST26,SKU04373,78,44,13,2025-11-04
ST05,SKU00850,41,20,5,2025-12-24
ST06,SKU04542,59,27,6,2025-11-27
ST05,SKU01005,72,87,38,2025-12-06
ST27,SKU03025,20,86,28,2025-12-08
ST18,SKU00059,215,73,16,2025-12-26
ST15,SKU00313,59,81,17,2025-12-23
ST24,SKU01157,42,39,11,2025-12-04
ST27,SKU03218,30,56,24,2025-11-18
ST17,SKU02929,18,57,16,2025-11-12
ST05,SKU01757,133,59,16,2025-12-13
ST21,SKU02509,181,85,27,2025-11-10
ST29,SKU04481,168,62,25,2025-11-30
ST20,SKU01949,105,99,35,2025-12-01
ST03,SKU02752,149,100,38,2025-12-02
ST17,SKU02537,53,50,21,2025-12-27
ST22,SKU01341,215,80,30,2025-12-23
ST20,SKU01693,21,72,17,2025-11-11
ST18,SKU01570,253,86,39,2025-11-03
ST29,SKU02893,51,77,23,2025-12-21
ST21,SKU02741,33,90,20,2025-12-06
ST02,SKU03128,3,28,6,2025-11-11
ST17,SKU01989,107,45,12,2025-11-07
ST05,SKU01018,91,42,19,2025-12-03
ST10,SKU00854,135,56,15,2025-11-28
ST03,SKU02072,236,94,31,2025-12-22
ST15,SKU02067,61,33,8,2025-11-24
ST07,SKU02301,7,56,11,2025-12-03
ST21,SKU02963,13,91,28,2025-11-10
ST03,SKU00358,115,41,11,2025-12-04
ST20,SKU04108,252,91,41,2025-12-31
ST21,SKU00933,115,66,27,2025-11-07
ST18,SKU03395,194,78,28,2025-12-18
ST27,SKU04506,105,39,8,2025-11-17
ST15,SKU01537,13,61,29,2025-12-06
ST07,SKU02229,24,84,33,2025-12-13
ST27,SKU00461,62,25,9,2025-12-03
ST16,SKU04431,8,94,25,2025-12-31
ST29,SKU00712,28,38,9,2025-12-14
ST12,SKU00003,49,72,30,2025-12-13
ST18,SKU00788,61,96,26,2025-12-01
ST21,SKU01856,144,73,15,2025-12-20
ST19,SKU01437,176,84,41,2025-11-07
ST11,SKU02522,50,47,15,2025-11-18
ST02,SKU04830,10,29,14,2025-12-20
ST29,SKU01575,138,61,25,2025-11-17
ST17,SKU01202,100,78,36,2025-11-19
ST01,SKU01265,99,86,21,2025-11-19
ST29,SKU03358,17,30,12,2025-12-07
ST22,SKU04223,64,64,23,2025-12-24
ST03,SKU04234,126,59,14,2025-12-22
ST08,SKU00031,29,28,6,2025-11-17
ST06,SKU04796,142,67,21,2025-11-04
ST22,SKU03992,116,63,28,2025-12-18
ST23,SKU03920,8,30,15,2025-12-28
ST27,SKU00287,73,27,12,2025-11-19
ST18,SKU02131,173,84,31,2025-11-19
ST01,SKU02219,32,48,24,2025-11-14
ST26,SKU04221,95,32,14,2025-12-14
ST03,SKU02195,135,96,24,2025-12-29
ST19,SKU00198,138,47,23,2025-12-09
ST15,SKU02924,8,55,26,2025-12-26
ST12,SKU03607,81,77,36,2025-12-23
ST01,SKU04825,36,93,39,2025-12-04
ST15,SKU01818,86,25,11,2025-07-12
ST19,SKU01201,128,58,29,2025-11-17
ST29,SKU03770,4,68,15,2025-11-30
ST02,SKU03330,93,51,25,2025-11-08
ST24,SKU02787,44,88,33,2025-11-26
ST21,SKU03713,37,65,26,2025-11-23
ST07,SKU04284,117,58,15,2025-12-24
ST27,SKU04266,187,70,23,2025-12-03
ST30,SKU02778,20,77,34,2025-12-15
ST10,SKU02677,66,77,22,2025-11-25
ST14,SKU01054,19,32,10,2025-11-04
ST26,SKU04513,2,42,15,2025-12-10
ST14,SKU01455,102,46,13,2025-12-03
ST22,SKU02307,30,29,11,2025-11-07
ST14,SKU01624,2,22,11,2025-11-15
ST28,SKU02476,27,58,20,2025-11-05
ST03,SKU04957,9,20,9,2025-12-23
ST08,SKU02199,119,71,32,2025-12-06
ST17,SKU03391,139,47,17,2025-12-30
ST02,SKU04136,10,32,13,2025-11-12
ST18,SKU03152,370,73,21,2025-05-20
ST19,SKU03206,27,22,7,2025-11-26
ST28,SKU03166,202,74,28,2025-12-07
ST04,SKU03285,188,81,22,2025-11-11
ST22,SKU02637,69,56,25,2025-11-23
ST04,SKU03912,153,54,23,2025-12-16
ST11,SKU03702,0,33,15,2025-08-13
ST16,SKU02481,137,74,18,2025-12-28
ST06,SKU00571,68,63,21,2025-11-30
ST03,SKU04808,47,20,6,2025-12-09
ST14,SKU00791,199,72,18,2025-11-27
ST27,SKU00104,195,87,42,2025-12-08
ST03,SKU02821,99,85,26,2025-12-10
ST16,SKU03811,11,93,30,2025-12-07
ST08,SKU01810,25,81,37,2025-12-19
ST16,SKU04179,30,29,14,2025-11-12
ST03,SKU04051,116,47,13,2025-12-13
ST18,SKU00989,79,31,10,2025-12-11
ST12,SKU04307,129,44,11,2025-11-03
ST11,SKU00872,10,64,31,2025-11-15
ST04,SKU03819,132,79,33,2025-11-18
ST03,SKU04501,51,33,7,2025-12-27
ST28,SKU04810,148,50,16,2025-11-23
ST10,SKU01909,47,41,9,2025-11-19
ST23,SKU03721,241,90,36,2025-11-12
ST05,SKU04722,245,85,18,2025-12-31
ST09,SKU02578,111,73,18,2025-11-28
ST20,SKU02451,218,80,18,2025-11-23
ST28,SKU02107,55,50,16,2025-12-26
ST27,SKU03227,94,97,40,2025-11-24
ST15,SKU02830,9,50,15,2025-11-28
ST17,SKU04638,59,92,23,2025-11-23
ST19,SKU01845,129,46,11,2025-12-30
ST03,SKU02893,26,44,11,2025-12-04
ST03,SKU03396,69,29,8,2025-11-14
ST24,SKU03532,190,99,23,2025-12-05
ST23,SKU00455,60,36,17,2025-12-12
ST21,SKU00684,136,54,13,2025-11-22
ST18,SKU01701,114,89,44,2025-12-27
ST12,SKU02882,85,64,24,2025-12-18
ST17,SKU00605,93,79,29,2025-12-27
ST13,SKU02055,75,49,14,2025-11-16
ST11,SKU02085,157,79,24,2025-11-25
ST30,SKU02506,24,66,31,2025-11-14
ST06,SKU01994,81,44,10,2025-12-19
ST03,SKU00346,25,60,24,2025-12-25
ST27,SKU00733,256,98,27,2025-12-16
ST18,SKU02493,67,44,21,2025-11-13
ST27,SKU02175,18,67,32,2025-12-17
ST01,SKU03211,63,62,15,2025-11-01
ST27,SKU00120,121,86,24,2025-11-24
ST29,SKU03308,29,77,33,2025-12-21
ST08,SKU04036,179,77,26,2025-11-26
ST22,SKU02496,40,61,27,2025-11-02
ST17,SKU04151,82,58,20,2025-12-30
ST30,SKU02856,200,87,31,2025-11-23
ST02,SKU03611,47,46,14,2025-12-01
ST23,SKU02647,262,91,36,2025-12-06
ST02,SKU01540,114,39,11,2025-11-16
ST30,SKU03021,80,53,17,2025-12-13
ST29,SKU02734,28,25,8,2025-11-06
ST15,SKU04363,73,81,33,2025-11-25
ST06,SKU01953,151,77,30,2025-11-01
ST13,SKU01705,89,94,23,2025-12-11
ST09,SKU02988,63,34,10,2025-12-14
ST23,SKU03197,35,81,31,2025-12-07
ST06,SKU01504,22,51,20,2025-11-16
ST04,SKU02622,26,58,27,2025-12-31
ST29,SKU01872,73,48,15,2025-12-19
ST04,SKU02955,100,77,19,2025-12-22
ST30,SKU03329,84,68,27,2025-12-01
ST26,SKU00622,39,54,25,2025-12-06
ST21,SKU00005,150,58,17,2025-12-26
ST28,SKU02940,86,46,19,2025-12-04
ST06,SKU03759,36,86,33,2025-11-09
ST22,SKU00870,178,70,30,2025-11-15
ST08,SKU02444,16,100,24,2025-12-17
ST18,SKU03184,71,25,10,2025-11-03
ST10,SKU02835,148,77,30,2025-11-02
ST28,SKU04662,26,33,15,2025-12-31
ST15,SKU01250,22,26,7,2025-12-28
ST06,SKU00819,177,65,31,2025-11-02
ST01,SKU02664,40,71,32,2025-11-16
ST28,SKU00794,3,53,15,2025-11-24
ST10,SKU00926,53,48,23,2025-11-30
ST10,SKU03463,66,34,16,2025-12-29
ST27,SKU04601,130,48,24,2025-12-05
ST06,SKU04614,157,96,22,2025-11-04
ST13,SKU03238,140,53,16,2025-12-29
ST24,SKU02349,259,100,41,2025-11-30
ST30,SKU01746,132,98,20,2025-12-27
ST15,SKU01172,117,51,17,2025-12-14
ST17,SKU03923,75,52,15,2025-11-15
ST01,SKU00087,28,77,27,2025-12-14
ST07,SKU02622,13,32,15,2025-12-01
ST10,SKU01429,237,85,21,2025-11-02
ST12,SKU02918,78,46,12,2025-12-02
ST28,SKU03622,81,40,13,2025-11-07
ST04,SKU02292,56,44,9,2025-11-05
ST13,SKU01825,49,38,8,2025-12-09
ST13,SKU00060,183,64,29,2025-12-22
ST19,SKU04964,184,72,33,2025-11-05
ST30,SKU03730,186,82,37,2025-11-27
ST03,SKU04872,83,49,14,2025-12-13
ST22,SKU03062,125,90,40,2025-11-29
ST12,SKU01029,122,44,22,2025-11-09
ST24,SKU04792,10,97,30,2025-11-05
ST11,SKU01078,27,81,27,2025-11-11
ST27,SKU03549,206,97,28,2025-11-20
ST28,SKU01552,9,89,32,2025-11-27
ST15,SKU04078,148,85,35,2025-11-16
ST01,SKU00410,12,25,11,2025-11-14
ST05,SKU00982,40,55,19,2025-11-25
ST23,SKU04712,22,51,11,2025-11-02
ST15,SKU00797,85,44,16,2025-11-20
ST20,SKU00244,129,88,41,2025-12-21
ST08,SKU01543,22,86,26,2025-12-31
ST10,SKU04159,34,79,17,2025-11-12
ST06,SKU02311,118,73,17,2025-12-07
ST23,SKU00620,83,96,30,2025-12-22
ST04,SKU02262,121,91,34,2025-11-03
ST02,SKU04567,65,65,25,2025-12-16
ST14,SKU03896,142,51,11,2025-12-03
ST22,SKU03491,410,82,28,2025-08-07
ST01,SKU01163,17,49,20,2025-11-29
ST12,SKU03054,115,39,9,2025-12-31
ST16,SKU01962,101,97,24,2025-12-10
ST18,SKU04504,6,31,7,2025-11-13
ST23,SKU03899,110,46,10,2025-11-15
ST25,SKU02947,21,27,9,2025-12-04
ST03,SKU00081,235,91,43,2025-12-30
ST29,SKU04833,266,91,45,2025-11-05
ST26,SKU01727,132,64,19,2025-11-09
ST23,SKU04912,170,75,29,2025-11-02
ST06,SKU01472,131,55,14,2025-12-24
ST14,SKU02042,121,52,24,2025-12-25
ST23,SKU01879,241,90,30,2025-12-09
ST09,SKU02481,22,80,34,2025-12-17
ST28,SKU03357,137,33,7,2025-08-13
ST15,SKU02156,89,89,19,2025-12-13
ST09,SKU04939,34,28,13,2025-12-01
ST21,SKU04755,35,77,21,2025-11-21
ST05,SKU04380,41,22,10,2025-12-20
ST23,SKU00667,40,22,9,2025-11-21
ST27,SKU02598,12,92,45,2025-12-20
ST03,SKU02674,47,42,18,2025-12-27
ST24,SKU02299,21,23,8,2025-12-26
ST22,SKU02927,17,26,6,2025-11-11
ST14,SKU00023,20,39,13,2025-11-05
ST10,SKU01280,177,79,20,2025-11-17
ST16,SKU00880,48,52,17,2025-11-10
ST23,SKU04739,93,93,23,2025-11-04
ST14,SKU04916,2,20,5,2025-11-19
ST26,SKU02427,10,58,13,2025-11-01
ST10,SKU01453,52,33,16,2025-11-15
ST29,SKU04455,24,67,24,2025-12-19
ST08,SKU02377,29,25,6,2025-11-30
ST15,SKU00625,165,80,36,2025-12-20
ST14,SKU04787,66,70,34,2025-11-14
ST06,SKU03830,54,20,5,2025-11-03
ST19,SKU00620,68,40,19,2025-11-15
ST04,SKU01146,5,50,23,2025-11-22
ST17,SKU00529,127,80,19,2025-11-14
ST27,SKU03542,35,29,9,2025-11-09
ST26,SKU00916,32,41,9,2025-11-10
ST10,SKU01902,11,62,29,2025-11-16
ST15,SKU02510,236,82,34,2025-11-19
ST25,SKU00005,23,29,12,2025-11-08
ST08,SKU04755,182,78,30,2025-11-20
ST19,SKU02013,89,95,47,2025-12-23
ST03,SKU00327,85,48,17,2025-11-11
ST12,SKU02925,166,61,20,2025-11-02
ST03,SKU02436,100,24,10,2025-08-18
ST04,SKU03808,102,92,29,2025-11-24
ST05,SKU04504,40,30,7,2025-11-20
ST24,SKU00228,166,64,24,2025-11-13
ST19,SKU01405,28,21,6,2025-11-25
ST30,SKU00019,120,86,40,2025-11-25
ST25,SKU00589,4,26,11,2025-12-31
ST15,SKU03408,82,31,9,2025-12-10
ST28,SKU04603,9,22,9,2025-12-20
ST06,SKU04177,66,42,12,2025-11-20
ST24,SKU04198,136,85,33,2025-12-07
ST21,SKU01627,5,23,5,2025-12-16
ST13,SKU04613,38,44,19,2025-12-04
ST08,SKU01266,148,100,42,2025-12-09
ST24,SKU03182,122,65,20,2025-12-03
ST13,SKU04452,33,23,8,2025-12-06
ST22,SKU04614,35,36,10,2025-11-27
ST06,SKU00741,23,20,9,2025-12-21
ST18,SKU03793,213,91,44,2025-11-27
ST23,SKU00270,178,60,13,2025-11-20
ST21,SKU01055,21,52,16,2025-12-25
ST10,SKU00703,259,94,45,2025-11-06
ST24,SKU01529,47,30,13,2025-11-12
ST11,SKU01234,202,73,28,2025-12-02
ST28,SKU02346,203,91,36,2025-12-10
ST06,SKU02071,74,32,12,2025-11-05
ST30,SKU00849,37,94,24,2025-12-26
ST05,SKU04179,147,53,20,2025-11-14
ST19,SKU02454,77,78,19,2025-11-16
ST09,SKU04781,131,51,12,2025-11-22
ST15,SKU01292,150,70,19,2025-11-02
ST05,SKU04264,129,92,35,2025-12-13
ST07,SKU03746,89,84,26,2025-11-02
ST02,SKU00530,57,52,13,2025-11-11
ST25,SKU02312,27,45,16,2025-11-22
ST06,SKU00927,49,38,9,2025-11-04
ST30,SKU00474,53,41,15,2025-12-25
ST04,SKU00277,34,42,9,2025-12-02
ST06,SKU02269,163,86,20,2025-11-14
ST02,SKU02488,10,88,37,2025-12-26
ST19,SKU01452,35,35,9,2025-12-09
ST07,SKU02243,129,64,21,2025-12-10
ST02,SKU02977,109,65,27,2025-11-14
ST11,SKU03503,72,25,11,2025-11-06
ST08,SKU02265,37,52,12,2025-12-23
ST18,SKU02530,188,79,25,2025-11-29
ST13,SKU03910,61,60,18,2025-11-08
ST02,SKU00998,109,94,43,2025-11-05
ST28,SKU00202,132,65,14,2025-11-21
ST13,SKU00346,49,93,23,2025-11-07
ST29,SKU02276,20,27,8,2025-12-26
ST20,SKU00387,89,43,9,2025-11-23
ST09,SKU00806,55,37,8,2025-11-29
ST18,SKU02768,81,43,15,2025-12-06
ST09,SKU04553,105,79,32,2025-11-07
ST09,SKU00984,0,62,18,2025-12-24
ST13,SKU00218,3,64,18,2025-12-14
ST23,SKU03613,115,41,18,2025-12-30
ST11,SKU02337,28,65,30,2025-11-12
ST25,SKU04450,7,77,25,2025-12-05
ST26,SKU01213,170,87,20,2025-11-11
ST18,SKU00502,470,83,24,2025-06-26
ST22,SKU00754,185,99,32,2025-11-15
ST26,SKU04775,101,87,21,2025-11-26
ST28,SKU02635,134,69,28,2025-12-17
ST09,SKU00294,130,76,37,2025-11-29
ST08,SKU02404,34,43,15,2025-11-17
ST24,SKU00800,231,88,34,2025-12-24
ST10,SKU02935,58,35,13,2025-11-01
ST04,SKU02090,216,86,24,2025-12-09
ST25,SKU02332,63,32,13,2025-11-26
ST29,SKU00530,67,33,9,2025-12-30
ST07,SKU01184,1,31,14,2025-12-05
ST24,SKU02090,207,87,24,2025-12-01
ST08,SKU02691,99,51,17,2025-11-20
ST06,SKU02988,102,51,16,2025-11-23
ST12,SKU00454,134,60,12,2025-12-13
ST07,SKU01082,90,31,10,2025-11-11
ST17,SKU01872,84,43,21,2025-12-27
ST04,SKU02341,207,78,37,2025-11-03
ST28,SKU03114,50,45,15,2025-11-18
ST28,SKU01489,56,74,16,2025-11-14
ST10,SKU00765,144,87,23,2025-12-11
ST20,SKU02206,43,86,27,2025-11-07
ST14,SKU03995,148,100,36,2025-12-08
ST12,SKU01837,0,27,12,2025-11-06
ST10,SKU04967,215,88,37,2025-11-25
ST10,SKU01810,195,94,23,2025-11-22
ST03,SKU04842,2,28,13,2025-11-21
ST29,SKU00665,49,39,18,2025-12-18
ST12,SKU01247,56,20,6,2025-12-01
ST17,SKU03888,63,26,12,2025-11-29
ST08,SKU01561,61,80,35,2025-12-11
ST04,SKU01905,102,61,14,2025-11-22
ST15,SKU04556,166,69,25,2025-11-28
ST05,SKU03650,53,53,23,2025-11-09
ST22,SKU00327,185,62,15,2025-11-03
ST03,SKU00239,107,42,14,2025-11-28
ST22,SKU02456,60,50,23,2025-11-25
ST18,SKU03908,184,92,21,2025-12-08
ST25,SKU04907,96,36,17,2025-11-11
ST12,SKU00112,37,22,11,2025-11-03
ST05,SKU03838,255,92,28,2025-11-19
ST19,SKU04970,254,87,27,2025-11-29
ST19,SKU02779,52,42,20,2025-11-08
ST03,SKU03514,54,27,12,2025-12-09
ST20,SKU01266,26,33,10,2025-12-02
ST09,SKU03953,72,86,23,2025-12-11
ST12,SKU00426,115,71,18,2025-12-29
ST21,SKU01183,88,40,13,2025-12-31
ST12,SKU02179,177,86,18,2025-12-10
ST25,SKU02619,46,38,13,2025-11-12
ST21,SKU01538,263,44,11,2025-08-05
ST19,SKU03992,143,49,16,2025-11-26
ST30,SKU00742,11,24,6,2025-11-22
ST16,SKU01203,60,58,14,2025-11-08
ST28,SKU02803,141,75,32,2025-12-12
ST16,SKU02701,6,35,13,2025-11-02
ST30,SKU03400,101,83,34,2025-11-03
ST19,SKU00504,161,94,35,2025-11-26
ST11,SKU00430,34,33,15,2025-11-11
ST07,SKU01748,111,44,20,2025-12-06
ST04,SKU02305,17,25,10,2025-12-09
ST21,SKU02239,102,35,11,2025-11-12
ST16,SKU03494,36,46,16,2025-12-25
ST11,SKU04413,169,86,42,2025-12-03
ST29,SKU02369,39,31,15,2025-12-21
ST15,SKU02455,120,43,17,2025-11-25
ST29,SKU02511,133,71,18,2025-11-17
ST05,SKU03985,158,93,41,2025-12-09
ST28,SKU03020,116,44,11,2025-11-09
ST11,SKU00025,151,87,22,2025-12-30
ST25,SKU04964,75,43,20,2025-11-01
ST21,SKU04742,41,47,11,2025-12-17
ST11,SKU01558,291,78,26,2025-06-23
ST01,SKU01590,230,87,38,2025-11-14
ST20,SKU04287,3,43,17,2025-11-26
ST23,SKU02539,154,56,27,2025-11-09
ST16,SKU01101,64,27,9,2025-11-21
ST15,SKU02973,30,37,7,2025-11-06
ST03,SKU00378,24,91,18,2025-12-31
ST29,SKU00102,107,37,18,2025-12-20
ST15,SKU03397,81,28,13,2025-12-03
ST06,SKU03601,39,46,14,2025-12-22
ST17,SKU03248,90,35,7,2025-12-05
ST29,SKU00198,156,90,30,2025-11-12
ST12,SKU01909,25,23,5,2025-11-18
ST21,SKU01650,106,77,21,2025-12-06
ST02,SKU02307,84,86,34,2025-12-25
ST21,SKU04632,25,72,33,2025-11-11
ST10,SKU04415,129,71,24,2025-12-29
ST10,SKU02927,161,58,18,2025-12-22
ST29,SKU01025,33,21,10,2025-11-04
ST19,SKU00071,172,84,18,2025-11-28
ST06,SKU03097,104,94,24,2025-12-25
ST02,SKU01979,75,48,24,2025-12-19
ST17,SKU03911,69,51,21,2025-12-10
ST06,SKU02827,29,33,10,2025-12-29
ST18,SKU02406,124,60,24,2025-12-01
ST11,SKU02812,8,26,12,2025-11-21
ST18,SKU02502,10,92,39,2025-12-14
ST17,SKU03190,268,91,25,2025-12-06
ST01,SKU00768,201,73,23,2025-11-18
ST20,SKU03110,0,20,5,2025-12-28
ST11,SKU03566,71,95,20,2025-11-24
ST21,SKU03271,111,99,49,2025-12-25
ST19,SKU00454,233,84,34,2025-11-27
ST30,SKU01036,118,100,38,2025-12-30
ST04,SKU02176,0,91,27,2025-10-10
ST04,SKU00005,119,40,15,2025-12-03
ST03,SKU02697,86,35,13,2025-12-25
ST02,SKU03541,210,89,43,2025-12-05
ST30,SKU01443,155,79,29,2025-11-14
ST03,SKU04082,110,55,21,2025-11-21
ST22,SKU02152,88,88,32,2025-12-22
ST05,SKU03952,10,93,29,2025-11-11
ST17,SKU04711,40,81,17,2025-12-16
ST23,SKU04074,7,50,19,2025-11-13
ST22,SKU02825,85,92,38,2025-11-07
ST17,SKU02574,82,61,22,2025-12-31
ST02,SKU02731,149,81,33,2025-12-13
ST11,SKU01010,0,80,19,2025-11-26
ST20,SKU03671,162,56,16,2025-12-22
ST15,SKU04522,165,70,33,2025-12-22
ST10,SKU00558,72,70,35,2025-12-31
ST26,SKU00835,105,36,8,2025-12-11
ST02,SKU01454,79,43,12,2025-12-26
ST07,SKU02890,143,52,22,2025-12-01
ST22,SKU01078,17,23,6,2025-11-11
ST18,SKU02448,95,58,27,2025-12-12
ST02,SKU01943,40,40,10,2025-12-25
ST21,SKU04728,204,79,37,2025-11-23
ST26,SKU03937,63,53,24,2025-11-06
ST07,SKU01117,39,23,6,2025-11-30
ST06,SKU01935,19,40,15,2025-11-04
ST24,SKU01639,221,98,33,2025-12-15
ST05,SKU02837,0,81,33,2025-12-09
ST21,SKU03112,161,54,17,2025-11-14
ST09,SKU01022,25,25,8,2025-12-10
ST06,SKU00768,0,52,20,2025-11-18
ST26,SKU03164,51,96,33,2025-11-27
ST07,SKU01425,142,90,39,2025-12-06
ST22,SKU02151,156,55,16,2025-12-12
ST04,SKU01519,81,59,18,2025-12-03
ST25,SKU00494,73,53,25,2025-12-30
ST18,SKU02838,83,67,18,2025-12-30
ST30,SKU01302,60,96,30,2025-11-19
ST03,SKU04370,32,77,21,2025-11-25
ST30,SKU00509,153,84,22,2025-11-25
ST04,SKU04801,92,44,17,2025-11-02
ST23,SKU01695,104,45,18,2025-12-11
ST17,SKU04417,213,99,48,2025-12-06
ST04,SKU03281,305,73,23,2025-08-08
ST08,SKU01131,124,86,30,2025-12-25
ST13,SKU01608,131,51,19,2025-11-03
ST23,SKU04899,21,85,24,2025-11-27
ST04,SKU01949,53,28,11,2025-11-10
ST03,SKU03282,45,27,13,2025-11-21
ST16,SKU00671,155,66,16,2025-11-26
ST24,SKU04527,76,58,28,2025-11-26
ST10,SKU04306,52,24,7,2025-11-25
ST14,SKU02172,319,59,23,2025-05-26
ST28,SKU01646,113,96,33,2025-11-11
ST19,SKU03201,13,25,8,2025-11-17
ST08,SKU01679,9,25,6,2025-11-04
ST17,SKU03732,149,78,24,2025-12-30
ST30,SKU03850,75,32,8,2025-12-23
ST18,SKU04002,128,48,21,2025-12-03
ST22,SKU04020,11,32,9,2025-12-26
ST06,SKU03738,134,51,23,2025-11-27
ST20,SKU03018,93,75,20,2025-12-14
ST29,SKU03241,74,71,22,2025-12-22
ST12,SKU04815,7,28,6,2025-12-29
ST03,SKU03152,236,70,31,2025-07-16
ST08,SKU03222,203,92,43,2025-11-14
ST02,SKU03112,102,88,31,2025-11-11
ST24,SKU04405,24,92,35,2025-11-29
ST18,SKU02680,44,92,23,2025-11-16
ST26,SKU02792,93,88,27,2025-11-25
ST10,SKU00594,20,60,13,2025-11-22
ST11,SKU03917,120,50,24,2025-12-24
ST08,SKU04114,213,84,38,2025-11-30
ST22,SKU01836,111,43,20,2025-12-17
ST29,SKU04818,144,70,19,2025-11-30
ST27,SKU02731,47,85,30,2025-12-16
ST15,SKU04299,66,36,11,2025-12-22
ST28,SKU03003,126,52,14,2025-12-10
ST15,SKU04472,51,21,6,2025-12-29
ST15,SKU00794,92,83,38,2025-12-17
ST07,SKU01995,77,28,8,2025-12-16
ST16,SKU00493,117,69,29,2025-11-19
ST21,SKU03963,36,45,18,2025-12-19
ST12,SKU03605,7,95,22,2025-11-10
ST09,SKU02463,209,53,14,2025-06-14
ST06,SKU01898,155,57,26,2025-12-05
ST27,SKU00625,13,72,21,2025-11-14
ST20,SKU01176,144,83,22,2025-12-30
ST21,SKU04219,71,58,19,2025-12-19
ST17,SKU03208,102,69,34,2025-11-02
ST19,SKU02154,143,94,34,2025-12-19
ST26,SKU01933,103,88,21,2025-11-03
ST13,SKU02054,46,31,8,2025-12-08
ST26,SKU02419,29,29,6,2025-11-18
ST24,SKU02067,40,27,9,2025-11-13
ST20,SKU02788,87,65,20,2025-11-29
ST14,SKU04903,111,95,34,2025-12-23
ST02,SKU04868,44,23,6,2025-12-15
ST22,SKU01103,34,34,8,2025-11-04
ST29,SKU02301,148,64,31,2025-12-11
ST25,SKU04448,64,82,31,2025-12-05
ST19,SKU02045,76,26,11,2025-11-12
ST16,SKU04216,156,55,18,2025-11-15
ST26,SKU01249,43,47,15,2025-12-19
ST05,SKU01777,5,39,8,2025-11-15
ST10,SKU01437,13,42,12,2025-12-26
ST20,SKU03540,92,38,19,2025-12-20
ST03,SKU04086,19,36,9,2025-12-01
ST20,SKU00932,396,92,35,2025-06-13
ST17,SKU01473,44,20,5,2025-11-14
ST22,SKU00450,27,66,32,2025-12-21
ST06,SKU04291,126,87,20,2025-12-09
ST04,SKU04659,167,82,27,2025-11-23
ST14,SKU00780,95,73,15,2025-11-12
ST11,SKU02965,68,64,16,2025-11-12
ST11,SKU03292,0,49,23,2025-08-07
ST16,SKU00280,33,26,6,2025-11-21
ST13,SKU00328,9,82,36,2025-11-22
ST26,SKU03106,95,47,12,2025-11-23
ST22,SKU03270,8,85,21,2025-12-15
ST27,SKU01302,113,63,30,2025-11-27
ST21,SKU03342,219,86,29,2025-12-13
ST20,SKU02319,89,60,18,2025-12-27
ST24,SKU00804,72,46,22,2025-11-11
ST09,SKU02048,167,83,36,2025-11-10
ST11,SKU01494,232,94,35,2025-11-23
ST09,SKU00977,135,80,23,2025-12-01
ST15,SKU02472,237,50,24,2025-05-10
ST29,SKU04539,65,72,24,2025-12-11
ST25,SKU01112,542,98,23,2025-05-18
ST20,SKU01444,253,93,44,2025-11-30
ST09,SKU01439,67,27,11,2025-11-18
ST26,SKU03624,21,99,47,2025-12-09
ST15,SKU02651,130,64,22,2025-11-03
ST12,SKU04317,58,24,10,2025-11-26
ST16,SKU04917,25,45,10,2025-12-30
ST15,SKU01389,199,96,27,2025-11-13
ST18,SKU03386,55,96,31,2025-11-05
ST06,SKU00405,50,49,12,2025-12-27
ST30,SKU03223,176,75,36,2025-11-14
ST03,SKU02105,2,82,30,2025-12-24
ST10,SKU01403,17,20,6,2025-12-02
ST22,SKU01210,31,73,27,2025-12-16
ST01,SKU03302,52,31,6,2025-12-17
ST29,SKU04974,116,48,21,2025-12-14
ST08,SKU01053,144,75,25,2025-12-21
ST02,SKU04709,163,87,22,2025-11-10
ST23,SKU03733,76,94,42,2025-12-14
ST02,SKU03165,75,27,10,2025-12-28
ST23,SKU02578,127,55,13,2025-11-01
ST21,SKU04510,107,38,12,2025-12-24
ST10,SKU03242,215,85,38,2025-12-24
ST26,SKU02223,233,83,23,2025-11-01
ST03,SKU02804,100,36,14,2025-12-21
ST02,SKU00442,97,61,14,2025-12-15
ST27,SKU02624,125,73,16,2025-11-17
ST07,SKU01909,7,28,10,2025-12-16
ST09,SKU01823,14,54,19,2025-12-06
ST17,SKU03263,129,71,15,2025-11-21
ST19,SKU03078,125,70,34,2025-11-27
ST07,SKU02813,50,52,17,2025-11-30
ST06,SKU03984,183,86,23,2025-11-13
ST25,SKU00039,42,25,12,2025-11-18
ST27,SKU04716,60,53,25,2025-12-26
ST09,SKU04331,42,24,11,2025-11-21
ST08,SKU03839,206,63,14,2025-05-19
ST16,SKU04088,73,28,7,2025-12-14
ST07,SKU01481,39,41,12,2025-11-08
ST08,SKU00940,117,48,22,2025-12-12
ST16,SKU02361,41,44,21,2025-12-11
ST14,SKU02245,3,67,15,2025-11-14
ST06,SKU03880,30,20,9,2025-11-19
ST10,SKU01655,135,76,17,2025-12-21
ST26,SKU01086,78,97,25,2025-12-05
ST20,SKU04038,7,73,18,2025-11-16
ST26,SKU03756,36,24,10,2025-11-15
ST15,SKU01236,48,28,8,2025-12-20
ST24,SKU04339,12,41,11,2025-11-27
ST02,SKU04207,97,84,29,2025-11-18
ST01,SKU03026,74,48,17,2025-12-08
ST10,SKU04023,143,84,19,2025-11-03
ST01,SKU00115,172,86,23,2025-11-09
ST08,SKU04103,16,46,15,2025-12-11
ST01,SKU02857,165,81,36,2025-12-01
ST16,SKU01491,137,81,18,2025-11-09
ST23,SKU03631,47,76,36,2025-12-07
ST03,SKU03739,34,35,13,2025-12-13
ST23,SKU03906,0,77,26,2025-12-03
ST08,SKU02767,79,32,13,2025-11-06
ST27,SKU01529,88,37,9,2025-11-22
ST18,SKU02593,119,60,13,2025-12-30
ST19,SKU01757,42,82,37,2025-12-13
ST06,SKU02249,59,27,10,2025-11-25
ST19,SKU02407,6,79,39,2025-12-05
ST01,SKU02382,162,66,26,2025-11-10
ST16,SKU03816,41,49,20,2025-11-08
ST13,SKU00293,55,63,30,2025-11-28
ST28,SKU02861,195,83,34,2025-12-25
ST03,SKU00742,56,29,9,2025-12-25
ST29,SKU02204,54,60,17,2025-12-13
ST15,SKU03726,90,74,25,2025-12-15
ST07,SKU02289,3,89,30,2025-12-08
ST16,SKU01470,145,60,20,2025-11-20
ST21,SKU04454,10,30,10,2025-12-12
ST16,SKU04506,2,26,13,2025-12-14
ST02,SKU00198,240,100,40,2025-12-02
ST01,SKU04034,73,68,20,2025-12-31
ST11,SKU02243,1,75,35,2025-12-20
ST15,SKU00719,138,54,24,2025-11-04
ST18,SKU04204,201,84,23,2025-12-10
ST21,SKU02039,147,67,28,2025-11-24
ST09,SKU01551,214,79,30,2025-12-17
ST14,SKU01609,156,69,22,2025-11-19
ST24,SKU01900,76,34,11,2025-12-27
ST03,SKU04962,121,52,20,2025-11-08
ST11,SKU01849,98,78,37,2025-12-11
ST27,SKU04927,62,30,12,2025-11-14
ST13,SKU03255,249,91,44,2025-11-30
ST05,SKU00244,121,70,27,2025-11-09
ST27,SKU00878,18,52,23,2025-11-29
ST23,SKU02876,268,100,43,2025-11-21
ST02,SKU03088,32,86,40,2025-12-29
ST16,SKU03384,82,59,17,2025-12-10
ST05,SKU03662,162,76,23,2025-12-13
ST17,SKU04901,495,84,29,2025-07-18
ST17,SKU04057,119,64,22,2025-12-12
ST16,SKU04560,142,94,39,2025-11-13
ST04,SKU00860,138,27,7,2025-07-26
ST28,SKU02287,81,71,18,2025-12-14
ST18,SKU02208,156,73,18,2025-12-16
ST17,SKU01163,56,36,14,2025-11-01
ST16,SKU01331,188,85,22,2025-11-11
ST13,SKU01324,80,74,29,2025-11-21
ST20,SKU03649,241,85,39,2025-12-25
ST09,SKU00454,35,45,17,2025-12-21
ST10,SKU01693,174,75,25,2025-11-29
ST16,SKU01637,97,34,8,2025-11-29
ST17,SKU01972,183,66,26,2025-12-12
ST07,SKU01708,121,73,24,2025-11-21
ST13,SKU00848,19,84,29,2025-12-06
ST10,SKU03793,77,76,27,2025-12-28
ST24,SKU01582,181,43,17,2025-08-10
ST06,SKU01875,248,94,46,2025-12-02
ST20,SKU03137,28,52,15,2025-12-19
ST04,SKU04432,31,77,27,2025-12-11
ST26,SKU03155,130,56,15,2025-11-12
ST03,SKU03301,4,62,28,2025-12-21
ST14,SKU02368,1,68,14,2025-11-06
ST13,SKU03688,46,71,19,2025-11-14
ST27,SKU03913,4,26,13,2025-12-27
ST23,SKU02024,147,99,26,2025-12-27
ST15,SKU02357,71,43,21,2025-11-13
ST12,SKU04300,90,69,22,2025-12-03
ST04,SKU00181,125,100,32,2025-11-13
ST08,SKU02162,46,56,22,2025-12-01
ST28,SKU01137,238,90,43,2025-11-29
ST15,SKU03101,96,69,29,2025-11-13
ST20,SKU02785,78,35,11,2025-11-01
ST08,SKU04563,166,79,30,2025-11-14
ST10,SKU03258,8,45,11,2025-12-16
ST28,SKU00866,245,90,29,2025-12-13
ST29,SKU04705,33,28,13,2025-12-11
ST17,SKU02145,79,36,15,2025-12-29
ST12,SKU03306,97,63,20,2025-12-22
ST23,SKU01238,1,29,14,2025-12-01
ST29,SKU03672,208,74,19,2025-12-11
ST26,SKU04410,21,58,28,2025-11-22
ST16,SKU02177,163,70,25,2025-11-17
ST27,SKU03093,229,81,29,2025-12-10
ST16,SKU01786,118,54,24,2025-11-18
ST22,SKU02763,115,27,9,2025-08-08
ST28,SKU04811,69,83,37,2025-12-13
ST26,SKU00185,173,93,41,2025-11-27
ST04,SKU04922,47,51,21,2025-11-09
ST30,SKU02220,64,97,26,2025-11-11
ST11,SKU03388,129,79,38,2025-12-28
ST26,SKU02269,68,100,28,2025-12-14
ST20,SKU01646,154,85,28,2025-11-21
ST09,SKU01018,130,71,32,2025-12-23
ST21,SKU04370,103,78,35,2025-12-30
ST19,SKU03528,185,79,22,2025-11-27
ST21,SKU04914,38,20,7,2025-11-14
ST06,SKU02724,135,49,10,2025-11-13
ST24,SKU01905,41,49,21,2025-11-07
ST09,SKU00497,239,94,25,2025-12-17
ST14,SKU03201,15,26,7,2025-11-13
ST23,SKU00272,0,29,13,2025-12-21
ST08,SKU01282,22,58,14,2025-11-13
ST19,SKU01181,119,47,17,2025-12-26
ST09,SKU04558,97,45,15,2025-12-26
ST24,SKU00504,51,96,32,2025-11-20
ST27,SKU01697,96,33,9,2025-12-24
ST05,SKU03180,105,62,24,2025-12-30
ST01,SKU00930,104,89,35,2025-12-17
ST28,SKU02342,85,78,23,2025-12-22
ST18,SKU04736,131,66,29,2025-12-04
ST21,SKU02991,184,62,25,2025-12-21
ST30,SKU04723,194,77,19,2025-12-05
ST21,SKU02482,0,20,9,2025-10-08
ST23,SKU01195,222,88,19,2025-12-02
ST19,SKU01614,107,40,15,2025-12-29
ST18,SKU03137,19,85,21,2025-11-06
ST04,SKU04965,101,37,11,2025-12-08
ST21,SKU04787,246,91,41,2025-12-23
ST13,SKU02521,84,34,8,2025-11-01
ST03,SKU02316,96,67,18,2025-12-01
ST06,SKU00662,206,55,16,2025-05-06
ST20,SKU02330,50,100,36,2025-11-25
ST04,SKU00650,335,82,24,2025-05-21
ST20,SKU03461,73,25,10,2025-12-03
ST29,SKU04180,107,58,18,2025-11-18
ST23,SKU02257,55,33,11,2025-12-03
ST26,SKU01699,15,87,20,2025-12-26
ST02,SKU03596,84,76,29,2025-11-08
ST14,SKU00934,78,43,19,2025-11-26
ST13,SKU00461,223,83,19,2025-11-05
ST02,SKU00118,82,48,19,2025-12-27
ST06,SKU03711,121,77,31,2025-11-17
ST09,SKU04170,57,86,28,2025-12-19
ST16,SKU02328,9,38,10,2025-12-31
ST10,SKU03747,113,79,23,2025-11-20
ST28,SKU00103,34,24,8,2025-12-16
ST12,SKU02357,54,23,10,2025-12-23
ST11,SKU04880,7,47,11,2025-12-01
ST10,SKU00031,173,60,16,2025-11-13
ST21,SKU02631,25,45,18,2025-12-24
ST18,SKU04333,60,24,5,2025-12-19
ST13,SKU04506,94,75,28,2025-11-14
ST23,SKU01618,233,82,23,2025-12-09
ST04,SKU02345,190,88,42,2025-11-26
ST02,SKU04009,70,58,14,2025-11-23
ST16,SKU04578,294,99,27,2025-12-08
ST06,SKU01043,72,72,34,2025-12-25
ST03,SKU00677,8,75,27,2025-12-27
ST13,SKU01311,5,52,23,2025-11-24
ST07,SKU02336,107,95,23,2025-11-06
ST25,SKU01289,58,22,10,2025-11-06
ST25,SKU00700,18,68,23,2025-11-14
ST14,SKU00736,55,32,12,2025-11-03
ST08,SKU00719,54,37,9,2025-12-11
ST05,SKU03613,74,38,18,2025-11-05
ST17,SKU04597,256,100,27,2025-12-03
ST15,SKU04209,46,23,11,2025-12-11
ST17,SKU02997,13,39,12,2025-11-07
ST17,SKU00810,49,45,11,2025-11-16
ST27,SKU01003,58,34,9,2025-11-12
ST25,SKU02715,68,44,16,2025-12-22
ST14,SKU02123,156,64,32,2025-12-18
ST12,SKU00680,92,83,38,2025-11-01
ST28,SKU00992,57,68,29,2025-11-25
ST16,SKU01425,121,42,21,2025-11-29
ST29,SKU01146,111,81,24,2025-11-01
ST30,SKU02304,179,91,35,2025-11-06
ST24,SKU04785,16,31,11,2025-12-04
ST25,SKU00642,64,40,12,2025-12-04
ST26,SKU00293,74,33,16,2025-11-01
ST07,SKU02711,114,51,10,2025-12-18
ST08,SKU02116,142,52,12,2025-11-07
ST09,SKU01932,98,36,11,2025-11-05
ST02,SKU02284,130,54,13,2025-12-18
ST15,SKU04968,42,76,26,2025-12-31
ST13,SKU01017,436,83,28,2025-06-13
ST06,SKU01807,86,37,10,2025-12-03
ST19,SKU00252,20,72,30,2025-11-29
ST24,SKU01339,223,45,17,2025-07-09
ST14,SKU00738,42,32,16,2025-12-11
ST13,SKU03725,160,81,36,2025-12-18
ST11,SKU04811,80,44,21,2025-11-19
ST29,SKU00646,30,65,29,2025-11-29
ST02,SKU00911,206,100,35,2025-11-01
ST13,SKU00311,87,53,12,2025-11-14
ST02,SKU02813,201,77,19,2025-11-22
ST06,SKU02629,86,96,41,2025-11-19
ST21,SKU04433,31,61,23,2025-11-23
ST26,SKU03001,55,50,11,2025-11-07
ST12,SKU02719,198,90,39,2025-12-20
ST19,SKU04235,70,74,21,2025-12-24
ST23,SKU04404,166,73,15,2025-11-20
ST02,SKU03550,69,79,22,2025-11-07
ST22,SKU00236,59,39,18,2025-11-15
ST16,SKU01573,76,93,40,2025-12-07
ST14,SKU04070,57,99,26,2025-11-06
ST25,SKU03060,35,49,23,2025-12-05
ST13,SKU01769,237,85,40,2025-11-29
ST28,SKU03240,136,47,12,2025-11-06
ST11,SKU00115,128,72,28,2025-11-15
ST12,SKU00294,12,25,11,2025-11-07
ST20,SKU00191,23,73,27,2025-11-04
ST01,SKU04692,33,34,10,2025-12-24
ST25,SKU03757,127,47,21,2025-11-16
ST08,SKU03470,22,46,20,2025-11-09
ST12,SKU02313,81,65,18,2025-11-26
ST16,SKU02616,63,45,9,2025-11-25
ST27,SKU03323,60,23,8,2025-11-09
ST28,SKU02375,67,25,9,2025-11-24
ST26,SKU01199,42,67,33,2025-12-30
ST14,SKU02611,12,28,11,2025-12-13
ST17,SKU03451,15,33,10,2025-11-22
ST23,SKU04020,62,42,11,2025-12-27
ST09,SKU01591,44,27,13,2025-12-25
ST28,SKU01272,41,44,14,2025-11-09
ST30,SKU01492,208,84,18,2025-12-05
ST19,SKU04887,33,22,8,2025-12-12
ST09,SKU01165,154,68,32,2025-11-27
ST24,SKU01295,1,68,33,2025-11-26
ST18,SKU03849,66,61,14,2025-12-06
ST12,SKU04262,89,39,19,2025-12-30
ST09,SKU03472,72,71,33,2025-12-27
ST25,SKU01682,1,54,11,2025-12-05
ST28,SKU00698,63,88,23,2025-12-29
ST28,SKU04671,140,78,34,2025-11-06
ST17,SKU00870,117,75,33,2025-12-29
ST24,SKU01579,4,38,12,2025-11-23
ST14,SKU00519,79,34,8,2025-11-30
ST26,SKU04469,15,74,17,2025-11-18
ST11,SKU04566,246,55,17,2025-07-09
ST06,SKU03772,227,87,26,2025-11-05
ST01,SKU02757,166,59,27,2025-12-12
ST27,SKU00678,270,98,46,2025-11-07
ST14,SKU03665,19,35,14,2025-11-01
ST15,SKU03472,169,65,18,2025-12-28
ST15,SKU04203,17,84,38,2025-12-06
ST30,SKU02679,8,51,17,2025-12-14
ST17,SKU04605,119,21,8,2025-05-25
ST02,SKU00892,99,48,23,2025-12-04
ST07,SKU01185,75,65,31,2025-11-10
ST07,SKU01768,97,49,15,2025-11-06
ST02,SKU04884,208,93,44,2025-12-11
ST15,SKU02716,110,43,20,2025-12-25
ST13,SKU02355,92,69,34,2025-12-19
ST27,SKU04297,150,64,25,2025-11-03
ST14,SKU04465,52,25,7,2025-11-10
ST18,SKU00275,23,37,18,2025-12-29
ST18,SKU03168,173,61,20,2025-12-24
ST29,SKU03536,31,34,14,2025-12-07
ST07,SKU01462,168,85,35,2025-11-24
ST25,SKU00892,37,26,10,2025-11-15
ST02,SKU00381,141,95,33,2025-12-15
ST02,SKU04479,220,77,32,2025-11-12
ST12,SKU02987,25,37,18,2025-11-17
ST07,SKU04865,113,65,15,2025-12-01
ST24,SKU02467,189,73,18,2025-12-26
ST14,SKU01257,54,71,27,2025-11-16
ST09,SKU00760,162,97,39,2025-11-30
ST22,SKU04122,190,87,37,2025-11-16
ST09,SKU00940,192,92,25,2025-11-16
ST25,SKU04718,139,79,20,2025-11-02
ST08,SKU02166,91,96,23,2025-12-11
ST16,SKU03174,117,57,23,2025-11-14
ST30,SKU03879,85,35,16,2025-12-02
ST03,SKU01977,69,35,9,2025-11-09
ST01,SKU02685,49,23,11,2025-11-06
ST25,SKU01223,61,25,12,2025-11-18
ST19,SKU03122,11,91,20,2025-11-11
ST16,SKU01567,331,61,20,2025-05-31
ST05,SKU03271,9,24,7,2025-11-17
ST01,SKU00463,53,33,12,2025-11-04
ST18,SKU00181,58,25,11,2025-12-22
ST23,SKU03915,95,70,18,2025-11-18
ST09,SKU04710,60,41,18,2025-12-07
ST23,SKU00597,12,53,12,2025-12-01
ST27,SKU04417,51,50,25,2025-11-07
ST18,SKU02344,32,38,13,2025-12-31
ST03,SKU00925,211,86,42,2025-11-11
ST20,SKU04110,165,70,29,2025-12-08
ST25,SKU02027,26,67,17,2025-11-11
ST29,SKU02438,214,76,36,2025-12-15
ST10,SKU04638,146,88,32,2025-12-06
ST09,SKU02526,0,51,24,2025-08-11
ST25,SKU04204,50,52,21,2025-12-31
ST19,SKU01401,54,49,21,2025-11-26
ST17,SKU01590,106,84,27,2025-11-04
ST19,SKU02433,24,46,17,2025-11-26
ST14,SKU02916,146,72,31,2025-11-05
ST05,SKU04061,35,29,11,2025-11-02
ST03,SKU00914,127,90,33,2025-11-28
ST26,SKU00901,153,86,34,2025-11-14
ST20,SKU00161,52,27,10,2025-12-24
ST07,SKU02863,32,36,15,2025-12-28
ST10,SKU04237,78,31,7,2025-12-15
ST15,SKU04808,29,39,14,2025-11-10
ST07,SKU00616,78,53,17,2025-11-23
ST09,SKU04165,10,34,13,2025-11-02
ST23,SKU02099,60,85,40,2025-11-04
ST17,SKU01994,187,83,21,2025-11-08
ST12,SKU03689,42,27,7,2025-11-03
ST14,SKU02544,50,57,24,2025-11-07
ST16,SKU04456,8,31,15,2025-12-07
ST17,SKU02664,45,20,4,2025-12-28
ST24,SKU04456,28,21,6,2025-12-09
ST26,SKU01142,107,38,14,2025-12-04
ST20,SKU00094,49,32,8,2025-12-18
ST04,SKU03461,34,41,10,2025-11-15
ST08,SKU01320,91,74,24,2025-11-22
ST14,SKU03092,78,34,14,2025-11-29
ST11,SKU03050,48,65,20,2025-11-22
ST14,SKU02175,70,53,14,2025-11-05
ST16,SKU03669,68,34,8,2025-12-22
ST25,SKU04661,262,91,33,2025-11-07
ST11,SKU04066,191,65,24,2025-11-19
ST29,SKU04986,10,20,10,2025-11-15
ST22,SKU03955,34,37,10,2025-12-24
ST06,SKU01586,85,32,11,2025-12-09
ST08,SKU03265,32,51,15,2025-11-26
ST09,SKU01031,180,47,16,2025-07-03
ST30,SKU00293,27,82,40,2025-11-24
ST25,SKU01865,122,55,13,2025-11-03
ST26,SKU00580,92,76,17,2025-12-03
ST08,SKU01417,101,34,8,2025-11-27
ST25,SKU03077,44,27,8,2025-11-17
ST22,SKU00247,84,60,22,2025-12-01
ST14,SKU00844,109,95,43,2025-12-02
ST21,SKU01342,86,51,15,2025-11-18
ST25,SKU01487,76,47,20,2025-12-09
ST21,SKU04775,86,94,35,2025-11-12
ST13,SKU01360,269,96,35,2025-11-29
ST04,SKU00773,53,21,6,2025-12-26
ST27,SKU04617,5,22,10,2025-11-24
ST25,SKU04513,84,94,44,2025-12-20
ST17,SKU00625,19,65,15,2025-12-09
ST25,SKU04699,110,77,23,2025-12-21
ST10,SKU01753,96,40,11,2025-12-21
ST27,SKU02002,76,32,15,2025-11-22
ST26,SKU02404,120,49,12,2025-11-12
ST17,SKU03650,43,59,26,2025-11-14
ST20,SKU03466,184,66,15,2025-12-13
ST12,SKU03698,259,92,25,2025-11-18
ST11,SKU03740,217,40,12,2025-06-26
ST01,SKU00828,46,38,11,2025-12-19
ST19,SKU02295,101,41,18,2025-11-19
ST13,SKU03675,67,62,19,2025-12-29
ST28,SKU03218,57,56,24,2025-11-10
ST29,SKU02063,156,89,35,2025-11-13
ST24,SKU03687,243,97,22,2025-11-29
ST30,SKU02557,15,28,13,2025-11-26
ST02,SKU01741,138,56,27,2025-11-10
ST23,SKU01944,173,72,30,2025-12-13
ST22,SKU01624,238,85,28,2025-11-18
ST14,SKU03070,17,34,11,2025-11-20
ST22,SKU03683,180,88,19,2025-11-20
ST28,SKU03677,52,24,9,2025-12-02
ST27,SKU00772,4,53,24,2025-11-02
ST22,SKU01422,72,84,28,2025-11-13
ST17,SKU03961,228,85,22,2025-11-02
ST07,SKU02880,42,71,19,2025-12-20
ST26,SKU04923,116,41,15,2025-12-24
ST15,SKU00775,420,89,24,2025-07-28
ST30,SKU01555,11,41,19,2025-11-01
ST20,SKU01472,166,98,36,2025-12-11
ST03,SKU02299,51,62,30,2025-12-03
ST04,SKU00213,77,33,15,2025-11-19
ST17,SKU02528,13,61,19,2025-11-03
ST20,SKU02037,24,40,20,2025-11-20
ST30,SKU01094,103,37,15,2025-12-28
ST17,SKU04269,0,22,6,2025-12-29
ST02,SKU01682,103,56,25,2025-11-14
ST10,SKU01506,135,68,29,2025-11-14
ST19,SKU01044,88,44,13,2025-11-24
ST10,SKU04568,49,49,14,2025-12-12
ST03,SKU01168,35,44,13,2025-12-21
ST01,SKU01764,79,29,9,2025-11-03
ST25,SKU03813,191,72,28,2025-11-22
ST05,SKU01889,66,40,14,2025-12-29
ST28,SKU04702,160,54,13,2025-12-19
ST15,SKU03541,55,70,34,2025-12-22
ST19,SKU03514,159,98,39,2025-12-04
ST14,SKU00265,118,43,13,2025-11-12
ST29,SKU02853,23,35,12,2025-11-12
ST27,SKU01656,61,50,15,2025-12-03
ST29,SKU03919,158,63,13,2025-12-10
ST08,SKU02757,71,25,10,2025-11-02
ST26,SKU01499,0,43,9,2025-12-17
ST13,SKU04718,28,36,9,2025-11-22
ST27,SKU01925,4,57,14,2025-12-24
ST19,SKU02513,100,58,13,2025-12-16
ST30,SKU00007,40,75,25,2025-12-05
ST25,SKU03879,116,61,18,2025-11-29
ST06,SKU00107,127,57,15,2025-12-08
ST17,SKU02282,25,39,19,2025-11-19
ST18,SKU02707,79,49,11,2025-12-11
ST27,SKU03717,20,88,21,2025-11-03
ST17,SKU00228,188,66,15,2025-12-13
ST29,SKU04847,199,98,32,2025-11-23
ST29,SKU01887,53,28,13,2025-11-15
ST17,SKU00159,199,82,23,2025-12-23
ST10,SKU02612,91,37,15,2025-12-13
ST24,SKU04078,14,20,8,2025-11-17
ST24,SKU03512,131,77,37,2025-12-18
ST13,SKU04530,51,57,14,2025-11-19
ST02,SKU03966,109,59,19,2025-11-18
ST14,SKU04667,30,34,16,2025-11-10
ST26,SKU02841,177,92,23,2025-11-22
ST21,SKU04331,170,77,34,2025-11-06
ST25,SKU01579,48,68,21,2025-12-17
ST16,SKU04783,0,27,8,2025-10-12
ST01,SKU04289,26,48,15,2025-11-18
ST14,SKU02978,35,31,10,2025-11-06
ST11,SKU03563,13,68,14,2025-12-24
ST26,SKU02491,21,26,5,2025-11-29
ST29,SKU01946,146,62,27,2025-11-12
ST03,SKU02809,17,62,21,2025-12-27
ST11,SKU02324,20,92,42,2025-12-30
ST30,SKU01925,18,29,9,2025-12-25
ST24,SKU00006,281,99,32,2025-11-08
ST16,SKU02071,76,75,37,2025-11-08
ST02,SKU04853,190,66,18,2025-11-04
ST18,SKU01052,86,27,13,2025-08-06
ST21,SKU00274,21,21,4,2025-12-30
ST21,SKU01735,145,51,19,2025-11-18
ST30,SKU04776,249,89,24,2025-12-31
ST16,SKU03385,262,90,29,2025-11-10
ST28,SKU02562,29,66,26,2025-11-10
ST19,SKU04202,39,45,21,2025-12-05
ST01,SKU03021,172,93,24,2025-12-04
ST25,SKU01347,201,63,27,2025-06-02
ST21,SKU00070,92,34,10,2025-12-26
ST30,SKU04251,61,65,19,2025-12-25
ST02,SKU00801,180,80,38,2025-11-05
ST13,SKU03363,81,68,21,2025-12-11
ST06,SKU01398,38,89,24,2025-12-22
ST02,SKU02841,84,42,15,2025-12-18
ST02,SKU00617,107,66,20,2025-11-10
ST17,SKU02303,75,34,13,2025-12-05
ST11,SKU04295,23,20,5,2025-12-08
ST21,SKU04566,400,88,23,2025-08-14
ST25,SKU04400,276,98,48,2025-11-10
ST13,SKU02651,5,97,42,2025-12-10
ST11,SKU03960,216,80,30,2025-12-03
ST02,SKU01263,273,94,41,2025-11-12
ST30,SKU03903,55,25,6,2025-12-23
ST02,SKU01294,25,24,10,2025-12-23
ST23,SKU04169,77,39,14,2025-11-10
ST26,SKU02227,58,37,18,2025-12-14
ST25,SKU02140,94,58,19,2025-11-23
ST21,SKU04008,105,74,28,2025-12-14
ST15,SKU01113,100,43,14,2025-11-21
ST26,SKU03880,47,33,10,2025-11-27
ST13,SKU00755,138,66,29,2025-11-19
ST03,SKU00349,9,89,37,2025-11-10
ST10,SKU04953,508,96,43,2025-08-24
ST13,SKU02459,218,88,36,2025-11-09
ST12,SKU04602,187,75,22,2025-12-06
ST03,SKU04522,73,35,15,2025-12-02
ST21,SKU00911,36,32,16,2025-12-15
ST10,SKU03007,219,80,33,2025-12-18
ST04,SKU04105,36,41,11,2025-12-02
ST23,SKU01777,46,47,17,2025-12-19
ST09,SKU02270,74,62,24,2025-11-09
ST27,SKU02487,9,79,23,2025-12-21
ST25,SKU00593,62,94,27,2025-11-11
ST20,SKU02570,234,69,30,2025-06-02
ST08,SKU00578,97,61,27,2025-12-05
ST21,SKU00138,75,36,11,2025-11-10
ST12,SKU00706,131,74,18,2025-11-06
ST14,SKU03645,151,76,25,2025-11-22
ST04,SKU02084,154,63,17,2025-11-08
ST15,SKU02406,138,47,11,2025-12-09
ST04,SKU01791,36,97,23,2025-11-05
ST05,SKU00979,26,59,15,2025-11-18
ST30,SKU03579,217,86,38,2025-11-02
ST02,SKU00651,69,41,16,2025-11-04
ST26,SKU02808,171,60,18,2025-11-25
ST18,SKU04162,25,21,5,2025-12-16
ST21,SKU01657,210,95,19,2025-11-10
ST13,SKU01529,52,52,23,2025-12-11
ST13,SKU02296,167,82,38,2025-12-02
ST03,SKU03273,41,22,5,2025-12-25
ST13,SKU01008,118,72,16,2025-11-19
ST26,SKU01394,30,35,15,2025-12-11
ST23,SKU04511,97,38,16,2025-11-02
ST25,SKU04411,31,93,39,2025-11-09
ST19,SKU04698,170,66,24,2025-12-29
ST18,SKU01976,70,91,44,2025-11-29
ST19,SKU01608,88,37,10,2025-11-27
ST26,SKU04743,175,61,25,2025-11-02
ST26,SKU04000,5,23,8,2025-12-05
ST07,SKU01938,93,64,28,2025-12-21
ST03,SKU03703,133,46,10,2025-11-28
ST30,SKU01216,3,64,31,2025-11-25
ST10,SKU01888,5,92,29,2025-11-24
ST20,SKU00417,122,85,17,2025-12-23
ST22,SKU01845,69,44,22,2025-12-22
ST17,SKU01460,121,64,23,2025-11-12
ST29,SKU03526,48,23,11,2025-11-27
ST27,SKU01771,31,65,18,2025-11-03
ST12,SKU02068,53,82,27,2025-12-21
ST09,SKU01804,11,64,13,2025-12-06
ST21,SKU02884,9,93,41,2025-11-01
ST30,SKU01031,66,59,18,2025-11-17
ST26,SKU04445,241,93,35,2025-11-03
ST28,SKU01758,112,65,30,2025-11-06
ST07,SKU04097,71,58,22,2025-12-12
ST11,SKU00175,25,95,22,2025-12-17
ST05,SKU04357,50,23,7,2025-11-15
ST24,SKU03495,118,44,18,2025-12-18
ST21,SKU00949,4,23,6,2025-11-24
ST20,SKU04092,197,96,37,2025-11-19
ST04,SKU03746,171,89,30,2025-12-21
ST21,SKU03006,173,64,20,2025-12-31
ST16,SKU03759,148,92,38,2025-12-03
ST16,SKU02475,19,49,21,2025-12-27
ST09,SKU03610,88,64,16,2025-11-05
ST30,SKU03015,83,29,13,2025-11-05
ST16,SKU03613,91,48,22,2025-12-17
ST13,SKU04672,25,99,27,2025-11-10
ST05,SKU03466,113,75,31,2025-12-13
ST13,SKU02390,103,56,17,2025-12-29
ST29,SKU00687,48,94,44,2025-12-13
ST01,SKU03318,203,83,37,2025-11-24
ST15,SKU03309,12,89,41,2025-11-28
ST26,SKU03365,155,71,17,2025-11-23
ST06,SKU00338,114,83,38,2025-12-28
ST12,SKU02494,46,29,8,2025-11-23
ST14,SKU01155,62,46,21,2025-12-20
ST15,SKU00727,17,32,11,2025-12-15
ST10,SKU02478,49,32,14,2025-12-26
ST19,SKU01996,3,80,36,2025-11-13
ST09,SKU01471,268,92,20,2025-11-07
ST29,SKU03648,41,63,23,2025-11-15
ST23,SKU02812,125,61,24,2025-12-20
ST03,SKU02210,68,45,14,2025-11-15
ST13,SKU02864,22,35,17,2025-12-14
ST08,SKU02156,34,37,8,2025-12-22
ST19,SKU04078,61,93,43,2025-11-25
ST01,SKU03446,244,93,31,2025-12-30
ST09,SKU02963,38,80,21,2025-11-12
ST26,SKU03369,7,35,15,2025-12-19
ST08,SKU01049,37,21,8,2025-12-03
ST12,SKU04527,100,95,23,2025-12-13
ST21,SKU00267,109,85,26,2025-12-24
ST12,SKU02924,108,76,22,2025-12-03
ST28,SKU01194,249,86,30,2025-12-19
ST28,SKU03953,15,43,13,2025-11-30
ST12,SKU03143,5,45,14,2025-11-28
ST06,SKU01867,169,67,14,2025-12-16
ST23,SKU03417,109,51,24,2025-11-04
ST30,SKU02768,40,74,16,2025-12-19
ST11,SKU02214,71,46,15,2025-11-03
ST03,SKU04778,10,48,20,2025-12-03
ST05,SKU04891,50,27,8,2025-12-02
ST24,SKU04664,234,74,33,2025-07-02
ST02,SKU03608,114,59,27,2025-11-13
ST06,SKU04306,48,57,19,2025-11-29
ST22,SKU02054,80,49,18,2025-11-08
ST21,SKU02171,66,37,17,2025-12-11
ST03,SKU01513,34,85,41,2025-11-01
ST08,SKU03137,262,91,41,2025-12-20
ST06,SKU04428,195,77,17,2025-11-30
ST15,SKU03734,95,36,10,2025-11-22
ST28,SKU00028,89,39,10,2025-11-24
ST14,SKU01160,189,80,39,2025-12-19
ST29,SKU04742,74,53,16,2025-11-28
ST14,SKU03404,81,55,19,2025-11-06
ST29,SKU01986,75,30,7,2025-11-03
ST05,SKU00545,12,48,14,2025-12-08
ST16,SKU02619,13,24,8,2025-12-27
ST10,SKU01015,30,28,8,2025-12-03
ST28,SKU02406,59,46,21,2025-12-14
ST29,SKU01205,170,68,17,2025-12-08
ST28,SKU03121,259,88,42,2025-12-26
ST16,SKU01176,167,69,33,2025-11-10
ST20,SKU03948,7,24,7,2025-12-31
ST05,SKU00622,140,86,38,2025-12-30
ST03,SKU02439,155,72,34,2025-12-21
ST19,SKU01132,165,99,47,2025-11-01
ST15,SKU01695,91,69,24,2025-12-18
ST16,SKU03463,25,20,7,2025-12-23
ST01,SKU03859,76,41,14,2025-12-16
ST05,SKU03321,135,71,21,2025-11-10
ST05,SKU00032,337,66,23,2025-07-09
ST08,SKU04138,43,35,16,2025-11-03
ST10,SKU04682,37,82,33,2025-12-05
ST18,SKU03795,212,80,38,2025-11-23
ST18,SKU01937,208,80,21,2025-12-31
ST16,SKU00247,152,77,28,2025-11-16
ST04,SKU04570,93,32,6,2025-12-07
ST13,SKU00805,35,24,7,2025-11-02
ST25,SKU03460,129,49,11,2025-12-05
ST08,SKU03660,51,23,5,2025-11-13
ST29,SKU04284,21,40,18,2025-11-10
ST12,SKU04373,254,98,33,2025-11-04
ST30,SKU03996,50,99,37,2025-12-20
ST06,SKU03679,37,20,7,2025-11-20
ST02,SKU02016,39,76,32,2025-11-11
ST17,SKU04641,123,43,13,2025-12-24
ST09,SKU02658,159,80,16,2025-12-19
ST30,SKU02121,31,83,33,2025-11-08
ST29,SKU01745,10,33,11,2025-11-30
ST07,SKU02111,35,62,16,2025-11-18
ST09,SKU03545,137,84,25,2025-11-10
ST09,SKU03925,5,39,17,2025-11-09
ST02,SKU03339,106,38,13,2025-12-26
ST29,SKU01422,59,99,40,2025-12-02
ST04,SKU03163,50,34,12,2025-11-24
ST05,SKU00872,158,75,21,2025-12-26
ST03,SKU01446,56,25,7,2025-12-24
ST15,SKU00613,82,55,20,2025-12-23
ST04,SKU03326,15,46,18,2025-11-11
ST26,SKU00704,50,90,34,2025-12-10
ST14,SKU01558,239,62,23,2025-06-10
ST12,SKU04608,9,87,40,2025-11-13
ST07,SKU02274,109,90,39,2025-11-01
ST13,SKU00279,76,59,13,2025-12-28
ST04,SKU04430,139,48,16,2025-11-07
ST06,SKU04684,191,79,27,2025-12-30
ST26,SKU00992,122,56,17,2025-12-14
ST05,SKU02245,59,41,9,2025-11-27
ST15,SKU01305,148,73,35,2025-12-29
ST11,SKU03559,21,29,14,2025-12-11
ST01,SKU03719,43,63,16,2025-11-03
ST06,SKU03143,78,38,8,2025-12-16
ST24,SKU01514,53,48,22,2025-12-17
ST21,SKU00842,134,88,36,2025-11-29
ST18,SKU00410,24,29,13,2025-11-09
ST14,SKU04256,14,36,13,2025-12-23
ST04,SKU04437,49,37,14,2025-12-30
ST27,SKU01065,65,22,4,2025-12-23
ST24,SKU01976,26,88,37,2025-11-01
ST20,SKU02278,96,63,26,2025-12-26
ST27,SKU01930,51,59,27,2025-11-05
ST26,SKU04881,44,36,15,2025-12-27
ST10,SKU00244,35,20,7,2025-12-11
ST13,SKU02702,64,54,12,2025-11-16
ST11,SKU04718,10,24,8,2025-11-21
ST24,SKU04728,101,96,38,2025-11-29
ST10,SKU00973,135,83,17,2025-11-30
ST20,SKU04024,177,80,36,2025-11-04
ST01,SKU02817,33,58,23,2025-11-04
ST26,SKU02221,96,29,13,2025-05-22
ST06,SKU01900,174,66,32,2025-11-17
ST09,SKU04803,268,91,40,2025-11-13
ST29,SKU03917,26,28,9,2025-12-16
ST02,SKU00482,14,22,5,2025-11-20
ST07,SKU02879,142,57,13,2025-12-28
ST12,SKU04728,140,49,19,2025-11-12
ST29,SKU04365,105,39,16,2025-12-03
ST14,SKU04642,74,66,28,2025-11-05
ST02,SKU01452,80,37,18,2025-12-10
ST14,SKU02943,56,72,30,2025-12-09
ST13,SKU02426,139,79,39,2025-11-28
ST19,SKU04050,180,95,31,2025-11-05
ST10,SKU03702,0,82,22,2025-09-04
ST04,SKU03370,159,54,19,2025-12-13
ST06,SKU04174,210,93,20,2025-11-12
ST26,SKU02857,0,54,20,2025-11-20
ST13,SKU00278,26,20,7,2025-12-31
ST23,SKU02452,156,72,22,2025-12-31
ST17,SKU02632,247,91,22,2025-12-03
ST14,SKU02882,10,21,7,2025-11-28
ST28,SKU03951,23,83,36,2025-12-31
ST19,SKU02492,84,74,25,2025-11-09
ST19,SKU03003,70,35,10,2025-11-13
ST04,SKU04909,93,50,23,2025-12-07
ST04,SKU00123,23,34,13,2025-11-05
ST25,SKU03731,42,36,15,2025-12-29
ST15,SKU00641,75,36,8,2025-11-25
ST20,SKU02745,66,38,15,2025-12-21
ST15,SKU01900,230,100,31,2025-11-11
ST27,SKU04891,9,28,12,2025-11-07
ST30,SKU01405,133,45,17,2025-12-16
ST03,SKU00129,83,47,17,2025-11-13
ST26,SKU00922,0,40,10,2025-11-26
ST10,SKU01706,156,73,29,2025-12-24
ST11,SKU01632,7,43,9,2025-11-14
ST16,SKU01224,382,86,28,2025-06-14
ST02,SKU01684,132,40,16,2025-08-21
ST10,SKU02792,41,43,12,2025-11-04
ST07,SKU02145,203,79,16,2025-11-10
ST07,SKU03167,159,60,17,2025-11-22
ST17,SKU01071,82,40,12,2025-11-25
ST12,SKU03091,182,67,24,2025-11-23
ST08,SKU00427,8,59,19,2025-12-23
ST27,SKU02764,75,61,25,2025-12-11
ST02,SKU00428,30,21,8,2025-11-04
ST27,SKU03658,93,93,25,2025-12-08
ST19,SKU01545,46,52,11,2025-11-01
ST12,SKU02234,56,70,22,2025-12-17
ST01,SKU01949,115,65,19,2025-11-28
ST06,SKU01955,132,95,29,2025-12-31
ST07,SKU04116,228,95,33,2025-11-21
ST02,SKU04841,112,80,34,2025-11-09
ST09,SKU03758,46,99,21,2025-11-30
ST18,SKU03720,69,31,15,2025-11-01
ST12,SKU03154,10,54,25,2025-11-12
ST27,SKU03893,45,31,13,2025-11-23
ST18,SKU01752,78,98,24,2025-11-28
ST19,SKU01230,159,84,41,2025-12-14
ST17,SKU01817,120,69,21,2025-12-24
ST26,SKU02429,78,91,39,2025-12-05
ST06,SKU02435,45,20,5,2025-12-08
ST15,SKU02863,75,80,34,2025-11-03
ST02,SKU00310,117,55,18,2025-11-25
ST23,SKU00831,10,40,17,2025-11-16
ST01,SKU00783,207,84,17,2025-12-12
ST22,SKU00477,158,58,15,2025-12-12
ST16,SKU00685,4,72,29,2025-12-05
ST11,SKU01650,113,40,14,2025-12-30
ST29,SKU01399,17,20,4,2025-12-24
ST30,SKU00716,51,40,20,2025-11-27
ST30,SKU01904,46,31,8,2025-12-15
ST02,SKU01216,213,88,23,2025-12-26
ST14,SKU00827,25,29,11,2025-11-14
ST01,SKU03383,160,97,25,2025-12-15
ST24,SKU04340,28,57,19,2025-12-15
ST07,SKU03643,103,47,22,2025-12-04
ST14,SKU04159,46,23,7,2025-11-03
ST04,SKU04586,48,33,15,2025-12-08
ST06,SKU03298,189,65,31,2025-11-22
ST09,SKU04841,30,28,10,2025-11-29
ST19,SKU02207,4,28,12,2025-11-16
ST21,SKU00360,116,44,15,2025-12-28
ST02,SKU04317,154,89,29,2025-12-16
ST30,SKU03449,189,70,16,2025-12-06
ST12,SKU03884,429,81,23,2025-06-16
ST08,SKU00819,113,47,17,2025-12-27
ST07,SKU00342,329,82,21,2025-05-09
ST07,SKU00446,240,96,24,2025-11-23
ST24,SKU00454,125,42,13,2025-11-30
ST24,SKU02561,55,29,8,2025-12-08
ST19,SKU03917,74,25,7,2025-11-14
ST05,SKU03288,91,56,14,2025-11-27
ST18,SKU01032,11,96,27,2025-12-21
ST27,SKU01745,90,74,34,2025-11-08
ST22,SKU02636,22,28,11,2025-11-26
ST27,SKU02924,12,52,14,2025-11-23
ST24,SKU03237,86,78,21,2025-11-07
ST01,SKU04533,27,77,24,2025-11-24
ST15,SKU03412,64,39,11,2025-11-13
ST12,SKU02481,114,56,15,2025-11-01
ST05,SKU02795,10,63,31,2025-11-30
ST27,SKU04501,131,82,25,2025-11-19
ST03,SKU00033,136,64,18,2025-12-24
ST05,SKU00707,19,42,12,2025-11-02
ST01,SKU02974,225,79,20,2025-12-04
ST18,SKU03281,450,90,24,2025-06-04
ST21,SKU03853,58,23,8,2025-11-12
ST03,SKU03962,69,34,14,2025-12-11
ST07,SKU02007,74,75,36,2025-12-24
ST03,SKU02252,49,39,12,2025-11-23
ST29,SKU01901,192,72,21,2025-11-27
ST05,SKU03020,50,39,14,2025-12-12
ST13,SKU03818,96,96,21,2025-11-13
ST06,SKU03883,40,26,8,2025-12-02
ST27,SKU02798,151,98,47,2025-12-29
ST21,SKU02018,113,48,22,2025-11-29
ST15,SKU02420,27,24,7,2025-11-22
ST23,SKU00348,79,85,31,2025-11-27
ST01,SKU02357,106,77,31,2025-12-24
ST29,SKU03732,184,76,23,2025-12-28
ST09,SKU04012,0,30,6,2025-10-09
ST29,SKU00221,123,97,37,2025-12-09
ST26,SKU02259,148,97,43,2025-12-18
ST04,SKU03963,131,56,26,2025-12-31
ST23,SKU02271,70,77,18,2025-11-07
ST10,SKU00488,36,61,17,2025-11-01
ST09,SKU02029,78,36,9,2025-11-22
ST06,SKU04152,145,31,7,2025-08-07
ST21,SKU04504,77,89,18,2025-11-07
ST08,SKU03371,27,38,15,2025-12-24
ST19,SKU03972,45,29,13,2025-11-09
ST06,SKU04029,118,94,28,2025-12-18
ST13,SKU03129,403,96,45,2025-08-31
ST24,SKU03294,253,100,49,2025-12-25
ST29,SKU02261,92,35,13,2025-12-09
ST20,SKU04589,211,75,15,2025-12-01
ST24,SKU01892,4,97,24,2025-11-11
ST11,SKU02487,62,45,17,2025-12-07
ST23,SKU02243,25,58,21,2025-11-26
ST12,SKU01262,190,90,32,2025-11-09
ST25,SKU03066,171,73,28,2025-11-10
ST28,SKU00643,22,74,30,2025-11-16
ST09,SKU03203,123,79,23,2025-12-10
ST17,SKU04422,77,39,15,2025-11-21
ST29,SKU01531,87,54,26,2025-12-09
ST25,SKU00018,8,58,14,2025-12-20
ST09,SKU04422,102,98,20,2025-12-13
ST11,SKU02815,132,59,12,2025-11-05
ST16,SKU02051,37,60,15,2025-12-20
ST03,SKU04181,55,97,48,2025-11-02
ST18,SKU03900,157,94,37,2025-12-16
ST05,SKU01158,71,20,5,2025-05-25
ST10,SKU04814,44,20,9,2025-11-13
ST18,SKU03569,47,23,5,2025-12-23
ST14,SKU00039,162,63,17,2025-11-02
ST13,SKU00605,49,27,7,2025-11-20
ST15,SKU04218,93,71,20,2025-12-19
ST14,SKU00312,162,88,39,2025-11-04
ST10,SKU02213,145,76,27,2025-11-21
ST21,SKU01405,61,32,12,2025-12-30
ST21,SKU02450,232,86,35,2025-12-25
ST08,SKU04345,108,37,16,2025-11-02
ST12,SKU04678,103,60,19,2025-12-16
ST28,SKU00630,87,45,11,2025-11-16
ST05,SKU00402,410,72,29,2025-08-29
ST16,SKU03352,90,39,16,2025-11-20
ST27,SKU04056,33,78,35,2025-12-13
ST23,SKU02012,138,93,21,2025-12-25
ST11,SKU03715,16,37,16,2025-11-05
ST26,SKU01333,161,98,35,2025-11-08
ST27,SKU00259,95,59,16,2025-11-01
ST21,SKU03022,77,49,13,2025-11-11
ST08,SKU01508,29,47,15,2025-12-06
ST15,SKU00647,107,66,17,2025-12-05
ST18,SKU04083,191,82,33,2025-11-08
ST21,SKU03502,33,43,14,2025-11-30
ST20,SKU00614,104,68,21,2025-11-23
ST04,SKU04192,200,97,20,2025-11-17
ST08,SKU02413,178,75,25,2025-11-26
ST10,SKU01058,91,48,20,2025-11-27
ST18,SKU00197,58,25,12,2025-12-02
ST29,SKU03307,79,96,33,2025-12-10
ST29,SKU04177,28,31,9,2025-11-16
ST21,SKU00828,33,32,12,2025-11-01
ST08,SKU03811,175,66,20,2025-12-08
ST08,SKU04280,92,45,14,2025-12-14
ST02,SKU03318,84,30,6,2025-11-04
ST10,SKU02702,25,23,9,2025-11-04
ST15,SKU02568,38,30,11,2025-11-29
ST08,SKU00071,113,58,24,2025-11-07
ST25,SKU02048,163,57,19,2025-11-18
ST22,SKU01010,13,21,4,2025-11-11
ST11,SKU01725,91,97,32,2025-11-22
ST28,SKU04683,24,32,9,2025-11-06
ST03,SKU03458,40,38,9,2025-11-25
ST11,SKU01669,105,50,21,2025-11-11
ST19,SKU00782,134,47,22,2025-12-01
ST03,SKU04303,278,95,42,2025-12-22
ST13,SKU04812,72,36,17,2025-12-14
ST01,SKU04326,93,37,13,2025-11-22
ST27,SKU01587,106,61,17,2025-12-19
ST26,SKU02312,63,25,11,2025-12-06
ST28,SKU01159,64,70,15,2025-11-22
ST03,SKU02529,66,81,22,2025-12-20
ST10,SKU03027,21,24,11,2025-11-26
ST07,SKU03918,117,74,29,2025-11-26
ST05,SKU04333,38,71,32,2025-12-25
ST04,SKU04817,222,94,40,2025-11-26
ST13,SKU00421,183,38,17,2025-06-27
ST24,SKU02804,7,88,26,2025-12-10
ST29,SKU03186,7,30,13,2025-11-11
ST06,SKU02725,271,94,20,2025-12-18
ST03,SKU00711,1,62,17,2025-12-27
ST29,SKU02780,364,80,38,2025-07-22
ST25,SKU03715,154,87,37,2025-11-08
ST25,SKU03172,247,90,23,2025-12-26
ST22,SKU03321,66,92,36,2025-12-10
ST30,SKU00302,9,79,25,2025-11-15
ST10,SKU04494,181,69,33,2025-11-22
ST27,SKU01988,0,64,23,2025-09-26
ST14,SKU00059,164,68,14,2025-11-29
ST07,SKU00938,12,25,11,2025-12-11
ST14,SKU02244,117,80,37,2025-12-15
ST30,SKU03788,40,58,21,2025-12-27
ST15,SKU04779,100,59,28,2025-12-28
ST22,SKU00097,145,79,23,2025-11-04
ST30,SKU03980,228,89,39,2025-12-18
ST21,SKU00534,58,56,25,2025-11-26
ST03,SKU01314,23,42,18,2025-12-04
ST19,SKU02448,226,93,20,2025-11-01
ST11,SKU04345,3,25,8,2025-12-25
ST02,SKU00606,77,95,37,2025-11-08
ST21,SKU02931,95,60,29,2025-11-20
ST04,SKU03423,90,50,23,2025-12-20
ST14,SKU02476,170,70,33,2025-12-23
ST12,SKU03247,121,66,30,2025-11-24
ST19,SKU03106,53,59,19,2025-12-10
ST01,SKU03690,41,43,18,2025-11-18
ST12,SKU00458,12,27,12,2025-11-07
ST18,SKU01962,31,65,27,2025-11-29
ST08,SKU00495,59,24,7,2025-12-05
ST09,SKU02632,49,32,11,2025-12-12
ST05,SKU02423,201,70,17,2025-12-08
ST19,SKU03560,77,75,18,2025-12-08
ST21,SKU01543,72,52,15,2025-12-20
ST24,SKU02169,297,100,47,2025-11-11
ST24,SKU03899,71,41,10,2025-11-23
ST21,SKU03182,57,45,12,2025-11-01
ST24,SKU03239,8,20,10,2025-11-04
ST18,SKU01132,9,27,10,2025-12-12
ST25,SKU01293,63,41,17,2025-11-19
ST30,SKU00229,51,21,5,2025-11-29
ST05,SKU03671,234,87,33,2025-11-22
ST09,SKU00662,24,68,21,2025-11-06
ST29,SKU00633,122,71,17,2025-12-02
ST09,SKU02539,109,84,27,2025-11-03
ST02,SKU04516,117,87,32,2025-12-31
ST03,SKU01363,19,27,11,2025-12-04
ST14,SKU02100,150,67,15,2025-12-20
ST21,SKU03808,88,61,18,2025-12-04
ST26,SKU03614,4,50,23,2025-11-28
ST06,SKU04020,56,69,34,2025-11-21
ST20,SKU01944,159,61,26,2025-11-13
ST13,SKU01137,163,81,30,2025-12-20
ST21,SKU04923,109,50,14,2025-11-17
ST15,SKU04340,176,74,35,2025-11-14
ST19,SKU03990,32,40,19,2025-11-07
ST29,SKU00492,47,89,44,2025-11-02
ST26,SKU02855,21,28,11,2025-11-24
ST01,SKU00005,15,91,41,2025-11-07
ST24,SKU01884,215,76,37,2025-12-10
ST07,SKU02825,74,41,16,2025-11-03
ST12,SKU02633,112,70,27,2025-11-30
ST06,SKU04255,121,44,17,2025-11-10
ST03,SKU04024,53,42,15,2025-11-07
ST17,SKU02106,26,25,7,2025-12-21
ST05,SKU02462,5,30,10,2025-11-29
ST20,SKU01379,264,99,41,2025-11-22
ST02,SKU03831,223,89,37,2025-12-27
ST20,SKU03238,19,76,26,2025-11-13
ST01,SKU02297,4,21,10,2025-11-03
ST09,SKU00142,151,98,21,2025-12-29
ST27,SKU03875,128,69,29,2025-11-21
ST06,SKU02312,4,21,10,2025-12-02
ST20,SKU00760,41,21,10,2025-11-17
ST12,SKU01530,91,53,12,2025-12-16
ST16,SKU03276,146,64,29,2025-12-28
ST17,SKU01267,278,100,47,2025-11-25
ST07,SKU03821,40,75,19,2025-11-06
ST12,SKU04044,154,66,24,2025-11-11
ST24,SKU01227,23,31,10,2025-12-05
ST27,SKU04474,201,78,30,2025-12-11
ST12,SKU04605,237,67,33,2025-05-24
ST07,SKU03505,256,93,42,2025-12-20
ST05,SKU04416,173,95,31,2025-12-10
ST25,SKU02396,7,47,12,2025-11-15
ST09,SKU01694,209,81,18,2025-11-27
ST01,SKU00212,61,46,15,2025-12-08
ST02,SKU04101,72,38,11,2025-11-01
ST09,SKU02846,265,92,43,2025-12-01
ST27,SKU00322,95,73,26,2025-11-23
ST05,SKU01619,86,74,16,2025-12-09
ST25,SKU00356,221,78,26,2025-12-29
ST06,SKU01275,37,52,18,2025-11-01
ST03,SKU00368,94,78,29,2025-12-27
ST15,SKU00759,59,26,5,2025-11-30
ST21,SKU02655,128,74,23,2025-11-02
ST21,SKU03879,68,76,23,2025-12-02
ST27,SKU03783,86,68,19,2025-12-15
ST08,SKU02456,245,82,26,2025-11-24
ST22,SKU00648,138,62,28,2025-11-14
ST24,SKU01722,72,25,8,2025-11-01
ST02,SKU00666,17,65,32,2025-12-31
ST03,SKU01246,11,56,24,2025-11-28
ST12,SKU04680,7,68,20,2025-12-13
ST06,SKU00218,116,43,13,2025-11-10
ST19,SKU01057,46,23,5,2025-11-16
ST12,SKU04094,59,77,16,2025-12-09
ST28,SKU01804,60,36,11,2025-12-04
ST16,SKU01848,59,98,37,2025-11-20
ST19,SKU00526,61,34,7,2025-12-09
ST25,SKU04387,34,37,11,2025-11-20
ST11,SKU01840,169,89,30,2025-12-31
ST10,SKU04733,13,35,14,2025-12-21
ST15,SKU03081,34,45,13,2025-11-01
ST07,SKU03140,1,29,12,2025-11-27
ST08,SKU01708,172,70,34,2025-12-24
ST25,SKU02570,396,92,21,2025-06-10
ST15,SKU01859,49,49,24,2025-12-08
ST27,SKU04928,34,70,25,2025-11-08
ST12,SKU02752,10,56,27,2025-12-05
ST24,SKU00926,129,62,30,2025-12-11
ST17,SKU01047,17,42,12,2025-12-16
ST20,SKU03601,60,64,29,2025-11-29
ST18,SKU02047,197,78,30,2025-12-15
ST03,SKU02663,7,58,29,2025-12-28
ST10,SKU00772,49,61,28,2025-11-02
ST09,SKU03518,275,95,33,2025-12-07
ST15,SKU01493,19,56,12,2025-11-01
ST23,SKU02559,27,77,27,2025-12-12
ST17,SKU04852,254,94,25,2025-12-15
ST01,SKU03759,208,77,17,2025-12-16
ST12,SKU04743,175,82,28,2025-11-19
ST24,SKU00047,54,26,12,2025-11-26
ST07,SKU00393,115,60,23,2025-12-21
ST25,SKU01621,185,100,38,2025-11-16
ST15,SKU04603,56,33,9,2025-12-13
ST11,SKU04264,167,60,20,2025-12-08
ST11,SKU01968,56,34,10,2025-12-23
ST12,SKU02926,44,21,6,2025-12-23
ST27,SKU04670,408,74,28,2025-07-13
ST17,SKU03730,112,84,29,2025-12-29
ST30,SKU04586,125,71,29,2025-12-19
ST28,SKU03281,388,77,24,2025-07-05
ST14,SKU01149,32,26,10,2025-12-23
ST06,SKU04750,2,76,37,2025-11-16
ST06,SKU03096,66,41,14,2025-12-10
ST04,SKU03735,106,51,24,2025-12-26
ST29,SKU00242,122,60,15,2025-11-23
ST17,SKU02856,64,62,17,2025-12-19
ST30,SKU02935,82,32,14,2025-12-05
ST26,SKU04556,59,77,38,2025-12-03
ST16,SKU02901,59,69,32,2025-11-05
ST08,SKU00628,42,20,9,2025-12-02
ST01,SKU02748,45,83,39,2025-11-28
ST26,SKU04778,0,44,16,2025-12-09
ST06,SKU03080,116,52,22,2025-11-02
ST22,SKU03433,42,90,36,2025-11-04
ST28,SKU00545,118,91,29,2025-11-07
ST18,SKU00867,49,34,7,2025-12-01
ST05,SKU02581,73,41,17,2025-11-16
ST09,SKU03581,62,48,22,2025-12-04
ST03,SKU01948,25,37,13,2025-11-29
ST09,SKU04489,0,26,6,2025-08-24
ST28,SKU00807,44,58,18,2025-12-03
ST10,SKU02133,56,41,13,2025-12-05
ST20,SKU00872,8,59,23,2025-11-28
ST14,SKU03168,30,57,25,2025-11-06
ST11,SKU01325,18,46,16,2025-12-04
ST02,SKU02641,116,91,29,2025-11-06
ST03,SKU00061,39,32,15,2025-12-27
ST28,SKU00609,37,75,27,2025-11-28
ST21,SKU03860,124,49,14,2025-11-04
ST22,SKU03101,98,66,29,2025-12-17
ST04,SKU04907,151,64,18,2025-12-13
ST14,SKU01486,143,80,37,2025-11-27
ST13,SKU03378,19,97,38,2025-12-19
ST23,SKU03132,123,67,15,2025-11-15
ST18,SKU00017,13,20,9,2025-11-28
ST03,SKU00083,27,27,9,2025-12-09
ST19,SKU04948,135,52,12,2025-12-31
ST07,SKU00411,135,67,23,2025-12-18
ST02,SKU02911,434,76,28,2025-07-22
ST06,SKU00809,35,83,37,2025-11-25
ST11,SKU00099,18,77,34,2025-12-31
ST20,SKU00210,117,84,25,2025-11-20
ST17,SKU04722,87,81,33,2025-11-22
ST14,SKU01102,83,35,12,2025-11-14
ST26,SKU01905,18,46,22,2025-12-26
ST25,SKU00006,74,71,35,2025-12-01
ST08,SKU02904,59,31,9,2025-12-15
ST16,SKU00308,98,35,8,2025-12-24
ST26,SKU04223,8,26,6,2025-12-07
ST04,SKU04507,69,27,8,2025-11-03
ST03,SKU04916,66,28,10,2025-11-04
ST10,SKU00688,46,25,10,2025-11-01
ST04,SKU03508,34,64,30,2025-12-02
ST19,SKU01186,95,63,17,2025-11-02
ST07,SKU03781,135,69,31,2025-11-23
ST17,SKU01887,5,25,6,2025-12-28
ST12,SKU00580,199,85,18,2025-12-16
ST04,SKU02831,57,20,9,2025-11-17
ST01,SKU00585,112,33,10,2025-06-08
ST14,SKU01469,71,60,23,2025-11-08
ST24,SKU04089,137,62,30,2025-12-16
ST30,SKU00787,122,90,27,2025-11-18
ST30,SKU03370,157,91,30,2025-11-15
ST08,SKU04171,5,88,26,2025-11-01
ST03,SKU04343,110,83,26,2025-12-04
ST01,SKU02542,166,56,23,2025-11-13
ST28,SKU04703,9,20,9,2025-12-17
ST08,SKU00727,69,28,13,2025-11-20
ST10,SKU01955,77,69,19,2025-11-23
ST08,SKU02625,52,63,22,2025-11-05
ST14,SKU02684,262,94,41,2025-12-13
ST21,SKU00062,0,32,16,2025-08-31
ST20,SKU00296,230,77,28,2025-11-19
ST23,SKU00973,50,30,10,2025-11-05
ST29,SKU04272,26,20,9,2025-12-18
ST24,SKU04694,25,31,14,2025-12-08
ST08,SKU02801,4,42,15,2025-12-17
ST01,SKU04604,148,64,16,2025-11-19
ST01,SKU03106,76,73,35,2025-12-25
ST01,SKU04164,83,37,11,2025-12-18
ST06,SKU01585,235,87,24,2025-11-23
ST22,SKU01590,47,54,20,2025-11-01
ST26,SKU01255,82,86,21,2025-12-30
ST21,SKU00133,182,61,30,2025-11-17
ST16,SKU04394,86,72,32,2025-12-05
ST13,SKU03885,239,98,27,2025-11-25
ST11,SKU03792,118,63,27,2025-11-14
ST23,SKU04324,3,27,13,2025-11-18
ST26,SKU00772,14,30,6,2025-11-20
ST10,SKU03598,93,48,11,2025-11-27
ST20,SKU01623,110,40,11,2025-12-18
ST05,SKU02895,7,93,46,2025-11-11
ST13,SKU00214,9,77,25,2025-12-17
ST02,SKU04904,39,52,22,2025-11-09
ST30,SKU02015,74,67,23,2025-11-25
ST09,SKU01456,41,66,22,2025-12-28
ST04,SKU00577,19,28,13,2025-11-13
ST16,SKU02612,32,85,23,2025-11-14
ST27,SKU02145,59,61,14,2025-12-25
ST28,SKU04985,110,79,32,2025-12-20
ST21,SKU02323,195,74,31,2025-11-21
ST18,SKU01778,91,74,28,2025-11-17
ST06,SKU03535,267,96,38,2025-11-20
ST27,SKU03358,62,36,10,2025-11-08
ST14,SKU02037,71,36,13,2025-12-07
ST12,SKU00344,201,73,34,2025-12-21
ST21,SKU00594,16,38,9,2025-12-04
ST18,SKU03156,131,83,19,2025-12-08
ST19,SKU04914,86,94,34,2025-12-27
ST29,SKU03967,152,53,21,2025-11-18
ST28,SKU02549,165,61,26,2025-12-12
ST27,SKU02360,152,92,40,2025-11-15
ST20,SKU03883,132,99,45,2025-12-31
ST05,SKU04498,56,65,29,2025-12-01
ST09,SKU00310,106,70,18,2025-11-20
ST23,SKU02115,167,83,38,2025-12-03
ST11,SKU02377,125,76,26,2025-12-29
ST21,SKU01488,70,28,10,2025-12-13
ST25,SKU01352,70,69,17,2025-11-02
ST17,SKU03687,15,34,13,2025-12-08
ST27,SKU03857,259,100,44,2025-11-28
ST30,SKU02647,83,89,24,2025-11-13
ST19,SKU01187,132,61,28,2025-12-20
ST08,SKU04398,5,23,6,2025-12-11
ST30,SKU02676,57,25,8,2025-11-02
ST03,SKU04871,0,25,8,2025-12-05
ST21,SKU00332,7,29,12,2025-12-30
ST12,SKU00478,36,96,39,2025-12-07
ST01,SKU02890,50,34,11,2025-11-10
ST06,SKU00117,12,23,10,2025-11-27
ST05,SKU04146,161,60,28,2025-12-12
ST16,SKU02199,119,68,28,2025-11-21
ST29,SKU01752,29,86,42,2025-12-25
ST25,SKU01471,105,63,26,2025-11-24
ST25,SKU00784,61,45,20,2025-12-17
ST25,SKU02320,165,65,22,2025-12-04
ST09,SKU04001,70,67,29,2025-11-18
ST06,SKU03534,32,72,24,2025-12-07
ST21,SKU02483,71,36,8,2025-12-22
ST09,SKU04296,70,26,7,2025-12-26
ST06,SKU00872,47,25,11,2025-11-30
ST03,SKU04942,213,86,24,2025-11-15
ST10,SKU01546,10,88,22,2025-11-03
ST01,SKU01434,53,70,23,2025-12-25
ST08,SKU02435,73,31,12,2025-11-08
ST07,SKU02121,19,77,31,2025-11-11
ST08,SKU04141,16,72,34,2025-12-06
ST05,SKU00754,196,75,16,2025-12-17
ST28,SKU01146,167,63,23,2025-12-07
ST29,SKU01744,150,58,16,2025-11-21
ST14,SKU00369,0,20,6,2025-08-25
ST22,SKU03485,22,26,6,2025-12-28
ST09,SKU03605,110,86,34,2025-11-28
ST16,SKU02709,75,57,28,2025-11-07
ST07,SKU02748,55,26,6,2025-11-11
ST11,SKU00245,29,72,16,2025-11-28
ST07,SKU00683,78,45,19,2025-11-08
ST03,SKU04254,88,60,29,2025-12-06
ST25,SKU00507,130,39,13,2025-08-18
ST21,SKU03702,16,20,7,2025-11-29
ST15,SKU04502,19,21,10,2025-11-06
ST24,SKU03023,178,96,29,2025-11-26
ST26,SKU01657,53,51,25,2025-11-18
ST14,SKU04985,36,20,6,2025-11-23
ST27,SKU03465,87,56,12,2025-12-25
ST16,SKU02110,107,36,15,2025-12-30
ST15,SKU03132,76,55,26,2025-12-02
ST13,SKU01206,199,92,22,2025-11-09
ST26,SKU04173,34,24,7,2025-11-15
ST30,SKU01429,36,27,6,2025-11-26
ST02,SKU04253,20,54,12,2025-12-29
ST27,SKU02807,166,75,20,2025-12-16
ST29,SKU01547,160,72,17,2025-12-08
ST12,SKU03543,31,66,33,2025-12-19
ST12,SKU04397,55,25,6,2025-12-02
ST10,SKU03533,3,25,11,2025-12-16
ST08,SKU02228,34,52,18,2025-11-27
ST29,SKU02107,13,62,31,2025-12-31
ST25,SKU03125,1,47,12,2025-11-19
ST27,SKU04360,38,59,17,2025-12-06
ST08,SKU03405,71,64,16,2025-11-27
ST26,SKU03515,205,86,21,2025-11-29
ST24,SKU00114,17,42,14,2025-12-26
ST24,SKU00334,33,24,10,2025-11-05
ST05,SKU01121,155,100,27,2025-12-03
ST08,SKU04861,90,48,19,2025-11-06
ST14,SKU00449,248,48,23,2025-05-16
ST11,SKU00962,141,81,30,2025-11-06
ST17,SKU01343,28,46,17,2025-12-31
ST28,SKU00242,138,79,19,2025-11-25
ST21,SKU03890,6,32,9,2025-11-09
ST30,SKU04156,0,64,21,2025-12-22
ST12,SKU02229,77,61,25,2025-11-26
ST27,SKU03654,210,93,29,2025-12-10
ST16,SKU04685,137,76,27,2025-11-12
ST04,SKU04896,152,99,42,2025-11-28
ST28,SKU01639,181,62,16,2025-11-13
ST24,SKU02220,81,43,12,2025-12-04
ST08,SKU01359,30,38,12,2025-11-17
ST12,SKU01253,45,37,15,2025-11-26
ST15,SKU04424,8,81,33,2025-11-11
ST03,SKU03587,99,47,22,2025-12-11
ST29,SKU04462,64,47,17,2025-12-24
ST09,SKU03723,220,100,36,2025-11-10
ST02,SKU04971,66,23,6,2025-12-07
ST02,SKU02600,6,27,11,2025-12-03
ST30,SKU03185,242,90,30,2025-12-23
ST06,SKU04481,52,64,27,2025-12-29
ST04,SKU03456,141,85,27,2025-12-25
ST10,SKU03855,54,23,10,2025-11-01
ST22,SKU02918,73,44,17,2025-12-17
ST08,SKU03971,46,29,7,2025-11-09
ST07,SKU00405,149,75,34,2025-12-03
ST21,SKU00157,18,66,22,2025-11-23
ST26,SKU03423,97,34,7,2025-11-21
ST30,SKU01915,313,77,30,2025-07-12
ST07,SKU01064,70,33,9,2025-12-08
ST13,SKU03601,210,92,40,2025-12-09
ST30,SKU01943,97,54,21,2025-12-05
ST29,SKU01625,156,60,25,2025-12-26
ST12,SKU01868,151,54,26,2025-12-08
ST17,SKU01320,176,70,19,2025-11-09
ST16,SKU03875,40,86,21,2025-12-15
ST02,SKU02816,67,90,38,2025-11-15
ST14,SKU02298,145,77,36,2025-12-22
ST17,SKU04613,46,28,12,2025-12-30
ST27,SKU04571,0,85,17,2025-08-15
ST12,SKU01415,73,83,24,2025-11-06
ST17,SKU02742,104,70,33,2025-11-03
ST05,SKU01630,67,23,11,2025-12-05
ST24,SKU00957,211,87,31,2025-11-14
ST17,SKU02380,63,29,10,2025-12-19
ST02,SKU03963,220,99,35,2025-11-23
ST22,SKU01846,3,29,7,2025-12-25
ST22,SKU04293,15,30,7,2025-11-01
ST05,SKU02142,105,63,28,2025-12-29
ST10,SKU03062,112,78,17,2025-11-16
ST16,SKU04573,63,92,37,2025-11-26
ST30,SKU01791,62,34,15,2025-11-04
ST02,SKU02534,147,28,12,2025-08-15
ST28,SKU01930,9,53,26,2025-12-28
ST12,SKU03005,122,73,18,2025-12-03
ST27,SKU03267,96,62,30,2025-12-10
ST13,SKU03161,41,88,23,2025-12-04
ST01,SKU04026,215,100,23,2025-11-09
ST24,SKU02512,11,50,18,2025-12-29
ST22,SKU04733,88,30,10,2025-12-21
ST14,SKU02016,1,26,12,2025-12-18
ST23,SKU02402,109,55,24,2025-11-26
ST23,SKU01456,52,56,14,2025-11-02
ST16,SKU03046,120,77,27,2025-12-09
ST18,SKU01596,26,29,14,2025-11-27
ST16,SKU03597,146,85,38,2025-11-22
ST19,SKU01358,32,58,25,2025-12-16
ST07,SKU02483,74,42,16,2025-12-04
ST09,SKU03475,253,86,37,2025-11-17
ST29,SKU01549,48,95,37,2025-11-02
ST20,SKU01309,216,92,46,2025-12-15
ST06,SKU04172,145,86,21,2025-11-17
ST09,SKU04223,84,70,25,2025-11-25
ST02,SKU00710,89,51,24,2025-11-10
ST12,SKU00230,93,50,19,2025-12-03
ST27,SKU02606,125,57,27,2025-12-14
ST21,SKU04405,30,56,18,2025-12-26
ST05,SKU00223,148,66,28,2025-12-02
ST06,SKU02436,168,42,18,2025-06-15
ST28,SKU03829,119,47,17,2025-12-25
ST17,SKU02894,18,22,6,2025-12-10
ST01,SKU00438,215,95,46,2025-11-30
ST13,SKU03338,61,81,28,2025-12-05
ST02,SKU00064,150,77,24,2025-11-28
ST30,SKU01774,78,43,13,2025-12-17
ST19,SKU00222,25,35,16,2025-12-31
ST04,SKU02065,137,47,22,2025-12-10
ST07,SKU02362,288,97,33,2025-11-04
ST21,SKU00219,195,68,20,2025-12-16
ST30,SKU00939,227,84,42,2025-11-18
ST28,SKU03538,164,70,18,2025-12-24
ST29,SKU01225,6,91,24,2025-12-06
ST25,SKU04418,40,47,18,2025-11-08
ST22,SKU03700,212,71,19,2025-11-01
ST04,SKU01989,65,35,16,2025-12-03
ST02,SKU04467,105,52,14,2025-11-27
ST24,SKU02649,26,28,8,2025-11-18
ST10,SKU03829,156,76,28,2025-11-22
ST14,SKU00368,92,92,31,2025-11-25
ST26,SKU01988,0,32,12,2025-08-29
ST16,SKU02454,61,22,6,2025-12-20
ST24,SKU03568,78,57,22,2025-11-27
ST03,SKU04985,240,98,20,2025-11-27
ST12,SKU01775,0,77,27,2025-09-10
ST27,SKU01104,24,41,16,2025-12-15
ST15,SKU00396,111,45,16,2025-12-02
ST22,SKU02100,93,47,15,2025-12-31
ST23,SKU00559,42,27,8,2025-12-11
ST20,SKU03130,112,59,18,2025-11-26
ST29,SKU04684,32,93,36,2025-11-01
ST23,SKU01498,193,75,17,2025-12-26
ST29,SKU01248,82,88,42,2025-12-16
ST05,SKU01333,27,27,6,2025-12-20
ST04,SKU00778,180,98,27,2025-12-11
ST17,SKU04957,42,85,31,2025-12-31
ST10,SKU01401,206,72,32,2025-12-15
ST14,SKU01996,65,78,38,2025-12-30
ST15,SKU01927,21,22,9,2025-11-17
ST23,SKU03402,112,61,25,2025-11-17
ST08,SKU00201,53,42,10,2025-12-02
ST05,SKU01554,116,63,31,2025-11-01
ST04,SKU00708,85,37,14,2025-11-07
ST29,SKU03985,11,21,7,2025-11-28
ST29,SKU03005,71,32,14,2025-12-12
ST23,SKU02297,43,56,14,2025-11-09
ST06,SKU00436,72,71,17,2025-11-27
ST18,SKU01861,103,46,20,2025-12-09
ST21,SKU04688,179,95,44,2025-11-30
ST19,SKU04022,86,51,10,2025-12-02
ST10,SKU04189,89,87,18,2025-11-08
ST05,SKU04566,402,97,21,2025-05-11
ST01,SKU04454,110,53,18,2025-11-12
ST16,SKU04282,193,90,41,2025-12-28
ST22,SKU04506,132,47,21,2025-11-09
ST14,SKU00545,127,64,20,2025-11-18
ST15,SKU04277,138,66,18,2025-11-14
ST15,SKU03193,61,41,17,2025-11-24
ST08,SKU01954,102,65,19,2025-11-06
ST20,SKU04151,96,42,8,2025-11-23
ST15,SKU02248,402,84,21,2025-08-26
ST19,SKU01114,45,78,35,2025-11-22
ST16,SKU04331,16,84,29,2025-11-05
ST27,SKU02517,265,94,45,2025-11-03
ST07,SKU00687,12,55,14,2025-12-25
ST03,SKU04350,0,27,7,2025-10-03
ST09,SKU04421,190,75,28,2025-11-20
ST11,SKU02927,97,93,38,2025-12-21
ST12,SKU04944,41,68,25,2025-12-30
ST24,SKU04494,5,62,16,2025-11-27
ST06,SKU00918,95,39,9,2025-11-24
ST20,SKU00581,30,21,7,2025-12-23
ST01,SKU04452,63,91,35,2025-12-29
ST13,SKU00676,69,25,6,2025-12-25
ST12,SKU03828,294,87,29,2025-08-26
ST07,SKU02428,63,82,37,2025-12-09
ST15,SKU02273,21,26,9,2025-12-02
ST12,SKU00141,97,66,16,2025-11-27
ST21,SKU01897,110,58,28,2025-12-29
ST25,SKU02107,131,45,11,2025-12-07
ST20,SKU03855,109,97,33,2025-12-27
ST10,SKU04299,143,74,36,2025-11-29
ST03,SKU03124,94,66,15,2025-12-20
ST02,SKU02154,193,77,25,2025-12-03
ST16,SKU04415,208,80,31,2025-11-03
ST23,SKU03057,0,99,20,2025-09-04
ST08,SKU02198,5,24,10,2025-12-30
ST05,SKU00713,27,47,14,2025-11-30
ST04,SKU03700,12,34,8,2025-12-01
ST24,SKU01218,66,76,28,2025-12-22
ST03,SKU04421,108,37,10,2025-12-31
ST29,SKU01820,155,66,17,2025-12-30
ST18,SKU04069,22,63,29,2025-12-28
ST04,SKU01947,230,81,26,2025-12-11
ST11,SKU03605,176,78,34,2025-11-08
ST15,SKU03686,48,97,44,2025-12-24
ST14,SKU04623,200,73,20,2025-11-09
ST08,SKU00948,37,22,11,2025-11-11
ST15,SKU04470,251,84,33,2025-12-24
ST28,SKU04845,152,54,18,2025-11-22
ST17,SKU02948,93,93,46,2025-11-18
ST04,SKU01941,98,36,8,2025-12-13
ST18,SKU02245,67,39,12,2025-12-21
ST09,SKU04881,53,69,14,2025-11-19
ST04,SKU01689,233,79,37,2025-12-22
ST25,SKU03116,12,84,41,2025-12-03
ST21,SKU00477,59,23,10,2025-11-17
ST06,SKU01548,12,92,29,2025-12-28
ST07,SKU04413,101,58,26,2025-12-12
ST19,SKU00445,0,84,33,2025-08-21
ST25,SKU03316,1,34,15,2025-11-03
ST04,SKU01256,7,75,27,2025-12-25
ST07,SKU03028,41,29,8,2025-11-23
ST25,SKU01569,41,39,18,2025-11-13
ST25,SKU00577,179,64,14,2025-11-19
ST21,SKU03871,171,79,33,2025-12-28
ST17,SKU03463,28,42,17,2025-11-02
ST06,SKU01856,41,49,12,2025-11-22
ST27,SKU03567,158,65,19,2025-12-10
ST20,SKU00288,165,56,17,2025-12-30
ST09,SKU03732,115,86,41,2025-11-13
ST12,SKU00267,61,87,26,2025-12-09
ST12,SKU00633,139,71,23,2025-12-25
ST26,SKU01318,234,66,17,2025-08-23
ST29,SKU02773,74,37,13,2025-11-06
ST24,SKU03012,3,73,30,2025-12-29
ST19,SKU02516,138,48,14,2025-12-09
ST16,SKU01844,9,92,42,2025-12-09
ST09,SKU01459,121,90,31,2025-12-14
ST10,SKU02937,83,47,12,2025-11-09
ST19,SKU04832,62,26,7,2025-11-13
ST12,SKU04120,18,36,9,2025-11-15
ST23,SKU03093,49,27,11,2025-12-27
ST12,SKU04950,45,79,39,2025-11-13
ST10,SKU03784,65,75,37,2025-11-05
ST01,SKU03003,125,65,20,2025-12-08
ST17,SKU03213,9,97,39,2025-12-04
ST29,SKU01203,49,73,34,2025-11-09
ST20,SKU03641,27,73,25,2025-12-01
ST15,SKU02990,30,98,24,2025-11-23
ST06,SKU02402,62,23,11,2025-12-25
ST07,SKU03597,210,96,30,2025-11-14
ST21,SKU00227,29,78,22,2025-12-12
ST13,SKU04878,112,40,10,2025-11-02
ST04,SKU01003,91,60,29,2025-11-06
ST24,SKU02367,122,58,24,2025-11-25
ST17,SKU04699,63,39,11,2025-11-27
ST06,SKU00131,156,54,23,2025-12-08
ST01,SKU01211,37,35,15,2025-11-12
ST07,SKU03468,20,88,44,2025-11-28
ST24,SKU03727,102,45,12,2025-11-24
ST02,SKU01314,82,39,12,2025-12-19
ST16,SKU04300,5,21,4,2025-12-21
ST09,SKU00931,9,25,7,2025-12-21
ST12,SKU03372,110,41,11,2025-12-06
ST02,SKU00430,13,81,23,2025-11-09
ST03,SKU02478,97,90,29,2025-11-15
ST11,SKU01521,204,96,39,2025-12-16
ST22,SKU04336,184,92,35,2025-12-18
ST11,SKU03736,9,28,9,2025-12-20
ST23,SKU00884,53,69,22,2025-11-07
ST05,SKU02860,60,21,6,2025-11-29
ST22,SKU04651,53,34,8,2025-12-12
ST12,SKU02635,152,84,33,2025-11-16
ST08,SKU02828,103,60,27,2025-12-15
ST27,SKU00824,35,91,35,2025-12-24
ST11,SKU04187,69,70,33,2025-11-07
ST10,SKU00070,151,57,22,2025-11-25
ST11,SKU00302,163,89,27,2025-11-23
ST05,SKU03183,47,65,32,2025-11-13
ST07,SKU00705,86,68,15,2025-12-25
ST05,SKU02916,17,60,27,2025-12-10
ST18,SKU02936,104,54,21,2025-12-15
ST09,SKU03419,38,77,32,2025-11-08
ST27,SKU03754,7,86,23,2025-12-20
ST23,SKU03111,133,75,34,2025-12-10
ST09,SKU01061,84,42,10,2025-12-17
ST15,SKU03299,5,24,11,2025-11-16
ST21,SKU02364,38,44,18,2025-11-17
ST03,SKU04340,158,58,28,2025-11-08
ST18,SKU04455,271,98,36,2025-11-16
ST04,SKU04584,103,39,10,2025-12-01
ST03,SKU02981,91,34,9,2025-11-25
ST23,SKU03988,35,46,16,2025-11-06
ST23,SKU00773,120,87,32,2025-11-10
ST22,SKU03367,169,58,26,2025-11-11
ST16,SKU04049,53,44,20,2025-11-23
ST25,SKU03439,43,46,19,2025-12-24
ST13,SKU00722,91,39,10,2025-12-31
ST07,SKU03540,57,32,7,2025-12-22
ST16,SKU04137,55,79,26,2025-12-19
ST23,SKU04733,75,47,10,2025-11-05
ST26,SKU02283,37,34,13,2025-12-08
ST15,SKU01343,57,82,38,2025-12-31
ST05,SKU02766,99,37,13,2025-11-29
ST26,SKU00181,109,70,22,2025-12-24
ST12,SKU03327,105,49,19,2025-12-06
ST21,SKU01425,56,41,17,2025-12-02
ST05,SKU00984,20,23,10,2025-11-27
ST08,SKU01502,218,87,24,2025-11-03
ST23,SKU04841,123,50,17,2025-12-21
ST05,SKU01915,465,94,30,2025-09-01
ST10,SKU02197,14,46,14,2025-11-10
ST06,SKU01001,67,41,11,2025-11-20
ST17,SKU01626,103,67,29,2025-11-29
ST25,SKU00680,29,81,19,2025-12-04
ST11,SKU03591,123,69,26,2025-11-09
ST30,SKU01908,58,22,7,2025-12-30
ST18,SKU00819,238,98,21,2025-11-26
ST12,SKU00865,221,97,27,2025-12-04
ST17,SKU03442,102,40,10,2025-11-21
ST13,SKU02219,8,25,5,2025-11-18
ST13,SKU02874,51,41,19,2025-11-26
ST05,SKU03362,358,91,19,2025-05-07
ST26,SKU02463,448,89,18,2025-06-23
ST22,SKU02912,25,63,20,2025-12-01
ST05,SKU02813,245,92,31,2025-12-18
ST01,SKU02674,134,46,22,2025-12-23
ST20,SKU02446,150,28,11,2025-07-27
ST23,SKU04347,213,99,25,2025-12-30
ST18,SKU00664,9,49,19,2025-11-06
ST15,SKU00939,70,82,25,2025-12-24
ST05,SKU02169,155,63,20,2025-11-11
ST15,SKU01268,203,79,26,2025-11-15
ST17,SKU02858,165,87,41,2025-12-28
ST23,SKU00765,208,75,32,2025-11-12
ST08,SKU02697,4,47,12,2025-12-09
ST13,SKU00811,189,73,21,2025-12-25
ST24,SKU04904,194,67,17,2025-12-30
ST17,SKU01351,163,71,29,2025-12-18
ST23,SKU02272,71,27,10,2025-12-04
ST30,SKU02831,102,85,40,2025-11-06
ST14,SKU00028,166,73,21,2025-12-14
ST26,SKU04500,35,37,17,2025-11-18
ST08,SKU00669,115,69,17,2025-11-18
ST02,SKU00993,64,29,6,2025-12-21
ST11,SKU04458,29,90,19,2025-11-27
ST15,SKU04109,59,63,29,2025-12-25
ST11,SKU00861,24,53,26,2025-12-26
ST08,SKU03665,164,92,29,2025-12-20
ST05,SKU01228,67,30,8,2025-11-26
ST10,SKU04121,29,68,23,2025-12-15
ST04,SKU03487,95,54,19,2025-12-01
ST06,SKU04832,10,69,20,2025-11-26
ST01,SKU03853,14,23,8,2025-11-30
ST22,SKU01623,225,82,33,2025-11-05
ST07,SKU04011,52,78,32,2025-12-25
ST21,SKU03515,177,75,25,2025-11-20
ST09,SKU02358,118,84,24,2025-12-02
ST29,SKU00173,120,32,9,2025-06-17
ST28,SKU01196,100,44,15,2025-12-30
ST29,SKU01546,25,38,18,2025-12-27
ST20,SKU04497,4,80,22,2025-12-18
ST29,SKU02512,127,47,22,2025-12-14
ST25,SKU02525,41,47,22,2025-11-05
ST30,SKU04299,171,88,31,2025-11-18
ST24,SKU01800,45,64,26,2025-12-15
ST17,SKU00242,39,75,23,2025-11-27
ST08,SKU04572,112,58,14,2025-12-07
ST14,SKU00775,438,77,29,2025-08-06
ST28,SKU00921,86,81,26,2025-11-07
ST28,SKU04584,2,41,18,2025-11-26
ST21,SKU02603,73,50,15,2025-11-13
ST03,SKU02284,212,73,27,2025-11-24
ST03,SKU03674,43,49,17,2025-11-14
ST06,SKU04859,152,73,16,2025-11-17
ST13,SKU02010,13,52,21,2025-12-24
ST28,SKU00185,225,82,35,2025-12-17
ST03,SKU03757,26,34,7,2025-12-09
ST27,SKU02702,58,98,31,2025-11-21
ST19,SKU04983,18,50,14,2025-12-18
ST13,SKU03040,250,91,27,2025-11-22
ST07,SKU00337,33,64,18,2025-12-19
ST08,SKU04506,46,73,21,2025-11-20
ST01,SKU02007,204,72,21,2025-12-27
ST04,SKU01249,1,66,22,2025-12-10
ST23,SKU03986,100,41,20,2025-11-15
ST06,SKU00266,68,96,41,2025-12-10
ST07,SKU04703,33,60,16,2025-12-08
ST01,SKU00733,16,50,15,2025-12-14
ST01,SKU00313,128,93,46,2025-11-19
ST06,SKU04091,54,56,26,2025-11-06
ST02,SKU04072,55,81,21,2025-11-09
ST15,SKU00852,24,39,13,2025-12-16
ST28,SKU03495,40,34,12,2025-12-29
ST06,SKU02357,206,80,31,2025-11-13
ST29,SKU00840,243,85,30,2025-11-08
ST30,SKU02556,19,64,15,2025-11-26
ST11,SKU01097,54,65,32,2025-12-19
ST21,SKU00586,17,55,16,2025-11-10
ST06,SKU04071,80,40,12,2025-11-22
ST11,SKU01268,96,38,14,2025-11-27
ST06,SKU04604,2,88,18,2025-11-07
ST13,SKU00162,84,57,20,2025-12-29
ST30,SKU00851,15,81,29,2025-12-02
ST18,SKU01157,193,69,24,2025-11-02
ST13,SKU03203,39,64,20,2025-12-18
ST14,SKU04370,145,76,35,2025-12-11
ST23,SKU00273,87,79,26,2025-12-25
ST01,SKU02487,110,93,28,2025-11-20
ST07,SKU00130,47,47,21,2025-12-20
ST26,SKU04304,61,52,22,2025-12-28
ST24,SKU04551,93,62,18,2025-11-16
ST20,SKU00249,71,44,16,2025-11-09
ST05,SKU01638,52,22,7,2025-11-01
ST28,SKU00492,160,80,29,2025-12-28
ST06,SKU01342,96,47,11,2025-11-26
ST08,SKU01082,131,53,24,2025-12-22
ST15,SKU01029,28,26,8,2025-12-20
ST16,SKU04186,197,69,15,2025-12-21
ST12,SKU02353,151,98,20,2025-12-30
ST10,SKU02674,53,73,31,2025-12-11
ST26,SKU00492,4,29,11,2025-12-20
ST21,SKU02201,56,22,9,2025-12-31
ST15,SKU04383,70,54,22,2025-12-01
ST20,SKU00982,121,80,18,2025-11-06
ST22,SKU01142,11,20,7,2025-12-01
ST26,SKU01819,161,94,44,2025-11-10
ST04,SKU00887,97,81,36,2025-12-16
ST01,SKU00138,33,34,10,2025-12-13
ST23,SKU02371,56,26,10,2025-11-21
ST14,SKU04150,93,74,25,2025-11-19
ST25,SKU03918,136,71,32,2025-11-23
ST06,SKU04792,91,67,32,2025-12-18
ST03,SKU01827,97,30,11,2025-07-16
ST09,SKU04447,71,39,12,2025-11-26
ST15,SKU03377,52,40,12,2025-12-15
ST28,SKU04625,27,32,9,2025-12-29
ST08,SKU01394,64,49,14,2025-12-16
ST10,SKU04837,92,31,10,2025-11-23
ST14,SKU03936,60,59,13,2025-11-27
ST16,SKU01178,1,20,7,2025-12-30
ST21,SKU02083,3,68,17,2025-11-11
ST09,SKU00527,96,51,14,2025-11-12
ST22,SKU00909,5,64,29,2025-11-06
ST21,SKU00450,7,55,19,2025-11-04
ST18,SKU03189,88,44,16,2025-11-14
ST27,SKU03584,115,61,26,2025-12-10
ST16,SKU00337,197,91,28,2025-11-10
ST04,SKU01155,277,100,24,2025-11-12
ST12,SKU01938,67,47,13,2025-12-02
ST05,SKU01049,85,32,10,2025-11-01
ST15,SKU04464,171,98,32,2025-12-13
ST06,SKU01006,213,81,20,2025-12-04
ST07,SKU04930,216,73,34,2025-12-15
ST25,SKU02887,67,97,44,2025-12-27
ST18,SKU00149,87,40,9,2025-11-21
ST27,SKU01940,227,86,28,2025-11-28
ST17,SKU00360,4,52,13,2025-11-17
ST10,SKU03489,1,47,12,2025-12-06
ST11,SKU03811,39,62,30,2025-12-14
ST27,SKU04521,26,54,14,2025-11-05
ST07,SKU01893,118,87,27,2025-12-22
ST14,SKU02010,167,62,27,2025-11-07
ST15,SKU03721,141,53,12,2025-11-15
ST15,SKU04335,28,84,33,2025-11-06
ST23,SKU04544,245,95,38,2025-12-16
ST26,SKU01168,16,35,16,2025-11-22
ST08,SKU04079,70,67,21,2025-12-01
ST25,SKU02442,91,50,19,2025-12-01
ST28,SKU03857,28,34,13,2025-12-27
ST11,SKU04807,47,56,22,2025-11-09
ST18,SKU00490,58,67,26,2025-11-05
ST17,SKU03588,92,69,30,2025-12-21
ST10,SKU04160,118,27,6,2025-07-28
ST30,SKU01445,139,76,17,2025-12-29
ST21,SKU01697,57,51,15,2025-12-16
ST09,SKU01314,105,57,26,2025-12-11
ST20,SKU04463,16,39,10,2025-12-27
ST14,SKU00875,164,76,15,2025-11-23
ST19,SKU00713,93,65,21,2025-11-07
ST23,SKU04630,7,23,6,2025-12-28
ST07,SKU04765,178,90,19,2025-11-03
ST30,SKU03417,114,61,23,2025-11-26
ST01,SKU02424,230,95,28,2025-12-09
ST24,SKU00854,208,77,24,2025-11-19
ST05,SKU00881,188,100,26,2025-12-30
ST28,SKU03904,34,28,12,2025-11-08
ST13,SKU04614,53,23,8,2025-11-09
ST15,SKU02556,173,76,23,2025-11-11
ST27,SKU04701,115,43,19,2025-11-05
ST01,SKU03575,176,77,20,2025-12-06
ST09,SKU03048,89,49,16,2025-11-03
ST14,SKU04845,129,76,28,2025-12-18
ST19,SKU04943,89,52,26,2025-12-19
ST07,SKU00975,140,99,31,2025-12-25
ST13,SKU00418,89,43,18,2025-11-17
ST03,SKU03400,242,93,27,2025-12-01
ST01,SKU02804,45,71,15,2025-12-16
ST02,SKU02798,165,89,29,2025-12-25
ST29,SKU03487,153,80,24,2025-12-17
ST12,SKU00006,58,26,12,2025-11-23
ST03,SKU04802,169,91,33,2025-11-22
ST17,SKU04022,88,97,24,2025-12-20
ST11,SKU01403,18,98,36,2025-11-18
ST30,SKU00226,93,91,33,2025-12-19
ST06,SKU00016,27,26,10,2025-11-24
ST07,SKU03650,117,66,32,2025-12-19
ST11,SKU01619,179,83,33,2025-12-26
ST28,SKU01109,218,83,30,2025-11-28
ST28,SKU00607,27,31,13,2025-12-09
ST15,SKU01315,167,83,32,2025-12-27
ST30,SKU03706,19,33,8,2025-12-01
ST24,SKU04777,3,84,42,2025-11-08
ST11,SKU00488,198,95,47,2025-12-27
ST26,SKU04001,128,76,34,2025-11-06
ST19,SKU01634,138,51,11,2025-12-09
ST02,SKU00035,128,70,23,2025-12-21
ST20,SKU00876,105,41,18,2025-12-09
ST07,SKU00382,193,65,24,2025-12-03
ST25,SKU04520,37,29,7,2025-11-20
ST19,SKU01266,88,80,17,2025-11-03
ST20,SKU03185,12,47,14,2025-11-26
ST28,SKU04805,231,87,24,2025-12-09
ST12,SKU04707,100,35,7,2025-12-06
ST05,SKU00163,179,60,23,2025-11-28
ST21,SKU02558,99,99,40,2025-12-30
ST05,SKU03961,315,57,24,2025-08-09
ST28,SKU04178,30,57,19,2025-11-17
ST19,SKU03984,145,91,45,2025-11-14
ST29,SKU03077,12,20,9,2025-11-16
ST21,SKU00147,14,43,17,2025-12-22
ST25,SKU01968,24,91,22,2025-12-10
ST13,SKU01544,10,22,10,2025-12-19
ST12,SKU01328,73,53,13,2025-11-02
ST14,SKU02811,25,28,7,2025-12-15
ST26,SKU04365,142,83,36,2025-11-02
ST23,SKU03848,83,57,23,2025-12-25
ST15,SKU00306,131,79,23,2025-12-17
ST15,SKU03930,33,28,8,2025-11-01
ST11,SKU00027,4,29,9,2025-11-21
ST30,SKU00135,105,100,45,2025-11-05
ST11,SKU02645,158,91,19,2025-11-26
ST17,SKU03086,94,83,33,2025-11-09
ST04,SKU03802,23,53,15,2025-11-25
ST11,SKU04322,44,43,10,2025-12-17
ST10,SKU01065,16,39,10,2025-11-11
ST05,SKU00885,138,47,16,2025-11-26
ST29,SKU02688,48,34,7,2025-11-04
ST29,SKU02673,144,53,15,2025-11-13
ST19,SKU00719,37,80,40,2025-12-22
ST20,SKU01697,32,26,10,2025-11-08
ST19,SKU00581,119,86,20,2025-11-16
ST06,SKU01905,43,38,16,2025-12-17
ST27,SKU00840,66,73,32,2025-12-30
ST02,SKU01005,37,20,7,2025-12-06
ST29,SKU02825,73,26,10,2025-12-14
ST24,SKU01869,200,77,26,2025-12-28
ST29,SKU03396,43,21,6,2025-12-01
ST26,SKU01692,41,23,11,2025-11-29
ST05,SKU01254,95,86,19,2025-11-02
ST16,SKU02169,60,36,17,2025-11-16
ST04,SKU03506,89,34,16,2025-11-10
ST20,SKU01629,227,83,17,2025-12-02
ST21,SKU04903,69,47,18,2025-11-22
ST07,SKU00242,119,57,26,2025-12-05
ST27,SKU03246,64,38,14,2025-11-07
ST24,SKU00835,0,65,28,2025-12-12
ST16,SKU01405,82,42,16,2025-12-04
ST07,SKU01781,230,76,16,2025-06-09
ST30,SKU01577,35,88,24,2025-12-29
ST22,SKU00785,125,100,43,2025-11-17
ST22,SKU00118,80,33,10,2025-11-21
ST07,SKU04803,41,40,18,2025-12-11
ST12,SKU04440,189,99,25,2025-11-22
ST03,SKU02373,27,55,18,2025-12-30
ST29,SKU03009,225,78,18,2025-11-19
ST16,SKU01849,19,70,17,2025-12-10
ST19,SKU02385,18,31,12,2025-12-22
ST18,SKU03551,95,67,24,2025-11-13
ST05,SKU00364,74,25,10,2025-11-05
ST01,SKU01150,4,20,7,2025-11-25
ST11,SKU00717,114,93,42,2025-12-22
ST19,SKU02442,37,20,8,2025-11-21
ST21,SKU03687,6,95,25,2025-12-12
ST29,SKU01162,132,73,28,2025-11-10
ST07,SKU01635,8,26,6,2025-12-16
ST27,SKU02015,36,27,10,2025-12-24
ST07,SKU02037,48,57,16,2025-12-30
ST18,SKU04199,172,72,17,2025-11-01
ST16,SKU02000,134,86,30,2025-12-07
ST17,SKU04918,134,74,29,2025-12-06
ST03,SKU02051,60,62,29,2025-12-20
ST14,SKU03061,58,91,20,2025-12-21
ST30,SKU02052,42,22,9,2025-11-28
ST25,SKU00424,45,58,24,2025-11-27
ST24,SKU03669,20,64,24,2025-12-19
ST03,SKU03448,33,86,31,2025-11-21
ST27,SKU03716,112,94,19,2025-12-30
ST12,SKU00870,119,51,22,2025-11-22
ST10,SKU04205,127,90,33,2025-11-14
ST11,SKU03187,279,94,31,2025-12-16
ST19,SKU01529,5,23,9,2025-12-09
ST28,SKU04873,13,27,11,2025-12-18
ST22,SKU04649,10,38,9,2025-12-29
ST30,SKU03229,68,62,28,2025-12-27
ST05,SKU01718,32,81,24,2025-12-28
ST04,SKU00603,226,92,33,2025-12-06
ST24,SKU03170,71,91,45,2025-12-10
ST19,SKU01698,20,61,13,2025-11-30
ST05,SKU04639,61,75,21,2025-12-22
ST29,SKU01683,249,85,34,2025-12-25
ST07,SKU01387,129,59,24,2025-11-17
ST07,SKU01188,137,57,13,2025-12-19
ST29,SKU02953,29,85,37,2025-12-22
ST10,SKU01335,132,52,18,2025-12-10
ST11,SKU03147,79,38,11,2025-11-06
ST09,SKU03641,36,68,20,2025-11-05
ST28,SKU00361,153,95,41,2025-11-10
ST24,SKU01468,174,93,33,2025-12-17
ST01,SKU04581,110,80,34,2025-11-20
ST12,SKU04811,25,92,37,2025-11-14
ST21,SKU01429,61,44,10,2025-11-21
ST19,SKU04194,119,78,16,2025-12-15
ST30,SKU01509,90,40,12,2025-12-02
ST24,SKU01365,89,63,31,2025-12-21
ST20,SKU03394,75,52,13,2025-12-15
ST25,SKU02661,56,59,14,2025-12-14
ST09,SKU00254,79,32,9,2025-12-23
ST24,SKU03318,58,54,23,2025-12-26
ST26,SKU04731,107,58,23,2025-12-10
ST11,SKU00916,282,95,41,2025-12-06
ST18,SKU04098,73,52,11,2025-12-11
ST18,SKU01479,182,81,37,2025-12-29
ST15,SKU04989,154,94,31,2025-12-02
ST16,SKU04802,111,41,14,2025-11-29
ST27,SKU04014,54,24,11,2025-11-23
ST13,SKU01107,66,93,45,2025-12-02
ST03,SKU03686,212,80,17,2025-11-29
ST03,SKU00366,23,26,7,2025-11-18
ST02,SKU01020,0,64,13,2025-12-03
ST19,SKU00673,24,29,7,2025-12-30
ST23,SKU02296,86,32,10,2025-11-13
ST25,SKU02136,83,72,17,2025-12-12
ST06,SKU02706,29,89,23,2025-12-04
ST17,SKU00632,11,60,25,2025-11-02
ST29,SKU01571,14,32,15,2025-12-27
ST17,SKU02531,0,46,14,2025-08-16
ST06,SKU03054,16,98,33,2025-12-21
ST12,SKU04157,58,57,14,2025-12-04
ST23,SKU01870,152,94,26,2025-12-18
ST02,SKU04984,150,58,17,2025-11-04
ST28,SKU02889,64,55,14,2025-12-22
ST27,SKU03495,132,75,31,2025-12-02
ST20,SKU02593,57,39,19,2025-12-05
ST19,SKU02418,28,36,17,2025-12-30
ST28,SKU03561,87,37,9,2025-11-12
ST14,SKU00438,125,78,39,2025-12-15
ST01,SKU01533,15,66,14,2025-11-20
ST16,SKU00829,34,69,15,2025-11-13
ST20,SKU02747,101,80,36,2025-12-13
ST20,SKU02238,19,20,9,2025-11-15
ST15,SKU01369,141,74,36,2025-12-13
ST06,SKU04418,126,61,14,2025-12-19
ST20,SKU02663,31,27,13,2025-11-26
ST19,SKU02732,16,26,12,2025-12-16
ST20,SKU01222,12,95,46,2025-12-18
ST26,SKU04717,130,59,27,2025-11-19
ST05,SKU04823,13,31,7,2025-12-30
ST19,SKU00405,117,43,16,2025-12-14
ST06,SKU00125,59,39,9,2025-12-26
ST13,SKU00458,35,62,21,2025-12-17
ST25,SKU00799,208,72,17,2025-11-27
ST01,SKU04873,36,51,16,2025-12-14
ST22,SKU01916,243,95,44,2025-11-10
ST23,SKU02920,107,53,15,2025-12-14
ST23,SKU00566,28,69,18,2025-11-10
ST30,SKU01006,124,50,18,2025-11-02
ST25,SKU02056,105,41,13,2025-12-08
ST01,SKU01756,223,83,41,2025-12-10
ST13,SKU02289,4,57,22,2025-11-19
ST17,SKU00443,105,51,20,2025-12-31
ST20,SKU03899,142,62,17,2025-11-01
ST20,SKU01798,106,56,15,2025-12-11
ST17,SKU00146,225,89,18,2025-11-11
ST08,SKU02345,122,81,36,2025-11-17
ST23,SKU02688,67,36,8,2025-11-09
ST16,SKU03618,126,72,30,2025-12-22
ST12,SKU01108,227,100,36,2025-12-31
ST21,SKU04895,2,34,8,2025-12-01
ST29,SKU02465,91,82,23,2025-12-16
ST25,SKU02378,60,84,21,2025-12-28
ST14,SKU00403,89,82,32,2025-11-03
ST23,SKU00767,301,72,28,2025-08-15
ST29,SKU04504,205,69,16,2025-11-03
ST06,SKU01902,140,61,17,2025-11-24
ST25,SKU00677,56,84,22,2025-11-25
ST24,SKU03433,25,66,30,2025-11-17
ST26,SKU02071,45,84,40,2025-11-19
ST08,SKU04932,38,67,18,2025-12-16
ST26,SKU04543,199,88,38,2025-12-17
ST03,SKU04369,3,58,13,2025-11-24
ST25,SKU03942,70,32,9,2025-12-21
ST08,SKU00681,8,33,10,2025-12-05
ST05,SKU03996,95,70,30,2025-11-05
ST20,SKU00681,125,54,14,2025-12-23
ST01,SKU00542,232,94,44,2025-11-08
ST28,SKU00184,96,33,15,2025-11-17
ST09,SKU03762,34,41,19,2025-12-19
ST10,SKU03290,330,91,42,2025-06-04
ST11,SKU02851,68,30,10,2025-12-12
ST01,SKU03029,231,99,27,2025-11-03
ST04,SKU01793,171,73,36,2025-12-16
ST06,SKU00334,138,86,21,2025-11-30
ST22,SKU02859,101,37,15,2025-11-23
ST03,SKU02944,133,85,23,2025-12-10
ST20,SKU03778,23,25,10,2025-12-13
ST01,SKU00275,9,33,16,2025-11-05
ST30,SKU01242,122,43,14,2025-11-06
ST14,SKU01395,42,43,19,2025-12-19
ST08,SKU04552,154,58,20,2025-12-24
ST24,SKU03613,92,49,21,2025-11-21
ST11,SKU04852,57,73,26,2025-12-01
ST07,SKU03600,271,62,19,2025-05-23
ST18,SKU00321,110,54,18,2025-11-08
ST14,SKU01355,197,71,21,2025-11-03
ST16,SKU01119,54,92,36,2025-11-13
ST01,SKU03447,50,40,20,2025-11-09
ST12,SKU01492,25,47,15,2025-12-18
ST25,SKU02395,121,65,24,2025-11-23
ST30,SKU02716,206,85,23,2025-12-14
ST16,SKU02922,54,78,29,2025-11-21
ST25,SKU00351,151,88,27,2025-12-07
ST15,SKU00266,31,37,18,2025-12-13
ST25,SKU04774,56,35,15,2025-12-01
ST06,SKU04484,261,93,36,2025-12-16
ST16,SKU01437,124,54,19,2025-11-16
ST30,SKU01001,94,58,21,2025-12-19
ST26,SKU04968,60,38,9,2025-11-18
ST17,SKU00069,486,85,18,2025-07-05
ST28,SKU01241,187,70,27,2025-12-31
ST30,SKU03337,142,52,20,2025-12-21
ST10,SKU01110,26,23,6,2025-12-04
ST07,SKU02156,133,57,25,2025-12-28
ST03,SKU00572,198,71,16,2025-12-11
ST05,SKU02927,253,86,36,2025-11-20
ST29,SKU00073,126,60,22,2025-11-13
ST06,SKU02317,42,42,13,2025-11-24
ST11,SKU04475,283,75,35,2025-07-25
ST03,SKU04810,9,31,13,2025-11-13
ST24,SKU03570,111,62,30,2025-12-18
ST17,SKU01028,11,96,28,2025-12-06
ST27,SKU02148,129,50,19,2025-11-24
ST24,SKU00944,52,65,28,2025-12-12
ST29,SKU04360,192,88,31,2025-11-25
ST01,SKU00192,116,47,22,2025-11-18
ST09,SKU00243,53,28,8,2025-11-15
ST02,SKU02923,43,60,24,2025-12-30
ST07,SKU01321,138,80,30,2025-12-19
ST26,SKU01450,38,63,25,2025-11-26
ST21,SKU01772,118,63,22,2025-11-19
ST21,SKU03236,17,78,34,2025-11-06
ST18,SKU02412,17,27,11,2025-12-18
ST27,SKU00684,249,89,33,2025-12-18
ST23,SKU01757,51,77,16,2025-11-30
ST15,SKU00828,114,45,14,2025-12-06
ST20,SKU01114,79,33,8,2025-12-16
ST29,SKU04429,20,58,12,2025-12-05
ST14,SKU03870,0,85,38,2025-08-26
ST24,SKU03830,36,28,8,2025-11-16
ST11,SKU04864,63,28,14,2025-12-01
ST28,SKU04375,116,84,34,2025-11-02
ST15,SKU01334,7,92,21,2025-12-05
ST23,SKU00298,151,51,13,2025-11-24
ST20,SKU03109,14,31,14,2025-11-02
ST02,SKU00351,12,41,14,2025-12-16
ST19,SKU01834,212,43,9,2025-06-13
ST23,SKU04129,175,76,24,2025-12-19
ST11,SKU02216,39,63,25,2025-11-10
ST16,SKU02442,20,73,25,2025-12-23
ST03,SKU02984,54,61,25,2025-12-21
ST17,SKU03850,57,20,5,2025-11-01
ST05,SKU03171,0,30,10,2025-08-30
ST21,SKU04962,166,86,23,2025-12-09
ST15,SKU03655,94,78,27,2025-12-23
ST23,SKU01346,50,44,12,2025-11-11
ST03,SKU01812,55,21,9,2025-11-11
ST28,SKU02917,41,82,16,2025-12-10
ST07,SKU01124,148,87,43,2025-11-10
ST02,SKU04592,156,57,13,2025-11-04
ST24,SKU02048,28,84,35,2025-12-31
ST07,SKU03567,102,40,15,2025-12-30
ST20,SKU03869,46,34,15,2025-12-18
ST21,SKU03020,218,94,45,2025-11-08
ST08,SKU01188,67,45,17,2025-11-20
ST18,SKU02138,43,49,14,2025-12-25
ST27,SKU04422,41,70,20,2025-12-31
ST14,SKU01072,14,96,31,2025-11-08
ST15,SKU00748,54,22,7,2025-12-07
ST21,SKU00606,197,88,39,2025-12-24
ST28,SKU01808,99,87,41,2025-11-04
ST03,SKU02905,56,52,19,2025-12-25
ST15,SKU03810,180,93,27,2025-11-02
ST17,SKU03314,189,80,29,2025-12-10
ST25,SKU01637,11,54,22,2025-11-10
ST26,SKU00441,191,77,37,2025-11-13
ST15,SKU03699,42,86,27,2025-12-22
ST19,SKU03556,15,32,15,2025-12-14
ST18,SKU02597,94,42,16,2025-12-23
ST11,SKU04522,168,61,28,2025-12-13
ST16,SKU02600,105,77,35,2025-11-10
ST30,SKU03971,92,60,17,2025-11-05
ST07,SKU04057,68,86,32,2025-12-26
ST10,SKU01512,30,36,9,2025-12-26
ST13,SKU03862,38,28,11,2025-12-16
ST05,SKU02283,117,87,23,2025-11-18
ST18,SKU04810,5,85,23,2025-12-16
ST04,SKU04614,7,46,13,2025-12-22
ST06,SKU03302,74,50,25,2025-11-21
ST26,SKU03944,107,98,35,2025-12-16
ST05,SKU00326,162,75,23,2025-12-20
ST17,SKU03604,43,51,18,2025-11-20
ST26,SKU03664,36,24,10,2025-12-01
ST15,SKU01183,25,24,8,2025-12-14
ST17,SKU04176,10,25,8,2025-12-31
ST16,SKU01672,106,67,20,2025-11-04
ST13,SKU01747,239,100,34,2025-11-26
ST28,SKU00098,224,83,20,2025-11-27
ST28,SKU03697,59,29,8,2025-11-03
ST25,SKU03222,0,69,24,2025-11-24
ST30,SKU01073,24,35,9,2025-11-12
ST05,SKU03278,17,24,10,2025-12-06
ST01,SKU03821,145,56,13,2025-12-18
ST18,SKU02194,409,84,36,2025-08-26
ST15,SKU02442,135,65,27,2025-12-25
ST18,SKU03736,43,80,38,2025-12-25
ST15,SKU02739,118,42,14,2025-11-05
ST12,SKU03368,90,36,10,2025-12-08
ST12,SKU01323,123,55,22,2025-11-06
ST28,SKU00756,197,80,37,2025-12-20
ST24,SKU04400,54,59,12,2025-11-25
ST17,SKU02800,63,24,8,2025-11-30
ST26,SKU01850,41,64,13,2025-11-12
ST24,SKU04866,125,79,19,2025-11-04
ST14,SKU02766,102,39,15,2025-11-15
ST21,SKU01913,44,49,20,2025-12-01
ST18,SKU04274,176,85,36,2025-12-24
ST26,SKU03117,43,64,30,2025-12-09
ST05,SKU04910,17,36,7,2025-12-11
ST16,SKU04509,19,47,19,2025-12-22
ST14,SKU01406,15,70,19,2025-12-07
ST07,SKU04209,131,59,25,2025-11-28
ST30,SKU03764,123,58,25,2025-11-16
ST15,SKU02132,64,79,22,2025-11-21
ST14,SKU01468,120,97,42,2025-11-14
ST17,SKU00479,57,22,5,2025-12-09
ST10,SKU04368,1,38,18,2025-11-02
ST08,SKU01386,94,92,41,2025-11-28
ST14,SKU00620,215,78,28,2025-11-04
ST24,SKU04005,119,57,23,2025-12-04
ST20,SKU00632,57,40,17,2025-12-27
ST17,SKU03982,116,56,20,2025-12-31
ST07,SKU02931,71,44,9,2025-12-02
ST20,SKU03094,12,53,22,2025-11-17
ST30,SKU04007,25,43,21,2025-11-08
ST08,SKU02734,103,98,20,2025-12-25
ST12,SKU00785,14,43,14,2025-11-26
ST15,SKU00032,52,80,23,2025-12-10
ST24,SKU03083,212,81,27,2025-12-20
ST29,SKU02905,111,88,33,2025-11-21
ST01,SKU02836,70,94,41,2025-12-07
ST25,SKU03887,43,45,15,2025-11-23
ST08,SKU03375,95,30,10,2025-06-01
ST12,SKU00138,10,94,34,2025-11-06
ST13,SKU03652,139,73,36,2025-12-09
ST13,SKU04509,1,62,25,2025-11-12
ST22,SKU02220,8,62,21,2025-12-03
ST03,SKU02109,18,96,47,2025-12-28
ST24,SKU04440,17,85,42,2025-12-30
ST24,SKU00493,22,35,9,2025-12-23
ST24,SKU03549,15,63,29,2025-12-27
ST02,SKU04593,166,94,45,2025-12-29
ST26,SKU04197,154,73,34,2025-11-23
ST27,SKU00582,15,27,12,2025-12-12
ST28,SKU03938,270,91,44,2025-11-02
ST23,SKU03332,161,57,15,2025-11-10
ST23,SKU04274,101,84,26,2025-11-03
ST30,SKU01875,86,30,13,2025-11-22
ST12,SKU01885,31,38,10,2025-11-08
ST09,SKU03689,121,83,23,2025-12-11
ST20,SKU00332,98,33,9,2025-11-09
ST18,SKU01136,78,38,13,2025-12-19
ST11,SKU02816,191,69,28,2025-12-10
ST05,SKU04979,76,50,25,2025-12-23
ST20,SKU01332,18,25,6,2025-12-14
ST08,SKU01692,41,40,8,2025-11-12
ST13,SKU01145,290,98,31,2025-11-13
ST22,SKU01564,21,92,19,2025-12-24
ST18,SKU00829,63,31,8,2025-12-11
ST29,SKU01073,245,85,24,2025-12-24
ST18,SKU00846,188,70,22,2025-12-25
ST05,SKU00882,166,65,15,2025-12-20
ST14,SKU02220,22,71,18,2025-12-22
ST25,SKU04030,235,82,36,2025-12-13
ST16,SKU02798,3,38,18,2025-12-26
ST04,SKU02091,35,38,15,2025-12-14
ST12,SKU00900,225,79,19,2025-11-17
ST30,SKU03140,154,67,23,2025-11-24
ST27,SKU02746,146,51,19,2025-11-17
ST21,SKU01127,39,55,27,2025-12-30
ST03,SKU04065,97,45,21,2025-12-16
ST13,SKU03892,116,51,25,2025-11-29
ST09,SKU04389,233,93,41,2025-11-03
ST27,SKU01982,142,60,18,2025-12-20
ST10,SKU01047,94,63,14,2025-11-03
ST02,SKU04798,102,33,12,2025-07-31
ST27,SKU01190,41,24,9,2025-12-13
ST14,SKU02439,77,31,13,2025-12-29
ST16,SKU01515,116,92,27,2025-12-14
ST01,SKU01082,71,75,33,2025-12-17
ST27,SKU02526,35,33,15,2025-11-23
ST01,SKU01653,89,46,20,2025-12-09
ST04,SKU02290,78,64,15,2025-12-12
ST20,SKU01453,31,23,10,2025-11-13
ST06,SKU01904,119,54,26,2025-12-21
ST13,SKU00960,118,68,34,2025-12-15
ST23,SKU01150,47,27,8,2025-11-24
ST03,SKU04111,104,50,17,2025-11-17
ST05,SKU00251,590,100,25,2025-07-13
ST21,SKU02080,48,35,10,2025-12-04
ST04,SKU03682,17,43,19,2025-11-11
ST24,SKU03264,234,92,37,2025-12-12
ST22,SKU01415,98,72,17,2025-12-23
ST22,SKU01650,179,75,36,2025-12-30
ST26,SKU02767,46,20,8,2025-12-13
ST07,SKU01695,96,98,37,2025-11-10
ST21,SKU02651,129,98,25,2025-12-28
ST10,SKU04077,293,99,26,2025-12-19
ST23,SKU01092,136,82,17,2025-12-21
ST28,SKU03783,23,22,9,2025-12-28
ST05,SKU04959,290,98,48,2025-11-02
ST25,SKU02878,216,92,28,2025-12-03
ST08,SKU02081,2,25,8,2025-12-29
ST10,SKU04081,60,64,15,2025-12-17
ST05,SKU00626,54,26,6,2025-12-11
ST07,SKU00160,76,46,14,2025-12-25
ST10,SKU04499,318,75,16,2025-06-02
ST06,SKU01025,210,99,22,2025-12-10
ST19,SKU03033,165,87,39,2025-12-25
ST29,SKU01357,268,100,25,2025-12-08
ST21,SKU01277,179,89,38,2025-12-05
ST12,SKU02455,130,63,25,2025-11-26
ST01,SKU04684,49,82,20,2025-12-02
ST18,SKU01165,43,47,22,2025-12-12
ST12,SKU01147,86,98,33,2025-11-13
ST17,SKU02397,81,45,15,2025-12-14
ST11,SKU01624,24,48,11,2025-12-07
ST20,SKU00235,33,63,19,2025-12-17
ST03,SKU03666,174,86,37,2025-11-26
ST07,SKU02781,10,67,31,2025-12-08
ST21,SKU04990,47,76,25,2025-12-23
ST04,SKU01031,204,56,25,2025-05-08
ST14,SKU00061,216,93,41,2025-11-17
ST22,SKU04637,39,64,16,2025-11-08
ST12,SKU03513,86,50,13,2025-11-09
ST30,SKU00908,30,47,20,2025-12-16
ST29,SKU04774,42,24,5,2025-12-09
ST09,SKU01760,101,88,32,2025-11-18
ST25,SKU00220,111,79,23,2025-12-16
ST17,SKU01916,81,65,17,2025-11-18
ST23,SKU00216,62,46,16,2025-12-10
ST20,SKU02110,43,49,22,2025-12-29
ST17,SKU03420,104,36,13,2025-12-10
ST25,SKU01007,127,88,43,2025-12-01
ST21,SKU03421,70,68,32,2025-11-19
ST17,SKU04911,24,80,21,2025-11-07
ST30,SKU03868,10,20,7,2025-12-11
ST11,SKU04535,69,79,26,2025-12-31
ST22,SKU04447,47,21,5,2025-11-28
ST04,SKU03099,7,26,7,2025-11-14
ST19,SKU00215,18,85,31,2025-11-19
ST22,SKU01746,118,42,17,2025-12-30
ST07,SKU00624,141,79,29,2025-12-30
ST13,SKU01520,125,55,18,2025-12-16
ST08,SKU04238,85,69,31,2025-12-20
ST11,SKU01582,116,29,13,2025-07-25
ST26,SKU01081,233,79,32,2025-11-27
ST08,SKU00066,48,22,6,2025-12-20
ST12,SKU04675,7,87,26,2025-11-10
ST15,SKU00295,91,41,17,2025-12-04
ST26,SKU01205,8,60,15,2025-12-08
ST04,SKU02957,139,57,12,2025-11-11
ST09,SKU02223,280,52,21,2025-06-22
ST26,SKU00554,2,49,23,2025-12-20
ST17,SKU03670,129,71,17,2025-12-08
ST11,SKU04310,98,89,20,2025-11-27
ST29,SKU02739,207,99,36,2025-11-26
ST09,SKU03731,96,82,39,2025-11-25
ST12,SKU03914,185,96,44,2025-11-12
ST24,SKU04903,39,84,18,2025-12-07
ST20,SKU04478,2,52,12,2025-12-27
ST23,SKU00887,87,32,12,2025-12-18
ST02,SKU00595,187,83,26,2025-12-15
ST20,SKU04572,34,89,21,2025-11-06
ST21,SKU00562,94,72,23,2025-12-08
ST16,SKU04328,9,99,24,2025-12-23
ST11,SKU00249,185,62,14,2025-12-18
ST17,SKU02262,134,53,23,2025-11-19
ST05,SKU04417,52,38,11,2025-12-11
ST16,SKU01819,1,61,14,2025-11-08
ST07,SKU00252,127,55,21,2025-11-05
ST25,SKU04692,28,54,23,2025-11-20
ST29,SKU00778,96,51,14,2025-12-11
ST28,SKU01313,62,37,14,2025-11-07
ST02,SKU04735,56,36,7,2025-12-17
ST03,SKU03418,42,36,11,2025-11-30
ST29,SKU03424,189,82,38,2025-12-27
ST14,SKU03402,89,46,21,2025-11-10
ST24,SKU03534,27,86,34,2025-11-18
ST07,SKU01637,84,48,23,2025-12-28
ST09,SKU04021,43,34,12,2025-11-03
ST14,SKU04682,30,27,8,2025-11-02
ST22,SKU01007,61,57,17,2025-11-02
ST06,SKU04137,36,28,10,2025-11-15
ST30,SKU00423,72,87,18,2025-12-14
ST22,SKU01022,83,70,25,2025-12-26
ST07,SKU03738,46,57,16,2025-11-08
ST26,SKU01689,166,70,19,2025-12-02
ST18,SKU00835,5,22,8,2025-11-08
ST20,SKU04785,66,34,8,2025-11-27
ST24,SKU00283,108,62,19,2025-11-18
ST14,SKU03772,109,39,15,2025-12-22
ST11,SKU04829,166,89,36,2025-11-30
ST03,SKU00232,175,62,19,2025-12-01
ST24,SKU03866,162,84,27,2025-12-01
ST20,SKU01004,209,74,34,2025-12-20
ST15,SKU03456,11,68,26,2025-11-22
ST02,SKU01679,211,96,43,2025-11-11
ST23,SKU02807,85,63,21,2025-12-23
ST12,SKU03650,93,93,28,2025-12-20
ST03,SKU00785,53,23,10,2025-11-20
ST10,SKU02593,10,44,19,2025-11-24
ST22,SKU00197,61,32,16,2025-11-23
ST26,SKU04015,124,43,14,2025-12-23
ST03,SKU03607,18,51,21,2025-12-23
ST03,SKU04929,97,50,21,2025-12-27
ST11,SKU00989,167,85,23,2025-12-21
ST17,SKU02413,105,91,25,2025-11-29
ST15,SKU04943,140,66,14,2025-12-25
ST08,SKU04727,47,36,9,2025-12-06
ST05,SKU00028,45,44,22,2025-11-17
ST29,SKU03995,205,81,35,2025-12-03
ST13,SKU01190,17,21,4,2025-12-08
ST23,SKU03789,110,43,17,2025-12-09
ST21,SKU04289,147,97,24,2025-12-20
ST11,SKU03430,47,62,22,2025-12-14
ST06,SKU04155,74,64,19,2025-12-11
ST04,SKU01416,6,57,28,2025-11-17
ST29,SKU01888,62,91,33,2025-12-02
ST29,SKU02867,189,79,31,2025-11-22
ST04,SKU00494,42,48,20,2025-11-11
ST13,SKU02801,112,74,35,2025-12-07
ST11,SKU02910,146,74,29,2025-11-21
ST13,SKU03193,142,62,21,2025-11-22
ST05,SKU04169,0,27,13,2025-11-02
ST12,SKU04080,186,67,18,2025-11-21
ST30,SKU01865,55,49,24,2025-12-18
ST19,SKU02015,81,70,33,2025-11-24
ST27,SKU03979,223,83,23,2025-12-12
ST13,SKU03273,243,86,22,2025-11-03
ST28,SKU00195,95,95,41,2025-11-10
ST07,SKU03616,41,43,13,2025-11-11
ST13,SKU03477,29,54,18,2025-12-28
ST29,SKU04593,127,55,12,2025-12-16
ST17,SKU03917,9,38,19,2025-12-01
ST11,SKU01606,190,71,30,2025-11-01
ST12,SKU02842,400,86,32,2025-05-16
ST09,SKU04291,191,98,35,2025-11-03
ST29,SKU02941,55,22,7,2025-12-24
ST09,SKU02736,103,82,29,2025-11-25
ST29,SKU02364,8,39,11,2025-11-13
ST05,SKU03755,198,83,33,2025-12-26
ST21,SKU02416,13,39,18,2025-11-05
ST02,SKU02630,95,32,9,2025-12-03
ST30,SKU00285,0,64,18,2025-09-23
ST03,SKU03898,109,77,23,2025-11-13
ST23,SKU00450,73,35,17,2025-12-30
ST18,SKU04018,43,27,11,2025-12-07
ST11,SKU01745,83,69,24,2025-11-06
ST11,SKU01404,16,23,7,2025-12-29
ST29,SKU03119,160,57,14,2025-11-01
ST09,SKU03811,51,55,23,2025-11-02
ST18,SKU00231,53,23,10,2025-11-26
ST03,SKU00157,161,82,23,2025-11-17
ST04,SKU02348,3,22,10,2025-12-15
ST26,SKU04358,10,81,30,2025-12-07
ST16,SKU01100,128,97,44,2025-11-19
ST19,SKU00873,69,36,17,2025-11-12
ST08,SKU04028,204,86,36,2025-12-21
ST09,SKU03859,68,39,18,2025-11-06
ST17,SKU03232,41,69,23,2025-12-07
ST10,SKU02905,115,87,39,2025-11-19
ST13,SKU04306,24,78,34,2025-12-19
ST13,SKU00900,49,77,34,2025-11-09
ST16,SKU00669,96,71,16,2025-12-29
ST09,SKU04032,0,77,29,2025-09-29
ST12,SKU00751,240,87,19,2025-12-29
ST10,SKU02118,1,33,10,2025-11-16
ST12,SKU01228,10,37,9,2025-12-26
ST08,SKU03208,265,94,29,2025-11-09
ST16,SKU03940,33,35,13,2025-11-27
ST20,SKU00391,79,92,27,2025-11-25
ST04,SKU02110,97,33,11,2025-12-24
ST07,SKU04323,37,47,14,2025-11-23
ST02,SKU04320,14,21,5,2025-12-07
ST28,SKU00030,39,74,34,2025-11-24
ST03,SKU02229,135,73,27,2025-11-03
ST24,SKU00742,162,90,19,2025-12-03
ST12,SKU02917,84,82,36,2025-12-17
ST09,SKU04892,116,81,33,2025-12-04
ST28,SKU01944,123,58,19,2025-11-18
ST17,SKU04301,89,62,21,2025-12-28
ST14,SKU01838,180,75,28,2025-12-17
ST21,SKU04395,32,33,7,2025-12-13
ST10,SKU02779,1,34,9,2025-11-23
ST20,SKU02842,15,37,8,2025-11-15
ST09,SKU02295,182,99,35,2025-11-26
ST02,SKU02203,55,41,10,2025-11-14
ST09,SKU02832,139,50,12,2025-11-06
ST19,SKU04170,20,34,12,2025-11-17
ST17,SKU03198,27,61,18,2025-11-21
ST13,SKU00523,137,76,17,2025-11-08
ST19,SKU01299,211,89,34,2025-11-24
ST30,SKU01071,58,36,16,2025-11-23
ST15,SKU03046,40,38,17,2025-12-13
ST28,SKU03470,40,34,9,2025-12-10
ST30,SKU00112,63,46,10,2025-12-26
ST25,SKU01222,141,50,12,2025-11-16
ST12,SKU01877,228,43,18,2025-05-06
ST03,SKU02336,7,24,8,2025-12-14
ST07,SKU03067,129,80,27,2025-11-22
ST01,SKU01092,150,83,35,2025-11-13
ST15,SKU04325,77,32,12,2025-12-19
ST16,SKU00239,203,84,21,2025-12-31
ST13,SKU03824,42,41,19,2025-12-15
ST09,SKU00443,158,74,22,2025-11-22
ST01,SKU02239,148,82,22,2025-11-20
ST05,SKU00301,58,20,9,2025-11-01
ST29,SKU04506,47,50,22,2025-11-24
ST04,SKU03869,98,33,10,2025-12-01
ST12,SKU01321,74,71,29,2025-11-24
ST30,SKU02544,129,97,37,2025-12-07
ST12,SKU03925,7,29,6,2025-12-14
ST03,SKU03503,90,69,22,2025-12-09
ST07,SKU00956,2,53,17,2025-12-19
ST05,SKU04223,70,52,19,2025-12-28
ST17,SKU02242,35,100,40,2025-12-28
ST19,SKU04089,79,73,18,2025-11-02
ST24,SKU01952,80,67,23,2025-11-06
ST17,SKU02606,65,25,6,2025-11-24
ST03,SKU01144,247,93,35,2025-12-26
ST01,SKU01355,0,72,25,2025-12-17
ST11,SKU03290,267,63,18,2025-06-07
ST06,SKU02609,137,99,34,2025-12-05
ST18,SKU01222,175,68,29,2025-12-26
ST12,SKU01560,64,33,10,2025-11-03
ST25,SKU04953,114,24,7,2025-06-14
ST24,SKU03728,62,53,21,2025-12-18
ST23,SKU02544,160,92,25,2025-12-20
ST14,SKU03281,140,46,17,2025-06-05
ST15,SKU04009,90,66,14,2025-11-28
ST24,SKU01450,47,37,16,2025-12-06
ST20,SKU01064,186,75,37,2025-11-24
ST26,SKU00567,22,62,17,2025-12-26
ST04,SKU03038,27,25,9,2025-11-30
ST02,SKU00633,265,97,22,2025-11-16
ST19,SKU01282,201,70,17,2025-12-12
ST30,SKU00668,137,61,20,2025-12-09
ST18,SKU04975,10,23,6,2025-11-25
ST16,SKU01121,0,21,9,2025-12-27
ST09,SKU02341,83,29,14,2025-11-15
ST15,SKU01716,147,83,35,2025-12-18
ST23,SKU04997,181,74,31,2025-11-01
ST13,SKU01095,170,79,36,2025-12-30
ST27,SKU04605,78,28,8,2025-12-13
ST14,SKU01505,237,80,39,2025-11-30
ST07,SKU00230,44,54,12,2025-12-06
ST26,SKU03659,265,98,37,2025-12-13
ST05,SKU04698,57,72,24,2025-12-31
ST09,SKU00827,190,90,27,2025-12-19
ST06,SKU00347,75,45,20,2025-12-21
ST22,SKU00424,48,59,15,2025-12-21
ST11,SKU03397,1,28,6,2025-12-28
ST03,SKU01465,52,59,22,2025-11-20
ST23,SKU01430,77,40,19,2025-11-15
ST02,SKU02461,38,24,10,2025-11-01
ST29,SKU03065,90,41,18,2025-12-24
ST14,SKU01607,113,72,27,2025-11-27
ST27,SKU02961,99,80,30,2025-12-08
ST20,SKU01595,127,49,21,2025-11-06
ST15,SKU00584,473,88,41,2025-06-11
ST28,SKU04421,103,80,19,2025-12-17
ST23,SKU02826,0,91,23,2025-08-08
ST08,SKU04513,121,67,27,2025-12-15
ST01,SKU03686,177,85,42,2025-11-03
ST29,SKU00629,62,55,25,2025-11-16
ST03,SKU04342,95,41,18,2025-11-09
ST24,SKU00005,104,66,19,2025-11-06
ST12,SKU03180,70,25,9,2025-12-10
ST08,SKU01440,18,42,14,2025-11-19
ST14,SKU01606,2,82,32,2025-12-18
ST10,SKU04971,147,53,18,2025-12-05
ST09,SKU01208,196,88,33,2025-12-15
ST16,SKU04891,117,45,21,2025-11-13
ST22,SKU00714,19,44,14,2025-11-21
ST25,SKU04472,149,86,19,2025-11-16
ST01,SKU01667,243,94,26,2025-12-15
ST25,SKU01228,60,30,12,2025-11-27
ST01,SKU04582,110,37,17,2025-12-09
ST16,SKU03029,196,74,22,2025-11-20
ST22,SKU02464,85,29,6,2025-12-02
ST26,SKU00078,69,30,14,2025-11-15
ST25,SKU00011,3,35,17,2025-11-11
ST30,SKU01183,39,55,27,2025-11-13
ST04,SKU02337,91,51,25,2025-12-01
ST24,SKU02388,47,42,19,2025-11-13
ST30,SKU01804,49,24,11,2025-11-19
ST18,SKU01107,252,94,26,2025-12-11
ST18,SKU04344,1,22,11,2025-12-01
ST27,SKU04003,22,67,27,2025-12-04
ST15,SKU03402,60,84,21,2025-12-26
ST11,SKU00629,15,66,30,2025-12-14
ST30,SKU03657,62,88,21,2025-12-28
ST29,SKU04615,43,76,29,2025-12-21
ST16,SKU04177,134,64,16,2025-12-26
ST04,SKU00752,50,70,29,2025-11-05
ST10,SKU01999,69,40,20,2025-11-23
ST05,SKU01768,60,26,9,2025-12-05
ST28,SKU04334,33,39,11,2025-11-11
ST18,SKU00391,202,68,26,2025-11-12
ST08,SKU02235,34,50,21,2025-12-14
ST04,SKU02171,97,84,36,2025-12-22
ST16,SKU02573,198,97,26,2025-12-11
ST14,SKU00597,47,96,24,2025-11-26
ST19,SKU01889,35,36,16,2025-12-29
ST14,SKU04199,57,30,10,2025-11-18
ST25,SKU02652,147,62,26,2025-12-23
ST08,SKU00939,73,28,11,2025-12-17
ST22,SKU01494,61,79,31,2025-12-26
ST23,SKU01125,22,88,30,2025-12-25
ST10,SKU00159,201,83,21,2025-12-08
ST17,SKU01893,61,33,16,2025-12-23
ST02,SKU01148,64,29,11,2025-12-25
ST11,SKU04645,2,24,10,2025-12-30
ST16,SKU00409,107,46,21,2025-11-15
ST10,SKU01123,201,70,16,2025-12-14
ST23,SKU04431,67,24,6,2025-12-13
ST08,SKU03009,26,47,16,2025-11-12
ST24,SKU04581,259,88,25,2025-11-10
ST26,SKU02623,103,95,27,2025-12-26
ST26,SKU02906,176,79,20,2025-11-03
ST06,SKU00707,44,21,8,2025-11-15
ST04,SKU03984,21,24,9,2025-12-29
ST04,SKU03563,121,57,26,2025-11-21
ST05,SKU03720,154,69,25,2025-11-03
ST11,SKU00850,83,28,11,2025-11-05
ST17,SKU01155,36,61,20,2025-12-25
ST27,SKU02522,225,80,25,2025-12-13
ST08,SKU04087,118,51,23,2025-12-22
ST30,SKU00576,11,100,50,2025-12-02
ST17,SKU01902,86,45,9,2025-12-15
ST09,SKU03852,143,80,32,2025-12-30
ST15,SKU01862,23,41,11,2025-11-25
ST23,SKU04391,117,40,11,2025-11-01
ST19,SKU04186,143,56,22,2025-12-03
ST21,SKU00195,26,24,6,2025-12-24
ST17,SKU00983,188,74,37,2025-11-03
ST06,SKU03350,30,22,11,2025-11-26
ST27,SKU04188,68,65,19,2025-12-19
ST06,SKU04833,11,76,30,2025-12-11
ST05,SKU01309,138,69,16,2025-11-27
ST11,SKU04201,135,72,15,2025-12-06
ST01,SKU01610,176,66,17,2025-11-29
ST28,SKU03519,82,74,16,2025-11-03
ST05,SKU00491,110,76,15,2025-12-25
ST07,SKU04772,117,93,21,2025-11-17
ST13,SKU01176,157,88,18,2025-12-19
ST20,SKU00044,47,29,8,2025-11-27
ST26,SKU01575,75,55,24,2025-11-03
ST10,SKU00249,92,85,37,2025-11-20
ST22,SKU00122,24,23,6,2025-12-11
ST29,SKU02711,54,74,20,2025-11-02
ST14,SKU04448,41,39,14,2025-12-26
ST10,SKU00949,115,56,23,2025-12-01
ST16,SKU01234,42,25,6,2025-12-09
ST21,SKU04773,7,25,9,2025-11-18
ST25,SKU02742,185,63,14,2025-12-17
ST13,SKU03670,110,54,14,2025-12-22
ST09,SKU02373,52,32,8,2025-12-26
ST29,SKU02222,8,39,11,2025-11-05
ST26,SKU03976,123,46,19,2025-11-14
ST06,SKU01351,179,85,30,2025-12-21
ST01,SKU03503,158,66,29,2025-12-11
ST09,SKU01305,50,75,35,2025-12-20
ST17,SKU00234,12,29,11,2025-11-13
ST12,SKU04733,132,55,22,2025-11-15
ST04,SKU04058,67,89,18,2025-12-31
ST17,SKU01733,385,80,35,2025-08-04
ST04,SKU04370,77,45,13,2025-12-13
ST30,SKU02636,93,50,21,2025-11-20
ST21,SKU03620,56,31,13,2025-12-14
ST16,SKU03010,159,62,14,2025-11-07
ST03,SKU00727,123,50,21,2025-11-13
ST06,SKU00584,149,31,12,2025-05-13
ST25,SKU01641,41,22,8,2025-11-20
ST24,SKU01700,92,63,29,2025-12-19
ST06,SKU04420,15,21,6,2025-12-19
ST09,SKU00917,172,97,35,2025-11-05
ST23,SKU00365,88,66,17,2025-12-03
ST29,SKU00684,7,94,39,2025-12-01
ST03,SKU00351,13,43,21,2025-12-26
ST27,SKU01602,68,57,12,2025-11-03
ST13,SKU00912,114,50,14,2025-11-17
ST08,SKU02318,80,58,23,2025-11-13
ST30,SKU01305,25,72,30,2025-12-29
ST24,SKU03381,101,39,18,2025-11-15
ST11,SKU00037,230,90,40,2025-12-23
ST11,SKU04411,200,86,37,2025-11-09
ST14,SKU01984,107,48,21,2025-12-20
ST14,SKU04001,74,27,9,2025-11-22
ST21,SKU04037,128,70,24,2025-11-30
ST03,SKU00713,118,100,25,2025-12-20
ST29,SKU02841,158,58,14,2025-11-21
ST12,SKU04878,70,73,36,2025-12-30
ST24,SKU02011,63,53,13,2025-11-18
ST11,SKU04129,106,48,13,2025-11-03
ST04,SKU03300,102,50,13,2025-11-28
ST30,SKU00949,20,72,29,2025-11-29
ST21,SKU03469,86,85,17,2025-12-24
ST24,SKU04049,214,91,38,2025-12-20
ST14,SKU03323,91,56,26,2025-11-20
ST07,SKU00306,56,82,27,2025-11-17
ST18,SKU03887,69,33,11,2025-11-26
ST13,SKU00431,4,32,7,2025-12-30
ST06,SKU01402,144,81,18,2025-11-30
ST12,SKU01613,74,60,26,2025-11-27
ST23,SKU03186,153,66,27,2025-11-07
ST26,SKU02434,169,63,26,2025-12-10
ST21,SKU04838,77,57,24,2025-12-26
ST18,SKU00056,4,61,19,2025-12-12
ST29,SKU00423,45,38,16,2025-11-21
ST12,SKU03148,37,26,8,2025-11-23
ST01,SKU03677,28,32,7,2025-12-26
ST08,SKU04668,68,26,7,2025-11-11
ST09,SKU01393,103,72,22,2025-11-07
ST01,SKU02931,83,90,19,2025-11-10
ST21,SKU02689,31,27,10,2025-11-19
ST07,SKU02690,12,33,12,2025-12-29
ST09,SKU04369,24,20,6,2025-11-04
ST29,SKU04695,11,37,14,2025-12-06
ST15,SKU04133,51,43,13,2025-11-21
ST21,SKU01731,102,50,24,2025-11-17
ST13,SKU04492,24,70,34,2025-11-17
ST13,SKU04493,112,86,30,2025-11-04
ST18,SKU04965,81,36,8,2025-12-25
ST15,SKU00070,20,46,13,2025-11-03
ST18,SKU01465,181,69,27,2025-11-29
ST07,SKU00895,96,38,11,2025-11-01
ST09,SKU00315,72,29,13,2025-11-18
ST01,SKU00889,275,100,33,2025-11-14
ST01,SKU02824,159,64,19,2025-12-26
ST05,SKU01599,156,91,35,2025-11-02
ST25,SKU03081,43,93,39,2025-12-26
ST18,SKU02263,56,20,5,2025-12-24
ST24,SKU03248,10,56,25,2025-12-24
ST07,SKU02738,65,61,17,2025-11-11
ST05,SKU00415,146,52,19,2025-12-05
ST11,SKU02496,156,63,21,2025-11-20
ST20,SKU00648,73,51,18,2025-11-07
ST19,SKU04555,35,58,14,2025-12-27
ST12,SKU04311,205,95,34,2025-11-28
ST09,SKU02919,124,46,12,2025-11-25
ST05,SKU00851,50,46,13,2025-12-28
ST11,SKU03118,171,77,35,2025-12-10
ST17,SKU02563,2,57,24,2025-11-26
ST23,SKU00585,212,50,20,2025-08-26
ST05,SKU01885,82,46,19,2025-12-27
ST11,SKU02577,79,82,35,2025-12-28
ST03,SKU03895,31,29,6,2025-12-06
ST26,SKU04446,35,23,7,2025-12-13
ST26,SKU02743,122,49,12,2025-11-24
ST24,SKU01128,105,41,19,2025-12-17
ST03,SKU02371,76,83,33,2025-11-17
ST11,SKU03871,78,46,16,2025-12-01
ST11,SKU04364,276,94,43,2025-12-24
ST23,SKU00431,48,21,5,2025-11-29
ST14,SKU04398,12,50,10,2025-12-24
ST03,SKU01052,194,39,9,2025-07-13
ST17,SKU00519,56,28,8,2025-11-28
ST16,SKU02714,5,74,24,2025-11-01
ST30,SKU04240,66,42,10,2025-12-16
ST22,SKU03319,62,33,12,2025-11-12
ST18,SKU02050,51,98,38,2025-11-11
ST10,SKU01536,239,80,28,2025-12-17
ST06,SKU02363,233,84,27,2025-11-23
ST12,SKU04435,149,99,42,2025-11-08
ST04,SKU00097,232,93,40,2025-12-02
ST16,SKU02605,119,60,17,2025-11-07
ST11,SKU01092,72,70,16,2025-12-25
ST07,SKU00496,21,34,10,2025-11-22
ST19,SKU00591,19,94,38,2025-11-28
ST01,SKU02613,132,67,14,2025-12-23
ST08,SKU03357,131,33,15,2025-05-09
ST08,SKU00419,236,41,13,2025-08-14
ST08,SKU03063,0,34,14,2025-08-08
ST24,SKU03171,0,91,43,2025-08-07
ST04,SKU00932,333,99,47,2025-05-19
ST22,SKU04633,0,25,8,2025-09-28
ST11,SKU00699,236,48,23,2025-08-26
ST18,SKU02640,0,49,23,2025-09-04
ST13,SKU01834,362,94,44,2025-06-01
ST25,SKU00920,0,32,12,2025-08-09
ST22,SKU01138,0,69,16,2025-10-12
ST07,SKU00775,193,48,17,2025-06-19
ST04,SKU00262,350,85,28,2025-08-12
ST17,SKU04106,119,36,12,2025-08-16
ST20,SKU00150,216,41,17,2025-07-29
ST03,SKU03884,528,94,30,2025-08-22
ST18,SKU02446,330,63,14,2025-08-26
ST27,SKU00177,0,55,11,2025-08-04
ST25,SKU01685,0,94,23,2025-10-08
ST16,SKU01915,135,34,7,2025-07-21
ST21,SKU03627,341,59,13,2025-05-26
ST13,SKU04106,98,21,5,2025-07-22
ST16,SKU04566,133,30,7,2025-05-16
ST03,SKU00437,270,76,37,2025-07-05
ST15,SKU03642,573,99,42,2025-08-16
ST22,SKU01781,461,100,38,2025-08-28
ST11,SKU01224,420,93,44,2025-06-04
ST07,SKU02514,288,77,36,2025-07-19
ST08,SKU00173,148,42,11,2025-07-06
ST01,SKU01770,493,91,31,2025-06-27
ST30,SKU04470,285,67,27,2025-06-21
ST30,SKU02686,137,37,14,2025-07-21
ST19,SKU00501,112,37,11,2025-07-16
ST09,SKU03199,0,71,28,2025-08-24
ST22,SKU03467,259,83,39,2025-08-17
ST07,SKU00237,155,34,13,2025-05-12
ST01,SKU04032,0,71,21,2025-09-20
ST16,SKU04571,0,86,23,2025-10-03
ST09,SKU04212,276,67,20,2025-07-11
ST22,SKU04955,409,81,29,2025-05-30
ST29,SKU03171,0,62,22,2025-08-25
ST15,SKU01158,114,22,5,2025-05-30
ST05,SKU00083,517,99,37,2025-07-19
ST27,SKU01017,246,80,40,2025-06-13
ST09,SKU04888,76,25,7,2025-08-13
ST29,SKU00598,370,83,31,2025-05-23
ST01,SKU01414,0,70,17,2025-09-15
ST12,SKU04453,0,75,24,2025-09-09
ST04,SKU00173,280,90,37,2025-08-23
ST15,SKU02639,160,43,21,2025-06-27
ST12,SKU00150,384,93,41,2025-06-04
ST07,SKU01649,440,74,15,2025-06-26
ST08,SKU04636,202,46,12,2025-06-02
ST02,SKU01052,168,54,20,2025-07-24
ST15,SKU02858,0,56,27,2025-08-17
ST20,SKU00585,423,86,29,2025-08-07
ST28,SKU03642,381,100,50,2025-08-24
ST29,SKU00002,0,60,16,2025-08-21
ST20,SKU03416,478,96,23,2025-08-05
ST20,SKU01457,149,30,13,2025-08-24
ST03,SKU03014,211,43,10,2025-08-30
ST01,SKU03833,258,83,20,2025-08-01
ST25,SKU03600,147,49,18,2025-05-22
ST24,SKU04249,149,46,15,2025-06-23
ST10,SKU00386,205,41,14,2025-08-13
ST16,SKU03281,289,81,24,2025-05-28
ST27,SKU04795,252,61,24,2025-09-01
ST01,SKU04048,217,57,14,2025-05-30
ST11,SKU00105,256,56,25,2025-07-24
ST22,SKU02155,0,82,38,2025-09-11
ST15,SKU00692,0,95,23,2025-10-06
ST03,SKU00932,266,84,21,2025-05-29
ST04,SKU04636,153,26,12,2025-07-06
ST04,SKU01017,277,54,21,2025-08-15
ST05,SKU01179,515,89,27,2025-07-15
ST05,SKU01558,423,72,31,2025-06-26
ST19,SKU02954,0,93,41,2025-08-12
ST12,SKU01834,124,34,11,2025-08-25
ST28,SKU04160,496,86,25,2025-05-27
ST15,SKU04996,239,70,17,2025-05-13
ST06,SKU00628,0,60,13,2025-08-06
ST24,SKU01191,452,83,19,2025-07-06
ST14,SKU01187,330,69,28,2025-08-24
ST30,SKU04194,253,43,17,2025-06-12
ST27,SKU03362,128,24,9,2025-08-11
ST15,SKU02482,0,61,27,2025-08-20
ST13,SKU01567,131,40,18,2025-06-17
ST13,SKU02566,426,79,22,2025-06-10
ST07,SKU04018,499,88,34,2025-06-06
ST11,SKU02546,371,64,30,2025-05-25
ST06,SKU01827,226,59,13,2025-06-15
ST03,SKU03357,269,45,19,2025-06-19
ST25,SKU00421,386,66,22,2025-08-24
ST15,SKU03884,130,30,9,2025-05-17
ST13,SKU00662,526,94,29,2025-06-08
ST28,SKU04499,118,34,14,2025-06-08
ST13,SKU00972,524,97,28,2025-07-11
ST23,SKU00531,0,100,36,2025-08-16
ST07,SKU04627,0,90,18,2025-08-24
ST05,SKU00386,444,98,29,2025-07-05
ST15,SKU00437,245,49,24,2025-06-23
ST07,SKU00774,0,52,17,2025-08-30
ST16,SKU04798,429,88,25,2025-05-10
ST11,SKU04798,204,59,28,2025-07-18
ST01,SKU03991,200,38,18,2025-05-21
ST28,SKU04996,289,81,25,2025-05-29
ST27,SKU02355,0,78,23,2025-08-29
ST26,SKU03353,0,20,8,2025-08-31
ST22,SKU04958,192,57,26,2025-06-19
ST27,SKU04046,0,94,39,2025-08-31
ST14,SKU00507,359,96,32,2025-08-30
ST05,SKU04245,0,44,21,2025-08-19
ST13,SKU01112,357,75,28,2025-06-06
ST25,SKU01031,400,70,17,2025-05-27
ST18,SKU02104,369,68,23,2025-08-19
ST21,SKU01052,389,89,39,2025-07-12
ST08,SKU00650,175,32,14,2025-07-09
ST20,SKU04554,227,68,28,2025-08-12
ST11,SKU00020,0,46,19,2025-09-29
ST10,SKU02247,0,55,26,2025-09-05
ST28,SKU03884,273,67,24,2025-06-03
ST07,SKU02829,312,97,33,2025-07-09
ST02,SKU02737,0,28,10,2025-09-30
ST21,SKU02877,457,77,33,2025-08-13
ST26,SKU02449,0,37,15,2025-08-05
ST24,SKU02531,0,35,13,2025-09-26
ST01,SKU00062,0,25,10,2025-08-21
ST24,SKU01649,424,80,20,2025-06-23
ST14,SKU04105,0,62,29,2025-09-18
ST07,SKU01915,171,55,16,2025-06-21
ST13,SKU02911,123,31,10,2025-07-06
ST06,SKU02381,0,68,19,2025-09-09
ST18,SKU00936,483,98,41,2025-08-07
ST24,SKU03251,239,41,15,2025-05-17
ST07,SKU04566,140,39,14,2025-06-06
ST24,SKU04250,398,87,34,2025-05-16
ST15,SKU03014,113,33,12,2025-05-25
ST27,SKU02534,377,99,29,2025-05-16
ST27,SKU01903,532,91,26,2025-07-10
ST25,SKU01834,399,84,24,2025-06-14
ST06,SKU01191,262,60,23,2025-05-11
ST09,SKU02675,346,79,31,2025-06-12
ST29,SKU02514,244,79,30,2025-06-20
ST15,SKU02462,0,67,28,2025-08-08
ST03,SKU04636,195,42,9,2025-06-25
ST13,SKU01347,440,96,36,2025-07-17
ST11,SKU03375,217,37,18,2025-07-01
ST28,SKU02055,139,32,9,2025-07-27
ST10,SKU02833,0,53,20,2025-08-16
ST19,SKU04158,415,78,38,2025-08-30
ST27,SKU04953,206,60,16,2025-05-08
ST19,SKU04670,285,92,44,2025-07-16
ST20,SKU02776,0,53,18,2025-09-18
ST12,SKU01567,212,67,23,2025-07-13
ST12,SKU02566,441,82,19,2025-07-11
ST09,SKU03975,259,63,30,2025-06-17
ST27,SKU03457,279,56,13,2025-07-11
ST12,SKU00662,270,53,15,2025-08-05
ST24,SKU04018,538,92,42,2025-08-19
ST13,SKU04102,393,90,33,2025-05-31
ST04,SKU01903,101,22,11,2025-08-09
ST05,SKU03230,247,57,21,2025-07-17
ST23,SKU00251,512,90,30,2025-08-12
ST30,SKU03624,525,95,30,2025-06-02
ST19,SKU02740,0,29,8,2025-10-02
ST21,SKU02141,0,58,24,2025-09-18
ST15,SKU03357,298,73,24,2025-05-28
ST15,SKU00419,292,94,32,2025-08-16
ST17,SKU01770,98,28,9,2025-07-07
ST06,SKU00237,279,63,30,2025-08-23
ST23,SKU00500,0,54,26,2025-08-20
ST12,SKU03876,0,55,23,2025-09-29
ST02,SKU01339,148,44,20,2025-07-22
ST27,SKU03257,331,63,19,2025-08-23
ST07,SKU03281,403,94,44,2025-07-10
ST17,SKU04032,0,41,18,2025-09-27
ST28,SKU00932,344,79,27,2025-06-17
ST02,SKU04249,535,92,43,2025-07-02
ST22,SKU03030,0,70,30,2025-09-20
ST06,SKU04118,208,36,12,2025-05-30
ST12,SKU01112,207,52,18,2025-07-01
ST09,SKU03347,100,24,5,2025-05-14
ST17,SKU04561,552,99,22,2025-08-31
ST24,SKU00699,166,33,16,2025-07-09
ST02,SKU02826,0,54,25,2025-09-14
ST27,SKU02580,453,79,37,2025-05-29
ST06,SKU04250,358,85,36,2025-07-17
ST23,SKU00974,0,43,11,2025-08-20
ST26,SKU03362,290,82,37,2025-05-20
ST28,SKU03353,0,47,16,2025-08-27
ST01,SKU02446,202,64,27,2025-06-16
ST29,SKU04018,499,96,46,2025-05-24
ST21,SKU03357,166,41,16,2025-07-03
ST30,SKU00140,233,62,21,2025-08-08
ST21,SKU00419,283,91,41,2025-08-15
ST29,SKU01164,0,79,28,2025-09-04
ST03,SKU04046,0,61,19,2025-08-13
ST03,SKU01851,177,31,13,2025-06-23
ST18,SKU02662,333,66,28,2025-05-19
ST15,SKU03837,329,81,32,2025-08-27
ST18,SKU00066,97,21,6,2025-07-07
ST06,SKU03749,380,77,37,2025-07-06
ST17,SKU04048,348,93,33,2025-08-05
ST24,SKU01224,107,27,10,2025-08-13
ST10,SKU00986,419,96,30,2025-05-08
ST11,SKU00728,0,44,17,2025-10-04
ST07,SKU04798,275,80,18,2025-07-04
ST13,SKU02340,0,84,20,2025-08-16
ST12,SKU01347,127,36,16,2025-06-01
ST02,SKU01678,309,84,36,2025-07-27
ST25,SKU01567,123,40,12,2025-05-30
ST25,SKU02566,217,60,18,2025-05-26
ST05,SKU00369,0,80,29,2025-10-11
ST15,SKU04636,209,35,8,2025-08-31
ST15,SKU01017,378,71,19,2025-05-19
ST26,SKU00936,304,93,21,2025-06-03
ST10,SKU04107,159,48,18,2025-06-03
ST28,SKU03935,222,40,18,2025-05-07
ST28,SKU00177,0,69,30,2025-09-30
ST19,SKU04414,264,65,25,2025-08-20
ST29,SKU02969,267,52,12,2025-05-31
ST15,SKU03274,0,86,24,2025-09-23
ST25,SKU00662,170,39,19,2025-06-26
ST11,SKU03619,256,51,25,2025-08-26
ST04,SKU03548,345,75,18,2025-08-09
ST03,SKU03562,323,59,21,2025-05-17
ST04,SKU00466,147,43,14,2025-08-13
ST09,SKU03546,0,33,15,2025-08-23
ST26,SKU00190,0,22,10,2025-10-02
ST20,SKU02681,167,51,17,2025-06-20
ST16,SKU00140,329,82,20,2025-07-21
ST20,SKU03744,150,27,7,2025-07-18
ST20,SKU00589,533,97,26,2025-05-18
ST15,SKU04795,197,45,15,2025-06-21
ST08,SKU01187,279,80,21,2025-07-16
ST06,SKU00774,0,57,13,2025-09-16
ST14,SKU02675,235,77,22,2025-05-20
ST14,SKU00032,265,70,17,2025-05-20
ST23,SKU02075,171,51,19,2025-06-19
ST22,SKU03642,255,79,32,2025-05-21
ST18,SKU00506,0,51,25,2025-08-19
ST06,SKU02722,458,90,25,2025-06-18
ST19,SKU02892,0,24,6,2025-09-12
ST16,SKU04757,300,78,32,2025-05-09
ST12,SKU01770,193,39,13,2025-08-04
ST29,SKU04566,111,20,6,2025-08-18
ST02,SKU03251,220,43,13,2025-05-30
ST06,SKU02969,321,63,19,2025-07-17
ST26,SKU02534,240,61,24,2025-08-12
ST26,SKU01903,470,80,33,2025-07-31
ST05,SKU04107,107,23,9,2025-06-21
ST24,SKU00105,241,47,12,2025-05-16
ST13,SKU03991,260,68,19,2025-06-13
ST22,SKU00050,0,79,34,2025-08-09
ST19,SKU04166,0,42,14,2025-09-18
ST17,SKU01582,400,81,30,2025-06-29
ST14,SKU01685,0,49,13,2025-08-30
ST06,SKU02829,195,51,23,2025-07-01
ST22,SKU01158,395,77,36,2025-05-13
ST13,SKU00069,216,37,8,2025-08-04
ST26,SKU04953,157,29,8,2025-06-08
ST13,SKU01582,494,99,41,2025-07-02
ST06,SKU01915,219,57,26,2025-06-04
ST27,SKU00502,382,73,34,2025-08-29
ST02,SKU02763,118,37,18,2025-06-18
ST22,SKU04443,287,76,37,2025-07-05
ST08,SKU00507,196,53,21,2025-06-08
ST19,SKU04154,0,26,11,2025-09-10
ST17,SKU04315,0,86,38,2025-08-26
ST06,SKU04566,259,47,22,2025-08-25
ST19,SKU03961,420,100,48,2025-05-15
ST21,SKU03286,247,46,14,2025-07-21
ST12,SKU00589,91,24,6,2025-06-22
ST18,SKU04664,218,60,23,2025-08-08
ST24,SKU04191,0,77,19,2025-08-08
ST05,SKU00740,149,31,10,2025-08-13
ST24,SKU02626,293,58,24,2025-06-05
ST24,SKU02546,479,82,27,2025-08-06
ST04,SKU02954,0,29,9,2025-09-28
ST10,SKU00012,196,33,11,2025-07-23
ST26,SKU03457,182,33,14,2025-08-29
ST21,SKU01678,453,81,19,2025-07-07
ST26,SKU02194,383,85,26,2025-07-29
ST15,SKU01851,206,51,24,2025-05-24
ST05,SKU00401,195,46,16,2025-07-07
ST12,SKU04048,403,82,21,2025-08-28
ST24,SKU04273,0,87,40,2025-08-24
ST10,SKU01171,319,79,17,2025-06-27
ST14,SKU03347,278,58,15,2025-05-19
ST18,SKU02520,459,88,23,2025-05-29
ST19,SKU00592,254,65,30,2025-06-25
ST10,SKU03108,228,46,22,2025-07-27
ST05,SKU00954,249,68,34,2025-08-03
ST29,SKU00105,226,42,21,2025-07-06
ST26,SKU01048,0,74,22,2025-09-07
ST30,SKU01179,118,22,11,2025-07-11
ST03,SKU03548,292,63,19,2025-05-31
ST30,SKU01558,196,40,11,2025-07-18
ST04,SKU00502,202,63,13,2025-08-30
ST14,SKU01030,0,24,7,2025-08-11
ST01,SKU02104,383,69,15,2025-06-16
ST19,SKU02436,106,23,8,2025-05-30
ST15,SKU03562,120,25,9,2025-07-09
ST19,SKU01651,117,38,19,2025-05-17
ST20,SKU00385,410,97,40,2025-07-15
ST23,SKU00083,275,58,25,2025-05-29
ST20,SKU00062,0,68,26,2025-09-30
ST05,SKU00012,217,51,16,2025-08-04
ST22,SKU02877,142,24,12,2025-05-07
ST02,SKU04318,0,36,17,2025-10-03
ST06,SKU03281,205,55,17,2025-07-04
ST05,SKU01045,0,33,12,2025-08-31
ST26,SKU00501,573,97,39,2025-08-09
ST14,SKU01370,0,96,41,2025-09-03
ST14,SKU03290,103,30,8,2025-06-22
ST28,SKU04729,276,49,13,2025-05-12
ST22,SKU00437,108,34,8,2025-08-23
ST11,SKU01392,375,99,38,2025-08-12
ST08,SKU02103,245,48,14,2025-05-24
ST19,SKU02014,481,95,32,2025-06-07
ST16,SKU03092,252,44,14,2025-05-12
ST21,SKU00650,406,69,20,2025-08-14
ST11,SKU03092,250,80,21,2025-06-15
ST07,SKU01063,362,62,25,2025-08-26
ST11,SKU00830,0,79,33,2025-10-02
ST05,SKU04489,0,65,14,2025-08-04
ST16,SKU01413,391,71,19,2025-09-02
ST28,SKU00190,0,83,33,2025-08-31
ST16,SKU03823,409,74,20,2025-06-07
ST08,SKU01857,175,32,9,2025-05-20
ST12,SKU03991,261,60,30,2025-05-10
ST29,SKU04741,386,69,32,2025-07-02
ST03,SKU01187,132,26,10,2025-08-28
ST07,SKU01911,246,77,35,2025-08-30
ST21,SKU02763,311,85,32,2025-07-03
ST04,SKU03702,0,54,21,2025-09-16
ST12,SKU00069,440,80,37,2025-05-11
ST11,SKU01993,0,50,12,2025-08-15
ST23,SKU03592,212,47,11,2025-05-07
ST12,SKU01582,510,93,36,2025-08-11
ST23,SKU01179,442,91,24,2025-05-08
ST23,SKU01558,455,96,23,2025-07-19
ST22,SKU00075,200,39,16,2025-07-17
ST13,SKU02640,0,71,29,2025-09-13
ST16,SKU01138,0,70,16,2025-08-04
ST04,SKU02103,159,53,17,2025-05-16
ST07,SKU00140,279,85,26,2025-05-30
ST10,SKU02538,0,40,16,2025-08-30
ST02,SKU01287,374,67,24,2025-07-20
ST16,SKU00498,117,28,12,2025-08-20
ST01,SKU00953,0,38,15,2025-08-21
ST06,SKU04741,180,35,11,2025-05-21
ST22,SKU00767,153,40,16,2025-05-28
ST13,SKU02446,195,45,22,2025-06-18
ST06,SKU04798,119,33,16,2025-08-25
ST16,SKU01781,284,61,16,2025-07-30
ST22,SKU02141,0,41,17,2025-09-27
ST11,SKU01781,388,75,25,2025-06-26
ST28,SKU04953,158,49,21,2025-06-17
ST07,SKU04757,114,30,15,2025-07-05
ST09,SKU01567,238,63,16,2025-08-19
ST09,SKU02566,328,74,22,2025-07-26
ST23,SKU00386,102,25,7,2025-08-25
ST08,SKU02255,221,45,14,2025-07-24
ST26,SKU04664,177,33,12,2025-09-02
ST16,SKU03467,320,85,40,2025-09-01
ST23,SKU00484,0,100,28,2025-09-12
ST03,SKU00502,255,85,33,2025-07-15
ST23,SKU04491,550,100,37,2025-05-11
ST07,SKU02584,289,85,18,2025-05-10
ST24,SKU02484,0,33,10,2025-09-06
ST09,SKU04562,0,22,8,2025-09-15
ST11,SKU04955,230,65,26,2025-07-10
ST17,SKU01775,0,29,6,2025-08-20
ST23,SKU02463,162,49,14,2025-05-17
ST20,SKU02408,350,85,38,2025-08-24
ST15,SKU03548,171,40,17,2025-08-17
ST19,SKU01170,0,30,15,2025-08-15
ST22,SKU00262,425,82,22,2025-06-02
ST19,SKU01371,0,69,15,2025-08-04
ST27,SKU04771,104,25,9,2025-08-02
ST26,SKU02520,95,22,8,2025-06-11
ST07,SKU01880,167,29,7,2025-08-20
ST15,SKU00466,337,59,23,2025-08-05
ST20,SKU02075,186,40,18,2025-08-22
ST18,SKU02999,322,92,39,2025-05-18
ST19,SKU03740,274,76,37,2025-07-27
ST19,SKU02794,312,71,29,2025-07-26
ST22,SKU03043,295,69,32,2025-05-10
ST25,SKU03991,120,35,11,2025-08-22
ST11,SKU00263,0,70,22,2025-09-14
ST22,SKU03357,206,49,10,2025-07-14
ST22,SKU00419,312,82,36,2025-08-27
ST19,SKU04756,0,37,10,2025-10-05
ST27,SKU03376,187,44,11,2025-06-30
ST08,SKU04265,325,76,18,2025-06-30
ST02,SKU02626,225,47,16,2025-05-07
ST02,SKU02546,140,26,10,2025-07-12
ST27,SKU04414,200,60,21,2025-07-30
ST11,SKU01340,321,73,28,2025-08-18
ST12,SKU02570,487,85,23,2025-05-09
ST12,SKU04280,0,55,11,2025-09-17
ST22,SKU01790,331,98,28,2025-07-15
ST03,SKU04888,120,27,11,2025-07-30
ST25,SKU00069,495,85,34,2025-06-30
ST08,SKU00317,231,62,26,2025-06-15
ST08,SKU03376,299,82,33,2025-07-19
ST25,SKU01582,291,53,22,2025-05-18
ST02,SKU01441,84,26,11,2025-05-27
ST17,SKU00584,287,95,35,2025-08-12
ST25,SKU01592,515,92,40,2025-06-20
ST04,SKU03941,210,39,13,2025-05-26
ST17,SKU00083,337,100,48,2025-07-27
ST04,SKU04771,328,94,45,2025-07-31
ST15,SKU01187,163,48,16,2025-05-14
ST03,SKU02103,308,98,36,2025-06-12
ST21,SKU01287,210,52,19,2025-07-27
ST24,SKU03619,138,37,9,2025-08-01
ST22,SKU00173,193,41,13,2025-06-08
ST26,SKU00571,422,98,22,2025-06-28
ST03,SKU01857,300,78,28,2025-08-21
ST09,SKU02657,0,69,22,2025-09-07
ST09,SKU01347,169,45,17,2025-07-12
ST18,SKU04329,0,54,17,2025-09-18
ST18,SKU02331,245,62,24,2025-08-06
ST24,SKU00032,353,94,19,2025-06-07
ST30,SKU03491,536,94,21,2025-05-13
ST12,SKU02446,279,81,34,2025-06-08
ST20,SKU00462,298,60,28,2025-06-11
ST10,SKU00598,535,96,23,2025-06-20
ST17,SKU03592,317,71,23,2025-07-07
ST23,SKU03230,106,32,14,2025-07-13
ST07,SKU03092,352,93,24,2025-07-26
ST25,SKU03709,125,24,8,2025-06-01
ST09,SKU01021,0,89,23,2025-08-16
ST15,SKU00507,285,48,17,2025-06-18
ST30,SKU00369,0,26,11,2025-09-10
ST22,SKU04636,290,69,34,2025-07-23
ST16,SKU04958,344,65,21,2025-08-01
ST01,SKU01675,247,72,17,2025-07-16
ST11,SKU02329,527,88,43,2025-05-10
ST15,SKU00502,378,91,26,2025-07-17
ST21,SKU01187,471,88,29,2025-05-12
ST25,SKU03580,104,24,10,2025-08-24
ST11,SKU03812,0,100,26,2025-08-27
ST20,SKU00083,147,43,10,2025-08-17
ST17,SKU02104,348,83,37,2025-07-18
ST07,SKU04633,0,70,16,2025-10-08
ST06,SKU03624,277,57,19,2025-06-08
ST13,SKU02104,343,90,28,2025-06-24
ST29,SKU03619,295,65,18,2025-08-02
ST16,SKU03491,364,86,32,2025-06-11
ST07,SKU01138,0,99,27,2025-10-04
ST28,SKU02954,0,89,19,2025-08-29
ST30,SKU04321,0,43,9,2025-09-23
ST21,SKU01256,132,43,20,2025-06-30
ST27,SKU03600,153,30,13,2025-06-14
ST22,SKU04795,221,43,17,2025-05-10
ST08,SKU03600,300,86,37,2025-08-05
ST09,SKU03633,0,95,25,2025-10-09
ST14,SKU02566,113,36,9,2025-08-10
ST30,SKU04824,0,55,14,2025-08-27
ST21,SKU01441,179,39,17,2025-07-21
ST29,SKU03622,0,86,40,2025-09-10
ST13,SKU00936,452,91,26,2025-07-19
ST11,SKU00402,183,43,21,2025-05-09
ST18,SKU03129,469,82,38,2025-05-27
ST14,SKU00662,150,30,10,2025-06-26
ST15,SKU04902,279,59,13,2025-08-09
ST01,SKU01068,528,95,26,2025-05-07
ST20,SKU03592,295,62,30,2025-07-16
ST28,SKU00502,205,67,31,2025-08-18
ST29,SKU04757,415,94,43,2025-05-24
ST07,SKU03467,177,46,16,2025-08-26
ST27,SKU02436,210,39,12,2025-05-27
ST01,SKU01133,191,58,23,2025-05-20
ST18,SKU02290,336,60,13,2025-06-27
ST20,SKU01407,346,59,24,2025-07-05
ST25,SKU02446,418,83,25,2025-07-09
ST11,SKU01733,471,98,47,2025-08-10
ST04,SKU03600,290,90,43,2025-06-10
ST06,SKU00140,295,84,24,2025-08-07
ST14,SKU01112,247,78,24,2025-07-18
ST15,SKU02103,197,33,14,2025-06-07
ST03,SKU03376,461,86,23,2025-09-01
ST15,SKU01857,112,31,7,2025-06-05
ST30,SKU02842,216,46,20,2025-06-10
ST30,SKU00740,91,22,6,2025-05-30
ST24,SKU03290,200,37,10,2025-07-05
ST20,SKU00386,86,26,6,2025-06-27
ST06,SKU04757,405,92,37,2025-06-16
ST21,SKU04212,396,68,28,2025-07-31
ST20,SKU00484,0,71,21,2025-08-30
ST13,SKU00953,0,37,15,2025-09-24
ST04,SKU02436,294,66,19,2025-06-20
ST30,SKU00401,391,70,25,2025-07-26
ST28,SKU00571,463,78,22,2025-08-13
ST26,SKU04461,227,48,14,2025-06-14
ST27,SKU00150,90,27,6,2025-06-05
ST25,SKU01775,0,50,20,2025-09-12
ST18,SKU01827,102,29,6,2025-05-10
ST24,SKU03092,408,100,26,2025-06-29
ST05,SKU04249,282,56,20,2025-06-14
ST18,SKU00706,196,58,14,2025-07-16
ST19,SKU03150,209,60,19,2025-06-03
ST02,SKU03743,0,47,17,2025-09-20
ST12,SKU02104,215,65,29,2025-07-05
ST10,SKU00237,389,66,24,2025-08-31
ST21,SKU01857,243,79,23,2025-05-22
ST28,SKU04158,220,64,16,2025-07-31
ST09,SKU03991,358,75,34,2025-09-02
ST06,SKU01986,359,83,29,2025-07-31
ST28,SKU04670,440,84,20,2025-06-12
ST30,SKU02038,239,63,15,2025-05-22
ST01,SKU01171,167,51,16,2025-07-05
ST01,SKU02897,253,52,23,2025-07-25
ST23,SKU00965,354,76,29,2025-08-30
ST14,SKU02248,303,66,29,2025-08-08
ST08,SKU01834,487,91,29,2025-07-28
ST14,SKU04102,493,88,23,2025-06-19
ST23,SKU00740,362,64,22,2025-06-07
ST01,SKU03108,312,60,28,2025-08-07
ST01,SKU02614,0,75,25,2025-08-13
ST11,SKU00845,0,28,10,2025-09-12
ST10,SKU04142,494,85,40,2025-08-24
ST08,SKU01674,408,74,28,2025-06-12
ST27,SKU00585,217,38,17,2025-07-24
ST19,SKU04561,118,23,6,2025-05-12
ST23,SKU01762,96,20,8,2025-05-25
ST18,SKU02472,260,79,24,2025-08-30
ST12,SKU04913,0,64,32,2025-08-26
ST27,SKU01170,0,42,17,2025-09-08
ST27,SKU01457,340,90,41,2025-06-21
ST03,SKU03600,290,68,17,2025-07-19
ST29,SKU04157,0,85,33,2025-09-09
ST01,SKU01396,569,97,41,2025-08-17
ST03,SKU00592,343,62,19,2025-05-09
ST15,SKU04265,224,51,19,2025-07-11
ST01,SKU01803,230,71,22,2025-08-16
ST04,SKU01834,370,65,19,2025-06-11
ST19,SKU04753,363,64,16,2025-07-14
ST21,SKU02255,549,97,24,2025-08-22
ST22,SKU04318,0,29,6,2025-08-28
ST03,SKU00858,215,52,23,2025-05-08
ST17,SKU00506,0,66,16,2025-08-20
ST06,SKU01413,140,24,6,2025-08-06
ST11,SKU03642,378,97,21,2025-07-13
ST23,SKU00012,395,83,41,2025-05-23
ST21,SKU04475,428,93,40,2025-08-12
ST11,SKU03284,434,88,19,2025-08-25
ST07,SKU00402,179,34,13,2025-08-06
ST13,SKU00506,0,97,46,2025-09-16
ST10,SKU04018,119,23,11,2025-05-22
ST05,SKU03251,400,72,31,2025-05-08
ST29,SKU01781,212,42,18,2025-07-09
ST18,SKU00996,0,46,20,2025-09-22
ST25,SKU02104,295,88,31,2025-06-29
ST06,SKU01988,0,70,16,2025-09-26
ST10,SKU01164,0,46,16,2025-10-08
ST24,SKU01340,177,31,12,2025-05-16
ST21,SKU03743,0,36,12,2025-09-24
ST24,SKU02155,0,39,8,2025-10-09
ST06,SKU01138,0,63,29,2025-08-26
ST22,SKU03548,264,72,27,2025-05-06
ST16,SKU01158,273,79,35,2025-07-28
ST28,SKU04414,302,73,36,2025-07-22
ST11,SKU04160,138,25,9,2025-05-13
ST09,SKU04280,0,78,19,2025-08-30
ST21,SKU02675,212,63,29,2025-06-23
ST21,SKU00032,144,39,13,2025-05-31
ST13,SKU04425,259,77,32,2025-08-05
ST06,SKU01781,328,77,35,2025-08-05
ST18,SKU01828,439,90,26,2025-08-03
ST01,SKU02331,79,21,10,2025-05-30
ST10,SKU00699,198,53,25,2025-07-26
ST26,SKU02014,464,93,28,2025-05-17
ST21,SKU03737,344,97,46,2025-06-29
ST13,SKU04664,300,51,16,2025-08-19
ST02,SKU03290,269,49,22,2025-05-09
ST25,SKU04605,297,55,18,2025-08-07
ST05,SKU04018,409,80,20,2025-06-22
ST11,SKU04499,294,93,31,2025-05-13
ST12,SKU02833,0,52,16,2025-09-16
ST08,SKU01567,442,83,26,2025-05-10
ST08,SKU02566,383,65,15,2025-08-07
ST29,SKU01340,329,55,22,2025-05-16
ST16,SKU00692,0,100,29,2025-09-27
ST28,SKU00631,67,21,10,2025-06-16
ST18,SKU01542,373,70,25,2025-07-16
ST10,SKU04566,255,80,21,2025-06-14
ST13,SKU01133,302,70,35,2025-07-01
ST08,SKU00662,291,80,39,2025-07-16
ST15,SKU03600,354,71,29,2025-05-20
ST24,SKU02329,477,84,17,2025-05-07
ST30,SKU03179,151,40,9,2025-06-06
ST03,SKU01834,310,58,25,2025-06-14
ST19,SKU04315,0,37,14,2025-10-10
ST10,SKU04571,0,64,19,2025-09-04
ST16,SKU02482,0,98,39,2025-08-05
ST04,SKU04554,147,34,15,2025-06-04
ST16,SKU02692,0,47,12,2025-08-06
ST03,SKU04261,413,78,32,2025-05-18
ST08,SKU01112,196,62,28,2025-07-06
ST03,SKU01457,194,39,13,2025-08-28
ST11,SKU03884,346,58,28,2025-08-04
ST19,SKU02532,0,65,15,2025-10-03
ST27,SKU02776,0,55,19,2025-08-16
ST15,SKU00858,357,67,28,2025-08-29
ST16,SKU00437,192,47,21,2025-07-26
ST04,SKU00972,397,70,14,2025-07-24
ST24,SKU01152,0,80,18,2025-09-11
ST20,SKU04107,349,63,19,2025-08-14
ST30,SKU00169,0,56,12,2025-09-14
ST01,SKU03129,353,65,19,2025-08-07
ST26,SKU00449,132,38,10,2025-08-31
ST22,SKU00507,184,32,12,2025-07-01
ST26,SKU00585,512,99,42,2025-06-10
ST28,SKU03600,234,74,27,2025-07-17
ST22,SKU00502,158,44,20,2025-05-29
ST01,SKU02290,304,61,20,2025-05-25
ST15,SKU00421,118,36,12,2025-05-12
ST18,SKU02172,335,72,14,2025-08-04
ST29,SKU04958,151,39,18,2025-07-20
ST10,SKU03281,220,48,18,2025-06-26
ST26,SKU03740,181,41,16,2025-08-20
ST17,SKU00012,123,38,9,2025-08-31
ST24,SKU01733,90,23,7,2025-06-29
ST20,SKU00965,182,43,20,2025-05-15
ST01,SKU00598,133,35,9,2025-07-10
ST25,SKU00066,415,98,30,2025-08-27
ST01,SKU03583,180,38,16,2025-07-14
ST08,SKU01347,175,32,16,2025-05-06
ST01,SKU04596,0,51,15,2025-10-10
ST17,SKU01171,211,44,19,2025-09-01
ST25,SKU02833,0,94,30,2025-09-25
ST15,SKU04453,0,63,23,2025-09-09
ST28,SKU02436,337,81,20,2025-05-16
ST12,SKU04664,118,36,13,2025-07-13
ST18,SKU02829,427,95,29,2025-08-02
ST26,SKU00079,0,76,26,2025-08-07
ST15,SKU00150,382,81,32,2025-07-19
ST09,SKU02368,0,43,15,2025-09-12
ST16,SKU00767,98,31,10,2025-08-18
ST19,SKU00264,0,89,23,2025-09-24
ST17,SKU03108,255,51,14,2025-06-19
ST13,SKU02897,298,71,33,2025-06-26
ST16,SKU02141,0,76,16,2025-08-09
ST26,SKU02046,0,93,40,2025-08-10
ST06,SKU04958,329,60,15,2025-07-17
ST05,SKU00538,0,75,32,2025-08-20
ST29,SKU00402,172,34,10,2025-05-22
ST19,SKU01356,538,95,22,2025-05-28
ST16,SKU04476,0,66,16,2025-09-06
ST08,SKU04102,315,93,36,2025-06-11
ST22,SKU03702,0,44,18,2025-10-03
ST20,SKU00860,104,24,5,2025-08-14
ST11,SKU00932,71,23,7,2025-08-26
ST17,SKU01396,204,61,26,2025-05-20
ST05,SKU00105,385,86,20,2025-08-03
ST10,SKU04741,204,57,27,2025-07-07
ST01,SKU00706,436,98,33,2025-07-09
ST10,SKU04798,449,99,30,2025-07-31
ST15,SKU01834,341,96,26,2025-06-14
ST07,SKU01158,507,99,21,2025-05-06
ST11,SKU00262,349,95,23,2025-08-22
ST22,SKU02103,234,52,20,2025-08-29
ST04,SKU01153,0,85,42,2025-09-13
ST03,SKU04554,295,63,21,2025-07-08
ST04,SKU03805,578,100,30,2025-06-25
ST20,SKU00012,78,22,10,2025-06-30
ST27,SKU04032,0,24,5,2025-09-03
ST03,SKU01567,227,60,19,2025-06-12
ST28,SKU00150,185,41,19,2025-08-24
ST07,SKU04443,565,95,23,2025-06-07
ST22,SKU01857,403,76,26,2025-08-31
ST28,SKU01031,448,96,29,2025-07-14
ST20,SKU01045,0,82,34,2025-08-14
ST13,SKU02999,127,41,15,2025-08-28
ST26,SKU04152,119,20,7,2025-07-27
ST09,SKU03362,137,45,9,2025-05-18
ST06,SKU00402,310,94,28,2025-08-17
ST01,SKU00350,129,26,6,2025-05-20
ST27,SKU04561,204,67,20,2025-08-17
ST03,SKU00972,502,92,30,2025-07-17
ST16,SKU03357,262,58,22,2025-05-10
ST15,SKU01457,85,24,9,2025-07-16
ST05,SKU02626,111,21,6,2025-06-24
ST30,SKU01339,177,52,19,2025-05-15
ST05,SKU02546,373,79,30,2025-07-04
ST18,SKU02686,258,76,25,2025-07-12
ST24,SKU04319,283,72,34,2025-05-21
ST27,SKU03744,175,33,16,2025-08-09
ST24,SKU04126,0,28,13,2025-10-08
ST16,SKU01790,211,52,24,2025-08-30
ST08,SKU01414,0,65,26,2025-09-06
ST18,SKU03870,0,64,22,2025-10-08
ST04,SKU01770,176,58,12,2025-05-15
ST05,SKU04273,0,65,16,2025-09-28
ST25,SKU04425,153,38,18,2025-06-19
ST02,SKU04626,0,83,18,2025-08-19
ST28,SKU01834,274,86,20,2025-09-02
ST29,SKU03030,0,73,24,2025-10-05
ST05,SKU04798,181,55,17,2025-07-05
ST25,SKU04664,381,88,28,2025-08-11
ST18,SKU02376,412,87,37,2025-07-06
ST09,SKU02503,0,50,24,2025-10-05
ST27,SKU04048,399,88,31,2025-07-23
ST02,SKU02329,407,68,30,2025-06-23
ST15,SKU00994,0,54,19,2025-09-08
ST11,SKU00173,149,39,14,2025-06-19
ST08,SKU04048,158,47,13,2025-07-30
ST08,SKU03523,376,91,37,2025-05-06
ST14,SKU02907,296,94,24,2025-08-31
ST02,SKU02541,364,99,30,2025-05-08
ST14,SKU03935,406,72,29,2025-07-03
ST30,SKU02930,0,37,17,2025-08-13
ST26,SKU02172,111,24,6,2025-06-02
ST28,SKU01457,312,78,32,2025-05-26
ST12,SKU01171,493,89,38,2025-06-25
ST07,SKU02877,202,46,21,2025-05-23
ST12,SKU02897,114,22,5,2025-08-13
ST21,SKU04261,184,55,21,2025-07-01
ST05,SKU00020,0,36,9,2025-10-02
ST07,SKU00437,306,75,21,2025-07-19
ST24,SKU03642,335,79,39,2025-05-11
ST26,SKU01874,178,36,12,2025-06-07
ST02,SKU02365,383,71,27,2025-05-11
ST19,SKU00083,195,37,18,2025-06-10
ST06,SKU02302,102,28,12,2025-06-23
ST29,SKU04126,0,38,17,2025-10-05
ST01,SKU00996,0,64,27,2025-08-26
ST03,SKU01347,470,85,18,2025-06-03
ST02,SKU01152,0,90,35,2025-08-09
ST30,SKU01678,110,23,7,2025-08-14
ST09,SKU02534,271,61,23,2025-05-13
ST30,SKU02700,350,75,18,2025-07-11
ST04,SKU04048,197,35,12,2025-06-08
ST07,SKU03179,253,62,17,2025-06-26
ST11,SKU04636,188,32,13,2025-08-07
ST01,SKU00237,144,39,15,2025-05-07
ST18,SKU01863,164,39,12,2025-06-17
ST08,SKU04392,117,20,7,2025-06-20
ST16,SKU02930,0,35,7,2025-10-07
ST09,SKU04953,80,21,7,2025-07-28
ST24,SKU04160,92,21,8,2025-08-29
ST12,SKU02999,229,73,31,2025-05-09
ST02,SKU04574,0,78,28,2025-09-23
ST02,SKU01485,0,20,6,2025-08-08
ST19,SKU01179,151,38,10,2025-06-08
ST27,SKU01592,87,24,7,2025-07-10
ST09,SKU03457,159,36,11,2025-07-10
ST08,SKU00069,274,59,27,2025-05-12
ST05,SKU03727,0,52,12,2025-09-19
ST08,SKU01582,237,50,24,2025-05-12
ST03,SKU01770,258,66,17,2025-06-26
ST29,SKU03642,330,76,36,2025-08-31
ST18,SKU01645,324,98,48,2025-08-09
ST17,SKU02290,165,32,13,2025-07-16
ST09,SKU04646,0,48,23,2025-08-24
ST23,SKU02840,0,26,7,2025-09-23
ST04,SKU03991,257,73,25,2025-06-08
ST13,SKU02290,290,62,17,2025-06-27
ST23,SKU02514,109,30,14,2025-08-06
ST10,SKU00728,0,97,35,2025-09-13
ST25,SKU01171,306,98,33,2025-08-12
ST29,SKU00050,0,21,6,2025-09-13
ST17,SKU00598,304,91,19,2025-05-09
ST19,SKU00386,259,48,19,2025-06-27
ST05,SKU02484,0,41,14,2025-08-19
ST24,SKU02425,306,66,19,2025-05-09
ST01,SKU01189,0,90,33,2025-08-24
ST14,SKU03362,150,37,18,2025-08-06
ST30,SKU02763,210,51,23,2025-07-12
ST03,SKU01414,0,28,6,2025-09-18
ST21,SKU01567,121,39,14,2025-06-04
ST21,SKU02566,240,51,13,2025-06-22
ST17,SKU00002,0,67,14,2025-09-22
ST12,SKU02331,368,78,37,2025-08-13
ST19,SKU02463,258,43,19,2025-05-15
ST24,SKU00291,0,58,22,2025-09-22
ST06,SKU03284,237,65,20,2025-06-30
ST04,SKU00385,252,49,21,2025-08-13
ST21,SKU00662,120,24,10,2025-08-18
ST02,SKU02248,87,28,11,2025-06-11
ST07,SKU03357,296,69,26,2025-06-05
ST07,SKU00419,330,90,27,2025-07-27
ST07,SKU03063,0,83,19,2025-08-07
ST11,SKU02355,0,27,11,2025-09-29
ST11,SKU01851,466,83,41,2025-06-23
ST17,SKU01827,164,49,16,2025-08-23
ST24,SKU00437,113,20,6,2025-07-24
ST25,SKU01396,536,90,37,2025-07-22
ST13,SKU01651,363,82,31,2025-08-30
ST11,SKU00650,227,65,31,2025-05-26
ST17,SKU02223,88,28,14,2025-07-21
ST01,SKU00521,99,23,9,2025-05-20
ST25,SKU03292,0,49,19,2025-09-08
ST18,SKU03578,0,57,15,2025-09-26
ST29,SKU04499,112,27,13,2025-05-21
ST22,SKU01030,0,47,13,2025-08-19
ST15,SKU01347,282,48,19,2025-06-26
ST06,SKU01158,182,39,15,2025-05-09
ST05,SKU00728,0,54,24,2025-09-21
ST22,SKU03600,377,75,27,2025-06-01
ST10,SKU04757,215,36,18,2025-08-21
ST16,SKU02763,95,24,7,2025-07-08
ST28,SKU02776,0,98,33,2025-10-01
ST02,SKU03428,362,70,25,2025-07-29
ST20,SKU00598,150,45,11,2025-07-12
ST07,SKU00173,270,89,26,2025-08-22
ST09,SKU01274,0,96,26,2025-08-10
ST14,SKU02576,231,40,11,2025-07-20
ST20,SKU00628,0,76,27,2025-09-27
ST24,SKU03504,368,65,28,2025-08-11
ST01,SKU02829,292,70,34,2025-06-08
ST15,SKU04102,236,41,10,2025-06-27
ST04,SKU03580,428,93,42,2025-06-02
ST26,SKU01863,343,86,18,2025-06-28
ST22,SKU00858,371,83,33,2025-05-08
ST01,SKU01915,424,80,16,2025-06-04
ST29,SKU03884,319,96,40,2025-07-15
ST14,SKU02534,227,42,13,2025-07-07
ST06,SKU00692,0,26,6,2025-08-11
ST14,SKU01903,361,94,27,2025-06-30
ST01,SKU04566,282,50,16,2025-08-10
ST12,SKU03129,306,93,21,2025-06-28
ST16,SKU02088,0,84,23,2025-10-10
ST19,SKU02247,0,51,18,2025-09-02
ST06,SKU03851,0,100,29,2025-10-09
ST09,SKU04425,159,44,11,2025-06-27
ST29,SKU00437,208,54,18,2025-08-15
ST15,SKU01770,346,82,39,2025-06-25
ST21,SKU02657,0,37,18,2025-10-03
ST21,SKU01347,418,73,29,2025-09-02
ST30,SKU01224,287,52,11,2025-07-29
ST18,SKU02747,0,47,21,2025-10-04
ST22,SKU00421,132,36,11,2025-06-30
ST02,SKU01766,343,86,35,2025-08-11
ST02,SKU02340,0,66,24,2025-08-07
ST28,SKU01153,0,33,9,2025-08-08
ST08,SKU02446,107,26,9,2025-05-16
ST28,SKU03805,431,88,32,2025-06-04
ST06,SKU01052,127,31,8,2025-06-26
ST18,SKU01911,226,50,20,2025-08-21
ST14,SKU04953,326,64,26,2025-08-20
ST19,SKU04653,415,90,29,2025-06-22
ST24,SKU00932,292,95,32,2025-08-04
ST03,SKU00069,331,57,21,2025-07-20
ST15,SKU03633,0,68,28,2025-08-13
ST03,SKU01582,308,79,17,2025-07-25
ST26,SKU01645,174,57,18,2025-09-01
ST12,SKU04596,0,40,18,2025-09-28
ST21,SKU02248,339,63,22,2025-05-27
ST15,SKU01414,0,28,8,2025-09-06
ST30,SKU01287,226,40,14,2025-05-19
ST23,SKU02969,259,59,23,2025-06-23
ST06,SKU00437,194,43,11,2025-08-23
ST17,SKU00721,272,54,14,2025-07-03
ST18,SKU00140,498,97,35,2025-08-31
ST07,SKU03286,182,45,18,2025-07-01
ST02,SKU04160,248,49,24,2025-05-12
ST14,SKU02194,144,33,12,2025-06-16
ST23,SKU00699,407,95,36,2025-06-13
ST26,SKU02386,476,80,39,2025-08-05
ST30,SKU01662,0,72,22,2025-09-05
ST28,SKU01770,255,74,33,2025-05-24
ST08,SKU01775,0,77,34,2025-10-04
ST15,SKU03833,203,46,14,2025-06-12
ST01,SKU02686,94,27,9,2025-08-24
ST28,SKU04032,0,44,17,2025-08-09
ST14,SKU01048,0,78,28,2025-09-18
ST13,SKU03740,360,70,29,2025-06-21
ST15,SKU04048,190,53,15,2025-05-15
ST01,SKU03281,95,23,7,2025-08-27
ST29,SKU04362,0,59,15,2025-08-16
ST28,SKU04561,198,34,8,2025-08-22
ST30,SKU00105,90,20,9,2025-08-09
ST06,SKU00075,267,61,15,2025-07-13
ST21,SKU03633,0,83,29,2025-09-12
ST16,SKU03548,419,87,34,2025-07-07
ST11,SKU03548,206,68,18,2025-07-07
ST10,SKU03092,132,33,9,2025-08-21
ST22,SKU01834,378,68,16,2025-05-14
ST16,SKU01784,0,43,14,2025-10-06
ST17,SKU04118,235,75,20,2025-05-14
ST16,SKU00466,440,86,31,2025-08-28
ST11,SKU00466,212,49,19,2025-08-04
ST21,SKU04012,0,68,31,2025-10-09
ST04,SKU01775,0,21,6,2025-08-31
ST13,SKU04118,210,57,17,2025-06-29
ST24,SKU00173,407,97,48,2025-07-23
ST17,SKU01828,235,46,20,2025-07-28
ST25,SKU03129,200,40,13,2025-07-02
ST28,SKU00589,176,50,13,2025-07-07
ST07,SKU00328,0,62,27,2025-08-13
ST13,SKU04663,0,29,12,2025-09-01
ST06,SKU02141,0,25,6,2025-09-22
ST26,SKU04305,0,93,38,2025-09-22
ST10,SKU04633,0,67,17,2025-08-28
ST06,SKU04362,0,26,13,2025-09-22
ST13,SKU01828,363,70,26,2025-08-21
ST30,SKU01256,149,35,11,2025-07-30
ST20,SKU00721,365,71,27,2025-08-25
ST04,SKU00462,478,83,34,2025-07-14
ST30,SKU02626,463,93,30,2025-05-25
ST05,SKU03290,284,65,13,2025-08-13
ST10,SKU01138,0,22,5,2025-10-03
ST30,SKU02546,174,40,15,2025-09-02
ST28,SKU04048,298,72,27,2025-06-16
ST15,SKU04392,400,75,28,2025-05-31
ST29,SKU00419,198,49,22,2025-05-18
ST30,SKU01441,550,99,41,2025-05-16
ST12,SKU02472,105,30,9,2025-07-01
ST25,SKU03583,543,91,25,2025-07-21
ST05,SKU01392,268,85,38,2025-06-24
ST15,SKU03991,289,79,29,2025-06-12
ST05,SKU03092,117,24,10,2025-07-23
ST10,SKU01781,133,25,9,2025-08-30
ST20,SKU00237,376,80,19,2025-08-14
ST16,SKU01187,129,25,9,2025-05-17
ST09,SKU02614,0,42,18,2025-08-30
ST24,SKU03274,0,57,17,2025-09-01
ST22,SKU00994,0,60,28,2025-09-10
ST15,SKU00069,412,96,32,2025-05-06
ST02,SKU03173,570,99,43,2025-08-13
ST10,SKU03467,223,52,16,2025-08-08
ST13,SKU01189,0,51,13,2025-09-06
ST15,SKU01582,280,85,42,2025-06-16
ST27,SKU02268,0,84,22,2025-08-12
ST26,SKU00264,0,97,39,2025-09-05
ST06,SKU03357,126,22,6,2025-08-25
ST19,SKU04107,260,44,12,2025-06-06
ST06,SKU03063,0,47,20,2025-08-15
ST20,SKU04142,360,93,45,2025-07-03
ST03,SKU02446,147,35,10,2025-08-22
ST27,SKU02104,243,68,28,2025-08-05
ST06,SKU01790,172,46,20,2025-07-24
ST12,SKU01466,0,100,49,2025-08-07
ST14,SKU04664,325,61,18,2025-06-12
ST25,SKU00706,379,78,21,2025-07-16
ST29,SKU03837,308,54,24,2025-07-16
ST12,SKU00996,0,74,36,2025-08-17
ST04,SKU00416,0,53,12,2025-09-20
ST13,SKU04627,0,43,17,2025-08-20
ST23,SKU02626,366,64,17,2025-06-12
ST23,SKU02546,425,71,16,2025-05-17
ST17,SKU02722,376,76,18,2025-06-13
ST18,SKU01179,71,22,9,2025-06-12
ST18,SKU01558,182,44,21,2025-05-29
ST11,SKU00502,369,73,29,2025-06-26
ST06,SKU00173,151,29,11,2025-08-30
ST28,SKU00069,174,38,13,2025-05-07
ST28,SKU01582,186,34,15,2025-07-25
ST13,SKU02172,193,47,11,2025-05-25
ST08,SKU00936,543,93,42,2025-05-23
ST12,SKU03088,0,65,31,2025-10-07
ST23,SKU04741,98,31,8,2025-07-08
ST29,SKU03274,0,75,29,2025-10-05
ST12,SKU04118,398,89,39,2025-07-17
ST02,SKU00932,462,83,35,2025-08-25
ST10,SKU02155,0,21,10,2025-10-01
ST04,SKU02104,150,30,10,2025-06-29
ST22,SKU01567,514,87,21,2025-05-06
ST22,SKU02566,235,70,26,2025-05-24
ST17,SKU02829,378,71,30,2025-07-28
ST15,SKU03580,422,89,30,2025-05-20
ST08,SKU04605,208,50,22,2025-05-08
ST22,SKU00662,543,97,45,2025-07-28
ST18,SKU02277,254,52,11,2025-08-16
ST22,SKU00972,187,33,15,2025-06-10
ST16,SKU04212,214,37,17,2025-08-14
ST17,SKU04566,191,32,15,2025-06-21
ST19,SKU00860,154,30,7,2025-08-24
ST06,SKU04636,263,64,26,2025-07-22
ST24,SKU02355,0,80,35,2025-08-17
ST24,SKU04046,0,83,37,2025-09-07
ST18,SKU02463,223,42,12,2025-06-16
ST16,SKU04888,238,46,23,2025-08-13
ST08,SKU04783,0,76,35,2025-10-02
ST27,SKU00953,0,63,29,2025-09-15
ST15,SKU02570,451,92,42,2025-06-22
ST20,SKU00774,0,34,13,2025-08-26
ST01,SKU03578,0,35,7,2025-08-30
ST11,SKU02176,0,67,31,2025-09-01
ST05,SKU01340,325,79,25,2025-06-07
ST10,SKU01906,239,67,22,2025-05-26
ST16,SKU01420,0,33,12,2025-09-08
ST20,SKU02969,541,96,41,2025-05-08
ST30,SKU02484,0,60,24,2025-09-07
ST24,SKU00371,369,71,31,2025-08-09
ST21,SKU03709,272,76,20,2025-05-25
ST05,SKU02155,0,93,36,2025-09-25
ST20,SKU00699,123,23,9,2025-05-27
ST16,SKU02103,281,65,30,2025-05-10
ST11,SKU02103,277,49,18,2025-07-14
ST15,SKU02640,0,21,6,2025-08-10
ST19,SKU04489,0,40,10,2025-09-29
ST10,SKU04958,207,64,22,2025-06-16
ST16,SKU01857,146,43,14,2025-06-11
ST02,SKU03935,531,94,33,2025-08-23
ST02,SKU00177,0,100,33,2025-09-18
ST27,SKU04442,366,69,34,2025-07-14
ST24,SKU01903,301,99,25,2025-07-13
ST22,SKU02911,364,83,36,2025-07-31
ST29,SKU00328,0,24,9,2025-09-17
ST26,SKU00083,310,83,33,2025-07-13
ST15,SKU02446,374,70,27,2025-05-19
ST17,SKU02686,415,77,27,2025-06-15
ST20,SKU04566,123,32,9,2025-07-30
ST14,SKU04158,328,55,20,2025-05-15
ST15,SKU01046,297,67,24,2025-07-29
ST17,SKU03281,290,75,32,2025-08-27
ST13,SKU02686,400,98,21,2025-06-25
ST16,SKU04747,150,29,11,2025-05-16
ST14,SKU04670,337,64,21,2025-07-26
ST25,SKU04118,188,32,14,2025-05-17
ST19,SKU01803,174,36,17,2025-05-26
ST22,SKU01347,170,51,23,2025-07-30
ST29,SKU00650,188,39,17,2025-07-26
ST10,SKU00402,164,51,15,2025-05-15
ST28,SKU01356,312,56,25,2025-05-14
ST07,SKU01187,173,29,11,2025-05-17
ST25,SKU01828,334,88,31,2025-07-23
ST08,SKU01048,0,37,11,2025-09-05
ST29,SKU00371,290,49,23,2025-06-14
ST03,SKU02104,363,98,28,2025-08-24
ST09,SKU03129,233,44,13,2025-07-22
ST15,SKU01775,0,43,9,2025-10-04
ST09,SKU03961,429,91,28,2025-06-06
ST02,SKU02558,365,64,20,2025-08-15
ST23,SKU02484,0,72,33,2025-08-28
ST26,SKU01179,170,31,10,2025-07-01
ST16,SKU02255,96,29,7,2025-06-13
ST26,SKU02268,0,52,22,2025-09-14
ST18,SKU03230,364,66,26,2025-08-08
ST26,SKU01407,264,66,16,2025-06-16
ST21,SKU04073,94,25,8,2025-06-07
ST22,SKU01021,0,64,21,2025-09-08
ST01,SKU00140,249,66,25,2025-08-27
ST30,SKU02675,316,79,20,2025-07-14
ST06,SKU00650,67,21,10,2025-05-10
ST12,SKU01915,407,68,34,2025-08-19
ST18,SKU00342,79,25,9,2025-07-25
ST16,SKU03941,334,87,24,2025-08-03
ST25,SKU01189,0,67,30,2025-09-26
ST17,SKU04798,362,95,30,2025-05-21
ST26,SKU00386,200,34,12,2025-08-12
ST22,SKU04032,0,45,18,2025-09-09
ST22,SKU03633,0,98,25,2025-08-17
ST21,SKU03935,114,24,12,2025-08-31
ST24,SKU03548,230,45,18,2025-07-09
ST23,SKU00728,0,60,15,2025-08-08
ST16,SKU04265,184,41,15,2025-05-20
ST11,SKU04265,417,85,25,2025-06-03
ST24,SKU00466,134,38,17,2025-08-24
ST03,SKU04783,0,41,14,2025-08-29
ST16,SKU00317,454,87,31,2025-07-24
ST26,SKU04245,0,47,23,2025-09-13
ST11,SKU03376,349,65,21,2025-07-22
ST18,SKU03491,551,96,36,2025-05-13
ST05,SKU01733,317,85,33,2025-08-15
ST25,SKU00521,210,44,16,2025-05-16
ST08,SKU01675,292,57,11,2025-08-25
ST03,SKU00953,0,29,8,2025-08-08
ST06,SKU02088,0,41,16,2025-10-12
ST28,SKU02923,0,62,27,2025-09-17
ST09,SKU00706,296,59,15,2025-07-04
ST09,SKU02014,130,26,11,2025-06-18
ST14,SKU04461,331,71,21,2025-08-07
ST25,SKU02722,138,44,13,2025-08-22
ST07,SKU04212,212,41,16,2025-05-08
ST14,SKU04414,408,72,25,2025-05-21
ST11,SKU00920,0,57,27,2025-09-23
ST12,SKU04470,159,32,16,2025-05-30
ST12,SKU02686,147,42,13,2025-05-28
ST04,SKU00506,0,86,27,2025-08-06
ST12,SKU03281,443,77,25,2025-05-19
ST08,SKU04425,94,29,6,2025-06-22
ST16,SKU01685,0,23,11,2025-08-21
ST20,SKU04798,111,31,9,2025-07-23
ST13,SKU01645,211,46,22,2025-07-22
ST02,SKU01851,177,36,17,2025-05-14
ST28,SKU00083,282,94,41,2025-07-09
ST08,SKU04664,203,55,14,2025-06-29
ST29,SKU02580,130,28,11,2025-06-27
ST05,SKU03030,0,35,13,2025-08-12
ST29,SKU03548,360,82,18,2025-08-06
ST25,SKU01915,229,69,21,2025-06-21
ST07,SKU02103,252,72,20,2025-08-31
ST14,SKU02892,0,47,13,2025-09-04
ST29,SKU00466,370,73,35,2025-05-21
ST07,SKU01857,396,80,26,2025-06-14
ST04,SKU04425,380,96,31,2025-05-22
ST13,SKU00500,0,53,14,2025-10-10
ST30,SKU03290,257,45,11,2025-06-24
ST30,SKU01677,0,88,40,2025-09-07
ST15,SKU02503,0,92,39,2025-10-01
ST18,SKU04019,307,58,27,2025-05-20
ST18,SKU04381,0,30,12,2025-09-16
ST08,SKU03807,87,25,10,2025-08-03
ST19,SKU03171,0,75,31,2025-10-10
ST06,SKU03548,476,85,42,2025-05-27
ST30,SKU01392,424,75,35,2025-06-10
ST04,SKU01068,375,83,33,2025-05-23
ST05,SKU04319,265,58,22,2025-07-02
ST22,SKU03991,103,33,9,2025-08-27
ST25,SKU03277,124,21,7,2025-07-25
ST11,SKU01030,0,20,5,2025-10-02
ST09,SKU00585,157,30,13,2025-08-07
ST03,SKU00893,0,42,16,2025-08-11
ST05,SKU00845,0,31,15,2025-08-07
ST21,SKU03362,208,44,9,2025-06-02
ST10,SKU03642,162,47,22,2025-07-02
ST13,SKU02532,0,91,19,2025-09-21
ST14,SKU03961,160,29,6,2025-05-28
ST04,SKU01133,254,78,19,2025-08-17
ST11,SKU03600,205,37,14,2025-07-09
ST24,SKU00502,98,29,12,2025-08-18
ST30,SKU03546,0,24,12,2025-09-16
ST28,SKU02104,190,39,14,2025-07-19
ST09,SKU01466,0,46,14,2025-10-10
ST19,SKU00002,0,95,44,2025-09-03
ST12,SKU01863,299,59,19,2025-07-17
ST22,SKU00069,106,30,13,2025-07-14
ST29,SKU01187,257,85,24,2025-06-09
ST22,SKU01582,485,82,28,2025-05-31
ST11,SKU00592,476,100,31,2025-06-06
ST09,SKU02794,167,49,23,2025-08-16
ST25,SKU02686,152,35,9,2025-06-12
ST07,SKU02255,351,90,35,2025-08-25
ST10,SKU00050,0,43,11,2025-10-03
ST18,SKU00740,117,21,9,2025-07-09
ST25,SKU04470,134,24,9,2025-07-03
ST25,SKU03281,530,89,32,2025-05-11
ST02,SKU02194,137,42,16,2025-06-01
ST10,SKU01158,475,100,28,2025-06-14
ST16,SKU00858,140,41,12,2025-08-25
ST24,SKU03425,0,33,15,2025-10-08
ST27,SKU00012,177,33,12,2025-06-19
ST02,SKU04646,0,61,22,2025-09-04
ST10,SKU02858,0,99,44,2025-09-23
ST07,SKU03941,212,38,12,2025-05-08
ST06,SKU01187,164,30,14,2025-06-12
ST27,SKU01171,310,70,17,2025-08-02
ST05,SKU03642,101,26,11,2025-07-07
ST10,SKU00285,0,22,8,2025-09-08
ST06,SKU01032,380,77,34,2025-07-03
ST03,SKU01675,344,92,39,2025-07-25
ST24,SKU00571,197,64,16,2025-08-21
ST25,SKU00531,0,38,17,2025-10-07
ST17,SKU01911,165,47,20,2025-06-09
ST06,SKU03484,87,20,4,2025-07-25
ST09,SKU03259,0,43,21,2025-09-04
ST08,SKU02897,265,51,23,2025-07-17
ST23,SKU01392,510,92,22,2025-08-07
ST29,SKU00502,349,66,23,2025-08-12
ST03,SKU03932,486,88,22,2025-05-09
ST05,SKU01104,126,21,6,2025-06-20
ST23,SKU00830,0,48,19,2025-08-10
ST07,SKU04265,361,84,18,2025-08-20
ST10,SKU00692,0,90,28,2025-10-04
ST25,SKU04612,288,52,19,2025-06-01
ST29,SKU02983,0,67,19,2025-09-29
ST14,SKU02014,116,29,14,2025-05-25
ST17,SKU02471,361,93,33,2025-06-29
ST07,SKU02675,368,94,46,2025-06-27
ST17,SKU00140,175,30,12,2025-06-24
ST21,SKU02534,122,35,13,2025-05-12
ST03,SKU04664,305,99,48,2025-08-12
ST11,SKU00150,353,85,40,2025-06-21
ST05,SKU04160,372,82,18,2025-07-18
ST18,SKU02543,0,36,18,2025-09-14
ST11,SKU01031,152,27,7,2025-08-03
ST23,SKU01993,0,62,26,2025-09-22
ST04,SKU01171,308,95,23,2025-06-24
ST07,SKU00920,0,43,20,2025-08-11
ST04,SKU02897,337,65,15,2025-08-22
ST24,SKU04670,358,98,39,2025-05-08
ST24,SKU00546,315,75,20,2025-08-14
ST19,SKU02526,0,32,10,2025-08-06
ST19,SKU01191,110,26,8,2025-06-05
ST30,SKU00263,0,53,15,2025-09-15
ST04,SKU03108,323,72,21,2025-08-07
ST18,SKU04508,0,100,47,2025-09-30
ST10,SKU02877,272,87,29,2025-05-16
ST03,SKU01133,124,26,7,2025-06-30
ST08,SKU02999,370,68,31,2025-08-16
ST06,SKU02983,0,27,6,2025-08-29
ST26,SKU00986,139,35,15,2025-08-28
ST30,SKU01340,309,59,15,2025-08-22
ST05,SKU04499,207,38,18,2025-08-02
ST10,SKU00437,222,73,25,2025-07-02
ST23,SKU01781,121,26,7,2025-08-22
ST02,SKU01274,0,90,32,2025-08-10
ST16,SKU01834,465,85,24,2025-07-19
ST21,SKU03457,117,25,9,2025-08-21
ST05,SKU00692,0,32,10,2025-08-24
ST06,SKU03199,0,59,19,2025-08-16
ST29,SKU01420,0,68,30,2025-09-11
ST20,SKU03619,547,96,37,2025-09-02
ST05,SKU02425,96,20,7,2025-07-23
ST08,SKU04665,484,86,37,2025-06-28
ST13,SKU01880,220,72,20,2025-07-15
ST01,SKU03230,435,78,38,2025-06-06
ST19,SKU02514,158,38,17,2025-06-18
ST21,SKU04646,0,70,25,2025-09-08
ST09,SKU02172,146,32,6,2025-07-30
ST29,SKU01857,106,32,14,2025-08-03
ST22,SKU02446,101,31,15,2025-05-29
ST16,SKU04261,381,83,21,2025-08-15
ST11,SKU01457,260,67,26,2025-08-08
ST21,SKU01048,0,98,35,2025-09-05
ST06,SKU04888,446,82,27,2025-07-25
ST17,SKU01986,255,79,32,2025-05-09
ST02,SKU02954,0,35,15,2025-10-02
ST14,SKU00585,271,71,24,2025-08-01
ST09,SKU01874,128,35,7,2025-07-28
ST05,SKU03884,438,81,26,2025-08-16
ST20,SKU04757,306,54,23,2025-05-10
ST05,SKU02333,0,97,38,2025-08-17
ST14,SKU03416,104,20,10,2025-08-07
ST14,SKU01371,0,62,19,2025-08-13
ST08,SKU04329,0,31,13,2025-09-23
ST08,SKU02331,313,84,37,2025-08-18
ST05,SKU00437,220,49,16,2025-08-15
ST14,SKU03740,236,44,20,2025-07-18
ST06,SKU02103,347,90,34,2025-08-17
ST26,SKU01981,122,27,8,2025-08-20
ST19,SKU01649,368,86,18,2025-08-13
ST01,SKU03812,0,20,6,2025-09-08
ST23,SKU01340,240,69,27,2025-08-03
ST10,SKU02462,0,98,20,2025-08-29
ST30,SKU02329,264,71,32,2025-08-19
ST11,SKU00994,0,90,26,2025-08-12
ST09,SKU02946,365,72,28,2025-06-20
ST12,SKU00140,135,41,12,2025-05-23
ST03,SKU01171,214,70,27,2025-07-06
ST24,SKU04414,531,100,34,2025-08-22
ST14,SKU02046,0,92,42,2025-09-11
ST03,SKU02897,183,54,20,2025-07-24
ST15,SKU04664,138,42,9,2025-07-10
ST06,SKU04747,179,57,26,2025-05-10
ST12,SKU01037,0,47,14,2025-09-15
ST30,SKU02365,426,82,22,2025-08-27
ST30,SKU04562,0,58,17,2025-08-07
ST26,SKU00012,574,96,29,2025-05-17
ST15,SKU02520,449,87,27,2025-05-12
ST10,SKU00419,233,43,21,2025-05-29
ST13,SKU01179,379,84,33,2025-06-30
ST17,SKU04157,0,96,26,2025-09-07
ST05,SKU04362,0,35,12,2025-09-17
ST13,SKU01558,234,71,34,2025-08-23
ST17,SKU01993,0,51,19,2025-09-22
ST06,SKU02255,275,69,14,2025-05-08
ST24,SKU00631,355,100,36,2025-08-20
ST19,SKU04018,333,65,28,2025-05-24
ST08,SKU03129,227,47,14,2025-07-23
ST01,SKU04321,0,62,13,2025-09-27
ST05,SKU00932,187,38,16,2025-06-03
ST29,SKU04265,342,59,29,2025-05-17
ST11,SKU01567,174,41,10,2025-08-23
ST28,SKU00986,538,92,25,2025-07-24
ST30,SKU04574,0,66,13,2025-09-30
ST07,SKU04453,0,42,20,2025-09-28
ST23,SKU02329,71,21,10,2025-07-08
ST08,SKU02290,457,88,29,2025-08-15
ST05,SKU00262,527,99,48,2025-05-08
ST01,SKU04654,236,71,27,2025-07-04
ST16,SKU00662,289,64,24,2025-05-16
ST11,SKU00972,277,84,26,2025-08-16
ST27,SKU00598,200,66,21,2025-06-11
ST10,SKU00173,106,26,6,2025-06-05
ST17,SKU01781,313,82,34,2025-08-24
ST30,SKU02710,343,75,31,2025-08-09
ST01,SKU04019,117,21,8,2025-06-04
ST29,SKU00920,0,75,28,2025-10-12
ST08,SKU03583,285,60,28,2025-08-05
ST27,SKU00002,0,60,21,2025-10-06
ST09,SKU00531,0,68,30,2025-08-17
ST02,SKU04670,189,44,16,2025-05-17
ST13,SKU02463,328,60,29,2025-05-23
ST17,SKU03467,265,62,22,2025-08-06
ST04,SKU03129,304,85,20,2025-05-13
ST23,SKU02365,79,21,8,2025-05-31
ST06,SKU04265,305,51,14,2025-07-24
ST18,SKU04476,0,72,23,2025-09-22
ST23,SKU01152,0,98,33,2025-09-06
ST29,SKU01685,0,32,11,2025-08-17
ST25,SKU00140,168,50,18,2025-05-11
ST09,SKU04612,114,26,6,2025-05-17
ST23,SKU00402,242,70,24,2025-07-22
ST29,SKU00855,163,52,11,2025-07-20
ST24,SKU03600,242,66,27,2025-05-15
ST20,SKU01988,0,53,16,2025-09-14
ST18,SKU03171,0,80,39,2025-08-10
ST27,SKU01827,145,34,11,2025-08-27
ST02,SKU02740,0,65,31,2025-09-14
ST22,SKU02104,298,53,16,2025-08-16
ST16,SKU04574,0,61,28,2025-08-26
ST27,SKU02223,352,81,33,2025-05-08
ST18,SKU02737,0,28,10,2025-10-09
ST10,SKU04636,222,55,24,2025-05-09
ST03,SKU04329,0,61,20,2025-08-31
ST19,SKU04566,213,69,25,2025-05-28
ST28,SKU01762,402,78,32,2025-07-22
ST04,SKU00598,116,27,13,2025-06-20
ST20,SKU01138,0,31,7,2025-08-07
ST04,SKU03583,100,29,11,2025-05-15
ST06,SKU00920,0,61,19,2025-08-17
ST16,SKU02911,182,42,21,2025-06-07
ST05,SKU00173,270,76,23,2025-05-25
ST23,SKU01733,131,36,10,2025-05-26
ST30,SKU02248,406,78,36,2025-07-21
ST15,SKU01171,189,32,15,2025-07-22
ST04,SKU00002,0,71,35,2025-08-14
ST08,SKU00706,514,88,43,2025-07-02
ST22,SKU00936,257,50,13,2025-07-09
ST24,SKU02436,272,90,20,2025-06-02
ST15,SKU03108,472,99,43,2025-07-03
ST06,SKU03975,432,99,24,2025-05-31
ST20,SKU01781,143,35,12,2025-08-29
ST12,SKU01413,95,26,10,2025-06-03
ST05,SKU03837,521,90,44,2025-08-10
ST12,SKU01179,129,42,14,2025-07-09
ST12,SKU01558,475,95,36,2025-05-20
ST04,SKU02223,343,86,31,2025-07-26
ST29,SKU01030,0,90,19,2025-09-14
ST28,SKU00012,479,85,41,2025-05-23
ST29,SKU03600,342,88,33,2025-07-31
ST05,SKU04636,154,34,14,2025-07-09
ST05,SKU01017,133,24,9,2025-05-31
ST07,SKU00994,0,65,26,2025-09-06
ST27,SKU02381,0,22,9,2025-09-05
ST28,SKU01045,0,95,30,2025-09-19
ST15,SKU03292,0,47,13,2025-09-05
ST28,SKU01171,501,91,38,2025-06-12
ST30,SKU00929,0,46,16,2025-08-18
ST16,SKU01021,0,78,36,2025-09-06
ST13,SKU03230,257,76,32,2025-08-31
ST22,SKU00953,0,66,30,2025-10-02
ST12,SKU02277,124,37,13,2025-07-10
ST24,SKU00150,75,22,11,2025-08-25
ST02,SKU04461,253,44,10,2025-07-01
ST24,SKU01031,217,72,29,2025-08-23
ST14,SKU01317,0,61,24,2025-08-18
ST20,SKU00263,0,44,11,2025-08-21
ST03,SKU03129,149,27,7,2025-08-06
ST14,SKU03150,205,54,20,2025-06-14
ST18,SKU04249,276,84,29,2025-08-15
ST11,SKU01770,322,98,23,2025-06-30
ST19,SKU02079,0,100,47,2025-09-13
ST30,SKU01766,157,47,20,2025-08-03
ST14,SKU04470,500,89,36,2025-08-05
ST17,SKU04958,301,56,23,2025-08-26
ST11,SKU04032,0,94,23,2025-10-06
ST04,SKU02472,181,38,12,2025-06-22
ST23,SKU04126,0,45,15,2025-08-19
ST16,SKU03633,0,31,8,2025-09-12
ST03,SKU00598,252,49,15,2025-06-23
ST24,SKU01834,280,82,37,2025-07-15
ST01,SKU01158,272,56,11,2025-05-27
ST17,SKU03491,252,55,18,2025-06-15
ST21,SKU02999,444,75,23,2025-08-15
ST07,SKU01567,165,46,23,2025-07-18
ST07,SKU02566,259,44,18,2025-09-02
ST10,SKU00371,306,67,25,2025-09-02
ST27,SKU00237,476,96,35,2025-06-27
ST09,SKU02532,0,32,11,2025-08-05
ST30,SKU04160,323,76,37,2025-07-07
ST25,SKU01413,390,83,19,2025-05-12
ST29,SKU04453,0,21,6,2025-09-11
ST25,SKU01179,153,39,16,2025-05-14
ST24,SKU04106,172,31,15,2025-07-11
ST25,SKU01558,247,56,14,2025-05-06
ST09,SKU04035,0,91,18,2025-10-05
ST18,SKU03057,0,70,17,2025-09-26
ST29,SKU00150,363,67,20,2025-06-11
ST14,SKU00531,0,84,38,2025-10-12
ST07,SKU00972,124,25,5,2025-05-09
ST03,SKU03105,71,22,9,2025-08-05
ST11,SKU03833,376,94,32,2025-05-13
ST24,SKU01457,93,30,11,2025-07-25
ST17,SKU00402,370,96,40,2025-08-04
ST28,SKU00286,0,61,27,2025-08-29
ST06,SKU00421,443,79,31,2025-06-11
ST08,SKU04118,461,96,47,2025-07-02
ST18,SKU01678,147,25,11,2025-08-28
ST11,SKU04048,177,41,17,2025-05-12
ST05,SKU02355,0,48,22,2025-08-25
ST30,SKU04499,342,99,33,2025-08-23
ST05,SKU01851,120,30,9,2025-07-09
ST24,SKU00823,0,57,12,2025-09-05
ST23,SKU03642,148,34,10,2025-06-22
ST07,SKU01112,295,98,41,2025-08-31
ST03,SKU00706,399,71,31,2025-08-23
ST20,SKU04958,323,76,23,2025-07-24
ST23,SKU03284,314,85,27,2025-05-30
ST20,SKU03812,0,99,32,2025-08-29
ST04,SKU00237,145,45,21,2025-05-28
ST06,SKU04453,0,77,26,2025-09-14
ST25,SKU00498,317,64,25,2025-05-07
ST07,SKU04574,0,32,13,2025-08-16
ST29,SKU01834,126,24,11,2025-08-08
ST04,SKU03088,0,57,13,2025-08-16
ST06,SKU01031,334,67,19,2025-05-23
ST01,SKU01052,124,25,9,2025-08-05
ST21,SKU04329,0,77,23,2025-09-13
ST12,SKU03230,538,91,20,2025-08-22
ST17,SKU04824,0,98,46,2025-10-02
ST02,SKU00592,500,98,29,2025-07-21
ST04,SKU01754,108,31,12,2025-05-21
ST25,SKU03467,222,38,16,2025-06-16
ST04,SKU01828,119,38,14,2025-07-04
ST18,SKU03251,316,95,37,2025-07-06
ST23,SKU04160,431,99,39,2025-06-21
ST05,SKU01903,191,34,14,2025-07-11
ST20,SKU00402,213,64,24,2025-06-22
ST15,SKU03129,167,36,7,2025-07-18
ST13,SKU04019,206,39,14,2025-08-12
ST02,SKU02436,83,26,7,2025-08-15
ST16,SKU03991,277,79,20,2025-06-17
ST06,SKU01834,421,99,42,2025-05-27
ST11,SKU03991,353,81,37,2025-08-14
ST22,SKU01675,228,58,12,2025-08-08
ST15,SKU02290,182,33,13,2025-07-22
ST04,SKU01542,247,78,17,2025-06-15
ST23,SKU04499,201,50,23,2025-06-25
ST19,SKU03727,0,70,25,2025-09-08
ST18,SKU02763,312,83,32,2025-08-04
ST11,SKU00069,273,69,28,2025-06-17
ST16,SKU01582,270,82,23,2025-06-14
ST23,SKU00692,0,86,29,2025-08-15
ST02,SKU02014,446,95,38,2025-08-31
ST12,SKU03491,89,22,9,2025-06-17
ST15,SKU03583,371,65,15,2025-07-22
ST29,SKU00994,0,23,8,2025-10-04
ST14,SKU02386,243,53,11,2025-07-16
ST30,SKU03828,289,75,29,2025-07-12
ST10,SKU03548,202,42,11,2025-08-05
ST13,SKU00740,225,65,26,2025-07-18
ST07,SKU01021,0,64,30,2025-10-08
ST18,SKU04145,264,54,14,2025-07-15
ST23,SKU04996,436,94,23,2025-06-18
ST22,SKU04664,380,89,25,2025-06-01
ST14,SKU00539,0,56,26,2025-10-05
ST26,SKU02526,0,68,20,2025-09-14
ST26,SKU01191,399,94,27,2025-08-26
ST09,SKU03535,0,21,6,2025-08-14
ST24,SKU00972,359,77,18,2025-07-07
ST27,SKU01915,297,52,18,2025-07-05
ST15,SKU02223,361,77,32,2025-09-02
ST25,SKU03230,151,28,7,2025-08-21
ST27,SKU04566,446,75,37,2025-08-28
ST10,SKU02567,436,99,35,2025-07-15
ST23,SKU00437,363,65,16,2025-08-04
ST28,SKU00598,297,65,15,2025-05-17
ST26,SKU02840,0,40,10,2025-09-16
ST15,SKU00706,71,22,8,2025-05-18
ST05,SKU02580,534,89,25,2025-07-12
ST30,SKU00932,122,30,7,2025-06-26
ST28,SKU04596,0,92,21,2025-09-02
ST17,SKU03621,438,92,26,2025-08-11
ST03,SKU04663,0,45,19,2025-09-22
ST01,SKU02737,0,29,9,2025-08-08
ST05,SKU03548,284,62,30,2025-05-23
ST10,SKU01187,359,65,25,2025-07-19
ST03,SKU01828,282,93,36,2025-05-26
ST16,SKU03580,156,33,12,2025-06-03
ST11,SKU03580,251,64,19,2025-06-02
ST29,SKU01567,188,50,25,2025-05-19
ST05,SKU00466,118,27,10,2025-07-23
ST29,SKU02566,289,84,19,2025-05-16
ST19,SKU00728,0,41,15,2025-09-22
ST15,SKU00350,385,85,34,2025-08-23
ST01,SKU01877,261,53,15,2025-05-07
ST01,SKU03043,348,89,31,2025-06-17
ST13,SKU02543,0,49,18,2025-09-05
ST07,SKU03833,152,30,10,2025-08-07
ST29,SKU00662,249,66,31,2025-06-11
ST01,SKU03357,334,68,29,2025-07-09
ST12,SKU04019,470,90,33,2025-06-09
ST02,SKU00585,164,31,7,2025-08-04
ST29,SKU00972,245,51,11,2025-07-25
ST04,SKU01915,319,54,22,2025-05-29
ST13,SKU04489,0,49,15,2025-08-21
ST23,SKU03504,146,25,7,2025-06-10
ST20,SKU04126,0,85,41,2025-09-22
ST18,SKU01224,235,41,10,2025-06-09
ST11,SKU02570,283,75,29,2025-05-07
ST04,SKU04566,273,76,27,2025-08-26
ST02,SKU03416,294,69,34,2025-08-23
ST07,SKU03523,397,78,28,2025-05-22
ST10,SKU01547,0,41,16,2025-09-11
ST26,SKU01649,433,92,33,2025-08-18
ST15,SKU02381,0,42,15,2025-10-07
ST02,SKU03740,275,51,18,2025-08-22
ST25,SKU03491,539,92,23,2025-07-25
ST26,SKU03251,156,30,13,2025-05-27
ST02,SKU02794,228,51,11,2025-05-31
ST21,SKU00706,180,57,22,2025-08-11
ST06,SKU01567,265,76,34,2025-08-22
ST06,SKU02566,155,29,12,2025-05-25
ST14,SKU02747,0,38,15,2025-08-25
ST02,SKU00823,0,96,48,2025-08-24
ST21,SKU03476,0,91,38,2025-09-14
ST14,SKU00264,0,34,7,2025-08-11
ST23,SKU04362,0,93,32,2025-09-24
ST17,SKU01158,86,20,8,2025-05-22
ST27,SKU03281,425,86,39,2025-08-27
ST24,SKU03805,91,29,7,2025-07-11
ST08,SKU02686,113,26,10,2025-07-05
ST08,SKU04470,263,58,26,2025-07-15
ST05,SKU04348,0,76,31,2025-08-11
ST30,SKU03935,268,89,44,2025-05-23
ST06,SKU04562,0,66,26,2025-08-04
ST14,SKU02408,281,52,20,2025-06-14
ST06,SKU00972,232,49,24,2025-07-05
ST30,SKU00177,0,33,8,2025-09-26
ST09,SKU01179,215,45,14,2025-05-15
ST09,SKU02268,0,84,36,2025-09-18
ST23,SKU00932,157,31,13,2025-07-24
ST04,SKU03277,168,53,11,2025-05-08
ST27,SKU02376,449,82,39,2025-05-09
ST18,SKU01662,0,55,26,2025-10-11
ST10,SKU02983,0,80,23,2025-09-06
ST16,SKU02446,160,30,8,2025-07-09
ST11,SKU02446,275,69,32,2025-06-03
ST22,SKU01171,482,94,31,2025-05-23
ST14,SKU02075,186,54,17,2025-07-08
ST14,SKU02683,0,39,11,2025-09-16
ST22,SKU02614,0,38,13,2025-09-23
ST15,SKU01466,0,98,48,2025-08-30
ST03,SKU00521,349,73,35,2025-06-05
ST01,SKU04249,167,50,12,2025-07-22
ST20,SKU03284,179,39,14,2025-07-09
ST06,SKU01112,370,89,33,2025-06-12
ST04,SKU02686,468,85,22,2025-05-08
ST08,SKU00531,0,43,21,2025-10-12
ST15,SKU00996,0,84,21,2025-09-01
ST24,SKU01770,333,60,28,2025-05-15
ST26,SKU04018,544,99,22,2025-08-08
ST07,SKU03991,254,53,14,2025-05-22
ST18,SKU00105,197,35,9,2025-06-13
ST03,SKU02722,224,47,23,2025-05-27
ST10,SKU04212,196,51,21,2025-08-16
ST09,SKU00386,491,82,18,2025-06-26
ST06,SKU04574,0,27,7,2025-08-07
ST09,SKU00484,0,86,30,2025-10-07
ST27,SKU04273,0,88,37,2025-09-02
ST30,SKU01017,471,97,43,2025-05-26
ST17,SKU01052,277,91,36,2025-07-19
ST30,SKU02558,210,58,19,2025-06-04
ST05,SKU00502,384,74,23,2025-06-03
ST07,SKU01582,425,89,29,2025-07-31
ST27,SKU04798,361,92,31,2025-05-13
ST04,SKU02376,249,59,13,2025-07-11
ST26,SKU03323,0,21,4,2025-08-21
ST13,SKU02538,0,93,40,2025-09-30
ST15,SKU04118,85,20,10,2025-08-24
ST21,SKU00449,506,99,21,2025-06-28
ST20,SKU04693,159,33,16,2025-08-16
ST13,SKU01052,156,45,12,2025-07-17
ST20,SKU02639,300,57,21,2025-06-11
ST19,SKU01986,167,38,10,2025-05-18
ST03,SKU02829,400,75,37,2025-08-30
ST21,SKU00585,247,60,15,2025-06-14
ST18,SKU01256,275,51,14,2025-08-14
ST15,SKU01828,441,77,27,2025-05-18
ST26,SKU02969,310,59,14,2025-08-27
ST03,SKU01915,111,32,9,2025-08-13
ST18,SKU02546,150,39,8,2025-09-01
ST21,SKU03416,130,24,8,2025-05-12
ST29,SKU04102,91,26,12,2025-05-25
ST25,SKU00976,0,93,21,2025-09-16
ST10,SKU02103,171,35,10,2025-08-24
ST29,SKU01021,0,42,16,2025-08-18
ST24,SKU00589,183,54,12,2025-08-12
ST12,SKU04489,0,47,17,2025-10-08
ST23,SKU00173,230,70,24,2025-08-03
ST06,SKU01347,494,87,35,2025-06-26
ST18,SKU01441,478,99,27,2025-08-13
ST20,SKU03291,92,22,7,2025-08-01
ST10,SKU01857,180,35,12,2025-06-12
ST14,SKU00462,437,78,24,2025-07-08
ST05,SKU03425,0,40,16,2025-09-30
ST01,SKU01678,357,73,21,2025-07-25
ST28,SKU00237,183,40,14,2025-05-24
ST29,SKU01770,210,68,30,2025-07-08
ST28,SKU03088,0,81,35,2025-09-30
ST03,SKU00524,406,92,19,2025-07-18
ST05,SKU00571,180,36,12,2025-05-07
ST30,SKU03362,398,91,39,2025-07-05
ST30,SKU00240,237,73,33,2025-06-14
ST28,SKU04142,110,32,7,2025-08-16
ST05,SKU01420,0,28,13,2025-09-18
ST14,SKU00083,140,29,14,2025-08-09
ST23,SKU04636,189,38,10,2025-06-02
ST23,SKU01017,256,77,31,2025-05-17
ST19,SKU01392,472,86,22,2025-08-12
ST07,SKU03580,111,21,5,2025-07-08
ST22,SKU02331,335,96,40,2025-07-26
ST18,SKU00020,0,34,8,2025-09-28
ST19,SKU03092,246,49,23,2025-07-27
ST05,SKU02103,366,93,29,2025-06-22
ST02,SKU01874,141,27,9,2025-06-18
ST17,SKU00767,388,99,37,2025-06-29
ST20,SKU02877,230,53,24,2025-06-01
ST03,SKU02686,262,85,17,2025-05-28
ST13,SKU00169,0,97,29,2025-08-27
ST20,SKU00437,376,93,21,2025-06-03
ST29,SKU03833,312,69,21,2025-07-29
ST24,SKU04392,146,27,7,2025-06-12
ST03,SKU03281,588,100,43,2025-06-09
ST15,SKU00521,465,79,33,2025-06-02
ST28,SKU01542,185,34,12,2025-06-21
ST09,SKU03230,210,61,15,2025-07-21
ST19,SKU01993,0,61,14,2025-10-04
ST19,SKU04633,0,59,13,2025-08-23
ST30,SKU01851,130,32,12,2025-07-10
ST09,SKU04653,268,81,25,2025-08-13
ST29,SKU04048,338,84,32,2025-06-06
ST10,SKU04475,294,69,17,2025-08-03
ST30,SKU00190,0,88,30,2025-08-15
ST14,SKU01179,138,38,11,2025-06-06
ST02,SKU02946,224,52,15,2025-06-30
ST17,SKU00262,375,94,25,2025-08-28
ST11,SKU02104,65,21,7,2025-07-18
ST21,SKU04140,0,74,16,2025-08-10
ST24,SKU00069,146,45,19,2025-05-21
ST12,SKU01052,404,78,23,2025-07-22
ST25,SKU04489,0,73,28,2025-09-03
ST30,SKU01229,90,22,5,2025-07-21
ST01,SKU02630,229,52,23,2025-05-14
ST26,SKU00105,523,97,45,2025-06-21
ST02,SKU01153,0,22,9,2025-08-29
ST19,SKU01781,179,42,14,2025-07-31
ST17,SKU01877,302,60,14,2025-06-24
ST20,SKU03504,181,41,13,2025-06-10
ST08,SKU02532,0,30,8,2025-09-13
ST01,SKU04145,319,72,24,2025-08-15
ST07,SKU02446,261,44,14,2025-06-15
ST17,SKU03357,274,77,36,2025-07-17
ST17,SKU03063,0,45,15,2025-08-20
ST17,SKU00419,84,22,4,2025-05-10
ST28,SKU04627,0,35,13,2025-10-01
ST30,SKU02534,176,37,11,2025-08-12
ST30,SKU01903,510,97,39,2025-06-05
ST16,SKU00936,167,32,15,2025-08-26
ST02,SKU01317,0,22,8,2025-08-30
ST15,SKU01915,414,95,45,2025-07-29
ST14,SKU00386,434,78,26,2025-06-11
ST22,SKU03129,228,68,19,2025-06-16
ST20,SKU02462,0,97,43,2025-09-28
ST26,SKU04191,0,80,33,2025-08-08
ST26,SKU02626,390,71,15,2025-05-18
ST28,SKU02969,256,71,21,2025-05-13
ST21,SKU02172,397,79,24,2025-06-26
ST18,SKU02484,0,82,29,2025-08-27
ST30,SKU04953,188,33,13,2025-08-15
ST14,SKU02463,149,29,14,2025-05-10
ST07,SKU02449,0,50,19,2025-08-05
ST23,SKU01851,193,46,13,2025-06-01
ST26,SKU04273,0,49,24,2025-08-06
ST09,SKU00369,0,77,29,2025-08-25
ST29,SKU00069,199,34,8,2025-06-21
ST26,SKU04798,359,92,22,2025-07-21
ST10,SKU00855,180,30,6,2025-06-22
ST29,SKU01582,185,59,17,2025-05-25
ST28,SKU02829,306,54,25,2025-05-24
ST23,SKU03864,253,75,24,2025-08-21
ST15,SKU03277,78,20,6,2025-05-19
ST02,SKU04561,401,89,39,2025-08-24
ST09,SKU04346,0,71,23,2025-09-06
ST30,SKU02194,429,81,32,2025-08-21
ST19,SKU01340,243,64,31,2025-06-02
ST11,SKU00953,0,38,13,2025-10-11
ST29,SKU00062,0,89,40,2025-08-09
ST05,SKU03376,343,69,30,2025-05-15
ST20,SKU03357,263,62,29,2025-06-08
ST20,SKU00419,332,90,43,2025-07-02
ST12,SKU02141,0,21,7,2025-09-30
ST25,SKU03851,0,49,14,2025-08-24
ST06,SKU03991,436,92,36,2025-05-13
ST15,SKU02686,92,21,5,2025-07-06
ST16,SKU04532,157,46,10,2025-05-19
ST13,SKU04249,422,95,19,2025-06-17
ST23,SKU01903,287,62,16,2025-07-02
ST27,SKU00140,329,78,28,2025-08-03
ST26,SKU00020,0,86,38,2025-09-13
ST24,SKU02570,259,82,35,2025-06-06
ST22,SKU02223,152,27,6,2025-08-29
ST15,SKU03281,427,88,32,2025-05-07
ST25,SKU01052,289,80,36,2025-08-28
ST08,SKU00140,430,73,16,2025-08-01
ST06,SKU01582,103,23,10,2025-08-18
ST22,SKU00706,86,26,6,2025-07-31
ST23,SKU02088,0,40,16,2025-08-23
ST27,SKU04757,370,80,29,2025-07-11
ST25,SKU02877,218,46,21,2025-06-07
ST15,SKU02376,226,75,18,2025-05-14
ST13,SKU02526,0,100,44,2025-09-02
ST16,SKU02194,259,44,22,2025-06-25
ST08,SKU03840,0,69,15,2025-08-21
ST15,SKU00531,0,27,8,2025-08-21
ST17,SKU03286,243,45,13,2025-08-11
ST18,SKU02675,211,65,20,2025-08-09
ST24,SKU02446,450,97,37,2025-07-27
ST04,SKU00140,324,99,20,2025-07-05
ST28,SKU02686,203,47,23,2025-06-16
ST25,SKU03179,269,49,18,2025-09-02
ST13,SKU03057,0,72,28,2025-08-13
ST15,SKU04350,0,60,27,2025-09-16
ST14,SKU04653,287,59,17,2025-07-02
ST24,SKU04901,244,72,17,2025-08-22
ST17,SKU01678,409,97,24,2025-05-11
ST21,SKU04470,307,90,33,2025-06-17
ST09,SKU00965,310,58,17,2025-05-12
ST19,SKU02329,105,25,8,2025-08-18
ST13,SKU01678,301,81,30,2025-08-02
ST18,SKU01568,341,77,37,2025-08-03
ST29,SKU02570,341,83,24,2025-08-04
ST25,SKU00075,367,87,38,2025-06-13
ST09,SKU01762,447,94,34,2025-05-22
ST05,SKU00363,0,53,12,2025-08-05
ST16,SKU00893,0,32,15,2025-08-23
ST04,SKU03840,0,62,26,2025-08-11
ST20,SKU04636,190,40,15,2025-08-15
ST02,SKU01645,226,63,16,2025-06-02
ST27,SKU01986,148,34,15,2025-07-12
ST28,SKU04147,140,27,12,2025-07-26
ST16,SKU00501,362,66,33,2025-08-17
ST25,SKU00767,130,39,14,2025-07-05
ST30,SKU04348,0,61,22,2025-09-24
ST05,SKU03600,196,44,10,2025-07-16
ST18,SKU01919,304,55,27,2025-05-31
ST23,SKU02580,150,35,9,2025-06-29
ST21,SKU03744,343,92,46,2025-07-10
ST04,SKU01880,255,60,27,2025-06-17
ST23,SKU03548,230,48,18,2025-06-25
ST01,SKU01256,361,89,33,2025-07-09
ST02,SKU00539,0,71,14,2025-09-23
ST05,SKU00592,190,55,18,2025-07-09
ST07,SKU00936,154,41,20,2025-08-31
ST29,SKU02446,371,76,24,2025-09-02
ST07,SKU02503,0,94,29,2025-08-11
ST12,SKU04249,273,86,37,2025-06-13
ST01,SKU01441,105,25,8,2025-09-01
ST02,SKU04315,0,70,26,2025-08-14
ST17,SKU00650,169,33,11,2025-05-26
ST28,SKU04798,423,84,35,2025-06-18
ST05,SKU02436,333,90,41,2025-08-08
ST01,SKU00507,507,85,32,2025-06-30
ST16,SKU01675,380,78,20,2025-05-08
ST18,SKU01438,0,79,39,2025-08-31
ST27,SKU03092,117,23,7,2025-08-07
ST30,SKU00502,438,86,37,2025-07-09
ST24,SKU00083,278,71,21,2025-05-18
ST27,SKU01413,105,23,11,2025-05-30
ST13,SKU02763,359,81,24,2025-08-31
ST22,SKU04118,176,48,19,2025-05-20
ST06,SKU02446,230,74,22,2025-08-21
ST12,SKU02930,0,40,11,2025-09-06
ST25,SKU03063,0,86,43,2025-08-26
ST13,SKU02630,126,24,5,2025-07-02
ST08,SKU01179,105,20,5,2025-08-26
ST08,SKU01558,214,58,15,2025-05-28
ST03,SKU00140,311,94,23,2025-07-13
ST27,SKU04157,0,73,29,2025-09-27
ST23,SKU04348,0,32,8,2025-09-12
ST22,SKU01828,146,37,10,2025-06-26
ST18,SKU03290,440,75,36,2025-05-12
ST16,SKU04664,443,81,39,2025-07-27
ST10,SKU01834,180,35,13,2025-05-23
ST15,SKU00500,0,82,34,2025-10-01
ST27,SKU01138,0,67,16,2025-08-13
ST30,SKU03425,0,63,30,2025-08-30
ST14,SKU00986,324,93,37,2025-06-30
ST12,SKU01678,135,34,9,2025-06-25
ST16,SKU01068,231,49,24,2025-08-08
ST05,SKU01031,248,62,16,2025-05-23
ST18,SKU01392,275,62,25,2025-07-03
ST01,SKU02401,0,82,18,2025-08-25
ST21,SKU01645,466,92,23,2025-06-21
ST10,SKU04106,213,68,15,2025-05-08
ST12,SKU04215,150,26,12,2025-05-08
ST06,SKU02907,142,32,14,2025-08-11
ST11,SKU01133,123,30,12,2025-07-15
ST14,SKU04381,0,92,23,2025-10-04
ST14,SKU04107,312,63,25,2025-07-27
ST20,SKU03864,472,95,43,2025-07-07
ST24,SKU01407,531,95,21,2025-07-31
ST27,SKU01781,253,46,11,2025-06-07
ST02,SKU00264,0,87,21,2025-08-30
ST22,SKU01189,0,31,11,2025-09-21
ST07,SKU03457,309,90,38,2025-05-18
ST21,SKU00251,353,70,17,2025-05-20
ST03,SKU01880,78,24,10,2025-06-06
ST16,SKU03807,143,34,11,2025-06-15
ST14,SKU04041,0,36,16,2025-10-06
ST08,SKU02463,345,96,30,2025-07-30
ST24,SKU02104,223,57,20,2025-07-10
ST27,SKU03467,154,45,11,2025-08-15
ST07,SKU02194,491,89,26,2025-05-13
ST11,SKU03603,144,26,11,2025-07-02
ST23,SKU00502,346,100,23,2025-08-28
ST19,SKU04319,246,72,28,2025-05-13
ST05,SKU01834,362,81,18,2025-06-18
ST19,SKU04126,0,59,17,2025-09-27
ST02,SKU01356,263,56,13,2025-05-19
ST14,SKU00965,173,43,20,2025-06-16
ST10,SKU00994,0,57,28,2025-08-17
ST09,SKU02538,0,47,19,2025-09-23
ST03,SKU01986,422,99,48,2025-08-14
ST22,SKU04627,0,67,31,2025-09-04
ST25,SKU02526,0,42,15,2025-08-08
ST30,SKU04670,195,39,17,2025-07-30
ST14,SKU00401,313,91,23,2025-08-17
ST05,SKU01457,371,95,34,2025-08-09
ST04,SKU01781,366,86,30,2025-05-27
ST13,SKU01224,253,43,13,2025-05-16
ST15,SKU03436,304,80,20,2025-06-24
ST21,SKU02532,0,87,39,2025-10-10
ST25,SKU02930,0,74,18,2025-08-15
ST22,SKU02172,534,90,38,2025-07-23
ST17,SKU03548,237,66,19,2025-06-05
ST04,SKU03467,253,46,13,2025-05-29
ST30,SKU02740,0,43,12,2025-10-03
ST12,SKU02763,265,74,24,2025-08-11
ST07,SKU00501,512,87,42,2025-07-01
ST23,SKU04888,342,63,15,2025-07-26
ST12,SKU02630,448,84,25,2025-05-17
ST23,SKU02176,0,49,16,2025-08-27
ST29,SKU02104,173,34,7,2025-06-23
ST13,SKU01287,94,24,12,2025-06-03
ST25,SKU01678,323,77,23,2025-07-10
ST11,SKU03907,0,91,35,2025-08-19
ST11,SKU01171,272,66,25,2025-08-16
ST15,SKU00140,383,76,23,2025-08-30
ST14,SKU00012,317,69,24,2025-07-28
ST22,SKU01915,83,23,10,2025-07-03
ST22,SKU00942,0,75,37,2025-09-02
ST23,SKU02103,195,35,11,2025-06-09
ST11,SKU03108,176,39,15,2025-07-14
ST18,SKU00263,0,70,28,2025-09-17
ST10,SKU01567,182,31,13,2025-06-19
ST10,SKU02566,178,47,14,2025-06-23
ST29,SKU00936,258,51,12,2025-07-23
ST03,SKU01413,465,90,39,2025-06-08
ST15,SKU04757,305,64,14,2025-08-22
ST21,SKU02747,0,52,19,2025-09-18
ST10,SKU00662,265,54,13,2025-06-23
ST03,SKU01558,303,85,29,2025-07-08
ST10,SKU00972,322,81,28,2025-05-13
ST28,SKU01911,259,64,16,2025-05-23
ST22,SKU02946,148,30,6,2025-08-27
ST06,SKU02104,199,42,12,2025-06-25
ST19,SKU04160,88,20,8,2025-07-13
ST13,SKU00105,343,66,13,2025-06-08
ST29,SKU04913,0,37,8,2025-08-11
ST19,SKU02639,216,59,26,2025-05-26
ST27,SKU01906,300,58,18,2025-06-22
ST20,SKU03548,203,67,23,2025-05-12
ST15,SKU03535,0,27,13,2025-10-07
ST01,SKU04265,329,73,18,2025-06-15
ST21,SKU02075,537,96,30,2025-08-26
ST20,SKU00466,145,38,15,2025-07-01
ST22,SKU03277,157,49,21,2025-06-22
ST02,SKU00083,192,47,18,2025-08-14
ST28,SKU00140,216,46,18,2025-05-24
ST17,SKU01256,394,67,32,2025-08-10
ST06,SKU00936,283,77,18,2025-06-12
ST10,SKU01112,81,20,9,2025-08-08
ST11,SKU02999,207,42,14,2025-07-19
ST27,SKU04958,145,33,9,2025-08-21
ST01,SKU02675,522,94,29,2025-07-04
ST01,SKU00032,359,81,30,2025-06-06
ST14,SKU01042,268,57,28,2025-07-19
ST07,SKU04664,461,96,45,2025-08-21
ST13,SKU02626,168,37,12,2025-07-17
ST19,SKU00692,0,22,7,2025-09-25
ST12,SKU00551,76,22,10,2025-05-07
ST28,SKU04757,432,89,36,2025-07-16
ST26,SKU04551,0,47,14,2025-09-03
ST12,SKU01224,247,70,29,2025-05-16
ST13,SKU01441,358,77,18,2025-05-14
ST25,SKU02763,307,83,24,2025-05-26
ST19,SKU02425,97,30,12,2025-08-06
ST17,SKU00507,402,86,35,2025-08-31
ST22,SKU03281,367,73,19,2025-05-12
ST16,SKU04665,513,93,42,2025-06-21
ST09,SKU00628,0,35,17,2025-08-28
ST18,SKU01423,578,99,28,2025-08-03
ST27,SKU00402,88,22,6,2025-07-24
ST26,SKU01781,271,77,17,2025-06-13
ST04,SKU04958,518,89,19,2025-06-18
ST28,SKU01880,328,67,17,2025-05-10
ST30,SKU00631,335,83,18,2025-08-24
ST23,SKU04771,335,98,43,2025-06-06
ST01,SKU01919,298,98,41,2025-07-29
ST17,SKU03199,0,88,21,2025-09-30
ST19,SKU00437,320,57,15,2025-05-29
ST16,SKU02331,408,96,22,2025-08-10
ST11,SKU02331,263,56,18,2025-05-16
ST13,SKU00020,0,51,12,2025-09-09
ST06,SKU04532,458,87,23,2025-07-29
ST20,SKU01547,0,59,29,2025-09-30
ST18,SKU02365,296,68,23,2025-05-19
ST22,SKU04612,165,38,14,2025-07-06
ST02,SKU00386,180,50,19,2025-08-01
ST08,SKU04321,0,25,6,2025-08-24
ST21,SKU02648,0,68,21,2025-08-30
ST29,SKU02662,299,59,14,2025-06-14
ST02,SKU00484,0,35,11,2025-10-01
ST02,SKU04491,490,86,25,2025-07-17
ST04,SKU00402,219,66,22,2025-06-23
ST15,SKU01413,295,55,13,2025-05-28
ST15,SKU01558,154,26,11,2025-07-06
ST02,SKU02463,251,45,20,2025-06-05
ST06,SKU02194,142,25,8,2025-08-19
ST07,SKU03863,240,54,20,2025-08-08
ST21,SKU00083,131,31,8,2025-08-04
ST22,SKU01863,112,36,16,2025-07-07
ST09,SKU04249,208,69,20,2025-05-21
ST08,SKU04019,111,26,5,2025-05-28
ST13,SKU01822,372,92,43,2025-05-31
ST26,SKU01340,157,33,12,2025-08-04
ST18,SKU03493,323,85,21,2025-06-29
ST03,SKU03230,386,78,28,2025-05-18
ST06,SKU01048,0,88,44,2025-08-31
ST27,SKU02302,430,88,39,2025-05-30
ST25,SKU01224,370,78,20,2025-05-13
ST24,SKU04425,165,51,22,2025-07-06
ST23,SKU00631,365,84,19,2025-07-14
ST18,SKU00254,0,79,35,2025-08-14
ST01,SKU03290,351,67,15,2025-06-21
ST07,SKU02897,116,27,6,2025-08-08
ST15,SKU02277,294,52,16,2025-05-11
ST04,SKU04824,0,29,9,2025-08-13
ST12,SKU01441,398,76,33,2025-06-11
ST28,SKU03092,496,97,40,2025-09-02
ST19,SKU00932,90,24,5,2025-08-19
ST16,SKU03129,483,92,36,2025-06-02
ST11,SKU03129,213,49,20,2025-07-27
ST30,SKU02436,89,22,7,2025-06-29
ST29,SKU00506,0,28,8,2025-08-27
ST24,SKU03053,0,30,13,2025-08-26
ST08,SKU00740,449,88,27,2025-05-30
ST21,SKU01179,310,83,35,2025-08-29
ST21,SKU01558,124,29,7,2025-08-06
ST20,SKU04888,169,56,21,2025-08-20
ST28,SKU04157,0,73,16,2025-09-15
ST16,SKU02290,452,80,17,2025-06-22
ST28,SKU01988,0,43,13,2025-09-11
ST11,SKU02290,90,28,6,2025-05-08
ST03,SKU04958,480,97,24,2025-05-28
ST09,SKU03057,0,88,35,2025-10-07
ST04,SKU00976,0,92,39,2025-09-04
ST29,SKU01675,264,67,28,2025-08-23
ST08,SKU03627,349,81,23,2025-07-05
ST10,SKU04048,303,53,16,2025-06-10
ST26,SKU04847,0,64,21,2025-09-25
ST09,SKU02840,0,30,8,2025-08-17
ST29,SKU00654,257,84,24,2025-07-25
ST11,SKU00598,526,96,22,2025-05-26
ST30,SKU02014,337,64,13,2025-08-03
ST11,SKU03583,121,22,4,2025-06-14
ST17,SKU02255,149,25,10,2025-06-10
ST02,SKU02247,0,69,27,2025-10-09
ST19,SKU03357,355,74,25,2025-07-07
ST19,SKU00419,303,57,18,2025-08-16
ST30,SKU03476,0,69,29,2025-08-30
ST05,SKU04561,253,72,18,2025-08-01
ST12,SKU00020,0,45,15,2025-09-20
ST06,SKU00506,0,94,41,2025-09-20
ST23,SKU03600,327,59,17,2025-06-17
ST20,SKU01857,356,89,41,2025-05-29
ST18,SKU02248,162,48,22,2025-08-20
ST29,SKU04425,219,60,15,2025-07-26
ST26,SKU02329,307,55,23,2025-05-25
ST19,SKU01790,354,88,33,2025-05-27
ST05,SKU01414,0,51,22,2025-08-20
ST28,SKU01781,134,34,14,2025-07-23
ST29,SKU04664,408,70,20,2025-08-14
ST17,SKU00906,281,51,19,2025-06-10
ST17,SKU03941,127,27,13,2025-05-20
ST06,SKU01675,167,33,13,2025-06-01
ST18,SKU04319,384,87,25,2025-07-02
ST10,SKU02950,0,65,28,2025-08-17
ST11,SKU01827,449,76,16,2025-05-26
ST28,SKU03467,180,41,11,2025-06-21
ST06,SKU00654,383,84,29,2025-08-16
ST07,SKU04665,418,80,29,2025-05-30
ST05,SKU03833,124,22,8,2025-06-20
ST11,SKU02223,197,38,15,2025-05-17
ST09,SKU01649,252,65,28,2025-08-02
ST23,SKU02436,419,77,35,2025-08-02
ST26,SKU02365,291,88,31,2025-06-18
ST10,SKU04392,262,86,31,2025-05-19
ST29,SKU01133,182,58,20,2025-07-04
ST22,SKU04305,0,72,19,2025-10-12
ST05,SKU04048,325,70,22,2025-05-27
ST25,SKU01256,218,39,19,2025-07-15
ST09,SKU03251,363,80,22,2025-08-03
ST16,SKU00706,200,59,15,2025-06-26
ST27,SKU03284,318,74,24,2025-07-03
ST16,SKU02014,181,37,14,2025-05-10
ST06,SKU04425,235,71,32,2025-07-17
ST25,SKU02626,63,21,10,2025-05-25
ST17,SKU04265,190,48,10,2025-08-09
ST26,SKU00402,309,66,14,2025-06-04
ST06,SKU04664,341,79,34,2025-06-03
ST10,SKU03991,206,53,13,2025-05-27
ST18,SKU00929,0,59,29,2025-09-02
ST24,SKU00012,107,27,9,2025-05-22
ST29,SKU03807,137,44,12,2025-05-26
ST15,SKU03230,236,65,29,2025-05-13
ST11,SKU00350,313,59,28,2025-07-19
ST10,SKU00069,229,66,16,2025-09-02
ST24,SKU01171,469,94,43,2025-07-22
ST26,SKU01733,334,100,38,2025-08-04
ST30,SKU00585,416,84,35,2025-07-06
ST19,SKU04636,291,94,29,2025-08-06
ST26,SKU01485,0,64,18,2025-08-23
ST24,SKU03108,268,63,27,2025-07-20
ST30,SKU01457,296,97,41,2025-05-17
ST20,SKU04475,276,90,36,2025-07-12
ST11,SKU02381,0,88,27,2025-08-20
ST03,SKU00976,0,75,21,2025-09-21
ST17,SKU03975,102,25,11,2025-08-08
ST09,SKU04145,345,75,37,2025-06-12
ST04,SKU04508,0,23,7,2025-08-17
ST03,SKU02302,319,68,32,2025-07-03
ST25,SKU00376,0,79,33,2025-08-21
ST27,SKU03291,374,83,22,2025-05-21
ST06,SKU03807,94,21,6,2025-07-05
ST15,SKU04958,152,36,13,2025-06-23
ST05,SKU03991,327,62,25,2025-08-17
ST19,SKU04795,170,47,10,2025-06-21
ST27,SKU00692,0,20,8,2025-09-11
ST18,SKU04160,381,81,31,2025-07-04
ST12,SKU02255,201,41,19,2025-05-28
ST21,SKU03230,335,73,24,2025-07-01
ST05,SKU00069,120,30,14,2025-06-14
ST23,SKU03773,146,31,15,2025-08-05
ST05,SKU01582,292,62,15,2025-05-28
ST22,SKU00140,176,31,11,2025-06-14
ST03,SKU01578,0,38,15,2025-09-04
ST04,SKU02639,135,24,8,2025-08-03
ST23,SKU01834,230,63,26,2025-07-20
ST09,SKU02969,352,60,18,2025-07-01
ST03,SKU03627,461,78,16,2025-06-28
ST16,SKU01371,0,76,23,2025-08-04
ST29,SKU01171,476,98,45,2025-05-08
ST27,SKU01052,105,20,5,2025-06-02
ST29,SKU02897,293,74,19,2025-06-09
ST20,SKU00920,0,76,17,2025-09-21
ST13,SKU03347,493,97,47,2025-07-23
ST02,SKU00986,349,69,32,2025-06-05
ST07,SKU04154,0,96,41,2025-09-18
ST07,SKU03129,242,41,12,2025-05-07
ST16,SKU00996,0,25,6,2025-09-26
ST07,SKU03961,173,54,21,2025-05-26
ST11,SKU00996,0,31,14,2025-08-23
ST18,SKU04499,279,85,19,2025-06-09
ST17,SKU01030,0,45,14,2025-08-11
ST28,SKU04958,284,87,26,2025-07-18
ST23,SKU04261,344,89,35,2025-08-12
ST23,SKU01457,102,28,12,2025-07-22
ST02,SKU04710,0,24,9,2025-08-13
ST28,SKU03812,0,99,46,2025-08-12
ST20,SKU03975,386,73,15,2025-08-16
ST11,SKU00237,160,52,22,2025-08-23
ST20,SKU00855,247,71,18,2025-08-16
ST27,SKU00437,463,98,36,2025-07-14
ST25,SKU03152,197,42,11,2025-05-15
ST09,SKU00551,112,33,13,2025-06-17
ST22,SKU03535,0,41,10,2025-08-29
ST26,SKU00845,0,40,11,2025-09-30
ST09,SKU01224,302,66,30,2025-07-20
ST12,SKU01337,258,73,25,2025-05-12
ST11,SKU04118,458,79,26,2025-05-12
ST29,SKU01396,222,43,9,2025-08-04
ST23,SKU00823,0,36,15,2025-08-04
ST05,SKU00974,0,42,12,2025-08-27
ST03,SKU03621,236,44,9,2025-05-12
ST06,SKU02897,216,40,15,2025-05-23
ST19,SKU02355,0,57,22,2025-08-09
ST17,SKU01370,0,47,12,2025-09-17
ST12,SKU00032,169,54,21,2025-07-10
ST04,SKU01052,293,56,28,2025-05-15
ST01,SKU02566,420,73,16,2025-08-29
ST17,SKU01677,0,80,18,2025-09-06
ST16,SKU01828,114,21,5,2025-07-06
ST02,SKU00965,124,27,12,2025-08-14
ST08,SKU03179,89,25,8,2025-08-24
ST29,SKU02999,78,20,8,2025-08-09
ST24,SKU02331,215,40,12,2025-08-11
ST13,SKU03290,351,67,22,2025-08-27
ST02,SKU00740,330,75,29,2025-08-10
ST01,SKU00662,285,78,21,2025-08-01
ST18,SKU03884,147,35,9,2025-06-21
ST28,SKU00402,276,48,10,2025-09-02
ST04,SKU02692,0,93,34,2025-09-29
ST01,SKU04562,0,67,33,2025-09-25
ST04,SKU02877,278,60,22,2025-07-26
ST14,SKU02531,0,85,22,2025-10-07
ST03,SKU04508,0,30,12,2025-08-16
ST10,SKU02446,350,83,22,2025-05-20
ST13,SKU01392,335,78,39,2025-06-16
ST17,SKU00421,146,34,15,2025-05-09
ST27,SKU00767,173,29,11,2025-08-09
ST11,SKU01542,423,75,29,2025-06-06
ST25,SKU02255,512,95,42,2025-06-30
ST28,SKU01733,119,25,10,2025-08-17
ST18,SKU03173,230,42,17,2025-07-06
ST22,SKU00691,164,46,16,2025-08-21
ST20,SKU03600,390,73,27,2025-07-01
ST07,SKU00706,238,66,17,2025-07-05
ST09,SKU00538,0,70,27,2025-09-10
ST07,SKU02014,465,87,19,2025-07-09
ST08,SKU00169,0,36,15,2025-09-15
ST11,SKU01189,0,21,8,2025-09-28
ST16,SKU04140,0,88,41,2025-09-22
ST01,SKU04574,0,29,14,2025-10-04
ST17,SKU04453,0,69,33,2025-09-23
ST09,SKU00105,269,45,12,2025-06-07
ST10,SKU02449,0,68,32,2025-08-11
ST08,SKU04476,0,23,8,2025-09-19
ST02,SKU00012,241,48,18,2025-06-18
ST01,SKU02911,200,34,16,2025-05-17
ST27,SKU00262,341,68,31,2025-06-15
ST03,SKU03291,193,34,7,2025-08-25
ST20,SKU00858,573,97,23,2025-08-22
ST21,SKU04381,0,84,39,2025-08-14
ST23,SKU01567,333,78,25,2025-07-12
ST14,SKU04018,451,93,26,2025-05-06
ST26,SKU04160,214,45,20,2025-06-25
ST26,SKU00821,242,73,22,2025-07-01
ST05,SKU02446,336,97,40,2025-06-11
ST16,SKU00521,199,41,9,2025-08-27
ST26,SKU04443,70,22,5,2025-07-02
ST22,SKU01179,250,52,26,2025-06-17
ST22,SKU01558,582,99,25,2025-05-22
ST09,SKU04191,0,91,28,2025-09-19
ST23,SKU00972,376,84,21,2025-05-17
ST10,SKU02923,0,50,23,2025-08-28
ST27,SKU03357,387,100,39,2025-07-11
ST09,SKU02546,454,98,23,2025-09-02
ST16,SKU02172,244,53,26,2025-06-24
ST26,SKU00285,0,97,44,2025-08-29
ST24,SKU02290,295,73,23,2025-06-06
ST18,SKU00932,268,58,23,2025-06-05
ST09,SKU01441,289,65,18,2025-06-14
ST27,SKU01790,307,100,45,2025-05-19
ST02,SKU01538,178,32,12,2025-08-21
ST06,SKU02331,271,53,12,2025-06-05
ST09,SKU04273,0,92,35,2025-09-01
ST14,SKU02969,127,25,11,2025-05-23
ST07,SKU00449,173,35,12,2025-06-08
ST15,SKU03621,157,45,12,2025-06-19
ST04,SKU02737,0,73,20,2025-09-09
ST05,SKU01775,0,61,18,2025-08-07
ST12,SKU03290,569,97,41,2025-08-17
ST11,SKU02829,256,53,12,2025-05-20
ST01,SKU02248,405,96,25,2025-08-14
ST02,SKU01042,288,70,18,2025-05-30
ST03,SKU02877,209,55,12,2025-08-18
ST07,SKU00585,409,86,24,2025-07-16
ST24,SKU00002,0,58,28,2025-10-02
ST22,SKU02277,338,60,27,2025-06-30
ST18,SKU04073,523,92,26,2025-07-06
ST26,SKU02425,431,84,39,2025-07-13
ST19,SKU02580,298,76,32,2025-06-06
ST18,SKU03353,0,48,19,2025-10-07
ST27,SKU00173,472,86,19,2025-06-08
ST07,SKU01466,0,85,21,2025-09-06
ST04,SKU03043,249,72,18,2025-06-18
ST05,SKU03311,481,97,26,2025-05-12
ST05,SKU00462,250,62,13,2025-06-01
ST21,SKU00954,123,40,12,2025-06-13
ST04,SKU00419,202,51,24,2025-05-08
ST19,SKU03548,339,82,31,2025-07-10
ST29,SKU03129,299,52,26,2025-05-11
ST05,SKU02923,0,58,15,2025-08-07
ST13,SKU01340,117,28,6,2025-05-26
ST16,SKU02946,108,31,11,2025-07-28
ST14,SKU01224,384,75,22,2025-06-27
ST07,SKU04756,0,61,14,2025-10-01
ST26,SKU03884,264,88,32,2025-05-27
ST22,SKU03839,82,22,9,2025-08-03
ST29,SKU02290,428,86,20,2025-05-13
ST08,SKU01339,264,79,23,2025-08-22
ST26,SKU00437,151,29,8,2025-05-30
ST01,SKU03633,0,31,14,2025-09-20
ST20,SKU01834,76,22,6,2025-09-02
ST28,SKU03621,308,53,19,2025-08-10
ST08,SKU04249,533,98,32,2025-06-03
ST21,SKU00012,209,52,15,2025-08-01
ST07,SKU02046,0,100,22,2025-09-10
ST03,SKU00075,318,54,18,2025-07-25
ST05,SKU02368,0,84,18,2025-09-21
ST11,SKU03277,248,60,15,2025-06-26
ST30,SKU04561,357,100,25,2025-07-09
ST21,SKU02038,305,94,40,2025-06-23
ST06,SKU01751,0,21,6,2025-08-21
ST19,SKU02567,285,48,14,2025-08-07
ST21,SKU02543,0,28,10,2025-10-09
ST29,SKU04596,0,70,15,2025-09-10
ST23,SKU01153,0,84,19,2025-09-12
ST06,SKU03129,298,90,33,2025-08-01
ST10,SKU02104,490,96,42,2025-09-01
ST03,SKU00767,70,21,8,2025-07-05
ST30,SKU02681,414,70,28,2025-06-10
ST14,SKU02964,491,99,25,2025-05-20
ST16,SKU02686,317,89,41,2025-06-25
ST11,SKU02686,486,81,33,2025-07-05
ST11,SKU03870,0,67,16,2025-08-17
ST02,SKU00837,258,60,23,2025-05-27
ST11,SKU03281,328,67,21,2025-06-07
ST27,SKU03286,479,98,40,2025-07-11
ST02,SKU02114,177,41,9,2025-05-19
ST29,SKU01827,183,36,10,2025-07-03
ST18,SKU01017,315,95,29,2025-06-24
ST08,SKU03057,0,34,11,2025-08-30
ST25,SKU03290,183,41,9,2025-07-12
ST18,SKU02558,135,28,7,2025-06-06
ST28,SKU01158,269,45,16,2025-07-29
ST14,SKU00105,310,66,29,2025-05-19
ST26,SKU03014,119,24,11,2025-06-30
ST26,SKU04362,0,23,5,2025-10-01
ST13,SKU02541,318,96,25,2025-08-31
ST20,SKU00994,0,83,30,2025-08-21
ST08,SKU01678,353,93,44,2025-07-29
ST17,SKU01567,472,99,28,2025-08-08
ST17,SKU02566,232,61,18,2025-05-29
ST15,SKU01052,176,51,19,2025-07-31
ST23,SKU04032,0,41,15,2025-09-18
ST25,SKU01392,304,99,45,2025-05-17
ST22,SKU03230,295,50,18,2025-05-18
ST05,SKU02104,202,47,18,2025-07-22
ST03,SKU01877,102,30,8,2025-05-30
ST17,SKU00662,345,99,25,2025-05-19
ST26,SKU00932,293,95,22,2025-05-24
ST09,SKU03414,324,90,43,2025-07-22
ST28,SKU03291,91,23,7,2025-05-09
ST15,SKU02877,124,41,13,2025-07-24
ST03,SKU00419,459,98,46,2025-05-11
ST03,SKU03063,0,94,43,2025-10-10
ST11,SKU04612,382,72,31,2025-07-25
ST04,SKU03286,420,79,18,2025-05-17
ST06,SKU02223,129,27,8,2025-08-22
ST19,SKU00502,81,20,5,2025-05-28
ST24,SKU01466,0,87,34,2025-09-19
ST06,SKU00706,96,29,6,2025-06-06
ST06,SKU02014,259,45,20,2025-05-16
ST04,SKU01678,250,52,21,2025-08-27
ST29,SKU02472,243,56,22,2025-07-17
ST30,SKU01645,188,61,30,2025-06-03
ST23,SKU03833,437,87,20,2025-07-15
ST07,SKU02172,163,54,16,2025-05-06
ST18,SKU03362,122,29,12,2025-06-20
ST14,SKU04741,183,45,19,2025-07-29
ST08,SKU03251,399,77,37,2025-08-31
ST26,SKU04505,568,100,50,2025-08-30
ST16,SKU01863,297,64,26,2025-06-05
ST28,SKU01052,152,26,10,2025-07-08
ST24,SKU04118,90,21,8,2025-08-05
ST20,SKU01567,316,58,12,2025-08-24
ST30,SKU00251,306,61,28,2025-06-20
ST20,SKU02566,582,99,36,2025-06-12
ST28,SKU02877,309,70,32,2025-05-25
ST01,SKU00291,0,60,12,2025-08-11
ST17,SKU02911,174,34,17,2025-08-19
ST02,SKU00598,318,69,28,2025-07-21
ST29,SKU00449,329,71,21,2025-07-13
ST27,SKU02763,449,97,33,2025-07-24
ST28,SKU00437,274,76,25,2025-08-29
ST08,SKU02763,376,94,20,2025-08-21
ST15,SKU00767,253,72,18,2025-07-29
ST03,SKU04249,446,91,29,2025-05-22
ST09,SKU03619,461,84,28,2025-06-26
ST26,SKU00173,244,60,16,2025-05-06
ST08,SKU02630,213,50,23,2025-07-15
ST12,SKU04626,0,36,11,2025-10-07
ST23,SKU02950,0,60,17,2025-10-10
ST17,SKU01347,344,99,48,2025-08-28
ST28,SKU03179,236,77,25,2025-07-07
ST22,SKU04346,0,97,47,2025-09-06
ST19,SKU02103,414,78,32,2025-08-18
ST08,SKU04145,507,100,48,2025-08-07
ST18,SKU00190,0,87,21,2025-08-11
ST12,SKU01423,312,56,13,2025-07-29
ST12,SKU02329,357,65,17,2025-06-06
ST18,SKU01229,164,41,15,2025-06-16
ST22,SKU04321,0,26,8,2025-09-23
ST30,SKU04035,0,38,13,2025-08-27
ST04,SKU02763,165,28,11,2025-07-02
ST08,SKU01818,296,95,23,2025-06-14
ST23,SKU03991,317,65,29,2025-08-17
ST10,SKU00893,0,29,13,2025-08-13
ST17,SKU02248,117,27,9,2025-08-12
ST29,SKU04118,353,59,14,2025-06-11
ST06,SKU01466,0,31,7,2025-09-30
ST26,SKU04636,329,57,22,2025-08-09
ST03,SKU03286,392,68,17,2025-05-24
ST28,SKU00767,192,34,8,2025-08-06
ST22,SKU04824,0,68,27,2025-09-08
ST18,SKU01903,155,37,8,2025-05-06
ST13,SKU02248,339,82,31,2025-07-10
ST12,SKU02365,337,57,17,2025-06-17
ST20,SKU02911,293,54,13,2025-06-03
ST23,SKU00069,226,61,23,2025-07-27
ST23,SKU01582,318,63,27,2025-07-17
ST12,SKU01152,0,83,27,2025-09-03
ST23,SKU01592,101,23,9,2025-08-21
ST15,SKU03063,0,57,23,2025-10-09
ST08,SKU00699,489,97,36,2025-07-17
ST14,SKU03727,0,28,13,2025-09-16
ST07,SKU04470,365,78,24,2025-05-10
ST03,SKU01678,218,63,13,2025-05-31
ST03,SKU02700,165,31,11,2025-06-16
ST24,SKU04627,0,74,36,2025-08-25
ST28,SKU04476,0,26,7,2025-09-23
ST24,SKU00521,114,27,8,2025-06-16
ST17,SKU01507,0,67,26,2025-09-28
ST18,SKU04953,481,94,45,2025-07-18
ST20,SKU01347,103,21,6,2025-05-13
ST30,SKU02570,326,60,23,2025-06-07
ST24,SKU02722,252,70,23,2025-06-07
ST06,SKU04663,0,58,14,2025-09-07
ST28,SKU00262,322,77,29,2025-07-19
ST17,SKU02660,0,52,25,2025-09-21
ST06,SKU01828,186,58,13,2025-07-30
ST18,SKU03457,327,74,30,2025-07-20
ST30,SKU02408,165,32,7,2025-08-18
ST10,SKU01675,192,49,17,2025-06-24
ST13,SKU02660,0,89,23,2025-10-04
ST21,SKU00628,0,31,6,2025-10-08
ST12,SKU00254,0,24,10,2025-08-28
ST27,SKU03548,157,27,7,2025-07-16
ST12,SKU02911,298,52,15,2025-06-21
ST03,SKU03251,164,40,13,2025-06-22
ST24,SKU01915,452,80,31,2025-08-25
ST25,SKU02329,119,38,8,2025-06-27
ST28,SKU01790,225,43,17,2025-05-21
ST06,SKU01542,283,53,22,2025-08-06
ST15,SKU04249,73,24,8,2025-07-17
ST23,SKU03580,174,34,11,2025-08-27
ST10,SKU04664,491,84,41,2025-05-09
ST19,SKU04265,134,27,12,2025-08-19
ST09,SKU03290,335,60,16,2025-05-07
ST20,SKU04032,0,52,21,2025-09-24
ST30,SKU01605,221,55,25,2025-07-10
ST10,SKU01068,189,41,20,2025-07-29
ST29,SKU02172,449,95,30,2025-06-11
ST20,SKU03633,0,20,8,2025-08-19
ST26,SKU01851,235,40,10,2025-05-07
ST28,SKU00173,197,39,17,2025-06-06
ST01,SKU02907,270,60,22,2025-06-22
ST15,SKU02526,0,46,23,2025-09-06
ST25,SKU02365,122,31,9,2025-08-26
ST03,SKU02630,381,86,17,2025-08-11
ST01,SKU03935,199,35,12,2025-08-22
ST09,SKU03092,291,68,27,2025-05-25
ST25,SKU01152,0,35,9,2025-08-07
ST04,SKU01784,0,79,27,2025-09-03
ST20,SKU01414,0,39,17,2025-08-09
ST12,SKU02248,457,78,17,2025-06-25
ST13,SKU04160,267,64,18,2025-07-09
ST03,SKU04145,155,36,10,2025-05-25
ST08,SKU00105,141,33,14,2025-05-27
ST27,SKU01187,124,34,7,2025-07-31
ST14,SKU03619,413,90,36,2025-08-27
ST11,SKU00140,203,38,13,2025-07-03
ST15,SKU03286,327,79,21,2025-05-23
ST04,SKU01662,0,67,18,2025-09-18
ST05,SKU04425,475,99,33,2025-08-21
ST14,SKU01428,184,49,12,2025-06-20
ST30,SKU03311,104,22,10,2025-08-08
ST30,SKU00462,292,65,17,2025-05-22
ST21,SKU04249,215,45,11,2025-08-13
ST11,SKU01037,0,36,17,2025-08-06
ST29,SKU01915,445,78,35,2025-07-04
ST02,SKU04142,259,76,31,2025-07-02
ST06,SKU02172,340,96,36,2025-07-10
ST11,SKU04757,357,65,27,2025-05-13
ST09,SKU04551,0,100,25,2025-08-30
ST22,SKU04508,0,69,16,2025-08-30
ST24,SKU02686,311,94,24,2025-08-25
ST15,SKU01678,203,49,19,2025-08-02
ST20,SKU04048,113,24,11,2025-05-29
ST25,SKU04574,0,25,7,2025-10-09
ST23,SKU02446,208,40,20,2025-05-11
ST24,SKU03281,300,51,14,2025-05-20
ST08,SKU01256,594,100,24,2025-08-30
ST05,SKU03053,0,41,15,2025-10-05
ST05,SKU01068,243,47,11,2025-08-15
ST08,SKU02546,318,79,33,2025-05-18
ST23,SKU01046,198,60,22,2025-05-14
ST25,SKU00254,0,67,25,2025-09-20
ST29,SKU04571,0,84,26,2025-08-23
ST25,SKU02911,330,82,36,2025-05-29
ST12,SKU02660,0,79,38,2025-09-05
ST04,SKU01187,370,92,24,2025-05-24
ST30,SKU00083,438,83,41,2025-05-11
ST12,SKU00929,0,87,23,2025-08-09
ST28,SKU03286,149,36,17,2025-07-17
ST13,SKU00291,0,24,8,2025-08-13
ST21,SKU03057,0,33,10,2025-09-05
ST03,SKU00551,213,37,10,2025-05-25
ST19,SKU01030,0,53,22,2025-08-05
ST13,SKU03884,128,38,9,2025-06-29
ST06,SKU02946,224,44,14,2025-07-27
ST02,SKU04018,390,89,40,2025-08-19
ST19,SKU03600,470,88,24,2025-05-20
ST11,SKU01986,80,21,10,2025-08-12
ST02,SKU01164,0,77,28,2025-09-06
ST29,SKU04470,176,53,22,2025-06-02
ST29,SKU02686,322,65,20,2025-07-25
ST10,SKU02897,148,33,9,2025-08-27
ST08,SKU00376,0,34,11,2025-09-10
ST08,SKU00020,0,80,22,2025-08-15
ST07,SKU02532,0,71,28,2025-08-15
ST29,SKU03870,0,78,23,2025-09-06
ST29,SKU03281,237,67,16,2025-07-12
ST20,SKU03991,388,84,33,2025-06-07
ST14,SKU04062,286,76,34,2025-05-27
ST25,SKU02248,380,64,22,2025-06-06
ST01,SKU03362,142,43,18,2025-07-19
ST20,SKU00069,147,30,12,2025-05-07
ST29,SKU02376,303,82,35,2025-05-07
ST20,SKU01582,157,48,19,2025-06-02
ST19,SKU00858,186,38,11,2025-08-31
ST22,SKU01052,369,79,27,2025-06-12
ST09,SKU01340,355,71,23,2025-06-09
ST28,SKU00328,0,76,25,2025-09-21
ST12,SKU04160,398,88,34,2025-08-04
ST15,SKU02630,401,89,25,2025-06-12
ST20,SKU01592,455,77,30,2025-08-15
ST17,SKU03580,310,52,25,2025-05-30
ST21,SKU02531,0,94,22,2025-08-18
ST02,SKU00699,395,93,29,2025-07-10
ST29,SKU00531,0,61,18,2025-09-17
ST06,SKU04470,187,55,26,2025-08-24
ST06,SKU02686,143,32,11,2025-05-21
ST04,SKU00376,0,31,9,2025-09-06
ST26,SKU03548,133,27,6,2025-08-15
ST21,SKU03251,77,22,5,2025-07-03
ST25,SKU01507,0,94,39,2025-09-01
ST18,SKU03425,0,47,12,2025-08-06
ST27,SKU02103,342,65,24,2025-08-08
ST30,SKU00386,132,40,12,2025-07-01
ST19,SKU00421,355,68,27,2025-07-01
ST01,SKU00936,301,93,39,2025-06-05
ST28,SKU00650,142,26,13,2025-08-05
ST05,SKU03907,0,26,9,2025-09-19
ST27,SKU01857,315,66,28,2025-08-06
ST05,SKU01171,477,97,32,2025-08-11
ST04,SKU04212,329,58,15,2025-06-20
ST05,SKU02897,103,23,9,2025-06-02
ST16,SKU01179,153,28,12,2025-06-08
ST02,SKU04566,470,92,21,2025-07-24
ST30,SKU02463,386,94,20,2025-05-20
ST14,SKU01038,175,46,12,2025-06-21
ST28,SKU02763,114,35,15,2025-05-31
ST27,SKU00546,324,94,29,2025-07-06
ST19,SKU00150,339,67,28,2025-06-27
ST13,SKU00932,264,74,28,2025-05-11
ST17,SKU02640,0,68,14,2025-09-03
ST09,SKU04847,0,68,27,2025-08-10
ST27,SKU04747,78,22,5,2025-08-18
ST05,SKU01396,262,74,35,2025-05-29
ST06,SKU04612,295,79,27,2025-06-04
ST17,SKU02446,304,54,20,2025-05-09
ST21,SKU04018,327,68,21,2025-05-27
ST20,SKU03580,130,32,12,2025-05-29
ST01,SKU02534,275,70,20,2025-08-26
ST01,SKU01903,285,88,29,2025-07-01
ST04,SKU01857,306,60,26,2025-07-29
ST16,SKU02277,247,80,30,2025-08-16
ST21,SKU01164,0,77,30,2025-10-09
ST18,SKU04158,217,46,21,2025-05-20
ST18,SKU04352,166,46,15,2025-08-05
ST16,SKU04491,466,93,33,2025-06-03
ST13,SKU04073,383,91,23,2025-07-16
ST03,SKU01441,183,58,28,2025-07-15
ST18,SKU04670,103,24,9,2025-07-12
ST15,SKU00551,315,89,27,2025-06-04
ST27,SKU00978,399,78,31,2025-06-07
ST10,SKU02331,175,49,23,2025-08-26
ST16,SKU02463,126,26,5,2025-08-04
ST13,SKU04505,303,99,26,2025-08-01
ST21,SKU03323,0,29,9,2025-08-27
ST15,SKU01224,411,90,33,2025-05-24
ST03,SKU00507,81,24,12,2025-06-17
ST01,SKU04953,106,21,10,2025-06-10
ST16,SKU04245,0,78,23,2025-08-26
ST06,SKU01863,127,33,15,2025-08-19
ST25,SKU04160,203,41,17,2025-08-13
ST17,SKU02449,0,95,31,2025-10-12
ST04,SKU04747,270,51,21,2025-07-09
ST24,SKU03800,0,85,41,2025-10-09
ST21,SKU02969,379,82,34,2025-07-20
ST05,SKU00286,0,90,33,2025-10-03
ST02,SKU00105,329,76,35,2025-06-06
ST09,SKU01152,0,92,31,2025-09-09
ST27,SKU03941,371,64,25,2025-08-11
ST21,SKU00699,416,96,31,2025-06-09
ST19,SKU01457,122,36,12,2025-05-14
ST13,SKU03935,216,39,15,2025-05-25
ST15,SKU01287,207,54,19,2025-07-23
ST01,SKU02194,328,84,33,2025-06-23
ST26,SKU00502,358,91,32,2025-05-19
ST04,SKU02255,155,43,13,2025-07-19
ST30,SKU04653,364,67,26,2025-07-13
ST21,SKU00551,327,66,20,2025-08-15
ST05,SKU02331,371,81,21,2025-08-06
ST03,SKU02401,0,61,30,2025-08-14
ST21,SKU01224,446,92,27,2025-05-06
ST13,SKU03837,339,93,22,2025-07-01
ST23,SKU00953,0,21,8,2025-08-23
ST08,SKU00032,168,38,19,2025-05-25
ST09,SKU01684,341,60,27,2025-08-01
ST02,SKU04273,0,59,14,2025-09-27
ST28,SKU03548,185,45,19,2025-08-05
ST17,SKU02368,0,46,18,2025-10-12
ST09,SKU02710,209,36,13,2025-07-07
ST14,SKU01340,271,75,33,2025-08-09
ST12,SKU00932,124,39,15,2025-08-09
ST10,SKU03129,481,95,26,2025-05-09
ST20,SKU02449,0,65,32,2025-10-10
ST04,SKU03743,0,84,25,2025-08-27
ST01,SKU00501,210,35,8,2025-05-29
ST27,SKU01685,0,21,7,2025-09-26
ST27,SKU03975,362,97,32,2025-07-08
ST16,SKU03230,540,93,37,2025-08-13
ST11,SKU03230,98,31,10,2025-08-27
ST26,SKU02176,0,67,21,2025-08-19
ST15,SKU01256,68,21,6,2025-05-11
ST24,SKU00140,408,93,39,2025-07-12
ST15,SKU04191,0,56,12,2025-09-06
ST22,SKU01339,148,28,8,2025-06-22
ST06,SKU03578,0,83,28,2025-09-22
ST13,SKU04795,169,38,9,2025-06-22
ST16,SKU00342,265,79,26,2025-05-24
ST10,SKU04596,0,35,10,2025-09-02
ST20,SKU02923,0,88,27,2025-10-08
ST26,SKU02103,308,56,23,2025-08-01
ST22,SKU04249,384,98,22,2025-07-05
ST04,SKU00920,0,53,17,2025-10-04
ST06,SKU04305,0,31,15,2025-09-28
ST26,SKU01857,304,73,28,2025-05-14
ST24,SKU04757,294,74,33,2025-07-14
ST05,SKU01751,0,69,25,2025-09-05
ST07,SKU01179,269,60,30,2025-06-08
ST17,SKU03362,371,74,30,2025-06-20
ST05,SKU03129,219,47,11,2025-06-06
ST11,SKU04958,262,76,27,2025-05-22
ST19,SKU01567,290,91,20,2025-07-16
ST13,SKU03362,302,64,23,2025-07-20
ST22,SKU02526,0,35,8,2025-09-12
ST29,SKU01911,135,29,12,2025-08-13
ST09,SKU04319,142,43,18,2025-07-21
ST10,SKU02223,403,81,20,2025-06-02
ST19,SKU00972,344,78,35,2025-06-24
ST14,SKU02329,315,73,21,2025-05-11
ST22,SKU02930,0,47,15,2025-09-01
ST03,SKU02255,123,30,14,2025-07-29
ST23,SKU00893,0,36,17,2025-08-14
ST04,SKU00890,137,42,20,2025-05-29
ST04,SKU01919,317,53,17,2025-06-15
ST05,SKU00598,168,41,9,2025-07-20
ST21,SKU02626,305,55,24,2025-08-17
ST21,SKU02546,339,63,26,2025-06-19
ST19,SKU03876,0,95,25,2025-09-26
ST05,SKU03583,365,78,38,2025-07-20
ST01,SKU04664,342,76,20,2025-07-30
ST17,SKU00936,469,84,32,2025-05-10
ST29,SKU00140,279,50,12,2025-06-21
ST05,SKU00002,0,98,25,2025-09-03
ST25,SKU00932,322,74,16,2025-06-22
ST21,SKU04273,0,99,24,2025-09-14
ST04,SKU03347,397,68,33,2025-07-10
ST03,SKU00906,313,59,15,2025-06-12
ST22,SKU01678,449,84,30,2025-07-25
ST14,SKU02365,263,63,13,2025-08-26
ST15,SKU02401,0,26,9,2025-08-05
ST29,SKU01037,0,65,14,2025-09-11
ST18,SKU00363,0,54,14,2025-08-26
ST30,SKU04710,0,32,13,2025-08-13
ST08,SKU01370,0,54,21,2025-08-12
ST08,SKU03290,361,65,22,2025-08-07
ST08,SKU01677,0,76,32,2025-08-08
ST12,SKU01017,405,92,33,2025-06-07
ST14,SKU00402,313,85,38,2025-07-12
ST23,SKU00506,0,70,15,2025-08-30
ST17,SKU02576,488,89,20,2025-07-23
ST24,SKU00691,89,25,10,2025-08-04
ST10,SKU02472,186,52,14,2025-06-03
ST20,SKU02104,262,48,23,2025-08-18
ST26,SKU03941,302,81,27,2025-06-29
ST17,SKU04783,0,69,19,2025-08-04
ST28,SKU03199,0,49,21,2025-09-03
ST27,SKU00421,403,87,43,2025-06-19
ST12,SKU01363,0,75,34,2025-08-15
ST03,SKU00032,559,99,32,2025-06-13
ST17,SKU02534,243,69,21,2025-07-17
ST14,SKU01733,189,35,15,2025-06-15
ST14,SKU01485,0,77,36,2025-10-09
ST13,SKU01903,561,95,22,2025-08-22
ST30,SKU03634,119,23,7,2025-05-08
ST30,SKU01762,164,28,13,2025-07-19
ST25,SKU02449,0,81,39,2025-09-21
ST14,SKU01684,153,34,17,2025-07-22
ST28,SKU04888,224,48,22,2025-07-31
ST25,SKU02907,181,38,13,2025-06-02
ST09,SKU04160,133,37,18,2025-07-07
ST09,SKU00821,179,55,19,2025-08-13
ST19,SKU01153,0,90,20,2025-08-22
ST25,SKU03935,229,53,25,2025-05-19
ST25,SKU00177,0,41,18,2025-08-17
ST03,SKU01685,0,57,18,2025-08-24
ST20,SKU04913,0,71,15,2025-09-09
ST20,SKU04605,246,48,10,2025-06-21
ST05,SKU02381,0,44,13,2025-09-01
ST30,SKU00860,232,76,38,2025-05-20
ST28,SKU02103,396,95,44,2025-08-11
ST18,SKU02014,440,87,40,2025-08-12
ST12,SKU02351,239,47,22,2025-07-31
ST24,SKU01988,0,64,14,2025-08-24
ST18,SKU03476,0,75,15,2025-08-07
ST14,SKU03030,0,91,41,2025-09-20
ST17,SKU02194,140,42,18,2025-08-11
ST09,SKU04499,341,97,25,2025-08-08
ST22,SKU02630,211,47,16,2025-07-06
ST23,SKU01133,420,92,36,2025-08-23
ST07,SKU03230,169,47,9,2025-05-25
ST13,SKU02194,134,26,9,2025-08-21
ST15,SKU02255,557,94,41,2025-06-22
ST30,SKU00012,94,30,11,2025-05-12
ST18,SKU00150,150,38,14,2025-05-20
ST27,SKU01834,145,31,15,2025-08-20
ST20,SKU00953,0,47,10,2025-09-16
ST10,SKU04118,120,21,8,2025-07-31
ST09,SKU02425,276,68,30,2025-07-31
ST13,SKU04646,0,87,21,2025-09-11
ST24,SKU02277,473,97,35,2025-06-05
ST05,SKU00775,168,29,14,2025-05-31
ST25,SKU01017,116,27,7,2025-06-23
ST19,SKU04032,0,77,34,2025-08-29
ST30,SKU01171,137,34,16,2025-07-20
ST12,SKU01851,395,96,44,2025-07-15
ST10,SKU01828,421,74,33,2025-05-29
ST24,SKU01781,299,60,28,2025-07-26
ST17,SKU00893,0,56,24,2025-08-05
ST29,SKU01413,361,61,17,2025-07-02
ST12,SKU00190,0,99,33,2025-10-06
ST24,SKU03467,322,77,22,2025-08-28
ST02,SKU04757,236,46,19,2025-05-28
ST19,SKU01414,0,86,35,2025-08-20
ST29,SKU01179,304,87,22,2025-08-19
ST29,SKU01558,190,37,18,2025-05-28
ST09,SKU03884,190,49,23,2025-05-21
ST12,SKU02576,169,30,7,2025-05-17
ST17,SKU00501,193,39,19,2025-06-17
ST07,SKU04919,108,27,6,2025-08-26
ST09,SKU00437,176,47,18,2025-05-20
ST02,SKU02584,300,53,21,2025-06-04
ST28,SKU02255,145,33,14,2025-06-04
ST08,SKU01340,74,23,7,2025-08-10
ST13,SKU00501,286,49,18,2025-06-16
ST30,SKU01803,245,66,28,2025-07-25
ST03,SKU03290,240,43,12,2025-09-02
ST12,SKU02534,311,96,44,2025-07-04
ST12,SKU01903,258,44,11,2025-07-22
ST15,SKU02675,324,68,27,2025-07-31
ST05,SKU04118,473,96,21,2025-06-17
ST26,SKU03600,361,91,39,2025-08-27
ST19,SKU04048,422,71,23,2025-08-30
ST19,SKU03523,318,57,20,2025-07-12
ST18,SKU00585,296,55,21,2025-05-07
ST10,SKU04140,0,38,18,2025-10-05
ST25,SKU03362,292,50,18,2025-05-31
ST06,SKU01179,409,70,32,2025-05-11
ST05,SKU01828,315,86,33,2025-08-25
ST06,SKU01558,152,36,8,2025-07-30
ST28,SKU03941,211,50,22,2025-08-15
ST22,SKU01224,137,39,15,2025-08-10
ST21,SKU00728,0,36,8,2025-08-24
ST25,SKU02351,415,93,29,2025-07-30
ST12,SKU04953,309,73,36,2025-05-16
ST23,SKU01171,119,23,7,2025-08-02
ST23,SKU02897,264,72,15,2025-07-11
ST02,SKU01986,189,35,16,2025-08-02
ST15,SKU03975,156,45,10,2025-07-19
ST26,SKU02436,398,79,38,2025-08-30
ST10,SKU04627,0,66,33,2025-09-15
ST29,SKU03467,96,23,10,2025-07-06
ST15,SKU00855,241,53,25,2025-08-23
ST10,SKU00521,302,54,26,2025-08-17
ST21,SKU03619,272,50,18,2025-08-20
ST07,SKU04321,0,89,29,2025-08-26
ST11,SKU01158,110,20,6,2025-07-01
ST02,SKU01438,0,46,20,2025-09-12
ST12,SKU02194,310,75,32,2025-07-09
ST06,SKU00484,0,65,21,2025-08-09
ST10,SKU02172,191,41,10,2025-06-25
ST09,SKU02462,0,49,15,2025-08-24
ST25,SKU04046,0,75,27,2025-08-11
ST22,SKU02964,453,89,39,2025-05-09
ST25,SKU01851,179,58,13,2025-08-22
ST01,SKU04461,320,64,14,2025-08-20
ST17,SKU04664,172,40,12,2025-07-04
ST01,SKU04329,0,60,25,2025-09-17
ST06,SKU02463,399,91,34,2025-07-23
ST14,SKU04160,98,24,10,2025-06-22
ST08,SKU02329,275,84,23,2025-06-09
ST23,SKU01803,346,67,14,2025-05-23
ST12,SKU01048,0,63,30,2025-09-29
ST19,SKU03991,85,20,9,2025-07-07
ST25,SKU00190,0,24,10,2025-09-26
ST11,SKU03291,217,37,12,2025-08-24
ST15,SKU03347,210,38,18,2025-06-03
ST06,SKU04245,0,31,12,2025-08-09
ST17,SKU01068,288,86,23,2025-05-23
ST27,SKU01567,302,77,21,2025-06-14
ST27,SKU02566,398,85,30,2025-06-06
ST07,SKU04107,310,97,38,2025-08-24
ST25,SKU02576,191,57,19,2025-07-13
ST10,SKU02829,192,52,16,2025-06-06
ST28,SKU03975,268,66,19,2025-05-24
ST19,SKU00069,327,86,22,2025-08-16
ST19,SKU01582,142,45,11,2025-08-06
ST22,SKU00105,146,42,11,2025-05-12
ST10,SKU01915,221,44,11,2025-08-25
ST20,SKU01274,0,75,15,2025-09-04
ST26,SKU01031,126,27,8,2025-05-19
ST02,SKU03092,175,37,9,2025-05-06
ST08,SKU02365,372,65,25,2025-08-06
ST18,SKU04152,183,38,14,2025-06-13
ST08,SKU04562,0,20,6,2025-09-17
ST05,SKU00774,0,87,34,2025-09-30
ST25,SKU02534,67,22,10,2025-05-22
ST13,SKU00502,471,98,33,2025-07-01
ST25,SKU01903,309,52,22,2025-05-20
ST24,SKU04958,169,38,10,2025-05-16
ST19,SKU00062,0,42,13,2025-09-04
ST14,SKU00692,0,73,29,2025-08-24
ST11,SKU01052,192,63,19,2025-05-12
ST02,SKU01988,0,74,29,2025-08-15
ST18,SKU04554,333,58,25,2025-05-25
ST14,SKU02425,105,29,12,2025-07-13
ST14,SKU04996,401,82,34,2025-08-13
ST27,SKU01112,286,72,32,2025-05-29
ST22,SKU01256,296,85,28,2025-08-07
ST01,SKU04166,0,68,17,2025-08-28
ST10,SKU00524,320,82,36,2025-07-05
ST04,SKU01567,98,30,11,2025-07-08
ST04,SKU02566,225,39,9,2025-08-13
ST22,SKU02626,266,55,18,2025-08-20
ST29,SKU03230,117,20,4,2025-06-04
ST15,SKU03290,240,52,25,2025-06-14
ST07,SKU01578,0,85,36,2025-08-14
ST20,SKU04664,95,26,6,2025-08-10
ST22,SKU02546,340,93,36,2025-06-22
ST26,SKU01834,266,48,22,2025-08-02
ST09,SKU03935,207,46,14,2025-05-08
ST04,SKU00662,246,51,16,2025-05-31
ST05,SKU02829,256,47,11,2025-06-27
ST29,SKU00342,288,61,23,2025-05-12
ST08,SKU03493,129,41,11,2025-06-08
ST23,SKU02331,484,100,36,2025-06-15
ST24,SKU00402,352,84,41,2025-06-15
ST14,SKU03884,270,60,13,2025-05-10
ST14,SKU02333,0,81,23,2025-09-08
ST26,SKU04106,552,96,35,2025-08-14
ST08,SKU00254,0,43,10,2025-08-18
ST02,SKU01781,164,30,7,2025-06-02
ST25,SKU02194,60,20,7,2025-08-17
ST14,SKU00437,116,25,7,2025-06-15
ST26,SKU01457,122,39,8,2025-05-25
ST10,SKU04470,141,31,14,2025-05-31
ST10,SKU02686,420,87,19,2025-05-22
ST08,SKU02710,490,87,25,2025-06-15
ST06,SKU03230,215,49,19,2025-08-05
ST27,SKU01347,333,73,23,2025-08-02
ST25,SKU00445,0,43,18,2025-09-11
ST11,SKU00075,120,32,12,2025-07-10
ST28,SKU01370,0,79,17,2025-08-16
ST02,SKU04955,244,55,17,2025-08-12
ST04,SKU04574,0,29,11,2025-10-09
ST30,SKU00598,182,55,19,2025-06-23
ST06,SKU00342,162,36,13,2025-08-25
ST21,SKU03290,175,30,12,2025-06-24
ST22,SKU00020,0,53,15,2025-09-05
ST17,SKU04352,401,67,25,2025-08-03
ST29,SKU03491,371,86,23,2025-06-24
ST14,SKU02055,192,49,19,2025-05-30
ST19,SKU02570,215,37,15,2025-05-14
ST16,SKU00169,0,56,14,2025-08-05
ST13,SKU04158,535,99,38,2025-08-30
ST09,SKU03274,0,91,38,2025-09-21
ST07,SKU04489,0,89,40,2025-08-14
ST26,SKU00994,0,77,18,2025-08-26
ST13,SKU04670,283,51,25,2025-06-07
ST27,SKU04102,463,81,32,2025-08-16
ST27,SKU01021,0,78,37,2025-09-05
ST08,SKU02248,181,39,10,2025-06-12
ST29,SKU00369,0,89,32,2025-09-28
ST05,SKU02686,254,53,14,2025-08-23
ST02,SKU01340,473,83,22,2025-05-15
ST29,SKU04346,0,41,9,2025-09-30
ST04,SKU01347,238,47,16,2025-06-06
ST05,SKU03281,504,90,36,2025-07-19
ST24,SKU02302,506,88,23,2025-06-27
ST23,SKU03129,192,63,24,2025-05-19
ST01,SKU02014,70,23,5,2025-06-21
ST17,SKU03292,0,80,19,2025-09-04
ST21,SKU01993,0,29,8,2025-09-05
ST19,SKU02446,244,48,18,2025-05-13
ST08,SKU04319,110,30,10,2025-05-12
ST11,SKU02737,0,66,20,2025-08-31
ST14,SKU00932,466,91,26,2025-06-17
ST03,SKU02566,271,85,18,2025-06-10
ST23,SKU02290,459,100,23,2025-05-08
ST16,SKU01877,79,23,5,2025-06-05
ST11,SKU01877,221,69,20,2025-05-06
ST03,SKU00662,373,88,35,2025-07-03
ST04,SKU02248,345,60,14,2025-08-08
ST10,SKU03822,98,23,5,2025-07-13
ST20,SKU02897,200,42,14,2025-07-17
ST04,SKU04102,299,96,38,2025-08-01
ST23,SKU00598,221,43,13,2025-08-13
ST24,SKU03627,168,56,16,2025-08-05
ST23,SKU04596,0,35,11,2025-08-17
ST08,SKU00929,0,66,20,2025-08-29
ST26,SKU01567,339,92,43,2025-05-24
ST05,SKU04350,0,36,17,2025-09-06
ST12,SKU02176,0,63,20,2025-09-26
ST13,SKU04771,398,80,28,2025-08-18
ST29,SKU00976,0,89,41,2025-08-29
ST04,SKU01507,0,45,9,2025-09-08
ST09,SKU02355,0,27,9,2025-10-12
ST23,SKU01827,271,90,43,2025-07-28
ST18,SKU04561,510,96,22,2025-06-07
ST09,SKU01851,366,85,32,2025-07-12
ST04,SKU03633,0,52,14,2025-10-01
ST02,SKU04958,281,77,20,2025-05-16
ST23,SKU02223,269,86,33,2025-05-11
ST04,SKU04607,283,52,22,2025-08-14
ST04,SKU02660,0,70,18,2025-10-12
ST24,SKU03621,321,59,12,2025-06-29
ST09,SKU02205,245,58,17,2025-05-15
ST18,SKU02681,418,76,25,2025-06-11
ST12,SKU04158,92,21,7,2025-07-18
ST12,SKU04352,183,31,9,2025-06-07
ST06,SKU04107,156,27,9,2025-08-11
ST13,SKU04414,410,88,19,2025-06-11
ST14,SKU00173,138,28,11,2025-06-05
ST16,SKU01339,193,34,16,2025-05-28
ST12,SKU04670,109,27,8,2025-08-28
ST29,SKU01578,0,32,15,2025-08-24
ST01,SKU01170,0,33,12,2025-08-05
ST01,SKU03416,102,27,8,2025-06-13
ST18,SKU04753,117,33,7,2025-05-20
ST16,SKU04249,177,48,18,2025-07-12
ST10,SKU00500,0,74,25,2025-09-11
ST21,SKU01340,260,56,21,2025-05-06
ST06,SKU04041,0,79,35,2025-09-05
ST08,SKU04160,261,76,22,2025-05-17
ST01,SKU03740,290,51,25,2025-08-23
ST23,SKU00350,126,37,15,2025-08-26
ST30,SKU02840,0,36,7,2025-08-12
ST15,SKU04626,0,55,16,2025-08-16
ST30,SKU02514,373,68,21,2025-05-09
ST04,SKU02340,0,64,30,2025-08-07
ST09,SKU01903,250,44,16,2025-05-09
ST02,SKU00402,261,55,11,2025-09-01
ST06,SKU02842,100,29,11,2025-07-26
ST06,SKU00740,192,52,25,2025-08-09
ST16,SKU02526,0,24,6,2025-09-15
ST25,SKU03425,0,42,13,2025-08-15
ST14,SKU04636,95,29,9,2025-07-31
ST14,SKU01017,178,40,9,2025-07-16
ST06,SKU01578,0,64,22,2025-10-04
ST27,SKU03991,294,50,18,2025-08-18
ST11,SKU02930,0,93,41,2025-10-09
ST26,SKU01347,187,47,10,2025-07-14
ST03,SKU02248,72,23,10,2025-07-16
ST17,SKU00832,0,35,14,2025-09-18
ST22,SKU02675,245,72,32,2025-07-08
ST22,SKU00032,252,61,19,2025-07-14
ST15,SKU02566,344,70,17,2025-07-27
ST20,SKU02331,261,83,38,2025-07-11
ST27,SKU00069,336,63,27,2025-09-01
ST15,SKU02365,413,95,33,2025-08-07
ST30,SKU04142,439,100,30,2025-08-01
ST08,SKU02425,352,90,38,2025-08-28
ST15,SKU04562,0,84,20,2025-10-12
ST17,SKU04154,0,36,8,2025-10-12
ST17,SKU03129,277,47,16,2025-05-25
ST21,SKU04847,0,28,8,2025-09-04
ST11,SKU01678,397,68,32,2025-05-24
ST23,SKU00775,498,84,37,2025-06-26
ST30,SKU04250,341,75,22,2025-05-22
ST13,SKU00363,0,82,23,2025-10-12
ST19,SKU02104,185,45,12,2025-07-08
ST22,SKU01568,402,100,35,2025-08-22
ST12,SKU04771,97,24,9,2025-05-14
ST08,SKU03884,231,39,14,2025-06-30
ST21,SKU02541,490,90,31,2025-07-26
ST28,SKU01567,456,83,27,2025-06-03
ST28,SKU02566,509,88,25,2025-08-20
ST25,SKU04670,312,96,24,2025-07-18
ST15,SKU01485,0,61,26,2025-09-03
ST01,SKU04140,0,31,7,2025-08-27
ST24,SKU01052,440,75,31,2025-06-07
ST13,SKU00592,247,59,29,2025-05-09
ST28,SKU00972,262,46,22,2025-06-19
ST04,SKU00291,0,60,19,2025-08-14
ST27,SKU03709,269,87,39,2025-08-29
ST18,SKU04315,0,99,43,2025-08-04
ST15,SKU02911,141,35,10,2025-05-11
ST16,SKU03251,82,22,6,2025-05-31
ST24,SKU02877,529,90,35,2025-05-30
ST30,SKU04018,240,43,17,2025-08-28
ST29,SKU03693,0,35,13,2025-09-07
ST20,SKU01751,0,82,27,2025-09-01
ST13,SKU02436,112,31,13,2025-08-19
ST19,SKU04605,411,92,42,2025-06-26
ST03,SKU02340,0,61,29,2025-08-26
ST20,SKU03129,174,38,12,2025-08-17
ST10,SKU00140,241,53,12,2025-07-19
ST27,SKU03580,123,30,13,2025-06-12
ST23,SKU01828,265,53,21,2025-07-16
ST12,SKU04652,244,62,31,2025-05-18
ST14,SKU02355,0,92,32,2025-08-27
ST28,SKU01112,142,33,12,2025-06-05
ST14,SKU01851,428,75,18,2025-05-13
ST10,SKU01037,0,77,22,2025-08-21
ST20,SKU02290,206,63,27,2025-05-26
ST17,SKU00706,241,60,15,2025-07-02
ST17,SKU02014,391,66,16,2025-07-06
ST19,SKU04783,0,72,19,2025-08-17
ST24,SKU03179,265,60,21,2025-07-09
ST01,SKU02172,200,54,19,2025-07-17
ST12,SKU00631,264,59,25,2025-07-13
ST28,SKU04574,0,63,17,2025-08-24
ST21,SKU01733,339,73,19,2025-08-31
ST19,SKU00953,0,73,34,2025-09-17
ST13,SKU02014,509,88,36,2025-07-17
ST11,SKU02630,278,89,42,2025-08-28
ST26,SKU04048,270,64,24,2025-05-22
ST13,SKU03476,0,84,28,2025-08-11
ST26,SKU03523,426,88,25,2025-05-16
ST29,SKU01052,382,74,22,2025-08-27
ST12,SKU04166,0,54,17,2025-08-19
ST16,SKU04145,344,62,19,2025-06-26
ST11,SKU04145,263,47,16,2025-05-16
ST22,SKU03290,89,25,10,2025-06-13
ST10,SKU03535,0,68,31,2025-09-28
ST22,SKU01677,0,78,29,2025-08-10
ST08,SKU00932,348,67,19,2025-08-30
ST07,SKU01339,302,67,32,2025-07-18
ST10,SKU01880,472,82,32,2025-07-17
ST21,SKU04016,0,33,7,2025-09-19
ST05,SKU00140,191,48,23,2025-07-29
ST07,SKU04249,301,53,13,2025-08-28
ST22,SKU01392,259,69,30,2025-07-11
ST28,SKU01347,198,36,8,2025-06-18
ST30,SKU04566,310,72,17,2025-06-03
ST18,SKU02570,231,63,14,2025-06-03
ST27,SKU02446,370,65,21,2025-08-24
ST02,SKU03642,288,55,19,2025-07-02
ST05,SKU01037,0,90,31,2025-10-02
ST20,SKU02223,283,61,13,2025-08-27
ST04,SKU04280,0,36,17,2025-09-02
ST25,SKU04461,559,95,27,2025-05-23
ST05,SKU04757,184,36,14,2025-08-30
ST25,SKU04414,406,91,39,2025-07-24
ST07,SKU01191,419,89,27,2025-08-27
ST12,SKU04401,556,95,36,2025-07-28
ST20,SKU00706,163,38,13,2025-05-22
ST18,SKU02408,96,26,11,2025-05-31
ST16,SKU00699,142,43,9,2025-07-08
ST23,SKU00774,0,66,22,2025-10-08
ST15,SKU02660,0,50,18,2025-09-17
ST12,SKU00592,178,30,15,2025-08-26
ST25,SKU01167,367,97,30,2025-07-10
ST28,SKU02248,385,71,16,2025-07-28
ST28,SKU04102,172,41,10,2025-08-03
ST03,SKU00291,0,74,35,2025-09-28
ST19,SKU00066,110,35,8,2025-07-27
ST26,SKU03991,182,43,11,2025-06-05
ST17,SKU00585,116,38,17,2025-07-22
ST09,SKU00502,125,23,10,2025-08-15
ST17,SKU01371,0,27,10,2025-08-07
ST24,SKU01877,518,98,32,2025-07-22
ST13,SKU00585,337,72,17,2025-06-12
ST02,SKU02639,392,95,39,2025-08-25
ST04,SKU04073,122,32,16,2025-05-26
ST11,SKU00551,166,41,9,2025-08-07
ST26,SKU01582,246,51,11,2025-07-26
ST13,SKU01170,0,50,20,2025-08-08
ST08,SKU03935,416,97,42,2025-06-02
ST17,SKU03740,354,74,33,2025-06-18
ST13,SKU01457,468,78,36,2025-07-09
ST25,SKU02892,0,97,42,2025-08-27
ST29,SKU00169,0,21,6,2025-08-19
ST21,SKU00845,0,29,13,2025-08-22
ST21,SKU04126,0,26,11,2025-09-21
ST29,SKU00767,356,95,43,2025-08-31
ST24,SKU03357,435,87,19,2025-06-21
ST25,SKU00631,173,39,11,2025-06-11
ST07,SKU01678,412,97,48,2025-08-16
ST17,SKU02794,106,27,12,2025-08-25
ST26,SKU00385,282,89,23,2025-06-29
ST02,SKU00285,0,45,14,2025-10-08
ST02,SKU04499,396,93,29,2025-07-31
ST13,SKU00823,0,90,28,2025-08-04
ST30,SKU03281,271,65,30,2025-08-04
ST23,SKU04566,209,60,25,2025-05-09
ST12,SKU02014,287,70,35,2025-06-08
ST01,SKU04561,322,71,24,2025-06-07
ST10,SKU01179,203,60,25,2025-05-17
ST10,SKU01558,141,33,7,2025-06-27
ST05,SKU00691,153,41,9,2025-08-22
ST02,SKU02425,446,88,30,2025-05-23
ST14,SKU03548,226,39,15,2025-07-26
ST15,SKU04222,342,88,42,2025-07-27
ST30,SKU04147,280,83,34,2025-06-19
ST25,SKU00363,0,77,22,2025-09-11
ST09,SKU02176,0,36,16,2025-08-11
ST25,SKU03961,228,61,22,2025-05-18
ST08,SKU01017,112,21,7,2025-07-13
ST29,SKU01877,116,23,6,2025-08-11
ST07,SKU03251,257,61,15,2025-07-09
ST16,SKU00538,0,68,28,2025-09-02
ST21,SKU03642,204,53,19,2025-07-26
ST28,SKU02340,0,25,7,2025-08-17
ST20,SKU01466,0,44,12,2025-09-13
ST02,SKU02692,0,100,46,2025-08-07
ST09,SKU02103,173,45,20,2025-06-12
ST29,SKU03063,0,83,39,2025-09-26
ST02,SKU03884,141,33,12,2025-08-31
ST03,SKU04280,0,55,12,2025-08-31
ST18,SKU02648,0,49,24,2025-09-09
ST22,SKU01340,248,48,17,2025-05-07
ST10,SKU02277,500,100,45,2025-08-12
ST08,SKU01363,0,55,27,2025-09-23
ST16,SKU00105,175,33,7,2025-05-08
ST25,SKU00592,433,79,23,2025-07-03
ST02,SKU00437,452,80,17,2025-07-19
ST30,SKU04741,425,82,27,2025-08-19
ST17,SKU04152,351,64,13,2025-06-11
ST19,SKU04425,359,62,13,2025-07-07
ST30,SKU04798,188,40,17,2025-06-07
ST23,SKU02686,464,90,19,2025-06-02
ST10,SKU02463,352,59,17,2025-08-15
ST09,SKU04670,400,97,38,2025-05-18
ST18,SKU00083,264,45,15,2025-05-17
ST13,SKU04152,345,60,17,2025-08-24
ST19,SKU04664,182,31,7,2025-09-01
ST23,SKU03281,317,68,34,2025-08-19
ST06,SKU01877,331,62,17,2025-05-31
ST25,SKU02436,211,52,22,2025-05-29
ST26,SKU02570,423,78,25,2025-08-15
ST20,SKU04118,463,81,37,2025-06-13
ST24,SKU02930,0,66,24,2025-08-22
ST13,SKU04554,218,63,26,2025-06-29
ST21,SKU02858,0,27,13,2025-10-03
ST11,SKU01256,143,24,11,2025-07-08
ST15,SKU00291,0,54,16,2025-08-08
ST16,SKU04191,0,45,15,2025-09-16
ST12,SKU00585,497,88,34,2025-07-11
ST20,SKU01828,414,77,32,2025-08-30
ST16,SKU02626,304,58,16,2025-05-20
ST23,SKU02376,211,68,17,2025-08-15
ST08,SKU03362,216,55,18,2025-08-07
ST16,SKU02546,226,48,21,2025-05-07
ST24,SKU03286,283,81,33,2025-06-13
ST19,SKU01133,155,37,9,2025-06-30
ST12,SKU01371,0,70,27,2025-09-17
ST11,SKU01441,307,69,26,2025-07-24
ST25,SKU02014,147,44,10,2025-07-17
ST21,SKU04499,463,96,29,2025-08-10
ST05,SKU02277,542,99,43,2025-08-11
ST14,SKU01547,0,35,11,2025-10-11
ST24,SKU01678,182,31,10,2025-05-25
ST11,SKU04926,0,67,24,2025-08-14
ST05,SKU01781,565,97,38,2025-08-21
ST02,SKU03014,254,58,17,2025-06-19
ST17,SKU02172,299,50,11,2025-08-21
ST26,SKU02446,345,85,21,2025-07-19
ST27,SKU00936,408,92,19,2025-08-24
ST23,SKU04350,0,50,16,2025-08-27
ST12,SKU04756,0,32,8,2025-09-26
ST23,SKU04612,182,34,12,2025-07-12
ST26,SKU04901,167,55,21,2025-06-20
ST21,SKU02425,158,42,16,2025-06-23
ST21,SKU04996,84,25,10,2025-07-22
ST02,SKU02462,0,58,14,2025-08-07
ST04,SKU03362,335,73,17,2025-08-17
ST03,SKU03935,303,71,28,2025-05-06
ST05,SKU03467,272,76,30,2025-05-26
ST08,SKU04046,0,99,26,2025-08-31
ST14,SKU00502,390,81,30,2025-06-18
ST08,SKU01851,202,35,8,2025-06-02
ST15,SKU03709,387,94,34,2025-05-15
ST20,SKU04140,0,25,10,2025-09-24
ST09,SKU04771,279,93,28,2025-06-04
ST06,SKU04249,448,78,24,2025-08-23
ST02,SKU00262,149,27,11,2025-08-06
ST18,SKU00386,197,36,7,2025-05-16
ST12,SKU03259,0,75,20,2025-10-05
ST21,SKU03884,270,73,36,2025-05-17
ST07,SKU00551,212,40,11,2025-07-14
ST29,SKU03057,0,75,25,2025-08-31
ST21,SKU00437,403,93,26,2025-06-15
ST10,SKU03230,246,75,30,2025-06-08
ST07,SKU01224,404,75,35,2025-07-10
ST06,SKU02826,0,63,24,2025-09-16
ST02,SKU03357,218,68,23,2025-07-11
ST02,SKU00419,276,53,17,2025-05-12
ST06,SKU02526,0,80,33,2025-08-27
ST24,SKU00650,474,81,27,2025-05-12
ST29,SKU02700,464,96,22,2025-06-15
ST08,SKU02534,495,90,33,2025-06-23
ST08,SKU01903,211,62,21,2025-06-19
ST03,SKU02558,185,52,13,2025-07-20
ST15,SKU00932,189,34,10,2025-08-26
ST25,SKU00585,315,97,39,2025-08-23
ST09,SKU01167,329,69,23,2025-06-18
ST19,SKU01171,197,65,24,2025-08-18
ST25,SKU01457,128,25,6,2025-08-31
ST22,SKU01485,0,83,39,2025-09-17
ST07,SKU01287,151,44,12,2025-06-16
ST04,SKU02576,361,78,38,2025-08-17
ST28,SKU03580,137,35,13,2025-07-22
ST24,SKU02630,159,45,21,2025-08-10
ST19,SKU03108,439,99,29,2025-05-13
ST14,SKU01420,0,98,25,2025-09-24
ST22,SKU00254,0,62,17,2025-08-29
ST14,SKU02103,62,20,8,2025-08-12
ST09,SKU00631,184,40,14,2025-05-07
ST04,SKU02534,310,90,24,2025-08-08
ST20,SKU01915,119,30,9,2025-05-11
ST22,SKU04016,0,73,16,2025-09-07
ST27,SKU02194,406,98,22,2025-07-31
ST25,SKU03089,140,28,9,2025-07-30
ST21,SKU04362,0,84,24,2025-09-24
ST08,SKU02194,191,63,20,2025-05-21
ST07,SKU00105,208,54,26,2025-05-25
ST22,SKU02657,0,81,40,2025-09-10
ST01,SKU02747,0,59,15,2025-08-10
ST16,SKU02484,0,32,8,2025-08-07
ST03,SKU03362,352,76,27,2025-06-30
ST20,SKU02946,205,54,23,2025-08-21
ST30,SKU00728,0,30,10,2025-09-20
ST04,SKU04953,253,55,20,2025-09-02
ST21,SKU00932,208,64,22,2025-07-28
ST28,SKU02640,0,92,41,2025-10-06
ST01,SKU02408,125,32,11,2025-07-11
ST05,SKU04958,499,90,27,2025-07-08
ST29,SKU02763,433,74,27,2025-08-09
ST13,SKU04561,149,45,12,2025-05-27
ST12,SKU01874,154,51,24,2025-08-22
ST04,SKU03457,404,71,27,2025-06-17
ST01,SKU02683,0,78,35,2025-08-23
ST02,SKU03274,0,91,30,2025-09-18
ST11,SKU02255,176,33,12,2025-08-11
ST29,SKU02630,440,93,39,2025-07-12
ST30,SKU03619,330,65,29,2025-05-12
ST22,SKU02248,293,72,27,2025-06-06
ST04,SKU02194,342,58,22,2025-07-13
ST07,SKU02626,176,30,14,2025-05-14
ST07,SKU02546,466,92,35,2025-07-23
ST13,SKU03744,304,94,30,2025-06-24
ST09,SKU03600,311,76,27,2025-08-04
ST03,SKU00936,223,38,9,2025-06-20
ST26,SKU02104,107,29,13,2025-06-14
ST07,SKU01441,359,62,26,2025-05-31
ST20,SKU04470,347,81,23,2025-06-20
ST09,SKU00592,502,86,17,2025-08-21
ST20,SKU03281,475,100,29,2025-05-09
ST12,SKU02946,365,85,39,2025-08-22
ST25,SKU04554,410,80,27,2025-06-20
ST11,SKU03743,0,56,12,2025-09-01
ST19,SKU02331,143,30,10,2025-05-20
ST16,SKU03619,201,37,13,2025-08-21
ST21,SKU00173,98,20,9,2025-05-21
ST19,SKU00837,331,93,31,2025-07-31
ST22,SKU04012,0,69,21,2025-09-03
ST24,SKU01287,520,99,46,2025-08-26
ST10,SKU04041,0,40,10,2025-10-02
ST16,SKU00032,312,90,36,2025-06-20
ST11,SKU02675,537,98,26,2025-06-07
ST03,SKU02534,121,22,9,2025-08-07
ST03,SKU01903,164,36,9,2025-07-07
ST27,SKU00654,403,91,43,2025-06-03
ST26,SKU04605,238,48,11,2025-07-24
ST08,SKU04348,0,29,12,2025-10-01
ST21,SKU03837,539,90,38,2025-08-08
ST10,SKU00740,446,83,18,2025-08-12
ST27,SKU04425,416,75,21,2025-08-29
ST17,SKU01645,252,79,37,2025-06-30
ST26,SKU04783,0,64,17,2025-10-10
ST03,SKU04953,450,99,44,2025-07-22
ST01,SKU02648,0,40,11,2025-08-13
ST23,SKU00140,421,78,28,2025-05-21
ST27,SKU04664,210,55,18,2025-06-13
ST29,SKU01224,357,90,27,2025-07-13
ST25,SKU01874,179,57,22,2025-07-06
ST25,SKU02776,0,55,22,2025-10-06
ST26,SKU00953,0,53,16,2025-08-05
ST21,SKU01017,432,77,19,2025-05-10
ST06,SKU00699,99,29,8,2025-08-17
ST21,SKU04636,239,60,30,2025-07-19
ST02,SKU00650,254,72,33,2025-08-07
ST15,SKU03362,242,74,15,2025-05-11
ST19,SKU00832,0,69,30,2025-08-19
ST01,SKU00083,299,61,15,2025-06-26
ST23,SKU04757,254,57,28,2025-08-15
ST13,SKU02386,339,80,32,2025-07-07
ST16,SKU01919,238,74,34,2025-08-12
ST22,SKU04160,133,26,12,2025-06-26
ST21,SKU01363,0,89,33,2025-08-09
ST06,SKU00551,476,97,23,2025-05-06
ST12,SKU02681,223,43,16,2025-06-16
ST19,SKU03129,528,93,22,2025-08-17
ST03,SKU04646,0,72,30,2025-10-03
ST21,SKU04795,177,34,7,2025-07-30
ST24,SKU01256,213,54,22,2025-07-26
ST08,SKU00502,219,63,28,2025-08-29
ST06,SKU01224,419,82,40,2025-08-27
ST13,SKU00062,0,30,15,2025-10-03
ST11,SKU03347,212,47,15,2025-08-21
ST04,SKU04664,374,97,30,2025-06-16
ST09,SKU01834,102,33,8,2025-07-28
ST15,SKU00936,193,47,18,2025-06-28
ST24,SKU01441,362,85,24,2025-06-16
ST22,SKU04499,179,36,16,2025-05-07
ST25,SKU03805,207,64,20,2025-07-08
ST09,SKU01674,151,28,7,2025-06-24
ST28,SKU03362,86,20,9,2025-08-06
ST30,SKU03092,204,44,15,2025-06-27
ST10,SKU04489,0,26,10,2025-10-06
ST01,SKU01179,175,40,19,2025-07-03
ST01,SKU01558,425,98,37,2025-05-22
ST17,SKU04305,0,87,18,2025-08-21
ST01,SKU02268,0,29,8,2025-08-11
ST30,SKU00830,0,58,14,2025-08-27
ST30,SKU01413,190,42,13,2025-07-05
ST01,SKU01407,119,23,10,2025-05-21
ST25,SKU01317,0,75,27,2025-09-20
ST10,SKU04508,0,99,28,2025-08-06
ST23,SKU01986,239,55,23,2025-07-31
ST26,SKU00066,134,29,8,2025-07-30
ST22,SKU02425,100,27,12,2025-06-08
ST25,SKU03150,477,84,23,2025-05-17
ST30,SKU04157,0,34,15,2025-09-24
ST30,SKU01988,0,58,28,2025-08-27
ST14,SKU03600,341,61,13,2025-05-24
ST30,SKU04633,0,79,24,2025-08-13
ST14,SKU04401,316,84,26,2025-06-24
ST09,SKU00823,0,63,31,2025-10-08
ST22,SKU00291,0,65,20,2025-09-17
ST16,SKU03290,284,51,20,2025-05-16
ST28,SKU00936,316,69,34,2025-05-21
ST15,SKU02534,174,55,14,2025-06-02
ST15,SKU01903,175,46,21,2025-07-18
ST14,SKU00592,476,84,36,2025-05-22
ST29,SKU01256,315,62,24,2025-07-28
ST01,SKU00386,87,28,7,2025-08-06
ST22,SKU03884,351,68,15,2025-05-26
ST29,SKU02546,142,33,11,2025-07-19
ST06,SKU00105,167,28,11,2025-08-21
ST04,SKU03425,0,76,20,2025-08-23
ST21,SKU04046,0,93,34,2025-08-12
ST21,SKU01851,276,73,15,2025-07-30
ST16,SKU01038,277,53,17,2025-07-09
ST16,SKU01392,299,86,36,2025-05-09
ST29,SKU01441,172,53,25,2025-07-13
ST25,SKU04561,271,52,15,2025-08-30
ST01,SKU02463,181,46,11,2025-05-20
ST12,SKU01645,165,43,18,2025-07-08
ST07,SKU00728,0,93,25,2025-08-20
ST14,SKU02436,213,37,13,2025-08-17
ST30,SKU01781,389,70,16,2025-07-01
ST20,SKU03578,0,64,15,2025-08-15
ST15,SKU04953,180,60,14,2025-06-09
ST16,SKU03546,0,53,21,2025-08-20
ST13,SKU02570,364,95,31,2025-09-02
ST11,SKU03546,0,34,9,2025-08-23
ST21,SKU03864,187,45,21,2025-07-25
ST07,SKU03743,0,25,7,2025-10-03
ST20,SKU02532,0,42,18,2025-08-28
ST08,SKU04158,287,69,21,2025-07-03
ST13,SKU00264,0,76,30,2025-10-12
ST29,SKU04926,0,54,26,2025-08-30
ST30,SKU01009,0,69,29,2025-08-29
ST01,SKU03839,478,84,31,2025-05-17
ST25,SKU03744,292,59,24,2025-05-17
ST30,SKU03467,317,68,30,2025-06-23
ST08,SKU04670,241,71,18,2025-05-22
ST06,SKU01256,122,28,14,2025-07-06
ST07,SKU03619,220,50,20,2025-05-16
ST23,SKU01413,430,78,34,2025-08-22
ST17,SKU02683,0,48,20,2025-08-06
ST17,SKU02075,114,21,7,2025-06-04
ST06,SKU02626,453,94,22,2025-07-17
ST06,SKU02546,336,75,20,2025-09-02
ST18,SKU00012,216,47,18,2025-07-02
ST02,SKU03548,204,43,19,2025-06-11
ST28,SKU02534,83,21,4,2025-06-21
ST15,SKU02194,113,21,8,2025-05-09
ST12,SKU00385,338,60,20,2025-06-16
ST11,SKU04453,0,39,10,2025-09-09
ST07,SKU00032,175,58,21,2025-06-22
ST06,SKU01441,175,54,18,2025-05-29
ST24,SKU01857,246,65,30,2025-05-11
ST02,SKU00466,122,26,5,2025-06-16
ST19,SKU02472,245,75,21,2025-08-04
ST18,SKU03907,0,84,29,2025-09-14
ST18,SKU01171,404,95,32,2025-08-07
ST27,SKU03292,0,76,25,2025-09-05
ST26,SKU03932,387,83,36,2025-06-17
ST04,SKU04158,279,91,34,2025-05-21
ST21,SKU02088,0,82,21,2025-09-22
ST04,SKU04670,325,94,46,2025-05-08
ST22,SKU00932,286,57,16,2025-06-01
ST06,SKU00376,0,44,20,2025-09-11
ST26,SKU03053,0,69,14,2025-08-27
ST28,SKU02194,110,27,7,2025-08-19
ST18,SKU01042,88,20,5,2025-07-28
ST19,SKU01466,0,84,42,2025-08-09
ST28,SKU04646,0,69,26,2025-09-10
ST14,SKU01834,355,86,28,2025-08-09
ST24,SKU02255,150,44,15,2025-06-16
ST20,SKU00140,380,72,22,2025-05-13
ST28,SKU01048,0,52,26,2025-09-02
ST05,SKU01052,217,43,11,2025-06-10
ST20,SKU01037,0,34,8,2025-08-13
ST14,SKU04106,188,47,15,2025-07-28
ST05,SKU02877,238,43,13,2025-06-26
ST16,SKU01340,105,24,11,2025-05-22
ST14,SKU01457,80,20,4,2025-06-02
ST08,SKU04461,297,64,21,2025-05-30
ST12,SKU00264,0,29,10,2025-10-04
ST10,SKU00169,0,57,17,2025-08-18
ST21,SKU02580,259,50,24,2025-06-28
ST15,SKU01274,0,59,15,2025-09-20
ST21,SKU03548,94,26,6,2025-07-04
ST28,SKU00501,397,96,41,2025-05-21
ST02,SKU00507,165,36,18,2025-05-20
ST08,SKU01167,289,57,22,2025-05-28
ST30,SKU04958,379,73,35,2025-08-18
ST13,SKU00083,117,23,6,2025-05-21
ST02,SKU00502,362,88,39,2025-06-01
ST10,SKU04476,0,38,15,2025-09-02
ST24,SKU04265,113,35,17,2025-05-31
ST12,SKU02075,171,51,21,2025-07-17
ST20,SKU01880,448,86,35,2025-07-28
ST02,SKU02983,0,94,34,2025-08-08
ST24,SKU00317,137,23,5,2025-08-10
ST07,SKU03290,366,61,25,2025-05-15
ST03,SKU04158,403,77,31,2025-07-20
ST24,SKU02675,445,98,42,2025-07-08
ST14,SKU00994,0,63,29,2025-08-30
ST04,SKU04461,183,55,12,2025-05-11
ST05,SKU00075,329,73,18,2025-06-21
ST15,SKU02954,0,53,22,2025-09-20
ST08,SKU02892,0,50,14,2025-08-20
ST03,SKU04670,174,36,15,2025-05-08
ST09,SKU03805,281,61,27,2025-06-07
ST19,SKU01542,155,32,8,2025-05-22
ST22,SKU03837,253,67,15,2025-08-07
ST02,SKU03199,0,35,12,2025-09-18
ST25,SKU04305,0,30,11,2025-10-05
ST07,SKU01392,316,60,19,2025-05-28
ST16,SKU04626,0,69,22,2025-08-17
ST10,SKU01877,242,74,16,2025-07-05
ST07,SKU00830,0,28,10,2025-09-18
ST17,SKU01179,183,37,9,2025-08-01
ST17,SKU01558,463,92,26,2025-08-21
ST17,SKU02268,0,95,36,2025-09-18
ST30,SKU00402,264,61,16,2025-07-12
ST08,SKU04166,0,59,23,2025-09-24
ST05,SKU02141,0,65,18,2025-09-21
ST24,SKU01685,0,81,23,2025-09-20
ST23,SKU00342,250,49,16,2025-07-24
ST22,SKU02558,254,70,14,2025-07-28
ST27,SKU03129,254,75,31,2025-08-14
ST26,SKU02614,0,58,21,2025-08-31
ST21,SKU01032,270,67,20,2025-08-15
ST02,SKU03702,0,88,41,2025-08-29
ST28,SKU04425,228,52,17,2025-07-17
ST08,SKU03961,389,99,36,2025-06-02
ST02,SKU01420,0,37,14,2025-08-15
ST30,SKU01733,78,22,8,2025-06-23
ST11,SKU02566,307,68,26,2025-07-17
ST28,SKU04664,134,23,7,2025-08-28
ST23,SKU04958,387,89,28,2025-08-12
ST29,SKU00032,363,72,21,2025-08-16
ST11,SKU00662,262,78,19,2025-08-18
ST23,SKU04919,157,35,11,2025-06-21
ST11,SKU04562,0,59,25,2025-09-05
ST02,SKU01857,81,22,5,2025-07-15
ST19,SKU02722,566,95,42,2025-08-22
ST26,SKU03292,0,87,39,2025-08-24
ST29,SKU03737,220,55,27,2025-05-16
ST17,SKU02463,187,38,8,2025-06-01
ST06,SKU03743,0,71,25,2025-10-09
ST26,SKU02999,109,24,12,2025-07-18
ST14,SKU00972,151,36,9,2025-05-23
ST05,SKU03357,346,72,15,2025-08-26
ST09,SKU02681,173,40,16,2025-07-18
ST25,SKU02075,400,70,27,2025-06-11
ST20,SKU01179,357,79,27,2025-06-28
ST20,SKU01558,435,100,47,2025-08-23
ST12,SKU00584,144,38,13,2025-08-17
ST21,SKU00502,357,61,13,2025-07-07
ST22,SKU03362,136,24,7,2025-06-25
ST05,SKU01790,318,89,19,2025-05-12
ST12,SKU00083,242,64,31,2025-07-26
ST08,SKU02436,350,86,20,2025-06-23
ST07,SKU04955,274,75,25,2025-06-08
ST19,SKU02829,296,65,24,2025-08-10
ST28,SKU03807,247,45,17,2025-05-07
ST06,SKU02675,98,32,16,2025-08-20
ST19,SKU01915,298,58,16,2025-05-23
ST18,SKU00598,205,39,18,2025-08-31
ST09,SKU04048,230,58,27,2025-07-21
ST01,SKU00740,208,39,12,2025-06-30
ST27,SKU00706,518,89,31,2025-08-27
ST27,SKU02014,249,78,30,2025-08-29
ST16,SKU01684,284,56,15,2025-08-15
ST20,SKU02277,342,83,23,2025-07-03
ST23,SKU04321,0,20,9,2025-10-11
ST08,SKU02014,103,33,12,2025-07-20
ST16,SKU04016,0,50,14,2025-10-01
ST24,SKU00858,95,25,11,2025-08-17
ST12,SKU00416,0,58,24,2025-08-29
ST15,SKU04670,259,76,23,2025-05-17
ST01,SKU01981,538,91,40,2025-07-08
ST22,SKU01851,274,61,26,2025-06-17
ST12,SKU03592,293,74,36,2025-05-30
ST19,SKU00524,216,43,9,2025-08-12
ST04,SKU01651,157,30,11,2025-08-22
ST23,SKU04824,0,56,13,2025-08-12
ST26,SKU02331,234,66,22,2025-08-14
ST30,SKU04126,0,52,21,2025-08-12
ST02,SKU03941,296,60,19,2025-08-22
ST24,SKU00421,256,83,37,2025-07-25
ST26,SKU00837,386,100,27,2025-08-13
ST03,SKU00631,307,84,28,2025-08-10
ST10,SKU01678,548,93,25,2025-07-16
ST14,SKU01347,217,39,8,2025-08-28
ST09,SKU04392,143,42,13,2025-06-15
ST27,SKU02472,209,39,14,2025-07-15
ST13,SKU04442,185,56,21,2025-05-20
ST21,SKU02103,428,79,36,2025-06-25
ST04,SKU02014,302,100,29,2025-08-12
ST19,SKU04856,313,73,22,2025-06-28
ST17,SKU03230,158,42,11,2025-07-26
ST01,SKU00012,258,51,23,2025-06-11
ST03,SKU04166,0,64,22,2025-09-29
ST28,SKU04352,159,52,17,2025-07-12
ST14,SKU03805,380,84,32,2025-05-18
ST19,SKU02686,325,81,30,2025-07-22
ST16,SKU02248,380,65,27,2025-07-22
ST19,SKU04470,233,44,11,2025-06-09
ST02,SKU04265,268,46,13,2025-08-26
ST22,SKU01903,113,32,7,2025-07-13
ST12,SKU00386,419,99,42,2025-08-13
ST19,SKU03870,0,27,10,2025-09-27
ST19,SKU03281,158,51,25,2025-07-24
ST01,SKU02543,0,25,8,2025-09-09
ST29,SKU03290,128,38,16,2025-08-29
ST12,SKU00484,0,50,22,2025-08-27
ST28,SKU02614,0,53,25,2025-09-15
ST17,SKU00342,272,59,13,2025-08-08
ST21,SKU04670,148,25,7,2025-05-13
ST09,SKU00069,374,93,34,2025-05-20
ST03,SKU04154,0,70,26,2025-08-20
ST09,SKU01582,413,83,35,2025-07-29
ST07,SKU04847,0,44,21,2025-08-12
ST25,SKU00083,161,41,16,2025-07-19
ST12,SKU02463,387,66,28,2025-07-13
ST03,SKU03961,144,30,6,2025-06-18
ST07,SKU04626,0,99,42,2025-08-12
ST06,SKU01438,0,46,9,2025-10-08
ST30,SKU03642,106,29,14,2025-06-20
ST22,SKU04953,248,44,19,2025-06-05
ST30,SKU03284,145,48,16,2025-08-01
ST18,SKU02381,0,28,10,2025-08-12
ST27,SKU01371,0,21,6,2025-08-14
ST05,SKU01678,109,21,6,2025-05-15
ST08,SKU00585,257,47,23,2025-06-21
ST19,SKU00531,0,75,30,2025-08-22
ST29,SKU03546,0,81,26,2025-09-10
ST07,SKU02329,474,79,17,2025-07-04
ST08,SKU01170,0,68,20,2025-09-12
ST08,SKU01457,376,77,18,2025-05-27
ST11,SKU04607,154,47,12,2025-06-10
ST26,SKU03129,237,40,9,2025-07-09
ST06,SKU03290,183,36,9,2025-08-23
ST30,SKU00050,0,36,18,2025-08-09
ST02,SKU00855,289,67,15,2025-08-09
ST16,SKU00929,0,59,22,2025-10-06
ST01,SKU01042,168,39,19,2025-06-19
ST22,SKU02194,298,99,39,2025-06-03
ST11,SKU04012,0,93,19,2025-08-27
ST27,SKU04756,0,49,19,2025-09-14
ST30,SKU01158,270,53,26,2025-07-09
ST15,SKU04461,322,56,24,2025-05-20
ST08,SKU00823,0,30,7,2025-08-31
ST20,SKU03230,367,91,20,2025-07-26
ST26,SKU02290,111,23,10,2025-05-24
ST18,SKU00775,191,42,18,2025-08-20
ST25,SKU03592,178,30,13,2025-07-15
ST10,SKU02763,83,20,8,2025-07-15
ST30,SKU04693,140,35,11,2025-05-19
ST08,SKU04756,0,23,8,2025-08-22
ST22,SKU04646,0,45,19,2025-08-13
ST07,SKU02365,164,32,16,2025-07-22
ST10,SKU02630,86,23,11,2025-07-11
ST04,SKU00585,319,76,30,2025-08-11
ST05,SKU00328,0,93,26,2025-08-18
ST03,SKU01651,554,98,24,2025-07-25
ST18,SKU02840,0,45,11,2025-10-11
ST10,SKU04145,465,82,37,2025-05-18
ST27,SKU01828,178,45,11,2025-08-20
ST30,SKU03291,287,68,33,2025-05-07
ST04,SKU03740,193,55,25,2025-08-20
ST16,SKU01104,198,47,19,2025-07-19
ST05,SKU00650,228,44,14,2025-06-08
ST18,SKU00237,148,39,19,2025-08-04
ST03,SKU02014,317,68,25,2025-08-13
ST14,SKU04048,165,35,12,2025-07-18
ST25,SKU00386,389,65,28,2025-07-05
ST02,SKU01030,0,59,24,2025-08-04
ST04,SKU00079,0,79,17,2025-08-30
ST02,SKU03600,225,65,25,2025-07-19
ST16,SKU04160,139,38,19,2025-07-01
ST09,SKU02570,537,94,45,2025-05-11
ST16,SKU04222,159,34,16,2025-06-20
ST20,SKU03491,192,50,19,2025-06-10
ST21,SKU04414,345,84,31,2025-05-31
ST25,SKU02463,550,94,33,2025-06-10
ST07,SKU00254,0,30,14,2025-10-03
ST17,SKU00986,336,66,27,2025-06-09
ST04,SKU04663,0,44,21,2025-09-02
ST15,SKU04166,0,87,23,2025-08-12
ST27,SKU01189,0,64,14,2025-08-25
ST26,SKU00706,256,58,14,2025-06-04
ST23,SKU01158,274,47,16,2025-08-01
ST17,SKU03036,318,98,41,2025-08-26
ST27,SKU04140,0,98,23,2025-08-23
ST30,SKU02877,89,23,8,2025-08-15
ST14,SKU02950,0,60,27,2025-09-06
ST25,SKU02253,201,51,12,2025-06-16
ST16,SKU04499,460,91,26,2025-08-19
ST15,SKU04154,0,54,19,2025-09-29
ST13,SKU04710,0,66,32,2025-08-18
ST15,SKU03961,298,56,15,2025-07-15
ST30,SKU00437,153,31,14,2025-07-24
ST23,SKU03693,0,51,20,2025-08-08
ST20,SKU04346,0,64,13,2025-09-20
ST17,SKU04041,0,92,38,2025-09-06
ST10,SKU01224,383,77,36,2025-06-09
ST16,SKU02425,134,28,8,2025-06-09
ST14,SKU03991,127,41,10,2025-06-26
ST15,SKU04401,415,70,23,2025-06-13
ST26,SKU02472,312,87,39,2025-08-06
ST03,SKU00449,98,22,6,2025-06-27
ST28,SKU00832,0,21,6,2025-08-18
ST13,SKU00965,126,34,11,2025-06-05
ST16,SKU00291,0,47,21,2025-08-09
ST07,SKU02248,198,52,17,2025-07-10
ST23,SKU03851,0,49,13,2025-10-01
ST24,SKU01567,440,94,43,2025-07-11
ST17,SKU01762,85,20,5,2025-08-20
ST14,SKU00069,487,85,26,2025-06-28
ST03,SKU00585,240,55,21,2025-07-05
ST19,SKU03578,0,24,9,2025-08-11
ST30,SKU03504,453,78,30,2025-07-03
ST03,SKU03416,454,98,21,2025-07-28
ST16,SKU03884,116,25,7,2025-05-15
ST06,SKU01340,465,87,26,2025-07-26
ST10,SKU01287,491,98,29,2025-08-20
ST28,SKU04154,0,84,34,2025-08-12
ST05,SKU04318,0,71,22,2025-09-16
ST02,SKU04453,0,40,16,2025-08-09
ST28,SKU03129,324,94,19,2025-07-17
ST19,SKU03800,0,78,19,2025-08-27
ST15,SKU02436,324,78,19,2025-06-26
ST27,SKU01874,200,42,15,2025-05-21
ST28,SKU03961,126,24,8,2025-07-01
ST03,SKU03740,187,40,15,2025-08-03
ST25,SKU02247,0,84,30,2025-09-06
ST07,SKU04126,0,33,15,2025-08-04
ST07,SKU00845,0,36,9,2025-10-06
ST10,SKU01662,0,73,15,2025-08-19
ST03,SKU02794,302,59,27,2025-07-20
ST08,SKU01874,285,51,18,2025-08-02
ST30,SKU02141,0,65,25,2025-08-30
ST23,SKU02877,318,63,17,2025-05-25
ST27,SKU00942,0,59,18,2025-08-31
ST09,SKU00462,321,65,18,2025-08-18
ST30,SKU02462,0,47,22,2025-08-21
ST21,SKU03600,166,30,14,2025-07-18
ST25,SKU04653,492,82,37,2025-05-20
ST15,SKU02014,358,69,21,2025-05-12
ST29,SKU02329,170,37,14,2025-08-05
ST03,SKU02046,0,62,14,2025-09-12
ST15,SKU03476,0,39,13,2025-09-27
ST27,SKU02946,308,91,36,2025-07-09
ST23,SKU03179,178,39,19,2025-07-30
ST13,SKU00012,288,58,17,2025-06-01
ST04,SKU01874,195,52,11,2025-05-15
ST04,SKU02776,0,70,26,2025-09-20
ST01,SKU00002,0,87,39,2025-09-27
ST22,SKU03425,0,96,22,2025-09-09
ST13,SKU03907,0,55,13,2025-09-14
ST20,SKU00401,183,50,16,2025-06-24
ST18,SKU01915,113,32,11,2025-06-20
ST27,SKU03277,202,37,15,2025-05-30
ST05,SKU01662,0,38,15,2025-09-24
ST29,SKU04562,0,49,15,2025-09-25
ST09,SKU02387,554,99,35,2025-06-17
ST26,SKU04118,65,20,10,2025-05-21
ST12,SKU04107,328,82,22,2025-07-10
ST18,SKU04566,362,70,21,2025-06-18
ST10,SKU01256,243,72,32,2025-08-11
ST27,SKU01317,0,85,30,2025-08-04
ST06,SKU01423,522,91,21,2025-07-06
ST30,SKU03357,471,99,28,2025-07-17
ST30,SKU00419,208,67,14,2025-08-16
ST30,SKU03063,0,25,11,2025-08-25
ST06,SKU02329,440,80,18,2025-05-25
ST10,SKU02546,459,92,22,2025-05-16
ST26,SKU01828,361,61,19,2025-08-02
ST22,SKU00571,267,71,21,2025-08-08
ST06,SKU02541,199,39,9,2025-05-30
ST22,SKU02176,0,42,16,2025-08-29
ST28,SKU00706,414,82,33,2025-07-10
ST30,SKU01790,377,76,29,2025-05-25
ST10,SKU01441,286,70,23,2025-08-12
ST28,SKU02014,264,61,13,2025-06-24
ST16,SKU00932,307,83,33,2025-07-15
ST07,SKU00050,0,90,42,2025-09-30
ST28,SKU03476,0,26,6,2025-08-31
ST27,SKU02686,82,25,5,2025-08-28
ST04,SKU02946,235,65,18,2025-06-28
ST18,SKU04571,0,24,10,2025-08-27
ST19,SKU00140,477,93,32,2025-06-28
ST27,SKU03870,0,92,31,2025-09-29
ST12,SKU00965,431,100,40,2025-07-16
ST07,SKU04160,315,60,25,2025-05-11
ST05,SKU01187,292,63,17,2025-07-04
ST12,SKU00740,478,98,29,2025-08-03
ST07,SKU04222,393,93,24,2025-07-02
ST29,SKU03493,202,52,14,2025-08-02
ST30,SKU00173,139,27,6,2025-07-25
ST19,SKU04757,275,54,19,2025-05-11
ST24,SKU02248,242,52,20,2025-08-06
ST11,SKU04073,285,48,14,2025-05-13
ST20,SKU02543,0,34,15,2025-10-03
ST04,SKU01317,0,73,22,2025-09-01
ST15,SKU00585,158,37,17,2025-05-30
ST26,SKU01189,0,45,15,2025-09-15
ST22,SKU04670,144,44,21,2025-06-30
ST09,SKU02104,319,69,30,2025-06-17
ST07,SKU04499,179,39,9,2025-05-31
ST20,SKU04508,0,56,11,2025-08-08
ST23,SKU01877,323,92,34,2025-05-28
ST14,SKU04901,251,45,12,2025-05-15
ST05,SKU01441,196,46,19,2025-06-10
ST13,SKU02068,0,56,21,2025-10-10
ST12,SKU00860,210,37,9,2025-06-03
ST03,SKU02172,109,25,6,2025-08-13
ST23,SKU03357,272,62,18,2025-09-01
ST23,SKU00419,562,99,34,2025-07-10
ST05,SKU00507,285,85,27,2025-08-11
ST30,SKU04636,85,27,6,2025-06-03
ST21,SKU01834,305,68,28,2025-07-13
ST18,SKU02079,0,55,26,2025-08-20
ST01,SKU02526,0,38,11,2025-08-21
ST01,SKU01191,144,33,10,2025-06-19
ST23,SKU01790,372,87,41,2025-07-27
ST11,SKU00177,0,31,14,2025-10-09
ST28,SKU00585,444,75,20,2025-06-11
ST07,SKU00291,0,70,29,2025-09-21
ST25,SKU04710,0,31,11,2025-09-01
ST26,SKU02722,113,30,11,2025-08-23
ST29,SKU02248,346,85,31,2025-06-13
ST07,SKU03884,367,63,18,2025-08-31
ST02,SKU01567,342,83,35,2025-05-07
ST27,SKU03822,311,67,18,2025-07-13
ST05,SKU00376,0,92,19,2025-09-19
ST15,SKU03259,0,88,26,2025-08-17
ST01,SKU00721,362,89,25,2025-08-30
ST28,SKU03740,213,37,15,2025-06-28
ST18,SKU04350,0,65,30,2025-10-08
ST14,SKU03311,209,38,16,2025-07-20
ST19,SKU00691,319,55,25,2025-07-25
ST01,SKU02840,0,93,31,2025-09-09
ST02,SKU00662,308,56,24,2025-05-28
ST02,SKU00972,110,23,7,2025-06-22
ST01,SKU02514,284,81,36,2025-06-20
ST18,SKU04741,138,41,14,2025-06-16
ST28,SKU04756,0,90,45,2025-10-01
ST26,SKU02829,385,93,33,2025-08-07
ST18,SKU04798,190,60,29,2025-08-17
ST23,SKU01339,378,87,34,2025-09-02
ST25,SKU00740,109,20,7,2025-08-25
ST16,SKU04636,304,88,43,2025-06-14
ST16,SKU01017,463,91,31,2025-07-26
ST07,SKU03173,193,59,20,2025-07-17
ST26,SKU01915,349,91,40,2025-08-11
ST23,SKU04249,234,44,18,2025-05-10
ST15,SKU04152,361,85,40,2025-07-24
ST26,SKU04566,283,70,27,2025-07-30
ST25,SKU01762,232,50,15,2025-05-21
ST06,SKU02248,223,67,17,2025-06-30
ST07,SKU02055,178,52,13,2025-08-20
ST12,SKU01803,292,72,30,2025-05-14
ST09,SKU04532,363,77,21,2025-07-09
ST20,SKU01052,416,87,42,2025-07-22
ST29,SKU02660,0,46,16,2025-08-24
ST22,SKU04461,136,41,18,2025-06-05
ST25,SKU00954,222,57,19,2025-08-22
ST03,SKU03150,409,79,23,2025-07-06
ST06,SKU00845,0,81,20,2025-09-07
ST27,SKU00251,349,94,43,2025-05-25
ST19,SKU01558,253,44,21,2025-09-02
ST20,SKU02898,0,78,34,2025-09-18
ST26,SKU03277,313,61,27,2025-06-01
ST02,SKU00170,167,34,14,2025-07-01
ST19,SKU04157,0,91,34,2025-08-28
ST08,SKU00539,0,98,20,2025-09-14
ST14,SKU04768,415,87,41,2025-05-28
ST27,SKU00500,0,63,17,2025-09-29
ST07,SKU04362,0,27,6,2025-10-02
ST30,SKU02355,0,42,17,2025-08-20
ST29,SKU02340,0,78,17,2025-09-02
ST25,SKU00012,375,92,22,2025-06-08
ST30,SKU00650,392,68,33,2025-07-16
ST11,SKU03362,320,68,26,2025-06-11
ST08,SKU04315,0,94,24,2025-08-11
ST07,SKU00932,285,50,16,2025-05-29
ST15,SKU02172,540,100,36,2025-06-03
ST23,SKU01678,418,72,27,2025-08-21
ST03,SKU04561,490,85,26,2025-05-30
ST02,SKU01347,257,45,12,2025-06-21
ST26,SKU02686,376,78,27,2025-07-31
ST09,SKU00066,255,65,21,2025-07-05
ST11,SKU02351,225,41,13,2025-07-03
ST19,SKU02277,307,57,15,2025-06-21
ST23,SKU04215,167,35,16,2025-06-01
ST04,SKU02386,129,34,14,2025-09-01
ST26,SKU03281,379,66,17,2025-05-19
ST13,SKU00598,354,98,28,2025-09-02
ST15,SKU01874,142,31,14,2025-06-02
ST17,SKU00628,0,33,9,2025-08-31
ST04,SKU00539,0,61,29,2025-09-27
ST29,SKU04160,408,98,43,2025-07-12
ST14,SKU02104,250,70,31,2025-08-06
ST13,SKU00628,0,52,11,2025-10-02
ST06,SKU01766,202,40,10,2025-09-01
ST21,SKU00972,157,47,11,2025-07-01
ST19,SKU03467,189,51,19,2025-08-11
ST12,SKU00837,241,65,32,2025-07-11
ST20,SKU00169,0,60,30,2025-09-01
ST28,SKU00521,371,70,27,2025-07-11
ST02,SKU01021,0,66,18,2025-09-30
ST16,SKU04046,0,70,23,2025-09-07
ST10,SKU02675,203,66,17,2025-05-06
ST16,SKU01851,220,62,22,2025-05-07
ST13,SKU03105,277,68,19,2025-08-02
ST22,SKU03961,194,45,15,2025-07-30
ST11,SKU00190,0,26,11,2025-08-09
ST15,SKU02946,113,31,7,2025-06-11
ST26,SKU04350,0,31,15,2025-08-06
ST06,SKU04160,153,26,7,2025-06-19
ST22,SKU04401,268,72,29,2025-08-11
ST09,SKU00506,0,46,16,2025-09-10
ST04,SKU04305,0,44,22,2025-08-07
ST23,SKU00650,235,71,28,2025-06-18
ST07,SKU03935,111,34,12,2025-07-06
ST27,SKU01911,294,96,19,2025-05-17
ST11,SKU02534,430,79,21,2025-07-24
ST11,SKU01903,471,86,39,2025-08-18
ST20,SKU01877,334,84,28,2025-05-14
ST06,SKU04499,273,73,22,2025-08-13
ST30,SKU04318,0,41,18,2025-09-21
ST02,SKU00589,284,61,22,2025-08-07
ST01,SKU01224,546,100,43,2025-05-25
ST23,SKU04145,193,55,20,2025-05-13
ST08,SKU02075,369,70,31,2025-08-01
ST05,SKU03737,239,49,15,2025-08-06
ST05,SKU00920,0,51,24,2025-08-06
ST06,SKU04996,210,65,19,2025-05-25
ST24,SKU04280,0,80,17,2025-08-05
ST04,SKU03436,243,73,20,2025-07-26
ST07,SKU04636,259,63,17,2025-08-10
ST07,SKU01017,208,38,14,2025-08-14
ST14,SKU04532,124,25,10,2025-05-22
ST02,SKU04048,519,92,21,2025-06-17
ST19,SKU03230,320,94,23,2025-08-03
ST12,SKU03171,0,92,41,2025-08-21
ST22,SKU03476,0,23,9,2025-10-05
ST09,SKU03053,0,80,28,2025-08-22
ST12,SKU00598,227,41,18,2025-06-24
ST04,SKU02408,287,51,16,2025-08-20
ST30,SKU03548,497,92,40,2025-05-09
ST01,SKU01792,422,76,25,2025-07-01
ST28,SKU01317,0,23,8,2025-08-20
ST24,SKU02640,0,28,8,2025-09-22
ST11,SKU02194,129,40,17,2025-08-04
ST19,SKU00342,144,45,17,2025-07-08
ST06,SKU03884,311,95,43,2025-07-31
ST04,SKU02075,271,51,18,2025-07-30
ST04,SKU02683,0,37,8,2025-08-20
ST12,SKU00002,0,24,6,2025-08-19
ST15,SKU02681,423,84,25,2025-06-29
ST16,SKU03257,510,87,18,2025-06-17
ST17,SKU03057,0,89,20,2025-09-03
ST16,SKU04646,0,87,22,2025-09-26
ST15,SKU03744,372,65,13,2025-06-16
ST16,SKU00445,0,46,20,2025-08-28
ST11,SKU00445,0,73,35,2025-09-04
ST20,SKU01339,239,40,19,2025-08-24
ST01,SKU00538,0,56,26,2025-10-11
ST02,SKU02950,0,63,21,2025-09-21
ST19,SKU04958,325,89,34,2025-07-11
ST17,SKU02700,293,89,44,2025-05-21
ST20,SKU04249,405,94,30,2025-08-28
ST21,SKU01770,165,40,12,2025-06-18
ST10,SKU01677,0,43,18,2025-08-07
ST13,SKU02840,0,87,32,2025-09-29
ST18,SKU04757,136,39,8,2025-06-28
ST19,SKU04919,242,44,19,2025-06-17
ST09,SKU03634,323,77,19,2025-07-03
ST30,SKU02567,262,78,38,2025-05-14
ST01,SKU00105,166,37,17,2025-06-24
ST16,SKU02580,285,54,15,2025-05-20
ST07,SKU03362,258,54,23,2025-06-02
ST03,SKU04305,0,27,8,2025-08-23
ST06,SKU02055,501,87,39,2025-07-07
ST23,SKU00551,367,98,30,2025-07-10
ST19,SKU03491,202,44,13,2025-06-09
ST08,SKU00462,254,52,14,2025-06-15
ST24,SKU02449,0,44,15,2025-08-22
ST20,SKU02526,0,67,21,2025-10-11
ST02,SKU03991,426,93,45,2025-05-25
ST29,SKU00932,393,85,30,2025-08-09
ST14,SKU00893,0,96,25,2025-08-18
ST10,SKU03546,0,81,36,2025-09-14
ST24,SKU03935,443,85,28,2025-05-06
ST26,SKU03578,0,75,35,2025-09-04
ST28,SKU03744,434,85,18,2025-07-21
ST20,SKU02930,0,78,28,2025-09-24
ST02,SKU00069,288,49,17,2025-07-21
ST02,SKU01582,109,31,8,2025-06-04
ST22,SKU00585,236,60,30,2025-08-16
ST02,SKU01592,112,27,13,2025-08-23
ST01,SKU02626,283,56,19,2025-05-21
ST13,SKU04142,78,25,6,2025-08-06
ST13,SKU01649,272,72,23,2025-07-19
ST08,SKU00083,102,33,13,2025-07-03
ST22,SKU01457,383,87,20,2025-08-04
ST05,SKU01370,0,33,15,2025-10-11
ST07,SKU02355,0,85,25,2025-09-19
ST30,SKU01547,0,46,13,2025-09-21
ST05,SKU01677,0,86,25,2025-08-24
ST18,SKU01986,306,58,20,2025-06-14
ST20,SKU01678,109,32,11,2025-06-24
ST21,SKU04048,355,80,29,2025-07-31
ST23,SKU01662,0,98,41,2025-08-19
ST01,SKU04273,0,64,16,2025-09-30
ST06,SKU00932,281,61,26,2025-05-18
ST22,SKU02794,244,48,24,2025-06-24
ST03,SKU02747,0,56,24,2025-09-01
ST01,SKU04741,80,25,6,2025-08-25
ST12,SKU02381,0,92,29,2025-08-07
ST25,SKU00598,271,75,34,2025-05-15
ST04,SKU02648,0,94,28,2025-09-16
ST17,SKU03749,201,37,8,2025-07-03
ST01,SKU04798,382,93,30,2025-09-02
ST09,SKU03907,0,73,27,2025-08-28
ST09,SKU01171,296,54,15,2025-08-27
ST22,SKU04756,0,33,15,2025-08-07
ST30,SKU00507,324,64,15,2025-08-17
ST03,SKU02408,238,52,22,2025-06-13
ST25,SKU00628,0,81,38,2025-08-16
ST16,SKU04348,0,95,38,2025-08-31
ST28,SKU03822,356,68,26,2025-07-16
ST03,SKU01356,93,20,8,2025-07-15
ST17,SKU02630,298,66,22,2025-08-03
ST14,SKU01675,226,38,15,2025-06-29
ST04,SKU00083,486,93,35,2025-06-14
ST27,SKU01179,129,38,8,2025-05-30
ST15,SKU00251,155,30,11,2025-07-06
ST29,SKU03935,69,20,9,2025-05-09
ST15,SKU00539,0,29,13,2025-10-06
ST30,SKU02983,0,73,24,2025-09-02
ST12,SKU00775,232,56,17,2025-06-22
ST02,SKU03709,449,92,39,2025-05-29
ST08,SKU02268,0,32,9,2025-10-07
ST07,SKU02534,217,58,16,2025-06-02
ST07,SKU01903,322,62,26,2025-07-13
ST22,SKU03259,0,73,26,2025-10-10
ST12,SKU00721,421,73,19,2025-07-18
ST13,SKU04018,466,78,17,2025-08-12
ST14,SKU04425,404,74,34,2025-07-01
ST20,SKU03251,272,53,25,2025-07-13
ST09,SKU01396,379,68,26,2025-05-18
ST19,SKU02302,327,83,19,2025-08-17
ST30,SKU04212,71,23,5,2025-07-08
ST18,SKU03092,396,79,18,2025-08-11
ST21,SKU03991,340,72,34,2025-08-29
ST26,SKU00140,218,71,23,2025-06-13
ST27,SKU00484,0,75,18,2025-09-25
ST06,SKU03935,295,83,19,2025-08-24
ST06,SKU00177,0,39,8,2025-10-08
ST08,SKU00386,94,23,8,2025-06-08
ST17,SKU02969,243,58,16,2025-06-18
ST28,SKU02386,248,73,30,2025-05-24
ST14,SKU01068,95,25,12,2025-08-03
ST23,SKU01441,147,44,13,2025-06-03
ST04,SKU01179,369,68,32,2025-08-13
ST24,SKU03362,176,44,19,2025-05-29
ST13,SKU02722,238,43,15,2025-05-19
ST27,SKU02463,135,38,16,2025-05-17
ST21,SKU00069,142,36,12,2025-06-29
ST20,SKU02763,70,20,5,2025-08-31
ST21,SKU01582,215,37,8,2025-07-29
ST26,SKU04757,505,93,37,2025-07-31
ST23,SKU00507,414,74,20,2025-07-04
ST21,SKU01592,81,23,6,2025-07-03
ST22,SKU04140,0,74,36,2025-09-02
ST20,SKU02630,291,49,15,2025-07-18
ST26,SKU03840,0,45,12,2025-08-23
ST18,SKU04551,0,94,21,2025-09-14
ST18,SKU01138,0,65,30,2025-08-05
ST06,SKU03837,121,27,7,2025-07-19
ST16,SKU03425,0,71,17,2025-08-04
ST30,SKU01857,415,84,37,2025-05-28
ST26,SKU03535,0,24,9,2025-08-13
ST17,SKU00551,118,29,11,2025-05-18
ST04,SKU00386,420,80,19,2025-07-23
ST23,SKU04105,0,49,13,2025-09-18
ST24,SKU00936,213,60,28,2025-06-11
ST17,SKU01224,314,85,36,2025-06-22
ST13,SKU01915,318,100,44,2025-06-17
ST02,SKU02446,120,28,7,2025-08-31
ST23,SKU00376,0,80,23,2025-08-10
ST24,SKU02503,0,29,8,2025-09-03
ST06,SKU01017,239,63,31,2025-08-05
ST18,SKU01781,254,47,16,2025-06-13
ST09,SKU02331,101,29,8,2025-07-15
ST03,SKU00584,114,33,11,2025-06-26
ST15,SKU00264,0,97,28,2025-08-10
ST18,SKU03467,112,23,6,2025-07-08
ST04,SKU04245,0,57,20,2025-08-31
ST24,SKU00190,0,86,34,2025-08-09
ST29,SKU03362,439,80,33,2025-08-08
ST18,SKU04955,195,34,8,2025-07-30
ST26,SKU01986,261,69,28,2025-06-16
ST10,SKU01423,576,100,47,2025-06-20
ST02,SKU01775,0,43,20,2025-10-05
ST07,SKU04153,98,24,12,2025-07-04
ST12,SKU04018,172,32,14,2025-05-31
ST24,SKU02534,399,74,35,2025-05-11
ST16,SKU04670,274,53,20,2025-05-13
ST11,SKU04670,325,76,26,2025-06-10
ST14,SKU03907,0,69,25,2025-09-29
ST14,SKU01171,265,65,16,2025-08-20
ST06,SKU03362,183,34,8,2025-07-16
ST14,SKU02897,384,73,34,2025-05-09
ST17,SKU00105,429,77,32,2025-07-29
ST06,SKU00240,375,68,18,2025-08-31
ST03,SKU01179,226,41,19,2025-07-20
ST14,SKU03108,165,44,9,2025-05-25
ST24,SKU04953,121,30,8,2025-08-23
ST13,SKU03281,463,94,19,2025-08-17
ST11,SKU02740,0,59,24,2025-08-13
ST10,SKU01152,0,35,14,2025-09-04
ST18,SKU01971,411,99,25,2025-08-14
ST27,SKU00342,172,47,17,2025-06-11
ST12,SKU02969,267,78,18,2025-07-28
ST09,SKU01751,0,66,21,2025-08-04
ST12,SKU00699,412,72,30,2025-06-14
ST01,SKU03619,85,28,13,2025-08-09
ST26,SKU01413,166,45,12,2025-07-24
ST30,SKU04265,403,73,24,2025-08-13
ST24,SKU02194,91,26,11,2025-08-03
ST14,SKU01396,102,29,12,2025-06-10
ST17,SKU02626,225,41,17,2025-07-17
ST17,SKU02546,243,77,29,2025-07-14
ST03,SKU00386,202,51,14,2025-08-25
ST14,SKU03292,0,40,13,2025-09-09
ST06,SKU04046,0,94,20,2025-08-08
ST06,SKU01851,178,46,12,2025-05-16
ST21,SKU02446,265,71,17,2025-07-27
ST04,SKU03230,119,31,8,2025-05-24
ST26,SKU04157,0,92,20,2025-09-04
ST03,SKU00484,0,30,14,2025-08-29
ST29,SKU02534,518,87,24,2025-08-21
ST29,SKU01903,562,94,22,2025-07-14
ST05,SKU01567,145,31,15,2025-06-30
ST15,SKU00462,129,22,5,2025-07-10
ST17,SKU01441,351,66,20,2025-08-03
ST05,SKU02566,113,32,9,2025-05-14
ST14,SKU02999,130,40,15,2025-06-19
ST12,SKU04566,347,76,30,2025-06-19
ST24,SKU00445,0,45,13,2025-08-21
ST17,SKU04273,0,69,19,2025-08-15
ST09,SKU00598,308,100,44,2025-06-28
ST13,SKU04350,0,70,17,2025-08-20
ST03,SKU02463,268,80,33,2025-07-15
ST10,SKU00254,0,62,13,2025-08-20
ST17,SKU04741,223,51,20,2025-07-08
ST22,SKU01770,412,93,34,2025-07-18
ST05,SKU04562,0,47,11,2025-08-06
ST09,SKU04596,0,97,43,2025-08-17
ST10,SKU02710,384,64,15,2025-07-02
ST06,SKU02576,87,26,13,2025-06-20
ST16,SKU04771,364,63,28,2025-05-06
ST13,SKU04741,344,77,19,2025-06-19
ST20,SKU00105,420,91,45,2025-05-12
ST19,SKU01052,288,67,32,2025-07-24
ST29,SKU04953,173,37,15,2025-08-06
ST10,SKU04016,0,79,23,2025-09-14
ST26,SKU00498,267,57,16,2025-05-22
ST13,SKU04798,189,37,11,2025-08-30
ST05,SKU03876,0,92,28,2025-09-11
ST18,SKU04958,367,86,30,2025-07-04
ST30,SKU01685,0,28,13,2025-08-05
ST25,SKU04018,452,91,31,2025-07-20
ST15,SKU00083,126,27,6,2025-07-10
ST21,SKU01775,0,84,33,2025-10-07
ST30,SKU00855,139,28,13,2025-07-31
ST22,SKU04561,327,64,21,2025-07-08
ST06,SKU02534,448,85,34,2025-08-09
ST06,SKU01903,257,74,31,2025-05-29
ST09,SKU01827,262,44,9,2025-07-05
ST17,SKU00020,0,99,42,2025-08-24
ST16,SKU04461,437,82,20,2025-07-29
ST16,SKU03376,139,43,20,2025-07-12
ST26,SKU03467,306,68,22,2025-06-12
ST16,SKU04414,383,74,36,2025-07-22
ST29,SKU02194,217,38,14,2025-08-21
ST02,SKU02104,320,73,20,2025-07-28
ST25,SKU03323,0,42,19,2025-09-08
ST20,SKU02626,165,29,14,2025-05-26
ST20,SKU02546,457,85,24,2025-07-02
ST27,SKU04321,0,75,20,2025-10-10
ST06,SKU04953,307,56,15,2025-06-07
ST21,SKU02923,0,92,24,2025-09-01
ST22,SKU04753,450,100,21,2025-08-15
ST14,SKU02331,359,84,30,2025-05-08
ST20,SKU01441,219,59,21,2025-07-26
ST25,SKU02969,418,80,25,2025-08-31
ST29,SKU01048,0,60,17,2025-09-17
ST10,SKU02248,207,35,13,2025-08-15
ST05,SKU02911,142,28,7,2025-08-21
ST23,SKU00032,118,25,7,2025-06-02
ST18,SKU00402,287,60,20,2025-06-06
ST12,SKU00105,156,29,7,2025-05-24
ST04,SKU00369,0,67,15,2025-08-04
ST07,SKU02176,0,38,13,2025-09-26
ST15,SKU01179,213,70,18,2025-09-02
ST10,SKU04319,66,22,7,2025-07-10
ST17,SKU03375,205,38,16,2025-07-23
ST01,SKU01438,0,77,29,2025-08-13
ST30,SKU01030,0,85,40,2025-10-10
ST02,SKU04913,0,50,20,2025-08-05
ST05,SKU01347,432,96,48,2025-05-18
ST13,SKU03375,283,60,18,2025-05-24
ST30,SKU03600,117,35,17,2025-05-25
ST18,SKU01733,347,58,15,2025-08-17
ST08,SKU04107,286,82,27,2025-07-19
ST08,SKU04710,0,43,13,2025-10-05
ST19,SKU00767,301,51,18,2025-07-15
ST27,SKU00976,0,40,18,2025-09-02
ST25,SKU04566,139,30,12,2025-08-20
ST23,SKU03975,357,82,24,2025-07-25
ST10,SKU03428,160,29,11,2025-05-27
ST27,SKU04041,0,87,38,2025-10-02
ST10,SKU02660,0,32,15,2025-08-16
ST15,SKU00386,353,90,19,2025-07-14
ST07,SKU04670,264,85,33,2025-08-25
ST21,SKU00416,0,75,18,2025-08-21
ST27,SKU00740,336,60,25,2025-07-07
ST08,SKU00965,410,86,18,2025-06-12
ST11,SKU00363,0,30,14,2025-09-11
ST28,SKU01179,91,30,13,2025-06-18
ST28,SKU01558,269,88,28,2025-05-10
ST28,SKU02268,0,58,29,2025-08-29
ST15,SKU02463,69,22,10,2025-06-06
ST01,SKU03092,109,34,10,2025-07-06
ST12,SKU04798,405,81,17,2025-07-24
ST17,SKU02484,0,92,46,2025-09-08
ST29,SKU01274,0,72,34,2025-08-17
ST16,SKU03600,72,22,7,2025-05-26
ST15,SKU02253,392,79,22,2025-05-21
ST30,SKU00421,128,26,13,2025-05-21
ST22,SKU02386,319,74,29,2025-06-02
ST05,SKU01507,0,49,18,2025-08-31
ST21,SKU02104,292,91,23,2025-08-20
ST22,SKU00539,0,24,9,2025-10-08
ST16,SKU00592,84,26,7,2025-07-23
ST28,SKU00484,0,86,39,2025-08-23
ST26,SKU04958,345,75,27,2025-05-25
ST14,SKU00598,98,30,11,2025-08-22
ST25,SKU00105,269,84,25,2025-07-27
ST26,SKU03812,0,27,7,2025-08-05
ST16,SKU02436,323,68,14,2025-05-12
ST11,SKU02436,139,24,10,2025-07-26
ST04,SKU01762,218,71,30,2025-05-24
ST09,SKU03088,0,79,26,2025-08-18
ST28,SKU02463,292,75,32,2025-08-02
ST09,SKU04118,208,69,14,2025-05-08
ST01,SKU01781,151,26,12,2025-06-09
ST26,SKU03491,519,91,21,2025-07-04
ST28,SKU04245,0,43,16,2025-10-05
ST08,SKU00012,363,65,17,2025-09-01
ST23,SKU03290,374,65,16,2025-06-17
ST07,SKU04771,240,42,11,2025-07-26
ST09,SKU04142,324,66,14,2025-07-15
ST09,SKU01828,447,95,24,2025-06-24
ST23,SKU00858,318,76,37,2025-06-18
ST08,SKU03907,0,25,11,2025-08-26
ST20,SKU02484,0,52,16,2025-09-10
ST08,SKU01171,515,88,27,2025-06-05
ST02,SKU02833,0,78,27,2025-08-05
ST14,SKU01827,220,37,14,2025-06-07
ST11,SKU02014,218,52,20,2025-05-14
ST14,SKU02223,259,77,24,2025-08-26
ST08,SKU03108,181,41,14,2025-08-01
ST01,SKU04955,473,82,24,2025-08-14
ST06,SKU02954,0,58,16,2025-10-10
ST06,SKU01547,0,55,21,2025-08-17
ST30,SKU01834,250,52,19,2025-05-26
ST17,SKU00032,363,62,31,2025-08-17
ST14,SKU00706,349,87,35,2025-05-20
ST23,SKU00421,379,86,18,2025-07-08
ST07,SKU04461,298,72,23,2025-07-23
ST19,SKU04249,117,33,14,2025-06-09
ST20,SKU02255,153,44,14,2025-07-28
ST04,SKU00012,176,50,25,2025-07-27
ST10,SKU02425,356,92,32,2025-05-31
ST09,SKU01542,249,60,18,2025-09-01
ST16,SKU00150,446,85,36,2025-05-21
ST03,SKU00986,255,56,23,2025-05-23
ST15,SKU04653,232,74,37,2025-06-17
ST25,SKU04798,225,62,29,2025-06-24
ST24,SKU04158,199,47,10,2025-06-07
ST24,SKU04352,483,98,45,2025-05-10
ST03,SKU03036,88,21,10,2025-06-29
ST30,SKU04106,173,39,15,2025-07-20
ST09,SKU01189,0,49,16,2025-09-28
ST26,SKU04321,0,58,23,2025-08-13
ST08,SKU01396,405,78,37,2025-07-08
ST03,SKU04381,0,65,23,2025-08-16
ST03,SKU04107,383,88,19,2025-07-21
ST19,SKU02826,0,78,23,2025-08-08
ST24,SKU02614,0,38,16,2025-10-01
ST06,SKU00502,152,30,8,2025-07-10
ST18,SKU03284,351,83,22,2025-06-07
ST22,SKU02570,234,56,27,2025-07-21
ST01,SKU01340,136,27,5,2025-08-31
ST10,SKU03884,155,38,13,2025-05-06
ST08,SKU01805,428,84,23,2025-09-01
ST19,SKU02930,0,32,13,2025-08-25
ST24,SKU02740,0,36,15,2025-10-07
ST29,SKU02176,0,51,24,2025-09-26
ST22,SKU02408,264,56,26,2025-06-02
ST03,SKU00965,381,64,13,2025-05-16
ST28,SKU03230,126,29,13,2025-05-29
ST18,SKU01158,321,67,22,2025-07-20
ST03,SKU00740,334,61,16,2025-07-02
ST24,SKU03292,0,80,20,2025-08-25
ST22,SKU02075,296,83,17,2025-09-02
ST06,SKU03425,0,39,14,2025-09-08
ST18,SKU04693,373,91,18,2025-07-24
ST30,SKU00994,0,23,9,2025-09-08
ST07,SKU04166,0,84,17,2025-09-10
ST20,SKU02675,460,87,23,2025-08-07
ST20,SKU00032,245,52,19,2025-06-14
ST24,SKU02999,279,50,19,2025-07-25
ST16,SKU00585,389,85,39,2025-07-10
ST11,SKU00585,226,57,26,2025-05-24
ST18,SKU02858,0,31,10,2025-08-17
ST27,SKU02538,0,66,30,2025-09-14
ST02,SKU04425,476,81,19,2025-06-19
ST11,SKU03416,317,89,38,2025-05-22
ST29,SKU04158,174,30,11,2025-07-18
ST18,SKU00285,0,93,35,2025-09-04
ST02,SKU04664,316,63,14,2025-08-23
ST29,SKU04670,275,81,22,2025-06-24
ST07,SKU00363,0,79,25,2025-08-21
ST21,SKU02833,0,55,25,2025-08-31
ST12,SKU00728,0,85,34,2025-08-09
ST13,SKU01986,414,81,37,2025-05-24
ST16,SKU00823,0,52,23,2025-10-03
ST03,SKU00860,352,85,28,2025-05-21
ST20,SKU01568,224,45,13,2025-05-11
ST09,SKU02829,127,40,16,2025-08-15
ST17,SKU01438,0,60,21,2025-08-06
ST14,SKU00996,0,71,24,2025-08-12
ST26,SKU03627,286,52,23,2025-07-16
ST11,SKU00079,0,27,9,2025-09-28
ST09,SKU01915,127,22,10,2025-07-30
ST19,SKU00328,0,93,34,2025-10-04
ST01,SKU02329,446,92,38,2025-05-24
ST09,SKU04566,400,96,37,2025-08-29
ST03,SKU00012,130,42,15,2025-08-21
ST17,SKU03290,113,22,6,2025-05-09
ST10,SKU00932,169,44,9,2025-07-21
ST06,SKU04670,158,31,12,2025-06-09
ST24,SKU04461,147,25,11,2025-08-08
ST05,SKU03828,485,88,35,2025-07-23
ST14,SKU04118,481,81,18,2025-06-15
ST30,SKU01567,277,63,24,2025-07-31
ST30,SKU02566,74,22,6,2025-06-19
ST15,SKU00986,243,62,15,2025-07-17
ST01,SKU02365,222,54,15,2025-06-29
ST21,SKU00506,0,28,9,2025-08-24
ST17,SKU01038,213,54,14,2025-07-18
ST28,SKU00369,0,65,30,2025-09-22
ST14,SKU04142,238,44,17,2025-06-20
ST30,SKU00662,313,76,18,2025-07-25
ST17,SKU03092,128,23,6,2025-08-11
ST30,SKU00972,181,31,10,2025-06-08
ST18,SKU00437,65,21,8,2025-06-26
ST26,SKU03621,296,65,22,2025-06-22
ST12,SKU04757,150,40,13,2025-07-26
ST04,SKU02114,292,60,25,2025-08-19
ST01,SKU00402,106,35,14,2025-08-11
ST19,SKU02763,318,65,21,2025-06-12
ST03,SKU01538,176,37,10,2025-05-30
ST21,SKU01675,131,37,13,2025-06-10
ST27,SKU00169,0,54,20,2025-08-04
ST13,SKU01413,114,20,9,2025-08-08
ST13,SKU04157,0,92,32,2025-10-03
ST09,SKU02686,258,61,30,2025-06-23
ST01,SKU01733,126,30,11,2025-08-22
ST15,SKU00965,382,66,13,2025-07-31
ST21,SKU04425,110,23,7,2025-07-10
ST09,SKU03281,104,26,12,2025-06-23
ST13,SKU04551,0,23,5,2025-08-30
ST03,SKU01970,162,38,15,2025-05-19
ST20,SKU03290,298,84,24,2025-07-09
ST10,SKU03935,198,51,17,2025-06-22
ST28,SKU04019,340,94,33,2025-08-31
ST18,SKU00767,216,46,23,2025-08-07
ST26,SKU01158,231,40,16,2025-08-27
ST30,SKU02911,480,91,34,2025-06-17
ST21,SKU04710,0,21,7,2025-08-17
ST23,SKU02566,158,39,13,2025-08-29
ST02,SKU01171,161,33,15,2025-05-31
ST18,SKU02141,0,83,28,2025-09-18
ST12,SKU01986,210,64,30,2025-09-01
ST08,SKU00598,254,63,17,2025-07-10
ST21,SKU01068,369,74,27,2025-06-25
ST20,SKU01392,421,81,22,2025-07-19
ST24,SKU04154,0,93,23,2025-09-24
ST03,SKU02068,0,72,35,2025-08-09
ST24,SKU03129,511,89,40,2025-06-25
ST13,SKU01781,256,45,19,2025-07-19
ST27,SKU01877,74,20,5,2025-06-06
ST24,SKU03961,319,73,23,2025-07-26
ST28,SKU04041,0,45,18,2025-09-12
ST23,SKU00662,222,44,16,2025-08-24
ST20,SKU03546,0,90,43,2025-09-02
ST11,SKU02172,103,21,6,2025-07-23
ST14,SKU00521,76,22,8,2025-08-06
ST01,SKU03030,0,33,12,2025-09-28
ST19,SKU04318,0,80,28,2025-08-23
ST30,SKU01347,81,25,10,2025-08-07
ST06,SKU04461,293,87,35,2025-08-17
ST07,SKU01834,507,92,41,2025-05-06
ST28,SKU00740,387,89,28,2025-06-26
ST14,SKU02722,311,81,34,2025-06-20
ST25,SKU03622,0,61,15,2025-09-25
ST05,SKU02449,0,21,8,2025-08-22
ST18,SKU00262,157,47,16,2025-05-29
ST10,SKU01017,159,39,11,2025-06-19
ST19,SKU00551,174,35,8,2025-05-16
ST05,SKU02907,217,62,17,2025-07-01
ST15,SKU00012,457,96,20,2025-06-16
ST05,SKU03935,446,86,36,2025-08-19
ST25,SKU04757,403,85,34,2025-06-26
ST07,SKU04106,81,24,11,2025-07-03
ST22,SKU00386,434,94,23,2025-08-04
ST29,SKU04166,0,23,11,2025-08-12
ST04,SKU00628,0,34,10,2025-10-01
ST17,SKU00263,0,25,12,2025-08-12
ST22,SKU00484,0,69,27,2025-09-01
ST07,SKU01170,0,33,9,2025-09-10
ST03,SKU02898,0,61,26,2025-09-27
ST30,SKU04102,171,40,16,2025-05-18
ST28,SKU00954,258,71,17,2025-05-21
ST15,SKU04489,0,32,13,2025-09-13
ST18,SKU03357,293,51,23,2025-06-09
ST18,SKU00419,215,39,13,2025-05-27
ST14,SKU02829,163,37,16,2025-05-26
ST22,SKU02463,464,78,19,2025-09-01
ST24,SKU01651,288,95,38,2025-06-28
ST01,SKU00845,0,75,28,2025-10-01
ST06,SKU02892,0,40,9,2025-09-22
ST14,SKU01915,213,64,13,2025-07-02
ST26,SKU02482,0,84,35,2025-09-21
ST06,SKU00631,217,56,20,2025-07-03
ST18,SKU01790,326,75,33,2025-08-20
ST29,SKU00363,0,22,7,2025-09-23
ST23,SKU02911,243,41,9,2025-07-26
ST17,SKU02155,0,20,5,2025-09-04
ST14,SKU04566,77,25,10,2025-06-16
ST11,SKU02946,229,41,18,2025-08-22
ST27,SKU01339,269,54,17,2025-06-03
ST26,SKU02877,138,36,13,2025-05-18
ST14,SKU03115,567,98,23,2025-07-30
ST02,SKU00286,0,75,30,2025-08-12
ST13,SKU02155,0,41,20,2025-08-04
ST24,SKU00706,238,45,19,2025-07-01
ST24,SKU02014,352,67,29,2025-07-01
ST13,SKU04580,376,64,20,2025-05-25
ST23,SKU01347,301,98,37,2025-06-02
ST12,SKU04551,0,42,21,2025-09-09
ST10,SKU03362,536,94,31,2025-06-16
ST18,SKU00173,118,27,9,2025-08-10
ST29,SKU00592,373,93,46,2025-07-05
ST26,SKU03179,336,64,18,2025-07-05
ST21,SKU01171,171,33,9,2025-05-27
ST06,SKU00363,0,44,21,2025-09-24
ST21,SKU02897,372,99,22,2025-06-28
ST20,SKU02871,299,69,24,2025-08-23
ST12,SKU01781,339,62,19,2025-08-17
ST29,SKU02436,152,47,12,2025-07-06
ST01,SKU03642,362,97,42,2025-08-11
ST04,SKU01339,276,53,24,2025-05-12
ST26,SKU00075,101,20,6,2025-07-28
ST23,SKU02248,347,61,20,2025-08-26
ST13,SKU04847,0,33,16,2025-08-09
ST06,SKU03600,467,78,36,2025-06-14
ST20,SKU01340,390,100,23,2025-05-24
ST04,SKU04249,190,40,12,2025-08-02
ST28,SKU01538,120,21,8,2025-08-16
ST12,SKU01009,0,49,13,2025-08-13
ST08,SKU00775,76,21,5,2025-05-26
ST30,SKU04048,113,37,13,2025-08-07
ST28,SKU02221,115,23,10,2025-07-20
ST26,SKU00767,550,100,34,2025-05-19
ST10,SKU01851,269,63,18,2025-07-29
ST27,SKU01678,271,79,19,2025-06-14
ST28,SKU01042,405,69,14,2025-08-07
ST21,SKU01396,209,52,17,2025-05-17
ST13,SKU04958,200,53,13,2025-05-19
ST10,SKU04729,446,91,44,2025-06-25
ST18,SKU03274,0,33,12,2025-08-18
ST04,SKU02826,0,61,20,2025-08-29
ST19,SKU02546,247,74,35,2025-06-05
ST29,SKU02014,402,77,16,2025-08-19
ST19,SKU01441,429,77,16,2025-07-30
ST28,SKU00532,307,62,26,2025-07-07
ST01,SKU04222,481,97,35,2025-05-27
ST03,SKU00628,0,63,20,2025-10-11
ST25,SKU03092,216,63,15,2025-07-02
ST11,SKU03744,529,91,20,2025-08-15
ST22,SKU04653,436,95,21,2025-08-04
ST01,SKU02858,0,44,21,2025-10-06
ST08,SKU00237,328,69,29,2025-08-06
ST24,SKU00585,233,43,16,2025-07-26
ST23,SKU02660,0,36,8,2025-10-05
ST17,SKU01152,0,79,24,2025-10-08
ST24,SKU01371,0,36,12,2025-09-26
ST08,SKU03088,0,88,27,2025-08-30
ST02,SKU00832,0,52,21,2025-09-29
ST25,SKU04157,0,99,38,2025-09-22
ST10,SKU02534,152,47,21,2025-05-26
ST21,SKU00286,0,91,38,2025-10-07
ST12,SKU01340,355,70,22,2025-08-14
ST16,SKU04048,234,77,29,2025-07-23
ST22,SKU02833,0,49,22,2025-08-13
ST01,SKU04499,292,97,21,2025-06-02
ST25,SKU01993,0,43,18,2025-09-28
ST04,SKU02840,0,58,18,2025-08-06
ST25,SKU04633,0,44,12,2025-10-10
ST13,SKU00402,209,50,12,2025-07-25
ST02,SKU01751,0,47,17,2025-09-24
ST05,SKU02503,0,59,14,2025-08-25
ST26,SKU01877,167,29,8,2025-05-14
ST08,SKU04142,149,44,17,2025-07-16
ST08,SKU01649,349,91,35,2025-05-23
ST02,SKU03129,123,29,9,2025-05-25
ST19,SKU04105,0,94,39,2025-08-09
ST01,SKU00692,0,34,9,2025-08-12
ST05,SKU04729,106,31,15,2025-08-30
ST26,SKU03357,117,31,6,2025-07-05
ST20,SKU02329,270,51,17,2025-06-03
ST26,SKU03063,0,33,16,2025-10-05
ST30,SKU03991,497,98,27,2025-05-24
ST26,SKU00419,195,61,17,2025-07-17
ST26,SKU01790,252,65,21,2025-06-12
ST13,SKU01733,334,92,36,2025-09-01
ST07,SKU02776,0,92,20,2025-09-21
ST24,SKU02046,0,23,9,2025-09-18
ST30,SKU00069,258,49,23,2025-07-22
ST25,SKU01781,228,40,17,2025-06-23
ST17,SKU00254,0,55,27,2025-08-28
ST30,SKU01582,289,92,21,2025-08-28
ST19,SKU02401,0,69,31,2025-09-19
ST21,SKU02331,372,78,32,2025-07-16
ST17,SKU01684,242,56,16,2025-08-18
ST10,SKU03457,390,94,25,2025-06-03
ST25,SKU01009,0,57,20,2025-08-14
ST20,SKU02365,121,29,13,2025-05-25
ST27,SKU02630,265,80,27,2025-06-09
ST20,SKU04562,0,42,19,2025-09-19
ST10,SKU02194,63,21,7,2025-07-26
ST01,SKU03884,249,66,25,2025-05-19
ST05,SKU02534,195,64,28,2025-08-17
ST29,SKU01170,0,58,15,2025-08-29
ST18,SKU02355,0,72,20,2025-09-25
ST12,SKU04847,0,86,42,2025-08-06
ST25,SKU04955,185,51,22,2025-07-15
ST01,SKU00437,105,31,7,2025-05-14
ST27,SKU04145,110,27,8,2025-07-23
ST18,SKU00650,316,80,39,2025-05-12
ST02,SKU03105,283,53,19,2025-07-06
ST29,SKU02794,245,72,21,2025-05-09
ST09,SKU00140,352,88,38,2025-06-28
ST08,SKU04018,111,33,7,2025-06-24
ST12,SKU04958,266,58,16,2025-05-29
ST26,SKU01339,491,87,43,2025-09-02
ST02,SKU01827,136,37,12,2025-06-02
ST09,SKU03622,0,84,38,2025-08-09
ST13,SKU03030,0,94,39,2025-08-20
ST03,SKU02526,0,82,17,2025-09-23
ST03,SKU01191,325,88,33,2025-08-16
ST22,SKU04849,553,95,24,2025-06-12
ST02,SKU02223,295,95,34,2025-06-11
ST16,SKU02386,436,73,28,2025-05-18
ST04,SKU03749,357,86,19,2025-07-31
ST26,SKU04249,150,26,12,2025-06-21
ST09,SKU01037,0,40,19,2025-08-12
ST15,SKU03171,0,47,19,2025-09-30
ST29,SKU00079,0,62,25,2025-08-06
ST06,SKU00585,484,98,40,2025-05-28
ST09,SKU04757,269,51,20,2025-07-17
ST25,SKU00263,0,85,29,2025-08-29
ST16,SKU01592,311,71,24,2025-08-26
ST15,SKU00598,380,91,23,2025-08-01
ST02,SKU00706,421,93,31,2025-06-12
ST20,SKU03493,86,26,7,2025-05-29
ST06,SKU01170,0,67,21,2025-08-18
ST06,SKU03416,155,49,14,2025-07-29
ST06,SKU01457,394,89,22,2025-05-29
ST16,SKU00385,352,59,27,2025-07-06
ST29,SKU02046,0,28,12,2025-09-05
ST16,SKU04315,0,83,41,2025-08-06
ST20,SKU01684,159,38,13,2025-06-01
ST15,SKU00002,0,47,10,2025-08-24
ST05,SKU02194,290,60,16,2025-06-13
ST08,SKU02969,389,93,29,2025-05-18
ST06,SKU02794,441,82,31,2025-07-29
ST30,SKU03580,326,61,14,2025-05-25
ST04,SKU04018,518,91,45,2025-06-08
ST21,SKU01751,0,95,27,2025-08-04
ST06,SKU00823,0,84,42,2025-08-08
ST17,SKU04126,0,69,28,2025-08-28
ST21,SKU03129,348,77,23,2025-05-17
ST26,SKU02930,0,28,12,2025-08-07
ST12,SKU00402,341,78,26,2025-06-10
ST22,SKU04710,0,74,16,2025-08-21
ST21,SKU02290,165,35,16,2025-07-11
ST30,SKU04280,0,42,20,2025-08-31
ST19,SKU02255,335,100,34,2025-07-27
ST02,SKU02472,173,38,14,2025-06-29
ST24,SKU02172,147,25,8,2025-08-26
ST17,SKU04607,389,79,30,2025-06-18
ST14,SKU03578,0,35,14,2025-08-06
ST11,SKU04035,0,94,41,2025-09-17
ST08,SKU01915,247,65,14,2025-06-06
ST27,SKU01224,365,74,17,2025-06-27
ST01,SKU00932,391,98,35,2025-05-17
ST07,SKU04561,177,54,11,2025-06-02
ST26,SKU01678,336,89,33,2025-07-13
ST04,SKU02969,299,96,37,2025-05-07
ST09,SKU01986,156,27,6,2025-07-14
ST21,SKU04596,0,83,23,2025-08-30
ST24,SKU01874,217,40,19,2025-05-26
ST03,SKU02531,0,46,17,2025-10-05
ST07,SKU02681,151,32,15,2025-07-13
ST20,SKU02248,106,26,9,2025-07-29
ST17,SKU03642,396,71,22,2025-07-19
ST07,SKU04753,335,63,31,2025-06-15
ST30,SKU02446,363,78,27,2025-07-11
ST25,SKU04958,155,32,12,2025-08-15
ST13,SKU03642,169,37,8,2025-07-05
ST10,SKU02954,0,100,31,2025-09-06
ST07,SKU04048,182,39,18,2025-05-17
ST04,SKU01224,356,74,23,2025-07-28
ST12,SKU03030,0,52,23,2025-10-05
ST02,SKU00996,0,94,28,2025-09-28
ST06,SKU04554,133,35,16,2025-07-09
ST19,SKU02675,213,44,13,2025-08-05
ST19,SKU00032,134,24,8,2025-06-09
ST11,SKU02408,77,24,7,2025-07-17
ST18,SKU03548,504,86,25,2025-06-24
ST15,SKU01191,393,76,26,2025-07-13
ST17,SKU04160,395,97,40,2025-06-22
ST18,SKU01784,0,48,24,2025-08-19
ST27,SKU00105,132,25,11,2025-08-07
ST11,SKU02075,198,36,15,2025-07-07
ST14,SKU01911,172,48,23,2025-08-06
ST22,SKU00012,157,47,17,2025-06-29
ST10,SKU00502,198,35,15,2025-07-28
ST13,SKU01158,157,35,12,2025-07-24
ST09,SKU01413,477,82,39,2025-08-12
ST01,SKU00173,222,64,27,2025-07-27
ST20,SKU04012,0,83,26,2025-09-27
ST08,SKU03281,231,70,17,2025-05-07
ST24,SKU03277,255,46,10,2025-07-09
ST25,SKU00402,169,52,11,2025-08-21
ST29,SKU02776,0,44,17,2025-08-30
ST03,SKU04018,253,59,22,2025-08-13
ST28,SKU01339,348,90,20,2025-08-27
ST13,SKU04443,161,37,13,2025-05-18
ST22,SKU03907,0,53,17,2025-10-07
ST02,SKU04118,277,52,16,2025-06-22
ST28,SKU04249,229,53,19,2025-07-09
ST23,SKU02640,0,83,32,2025-08-04
ST09,SKU04633,0,37,9,2025-09-08
ST02,SKU01828,356,98,35,2025-09-02
ST22,SKU03108,271,51,20,2025-07-20
ST19,SKU00855,187,34,16,2025-05-15
ST26,SKU02630,279,63,16,2025-06-13
ST05,SKU04664,266,46,16,2025-06-06
ST14,SKU00140,283,81,17,2025-06-04
ST26,SKU03562,199,39,16,2025-06-17
ST15,SKU02840,0,67,17,2025-10-02
ST24,SKU04470,110,34,8,2025-08-15
ST03,SKU03323,0,96,38,2025-08-14
ST06,SKU02129,182,53,15,2025-09-02
ST15,SKU02514,529,97,46,2025-08-29
ST27,SKU02626,256,48,20,2025-08-04
ST23,SKU04073,93,30,12,2025-05-11
ST27,SKU02546,412,91,38,2025-07-28
ST17,SKU00692,0,26,10,2025-09-08
ST28,SKU02826,0,43,14,2025-09-29
ST19,SKU01919,163,42,12,2025-06-17
ST22,SKU01538,470,83,37,2025-05-25
ST28,SKU01191,194,33,15,2025-06-20
ST27,SKU01441,163,34,15,2025-07-05
ST14,SKU04757,249,63,31,2025-06-04
ST04,SKU00105,224,57,21,2025-08-08
ST03,SKU02969,222,73,15,2025-08-10
ST13,SKU00692,0,84,40,2025-08-11
ST17,SKU04996,266,83,41,2025-06-19
ST14,SKU03840,0,48,15,2025-08-22
ST18,SKU01187,494,89,28,2025-08-20
ST03,SKU00699,172,44,9,2025-08-05
ST09,SKU01781,83,21,5,2025-05-22
ST07,SKU00069,393,81,25,2025-06-07
ST10,SKU02176,0,67,26,2025-08-31
ST07,SKU01592,225,66,31,2025-05-24
ST18,SKU03484,194,41,12,2025-07-28
ST08,SKU04741,148,33,15,2025-08-03
ST21,SKU00775,358,83,36,2025-07-05
ST08,SKU04798,227,58,23,2025-07-26
ST24,SKU03744,217,48,23,2025-07-31
ST17,SKU03884,260,44,18,2025-05-20
ST16,SKU00462,114,20,4,2025-07-02
ST14,SKU01880,64,21,6,2025-06-11
ST18,SKU01547,0,37,11,2025-09-21
ST23,SKU00177,0,40,17,2025-08-31
ST13,SKU02877,215,64,14,2025-07-04
ST21,SKU01466,0,88,37,2025-09-27
ST28,SKU01678,453,88,41,2025-05-30
ST17,SKU00437,363,75,35,2025-06-14
ST03,SKU04566,137,35,13,2025-08-15
ST03,SKU01224,173,43,14,2025-08-11
ST20,SKU04499,109,22,6,2025-07-08
ST13,SKU00437,112,28,14,2025-07-15
ST10,SKU04158,383,86,39,2025-08-22
ST10,SKU04352,124,22,9,2025-06-04
ST18,SKU00507,563,98,48,2025-05-27
ST02,SKU04627,0,68,27,2025-08-06
ST04,SKU04798,429,99,24,2025-05-31
ST13,SKU03179,182,47,9,2025-08-08
ST16,SKU00083,426,74,37,2025-05-27
ST11,SKU00083,327,84,29,2025-08-14
ST21,SKU03088,0,46,19,2025-08-18
ST17,SKU02055,274,65,32,2025-08-21
ST24,SKU01863,228,44,20,2025-08-28
ST21,SKU04118,203,42,14,2025-05-12
ST28,SKU02531,0,73,36,2025-09-14
ST28,SKU01649,118,32,10,2025-07-12
ST30,SKU02104,308,98,35,2025-06-06
ST12,SKU04443,180,37,9,2025-05-06
ST12,SKU02639,535,95,31,2025-05-15
ST25,SKU00845,0,30,13,2025-09-09
ST13,SKU00075,210,67,26,2025-05-15
ST20,SKU00291,0,65,21,2025-08-13
ST21,SKU04142,135,32,9,2025-06-11
ST12,SKU02858,0,84,31,2025-09-24
ST28,SKU03251,290,64,31,2025-07-26
ST18,SKU03199,0,42,16,2025-09-22
ST04,SKU00020,0,68,34,2025-10-10
ST15,SKU04018,211,45,17,2025-06-05
ST06,SKU01770,161,29,6,2025-05-17
ST22,SKU02114,109,29,6,2025-07-26
ST01,SKU02355,0,86,34,2025-09-08
ST05,SKU04158,221,68,27,2025-05-13
ST06,SKU04032,0,77,34,2025-09-15
ST05,SKU04352,357,72,22,2025-08-03
ST01,SKU04046,0,61,26,2025-08-17
ST30,SKU00936,243,64,20,2025-05-27
ST18,SKU02401,0,85,18,2025-09-24
ST16,SKU03592,195,52,18,2025-06-28
ST02,SKU01915,278,60,22,2025-08-02
ST11,SKU01179,242,43,20,2025-07-29
ST06,SKU04561,245,79,27,2025-05-27
ST16,SKU01407,138,32,16,2025-08-02
ST17,SKU00932,219,61,22,2025-07-22
ST03,SKU02079,0,51,17,2025-08-26
ST14,SKU01413,348,91,34,2025-07-28
ST28,SKU02630,285,86,34,2025-07-26
ST15,SKU02969,406,75,16,2025-07-11
ST21,SKU01189,0,36,8,2025-09-23
ST06,SKU02681,418,88,31,2025-08-11
ST06,SKU03744,294,63,14,2025-08-05
ST07,SKU01356,197,59,21,2025-07-20
ST24,SKU02386,151,38,12,2025-08-12
ST18,SKU02103,403,82,29,2025-08-16
ST25,SKU03642,246,67,17,2025-06-18
ST14,SKU04157,0,99,34,2025-10-07
ST13,SKU00262,503,96,31,2025-06-05
ST28,SKU04018,128,25,11,2025-05-19
ST23,SKU03362,303,59,28,2025-07-17
ST25,SKU03284,122,31,15,2025-05-23
ST18,SKU01857,162,48,19,2025-08-18
ST14,SKU04633,0,20,5,2025-08-14
ST08,SKU03800,0,55,20,2025-08-10
ST16,SKU00386,204,55,22,2025-05-06
ST11,SKU00386,114,20,4,2025-05-07
ST12,SKU02877,201,44,21,2025-08-21
ST11,SKU00484,0,24,9,2025-08-18
ST06,SKU04048,391,82,29,2025-05-23
ST30,SKU00953,0,61,19,2025-08-30
ST25,SKU00050,0,50,20,2025-09-12
ST10,SKU04414,235,59,24,2025-07-18
ST13,SKU03357,458,79,36,2025-07-30
ST15,SKU04566,134,31,12,2025-07-08
ST13,SKU00419,434,90,22,2025-05-18
ST11,SKU02463,230,76,32,2025-08-28
ST02,SKU04856,225,44,15,2025-05-11
ST01,SKU02088,0,92,32,2025-09-06
ST03,SKU04798,365,78,22,2025-05-23
ST11,SKU04245,0,52,12,2025-09-12
ST13,SKU01790,106,28,12,2025-06-22
ST18,SKU04747,315,69,23,2025-06-25
ST02,SKU02686,231,46,15,2025-08-03
ST29,SKU01645,309,100,40,2025-07-29
ST23,SKU00936,236,52,15,2025-08-26
ST06,SKU00550,138,27,11,2025-06-19
ST25,SKU04443,385,85,41,2025-07-19
ST16,SKU04605,264,58,23,2025-07-12
ST23,SKU02503,0,54,20,2025-08-27
ST02,SKU03870,0,37,9,2025-10-03
ST02,SKU03281,379,93,46,2025-06-04
ST26,SKU01441,373,92,29,2025-05-20
ST14,SKU03467,378,74,23,2025-08-08
ST27,SKU00728,0,49,15,2025-10-10
ST09,SKU00402,409,88,36,2025-08-20
ST22,SKU00598,276,63,15,2025-06-21
ST25,SKU03291,115,31,15,2025-05-14
ST26,SKU00507,390,67,22,2025-06-14
ST08,SKU00728,0,66,17,2025-09-12
ST26,SKU04926,0,94,31,2025-09-12
ST10,SKU02892,0,52,21,2025-08-22
ST13,SKU00173,213,55,12,2025-07-02
ST18,SKU02255,235,42,16,2025-08-04
ST15,SKU02964,177,53,25,2025-06-30
ST21,SKU02829,271,57,25,2025-05-19
ST29,SKU00385,502,95,46,2025-06-30
ST28,SKU00551,255,48,12,2025-06-01
ST20,SKU04073,346,59,29,2025-08-22
ST21,SKU01915,558,95,24,2025-06-22
ST27,SKU03619,440,94,43,2025-07-25
ST21,SKU00942,0,83,20,2025-10-10
ST09,SKU01733,196,34,14,2025-07-19
ST27,SKU00032,312,75,36,2025-05-08
ST25,SKU02425,300,73,15,2025-08-28
ST23,SKU02534,458,92,21,2025-06-20
ST26,SKU03199,0,20,10,2025-09-06
ST17,SKU04636,142,45,16,2025-07-02
ST15,SKU00105,160,39,13,2025-08-23
ST06,SKU00251,149,38,13,2025-07-20
ST11,SKU04905,231,76,17,2025-06-01
ST17,SKU03274,0,87,22,2025-08-19
ST13,SKU04636,320,66,15,2025-07-04
ST07,SKU00083,200,51,22,2025-08-19
ST10,SKU00363,0,58,21,2025-09-04
ST01,SKU03548,154,31,9,2025-08-23
ST25,SKU03884,261,66,29,2025-07-21
ST18,SKU04265,307,66,17,2025-08-30
ST01,SKU01784,0,48,23,2025-09-08
ST12,SKU00262,452,78,31,2025-06-22
ST08,SKU04757,149,27,10,2025-07-19
ST25,SKU00437,120,40,11,2025-07-22
ST24,SKU02075,515,93,40,2025-08-13
ST10,SKU04401,147,26,5,2025-07-24
ST19,SKU04626,0,73,27,2025-09-16
ST28,SKU00538,0,48,10,2025-08-23
ST09,SKU02302,167,31,15,2025-05-14
ST12,SKU03043,513,89,43,2025-08-09
ST14,SKU03230,100,24,6,2025-07-03
ST12,SKU03357,190,56,19,2025-06-29
ST21,SKU02686,474,89,24,2025-05-14
ST19,SKU01423,255,74,30,2025-05-28
ST07,SKU03592,273,64,29,2025-09-02
ST01,SKU02567,212,57,23,2025-06-27
ST30,SKU00506,0,55,26,2025-10-05
ST12,SKU01790,429,85,31,2025-07-19
ST21,SKU03281,500,98,24,2025-05-26
ST15,SKU04741,132,34,11,2025-05-12
ST10,SKU02436,397,68,25,2025-07-18
ST15,SKU04798,172,35,10,2025-06-17
ST18,SKU01685,0,25,10,2025-09-02
ST23,SKU01048,0,62,22,2025-10-12
ST14,SKU01906,284,65,25,2025-07-30
ST20,SKU01017,84,23,6,2025-06-01
ST10,SKU01651,270,51,25,2025-08-04
ST19,SKU02566,263,87,37,2025-06-04
ST07,SKU02104,393,71,21,2025-06-15
ST08,SKU01986,135,31,15,2025-06-29
ST14,SKU04958,210,53,21,2025-05-29
ST12,SKU00173,309,100,46,2025-06-14
ST28,SKU02626,187,55,17,2025-08-31
ST28,SKU02546,330,58,24,2025-05-17
ST29,SKU02075,105,29,11,2025-08-16
ST10,SKU02014,132,33,11,2025-09-02
ST07,SKU00386,232,67,14,2025-05-24
ST06,SKU02570,332,63,27,2025-06-18
ST01,SKU01547,0,90,41,2025-08-27
ST21,SKU04612,195,36,14,2025-06-10
ST30,SKU04664,273,64,30,2025-08-30
ST12,SKU03837,105,20,5,2025-09-01
ST17,SKU01851,160,29,9,2025-05-13
ST22,SKU02840,0,62,15,2025-10-05
ST27,SKU03290,260,45,13,2025-05-11
ST15,SKU00645,420,91,41,2025-06-11
ST30,SKU03053,0,60,25,2025-08-10
ST04,SKU04062,518,91,39,2025-05-10
ST25,SKU00262,199,48,11,2025-08-13
ST11,SKU04346,0,84,36,2025-10-06
ST30,SKU01068,159,42,19,2025-08-06
ST12,SKU04636,232,77,18,2025-08-26
ST18,SKU01030,0,99,44,2025-10-07
ST20,SKU03362,69,20,5,2025-07-29
ST07,SKU04605,68,20,7,2025-08-07
ST01,SKU00502,257,84,41,2025-06-19
ST06,SKU02683,0,94,47,2025-08-16
ST06,SKU02075,272,82,23,2025-06-20
ST13,SKU03864,417,77,30,2025-07-26
ST17,SKU01229,360,60,17,2025-05-09
ST18,SKU03600,312,91,26,2025-05-30
ST27,SKU01392,131,26,8,2025-08-03
ST21,SKU04194,232,48,20,2025-07-07
ST19,SKU02911,272,80,38,2025-08-17
ST19,SKU02710,149,40,10,2025-07-15
ST25,SKU03357,195,59,29,2025-08-23
ST25,SKU00419,344,90,31,2025-07-17
ST05,SKU00706,338,97,32,2025-06-15
ST05,SKU02014,128,32,11,2025-08-15
ST08,SKU01413,228,65,23,2025-08-22
ST17,SKU01903,139,27,5,2025-07-20
ST25,SKU01790,213,59,15,2025-08-24
ST12,SKU04795,487,92,30,2025-08-28
ST04,SKU03290,372,88,24,2025-07-16
ST29,SKU03311,273,50,15,2025-06-23
ST18,SKU00858,224,48,21,2025-08-12
ST26,SKU04265,105,24,12,2025-06-23
ST22,SKU04250,578,98,42,2025-06-10
ST27,SKU04551,0,38,9,2025-08-30
ST11,SKU04381,0,97,32,2025-09-29
ST16,SKU04710,0,99,29,2025-09-01
ST20,SKU01851,385,96,43,2025-07-05
ST26,SKU00317,215,47,20,2025-08-24
ST10,SKU00585,115,38,9,2025-08-12
ST23,SKU04664,185,41,19,2025-08-28
ST13,SKU02088,0,26,12,2025-08-11
ST09,SKU02639,459,95,22,2025-05-08
ST04,SKU01392,155,36,16,2025-08-01
ST01,SKU04888,416,94,47,2025-07-21
ST04,SKU03092,538,98,22,2025-07-14
ST10,SKU01457,161,37,15,2025-06-23
ST25,SKU00173,206,51,11,2025-06-27
ST24,SKU01179,336,98,45,2025-05-23
ST24,SKU01558,568,97,33,2025-06-04
ST07,SKU02247,0,22,8,2025-09-05
ST19,SKU02248,352,84,26,2025-06-24
ST09,SKU03291,164,32,15,2025-05-16
ST14,SKU00976,0,36,14,2025-09-17
ST29,SKU00083,337,63,14,2025-07-05
ST08,SKU01781,236,54,22,2025-06-07
ST16,SKU00965,527,95,24,2025-08-14
ST11,SKU00965,296,78,17,2025-06-29
ST01,SKU02103,108,27,9,2025-08-20
ST10,SKU04756,0,25,7,2025-09-30
ST04,SKU01993,0,65,31,2025-08-29
ST08,SKU01009,0,95,35,2025-08-10
ST26,SKU03975,162,31,10,2025-06-04
ST01,SKU01857,83,20,4,2025-05-22
ST16,SKU01762,444,81,37,2025-08-14
ST20,SKU02534,346,77,20,2025-07-20
ST09,SKU03851,0,80,33,2025-09-15
ST24,SKU00386,92,20,4,2025-06-04
ST19,SKU01507,0,67,20,2025-09-16
ST02,SKU00140,282,83,23,2025-05-28
ST19,SKU03428,201,65,31,2025-08-31
ST05,SKU00585,278,86,22,2025-06-13
ST09,SKU01052,137,23,8,2025-08-26
ST16,SKU00954,395,100,48,2025-05-22
ST14,SKU01578,0,45,22,2025-10-03
ST29,SKU00416,0,57,17,2025-10-08
ST07,SKU02833,0,54,19,2025-09-09
ST05,SKU01371,0,76,34,2025-09-05
ST19,SKU04607,499,87,31,2025-08-30
ST28,SKU02484,0,55,13,2025-09-23
ST24,SKU02463,371,97,31,2025-06-19
ST30,SKU02614,0,69,29,2025-08-31
ST06,SKU00083,219,55,22,2025-05-14
ST22,SKU00774,0,59,26,2025-09-25
ST21,SKU03800,0,87,21,2025-10-02
ST12,SKU03864,270,51,14,2025-08-10
ST09,SKU02692,0,97,41,2025-08-18
ST05,SKU03740,374,77,26,2025-07-31
ST24,SKU04245,0,81,26,2025-09-29
ST09,SKU02877,128,28,12,2025-06-09
ST03,SKU01438,0,61,14,2025-09-24
ST22,SKU02969,531,95,45,2025-07-02
ST27,SKU01340,440,76,30,2025-08-19
ST17,SKU00466,307,59,24,2025-06-20
ST18,SKU01834,111,32,13,2025-07-16
ST13,SKU03548,386,70,23,2025-07-01
ST16,SKU00012,387,69,31,2025-05-15
ST11,SKU00012,380,73,25,2025-05-26
ST13,SKU01784,0,94,21,2025-08-11
ST20,SKU02194,228,49,10,2025-07-07
ST11,SKU01045,0,57,27,2025-10-10
ST08,SKU02155,0,95,23,2025-08-22
ST16,SKU01171,360,68,25,2025-05-31
ST14,SKU03621,394,95,25,2025-06-06
ST20,SKU00445,0,55,20,2025-09-25
ST16,SKU03108,365,95,30,2025-07-23
ST03,SKU01392,133,43,13,2025-07-30
ST03,SKU03092,138,23,9,2025-08-30
ST05,SKU03259,0,54,16,2025-10-06
ST23,SKU04158,375,95,28,2025-07-28
ST29,SKU02463,391,80,18,2025-05-21
ST26,SKU03290,484,86,24,2025-05-25
ST01,SKU04771,107,24,6,2025-05-26
ST07,SKU01675,439,77,33,2025-05-07
ST23,SKU04670,271,75,16,2025-08-24
ST22,SKU04571,0,32,13,2025-08-10
ST09,SKU00767,335,81,23,2025-06-01
ST11,SKU02221,456,91,41,2025-06-24
ST28,SKU03619,318,58,14,2025-06-02
ST04,SKU02155,0,37,17,2025-09-30
ST29,SKU02253,278,53,26,2025-07-08
ST09,SKU02141,0,49,22,2025-09-04
ST11,SKU01042,307,52,15,2025-07-04
ST06,SKU00386,209,65,27,2025-07-19
ST20,SKU00501,173,32,10,2025-06-24
ST18,SKU00994,0,68,15,2025-09-13
ST13,SKU01032,333,65,24,2025-08-17
ST28,SKU00032,403,94,28,2025-08-13
ST25,SKU02355,0,27,11,2025-08-21
ST23,SKU02740,0,37,11,2025-10-08
ST12,SKU04318,0,65,27,2025-10-05
ST27,SKU02329,209,41,8,2025-07-04
ST17,SKU02954,0,82,21,2025-09-30
ST21,SKU00140,262,73,32,2025-07-08
ST24,SKU03230,267,47,15,2025-05-17
ST25,SKU00650,148,39,12,2025-08-27
ST14,SKU01158,248,61,21,2025-06-07
ST17,SKU01547,0,50,24,2025-10-05
ST27,SKU02541,430,77,22,2025-07-23
ST30,SKU04329,0,99,37,2025-10-07
ST08,SKU04958,177,31,14,2025-09-01
ST30,SKU02331,494,83,19,2025-05-06
ST03,SKU01781,223,53,19,2025-07-12
ST01,SKU01167,251,79,35,2025-06-18
ST01,SKU00920,0,66,19,2025-10-04
ST25,SKU01229,158,39,15,2025-05-22
ST15,SKU01986,413,71,16,2025-06-22
ST26,SKU04453,0,20,8,2025-09-30
ST27,SKU02365,364,90,44,2025-05-16
ST17,SKU00502,157,51,15,2025-06-15
ST12,SKU02580,149,29,11,2025-08-29
ST13,SKU00507,417,88,35,2025-06-25
ST09,SKU03043,255,79,26,2025-08-16
ST27,SKU01152,0,35,11,2025-10-07
ST12,SKU03548,317,96,37,2025-07-30
ST21,SKU03535,0,27,6,2025-09-07
ST09,SKU03357,442,83,34,2025-08-11
ST09,SKU00419,265,47,22,2025-08-15
ST09,SKU03063,0,26,10,2025-08-29
ST22,SKU02079,0,74,20,2025-09-04
ST02,SKU01179,317,77,29,2025-06-27
ST04,SKU02329,301,69,30,2025-08-15
ST12,SKU01784,0,31,8,2025-09-15
ST12,SKU00466,375,96,38,2025-05-23
ST08,SKU00402,119,30,12,2025-08-04
ST18,SKU01567,196,38,18,2025-06-29
ST18,SKU02566,262,61,27,2025-08-05
ST17,SKU03425,0,36,16,2025-10-10
ST07,SKU01762,291,85,33,2025-06-04
ST20,SKU02954,0,27,7,2025-09-17
ST14,SKU01052,276,54,19,2025-08-28
ST05,SKU01874,217,55,25,2025-06-22
ST18,SKU00662,347,68,19,2025-06-24
ST27,SKU01485,0,22,10,2025-09-05
ST03,SKU00263,0,44,21,2025-09-16
ST18,SKU00972,350,63,29,2025-08-21
ST14,SKU02482,0,21,5,2025-08-08
ST04,SKU02365,401,98,20,2025-06-15
ST08,SKU01733,283,74,23,2025-05-17
ST21,SKU01986,237,69,27,2025-06-25
ST12,SKU02567,260,74,17,2025-07-08
ST14,SKU02877,276,88,38,2025-08-01
ST09,SKU00173,197,54,14,2025-07-09
ST03,SKU01340,138,45,14,2025-06-30
ST23,SKU04414,170,43,11,2025-06-04
ST13,SKU02401,0,48,20,2025-08-17
ST06,SKU02247,0,85,19,2025-08-23
ST27,SKU01684,177,48,24,2025-05-31
ST15,SKU03092,268,76,27,2025-06-30
ST19,SKU03709,361,87,21,2025-07-27
ST27,SKU02710,465,90,30,2025-07-16
ST07,SKU00860,363,79,22,2025-05-21
ST18,SKU01112,153,43,17,2025-06-23
ST01,SKU03600,407,71,16,2025-08-09
ST10,SKU01770,198,37,11,2025-08-19
ST02,SKU04245,0,89,36,2025-09-09
ST02,SKU03467,452,84,39,2025-08-17
ST17,SKU02103,232,42,14,2025-08-29
ST12,SKU03484,306,75,34,2025-08-22
ST24,SKU04321,0,47,15,2025-08-19
ST07,SKU00012,133,28,10,2025-06-02
ST28,SKU03290,71,20,5,2025-07-02
ST04,SKU01733,286,61,21,2025-07-23
ST13,SKU02103,111,31,10,2025-07-01
ST23,SKU02892,0,76,21,2025-10-06
ST10,SKU04561,491,82,33,2025-06-16
ST13,SKU01857,198,48,14,2025-08-11
ST07,SKU01171,145,44,18,2025-07-30
ST08,SKU02302,325,62,24,2025-06-06
ST18,SKU02911,215,40,15,2025-07-08
ST17,SKU04670,267,49,16,2025-08-20
ST05,SKU01317,0,71,35,2025-09-24
ST25,SKU03548,265,49,10,2025-07-10
ST27,SKU02248,233,72,19,2025-07-30
ST15,SKU01781,127,38,17,2025-08-29
ST09,SKU02930,0,22,5,2025-09-02
ST24,SKU04381,0,56,21,2025-08-18
ST28,SKU03546,0,81,38,2025-08-17
ST14,SKU00767,186,44,11,2025-06-24
ST20,SKU00571,518,93,34,2025-09-01
ST14,SKU02141,0,55,20,2025-09-10
ST18,SKU01347,242,46,12,2025-05-17
ST12,SKU00502,397,96,23,2025-05-12
ST30,SKU02223,219,40,14,2025-05-22
ST21,SKU04157,0,98,31,2025-08-28
ST24,SKU04041,0,46,21,2025-08-23
ST04,SKU03030,0,91,43,2025-08-12
ST23,SKU03961,348,94,23,2025-06-10
ST16,SKU00598,148,26,9,2025-06-10
ST07,SKU01803,224,55,22,2025-08-27
ST09,SKU01678,412,93,26,2025-05-10
ST30,SKU00706,219,41,10,2025-08-14
ST16,SKU03583,145,34,9,2025-07-31
ST19,SKU03353,0,31,14,2025-10-03
ST02,SKU04905,340,80,21,2025-07-25
ST24,SKU00965,205,50,24,2025-05-19
ST24,SKU00740,407,80,21,2025-07-30
ST25,SKU02567,311,80,34,2025-05-17
ST16,SKU00002,0,33,11,2025-10-04
ST13,SKU02255,382,75,20,2025-06-13
ST18,SKU01021,0,52,18,2025-10-08
ST27,SKU04607,122,24,7,2025-08-11
ST01,SKU00150,221,52,11,2025-06-12
ST20,SKU04158,213,37,16,2025-06-19
ST24,SKU01578,0,72,36,2025-08-11
ST02,SKU03230,578,98,45,2025-08-31
ST24,SKU00401,223,53,21,2025-07-30
ST21,SKU01781,147,27,11,2025-05-28
ST03,SKU00402,369,69,32,2025-06-16
ST28,SKU01009,0,45,14,2025-08-29
ST14,SKU03043,389,96,39,2025-07-12
ST26,SKU02566,488,85,35,2025-05-09
ST16,SKU01827,238,71,34,2025-06-23
ST08,SKU03621,392,77,25,2025-05-26
ST29,SKU04381,0,49,13,2025-09-05
ST15,SKU01340,393,96,19,2025-07-15
ST19,SKU03935,181,32,8,2025-07-15
ST14,SKU03357,171,35,13,2025-05-16
ST09,SKU00328,0,61,24,2025-08-08
ST02,SKU00342,158,34,9,2025-05-06
ST14,SKU00419,181,51,19,2025-06-17
ST21,SKU03467,120,21,10,2025-08-18
ST26,SKU00662,224,67,18,2025-05-15
ST28,SKU04955,153,38,19,2025-06-28
ST20,SKU02740,0,37,11,2025-09-25
ST27,SKU03642,155,43,12,2025-06-13
ST14,SKU01790,279,65,28,2025-06-08
ST08,SKU03642,199,53,21,2025-05-08
ST01,SKU01834,260,51,12,2025-08-15
ST12,SKU02103,351,87,41,2025-05-07
ST17,SKU04461,105,24,7,2025-05-21
ST17,SKU03376,170,56,26,2025-08-09
ST13,SKU04265,198,63,24,2025-07-31
ST02,SKU04919,354,66,31,2025-08-23
ST23,SKU02014,368,74,21,2025-05-17
ST10,SKU01592,277,62,27,2025-06-15
ST09,SKU02763,439,100,36,2025-07-31
ST25,SKU00502,304,99,48,2025-07-01
ST27,SKU04160,140,45,11,2025-08-25
ST28,SKU01340,273,74,28,2025-07-15
ST27,SKU04222,116,33,8,2025-07-01
ST24,SKU04489,0,75,27,2025-09-09
ST10,SKU00385,404,72,31,2025-07-10
ST30,SKU01466,0,54,24,2025-08-07
ST22,SKU00728,0,20,8,2025-08-06
ST18,SKU04048,268,49,17,2025-06-07
ST04,SKU03284,407,73,25,2025-06-11
ST26,SKU00254,0,57,25,2025-09-19
ST08,SKU02639,235,71,19,2025-08-01
ST26,SKU01684,228,39,13,2025-05-23
ST26,SKU02911,376,70,28,2025-08-08
ST01,SKU00823,0,50,15,2025-09-07
ST06,SKU00965,125,35,11,2025-08-29
ST17,SKU00631,148,33,8,2025-08-28
ST13,SKU01685,0,22,7,2025-08-11
ST11,SKU02826,0,55,15,2025-08-10
ST05,SKU01645,281,65,15,2025-05-18
ST08,SKU00285,0,53,25,2025-10-05
ST15,SKU02329,427,85,30,2025-05-28
ST27,SKU04499,186,51,11,2025-06-07
ST15,SKU03812,0,29,7,2025-09-14
ST04,SKU00050,0,83,30,2025-09-08
ST22,SKU03619,446,91,26,2025-07-30
ST24,SKU01042,408,69,16,2025-05-17
ST20,SKU04461,280,74,23,2025-08-30
ST10,SKU00974,0,49,15,2025-10-12
ST29,SKU00012,324,97,26,2025-08-12
ST30,SKU04118,93,27,7,2025-07-28
ST04,SKU04160,156,27,8,2025-08-24
ST27,SKU02425,281,58,20,2025-06-23
ST04,SKU04693,82,23,10,2025-06-29
ST18,SKU02950,0,55,20,2025-09-03
ST25,SKU04888,107,24,6,2025-06-06
ST24,SKU00532,167,41,16,2025-07-18
ST21,SKU00342,206,56,23,2025-07-03
ST08,SKU04996,372,71,35,2025-08-30
ST05,SKU00500,0,96,27,2025-10-03
ST03,SKU04319,418,93,39,2025-08-12
ST19,SKU03362,218,72,30,2025-06-10
ST11,SKU02840,0,34,10,2025-09-04
ST17,SKU00363,0,20,9,2025-09-07
ST03,SKU04126,0,24,6,2025-08-19
ST15,SKU01152,0,92,35,2025-09-09
ST21,SKU01906,184,46,19,2025-06-21
ST27,SKU00291,0,25,5,2025-08-11
ST22,SKU04757,317,92,19,2025-05-21
ST15,SKU00402,279,69,16,2025-06-22
ST26,SKU02248,229,40,12,2025-08-20
ST25,SKU02103,138,25,5,2025-08-16
ST04,SKU04499,494,91,32,2025-06-19
ST28,SKU02329,275,84,27,2025-08-28
ST27,SKU03884,414,91,30,2025-07-15
ST02,SKU04019,314,69,32,2025-08-29
ST27,SKU02333,0,64,19,2025-08-28
ST23,SKU01371,0,26,12,2025-08-22
ST18,SKU03991,143,36,7,2025-07-26
ST17,SKU03600,412,70,21,2025-08-11
ST21,SKU04958,172,30,15,2025-07-04
ST16,SKU00237,88,24,11,2025-06-04
ST14,SKU01678,200,42,20,2025-05-07
ST08,SKU02877,220,38,14,2025-05-19
ST06,SKU00012,305,69,34,2025-07-18
ST05,SKU03578,0,84,41,2025-10-05
ST30,SKU01542,334,57,21,2025-05-18
ST20,SKU00631,283,90,24,2025-05-21
ST05,SKU02532,0,51,22,2025-09-06
ST02,SKU00976,0,23,6,2025-08-21
ST13,SKU03600,341,99,28,2025-06-07
ST07,SKU00598,251,44,15,2025-06-20
ST04,SKU02425,450,97,21,2025-06-10
ST04,SKU04996,420,88,28,2025-06-16
ST02,SKU04041,0,96,48,2025-09-25
ST16,SKU04118,289,96,22,2025-07-26
ST18,SKU01582,321,59,29,2025-06-24
ST06,SKU01171,153,35,12,2025-06-16
ST07,SKU03583,282,59,17,2025-05-11
ST12,SKU03376,223,43,10,2025-06-30
ST23,SKU04756,0,83,40,2025-08-26
ST01,SKU01567,262,67,20,2025-08-02
ST23,SKU00079,0,92,27,2025-09-15
ST17,SKU02436,153,48,10,2025-08-02
ST28,SKU01152,0,97,27,2025-08-27
ST09,SKU03548,220,45,11,2025-07-21
ST27,SKU02055,204,49,19,2025-08-10
ST10,SKU02075,239,65,18,2025-05-28
ST03,SKU03642,242,42,13,2025-07-27
ST11,SKU04250,231,62,17,2025-06-19
ST12,SKU00920,0,75,24,2025-08-19
ST04,SKU03884,228,57,14,2025-07-08
ST03,SKU03284,195,54,14,2025-08-07
ST06,SKU01538,322,87,19,2025-07-17
ST04,SKU02333,0,27,11,2025-08-09
ST09,SKU01287,146,25,7,2025-05-22
ST22,SKU01986,398,88,43,2025-08-10
ST26,SKU04012,0,87,42,2025-09-13
ST02,SKU00401,515,88,18,2025-07-22
ST20,SKU00363,0,68,23,2025-09-27
ST20,SKU03961,100,32,10,2025-07-29
ST04,SKU00437,275,83,24,2025-07-13
ST08,SKU03504,271,73,15,2025-08-03
ST07,SKU02223,318,55,22,2025-06-06
ST12,SKU01685,0,45,14,2025-10-04
ST29,SKU02068,0,38,15,2025-08-29
ST08,SKU00767,111,22,7,2025-07-12
ST19,SKU01903,336,87,27,2025-07-12
ST30,SKU02172,104,30,8,2025-06-12
ST08,SKU03014,354,62,14,2025-06-01
ST18,SKU03709,141,24,9,2025-05-11
ST27,SKU02462,0,25,10,2025-10-01
ST03,SKU04160,480,84,29,2025-05-28
ST03,SKU04222,79,22,6,2025-06-21
ST03,SKU04693,284,57,23,2025-08-25
ST28,SKU01684,112,22,8,2025-08-17
ST08,SKU02462,0,56,24,2025-10-11
ST17,SKU00150,290,68,29,2025-07-30
ST27,SKU00932,401,77,29,2025-06-14
ST16,SKU04018,72,20,4,2025-05-13
ST18,SKU03580,468,91,23,2025-07-14
ST11,SKU04018,181,45,11,2025-07-12
ST05,SKU02683,0,95,30,2025-08-31
ST11,SKU01164,0,46,14,2025-09-15
ST09,SKU01187,469,89,35,2025-08-21
ST20,SKU02436,252,51,12,2025-08-03
ST23,SKU04140,0,82,19,2025-10-08
ST20,SKU02112,283,55,12,2025-08-21
ST13,SKU01031,88,29,11,2025-06-12
ST21,SKU04019,509,87,25,2025-05-19
ST22,SKU03092,287,86,32,2025-05-14
ST25,SKU04265,398,80,33,2025-05-20
ST09,SKU01256,385,80,20,2025-08-26
ST03,SKU00692,0,40,16,2025-08-31
ST01,SKU01347,369,72,18,2025-07-11
ST16,SKU02722,291,73,21,2025-06-06
ST19,SKU02194,150,45,13,2025-05-23
ST25,SKU03376,205,46,10,2025-06-21
ST08,SKU03043,105,24,11,2025-06-12
ST12,SKU03600,95,21,10,2025-05-15
ST16,SKU02969,329,55,11,2025-06-06
ST11,SKU02969,301,91,18,2025-08-19
ST03,SKU02425,284,76,33,2025-09-02
ST17,SKU01834,330,88,20,2025-05-31
ST22,SKU01988,0,37,15,2025-10-12
ST20,SKU02014,299,94,33,2025-08-31
