date,store_id,sku_id,units_sold,revenue,unit_price,promo_flag
2025-01-01,ST01,SKU001327,3,852.66,284.22,0
2025-01-01,ST01,SKU002239,5,7669.7,1533.94,0
2025-01-01,ST03,SKU000898,10,3869.6,386.96,0
2025-01-01,ST03,SKU002904,2,3180.18,1590.09,0
2025-01-01,ST04,SKU001443,10,16263.2,1626.32,1
2025-01-01,ST04,SKU003070,4,3734.2,933.55,0
2025-01-01,ST07,SKU000384,8,4778.56,597.32,0
2025-01-01,ST07,SKU002508,2,4108.88,2054.44,0
2025-01-01,ST09,SKU003438,9,22435.11,2492.79,0
2025-01-01,ST10,SKU003832,18,9558.9,531.05,0
2025-01-01,ST10,SKU004026,5,412.5,82.5,0
2025-01-01,ST13,SKU002007,16,12462.08,778.88,0
2025-01-01,ST13,SKU003458,7,5008.85,715.55,0
2025-01-01,ST14,SKU001219,12,15851.76,1320.98,0
2025-01-01,ST16,SKU001987,5,9106.2,1821.24,0
2025-01-01,ST18,SKU000638,19,2617.44,137.76,0
2025-01-01,ST19,SKU001742,3,703.38,234.46,0
2025-01-01,ST19,SKU004497,11,24232.45,2202.95,0
2025-01-01,ST20,SKU000139,4,9459.72,2364.93,0
2025-01-01,ST20,SKU003175,17,19452.42,1144.26,0
2025-01-01,ST21,SKU002583,6,14967.18,2494.53,0
2025-01-01,ST21,SKU003536,11,18494.19,1681.29,0
2025-01-01,ST21,SKU003904,0,0.0,173.96,0
2025-01-01,ST22,SKU000194,11,25822.83,2347.53,0
2025-01-01,ST24,SKU001708,16,7238.24,452.39,0
2025-01-01,ST26,SKU004546,29,41777.4,1440.6,0
2025-01-01,ST27,SKU003607,5,11744.25,2348.85,0
2025-01-01,ST29,SKU003080,26,62487.62,2403.37,0
2025-01-01,ST30,SKU001021,13,21179.86,1629.22,1
2025-01-01,ST30,SKU004613,6,4348.56,724.76,1
2025-01-02,ST01,SKU000036,8,8076.48,1009.56,0
2025-01-02,ST01,SKU003083,12,5349.12,445.76,0
2025-01-02,ST01,SKU004866,10,23068.7,2306.87,0
2025-01-02,ST02,SKU001619,11,13016.85,1183.35,0
2025-01-02,ST02,SKU003834,23,5033.78,218.86,0
2025-01-02,ST02,SKU004300,7,15147.37,2163.91,0
2025-01-02,ST02,SKU004428,15,13196.7,879.78,1
2025-01-02,ST02,SKU004548,43,80155.01,1864.07,1
2025-01-02,ST03,SKU001327,3,852.66,284.22,0
2025-01-02,ST03,SKU001508,0,0.0,732.94,1
2025-01-02,ST03,SKU004949,28,40790.96,1456.82,0
2025-01-02,ST04,SKU000747,13,11972.87,920.99,0
2025-01-02,ST04,SKU003832,9,4779.45,531.05,0
2025-01-02,ST05,SKU001202,4,5765.8,1441.45,0
2025-01-02,ST06,SKU003558,17,17962.03,1056.59,1
2025-01-02,ST07,SKU003091,5,5123.8,1024.76,1
2025-01-02,ST07,SKU004846,3,5420.43,1806.81,1
2025-01-02,ST10,SKU003292,15,36680.4,2445.36,0
2025-01-02,ST10,SKU004419,35,71411.2,2040.32,0
2025-01-02,ST11,SKU000531,2,4735.8,2367.9,0
2025-01-02,ST11,SKU002683,11,12654.51,1150.41,0
2025-01-02,ST12,SKU000299,5,2710.4,542.08,0
2025-01-02,ST12,SKU002317,9,21790.53,2421.17,0
2025-01-02,ST13,SKU004252,18,9784.8,543.6,0
2025-01-02,ST14,SKU004259,10,14379.2,1437.92,1
2025-01-02,ST15,SKU004086,9,6986.61,776.29,0
2025-01-02,ST17,SKU004157,8,10177.12,1272.14,0
2025-01-02,ST20,SKU000773,28,59489.36,2124.62,0
2025-01-02,ST20,SKU004870,7,13795.74,1970.82,0
2025-01-02,ST21,SKU001112,6,643.44,107.24,0
2025-01-02,ST23,SKU000599,4,2317.48,579.37,0
2025-01-02,ST23,SKU002951,26,29144.44,1120.94,0
2025-01-02,ST26,SKU001434,18,21199.5,1177.75,1
2025-01-02,ST26,SKU002020,16,2587.04,161.69,0
2025-01-02,ST28,SKU003754,1,1237.62,1237.62,0
2025-01-02,ST30,SKU001009,13,14663.61,1127.97,0
2025-01-02,ST30,SKU004549,7,1392.3,198.9,1
2025-01-02,ST30,SKU004964,25,42171.25,1686.85,0
2025-01-03,ST01,SKU003025,4,1923.92,480.98,0
2025-01-03,ST03,SKU003748,16,14009.92,875.62,0
2025-01-03,ST04,SKU001909,8,7710.0,963.75,1
2025-01-03,ST06,SKU002903,7,447.3,63.9,0
2025-01-03,ST06,SKU003336,6,12183.0,2030.5,0
2025-01-03,ST06,SKU003894,3,5573.13,1857.71,0
2025-01-03,ST09,SKU003845,6,13500.3,2250.05,0
2025-01-03,ST11,SKU000908,7,16521.4,2360.2,0
2025-01-03,ST11,SKU002148,3,6571.14,2190.38,0
2025-01-03,ST12,SKU001762,26,60243.82,2317.07,0
2025-01-03,ST14,SKU002086,12,15753.72,1312.81,1
2025-01-03,ST16,SKU004603,7,10072.65,1438.95,1
2025-01-03,ST17,SKU001440,3,1812.42,604.14,0
2025-01-03,ST17,SKU002064,2,1551.18,775.59,0
2025-01-03,ST18,SKU004795,11,5504.95,500.45,0
2025-01-03,ST20,SKU001139,8,7569.12,946.14,0
2025-01-03,ST22,SKU004728,10,15606.6,1560.66,0
2025-01-03,ST23,SKU004480,21,52230.78,2487.18,1
2025-01-03,ST24,SKU002719,0,0.0,145.52,0
2025-01-03,ST25,SKU001023,16,39782.08,2486.38,0
2025-01-03,ST25,SKU001099,11,13319.57,1210.87,0
2025-01-03,ST25,SKU003037,5,6871.9,1374.38,0
2025-01-03,ST26,SKU002642,17,7631.47,448.91,0
2025-01-03,ST26,SKU003274,5,4200.05,840.01,0
2025-01-03,ST26,SKU003287,6,13013.82,2168.97,0
2025-01-03,ST26,SKU003388,10,2911.7,291.17,1
2025-01-03,ST27,SKU003025,4,1923.92,480.98,0
2025-01-03,ST27,SKU003335,8,14000.96,1750.12,0
2025-01-03,ST28,SKU003168,10,18526.1,1852.61,1
2025-01-03,ST30,SKU002384,9,16785.9,1865.1,0
2025-01-03,ST30,SKU003724,17,30185.54,1775.62,0
2025-01-04,ST04,SKU004227,16,4889.6,305.6,1
2025-01-04,ST04,SKU004961,7,16741.9,2391.7,0
2025-01-04,ST06,SKU002230,12,25436.16,2119.68,0
2025-01-04,ST06,SKU004536,5,912.5,182.5,1
2025-01-04,ST07,SKU003147,12,26080.8,2173.4,1
2025-01-04,ST08,SKU003197,18,5423.94,301.33,0
2025-01-04,ST08,SKU003254,11,13780.58,1252.78,0
2025-01-04,ST09,SKU001614,12,19140.12,1595.01,0
2025-01-04,ST10,SKU001222,9,10008.45,1112.05,0
2025-01-04,ST13,SKU000271,10,17127.5,1712.75,1
2025-01-04,ST13,SKU002585,10,2214.3,221.43,1
2025-01-04,ST13,SKU002828,36,62172.36,1727.01,0
2025-01-04,ST13,SKU003508,9,13094.73,1454.97,0
2025-01-04,ST14,SKU001336,16,20433.44,1277.09,0
2025-01-04,ST14,SKU001476,20,37327.2,1866.36,0
2025-01-04,ST15,SKU003576,9,20521.26,2280.14,0
2025-01-04,ST17,SKU003892,65,146838.25,2259.05,1
2025-01-04,ST19,SKU004601,17,24254.92,1426.76,1
2025-01-04,ST20,SKU003618,10,5081.6,508.16,0
2025-01-04,ST23,SKU003450,13,20871.11,1605.47,1
2025-01-04,ST23,SKU003621,15,22333.8,1488.92,0
2025-01-04,ST26,SKU000247,1,344.4,344.4,0
2025-01-04,ST26,SKU001698,6,5860.26,976.71,0
2025-01-04,ST26,SKU001882,6,8134.56,1355.76,0
2025-01-04,ST26,SKU003966,7,9409.89,1344.27,0
2025-01-04,ST30,SKU000765,0,0.0,2144.47,0
2025-01-05,ST01,SKU002558,11,3074.61,279.51,0
2025-01-05,ST01,SKU004713,3,2048.94,682.98,0
2025-01-05,ST03,SKU004525,9,16056.72,1784.08,0
2025-01-05,ST05,SKU003595,9,7430.76,825.64,0
2025-01-05,ST06,SKU004041,13,14917.89,1147.53,0
2025-01-05,ST08,SKU001136,0,0.0,472.9,0
2025-01-05,ST08,SKU003387,6,12530.1,2088.35,0
2025-01-05,ST09,SKU000573,9,7252.74,805.86,0
2025-01-05,ST09,SKU004265,8,8989.36,1123.67,0
2025-01-05,ST11,SKU004770,20,26093.2,1304.66,0
2025-01-05,ST12,SKU002195,35,22744.4,649.84,0
2025-01-05,ST15,SKU003282,5,9772.4,1954.48,0
2025-01-05,ST15,SKU003484,7,15326.01,2189.43,0
2025-01-05,ST16,SKU001044,19,22578.27,1188.33,0
2025-01-05,ST17,SKU002763,10,8578.8,857.88,0
2025-01-05,ST18,SKU004533,5,10729.85,2145.97,0
2025-01-05,ST19,SKU000912,17,40495.19,2382.07,0
2025-01-05,ST19,SKU002966,20,16184.2,809.21,0
2025-01-05,ST21,SKU001330,19,44319.78,2332.62,1
2025-01-05,ST22,SKU001060,12,18104.64,1508.72,0
2025-01-05,ST23,SKU003489,16,35900.16,2243.76,0
2025-01-05,ST24,SKU000722,18,42654.78,2369.71,0
2025-01-05,ST24,SKU000955,16,26323.2,1645.2,0
2025-01-05,ST25,SKU004398,14,23176.3,1655.45,0
2025-01-05,ST25,SKU004951,20,49649.8,2482.49,0
2025-01-05,ST26,SKU002274,24,56878.8,2369.95,1
2025-01-05,ST27,SKU001910,17,19213.91,1130.23,0
2025-01-05,ST28,SKU000492,14,10929.24,780.66,0
2025-01-05,ST29,SKU003146,3,6391.8,2130.6,0
2025-01-05,ST30,SKU001088,6,3976.5,662.75,0
2025-01-05,ST30,SKU001888,31,13405.33,432.43,0
2025-01-05,ST30,SKU003306,2,2135.36,1067.68,0
2025-01-06,ST02,SKU004220,0,0.0,898.55,0
2025-01-06,ST04,SKU001501,8,14692.4,1836.55,0
2025-01-06,ST04,SKU002718,9,15928.92,1769.88,0
2025-01-06,ST05,SKU000282,12,6842.4,570.2,1
2025-01-06,ST06,SKU004548,25,46601.75,1864.07,0
2025-01-06,ST10,SKU000282,18,10263.6,570.2,1
2025-01-06,ST11,SKU001086,19,31074.31,1635.49,0
2025-01-06,ST11,SKU004768,4,1887.48,471.87,0
2025-01-06,ST14,SKU000056,10,22050.9,2205.09,0
2025-01-06,ST14,SKU004648,7,7430.43,1061.49,0
2025-01-06,ST14,SKU004999,6,14938.38,2489.73,0
2025-01-06,ST16,SKU004832,2,4045.04,2022.52,0
2025-01-06,ST17,SKU001498,19,40119.07,2111.53,0
2025-01-06,ST17,SKU001710,35,41247.5,1178.5,1
2025-01-06,ST18,SKU000726,6,13909.14,2318.19,0
2025-01-06,ST18,SKU002086,18,23630.58,1312.81,0
2025-01-06,ST18,SKU003490,6,469.86,78.31,0
2025-01-06,ST20,SKU002441,13,23018.71,1770.67,1
2025-01-06,ST21,SKU002632,4,9995.68,2498.92,0
2025-01-06,ST21,SKU003514,18,32347.8,1797.1,0
2025-01-06,ST23,SKU004352,9,22412.25,2490.25,1
2025-01-06,ST24,SKU000703,19,5627.8,296.2,0
2025-01-06,ST25,SKU001445,14,4288.06,306.29,0
2025-01-06,ST26,SKU002017,15,13914.0,927.6,1
2025-01-06,ST27,SKU004275,5,5215.95,1043.19,0
2025-01-06,ST28,SKU004701,11,2265.78,205.98,0
2025-01-06,ST30,SKU003943,17,35364.59,2080.27,0
2025-01-07,ST01,SKU001465,7,17278.03,2468.29,0
2025-01-07,ST02,SKU003407,4,6305.76,1576.44,0
2025-01-07,ST03,SKU001813,23,37766.69,1642.03,0
2025-01-07,ST04,SKU000933,33,1822.92,55.24,0
2025-01-07,ST04,SKU003463,25,30948.0,1237.92,0
2025-01-07,ST05,SKU000819,6,4988.7,831.45,0
2025-01-07,ST06,SKU002134,21,34932.03,1663.43,0
2025-01-07,ST07,SKU003851,13,23034.18,1771.86,0
2025-01-07,ST09,SKU002914,8,10236.8,1279.6,0
2025-01-07,ST12,SKU004433,20,38348.4,1917.42,1
2025-01-07,ST13,SKU003485,3,1759.59,586.53,0
2025-01-07,ST14,SKU004807,39,47758.23,1224.57,0
2025-01-07,ST15,SKU003473,4,2543.72,635.93,0
2025-01-07,ST15,SKU004873,14,25845.96,1846.14,0
2025-01-07,ST16,SKU002509,14,7970.48,569.32,0
2025-01-07,ST17,SKU000180,11,21882.19,1989.29,0
2025-01-07,ST17,SKU000274,5,2503.85,500.77,0
2025-01-07,ST19,SKU000987,2,2354.66,1177.33,0
2025-01-07,ST19,SKU002249,26,56584.32,2176.32,0
2025-01-07,ST20,SKU004488,3,3460.02,1153.34,0
2025-01-07,ST21,SKU001402,3,3755.1,1251.7,0
2025-01-07,ST21,SKU002841,12,16245.0,1353.75,0
2025-01-07,ST22,SKU002839,16,16716.0,1044.75,0
2025-01-07,ST23,SKU001274,8,3316.4,414.55,0
2025-01-07,ST24,SKU002017,11,10203.6,927.6,0
2025-01-07,ST26,SKU002299,12,12163.08,1013.59,0
2025-01-07,ST26,SKU004949,2,2913.64,1456.82,0
2025-01-07,ST27,SKU002890,22,53009.0,2409.5,0
2025-01-07,ST28,SKU001146,33,21680.01,656.97,1
2025-01-07,ST29,SKU004259,8,11503.36,1437.92,1
2025-01-07,ST29,SKU004558,9,1706.58,189.62,0
2025-01-08,ST01,SKU000317,16,4532.32,283.27,1
2025-01-08,ST02,SKU002517,5,10373.25,2074.65,0
2025-01-08,ST04,SKU000816,16,1802.08,112.63,0
2025-01-08,ST04,SKU001308,20,35533.8,1776.69,0
2025-01-08,ST04,SKU003214,12,20306.52,1692.21,0
2025-01-08,ST04,SKU004132,7,4621.4,660.2,0
2025-01-08,ST04,SKU004353,19,1377.5,72.5,0
2025-01-08,ST05,SKU004821,0,0.0,2079.91,0
2025-01-08,ST07,SKU004465,6,14508.9,2418.15,0
2025-01-08,ST09,SKU004990,3,5050.38,1683.46,0
2025-01-08,ST10,SKU000407,25,10199.25,407.97,1
2025-01-08,ST10,SKU002793,11,14357.09,1305.19,0
2025-01-08,ST10,SKU003030,8,4894.8,611.85,0
2025-01-08,ST10,SKU004614,24,53098.08,2212.42,0
2025-01-08,ST11,SKU003913,7,2667.21,381.03,0
2025-01-08,ST12,SKU001588,21,46574.22,2217.82,0
2025-01-08,ST12,SKU002963,30,57106.2,1903.54,0
2025-01-08,ST13,SKU004040,11,19946.85,1813.35,0
2025-01-08,ST14,SKU000883,10,15553.1,1555.31,0
2025-01-08,ST14,SKU002116,15,36173.85,2411.59,0
2025-01-08,ST16,SKU000900,7,14763.42,2109.06,0
2025-01-08,ST16,SKU001190,5,12365.85,2473.17,0
2025-01-08,ST16,SKU004606,10,5779.8,577.98,0
2025-01-08,ST17,SKU001745,11,26133.69,2375.79,0
2025-01-08,ST18,SKU000189,18,15360.3,853.35,1
2025-01-08,ST18,SKU002138,44,96464.72,2192.38,0
2025-01-08,ST18,SKU002432,5,3687.6,737.52,0
2025-01-08,ST19,SKU001552,1,2114.3,2114.3,0
2025-01-08,ST21,SKU001207,8,400.96,50.12,0
2025-01-08,ST21,SKU002584,11,23620.63,2147.33,0
2025-01-08,ST22,SKU000521,19,6870.02,361.58,0
2025-01-08,ST23,SKU001245,14,3164.98,226.07,0
2025-01-08,ST24,SKU000251,25,15984.0,639.36,1
2025-01-08,ST24,SKU002478,12,12417.48,1034.79,0
2025-01-08,ST26,SKU003018,16,35678.56,2229.91,1
2025-01-08,ST28,SKU002099,23,37809.01,1643.87,1
2025-01-08,ST28,SKU004423,7,2008.44,286.92,0
2025-01-08,ST30,SKU000531,6,14207.4,2367.9,0
2025-01-09,ST01,SKU001513,10,15490.8,1549.08,0
2025-01-09,ST01,SKU002066,15,1361.25,90.75,0
2025-01-09,ST02,SKU004576,15,2949.3,196.62,0
2025-01-09,ST03,SKU004565,19,8957.55,471.45,0
2025-01-09,ST04,SKU001354,11,21086.67,1916.97,1
2025-01-09,ST04,SKU001773,10,22446.5,2244.65,0
2025-01-09,ST05,SKU002061,21,30236.43,1439.83,0
2025-01-09,ST06,SKU000562,2,2868.28,1434.14,0
2025-01-09,ST08,SKU004718,13,15171.39,1167.03,0
2025-01-09,ST09,SKU000557,17,40938.21,2408.13,0
2025-01-09,ST10,SKU004766,0,0.0,1959.58,0
2025-01-09,ST15,SKU001239,23,50774.11,2207.57,0
2025-01-09,ST15,SKU002358,10,23677.0,2367.7,0
2025-01-09,ST15,SKU003751,3,311.19,103.73,0
2025-01-09,ST21,SKU002543,34,13063.82,384.23,0
2025-01-09,ST22,SKU004248,38,41867.64,1101.78,0
2025-01-09,ST22,SKU004469,34,66427.16,1953.74,1
2025-01-09,ST24,SKU004144,20,34972.0,1748.6,0
2025-01-09,ST25,SKU001672,7,9212.63,1316.09,0
2025-01-09,ST26,SKU002202,15,8499.9,566.66,1
2025-01-09,ST26,SKU004149,8,16375.04,2046.88,0
2025-01-09,ST29,SKU003886,10,17313.6,1731.36,0
2025-01-09,ST30,SKU004255,18,23662.8,1314.6,0
2025-01-10,ST01,SKU001090,13,6199.57,476.89,1
2025-01-10,ST02,SKU000519,1,1576.45,1576.45,0
2025-01-10,ST02,SKU000743,21,10303.44,490.64,0
2025-01-10,ST04,SKU002700,10,5414.9,541.49,0
2025-01-10,ST04,SKU002962,17,18803.36,1106.08,0
2025-01-10,ST04,SKU003324,12,12536.4,1044.7,1
2025-01-10,ST05,SKU003939,10,3439.9,343.99,0
2025-01-10,ST06,SKU000447,10,7008.8,700.88,0
2025-01-10,ST07,SKU004894,18,30574.44,1698.58,1
2025-01-10,ST09,SKU001835,20,20700.6,1035.03,0
2025-01-10,ST09,SKU001986,5,7199.7,1439.94,0
2025-01-10,ST09,SKU003673,3,323.16,107.72,0
2025-01-10,ST10,SKU001178,10,23108.0,2310.8,1
2025-01-10,ST11,SKU000263,19,1829.89,96.31,0
2025-01-10,ST11,SKU003981,30,1501.5,50.05,0
2025-01-10,ST12,SKU001258,9,2215.35,246.15,0
2025-01-10,ST12,SKU004763,8,17942.88,2242.86,0
2025-01-10,ST14,SKU003242,0,0.0,487.87,0
2025-01-10,ST14,SKU004401,1,1370.06,1370.06,0
2025-01-10,ST15,SKU003448,2,771.94,385.97,0
2025-01-10,ST16,SKU002624,1,1060.95,1060.95,0
2025-01-10,ST16,SKU003709,16,18442.56,1152.66,0
2025-01-10,ST16,SKU004077,13,12549.16,965.32,1
2025-01-10,ST17,SKU002001,8,19151.44,2393.93,1
2025-01-10,ST18,SKU001009,16,18047.52,1127.97,0
2025-01-10,ST18,SKU004290,27,40602.33,1503.79,0
2025-01-10,ST19,SKU000917,8,18017.76,2252.22,0
2025-01-10,ST22,SKU001401,16,22673.6,1417.1,1
2025-01-10,ST23,SKU000148,5,680.9,136.18,0
2025-01-10,ST25,SKU004384,9,14999.58,1666.62,0
2025-01-10,ST27,SKU002223,13,9784.06,752.62,0
2025-01-10,ST27,SKU003389,11,6817.25,619.75,0
2025-01-10,ST27,SKU003662,2,1871.82,935.91,0
2025-01-10,ST28,SKU001698,1,976.71,976.71,1
2025-01-10,ST28,SKU002070,46,4544.8,98.8,1
2025-01-10,ST28,SKU004861,3,7290.27,2430.09,1
2025-01-10,ST29,SKU003015,10,10289.8,1028.98,1
2025-01-10,ST29,SKU004738,12,11676.24,973.02,0
2025-01-10,ST30,SKU003156,23,55918.06,2431.22,0
2025-01-10,ST30,SKU003177,12,25519.8,2126.65,0
2025-01-10,ST30,SKU003513,3,5735.13,1911.71,1
2025-01-11,ST03,SKU004582,20,15505.4,775.27,0
2025-01-11,ST04,SKU001323,31,39287.54,1267.34,1
2025-01-11,ST04,SKU003157,29,29910.6,1031.4,0
2025-01-11,ST04,SKU004135,8,16791.12,2098.89,0
2025-01-11,ST06,SKU002806,13,7416.11,570.47,0
2025-01-11,ST06,SKU002846,2,546.7,273.35,0
2025-01-11,ST09,SKU003024,10,14953.2,1495.32,1
2025-01-11,ST09,SKU003450,16,25687.52,1605.47,0
2025-01-11,ST10,SKU002087,18,30972.06,1720.67,0
2025-01-11,ST12,SKU001201,17,31210.47,1835.91,0
2025-01-11,ST13,SKU002783,4,2366.44,591.61,0
2025-01-11,ST13,SKU004437,4,2301.96,575.49,0
2025-01-11,ST16,SKU001382,10,11763.0,1176.3,0
2025-01-11,ST17,SKU001251,20,4464.6,223.23,0
2025-01-11,ST17,SKU004763,13,29157.18,2242.86,0
2025-01-11,ST18,SKU003450,3,4816.41,1605.47,1
2025-01-11,ST19,SKU003868,10,10306.8,1030.68,1
2025-01-11,ST20,SKU002668,8,11935.04,1491.88,0
2025-01-11,ST21,SKU002844,14,32258.94,2304.21,0
2025-01-11,ST22,SKU001174,9,15588.36,1732.04,0
2025-01-11,ST22,SKU001214,34,57128.5,1680.25,0
2025-01-11,ST24,SKU001321,13,20075.64,1544.28,0
2025-01-11,ST25,SKU002075,32,63569.6,1986.55,0
2025-01-11,ST25,SKU002951,24,26902.56,1120.94,0
2025-01-11,ST26,SKU000654,23,13871.99,603.13,0
2025-01-11,ST27,SKU004934,18,20130.12,1118.34,0
2025-01-11,ST28,SKU000644,34,43429.22,1277.33,0
2025-01-11,ST28,SKU002573,17,22910.39,1347.67,0
2025-01-11,ST29,SKU000396,9,21641.13,2404.57,0
2025-01-11,ST30,SKU002623,21,37570.68,1789.08,0
2025-01-11,ST30,SKU003501,8,2706.8,338.35,0
2025-01-11,ST30,SKU004174,49,86185.12,1758.88,0
2025-01-12,ST02,SKU000590,14,19321.54,1380.11,0
2025-01-12,ST02,SKU004232,20,47773.6,2388.68,0
2025-01-12,ST02,SKU004500,8,11815.6,1476.95,0
2025-01-12,ST03,SKU003181,8,16717.84,2089.73,1
2025-01-12,ST03,SKU004924,22,34401.84,1563.72,0
2025-01-12,ST05,SKU004116,3,5070.69,1690.23,0
2025-01-12,ST06,SKU004021,26,34098.48,1311.48,1
2025-01-12,ST07,SKU000472,0,0.0,1335.03,0
2025-01-12,ST07,SKU002236,11,8898.45,808.95,0
2025-01-12,ST07,SKU002325,23,29691.85,1290.95,0
2025-01-12,ST07,SKU003387,31,64738.85,2088.35,0
2025-01-12,ST08,SKU004906,14,33634.58,2402.47,0
2025-01-12,ST09,SKU004897,5,3802.9,760.58,0
2025-01-12,ST10,SKU000554,6,13042.02,2173.67,1
2025-01-12,ST11,SKU004328,7,12836.81,1833.83,1
2025-01-12,ST12,SKU003322,16,14684.0,917.75,1
2025-01-12,ST12,SKU004342,13,21271.51,1636.27,1
2025-01-12,ST13,SKU001323,14,17742.76,1267.34,0
2025-01-12,ST16,SKU001744,8,2415.6,301.95,0
2025-01-12,ST16,SKU003982,15,30783.9,2052.26,0
2025-01-12,ST17,SKU004343,32,35696.32,1115.51,0
2025-01-12,ST17,SKU004472,31,19004.24,613.04,0
2025-01-12,ST18,SKU000767,8,14509.84,1813.73,0
2025-01-12,ST18,SKU004559,15,29520.75,1968.05,0
2025-01-12,ST20,SKU002325,15,19364.25,1290.95,0
2025-01-12,ST20,SKU004768,3,1415.61,471.87,0
2025-01-12,ST22,SKU003547,18,31992.12,1777.34,0
2025-01-12,ST23,SKU002902,14,27216.14,1944.01,0
2025-01-12,ST25,SKU001728,26,7919.34,304.59,0
2025-01-12,ST26,SKU000800,11,12108.91,1100.81,0
2025-01-12,ST26,SKU004613,10,7247.6,724.76,0
2025-01-12,ST28,SKU002438,7,1290.17,184.31,0
2025-01-12,ST29,SKU002361,18,6005.16,333.62,0
2025-01-12,ST30,SKU002502,9,7975.35,886.15,0
2025-01-13,ST01,SKU001936,12,25620.72,2135.06,1
2025-01-13,ST02,SKU000056,11,24255.99,2205.09,0
2025-01-13,ST02,SKU002773,9,6396.21,710.69,0
2025-01-13,ST02,SKU003112,13,8030.36,617.72,0
2025-01-13,ST03,SKU001155,3,6670.14,2223.38,0
2025-01-13,ST06,SKU002015,6,7428.78,1238.13,0
2025-01-13,ST06,SKU002543,18,6916.14,384.23,0
2025-01-13,ST07,SKU001714,3,4047.3,1349.1,0
2025-01-13,ST07,SKU002985,9,6552.0,728.0,1
2025-01-13,ST09,SKU003531,14,30484.58,2177.47,0
2025-01-13,ST10,SKU004850,7,7073.01,1010.43,0
2025-01-13,ST11,SKU000833,16,29587.04,1849.19,0
2025-01-13,ST11,SKU001692,16,34834.56,2177.16,1
2025-01-13,ST11,SKU003986,5,6452.85,1290.57,0
2025-01-13,ST12,SKU001913,13,14401.53,1107.81,0
2025-01-13,ST13,SKU002021,21,42150.15,2007.15,0
2025-01-13,ST14,SKU002077,13,7439.12,572.24,1
2025-01-13,ST14,SKU002204,12,26918.64,2243.22,0
2025-01-13,ST17,SKU001855,19,36511.35,1921.65,0
2025-01-13,ST18,SKU003143,9,6603.84,733.76,0
2025-01-13,ST18,SKU003951,7,966.91,138.13,0
2025-01-13,ST19,SKU001768,46,114786.1,2495.35,0
2025-01-13,ST20,SKU003060,12,26051.76,2170.98,1
2025-01-13,ST20,SKU004951,7,17377.43,2482.49,0
2025-01-13,ST21,SKU000202,11,6414.32,583.12,0
2025-01-13,ST21,SKU002928,1,1061.22,1061.22,0
2025-01-13,ST22,SKU002275,11,10568.69,960.79,0
2025-01-13,ST26,SKU000871,9,15109.11,1678.79,0
2025-01-13,ST27,SKU000984,11,20050.25,1822.75,0
2025-01-13,ST27,SKU004617,21,37600.29,1790.49,0
2025-01-13,ST28,SKU002561,14,21849.94,1560.71,0
2025-01-13,ST29,SKU000628,4,6436.88,1609.22,0
2025-01-13,ST29,SKU002141,17,3493.67,205.51,0
2025-01-13,ST29,SKU002154,17,23707.18,1394.54,0
2025-01-14,ST01,SKU001803,0,0.0,2276.34,0
2025-01-14,ST01,SKU003132,15,36249.75,2416.65,0
2025-01-14,ST01,SKU004341,27,58612.95,2170.85,0
2025-01-14,ST02,SKU003766,14,24095.82,1721.13,0
2025-01-14,ST03,SKU003419,6,739.86,123.31,0
2025-01-14,ST04,SKU004752,13,13826.15,1063.55,0
2025-01-14,ST05,SKU002272,36,12823.2,356.2,1
2025-01-14,ST05,SKU002719,2,291.04,145.52,0
2025-01-14,ST06,SKU003662,11,10295.01,935.91,0
2025-01-14,ST07,SKU003901,1,2134.39,2134.39,0
2025-01-14,ST08,SKU003740,7,7999.25,1142.75,0
2025-01-14,ST08,SKU004478,6,11896.08,1982.68,0
2025-01-14,ST08,SKU004654,3,5335.29,1778.43,0
2025-01-14,ST10,SKU002191,25,19886.75,795.47,1
2025-01-14,ST12,SKU000827,4,1282.88,320.72,0
2025-01-14,ST12,SKU001025,21,52463.25,2498.25,0
2025-01-14,ST14,SKU003636,19,28067.94,1477.26,0
2025-01-14,ST16,SKU002471,4,6264.88,1566.22,0
2025-01-14,ST16,SKU003773,9,9709.29,1078.81,1
2025-01-14,ST17,SKU002262,5,9307.6,1861.52,0
2025-01-14,ST18,SKU000179,17,34266.39,2015.67,0
2025-01-14,ST18,SKU003253,0,0.0,795.56,0
2025-01-14,ST20,SKU001685,13,9259.38,712.26,1
2025-01-14,ST24,SKU001227,14,31923.08,2280.22,0
2025-01-14,ST24,SKU001621,42,70386.12,1675.86,0
2025-01-14,ST27,SKU001971,4,1052.52,263.13,0
2025-01-14,ST27,SKU002058,6,14745.42,2457.57,0
2025-01-14,ST28,SKU000726,18,41727.42,2318.19,0
2025-01-14,ST30,SKU002079,9,8419.5,935.5,0
2025-01-14,ST30,SKU003331,14,34142.5,2438.75,0
2025-01-15,ST02,SKU000568,4,2658.88,664.72,1
2025-01-15,ST02,SKU000927,13,5949.97,457.69,1
2025-01-15,ST02,SKU001015,33,57457.95,1741.15,1
2025-01-15,ST02,SKU001430,1,2088.42,2088.42,0
2025-01-15,ST03,SKU000875,10,24780.2,2478.02,0
2025-01-15,ST05,SKU000307,5,3780.65,756.13,0
2025-01-15,ST05,SKU004805,1,1708.73,1708.73,0
2025-01-15,ST07,SKU001128,13,1509.17,116.09,0
2025-01-15,ST07,SKU002940,6,457.86,76.31,0
2025-01-15,ST09,SKU002019,14,1921.78,137.27,0
2025-01-15,ST12,SKU003185,12,16929.48,1410.79,0
2025-01-15,ST12,SKU004051,20,34766.4,1738.32,0
2025-01-15,ST14,SKU000588,10,13557.5,1355.75,0
2025-01-15,ST15,SKU004321,11,10453.19,950.29,1
2025-01-15,ST17,SKU002496,5,1567.4,313.48,0
2025-01-15,ST19,SKU002395,19,40298.81,2120.99,0
2025-01-15,ST20,SKU001736,8,16986.08,2123.26,0
2025-01-15,ST21,SKU000262,25,11686.5,467.46,0
2025-01-15,ST21,SKU000875,7,17346.14,2478.02,0
2025-01-15,ST21,SKU004845,2,3210.86,1605.43,1
2025-01-15,ST22,SKU003033,17,873.12,51.36,0
2025-01-15,ST24,SKU000939,9,14673.6,1630.4,0
2025-01-15,ST26,SKU000253,15,3355.8,223.72,0
2025-01-15,ST26,SKU003710,11,1648.02,149.82,0
2025-01-15,ST28,SKU003179,10,7889.5,788.95,0
2025-01-15,ST29,SKU003003,34,65220.16,1918.24,0
2025-01-15,ST29,SKU003603,9,1491.93,165.77,0
2025-01-15,ST30,SKU004469,13,25398.62,1953.74,0
2025-01-16,ST04,SKU001023,8,19891.04,2486.38,0
2025-01-16,ST04,SKU003217,33,20744.79,628.63,0
2025-01-16,ST06,SKU003688,3,2207.37,735.79,0
2025-01-16,ST08,SKU000296,16,3880.16,242.51,1
2025-01-16,ST08,SKU003856,10,6380.7,638.07,0
2025-01-16,ST08,SKU004354,4,2451.96,612.99,1
2025-01-16,ST10,SKU000768,5,11993.55,2398.71,0
2025-01-16,ST10,SKU003414,6,4216.2,702.7,0
2025-01-16,ST11,SKU001170,0,0.0,1047.89,1
2025-01-16,ST12,SKU003117,4,7085.28,1771.32,0
2025-01-16,ST12,SKU003228,12,2935.8,244.65,0
2025-01-16,ST13,SKU004598,4,4346.12,1086.53,0
2025-01-16,ST14,SKU001635,24,48751.2,2031.3,0
2025-01-16,ST15,SKU001875,20,3925.0,196.25,1
2025-01-16,ST15,SKU002843,26,24487.32,941.82,0
2025-01-16,ST17,SKU004285,6,7309.92,1218.32,1
2025-01-16,ST19,SKU003935,8,17387.84,2173.48,0
2025-01-16,ST21,SKU003882,5,4534.85,906.97,0
2025-01-16,ST21,SKU004924,14,21892.08,1563.72,0
2025-01-16,ST22,SKU002019,14,1921.78,137.27,0
2025-01-16,ST22,SKU003594,23,11413.98,496.26,0
2025-01-16,ST22,SKU004642,6,828.54,138.09,0
2025-01-16,ST24,SKU002312,27,34891.02,1292.26,0
2025-01-16,ST26,SKU000591,6,7397.22,1232.87,0
2025-01-16,ST26,SKU000916,6,2550.66,425.11,0
2025-01-16,ST26,SKU001739,28,45720.92,1632.89,0
2025-01-16,ST26,SKU002208,10,19504.9,1950.49,0
2025-01-16,ST26,SKU002694,22,20055.86,911.63,0
2025-01-16,ST26,SKU004586,7,5789.07,827.01,0
2025-01-16,ST27,SKU003109,11,25960.11,2360.01,0
2025-01-16,ST28,SKU002429,5,2319.65,463.93,0
2025-01-16,ST29,SKU001337,25,7406.25,296.25,0
2025-01-16,ST29,SKU004481,9,19407.78,2156.42,0
2025-01-16,ST30,SKU001630,3,296.22,98.74,1
2025-01-16,ST30,SKU002959,17,39535.2,2325.6,0
2025-01-17,ST02,SKU000737,9,11342.07,1260.23,0
2025-01-17,ST02,SKU000925,14,24201.1,1728.65,1
2025-01-17,ST02,SKU003463,5,6189.6,1237.92,0
2025-01-17,ST03,SKU001496,1,2465.37,2465.37,0
2025-01-17,ST05,SKU000745,9,15764.76,1751.64,1
2025-01-17,ST06,SKU002316,9,8933.94,992.66,0
2025-01-17,ST08,SKU003285,5,10343.65,2068.73,0
2025-01-17,ST09,SKU003473,12,7631.16,635.93,0
2025-01-17,ST10,SKU002998,26,10008.96,384.96,0
2025-01-17,ST10,SKU004596,9,12927.51,1436.39,0
2025-01-17,ST11,SKU002117,20,39247.0,1962.35,0
2025-01-17,ST14,SKU002379,4,4965.88,1241.47,0
2025-01-17,ST15,SKU001762,20,46341.4,2317.07,0
2025-01-17,ST18,SKU002789,16,2600.0,162.5,0
2025-01-17,ST21,SKU002667,2,3356.28,1678.14,0
2025-01-17,ST23,SKU003407,2,3152.88,1576.44,0
2025-01-17,ST24,SKU000892,10,19497.8,1949.78,0
2025-01-17,ST26,SKU000940,0,0.0,664.86,0
2025-01-17,ST26,SKU002206,15,32866.65,2191.11,0
2025-01-17,ST27,SKU003019,8,16714.8,2089.35,0
2025-01-17,ST28,SKU000449,12,20008.68,1667.39,0
2025-01-17,ST28,SKU004860,13,28529.54,2194.58,0
2025-01-17,ST29,SKU002534,28,50407.84,1800.28,0
2025-01-17,ST29,SKU002788,6,13140.84,2190.14,1
2025-01-18,ST01,SKU004717,14,11087.02,791.93,0
2025-01-18,ST02,SKU002089,8,18428.88,2303.61,0
2025-01-18,ST02,SKU004831,11,8731.25,793.75,1
2025-01-18,ST03,SKU001929,8,2406.0,300.75,0
2025-01-18,ST03,SKU002767,34,47541.18,1398.27,0
2025-01-18,ST03,SKU004613,23,16669.48,724.76,0
2025-01-18,ST04,SKU004687,11,12525.81,1138.71,0
2025-01-18,ST05,SKU002309,9,4821.93,535.77,1
2025-01-18,ST06,SKU004673,17,7827.31,460.43,0
2025-01-18,ST07,SKU002786,14,29295.28,2092.52,1
2025-01-18,ST08,SKU000172,6,1116.66,186.11,0
2025-01-18,ST08,SKU003670,7,5148.99,735.57,0
2025-01-18,ST09,SKU002777,5,4165.85,833.17,0
2025-01-18,ST12,SKU002641,6,13349.88,2224.98,0
2025-01-18,ST13,SKU002974,15,22855.8,1523.72,0
2025-01-18,ST13,SKU003311,27,15082.47,558.61,0
2025-01-18,ST14,SKU001795,0,0.0,1118.39,0
2025-01-18,ST14,SKU003354,20,1990.8,99.54,0
2025-01-18,ST15,SKU001695,14,7402.08,528.72,1
2025-01-18,ST15,SKU003180,21,27114.57,1291.17,1
2025-01-18,ST15,SKU004020,13,21705.19,1669.63,1
2025-01-18,ST16,SKU000111,7,16004.8,2286.4,0
2025-01-18,ST17,SKU003434,11,5827.69,529.79,0
2025-01-18,ST18,SKU000501,6,14944.26,2490.71,0
2025-01-18,ST19,SKU000020,5,9516.2,1903.24,0
2025-01-18,ST20,SKU001101,13,12308.53,946.81,0
2025-01-18,ST20,SKU003903,18,37169.28,2064.96,0
2025-01-18,ST21,SKU001379,11,9425.02,856.82,1
2025-01-18,ST24,SKU000730,5,2339.25,467.85,0
2025-01-18,ST24,SKU004129,13,27422.72,2109.44,0
2025-01-18,ST26,SKU001853,7,7098.0,1014.0,0
2025-01-18,ST28,SKU000925,2,3457.3,1728.65,0
2025-01-18,ST28,SKU002859,21,43066.38,2050.78,0
2025-01-18,ST29,SKU004400,33,63695.61,1930.17,1
2025-01-19,ST02,SKU004278,15,17578.2,1171.88,0
2025-01-19,ST04,SKU002677,11,14261.94,1296.54,0
2025-01-19,ST04,SKU004397,13,14189.5,1091.5,0
2025-01-19,ST06,SKU003174,28,4053.56,144.77,0
2025-01-19,ST08,SKU001116,21,48876.24,2327.44,0
2025-01-19,ST08,SKU001304,15,19855.35,1323.69,0
2025-01-19,ST09,SKU001994,4,9467.76,2366.94,0
2025-01-19,ST09,SKU003904,30,5218.8,173.96,1
2025-01-19,ST11,SKU001104,10,4222.7,422.27,0
2025-01-19,ST11,SKU003343,5,3548.55,709.71,0
2025-01-19,ST12,SKU000651,11,9137.7,830.7,1
2025-01-19,ST12,SKU002173,5,4650.15,930.03,0
2025-01-19,ST12,SKU003160,0,0.0,2472.44,0
2025-01-19,ST12,SKU003542,9,18507.78,2056.42,0
2025-01-19,ST12,SKU004480,24,59692.32,2487.18,1
2025-01-19,ST13,SKU000308,9,13634.19,1514.91,1
2025-01-19,ST14,SKU003622,4,4089.16,1022.29,0
2025-01-19,ST14,SKU003625,12,7173.6,597.8,0
2025-01-19,ST15,SKU003179,9,7100.55,788.95,1
2025-01-19,ST15,SKU003253,24,19093.44,795.56,0
2025-01-19,ST17,SKU003925,19,29054.42,1529.18,0
2025-01-19,ST18,SKU000006,19,21057.7,1108.3,0
2025-01-19,ST19,SKU003399,14,15256.08,1089.72,0
2025-01-19,ST20,SKU000141,25,28793.0,1151.72,1
2025-01-19,ST21,SKU000758,21,16411.08,781.48,0
2025-01-19,ST22,SKU004113,6,1348.02,224.67,1
2025-01-19,ST23,SKU001777,4,578.28,144.57,0
2025-01-19,ST23,SKU002409,21,50232.84,2392.04,0
2025-01-19,ST24,SKU004715,22,50364.6,2289.3,0
2025-01-19,ST25,SKU003807,7,10249.82,1464.26,0
2025-01-19,ST28,SKU001302,10,21939.8,2193.98,0
2025-01-19,ST28,SKU004970,7,15875.79,2267.97,0
2025-01-19,ST29,SKU001807,22,20585.62,935.71,1
2025-01-19,ST29,SKU003139,24,30382.56,1265.94,1
2025-01-19,ST29,SKU003464,58,40962.5,706.25,1
2025-01-19,ST29,SKU004835,18,21898.98,1216.61,0
2025-01-20,ST01,SKU000864,22,26920.52,1223.66,1
2025-01-20,ST01,SKU004445,7,4705.4,672.2,0
2025-01-20,ST04,SKU000527,30,22503.0,750.1,1
2025-01-20,ST04,SKU001675,6,5981.28,996.88,0
2025-01-20,ST06,SKU001355,8,7087.6,885.95,1
2025-01-20,ST07,SKU000129,7,1354.08,193.44,0
2025-01-20,ST07,SKU003089,5,7971.5,1594.3,0
2025-01-20,ST07,SKU003999,18,44225.1,2456.95,0
2025-01-20,ST08,SKU001889,21,17998.05,857.05,0
2025-01-20,ST08,SKU004848,8,12862.24,1607.78,0
2025-01-20,ST12,SKU000770,6,10223.1,1703.85,0
2025-01-20,ST17,SKU000642,14,29756.3,2125.45,0
2025-01-20,ST19,SKU000132,15,21394.8,1426.32,0
2025-01-20,ST19,SKU003626,19,9488.41,499.39,0
2025-01-20,ST19,SKU003778,14,20620.04,1472.86,0
2025-01-20,ST19,SKU004779,8,14131.36,1766.42,1
2025-01-20,ST20,SKU000177,3,1799.01,599.67,0
2025-01-20,ST20,SKU004519,6,14495.52,2415.92,0
2025-01-20,ST22,SKU001912,7,13288.03,1898.29,0
2025-01-20,ST22,SKU004374,19,19054.34,1002.86,0
2025-01-20,ST24,SKU002622,8,19428.32,2428.54,1
2025-01-20,ST28,SKU001663,5,1659.85,331.97,0
2025-01-20,ST28,SKU004483,12,26194.92,2182.91,0
2025-01-20,ST29,SKU000507,9,7650.27,850.03,0
2025-01-20,ST29,SKU001649,4,7889.96,1972.49,0
2025-01-21,ST03,SKU001476,25,46659.0,1866.36,0
2025-01-21,ST03,SKU002093,6,11232.12,1872.02,0
2025-01-21,ST03,SKU004783,5,4524.1,904.82,0
2025-01-21,ST04,SKU001776,6,7895.4,1315.9,0
2025-01-21,ST05,SKU002275,10,9607.9,960.79,0
2025-01-21,ST05,SKU003587,8,498.64,62.33,0
2025-01-21,ST05,SKU004989,12,2099.64,174.97,0
2025-01-21,ST06,SKU001805,21,3566.01,169.81,0
2025-01-21,ST06,SKU003048,18,41868.54,2326.03,1
2025-01-21,ST06,SKU004184,9,22338.0,2482.0,1
2025-01-21,ST07,SKU000853,10,22579.8,2257.98,0
2025-01-21,ST07,SKU004557,5,633.25,126.65,0
2025-01-21,ST08,SKU000225,10,18755.4,1875.54,0
2025-01-21,ST10,SKU004725,12,9962.16,830.18,1
2025-01-21,ST11,SKU000471,9,20131.92,2236.88,0
2025-01-21,ST11,SKU000780,49,61861.52,1262.48,0
2025-01-21,ST11,SKU002403,17,26351.19,1550.07,0
2025-01-21,ST12,SKU000206,17,13917.56,818.68,0
2025-01-21,ST12,SKU000366,5,3891.1,778.22,0
2025-01-21,ST12,SKU001137,9,21260.43,2362.27,1
2025-01-21,ST12,SKU001813,6,9852.18,1642.03,0
2025-01-21,ST12,SKU004072,37,16034.69,433.37,0
2025-01-21,ST12,SKU004427,4,9760.24,2440.06,0
2025-01-21,ST13,SKU002761,2,2173.34,1086.67,0
2025-01-21,ST13,SKU003114,6,4380.54,730.09,1
2025-01-21,ST14,SKU002267,11,20561.64,1869.24,0
2025-01-21,ST14,SKU003246,21,48688.08,2318.48,0
2025-01-21,ST14,SKU004382,15,2220.9,148.06,0
2025-01-21,ST15,SKU002944,13,11521.51,886.27,0
2025-01-21,ST19,SKU000321,7,1658.23,236.89,0
2025-01-21,ST20,SKU002166,7,12905.97,1843.71,0
2025-01-21,ST25,SKU002105,10,577.4,57.74,0
2025-01-21,ST26,SKU001766,24,26198.64,1091.61,0
2025-01-21,ST27,SKU002685,2,1300.72,650.36,0
2025-01-21,ST27,SKU003487,18,7570.8,420.6,0
2025-01-21,ST27,SKU003495,6,9726.72,1621.12,0
2025-01-21,ST27,SKU004614,28,61947.76,2212.42,1
2025-01-22,ST01,SKU000909,4,6410.64,1602.66,0
2025-01-22,ST01,SKU001859,10,22255.7,2225.57,0
2025-01-22,ST01,SKU002495,16,31488.8,1968.05,0
2025-01-22,ST01,SKU002893,6,14181.78,2363.63,0
2025-01-22,ST02,SKU001887,8,15811.84,1976.48,0
2025-01-22,ST02,SKU002660,15,5744.85,382.99,0
2025-01-22,ST02,SKU003444,16,20012.16,1250.76,0
2025-01-22,ST02,SKU003700,8,18925.84,2365.73,0
2025-01-22,ST03,SKU001296,7,4190.34,598.62,0
2025-01-22,ST04,SKU002116,26,62701.34,2411.59,1
2025-01-22,ST06,SKU001559,4,3706.16,926.54,0
2025-01-22,ST06,SKU002495,14,27552.7,1968.05,0
2025-01-22,ST07,SKU004435,13,20224.62,1555.74,0
2025-01-22,ST07,SKU004736,7,6178.55,882.65,0
2025-01-22,ST08,SKU002594,6,1046.82,174.47,0
2025-01-22,ST09,SKU004992,4,8629.44,2157.36,0
2025-01-22,ST10,SKU001532,2,1532.8,766.4,0
2025-01-22,ST10,SKU001882,25,33894.0,1355.76,0
2025-01-22,ST10,SKU003491,7,16052.75,2293.25,0
2025-01-22,ST11,SKU002219,8,6521.92,815.24,0
2025-01-22,ST12,SKU001135,20,11553.4,577.67,0
2025-01-22,ST12,SKU001816,10,22652.4,2265.24,0
2025-01-22,ST13,SKU004147,16,6978.88,436.18,0
2025-01-22,ST14,SKU002998,28,10778.88,384.96,0
2025-01-22,ST15,SKU000527,8,6000.8,750.1,0
2025-01-22,ST17,SKU000814,7,8597.05,1228.15,0
2025-01-22,ST17,SKU002290,29,72091.97,2485.93,0
2025-01-22,ST17,SKU004730,10,8208.9,820.89,0
2025-01-22,ST19,SKU004459,22,45047.42,2047.61,1
2025-01-22,ST20,SKU000293,5,2557.9,511.58,0
2025-01-22,ST23,SKU002299,20,20271.8,1013.59,0
2025-01-22,ST23,SKU003298,6,11059.68,1843.28,0
2025-01-22,ST24,SKU000068,15,1505.85,100.39,1
2025-01-22,ST24,SKU001791,10,14962.1,1496.21,0
2025-01-22,ST24,SKU004015,4,3142.88,785.72,0
2025-01-22,ST24,SKU004024,7,1950.55,278.65,0
2025-01-22,ST25,SKU002661,36,66935.52,1859.32,0
2025-01-22,ST25,SKU003773,16,17260.96,1078.81,1
2025-01-22,ST27,SKU003408,22,44405.9,2018.45,1
2025-01-22,ST27,SKU004401,8,10960.48,1370.06,0
2025-01-22,ST29,SKU000992,4,4922.12,1230.53,0
2025-01-22,ST29,SKU002440,4,6290.44,1572.61,0
2025-01-22,ST30,SKU003034,15,20715.9,1381.06,0
2025-01-22,ST30,SKU004207,20,48021.8,2401.09,0
2025-01-23,ST01,SKU000538,19,18090.09,952.11,0
2025-01-23,ST01,SKU002055,13,30125.03,2317.31,0
2025-01-23,ST01,SKU002544,10,5239.0,523.9,0
2025-01-23,ST02,SKU003479,6,5723.58,953.93,0
2025-01-23,ST03,SKU002129,7,3161.34,451.62,0
2025-01-23,ST03,SKU002816,2,2286.16,1143.08,0
2025-01-23,ST04,SKU001242,7,4892.02,698.86,1
2025-01-23,ST04,SKU003532,35,29925.0,855.0,0
2025-01-23,ST06,SKU000014,10,9816.3,981.63,0
2025-01-23,ST06,SKU003559,10,18446.2,1844.62,0
2025-01-23,ST09,SKU002917,5,4532.9,906.58,0
2025-01-23,ST10,SKU003639,20,4544.4,227.22,0
2025-01-23,ST13,SKU002188,13,21169.72,1628.44,0
2025-01-23,ST13,SKU002474,27,50537.52,1871.76,0
2025-01-23,ST15,SKU002636,7,16803.99,2400.57,0
2025-01-23,ST17,SKU001480,3,4311.6,1437.2,0
2025-01-23,ST17,SKU004880,7,891.87,127.41,0
2025-01-23,ST18,SKU000289,10,2750.4,275.04,0
2025-01-23,ST18,SKU001379,23,19706.86,856.82,0
2025-01-23,ST18,SKU001640,3,3792.57,1264.19,0
2025-01-23,ST18,SKU004359,7,16858.8,2408.4,0
2025-01-23,ST19,SKU001601,12,3907.92,325.66,0
2025-01-23,ST22,SKU001617,22,43103.06,1959.23,0
2025-01-23,ST22,SKU002015,20,24762.6,1238.13,0
2025-01-23,ST23,SKU002161,11,2094.62,190.42,0
2025-01-23,ST23,SKU003050,9,22284.72,2476.08,0
2025-01-23,ST25,SKU001114,15,8251.65,550.11,1
2025-01-23,ST25,SKU003068,20,36036.4,1801.82,1
2025-01-23,ST29,SKU000990,0,0.0,314.4,0
2025-01-23,ST29,SKU004397,5,5457.5,1091.5,0
2025-01-23,ST30,SKU003374,9,15359.94,1706.66,0
2025-01-24,ST02,SKU000713,19,15007.53,789.87,0
2025-01-24,ST03,SKU001306,25,60044.0,2401.76,1
2025-01-24,ST04,SKU002214,5,4152.25,830.45,0
2025-01-24,ST04,SKU003465,8,2113.12,264.14,0
2025-01-24,ST06,SKU001453,14,25256.98,1804.07,0
2025-01-24,ST07,SKU000049,15,31858.65,2123.91,0
2025-01-24,ST08,SKU001742,16,3751.36,234.46,1
2025-01-24,ST11,SKU001039,16,20049.6,1253.1,0
2025-01-24,ST11,SKU002330,16,9411.36,588.21,0
2025-01-24,ST12,SKU003128,33,47093.97,1427.09,0
2025-01-24,ST12,SKU004963,12,19622.04,1635.17,0
2025-01-24,ST13,SKU002417,8,11059.52,1382.44,0
2025-01-24,ST13,SKU003684,24,6074.4,253.1,1
2025-01-24,ST13,SKU004322,3,7232.49,2410.83,0
2025-01-24,ST15,SKU004433,13,24926.46,1917.42,0
2025-01-24,ST18,SKU003640,10,17752.1,1775.21,0
2025-01-24,ST23,SKU004255,14,18404.4,1314.6,1
2025-01-24,ST24,SKU001655,9,5037.93,559.77,0
2025-01-24,ST24,SKU002796,18,2697.12,149.84,0
2025-01-24,ST24,SKU003183,25,9813.0,392.52,0
2025-01-24,ST26,SKU002972,13,29961.62,2304.74,0
2025-01-24,ST27,SKU000015,21,45519.81,2167.61,1
2025-01-24,ST27,SKU000594,11,1504.69,136.79,0
2025-01-24,ST28,SKU000301,26,17018.3,654.55,0
2025-01-24,ST29,SKU004276,12,16525.32,1377.11,0
2025-01-24,ST30,SKU003468,12,13592.52,1132.71,0
2025-01-24,ST30,SKU004689,16,37196.8,2324.8,0
2025-01-25,ST02,SKU000028,4,8873.96,2218.49,0
2025-01-25,ST03,SKU001128,18,2089.62,116.09,0
2025-01-25,ST04,SKU000045,1,879.57,879.57,0
2025-01-25,ST04,SKU001385,15,14439.6,962.64,1
2025-01-25,ST04,SKU003574,18,29501.46,1638.97,0
2025-01-25,ST06,SKU002374,11,25500.53,2318.23,0
2025-01-25,ST07,SKU003210,15,8279.4,551.96,0
2025-01-25,ST07,SKU003978,3,3214.95,1071.65,0
2025-01-25,ST07,SKU004157,5,6360.7,1272.14,0
2025-01-25,ST09,SKU001504,7,5195.96,742.28,0
2025-01-25,ST09,SKU003603,7,1160.39,165.77,0
2025-01-25,ST11,SKU001907,5,9103.25,1820.65,0
2025-01-25,ST12,SKU000474,12,9987.6,832.3,0
2025-01-25,ST13,SKU003990,15,22904.25,1526.95,1
2025-01-25,ST15,SKU001289,14,10477.32,748.38,0
2025-01-25,ST16,SKU002211,12,28439.04,2369.92,0
2025-01-25,ST16,SKU003118,6,10472.88,1745.48,0
2025-01-25,ST18,SKU002265,6,4450.02,741.67,0
2025-01-25,ST18,SKU002782,7,8793.75,1256.25,0
2025-01-25,ST21,SKU000028,6,13310.94,2218.49,0
2025-01-25,ST21,SKU001717,47,45272.28,963.24,1
2025-01-25,ST21,SKU002665,12,14202.0,1183.5,1
2025-01-25,ST21,SKU003646,4,1592.04,398.01,0
2025-01-25,ST22,SKU000904,33,47574.78,1441.66,1
2025-01-25,ST24,SKU004321,16,15204.64,950.29,0
2025-01-25,ST25,SKU000343,15,36006.15,2400.41,0
2025-01-25,ST30,SKU004042,12,9025.68,752.14,0
2025-01-26,ST02,SKU003037,15,20615.7,1374.38,0
2025-01-26,ST03,SKU002414,9,2937.33,326.37,0
2025-01-26,ST05,SKU003607,31,72814.35,2348.85,0
2025-01-26,ST06,SKU002416,25,4133.25,165.33,1
2025-01-26,ST07,SKU003116,11,10500.6,954.6,0
2025-01-26,ST08,SKU002592,19,43342.04,2281.16,1
2025-01-26,ST09,SKU003861,4,8582.48,2145.62,0
2025-01-26,ST11,SKU004048,16,17378.56,1086.16,1
2025-01-26,ST12,SKU000242,5,11175.6,2235.12,1
2025-01-26,ST12,SKU003841,10,3508.4,350.84,0
2025-01-26,ST13,SKU004453,16,35833.6,2239.6,0
2025-01-26,ST15,SKU001897,8,8918.96,1114.87,0
2025-01-26,ST16,SKU002596,28,11127.48,397.41,0
2025-01-26,ST16,SKU003909,31,27666.88,892.48,1
2025-01-26,ST17,SKU000818,4,7761.44,1940.36,0
2025-01-26,ST17,SKU002666,17,22246.2,1308.6,0
2025-01-26,ST19,SKU000968,9,7012.44,779.16,0
2025-01-26,ST19,SKU004127,12,21091.32,1757.61,0
2025-01-26,ST22,SKU000256,22,11754.38,534.29,0
2025-01-26,ST22,SKU002926,5,8003.25,1600.65,1
2025-01-26,ST22,SKU004576,21,4129.02,196.62,0
2025-01-26,ST22,SKU004764,20,19238.6,961.93,0
2025-01-26,ST25,SKU000041,6,7819.68,1303.28,0
2025-01-26,ST26,SKU001863,16,19430.24,1214.39,0
2025-01-26,ST26,SKU002993,7,1755.18,250.74,0
2025-01-26,ST27,SKU004073,7,411.18,58.74,0
2025-01-26,ST27,SKU004393,6,10635.48,1772.58,0
2025-01-26,ST29,SKU001882,26,35249.76,1355.76,0
2025-01-26,ST29,SKU004302,6,14706.18,2451.03,0
2025-01-27,ST02,SKU004521,22,27196.62,1236.21,0
2025-01-27,ST03,SKU002335,6,9562.62,1593.77,0
2025-01-27,ST03,SKU003074,9,10136.25,1126.25,0
2025-01-27,ST06,SKU002333,27,56211.03,2081.89,0
2025-01-27,ST07,SKU001741,10,15528.5,1552.85,0
2025-01-27,ST08,SKU000890,9,7979.58,886.62,0
2025-01-27,ST08,SKU001992,10,7125.5,712.55,0
2025-01-27,ST08,SKU004286,7,5073.18,724.74,0
2025-01-27,ST10,SKU003819,8,12796.88,1599.61,0
2025-01-27,ST12,SKU000012,5,5584.85,1116.97,0
2025-01-27,ST12,SKU000909,13,20834.58,1602.66,0
2025-01-27,ST12,SKU004287,7,2692.41,384.63,0
2025-01-27,ST13,SKU000983,9,3845.16,427.24,0
2025-01-27,ST15,SKU003004,26,59367.88,2283.38,0
2025-01-27,ST15,SKU003093,7,2516.57,359.51,0
2025-01-27,ST18,SKU001264,3,5036.01,1678.67,0
2025-01-27,ST18,SKU002924,33,32969.64,999.08,1
2025-01-27,ST18,SKU004037,20,38767.0,1938.35,0
2025-01-27,ST18,SKU004174,21,36936.48,1758.88,1
2025-01-27,ST19,SKU000867,4,9170.72,2292.68,0
2025-01-27,ST20,SKU000330,7,417.13,59.59,0
2025-01-27,ST20,SKU003278,14,4171.3,297.95,0
2025-01-27,ST20,SKU004638,11,7660.73,696.43,0
2025-01-27,ST21,SKU000092,3,4365.84,1455.28,1
2025-01-27,ST21,SKU001717,26,25044.24,963.24,0
2025-01-27,ST22,SKU000492,6,4683.96,780.66,0
2025-01-27,ST22,SKU003242,9,4390.83,487.87,0
2025-01-27,ST23,SKU004729,2,1173.1,586.55,0
2025-01-27,ST24,SKU000611,28,3574.76,127.67,1
2025-01-27,ST25,SKU001163,29,6686.24,230.56,0
2025-01-27,ST25,SKU003508,11,16004.67,1454.97,0
2025-01-27,ST25,SKU004509,8,7024.24,878.03,0
2025-01-27,ST27,SKU000554,2,4347.34,2173.67,0
2025-01-27,ST27,SKU000563,11,22676.17,2061.47,1
2025-01-27,ST27,SKU001095,9,2234.61,248.29,0
2025-01-27,ST28,SKU002652,17,9259.05,544.65,0
2025-01-27,ST29,SKU001918,12,5440.92,453.41,0
2025-01-28,ST01,SKU000605,13,17221.49,1324.73,0
2025-01-28,ST01,SKU001507,14,4655.14,332.51,0
2025-01-28,ST01,SKU003694,14,10249.68,732.12,0
2025-01-28,ST02,SKU000831,6,9169.56,1528.26,0
2025-01-28,ST03,SKU002833,7,14588.77,2084.11,0
2025-01-28,ST04,SKU001534,4,4214.2,1053.55,0
2025-01-28,ST04,SKU004371,14,24136.56,1724.04,0
2025-01-28,ST06,SKU001549,15,23616.0,1574.4,0
2025-01-28,ST08,SKU003837,10,13446.3,1344.63,1
2025-01-28,ST09,SKU003694,4,2928.48,732.12,0
2025-01-28,ST10,SKU000342,22,28979.28,1317.24,0
2025-01-28,ST10,SKU001021,3,4887.66,1629.22,0
2025-01-28,ST10,SKU001058,11,14223.11,1293.01,0
2025-01-28,ST10,SKU002580,8,8314.72,1039.34,0
2025-01-28,ST12,SKU000371,19,16174.7,851.3,0
2025-01-28,ST12,SKU002181,8,1884.08,235.51,1
2025-01-28,ST13,SKU000603,3,3267.12,1089.04,0
2025-01-28,ST13,SKU004299,0,0.0,2281.29,0
2025-01-28,ST14,SKU001090,3,1430.67,476.89,0
2025-01-28,ST14,SKU001570,14,24847.62,1774.83,0
2025-01-28,ST14,SKU002230,18,38154.24,2119.68,0
2025-01-28,ST14,SKU002597,15,18208.2,1213.88,0
2025-01-28,ST15,SKU000267,9,2720.7,302.3,0
2025-01-28,ST16,SKU002636,13,31207.41,2400.57,0
2025-01-28,ST16,SKU002823,7,15717.17,2245.31,0
2025-01-28,ST16,SKU003484,10,21894.3,2189.43,0
2025-01-28,ST23,SKU004937,8,7946.24,993.28,0
2025-01-28,ST24,SKU004148,15,14103.15,940.21,0
2025-01-28,ST26,SKU004345,7,1277.85,182.55,0
2025-01-28,ST26,SKU004924,6,9382.32,1563.72,1
2025-01-28,ST28,SKU004216,7,17130.4,2447.2,0
2025-01-28,ST29,SKU002563,2,1920.26,960.13,0
2025-01-29,ST01,SKU000067,26,30189.64,1161.14,0
2025-01-29,ST01,SKU000978,5,659.75,131.95,0
2025-01-29,ST01,SKU004249,6,4065.78,677.63,0
2025-01-29,ST02,SKU000952,12,13109.76,1092.48,1
2025-01-29,ST02,SKU004616,5,3239.2,647.84,0
2025-01-29,ST03,SKU004562,4,1251.52,312.88,0
2025-01-29,ST04,SKU000249,2,852.84,426.42,0
2025-01-29,ST04,SKU003266,19,8568.81,450.99,0
2025-01-29,ST05,SKU001046,5,11283.4,2256.68,1
2025-01-29,ST05,SKU001714,13,17538.3,1349.1,0
2025-01-29,ST08,SKU003906,10,4667.3,466.73,0
2025-01-29,ST09,SKU004098,25,4357.5,174.3,0
2025-01-29,ST10,SKU004334,24,47880.96,1995.04,1
2025-01-29,ST12,SKU004587,11,12652.42,1150.22,0
2025-01-29,ST13,SKU001756,2,2362.32,1181.16,0
2025-01-29,ST14,SKU001029,5,10429.2,2085.84,0
2025-01-29,ST14,SKU001241,5,429.25,85.85,0
2025-01-29,ST14,SKU001979,3,1656.06,552.02,0
2025-01-29,ST14,SKU002047,6,546.78,91.13,0
2025-01-29,ST16,SKU002314,7,12707.38,1815.34,0
2025-01-29,ST17,SKU000516,4,2452.24,613.06,0
2025-01-29,ST17,SKU004386,3,2381.16,793.72,0
2025-01-29,ST17,SKU004489,4,8071.64,2017.91,0
2025-01-29,ST19,SKU004888,19,26310.25,1384.75,0
2025-01-29,ST20,SKU000940,6,3989.16,664.86,0
2025-01-29,ST20,SKU001551,21,50927.1,2425.1,1
2025-01-29,ST20,SKU002732,14,32703.58,2335.97,0
2025-01-29,ST20,SKU003674,3,4755.45,1585.15,0
2025-01-29,ST20,SKU004000,3,7078.8,2359.6,1
2025-01-29,ST23,SKU000986,13,2703.61,207.97,0
2025-01-29,ST24,SKU001618,30,52695.6,1756.52,1
2025-01-29,ST24,SKU002423,1,2326.55,2326.55,0
2025-01-29,ST24,SKU003854,6,8481.78,1413.63,0
2025-01-29,ST27,SKU001097,7,17023.58,2431.94,0
2025-01-29,ST27,SKU003534,6,4799.88,799.98,0
2025-01-29,ST27,SKU004691,0,0.0,1280.97,0
2025-01-29,ST28,SKU002238,2,1232.14,616.07,0
2025-01-29,ST28,SKU002462,4,6328.56,1582.14,0
2025-01-29,ST28,SKU004966,4,6950.04,1737.51,0
2025-01-29,ST30,SKU002584,8,17178.64,2147.33,0
2025-01-29,ST30,SKU003543,13,21077.42,1621.34,0
2025-01-30,ST01,SKU003587,8,498.64,62.33,0
2025-01-30,ST02,SKU000645,17,33531.82,1972.46,1
2025-01-30,ST03,SKU000094,8,14350.72,1793.84,0
2025-01-30,ST03,SKU004986,4,5831.16,1457.79,0
2025-01-30,ST04,SKU000571,9,17028.36,1892.04,0
2025-01-30,ST05,SKU004513,10,6644.4,664.44,0
2025-01-30,ST06,SKU001472,26,33949.5,1305.75,0
2025-01-30,ST06,SKU004387,5,4060.05,812.01,1
2025-01-30,ST07,SKU001112,5,536.2,107.24,0
2025-01-30,ST07,SKU003045,17,23133.09,1360.77,0
2025-01-30,ST09,SKU001002,11,3292.19,299.29,1
2025-01-30,ST09,SKU001064,3,1361.16,453.72,1
2025-01-30,ST10,SKU002104,17,37238.16,2190.48,0
2025-01-30,ST13,SKU001142,17,30804.0,1812.0,0
2025-01-30,ST13,SKU003465,28,7395.92,264.14,0
2025-01-30,ST17,SKU003521,14,5113.36,365.24,0
2025-01-30,ST17,SKU004971,7,13342.07,1906.01,0
2025-01-30,ST19,SKU001053,16,38453.6,2403.35,0
2025-01-30,ST19,SKU004950,12,14847.96,1237.33,0
2025-01-30,ST22,SKU003738,47,90202.87,1919.21,0
2025-01-30,ST23,SKU000146,5,4065.75,813.15,1
2025-01-30,ST24,SKU000382,6,1854.84,309.14,0
2025-01-30,ST25,SKU000582,27,54337.77,2012.51,1
2025-01-30,ST26,SKU001867,7,11389.7,1627.1,0
2025-01-30,ST28,SKU001917,6,1964.88,327.48,0
2025-01-30,ST29,SKU000600,20,34473.2,1723.66,0
2025-01-30,ST30,SKU002335,7,11156.39,1593.77,0
2025-01-31,ST01,SKU001512,6,2074.92,345.82,0
2025-01-31,ST01,SKU003097,18,19380.06,1076.67,0
2025-01-31,ST01,SKU004811,0,0.0,266.1,0
2025-01-31,ST02,SKU000293,6,3069.48,511.58,0
2025-01-31,ST02,SKU000387,5,1767.35,353.47,0
2025-01-31,ST03,SKU002820,12,12529.08,1044.09,0
2025-01-31,ST04,SKU000665,8,19567.6,2445.95,0
2025-01-31,ST04,SKU001562,18,43994.88,2444.16,0
2025-01-31,ST05,SKU001277,7,1215.41,173.63,0
2025-01-31,ST06,SKU002274,13,30809.35,2369.95,0
2025-01-31,ST07,SKU001201,25,45897.75,1835.91,0
2025-01-31,ST08,SKU000234,14,23865.94,1704.71,1
2025-01-31,ST08,SKU004592,9,12684.87,1409.43,1
2025-01-31,ST09,SKU002290,4,9943.72,2485.93,0
2025-01-31,ST10,SKU000205,19,40965.14,2156.06,0
2025-01-31,ST10,SKU003771,4,5539.44,1384.86,0
2025-01-31,ST11,SKU002189,11,14410.33,1310.03,1
2025-01-31,ST12,SKU001267,13,27464.97,2112.69,0
2025-01-31,ST13,SKU002777,16,13330.72,833.17,1
2025-01-31,ST13,SKU003786,19,46609.28,2453.12,0
2025-01-31,ST15,SKU004430,14,21025.62,1501.83,0
2025-01-31,ST16,SKU002614,30,69009.9,2300.33,0
2025-01-31,ST17,SKU001306,8,19214.08,2401.76,0
2025-01-31,ST17,SKU004668,3,1093.11,364.37,0
2025-01-31,ST19,SKU002528,8,13661.92,1707.74,0
2025-01-31,ST20,SKU002045,29,62861.27,2167.63,1
2025-01-31,ST21,SKU000461,12,2192.52,182.71,0
2025-01-31,ST21,SKU001176,18,13476.6,748.7,0
2025-01-31,ST21,SKU002067,5,2331.2,466.24,0
2025-01-31,ST21,SKU004647,1,58.69,58.69,0
2025-01-31,ST22,SKU002445,10,7569.5,756.95,0
2025-01-31,ST22,SKU002968,4,8130.76,2032.69,0
2025-01-31,ST23,SKU002783,29,17156.69,591.61,0
2025-01-31,ST23,SKU003329,15,29465.4,1964.36,0
2025-01-31,ST24,SKU000227,9,17461.62,1940.18,0
2025-01-31,ST25,SKU004524,14,7190.12,513.58,0
2025-01-31,ST27,SKU001034,10,6214.5,621.45,0
2025-01-31,ST28,SKU001632,9,12779.82,1419.98,0
2025-01-31,ST28,SKU002320,19,46512.19,2448.01,0
2025-01-31,ST29,SKU004947,8,18095.6,2261.95,0
2025-01-31,ST30,SKU000150,30,62940.9,2098.03,0
2025-01-31,ST30,SKU001973,11,4578.53,416.23,0
2025-02-01,ST02,SKU002221,9,6239.25,693.25,0
2025-02-01,ST02,SKU003347,10,8435.7,843.57,0
2025-02-01,ST02,SKU003815,23,6592.49,286.63,0
2025-02-01,ST03,SKU000917,3,6756.66,2252.22,0
2025-02-01,ST03,SKU002294,10,11013.6,1101.36,1
2025-02-01,ST03,SKU003022,25,53159.5,2126.38,0
2025-02-01,ST03,SKU003243,11,21685.84,1971.44,0
2025-02-01,ST04,SKU000029,13,15741.96,1210.92,0
2025-02-01,ST05,SKU004579,11,11469.48,1042.68,0
2025-02-01,ST09,SKU000735,12,28920.0,2410.0,0
2025-02-01,ST09,SKU001284,17,20137.35,1184.55,0
2025-02-01,ST09,SKU004730,20,16417.8,820.89,0
2025-02-01,ST10,SKU000167,46,77565.66,1686.21,1
2025-02-01,ST11,SKU000459,22,31340.1,1424.55,0
2025-02-01,ST11,SKU001825,25,2091.5,83.66,1
2025-02-01,ST15,SKU000019,7,15807.47,2258.21,0
2025-02-01,ST16,SKU000277,19,46405.41,2442.39,0
2025-02-01,ST16,SKU002524,17,40107.25,2359.25,0
2025-02-01,ST16,SKU002704,13,17989.27,1383.79,0
2025-02-01,ST18,SKU003320,11,22578.71,2052.61,0
2025-02-01,ST19,SKU000595,16,14495.2,905.95,0
2025-02-01,ST19,SKU003690,8,13490.08,1686.26,0
2025-02-01,ST22,SKU002156,5,12128.05,2425.61,0
2025-02-01,ST22,SKU004435,20,31114.8,1555.74,0
2025-02-01,ST23,SKU001532,26,19926.4,766.4,0
2025-02-01,ST23,SKU004413,4,6859.08,1714.77,0
2025-02-01,ST25,SKU004240,15,26673.0,1778.2,0
2025-02-01,ST26,SKU002295,4,4106.48,1026.62,0
2025-02-01,ST27,SKU003600,16,7401.28,462.58,0
2025-02-01,ST28,SKU004996,8,13547.76,1693.47,0
2025-02-01,ST29,SKU000274,42,21032.34,500.77,0
2025-02-01,ST30,SKU002723,8,13992.4,1749.05,0
2025-02-01,ST30,SKU004398,5,8277.25,1655.45,0
2025-02-02,ST03,SKU001665,19,31127.89,1638.31,0
2025-02-02,ST03,SKU003207,7,880.04,125.72,0
2025-02-02,ST07,SKU000014,20,19632.6,981.63,0
2025-02-02,ST08,SKU002612,23,20834.32,905.84,0
2025-02-02,ST09,SKU001761,8,1146.56,143.32,0
2025-02-02,ST11,SKU000059,21,51271.08,2441.48,0
2025-02-02,ST11,SKU004412,10,6816.3,681.63,1
2025-02-02,ST12,SKU000790,5,11781.25,2356.25,1
2025-02-02,ST13,SKU001000,9,5458.05,606.45,0
2025-02-02,ST13,SKU004571,3,4520.28,1506.76,1
2025-02-02,ST14,SKU000228,4,6619.12,1654.78,0
2025-02-02,ST16,SKU004471,15,3497.1,233.14,0
2025-02-02,ST16,SKU004715,2,4578.6,2289.3,0
2025-02-02,ST17,SKU001490,11,15348.85,1395.35,1
2025-02-02,ST17,SKU004316,18,27579.6,1532.2,0
2025-02-02,ST17,SKU004766,15,29393.7,1959.58,0
2025-02-02,ST18,SKU000270,3,642.36,214.12,0
2025-02-02,ST19,SKU004650,51,74296.29,1456.79,0
2025-02-02,ST20,SKU001703,1,1094.02,1094.02,1
2025-02-02,ST20,SKU001957,20,9490.4,474.52,1
2025-02-02,ST20,SKU003539,6,10704.96,1784.16,0
2025-02-02,ST20,SKU004084,28,42467.32,1516.69,0
2025-02-02,ST21,SKU001636,17,6963.2,409.6,0
2025-02-02,ST22,SKU003549,11,9602.89,872.99,0
2025-02-02,ST23,SKU000598,40,29270.0,731.75,0
2025-02-02,ST23,SKU003846,9,21476.43,2386.27,1
2025-02-02,ST24,SKU002815,14,8797.04,628.36,0
2025-02-02,ST24,SKU002922,8,19258.08,2407.26,1
2025-02-02,ST25,SKU002534,16,28804.48,1800.28,0
2025-02-02,ST25,SKU003814,13,23556.78,1812.06,0
2025-02-02,ST27,SKU002020,9,1455.21,161.69,0
2025-02-02,ST28,SKU000450,7,15555.47,2222.21,0
2025-02-02,ST28,SKU001258,10,2461.5,246.15,0
2025-02-02,ST28,SKU001767,3,1241.61,413.87,0
2025-02-02,ST29,SKU001876,36,28897.56,802.71,1
2025-02-02,ST30,SKU001268,7,17128.58,2446.94,0
2025-02-03,ST01,SKU000001,10,20264.3,2026.43,0
2025-02-03,ST01,SKU002439,24,15284.4,636.85,0
2025-02-03,ST03,SKU004495,13,27267.24,2097.48,0
2025-02-03,ST05,SKU000017,27,24319.17,900.71,0
2025-02-03,ST05,SKU000643,7,2817.43,402.49,0
2025-02-03,ST08,SKU004464,5,3226.75,645.35,0
2025-02-03,ST09,SKU003519,19,5126.2,269.8,0
2025-02-03,ST09,SKU004646,6,6609.78,1101.63,0
2025-02-03,ST11,SKU000107,14,29846.18,2131.87,1
2025-02-03,ST13,SKU001309,7,13386.52,1912.36,1
2025-02-03,ST14,SKU003630,6,10756.98,1792.83,0
2025-02-03,ST16,SKU000549,13,12683.06,975.62,0
2025-02-03,ST16,SKU000562,9,12907.26,1434.14,0
2025-02-03,ST17,SKU001005,9,5851.35,650.15,0
2025-02-03,ST17,SKU003465,9,2377.26,264.14,1
2025-02-03,ST19,SKU001671,0,0.0,953.44,0
2025-02-03,ST19,SKU002344,10,16573.0,1657.3,1
2025-02-03,ST20,SKU001151,23,28547.14,1241.18,1
2025-02-03,ST21,SKU003030,8,4894.8,611.85,0
2025-02-03,ST21,SKU003434,75,39734.25,529.79,0
2025-02-03,ST22,SKU000639,34,35898.56,1055.84,1
2025-02-03,ST22,SKU003808,5,9516.85,1903.37,0
2025-02-03,ST22,SKU004086,2,1552.58,776.29,0
2025-02-03,ST23,SKU000167,25,42155.25,1686.21,0
2025-02-03,ST24,SKU002625,7,15655.22,2236.46,0
2025-02-03,ST24,SKU004257,14,8502.48,607.32,1
2025-02-03,ST26,SKU001999,0,0.0,358.67,0
2025-02-03,ST27,SKU001291,1,1639.92,1639.92,1
2025-02-03,ST28,SKU004570,13,27945.32,2149.64,0
2025-02-03,ST29,SKU001372,9,14697.9,1633.1,0
2025-02-03,ST29,SKU003634,24,48008.64,2000.36,0
2025-02-03,ST30,SKU001060,4,6034.88,1508.72,0
2025-02-04,ST01,SKU001606,7,792.54,113.22,0
2025-02-04,ST01,SKU004828,23,37776.35,1642.45,1
2025-02-04,ST03,SKU003126,21,51449.16,2449.96,1
2025-02-04,ST05,SKU001776,14,18422.6,1315.9,1
2025-02-04,ST05,SKU004402,13,18008.9,1385.3,0
2025-02-04,ST06,SKU000294,0,0.0,317.92,0
2025-02-04,ST06,SKU002421,20,2156.4,107.82,1
2025-02-04,ST06,SKU004817,5,11815.0,2363.0,0
2025-02-04,ST07,SKU001291,4,6559.68,1639.92,0
2025-02-04,ST07,SKU001830,8,2965.68,370.71,0
2025-02-04,ST07,SKU003408,12,24221.4,2018.45,0
2025-02-04,ST13,SKU003840,11,11785.51,1071.41,0
2025-02-04,ST14,SKU002999,29,58229.97,2007.93,0
2025-02-04,ST14,SKU003420,11,19102.49,1736.59,0
2025-02-04,ST15,SKU002644,6,7831.44,1305.24,0
2025-02-04,ST16,SKU002765,13,19222.71,1478.67,0
2025-02-04,ST18,SKU001006,18,24235.38,1346.41,0
2025-02-04,ST20,SKU000775,17,42067.35,2474.55,0
2025-02-04,ST20,SKU003722,3,852.9,284.3,1
2025-02-04,ST21,SKU000386,9,14019.66,1557.74,0
2025-02-04,ST22,SKU002362,14,27191.78,1942.27,0
2025-02-04,ST22,SKU004086,0,0.0,776.29,0
2025-02-04,ST22,SKU004928,9,22400.91,2488.99,0
2025-02-04,ST23,SKU001394,15,16064.1,1070.94,0
2025-02-04,ST23,SKU002912,13,15568.8,1197.6,1
2025-02-04,ST24,SKU004093,27,33502.95,1240.85,0
2025-02-04,ST25,SKU003504,6,11353.26,1892.21,0
2025-02-04,ST28,SKU000659,15,22232.1,1482.14,0
2025-02-04,ST28,SKU003061,11,11235.62,1021.42,0
2025-02-04,ST28,SKU003265,9,10091.61,1121.29,0
2025-02-04,ST29,SKU000467,6,2948.7,491.45,0
2025-02-05,ST01,SKU000016,7,891.38,127.34,0
2025-02-05,ST02,SKU000310,10,9429.8,942.98,0
2025-02-05,ST02,SKU003294,14,9889.74,706.41,0
2025-02-05,ST04,SKU002144,14,29205.54,2086.11,0
2025-02-05,ST04,SKU003914,10,9431.7,943.17,0
2025-02-05,ST05,SKU004356,12,23610.12,1967.51,0
2025-02-05,ST08,SKU001875,9,1766.25,196.25,0
2025-02-05,ST08,SKU004682,19,20190.54,1062.66,0
2025-02-05,ST09,SKU000429,60,100521.0,1675.35,0
2025-02-05,ST09,SKU002379,6,7448.82,1241.47,1
2025-02-05,ST09,SKU002921,19,24050.2,1265.8,0
2025-02-05,ST11,SKU000996,8,15075.84,1884.48,0
2025-02-05,ST11,SKU002371,8,10134.16,1266.77,0
2025-02-05,ST14,SKU001180,7,8392.16,1198.88,1
2025-02-05,ST15,SKU003483,13,11777.22,905.94,0
2025-02-05,ST22,SKU004589,11,27478.77,2498.07,0
2025-02-05,ST24,SKU000008,7,2975.14,425.02,0
2025-02-05,ST24,SKU002092,13,28327.26,2179.02,0
2025-02-05,ST25,SKU003683,9,5572.26,619.14,0
2025-02-05,ST26,SKU003470,16,34109.28,2131.83,0
2025-02-05,ST26,SKU004875,22,35433.2,1610.6,0
2025-02-05,ST28,SKU000386,23,35828.02,1557.74,1
2025-02-05,ST29,SKU003504,6,11353.26,1892.21,0
2025-02-05,ST30,SKU000234,22,37503.62,1704.71,0
2025-02-06,ST01,SKU001384,19,10333.72,543.88,0
2025-02-06,ST02,SKU002703,6,6232.74,1038.79,1
2025-02-06,ST03,SKU002207,5,9174.05,1834.81,1
2025-02-06,ST04,SKU004000,10,23596.0,2359.6,0
2025-02-06,ST05,SKU003399,8,8717.76,1089.72,0
2025-02-06,ST06,SKU000659,6,8892.84,1482.14,0
2025-02-06,ST07,SKU001989,8,6639.68,829.96,0
2025-02-06,ST10,SKU003213,23,50453.49,2193.63,0
2025-02-06,ST11,SKU003142,15,29802.6,1986.84,0
2025-02-06,ST11,SKU003180,18,23241.06,1291.17,0
2025-02-06,ST12,SKU002119,7,4980.99,711.57,0
2025-02-06,ST14,SKU001924,8,19266.88,2408.36,0
2025-02-06,ST15,SKU003841,28,9823.52,350.84,1
2025-02-06,ST16,SKU002086,6,7876.86,1312.81,0
2025-02-06,ST16,SKU003868,12,12368.16,1030.68,0
2025-02-06,ST17,SKU004122,21,7597.17,361.77,1
2025-02-06,ST19,SKU000050,17,22390.7,1317.1,0
2025-02-06,ST19,SKU004801,5,8614.3,1722.86,0
2025-02-06,ST20,SKU002951,17,19055.98,1120.94,0
2025-02-06,ST20,SKU003069,6,14383.38,2397.23,0
2025-02-06,ST20,SKU004594,6,7015.08,1169.18,0
2025-02-06,ST21,SKU000196,19,7950.36,418.44,0
2025-02-06,ST21,SKU000374,1,2385.59,2385.59,0
2025-02-06,ST21,SKU000613,13,24547.51,1888.27,1
2025-02-06,ST21,SKU002547,8,3543.6,442.95,0
2025-02-06,ST21,SKU004642,3,414.27,138.09,1
2025-02-06,ST22,SKU001120,23,2798.18,121.66,0
2025-02-06,ST23,SKU003337,17,21134.06,1243.18,0
2025-02-06,ST25,SKU000931,6,14346.78,2391.13,0
2025-02-06,ST25,SKU002174,36,55339.2,1537.2,0
2025-02-06,ST25,SKU004323,7,451.15,64.45,0
2025-02-06,ST28,SKU003417,27,8126.19,300.97,0
2025-02-06,ST28,SKU004811,30,7983.0,266.1,0
2025-02-06,ST29,SKU004925,3,4245.39,1415.13,0
2025-02-06,ST30,SKU003041,14,10013.5,715.25,0
2025-02-07,ST01,SKU000731,9,15752.16,1750.24,1
2025-02-07,ST01,SKU003407,10,15764.4,1576.44,0
2025-02-07,ST02,SKU001901,11,23742.29,2158.39,0
2025-02-07,ST03,SKU000047,10,24508.3,2450.83,0
2025-02-07,ST03,SKU002431,8,6884.48,860.56,0
2025-02-07,ST04,SKU002508,10,20544.4,2054.44,0
2025-02-07,ST05,SKU000050,4,5268.4,1317.1,1
2025-02-07,ST05,SKU003686,16,20498.4,1281.15,0
2025-02-07,ST06,SKU000146,20,16263.0,813.15,0
2025-02-07,ST06,SKU002416,6,991.98,165.33,0
2025-02-07,ST06,SKU003038,11,3086.82,280.62,0
2025-02-07,ST07,SKU004590,24,18863.04,785.96,1
2025-02-07,ST08,SKU002969,0,0.0,1573.92,0
2025-02-07,ST09,SKU003324,35,36564.5,1044.7,0
2025-02-07,ST09,SKU003493,18,31584.6,1754.7,0
2025-02-07,ST09,SKU004560,16,1066.72,66.67,0
2025-02-07,ST09,SKU004991,3,1652.43,550.81,0
2025-02-07,ST10,SKU003072,19,22016.82,1158.78,0
2025-02-07,ST12,SKU000800,14,15411.34,1100.81,1
2025-02-07,ST12,SKU000812,6,1668.66,278.11,0
2025-02-07,ST12,SKU003939,10,3439.9,343.99,0
2025-02-07,ST13,SKU004734,4,6468.96,1617.24,0
2025-02-07,ST14,SKU001523,14,18243.26,1303.09,0
2025-02-07,ST19,SKU003737,2,399.3,199.65,0
2025-02-07,ST19,SKU004075,6,11080.08,1846.68,0
2025-02-07,ST21,SKU000003,10,4703.5,470.35,0
2025-02-07,ST22,SKU002450,8,18986.96,2373.37,1
2025-02-07,ST23,SKU002031,11,15151.4,1377.4,1
2025-02-07,ST24,SKU003359,18,27600.66,1533.37,0
2025-02-07,ST25,SKU000207,28,52856.44,1887.73,0
2025-02-07,ST25,SKU002086,26,34133.06,1312.81,0
2025-02-07,ST25,SKU003153,0,0.0,791.42,0
2025-02-07,ST26,SKU000558,5,994.0,198.8,0
2025-02-07,ST26,SKU001932,4,6211.8,1552.95,0
2025-02-07,ST27,SKU002167,5,2083.95,416.79,0
2025-02-07,ST28,SKU000635,15,9746.7,649.78,0
2025-02-07,ST28,SKU001147,16,5154.56,322.16,0
2025-02-07,ST29,SKU000327,3,2102.55,700.85,0
2025-02-07,ST30,SKU002840,22,43437.46,1974.43,0
2025-02-08,ST01,SKU000171,29,61562.07,2122.83,0
2025-02-08,ST01,SKU001079,0,0.0,1766.41,1
2025-02-08,ST01,SKU002163,37,65328.68,1765.64,0
2025-02-08,ST02,SKU004988,40,54501.2,1362.53,1
2025-02-08,ST04,SKU001020,17,40332.84,2372.52,0
2025-02-08,ST04,SKU003060,29,62958.42,2170.98,0
2025-02-08,ST05,SKU003844,3,6497.19,2165.73,0
2025-02-08,ST07,SKU002476,47,66833.53,1421.99,1
2025-02-08,ST08,SKU001284,4,4738.2,1184.55,0
2025-02-08,ST08,SKU001361,5,5908.0,1181.6,0
2025-02-08,ST08,SKU001712,13,4174.82,321.14,0
2025-02-08,ST08,SKU003980,17,1822.74,107.22,0
2025-02-08,ST08,SKU004679,9,19997.01,2221.89,0
2025-02-08,ST10,SKU000850,29,58671.64,2023.16,0
2025-02-08,ST10,SKU003142,11,21855.24,1986.84,0
2025-02-08,ST13,SKU000994,17,40687.97,2393.41,0
2025-02-08,ST13,SKU001595,7,3401.44,485.92,0
2025-02-08,ST13,SKU003626,9,4494.51,499.39,1
2025-02-08,ST13,SKU004072,14,6067.18,433.37,1
2025-02-08,ST14,SKU001642,14,22682.52,1620.18,1
2025-02-08,ST14,SKU004239,4,8433.88,2108.47,1
2025-02-08,ST16,SKU000914,8,16393.36,2049.17,0
2025-02-08,ST16,SKU004013,24,30224.16,1259.34,0
2025-02-08,ST17,SKU004136,8,1413.6,176.7,0
2025-02-08,ST21,SKU000410,4,8002.68,2000.67,0
2025-02-08,ST21,SKU000661,11,17849.04,1622.64,0
2025-02-08,ST22,SKU000673,21,9545.55,454.55,0
2025-02-08,ST22,SKU001455,6,13434.6,2239.1,0
2025-02-08,ST22,SKU003637,10,24837.8,2483.78,0
2025-02-08,ST23,SKU000457,19,22806.84,1200.36,1
2025-02-08,ST24,SKU003722,4,1137.2,284.3,0
2025-02-08,ST24,SKU004855,4,7551.28,1887.82,0
2025-02-08,ST26,SKU004939,5,8660.65,1732.13,1
2025-02-08,ST27,SKU004486,18,7061.22,392.29,0
2025-02-08,ST28,SKU001887,14,27670.72,1976.48,1
2025-02-08,ST30,SKU004128,10,10574.4,1057.44,0
2025-02-09,ST01,SKU000702,13,20724.34,1594.18,1
2025-02-09,ST02,SKU000298,48,16848.0,351.0,1
2025-02-09,ST04,SKU003630,14,25099.62,1792.83,0
2025-02-09,ST05,SKU002922,7,16850.82,2407.26,0
2025-02-09,ST05,SKU003711,12,16384.56,1365.38,0
2025-02-09,ST06,SKU002614,8,18402.64,2300.33,0
2025-02-09,ST07,SKU001350,3,2180.61,726.87,0
2025-02-09,ST08,SKU002883,16,19590.24,1224.39,0
2025-02-09,ST09,SKU001114,5,2750.55,550.11,0
2025-02-09,ST09,SKU001389,5,11335.6,2267.12,0
2025-02-09,ST10,SKU002173,5,4650.15,930.03,0
2025-02-09,ST12,SKU000091,30,59962.5,1998.75,0
2025-02-09,ST13,SKU000583,6,9488.4,1581.4,0
2025-02-09,ST14,SKU000700,16,12678.72,792.42,1
2025-02-09,ST15,SKU000784,7,17491.04,2498.72,0
2025-02-09,ST15,SKU003068,12,21621.84,1801.82,0
2025-02-09,ST16,SKU000399,25,24890.25,995.61,0
2025-02-09,ST16,SKU001312,24,6037.68,251.57,0
2025-02-09,ST18,SKU003004,45,102752.1,2283.38,0
2025-02-09,ST18,SKU003556,0,0.0,824.71,0
2025-02-09,ST19,SKU000622,17,2432.36,143.08,1
2025-02-09,ST19,SKU001157,4,9606.04,2401.51,0
2025-02-09,ST19,SKU003865,21,36200.64,1723.84,0
2025-02-09,ST20,SKU003084,12,7228.44,602.37,0
2025-02-09,ST21,SKU001079,13,22963.33,1766.41,0
2025-02-09,ST22,SKU002419,10,16081.1,1608.11,0
2025-02-09,ST23,SKU001025,20,49965.0,2498.25,0
2025-02-09,ST24,SKU001375,4,3150.76,787.69,0
2025-02-09,ST24,SKU004170,34,23864.6,701.9,0
2025-02-09,ST25,SKU004553,6,3728.82,621.47,0
2025-02-09,ST26,SKU000303,16,27154.56,1697.16,0
2025-02-09,ST26,SKU000402,6,8492.88,1415.48,0
2025-02-09,ST26,SKU002095,11,14602.61,1327.51,0
2025-02-09,ST28,SKU002938,4,5378.12,1344.53,0
2025-02-09,ST29,SKU000633,2,4616.1,2308.05,0
2025-02-09,ST29,SKU001765,8,13838.08,1729.76,0
2025-02-10,ST01,SKU002237,4,297.4,74.35,0
2025-02-10,ST03,SKU003218,1,1696.02,1696.02,0
2025-02-10,ST04,SKU001667,3,4033.23,1344.41,0
2025-02-10,ST04,SKU003730,16,35773.92,2235.87,0
2025-02-10,ST05,SKU002322,3,2149.14,716.38,0
2025-02-10,ST06,SKU001668,15,35838.75,2389.25,0
2025-02-10,ST06,SKU003359,4,6133.48,1533.37,0
2025-02-10,ST07,SKU004394,4,4314.2,1078.55,0
2025-02-10,ST10,SKU001594,12,10286.4,857.2,0
2025-02-10,ST10,SKU002682,8,12256.16,1532.02,0
2025-02-10,ST11,SKU000815,11,11837.54,1076.14,0
2025-02-10,ST11,SKU003917,3,3339.72,1113.24,0
2025-02-10,ST12,SKU001886,2,524.16,262.08,1
2025-02-10,ST12,SKU002495,16,31488.8,1968.05,0
2025-02-10,ST13,SKU003183,23,9027.96,392.52,0
2025-02-10,ST14,SKU000807,6,3215.94,535.99,1
2025-02-10,ST16,SKU001288,12,10603.2,883.6,1
2025-02-10,ST17,SKU004680,14,20231.96,1445.14,0
2025-02-10,ST20,SKU000393,28,64955.52,2319.84,0
2025-02-10,ST20,SKU001366,13,13591.76,1045.52,0
2025-02-10,ST20,SKU002598,11,15229.06,1384.46,0
2025-02-10,ST20,SKU003272,0,0.0,632.56,0
2025-02-10,ST20,SKU004780,6,4652.58,775.43,0
2025-02-10,ST21,SKU000335,34,18769.36,552.04,1
2025-02-10,ST22,SKU001079,5,8832.05,1766.41,0
2025-02-10,ST22,SKU002746,3,4125.24,1375.08,0
2025-02-10,ST22,SKU004818,10,23146.2,2314.62,1
2025-02-10,ST23,SKU003498,14,13120.8,937.2,0
2025-02-10,ST23,SKU004179,19,27215.6,1432.4,0
2025-02-10,ST24,SKU003021,9,15389.82,1709.98,1
2025-02-10,ST27,SKU004141,25,49413.75,1976.55,0
2025-02-10,ST28,SKU001291,20,32798.4,1639.92,1
2025-02-10,ST28,SKU003346,6,2026.02,337.67,0
2025-02-10,ST28,SKU003755,23,17879.05,777.35,0
2025-02-10,ST30,SKU002340,6,3667.02,611.17,0
2025-02-10,ST30,SKU002954,4,6770.64,1692.66,0
2025-02-11,ST02,SKU000091,28,55965.0,1998.75,0
2025-02-11,ST02,SKU002988,3,167.25,55.75,1
2025-02-11,ST03,SKU002034,1,2411.81,2411.81,0
2025-02-11,ST03,SKU004341,10,21708.5,2170.85,0
2025-02-11,ST04,SKU000137,5,5300.3,1060.06,0
2025-02-11,ST04,SKU002215,14,28909.44,2064.96,0
2025-02-11,ST05,SKU001224,8,19694.32,2461.79,0
2025-02-11,ST05,SKU004479,0,0.0,249.78,0
2025-02-11,ST06,SKU004597,8,9865.68,1233.21,0
2025-02-11,ST07,SKU004594,3,3507.54,1169.18,0
2025-02-11,ST09,SKU002316,3,2977.98,992.66,0
2025-02-11,ST11,SKU004087,43,48406.39,1125.73,0
2025-02-11,ST12,SKU001235,7,8834.7,1262.1,0
2025-02-11,ST12,SKU003371,5,5459.85,1091.97,0
2025-02-11,ST16,SKU000719,8,747.36,93.42,0
2025-02-11,ST16,SKU002998,15,5774.4,384.96,0
2025-02-11,ST18,SKU003348,8,8363.6,1045.45,0
2025-02-11,ST19,SKU000672,1,463.61,463.61,0
2025-02-11,ST19,SKU002041,13,1919.45,147.65,0
2025-02-11,ST19,SKU003246,3,6955.44,2318.48,0
2025-02-11,ST19,SKU004075,14,25853.52,1846.68,0
2025-02-11,ST19,SKU004849,0,0.0,2138.2,0
2025-02-11,ST21,SKU003407,14,22070.16,1576.44,0
2025-02-11,ST21,SKU003499,22,43873.94,1994.27,0
2025-02-11,ST22,SKU002014,13,25029.94,1925.38,0
2025-02-11,ST23,SKU003677,12,19436.16,1619.68,0
2025-02-11,ST27,SKU000006,14,15516.2,1108.3,0
2025-02-11,ST27,SKU001465,9,22214.61,2468.29,1
2025-02-11,ST28,SKU002233,13,2873.65,221.05,0
2025-02-11,ST28,SKU003820,1,2109.01,2109.01,0
2025-02-11,ST29,SKU003396,14,31687.32,2263.38,0
2025-02-12,ST01,SKU003696,4,3802.08,950.52,0
2025-02-12,ST01,SKU004261,17,14534.83,854.99,0
2025-02-12,ST02,SKU000539,10,12961.3,1296.13,0
2025-02-12,ST02,SKU004419,33,67330.56,2040.32,1
2025-02-12,ST03,SKU002880,7,9572.08,1367.44,0
2025-02-12,ST03,SKU003959,6,2609.52,434.92,0
2025-02-12,ST05,SKU002320,39,95472.39,2448.01,0
2025-02-12,ST05,SKU003186,3,4106.22,1368.74,0
2025-02-12,ST07,SKU000117,5,5375.85,1075.17,0
2025-02-12,ST07,SKU001757,23,49118.8,2135.6,1
2025-02-12,ST07,SKU002181,30,7065.3,235.51,1
2025-02-12,ST09,SKU001292,18,19830.24,1101.68,0
2025-02-12,ST09,SKU003528,17,41083.39,2416.67,0
2025-02-12,ST09,SKU004968,7,15807.61,2258.23,0
2025-02-12,ST10,SKU004186,9,14638.23,1626.47,0
2025-02-12,ST11,SKU000839,13,19825.65,1525.05,1
2025-02-12,ST11,SKU004241,8,15637.04,1954.63,0
2025-02-12,ST12,SKU002365,18,1806.48,100.36,0
2025-02-12,ST12,SKU002448,15,12807.45,853.83,0
2025-02-12,ST13,SKU002443,2,2110.42,1055.21,0
2025-02-12,ST14,SKU003867,16,5241.92,327.62,0
2025-02-12,ST15,SKU001471,25,59299.5,2371.98,1
2025-02-12,ST15,SKU003114,8,5840.72,730.09,0
2025-02-12,ST16,SKU001953,18,7174.62,398.59,0
2025-02-12,ST17,SKU001636,24,9830.4,409.6,0
2025-02-12,ST17,SKU004065,14,26846.54,1917.61,0
2025-02-12,ST19,SKU004732,10,15940.0,1594.0,0
2025-02-12,ST20,SKU004970,6,13607.82,2267.97,1
2025-02-12,ST21,SKU002204,26,58323.72,2243.22,0
2025-02-12,ST22,SKU001956,8,15448.8,1931.1,0
2025-02-12,ST22,SKU004545,4,5245.96,1311.49,0
2025-02-12,ST24,SKU001889,26,22283.3,857.05,0
2025-02-12,ST25,SKU003404,5,4827.2,965.44,1
2025-02-12,ST27,SKU001499,16,7546.4,471.65,0
2025-02-12,ST28,SKU001674,2,4101.16,2050.58,0
2025-02-12,ST30,SKU003999,13,31940.35,2456.95,0
2025-02-13,ST01,SKU002287,4,5384.08,1346.02,0
2025-02-13,ST01,SKU003567,10,12442.9,1244.29,0
2025-02-13,ST02,SKU003243,15,29571.6,1971.44,1
2025-02-13,ST02,SKU003611,9,20040.66,2226.74,0
2025-02-13,ST02,SKU003636,27,39886.02,1477.26,1
2025-02-13,ST03,SKU000914,10,20491.7,2049.17,0
2025-02-13,ST03,SKU001951,19,40436.18,2128.22,0
2025-02-13,ST03,SKU003544,5,1786.15,357.23,1
2025-02-13,ST04,SKU001455,16,35825.6,2239.1,0
2025-02-13,ST06,SKU002843,6,5650.92,941.82,0
2025-02-13,ST07,SKU001427,14,1432.2,102.3,0
2025-02-13,ST08,SKU000045,13,11434.41,879.57,0
2025-02-13,ST08,SKU001270,5,1179.25,235.85,0
2025-02-13,ST08,SKU003597,36,34003.44,944.54,0
2025-02-13,ST08,SKU004468,4,3960.52,990.13,1
2025-02-13,ST09,SKU002936,9,9068.76,1007.64,0
2025-02-13,ST09,SKU004831,16,12700.0,793.75,0
2025-02-13,ST11,SKU000994,4,9573.64,2393.41,0
2025-02-13,ST11,SKU004774,5,3956.15,791.23,0
2025-02-13,ST12,SKU002122,12,9130.92,760.91,0
2025-02-13,ST13,SKU002289,5,2625.6,525.12,0
2025-02-13,ST13,SKU003975,0,0.0,2174.47,1
2025-02-13,ST15,SKU000673,4,1818.2,454.55,0
2025-02-13,ST18,SKU003602,6,7515.96,1252.66,0
2025-02-13,ST22,SKU001152,21,24474.45,1165.45,0
2025-02-13,ST22,SKU001466,16,14893.76,930.86,0
2025-02-13,ST22,SKU004434,24,38978.16,1624.09,0
2025-02-13,ST23,SKU001977,5,11884.85,2376.97,0
2025-02-13,ST24,SKU001475,12,14677.2,1223.1,0
2025-02-13,ST24,SKU004526,9,14171.49,1574.61,0
2025-02-13,ST25,SKU001411,11,26131.93,2375.63,0
2025-02-13,ST25,SKU001989,15,12449.4,829.96,0
2025-02-13,ST26,SKU001477,6,5661.0,943.5,0
2025-02-13,ST28,SKU000331,15,21538.5,1435.9,0
2025-02-13,ST28,SKU001916,0,0.0,53.36,0
2025-02-13,ST28,SKU003239,11,1775.18,161.38,0
2025-02-13,ST29,SKU000090,27,15422.67,571.21,0
2025-02-13,ST29,SKU001021,10,16292.2,1629.22,0
2025-02-14,ST02,SKU004582,11,8527.97,775.27,0
2025-02-14,ST02,SKU004683,13,2786.81,214.37,0
2025-02-14,ST03,SKU002889,23,23749.57,1032.59,0
2025-02-14,ST04,SKU003526,10,16022.4,1602.24,0
2025-02-14,ST07,SKU004320,7,10309.25,1472.75,0
2025-02-14,ST08,SKU001276,37,63822.78,1724.94,0
2025-02-14,ST09,SKU001179,0,0.0,1861.75,1
2025-02-14,ST09,SKU002523,6,6228.9,1038.15,0
2025-02-14,ST11,SKU002017,14,12986.4,927.6,0
2025-02-14,ST11,SKU003379,16,3933.92,245.87,0
2025-02-14,ST15,SKU003659,12,3512.76,292.73,0
2025-02-14,ST18,SKU000333,13,1139.45,87.65,0
2025-02-14,ST19,SKU001201,20,36718.2,1835.91,0
2025-02-14,ST19,SKU002142,14,24539.34,1752.81,0
2025-02-14,ST19,SKU002637,0,0.0,2184.81,0
2025-02-14,ST20,SKU000045,12,10554.84,879.57,0
2025-02-14,ST21,SKU000519,10,15764.5,1576.45,0
2025-02-14,ST21,SKU001487,12,11639.28,969.94,0
2025-02-14,ST22,SKU001181,11,1819.73,165.43,1
2025-02-14,ST24,SKU003195,5,1058.65,211.73,0
2025-02-14,ST25,SKU002157,5,7399.55,1479.91,0
2025-02-14,ST26,SKU003813,43,97916.16,2277.12,1
2025-02-14,ST27,SKU000857,10,24687.7,2468.77,0
2025-02-14,ST28,SKU001389,14,31739.68,2267.12,0
2025-02-15,ST01,SKU002094,4,3268.64,817.16,0
2025-02-15,ST01,SKU004714,28,58194.92,2078.39,0
2025-02-15,ST02,SKU002824,1,619.69,619.69,0
2025-02-15,ST03,SKU001180,6,7193.28,1198.88,0
2025-02-15,ST03,SKU001261,2,313.0,156.5,0
2025-02-15,ST03,SKU002321,0,0.0,305.16,1
2025-02-15,ST03,SKU004339,13,17246.84,1326.68,0
2025-02-15,ST04,SKU000425,7,12729.08,1818.44,0
2025-02-15,ST04,SKU001285,2,2610.72,1305.36,0
2025-02-15,ST04,SKU004687,6,6832.26,1138.71,0
2025-02-15,ST06,SKU002574,13,27649.83,2126.91,1
2025-02-15,ST06,SKU002862,11,25164.48,2287.68,0
2025-02-15,ST06,SKU003900,8,6084.88,760.61,0
2025-02-15,ST07,SKU001001,40,10194.4,254.86,1
2025-02-15,ST08,SKU004277,6,8812.14,1468.69,0
2025-02-15,ST08,SKU004285,0,0.0,1218.32,0
2025-02-15,ST09,SKU004335,11,25870.24,2351.84,0
2025-02-15,ST09,SKU004831,49,38893.75,793.75,1
2025-02-15,ST11,SKU000157,0,0.0,410.38,1
2025-02-15,ST13,SKU004636,7,6715.8,959.4,0
2025-02-15,ST15,SKU002657,9,1717.02,190.78,0
2025-02-15,ST16,SKU002597,32,38844.16,1213.88,1
2025-02-15,ST20,SKU000738,11,15496.36,1408.76,0
2025-02-15,ST21,SKU001047,22,42741.16,1942.78,0
2025-02-15,ST22,SKU000076,10,15839.7,1583.97,0
2025-02-15,ST22,SKU001128,27,3134.43,116.09,0
2025-02-15,ST22,SKU004188,10,23467.0,2346.7,0
2025-02-15,ST23,SKU004117,14,10815.56,772.54,0
2025-02-15,ST24,SKU000057,44,14465.88,328.77,0
2025-02-15,ST24,SKU002264,14,825.16,58.94,0
2025-02-15,ST24,SKU004180,23,12618.03,548.61,0
2025-02-15,ST26,SKU002998,52,20017.92,384.96,1
2025-02-15,ST27,SKU003975,7,15221.29,2174.47,0
2025-02-15,ST27,SKU004813,5,2628.2,525.64,0
2025-02-15,ST29,SKU000168,19,19602.68,1031.72,0
2025-02-15,ST30,SKU002165,11,6750.37,613.67,0
2025-02-16,ST01,SKU002885,7,12371.52,1767.36,1
2025-02-16,ST01,SKU002917,5,4532.9,906.58,0
2025-02-16,ST02,SKU000600,10,17236.6,1723.66,0
2025-02-16,ST02,SKU004866,16,36909.92,2306.87,0
2025-02-16,ST03,SKU000547,16,28319.84,1769.99,1
2025-02-16,ST03,SKU001991,5,8631.75,1726.35,0
2025-02-16,ST04,SKU002324,6,12703.32,2117.22,1
2025-02-16,ST07,SKU004140,16,11128.32,695.52,0
2025-02-16,ST08,SKU000260,10,12422.2,1242.22,0
2025-02-16,ST08,SKU000544,18,25308.72,1406.04,0
2025-02-16,ST08,SKU002925,15,34446.3,2296.42,1
2025-02-16,ST08,SKU003168,11,20378.71,1852.61,1
2025-02-16,ST08,SKU003456,13,27051.44,2080.88,0
2025-02-16,ST09,SKU000292,12,27071.16,2255.93,1
2025-02-16,ST10,SKU002024,2,4571.04,2285.52,0
2025-02-16,ST10,SKU003847,9,2660.85,295.65,0
2025-02-16,ST11,SKU000590,4,5520.44,1380.11,0
2025-02-16,ST11,SKU001663,4,1327.88,331.97,0
2025-02-16,ST11,SKU002265,14,10383.38,741.67,1
2025-02-16,ST12,SKU000534,7,9256.45,1322.35,0
2025-02-16,ST12,SKU001095,16,3972.64,248.29,0
2025-02-16,ST13,SKU000177,11,6596.37,599.67,0
2025-02-16,ST15,SKU004484,1,1720.2,1720.2,0
2025-02-16,ST16,SKU004778,33,70134.24,2125.28,1
2025-02-16,ST17,SKU003182,9,14484.78,1609.42,0
2025-02-16,ST17,SKU004867,18,25897.86,1438.77,0
2025-02-16,ST19,SKU001200,7,5635.7,805.1,0
2025-02-16,ST20,SKU000041,31,40401.68,1303.28,1
2025-02-16,ST21,SKU003170,28,65160.76,2327.17,0
2025-02-16,ST21,SKU003438,37,92233.23,2492.79,0
2025-02-16,ST21,SKU004481,26,56066.92,2156.42,0
2025-02-16,ST22,SKU002145,8,7685.84,960.73,0
2025-02-16,ST22,SKU002758,3,4771.32,1590.44,0
2025-02-16,ST23,SKU000750,5,6340.65,1268.13,0
2025-02-16,ST23,SKU001565,25,32750.5,1310.02,1
2025-02-16,ST23,SKU002985,13,9464.0,728.0,0
2025-02-16,ST24,SKU001877,9,14025.78,1558.42,0
2025-02-16,ST25,SKU001112,27,2895.48,107.24,0
2025-02-16,ST25,SKU001406,1,1920.6,1920.6,0
2025-02-16,ST25,SKU001450,8,4420.32,552.54,0
2025-02-16,ST26,SKU000597,29,48809.03,1683.07,0
2025-02-16,ST26,SKU001035,13,10333.83,794.91,0
2025-02-16,ST27,SKU000219,20,32695.2,1634.76,0
2025-02-16,ST27,SKU001127,2,2328.66,1164.33,0
2025-02-16,ST28,SKU001029,13,27115.92,2085.84,0
2025-02-16,ST28,SKU001117,5,10076.8,2015.36,0
2025-02-16,ST30,SKU000496,3,2734.68,911.56,0
2025-02-16,ST30,SKU002957,20,30834.2,1541.71,0
2025-02-16,ST30,SKU003906,16,7467.68,466.73,0
2025-02-17,ST01,SKU001542,4,9288.56,2322.14,1
2025-02-17,ST06,SKU000944,3,235.44,78.48,0
2025-02-17,ST06,SKU002153,2,2593.24,1296.62,0
2025-02-17,ST08,SKU000762,24,23924.64,996.86,1
2025-02-17,ST08,SKU004839,12,29897.88,2491.49,0
2025-02-17,ST09,SKU000865,7,1202.88,171.84,1
2025-02-17,ST09,SKU004610,30,37518.9,1250.63,0
2025-02-17,ST10,SKU002349,5,6976.0,1395.2,0
2025-02-17,ST11,SKU000786,7,8585.78,1226.54,0
2025-02-17,ST11,SKU002366,1,1526.24,1526.24,0
2025-02-17,ST11,SKU002500,7,2230.9,318.7,0
2025-02-17,ST11,SKU004663,6,4860.18,810.03,0
2025-02-17,ST13,SKU000770,15,25557.75,1703.85,0
2025-02-17,ST14,SKU001673,5,11519.7,2303.94,0
2025-02-17,ST15,SKU003574,2,3277.94,1638.97,0
2025-02-17,ST15,SKU004069,13,30675.58,2359.66,0
2025-02-17,ST15,SKU004814,1,751.07,751.07,0
2025-02-17,ST16,SKU000779,9,13389.48,1487.72,0
2025-02-17,ST18,SKU002074,7,1525.93,217.99,0
2025-02-17,ST18,SKU002700,5,2707.45,541.49,1
2025-02-17,ST19,SKU000451,27,8949.69,331.47,1
2025-02-17,ST19,SKU003983,33,40089.39,1214.83,1
2025-02-17,ST21,SKU000630,11,4160.42,378.22,0
2025-02-17,ST21,SKU002828,13,22451.13,1727.01,0
2025-02-17,ST22,SKU001101,5,4734.05,946.81,1
2025-02-17,ST23,SKU000907,5,5492.0,1098.4,0
2025-02-17,ST24,SKU003582,16,17283.36,1080.21,0
2025-02-17,ST25,SKU003094,6,3674.46,612.41,0
2025-02-17,ST27,SKU000501,4,9962.84,2490.71,0
2025-02-17,ST27,SKU002587,14,5755.82,411.13,0
2025-02-17,ST27,SKU004192,16,37657.6,2353.6,0
2025-02-17,ST28,SKU002192,14,6085.94,434.71,0
2025-02-17,ST28,SKU004691,33,42272.01,1280.97,1
2025-02-17,ST29,SKU002697,4,4875.56,1218.89,0
2025-02-18,ST05,SKU004884,3,2421.36,807.12,0
2025-02-18,ST06,SKU001803,9,20487.06,2276.34,0
2025-02-18,ST06,SKU003541,5,6873.05,1374.61,0
2025-02-18,ST06,SKU004761,0,0.0,2152.73,0
2025-02-18,ST08,SKU001036,17,22457.51,1321.03,0
2025-02-18,ST10,SKU000823,24,37396.32,1558.18,0
2025-02-18,ST11,SKU000834,8,2962.4,370.3,0
2025-02-18,ST11,SKU001598,23,19820.02,861.74,1
2025-02-18,ST11,SKU002382,4,1672.56,418.14,0
2025-02-18,ST11,SKU002691,13,18480.8,1421.6,0
2025-02-18,ST12,SKU003558,21,22188.39,1056.59,0
2025-02-18,ST14,SKU000276,7,15182.44,2168.92,0
2025-02-18,ST14,SKU004783,13,11762.66,904.82,0
2025-02-18,ST15,SKU003041,27,19311.75,715.25,0
2025-02-18,ST16,SKU002370,17,32041.43,1884.79,1
2025-02-18,ST17,SKU000774,5,1125.8,225.16,0
2025-02-18,ST17,SKU003329,5,9821.8,1964.36,0
2025-02-18,ST18,SKU001193,11,16061.54,1460.14,0
2025-02-18,ST18,SKU004745,7,6727.84,961.12,1
2025-02-18,ST19,SKU004127,6,10545.66,1757.61,0
2025-02-18,ST19,SKU004352,0,0.0,2490.25,0
2025-02-18,ST20,SKU000947,7,13458.69,1922.67,0
2025-02-18,ST21,SKU003962,3,3708.12,1236.04,0
2025-02-18,ST22,SKU001131,8,4305.84,538.23,0
2025-02-18,ST22,SKU002217,22,24475.22,1112.51,0
2025-02-18,ST23,SKU002663,5,2983.7,596.74,0
2025-02-18,ST24,SKU003779,20,47829.8,2391.49,0
2025-02-18,ST25,SKU004480,11,27358.98,2487.18,1
2025-02-18,ST26,SKU002371,7,8867.39,1266.77,0
2025-02-18,ST28,SKU004004,8,18441.2,2305.15,0
2025-02-18,ST29,SKU003796,5,11707.7,2341.54,1
2025-02-19,ST01,SKU001594,5,4286.0,857.2,0
2025-02-19,ST01,SKU004472,10,6130.4,613.04,0
2025-02-19,ST02,SKU000620,20,15787.8,789.39,0
2025-02-19,ST02,SKU001753,27,34379.1,1273.3,0
2025-02-19,ST02,SKU003911,9,17962.47,1995.83,0
2025-02-19,ST03,SKU001115,9,22428.72,2492.08,0
2025-02-19,ST03,SKU001459,20,44932.8,2246.64,0
2025-02-19,ST03,SKU003478,33,53145.18,1610.46,0
2025-02-19,ST04,SKU000552,15,25769.85,1717.99,0
2025-02-19,ST07,SKU004530,26,36923.38,1420.13,0
2025-02-19,ST09,SKU001503,34,67833.74,1995.11,0
2025-02-19,ST09,SKU003336,2,4061.0,2030.5,0
2025-02-19,ST10,SKU003527,2,253.14,126.57,1
2025-02-19,ST11,SKU000007,20,22638.4,1131.92,1
2025-02-19,ST11,SKU002302,29,63905.56,2203.64,0
2025-02-19,ST11,SKU002328,4,3884.24,971.06,0
2025-02-19,ST11,SKU004694,9,15196.59,1688.51,0
2025-02-19,ST11,SKU004933,18,44204.58,2455.81,1
2025-02-19,ST12,SKU003869,12,758.16,63.18,0
2025-02-19,ST12,SKU004785,7,15856.75,2265.25,0
2025-02-19,ST13,SKU004852,0,0.0,499.37,0
2025-02-19,ST16,SKU003226,8,689.68,86.21,0
2025-02-19,ST18,SKU000276,21,45547.32,2168.92,1
2025-02-19,ST18,SKU001927,10,4255.8,425.58,0
2025-02-19,ST19,SKU002024,9,20569.68,2285.52,0
2025-02-19,ST19,SKU004169,10,18158.3,1815.83,0
2025-02-19,ST20,SKU004538,0,0.0,134.56,0
2025-02-19,ST22,SKU002424,44,54158.28,1230.87,0
2025-02-19,ST22,SKU002425,10,1005.7,100.57,0
2025-02-19,ST23,SKU002289,4,2100.48,525.12,0
2025-02-19,ST23,SKU004625,23,53808.96,2339.52,0
2025-02-19,ST24,SKU002185,33,80099.25,2427.25,0
2025-02-19,ST26,SKU000965,17,10648.63,626.39,0
2025-02-19,ST27,SKU001507,2,665.02,332.51,0
2025-02-19,ST29,SKU002148,5,10951.9,2190.38,0
2025-02-20,ST01,SKU004627,33,64809.69,1963.93,0
2025-02-20,ST02,SKU000445,13,15913.3,1224.1,0
2025-02-20,ST03,SKU001195,13,8751.34,673.18,0
2025-02-20,ST03,SKU003847,9,2660.85,295.65,0
2025-02-20,ST04,SKU001518,4,8547.76,2136.94,0
2025-02-20,ST04,SKU003316,5,4541.0,908.2,0
2025-02-20,ST04,SKU004487,1,2269.44,2269.44,1
2025-02-20,ST06,SKU002790,12,9408.48,784.04,0
2025-02-20,ST07,SKU004949,6,8740.92,1456.82,0
2025-02-20,ST09,SKU000992,0,0.0,1230.53,1
2025-02-20,ST09,SKU002553,15,2948.85,196.59,0
2025-02-20,ST09,SKU003211,3,1846.47,615.49,0
2025-02-20,ST10,SKU001458,19,12798.59,673.61,0
2025-02-20,ST10,SKU003758,11,14710.85,1337.35,0
2025-02-20,ST10,SKU004886,31,23505.75,758.25,0
2025-02-20,ST11,SKU001447,17,12574.9,739.7,0
2025-02-20,ST12,SKU004100,6,9433.62,1572.27,0
2025-02-20,ST14,SKU000128,15,29640.15,1976.01,0
2025-02-20,ST15,SKU001012,8,10716.32,1339.54,0
2025-02-20,ST15,SKU001557,24,2044.56,85.19,0
2025-02-20,ST15,SKU001909,10,9637.5,963.75,0
2025-02-20,ST16,SKU004307,19,32649.03,1718.37,1
2025-02-20,ST17,SKU000473,10,13546.0,1354.6,0
2025-02-20,ST18,SKU002170,14,12819.66,915.69,0
2025-02-20,ST18,SKU002598,13,17997.98,1384.46,0
2025-02-20,ST18,SKU003453,18,41921.1,2328.95,1
2025-02-20,ST19,SKU000897,20,25051.8,1252.59,0
2025-02-20,ST19,SKU001505,4,2289.28,572.32,0
2025-02-20,ST19,SKU003854,9,12722.67,1413.63,0
2025-02-20,ST20,SKU004342,10,16362.7,1636.27,0
2025-02-20,ST21,SKU001151,35,43441.3,1241.18,0
2025-02-20,ST23,SKU003413,7,8925.07,1275.01,0
2025-02-20,ST25,SKU003250,10,13838.8,1383.88,0
2025-02-20,ST28,SKU004047,18,26110.44,1450.58,0
2025-02-20,ST30,SKU002684,21,14537.67,692.27,0
2025-02-21,ST02,SKU000372,0,0.0,1860.23,0
2025-02-21,ST03,SKU000717,7,11882.92,1697.56,1
2025-02-21,ST04,SKU001734,17,30039.17,1767.01,0
2025-02-21,ST05,SKU001519,15,6704.85,446.99,0
2025-02-21,ST05,SKU004197,9,8688.69,965.41,1
2025-02-21,ST06,SKU000839,18,27450.9,1525.05,0
2025-02-21,ST06,SKU002419,14,22513.54,1608.11,0
2025-02-21,ST08,SKU000270,2,428.24,214.12,0
2025-02-21,ST08,SKU000870,8,2358.48,294.81,1
2025-02-21,ST08,SKU001184,13,19625.06,1509.62,0
2025-02-21,ST09,SKU000165,31,50951.91,1643.61,0
2025-02-21,ST09,SKU000509,11,16767.08,1524.28,0
2025-02-21,ST09,SKU002854,4,7327.44,1831.86,0
2025-02-21,ST12,SKU002890,12,28914.0,2409.5,1
2025-02-21,ST12,SKU004355,6,918.3,153.05,0
2025-02-21,ST13,SKU001050,14,34353.76,2453.84,0
2025-02-21,ST13,SKU001707,5,6878.95,1375.79,0
2025-02-21,ST17,SKU003700,7,16560.11,2365.73,1
2025-02-21,ST18,SKU002376,0,0.0,1854.96,1
2025-02-21,ST18,SKU004087,3,3377.19,1125.73,0
2025-02-21,ST20,SKU003316,25,22705.0,908.2,0
2025-02-21,ST21,SKU003252,7,15251.53,2178.79,0
2025-02-21,ST22,SKU000218,20,10032.6,501.63,0
2025-02-21,ST24,SKU003612,16,22470.08,1404.38,1
2025-02-21,ST25,SKU000249,15,6396.3,426.42,0
2025-02-21,ST27,SKU002943,7,14559.02,2079.86,0
2025-02-21,ST27,SKU003644,24,20811.12,867.13,0
2025-02-21,ST28,SKU000742,35,8363.95,238.97,1
2025-02-21,ST30,SKU003079,0,0.0,1520.62,0
2025-02-22,ST02,SKU001892,18,4217.76,234.32,0
2025-02-22,ST02,SKU004679,2,4443.78,2221.89,0
2025-02-22,ST03,SKU001836,19,17025.33,896.07,0
2025-02-22,ST03,SKU004688,24,38804.4,1616.85,1
2025-02-22,ST04,SKU001467,0,0.0,725.83,0
2025-02-22,ST04,SKU001953,25,9964.75,398.59,0
2025-02-22,ST06,SKU002687,9,6612.21,734.69,0
2025-02-22,ST06,SKU003268,14,3338.58,238.47,0
2025-02-22,ST07,SKU000015,33,71531.13,2167.61,1
2025-02-22,ST09,SKU003751,2,207.46,103.73,0
2025-02-22,ST11,SKU002928,6,6367.32,1061.22,0
2025-02-22,ST11,SKU003830,40,80867.6,2021.69,0
2025-02-22,ST12,SKU001350,0,0.0,726.87,0
2025-02-22,ST12,SKU002989,5,2797.7,559.54,0
2025-02-22,ST17,SKU002870,18,15862.32,881.24,0
2025-02-22,ST19,SKU000136,10,19004.8,1900.48,0
2025-02-22,ST20,SKU003713,13,29048.5,2234.5,0
2025-02-22,ST22,SKU001108,37,78124.76,2111.48,0
2025-02-22,ST23,SKU003291,21,18535.86,882.66,0
2025-02-22,ST24,SKU004310,17,33464.67,1968.51,0
2025-02-22,ST24,SKU004801,9,15505.74,1722.86,0
2025-02-22,ST25,SKU001961,16,35521.76,2220.11,1
2025-02-22,ST25,SKU004280,12,22742.4,1895.2,0
2025-02-22,ST27,SKU004777,20,9469.6,473.48,0
2025-02-22,ST28,SKU003902,11,11282.7,1025.7,0
2025-02-22,ST30,SKU002111,24,47382.48,1974.27,1
2025-02-23,ST01,SKU000370,7,16495.64,2356.52,0
2025-02-23,ST02,SKU001577,3,443.88,147.96,0
2025-02-23,ST03,SKU000447,37,25932.56,700.88,0
2025-02-23,ST03,SKU003887,8,15765.12,1970.64,0
2025-02-23,ST04,SKU000603,7,7623.28,1089.04,0
2025-02-23,ST04,SKU002124,24,20626.8,859.45,0
2025-02-23,ST05,SKU001291,11,18039.12,1639.92,0
2025-02-23,ST05,SKU002018,10,15711.3,1571.13,0
2025-02-23,ST06,SKU001988,23,24489.94,1064.78,0
2025-02-23,ST06,SKU003853,11,13913.79,1264.89,0
2025-02-23,ST07,SKU003442,21,43609.02,2076.62,0
2025-02-23,ST08,SKU000654,22,13268.86,603.13,0
2025-02-23,ST08,SKU003396,8,18107.04,2263.38,0
2025-02-23,ST08,SKU003480,30,34579.5,1152.65,0
2025-02-23,ST08,SKU003485,13,7624.89,586.53,0
2025-02-23,ST09,SKU000695,6,547.62,91.27,0
2025-02-23,ST09,SKU003213,9,19742.67,2193.63,0
2025-02-23,ST10,SKU003619,12,24572.76,2047.73,0
2025-02-23,ST10,SKU003974,10,4159.0,415.9,0
2025-02-23,ST11,SKU001020,9,21352.68,2372.52,0
2025-02-23,ST12,SKU003158,20,39500.6,1975.03,0
2025-02-23,ST13,SKU000144,6,14276.7,2379.45,0
2025-02-23,ST13,SKU001774,10,17041.4,1704.14,0
2025-02-23,ST15,SKU002694,17,15497.71,911.63,0
2025-02-23,ST17,SKU003964,15,28636.65,1909.11,1
2025-02-23,ST22,SKU004701,11,2265.78,205.98,0
2025-02-23,ST23,SKU001975,4,7539.52,1884.88,0
2025-02-23,ST24,SKU001801,8,14606.8,1825.85,1
2025-02-23,ST24,SKU002572,0,0.0,1492.56,0
2025-02-23,ST24,SKU003672,15,36089.7,2405.98,0
2025-02-23,ST25,SKU001771,25,10063.75,402.55,0
2025-02-23,ST25,SKU004049,13,5762.51,443.27,1
2025-02-23,ST26,SKU003884,10,14692.5,1469.25,0
2025-02-23,ST27,SKU002173,20,18600.6,930.03,0
2025-02-23,ST28,SKU001279,0,0.0,2029.14,0
2025-02-23,ST28,SKU004220,26,23362.3,898.55,0
2025-02-23,ST28,SKU004715,16,36628.8,2289.3,0
2025-02-23,ST29,SKU001919,10,17403.5,1740.35,0
2025-02-23,ST29,SKU003625,17,10162.6,597.8,1
2025-02-23,ST30,SKU002339,12,11630.16,969.18,0
2025-02-24,ST01,SKU002734,10,3499.0,349.9,0
2025-02-24,ST05,SKU003980,23,2466.06,107.22,0
2025-02-24,ST07,SKU003897,15,22209.3,1480.62,0
2025-02-24,ST08,SKU003220,9,3584.07,398.23,0
2025-02-24,ST10,SKU001672,0,0.0,1316.09,0
2025-02-24,ST10,SKU001836,13,11648.91,896.07,0
2025-02-24,ST13,SKU001751,3,5114.1,1704.7,0
2025-02-24,ST13,SKU004306,11,17477.02,1588.82,0
2025-02-24,ST14,SKU002508,7,14381.08,2054.44,0
2025-02-24,ST14,SKU003099,0,0.0,1643.76,0
2025-02-24,ST14,SKU003413,7,8925.07,1275.01,1
2025-02-24,ST14,SKU004422,5,6274.9,1254.98,1
2025-02-24,ST15,SKU002040,35,13847.4,395.64,0
2025-02-24,ST15,SKU002205,3,757.8,252.6,0
2025-02-24,ST16,SKU000630,11,4160.42,378.22,0
2025-02-24,ST16,SKU001741,2,3105.7,1552.85,0
2025-02-24,ST16,SKU003158,8,15800.24,1975.03,0
2025-02-24,ST17,SKU004732,34,54196.0,1594.0,0
2025-02-24,ST18,SKU004711,19,12199.71,642.09,0
2025-02-24,ST19,SKU003403,15,27293.4,1819.56,1
2025-02-24,ST20,SKU000587,12,24049.44,2004.12,0
2025-02-24,ST20,SKU001345,2,4141.4,2070.7,0
2025-02-24,ST20,SKU002872,18,5376.96,298.72,0
2025-02-24,ST21,SKU004041,8,9180.24,1147.53,0
2025-02-24,ST22,SKU001484,6,9411.36,1568.56,0
2025-02-24,ST22,SKU001874,21,35523.81,1691.61,0
2025-02-24,ST24,SKU000111,14,32009.6,2286.4,0
2025-02-24,ST24,SKU002667,27,45309.78,1678.14,0
2025-02-24,ST25,SKU004687,0,0.0,1138.71,0
2025-02-24,ST26,SKU000140,20,3267.4,163.37,0
2025-02-24,ST26,SKU000971,35,40805.8,1165.88,0
2025-02-24,ST26,SKU003034,7,9667.42,1381.06,0
2025-02-24,ST27,SKU000308,14,21208.74,1514.91,1
2025-02-24,ST27,SKU002036,21,8521.8,405.8,0
2025-02-24,ST27,SKU002626,9,21576.69,2397.41,0
2025-02-24,ST27,SKU003556,18,14844.78,824.71,0
2025-02-24,ST30,SKU004055,25,21589.0,863.56,0
2025-02-25,ST01,SKU000590,11,15181.21,1380.11,0
2025-02-25,ST01,SKU003585,10,1524.2,152.42,0
2025-02-25,ST02,SKU000891,12,20666.52,1722.21,0
2025-02-25,ST03,SKU000463,9,1730.07,192.23,0
2025-02-25,ST04,SKU003127,2,2731.9,1365.95,0
2025-02-25,ST04,SKU004895,5,6709.05,1341.81,1
2025-02-25,ST06,SKU000873,8,13221.44,1652.68,0
2025-02-25,ST06,SKU003847,14,4139.1,295.65,0
2025-02-25,ST07,SKU002581,8,6971.12,871.39,0
2025-02-25,ST07,SKU003452,36,81704.16,2269.56,0
2025-02-25,ST08,SKU004369,8,19036.16,2379.52,0
2025-02-25,ST09,SKU000176,10,14278.9,1427.89,0
2025-02-25,ST10,SKU004260,13,21327.93,1640.61,0
2025-02-25,ST11,SKU001720,21,21316.47,1015.07,0
2025-02-25,ST12,SKU002572,7,10447.92,1492.56,0
2025-02-25,ST14,SKU001719,27,44770.59,1658.17,0
2025-02-25,ST14,SKU002872,10,2987.2,298.72,0
2025-02-25,ST16,SKU000991,0,0.0,1515.24,0
2025-02-25,ST16,SKU002866,3,5184.36,1728.12,0
2025-02-25,ST16,SKU003884,9,13223.25,1469.25,0
2025-02-25,ST16,SKU004935,6,1741.14,290.19,0
2025-02-25,ST17,SKU001519,2,893.98,446.99,0
2025-02-25,ST18,SKU003109,13,30680.13,2360.01,1
2025-02-25,ST19,SKU001111,4,9278.28,2319.57,0
2025-02-25,ST19,SKU002043,5,12435.2,2487.04,0
2025-02-25,ST19,SKU003835,22,28997.32,1318.06,0
2025-02-25,ST20,SKU001976,4,9077.68,2269.42,0
2025-02-25,ST21,SKU003939,11,3783.89,343.99,0
2025-02-25,ST22,SKU003710,4,599.28,149.82,0
2025-02-25,ST30,SKU004778,12,25503.36,2125.28,0
2025-02-26,ST01,SKU004391,34,39475.36,1161.04,0
2025-02-26,ST02,SKU000810,9,7619.85,846.65,0
2025-02-26,ST03,SKU001035,10,7949.1,794.91,0
2025-02-26,ST03,SKU002915,5,5077.2,1015.44,0
2025-02-26,ST04,SKU001963,2,3692.48,1846.24,0
2025-02-26,ST04,SKU002562,8,12417.84,1552.23,0
2025-02-26,ST06,SKU003061,8,8171.36,1021.42,0
2025-02-26,ST06,SKU003286,11,1272.81,115.71,0
2025-02-26,ST07,SKU001205,0,0.0,839.9,0
2025-02-26,ST07,SKU001904,26,29261.44,1125.44,0
2025-02-26,ST09,SKU001700,2,594.04,297.02,0
2025-02-26,ST09,SKU003556,16,13195.36,824.71,1
2025-02-26,ST09,SKU004079,10,5707.4,570.74,0
2025-02-26,ST09,SKU004524,17,8730.86,513.58,0
2025-02-26,ST09,SKU004552,3,1676.61,558.87,0
2025-02-26,ST11,SKU002826,16,20416.32,1276.02,0
2025-02-26,ST11,SKU004079,22,12556.28,570.74,0
2025-02-26,ST13,SKU003696,6,5703.12,950.52,1
2025-02-26,ST13,SKU004399,15,34923.75,2328.25,0
2025-02-26,ST14,SKU001993,17,1675.69,98.57,0
2025-02-26,ST16,SKU001361,0,0.0,1181.6,0
2025-02-26,ST17,SKU001251,5,1116.15,223.23,0
2025-02-26,ST18,SKU004734,25,40431.0,1617.24,1
2025-02-26,ST19,SKU002077,7,4005.68,572.24,0
2025-02-26,ST19,SKU002244,21,5268.06,250.86,1
2025-02-26,ST19,SKU003167,17,33888.65,1993.45,0
2025-02-26,ST21,SKU003507,5,12010.45,2402.09,0
2025-02-26,ST23,SKU002189,17,22270.51,1310.03,0
2025-02-26,ST24,SKU004541,5,7145.65,1429.13,1
2025-02-26,ST25,SKU000955,14,23032.8,1645.2,0
2025-02-26,ST25,SKU002210,8,10341.76,1292.72,1
2025-02-26,ST25,SKU003833,8,14598.64,1824.83,0
2025-02-26,ST26,SKU001855,6,11529.9,1921.65,0
2025-02-26,ST26,SKU004878,5,1678.75,335.75,0
2025-02-26,ST30,SKU002075,4,7946.2,1986.55,0
2025-02-26,ST30,SKU003311,11,6144.71,558.61,0
2025-02-27,ST02,SKU001110,28,55513.92,1982.64,0
2025-02-27,ST02,SKU003565,10,7070.5,707.05,0
2025-02-27,ST03,SKU004440,14,12241.32,874.38,0
2025-02-27,ST04,SKU001116,20,46548.8,2327.44,0
2025-02-27,ST04,SKU003340,10,5190.6,519.06,0
2025-02-27,ST04,SKU003563,14,21311.5,1522.25,0
2025-02-27,ST04,SKU004099,27,28799.28,1066.64,0
2025-02-27,ST05,SKU000375,10,1393.6,139.36,0
2025-02-27,ST05,SKU001381,13,3382.08,260.16,0
2025-02-27,ST05,SKU002647,1,2005.58,2005.58,0
2025-02-27,ST06,SKU002136,14,21008.82,1500.63,1
2025-02-27,ST06,SKU003566,8,16296.96,2037.12,0
2025-02-27,ST06,SKU004520,10,1164.4,116.44,0
2025-02-27,ST07,SKU000710,11,12163.69,1105.79,0
2025-02-27,ST07,SKU001141,9,22395.24,2488.36,0
2025-02-27,ST07,SKU003356,33,11084.37,335.89,1
2025-02-27,ST09,SKU004109,12,11243.52,936.96,1
2025-02-27,ST10,SKU004175,5,2027.7,405.54,0
2025-02-27,ST11,SKU002539,18,8772.84,487.38,0
2025-02-27,ST11,SKU003101,21,20639.64,982.84,0
2025-02-27,ST11,SKU004241,16,31274.08,1954.63,0
2025-02-27,ST13,SKU000245,13,10023.78,771.06,0
2025-02-27,ST13,SKU002570,13,19387.81,1491.37,0
2025-02-27,ST13,SKU004922,14,1934.38,138.17,1
2025-02-27,ST14,SKU002184,37,31448.15,849.95,0
2025-02-27,ST15,SKU001561,15,19449.75,1296.65,1
2025-02-27,ST16,SKU000991,28,42426.72,1515.24,0
2025-02-27,ST16,SKU004273,6,422.52,70.42,0
2025-02-27,ST19,SKU000058,4,3067.88,766.97,0
2025-02-27,ST19,SKU004004,7,16136.05,2305.15,0
2025-02-27,ST20,SKU001114,8,4400.88,550.11,1
2025-02-27,ST22,SKU000854,4,7642.64,1910.66,0
2025-02-27,ST22,SKU003380,2,1630.32,815.16,0
2025-02-27,ST22,SKU003823,6,8380.32,1396.72,1
2025-02-27,ST22,SKU004620,7,14446.53,2063.79,0
2025-02-27,ST23,SKU002627,15,29843.25,1989.55,0
2025-02-27,ST24,SKU004113,17,3819.39,224.67,0
2025-02-27,ST27,SKU003112,19,11736.68,617.72,0
2025-02-27,ST28,SKU002590,4,1281.8,320.45,0
2025-02-27,ST28,SKU004583,13,19754.02,1519.54,0
2025-02-27,ST30,SKU000409,4,7230.96,1807.74,0
2025-02-27,ST30,SKU002961,4,9032.44,2258.11,0
2025-02-27,ST30,SKU003968,3,3431.22,1143.74,0
2025-02-28,ST03,SKU002139,6,1032.48,172.08,0
2025-02-28,ST03,SKU002600,4,1938.68,484.67,0
2025-02-28,ST03,SKU003885,4,1768.44,442.11,0
2025-02-28,ST06,SKU003450,16,25687.52,1605.47,0
2025-02-28,ST08,SKU001371,10,16417.1,1641.71,0
2025-02-28,ST08,SKU003708,3,3778.44,1259.48,0
2025-02-28,ST08,SKU004941,12,10510.08,875.84,0
2025-02-28,ST09,SKU003570,4,4277.48,1069.37,0
2025-02-28,ST09,SKU004095,20,24837.8,1241.89,0
2025-02-28,ST11,SKU004579,19,19810.92,1042.68,0
2025-02-28,ST13,SKU000112,21,2797.62,133.22,0
2025-02-28,ST13,SKU002364,22,49752.12,2261.46,0
2025-02-28,ST13,SKU003191,7,7075.46,1010.78,0
2025-02-28,ST14,SKU000965,19,11901.41,626.39,1
2025-02-28,ST17,SKU004575,12,19084.44,1590.37,0
2025-02-28,ST17,SKU004593,16,34278.08,2142.38,0
2025-02-28,ST18,SKU002450,11,26107.07,2373.37,0
2025-02-28,ST19,SKU000317,24,6798.48,283.27,0
2025-02-28,ST20,SKU002038,4,4653.28,1163.32,0
2025-02-28,ST22,SKU001813,7,11494.21,1642.03,0
2025-02-28,ST23,SKU000291,6,7825.08,1304.18,0
2025-02-28,ST23,SKU000674,23,46804.54,2034.98,0
2025-02-28,ST24,SKU000873,4,6610.72,1652.68,0
2025-02-28,ST28,SKU001897,17,18952.79,1114.87,1
2025-02-28,ST29,SKU000180,14,27850.06,1989.29,0
2025-02-28,ST29,SKU002019,3,411.81,137.27,0
2025-02-28,ST30,SKU000979,7,3918.88,559.84,1
2025-03-01,ST01,SKU002827,11,11345.29,1031.39,1
2025-03-01,ST02,SKU002606,2,3533.04,1766.52,0
2025-03-01,ST03,SKU001077,38,7757.32,204.14,0
2025-03-01,ST03,SKU001247,4,8183.44,2045.86,0
2025-03-01,ST03,SKU002094,11,8988.76,817.16,0
2025-03-01,ST04,SKU001947,14,6973.54,498.11,0
2025-03-01,ST04,SKU002312,3,3876.78,1292.26,0
2025-03-01,ST05,SKU003943,1,2080.27,2080.27,0
2025-03-01,ST07,SKU002761,32,34773.44,1086.67,0
2025-03-01,ST07,SKU003702,13,3954.34,304.18,0
2025-03-01,ST09,SKU004093,4,4963.4,1240.85,0
2025-03-01,ST09,SKU004653,8,13640.48,1705.06,0
2025-03-01,ST10,SKU004016,10,4949.8,494.98,0
2025-03-01,ST11,SKU000719,27,2522.34,93.42,0
2025-03-01,ST11,SKU002456,23,38386.77,1668.99,0
2025-03-01,ST12,SKU001884,6,10390.5,1731.75,0
2025-03-01,ST14,SKU000810,35,29632.75,846.65,1
2025-03-01,ST14,SKU002724,15,8649.3,576.62,1
2025-03-01,ST16,SKU000801,52,128474.32,2470.66,1
2025-03-01,ST16,SKU003134,8,6344.48,793.06,0
2025-03-01,ST17,SKU001647,11,26539.81,2412.71,0
2025-03-01,ST17,SKU003257,33,61351.29,1859.13,0
2025-03-01,ST18,SKU001481,33,19287.18,584.46,0
2025-03-01,ST19,SKU004673,18,8287.74,460.43,1
2025-03-01,ST20,SKU001062,11,9913.42,901.22,0
2025-03-01,ST21,SKU003390,3,1731.66,577.22,0
2025-03-01,ST21,SKU004506,18,9863.46,547.97,0
2025-03-01,ST22,SKU003266,4,1803.96,450.99,0
2025-03-01,ST23,SKU003590,11,12140.92,1103.72,0
2025-03-01,ST25,SKU003695,12,20373.6,1697.8,0
2025-03-01,ST26,SKU000916,17,7226.87,425.11,0
2025-03-01,ST27,SKU001823,45,63145.35,1403.23,0
2025-03-01,ST27,SKU002560,17,37483.81,2204.93,0
2025-03-01,ST27,SKU003489,34,76287.84,2243.76,0
2025-03-01,ST29,SKU000168,14,14444.08,1031.72,1
2025-03-01,ST29,SKU003674,2,3170.3,1585.15,0
2025-03-02,ST01,SKU002583,16,39912.48,2494.53,0
2025-03-02,ST01,SKU003623,24,20693.52,862.23,0
2025-03-02,ST02,SKU001026,7,11082.89,1583.27,0
2025-03-02,ST03,SKU001849,10,13769.6,1376.96,0
2025-03-02,ST04,SKU001588,25,55445.5,2217.82,0
2025-03-02,ST05,SKU004600,12,29880.96,2490.08,0
2025-03-02,ST06,SKU000616,5,2806.5,561.3,0
2025-03-02,ST06,SKU003468,14,15857.94,1132.71,0
2025-03-02,ST09,SKU000055,15,30832.5,2055.5,0
2025-03-02,ST09,SKU002806,33,18825.51,570.47,0
2025-03-02,ST10,SKU000071,24,37942.56,1580.94,0
2025-03-02,ST10,SKU004219,25,3042.0,121.68,0
2025-03-02,ST11,SKU000858,5,4822.85,964.57,0
2025-03-02,ST12,SKU002161,13,2475.46,190.42,0
2025-03-02,ST13,SKU002711,10,13016.0,1301.6,0
2025-03-02,ST13,SKU003452,26,59008.56,2269.56,0
2025-03-02,ST14,SKU000378,17,12264.48,721.44,0
2025-03-02,ST14,SKU003385,0,0.0,802.96,0
2025-03-02,ST15,SKU002988,10,557.5,55.75,0
2025-03-02,ST16,SKU003904,41,7132.36,173.96,1
2025-03-02,ST16,SKU004742,5,3046.0,609.2,0
2025-03-02,ST17,SKU000196,26,10879.44,418.44,0
2025-03-02,ST17,SKU000364,9,18267.84,2029.76,0
2025-03-02,ST18,SKU000764,21,1350.93,64.33,0
2025-03-02,ST19,SKU000196,13,5439.72,418.44,0
2025-03-02,ST19,SKU000519,5,7882.25,1576.45,0
2025-03-02,ST19,SKU000908,17,40123.4,2360.2,0
2025-03-02,ST20,SKU001698,7,6836.97,976.71,0
2025-03-02,ST21,SKU001378,10,24971.2,2497.12,0
2025-03-02,ST22,SKU002617,27,14865.12,550.56,0
2025-03-02,ST23,SKU001350,7,5088.09,726.87,0
2025-03-02,ST24,SKU003394,11,13432.54,1221.14,1
2025-03-02,ST25,SKU000211,9,15337.35,1704.15,0
2025-03-02,ST26,SKU002080,3,3259.86,1086.62,0
2025-03-02,ST27,SKU000349,8,11746.96,1468.37,0
2025-03-02,ST28,SKU003521,20,7304.8,365.24,0
2025-03-02,ST30,SKU000275,22,43911.12,1995.96,0
2025-03-02,ST30,SKU004354,9,5516.91,612.99,0
2025-03-03,ST01,SKU004482,24,19896.48,829.02,0
2025-03-03,ST01,SKU004719,9,18145.71,2016.19,0
2025-03-03,ST01,SKU004829,12,28164.0,2347.0,0
2025-03-03,ST05,SKU002403,17,26351.19,1550.07,0
2025-03-03,ST05,SKU003261,10,11774.5,1177.45,0
2025-03-03,ST05,SKU003391,11,25334.65,2303.15,0
2025-03-03,ST06,SKU004242,11,16694.92,1517.72,0
2025-03-03,ST07,SKU003979,0,0.0,1468.75,0
2025-03-03,ST08,SKU000039,3,6194.25,2064.75,1
2025-03-03,ST08,SKU002327,17,6147.2,361.6,0
2025-03-03,ST09,SKU004802,15,3286.8,219.12,0
2025-03-03,ST10,SKU001422,21,37653.0,1793.0,0
2025-03-03,ST11,SKU000928,14,22503.88,1607.42,0
2025-03-03,ST11,SKU003173,6,755.16,125.86,0
2025-03-03,ST11,SKU003338,4,3795.88,948.97,0
2025-03-03,ST12,SKU001241,12,1030.2,85.85,0
2025-03-03,ST15,SKU003273,0,0.0,762.11,0
2025-03-03,ST16,SKU000521,20,7231.6,361.58,0
2025-03-03,ST16,SKU001572,14,31819.62,2272.83,0
2025-03-03,ST17,SKU001099,19,23006.53,1210.87,0
2025-03-03,ST17,SKU003279,2,1724.16,862.08,0
2025-03-03,ST20,SKU001084,7,5711.3,815.9,0
2025-03-03,ST20,SKU001638,24,26541.12,1105.88,1
2025-03-03,ST20,SKU001825,29,2426.14,83.66,1
2025-03-03,ST20,SKU004791,8,1929.68,241.21,0
2025-03-03,ST21,SKU003427,9,11686.32,1298.48,0
2025-03-03,ST21,SKU004336,7,15059.31,2151.33,0
2025-03-03,ST22,SKU002617,11,6056.16,550.56,1
2025-03-03,ST23,SKU002532,28,11432.96,408.32,1
2025-03-03,ST23,SKU004304,18,10146.96,563.72,0
2025-03-03,ST24,SKU001801,8,14606.8,1825.85,0
2025-03-03,ST24,SKU002837,16,29033.92,1814.62,0
2025-03-03,ST24,SKU003871,4,5494.04,1373.51,0
2025-03-03,ST25,SKU000408,22,52097.54,2368.07,1
2025-03-03,ST25,SKU004565,7,3300.15,471.45,0
2025-03-03,ST26,SKU002227,7,13973.05,1996.15,0
2025-03-03,ST27,SKU004166,4,8493.44,2123.36,0
2025-03-03,ST29,SKU002601,8,2617.52,327.19,0
2025-03-04,ST02,SKU000808,12,19863.36,1655.28,0
2025-03-04,ST03,SKU003533,10,2153.9,215.39,0
2025-03-04,ST03,SKU004240,2,3556.4,1778.2,0
2025-03-04,ST04,SKU002782,7,8793.75,1256.25,0
2025-03-04,ST06,SKU003377,12,27116.76,2259.73,0
2025-03-04,ST06,SKU004313,29,12367.34,426.46,1
2025-03-04,ST08,SKU003088,5,9490.6,1898.12,0
2025-03-04,ST09,SKU003258,6,10473.48,1745.58,0
2025-03-04,ST12,SKU000976,9,2124.36,236.04,0
2025-03-04,ST12,SKU001685,10,7122.6,712.26,1
2025-03-04,ST13,SKU001631,19,7113.03,374.37,1
2025-03-04,ST14,SKU002162,16,28935.52,1808.47,0
2025-03-04,ST19,SKU002644,8,10441.92,1305.24,0
2025-03-04,ST20,SKU000736,10,3448.5,344.85,0
2025-03-04,ST20,SKU002032,9,8169.3,907.7,0
2025-03-04,ST20,SKU002833,9,18756.99,2084.11,1
2025-03-04,ST21,SKU002937,11,21238.47,1930.77,0
2025-03-04,ST21,SKU003607,13,30535.05,2348.85,0
2025-03-04,ST21,SKU003700,10,23657.3,2365.73,0
2025-03-04,ST22,SKU003903,6,12389.76,2064.96,0
2025-03-04,ST23,SKU003987,2,763.92,381.96,0
2025-03-04,ST25,SKU002079,3,2806.5,935.5,0
2025-03-04,ST28,SKU002738,11,5389.56,489.96,1
2025-03-04,ST29,SKU001751,16,27275.2,1704.7,0
2025-03-04,ST29,SKU004371,8,13792.32,1724.04,0
2025-03-05,ST02,SKU000088,33,27564.24,835.28,0
2025-03-05,ST02,SKU000290,4,7305.56,1826.39,0
2025-03-05,ST03,SKU003712,5,7547.9,1509.58,0
2025-03-05,ST04,SKU003026,21,29771.07,1417.67,0
2025-03-05,ST05,SKU003856,13,8294.91,638.07,1
2025-03-05,ST07,SKU002723,15,26235.75,1749.05,0
2025-03-05,ST08,SKU002664,15,13262.7,884.18,0
2025-03-05,ST09,SKU002137,9,4427.64,491.96,0
2025-03-05,ST09,SKU002478,16,16556.64,1034.79,0
2025-03-05,ST09,SKU003878,38,33460.52,880.54,0
2025-03-05,ST10,SKU003122,14,17952.06,1282.29,0
2025-03-05,ST11,SKU003276,2,966.08,483.04,0
2025-03-05,ST12,SKU001827,24,39505.2,1646.05,0
2025-03-05,ST12,SKU003866,7,2189.67,312.81,1
2025-03-05,ST12,SKU004431,10,1397.7,139.77,0
2025-03-05,ST13,SKU000842,2,4651.34,2325.67,0
2025-03-05,ST13,SKU001119,17,40505.05,2382.65,1
2025-03-05,ST14,SKU000227,4,7760.72,1940.18,0
2025-03-05,ST15,SKU001990,5,8404.55,1680.91,0
2025-03-05,ST15,SKU003105,4,4588.68,1147.17,0
2025-03-05,ST15,SKU003868,10,10306.8,1030.68,0
2025-03-05,ST17,SKU000828,18,36162.54,2009.03,0
2025-03-05,ST18,SKU002449,0,0.0,91.38,1
2025-03-05,ST19,SKU004371,1,1724.04,1724.04,0
2025-03-05,ST20,SKU000292,24,54142.32,2255.93,0
2025-03-05,ST21,SKU000347,5,3681.25,736.25,0
2025-03-05,ST22,SKU000941,6,10612.02,1768.67,0
2025-03-05,ST22,SKU004739,8,16098.64,2012.33,0
2025-03-05,ST23,SKU002258,16,25135.52,1570.97,0
2025-03-05,ST30,SKU001909,16,15420.0,963.75,0
2025-03-05,ST30,SKU002448,10,8538.3,853.83,0
2025-03-05,ST30,SKU003578,14,8407.0,600.5,0
2025-03-06,ST02,SKU003441,5,7134.6,1426.92,0
2025-03-06,ST03,SKU002830,28,37030.84,1322.53,0
2025-03-06,ST06,SKU002890,26,62647.0,2409.5,1
2025-03-06,ST07,SKU004067,6,7821.72,1303.62,0
2025-03-06,ST08,SKU003278,15,4469.25,297.95,0
2025-03-06,ST09,SKU000308,20,30298.2,1514.91,0
2025-03-06,ST09,SKU004660,14,17196.06,1228.29,1
2025-03-06,ST10,SKU003100,13,5658.51,435.27,1
2025-03-06,ST10,SKU004799,8,12163.12,1520.39,1
2025-03-06,ST12,SKU004665,11,8715.74,792.34,0
2025-03-06,ST13,SKU000733,15,30100.35,2006.69,0
2025-03-06,ST13,SKU002718,2,3539.76,1769.88,0
2025-03-06,ST13,SKU004354,1,612.99,612.99,0
2025-03-06,ST15,SKU000992,3,3691.59,1230.53,0
2025-03-06,ST17,SKU002405,3,2541.36,847.12,0
2025-03-06,ST17,SKU004888,9,12462.75,1384.75,0
2025-03-06,ST18,SKU003142,10,19868.4,1986.84,0
2025-03-06,ST18,SKU004140,8,5564.16,695.52,0
2025-03-06,ST20,SKU001091,11,1424.17,129.47,0
2025-03-06,ST20,SKU003150,13,2303.08,177.16,0
2025-03-06,ST21,SKU000187,5,2408.95,481.79,0
2025-03-06,ST21,SKU003126,16,39199.36,2449.96,0
2025-03-06,ST21,SKU004677,9,6762.42,751.38,0
2025-03-06,ST25,SKU003154,28,52315.48,1868.41,0
2025-03-06,ST28,SKU003580,39,24043.11,616.49,0
2025-03-06,ST29,SKU003546,13,10961.99,843.23,0
2025-03-06,ST30,SKU004655,12,5081.52,423.46,0
2025-03-07,ST02,SKU001785,3,355.32,118.44,0
2025-03-07,ST02,SKU002289,11,5776.32,525.12,1
2025-03-07,ST02,SKU002758,16,25447.04,1590.44,0
2025-03-07,ST03,SKU001387,3,3753.75,1251.25,0
2025-03-07,ST03,SKU002195,41,26643.44,649.84,0
2025-03-07,ST03,SKU003148,23,41616.43,1809.41,0
2025-03-07,ST04,SKU002036,8,3246.4,405.8,0
2025-03-07,ST04,SKU003872,26,6279.78,241.53,0
2025-03-07,ST04,SKU004645,9,7382.97,820.33,1
2025-03-07,ST05,SKU002626,15,35961.15,2397.41,0
2025-03-07,ST05,SKU004957,13,28293.2,2176.4,1
2025-03-07,ST07,SKU003158,7,13825.21,1975.03,0
2025-03-07,ST07,SKU003257,0,0.0,1859.13,1
2025-03-07,ST11,SKU001557,18,1533.42,85.19,0
2025-03-07,ST13,SKU001862,6,13129.44,2188.24,0
2025-03-07,ST14,SKU000832,11,1293.27,117.57,0
2025-03-07,ST15,SKU000273,14,30952.32,2210.88,0
2025-03-07,ST15,SKU004796,9,13680.27,1520.03,0
2025-03-07,ST17,SKU000706,7,5633.81,804.83,0
2025-03-07,ST17,SKU002057,11,12647.36,1149.76,0
2025-03-07,ST18,SKU001357,11,25419.02,2310.82,0
2025-03-07,ST18,SKU003346,11,3714.37,337.67,0
2025-03-07,ST19,SKU003284,11,12666.72,1151.52,1
2025-03-07,ST20,SKU000900,8,16872.48,2109.06,0
2025-03-07,ST20,SKU001159,13,8477.17,652.09,0
2025-03-07,ST21,SKU000579,7,4021.78,574.54,0
2025-03-07,ST21,SKU001183,2,776.86,388.43,0
2025-03-07,ST21,SKU001952,6,9595.8,1599.3,0
2025-03-07,ST21,SKU002616,3,7057.83,2352.61,0
2025-03-07,ST21,SKU002962,12,13272.96,1106.08,0
2025-03-07,ST22,SKU004910,18,11512.98,639.61,0
2025-03-07,ST24,SKU003567,16,19908.64,1244.29,0
2025-03-07,ST27,SKU000636,8,8838.32,1104.79,0
2025-03-07,ST27,SKU001523,8,10424.72,1303.09,1
2025-03-07,ST29,SKU003552,22,46862.42,2130.11,0
2025-03-07,ST30,SKU001167,4,9348.64,2337.16,0
2025-03-08,ST04,SKU000466,4,1452.76,363.19,0
2025-03-08,ST08,SKU000167,7,11803.47,1686.21,0
2025-03-08,ST09,SKU002498,11,12818.19,1165.29,0
2025-03-08,ST10,SKU003777,2,1663.78,831.89,0
2025-03-08,ST11,SKU003229,3,2636.4,878.8,0
2025-03-08,ST12,SKU002668,12,17902.56,1491.88,0
2025-03-08,ST13,SKU001137,10,23622.7,2362.27,0
2025-03-08,ST13,SKU001201,24,44061.84,1835.91,0
2025-03-08,ST13,SKU001539,13,16564.6,1274.2,0
2025-03-08,ST16,SKU000684,5,11848.1,2369.62,0
2025-03-08,ST16,SKU001455,6,13434.6,2239.1,0
2025-03-08,ST17,SKU000784,11,27485.92,2498.72,0
2025-03-08,ST18,SKU003968,16,18299.84,1143.74,0
2025-03-08,ST20,SKU003275,10,18099.2,1809.92,0
2025-03-08,ST21,SKU001334,9,2913.12,323.68,0
2025-03-08,ST22,SKU001511,8,15403.76,1925.47,0
2025-03-08,ST23,SKU001803,4,9105.36,2276.34,0
2025-03-08,ST23,SKU002149,19,4725.68,248.72,0
2025-03-08,ST24,SKU000515,13,18771.48,1443.96,0
2025-03-08,ST25,SKU000072,7,10136.14,1448.02,0
2025-03-08,ST25,SKU000674,11,22384.78,2034.98,0
2025-03-08,ST25,SKU002344,3,4971.9,1657.3,0
2025-03-08,ST27,SKU001584,7,12783.19,1826.17,0
2025-03-08,ST27,SKU004407,17,36907.0,2171.0,0
2025-03-08,ST29,SKU001818,27,21411.54,793.02,0
2025-03-08,ST30,SKU004192,12,28243.2,2353.6,0
2025-03-08,ST30,SKU004881,13,16176.94,1244.38,0
2025-03-09,ST01,SKU001441,24,49869.6,2077.9,0
2025-03-09,ST02,SKU000874,33,74334.48,2252.56,0
2025-03-09,ST04,SKU002097,12,29062.92,2421.91,1
2025-03-09,ST04,SKU003491,7,16052.75,2293.25,0
2025-03-09,ST05,SKU000560,14,21701.4,1550.1,1
2025-03-09,ST05,SKU000828,8,16072.24,2009.03,0
2025-03-09,ST06,SKU001470,2,1150.06,575.03,1
2025-03-09,ST06,SKU002256,16,14226.4,889.15,0
2025-03-09,ST08,SKU002986,22,38065.72,1730.26,0
2025-03-09,ST09,SKU001183,16,6214.88,388.43,0
2025-03-09,ST09,SKU004667,5,766.25,153.25,0
2025-03-09,ST10,SKU000567,17,969.0,57.0,1
2025-03-09,ST12,SKU004843,40,36903.2,922.58,1
2025-03-09,ST14,SKU000034,5,10896.85,2179.37,0
2025-03-09,ST14,SKU001751,13,22161.1,1704.7,0
2025-03-09,ST15,SKU001200,2,1610.2,805.1,0
2025-03-09,ST16,SKU001605,6,4403.28,733.88,0
2025-03-09,ST16,SKU001777,9,1301.13,144.57,1
2025-03-09,ST16,SKU004246,36,64910.88,1803.08,1
2025-03-09,ST18,SKU001408,8,3415.12,426.89,1
2025-03-09,ST18,SKU003974,14,5822.6,415.9,0
2025-03-09,ST19,SKU001409,18,34409.88,1911.66,0
2025-03-09,ST19,SKU004512,11,6973.45,633.95,0
2025-03-09,ST20,SKU003105,10,11471.7,1147.17,0
2025-03-09,ST21,SKU000248,29,55033.59,1897.71,1
2025-03-09,ST21,SKU004146,30,27928.8,930.96,0
2025-03-09,ST22,SKU003602,0,0.0,1252.66,0
2025-03-09,ST23,SKU001598,12,10340.88,861.74,1
2025-03-09,ST23,SKU001717,3,2889.72,963.24,0
2025-03-09,ST24,SKU000202,7,4081.84,583.12,0
2025-03-09,ST24,SKU001318,12,24243.84,2020.32,0
2025-03-09,ST24,SKU004411,19,25073.73,1319.67,1
2025-03-09,ST26,SKU000497,16,6928.16,433.01,0
2025-03-09,ST26,SKU001312,19,4779.83,251.57,1
2025-03-09,ST30,SKU003558,15,15848.85,1056.59,0
2025-03-10,ST01,SKU002484,14,19360.46,1382.89,0
2025-03-10,ST03,SKU000806,5,919.9,183.98,0
2025-03-10,ST05,SKU002434,0,0.0,1263.52,0
2025-03-10,ST06,SKU001962,8,12133.12,1516.64,0
2025-03-10,ST08,SKU001886,3,786.24,262.08,1
2025-03-10,ST09,SKU000175,8,1233.84,154.23,0
2025-03-10,ST09,SKU001565,4,5240.08,1310.02,0
2025-03-10,ST09,SKU002872,8,2389.76,298.72,0
2025-03-10,ST10,SKU003086,4,4314.76,1078.69,0
2025-03-10,ST10,SKU003762,4,4382.96,1095.74,1
2025-03-10,ST11,SKU000282,0,0.0,570.2,0
2025-03-10,ST11,SKU000351,15,27788.1,1852.54,1
2025-03-10,ST11,SKU001014,17,978.18,57.54,0
2025-03-10,ST11,SKU004019,10,11881.3,1188.13,0
2025-03-10,ST12,SKU002542,11,17393.09,1581.19,0
2025-03-10,ST12,SKU002717,2,1875.58,937.79,0
2025-03-10,ST12,SKU004498,27,61972.56,2295.28,0
2025-03-10,ST13,SKU001627,12,1276.92,106.41,0
2025-03-10,ST13,SKU002432,7,5162.64,737.52,0
2025-03-10,ST13,SKU003182,12,19313.04,1609.42,0
2025-03-10,ST14,SKU001096,1,1039.96,1039.96,0
2025-03-10,ST15,SKU004988,3,4087.59,1362.53,0
2025-03-10,ST16,SKU000858,3,2893.71,964.57,0
2025-03-10,ST17,SKU003666,8,12144.48,1518.06,0
2025-03-10,ST18,SKU002725,20,48122.4,2406.12,0
2025-03-10,ST20,SKU000706,7,5633.81,804.83,0
2025-03-10,ST22,SKU002551,10,10304.9,1030.49,0
2025-03-10,ST22,SKU003516,18,29754.72,1653.04,1
2025-03-10,ST22,SKU004491,17,13678.37,804.61,1
2025-03-10,ST23,SKU000075,0,0.0,1803.19,0
2025-03-10,ST26,SKU000979,7,3918.88,559.84,0
2025-03-10,ST26,SKU001343,7,1037.61,148.23,0
2025-03-10,ST26,SKU004042,2,1504.28,752.14,0
2025-03-10,ST26,SKU004085,20,27663.6,1383.18,0
2025-03-10,ST28,SKU000243,6,14456.4,2409.4,0
2025-03-10,ST29,SKU000729,13,17824.43,1371.11,0
2025-03-10,ST30,SKU003211,11,6770.39,615.49,0
2025-03-11,ST01,SKU003482,12,24012.0,2001.0,1
2025-03-11,ST02,SKU001028,11,25280.31,2298.21,0
2025-03-11,ST05,SKU002425,10,1005.7,100.57,0
2025-03-11,ST05,SKU004699,7,12161.73,1737.39,0
2025-03-11,ST06,SKU003348,2,2090.9,1045.45,0
2025-03-11,ST09,SKU002757,35,4437.65,126.79,0
2025-03-11,ST09,SKU004478,15,29740.2,1982.68,0
2025-03-11,ST10,SKU002995,21,31655.61,1507.41,0
2025-03-11,ST11,SKU002854,4,7327.44,1831.86,0
2025-03-11,ST12,SKU001270,14,3301.9,235.85,0
2025-03-11,ST13,SKU000539,13,16849.69,1296.13,0
2025-03-11,ST15,SKU000851,11,11939.29,1085.39,0
2025-03-11,ST16,SKU003962,13,16068.52,1236.04,0
2025-03-11,ST19,SKU002212,23,12440.24,540.88,0
2025-03-11,ST25,SKU001904,4,4501.76,1125.44,0
2025-03-11,ST29,SKU001316,22,23369.72,1062.26,1
2025-03-11,ST29,SKU001653,19,37546.85,1976.15,1
2025-03-11,ST29,SKU002168,1,1742.79,1742.79,0
2025-03-11,ST29,SKU003786,3,7359.36,2453.12,0
2025-03-11,ST30,SKU002285,13,22248.85,1711.45,0
2025-03-11,ST30,SKU002597,24,29133.12,1213.88,0
2025-03-12,ST02,SKU000313,21,28991.13,1380.53,0
2025-03-12,ST02,SKU001453,22,39689.54,1804.07,0
2025-03-12,ST02,SKU002551,6,6182.94,1030.49,0
2025-03-12,ST03,SKU003991,20,40702.8,2035.14,0
2025-03-12,ST03,SKU004268,27,4473.36,165.68,0
2025-03-12,ST05,SKU001294,15,6600.15,440.01,0
2025-03-12,ST05,SKU002288,13,20637.24,1587.48,1
2025-03-12,ST08,SKU000493,2,3396.64,1698.32,0
2025-03-12,ST08,SKU001569,5,9085.6,1817.12,0
2025-03-12,ST08,SKU004623,10,1738.9,173.89,0
2025-03-12,ST09,SKU000211,46,78390.9,1704.15,1
2025-03-12,ST10,SKU000366,39,30350.58,778.22,0
2025-03-12,ST10,SKU004241,3,5863.89,1954.63,0
2025-03-12,ST12,SKU001839,7,7258.86,1036.98,0
2025-03-12,ST16,SKU001964,40,39773.2,994.33,0
2025-03-12,ST16,SKU002168,6,10456.74,1742.79,0
2025-03-12,ST16,SKU002565,12,15278.52,1273.21,0
2025-03-12,ST17,SKU000402,4,5661.92,1415.48,0
2025-03-12,ST20,SKU003562,6,9171.3,1528.55,0
2025-03-12,ST25,SKU002314,46,83505.64,1815.34,1
2025-03-12,ST26,SKU002226,7,16484.02,2354.86,0
2025-03-12,ST26,SKU003542,18,37015.56,2056.42,0
2025-03-12,ST28,SKU000559,35,79178.4,2262.24,0
2025-03-12,ST28,SKU004604,13,30986.28,2383.56,1
2025-03-12,ST29,SKU000514,15,21726.9,1448.46,0
2025-03-12,ST29,SKU001986,9,12959.46,1439.94,0
2025-03-12,ST30,SKU003640,14,24852.94,1775.21,0
2025-03-13,ST01,SKU002606,16,28264.32,1766.52,0
2025-03-13,ST01,SKU002724,24,13838.88,576.62,0
2025-03-13,ST01,SKU003865,12,20686.08,1723.84,0
2025-03-13,ST01,SKU004757,7,9788.59,1398.37,1
2025-03-13,ST03,SKU001371,6,9850.26,1641.71,1
2025-03-13,ST03,SKU003871,9,12361.59,1373.51,0
2025-03-13,ST04,SKU001702,6,5750.04,958.34,0
2025-03-13,ST04,SKU003193,13,13654.03,1050.31,0
2025-03-13,ST06,SKU002216,12,3031.44,252.62,1
2025-03-13,ST08,SKU001058,11,14223.11,1293.01,1
2025-03-13,ST11,SKU000119,14,20210.54,1443.61,0
2025-03-13,ST11,SKU000462,11,22623.15,2056.65,0
2025-03-13,ST12,SKU000347,21,15461.25,736.25,1
2025-03-13,ST12,SKU000998,3,5006.61,1668.87,0
2025-03-13,ST12,SKU001021,7,11404.54,1629.22,0
2025-03-13,ST12,SKU001854,24,15606.72,650.28,1
2025-03-13,ST13,SKU002662,26,14837.16,570.66,0
2025-03-13,ST13,SKU004986,11,16035.69,1457.79,0
2025-03-13,ST16,SKU002652,3,1633.95,544.65,0
2025-03-13,ST16,SKU002824,12,7436.28,619.69,1
2025-03-13,ST16,SKU003539,24,42819.84,1784.16,1
2025-03-13,ST17,SKU004051,13,22598.16,1738.32,0
2025-03-13,ST18,SKU000594,6,820.74,136.79,0
2025-03-13,ST18,SKU001076,16,4796.96,299.81,0
2025-03-13,ST18,SKU001887,24,47435.52,1976.48,0
2025-03-13,ST18,SKU004382,3,444.18,148.06,0
2025-03-13,ST19,SKU001607,16,34328.96,2145.56,1
2025-03-13,ST19,SKU001942,9,21171.15,2352.35,0
2025-03-13,ST19,SKU003946,4,5480.76,1370.19,0
2025-03-13,ST21,SKU000100,6,11233.74,1872.29,0
2025-03-13,ST22,SKU001162,8,2078.16,259.77,0
2025-03-13,ST23,SKU001605,5,3669.4,733.88,0
2025-03-13,ST23,SKU004501,12,29456.76,2454.73,0
2025-03-13,ST24,SKU001316,30,31867.8,1062.26,1
2025-03-13,ST24,SKU002557,9,14588.55,1620.95,0
2025-03-13,ST26,SKU003882,34,30836.98,906.97,1
2025-03-13,ST27,SKU000802,19,35234.55,1854.45,1
2025-03-13,ST27,SKU003189,8,2369.04,296.13,0
2025-03-13,ST27,SKU004442,3,1111.44,370.48,0
2025-03-13,ST28,SKU001057,15,16318.35,1087.89,0
2025-03-13,ST28,SKU001339,20,34095.2,1704.76,0
2025-03-13,ST30,SKU000570,11,7973.68,724.88,0
2025-03-13,ST30,SKU002460,11,26319.92,2392.72,1
2025-03-13,ST30,SKU003728,16,35975.52,2248.47,0
2025-03-14,ST01,SKU003759,4,371.32,92.83,0
2025-03-14,ST02,SKU001633,11,11337.37,1030.67,0
2025-03-14,ST05,SKU000212,9,6501.15,722.35,0
2025-03-14,ST05,SKU001492,10,3183.2,318.32,0
2025-03-14,ST06,SKU002763,4,3431.52,857.88,0
2025-03-14,ST08,SKU004458,17,4803.35,282.55,1
2025-03-14,ST09,SKU001341,27,1961.82,72.66,1
2025-03-14,ST09,SKU001702,1,958.34,958.34,0
2025-03-14,ST09,SKU004010,2,2978.4,1489.2,0
2025-03-14,ST10,SKU002349,16,22323.2,1395.2,0
2025-03-14,ST10,SKU003405,3,3487.68,1162.56,0
2025-03-14,ST11,SKU000697,7,2345.35,335.05,0
2025-03-14,ST11,SKU002120,24,35831.04,1492.96,0
2025-03-14,ST15,SKU003633,14,27774.88,1983.92,0
2025-03-14,ST16,SKU003622,12,12267.48,1022.29,0
2025-03-14,ST18,SKU001660,3,1948.26,649.42,0
2025-03-14,ST19,SKU002279,45,104955.75,2332.35,1
2025-03-14,ST19,SKU002364,17,38444.82,2261.46,0
2025-03-14,ST20,SKU001373,4,8205.36,2051.34,0
2025-03-14,ST20,SKU002455,3,4399.32,1466.44,0
2025-03-14,ST21,SKU000730,5,2339.25,467.85,0
2025-03-14,ST21,SKU004754,16,5541.92,346.37,1
2025-03-14,ST22,SKU004629,7,17123.75,2446.25,0
2025-03-14,ST24,SKU002614,5,11501.65,2300.33,0
2025-03-14,ST24,SKU004000,4,9438.4,2359.6,0
2025-03-14,ST25,SKU002130,8,18915.92,2364.49,0
2025-03-14,ST26,SKU000927,14,6407.66,457.69,0
2025-03-14,ST26,SKU001695,6,3172.32,528.72,0
2025-03-14,ST28,SKU003312,8,1234.4,154.3,0
2025-03-14,ST29,SKU001344,12,13324.08,1110.34,0
2025-03-14,ST29,SKU001375,0,0.0,787.69,0
2025-03-14,ST29,SKU001616,17,26779.59,1575.27,0
2025-03-15,ST01,SKU000418,5,8335.75,1667.15,0
2025-03-15,ST01,SKU003855,12,28840.8,2403.4,0
2025-03-15,ST01,SKU004164,5,10568.1,2113.62,0
2025-03-15,ST02,SKU003914,0,0.0,943.17,0
2025-03-15,ST03,SKU000496,8,7292.48,911.56,0
2025-03-15,ST03,SKU000712,34,52045.16,1530.74,0
2025-03-15,ST04,SKU002358,7,16573.9,2367.7,1
2025-03-15,ST04,SKU003089,11,17537.3,1594.3,0
2025-03-15,ST04,SKU003391,9,20728.35,2303.15,1
2025-03-15,ST04,SKU003891,13,4301.7,330.9,1
2025-03-15,ST07,SKU001901,25,53959.75,2158.39,0
2025-03-15,ST10,SKU001418,30,74021.1,2467.37,0
2025-03-15,ST10,SKU001504,13,9649.64,742.28,1
2025-03-15,ST11,SKU003644,9,7804.17,867.13,0
2025-03-15,ST12,SKU003579,2,3881.8,1940.9,0
2025-03-15,ST13,SKU002151,4,3799.24,949.81,0
2025-03-15,ST14,SKU001417,3,1163.25,387.75,0
2025-03-15,ST14,SKU004840,19,46441.32,2444.28,0
2025-03-15,ST16,SKU003644,8,6937.04,867.13,0
2025-03-15,ST17,SKU001383,24,21865.92,911.08,1
2025-03-15,ST18,SKU001920,8,16431.12,2053.89,0
2025-03-15,ST19,SKU002695,20,39954.8,1997.74,0
2025-03-15,ST20,SKU002895,47,19534.61,415.63,0
2025-03-15,ST21,SKU001591,17,10192.86,599.58,0
2025-03-15,ST21,SKU002870,12,10574.88,881.24,0
2025-03-15,ST22,SKU000233,12,27427.68,2285.64,1
2025-03-15,ST23,SKU003128,32,45666.88,1427.09,1
2025-03-15,ST23,SKU003224,11,1941.61,176.51,0
2025-03-15,ST23,SKU003385,3,2408.88,802.96,0
2025-03-15,ST24,SKU003609,16,27692.0,1730.75,0
2025-03-15,ST26,SKU002838,11,2563.66,233.06,0
2025-03-15,ST27,SKU002115,14,2172.1,155.15,0
2025-03-15,ST28,SKU004235,11,6941.88,631.08,1
2025-03-15,ST29,SKU000171,4,8491.32,2122.83,0
2025-03-15,ST29,SKU003247,6,4521.66,753.61,1
2025-03-16,ST01,SKU000968,5,3895.8,779.16,0
2025-03-16,ST01,SKU002128,12,28123.92,2343.66,0
2025-03-16,ST01,SKU003649,6,11804.22,1967.37,0
2025-03-16,ST02,SKU001418,21,51814.77,2467.37,0
2025-03-16,ST02,SKU004095,36,44708.04,1241.89,1
2025-03-16,ST02,SKU004616,15,9717.6,647.84,0
2025-03-16,ST04,SKU000961,4,9756.12,2439.03,0
2025-03-16,ST04,SKU001296,2,1197.24,598.62,0
2025-03-16,ST04,SKU002677,5,6482.7,1296.54,0
2025-03-16,ST05,SKU000766,13,15719.99,1209.23,0
2025-03-16,ST05,SKU001490,7,9767.45,1395.35,0
2025-03-16,ST05,SKU002224,2,2073.14,1036.57,1
2025-03-16,ST07,SKU002608,4,545.2,136.3,0
2025-03-16,ST07,SKU002899,16,20348.64,1271.79,0
2025-03-16,ST08,SKU001495,8,15954.4,1994.3,0
2025-03-16,ST09,SKU002700,1,541.49,541.49,0
2025-03-16,ST10,SKU001263,8,5877.44,734.68,0
2025-03-16,ST10,SKU003886,17,29433.12,1731.36,0
2025-03-16,ST10,SKU004533,22,47211.34,2145.97,0
2025-03-16,ST11,SKU000631,11,24312.53,2210.23,0
2025-03-16,ST11,SKU001586,3,6008.82,2002.94,0
2025-03-16,ST11,SKU001611,28,46704.84,1668.03,1
2025-03-16,ST11,SKU003353,10,599.5,59.95,0
2025-03-16,ST11,SKU004966,18,31275.18,1737.51,0
2025-03-16,ST12,SKU003640,0,0.0,1775.21,0
2025-03-16,ST13,SKU001825,8,669.28,83.66,1
2025-03-16,ST13,SKU002575,13,992.55,76.35,0
2025-03-16,ST13,SKU004138,16,28394.4,1774.65,0
2025-03-16,ST15,SKU001780,33,1875.72,56.84,0
2025-03-16,ST16,SKU003160,5,12362.2,2472.44,0
2025-03-16,ST17,SKU000470,11,18215.23,1655.93,0
2025-03-16,ST17,SKU003044,2,577.66,288.83,0
2025-03-16,ST18,SKU000642,7,14878.15,2125.45,0
2025-03-16,ST19,SKU001216,4,6465.12,1616.28,0
2025-03-16,ST19,SKU003326,7,5114.69,730.67,1
2025-03-16,ST19,SKU003384,25,59505.0,2380.2,0
2025-03-16,ST19,SKU004350,0,0.0,1798.58,0
2025-03-16,ST20,SKU002883,14,17141.46,1224.39,1
2025-03-16,ST23,SKU001021,6,9775.32,1629.22,0
2025-03-16,ST23,SKU001751,3,5114.1,1704.7,0
2025-03-16,ST23,SKU003567,9,11198.61,1244.29,0
2025-03-16,ST24,SKU004604,18,42904.08,2383.56,1
2025-03-16,ST26,SKU000926,11,10805.74,982.34,0
2025-03-16,ST26,SKU002801,5,9292.7,1858.54,0
2025-03-16,ST26,SKU003418,40,91899.2,2297.48,1
2025-03-16,ST28,SKU001508,42,30783.48,732.94,0
2025-03-16,ST30,SKU000916,23,9777.53,425.11,1
2025-03-17,ST01,SKU000151,4,2300.44,575.11,0
2025-03-17,ST03,SKU002653,15,27759.0,1850.6,0
2025-03-17,ST04,SKU002409,16,38272.64,2392.04,0
2025-03-17,ST04,SKU003068,11,19820.02,1801.82,0
2025-03-17,ST04,SKU003440,13,3837.99,295.23,1
2025-03-17,ST04,SKU004526,26,40939.86,1574.61,0
2025-03-17,ST06,SKU000926,7,6876.38,982.34,0
2025-03-17,ST06,SKU004845,18,28897.74,1605.43,0
2025-03-17,ST06,SKU004963,8,13081.36,1635.17,0
2025-03-17,ST08,SKU000763,19,14458.43,760.97,0
2025-03-17,ST09,SKU001989,8,6639.68,829.96,0
2025-03-17,ST11,SKU004549,17,3381.3,198.9,0
2025-03-17,ST12,SKU003109,8,18880.08,2360.01,0
2025-03-17,ST12,SKU003276,3,1449.12,483.04,0
2025-03-17,ST12,SKU004155,4,7967.76,1991.94,0
2025-03-17,ST13,SKU001048,11,19903.07,1809.37,0
2025-03-17,ST13,SKU001632,4,5679.92,1419.98,0
2025-03-17,ST13,SKU002567,27,45817.65,1696.95,0
2025-03-17,ST14,SKU003184,7,6562.29,937.47,0
2025-03-17,ST14,SKU003784,24,42096.48,1754.02,0
2025-03-17,ST15,SKU003224,20,3530.2,176.51,0
2025-03-17,ST17,SKU001984,12,3812.88,317.74,0
2025-03-17,ST17,SKU003790,18,28597.5,1588.75,0
2025-03-17,ST18,SKU003597,24,22668.96,944.54,0
2025-03-17,ST19,SKU002327,27,9763.2,361.6,0
2025-03-17,ST19,SKU003774,8,3249.52,406.19,0
2025-03-17,ST20,SKU000309,13,28246.79,2172.83,0
2025-03-17,ST20,SKU003002,0,0.0,2170.11,0
2025-03-17,ST20,SKU003986,10,12905.7,1290.57,0
2025-03-17,ST22,SKU000956,9,6656.67,739.63,0
2025-03-17,ST23,SKU001533,20,9058.8,452.94,0
2025-03-17,ST23,SKU002493,4,2765.44,691.36,0
2025-03-17,ST23,SKU003731,13,30028.96,2309.92,0
2025-03-17,ST25,SKU001534,26,27392.3,1053.55,0
2025-03-17,ST26,SKU003372,27,2744.82,101.66,0
2025-03-17,ST29,SKU000288,21,38289.72,1823.32,0
2025-03-17,ST29,SKU000749,8,15803.28,1975.41,0
2025-03-17,ST29,SKU001035,1,794.91,794.91,0
2025-03-17,ST29,SKU001621,7,11731.02,1675.86,0
2025-03-17,ST29,SKU002372,25,27049.75,1081.99,0
2025-03-18,ST01,SKU000158,4,1358.48,339.62,1
2025-03-18,ST01,SKU002069,9,5939.28,659.92,0
2025-03-18,ST02,SKU001089,8,19506.56,2438.32,0
2025-03-18,ST02,SKU004565,27,12729.15,471.45,0
2025-03-18,ST04,SKU002922,19,45737.94,2407.26,0
2025-03-18,ST04,SKU003814,4,7248.24,1812.06,1
2025-03-18,ST04,SKU004760,21,30342.06,1444.86,0
2025-03-18,ST05,SKU003552,19,40472.09,2130.11,0
2025-03-18,ST07,SKU003102,9,5039.37,559.93,1
2025-03-18,ST07,SKU003802,6,6492.12,1082.02,0
2025-03-18,ST08,SKU001116,5,11637.2,2327.44,0
2025-03-18,ST08,SKU001155,38,84488.44,2223.38,0
2025-03-18,ST11,SKU000227,20,38803.6,1940.18,1
2025-03-18,ST12,SKU000082,11,9117.35,828.85,0
2025-03-18,ST12,SKU001836,3,2688.21,896.07,0
2025-03-18,ST13,SKU002620,0,0.0,2046.55,1
2025-03-18,ST14,SKU002960,24,24410.4,1017.1,0
2025-03-18,ST16,SKU000110,6,14857.92,2476.32,1
2025-03-18,ST17,SKU000556,8,1493.84,186.73,0
2025-03-18,ST17,SKU000949,9,4371.03,485.67,0
2025-03-18,ST22,SKU004495,5,10487.4,2097.48,0
2025-03-18,ST25,SKU004597,11,13565.31,1233.21,0
2025-03-18,ST26,SKU000843,15,12847.65,856.51,0
2025-03-18,ST27,SKU000135,12,7943.28,661.94,0
2025-03-18,ST27,SKU000989,6,14525.16,2420.86,0
2025-03-19,ST01,SKU002550,15,14078.85,938.59,0
2025-03-19,ST02,SKU001093,5,3998.6,799.72,0
2025-03-19,ST02,SKU001100,21,16869.51,803.31,0
2025-03-19,ST05,SKU001804,3,4742.61,1580.87,0
2025-03-19,ST05,SKU002679,13,14077.83,1082.91,0
2025-03-19,ST07,SKU000438,20,16334.0,816.7,0
2025-03-19,ST07,SKU004580,7,3751.79,535.97,0
2025-03-19,ST08,SKU002535,20,10263.6,513.18,0
2025-03-19,ST08,SKU004569,25,48179.0,1927.16,0
2025-03-19,ST10,SKU000023,4,7134.08,1783.52,0
2025-03-19,ST11,SKU004728,21,32773.86,1560.66,0
2025-03-19,ST12,SKU001506,31,43231.36,1394.56,1
2025-03-19,ST12,SKU004326,15,8714.1,580.94,0
2025-03-19,ST13,SKU000122,6,7520.82,1253.47,0
2025-03-19,ST13,SKU001110,20,39652.8,1982.64,0
2025-03-19,ST13,SKU001496,0,0.0,2465.37,0
2025-03-19,ST14,SKU002808,13,28080.91,2160.07,0
2025-03-19,ST14,SKU003101,2,1965.68,982.84,0
2025-03-19,ST15,SKU002419,15,24121.65,1608.11,0
2025-03-19,ST16,SKU001066,10,7396.0,739.6,1
2025-03-19,ST17,SKU002398,19,40369.87,2124.73,1
2025-03-19,ST18,SKU004473,17,36683.45,2157.85,0
2025-03-19,ST20,SKU003535,25,50794.25,2031.77,0
2025-03-19,ST20,SKU004143,9,19825.92,2202.88,1
2025-03-19,ST21,SKU000211,12,20449.8,1704.15,0
2025-03-19,ST21,SKU001718,3,1772.4,590.8,0
2025-03-19,ST21,SKU002855,21,34014.33,1619.73,1
2025-03-19,ST22,SKU004010,18,26805.6,1489.2,0
2025-03-19,ST22,SKU004854,13,23497.37,1807.49,0
2025-03-19,ST24,SKU004463,18,43543.08,2419.06,0
2025-03-19,ST25,SKU002513,6,4231.02,705.17,0
2025-03-19,ST28,SKU000695,9,821.43,91.27,0
2025-03-19,ST29,SKU000323,27,22187.52,821.76,1
2025-03-19,ST29,SKU001708,5,2261.95,452.39,0
2025-03-19,ST30,SKU001297,3,3134.91,1044.97,0
2025-03-19,ST30,SKU003526,13,20829.12,1602.24,0
2025-03-20,ST02,SKU004047,1,1450.58,1450.58,0
2025-03-20,ST02,SKU004691,13,16652.61,1280.97,1
2025-03-20,ST03,SKU000002,30,37770.6,1259.02,0
2025-03-20,ST03,SKU004542,11,5081.67,461.97,0
2025-03-20,ST05,SKU002386,20,30502.4,1525.12,0
2025-03-20,ST08,SKU004685,6,6531.18,1088.53,0
2025-03-20,ST10,SKU000469,6,6205.92,1034.32,0
2025-03-20,ST10,SKU001521,4,802.48,200.62,0
2025-03-20,ST10,SKU004007,6,10305.96,1717.66,0
2025-03-20,ST13,SKU000939,14,22825.6,1630.4,0
2025-03-20,ST13,SKU001484,26,40782.56,1568.56,0
2025-03-20,ST13,SKU002903,24,1533.6,63.9,1
2025-03-20,ST13,SKU004551,8,3717.44,464.68,1
2025-03-20,ST14,SKU001584,9,16435.53,1826.17,0
2025-03-20,ST15,SKU002135,7,3599.61,514.23,1
2025-03-20,ST15,SKU003639,4,908.88,227.22,0
2025-03-20,ST16,SKU000918,7,381.71,54.53,0
2025-03-20,ST17,SKU000816,19,2139.97,112.63,0
2025-03-20,ST17,SKU004289,14,29936.2,2138.3,0
2025-03-20,ST17,SKU004429,30,68211.0,2273.7,0
2025-03-20,ST18,SKU004775,9,6937.65,770.85,0
2025-03-20,ST19,SKU001403,13,10186.28,783.56,1
2025-03-20,ST19,SKU002460,11,26319.92,2392.72,0
2025-03-20,ST21,SKU004264,30,71527.5,2384.25,1
2025-03-20,ST22,SKU000502,2,964.44,482.22,0
2025-03-20,ST22,SKU002888,4,1580.88,395.22,0
2025-03-20,ST22,SKU003527,2,253.14,126.57,0
2025-03-20,ST23,SKU002775,7,5499.27,785.61,0
2025-03-20,ST24,SKU002241,3,4967.34,1655.78,0
2025-03-20,ST25,SKU001378,18,44948.16,2497.12,0
2025-03-20,ST25,SKU002918,7,4465.02,637.86,0
2025-03-20,ST25,SKU004983,7,7862.54,1123.22,1
2025-03-20,ST27,SKU000823,21,32721.78,1558.18,1
2025-03-20,ST27,SKU002939,5,1836.1,367.22,1
2025-03-20,ST28,SKU000176,9,12851.01,1427.89,1
2025-03-20,ST30,SKU004081,4,2449.48,612.37,0
2025-03-21,ST01,SKU002319,4,7202.92,1800.73,0
2025-03-21,ST02,SKU003194,34,5092.18,149.77,0
2025-03-21,ST04,SKU001466,26,24202.36,930.86,0
2025-03-21,ST05,SKU000964,8,11355.52,1419.44,0
2025-03-21,ST06,SKU000417,7,514.01,73.43,0
2025-03-21,ST06,SKU002642,15,6733.65,448.91,0
2025-03-21,ST07,SKU004977,12,10483.08,873.59,0
2025-03-21,ST08,SKU004327,3,7473.18,2491.06,0
2025-03-21,ST09,SKU001065,15,31251.6,2083.44,0
2025-03-21,ST09,SKU002561,13,20289.23,1560.71,0
2025-03-21,ST09,SKU004797,34,21494.12,632.18,1
2025-03-21,ST10,SKU000680,11,1313.29,119.39,1
2025-03-21,ST10,SKU004987,6,6699.96,1116.66,0
2025-03-21,ST11,SKU002940,7,534.17,76.31,0
2025-03-21,ST12,SKU001415,4,6871.64,1717.91,0
2025-03-21,ST12,SKU003406,4,1198.4,299.6,0
2025-03-21,ST14,SKU000874,4,9010.24,2252.56,1
2025-03-21,ST17,SKU001357,21,48527.22,2310.82,0
2025-03-21,ST19,SKU000595,12,10871.4,905.95,0
2025-03-21,ST20,SKU001747,11,15524.63,1411.33,0
2025-03-21,ST26,SKU000862,33,54492.9,1651.3,1
2025-03-21,ST26,SKU001281,6,7221.72,1203.62,0
2025-03-21,ST26,SKU003081,31,53727.34,1733.14,0
2025-03-21,ST28,SKU000292,10,22559.3,2255.93,0
2025-03-21,ST30,SKU000185,13,26748.67,2057.59,0
2025-03-22,ST01,SKU000638,6,826.56,137.76,0
2025-03-22,ST02,SKU003627,24,48540.24,2022.51,0
2025-03-22,ST03,SKU003167,9,17941.05,1993.45,1
2025-03-22,ST04,SKU000019,3,6774.63,2258.21,1
2025-03-22,ST04,SKU003362,6,2443.56,407.26,0
2025-03-22,ST05,SKU002856,17,4320.55,254.15,0
2025-03-22,ST07,SKU001008,19,17360.68,913.72,0
2025-03-22,ST07,SKU001636,3,1228.8,409.6,0
2025-03-22,ST07,SKU003844,19,41148.87,2165.73,0
2025-03-22,ST09,SKU003972,9,13825.8,1536.2,0
2025-03-22,ST10,SKU001992,12,8550.6,712.55,0
2025-03-22,ST14,SKU001899,6,457.32,76.22,1
2025-03-22,ST15,SKU002053,7,3789.66,541.38,0
2025-03-22,ST18,SKU002373,5,9195.9,1839.18,0
2025-03-22,ST18,SKU003597,13,12279.02,944.54,0
2025-03-22,ST19,SKU003259,7,13397.93,1913.99,0
2025-03-22,ST19,SKU003832,16,8496.8,531.05,0
2025-03-22,ST20,SKU003271,4,3953.2,988.3,0
2025-03-22,ST21,SKU000358,8,16874.96,2109.37,0
2025-03-22,ST21,SKU003937,4,9962.72,2490.68,0
2025-03-22,ST22,SKU003933,30,51617.1,1720.57,0
2025-03-22,ST23,SKU000763,12,9131.64,760.97,0
2025-03-22,ST24,SKU000229,10,22169.6,2216.96,1
2025-03-22,ST24,SKU002712,32,50319.36,1572.48,0
2025-03-22,ST24,SKU003620,10,874.4,87.44,1
2025-03-22,ST26,SKU000671,30,40857.6,1361.92,0
2025-03-22,ST26,SKU002659,4,2165.2,541.3,0
2025-03-22,ST28,SKU001028,3,6894.63,2298.21,0
2025-03-22,ST29,SKU002454,14,25922.4,1851.6,1
2025-03-22,ST30,SKU000237,6,4479.66,746.61,0
2025-03-22,ST30,SKU002815,10,6283.6,628.36,0
2025-03-23,ST01,SKU004576,4,786.48,196.62,0
2025-03-23,ST02,SKU004834,26,60771.62,2337.37,1
2025-03-23,ST03,SKU000421,2,172.92,86.46,0
2025-03-23,ST05,SKU000117,5,5375.85,1075.17,1
2025-03-23,ST07,SKU002138,5,10961.9,2192.38,0
2025-03-23,ST08,SKU002638,5,9421.3,1884.26,1
2025-03-23,ST09,SKU000133,17,24356.75,1432.75,0
2025-03-23,ST09,SKU001714,3,4047.3,1349.1,0
2025-03-23,ST10,SKU000243,16,38550.4,2409.4,0
2025-03-23,ST12,SKU000819,5,4157.25,831.45,0
2025-03-23,ST13,SKU000586,7,2702.63,386.09,1
2025-03-23,ST15,SKU001051,40,71586.8,1789.67,0
2025-03-23,ST15,SKU002583,18,44901.54,2494.53,1
2025-03-23,ST15,SKU004862,8,17213.36,2151.67,0
2025-03-23,ST16,SKU002588,11,19840.26,1803.66,0
2025-03-23,ST17,SKU004373,13,16065.4,1235.8,0
2025-03-23,ST18,SKU000496,8,7292.48,911.56,0
2025-03-23,ST19,SKU003579,7,13586.3,1940.9,1
2025-03-23,ST21,SKU004347,4,8144.88,2036.22,0
2025-03-23,ST22,SKU001223,3,3355.23,1118.41,0
2025-03-23,ST23,SKU000703,41,12144.2,296.2,0
2025-03-23,ST27,SKU000281,0,0.0,2046.73,0
2025-03-23,ST27,SKU004350,4,7194.32,1798.58,1
2025-03-24,ST01,SKU001223,32,35789.12,1118.41,0
2025-03-24,ST01,SKU002715,4,5715.24,1428.81,0
2025-03-24,ST01,SKU004504,8,13737.68,1717.21,0
2025-03-24,ST05,SKU004437,8,4603.92,575.49,1
2025-03-24,ST05,SKU004996,20,33869.4,1693.47,0
2025-03-24,ST07,SKU000925,16,27658.4,1728.65,0
2025-03-24,ST07,SKU004284,12,20864.4,1738.7,0
2025-03-24,ST08,SKU002467,19,10845.96,570.84,1
2025-03-24,ST08,SKU003039,9,20886.21,2320.69,0
2025-03-24,ST09,SKU004240,10,17782.0,1778.2,0
2025-03-24,ST12,SKU001471,12,28463.76,2371.98,1
2025-03-24,ST12,SKU001570,4,7099.32,1774.83,0
2025-03-24,ST12,SKU002703,18,18698.22,1038.79,0
2025-03-24,ST15,SKU001430,5,10442.1,2088.42,1
2025-03-24,ST16,SKU001798,13,15048.67,1157.59,1
2025-03-24,ST18,SKU003342,10,18473.8,1847.38,0
2025-03-24,ST18,SKU003885,4,1768.44,442.11,0
2025-03-24,ST20,SKU002235,11,14519.34,1319.94,0
2025-03-24,ST20,SKU003226,20,1724.2,86.21,1
2025-03-24,ST20,SKU004708,11,10097.12,917.92,1
2025-03-24,ST21,SKU000061,4,1929.36,482.34,1
2025-03-24,ST22,SKU000923,14,30293.2,2163.8,0
2025-03-24,ST22,SKU002154,3,4183.62,1394.54,0
2025-03-24,ST22,SKU004971,5,9530.05,1906.01,0
2025-03-24,ST23,SKU004983,16,17971.52,1123.22,0
2025-03-24,ST25,SKU002786,19,39757.88,2092.52,0
2025-03-24,ST26,SKU003521,20,7304.8,365.24,0
2025-03-24,ST26,SKU004301,21,48454.35,2307.35,0
2025-03-24,ST28,SKU000759,15,37261.2,2484.08,0
2025-03-24,ST29,SKU002062,10,22078.0,2207.8,0
2025-03-24,ST30,SKU004192,6,14121.6,2353.6,0
2025-03-25,ST01,SKU000196,11,4602.84,418.44,0
2025-03-25,ST01,SKU000839,22,33551.1,1525.05,0
2025-03-25,ST01,SKU000997,5,5731.45,1146.29,0
2025-03-25,ST01,SKU001594,8,6857.6,857.2,1
2025-03-25,ST01,SKU004929,20,26504.2,1325.21,0
2025-03-25,ST01,SKU004962,22,13205.72,600.26,0
2025-03-25,ST02,SKU000246,27,39819.87,1474.81,0
2025-03-25,ST02,SKU000526,4,5191.32,1297.83,0
2025-03-25,ST02,SKU002073,8,11136.64,1392.08,0
2025-03-25,ST02,SKU002080,10,10866.2,1086.62,0
2025-03-25,ST02,SKU003422,2,3370.46,1685.23,0
2025-03-25,ST03,SKU001595,1,485.92,485.92,0
2025-03-25,ST04,SKU001881,3,2251.05,750.35,0
2025-03-25,ST06,SKU000444,8,10517.76,1314.72,0
2025-03-25,ST06,SKU003858,10,17939.5,1793.95,0
2025-03-25,ST06,SKU004904,4,6264.2,1566.05,0
2025-03-25,ST07,SKU001132,17,17893.01,1052.53,0
2025-03-25,ST07,SKU001587,18,23186.16,1288.12,0
2025-03-25,ST09,SKU000249,19,8101.98,426.42,1
2025-03-25,ST09,SKU000976,2,472.08,236.04,0
2025-03-25,ST09,SKU001011,14,8501.64,607.26,0
2025-03-25,ST10,SKU001152,15,17481.75,1165.45,0
2025-03-25,ST12,SKU004792,0,0.0,2129.09,0
2025-03-25,ST13,SKU002627,8,15916.4,1989.55,0
2025-03-25,ST16,SKU000570,15,10873.2,724.88,0
2025-03-25,ST16,SKU004138,10,17746.5,1774.65,0
2025-03-25,ST16,SKU004866,9,20761.83,2306.87,0
2025-03-25,ST17,SKU002268,6,453.06,75.51,0
2025-03-25,ST17,SKU004546,14,20168.4,1440.6,0
2025-03-25,ST19,SKU003647,9,4617.09,513.01,1
2025-03-25,ST19,SKU004760,12,17338.32,1444.86,0
2025-03-25,ST20,SKU000190,3,2547.27,849.09,0
2025-03-25,ST20,SKU002116,0,0.0,2411.59,1
2025-03-25,ST20,SKU004041,7,8032.71,1147.53,0
2025-03-25,ST21,SKU000189,7,5973.45,853.35,0
2025-03-25,ST21,SKU000522,7,11229.68,1604.24,0
2025-03-25,ST21,SKU002815,25,15709.0,628.36,0
2025-03-25,ST22,SKU004410,10,11174.5,1117.45,0
2025-03-25,ST23,SKU000131,25,31921.25,1276.85,0
2025-03-25,ST24,SKU000625,4,6323.6,1580.9,0
2025-03-25,ST24,SKU003252,8,17430.32,2178.79,0
2025-03-25,ST24,SKU003276,6,2898.24,483.04,0
2025-03-25,ST25,SKU002784,6,6052.74,1008.79,0
2025-03-25,ST26,SKU001966,24,1941.84,80.91,0
2025-03-26,ST01,SKU000161,11,10429.87,948.17,0
2025-03-26,ST01,SKU000793,7,12128.9,1732.7,0
2025-03-26,ST02,SKU004467,14,11006.8,786.2,0
2025-03-26,ST03,SKU000820,25,32914.0,1316.56,0
2025-03-26,ST04,SKU002420,23,18935.44,823.28,1
2025-03-26,ST04,SKU004389,13,4823.13,371.01,0
2025-03-26,ST05,SKU001809,8,18747.04,2343.38,0
2025-03-26,ST05,SKU003441,14,19976.88,1426.92,0
2025-03-26,ST05,SKU003563,5,7611.25,1522.25,0
2025-03-26,ST06,SKU001095,16,3972.64,248.29,1
2025-03-26,ST06,SKU004963,5,8175.85,1635.17,0
2025-03-26,ST07,SKU001878,12,6939.12,578.26,0
2025-03-26,ST08,SKU003448,15,5789.55,385.97,0
2025-03-26,ST09,SKU001845,28,8541.68,305.06,1
2025-03-26,ST11,SKU004955,9,5127.93,569.77,0
2025-03-26,ST12,SKU002102,26,5804.76,223.26,1
2025-03-26,ST15,SKU003875,10,2232.1,223.21,0
2025-03-26,ST16,SKU001106,7,15261.4,2180.2,0
2025-03-26,ST16,SKU002784,51,51448.29,1008.79,0
2025-03-26,ST18,SKU000610,17,22109.18,1300.54,0
2025-03-26,ST18,SKU004691,15,19214.55,1280.97,0
2025-03-26,ST20,SKU002769,7,7616.98,1088.14,0
2025-03-26,ST21,SKU000887,4,1187.48,296.87,0
2025-03-26,ST23,SKU003522,17,23578.49,1386.97,1
2025-03-26,ST26,SKU000114,6,1261.56,210.26,1
2025-03-26,ST26,SKU003440,4,1180.92,295.23,0
2025-03-26,ST27,SKU004989,20,3499.4,174.97,0
2025-03-26,ST28,SKU002363,12,1939.56,161.63,0
2025-03-26,ST28,SKU003041,28,20027.0,715.25,1
2025-03-26,ST30,SKU002032,8,7261.6,907.7,0
2025-03-26,ST30,SKU003057,7,14426.02,2060.86,0
2025-03-27,ST01,SKU002924,3,2997.24,999.08,0
2025-03-27,ST01,SKU004230,7,10104.29,1443.47,0
2025-03-27,ST02,SKU003224,17,3000.67,176.51,0
2025-03-27,ST04,SKU000858,24,23149.68,964.57,1
2025-03-27,ST04,SKU002151,13,12347.53,949.81,0
2025-03-27,ST05,SKU000272,3,4710.99,1570.33,0
2025-03-27,ST05,SKU000952,31,33866.88,1092.48,0
2025-03-27,ST05,SKU001320,11,5959.03,541.73,0
2025-03-27,ST07,SKU001435,14,32220.3,2301.45,0
2025-03-27,ST07,SKU004142,14,24336.06,1738.29,0
2025-03-27,ST08,SKU000391,11,15493.61,1408.51,0
2025-03-27,ST10,SKU001699,11,2674.43,243.13,1
2025-03-27,ST11,SKU000795,14,25291.28,1806.52,0
2025-03-27,ST11,SKU003422,14,23593.22,1685.23,0
2025-03-27,ST12,SKU002620,15,30698.25,2046.55,0
2025-03-27,ST13,SKU000442,9,20438.64,2270.96,0
2025-03-27,ST14,SKU000205,7,15092.42,2156.06,0
2025-03-27,ST15,SKU000812,25,6952.75,278.11,0
2025-03-27,ST15,SKU000876,8,12980.16,1622.52,0
2025-03-27,ST15,SKU002770,6,9878.1,1646.35,1
2025-03-27,ST16,SKU002871,21,32119.5,1529.5,0
2025-03-27,ST17,SKU001059,13,6750.77,519.29,0
2025-03-27,ST18,SKU001590,6,4599.06,766.51,1
2025-03-27,ST18,SKU002787,4,1375.68,343.92,0
2025-03-27,ST18,SKU003229,2,1757.6,878.8,0
2025-03-27,ST18,SKU004198,9,16940.7,1882.3,0
2025-03-27,ST19,SKU001426,10,3587.6,358.76,0
2025-03-27,ST20,SKU001468,8,7812.88,976.61,0
2025-03-27,ST20,SKU004080,30,55239.0,1841.3,0
2025-03-27,ST20,SKU004992,11,23730.96,2157.36,0
2025-03-27,ST21,SKU000509,10,15242.8,1524.28,0
2025-03-27,ST21,SKU003509,20,25916.8,1295.84,1
2025-03-27,ST24,SKU004032,8,19744.64,2468.08,0
2025-03-27,ST25,SKU002005,12,14434.8,1202.9,0
2025-03-27,ST25,SKU002773,11,7817.59,710.69,0
2025-03-27,ST25,SKU004196,13,24247.08,1865.16,0
2025-03-27,ST28,SKU001455,26,58216.6,2239.1,0
2025-03-27,ST29,SKU000406,4,3714.52,928.63,0
2025-03-27,ST30,SKU004483,22,48024.02,2182.91,0
2025-03-28,ST01,SKU000605,42,55638.66,1324.73,1
2025-03-28,ST02,SKU001078,6,3362.1,560.35,0
2025-03-28,ST02,SKU003924,12,27978.96,2331.58,0
2025-03-28,ST03,SKU001848,18,35116.2,1950.9,1
2025-03-28,ST03,SKU003062,4,7370.04,1842.51,0
2025-03-28,ST03,SKU004628,5,9182.5,1836.5,0
2025-03-28,ST04,SKU000347,0,0.0,736.25,0
2025-03-28,ST05,SKU000272,6,9421.98,1570.33,0
2025-03-28,ST05,SKU003236,4,3626.6,906.65,0
2025-03-28,ST06,SKU002991,14,10428.74,744.91,1
2025-03-28,ST06,SKU004615,14,14752.08,1053.72,0
2025-03-28,ST08,SKU001187,6,2877.84,479.64,0
2025-03-28,ST08,SKU001335,13,29058.25,2235.25,1
2025-03-28,ST11,SKU000254,5,8964.2,1792.84,0
2025-03-28,ST11,SKU004795,14,7006.3,500.45,1
2025-03-28,ST12,SKU002437,26,57094.18,2195.93,0
2025-03-28,ST12,SKU003962,15,18540.6,1236.04,0
2025-03-28,ST12,SKU004097,3,2152.05,717.35,0
2025-03-28,ST13,SKU002313,18,40169.52,2231.64,0
2025-03-28,ST13,SKU002483,15,1695.9,113.06,0
2025-03-28,ST13,SKU002888,22,8694.84,395.22,0
2025-03-28,ST13,SKU004904,1,1566.05,1566.05,0
2025-03-28,ST14,SKU002636,18,43210.26,2400.57,0
2025-03-28,ST15,SKU004425,26,41649.66,1601.91,0
2025-03-28,ST16,SKU001812,5,11509.95,2301.99,0
2025-03-28,ST19,SKU004962,4,2401.04,600.26,1
2025-03-28,ST21,SKU000574,17,42129.06,2478.18,0
2025-03-28,ST23,SKU000302,0,0.0,594.62,0
2025-03-28,ST23,SKU004673,23,10589.89,460.43,0
2025-03-28,ST24,SKU002499,10,24091.3,2409.13,1
2025-03-28,ST24,SKU002840,4,7897.72,1974.43,0
2025-03-28,ST25,SKU000046,5,8327.0,1665.4,1
2025-03-28,ST25,SKU004073,5,293.7,58.74,0
2025-03-28,ST25,SKU004091,9,16172.37,1796.93,0
2025-03-28,ST26,SKU003462,12,23571.24,1964.27,0
2025-03-28,ST26,SKU003724,12,21307.44,1775.62,0
2025-03-28,ST26,SKU003829,27,53715.96,1989.48,0
2025-03-28,ST27,SKU003953,16,31453.76,1965.86,0
2025-03-28,ST28,SKU000268,12,9964.56,830.38,0
2025-03-28,ST28,SKU000413,17,6708.37,394.61,0
2025-03-28,ST29,SKU001863,23,27930.97,1214.39,1
2025-03-29,ST01,SKU000303,6,10182.96,1697.16,0
2025-03-29,ST01,SKU001695,0,0.0,528.72,0
2025-03-29,ST01,SKU003559,39,71940.18,1844.62,0
2025-03-29,ST02,SKU002115,22,3413.3,155.15,1
2025-03-29,ST02,SKU002639,19,45131.46,2375.34,1
2025-03-29,ST03,SKU000998,12,20026.44,1668.87,0
2025-03-29,ST05,SKU003528,16,38666.72,2416.67,0
2025-03-29,ST05,SKU004664,1,2344.67,2344.67,0
2025-03-29,ST07,SKU000269,16,30233.92,1889.62,1
2025-03-29,ST07,SKU001511,10,19254.7,1925.47,0
2025-03-29,ST07,SKU002661,9,16733.88,1859.32,0
2025-03-29,ST07,SKU004209,40,25622.0,640.55,0
2025-03-29,ST09,SKU003589,25,20265.25,810.61,0
2025-03-29,ST10,SKU002099,20,32877.4,1643.87,0
2025-03-29,ST11,SKU003326,10,7306.7,730.67,0
2025-03-29,ST14,SKU003691,51,61476.42,1205.42,0
2025-03-29,ST15,SKU003472,17,27188.1,1599.3,0
2025-03-29,ST16,SKU004106,8,16734.88,2091.86,0
2025-03-29,ST17,SKU001108,8,16891.84,2111.48,0
2025-03-29,ST18,SKU000326,40,58580.8,1464.52,0
2025-03-29,ST18,SKU001491,21,35327.67,1682.27,0
2025-03-29,ST19,SKU000216,16,827.04,51.69,0
2025-03-29,ST19,SKU003684,13,3290.3,253.1,0
2025-03-29,ST20,SKU000384,17,10154.44,597.32,0
2025-03-29,ST20,SKU004553,0,0.0,621.47,0
2025-03-29,ST21,SKU004893,13,27191.45,2091.65,0
2025-03-29,ST22,SKU001868,31,73328.95,2365.45,0
2025-03-29,ST23,SKU003572,12,17504.28,1458.69,0
2025-03-29,ST23,SKU004226,12,22591.32,1882.61,0
2025-03-29,ST26,SKU001674,6,12303.48,2050.58,0
2025-03-29,ST26,SKU002972,2,4609.48,2304.74,0
2025-03-29,ST27,SKU002666,10,13086.0,1308.6,0
2025-03-29,ST28,SKU002254,8,10072.16,1259.02,0
2025-03-29,ST28,SKU003829,27,53715.96,1989.48,0
2025-03-29,ST29,SKU000004,9,7343.55,815.95,0
2025-03-29,ST30,SKU000252,10,4430.1,443.01,0
2025-03-29,ST30,SKU001238,3,4186.86,1395.62,0
2025-03-29,ST30,SKU003678,0,0.0,2345.62,0
2025-03-30,ST01,SKU004944,5,8491.05,1698.21,0
2025-03-30,ST03,SKU000757,7,5012.63,716.09,0
2025-03-30,ST03,SKU002111,7,13819.89,1974.27,0
2025-03-30,ST03,SKU004036,16,23918.08,1494.88,0
2025-03-30,ST04,SKU000372,5,9301.15,1860.23,1
2025-03-30,ST05,SKU002648,13,2351.05,180.85,0
2025-03-30,ST05,SKU003266,15,6764.85,450.99,1
2025-03-30,ST08,SKU000677,0,0.0,1845.03,0
2025-03-30,ST09,SKU000726,27,62591.13,2318.19,1
2025-03-30,ST10,SKU004024,9,2507.85,278.65,0
2025-03-30,ST11,SKU001633,5,5153.35,1030.67,0
2025-03-30,ST11,SKU003027,20,33625.2,1681.26,1
2025-03-30,ST12,SKU003583,10,7767.3,776.73,0
2025-03-30,ST12,SKU003623,27,23280.21,862.23,0
2025-03-30,ST13,SKU000926,2,1964.68,982.34,0
2025-03-30,ST14,SKU004305,3,1363.86,454.62,0
2025-03-30,ST15,SKU002095,18,23895.18,1327.51,0
2025-03-30,ST16,SKU003288,14,17342.64,1238.76,0
2025-03-30,ST16,SKU003402,13,7282.47,560.19,0
2025-03-30,ST17,SKU001450,8,4420.32,552.54,1
2025-03-30,ST17,SKU001611,8,13344.24,1668.03,1
2025-03-30,ST17,SKU003131,9,8313.48,923.72,0
2025-03-30,ST18,SKU004564,3,7487.79,2495.93,1
2025-03-30,ST19,SKU004437,10,5754.9,575.49,1
2025-03-30,ST21,SKU002088,9,2493.36,277.04,0
2025-03-30,ST23,SKU000579,12,6894.48,574.54,1
2025-03-30,ST26,SKU002562,6,9313.38,1552.23,0
2025-03-30,ST26,SKU002988,4,223.0,55.75,0
2025-03-30,ST26,SKU003319,6,9117.12,1519.52,0
2025-03-30,ST29,SKU000426,2,276.54,138.27,0
2025-03-30,ST29,SKU000823,15,23372.7,1558.18,0
2025-03-30,ST29,SKU002434,6,7581.12,1263.52,0
2025-03-30,ST29,SKU004546,14,20168.4,1440.6,0
2025-03-30,ST30,SKU003648,39,65762.19,1686.21,1
2025-03-31,ST04,SKU002742,8,9297.92,1162.24,0
2025-03-31,ST05,SKU003591,4,2482.64,620.66,0
2025-03-31,ST06,SKU001411,3,7126.89,2375.63,0
2025-03-31,ST06,SKU001797,15,18793.05,1252.87,0
2025-03-31,ST08,SKU003625,14,8369.2,597.8,0
2025-03-31,ST09,SKU003941,5,7275.8,1455.16,0
2025-03-31,ST09,SKU004844,14,29854.86,2132.49,0
2025-03-31,ST11,SKU000249,15,6396.3,426.42,0
2025-03-31,ST11,SKU002690,12,29365.08,2447.09,0
2025-03-31,ST13,SKU001254,27,42344.37,1568.31,0
2025-03-31,ST14,SKU001795,9,10065.51,1118.39,0
2025-03-31,ST14,SKU003784,36,63144.72,1754.02,0
2025-03-31,ST16,SKU002190,10,6979.4,697.94,0
2025-03-31,ST16,SKU004532,18,42335.28,2351.96,0
2025-03-31,ST17,SKU000941,17,30067.39,1768.67,0
2025-03-31,ST17,SKU002604,13,27468.35,2112.95,0
2025-03-31,ST21,SKU004025,23,12306.38,535.06,0
2025-03-31,ST22,SKU004935,9,2611.71,290.19,0
2025-03-31,ST24,SKU000379,8,5802.16,725.27,0
2025-03-31,ST24,SKU001702,14,13416.76,958.34,0
2025-03-31,ST24,SKU002712,19,29877.12,1572.48,1
2025-03-31,ST24,SKU002803,21,52475.64,2498.84,0
2025-03-31,ST26,SKU000425,10,18184.4,1818.44,0
2025-03-31,ST27,SKU001885,4,8977.88,2244.47,0
2025-03-31,ST27,SKU004270,17,31618.81,1859.93,0
2025-03-31,ST27,SKU004785,3,6795.75,2265.25,0
2025-03-31,ST28,SKU002450,13,30853.81,2373.37,0
2025-03-31,ST29,SKU002980,29,66818.61,2304.09,0
2025-03-31,ST29,SKU004846,16,28908.96,1806.81,0
2025-03-31,ST30,SKU000615,13,7119.58,547.66,0
2025-04-01,ST04,SKU002391,10,1196.1,119.61,0
2025-04-01,ST04,SKU004803,12,21279.6,1773.3,0
2025-04-01,ST06,SKU001070,10,11634.3,1163.43,0
2025-04-01,ST06,SKU002753,4,7826.6,1956.65,1
2025-04-01,ST07,SKU000969,33,57879.36,1753.92,0
2025-04-01,ST09,SKU002566,14,5286.54,377.61,0
2025-04-01,ST09,SKU003761,15,11789.25,785.95,0
2025-04-01,ST10,SKU003098,9,8902.89,989.21,0
2025-04-01,ST10,SKU004037,26,50397.1,1938.35,1
2025-04-01,ST11,SKU004302,32,78432.96,2451.03,1
2025-04-01,ST13,SKU003338,9,8540.73,948.97,0
2025-04-01,ST15,SKU004855,9,16990.38,1887.82,0
2025-04-01,ST16,SKU002114,7,7544.25,1077.75,0
2025-04-01,ST16,SKU004353,24,1740.0,72.5,0
2025-04-01,ST18,SKU001730,11,18166.72,1651.52,0
2025-04-01,ST18,SKU001789,6,8519.46,1419.91,0
2025-04-01,ST18,SKU002959,1,2325.6,2325.6,0
2025-04-01,ST19,SKU002372,26,28131.74,1081.99,0
2025-04-01,ST19,SKU003497,4,5640.96,1410.24,0
2025-04-01,ST20,SKU001739,16,26126.24,1632.89,1
2025-04-01,ST20,SKU001814,18,39493.26,2194.07,1
2025-04-01,ST21,SKU000555,13,8574.28,659.56,0
2025-04-01,ST22,SKU001448,4,7713.2,1928.3,0
2025-04-01,ST23,SKU001723,25,27695.25,1107.81,0
2025-04-01,ST24,SKU001337,8,2370.0,296.25,0
2025-04-01,ST24,SKU002538,16,37923.52,2370.22,0
2025-04-01,ST25,SKU000361,32,70895.04,2215.47,0
2025-04-01,ST25,SKU000980,14,24994.9,1785.35,1
2025-04-01,ST26,SKU000955,19,31258.8,1645.2,0
2025-04-01,ST27,SKU002465,4,3756.68,939.17,0
2025-04-01,ST29,SKU000846,13,32258.2,2481.4,0
2025-04-01,ST29,SKU001334,15,4855.2,323.68,0
2025-04-01,ST30,SKU005000,10,1503.9,150.39,0
2025-04-02,ST02,SKU004311,6,9538.56,1589.76,0
2025-04-02,ST03,SKU004169,24,43579.92,1815.83,0
2025-04-02,ST04,SKU000453,7,16608.76,2372.68,0
2025-04-02,ST04,SKU001410,28,46907.84,1675.28,0
2025-04-02,ST05,SKU004133,9,17922.87,1991.43,1
2025-04-02,ST07,SKU001886,1,262.08,262.08,0
2025-04-02,ST07,SKU002530,4,2021.44,505.36,0
2025-04-02,ST08,SKU000263,23,2215.13,96.31,0
2025-04-02,ST08,SKU001729,5,6763.1,1352.62,0
2025-04-02,ST08,SKU003282,16,31271.68,1954.48,0
2025-04-02,ST08,SKU003839,13,14001.52,1077.04,0
2025-04-02,ST08,SKU004847,2,3619.2,1809.6,0
2025-04-02,ST10,SKU003861,14,30038.68,2145.62,0
2025-04-02,ST10,SKU004243,12,4041.48,336.79,0
2025-04-02,ST11,SKU001217,16,23196.32,1449.77,1
2025-04-02,ST12,SKU003185,23,32448.17,1410.79,1
2025-04-02,ST13,SKU002265,24,17800.08,741.67,0
2025-04-02,ST13,SKU003758,12,16048.2,1337.35,0
2025-04-02,ST14,SKU000924,21,43373.19,2065.39,0
2025-04-02,ST16,SKU001228,23,8924.46,388.02,0
2025-04-02,ST16,SKU001424,19,16130.62,848.98,0
2025-04-02,ST16,SKU001905,1,2239.16,2239.16,0
2025-04-02,ST16,SKU002808,3,6480.21,2160.07,0
2025-04-02,ST17,SKU000182,9,22012.11,2445.79,0
2025-04-02,ST17,SKU003225,12,11201.04,933.42,0
2025-04-02,ST17,SKU003316,19,17255.8,908.2,0
2025-04-02,ST17,SKU004764,16,15390.88,961.93,0
2025-04-02,ST18,SKU003137,7,5810.7,830.1,0
2025-04-02,ST20,SKU003188,22,51344.04,2333.82,1
2025-04-02,ST21,SKU002678,17,39524.32,2324.96,0
2025-04-02,ST22,SKU001163,13,2997.28,230.56,1
2025-04-02,ST24,SKU000414,7,7714.77,1102.11,0
2025-04-02,ST24,SKU000974,21,25159.68,1198.08,0
2025-04-02,ST24,SKU001246,16,16047.52,1002.97,0
2025-04-02,ST24,SKU002069,12,7919.04,659.92,0
2025-04-02,ST25,SKU002039,3,5994.87,1998.29,0
2025-04-02,ST25,SKU004405,20,9754.0,487.7,0
2025-04-02,ST26,SKU001549,50,78720.0,1574.4,1
2025-04-02,ST26,SKU001700,12,3564.24,297.02,0
2025-04-02,ST26,SKU002203,8,17338.48,2167.31,0
2025-04-02,ST26,SKU002809,2,4395.54,2197.77,1
2025-04-02,ST27,SKU000213,13,15039.83,1156.91,0
2025-04-02,ST28,SKU001893,20,38655.8,1932.79,1
2025-04-02,ST29,SKU004510,12,12947.64,1078.97,0
2025-04-02,ST29,SKU004604,49,116794.44,2383.56,0
2025-04-02,ST30,SKU001461,6,1172.34,195.39,0
2025-04-03,ST02,SKU002028,5,9387.35,1877.47,0
2025-04-03,ST02,SKU004823,38,56160.96,1477.92,0
2025-04-03,ST03,SKU003518,30,30727.5,1024.25,0
2025-04-03,ST06,SKU004620,13,26829.27,2063.79,0
2025-04-03,ST06,SKU004889,8,15163.28,1895.41,0
2025-04-03,ST07,SKU002169,3,5427.12,1809.04,0
2025-04-03,ST07,SKU003693,18,36471.24,2026.18,1
2025-04-03,ST08,SKU000918,7,381.71,54.53,0
2025-04-03,ST09,SKU000124,13,27429.61,2109.97,0
2025-04-03,ST09,SKU000529,11,25992.01,2362.91,0
2025-04-03,ST09,SKU000788,35,62870.85,1796.31,0
2025-04-03,ST09,SKU002636,9,21605.13,2400.57,0
2025-04-03,ST10,SKU001385,3,2887.92,962.64,0
2025-04-03,ST10,SKU002375,14,27931.54,1995.11,0
2025-04-03,ST14,SKU003858,21,37672.95,1793.95,1
2025-04-03,ST17,SKU002813,0,0.0,1469.75,0
2025-04-03,ST18,SKU003443,8,1590.72,198.84,0
2025-04-03,ST19,SKU001443,4,6505.28,1626.32,0
2025-04-03,ST20,SKU000892,7,13648.46,1949.78,0
2025-04-03,ST20,SKU001206,28,44979.48,1606.41,0
2025-04-03,ST22,SKU001604,20,48050.4,2402.52,0
2025-04-03,ST23,SKU001462,17,13938.3,819.9,1
2025-04-03,ST25,SKU000910,8,5646.0,705.75,0
2025-04-03,ST25,SKU001670,9,2919.24,324.36,0
2025-04-03,ST30,SKU000597,3,5049.21,1683.07,0
2025-04-03,ST30,SKU003847,52,15373.8,295.65,1
2025-04-03,ST30,SKU004520,1,116.44,116.44,0
2025-04-04,ST01,SKU004012,10,5136.8,513.68,0
2025-04-04,ST03,SKU000309,8,17382.64,2172.83,0
2025-04-04,ST03,SKU001164,6,9210.42,1535.07,0
2025-04-04,ST04,SKU000113,5,6746.55,1349.31,0
2025-04-04,ST05,SKU003154,24,44841.84,1868.41,0
2025-04-04,ST06,SKU000019,7,15807.47,2258.21,0
2025-04-04,ST07,SKU004026,23,1897.5,82.5,1
2025-04-04,ST07,SKU004218,27,16718.94,619.22,1
2025-04-04,ST12,SKU003919,4,1006.92,251.73,0
2025-04-04,ST12,SKU004273,13,915.46,70.42,0
2025-04-04,ST12,SKU004300,14,30294.74,2163.91,0
2025-04-04,ST13,SKU002705,14,8330.42,595.03,1
2025-04-04,ST16,SKU001746,5,8171.7,1634.34,0
2025-04-04,ST16,SKU002531,0,0.0,640.56,1
2025-04-04,ST16,SKU002887,27,26242.11,971.93,0
2025-04-04,ST16,SKU004424,21,42213.57,2010.17,1
2025-04-04,ST17,SKU001313,4,9973.92,2493.48,0
2025-04-04,ST19,SKU000314,4,7390.28,1847.57,0
2025-04-04,ST19,SKU000803,6,12167.22,2027.87,0
2025-04-04,ST20,SKU003821,5,6667.35,1333.47,0
2025-04-04,ST21,SKU002612,0,0.0,905.84,0
2025-04-04,ST22,SKU000880,13,9831.25,756.25,0
2025-04-04,ST22,SKU002045,37,80202.31,2167.63,0
2025-04-04,ST23,SKU004488,21,24220.14,1153.34,1
2025-04-04,ST25,SKU000258,4,3196.8,799.2,0
2025-04-04,ST25,SKU001524,7,3738.63,534.09,0
2025-04-04,ST26,SKU003257,9,16732.17,1859.13,0
2025-04-04,ST28,SKU002304,12,9924.36,827.03,0
2025-04-04,ST28,SKU004656,27,24275.7,899.1,0
2025-04-04,ST29,SKU000021,2,3382.34,1691.17,0
2025-04-04,ST29,SKU000053,1,2180.58,2180.58,0
2025-04-04,ST29,SKU004307,4,6873.48,1718.37,0
2025-04-04,ST30,SKU000298,38,13338.0,351.0,0
2025-04-04,ST30,SKU004232,19,45384.92,2388.68,0
2025-04-05,ST01,SKU001665,10,16383.1,1638.31,0
2025-04-05,ST01,SKU004893,15,31374.75,2091.65,0
2025-04-05,ST02,SKU000112,2,266.44,133.22,0
2025-04-05,ST02,SKU002063,45,34490.25,766.45,0
2025-04-05,ST02,SKU004850,27,27281.61,1010.43,0
2025-04-05,ST04,SKU001667,8,10755.28,1344.41,0
2025-04-05,ST06,SKU001458,10,6736.1,673.61,0
2025-04-05,ST06,SKU002081,56,131272.4,2344.15,1
2025-04-05,ST06,SKU004567,13,28215.46,2170.42,0
2025-04-05,ST07,SKU002969,9,14165.28,1573.92,0
2025-04-05,ST08,SKU002357,15,33077.85,2205.19,0
2025-04-05,ST08,SKU003847,14,4139.1,295.65,0
2025-04-05,ST09,SKU004412,4,2726.52,681.63,0
2025-04-05,ST09,SKU004800,37,57918.69,1565.37,0
2025-04-05,ST10,SKU001954,19,8623.72,453.88,1
2025-04-05,ST11,SKU000327,2,1401.7,700.85,0
2025-04-05,ST11,SKU003255,9,12125.7,1347.3,0
2025-04-05,ST11,SKU004705,25,51235.25,2049.41,0
2025-04-05,ST12,SKU000204,23,37544.74,1632.38,0
2025-04-05,ST12,SKU001029,7,14600.88,2085.84,0
2025-04-05,ST14,SKU002992,14,5560.38,397.17,0
2025-04-05,ST16,SKU002465,22,20661.74,939.17,1
2025-04-05,ST17,SKU001269,23,57079.33,2481.71,0
2025-04-05,ST17,SKU003104,18,5855.22,325.29,0
2025-04-05,ST17,SKU003804,22,44952.38,2043.29,0
2025-04-05,ST18,SKU001212,25,44550.25,1782.01,0
2025-04-05,ST18,SKU004308,3,795.6,265.2,0
2025-04-05,ST24,SKU001886,15,3931.2,262.08,0
2025-04-05,ST26,SKU003677,13,21055.84,1619.68,0
2025-04-05,ST26,SKU004014,12,18767.88,1563.99,0
2025-04-05,ST27,SKU001505,12,6867.84,572.32,0
2025-04-05,ST28,SKU004833,9,17191.8,1910.2,0
2025-04-06,ST01,SKU002520,14,22020.04,1572.86,0
2025-04-06,ST04,SKU003002,12,26041.32,2170.11,0
2025-04-06,ST06,SKU002973,7,15564.92,2223.56,0
2025-04-06,ST06,SKU003271,9,8894.7,988.3,0
2025-04-06,ST07,SKU002580,3,3118.02,1039.34,0
2025-04-06,ST07,SKU004131,22,29726.4,1351.2,1
2025-04-06,ST08,SKU002748,32,37831.36,1182.23,0
2025-04-06,ST09,SKU000509,8,12194.24,1524.28,0
2025-04-06,ST09,SKU000669,15,3061.2,204.08,0
2025-04-06,ST09,SKU001731,15,18958.95,1263.93,0
2025-04-06,ST10,SKU003408,21,42387.45,2018.45,0
2025-04-06,ST11,SKU001450,18,9945.72,552.54,0
2025-04-06,ST12,SKU004380,11,11805.31,1073.21,0
2025-04-06,ST13,SKU000087,1,1343.64,1343.64,0
2025-04-06,ST13,SKU002236,20,16179.0,808.95,0
2025-04-06,ST15,SKU001837,19,41583.4,2188.6,0
2025-04-06,ST15,SKU002789,13,2112.5,162.5,0
2025-04-06,ST16,SKU003339,6,11247.84,1874.64,0
2025-04-06,ST16,SKU003700,6,14194.38,2365.73,1
2025-04-06,ST16,SKU004698,16,8348.0,521.75,1
2025-04-06,ST17,SKU004227,7,2139.2,305.6,0
2025-04-06,ST18,SKU001663,14,4647.58,331.97,0
2025-04-06,ST19,SKU002274,6,14219.7,2369.95,0
2025-04-06,ST20,SKU000642,26,55261.7,2125.45,0
2025-04-06,ST20,SKU003880,14,13986.42,999.03,0
2025-04-06,ST21,SKU001319,27,44640.99,1653.37,0
2025-04-06,ST21,SKU002617,5,2752.8,550.56,0
2025-04-06,ST22,SKU000849,6,4122.06,687.01,0
2025-04-06,ST23,SKU001914,4,2822.64,705.66,0
2025-04-06,ST23,SKU003021,27,46169.46,1709.98,0
2025-04-06,ST26,SKU001874,11,18607.71,1691.61,1
2025-04-06,ST26,SKU002451,6,1190.76,198.46,0
2025-04-06,ST27,SKU003547,4,7109.36,1777.34,0
2025-04-06,ST29,SKU001370,11,24570.04,2233.64,0
2025-04-06,ST30,SKU002018,8,12569.04,1571.13,0
2025-04-06,ST30,SKU002028,0,0.0,1877.47,0
2025-04-07,ST01,SKU004958,9,15757.83,1750.87,0
2025-04-07,ST02,SKU000445,31,37947.1,1224.1,0
2025-04-07,ST02,SKU000778,18,1760.4,97.8,0
2025-04-07,ST03,SKU001635,2,4062.6,2031.3,0
2025-04-07,ST03,SKU004454,15,14722.2,981.48,0
2025-04-07,ST04,SKU000733,10,20066.9,2006.69,1
2025-04-07,ST04,SKU001714,11,14840.1,1349.1,0
2025-04-07,ST05,SKU002703,23,23892.17,1038.79,1
2025-04-07,ST06,SKU003695,3,5093.4,1697.8,0
2025-04-07,ST06,SKU004808,10,9975.8,997.58,1
2025-04-07,ST07,SKU004770,15,19569.9,1304.66,1
2025-04-07,ST08,SKU001667,10,13444.1,1344.41,0
2025-04-07,ST10,SKU002519,13,16551.47,1273.19,0
2025-04-07,ST11,SKU000445,10,12241.0,1224.1,0
2025-04-07,ST12,SKU000686,6,4050.54,675.09,0
2025-04-07,ST12,SKU002492,14,18178.58,1298.47,1
2025-04-07,ST12,SKU003214,16,27075.36,1692.21,0
2025-04-07,ST13,SKU002691,11,15637.6,1421.6,1
2025-04-07,ST15,SKU003070,5,4667.75,933.55,0
2025-04-07,ST16,SKU001769,2,4672.82,2336.41,0
2025-04-07,ST17,SKU002430,4,1956.72,489.18,0
2025-04-07,ST19,SKU002417,17,23501.48,1382.44,0
2025-04-07,ST20,SKU000139,6,14189.58,2364.93,0
2025-04-07,ST22,SKU000232,3,436.56,145.52,0
2025-04-07,ST23,SKU000307,11,8317.43,756.13,0
2025-04-07,ST23,SKU002095,2,2655.02,1327.51,0
2025-04-07,ST25,SKU000574,11,27259.98,2478.18,0
2025-04-07,ST25,SKU000878,13,1668.68,128.36,0
2025-04-07,ST26,SKU002381,2,4034.32,2017.16,0
2025-04-07,ST26,SKU004345,16,2920.8,182.55,0
2025-04-07,ST27,SKU003176,49,102689.3,2095.7,1
2025-04-07,ST27,SKU004186,13,21144.11,1626.47,0
2025-04-07,ST28,SKU001502,30,34271.7,1142.39,0
2025-04-07,ST29,SKU000655,11,21595.09,1963.19,0
2025-04-07,ST29,SKU001414,7,8570.52,1224.36,0
2025-04-07,ST29,SKU003034,7,9667.42,1381.06,0
2025-04-07,ST29,SKU004413,8,13718.16,1714.77,0
2025-04-07,ST29,SKU004532,12,28223.52,2351.96,0
2025-04-08,ST01,SKU002671,3,2103.54,701.18,0
2025-04-08,ST02,SKU001565,12,15720.24,1310.02,1
2025-04-08,ST02,SKU003226,18,1551.78,86.21,0
2025-04-08,ST04,SKU001933,12,18114.48,1509.54,0
2025-04-08,ST04,SKU004251,23,23154.79,1006.73,0
2025-04-08,ST07,SKU000633,5,11540.25,2308.05,0
2025-04-08,ST07,SKU002256,24,21339.6,889.15,1
2025-04-08,ST07,SKU003817,9,18087.39,2009.71,1
2025-04-08,ST07,SKU004454,21,20611.08,981.48,0
2025-04-08,ST08,SKU003154,41,76604.81,1868.41,1
2025-04-08,ST09,SKU001331,7,13711.95,1958.85,1
2025-04-08,ST09,SKU002582,13,6032.91,464.07,0
2025-04-08,ST10,SKU003763,24,32190.72,1341.28,0
2025-04-08,ST10,SKU004343,15,16732.65,1115.51,0
2025-04-08,ST11,SKU001075,44,39721.88,902.77,0
2025-04-08,ST11,SKU002480,18,7942.68,441.26,0
2025-04-08,ST12,SKU000024,25,16821.0,672.84,1
2025-04-08,ST14,SKU002213,4,5148.64,1287.16,0
2025-04-08,ST15,SKU000504,18,41829.66,2323.87,0
2025-04-08,ST15,SKU000675,8,702.72,87.84,0
2025-04-08,ST15,SKU001774,30,51124.2,1704.14,0
2025-04-08,ST15,SKU003041,7,5006.75,715.25,1
2025-04-08,ST15,SKU003827,8,8893.36,1111.67,0
2025-04-08,ST16,SKU002056,10,10381.7,1038.17,0
2025-04-08,ST16,SKU002658,15,13736.7,915.78,0
2025-04-08,ST17,SKU003672,6,14435.88,2405.98,0
2025-04-08,ST18,SKU004842,8,19119.68,2389.96,0
2025-04-08,ST19,SKU002601,8,2617.52,327.19,0
2025-04-08,ST21,SKU000516,34,20844.04,613.06,0
2025-04-08,ST21,SKU002687,2,1469.38,734.69,0
2025-04-08,ST21,SKU003102,3,1679.79,559.93,0
2025-04-08,ST22,SKU003056,6,13020.96,2170.16,0
2025-04-08,ST22,SKU003898,0,0.0,1775.47,0
2025-04-08,ST23,SKU001681,3,4724.7,1574.9,0
2025-04-08,ST24,SKU000242,10,22351.2,2235.12,0
2025-04-08,ST24,SKU004421,10,23831.5,2383.15,0
2025-04-08,ST25,SKU002491,7,1595.3,227.9,1
2025-04-08,ST26,SKU000281,5,10233.65,2046.73,0
2025-04-08,ST26,SKU002538,11,26072.42,2370.22,1
2025-04-08,ST26,SKU002572,5,7462.8,1492.56,0
2025-04-08,ST27,SKU004493,5,6334.1,1266.82,0
2025-04-08,ST28,SKU004418,13,28238.47,2172.19,0
2025-04-08,ST29,SKU000591,9,11095.83,1232.87,0
2025-04-08,ST29,SKU003896,6,14847.66,2474.61,0
2025-04-09,ST01,SKU002520,7,11010.02,1572.86,0
2025-04-09,ST01,SKU004216,22,53838.4,2447.2,0
2025-04-09,ST02,SKU003349,10,19511.0,1951.1,0
2025-04-09,ST03,SKU004137,12,21120.0,1760.0,1
2025-04-09,ST03,SKU004172,19,42807.57,2253.03,1
2025-04-09,ST05,SKU002196,19,19263.72,1013.88,1
2025-04-09,ST05,SKU004364,6,3903.18,650.53,0
2025-04-09,ST08,SKU004845,17,27292.31,1605.43,0
2025-04-09,ST09,SKU001092,4,9504.04,2376.01,0
2025-04-09,ST10,SKU000626,24,44188.56,1841.19,0
2025-04-09,ST10,SKU001556,16,10897.6,681.1,1
2025-04-09,ST10,SKU003188,11,25672.02,2333.82,0
2025-04-09,ST10,SKU003881,5,7440.25,1488.05,0
2025-04-09,ST12,SKU001792,4,7011.36,1752.84,1
2025-04-09,ST13,SKU001223,8,8947.28,1118.41,0
2025-04-09,ST13,SKU001313,6,14960.88,2493.48,0
2025-04-09,ST13,SKU002059,18,7167.24,398.18,0
2025-04-09,ST14,SKU001303,2,3821.46,1910.73,1
2025-04-09,ST14,SKU001798,7,8103.13,1157.59,0
2025-04-09,ST15,SKU002733,4,9907.8,2476.95,0
2025-04-09,ST15,SKU004319,11,12436.38,1130.58,0
2025-04-09,ST16,SKU000416,23,19774.48,859.76,1
2025-04-09,ST22,SKU000310,8,7543.84,942.98,0
2025-04-09,ST22,SKU001428,19,36136.86,1901.94,0
2025-04-09,ST23,SKU000368,5,10972.8,2194.56,0
2025-04-09,ST23,SKU000556,5,933.65,186.73,0
2025-04-09,ST23,SKU000895,1,496.09,496.09,0
2025-04-09,ST23,SKU003232,32,51798.72,1618.71,0
2025-04-09,ST24,SKU000453,4,9490.72,2372.68,0
2025-04-09,ST26,SKU002999,28,56222.04,2007.93,1
2025-04-09,ST27,SKU002132,4,2816.08,704.02,0
2025-04-09,ST27,SKU003465,0,0.0,264.14,0
2025-04-09,ST29,SKU003911,0,0.0,1995.83,0
2025-04-10,ST01,SKU000359,11,13415.49,1219.59,0
2025-04-10,ST01,SKU001589,5,8922.15,1784.43,0
2025-04-10,ST01,SKU002593,14,12403.02,885.93,1
2025-04-10,ST02,SKU001091,12,1553.64,129.47,0
2025-04-10,ST02,SKU002545,20,39241.4,1962.07,0
2025-04-10,ST03,SKU004154,28,47443.2,1694.4,0
2025-04-10,ST05,SKU003837,17,22858.71,1344.63,0
2025-04-10,ST06,SKU000046,0,0.0,1665.4,1
2025-04-10,ST06,SKU001610,14,4768.68,340.62,1
2025-04-10,ST09,SKU001564,11,4828.78,438.98,0
2025-04-10,ST10,SKU000813,15,29294.4,1952.96,1
2025-04-10,ST11,SKU003185,32,45145.28,1410.79,1
2025-04-10,ST11,SKU004744,18,29193.84,1621.88,0
2025-04-10,ST12,SKU002244,28,7024.08,250.86,0
2025-04-10,ST13,SKU000881,16,33108.0,2069.25,0
2025-04-10,ST13,SKU001817,8,13367.2,1670.9,0
2025-04-10,ST14,SKU000161,12,11378.04,948.17,0
2025-04-10,ST14,SKU000726,8,18545.52,2318.19,0
2025-04-10,ST16,SKU002782,25,31406.25,1256.25,0
2025-04-10,ST16,SKU003008,12,23038.08,1919.84,0
2025-04-10,ST16,SKU004998,9,16784.01,1864.89,0
2025-04-10,ST17,SKU000061,13,6270.42,482.34,0
2025-04-10,ST19,SKU004456,18,32139.18,1785.51,0
2025-04-10,ST20,SKU003480,7,8068.55,1152.65,0
2025-04-10,ST22,SKU004222,6,4789.08,798.18,1
2025-04-10,ST24,SKU001633,12,12368.04,1030.67,0
2025-04-10,ST24,SKU001681,13,20473.7,1574.9,0
2025-04-10,ST24,SKU002068,20,49734.8,2486.74,0
2025-04-10,ST24,SKU002745,6,11147.7,1857.95,0
2025-04-10,ST26,SKU000068,20,2007.8,100.39,0
2025-04-10,ST26,SKU004357,2,2935.6,1467.8,0
2025-04-10,ST27,SKU000625,15,23713.5,1580.9,0
2025-04-10,ST27,SKU004624,2,3563.28,1781.64,0
2025-04-11,ST01,SKU002966,17,13756.57,809.21,1
2025-04-11,ST02,SKU001118,10,7749.1,774.91,0
2025-04-11,ST02,SKU003101,17,16708.28,982.84,0
2025-04-11,ST02,SKU004246,10,18030.8,1803.08,0
2025-04-11,ST02,SKU004720,3,2486.58,828.86,0
2025-04-11,ST03,SKU000541,8,11002.56,1375.32,1
2025-04-11,ST04,SKU001507,11,3657.61,332.51,0
2025-04-11,ST05,SKU004113,13,2920.71,224.67,0
2025-04-11,ST06,SKU003461,6,7153.2,1192.2,0
2025-04-11,ST06,SKU004670,3,6775.44,2258.48,0
2025-04-11,ST06,SKU004680,9,13006.26,1445.14,0
2025-04-11,ST07,SKU000620,13,10262.07,789.39,0
2025-04-11,ST07,SKU000947,26,49989.42,1922.67,0
2025-04-11,ST07,SKU003417,11,3310.67,300.97,0
2025-04-11,ST10,SKU003339,8,14997.12,1874.64,0
2025-04-11,ST11,SKU001143,21,12260.22,583.82,0
2025-04-11,ST11,SKU003282,19,37135.12,1954.48,0
2025-04-11,ST12,SKU001978,10,20711.9,2071.19,0
2025-04-11,ST12,SKU002515,0,0.0,70.09,0
2025-04-11,ST13,SKU000538,10,9521.1,952.11,0
2025-04-11,ST15,SKU002086,15,19692.15,1312.81,0
2025-04-11,ST15,SKU004329,11,17919.22,1629.02,0
2025-04-11,ST15,SKU004650,19,27679.01,1456.79,0
2025-04-11,ST16,SKU002413,47,52817.19,1123.77,1
2025-04-11,ST16,SKU004922,32,4421.44,138.17,1
2025-04-11,ST17,SKU002887,11,10691.23,971.93,0
2025-04-11,ST17,SKU003608,12,17776.92,1481.41,0
2025-04-11,ST18,SKU000347,19,13988.75,736.25,1
2025-04-11,ST18,SKU003181,12,25076.76,2089.73,0
2025-04-11,ST22,SKU002982,12,19638.48,1636.54,0
2025-04-11,ST22,SKU003865,9,15514.56,1723.84,0
2025-04-11,ST22,SKU004417,7,15041.88,2148.84,0
2025-04-11,ST24,SKU002133,12,27675.12,2306.26,0
2025-04-11,ST25,SKU001365,21,26805.87,1276.47,1
2025-04-11,ST26,SKU004002,9,12766.77,1418.53,0
2025-04-11,ST27,SKU002208,16,31207.84,1950.49,0
2025-04-11,ST29,SKU002338,0,0.0,1442.38,1
2025-04-11,ST29,SKU004813,10,5256.4,525.64,0
2025-04-11,ST30,SKU002622,22,53427.88,2428.54,0
2025-04-12,ST02,SKU002421,2,215.64,107.82,0
2025-04-12,ST03,SKU002734,22,7697.8,349.9,1
2025-04-12,ST06,SKU003433,11,17018.21,1547.11,0
2025-04-12,ST07,SKU001335,5,11176.25,2235.25,0
2025-04-12,ST07,SKU001543,46,58289.82,1267.17,1
2025-04-12,ST07,SKU003601,8,13429.6,1678.7,0
2025-04-12,ST09,SKU000218,17,8527.71,501.63,0
2025-04-12,ST09,SKU004836,7,8973.72,1281.96,0
2025-04-12,ST10,SKU001176,9,6738.3,748.7,0
2025-04-12,ST12,SKU000112,28,3730.16,133.22,0
2025-04-12,ST12,SKU000848,15,13591.65,906.11,0
2025-04-12,ST15,SKU002606,16,28264.32,1766.52,0
2025-04-12,ST15,SKU002961,25,56452.75,2258.11,0
2025-04-12,ST20,SKU003961,26,13236.6,509.1,1
2025-04-12,ST21,SKU002117,18,35322.3,1962.35,0
2025-04-12,ST22,SKU004658,7,7908.81,1129.83,0
2025-04-12,ST23,SKU004714,5,10391.95,2078.39,0
2025-04-12,ST25,SKU000011,0,0.0,1976.19,0
2025-04-12,ST25,SKU001721,10,4361.5,436.15,0
2025-04-12,ST25,SKU004972,47,21338.94,454.02,1
2025-04-12,ST26,SKU003065,15,19690.8,1312.72,0
2025-04-12,ST26,SKU003086,11,11865.59,1078.69,0
2025-04-12,ST29,SKU001316,8,8498.08,1062.26,1
2025-04-12,ST29,SKU002124,21,18048.45,859.45,0
2025-04-12,ST29,SKU003615,9,13381.2,1486.8,0
2025-04-12,ST29,SKU004889,8,15163.28,1895.41,0
2025-04-12,ST30,SKU000308,13,19693.83,1514.91,0
2025-04-12,ST30,SKU002522,18,39138.12,2174.34,0
2025-04-12,ST30,SKU002814,14,22009.82,1572.13,0
2025-04-13,ST01,SKU002117,13,25510.55,1962.35,0
2025-04-13,ST01,SKU004901,55,30895.7,561.74,0
2025-04-13,ST03,SKU003670,1,735.57,735.57,0
2025-04-13,ST06,SKU001078,14,7844.9,560.35,0
2025-04-13,ST07,SKU000543,9,5196.42,577.38,0
2025-04-13,ST07,SKU000991,26,39396.24,1515.24,0
2025-04-13,ST07,SKU002217,48,53400.48,1112.51,0
2025-04-13,ST07,SKU003739,17,2040.85,120.05,1
2025-04-13,ST08,SKU000561,11,25310.01,2300.91,0
2025-04-13,ST08,SKU003615,10,14868.0,1486.8,0
2025-04-13,ST09,SKU003268,5,1192.35,238.47,0
2025-04-13,ST10,SKU002791,17,6676.24,392.72,0
2025-04-13,ST10,SKU004940,8,2710.16,338.77,0
2025-04-13,ST11,SKU002033,0,0.0,1896.23,0
2025-04-13,ST12,SKU003792,13,9514.05,731.85,0
2025-04-13,ST14,SKU000633,13,30004.65,2308.05,1
2025-04-13,ST14,SKU004457,18,14174.64,787.48,0
2025-04-13,ST15,SKU001512,4,1383.28,345.82,0
2025-04-13,ST17,SKU001758,9,20170.17,2241.13,0
2025-04-13,ST18,SKU001778,3,4644.66,1548.22,0
2025-04-13,ST20,SKU001467,5,3629.15,725.83,0
2025-04-13,ST20,SKU002652,11,5991.15,544.65,0
2025-04-13,ST20,SKU003223,3,5993.28,1997.76,0
2025-04-13,ST21,SKU000399,23,22899.03,995.61,1
2025-04-13,ST21,SKU001601,37,12049.42,325.66,1
2025-04-13,ST23,SKU001702,19,18208.46,958.34,0
2025-04-13,ST26,SKU002887,17,16522.81,971.93,0
2025-04-13,ST26,SKU003064,3,1454.79,484.93,0
2025-04-13,ST28,SKU004040,35,63467.25,1813.35,1
2025-04-13,ST29,SKU002438,7,1290.17,184.31,0
2025-04-13,ST29,SKU003165,42,75783.54,1804.37,0
2025-04-13,ST30,SKU000701,4,8311.56,2077.89,0
2025-04-13,ST30,SKU004712,11,3902.03,354.73,0
2025-04-14,ST04,SKU003142,18,35763.12,1986.84,0
2025-04-14,ST05,SKU002274,5,11849.75,2369.95,0
2025-04-14,ST07,SKU000862,10,16513.0,1651.3,0
2025-04-14,ST07,SKU003448,1,385.97,385.97,0
2025-04-14,ST07,SKU003816,15,23313.15,1554.21,0
2025-04-14,ST10,SKU004158,0,0.0,1353.19,0
2025-04-14,ST11,SKU000248,2,3795.42,1897.71,0
2025-04-14,ST11,SKU003542,12,24677.04,2056.42,0
2025-04-14,ST11,SKU004595,4,2638.64,659.66,1
2025-04-14,ST11,SKU004692,6,11619.78,1936.63,0
2025-04-14,ST12,SKU001300,29,32437.08,1118.52,0
2025-04-14,ST13,SKU002621,23,39330.23,1710.01,1
2025-04-14,ST14,SKU000416,0,0.0,859.76,0
2025-04-14,ST14,SKU000726,8,18545.52,2318.19,0
2025-04-14,ST15,SKU001887,17,33600.16,1976.48,0
2025-04-14,ST15,SKU002868,1,2285.83,2285.83,0
2025-04-14,ST16,SKU000721,11,20810.9,1891.9,0
2025-04-14,ST17,SKU000309,9,19555.47,2172.83,0
2025-04-14,ST18,SKU002444,19,17090.69,899.51,0
2025-04-14,ST18,SKU004351,12,6476.28,539.69,0
2025-04-14,ST18,SKU004638,5,3482.15,696.43,0
2025-04-14,ST19,SKU001878,13,7517.38,578.26,0
2025-04-14,ST20,SKU002887,12,11663.16,971.93,0
2025-04-14,ST20,SKU004048,4,4344.64,1086.16,0
2025-04-14,ST21,SKU001475,8,9784.8,1223.1,1
2025-04-14,ST21,SKU002077,8,4577.92,572.24,0
2025-04-14,ST21,SKU004683,5,1071.85,214.37,1
2025-04-14,ST22,SKU003202,27,2227.5,82.5,0
2025-04-14,ST25,SKU001587,12,15457.44,1288.12,0
2025-04-14,ST26,SKU002871,21,32119.5,1529.5,1
2025-04-14,ST26,SKU003204,9,18869.58,2096.62,1
2025-04-14,ST28,SKU001085,7,449.68,64.24,0
2025-04-14,ST28,SKU002487,6,11319.96,1886.66,0
2025-04-14,ST29,SKU001000,20,12129.0,606.45,0
2025-04-14,ST29,SKU002455,6,8798.64,1466.44,0
2025-04-14,ST29,SKU002780,0,0.0,702.1,1
2025-04-14,ST30,SKU000055,31,63720.5,2055.5,1
2025-04-14,ST30,SKU001580,10,827.6,82.76,0
2025-04-14,ST30,SKU002157,12,17758.92,1479.91,0
2025-04-14,ST30,SKU003018,19,42368.29,2229.91,1
2025-04-15,ST01,SKU001567,8,1463.2,182.9,0
2025-04-15,ST01,SKU003464,2,1412.5,706.25,0
2025-04-15,ST02,SKU002584,6,12883.98,2147.33,1
2025-04-15,ST02,SKU003685,8,14509.84,1813.73,0
2025-04-15,ST03,SKU000171,26,55193.58,2122.83,0
2025-04-15,ST03,SKU000625,4,6323.6,1580.9,1
2025-04-15,ST03,SKU000748,8,1402.24,175.28,0
2025-04-15,ST03,SKU003706,19,42402.49,2231.71,0
2025-04-15,ST03,SKU004367,0,0.0,1588.13,0
2025-04-15,ST04,SKU000926,13,12770.42,982.34,0
2025-04-15,ST04,SKU001592,14,18280.22,1305.73,0
2025-04-15,ST04,SKU002359,13,1956.89,150.53,0
2025-04-15,ST04,SKU003987,25,9549.0,381.96,1
2025-04-15,ST05,SKU002226,18,42387.48,2354.86,0
2025-04-15,ST06,SKU002111,14,27639.78,1974.27,0
2025-04-15,ST06,SKU003370,8,19303.2,2412.9,0
2025-04-15,ST06,SKU004572,34,73944.9,2174.85,0
2025-04-15,ST08,SKU001697,10,23425.0,2342.5,0
2025-04-15,ST08,SKU004271,14,8494.08,606.72,0
2025-04-15,ST09,SKU000997,8,9170.32,1146.29,0
2025-04-15,ST09,SKU002130,11,26009.39,2364.49,0
2025-04-15,ST09,SKU002765,5,7393.35,1478.67,1
2025-04-15,ST09,SKU004207,19,45620.71,2401.09,0
2025-04-15,ST11,SKU001858,13,26265.72,2020.44,1
2025-04-15,ST12,SKU003369,9,5402.34,600.26,0
2025-04-15,ST14,SKU000999,7,6621.02,945.86,1
2025-04-15,ST15,SKU000579,8,4596.32,574.54,0
2025-04-15,ST15,SKU003046,12,18971.64,1580.97,0
2025-04-15,ST17,SKU000631,10,22102.3,2210.23,1
2025-04-15,ST19,SKU002604,15,31694.25,2112.95,0
2025-04-15,ST20,SKU002509,6,3415.92,569.32,0
2025-04-15,ST20,SKU002633,25,41989.75,1679.59,0
2025-04-15,ST22,SKU004637,29,50496.83,1741.27,1
2025-04-15,ST24,SKU001990,18,30256.38,1680.91,0
2025-04-15,ST25,SKU002028,38,71343.86,1877.47,1
2025-04-15,ST25,SKU003518,4,4097.0,1024.25,0
2025-04-15,ST26,SKU000535,32,4340.16,135.63,0
2025-04-15,ST27,SKU002171,7,4777.85,682.55,1
2025-04-15,ST28,SKU001164,24,36841.68,1535.07,0
2025-04-15,ST29,SKU003234,6,9873.12,1645.52,0
2025-04-15,ST30,SKU000564,8,14537.28,1817.16,0
2025-04-15,ST30,SKU002255,10,8476.7,847.67,0
2025-04-16,ST02,SKU004350,5,8992.9,1798.58,0
2025-04-16,ST02,SKU004461,9,2052.9,228.1,0
2025-04-16,ST03,SKU004403,20,42627.0,2131.35,1
2025-04-16,ST04,SKU004978,0,0.0,485.44,0
2025-04-16,ST05,SKU003623,6,5173.38,862.23,0
2025-04-16,ST06,SKU004517,30,33389.4,1112.98,0
2025-04-16,ST07,SKU002731,4,1794.68,448.67,0
2025-04-16,ST08,SKU001966,8,647.28,80.91,0
2025-04-16,ST08,SKU003534,23,18399.54,799.98,0
2025-04-16,ST09,SKU002155,13,29884.79,2298.83,0
2025-04-16,ST09,SKU003501,12,4060.2,338.35,0
2025-04-16,ST10,SKU000152,16,24302.24,1518.89,0
2025-04-16,ST11,SKU003337,21,26106.78,1243.18,1
2025-04-16,ST12,SKU002789,16,2600.0,162.5,0
2025-04-16,ST14,SKU004403,28,59677.8,2131.35,0
2025-04-16,ST15,SKU004850,7,7073.01,1010.43,0
2025-04-16,ST16,SKU001533,18,8152.92,452.94,0
2025-04-16,ST18,SKU000557,7,16856.91,2408.13,0
2025-04-16,ST18,SKU002595,30,70972.8,2365.76,1
2025-04-16,ST19,SKU001570,41,72768.03,1774.83,1
2025-04-16,ST19,SKU003889,11,16988.4,1544.4,0
2025-04-16,ST20,SKU000056,8,17640.72,2205.09,0
2025-04-16,ST22,SKU000224,0,0.0,817.64,0
2025-04-16,ST23,SKU001115,16,39873.28,2492.08,0
2025-04-16,ST24,SKU003647,17,8721.17,513.01,0
2025-04-16,ST25,SKU003009,15,32477.4,2165.16,0
2025-04-16,ST26,SKU002603,11,14244.01,1294.91,1
2025-04-16,ST26,SKU002919,16,37177.44,2323.59,0
2025-04-16,ST27,SKU001052,1,1087.88,1087.88,0
2025-04-16,ST28,SKU003797,12,11493.96,957.83,1
2025-04-16,ST29,SKU000709,16,17028.16,1064.26,0
2025-04-16,ST30,SKU004715,4,9157.2,2289.3,0
2025-04-17,ST01,SKU000884,27,62972.64,2332.32,0
2025-04-17,ST01,SKU002198,19,42232.44,2222.76,0
2025-04-17,ST01,SKU002358,16,37883.2,2367.7,0
2025-04-17,ST01,SKU004620,7,14446.53,2063.79,0
2025-04-17,ST03,SKU004798,2,2754.32,1377.16,0
2025-04-17,ST06,SKU003074,14,15767.5,1126.25,1
2025-04-17,ST07,SKU002285,15,25671.75,1711.45,0
2025-04-17,ST08,SKU000489,1,195.6,195.6,0
2025-04-17,ST09,SKU002996,8,17228.8,2153.6,0
2025-04-17,ST10,SKU002003,10,5190.3,519.03,0
2025-04-17,ST11,SKU001432,5,2314.95,462.99,0
2025-04-17,ST11,SKU003429,30,44135.1,1471.17,1
2025-04-17,ST12,SKU001680,11,10141.56,921.96,0
2025-04-17,ST15,SKU003769,18,19971.54,1109.53,0
2025-04-17,ST16,SKU003481,12,20655.6,1721.3,0
2025-04-17,ST17,SKU002531,32,20497.92,640.56,0
2025-04-17,ST21,SKU000213,10,11569.1,1156.91,0
2025-04-17,ST21,SKU001513,20,30981.6,1549.08,1
2025-04-17,ST24,SKU000378,8,5771.52,721.44,0
2025-04-17,ST24,SKU000978,16,2111.2,131.95,0
2025-04-17,ST24,SKU002861,11,15095.3,1372.3,1
2025-04-17,ST25,SKU002200,30,49576.5,1652.55,1
2025-04-17,ST25,SKU004334,8,15960.32,1995.04,0
2025-04-17,ST26,SKU004427,13,31720.78,2440.06,1
2025-04-17,ST28,SKU002026,12,17722.08,1476.84,1
2025-04-17,ST29,SKU004923,7,11002.6,1571.8,0
2025-04-17,ST30,SKU002468,4,9636.0,2409.0,0
2025-04-18,ST04,SKU000592,6,9753.24,1625.54,0
2025-04-18,ST05,SKU003586,12,3397.08,283.09,0
2025-04-18,ST06,SKU003548,6,10224.42,1704.07,0
2025-04-18,ST06,SKU004219,10,1216.8,121.68,0
2025-04-18,ST07,SKU000078,15,14228.7,948.58,0
2025-04-18,ST08,SKU003218,30,50880.6,1696.02,1
2025-04-18,ST09,SKU000366,11,8560.42,778.22,0
2025-04-18,ST11,SKU000959,3,4323.99,1441.33,0
2025-04-18,ST12,SKU000657,13,25276.03,1944.31,0
2025-04-18,ST12,SKU002388,12,16634.88,1386.24,0
2025-04-18,ST12,SKU003184,12,11249.64,937.47,0
2025-04-18,ST15,SKU001738,17,31072.6,1827.8,0
2025-04-18,ST16,SKU000720,8,17243.92,2155.49,1
2025-04-18,ST18,SKU002221,21,14558.25,693.25,0
2025-04-18,ST18,SKU003059,12,817.8,68.15,0
2025-04-18,ST20,SKU003001,13,12128.35,932.95,0
2025-04-18,ST21,SKU003688,17,12508.43,735.79,0
2025-04-18,ST26,SKU001997,0,0.0,1435.88,0
2025-04-18,ST26,SKU004877,17,27646.93,1626.29,0
2025-04-18,ST27,SKU004546,16,23049.6,1440.6,0
2025-04-18,ST27,SKU004983,10,11232.2,1123.22,1
2025-04-18,ST28,SKU002004,7,14028.42,2004.06,0
2025-04-18,ST28,SKU003582,7,7561.47,1080.21,0
2025-04-18,ST29,SKU002071,17,12451.14,732.42,0
2025-04-18,ST29,SKU003275,25,45248.0,1809.92,0
2025-04-18,ST29,SKU003540,0,0.0,1870.01,1
2025-04-18,ST30,SKU001516,7,8654.87,1236.41,1
2025-04-19,ST01,SKU003855,2,4806.8,2403.4,0
2025-04-19,ST03,SKU001185,5,10026.7,2005.34,0
2025-04-19,ST03,SKU001220,4,5243.0,1310.75,0
2025-04-19,ST05,SKU001340,26,21677.76,833.76,0
2025-04-19,ST05,SKU003809,8,15236.8,1904.6,0
2025-04-19,ST06,SKU000232,25,3638.0,145.52,0
2025-04-19,ST06,SKU001182,12,1432.32,119.36,0
2025-04-19,ST09,SKU002081,5,11720.75,2344.15,0
2025-04-19,ST09,SKU002513,19,13398.23,705.17,0
2025-04-19,ST10,SKU000580,9,15758.01,1750.89,0
2025-04-19,ST11,SKU002040,17,6725.88,395.64,0
2025-04-19,ST11,SKU003638,10,4889.2,488.92,1
2025-04-19,ST11,SKU004375,9,21316.41,2368.49,0
2025-04-19,ST12,SKU000235,25,39401.0,1576.04,0
2025-04-19,ST12,SKU000483,31,64277.88,2073.48,0
2025-04-19,ST15,SKU001210,6,3363.24,560.54,0
2025-04-19,ST15,SKU003490,6,469.86,78.31,1
2025-04-19,ST16,SKU002876,26,11009.96,423.46,0
2025-04-19,ST20,SKU000055,9,18499.5,2055.5,0
2025-04-19,ST21,SKU000423,13,13186.42,1014.34,0
2025-04-19,ST25,SKU002060,0,0.0,2031.12,0
2025-04-19,ST29,SKU002850,19,11612.61,611.19,0
2025-04-20,ST01,SKU004174,10,17588.8,1758.88,0
2025-04-20,ST02,SKU002043,12,29844.48,2487.04,1
2025-04-20,ST05,SKU002815,3,1885.08,628.36,0
2025-04-20,ST05,SKU003984,23,5168.1,224.7,0
2025-04-20,ST07,SKU001125,15,11793.75,786.25,1
2025-04-20,ST08,SKU001830,30,11121.3,370.71,0
2025-04-20,ST09,SKU002509,3,1707.96,569.32,0
2025-04-20,ST11,SKU000662,21,10400.67,495.27,0
2025-04-20,ST11,SKU001042,32,64169.92,2005.31,1
2025-04-20,ST11,SKU001175,3,5167.86,1722.62,0
2025-04-20,ST11,SKU001746,17,27783.78,1634.34,0
2025-04-20,ST15,SKU002481,2,3072.84,1536.42,0
2025-04-20,ST16,SKU001817,3,5012.7,1670.9,0
2025-04-20,ST16,SKU002483,22,2487.32,113.06,1
2025-04-20,ST18,SKU001464,10,17507.9,1750.79,0
2025-04-20,ST18,SKU004255,18,23662.8,1314.6,1
2025-04-20,ST20,SKU000698,4,9121.56,2280.39,0
2025-04-20,ST21,SKU001210,6,3363.24,560.54,0
2025-04-20,ST21,SKU003286,22,2545.62,115.71,0
2025-04-20,ST22,SKU001762,16,37073.12,2317.07,0
2025-04-20,ST22,SKU003570,10,10693.7,1069.37,0
2025-04-20,ST23,SKU000360,21,35478.66,1689.46,0
2025-04-20,ST24,SKU002013,21,2157.12,102.72,1
2025-04-20,ST24,SKU004109,11,10306.56,936.96,0
2025-04-20,ST27,SKU000686,25,16877.25,675.09,0
2025-04-20,ST28,SKU004330,23,42065.39,1828.93,0
2025-04-20,ST29,SKU002100,8,17260.8,2157.6,0
2025-04-20,ST30,SKU003485,2,1173.06,586.53,0
2025-04-21,ST01,SKU003097,17,18303.39,1076.67,0
2025-04-21,ST01,SKU004478,7,13878.76,1982.68,0
2025-04-21,ST01,SKU004638,6,4178.58,696.43,0
2025-04-21,ST02,SKU001119,14,33357.1,2382.65,1
2025-04-21,ST05,SKU000388,5,6004.8,1200.96,0
2025-04-21,ST05,SKU001461,16,3126.24,195.39,1
2025-04-21,ST08,SKU003824,6,8943.66,1490.61,0
2025-04-21,ST09,SKU003899,19,12666.54,666.66,0
2025-04-21,ST10,SKU003263,4,7222.04,1805.51,0
2025-04-21,ST11,SKU001769,24,56073.84,2336.41,0
2025-04-21,ST13,SKU003485,8,4692.24,586.53,0
2025-04-21,ST13,SKU004190,19,19694.45,1036.55,0
2025-04-21,ST15,SKU000713,7,5529.09,789.87,0
2025-04-21,ST16,SKU001195,25,16829.5,673.18,0
2025-04-21,ST16,SKU002144,50,104305.5,2086.11,0
2025-04-21,ST17,SKU004109,8,7495.68,936.96,0
2025-04-21,ST17,SKU004795,3,1501.35,500.45,0
2025-04-21,ST18,SKU003630,18,32270.94,1792.83,0
2025-04-21,ST18,SKU004652,33,42572.31,1290.07,0
2025-04-21,ST23,SKU000949,2,971.34,485.67,0
2025-04-21,ST26,SKU001474,6,12460.74,2076.79,0
2025-04-21,ST28,SKU004177,22,13135.32,597.06,1
2025-04-22,ST02,SKU003333,21,25491.48,1213.88,0
2025-04-22,ST03,SKU004516,20,48955.2,2447.76,0
2025-04-22,ST06,SKU003331,16,39020.0,2438.75,1
2025-04-22,ST09,SKU004982,12,19470.84,1622.57,1
2025-04-22,ST10,SKU003056,47,101997.52,2170.16,1
2025-04-22,ST11,SKU002177,22,2716.56,123.48,0
2025-04-22,ST11,SKU004243,11,3704.69,336.79,0
2025-04-22,ST12,SKU001518,6,12821.64,2136.94,0
2025-04-22,ST12,SKU001732,23,23141.22,1006.14,0
2025-04-22,ST12,SKU002999,8,16063.44,2007.93,0
2025-04-22,ST16,SKU003268,6,1430.82,238.47,0
2025-04-22,ST18,SKU000928,12,19289.04,1607.42,0
2025-04-22,ST18,SKU003971,15,4760.85,317.39,0
2025-04-22,ST19,SKU003482,9,18009.0,2001.0,1
2025-04-22,ST21,SKU000045,3,2638.71,879.57,0
2025-04-22,ST21,SKU000566,29,27264.06,940.14,1
2025-04-22,ST21,SKU002757,19,2409.01,126.79,0
2025-04-22,ST23,SKU004145,16,34216.16,2138.51,0
2025-04-22,ST23,SKU004195,13,20026.63,1540.51,0
2025-04-22,ST23,SKU004439,2,855.28,427.64,0
2025-04-22,ST25,SKU002110,5,1052.65,210.53,1
2025-04-22,ST25,SKU003713,5,11172.5,2234.5,0
2025-04-22,ST26,SKU003370,4,9651.6,2412.9,1
2025-04-22,ST27,SKU002845,14,3353.0,239.5,0
2025-04-22,ST27,SKU003018,13,28988.83,2229.91,0
2025-04-22,ST27,SKU004156,7,2347.59,335.37,0
2025-04-22,ST28,SKU004498,5,11476.4,2295.28,0
2025-04-22,ST28,SKU004569,18,34688.88,1927.16,0
2025-04-22,ST28,SKU004684,25,30366.75,1214.67,0
2025-04-22,ST30,SKU004887,22,8811.66,400.53,0
2025-04-23,ST02,SKU004104,3,5012.07,1670.69,0
2025-04-23,ST03,SKU002994,11,17740.8,1612.8,0
2025-04-23,ST04,SKU001969,0,0.0,2423.62,0
2025-04-23,ST04,SKU002187,28,10756.76,384.17,1
2025-04-23,ST04,SKU003102,8,4479.44,559.93,0
2025-04-23,ST05,SKU000640,14,12553.1,896.65,0
2025-04-23,ST05,SKU002156,4,9702.44,2425.61,0
2025-04-23,ST09,SKU002117,19,37284.65,1962.35,0
2025-04-23,ST10,SKU002527,12,11354.52,946.21,1
2025-04-23,ST11,SKU000470,18,29806.74,1655.93,1
2025-04-23,ST11,SKU001700,8,2376.16,297.02,0
2025-04-23,ST11,SKU004132,11,7262.2,660.2,0
2025-04-23,ST12,SKU001865,11,16000.27,1454.57,0
2025-04-23,ST15,SKU004835,8,9732.88,1216.61,0
2025-04-23,ST16,SKU000220,20,34338.0,1716.9,1
2025-04-23,ST16,SKU000416,17,14615.92,859.76,0
2025-04-23,ST16,SKU004283,7,15001.63,2143.09,0
2025-04-23,ST17,SKU001202,3,4324.35,1441.45,0
2025-04-23,ST17,SKU004084,15,22750.35,1516.69,1
2025-04-23,ST18,SKU001601,24,7815.84,325.66,0
2025-04-23,ST19,SKU001496,18,44376.66,2465.37,0
2025-04-23,ST19,SKU003917,4,4452.96,1113.24,0
2025-04-23,ST19,SKU003995,15,17550.15,1170.01,0
2025-04-23,ST19,SKU004042,6,4512.84,752.14,0
2025-04-23,ST19,SKU004242,8,12141.76,1517.72,0
2025-04-23,ST19,SKU004478,6,11896.08,1982.68,0
2025-04-23,ST19,SKU004710,25,38612.75,1544.51,0
2025-04-23,ST20,SKU002607,11,11670.12,1060.92,0
2025-04-23,ST21,SKU000511,16,15490.4,968.15,1
2025-04-23,ST25,SKU004302,5,12255.15,2451.03,1
2025-04-23,ST26,SKU001957,8,3796.16,474.52,0
2025-04-23,ST27,SKU000262,0,0.0,467.46,1
2025-04-23,ST27,SKU002460,10,23927.2,2392.72,0
2025-04-23,ST27,SKU004228,12,21616.2,1801.35,0
2025-04-23,ST27,SKU004429,6,13642.2,2273.7,0
2025-04-23,ST27,SKU004473,18,38841.3,2157.85,1
2025-04-23,ST28,SKU003548,3,5112.21,1704.07,0
2025-04-24,ST04,SKU000361,9,19939.23,2215.47,0
2025-04-24,ST05,SKU003907,8,10730.56,1341.32,0
2025-04-24,ST06,SKU000927,12,5492.28,457.69,1
2025-04-24,ST06,SKU003512,8,8199.6,1024.95,0
2025-04-24,ST07,SKU001225,15,33621.6,2241.44,0
2025-04-24,ST07,SKU001757,22,46983.2,2135.6,1
2025-04-24,ST07,SKU001970,33,73786.68,2235.96,0
2025-04-24,ST07,SKU004822,9,6805.17,756.13,0
2025-04-24,ST08,SKU000701,2,4155.78,2077.89,1
2025-04-24,ST08,SKU002059,12,4778.16,398.18,0
2025-04-24,ST09,SKU002062,13,28701.4,2207.8,0
2025-04-24,ST10,SKU000133,10,14327.5,1432.75,0
2025-04-24,ST10,SKU000629,17,22688.37,1334.61,0
2025-04-24,ST10,SKU002834,36,3563.64,98.99,0
2025-04-24,ST10,SKU004389,10,3710.1,371.01,0
2025-04-24,ST13,SKU002402,17,12849.45,755.85,0
2025-04-24,ST16,SKU001216,6,9697.68,1616.28,1
2025-04-24,ST18,SKU004150,6,2235.24,372.54,0
2025-04-24,ST19,SKU000101,8,879.6,109.95,0
2025-04-24,ST23,SKU000294,11,3497.12,317.92,1
2025-04-24,ST24,SKU003869,22,1389.96,63.18,1
2025-04-24,ST25,SKU003264,11,10711.14,973.74,0
2025-04-24,ST25,SKU003952,79,134923.31,1707.89,1
2025-04-24,ST26,SKU000644,10,12773.3,1277.33,0
2025-04-24,ST27,SKU000907,4,4393.6,1098.4,0
2025-04-24,ST28,SKU003797,15,14367.45,957.83,1
2025-04-24,ST28,SKU004301,8,18458.8,2307.35,0
2025-04-24,ST28,SKU004862,7,15061.69,2151.67,0
2025-04-24,ST30,SKU002248,5,8019.9,1603.98,0
2025-04-25,ST01,SKU004571,18,27121.68,1506.76,0
2025-04-25,ST03,SKU002873,19,5347.17,281.43,1
2025-04-25,ST04,SKU003321,6,6694.86,1115.81,1
2025-04-25,ST04,SKU004741,3,1670.16,556.72,0
2025-04-25,ST05,SKU002527,20,18924.2,946.21,0
2025-04-25,ST05,SKU002817,2,1910.3,955.15,1
2025-04-25,ST05,SKU004650,6,8740.74,1456.79,0
2025-04-25,ST06,SKU001822,10,636.8,63.68,0
2025-04-25,ST06,SKU002580,7,7275.38,1039.34,0
2025-04-25,ST08,SKU004250,8,11515.04,1439.38,0
2025-04-25,ST09,SKU000036,26,26248.56,1009.56,0
2025-04-25,ST09,SKU000980,15,26780.25,1785.35,0
2025-04-25,ST11,SKU001507,3,997.53,332.51,0
2025-04-25,ST11,SKU001802,33,12399.09,375.73,0
2025-04-25,ST12,SKU000265,0,0.0,319.65,0
2025-04-25,ST16,SKU000999,7,6621.02,945.86,0
2025-04-25,ST16,SKU001531,20,45048.6,2252.43,0
2025-04-25,ST17,SKU004860,11,24140.38,2194.58,0
2025-04-25,ST18,SKU001756,12,14173.92,1181.16,0
2025-04-25,ST19,SKU002558,12,3354.12,279.51,0
2025-04-25,ST22,SKU003486,45,64309.5,1429.1,0
2025-04-25,ST22,SKU004906,28,67269.16,2402.47,1
2025-04-25,ST24,SKU003177,10,21266.5,2126.65,0
2025-04-25,ST27,SKU002248,15,24059.7,1603.98,0
2025-04-26,ST01,SKU000051,14,20055.42,1432.53,0
2025-04-26,ST01,SKU001445,8,2450.32,306.29,0
2025-04-26,ST02,SKU002760,7,16351.93,2335.99,0
2025-04-26,ST05,SKU000505,3,5207.19,1735.73,0
2025-04-26,ST05,SKU000625,30,47427.0,1580.9,0
2025-04-26,ST06,SKU001755,2,2676.14,1338.07,0
2025-04-26,ST06,SKU003826,25,42876.5,1715.06,0
2025-04-26,ST07,SKU002120,2,2985.92,1492.96,0
2025-04-26,ST08,SKU001956,15,28966.5,1931.1,1
2025-04-26,ST11,SKU001715,27,19570.14,724.82,0
2025-04-26,ST13,SKU000540,24,14580.48,607.52,1
2025-04-26,ST13,SKU001457,4,3511.36,877.84,0
2025-04-26,ST15,SKU002142,4,7011.24,1752.81,0
2025-04-26,ST16,SKU003109,7,16520.07,2360.01,0
2025-04-26,ST16,SKU003442,13,26996.06,2076.62,0
2025-04-26,ST18,SKU001019,39,72616.83,1861.97,0
2025-04-26,ST18,SKU001087,7,5318.6,759.8,0
2025-04-26,ST19,SKU000262,10,4674.6,467.46,1
2025-04-26,ST20,SKU004038,27,38497.95,1425.85,1
2025-04-26,ST21,SKU000471,3,6710.64,2236.88,0
2025-04-26,ST21,SKU004686,33,12380.94,375.18,0
2025-04-26,ST22,SKU000505,31,53807.63,1735.73,0
2025-04-26,ST22,SKU003665,8,17461.84,2182.73,0
2025-04-26,ST23,SKU002305,12,28810.92,2400.91,1
2025-04-26,ST23,SKU003396,9,20370.42,2263.38,0
2025-04-26,ST25,SKU004381,2,3712.08,1856.04,0
2025-04-26,ST26,SKU000729,19,26051.09,1371.11,0
2025-04-26,ST27,SKU004380,12,12878.52,1073.21,0
2025-04-26,ST28,SKU004872,22,6591.42,299.61,0
2025-04-26,ST29,SKU003784,5,8770.1,1754.02,0
2025-04-26,ST30,SKU000725,6,10023.72,1670.62,0
2025-04-26,ST30,SKU001499,18,8489.7,471.65,0
2025-04-26,ST30,SKU003303,14,26062.4,1861.6,0
2025-04-27,ST02,SKU002050,2,3497.68,1748.84,0
2025-04-27,ST02,SKU002778,13,7403.24,569.48,0
2025-04-27,ST02,SKU004188,16,37547.2,2346.7,0
2025-04-27,ST05,SKU000193,10,18912.8,1891.28,0
2025-04-27,ST05,SKU002318,9,881.82,97.98,0
2025-04-27,ST07,SKU004394,16,17256.8,1078.55,0
2025-04-27,ST08,SKU002188,3,4885.32,1628.44,0
2025-04-27,ST08,SKU004111,23,28534.26,1240.62,0
2025-04-27,ST09,SKU004638,16,11142.88,696.43,0
2025-04-27,ST10,SKU001757,28,59796.8,2135.6,0
2025-04-27,ST10,SKU003982,12,24627.12,2052.26,0
2025-04-27,ST14,SKU004099,14,14932.96,1066.64,1
2025-04-27,ST15,SKU001794,3,4247.82,1415.94,0
2025-04-27,ST15,SKU004366,14,30825.2,2201.8,0
2025-04-27,ST18,SKU003935,7,15214.36,2173.48,1
2025-04-27,ST19,SKU001357,30,69324.6,2310.82,0
2025-04-27,ST19,SKU003374,0,0.0,1706.66,0
2025-04-27,ST19,SKU003930,4,6078.4,1519.6,0
2025-04-27,ST21,SKU003176,10,20957.0,2095.7,1
2025-04-27,ST25,SKU000002,22,27698.44,1259.02,0
2025-04-27,ST25,SKU003410,8,19698.4,2462.3,0
2025-04-27,ST26,SKU003320,7,14368.27,2052.61,0
2025-04-27,ST27,SKU004413,6,10288.62,1714.77,0
2025-04-27,ST28,SKU004257,6,3643.92,607.32,0
2025-04-28,ST01,SKU004926,2,3194.48,1597.24,0
2025-04-28,ST03,SKU001689,10,19999.7,1999.97,0
2025-04-28,ST03,SKU003465,10,2641.4,264.14,0
2025-04-28,ST04,SKU001900,0,0.0,1352.22,0
2025-04-28,ST07,SKU000986,10,2079.7,207.97,1
2025-04-28,ST08,SKU000155,8,7333.52,916.69,0
2025-04-28,ST08,SKU000458,4,6803.24,1700.81,0
2025-04-28,ST09,SKU003517,4,3268.32,817.08,0
2025-04-28,ST10,SKU003320,3,6157.83,2052.61,0
2025-04-28,ST11,SKU000053,10,21805.8,2180.58,0
2025-04-28,ST11,SKU000786,3,3679.62,1226.54,0
2025-04-28,ST11,SKU002057,19,21845.44,1149.76,1
2025-04-28,ST13,SKU003141,50,12691.5,253.83,1
2025-04-28,ST13,SKU004812,9,15904.53,1767.17,0
2025-04-28,ST17,SKU000411,45,84721.95,1882.71,0
2025-04-28,ST19,SKU000428,30,59655.3,1988.51,0
2025-04-28,ST19,SKU004174,9,15829.92,1758.88,0
2025-04-28,ST19,SKU004869,27,39825.54,1475.02,1
2025-04-28,ST20,SKU001911,35,67640.3,1932.58,0
2025-04-28,ST22,SKU000741,7,10804.78,1543.54,0
2025-04-28,ST24,SKU000847,13,30670.64,2359.28,0
2025-04-28,ST25,SKU004811,28,7450.8,266.1,1
2025-04-28,ST26,SKU004702,4,4046.48,1011.62,0
2025-04-28,ST27,SKU000129,28,5416.32,193.44,0
2025-04-28,ST28,SKU003073,42,85350.3,2032.15,0
2025-04-28,ST30,SKU002614,23,52907.59,2300.33,0
2025-04-29,ST01,SKU002952,5,12383.7,2476.74,0
2025-04-29,ST03,SKU001271,8,13296.08,1662.01,1
2025-04-29,ST04,SKU004425,11,17621.01,1601.91,0
2025-04-29,ST07,SKU004938,9,22424.94,2491.66,0
2025-04-29,ST09,SKU003853,15,18973.35,1264.89,0
2025-04-29,ST12,SKU000480,14,20820.24,1487.16,1
2025-04-29,ST12,SKU001809,32,74988.16,2343.38,0
2025-04-29,ST13,SKU002080,19,20645.78,1086.62,0
2025-04-29,ST14,SKU001908,34,40228.46,1183.19,1
2025-04-29,ST14,SKU002150,9,14315.67,1590.63,1
2025-04-29,ST14,SKU002291,6,3297.06,549.51,0
2025-04-29,ST14,SKU002299,17,17231.03,1013.59,1
2025-04-29,ST14,SKU003291,8,7061.28,882.66,0
2025-04-29,ST15,SKU001016,7,12479.6,1782.8,0
2025-04-29,ST16,SKU000994,3,7180.23,2393.41,0
2025-04-29,ST16,SKU001201,8,14687.28,1835.91,0
2025-04-29,ST16,SKU002568,19,22832.49,1201.71,0
2025-04-29,ST17,SKU001917,8,2619.84,327.48,0
2025-04-29,ST17,SKU002851,25,15094.25,603.77,1
2025-04-29,ST17,SKU004017,26,15484.82,595.57,1
2025-04-29,ST19,SKU003216,8,7870.56,983.82,0
2025-04-29,ST21,SKU004253,5,303.8,60.76,0
2025-04-29,ST23,SKU004546,14,20168.4,1440.6,0
2025-04-29,ST24,SKU002262,6,11169.12,1861.52,1
2025-04-29,ST25,SKU002693,12,27585.6,2298.8,0
2025-04-29,ST26,SKU004192,12,28243.2,2353.6,0
2025-04-29,ST27,SKU001004,4,7926.88,1981.72,0
2025-04-29,ST29,SKU000262,20,9349.2,467.46,0
2025-04-29,ST29,SKU003218,14,23744.28,1696.02,0
2025-04-30,ST01,SKU004146,15,13964.4,930.96,0
2025-04-30,ST02,SKU000209,0,0.0,636.03,0
2025-04-30,ST02,SKU001737,2,4103.94,2051.97,0
2025-04-30,ST03,SKU003201,10,2968.3,296.83,1
2025-04-30,ST03,SKU004523,24,46642.08,1943.42,1
2025-04-30,ST04,SKU000795,6,10839.12,1806.52,0
2025-04-30,ST05,SKU001887,17,33600.16,1976.48,0
2025-04-30,ST05,SKU003751,3,311.19,103.73,0
2025-04-30,ST05,SKU004675,16,23803.68,1487.73,0
2025-04-30,ST06,SKU000705,8,19530.72,2441.34,0
2025-04-30,ST06,SKU001677,25,24412.25,976.49,1
2025-04-30,ST06,SKU002961,14,31613.54,2258.11,0
2025-04-30,ST08,SKU003039,14,32489.66,2320.69,0
2025-04-30,ST10,SKU002483,3,339.18,113.06,0
2025-04-30,ST12,SKU003611,26,57895.24,2226.74,0
2025-04-30,ST12,SKU004706,25,21489.75,859.59,0
2025-04-30,ST13,SKU002143,7,16398.9,2342.7,0
2025-04-30,ST13,SKU004023,24,31099.44,1295.81,0
2025-04-30,ST15,SKU000011,32,63238.08,1976.19,1
2025-04-30,ST15,SKU003815,21,6019.23,286.63,0
2025-04-30,ST18,SKU002346,15,6102.3,406.82,0
2025-04-30,ST18,SKU002385,8,13842.48,1730.31,1
2025-04-30,ST18,SKU002681,11,24616.79,2237.89,0
2025-04-30,ST19,SKU002782,19,23868.75,1256.25,1
2025-04-30,ST19,SKU002942,10,18246.5,1824.65,0
2025-04-30,ST20,SKU003238,21,23781.87,1132.47,0
2025-04-30,ST22,SKU002770,25,41158.75,1646.35,0
2025-04-30,ST22,SKU004046,13,11116.04,855.08,1
2025-04-30,ST24,SKU000353,4,4128.32,1032.08,0
2025-04-30,ST24,SKU004742,5,3046.0,609.2,0
2025-04-30,ST25,SKU000503,11,22004.84,2000.44,0
2025-04-30,ST26,SKU001618,5,8782.6,1756.52,0
2025-04-30,ST26,SKU002805,18,37494.18,2083.01,0
2025-04-30,ST28,SKU001524,9,4806.81,534.09,0
2025-04-30,ST28,SKU004447,9,22331.16,2481.24,0
2025-04-30,ST28,SKU004982,13,21093.41,1622.57,0
2025-04-30,ST29,SKU000997,15,17194.35,1146.29,0
2025-04-30,ST29,SKU001023,18,44754.84,2486.38,0
2025-04-30,ST30,SKU002171,11,7508.05,682.55,0
2025-05-01,ST01,SKU000313,3,4141.59,1380.53,1
2025-05-01,ST02,SKU001760,10,8331.2,833.12,1
2025-05-01,ST02,SKU002367,7,5076.12,725.16,0
2025-05-01,ST04,SKU003589,8,6484.88,810.61,0
2025-05-01,ST05,SKU002864,0,0.0,761.3,0
2025-05-01,ST05,SKU004014,15,23459.85,1563.99,0
2025-05-01,ST07,SKU003997,17,26569.81,1562.93,0
2025-05-01,ST08,SKU000332,5,3089.95,617.99,1
2025-05-01,ST08,SKU001027,19,24088.01,1267.79,0
2025-05-01,ST08,SKU004882,24,20095.68,837.32,1
2025-05-01,ST10,SKU002350,18,24473.52,1359.64,0
2025-05-01,ST11,SKU004126,7,4856.74,693.82,0
2025-05-01,ST13,SKU001119,20,47653.0,2382.65,1
2025-05-01,ST13,SKU003510,7,17274.46,2467.78,0
2025-05-01,ST14,SKU003732,1,2312.84,2312.84,0
2025-05-01,ST15,SKU001835,12,12420.36,1035.03,0
2025-05-01,ST15,SKU002557,15,24314.25,1620.95,1
2025-05-01,ST15,SKU003809,19,36187.4,1904.6,1
2025-05-01,ST16,SKU004348,13,7928.7,609.9,0
2025-05-01,ST17,SKU001048,10,18093.7,1809.37,0
2025-05-01,ST18,SKU000336,8,18032.88,2254.11,0
2025-05-01,ST18,SKU001108,11,23226.28,2111.48,0
2025-05-01,ST18,SKU001845,9,2745.54,305.06,0
2025-05-01,ST19,SKU003038,26,7296.12,280.62,0
2025-05-01,ST19,SKU003599,6,4145.58,690.93,0
2025-05-01,ST20,SKU001649,8,15779.92,1972.49,0
2025-05-01,ST20,SKU003508,13,18914.61,1454.97,0
2025-05-01,ST22,SKU001498,0,0.0,2111.53,0
2025-05-01,ST23,SKU002346,6,2440.92,406.82,0
2025-05-01,ST23,SKU003448,12,4631.64,385.97,0
2025-05-01,ST25,SKU001886,36,9434.88,262.08,0
2025-05-01,ST26,SKU000766,18,21766.14,1209.23,0
2025-05-01,ST28,SKU001047,14,27198.92,1942.78,0
2025-05-02,ST02,SKU001435,7,16110.15,2301.45,0
2025-05-02,ST02,SKU003460,2,1576.0,788.0,1
2025-05-02,ST04,SKU003542,6,12338.52,2056.42,0
2025-05-02,ST05,SKU002892,6,2868.9,478.15,0
2025-05-02,ST07,SKU001435,30,69043.5,2301.45,0
2025-05-02,ST07,SKU002090,30,54337.2,1811.24,1
2025-05-02,ST08,SKU001104,11,4644.97,422.27,0
2025-05-02,ST10,SKU001204,19,45232.73,2380.67,0
2025-05-02,ST10,SKU002796,6,899.04,149.84,0
2025-05-02,ST10,SKU003260,5,7672.55,1534.51,0
2025-05-02,ST12,SKU000907,34,37345.6,1098.4,1
2025-05-02,ST13,SKU001540,34,30219.54,888.81,0
2025-05-02,ST13,SKU002309,13,6965.01,535.77,1
2025-05-02,ST13,SKU003861,3,6436.86,2145.62,0
2025-05-02,ST15,SKU003691,8,9643.36,1205.42,0
2025-05-02,ST18,SKU001536,0,0.0,1029.56,0
2025-05-02,ST18,SKU002161,12,2285.04,190.42,0
2025-05-02,ST18,SKU003097,30,32300.1,1076.67,0
2025-05-02,ST18,SKU004159,4,7870.4,1967.6,1
2025-05-02,ST20,SKU000897,20,25051.8,1252.59,1
2025-05-02,ST22,SKU001140,17,9151.61,538.33,0
2025-05-02,ST22,SKU001465,33,81453.57,2468.29,0
2025-05-02,ST22,SKU003420,6,10419.54,1736.59,0
2025-05-02,ST25,SKU000456,24,22229.04,926.21,0
2025-05-02,ST25,SKU004098,33,5751.9,174.3,0
2025-05-02,ST27,SKU002460,4,9570.88,2392.72,0
2025-05-02,ST28,SKU000587,28,56115.36,2004.12,1
2025-05-02,ST30,SKU001568,8,12902.72,1612.84,0
2025-05-02,ST30,SKU002033,23,43613.29,1896.23,1
2025-05-03,ST01,SKU001998,10,15076.2,1507.62,0
2025-05-03,ST01,SKU002613,18,30290.58,1682.81,0
2025-05-03,ST02,SKU003837,38,51095.94,1344.63,1
2025-05-03,ST03,SKU000694,18,43949.34,2441.63,0
2025-05-03,ST04,SKU001825,11,920.26,83.66,0
2025-05-03,ST04,SKU003188,10,23338.2,2333.82,0
2025-05-03,ST05,SKU001468,12,11719.32,976.61,1
2025-05-03,ST05,SKU002464,18,7210.8,400.6,0
2025-05-03,ST05,SKU003888,8,1691.12,211.39,0
2025-05-03,ST06,SKU000825,6,13207.62,2201.27,0
2025-05-03,ST06,SKU004329,10,16290.2,1629.02,0
2025-05-03,ST07,SKU003142,12,23842.08,1986.84,0
2025-05-03,ST08,SKU001059,8,4154.32,519.29,0
2025-05-03,ST10,SKU003094,5,3062.05,612.41,0
2025-05-03,ST10,SKU003917,4,4452.96,1113.24,0
2025-05-03,ST11,SKU001716,7,11137.91,1591.13,0
2025-05-03,ST12,SKU001316,42,44614.92,1062.26,0
2025-05-03,ST12,SKU004086,13,10091.77,776.29,0
2025-05-03,ST12,SKU004357,1,1467.8,1467.8,0
2025-05-03,ST14,SKU004083,1,903.27,903.27,0
2025-05-03,ST14,SKU004101,14,23134.72,1652.48,0
2025-05-03,ST15,SKU002248,26,41703.48,1603.98,0
2025-05-03,ST17,SKU001977,22,52293.34,2376.97,0
2025-05-03,ST18,SKU003276,35,16906.4,483.04,1
2025-05-03,ST19,SKU001738,2,3655.6,1827.8,0
2025-05-03,ST21,SKU000172,7,1302.77,186.11,0
2025-05-03,ST21,SKU004170,4,2807.6,701.9,0
2025-05-03,ST22,SKU004561,26,31175.3,1199.05,1
2025-05-03,ST23,SKU002045,34,73699.42,2167.63,1
2025-05-03,ST23,SKU004107,7,3868.2,552.6,0
2025-05-03,ST23,SKU004532,12,28223.52,2351.96,0
2025-05-03,ST24,SKU003906,19,8867.87,466.73,0
2025-05-03,ST25,SKU004392,23,24362.52,1059.24,0
2025-05-03,ST28,SKU000492,35,27323.1,780.66,1
2025-05-03,ST28,SKU001986,28,40318.32,1439.94,0
2025-05-03,ST29,SKU002749,11,9758.1,887.1,0
2025-05-03,ST29,SKU003501,22,7443.7,338.35,0
2025-05-03,ST30,SKU001370,7,15635.48,2233.64,0
2025-05-04,ST02,SKU003183,11,4317.72,392.52,0
2025-05-04,ST05,SKU001071,3,2503.86,834.62,0
2025-05-04,ST05,SKU001559,8,7412.32,926.54,0
2025-05-04,ST08,SKU001946,5,3040.6,608.12,0
2025-05-04,ST13,SKU000772,4,4688.04,1172.01,1
2025-05-04,ST13,SKU001964,30,29829.9,994.33,0
2025-05-04,ST13,SKU004787,9,11015.37,1223.93,0
2025-05-04,ST14,SKU001322,10,3958.6,395.86,0
2025-05-04,ST16,SKU001613,31,64056.54,2066.34,1
2025-05-04,ST18,SKU000333,32,2804.8,87.65,1
2025-05-04,ST18,SKU003873,16,22108.48,1381.78,1
2025-05-04,ST18,SKU004491,8,6436.88,804.61,0
2025-05-04,ST19,SKU003612,6,8426.28,1404.38,0
2025-05-04,ST22,SKU000314,4,7390.28,1847.57,0
2025-05-04,ST23,SKU004173,19,11703.43,615.97,0
2025-05-04,ST23,SKU004491,7,5632.27,804.61,1
2025-05-04,ST24,SKU002407,16,29389.76,1836.86,0
2025-05-04,ST25,SKU001777,6,867.42,144.57,0
2025-05-04,ST25,SKU003363,22,21432.4,974.2,0
2025-05-04,ST26,SKU004853,23,12417.7,539.9,0
2025-05-04,ST28,SKU000793,12,20792.4,1732.7,0
2025-05-05,ST01,SKU003979,16,23500.0,1468.75,0
2025-05-05,ST02,SKU002844,4,9216.84,2304.21,0
2025-05-05,ST02,SKU002885,6,10604.16,1767.36,0
2025-05-05,ST02,SKU003362,10,4072.6,407.26,0
2025-05-05,ST03,SKU000715,17,35309.68,2077.04,0
2025-05-05,ST05,SKU002119,6,4269.42,711.57,0
2025-05-05,ST06,SKU000762,27,26915.22,996.86,0
2025-05-05,ST06,SKU001976,4,9077.68,2269.42,0
2025-05-05,ST07,SKU003837,17,22858.71,1344.63,0
2025-05-05,ST07,SKU003853,16,20238.24,1264.89,1
2025-05-05,ST07,SKU004239,47,99098.09,2108.47,1
2025-05-05,ST09,SKU001089,7,17068.24,2438.32,0
2025-05-05,ST09,SKU001658,20,5291.0,264.55,1
2025-05-05,ST09,SKU002964,20,45870.0,2293.5,1
2025-05-05,ST11,SKU004947,14,31667.3,2261.95,0
2025-05-05,ST12,SKU000386,26,40501.24,1557.74,0
2025-05-05,ST13,SKU000294,6,1907.52,317.92,0
2025-05-05,ST13,SKU001942,3,7057.05,2352.35,0
2025-05-05,ST14,SKU000329,17,29287.26,1722.78,0
2025-05-05,ST14,SKU004001,21,15522.15,739.15,0
2025-05-05,ST14,SKU004304,15,8455.8,563.72,0
2025-05-05,ST14,SKU004530,14,19881.82,1420.13,0
2025-05-05,ST16,SKU003703,28,30815.12,1100.54,0
2025-05-05,ST19,SKU003979,23,33781.25,1468.75,1
2025-05-05,ST20,SKU000825,10,22012.7,2201.27,0
2025-05-05,ST20,SKU000837,9,15780.42,1753.38,0
2025-05-05,ST20,SKU004665,5,3961.7,792.34,0
2025-05-05,ST21,SKU002571,3,5995.65,1998.55,0
2025-05-05,ST22,SKU001724,28,64173.76,2291.92,0
2025-05-05,ST23,SKU000858,15,14468.55,964.57,0
2025-05-05,ST24,SKU000513,9,6373.53,708.17,1
2025-05-05,ST24,SKU003286,15,1735.65,115.71,0
2025-05-05,ST24,SKU004822,30,22683.9,756.13,0
2025-05-05,ST25,SKU001572,9,20455.47,2272.83,0
2025-05-05,ST26,SKU000625,26,41103.4,1580.9,0
2025-05-05,ST28,SKU003019,5,10446.75,2089.35,0
2025-05-05,ST28,SKU003087,9,8634.06,959.34,0
2025-05-05,ST29,SKU004134,4,8686.72,2171.68,0
2025-05-06,ST01,SKU000259,3,7067.91,2355.97,0
2025-05-06,ST01,SKU004006,4,385.6,96.4,0
2025-05-06,ST02,SKU001206,9,14457.69,1606.41,0
2025-05-06,ST02,SKU001326,14,5682.46,405.89,1
2025-05-06,ST02,SKU004242,7,10624.04,1517.72,1
2025-05-06,ST02,SKU004799,6,9122.34,1520.39,0
2025-05-06,ST03,SKU003067,39,27084.33,694.47,0
2025-05-06,ST03,SKU003808,15,28550.55,1903.37,0
2025-05-06,ST04,SKU003550,27,12045.24,446.12,0
2025-05-06,ST04,SKU004654,8,14227.44,1778.43,0
2025-05-06,ST04,SKU004844,8,17059.92,2132.49,0
2025-05-06,ST05,SKU000113,4,5397.24,1349.31,0
2025-05-06,ST06,SKU003139,10,12659.4,1265.94,0
2025-05-06,ST07,SKU003053,19,9593.29,504.91,0
2025-05-06,ST08,SKU004853,17,9178.3,539.9,0
2025-05-06,ST09,SKU002356,11,17329.95,1575.45,0
2025-05-06,ST13,SKU003927,5,4738.5,947.7,0
2025-05-06,ST14,SKU004469,12,23444.88,1953.74,0
2025-05-06,ST15,SKU000764,21,1350.93,64.33,0
2025-05-06,ST15,SKU002332,28,3244.08,115.86,0
2025-05-06,ST18,SKU000925,5,8643.25,1728.65,0
2025-05-06,ST18,SKU003690,3,5058.78,1686.26,0
2025-05-06,ST19,SKU003259,15,28709.85,1913.99,0
2025-05-06,ST19,SKU004677,9,6762.42,751.38,0
2025-05-06,ST20,SKU004212,12,15973.92,1331.16,0
2025-05-06,ST22,SKU002830,30,39675.9,1322.53,1
2025-05-06,ST23,SKU000319,8,12313.04,1539.13,0
2025-05-06,ST23,SKU000690,9,10114.92,1123.88,0
2025-05-06,ST24,SKU002833,17,35429.87,2084.11,0
2025-05-06,ST27,SKU001358,11,5944.29,540.39,0
2025-05-06,ST28,SKU003334,10,7985.5,798.55,0
2025-05-06,ST29,SKU000631,21,46414.83,2210.23,0
2025-05-06,ST29,SKU002289,16,8401.92,525.12,0
2025-05-06,ST29,SKU002803,2,4997.68,2498.84,0
2025-05-06,ST30,SKU000971,8,9327.04,1165.88,0
2025-05-06,ST30,SKU001663,38,12614.86,331.97,1
2025-05-06,ST30,SKU004597,18,22197.78,1233.21,0
2025-05-06,ST30,SKU004995,15,31882.05,2125.47,0
2025-05-07,ST03,SKU001243,6,5252.76,875.46,0
2025-05-07,ST04,SKU001076,14,4197.34,299.81,0
2025-05-07,ST05,SKU000332,14,8651.86,617.99,0
2025-05-07,ST05,SKU002763,2,1715.76,857.88,0
2025-05-07,ST07,SKU000131,50,63842.5,1276.85,0
2025-05-07,ST07,SKU003654,15,31003.35,2066.89,0
2025-05-07,ST09,SKU001262,8,19026.48,2378.31,0
2025-05-07,ST10,SKU004225,10,9175.2,917.52,0
2025-05-07,ST11,SKU002231,22,41267.6,1875.8,0
2025-05-07,ST11,SKU003525,19,14588.77,767.83,0
2025-05-07,ST11,SKU004996,8,13547.76,1693.47,0
2025-05-07,ST12,SKU004460,4,4689.0,1172.25,0
2025-05-07,ST13,SKU001584,24,43828.08,1826.17,0
2025-05-07,ST14,SKU001327,26,7389.72,284.22,0
2025-05-07,ST14,SKU001652,25,6624.5,264.98,0
2025-05-07,ST16,SKU000165,13,21366.93,1643.61,0
2025-05-07,ST17,SKU000606,1,582.06,582.06,0
2025-05-07,ST17,SKU001419,3,5444.67,1814.89,0
2025-05-07,ST17,SKU001443,14,22768.48,1626.32,0
2025-05-07,ST17,SKU001511,7,13478.29,1925.47,0
2025-05-07,ST18,SKU001230,0,0.0,499.14,0
2025-05-07,ST18,SKU003151,7,6194.09,884.87,0
2025-05-07,ST20,SKU000602,7,9898.84,1414.12,0
2025-05-07,ST20,SKU000618,17,37950.29,2232.37,0
2025-05-07,ST21,SKU000269,9,17006.58,1889.62,0
2025-05-07,ST21,SKU001521,0,0.0,200.62,0
2025-05-07,ST22,SKU000655,11,21595.09,1963.19,0
2025-05-07,ST22,SKU003949,24,24422.64,1017.61,0
2025-05-07,ST23,SKU000174,1,708.22,708.22,0
2025-05-07,ST23,SKU000452,17,9591.57,564.21,0
2025-05-07,ST23,SKU000897,4,5010.36,1252.59,1
2025-05-07,ST24,SKU001670,8,2594.88,324.36,0
2025-05-07,ST24,SKU004459,24,49142.64,2047.61,0
2025-05-07,ST25,SKU003651,7,4314.24,616.32,0
2025-05-07,ST25,SKU004968,27,60972.21,2258.23,0
2025-05-07,ST28,SKU002555,13,28921.62,2224.74,0
2025-05-07,ST28,SKU003095,11,15036.45,1366.95,0
2025-05-07,ST29,SKU004324,17,38870.67,2286.51,1
2025-05-07,ST30,SKU001423,13,4687.8,360.6,0
2025-05-08,ST01,SKU003286,7,809.97,115.71,0
2025-05-08,ST01,SKU003870,28,50893.64,1817.63,0
2025-05-08,ST02,SKU003512,38,38948.1,1024.95,1
2025-05-08,ST03,SKU001672,16,21057.44,1316.09,0
2025-05-08,ST03,SKU004783,1,904.82,904.82,0
2025-05-08,ST06,SKU002403,31,48052.17,1550.07,1
2025-05-08,ST06,SKU003878,15,13208.1,880.54,0
2025-05-08,ST08,SKU004102,11,2289.54,208.14,0
2025-05-08,ST08,SKU004594,0,0.0,1169.18,0
2025-05-08,ST10,SKU000479,32,18391.68,574.74,1
2025-05-08,ST11,SKU000650,4,8576.68,2144.17,0
2025-05-08,ST11,SKU003626,4,1997.56,499.39,1
2025-05-08,ST11,SKU004597,13,16031.73,1233.21,0
2025-05-08,ST13,SKU001376,8,1391.6,173.95,0
2025-05-08,ST13,SKU002176,10,21612.9,2161.29,0
2025-05-08,ST14,SKU004635,39,84427.2,2164.8,1
2025-05-08,ST15,SKU000499,9,21549.87,2394.43,0
2025-05-08,ST15,SKU002557,18,29177.1,1620.95,0
2025-05-08,ST16,SKU003327,6,5189.88,864.98,0
2025-05-08,ST18,SKU000054,18,36280.26,2015.57,0
2025-05-08,ST18,SKU001445,28,8576.12,306.29,0
2025-05-08,ST18,SKU001905,2,4478.32,2239.16,1
2025-05-08,ST19,SKU003822,1,525.76,525.76,0
2025-05-08,ST21,SKU002308,8,14244.08,1780.51,0
2025-05-08,ST22,SKU000977,19,46560.45,2450.55,1
2025-05-08,ST25,SKU002709,11,13358.07,1214.37,0
2025-05-08,ST26,SKU001201,18,33046.38,1835.91,0
2025-05-08,ST26,SKU004776,13,3743.74,287.98,0
2025-05-08,ST27,SKU000348,13,5802.81,446.37,1
2025-05-08,ST27,SKU000740,0,0.0,1906.83,0
2025-05-08,ST27,SKU002593,6,5315.58,885.93,0
2025-05-08,ST28,SKU001175,17,29284.54,1722.62,0
2025-05-08,ST28,SKU002580,0,0.0,1039.34,0
2025-05-09,ST01,SKU002273,16,25159.52,1572.47,0
2025-05-09,ST05,SKU001345,6,12424.2,2070.7,0
2025-05-09,ST05,SKU001735,16,38662.08,2416.38,0
2025-05-09,ST05,SKU001815,23,10168.99,442.13,0
2025-05-09,ST05,SKU004340,13,13237.9,1018.3,0
2025-05-09,ST08,SKU002126,16,15764.0,985.25,0
2025-05-09,ST09,SKU002387,5,12208.95,2441.79,0
2025-05-09,ST09,SKU002632,19,47479.48,2498.92,0
2025-05-09,ST09,SKU002781,14,34122.76,2437.34,0
2025-05-09,ST10,SKU001772,13,16317.86,1255.22,0
2025-05-09,ST10,SKU004818,9,20831.58,2314.62,0
2025-05-09,ST11,SKU004999,20,49794.6,2489.73,0
2025-05-09,ST12,SKU004608,9,3807.27,423.03,1
2025-05-09,ST13,SKU000354,5,314.85,62.97,0
2025-05-09,ST13,SKU001084,20,16318.0,815.9,0
2025-05-09,ST14,SKU000620,4,3157.56,789.39,0
2025-05-09,ST14,SKU001789,19,26978.29,1419.91,0
2025-05-09,ST15,SKU004141,11,21742.05,1976.55,0
2025-05-09,ST17,SKU004031,20,41399.6,2069.98,1
2025-05-09,ST18,SKU001752,19,29085.2,1530.8,0
2025-05-09,ST21,SKU003958,4,1687.76,421.94,0
2025-05-09,ST22,SKU003410,3,7386.9,2462.3,0
2025-05-09,ST22,SKU003714,7,8943.83,1277.69,0
2025-05-09,ST25,SKU000842,12,27908.04,2325.67,1
2025-05-09,ST25,SKU004939,7,12124.91,1732.13,1
2025-05-09,ST26,SKU000686,0,0.0,675.09,0
2025-05-09,ST26,SKU003156,7,17018.54,2431.22,0
2025-05-09,ST27,SKU004045,8,5955.6,744.45,0
2025-05-09,ST28,SKU000561,33,75930.03,2300.91,1
2025-05-09,ST29,SKU001369,14,22735.86,1623.99,0
2025-05-09,ST29,SKU003542,9,18507.78,2056.42,0
2025-05-10,ST01,SKU000695,2,182.54,91.27,0
2025-05-10,ST04,SKU000528,30,71589.6,2386.32,0
2025-05-10,ST05,SKU004567,15,32556.3,2170.42,0
2025-05-10,ST06,SKU000853,11,24837.78,2257.98,0
2025-05-10,ST06,SKU003079,8,12164.96,1520.62,0
2025-05-10,ST12,SKU004693,13,9565.92,735.84,0
2025-05-10,ST14,SKU001364,6,6458.58,1076.43,0
2025-05-10,ST15,SKU004911,13,26730.86,2056.22,0
2025-05-10,ST16,SKU000584,2,594.2,297.1,0
2025-05-10,ST16,SKU004504,16,27475.36,1717.21,0
2025-05-10,ST16,SKU004668,13,4736.81,364.37,0
2025-05-10,ST17,SKU003063,15,27464.25,1830.95,1
2025-05-10,ST18,SKU000576,6,8856.54,1476.09,1
2025-05-10,ST18,SKU003611,6,13360.44,2226.74,0
2025-05-10,ST21,SKU004320,7,10309.25,1472.75,0
2025-05-10,ST22,SKU000680,33,3939.87,119.39,0
2025-05-10,ST22,SKU002127,12,3100.56,258.38,0
2025-05-10,ST22,SKU004712,21,7449.33,354.73,0
2025-05-10,ST24,SKU001509,15,6859.2,457.28,0
2025-05-10,ST26,SKU001628,16,1392.64,87.04,0
2025-05-10,ST27,SKU000646,11,16840.78,1530.98,0
2025-05-10,ST28,SKU000406,8,7429.04,928.63,0
2025-05-10,ST28,SKU001727,16,32783.68,2048.98,0
2025-05-10,ST28,SKU004419,6,12241.92,2040.32,0
2025-05-10,ST28,SKU004649,16,11827.84,739.24,0
2025-05-10,ST30,SKU000018,9,19304.28,2144.92,0
2025-05-11,ST01,SKU000080,13,11007.49,846.73,0
2025-05-11,ST01,SKU000396,12,28854.84,2404.57,0
2025-05-11,ST01,SKU004231,13,28871.83,2220.91,0
2025-05-11,ST02,SKU000823,9,14023.62,1558.18,0
2025-05-11,ST05,SKU003038,10,2806.2,280.62,0
2025-05-11,ST06,SKU003794,28,13765.08,491.61,0
2025-05-11,ST06,SKU004136,17,3003.9,176.7,1
2025-05-11,ST07,SKU000839,18,27450.9,1525.05,0
2025-05-11,ST08,SKU001423,5,1803.0,360.6,0
2025-05-11,ST09,SKU001528,22,32016.6,1455.3,0
2025-05-11,ST10,SKU002469,8,6191.44,773.93,0
2025-05-11,ST10,SKU002509,10,5693.2,569.32,0
2025-05-11,ST11,SKU001204,22,52374.74,2380.67,1
2025-05-11,ST13,SKU001530,37,75159.21,2031.33,1
2025-05-11,ST13,SKU002536,0,0.0,1365.34,0
2025-05-11,ST13,SKU002801,10,18585.4,1858.54,0
2025-05-11,ST14,SKU000985,7,10278.73,1468.39,0
2025-05-11,ST15,SKU003936,0,0.0,689.2,0
2025-05-11,ST18,SKU000277,3,7327.17,2442.39,0
2025-05-11,ST19,SKU003283,12,14174.04,1181.17,1
2025-05-11,ST20,SKU004591,5,3769.95,753.99,1
2025-05-11,ST22,SKU000963,2,4023.66,2011.83,0
2025-05-11,ST24,SKU000617,30,23905.2,796.84,0
2025-05-11,ST24,SKU001313,14,34908.72,2493.48,0
2025-05-11,ST24,SKU003449,8,18648.0,2331.0,0
2025-05-11,ST27,SKU002226,10,23548.6,2354.86,0
2025-05-11,ST27,SKU002344,11,18230.3,1657.3,1
2025-05-11,ST27,SKU003204,24,50318.88,2096.62,0
2025-05-11,ST27,SKU004893,19,39741.35,2091.65,1
2025-05-11,ST28,SKU000465,12,1871.64,155.97,0
2025-05-11,ST29,SKU002039,19,37967.51,1998.29,0
2025-05-12,ST01,SKU004924,5,7818.6,1563.72,1
2025-05-12,ST02,SKU003412,0,0.0,88.39,0
2025-05-12,ST02,SKU004919,17,37193.11,2187.83,0
2025-05-12,ST03,SKU000848,7,6342.77,906.11,0
2025-05-12,ST03,SKU001113,26,27550.64,1059.64,1
2025-05-12,ST03,SKU001998,0,0.0,1507.62,0
2025-05-12,ST03,SKU004314,25,32217.5,1288.7,1
2025-05-12,ST04,SKU001755,6,8028.42,1338.07,0
2025-05-12,ST07,SKU002386,7,10675.84,1525.12,0
2025-05-12,ST09,SKU001072,27,45589.77,1688.51,0
2025-05-12,ST10,SKU003303,11,20477.6,1861.6,1
2025-05-12,ST11,SKU000225,26,48764.04,1875.54,0
2025-05-12,ST11,SKU000445,10,12241.0,1224.1,1
2025-05-12,ST12,SKU000520,10,10929.6,1092.96,0
2025-05-12,ST12,SKU002576,27,42147.81,1561.03,0
2025-05-12,ST12,SKU003508,5,7274.85,1454.97,0
2025-05-12,ST14,SKU001935,12,17407.8,1450.65,0
2025-05-12,ST16,SKU000370,11,25921.72,2356.52,0
2025-05-12,ST16,SKU001681,7,11024.3,1574.9,1
2025-05-12,ST16,SKU004962,9,5402.34,600.26,0
2025-05-12,ST17,SKU003152,19,23995.48,1262.92,0
2025-05-12,ST17,SKU004100,0,0.0,1572.27,1
2025-05-12,ST18,SKU001232,4,9842.44,2460.61,0
2025-05-12,ST20,SKU003510,23,56758.94,2467.78,0
2025-05-12,ST22,SKU002614,17,39105.61,2300.33,0
2025-05-12,ST23,SKU002620,18,36837.9,2046.55,0
2025-05-12,ST24,SKU003236,9,8159.85,906.65,0
2025-05-12,ST25,SKU000530,23,6538.21,284.27,0
2025-05-12,ST25,SKU000843,8,6852.08,856.51,0
2025-05-12,ST25,SKU004346,21,42884.94,2042.14,0
2025-05-12,ST26,SKU002838,15,3495.9,233.06,0
2025-05-12,ST26,SKU004361,16,9884.8,617.8,0
2025-05-12,ST27,SKU001100,21,16869.51,803.31,0
2025-05-12,ST27,SKU001713,12,5113.68,426.14,0
2025-05-12,ST27,SKU002295,6,6159.72,1026.62,0
2025-05-12,ST30,SKU000079,0,0.0,1389.15,0
2025-05-12,ST30,SKU000798,7,12666.64,1809.52,0
2025-05-12,ST30,SKU003122,9,11540.61,1282.29,0
2025-05-13,ST01,SKU001341,6,435.96,72.66,0
2025-05-13,ST01,SKU002592,15,34217.4,2281.16,0
2025-05-13,ST01,SKU004505,15,22956.6,1530.44,0
2025-05-13,ST03,SKU001857,19,38915.8,2048.2,0
2025-05-13,ST03,SKU003113,4,754.52,188.63,0
2025-05-13,ST03,SKU003177,17,36153.05,2126.65,0
2025-05-13,ST04,SKU000740,19,36229.77,1906.83,0
2025-05-13,ST04,SKU001365,7,8935.29,1276.47,0
2025-05-13,ST04,SKU003078,32,71560.64,2236.27,0
2025-05-13,ST05,SKU003119,7,5806.57,829.51,1
2025-05-13,ST07,SKU001569,13,23622.56,1817.12,1
2025-05-13,ST07,SKU002016,30,50400.0,1680.0,0
2025-05-13,ST09,SKU004537,8,11663.04,1457.88,0
2025-05-13,ST11,SKU002615,7,4543.91,649.13,0
2025-05-13,ST13,SKU003562,5,7642.75,1528.55,1
2025-05-13,ST13,SKU003991,3,6105.42,2035.14,0
2025-05-13,ST14,SKU000962,24,21681.36,903.39,0
2025-05-13,ST14,SKU001599,4,2529.12,632.28,0
2025-05-13,ST15,SKU003446,14,15404.06,1100.29,0
2025-05-13,ST16,SKU003841,14,4911.76,350.84,0
2025-05-13,ST17,SKU000945,11,8147.37,740.67,0
2025-05-13,ST18,SKU001643,16,14798.24,924.89,0
2025-05-13,ST18,SKU002207,0,0.0,1834.81,0
2025-05-13,ST19,SKU001055,26,48435.66,1862.91,0
2025-05-13,ST19,SKU001416,3,3355.47,1118.49,0
2025-05-13,ST20,SKU002729,16,3898.24,243.64,0
2025-05-13,ST20,SKU003130,17,8423.67,495.51,0
2025-05-13,ST20,SKU003747,14,12982.48,927.32,0
2025-05-13,ST21,SKU003570,5,5346.85,1069.37,0
2025-05-13,ST21,SKU003649,4,7869.48,1967.37,0
2025-05-13,ST23,SKU000759,9,22356.72,2484.08,0
2025-05-13,ST23,SKU001922,0,0.0,1821.92,1
2025-05-13,ST23,SKU004028,4,6700.08,1675.02,0
2025-05-13,ST23,SKU004080,7,12889.1,1841.3,0
2025-05-13,ST23,SKU004290,8,12030.32,1503.79,0
2025-05-13,ST24,SKU002827,15,15470.85,1031.39,0
2025-05-13,ST24,SKU004633,11,22617.21,2056.11,0
2025-05-13,ST28,SKU000943,14,7873.04,562.36,0
2025-05-13,ST28,SKU002920,10,23231.8,2323.18,0
2025-05-13,ST28,SKU004080,18,33143.4,1841.3,0
2025-05-13,ST28,SKU004214,3,6900.27,2300.09,0
2025-05-13,ST28,SKU004537,4,5831.52,1457.88,0
2025-05-14,ST01,SKU003040,8,11480.96,1435.12,0
2025-05-14,ST02,SKU000973,3,4755.12,1585.04,0
2025-05-14,ST02,SKU004298,12,21750.72,1812.56,0
2025-05-14,ST06,SKU000715,0,0.0,2077.04,0
2025-05-14,ST06,SKU001673,4,9215.76,2303.94,0
2025-05-14,ST07,SKU000075,10,18031.9,1803.19,0
2025-05-14,ST07,SKU003364,10,24747.3,2474.73,0
2025-05-14,ST08,SKU002526,19,20551.73,1081.67,1
2025-05-14,ST08,SKU002981,18,34431.12,1912.84,1
2025-05-14,ST08,SKU004310,13,25590.63,1968.51,0
2025-05-14,ST09,SKU002381,22,44377.52,2017.16,1
2025-05-14,ST11,SKU001007,4,7199.48,1799.87,0
2025-05-14,ST11,SKU003752,20,5814.6,290.73,1
2025-05-14,ST13,SKU004824,15,36714.6,2447.64,0
2025-05-14,ST13,SKU004951,18,44684.82,2482.49,0
2025-05-14,ST14,SKU000017,11,9907.81,900.71,0
2025-05-14,ST14,SKU003478,7,11273.22,1610.46,0
2025-05-14,ST16,SKU000027,15,22351.8,1490.12,0
2025-05-14,ST16,SKU000381,9,18764.37,2084.93,0
2025-05-14,ST16,SKU002346,2,813.64,406.82,0
2025-05-14,ST17,SKU000265,14,4475.1,319.65,0
2025-05-14,ST17,SKU000662,13,6438.51,495.27,0
2025-05-14,ST17,SKU003967,4,1839.8,459.95,0
2025-05-14,ST18,SKU000898,5,1934.8,386.96,0
2025-05-14,ST18,SKU003820,22,46398.22,2109.01,1
2025-05-14,ST19,SKU002702,10,20625.6,2062.56,0
2025-05-14,ST19,SKU004152,16,39512.16,2469.51,1
2025-05-14,ST20,SKU001860,8,2153.84,269.23,0
2025-05-14,ST20,SKU003000,19,46950.14,2471.06,0
2025-05-14,ST20,SKU003141,54,13706.82,253.83,0
2025-05-14,ST22,SKU004760,10,14448.6,1444.86,0
2025-05-14,ST24,SKU000184,24,3516.0,146.5,0
2025-05-14,ST25,SKU000258,8,6393.6,799.2,0
2025-05-14,ST25,SKU003495,10,16211.2,1621.12,0
2025-05-14,ST26,SKU000558,10,1988.0,198.8,0
2025-05-14,ST26,SKU001298,6,3096.0,516.0,0
2025-05-14,ST28,SKU001382,17,19997.1,1176.3,0
2025-05-14,ST30,SKU002020,17,2748.73,161.69,0
2025-05-14,ST30,SKU002384,33,61548.3,1865.1,0
2025-05-14,ST30,SKU004584,10,3804.4,380.44,0
2025-05-15,ST01,SKU002046,36,35782.56,993.96,0
2025-05-15,ST01,SKU002992,11,4368.87,397.17,0
2025-05-15,ST02,SKU000463,11,2114.53,192.23,0
2025-05-15,ST02,SKU001822,14,891.52,63.68,0
2025-05-15,ST04,SKU000979,21,11756.64,559.84,0
2025-05-15,ST05,SKU000914,15,30737.55,2049.17,0
2025-05-15,ST05,SKU003616,14,18722.34,1337.31,1
2025-05-15,ST06,SKU000742,13,3106.61,238.97,0
2025-05-15,ST06,SKU001321,1,1544.28,1544.28,0
2025-05-15,ST06,SKU004783,24,21715.68,904.82,0
2025-05-15,ST08,SKU000271,40,68510.0,1712.75,0
2025-05-15,ST09,SKU003176,18,37722.6,2095.7,0
2025-05-15,ST11,SKU004959,12,5823.0,485.25,0
2025-05-15,ST11,SKU004990,12,20201.52,1683.46,0
2025-05-15,ST12,SKU002241,28,46361.84,1655.78,0
2025-05-15,ST12,SKU002407,15,27552.9,1836.86,0
2025-05-15,ST13,SKU002557,6,9725.7,1620.95,0
2025-05-15,ST13,SKU003383,15,10732.95,715.53,0
2025-05-15,ST14,SKU002341,4,5916.64,1479.16,0
2025-05-15,ST16,SKU002011,19,29978.01,1577.79,0
2025-05-15,ST17,SKU004807,8,9796.56,1224.57,0
2025-05-15,ST19,SKU000694,6,14649.78,2441.63,0
2025-05-15,ST20,SKU003508,53,77113.41,1454.97,0
2025-05-15,ST21,SKU000765,4,8577.88,2144.47,1
2025-05-15,ST23,SKU003354,3,298.62,99.54,0
2025-05-15,ST25,SKU001631,21,7861.77,374.37,0
2025-05-15,ST25,SKU002026,14,20675.76,1476.84,0
2025-05-15,ST25,SKU004963,14,22892.38,1635.17,1
2025-05-15,ST27,SKU002078,16,32097.92,2006.12,0
2025-05-15,ST27,SKU004787,12,14687.16,1223.93,0
2025-05-15,ST28,SKU002763,9,7720.92,857.88,0
2025-05-15,ST29,SKU003442,10,20766.2,2076.62,1
2025-05-16,ST01,SKU001486,6,7691.1,1281.85,0
2025-05-16,ST02,SKU002731,28,12562.76,448.67,1
2025-05-16,ST04,SKU004137,19,33440.0,1760.0,0
2025-05-16,ST05,SKU002352,20,31071.2,1553.56,0
2025-05-16,ST07,SKU000827,6,1924.32,320.72,0
2025-05-16,ST07,SKU004075,14,25853.52,1846.68,0
2025-05-16,ST08,SKU001097,21,51070.74,2431.94,0
2025-05-16,ST09,SKU003356,5,1679.45,335.89,0
2025-05-16,ST10,SKU000002,6,7554.12,1259.02,0
2025-05-16,ST10,SKU002697,18,21940.02,1218.89,1
2025-05-16,ST10,SKU002735,30,51700.8,1723.36,0
2025-05-16,ST10,SKU004136,13,2297.1,176.7,0
2025-05-16,ST11,SKU001320,13,7042.49,541.73,0
2025-05-16,ST11,SKU002188,1,1628.44,1628.44,0
2025-05-16,ST11,SKU004344,14,27618.36,1972.74,0
2025-05-16,ST12,SKU002342,11,582.12,52.92,0
2025-05-16,ST12,SKU002815,26,16337.36,628.36,0
2025-05-16,ST12,SKU003015,7,7202.86,1028.98,0
2025-05-16,ST13,SKU000176,27,38553.03,1427.89,1
2025-05-16,ST13,SKU000633,22,50777.1,2308.05,0
2025-05-16,ST13,SKU000920,12,3164.52,263.71,0
2025-05-16,ST13,SKU001685,9,6410.34,712.26,0
2025-05-16,ST13,SKU004215,19,33389.84,1757.36,0
2025-05-16,ST15,SKU002927,12,23018.04,1918.17,0
2025-05-16,ST17,SKU004465,8,19345.2,2418.15,1
2025-05-16,ST18,SKU000966,21,3771.18,179.58,0
2025-05-16,ST18,SKU001082,8,15225.84,1903.23,1
2025-05-16,ST18,SKU002684,38,26306.26,692.27,1
2025-05-16,ST18,SKU004955,35,19941.95,569.77,0
2025-05-16,ST19,SKU000768,2,4797.42,2398.71,0
2025-05-16,ST20,SKU001565,31,40610.62,1310.02,1
2025-05-16,ST22,SKU000012,9,10052.73,1116.97,0
2025-05-16,ST22,SKU003055,27,30338.01,1123.63,0
2025-05-16,ST23,SKU004065,20,38352.2,1917.61,0
2025-05-16,ST24,SKU000429,27,45234.45,1675.35,1
2025-05-16,ST25,SKU001081,8,17283.2,2160.4,0
2025-05-16,ST26,SKU003208,6,2634.36,439.06,0
2025-05-16,ST27,SKU001766,26,28381.86,1091.61,0
2025-05-16,ST29,SKU000474,12,9987.6,832.3,0
2025-05-16,ST29,SKU003035,12,19071.6,1589.3,0
2025-05-16,ST29,SKU004146,5,4654.8,930.96,0
2025-05-16,ST29,SKU004947,25,56548.75,2261.95,1
2025-05-16,ST30,SKU000084,23,9418.5,409.5,1
2025-05-16,ST30,SKU001205,15,12598.5,839.9,0
2025-05-16,ST30,SKU003615,39,57985.2,1486.8,0
2025-05-17,ST01,SKU000573,25,20146.5,805.86,0
2025-05-17,ST04,SKU001621,20,33517.2,1675.86,0
2025-05-17,ST05,SKU001516,21,25964.61,1236.41,0
2025-05-17,ST05,SKU002544,0,0.0,523.9,0
2025-05-17,ST05,SKU003304,10,15418.6,1541.86,1
2025-05-17,ST07,SKU003761,3,2357.85,785.95,0
2025-05-17,ST08,SKU002546,3,4134.09,1378.03,0
2025-05-17,ST08,SKU004804,12,5145.12,428.76,0
2025-05-17,ST09,SKU004304,0,0.0,563.72,1
2025-05-17,ST09,SKU004929,4,5300.84,1325.21,0
2025-05-17,ST10,SKU000216,33,1705.77,51.69,0
2025-05-17,ST10,SKU001388,15,31779.3,2118.62,0
2025-05-17,ST10,SKU001447,7,5177.9,739.7,0
2025-05-17,ST11,SKU004744,4,6487.52,1621.88,0
2025-05-17,ST12,SKU004112,5,1457.75,291.55,0
2025-05-17,ST13,SKU000729,13,17824.43,1371.11,0
2025-05-17,ST14,SKU000859,9,19888.56,2209.84,0
2025-05-17,ST16,SKU001587,14,18033.68,1288.12,0
2025-05-17,ST17,SKU001060,5,7543.6,1508.72,0
2025-05-17,ST18,SKU002142,10,17528.1,1752.81,0
2025-05-17,ST20,SKU003508,8,11639.76,1454.97,0
2025-05-17,ST22,SKU001890,18,16659.72,925.54,1
2025-05-17,ST23,SKU001706,15,24400.5,1626.7,0
2025-05-17,ST23,SKU001919,7,12182.45,1740.35,0
2025-05-17,ST23,SKU003970,4,1019.12,254.78,1
2025-05-17,ST24,SKU004915,0,0.0,2326.44,0
2025-05-17,ST26,SKU000283,17,7730.41,454.73,0
2025-05-17,ST26,SKU000815,11,11837.54,1076.14,0
2025-05-17,ST26,SKU002769,21,22850.94,1088.14,0
2025-05-17,ST26,SKU002984,11,1278.42,116.22,0
2025-05-17,ST27,SKU000248,7,13283.97,1897.71,0
2025-05-17,ST27,SKU000666,26,16806.66,646.41,0
2025-05-17,ST28,SKU003894,10,18577.1,1857.71,0
2025-05-17,ST29,SKU000147,7,16586.22,2369.46,0
2025-05-17,ST29,SKU000473,19,25737.4,1354.6,0
2025-05-17,ST29,SKU004408,61,123104.1,2018.1,1
2025-05-17,ST30,SKU001335,11,24587.75,2235.25,0
2025-05-17,ST30,SKU001971,27,7104.51,263.13,0
2025-05-17,ST30,SKU004674,5,7757.3,1551.46,0
2025-05-18,ST01,SKU000355,8,6435.6,804.45,0
2025-05-18,ST03,SKU000784,16,39979.52,2498.72,0
2025-05-18,ST03,SKU002505,24,15346.8,639.45,1
2025-05-18,ST03,SKU004362,21,5816.79,276.99,1
2025-05-18,ST04,SKU000361,10,22154.7,2215.47,0
2025-05-18,ST04,SKU003268,9,2146.23,238.47,1
2025-05-18,ST04,SKU004264,11,26226.75,2384.25,0
2025-05-18,ST04,SKU004728,16,24970.56,1560.66,0
2025-05-18,ST05,SKU004876,31,12379.23,399.33,0
2025-05-18,ST08,SKU002378,6,13533.18,2255.53,0
2025-05-18,ST09,SKU003287,3,6506.91,2168.97,0
2025-05-18,ST10,SKU001492,7,2228.24,318.32,0
2025-05-18,ST11,SKU003767,11,24004.53,2182.23,0
2025-05-18,ST13,SKU002492,16,20775.52,1298.47,0
2025-05-18,ST13,SKU002653,3,5551.8,1850.6,0
2025-05-18,ST13,SKU004615,20,21074.4,1053.72,0
2025-05-18,ST14,SKU003202,18,1485.0,82.5,0
2025-05-18,ST14,SKU004141,18,35577.9,1976.55,0
2025-05-18,ST15,SKU000540,26,15795.52,607.52,1
2025-05-18,ST16,SKU003613,13,11018.8,847.6,1
2025-05-18,ST16,SKU004305,7,3182.34,454.62,0
2025-05-18,ST17,SKU000115,27,62466.39,2313.57,1
2025-05-18,ST18,SKU002673,9,7450.92,827.88,0
2025-05-18,ST18,SKU004991,14,7711.34,550.81,0
2025-05-18,ST20,SKU001626,14,4518.64,322.76,0
2025-05-18,ST20,SKU001807,53,49592.63,935.71,1
2025-05-18,ST20,SKU002818,20,33600.8,1680.04,0
2025-05-18,ST21,SKU000235,13,20488.52,1576.04,0
2025-05-18,ST22,SKU004103,9,3071.52,341.28,1
2025-05-18,ST23,SKU001000,18,10916.1,606.45,0
2025-05-18,ST25,SKU001438,10,7716.8,771.68,0
2025-05-18,ST25,SKU003458,0,0.0,715.55,1
2025-05-18,ST26,SKU004732,15,23910.0,1594.0,0
2025-05-18,ST27,SKU000973,15,23775.6,1585.04,0
2025-05-18,ST27,SKU004175,3,1216.62,405.54,0
2025-05-18,ST29,SKU002719,17,2473.84,145.52,0
2025-05-18,ST30,SKU002333,10,20818.9,2081.89,0
2025-05-19,ST01,SKU003327,12,10379.76,864.98,0
2025-05-19,ST02,SKU001187,9,4316.76,479.64,0
2025-05-19,ST05,SKU003588,12,10216.44,851.37,0
2025-05-19,ST06,SKU000592,29,47140.66,1625.54,1
2025-05-19,ST09,SKU002597,14,16994.32,1213.88,0
2025-05-19,ST09,SKU004538,8,1076.48,134.56,0
2025-05-19,ST10,SKU001983,4,4974.76,1243.69,0
2025-05-19,ST12,SKU001211,19,1020.3,53.7,0
2025-05-19,ST12,SKU002431,2,1721.12,860.56,0
2025-05-19,ST12,SKU002504,6,9835.98,1639.33,0
2025-05-19,ST13,SKU001298,3,1548.0,516.0,0
2025-05-19,ST13,SKU004031,18,37259.64,2069.98,0
2025-05-19,ST15,SKU001272,23,16536.08,718.96,0
2025-05-19,ST15,SKU002553,4,786.36,196.59,0
2025-05-19,ST16,SKU001180,5,5994.4,1198.88,0
2025-05-19,ST16,SKU004522,14,28297.92,2021.28,0
2025-05-19,ST17,SKU001230,20,9982.8,499.14,0
2025-05-19,ST18,SKU001021,27,43988.94,1629.22,1
2025-05-19,ST18,SKU002513,4,2820.68,705.17,1
2025-05-19,ST19,SKU001631,7,2620.59,374.37,1
2025-05-19,ST19,SKU004466,32,55002.88,1718.84,1
2025-05-19,ST20,SKU002357,9,19846.71,2205.19,0
2025-05-19,ST20,SKU004323,3,193.35,64.45,0
2025-05-19,ST22,SKU001452,22,6327.64,287.62,1
2025-05-19,ST22,SKU001837,23,50337.8,2188.6,0
2025-05-19,ST23,SKU001795,10,11183.9,1118.39,0
2025-05-19,ST24,SKU000387,7,2474.29,353.47,1
2025-05-19,ST26,SKU000078,5,4742.9,948.58,0
2025-05-19,ST26,SKU002835,20,23389.8,1169.49,1
2025-05-19,ST26,SKU004947,11,24881.45,2261.95,0
2025-05-19,ST29,SKU000993,9,13196.79,1466.31,0
2025-05-19,ST30,SKU000285,7,3020.22,431.46,1
2025-05-19,ST30,SKU002520,10,15728.6,1572.86,0
2025-05-19,ST30,SKU003099,11,18081.36,1643.76,1
2025-05-20,ST01,SKU003607,11,25837.35,2348.85,0
2025-05-20,ST02,SKU004638,10,6964.3,696.43,0
2025-05-20,ST06,SKU001326,4,1623.56,405.89,0
2025-05-20,ST06,SKU003130,5,2477.55,495.51,0
2025-05-20,ST08,SKU000747,13,11972.87,920.99,0
2025-05-20,ST08,SKU003875,33,7365.93,223.21,1
2025-05-20,ST09,SKU004000,6,14157.6,2359.6,0
2025-05-20,ST10,SKU003997,10,15629.3,1562.93,0
2025-05-20,ST10,SKU004071,8,19941.12,2492.64,0
2025-05-20,ST11,SKU000288,9,16409.88,1823.32,1
2025-05-20,ST11,SKU001028,7,16087.47,2298.21,0
2025-05-20,ST11,SKU002609,2,2726.26,1363.13,0
2025-05-20,ST11,SKU004265,14,15731.38,1123.67,0
2025-05-20,ST12,SKU003980,20,2144.4,107.22,0
2025-05-20,ST13,SKU000221,3,3833.28,1277.76,0
2025-05-20,ST14,SKU002267,26,48600.24,1869.24,0
2025-05-20,ST17,SKU003426,19,25128.07,1322.53,0
2025-05-20,ST17,SKU003681,6,7802.22,1300.37,0
2025-05-20,ST18,SKU001530,6,12187.98,2031.33,0
2025-05-20,ST18,SKU003358,7,10686.97,1526.71,0
2025-05-20,ST18,SKU004843,5,4612.9,922.58,0
2025-05-20,ST19,SKU004400,11,21231.87,1930.17,0
2025-05-20,ST23,SKU004725,19,15773.42,830.18,1
2025-05-20,ST25,SKU004398,8,13243.6,1655.45,1
2025-05-20,ST27,SKU000532,11,21449.23,1949.93,1
2025-05-20,ST27,SKU003800,11,4564.45,414.95,0
2025-05-20,ST27,SKU004073,6,352.44,58.74,0
2025-05-20,ST29,SKU001429,3,1820.73,606.91,0
2025-05-21,ST03,SKU003431,10,14935.2,1493.52,0
2025-05-21,ST03,SKU003535,13,26413.01,2031.77,0
2025-05-21,ST05,SKU000782,7,8761.2,1251.6,0
2025-05-21,ST06,SKU000655,4,7852.76,1963.19,0
2025-05-21,ST06,SKU002396,15,30220.95,2014.73,0
2025-05-21,ST06,SKU003979,9,13218.75,1468.75,0
2025-05-21,ST07,SKU003662,3,2807.73,935.91,0
2025-05-21,ST09,SKU004239,12,25301.64,2108.47,0
2025-05-21,ST11,SKU000859,18,39777.12,2209.84,0
2025-05-21,ST12,SKU001842,4,8179.32,2044.83,0
2025-05-21,ST12,SKU004213,2,4556.64,2278.32,0
2025-05-21,ST15,SKU002850,10,6111.9,611.19,0
2025-05-21,ST15,SKU003917,2,2226.48,1113.24,0
2025-05-21,ST16,SKU000536,9,13434.3,1492.7,0
2025-05-21,ST17,SKU001290,17,12079.69,710.57,0
2025-05-21,ST18,SKU003667,20,28012.4,1400.62,0
2025-05-21,ST19,SKU001212,5,8910.05,1782.01,0
2025-05-21,ST20,SKU001749,10,13136.3,1313.63,0
2025-05-21,ST21,SKU001356,8,10626.56,1328.32,1
2025-05-21,ST21,SKU004518,27,14260.05,528.15,1
2025-05-21,ST22,SKU001482,26,63103.3,2427.05,0
2025-05-21,ST23,SKU004265,80,89893.6,1123.67,1
2025-05-21,ST24,SKU003523,68,70272.56,1033.42,1
2025-05-21,ST26,SKU000546,10,18822.9,1882.29,0
2025-05-21,ST26,SKU000770,15,25557.75,1703.85,0
2025-05-21,ST27,SKU001345,3,6212.1,2070.7,0
2025-05-21,ST28,SKU000818,19,36866.84,1940.36,0
2025-05-21,ST28,SKU001018,16,7895.84,493.49,0
2025-05-21,ST29,SKU000838,22,29821.88,1355.54,0
2025-05-21,ST29,SKU001579,2,4342.54,2171.27,0
2025-05-21,ST29,SKU001674,19,38961.02,2050.58,0
2025-05-21,ST29,SKU002485,22,14686.1,667.55,0
2025-05-21,ST29,SKU003706,11,24548.81,2231.71,0
2025-05-21,ST30,SKU000616,14,7858.2,561.3,0
2025-05-21,ST30,SKU004890,33,68767.05,2083.85,1
2025-05-22,ST01,SKU000461,5,913.55,182.71,0
2025-05-22,ST01,SKU001108,21,44341.08,2111.48,0
2025-05-22,ST01,SKU003415,7,12123.65,1731.95,0
2025-05-22,ST02,SKU000226,33,12300.42,372.74,0
2025-05-22,ST03,SKU001749,0,0.0,1313.63,0
2025-05-22,ST05,SKU003716,12,5893.68,491.14,0
2025-05-22,ST06,SKU001252,2,969.14,484.57,0
2025-05-22,ST08,SKU004698,14,7304.5,521.75,1
2025-05-22,ST10,SKU003868,28,28859.04,1030.68,1
2025-05-22,ST10,SKU004397,0,0.0,1091.5,1
2025-05-22,ST11,SKU002658,8,7326.24,915.78,0
2025-05-22,ST11,SKU004605,5,11589.75,2317.95,0
2025-05-22,ST12,SKU004210,21,51409.26,2448.06,1
2025-05-22,ST15,SKU001191,47,92272.28,1963.24,0
2025-05-22,ST15,SKU002015,10,12381.3,1238.13,0
2025-05-22,ST17,SKU002127,9,2325.42,258.38,0
2025-05-22,ST18,SKU001456,43,95463.44,2220.08,0
2025-05-22,ST21,SKU003455,3,2406.06,802.02,0
2025-05-22,ST21,SKU004227,10,3056.0,305.6,0
2025-05-22,ST24,SKU001074,6,1389.48,231.58,0
2025-05-22,ST25,SKU002387,1,2441.79,2441.79,0
2025-05-22,ST25,SKU002719,30,4365.6,145.52,0
2025-05-22,ST26,SKU000021,4,6764.68,1691.17,0
2025-05-22,ST26,SKU000290,20,36527.8,1826.39,0
2025-05-22,ST26,SKU004299,5,11406.45,2281.29,0
2025-05-22,ST26,SKU004465,6,14508.9,2418.15,0
2025-05-22,ST27,SKU002015,27,33429.51,1238.13,0
2025-05-22,ST28,SKU002427,18,14832.54,824.03,0
2025-05-22,ST29,SKU002629,6,12438.78,2073.13,1
2025-05-23,ST01,SKU002015,17,21048.21,1238.13,0
2025-05-23,ST01,SKU003684,5,1265.5,253.1,0
2025-05-23,ST01,SKU003746,8,2504.72,313.09,0
2025-05-23,ST02,SKU001250,11,12955.91,1177.81,0
2025-05-23,ST02,SKU004641,12,5143.32,428.61,0
2025-05-23,ST04,SKU000480,6,8922.96,1487.16,0
2025-05-23,ST04,SKU001798,32,37042.88,1157.59,1
2025-05-23,ST04,SKU002615,27,17526.51,649.13,0
2025-05-23,ST04,SKU003260,22,33759.22,1534.51,0
2025-05-23,ST05,SKU001275,18,42196.86,2344.27,0
2025-05-23,ST05,SKU001443,6,9757.92,1626.32,0
2025-05-23,ST05,SKU004145,12,25662.12,2138.51,0
2025-05-23,ST06,SKU000779,1,1487.72,1487.72,1
2025-05-23,ST06,SKU004483,21,45841.11,2182.91,0
2025-05-23,ST07,SKU001206,9,14457.69,1606.41,0
2025-05-23,ST07,SKU004110,9,14497.29,1610.81,0
2025-05-23,ST07,SKU004390,11,13049.63,1186.33,0
2025-05-23,ST09,SKU001000,12,7277.4,606.45,0
2025-05-23,ST10,SKU003371,26,28391.22,1091.97,0
2025-05-23,ST11,SKU002951,2,2241.88,1120.94,0
2025-05-23,ST11,SKU003732,31,71698.04,2312.84,0
2025-05-23,ST11,SKU004485,12,20190.84,1682.57,1
2025-05-23,ST12,SKU002232,0,0.0,1316.42,0
2025-05-23,ST12,SKU002651,0,0.0,2126.38,0
2025-05-23,ST12,SKU003912,4,7653.8,1913.45,0
2025-05-23,ST12,SKU003945,19,10886.05,572.95,0
2025-05-23,ST13,SKU004789,10,16576.0,1657.6,0
2025-05-23,ST15,SKU001149,10,3361.1,336.11,1
2025-05-23,ST16,SKU001548,13,7957.43,612.11,0
2025-05-23,ST16,SKU003193,16,16804.96,1050.31,0
2025-05-23,ST18,SKU003432,5,10768.2,2153.64,0
2025-05-23,ST19,SKU001563,7,11986.94,1712.42,0
2025-05-23,ST19,SKU002902,12,23328.12,1944.01,0
2025-05-23,ST19,SKU004078,16,23593.28,1474.58,1
2025-05-23,ST20,SKU000219,10,16347.6,1634.76,0
2025-05-23,ST21,SKU001109,22,29699.34,1349.97,0
2025-05-23,ST21,SKU001374,4,1818.4,454.6,0
2025-05-23,ST21,SKU003596,36,14852.88,412.58,0
2025-05-23,ST22,SKU001797,16,20045.92,1252.87,0
2025-05-23,ST24,SKU001429,9,5462.19,606.91,0
2025-05-23,ST25,SKU004290,10,15037.9,1503.79,0
2025-05-23,ST26,SKU002947,11,24277.99,2207.09,0
2025-05-23,ST27,SKU000369,15,2730.3,182.02,0
2025-05-23,ST27,SKU001266,5,10263.85,2052.77,1
2025-05-23,ST29,SKU001176,16,11979.2,748.7,0
2025-05-23,ST30,SKU004619,2,3605.3,1802.65,0
2025-05-24,ST03,SKU000226,7,2609.18,372.74,0
2025-05-24,ST03,SKU000314,50,92378.5,1847.57,0
2025-05-24,ST04,SKU002159,27,43339.86,1605.18,0
2025-05-24,ST04,SKU002267,22,41123.28,1869.24,0
2025-05-24,ST04,SKU003759,14,1299.62,92.83,0
2025-05-24,ST05,SKU001659,12,29520.0,2460.0,0
2025-05-24,ST05,SKU001774,13,22153.82,1704.14,0
2025-05-24,ST06,SKU003631,6,790.98,131.83,0
2025-05-24,ST06,SKU004227,23,7028.8,305.6,0
2025-05-24,ST07,SKU001616,41,64586.07,1575.27,0
2025-05-24,ST09,SKU000481,10,3586.0,358.6,0
2025-05-24,ST10,SKU000352,9,2570.94,285.66,0
2025-05-24,ST11,SKU003574,5,8194.85,1638.97,0
2025-05-24,ST12,SKU000066,9,1535.76,170.64,0
2025-05-24,ST12,SKU003131,8,7389.76,923.72,0
2025-05-24,ST12,SKU004286,67,48557.58,724.74,1
2025-05-24,ST15,SKU000909,13,20834.58,1602.66,0
2025-05-24,ST15,SKU003207,2,251.44,125.72,0
2025-05-24,ST15,SKU003343,14,9935.94,709.71,0
2025-05-24,ST17,SKU003296,17,34676.77,2039.81,0
2025-05-24,ST17,SKU003468,5,5663.55,1132.71,0
2025-05-24,ST18,SKU000849,19,13053.19,687.01,0
2025-05-24,ST18,SKU003874,17,3102.84,182.52,0
2025-05-24,ST19,SKU004876,49,19567.17,399.33,0
2025-05-24,ST20,SKU003444,7,8755.32,1250.76,0
2025-05-24,ST21,SKU001205,15,12598.5,839.9,0
2025-05-24,ST21,SKU001775,11,12262.47,1114.77,0
2025-05-24,ST21,SKU004485,34,57207.38,1682.57,0
2025-05-24,ST22,SKU004000,24,56630.4,2359.6,1
2025-05-24,ST23,SKU001485,7,17223.57,2460.51,0
2025-05-24,ST26,SKU000043,6,13395.78,2232.63,0
2025-05-24,ST28,SKU000531,18,42622.2,2367.9,0
2025-05-24,ST28,SKU002862,4,9150.72,2287.68,0
2025-05-24,ST29,SKU001166,40,27370.8,684.27,0
2025-05-24,ST30,SKU001223,18,20131.38,1118.41,0
2025-05-25,ST01,SKU000481,6,2151.6,358.6,0
2025-05-25,ST01,SKU002180,11,23151.37,2104.67,0
2025-05-25,ST01,SKU003851,8,14174.88,1771.86,0
2025-05-25,ST01,SKU004912,12,7066.68,588.89,0
2025-05-25,ST02,SKU000134,15,2814.15,187.61,0
2025-05-25,ST02,SKU002855,9,14577.57,1619.73,1
2025-05-25,ST04,SKU000726,12,27818.28,2318.19,0
2025-05-25,ST05,SKU000923,5,10819.0,2163.8,0
2025-05-25,ST05,SKU002514,8,11551.68,1443.96,1
2025-05-25,ST05,SKU003941,1,1455.16,1455.16,0
2025-05-25,ST05,SKU004968,6,13549.38,2258.23,0
2025-05-25,ST07,SKU000420,10,13799.5,1379.95,0
2025-05-25,ST07,SKU000595,22,19930.9,905.95,1
2025-05-25,ST07,SKU002570,12,17896.44,1491.37,0
2025-05-25,ST07,SKU003198,9,18620.82,2068.98,0
2025-05-25,ST08,SKU000134,14,2626.54,187.61,0
2025-05-25,ST08,SKU001645,12,9110.88,759.24,0
2025-05-25,ST09,SKU003783,11,4775.65,434.15,0
2025-05-25,ST10,SKU004995,8,17003.76,2125.47,0
2025-05-25,ST11,SKU004933,21,51572.01,2455.81,0
2025-05-25,ST12,SKU001171,11,2383.04,216.64,0
2025-05-25,ST13,SKU000540,10,6075.2,607.52,0
2025-05-25,ST14,SKU001479,18,37234.08,2068.56,0
2025-05-25,ST14,SKU001565,4,5240.08,1310.02,0
2025-05-25,ST14,SKU003189,2,592.26,296.13,0
2025-05-25,ST14,SKU003736,14,11735.64,838.26,0
2025-05-25,ST15,SKU002602,24,5313.36,221.39,0
2025-05-25,ST15,SKU003902,14,14359.8,1025.7,0
2025-05-25,ST17,SKU001797,19,23804.53,1252.87,1
2025-05-25,ST17,SKU002137,18,8855.28,491.96,0
2025-05-25,ST18,SKU002546,5,6890.15,1378.03,0
2025-05-25,ST19,SKU000513,9,6373.53,708.17,0
2025-05-25,ST20,SKU000617,14,11155.76,796.84,0
2025-05-25,ST20,SKU001922,13,23684.96,1821.92,0
2025-05-25,ST21,SKU004300,27,58425.57,2163.91,0
2025-05-25,ST22,SKU001830,12,4448.52,370.71,0
2025-05-25,ST24,SKU002175,5,9362.15,1872.43,0
2025-05-25,ST25,SKU001188,23,16675.92,725.04,0
2025-05-25,ST25,SKU002001,22,52666.46,2393.93,0
2025-05-25,ST25,SKU004665,3,2377.02,792.34,0
2025-05-25,ST26,SKU000299,18,9757.44,542.08,1
2025-05-25,ST27,SKU002682,19,29108.38,1532.02,0
2025-05-25,ST29,SKU000456,16,14819.36,926.21,0
2025-05-25,ST29,SKU004175,20,8110.8,405.54,0
2025-05-25,ST29,SKU004877,13,21141.77,1626.29,0
2025-05-25,ST30,SKU000555,43,28361.08,659.56,0
2025-05-25,ST30,SKU002204,3,6729.66,2243.22,0
2025-05-25,ST30,SKU002350,11,14956.04,1359.64,0
2025-05-26,ST01,SKU003375,20,23343.6,1167.18,0
2025-05-26,ST02,SKU001143,0,0.0,583.82,0
2025-05-26,ST02,SKU001912,26,49355.54,1898.29,1
2025-05-26,ST02,SKU003009,15,32477.4,2165.16,0
2025-05-26,ST02,SKU004260,16,26249.76,1640.61,0
2025-05-26,ST03,SKU001956,16,30897.6,1931.1,0
2025-05-26,ST03,SKU002330,31,18234.51,588.21,1
2025-05-26,ST03,SKU004373,25,30895.0,1235.8,1
2025-05-26,ST04,SKU002365,6,602.16,100.36,0
2025-05-26,ST05,SKU002720,28,49448.28,1766.01,1
2025-05-26,ST06,SKU001646,16,33550.4,2096.9,0
2025-05-26,ST06,SKU002517,27,56015.55,2074.65,0
2025-05-26,ST07,SKU002691,27,38383.2,1421.6,0
2025-05-26,ST08,SKU001542,28,65019.92,2322.14,0
2025-05-26,ST08,SKU001812,4,9207.96,2301.99,1
2025-05-26,ST08,SKU002863,10,15168.8,1516.88,0
2025-05-26,ST09,SKU001452,21,6040.02,287.62,0
2025-05-26,ST11,SKU003279,13,11207.04,862.08,0
2025-05-26,ST11,SKU004626,8,6889.68,861.21,0
2025-05-26,ST13,SKU000924,9,18588.51,2065.39,0
2025-05-26,ST14,SKU004739,26,52320.58,2012.33,0
2025-05-26,ST16,SKU000954,0,0.0,1812.18,0
2025-05-26,ST16,SKU003012,3,640.29,213.43,0
2025-05-26,ST17,SKU001629,22,9626.76,437.58,0
2025-05-26,ST19,SKU002562,9,13970.07,1552.23,1
2025-05-26,ST20,SKU002553,10,1965.9,196.59,0
2025-05-26,ST23,SKU003121,16,9297.44,581.09,0
2025-05-26,ST25,SKU001414,15,18365.4,1224.36,0
2025-05-26,ST25,SKU004948,23,47741.1,2075.7,0
2025-05-26,ST26,SKU004544,4,6040.04,1510.01,0
2025-05-26,ST27,SKU004163,15,18852.9,1256.86,0
2025-05-26,ST28,SKU004980,29,50206.54,1731.26,1
2025-05-26,ST30,SKU000282,9,5131.8,570.2,0
2025-05-26,ST30,SKU001078,9,5043.15,560.35,0
2025-05-27,ST01,SKU003034,20,27621.2,1381.06,1
2025-05-27,ST02,SKU004965,4,239.36,59.84,0
2025-05-27,ST04,SKU000396,5,12022.85,2404.57,0
2025-05-27,ST04,SKU000821,6,9214.68,1535.78,0
2025-05-27,ST07,SKU000232,6,873.12,145.52,0
2025-05-27,ST07,SKU000265,7,2237.55,319.65,1
2025-05-27,ST07,SKU001075,6,5416.62,902.77,0
2025-05-27,ST07,SKU002758,7,11133.08,1590.44,0
2025-05-27,ST08,SKU002266,6,11745.12,1957.52,0
2025-05-27,ST11,SKU001346,9,22474.62,2497.18,0
2025-05-27,ST14,SKU000332,2,1235.98,617.99,0
2025-05-27,ST14,SKU003484,15,32841.45,2189.43,0
2025-05-27,ST15,SKU003891,17,5625.3,330.9,0
2025-05-27,ST18,SKU004377,42,82399.38,1961.89,1
2025-05-27,ST19,SKU000450,14,31110.94,2222.21,0
2025-05-27,ST19,SKU001408,9,3842.01,426.89,0
2025-05-27,ST19,SKU004012,4,2054.72,513.68,0
2025-05-27,ST20,SKU000556,10,1867.3,186.73,0
2025-05-27,ST20,SKU003336,15,30457.5,2030.5,0
2025-05-27,ST21,SKU000603,11,11979.44,1089.04,0
2025-05-27,ST21,SKU004356,9,17707.59,1967.51,0
2025-05-27,ST22,SKU002764,16,16213.92,1013.37,1
2025-05-27,ST23,SKU001551,7,16975.7,2425.1,0
2025-05-27,ST23,SKU003381,2,3079.86,1539.93,0
2025-05-27,ST24,SKU003897,4,5922.48,1480.62,0
2025-05-27,ST24,SKU004722,4,2525.28,631.32,0
2025-05-27,ST25,SKU000352,14,3999.24,285.66,0
2025-05-27,ST26,SKU001656,6,9511.74,1585.29,0
2025-05-27,ST26,SKU002903,2,127.8,63.9,0
2025-05-27,ST26,SKU004090,6,1117.14,186.19,0
2025-05-27,ST27,SKU000459,26,37038.3,1424.55,1
2025-05-27,ST28,SKU003068,28,50450.96,1801.82,1
2025-05-27,ST28,SKU003376,14,32536.28,2324.02,0
2025-05-27,ST29,SKU001482,2,4854.1,2427.05,0
2025-05-27,ST30,SKU002738,17,8329.32,489.96,0
2025-05-28,ST01,SKU000643,29,11672.21,402.49,0
2025-05-28,ST02,SKU004625,6,14037.12,2339.52,0
2025-05-28,ST03,SKU000795,18,32517.36,1806.52,0
2025-05-28,ST04,SKU000410,0,0.0,2000.67,0
2025-05-28,ST07,SKU001832,6,13033.5,2172.25,0
2025-05-28,ST11,SKU003120,16,20735.2,1295.95,0
2025-05-28,ST11,SKU004781,5,3476.75,695.35,1
2025-05-28,ST13,SKU001840,7,5493.53,784.79,1
2025-05-28,ST15,SKU002591,2,2829.5,1414.75,0
2025-05-28,ST16,SKU001883,8,5518.48,689.81,0
2025-05-28,ST17,SKU001608,9,8555.31,950.59,0
2025-05-28,ST17,SKU001970,12,26831.52,2235.96,0
2025-05-28,ST20,SKU000374,4,9542.36,2385.59,0
2025-05-28,ST23,SKU000779,22,32729.84,1487.72,0
2025-05-28,ST24,SKU002075,25,49663.75,1986.55,0
2025-05-28,ST26,SKU004039,1,793.71,793.71,1
2025-05-28,ST30,SKU002684,11,7614.97,692.27,0
2025-05-29,ST02,SKU003341,22,33411.18,1518.69,1
2025-05-29,ST02,SKU003819,23,36791.03,1599.61,0
2025-05-29,ST03,SKU003537,14,8882.58,634.47,0
2025-05-29,ST03,SKU003765,17,37656.19,2215.07,0
2025-05-29,ST03,SKU003888,18,3805.02,211.39,0
2025-05-29,ST04,SKU001260,13,31199.22,2399.94,0
2025-05-29,ST04,SKU004179,12,17188.8,1432.4,0
2025-05-29,ST05,SKU004608,7,2961.21,423.03,0
2025-05-29,ST06,SKU004178,10,15054.6,1505.46,0
2025-05-29,ST08,SKU000843,5,4282.55,856.51,0
2025-05-29,ST08,SKU001407,3,3654.0,1218.0,0
2025-05-29,ST08,SKU003653,24,37041.6,1543.4,0
2025-05-29,ST12,SKU000195,5,1402.1,280.42,0
2025-05-29,ST13,SKU002175,25,46810.75,1872.43,1
2025-05-29,ST13,SKU004478,9,17844.12,1982.68,0
2025-05-29,ST14,SKU003947,18,35630.1,1979.45,0
2025-05-29,ST16,SKU004714,9,18705.51,2078.39,0
2025-05-29,ST19,SKU001727,5,10244.9,2048.98,0
2025-05-29,ST20,SKU002223,8,6020.96,752.62,1
2025-05-29,ST20,SKU002891,18,10351.8,575.1,1
2025-05-29,ST21,SKU000081,16,30604.96,1912.81,0
2025-05-29,ST21,SKU001179,14,26064.5,1861.75,0
2025-05-29,ST21,SKU003006,5,1490.95,298.19,0
2025-05-29,ST26,SKU004558,3,568.86,189.62,0
2025-05-29,ST28,SKU001947,5,2490.55,498.11,0
2025-05-29,ST29,SKU000160,26,48518.34,1866.09,1
2025-05-30,ST01,SKU002877,18,22170.6,1231.7,1
2025-05-30,ST01,SKU003535,8,16254.16,2031.77,0
2025-05-30,ST01,SKU004000,8,18876.8,2359.6,0
2025-05-30,ST02,SKU002981,10,19128.4,1912.84,0
2025-05-30,ST04,SKU004441,16,21996.48,1374.78,1
2025-05-30,ST06,SKU002625,15,33546.9,2236.46,0
2025-05-30,ST06,SKU003150,8,1417.28,177.16,0
2025-05-30,ST08,SKU002857,9,16130.43,1792.27,0
2025-05-30,ST09,SKU000916,16,6801.76,425.11,0
2025-05-30,ST10,SKU000689,11,4880.59,443.69,1
2025-05-30,ST10,SKU001091,16,2071.52,129.47,0
2025-05-30,ST10,SKU001573,5,4197.8,839.56,1
2025-05-30,ST11,SKU000734,11,9870.52,897.32,0
2025-05-30,ST11,SKU004474,18,31601.34,1755.63,0
2025-05-30,ST13,SKU000793,31,53713.7,1732.7,1
2025-05-30,ST14,SKU000340,1,1388.78,1388.78,1
2025-05-30,ST14,SKU003668,21,49637.28,2363.68,0
2025-05-30,ST14,SKU003961,7,3563.7,509.1,0
2025-05-30,ST14,SKU004214,14,32201.26,2300.09,0
2025-05-30,ST15,SKU003275,27,48867.84,1809.92,0
2025-05-30,ST18,SKU002602,12,2656.68,221.39,0
2025-05-30,ST21,SKU001284,4,4738.2,1184.55,0
2025-05-30,ST21,SKU004215,5,8786.8,1757.36,0
2025-05-30,ST21,SKU004588,2,286.64,143.32,0
2025-05-30,ST22,SKU000038,10,10486.6,1048.66,1
2025-05-30,ST22,SKU000697,19,6365.95,335.05,1
2025-05-30,ST25,SKU004117,10,7725.4,772.54,0
2025-05-30,ST27,SKU001930,14,12366.9,883.35,0
2025-05-30,ST28,SKU002593,8,7087.44,885.93,0
2025-05-30,ST29,SKU002214,7,5813.15,830.45,1
2025-05-30,ST30,SKU003530,14,3601.78,257.27,0
2025-05-31,ST08,SKU000018,27,57912.84,2144.92,0
2025-05-31,ST08,SKU001359,13,10620.87,816.99,1
2025-05-31,ST08,SKU003046,4,6323.88,1580.97,0
2025-05-31,ST09,SKU001141,26,64697.36,2488.36,0
2025-05-31,ST09,SKU002385,5,8651.55,1730.31,0
2025-05-31,ST09,SKU004455,14,32559.24,2325.66,0
2025-05-31,ST10,SKU002315,48,27391.68,570.66,0
2025-05-31,ST11,SKU001176,30,22461.0,748.7,0
2025-05-31,ST11,SKU003873,18,24872.04,1381.78,0
2025-05-31,ST12,SKU002269,13,15628.99,1202.23,0
2025-05-31,ST12,SKU002560,16,35278.88,2204.93,0
2025-05-31,ST14,SKU000578,31,7362.19,237.49,0
2025-05-31,ST14,SKU001599,12,7587.36,632.28,0
2025-05-31,ST14,SKU004751,20,45236.0,2261.8,0
2025-05-31,ST15,SKU001053,21,50470.35,2403.35,0
2025-05-31,ST16,SKU002076,7,14507.36,2072.48,0
2025-05-31,ST16,SKU002811,17,18710.03,1100.59,0
2025-05-31,ST17,SKU004799,26,39530.14,1520.39,0
2025-05-31,ST18,SKU002747,13,13475.28,1036.56,0
2025-05-31,ST18,SKU002771,21,12826.8,610.8,1
2025-05-31,ST18,SKU002832,15,23872.95,1591.53,0
2025-05-31,ST19,SKU002999,10,20079.3,2007.93,0
2025-05-31,ST19,SKU004048,11,11947.76,1086.16,0
2025-05-31,ST21,SKU004601,11,15694.36,1426.76,0
2025-05-31,ST21,SKU004835,35,42581.35,1216.61,1
2025-05-31,ST21,SKU004967,29,17176.12,592.28,0
2025-05-31,ST24,SKU001066,22,16271.2,739.6,0
2025-05-31,ST24,SKU003661,10,16804.4,1680.44,0
2025-05-31,ST27,SKU002197,13,29527.94,2271.38,1
2025-05-31,ST29,SKU000548,0,0.0,1762.03,0
2025-05-31,ST30,SKU002253,15,17894.55,1192.97,0
2025-05-31,ST30,SKU003025,22,10581.56,480.98,0
2025-05-31,ST30,SKU004551,7,3252.76,464.68,0
2025-06-01,ST01,SKU001596,40,84838.0,2120.95,0
2025-06-01,ST01,SKU003290,27,61337.25,2271.75,1
2025-06-01,ST02,SKU002183,30,41827.5,1394.25,0
2025-06-01,ST04,SKU000123,7,10064.81,1437.83,0
2025-06-01,ST05,SKU000214,13,14529.58,1117.66,0
2025-06-01,ST05,SKU001504,20,14845.6,742.28,0
2025-06-01,ST07,SKU000454,2,3908.76,1954.38,0
2025-06-01,ST07,SKU003199,7,5606.65,800.95,0
2025-06-01,ST07,SKU003890,5,9932.75,1986.55,0
2025-06-01,ST09,SKU002529,0,0.0,1900.5,1
2025-06-01,ST09,SKU003194,22,3294.94,149.77,0
2025-06-01,ST10,SKU001134,14,30572.36,2183.74,0
2025-06-01,ST11,SKU000293,43,21997.94,511.58,1
2025-06-01,ST12,SKU000033,7,499.59,71.37,0
2025-06-01,ST12,SKU002547,3,1328.85,442.95,0
2025-06-01,ST12,SKU003047,33,42961.05,1301.85,0
2025-06-01,ST15,SKU001005,21,13653.15,650.15,1
2025-06-01,ST16,SKU000402,23,32556.04,1415.48,1
2025-06-01,ST16,SKU000796,25,1549.0,61.96,0
2025-06-01,ST19,SKU002934,3,992.4,330.8,0
2025-06-01,ST20,SKU000937,23,9752.69,424.03,0
2025-06-01,ST21,SKU000219,3,4904.28,1634.76,0
2025-06-01,ST22,SKU001045,29,25010.18,862.42,1
2025-06-01,ST23,SKU002142,11,19280.91,1752.81,0
2025-06-01,ST23,SKU004264,7,16689.75,2384.25,0
2025-06-01,ST25,SKU004558,21,3982.02,189.62,1
2025-06-01,ST26,SKU002706,14,29573.32,2112.38,1
2025-06-01,ST26,SKU003999,10,24569.5,2456.95,0
2025-06-01,ST27,SKU002965,6,8394.48,1399.08,0
2025-06-01,ST28,SKU004578,6,3476.76,579.46,0
2025-06-01,ST29,SKU003846,22,52497.94,2386.27,1
2025-06-01,ST29,SKU004260,12,19687.32,1640.61,0
2025-06-01,ST30,SKU000701,39,81037.71,2077.89,0
2025-06-01,ST30,SKU001737,11,22571.67,2051.97,0
2025-06-01,ST30,SKU003937,13,32378.84,2490.68,0
2025-06-02,ST01,SKU000424,14,30898.14,2207.01,0
2025-06-02,ST01,SKU004712,18,6385.14,354.73,0
2025-06-02,ST02,SKU000304,5,5134.85,1026.97,0
2025-06-02,ST02,SKU002804,18,8557.92,475.44,0
2025-06-02,ST02,SKU004617,23,41181.27,1790.49,0
2025-06-02,ST05,SKU000553,3,4378.14,1459.38,0
2025-06-02,ST07,SKU002726,30,74314.8,2477.16,1
2025-06-02,ST07,SKU003952,22,37573.58,1707.89,0
2025-06-02,ST08,SKU002926,3,4801.95,1600.65,0
2025-06-02,ST08,SKU003279,4,3448.32,862.08,0
2025-06-02,ST09,SKU004972,2,908.04,454.02,0
2025-06-02,ST11,SKU001799,18,20260.98,1125.61,1
2025-06-02,ST11,SKU004879,24,19047.36,793.64,0
2025-06-02,ST12,SKU001778,5,7741.1,1548.22,0
2025-06-02,ST13,SKU000517,2,3778.46,1889.23,1
2025-06-02,ST13,SKU001196,12,6050.52,504.21,1
2025-06-02,ST14,SKU000316,8,9317.04,1164.63,0
2025-06-02,ST14,SKU001181,14,2316.02,165.43,0
2025-06-02,ST14,SKU003166,10,20408.9,2040.89,0
2025-06-02,ST14,SKU003509,9,11662.56,1295.84,0
2025-06-02,ST16,SKU004142,20,34765.8,1738.29,0
2025-06-02,ST16,SKU004211,10,12739.7,1273.97,1
2025-06-02,ST19,SKU000109,1,949.57,949.57,0
2025-06-02,ST19,SKU001256,9,18598.14,2066.46,0
2025-06-02,ST19,SKU004873,1,1846.14,1846.14,0
2025-06-02,ST20,SKU004754,19,6581.03,346.37,0
2025-06-02,ST20,SKU004815,0,0.0,977.19,0
2025-06-02,ST21,SKU002045,0,0.0,2167.63,0
2025-06-02,ST21,SKU003228,11,2691.15,244.65,1
2025-06-02,ST25,SKU001992,11,7838.05,712.55,0
2025-06-02,ST25,SKU004691,10,12809.7,1280.97,1
2025-06-02,ST26,SKU001616,14,22053.78,1575.27,0
2025-06-02,ST27,SKU002981,15,28692.6,1912.84,1
2025-06-02,ST29,SKU000431,13,26233.61,2017.97,0
2025-06-02,ST30,SKU000998,4,6675.48,1668.87,0
2025-06-03,ST02,SKU001626,15,4841.4,322.76,0
2025-06-03,ST03,SKU004612,22,18607.16,845.78,0
2025-06-03,ST04,SKU001445,22,6738.38,306.29,0
2025-06-03,ST04,SKU001568,13,20966.92,1612.84,0
2025-06-03,ST04,SKU003932,4,7781.68,1945.42,0
2025-06-03,ST05,SKU001814,10,21940.7,2194.07,0
2025-06-03,ST05,SKU003228,7,1712.55,244.65,0
2025-06-03,ST06,SKU003222,10,11839.2,1183.92,0
2025-06-03,ST06,SKU004920,15,31301.4,2086.76,0
2025-06-03,ST07,SKU000553,15,21890.7,1459.38,0
2025-06-03,ST08,SKU003660,9,12327.39,1369.71,0
2025-06-03,ST10,SKU001877,8,12467.36,1558.42,1
2025-06-03,ST11,SKU001357,44,101676.08,2310.82,1
2025-06-03,ST11,SKU004434,17,27609.53,1624.09,0
2025-06-03,ST12,SKU002027,12,25264.2,2105.35,0
2025-06-03,ST13,SKU003257,17,31605.21,1859.13,0
2025-06-03,ST14,SKU002087,6,10324.02,1720.67,0
2025-06-03,ST14,SKU003372,4,406.64,101.66,0
2025-06-03,ST15,SKU001302,2,4387.96,2193.98,0
2025-06-03,ST16,SKU000025,9,10730.52,1192.28,0
2025-06-03,ST16,SKU001543,20,25343.4,1267.17,0
2025-06-03,ST16,SKU003223,10,19977.6,1997.76,0
2025-06-03,ST17,SKU003281,10,9812.7,981.27,0
2025-06-03,ST20,SKU000789,41,91305.77,2226.97,1
2025-06-03,ST20,SKU002962,18,19909.44,1106.08,0
2025-06-03,ST21,SKU002402,3,2267.55,755.85,0
2025-06-03,ST21,SKU003011,5,979.75,195.95,0
2025-06-03,ST21,SKU004020,26,43410.38,1669.63,0
2025-06-03,ST23,SKU001128,35,4063.15,116.09,1
2025-06-03,ST26,SKU003680,7,645.33,92.19,0
2025-06-03,ST26,SKU004909,14,15495.76,1106.84,0
2025-06-03,ST27,SKU001883,9,6208.29,689.81,0
2025-06-03,ST27,SKU003350,4,5761.56,1440.39,0
2025-06-03,ST27,SKU003781,3,557.67,185.89,0
2025-06-03,ST28,SKU000421,4,345.84,86.46,0
2025-06-03,ST28,SKU002704,5,6918.95,1383.79,0
2025-06-03,ST28,SKU003653,11,16977.4,1543.4,0
2025-06-03,ST29,SKU000019,9,20323.89,2258.21,0
2025-06-03,ST29,SKU002106,10,11212.3,1121.23,0
2025-06-03,ST30,SKU002106,36,40364.28,1121.23,0
2025-06-03,ST30,SKU002127,21,5425.98,258.38,0
2025-06-03,ST30,SKU002365,9,903.24,100.36,0
2025-06-04,ST01,SKU004316,10,15322.0,1532.2,0
2025-06-04,ST01,SKU004390,12,14235.96,1186.33,0
2025-06-04,ST02,SKU000487,7,15722.7,2246.1,0
2025-06-04,ST02,SKU003900,6,4563.66,760.61,0
2025-06-04,ST03,SKU002485,13,8678.15,667.55,1
2025-06-04,ST06,SKU004805,2,3417.46,1708.73,0
2025-06-04,ST06,SKU004982,20,32451.4,1622.57,0
2025-06-04,ST08,SKU003168,16,29641.76,1852.61,0
2025-06-04,ST08,SKU004645,12,9843.96,820.33,0
2025-06-04,ST09,SKU002970,4,2777.84,694.46,0
2025-06-04,ST09,SKU002976,6,13159.62,2193.27,0
2025-06-04,ST09,SKU003072,13,15064.14,1158.78,1
2025-06-04,ST12,SKU000415,5,10405.5,2081.1,0
2025-06-04,ST12,SKU002214,5,4152.25,830.45,0
2025-06-04,ST12,SKU003050,9,22284.72,2476.08,0
2025-06-04,ST14,SKU003728,13,29230.11,2248.47,0
2025-06-04,ST14,SKU004018,36,77477.04,2152.14,1
2025-06-04,ST18,SKU001029,19,39630.96,2085.84,0
2025-06-04,ST19,SKU002867,15,29093.55,1939.57,1
2025-06-04,ST20,SKU001121,28,14299.6,510.7,0
2025-06-04,ST20,SKU002658,5,4578.9,915.78,0
2025-06-04,ST20,SKU004584,0,0.0,380.44,0
2025-06-04,ST21,SKU002987,10,21646.3,2164.63,0
2025-06-04,ST22,SKU000707,10,527.9,52.79,0
2025-06-04,ST22,SKU002794,5,11756.9,2351.38,1
2025-06-04,ST23,SKU001945,6,5917.5,986.25,0
2025-06-04,ST24,SKU001133,20,35817.6,1790.88,0
2025-06-04,ST24,SKU004286,6,4348.44,724.74,0
2025-06-04,ST25,SKU001041,2,1427.02,713.51,0
2025-06-04,ST28,SKU000717,23,39043.88,1697.56,0
2025-06-04,ST28,SKU004495,19,39852.12,2097.48,0
2025-06-04,ST29,SKU002763,3,2573.64,857.88,0
2025-06-05,ST01,SKU002406,9,20974.95,2330.55,0
2025-06-05,ST01,SKU002876,6,2540.76,423.46,0
2025-06-05,ST02,SKU000174,4,2832.88,708.22,0
2025-06-05,ST02,SKU002224,14,14511.98,1036.57,0
2025-06-05,ST02,SKU002832,3,4774.59,1591.53,0
2025-06-05,ST03,SKU001013,23,12988.56,564.72,0
2025-06-05,ST03,SKU002100,22,47467.2,2157.6,0
2025-06-05,ST06,SKU000262,6,2804.76,467.46,0
2025-06-05,ST06,SKU002614,16,36805.28,2300.33,0
2025-06-05,ST09,SKU001176,9,6738.3,748.7,0
2025-06-05,ST10,SKU001360,0,0.0,2219.7,0
2025-06-05,ST10,SKU003002,8,17360.88,2170.11,1
2025-06-05,ST12,SKU002405,20,16942.4,847.12,0
2025-06-05,ST12,SKU004606,18,10403.64,577.98,0
2025-06-05,ST15,SKU004224,12,2022.6,168.55,1
2025-06-05,ST16,SKU002649,3,5448.21,1816.07,0
2025-06-05,ST16,SKU004368,6,9178.74,1529.79,1
2025-06-05,ST16,SKU004458,7,1977.85,282.55,0
2025-06-05,ST18,SKU004377,6,11771.34,1961.89,0
2025-06-05,ST21,SKU002346,6,2440.92,406.82,0
2025-06-05,ST22,SKU003791,24,59633.28,2484.72,0
2025-06-05,ST24,SKU000466,34,12348.46,363.19,0
2025-06-05,ST24,SKU002397,7,2169.65,309.95,0
2025-06-05,ST25,SKU000003,26,12229.1,470.35,1
2025-06-05,ST26,SKU000126,12,5750.4,479.2,0
2025-06-05,ST27,SKU001885,8,17955.76,2244.47,0
2025-06-05,ST27,SKU002007,4,3115.52,778.88,0
2025-06-05,ST28,SKU000530,12,3411.24,284.27,0
2025-06-05,ST28,SKU001194,3,4281.99,1427.33,1
2025-06-05,ST29,SKU003814,8,14496.48,1812.06,1
2025-06-05,ST30,SKU000683,0,0.0,737.93,0
2025-06-05,ST30,SKU000844,11,8981.28,816.48,1
2025-06-05,ST30,SKU001683,18,35993.34,1999.63,0
2025-06-06,ST01,SKU003026,10,14176.7,1417.67,0
2025-06-06,ST01,SKU003336,7,14213.5,2030.5,1
2025-06-06,ST02,SKU000563,28,57721.16,2061.47,1
2025-06-06,ST03,SKU000224,11,8994.04,817.64,0
2025-06-06,ST03,SKU001820,4,6931.48,1732.87,0
2025-06-06,ST04,SKU002535,11,5644.98,513.18,0
2025-06-06,ST06,SKU004158,15,20297.85,1353.19,1
2025-06-06,ST07,SKU000768,4,9594.84,2398.71,0
2025-06-06,ST07,SKU003836,4,719.2,179.8,0
2025-06-06,ST08,SKU000854,13,24838.58,1910.66,0
2025-06-06,ST08,SKU003167,15,29901.75,1993.45,1
2025-06-06,ST08,SKU004273,26,1830.92,70.42,0
2025-06-06,ST09,SKU000177,2,1199.34,599.67,0
2025-06-06,ST10,SKU000342,9,11855.16,1317.24,0
2025-06-06,ST11,SKU004634,8,14263.12,1782.89,0
2025-06-06,ST12,SKU003177,7,14886.55,2126.65,0
2025-06-06,ST13,SKU004948,9,18681.3,2075.7,1
2025-06-06,ST14,SKU001158,31,15295.71,493.41,0
2025-06-06,ST16,SKU003335,11,19251.32,1750.12,0
2025-06-06,ST18,SKU001734,3,5301.03,1767.01,0
2025-06-06,ST19,SKU004861,5,12150.45,2430.09,1
2025-06-06,ST20,SKU002840,4,7897.72,1974.43,0
2025-06-06,ST21,SKU003386,10,20202.9,2020.29,0
2025-06-06,ST22,SKU000582,3,6037.53,2012.51,0
2025-06-06,ST22,SKU003739,19,2280.95,120.05,0
2025-06-06,ST25,SKU002270,10,11214.3,1121.43,0
2025-06-06,ST26,SKU000948,28,40482.12,1445.79,0
2025-06-06,ST26,SKU001233,2,575.54,287.77,0
2025-06-06,ST26,SKU004247,13,4117.36,316.72,1
2025-06-06,ST27,SKU002538,25,59255.5,2370.22,0
2025-06-06,ST30,SKU000773,2,4249.24,2124.62,0
2025-06-07,ST01,SKU000029,24,29062.08,1210.92,0
2025-06-07,ST01,SKU003370,32,77212.8,2412.9,0
2025-06-07,ST02,SKU000765,69,147968.43,2144.47,1
2025-06-07,ST06,SKU003327,13,11244.74,864.98,0
2025-06-07,ST07,SKU001657,51,57145.5,1120.5,1
2025-06-07,ST07,SKU003688,4,2943.16,735.79,0
2025-06-07,ST08,SKU001649,8,15779.92,1972.49,1
2025-06-07,ST08,SKU002897,10,11028.7,1102.87,0
2025-06-07,ST08,SKU003893,19,20258.94,1066.26,0
2025-06-07,ST09,SKU000978,51,6729.45,131.95,0
2025-06-07,ST09,SKU001784,3,2673.63,891.21,1
2025-06-07,ST09,SKU002169,22,39798.88,1809.04,0
2025-06-07,ST11,SKU003031,52,118706.12,2282.81,0
2025-06-07,ST11,SKU004616,24,15548.16,647.84,0
2025-06-07,ST12,SKU000201,2,3924.68,1962.34,0
2025-06-07,ST12,SKU004356,4,7870.04,1967.51,0
2025-06-07,ST13,SKU003370,19,45845.1,2412.9,0
2025-06-07,ST16,SKU002356,17,26782.65,1575.45,0
2025-06-07,ST17,SKU001570,24,42595.92,1774.83,0
2025-06-07,ST18,SKU003467,5,5362.75,1072.55,0
2025-06-07,ST18,SKU003672,12,28871.76,2405.98,0
2025-06-07,ST19,SKU003745,18,16188.84,899.38,0
2025-06-07,ST19,SKU003812,10,14502.1,1450.21,0
2025-06-07,ST19,SKU004509,6,5268.18,878.03,0
2025-06-07,ST19,SKU004934,17,19011.78,1118.34,0
2025-06-07,ST20,SKU001105,17,29847.92,1755.76,0
2025-06-07,ST21,SKU000224,18,14717.52,817.64,1
2025-06-07,ST21,SKU001322,1,395.86,395.86,0
2025-06-07,ST21,SKU004939,8,13857.04,1732.13,0
2025-06-07,ST22,SKU001705,5,5952.85,1190.57,1
2025-06-07,ST22,SKU002693,7,16091.6,2298.8,0
2025-06-07,ST22,SKU004875,0,0.0,1610.6,0
2025-06-07,ST24,SKU000593,32,4331.84,135.37,1
2025-06-07,ST24,SKU001440,24,14499.36,604.14,0
2025-06-07,ST24,SKU002904,14,22261.26,1590.09,0
2025-06-07,ST26,SKU004908,13,2174.64,167.28,0
2025-06-07,ST27,SKU002672,7,12525.52,1789.36,1
2025-06-07,ST28,SKU002289,44,23105.28,525.12,0
2025-06-07,ST29,SKU000868,16,9902.4,618.9,1
2025-06-07,ST30,SKU002196,4,4055.52,1013.88,0
2025-06-08,ST01,SKU000048,10,21282.7,2128.27,0
2025-06-08,ST01,SKU003356,11,3694.79,335.89,0
2025-06-08,ST02,SKU000851,14,15195.46,1085.39,0
2025-06-08,ST03,SKU003363,7,6819.4,974.2,0
2025-06-08,ST05,SKU000483,17,35249.16,2073.48,0
2025-06-08,ST05,SKU003695,12,20373.6,1697.8,0
2025-06-08,ST08,SKU001060,11,16595.92,1508.72,0
2025-06-08,ST09,SKU000956,36,26626.68,739.63,0
2025-06-08,ST10,SKU001955,9,10895.04,1210.56,0
2025-06-08,ST10,SKU004688,37,59823.45,1616.85,0
2025-06-08,ST11,SKU002708,10,23857.5,2385.75,0
2025-06-08,ST11,SKU002919,16,37177.44,2323.59,1
2025-06-08,ST11,SKU003845,33,74251.65,2250.05,1
2025-06-08,ST12,SKU001728,0,0.0,304.59,0
2025-06-08,ST12,SKU003445,18,3920.94,217.83,0
2025-06-08,ST12,SKU003819,5,7998.05,1599.61,0
2025-06-08,ST12,SKU004572,12,26098.2,2174.85,0
2025-06-08,ST13,SKU000033,23,1641.51,71.37,0
2025-06-08,ST13,SKU001142,15,27180.0,1812.0,0
2025-06-08,ST13,SKU001298,7,3612.0,516.0,0
2025-06-08,ST13,SKU003538,24,43487.52,1811.98,0
2025-06-08,ST13,SKU004004,9,20746.35,2305.15,1
2025-06-08,ST14,SKU000022,54,110591.46,2047.99,1
2025-06-08,ST14,SKU001381,12,3121.92,260.16,0
2025-06-08,ST15,SKU000573,6,4835.16,805.86,0
2025-06-08,ST15,SKU001908,41,48510.79,1183.19,0
2025-06-08,ST17,SKU001884,5,8658.75,1731.75,0
2025-06-08,ST17,SKU004046,11,9405.88,855.08,0
2025-06-08,ST18,SKU001073,20,24781.8,1239.09,1
2025-06-08,ST18,SKU003297,15,7938.6,529.24,0
2025-06-08,ST18,SKU003643,6,6058.02,1009.67,0
2025-06-08,ST19,SKU000707,18,950.22,52.79,0
2025-06-08,ST21,SKU001923,2,4972.18,2486.09,0
2025-06-08,ST23,SKU001769,10,23364.1,2336.41,0
2025-06-08,ST24,SKU003278,19,5661.05,297.95,0
2025-06-08,ST24,SKU004211,25,31849.25,1273.97,0
2025-06-08,ST25,SKU001563,3,5137.26,1712.42,0
2025-06-08,ST27,SKU002383,11,1816.43,165.13,1
2025-06-08,ST27,SKU003380,15,12227.4,815.16,1
2025-06-08,ST29,SKU001003,10,24006.0,2400.6,0
2025-06-09,ST03,SKU003293,11,25784.77,2344.07,1
2025-06-09,ST04,SKU000803,5,10139.35,2027.87,0
2025-06-09,ST04,SKU003290,13,29532.75,2271.75,1
2025-06-09,ST04,SKU003507,17,40835.53,2402.09,0
2025-06-09,ST06,SKU001258,10,2461.5,246.15,0
2025-06-09,ST07,SKU001702,16,15333.44,958.34,0
2025-06-09,ST07,SKU002805,30,62490.3,2083.01,0
2025-06-09,ST07,SKU004858,24,4496.88,187.37,0
2025-06-09,ST08,SKU002804,14,6656.16,475.44,0
2025-06-09,ST09,SKU002587,7,2877.91,411.13,0
2025-06-09,ST11,SKU001952,5,7996.5,1599.3,0
2025-06-09,ST11,SKU002654,6,9000.6,1500.1,0
2025-06-09,ST11,SKU002823,13,29189.03,2245.31,0
2025-06-09,ST11,SKU003056,6,13020.96,2170.16,0
2025-06-09,ST12,SKU000867,6,13756.08,2292.68,0
2025-06-09,ST12,SKU003773,2,2157.62,1078.81,1
2025-06-09,ST13,SKU003737,10,1996.5,199.65,0
2025-06-09,ST14,SKU002220,27,17257.59,639.17,0
2025-06-09,ST15,SKU003664,18,13802.22,766.79,0
2025-06-09,ST16,SKU004679,17,37772.13,2221.89,0
2025-06-09,ST19,SKU000035,19,3537.61,186.19,0
2025-06-09,ST19,SKU001527,5,706.1,141.22,0
2025-06-09,ST19,SKU002593,20,17718.6,885.93,0
2025-06-09,ST22,SKU000677,9,16605.27,1845.03,0
2025-06-09,ST22,SKU003407,11,17340.84,1576.44,0
2025-06-09,ST22,SKU003925,14,21408.52,1529.18,1
2025-06-09,ST23,SKU002980,13,29953.17,2304.09,0
2025-06-09,ST25,SKU003455,0,0.0,802.02,0
2025-06-09,ST25,SKU004058,5,5705.25,1141.05,0
2025-06-09,ST26,SKU000376,16,14650.08,915.63,0
2025-06-09,ST26,SKU002431,5,4302.8,860.56,0
2025-06-09,ST26,SKU004239,14,29518.58,2108.47,0
2025-06-09,ST27,SKU002363,16,2586.08,161.63,0
2025-06-09,ST29,SKU004419,7,14282.24,2040.32,0
2025-06-09,ST30,SKU002131,7,2121.7,303.1,0
2025-06-09,ST30,SKU004723,10,14523.0,1452.3,0
2025-06-10,ST01,SKU000346,19,22415.44,1179.76,0
2025-06-10,ST02,SKU000079,43,59733.45,1389.15,0
2025-06-10,ST02,SKU001011,8,4858.08,607.26,0
2025-06-10,ST02,SKU003478,19,30598.74,1610.46,0
2025-06-10,ST03,SKU001958,15,34395.3,2293.02,0
2025-06-10,ST04,SKU003025,0,0.0,480.98,0
2025-06-10,ST05,SKU001319,3,4960.11,1653.37,0
2025-06-10,ST06,SKU003015,1,1028.98,1028.98,0
2025-06-10,ST06,SKU003396,18,40740.84,2263.38,0
2025-06-10,ST07,SKU003963,7,16992.15,2427.45,0
2025-06-10,ST08,SKU000122,38,47631.86,1253.47,0
2025-06-10,ST08,SKU002689,20,1953.6,97.68,0
2025-06-10,ST09,SKU001870,15,17821.65,1188.11,0
2025-06-10,ST09,SKU003806,7,14775.11,2110.73,0
2025-06-10,ST10,SKU004240,2,3556.4,1778.2,0
2025-06-10,ST12,SKU004128,7,7402.08,1057.44,0
2025-06-10,ST13,SKU000063,18,29379.06,1632.17,0
2025-06-10,ST13,SKU001489,6,974.82,162.47,0
2025-06-10,ST14,SKU000893,13,27037.92,2079.84,0
2025-06-10,ST15,SKU001763,10,24804.3,2480.43,0
2025-06-10,ST16,SKU002899,16,20348.64,1271.79,0
2025-06-10,ST17,SKU000194,3,7042.59,2347.53,1
2025-06-10,ST17,SKU000908,32,75526.4,2360.2,0
2025-06-10,ST18,SKU004350,17,30575.86,1798.58,0
2025-06-10,ST19,SKU000874,0,0.0,2252.56,0
2025-06-10,ST20,SKU000158,11,3735.82,339.62,0
2025-06-10,ST20,SKU001125,12,9435.0,786.25,0
2025-06-10,ST20,SKU002260,13,4426.76,340.52,0
2025-06-10,ST21,SKU000598,30,21952.5,731.75,0
2025-06-10,ST22,SKU001029,15,31287.6,2085.84,0
2025-06-10,ST22,SKU001907,13,23668.45,1820.65,0
2025-06-10,ST23,SKU004771,7,11121.39,1588.77,0
2025-06-10,ST24,SKU002417,6,8294.64,1382.44,0
2025-06-10,ST24,SKU003277,13,9053.85,696.45,0
2025-06-10,ST27,SKU002392,0,0.0,1469.2,0
2025-06-10,ST27,SKU003176,17,35626.9,2095.7,0
2025-06-10,ST28,SKU001000,5,3032.25,606.45,0
2025-06-10,ST29,SKU000522,2,3208.48,1604.24,0
2025-06-10,ST30,SKU004498,7,16066.96,2295.28,1
2025-06-11,ST01,SKU000938,5,5206.4,1041.28,0
2025-06-11,ST01,SKU003782,24,18623.04,775.96,1
2025-06-11,ST02,SKU000066,27,4607.28,170.64,0
2025-06-11,ST03,SKU003576,10,22801.4,2280.14,0
2025-06-11,ST03,SKU004455,14,32559.24,2325.66,0
2025-06-11,ST05,SKU003754,8,9900.96,1237.62,0
2025-06-11,ST06,SKU002452,16,11418.24,713.64,0
2025-06-11,ST07,SKU002997,37,30389.95,821.35,0
2025-06-11,ST07,SKU004729,25,14663.75,586.55,0
2025-06-11,ST07,SKU004951,7,17377.43,2482.49,0
2025-06-11,ST09,SKU000556,22,4108.06,186.73,1
2025-06-11,ST09,SKU002912,3,3592.8,1197.6,0
2025-06-11,ST10,SKU002347,6,319.38,53.23,0
2025-06-11,ST10,SKU002897,5,5514.35,1102.87,0
2025-06-11,ST10,SKU004400,1,1930.17,1930.17,0
2025-06-11,ST11,SKU001258,22,5415.3,246.15,0
2025-06-11,ST11,SKU004871,11,7021.3,638.3,0
2025-06-11,ST12,SKU004896,16,3149.6,196.85,1
2025-06-11,ST14,SKU000875,9,22302.18,2478.02,0
2025-06-11,ST14,SKU001291,1,1639.92,1639.92,0
2025-06-11,ST14,SKU001818,5,3965.1,793.02,0
2025-06-11,ST14,SKU003797,14,13409.62,957.83,0
2025-06-11,ST14,SKU003928,11,24084.06,2189.46,0
2025-06-11,ST14,SKU004443,3,4248.15,1416.05,0
2025-06-11,ST17,SKU003351,6,6908.58,1151.43,0
2025-06-11,ST18,SKU000023,10,17835.2,1783.52,1
2025-06-11,ST18,SKU002493,4,2765.44,691.36,1
2025-06-11,ST20,SKU001690,10,14782.8,1478.28,0
2025-06-11,ST23,SKU000571,4,7568.16,1892.04,0
2025-06-11,ST23,SKU004993,8,16321.92,2040.24,0
2025-06-11,ST25,SKU003911,8,15966.64,1995.83,0
2025-06-11,ST25,SKU004751,11,24879.8,2261.8,0
2025-06-11,ST26,SKU002776,6,1290.84,215.14,0
2025-06-11,ST26,SKU003580,4,2465.96,616.49,0
2025-06-11,ST26,SKU003779,5,11957.45,2391.49,0
2025-06-11,ST27,SKU000974,1,1198.08,1198.08,0
2025-06-11,ST27,SKU004133,11,21905.73,1991.43,0
2025-06-11,ST29,SKU004683,10,2143.7,214.37,0
2025-06-11,ST29,SKU004899,22,22391.16,1017.78,0
2025-06-11,ST30,SKU001646,42,88069.8,2096.9,0
2025-06-11,ST30,SKU004721,3,2980.8,993.6,0
2025-06-12,ST03,SKU001327,21,5968.62,284.22,1
2025-06-12,ST03,SKU004530,5,7100.65,1420.13,0
2025-06-12,ST03,SKU004787,7,8567.51,1223.93,0
2025-06-12,ST05,SKU000016,5,636.7,127.34,0
2025-06-12,ST05,SKU000744,18,24371.82,1353.99,1
2025-06-12,ST08,SKU002605,0,0.0,360.56,0
2025-06-12,ST08,SKU003452,6,13617.36,2269.56,1
2025-06-12,ST09,SKU003696,48,45624.96,950.52,0
2025-06-12,ST10,SKU000285,37,15964.02,431.46,0
2025-06-12,ST10,SKU002724,18,10379.16,576.62,1
2025-06-12,ST11,SKU003266,13,5862.87,450.99,0
2025-06-12,ST11,SKU004346,3,6126.42,2042.14,0
2025-06-12,ST12,SKU003526,3,4806.72,1602.24,0
2025-06-12,ST13,SKU003062,6,11055.06,1842.51,0
2025-06-12,ST15,SKU001294,32,14080.32,440.01,1
2025-06-12,ST15,SKU001902,5,3531.8,706.36,1
2025-06-12,ST16,SKU003802,26,28132.52,1082.02,0
2025-06-12,ST18,SKU004393,9,15953.22,1772.58,0
2025-06-12,ST20,SKU004287,3,1153.89,384.63,0
2025-06-12,ST21,SKU000836,25,59335.25,2373.41,0
2025-06-12,ST21,SKU001983,7,8705.83,1243.69,0
2025-06-12,ST21,SKU002009,22,9990.42,454.11,1
2025-06-12,ST23,SKU001669,7,15971.9,2281.7,0
2025-06-12,ST23,SKU002068,36,89522.64,2486.74,0
2025-06-12,ST24,SKU001218,13,8258.77,635.29,0
2025-06-12,ST25,SKU000475,21,42245.07,2011.67,0
2025-06-12,ST27,SKU000765,7,15011.29,2144.47,1
2025-06-12,ST28,SKU002822,18,24998.22,1388.79,1
2025-06-13,ST01,SKU000965,14,8769.46,626.39,0
2025-06-13,ST01,SKU003132,9,21749.85,2416.65,0
2025-06-13,ST02,SKU000815,11,11837.54,1076.14,0
2025-06-13,ST04,SKU002279,21,48979.35,2332.35,0
2025-06-13,ST05,SKU001851,19,30047.74,1581.46,0
2025-06-13,ST05,SKU002644,4,5220.96,1305.24,0
2025-06-13,ST05,SKU004723,6,8713.8,1452.3,1
2025-06-13,ST05,SKU004816,15,29276.25,1951.75,0
2025-06-13,ST08,SKU001174,18,31176.72,1732.04,0
2025-06-13,ST09,SKU003644,26,22545.38,867.13,0
2025-06-13,ST09,SKU004586,0,0.0,827.01,0
2025-06-13,ST10,SKU003922,6,3079.86,513.31,1
2025-06-13,ST10,SKU004189,14,18776.52,1341.18,0
2025-06-13,ST11,SKU001151,12,14894.16,1241.18,0
2025-06-13,ST11,SKU001776,10,13159.0,1315.9,1
2025-06-13,ST11,SKU002017,11,10203.6,927.6,1
2025-06-13,ST11,SKU003940,7,5770.87,824.41,0
2025-06-13,ST13,SKU003454,29,54603.52,1882.88,0
2025-06-13,ST14,SKU001021,5,8146.1,1629.22,0
2025-06-13,ST14,SKU001511,26,50062.22,1925.47,0
2025-06-13,ST14,SKU004492,24,57923.76,2413.49,0
2025-06-13,ST15,SKU000532,16,31198.88,1949.93,0
2025-06-13,ST15,SKU002383,19,3137.47,165.13,1
2025-06-13,ST16,SKU000255,18,9111.6,506.2,1
2025-06-13,ST16,SKU004155,17,33862.98,1991.94,1
2025-06-13,ST17,SKU001348,27,2681.37,99.31,1
2025-06-13,ST18,SKU001115,13,32397.04,2492.08,0
2025-06-13,ST20,SKU004830,15,23965.65,1597.71,0
2025-06-13,ST21,SKU002716,0,0.0,597.1,0
2025-06-13,ST22,SKU001342,13,20448.22,1572.94,0
2025-06-13,ST22,SKU002009,20,9082.2,454.11,0
2025-06-13,ST22,SKU004362,8,2215.92,276.99,0
2025-06-13,ST23,SKU000238,30,45883.8,1529.46,1
2025-06-13,ST23,SKU000477,8,6301.6,787.7,1
2025-06-13,ST23,SKU001094,16,16222.08,1013.88,0
2025-06-13,ST23,SKU003748,6,5253.72,875.62,1
2025-06-13,ST24,SKU003526,9,14420.16,1602.24,1
2025-06-13,ST25,SKU002485,3,2002.65,667.55,0
2025-06-13,ST27,SKU002194,11,15898.52,1445.32,1
2025-06-13,ST28,SKU001971,12,3157.56,263.13,0
2025-06-13,ST29,SKU000284,15,35163.15,2344.21,0
2025-06-13,ST29,SKU003528,3,7250.01,2416.67,0
2025-06-13,ST29,SKU003665,36,78578.28,2182.73,0
2025-06-14,ST01,SKU000324,11,7971.37,724.67,1
2025-06-14,ST01,SKU000703,12,3554.4,296.2,0
2025-06-14,ST03,SKU000040,20,5914.6,295.73,0
2025-06-14,ST05,SKU002573,5,6738.35,1347.67,1
2025-06-14,ST05,SKU003941,16,23282.56,1455.16,0
2025-06-14,ST06,SKU000905,20,9166.4,458.32,0
2025-06-14,ST07,SKU002987,7,15152.41,2164.63,0
2025-06-14,ST08,SKU000619,14,14655.2,1046.8,0
2025-06-14,ST08,SKU004807,4,4898.28,1224.57,0
2025-06-14,ST09,SKU002517,10,20746.5,2074.65,0
2025-06-14,ST10,SKU003828,28,61589.92,2199.64,0
2025-06-14,ST12,SKU000278,5,10154.75,2030.95,1
2025-06-14,ST15,SKU001186,37,87828.38,2373.74,0
2025-06-14,ST16,SKU000229,23,50990.08,2216.96,0
2025-06-14,ST17,SKU000911,11,17873.35,1624.85,1
2025-06-14,ST17,SKU002553,6,1179.54,196.59,0
2025-06-14,ST18,SKU002826,12,15312.24,1276.02,0
2025-06-14,ST19,SKU002861,7,9606.1,1372.3,0
2025-06-14,ST20,SKU003199,27,21625.65,800.95,1
2025-06-14,ST21,SKU002813,7,10288.25,1469.75,0
2025-06-14,ST22,SKU001449,31,56912.9,1835.9,0
2025-06-14,ST23,SKU000275,17,33931.32,1995.96,0
2025-06-14,ST24,SKU001657,8,8964.0,1120.5,0
2025-06-14,ST25,SKU004201,27,42992.91,1592.33,1
2025-06-14,ST27,SKU000223,14,11506.46,821.89,0
2025-06-14,ST27,SKU000329,4,6891.12,1722.78,0
2025-06-14,ST27,SKU002074,8,1743.92,217.99,0
2025-06-14,ST28,SKU003409,11,17385.17,1580.47,0
2025-06-14,ST30,SKU003427,11,14283.28,1298.48,0
2025-06-15,ST01,SKU001780,10,568.4,56.84,0
2025-06-15,ST01,SKU001966,11,890.01,80.91,0
2025-06-15,ST02,SKU004956,12,1514.64,126.22,0
2025-06-15,ST03,SKU000367,20,15609.0,780.45,0
2025-06-15,ST04,SKU000648,8,12516.96,1564.62,0
2025-06-15,ST04,SKU003050,7,17332.56,2476.08,1
2025-06-15,ST05,SKU004658,27,30505.41,1129.83,0
2025-06-15,ST07,SKU004078,42,61932.36,1474.58,1
2025-06-15,ST07,SKU004606,18,10403.64,577.98,0
2025-06-15,ST08,SKU004073,3,176.22,58.74,0
2025-06-15,ST10,SKU001332,15,28154.85,1876.99,1
2025-06-15,ST11,SKU001140,36,19379.88,538.33,0
2025-06-15,ST11,SKU002870,17,14981.08,881.24,0
2025-06-15,ST13,SKU002942,1,1824.65,1824.65,0
2025-06-15,ST14,SKU002551,5,5152.45,1030.49,1
2025-06-15,ST14,SKU004670,14,31618.72,2258.48,1
2025-06-15,ST15,SKU003062,12,22110.12,1842.51,0
2025-06-15,ST16,SKU001008,13,11878.36,913.72,1
2025-06-15,ST17,SKU004460,0,0.0,1172.25,1
2025-06-15,ST18,SKU003166,22,44899.58,2040.89,0
2025-06-15,ST18,SKU003620,29,2535.76,87.44,1
2025-06-15,ST18,SKU003781,5,929.45,185.89,0
2025-06-15,ST18,SKU003881,5,7440.25,1488.05,0
2025-06-15,ST19,SKU000979,16,8957.44,559.84,0
2025-06-15,ST20,SKU001187,3,1438.92,479.64,0
2025-06-15,ST20,SKU002216,5,1263.1,252.62,0
2025-06-15,ST21,SKU003143,9,6603.84,733.76,0
2025-06-15,ST22,SKU003294,0,0.0,706.41,0
2025-06-15,ST23,SKU001324,23,34027.81,1479.47,1
2025-06-15,ST23,SKU004436,17,9964.55,586.15,0
2025-06-15,ST24,SKU002228,5,2519.7,503.94,0
2025-06-15,ST26,SKU002636,23,55213.11,2400.57,1
2025-06-15,ST27,SKU003239,18,2904.84,161.38,0
2025-06-15,ST27,SKU004711,15,9631.35,642.09,0
2025-06-15,ST27,SKU004766,16,31353.28,1959.58,0
2025-06-15,ST28,SKU002258,6,9425.82,1570.97,0
2025-06-15,ST30,SKU002112,13,9669.01,743.77,0
2025-06-16,ST01,SKU001599,17,10748.76,632.28,0
2025-06-16,ST01,SKU002004,13,26052.78,2004.06,0
2025-06-16,ST01,SKU003243,8,15771.52,1971.44,1
2025-06-16,ST02,SKU001898,15,5652.0,376.8,0
2025-06-16,ST03,SKU002719,10,1455.2,145.52,0
2025-06-16,ST04,SKU001756,6,7086.96,1181.16,0
2025-06-16,ST04,SKU002810,8,9724.08,1215.51,0
2025-06-16,ST04,SKU002959,0,0.0,2325.6,0
2025-06-16,ST06,SKU002295,11,11292.82,1026.62,0
2025-06-16,ST08,SKU003373,9,12369.51,1374.39,0
2025-06-16,ST10,SKU000876,20,32450.4,1622.52,0
2025-06-16,ST11,SKU001612,9,8361.36,929.04,0
2025-06-16,ST11,SKU003477,8,2638.56,329.82,1
2025-06-16,ST12,SKU000343,10,24004.1,2400.41,1
2025-06-16,ST13,SKU004382,2,296.12,148.06,0
2025-06-16,ST14,SKU003433,10,15471.1,1547.11,1
2025-06-16,ST15,SKU002142,8,14022.48,1752.81,1
2025-06-16,ST16,SKU002318,1,97.98,97.98,0
2025-06-16,ST16,SKU002673,13,10762.44,827.88,1
2025-06-16,ST16,SKU003517,3,2451.24,817.08,0
2025-06-16,ST18,SKU000638,16,2204.16,137.76,1
2025-06-16,ST18,SKU000721,7,13243.3,1891.9,0
2025-06-16,ST18,SKU000998,11,18357.57,1668.87,0
2025-06-16,ST18,SKU002479,6,1341.84,223.64,0
2025-06-16,ST20,SKU001091,38,4919.86,129.47,1
2025-06-16,ST20,SKU001458,9,6062.49,673.61,0
2025-06-16,ST21,SKU000646,3,4592.94,1530.98,0
2025-06-16,ST24,SKU001730,11,18166.72,1651.52,0
2025-06-16,ST24,SKU001984,12,3812.88,317.74,0
2025-06-16,ST27,SKU003284,16,18424.32,1151.52,0
2025-06-16,ST27,SKU004662,9,5065.56,562.84,0
2025-06-16,ST29,SKU003481,6,10327.8,1721.3,0
2025-06-16,ST30,SKU000032,33,70053.72,2122.84,0
2025-06-17,ST01,SKU002231,9,16882.2,1875.8,0
2025-06-17,ST02,SKU000216,12,620.28,51.69,0
2025-06-17,ST02,SKU000528,21,50112.72,2386.32,0
2025-06-17,ST02,SKU003764,9,5110.47,567.83,0
2025-06-17,ST04,SKU001552,25,52857.5,2114.3,1
2025-06-17,ST05,SKU001682,6,6322.38,1053.73,0
2025-06-17,ST05,SKU003061,5,5107.1,1021.42,0
2025-06-17,ST07,SKU002863,26,39438.88,1516.88,1
2025-06-17,ST08,SKU001115,5,12460.4,2492.08,0
2025-06-17,ST08,SKU004503,6,8021.1,1336.85,0
2025-06-17,ST09,SKU001084,17,13870.3,815.9,0
2025-06-17,ST10,SKU004230,0,0.0,1443.47,1
2025-06-17,ST16,SKU000894,17,8319.63,489.39,0
2025-06-17,ST16,SKU001158,7,3453.87,493.41,0
2025-06-17,ST16,SKU003306,9,9609.12,1067.68,0
2025-06-17,ST17,SKU000482,12,3558.12,296.51,0
2025-06-17,ST17,SKU000892,3,5849.34,1949.78,0
2025-06-17,ST17,SKU003830,11,22238.59,2021.69,0
2025-06-17,ST18,SKU004862,15,32275.05,2151.67,0
2025-06-17,ST19,SKU004031,8,16559.84,2069.98,0
2025-06-17,ST22,SKU002381,27,54463.32,2017.16,1
2025-06-17,ST22,SKU003348,14,14636.3,1045.45,0
2025-06-17,ST22,SKU004596,15,21545.85,1436.39,1
2025-06-17,ST23,SKU000531,16,37886.4,2367.9,0
2025-06-17,ST23,SKU003442,8,16612.96,2076.62,0
2025-06-17,ST23,SKU004082,2,4219.3,2109.65,0
2025-06-17,ST25,SKU002919,24,55766.16,2323.59,0
2025-06-17,ST27,SKU003897,23,34054.26,1480.62,0
2025-06-17,ST30,SKU003775,22,15820.42,719.11,0
2025-06-18,ST02,SKU001701,4,6613.88,1653.47,0
2025-06-18,ST05,SKU002822,13,18054.27,1388.79,0
2025-06-18,ST05,SKU003820,4,8436.04,2109.01,1
2025-06-18,ST06,SKU001806,25,41613.75,1664.55,0
2025-06-18,ST07,SKU000050,19,25024.9,1317.1,0
2025-06-18,ST07,SKU000166,4,1262.08,315.52,0
2025-06-18,ST07,SKU002269,30,36066.9,1202.23,0
2025-06-18,ST08,SKU003904,11,1913.56,173.96,0
2025-06-18,ST10,SKU000825,4,8805.08,2201.27,0
2025-06-18,ST10,SKU003398,10,18748.9,1874.89,0
2025-06-18,ST10,SKU003423,0,0.0,289.21,0
2025-06-18,ST11,SKU000912,29,69080.03,2382.07,0
2025-06-18,ST11,SKU003970,59,15032.02,254.78,1
2025-06-18,ST12,SKU001898,18,6782.4,376.8,0
2025-06-18,ST14,SKU003265,9,10091.61,1121.29,0
2025-06-18,ST15,SKU001328,13,8889.92,683.84,0
2025-06-18,ST15,SKU004087,8,9005.84,1125.73,0
2025-06-18,ST16,SKU003308,35,25504.15,728.69,1
2025-06-18,ST17,SKU003960,4,7737.8,1934.45,0
2025-06-18,ST18,SKU003245,10,14208.7,1420.87,0
2025-06-18,ST19,SKU004801,0,0.0,1722.86,0
2025-06-18,ST19,SKU004899,36,36640.08,1017.78,1
2025-06-18,ST20,SKU000075,14,25244.66,1803.19,0
2025-06-18,ST20,SKU003131,18,16626.96,923.72,0
2025-06-18,ST21,SKU000109,21,19940.97,949.57,0
2025-06-18,ST21,SKU004304,0,0.0,563.72,1
2025-06-18,ST22,SKU001237,10,23836.0,2383.6,0
2025-06-18,ST22,SKU003801,21,19326.3,920.3,0
2025-06-18,ST22,SKU004399,26,60534.5,2328.25,0
2025-06-18,ST23,SKU002258,11,17280.67,1570.97,0
2025-06-18,ST23,SKU004346,13,26547.82,2042.14,0
2025-06-18,ST23,SKU004532,18,42335.28,2351.96,0
2025-06-18,ST23,SKU004778,5,10626.4,2125.28,0
2025-06-18,ST24,SKU000939,12,19564.8,1630.4,0
2025-06-18,ST24,SKU002756,20,12910.6,645.53,0
2025-06-18,ST24,SKU003699,13,22806.29,1754.33,0
2025-06-18,ST24,SKU004839,14,34880.86,2491.49,0
2025-06-18,ST25,SKU002448,13,11099.79,853.83,0
2025-06-18,ST26,SKU000952,29,31681.92,1092.48,0
2025-06-18,ST26,SKU004081,7,4286.59,612.37,0
2025-06-18,ST28,SKU001875,3,588.75,196.25,0
2025-06-18,ST28,SKU002116,10,24115.9,2411.59,0
2025-06-18,ST30,SKU002101,2,4942.02,2471.01,0
2025-06-18,ST30,SKU002448,10,8538.3,853.83,0
2025-06-18,ST30,SKU004845,9,14448.87,1605.43,0
2025-06-19,ST01,SKU002407,0,0.0,1836.86,0
2025-06-19,ST03,SKU001247,13,26596.18,2045.86,0
2025-06-19,ST04,SKU004655,24,10163.04,423.46,0
2025-06-19,ST05,SKU001145,33,17761.92,538.24,1
2025-06-19,ST06,SKU000211,4,6816.6,1704.15,0
2025-06-19,ST06,SKU000476,7,2244.83,320.69,0
2025-06-19,ST06,SKU002158,13,26008.45,2000.65,0
2025-06-19,ST10,SKU000217,6,7665.12,1277.52,0
2025-06-19,ST11,SKU001104,10,4222.7,422.27,0
2025-06-19,ST11,SKU003258,7,12219.06,1745.58,0
2025-06-19,ST12,SKU004605,27,62584.65,2317.95,0
2025-06-19,ST13,SKU002960,6,6102.6,1017.1,0
2025-06-19,ST16,SKU004420,4,9155.92,2288.98,1
2025-06-19,ST17,SKU001999,17,6097.39,358.67,0
2025-06-19,ST17,SKU004229,20,38402.2,1920.11,0
2025-06-19,ST18,SKU000860,22,23098.9,1049.95,0
2025-06-19,ST18,SKU002290,39,96951.27,2485.93,0
2025-06-19,ST18,SKU003865,24,41372.16,1723.84,0
2025-06-19,ST18,SKU004398,7,11588.15,1655.45,0
2025-06-19,ST19,SKU003935,24,52163.52,2173.48,0
2025-06-19,ST20,SKU002657,12,2289.36,190.78,0
2025-06-19,ST22,SKU002578,9,4718.16,524.24,0
2025-06-19,ST23,SKU004197,30,28962.3,965.41,0
2025-06-19,ST26,SKU001047,47,91310.66,1942.78,1
2025-06-19,ST27,SKU003403,1,1819.56,1819.56,0
2025-06-19,ST28,SKU000906,18,17470.44,970.58,0
2025-06-19,ST29,SKU003038,8,2244.96,280.62,1
2025-06-19,ST30,SKU002461,11,6785.57,616.87,0
2025-06-19,ST30,SKU003951,6,828.78,138.13,0
2025-06-20,ST02,SKU002537,11,21146.29,1922.39,0
2025-06-20,ST02,SKU004156,7,2347.59,335.37,0
2025-06-20,ST04,SKU002096,2,4314.64,2157.32,0
2025-06-20,ST05,SKU002674,2,4262.94,2131.47,0
2025-06-20,ST05,SKU003103,7,11525.71,1646.53,0
2025-06-20,ST05,SKU004822,7,5292.91,756.13,0
2025-06-20,ST07,SKU001697,17,39822.5,2342.5,0
2025-06-20,ST09,SKU003606,8,19555.04,2444.38,0
2025-06-20,ST10,SKU001530,11,22344.63,2031.33,0
2025-06-20,ST12,SKU003329,9,17679.24,1964.36,0
2025-06-20,ST13,SKU001507,8,2660.08,332.51,0
2025-06-20,ST14,SKU004976,4,7158.32,1789.58,0
2025-06-20,ST17,SKU001834,11,14225.53,1293.23,1
2025-06-20,ST18,SKU000242,17,37997.04,2235.12,0
2025-06-20,ST18,SKU000780,7,8837.36,1262.48,0
2025-06-20,ST18,SKU004759,3,4291.02,1430.34,0
2025-06-20,ST22,SKU004316,21,32176.2,1532.2,1
2025-06-20,ST23,SKU000516,26,15939.56,613.06,1
2025-06-20,ST23,SKU001623,1,1761.66,1761.66,0
2025-06-20,ST24,SKU000344,5,5446.6,1089.32,1
2025-06-20,ST24,SKU002796,25,3746.0,149.84,0
2025-06-20,ST24,SKU003175,19,21740.94,1144.26,0
2025-06-20,ST27,SKU000958,23,43578.79,1894.73,0
2025-06-20,ST28,SKU001409,25,47791.5,1911.66,0
2025-06-20,ST28,SKU002752,8,8423.2,1052.9,1
2025-06-20,ST30,SKU000088,37,30905.36,835.28,0
2025-06-21,ST01,SKU000816,28,3153.64,112.63,0
2025-06-21,ST01,SKU001741,10,15528.5,1552.85,0
2025-06-21,ST01,SKU003035,58,92179.4,1589.3,0
2025-06-21,ST02,SKU004305,14,6364.68,454.62,0
2025-06-21,ST03,SKU001046,6,13540.08,2256.68,0
2025-06-21,ST03,SKU002310,29,15320.99,528.31,1
2025-06-21,ST04,SKU001026,13,20582.51,1583.27,0
2025-06-21,ST05,SKU001109,8,10799.76,1349.97,1
2025-06-21,ST05,SKU002862,5,11438.4,2287.68,0
2025-06-21,ST06,SKU000566,18,16922.52,940.14,0
2025-06-21,ST06,SKU003844,25,54143.25,2165.73,0
2025-06-21,ST06,SKU004961,5,11958.5,2391.7,0
2025-06-21,ST07,SKU003496,17,38729.06,2278.18,0
2025-06-21,ST09,SKU002583,0,0.0,2494.53,0
2025-06-21,ST10,SKU002251,5,2731.45,546.29,1
2025-06-21,ST11,SKU000067,10,11611.4,1161.14,0
2025-06-21,ST11,SKU004436,11,6447.65,586.15,0
2025-06-21,ST12,SKU000023,8,14268.16,1783.52,0
2025-06-21,ST13,SKU000261,12,8269.8,689.15,0
2025-06-21,ST13,SKU000678,10,16417.2,1641.72,0
2025-06-21,ST13,SKU004810,14,22336.72,1595.48,0
2025-06-21,ST14,SKU001083,23,31325.08,1361.96,0
2025-06-21,ST14,SKU001199,26,36814.44,1415.94,0
2025-06-21,ST14,SKU003215,7,3162.81,451.83,0
2025-06-21,ST15,SKU003567,26,32351.54,1244.29,0
2025-06-21,ST16,SKU004245,40,53918.8,1347.97,0
2025-06-21,ST17,SKU001913,13,14401.53,1107.81,0
2025-06-21,ST18,SKU001806,18,29961.9,1664.55,0
2025-06-21,ST19,SKU003668,2,4727.36,2363.68,0
2025-06-21,ST20,SKU000156,20,31819.6,1590.98,0
2025-06-21,ST20,SKU002359,44,6623.32,150.53,1
2025-06-21,ST22,SKU003463,49,60658.08,1237.92,0
2025-06-21,ST24,SKU002969,19,29904.48,1573.92,0
2025-06-21,ST24,SKU004363,12,26068.08,2172.34,1
2025-06-21,ST25,SKU002199,5,1096.55,219.31,0
2025-06-21,ST26,SKU001889,4,3428.2,857.05,0
2025-06-21,ST28,SKU002079,19,17774.5,935.5,0
2025-06-21,ST29,SKU002581,0,0.0,871.39,0
2025-06-21,ST29,SKU003908,4,989.2,247.3,0
2025-06-21,ST29,SKU004883,7,2022.51,288.93,0
2025-06-21,ST30,SKU000787,25,49317.75,1972.71,0
2025-06-21,ST30,SKU001361,21,24813.6,1181.6,0
2025-06-22,ST02,SKU000629,8,10676.88,1334.61,0
2025-06-22,ST02,SKU004771,26,41308.02,1588.77,1
2025-06-22,ST03,SKU002140,9,12131.64,1347.96,0
2025-06-22,ST04,SKU004445,25,16805.0,672.2,1
2025-06-22,ST06,SKU000833,14,25888.66,1849.19,0
2025-06-22,ST07,SKU001710,6,7071.0,1178.5,0
2025-06-22,ST08,SKU001319,20,33067.4,1653.37,0
2025-06-22,ST08,SKU004274,16,1697.6,106.1,0
2025-06-22,ST09,SKU003492,19,16237.02,854.58,0
2025-06-22,ST10,SKU000734,22,19741.04,897.32,1
2025-06-22,ST15,SKU002656,9,6349.14,705.46,1
2025-06-22,ST15,SKU003341,5,7593.45,1518.69,0
2025-06-22,ST17,SKU003209,2,3854.82,1927.41,0
2025-06-22,ST18,SKU003910,10,24663.0,2466.3,0
2025-06-22,ST19,SKU000944,15,1177.2,78.48,0
2025-06-22,ST19,SKU004859,11,14226.41,1293.31,0
2025-06-22,ST20,SKU003049,9,6245.19,693.91,0
2025-06-22,ST20,SKU004510,28,30211.16,1078.97,0
2025-06-22,ST21,SKU001280,4,3229.96,807.49,0
2025-06-22,ST22,SKU001807,12,11228.52,935.71,1
2025-06-22,ST23,SKU001510,10,8341.2,834.12,0
2025-06-22,ST23,SKU004389,24,8904.24,371.01,0
2025-06-22,ST24,SKU001492,34,10822.88,318.32,0
2025-06-22,ST25,SKU002197,14,31799.32,2271.38,1
2025-06-22,ST25,SKU003258,31,54112.98,1745.58,0
2025-06-22,ST25,SKU003933,2,3441.14,1720.57,0
2025-06-22,ST26,SKU001671,16,15255.04,953.44,0
2025-06-22,ST26,SKU002771,9,5497.2,610.8,0
2025-06-22,ST26,SKU003329,21,41251.56,1964.36,1
2025-06-22,ST26,SKU004006,19,1831.6,96.4,0
2025-06-22,ST27,SKU003558,6,6339.54,1056.59,0
2025-06-22,ST28,SKU002242,3,6174.6,2058.2,0
2025-06-22,ST28,SKU003009,4,8660.64,2165.16,0
2025-06-22,ST28,SKU003743,22,50250.64,2284.12,0
2025-06-22,ST30,SKU001429,15,9103.65,606.91,0
2025-06-22,ST30,SKU003464,18,12712.5,706.25,0
2025-06-23,ST01,SKU002608,18,2453.4,136.3,1
2025-06-23,ST02,SKU002601,16,5235.04,327.19,1
2025-06-23,ST03,SKU000022,7,14335.93,2047.99,0
2025-06-23,ST03,SKU000606,8,4656.48,582.06,1
2025-06-23,ST04,SKU004452,11,15890.49,1444.59,0
2025-06-23,ST05,SKU001161,9,3556.62,395.18,0
2025-06-23,ST06,SKU003702,11,3345.98,304.18,0
2025-06-23,ST07,SKU001190,27,66775.59,2473.17,1
2025-06-23,ST08,SKU000337,24,34914.72,1454.78,0
2025-06-23,ST08,SKU001197,0,0.0,777.59,1
2025-06-23,ST08,SKU002928,3,3183.66,1061.22,1
2025-06-23,ST09,SKU004157,18,22898.52,1272.14,1
2025-06-23,ST10,SKU004605,11,25497.45,2317.95,1
2025-06-23,ST12,SKU001267,21,44366.49,2112.69,1
2025-06-23,ST13,SKU000622,14,2003.12,143.08,1
2025-06-23,ST16,SKU001713,2,852.28,426.14,0
2025-06-23,ST16,SKU002510,5,7472.35,1494.47,0
2025-06-23,ST17,SKU000516,9,5517.54,613.06,0
2025-06-23,ST17,SKU002742,19,22082.56,1162.24,1
2025-06-23,ST19,SKU000368,4,8778.24,2194.56,1
2025-06-23,ST19,SKU002673,13,10762.44,827.88,0
2025-06-23,ST20,SKU003029,12,29206.2,2433.85,0
2025-06-23,ST21,SKU000994,11,26327.51,2393.41,0
2025-06-23,ST21,SKU001339,8,13638.08,1704.76,0
2025-06-23,ST21,SKU001598,21,18096.54,861.74,0
2025-06-23,ST22,SKU000031,23,13241.79,575.73,0
2025-06-23,ST22,SKU002674,5,10657.35,2131.47,1
2025-06-23,ST24,SKU000322,25,57955.5,2318.22,0
2025-06-23,ST24,SKU002478,16,16556.64,1034.79,1
2025-06-23,ST29,SKU002962,3,3318.24,1106.08,0
2025-06-24,ST01,SKU002897,21,23160.27,1102.87,0
2025-06-24,ST02,SKU000310,10,9429.8,942.98,0
2025-06-24,ST04,SKU000081,20,38256.2,1912.81,0
2025-06-24,ST04,SKU001093,8,6397.76,799.72,0
2025-06-24,ST04,SKU002462,17,26896.38,1582.14,0
2025-06-24,ST06,SKU001182,16,1909.76,119.36,0
2025-06-24,ST08,SKU000078,15,14228.7,948.58,0
2025-06-24,ST09,SKU000465,21,3275.37,155.97,0
2025-06-24,ST11,SKU000617,17,13546.28,796.84,0
2025-06-24,ST11,SKU003786,41,100577.92,2453.12,0
2025-06-24,ST12,SKU003231,11,20734.67,1884.97,1
2025-06-24,ST13,SKU000309,9,19555.47,2172.83,0
2025-06-24,ST13,SKU001345,11,22777.7,2070.7,0
2025-06-24,ST15,SKU004168,40,78704.4,1967.61,0
2025-06-24,ST16,SKU000854,7,13374.62,1910.66,0
2025-06-24,ST16,SKU001370,10,22336.4,2233.64,0
2025-06-24,ST16,SKU002058,10,24575.7,2457.57,0
2025-06-24,ST16,SKU003363,9,8767.8,974.2,0
2025-06-24,ST21,SKU002981,7,13389.88,1912.84,0
2025-06-24,ST22,SKU002077,10,5722.4,572.24,0
2025-06-24,ST23,SKU001267,10,21126.9,2112.69,1
2025-06-24,ST23,SKU002002,5,6473.15,1294.63,0
2025-06-24,ST24,SKU000189,12,10240.2,853.35,0
2025-06-24,ST28,SKU003402,32,17926.08,560.19,1
2025-06-24,ST29,SKU001289,18,13470.84,748.38,1
2025-06-24,ST29,SKU002775,39,30638.79,785.61,0
2025-06-24,ST30,SKU002460,24,57425.28,2392.72,0
2025-06-25,ST03,SKU004628,13,23874.5,1836.5,0
2025-06-25,ST04,SKU001615,18,39704.22,2205.79,0
2025-06-25,ST04,SKU002935,14,22890.56,1635.04,0
2025-06-25,ST06,SKU002091,30,8611.2,287.04,0
2025-06-25,ST06,SKU002341,21,31062.36,1479.16,0
2025-06-25,ST08,SKU001746,34,55567.56,1634.34,1
2025-06-25,ST12,SKU001350,8,5814.96,726.87,0
2025-06-25,ST12,SKU002802,13,6098.43,469.11,0
2025-06-25,ST14,SKU001541,9,20154.33,2239.37,0
2025-06-25,ST15,SKU002885,0,0.0,1767.36,1
2025-06-25,ST15,SKU003133,0,0.0,479.34,0
2025-06-25,ST17,SKU000736,11,3793.35,344.85,1
2025-06-25,ST18,SKU002534,9,16202.52,1800.28,0
2025-06-25,ST21,SKU002342,10,529.2,52.92,0
2025-06-25,ST22,SKU001868,21,49674.45,2365.45,0
2025-06-25,ST23,SKU000792,4,4025.92,1006.48,0
2025-06-25,ST24,SKU001733,9,21261.69,2362.41,0
2025-06-25,ST24,SKU003391,26,59881.9,2303.15,1
2025-06-25,ST25,SKU001920,23,47239.47,2053.89,0
2025-06-25,ST26,SKU002807,18,35408.52,1967.14,0
2025-06-25,ST30,SKU001216,6,9697.68,1616.28,1
2025-06-26,ST01,SKU000056,11,24255.99,2205.09,0
2025-06-26,ST02,SKU003202,25,2062.5,82.5,1
2025-06-26,ST04,SKU001810,7,14857.64,2122.52,0
2025-06-26,ST04,SKU002181,38,8949.38,235.51,0
2025-06-26,ST05,SKU000524,11,12408.55,1128.05,0
2025-06-26,ST06,SKU001018,2,986.98,493.49,0
2025-06-26,ST08,SKU000246,5,7374.05,1474.81,0
2025-06-26,ST08,SKU002240,14,4552.1,325.15,0
2025-06-26,ST09,SKU004407,17,36907.0,2171.0,0
2025-06-26,ST10,SKU001337,19,5628.75,296.25,0
2025-06-26,ST10,SKU004286,7,5073.18,724.74,0
2025-06-26,ST14,SKU002500,3,956.1,318.7,0
2025-06-26,ST15,SKU002785,8,3995.28,499.41,0
2025-06-26,ST16,SKU000470,6,9935.58,1655.93,0
2025-06-26,ST16,SKU001370,6,13401.84,2233.64,0
2025-06-26,ST16,SKU002286,24,22312.56,929.69,0
2025-06-26,ST16,SKU002629,7,14511.91,2073.13,0
2025-06-26,ST17,SKU004885,8,13092.4,1636.55,0
2025-06-26,ST18,SKU000538,19,18090.09,952.11,0
2025-06-26,ST18,SKU001708,15,6785.85,452.39,1
2025-06-26,ST19,SKU002108,6,8039.4,1339.9,0
2025-06-26,ST21,SKU002744,8,18467.12,2308.39,0
2025-06-26,ST23,SKU000276,23,49885.16,2168.92,0
2025-06-26,ST23,SKU001109,8,10799.76,1349.97,0
2025-06-26,ST23,SKU004040,22,39893.7,1813.35,0
2025-06-26,ST25,SKU002920,9,20908.62,2323.18,0
2025-06-26,ST25,SKU004886,3,2274.75,758.25,0
2025-06-26,ST26,SKU004078,3,4423.74,1474.58,0
2025-06-26,ST27,SKU003453,18,41921.1,2328.95,0
2025-06-26,ST28,SKU002447,20,18083.2,904.16,1
2025-06-26,ST28,SKU003720,12,24848.16,2070.68,0
2025-06-26,ST29,SKU000907,4,4393.6,1098.4,0
2025-06-26,ST29,SKU001686,12,15594.24,1299.52,0
2025-06-26,ST29,SKU002826,12,15312.24,1276.02,0
2025-06-27,ST01,SKU002317,20,48423.4,2421.17,0
2025-06-27,ST02,SKU001290,20,14211.4,710.57,0
2025-06-27,ST02,SKU001766,8,8732.88,1091.61,0
2025-06-27,ST05,SKU000580,11,19259.79,1750.89,0
2025-06-27,ST06,SKU003614,9,659.25,73.25,0
2025-06-27,ST07,SKU003492,8,6836.64,854.58,1
2025-06-27,ST08,SKU004182,2,4408.32,2204.16,0
2025-06-27,ST09,SKU001550,3,5735.19,1911.73,1
2025-06-27,ST09,SKU002780,16,11233.6,702.1,0
2025-06-27,ST10,SKU000453,8,18981.44,2372.68,0
2025-06-27,ST12,SKU001895,36,89720.64,2492.24,1
2025-06-27,ST13,SKU004377,7,13733.23,1961.89,0
2025-06-27,ST15,SKU001014,5,287.7,57.54,0
2025-06-27,ST15,SKU001394,10,10709.4,1070.94,0
2025-06-27,ST16,SKU000359,23,28050.57,1219.59,0
2025-06-27,ST16,SKU002078,21,42128.52,2006.12,0
2025-06-27,ST17,SKU002035,25,10265.25,410.61,0
2025-06-27,ST17,SKU004810,12,19145.76,1595.48,0
2025-06-27,ST18,SKU000790,8,18850.0,2356.25,1
2025-06-27,ST18,SKU001831,16,33102.24,2068.89,1
2025-06-27,ST21,SKU000677,10,18450.3,1845.03,0
2025-06-27,ST22,SKU002890,14,33733.0,2409.5,1
2025-06-27,ST24,SKU002259,14,11624.62,830.33,0
2025-06-27,ST28,SKU004082,7,14767.55,2109.65,0
2025-06-27,ST28,SKU004187,0,0.0,1429.85,1
2025-06-27,ST30,SKU003651,35,21571.2,616.32,1
2025-06-28,ST01,SKU002986,18,31144.68,1730.26,0
2025-06-28,ST05,SKU001682,33,34773.09,1053.73,0
2025-06-28,ST05,SKU002387,14,34185.06,2441.79,0
2025-06-28,ST05,SKU003575,7,1823.85,260.55,0
2025-06-28,ST06,SKU002992,3,1191.51,397.17,0
2025-06-28,ST08,SKU000441,3,2105.7,701.9,0
2025-06-28,ST08,SKU003032,10,10916.9,1091.69,0
2025-06-28,ST09,SKU000533,12,3735.36,311.28,0
2025-06-28,ST10,SKU000049,9,19115.19,2123.91,0
2025-06-28,ST11,SKU001308,24,42640.56,1776.69,0
2025-06-28,ST11,SKU002723,0,0.0,1749.05,0
2025-06-28,ST12,SKU000260,8,9937.76,1242.22,0
2025-06-28,ST14,SKU000144,16,38071.2,2379.45,0
2025-06-28,ST14,SKU003234,23,37846.96,1645.52,1
2025-06-28,ST14,SKU003705,25,15215.25,608.61,0
2025-06-28,ST14,SKU004255,12,15775.2,1314.6,1
2025-06-28,ST15,SKU002794,20,47027.6,2351.38,0
2025-06-28,ST16,SKU002711,29,37746.4,1301.6,0
2025-06-28,ST16,SKU003985,0,0.0,891.47,0
2025-06-28,ST16,SKU004834,11,25711.07,2337.37,0
2025-06-28,ST17,SKU000952,2,2184.96,1092.48,0
2025-06-28,ST17,SKU001637,1,1071.13,1071.13,0
2025-06-28,ST17,SKU004524,0,0.0,513.58,0
2025-06-28,ST23,SKU004528,34,23866.64,701.96,1
2025-06-28,ST24,SKU000819,5,4157.25,831.45,0
2025-06-28,ST24,SKU003390,24,13853.28,577.22,0
2025-06-28,ST24,SKU004248,13,14323.14,1101.78,0
2025-06-28,ST24,SKU004472,7,4291.28,613.04,1
2025-06-28,ST25,SKU004129,15,31641.6,2109.44,0
2025-06-28,ST26,SKU000435,19,24453.38,1287.02,1
2025-06-28,ST26,SKU004061,5,12422.2,2484.44,0
2025-06-28,ST27,SKU003932,13,25290.46,1945.42,0
2025-06-28,ST28,SKU004117,23,17768.42,772.54,1
2025-06-28,ST29,SKU004272,8,4015.2,501.9,0
2025-06-29,ST01,SKU003618,2,1016.32,508.16,0
2025-06-29,ST05,SKU003762,9,9861.66,1095.74,1
2025-06-29,ST05,SKU004419,10,20403.2,2040.32,0
2025-06-29,ST06,SKU000303,5,8485.8,1697.16,0
2025-06-29,ST06,SKU002981,15,28692.6,1912.84,0
2025-06-29,ST07,SKU001321,4,6177.12,1544.28,1
2025-06-29,ST07,SKU001419,6,10889.34,1814.89,0
2025-06-29,ST07,SKU001622,29,1926.18,66.42,1
2025-06-29,ST08,SKU000938,12,12495.36,1041.28,0
2025-06-29,ST09,SKU000655,5,9815.95,1963.19,1
2025-06-29,ST09,SKU003021,25,42749.5,1709.98,0
2025-06-29,ST10,SKU004087,26,29268.98,1125.73,0
2025-06-29,ST12,SKU000672,3,1390.83,463.61,0
2025-06-29,ST12,SKU004625,22,51469.44,2339.52,0
2025-06-29,ST13,SKU003824,8,11924.88,1490.61,0
2025-06-29,ST14,SKU003230,4,7861.12,1965.28,0
2025-06-29,ST15,SKU000034,12,26152.44,2179.37,0
2025-06-29,ST15,SKU004668,5,1821.85,364.37,0
2025-06-29,ST16,SKU000748,6,1051.68,175.28,0
2025-06-29,ST16,SKU001455,8,17912.8,2239.1,0
2025-06-29,ST16,SKU003678,21,49258.02,2345.62,0
2025-06-29,ST16,SKU004734,18,29110.32,1617.24,0
2025-06-29,ST18,SKU001904,14,15756.16,1125.44,1
2025-06-29,ST18,SKU003418,8,18379.84,2297.48,0
2025-06-29,ST18,SKU003666,39,59204.34,1518.06,1
2025-06-29,ST20,SKU002805,29,60407.29,2083.01,0
2025-06-29,ST23,SKU000661,6,9735.84,1622.64,0
2025-06-29,ST24,SKU000736,20,6897.0,344.85,0
2025-06-29,ST24,SKU003022,15,31895.7,2126.38,0
2025-06-29,ST25,SKU003789,23,53045.13,2306.31,0
2025-06-29,ST26,SKU001669,74,168845.8,2281.7,1
2025-06-29,ST26,SKU001986,16,23039.04,1439.94,1
2025-06-29,ST26,SKU003166,10,20408.9,2040.89,0
2025-06-29,ST26,SKU004236,31,32551.55,1050.05,1
2025-06-29,ST28,SKU001427,7,716.1,102.3,0
2025-06-29,ST28,SKU004242,11,16694.92,1517.72,0
2025-06-29,ST30,SKU001458,3,2020.83,673.61,0
2025-06-30,ST01,SKU002775,18,14140.98,785.61,0
2025-06-30,ST01,SKU003128,10,14270.9,1427.09,0
2025-06-30,ST01,SKU003819,21,33591.81,1599.61,0
2025-06-30,ST04,SKU002692,17,21217.87,1248.11,0
2025-06-30,ST04,SKU004508,14,12126.8,866.2,0
2025-06-30,ST05,SKU001088,3,1988.25,662.75,0
2025-06-30,ST05,SKU003660,9,12327.39,1369.71,0
2025-06-30,ST07,SKU004366,12,26421.6,2201.8,0
2025-06-30,ST08,SKU004063,15,26447.85,1763.19,0
2025-06-30,ST09,SKU002414,3,979.11,326.37,1
2025-06-30,ST09,SKU004190,14,14511.7,1036.55,1
2025-06-30,ST11,SKU003426,2,2645.06,1322.53,0
2025-06-30,ST13,SKU001756,21,24804.36,1181.16,0
2025-06-30,ST14,SKU000034,1,2179.37,2179.37,1
2025-06-30,ST16,SKU002923,7,7479.57,1068.51,0
2025-06-30,ST17,SKU000483,10,20734.8,2073.48,0
2025-06-30,ST17,SKU000727,34,84389.36,2482.04,0
2025-06-30,ST17,SKU002369,10,11326.2,1132.62,0
2025-06-30,ST18,SKU003984,23,5168.1,224.7,0
2025-06-30,ST20,SKU004833,5,9551.0,1910.2,0
2025-06-30,ST21,SKU001948,13,28479.23,2190.71,0
2025-06-30,ST22,SKU001037,3,709.47,236.49,0
2025-06-30,ST22,SKU002151,7,6648.67,949.81,1
2025-06-30,ST23,SKU001401,20,28342.0,1417.1,0
2025-06-30,ST23,SKU003205,8,18431.12,2303.89,0
2025-06-30,ST24,SKU000544,31,43587.24,1406.04,0
2025-06-30,ST24,SKU001065,39,81254.16,2083.44,0
2025-06-30,ST24,SKU001623,6,10569.96,1761.66,0
2025-06-30,ST25,SKU003111,15,13582.65,905.51,0
2025-06-30,ST27,SKU001118,14,10848.74,774.91,1
2025-06-30,ST28,SKU002428,3,1491.27,497.09,0
2025-06-30,ST28,SKU002465,13,12209.21,939.17,1
2025-06-30,ST29,SKU003894,13,24150.23,1857.71,1
2025-06-30,ST30,SKU001108,13,27449.24,2111.48,0
2025-07-01,ST01,SKU002375,27,53867.97,1995.11,0
2025-07-01,ST02,SKU000727,38,94317.52,2482.04,1
2025-07-01,ST07,SKU001079,14,24729.74,1766.41,0
2025-07-01,ST07,SKU002957,19,29292.49,1541.71,0
2025-07-01,ST08,SKU003056,13,28212.08,2170.16,0
2025-07-01,ST08,SKU003253,11,8751.16,795.56,0
2025-07-01,ST10,SKU001566,18,40665.96,2259.22,0
2025-07-01,ST10,SKU004206,6,4806.66,801.11,0
2025-07-01,ST11,SKU000520,3,3278.88,1092.96,0
2025-07-01,ST11,SKU004170,13,9124.7,701.9,0
2025-07-01,ST12,SKU000922,40,62848.0,1571.2,0
2025-07-01,ST12,SKU004571,8,12054.08,1506.76,0
2025-07-01,ST14,SKU002370,24,45234.96,1884.79,1
2025-07-01,ST14,SKU002902,18,34992.18,1944.01,0
2025-07-01,ST15,SKU003162,6,4468.56,744.76,0
2025-07-01,ST17,SKU001205,7,5879.3,839.9,0
2025-07-01,ST18,SKU002276,10,8765.2,876.52,1
2025-07-01,ST18,SKU003293,18,42193.26,2344.07,0
2025-07-01,ST18,SKU003902,14,14359.8,1025.7,0
2025-07-01,ST18,SKU004608,0,0.0,423.03,0
2025-07-01,ST20,SKU000534,9,11901.15,1322.35,0
2025-07-01,ST21,SKU000243,17,40959.8,2409.4,0
2025-07-01,ST21,SKU002902,6,11664.06,1944.01,0
2025-07-01,ST22,SKU001162,15,3896.55,259.77,0
2025-07-01,ST22,SKU001247,8,16366.88,2045.86,0
2025-07-01,ST23,SKU000525,8,16040.64,2005.08,0
2025-07-01,ST23,SKU001530,4,8125.32,2031.33,0
2025-07-01,ST24,SKU001229,16,34252.96,2140.81,0
2025-07-01,ST26,SKU000055,4,8222.0,2055.5,0
2025-07-01,ST29,SKU000731,32,56007.68,1750.24,0
2025-07-01,ST30,SKU001616,5,7876.35,1575.27,0
2025-07-01,ST30,SKU002651,5,10631.9,2126.38,0
2025-07-02,ST01,SKU001096,6,6239.76,1039.96,1
2025-07-02,ST01,SKU001443,3,4878.96,1626.32,0
2025-07-02,ST01,SKU004395,5,1340.3,268.06,0
2025-07-02,ST09,SKU002169,12,21708.48,1809.04,0
2025-07-02,ST09,SKU004060,17,20384.87,1199.11,1
2025-07-02,ST10,SKU002581,15,13070.85,871.39,0
2025-07-02,ST11,SKU003145,10,21269.1,2126.91,0
2025-07-02,ST18,SKU003708,21,26449.08,1259.48,0
2025-07-02,ST19,SKU000489,0,0.0,195.6,0
2025-07-02,ST19,SKU001081,12,25924.8,2160.4,0
2025-07-02,ST20,SKU002704,1,1383.79,1383.79,0
2025-07-02,ST20,SKU003759,18,1670.94,92.83,1
2025-07-02,ST21,SKU000922,9,14140.8,1571.2,0
2025-07-02,ST21,SKU001628,14,1218.56,87.04,0
2025-07-02,ST24,SKU004307,19,32649.03,1718.37,0
2025-07-02,ST25,SKU004082,8,16877.2,2109.65,1
2025-07-02,ST27,SKU003114,17,12411.53,730.09,0
2025-07-02,ST28,SKU000348,15,6695.55,446.37,0
2025-07-02,ST28,SKU001133,4,7163.52,1790.88,1
2025-07-02,ST30,SKU001015,10,17411.5,1741.15,0
2025-07-02,ST30,SKU002869,12,27228.12,2269.01,0
2025-07-03,ST01,SKU002097,13,31484.83,2421.91,1
2025-07-03,ST01,SKU003940,5,4122.05,824.41,0
2025-07-03,ST03,SKU003617,6,12234.6,2039.1,0
2025-07-03,ST03,SKU004443,18,25488.9,1416.05,0
2025-07-03,ST04,SKU003907,23,30850.36,1341.32,0
2025-07-03,ST06,SKU004566,17,40695.96,2393.88,1
2025-07-03,ST07,SKU000188,19,4208.88,221.52,1
2025-07-03,ST07,SKU000282,11,6272.2,570.2,0
2025-07-03,ST07,SKU004541,36,51448.68,1429.13,1
2025-07-03,ST08,SKU003218,12,20352.24,1696.02,0
2025-07-03,ST08,SKU004345,17,3103.35,182.55,0
2025-07-03,ST09,SKU001250,6,7066.86,1177.81,1
2025-07-03,ST11,SKU000223,52,42738.28,821.89,1
2025-07-03,ST11,SKU003909,12,10709.76,892.48,0
2025-07-03,ST13,SKU001273,17,6080.39,357.67,0
2025-07-03,ST13,SKU002078,1,2006.12,2006.12,0
2025-07-03,ST14,SKU001714,19,25632.9,1349.1,0
2025-07-03,ST14,SKU002011,17,26822.43,1577.79,0
2025-07-03,ST14,SKU003581,12,29875.68,2489.64,0
2025-07-03,ST16,SKU004439,11,4704.04,427.64,0
2025-07-03,ST18,SKU000032,7,14859.88,2122.84,0
2025-07-03,ST18,SKU001429,6,3641.46,606.91,0
2025-07-03,ST18,SKU004682,17,18065.22,1062.66,1
2025-07-03,ST20,SKU000409,16,28923.84,1807.74,1
2025-07-03,ST20,SKU002531,15,9608.4,640.56,0
2025-07-03,ST23,SKU004227,6,1833.6,305.6,0
2025-07-03,ST24,SKU001638,1,1105.88,1105.88,1
2025-07-03,ST24,SKU003875,30,6696.3,223.21,1
2025-07-03,ST25,SKU002272,15,5343.0,356.2,0
2025-07-03,ST27,SKU002104,23,50381.04,2190.48,0
2025-07-03,ST29,SKU000818,9,17463.24,1940.36,0
2025-07-03,ST29,SKU002489,4,7303.88,1825.97,0
2025-07-03,ST29,SKU003726,31,38816.03,1252.13,1
2025-07-03,ST30,SKU000385,4,2308.36,577.09,1
2025-07-04,ST01,SKU002960,0,0.0,1017.1,1
2025-07-04,ST01,SKU003335,10,17501.2,1750.12,0
2025-07-04,ST01,SKU004001,10,7391.5,739.15,0
2025-07-04,ST02,SKU000146,16,13010.4,813.15,1
2025-07-04,ST02,SKU003490,30,2349.3,78.31,0
2025-07-04,ST02,SKU004801,15,25842.9,1722.86,0
2025-07-04,ST03,SKU004472,17,10421.68,613.04,0
2025-07-04,ST04,SKU000420,6,8279.7,1379.95,1
2025-07-04,ST05,SKU000405,2,934.14,467.07,0
2025-07-04,ST08,SKU001156,15,34123.5,2274.9,0
2025-07-04,ST08,SKU003882,4,3627.88,906.97,0
2025-07-04,ST11,SKU000214,19,21235.54,1117.66,0
2025-07-04,ST13,SKU001722,8,16252.64,2031.58,1
2025-07-04,ST15,SKU002411,10,6489.9,648.99,0
2025-07-04,ST19,SKU002339,10,9691.8,969.18,0
2025-07-04,ST19,SKU002461,2,1233.74,616.87,0
2025-07-04,ST19,SKU004918,14,3227.56,230.54,0
2025-07-04,ST20,SKU000237,12,8959.32,746.61,0
2025-07-04,ST20,SKU000558,20,3976.0,198.8,0
2025-07-04,ST22,SKU001254,3,4704.93,1568.31,0
2025-07-04,ST23,SKU001100,5,4016.55,803.31,0
2025-07-04,ST23,SKU001479,18,37234.08,2068.56,0
2025-07-04,ST24,SKU000595,29,26272.55,905.95,0
2025-07-04,ST24,SKU003464,1,706.25,706.25,0
2025-07-04,ST24,SKU003957,0,0.0,889.28,0
2025-07-04,ST25,SKU003090,16,14287.68,892.98,0
2025-07-04,ST25,SKU003982,11,22574.86,2052.26,0
2025-07-04,ST28,SKU004794,5,8840.7,1768.14,0
2025-07-04,ST29,SKU000287,5,5214.45,1042.89,0
2025-07-05,ST01,SKU001636,25,10240.0,409.6,0
2025-07-05,ST02,SKU000462,23,47302.95,2056.65,0
2025-07-05,ST03,SKU003555,10,6071.5,607.15,0
2025-07-05,ST03,SKU003654,31,64073.59,2066.89,0
2025-07-05,ST04,SKU003047,5,6509.25,1301.85,0
2025-07-05,ST05,SKU001406,4,7682.4,1920.6,0
2025-07-05,ST05,SKU002081,29,67980.35,2344.15,0
2025-07-05,ST05,SKU003278,9,2681.55,297.95,0
2025-07-05,ST06,SKU000949,23,11170.41,485.67,0
2025-07-05,ST06,SKU003048,20,46520.6,2326.03,0
2025-07-05,ST09,SKU000530,23,6538.21,284.27,0
2025-07-05,ST09,SKU001565,13,17030.26,1310.02,0
2025-07-05,ST10,SKU004650,16,23308.64,1456.79,0
2025-07-05,ST12,SKU002951,12,13451.28,1120.94,1
2025-07-05,ST13,SKU000876,10,16225.2,1622.52,0
2025-07-05,ST13,SKU002624,16,16975.2,1060.95,0
2025-07-05,ST15,SKU002305,7,16806.37,2400.91,0
2025-07-05,ST16,SKU002167,16,6668.64,416.79,0
2025-07-05,ST17,SKU001375,12,9452.28,787.69,0
2025-07-05,ST17,SKU002120,10,14929.6,1492.96,1
2025-07-05,ST18,SKU003178,4,4163.0,1040.75,0
2025-07-05,ST18,SKU004481,8,17251.36,2156.42,0
2025-07-05,ST19,SKU002162,12,21701.64,1808.47,0
2025-07-05,ST20,SKU003514,0,0.0,1797.1,0
2025-07-05,ST21,SKU000211,3,5112.45,1704.15,0
2025-07-05,ST21,SKU002698,8,15582.8,1947.85,1
2025-07-05,ST23,SKU002734,9,3149.1,349.9,0
2025-07-05,ST28,SKU000166,22,6941.44,315.52,0
2025-07-05,ST28,SKU004959,33,16013.25,485.25,0
2025-07-05,ST29,SKU001252,19,9206.83,484.57,0
2025-07-05,ST29,SKU001288,6,5301.6,883.6,0
2025-07-05,ST30,SKU000980,29,51775.15,1785.35,1
2025-07-05,ST30,SKU002190,7,4885.58,697.94,0
2025-07-05,ST30,SKU002532,17,6941.44,408.32,1
2025-07-05,ST30,SKU004969,11,23147.74,2104.34,0
2025-07-06,ST01,SKU000570,23,16672.24,724.88,0
2025-07-06,ST01,SKU000691,14,27717.2,1979.8,0
2025-07-06,ST02,SKU001245,17,3843.19,226.07,0
2025-07-06,ST02,SKU001570,5,8874.15,1774.83,0
2025-07-06,ST03,SKU003737,6,1197.9,199.65,1
2025-07-06,ST03,SKU004358,4,8514.64,2128.66,0
2025-07-06,ST04,SKU000948,2,2891.58,1445.79,0
2025-07-06,ST04,SKU004239,29,61145.63,2108.47,0
2025-07-06,ST05,SKU004918,18,4149.72,230.54,1
2025-07-06,ST06,SKU000706,8,6438.64,804.83,0
2025-07-06,ST06,SKU003102,7,3919.51,559.93,0
2025-07-06,ST06,SKU003769,7,7766.71,1109.53,0
2025-07-06,ST07,SKU001076,7,2098.67,299.81,1
2025-07-06,ST09,SKU000333,6,525.9,87.65,0
2025-07-06,ST10,SKU003929,14,20660.5,1475.75,1
2025-07-06,ST11,SKU000890,15,13299.3,886.62,0
2025-07-06,ST11,SKU001657,23,25771.5,1120.5,0
2025-07-06,ST14,SKU002241,10,16557.8,1655.78,0
2025-07-06,ST16,SKU002547,0,0.0,442.95,0
2025-07-06,ST17,SKU001175,0,0.0,1722.62,0
2025-07-06,ST17,SKU001384,14,7614.32,543.88,0
2025-07-06,ST17,SKU004092,50,24850.5,497.01,1
2025-07-06,ST18,SKU000129,24,4642.56,193.44,1
2025-07-06,ST19,SKU003709,13,14984.58,1152.66,1
2025-07-06,ST20,SKU004950,8,9898.64,1237.33,0
2025-07-06,ST21,SKU000625,28,44265.2,1580.9,1
2025-07-06,ST21,SKU004419,0,0.0,2040.32,0
2025-07-06,ST21,SKU004648,27,28660.23,1061.49,0
2025-07-06,ST23,SKU001334,7,2265.76,323.68,1
2025-07-06,ST24,SKU003174,14,2026.78,144.77,0
2025-07-06,ST24,SKU003296,24,48955.44,2039.81,1
2025-07-06,ST25,SKU001534,20,21071.0,1053.55,0
2025-07-06,ST26,SKU003225,28,26135.76,933.42,0
2025-07-06,ST27,SKU003748,13,11383.06,875.62,0
2025-07-06,ST27,SKU003802,15,16230.3,1082.02,0
2025-07-06,ST27,SKU004444,5,3475.65,695.13,0
2025-07-06,ST30,SKU001567,10,1829.0,182.9,0
2025-07-07,ST01,SKU000691,11,21777.8,1979.8,0
2025-07-07,ST01,SKU004477,17,20616.75,1212.75,0
2025-07-07,ST02,SKU000245,19,14650.14,771.06,0
2025-07-07,ST03,SKU002011,14,22089.06,1577.79,1
2025-07-07,ST04,SKU000877,19,37364.45,1966.55,0
2025-07-07,ST05,SKU003125,9,6171.3,685.7,0
2025-07-07,ST06,SKU002662,0,0.0,570.66,0
2025-07-07,ST07,SKU000261,16,11026.4,689.15,0
2025-07-07,ST07,SKU001483,0,0.0,2370.1,0
2025-07-07,ST07,SKU001900,4,5408.88,1352.22,1
2025-07-07,ST07,SKU003107,18,37665.0,2092.5,0
2025-07-07,ST09,SKU003545,0,0.0,2035.13,0
2025-07-07,ST09,SKU003731,23,53128.16,2309.92,1
2025-07-07,ST10,SKU001479,32,66193.92,2068.56,0
2025-07-07,ST10,SKU001578,4,7839.6,1959.9,0
2025-07-07,ST10,SKU002007,6,4673.28,778.88,0
2025-07-07,ST11,SKU000864,18,22025.88,1223.66,0
2025-07-07,ST12,SKU002127,23,5942.74,258.38,0
2025-07-07,ST13,SKU000436,0,0.0,2386.6,0
2025-07-07,ST14,SKU003908,14,3462.2,247.3,0
2025-07-07,ST15,SKU000442,8,18167.68,2270.96,0
2025-07-07,ST15,SKU000482,10,2965.1,296.51,0
2025-07-07,ST16,SKU000943,24,13496.64,562.36,0
2025-07-07,ST17,SKU000076,20,31679.4,1583.97,1
2025-07-07,ST17,SKU001566,1,2259.22,2259.22,0
2025-07-07,ST19,SKU002252,15,26284.65,1752.31,0
2025-07-07,ST19,SKU002454,5,9258.0,1851.6,0
2025-07-07,ST20,SKU004728,12,18727.92,1560.66,0
2025-07-07,ST21,SKU001832,12,26067.0,2172.25,1
2025-07-07,ST22,SKU000515,6,8663.76,1443.96,1
2025-07-07,ST23,SKU002267,15,28038.6,1869.24,0
2025-07-07,ST23,SKU002801,10,18585.4,1858.54,0
2025-07-07,ST25,SKU000020,13,24742.12,1903.24,0
2025-07-07,ST25,SKU004727,6,11117.82,1852.97,0
2025-07-07,ST26,SKU004477,25,30318.75,1212.75,0
2025-07-07,ST27,SKU002483,15,1695.9,113.06,0
2025-07-07,ST28,SKU002087,7,12044.69,1720.67,0
2025-07-07,ST28,SKU004406,2,3169.86,1584.93,0
2025-07-07,ST30,SKU001976,5,11347.1,2269.42,0
2025-07-08,ST02,SKU000122,8,10027.76,1253.47,0
2025-07-08,ST02,SKU004595,20,13193.2,659.66,0
2025-07-08,ST03,SKU000504,10,23238.7,2323.87,0
2025-07-08,ST03,SKU001878,5,2891.3,578.26,0
2025-07-08,ST03,SKU004201,16,25477.28,1592.33,0
2025-07-08,ST04,SKU001337,21,6221.25,296.25,1
2025-07-08,ST04,SKU003138,5,8020.9,1604.18,0
2025-07-08,ST05,SKU001254,24,37639.44,1568.31,0
2025-07-08,ST07,SKU004892,7,12544.91,1792.13,0
2025-07-08,ST08,SKU001723,15,16617.15,1107.81,0
2025-07-08,ST09,SKU002093,12,22464.24,1872.02,1
2025-07-08,ST15,SKU000493,13,22078.16,1698.32,0
2025-07-08,ST16,SKU000737,14,17643.22,1260.23,0
2025-07-08,ST16,SKU003802,5,5410.1,1082.02,0
2025-07-08,ST16,SKU003884,5,7346.25,1469.25,0
2025-07-08,ST17,SKU001708,13,5881.07,452.39,0
2025-07-08,ST17,SKU003721,13,27417.78,2109.06,0
2025-07-08,ST18,SKU000033,13,927.81,71.37,0
2025-07-08,ST19,SKU000542,0,0.0,2016.31,0
2025-07-08,ST20,SKU001626,11,3550.36,322.76,1
2025-07-08,ST20,SKU001795,11,12302.29,1118.39,0
2025-07-08,ST20,SKU003790,5,7943.75,1588.75,0
2025-07-08,ST21,SKU002299,13,13176.67,1013.59,0
2025-07-08,ST22,SKU003559,35,64561.7,1844.62,1
2025-07-08,ST25,SKU001512,10,3458.2,345.82,0
2025-07-08,ST25,SKU003011,3,587.85,195.95,0
2025-07-08,ST26,SKU001219,7,9246.86,1320.98,0
2025-07-08,ST27,SKU000694,9,21974.67,2441.63,0
2025-07-08,ST27,SKU003600,9,4163.22,462.58,0
2025-07-08,ST28,SKU000253,14,3132.08,223.72,0
2025-07-08,ST28,SKU004897,40,30423.2,760.58,0
2025-07-08,ST29,SKU003260,20,30690.2,1534.51,0
2025-07-09,ST02,SKU000212,3,2167.05,722.35,1
2025-07-09,ST03,SKU004773,21,9357.39,445.59,0
2025-07-09,ST06,SKU002797,5,9580.3,1916.06,0
2025-07-09,ST07,SKU002490,8,15666.88,1958.36,0
2025-07-09,ST07,SKU002759,13,16837.86,1295.22,0
2025-07-09,ST08,SKU001772,10,12552.2,1255.22,0
2025-07-09,ST09,SKU001342,9,14156.46,1572.94,0
2025-07-09,ST10,SKU001212,5,8910.05,1782.01,1
2025-07-09,ST10,SKU003046,11,17390.67,1580.97,0
2025-07-09,ST13,SKU002048,26,33788.3,1299.55,0
2025-07-09,ST13,SKU004787,6,7343.58,1223.93,0
2025-07-09,ST15,SKU000575,24,3962.16,165.09,0
2025-07-09,ST15,SKU003701,5,3545.4,709.08,0
2025-07-09,ST17,SKU001139,7,6622.98,946.14,0
2025-07-09,ST17,SKU002646,17,18864.39,1109.67,1
2025-07-09,ST18,SKU001585,4,9991.12,2497.78,1
2025-07-09,ST19,SKU003930,3,4558.8,1519.6,0
2025-07-09,ST21,SKU002805,11,22913.11,2083.01,0
2025-07-09,ST21,SKU004891,8,9653.12,1206.64,0
2025-07-09,ST21,SKU004952,14,25471.32,1819.38,0
2025-07-09,ST22,SKU004565,33,15557.85,471.45,1
2025-07-09,ST22,SKU004827,20,43512.4,2175.62,1
2025-07-09,ST27,SKU000113,40,53972.4,1349.31,0
2025-07-09,ST29,SKU000007,21,23770.32,1131.92,0
2025-07-09,ST30,SKU002523,6,6228.9,1038.15,0
2025-07-10,ST01,SKU000605,10,13247.3,1324.73,0
2025-07-10,ST01,SKU001019,6,11171.82,1861.97,0
2025-07-10,ST01,SKU003857,7,14134.47,2019.21,1
2025-07-10,ST01,SKU004198,5,9411.5,1882.3,1
2025-07-10,ST03,SKU002162,32,57871.04,1808.47,0
2025-07-10,ST03,SKU002292,5,376.65,75.33,0
2025-07-10,ST05,SKU003111,12,10866.12,905.51,0
2025-07-10,ST05,SKU003731,8,18479.36,2309.92,0
2025-07-10,ST06,SKU000763,7,5326.79,760.97,0
2025-07-10,ST07,SKU000892,38,74091.64,1949.78,0
2025-07-10,ST07,SKU002566,3,1132.83,377.61,0
2025-07-10,ST10,SKU001116,17,39566.48,2327.44,0
2025-07-10,ST10,SKU001726,15,32955.9,2197.06,1
2025-07-10,ST10,SKU003526,1,1602.24,1602.24,1
2025-07-10,ST13,SKU002850,3,1833.57,611.19,0
2025-07-10,ST14,SKU000878,8,1026.88,128.36,0
2025-07-10,ST18,SKU002032,3,2723.1,907.7,0
2025-07-10,ST19,SKU001123,3,5978.61,1992.87,0
2025-07-10,ST19,SKU004355,16,2448.8,153.05,0
2025-07-10,ST20,SKU000780,20,25249.6,1262.48,1
2025-07-10,ST20,SKU004231,10,22209.1,2220.91,0
2025-07-10,ST21,SKU004399,9,20954.25,2328.25,0
2025-07-10,ST23,SKU001027,29,36765.91,1267.79,1
2025-07-10,ST23,SKU001328,10,6838.4,683.84,0
2025-07-10,ST23,SKU004188,5,11733.5,2346.7,0
2025-07-10,ST23,SKU004670,10,22584.8,2258.48,0
2025-07-10,ST24,SKU002089,32,73715.52,2303.61,0
2025-07-10,ST24,SKU003972,25,38405.0,1536.2,1
2025-07-10,ST27,SKU002793,11,14357.09,1305.19,0
2025-07-10,ST28,SKU003206,18,3615.84,200.88,0
2025-07-11,ST04,SKU001906,8,9252.8,1156.6,0
2025-07-11,ST04,SKU001977,26,61801.22,2376.97,0
2025-07-11,ST04,SKU002795,14,13259.96,947.14,0
2025-07-11,ST04,SKU003333,16,19422.08,1213.88,1
2025-07-11,ST06,SKU001508,2,1465.88,732.94,0
2025-07-11,ST07,SKU000650,10,21441.7,2144.17,1
2025-07-11,ST08,SKU001887,11,21741.28,1976.48,0
2025-07-11,ST09,SKU002612,14,12681.76,905.84,0
2025-07-11,ST10,SKU003150,5,885.8,177.16,0
2025-07-11,ST12,SKU001970,0,0.0,2235.96,0
2025-07-11,ST13,SKU000464,4,8833.56,2208.39,1
2025-07-11,ST14,SKU000997,4,4585.16,1146.29,1
2025-07-11,ST15,SKU000477,18,14178.6,787.7,0
2025-07-11,ST16,SKU002374,25,57955.75,2318.23,0
2025-07-11,ST17,SKU000532,11,21449.23,1949.93,0
2025-07-11,ST17,SKU002896,16,30962.56,1935.16,0
2025-07-11,ST18,SKU004861,15,36451.35,2430.09,0
2025-07-11,ST20,SKU001489,18,2924.46,162.47,0
2025-07-11,ST21,SKU004853,14,7558.6,539.9,0
2025-07-11,ST26,SKU001561,9,11669.85,1296.65,0
2025-07-11,ST27,SKU004287,7,2692.41,384.63,0
2025-07-11,ST28,SKU001392,1,226.45,226.45,0
2025-07-11,ST28,SKU002840,19,37514.17,1974.43,0
2025-07-11,ST28,SKU004814,16,12017.12,751.07,0
2025-07-11,ST30,SKU001132,10,10525.3,1052.53,0
2025-07-12,ST01,SKU000402,4,5661.92,1415.48,0
2025-07-12,ST01,SKU004140,21,14605.92,695.52,0
2025-07-12,ST01,SKU004723,4,5809.2,1452.3,0
2025-07-12,ST03,SKU003391,15,34547.25,2303.15,1
2025-07-12,ST04,SKU002395,6,12725.94,2120.99,0
2025-07-12,ST06,SKU004155,15,29879.1,1991.94,0
2025-07-12,ST07,SKU000607,11,15758.49,1432.59,0
2025-07-12,ST07,SKU004291,9,1460.52,162.28,0
2025-07-12,ST08,SKU002638,5,9421.3,1884.26,0
2025-07-12,ST08,SKU004443,3,4248.15,1416.05,0
2025-07-12,ST09,SKU000684,3,7108.86,2369.62,0
2025-07-12,ST09,SKU004181,8,10031.52,1253.94,0
2025-07-12,ST10,SKU000355,11,8848.95,804.45,0
2025-07-12,ST11,SKU001940,5,2980.9,596.18,0
2025-07-12,ST14,SKU003244,8,14202.48,1775.31,0
2025-07-12,ST15,SKU004037,10,19383.5,1938.35,0
2025-07-12,ST15,SKU004762,16,17447.84,1090.49,0
2025-07-12,ST16,SKU001982,3,4427.46,1475.82,1
2025-07-12,ST18,SKU004458,31,8759.05,282.55,0
2025-07-12,ST18,SKU004490,11,8622.13,783.83,0
2025-07-12,ST18,SKU004737,16,11811.84,738.24,0
2025-07-12,ST22,SKU002830,4,5290.12,1322.53,0
2025-07-12,ST22,SKU003549,23,20078.77,872.99,0
2025-07-12,ST25,SKU000273,30,66326.4,2210.88,1
2025-07-12,ST25,SKU002371,9,11400.93,1266.77,0
2025-07-12,ST26,SKU000299,1,542.08,542.08,0
2025-07-12,ST26,SKU001424,8,6791.84,848.98,0
2025-07-12,ST26,SKU003287,8,17351.76,2168.97,0
2025-07-12,ST26,SKU004158,10,13531.9,1353.19,0
2025-07-12,ST27,SKU002777,30,24995.1,833.17,0
2025-07-12,ST28,SKU001301,0,0.0,1063.44,0
2025-07-12,ST28,SKU001424,16,13583.68,848.98,1
2025-07-12,ST29,SKU004175,64,25954.56,405.54,1
2025-07-12,ST30,SKU004871,33,21063.9,638.3,0
2025-07-13,ST01,SKU001352,9,16138.62,1793.18,0
2025-07-13,ST01,SKU004636,5,4797.0,959.4,0
2025-07-13,ST02,SKU001168,5,9951.2,1990.24,0
2025-07-13,ST02,SKU002250,7,17404.45,2486.35,0
2025-07-13,ST02,SKU004678,4,1788.6,447.15,0
2025-07-13,ST06,SKU000722,16,37915.36,2369.71,0
2025-07-13,ST06,SKU002342,6,317.52,52.92,0
2025-07-13,ST07,SKU002998,24,9239.04,384.96,0
2025-07-13,ST12,SKU002882,6,5888.22,981.37,0
2025-07-13,ST12,SKU004747,14,26584.6,1898.9,0
2025-07-13,ST14,SKU002072,17,17859.52,1050.56,0
2025-07-13,ST14,SKU004941,9,7882.56,875.84,0
2025-07-13,ST18,SKU004746,7,5086.69,726.67,0
2025-07-13,ST19,SKU000764,13,836.29,64.33,0
2025-07-13,ST19,SKU000978,19,2507.05,131.95,1
2025-07-13,ST21,SKU003310,12,18206.16,1517.18,0
2025-07-13,ST22,SKU000191,43,34046.97,791.79,0
2025-07-13,ST23,SKU002388,17,23566.08,1386.24,0
2025-07-13,ST24,SKU001566,14,31629.08,2259.22,0
2025-07-13,ST25,SKU003171,24,54949.68,2289.57,1
2025-07-13,ST27,SKU000333,23,2015.95,87.65,0
2025-07-13,ST27,SKU002962,11,12166.88,1106.08,0
2025-07-13,ST27,SKU004774,4,3164.92,791.23,0
2025-07-13,ST28,SKU002154,33,46019.82,1394.54,1
2025-07-13,ST28,SKU004005,10,14854.7,1485.47,0
2025-07-13,ST30,SKU000042,19,28064.14,1477.06,0
2025-07-13,ST30,SKU001370,16,35738.24,2233.64,0
2025-07-13,ST30,SKU002315,9,5135.94,570.66,0
2025-07-14,ST01,SKU001503,0,0.0,1995.11,0
2025-07-14,ST01,SKU002661,11,20452.52,1859.32,0
2025-07-14,ST01,SKU004291,20,3245.6,162.28,0
2025-07-14,ST05,SKU001940,26,15500.68,596.18,1
2025-07-14,ST05,SKU002279,21,48979.35,2332.35,0
2025-07-14,ST06,SKU000661,23,37320.72,1622.64,1
2025-07-14,ST07,SKU003584,8,1616.48,202.06,0
2025-07-14,ST08,SKU000757,20,14321.8,716.09,1
2025-07-14,ST09,SKU000815,9,9685.26,1076.14,0
2025-07-14,ST09,SKU001608,6,5703.54,950.59,0
2025-07-14,ST09,SKU003109,11,25960.11,2360.01,1
2025-07-14,ST11,SKU001758,23,51545.99,2241.13,0
2025-07-14,ST12,SKU000008,8,3400.16,425.02,0
2025-07-14,ST12,SKU002357,14,30872.66,2205.19,0
2025-07-14,ST12,SKU002763,24,20589.12,857.88,1
2025-07-14,ST13,SKU004837,15,12650.55,843.37,0
2025-07-14,ST14,SKU002134,2,3326.86,1663.43,1
2025-07-14,ST14,SKU002469,31,23991.83,773.93,1
2025-07-14,ST15,SKU001002,5,1496.45,299.29,0
2025-07-14,ST15,SKU003409,9,14224.23,1580.47,0
2025-07-14,ST16,SKU002537,13,24991.07,1922.39,0
2025-07-14,ST17,SKU002621,23,39330.23,1710.01,0
2025-07-14,ST21,SKU002670,19,19287.85,1015.15,1
2025-07-14,ST21,SKU003986,17,21939.69,1290.57,0
2025-07-14,ST23,SKU004931,5,1891.1,378.22,0
2025-07-14,ST25,SKU000083,3,6240.84,2080.28,0
2025-07-14,ST25,SKU002716,11,6568.1,597.1,0
2025-07-14,ST26,SKU001742,26,6095.96,234.46,1
2025-07-14,ST27,SKU002916,9,13539.69,1504.41,0
2025-07-14,ST29,SKU001547,2,2443.36,1221.68,0
2025-07-15,ST01,SKU004328,25,45845.75,1833.83,1
2025-07-15,ST05,SKU003055,16,17978.08,1123.63,0
2025-07-15,ST05,SKU004634,28,49920.92,1782.89,0
2025-07-15,ST07,SKU000291,39,50863.02,1304.18,0
2025-07-15,ST07,SKU004245,12,16175.64,1347.97,1
2025-07-15,ST07,SKU004684,7,8502.69,1214.67,0
2025-07-15,ST08,SKU001442,2,1051.52,525.76,0
2025-07-15,ST11,SKU001250,17,20022.77,1177.81,1
2025-07-15,ST11,SKU004159,7,13773.2,1967.6,0
2025-07-15,ST14,SKU000674,9,18314.82,2034.98,0
2025-07-15,ST14,SKU001156,23,52322.7,2274.9,0
2025-07-15,ST17,SKU000366,13,10116.86,778.22,0
2025-07-15,ST17,SKU002865,21,11059.23,526.63,0
2025-07-15,ST17,SKU002900,3,7267.53,2422.51,0
2025-07-15,ST18,SKU002436,9,3665.61,407.29,0
2025-07-15,ST18,SKU004038,7,9980.95,1425.85,1
2025-07-15,ST19,SKU001029,10,20858.4,2085.84,0
2025-07-15,ST19,SKU002641,25,55624.5,2224.98,0
2025-07-15,ST22,SKU000700,16,12678.72,792.42,1
2025-07-15,ST22,SKU003100,30,13058.1,435.27,0
2025-07-15,ST22,SKU004677,16,12022.08,751.38,0
2025-07-15,ST23,SKU002281,11,702.02,63.82,1
2025-07-15,ST24,SKU001658,0,0.0,264.55,0
2025-07-15,ST24,SKU003555,11,6678.65,607.15,0
2025-07-15,ST26,SKU000823,13,20256.34,1558.18,0
2025-07-15,ST29,SKU004677,3,2254.14,751.38,0
2025-07-15,ST30,SKU004802,15,3286.8,219.12,0
2025-07-15,ST30,SKU004836,13,16665.48,1281.96,0
2025-07-16,ST02,SKU004699,6,10424.34,1737.39,0
2025-07-16,ST03,SKU002015,18,22286.34,1238.13,0
2025-07-16,ST04,SKU004309,8,16493.04,2061.63,0
2025-07-16,ST05,SKU001557,8,681.52,85.19,0
2025-07-16,ST07,SKU003469,2,3842.24,1921.12,0
2025-07-16,ST08,SKU001510,9,7507.08,834.12,0
2025-07-16,ST08,SKU002194,18,26015.76,1445.32,0
2025-07-16,ST08,SKU002262,17,31645.84,1861.52,0
2025-07-16,ST09,SKU000621,14,26122.46,1865.89,1
2025-07-16,ST11,SKU001750,3,2667.6,889.2,0
2025-07-16,ST11,SKU003173,23,2894.78,125.86,1
2025-07-16,ST11,SKU003867,14,4586.68,327.62,0
2025-07-16,ST11,SKU003947,23,45527.35,1979.45,0
2025-07-16,ST12,SKU000187,10,4817.9,481.79,0
2025-07-16,ST12,SKU001621,22,36868.92,1675.86,0
2025-07-16,ST13,SKU003188,7,16336.74,2333.82,0
2025-07-16,ST16,SKU000248,11,20874.81,1897.71,0
2025-07-16,ST16,SKU001242,5,3494.3,698.86,0
2025-07-16,ST16,SKU002332,1,115.86,115.86,0
2025-07-16,ST16,SKU004354,20,12259.8,612.99,1
2025-07-16,ST19,SKU000635,37,24041.86,649.78,1
2025-07-16,ST19,SKU001874,8,13532.88,1691.61,0
2025-07-16,ST20,SKU002835,7,8186.43,1169.49,0
2025-07-16,ST21,SKU003319,8,12156.16,1519.52,0
2025-07-16,ST22,SKU002530,8,4042.88,505.36,0
2025-07-16,ST28,SKU002279,9,20991.15,2332.35,0
2025-07-16,ST28,SKU004278,11,12890.68,1171.88,0
2025-07-16,ST29,SKU002668,7,10443.16,1491.88,0
2025-07-16,ST30,SKU003196,8,16831.92,2103.99,1
2025-07-16,ST30,SKU003210,14,7727.44,551.96,0
2025-07-16,ST30,SKU003915,9,15456.96,1717.44,0
2025-07-17,ST01,SKU003689,18,15309.54,850.53,0
2025-07-17,ST03,SKU002412,10,16620.4,1662.04,0
2025-07-17,ST03,SKU003088,16,30369.92,1898.12,1
2025-07-17,ST05,SKU002340,25,15279.25,611.17,0
2025-07-17,ST05,SKU003475,10,14414.1,1441.41,0
2025-07-17,ST06,SKU001716,1,1591.13,1591.13,0
2025-07-17,ST08,SKU000873,15,24790.2,1652.68,0
2025-07-17,ST10,SKU002102,21,4688.46,223.26,0
2025-07-17,ST10,SKU002592,8,18249.28,2281.16,0
2025-07-17,ST12,SKU004034,3,2004.15,668.05,0
2025-07-17,ST13,SKU000634,18,32669.82,1814.99,0
2025-07-17,ST13,SKU003215,6,2710.98,451.83,0
2025-07-17,ST14,SKU000927,6,2746.14,457.69,1
2025-07-17,ST14,SKU004158,2,2706.38,1353.19,0
2025-07-17,ST14,SKU004465,0,0.0,2418.15,0
2025-07-17,ST16,SKU004222,11,8779.98,798.18,0
2025-07-17,ST18,SKU001464,6,10504.74,1750.79,1
2025-07-17,ST19,SKU000864,18,22025.88,1223.66,0
2025-07-17,ST19,SKU003510,13,32081.14,2467.78,0
2025-07-17,ST20,SKU002286,4,3718.76,929.69,0
2025-07-17,ST21,SKU002143,4,9370.8,2342.7,0
2025-07-17,ST22,SKU001408,15,6403.35,426.89,0
2025-07-17,ST22,SKU002506,11,21727.53,1975.23,1
2025-07-17,ST22,SKU004754,9,3117.33,346.37,0
2025-07-17,ST26,SKU000853,6,13547.88,2257.98,0
2025-07-17,ST27,SKU001277,39,6771.57,173.63,1
2025-07-17,ST27,SKU001436,29,35867.78,1236.82,1
2025-07-17,ST27,SKU002346,24,9763.68,406.82,0
2025-07-17,ST28,SKU001898,38,14318.4,376.8,0
2025-07-17,ST29,SKU000879,8,8775.28,1096.91,0
2025-07-17,ST30,SKU001976,15,34041.3,2269.42,0
2025-07-17,ST30,SKU002419,17,27337.87,1608.11,0
2025-07-18,ST01,SKU002906,7,13276.06,1896.58,1
2025-07-18,ST02,SKU002437,7,15371.51,2195.93,0
2025-07-18,ST02,SKU003822,4,2103.04,525.76,0
2025-07-18,ST02,SKU004551,6,2788.08,464.68,0
2025-07-18,ST04,SKU000868,11,6807.9,618.9,0
2025-07-18,ST04,SKU001203,15,20310.75,1354.05,0
2025-07-18,ST04,SKU002002,24,31071.12,1294.63,0
2025-07-18,ST04,SKU004311,14,22256.64,1589.76,0
2025-07-18,ST06,SKU004246,5,9015.4,1803.08,0
2025-07-18,ST08,SKU002348,21,14964.18,712.58,0
2025-07-18,ST09,SKU000710,4,4423.16,1105.79,0
2025-07-18,ST09,SKU001650,11,22471.79,2042.89,0
2025-07-18,ST10,SKU004503,23,30747.55,1336.85,0
2025-07-18,ST10,SKU004630,4,4813.76,1203.44,0
2025-07-18,ST11,SKU004658,54,61010.82,1129.83,1
2025-07-18,ST12,SKU003674,16,25362.4,1585.15,1
2025-07-18,ST14,SKU003113,6,1131.78,188.63,0
2025-07-18,ST15,SKU001959,31,53483.99,1725.29,1
2025-07-18,ST15,SKU004565,37,17443.65,471.45,1
2025-07-18,ST16,SKU001338,11,14967.37,1360.67,0
2025-07-18,ST17,SKU004195,7,10783.57,1540.51,0
2025-07-18,ST18,SKU003730,25,55896.75,2235.87,1
2025-07-18,ST19,SKU000966,6,1077.48,179.58,0
2025-07-18,ST20,SKU000119,4,5774.44,1443.61,0
2025-07-18,ST20,SKU002609,8,10905.04,1363.13,0
2025-07-18,ST20,SKU004281,19,14429.55,759.45,1
2025-07-18,ST20,SKU004879,2,1587.28,793.64,0
2025-07-18,ST21,SKU003744,6,6312.36,1052.06,0
2025-07-18,ST22,SKU001563,13,22261.46,1712.42,0
2025-07-18,ST22,SKU003029,8,19470.8,2433.85,1
2025-07-18,ST23,SKU001098,12,21004.2,1750.35,0
2025-07-18,ST24,SKU004064,13,18134.61,1394.97,0
2025-07-18,ST25,SKU003162,49,36493.24,744.76,1
2025-07-18,ST25,SKU003656,14,12941.46,924.39,0
2025-07-18,ST26,SKU000252,16,7088.16,443.01,0
2025-07-18,ST26,SKU000587,14,28057.68,2004.12,0
2025-07-18,ST26,SKU002162,8,14467.76,1808.47,0
2025-07-18,ST26,SKU002422,11,24508.11,2228.01,0
2025-07-18,ST26,SKU004938,0,0.0,2491.66,0
2025-07-18,ST27,SKU002986,15,25953.9,1730.26,0
2025-07-18,ST28,SKU001011,11,6679.86,607.26,0
2025-07-18,ST28,SKU002271,4,6592.36,1648.09,1
2025-07-18,ST29,SKU000747,3,2762.97,920.99,0
2025-07-18,ST29,SKU002140,6,8087.76,1347.96,0
2025-07-18,ST30,SKU001614,34,54230.34,1595.01,1
2025-07-19,ST01,SKU001917,3,982.44,327.48,0
2025-07-19,ST01,SKU004592,6,8456.58,1409.43,0
2025-07-19,ST01,SKU004840,4,9777.12,2444.28,0
2025-07-19,ST04,SKU004179,9,12891.6,1432.4,0
2025-07-19,ST06,SKU000374,8,19084.72,2385.59,0
2025-07-19,ST06,SKU001946,16,9729.92,608.12,0
2025-07-19,ST06,SKU003112,11,6794.92,617.72,1
2025-07-19,ST06,SKU003601,29,48682.3,1678.7,1
2025-07-19,ST07,SKU001522,17,20930.4,1231.2,0
2025-07-19,ST07,SKU003250,14,19374.32,1383.88,0
2025-07-19,ST09,SKU000335,6,3312.24,552.04,0
2025-07-19,ST09,SKU000875,2,4956.04,2478.02,0
2025-07-19,ST09,SKU001588,13,28831.66,2217.82,0
2025-07-19,ST10,SKU000848,4,3624.44,906.11,0
2025-07-19,ST10,SKU001173,10,18698.7,1869.87,1
2025-07-19,ST10,SKU003455,16,12832.32,802.02,0
2025-07-19,ST12,SKU000689,18,7986.42,443.69,0
2025-07-19,ST12,SKU004959,0,0.0,485.25,0
2025-07-19,ST13,SKU001382,18,21173.4,1176.3,0
2025-07-19,ST14,SKU000490,10,22439.0,2243.9,0
2025-07-19,ST15,SKU002120,12,17915.52,1492.96,0
2025-07-19,ST15,SKU002995,19,28640.79,1507.41,0
2025-07-19,ST15,SKU004199,20,27021.6,1351.08,0
2025-07-19,ST17,SKU003793,42,104681.64,2492.42,0
2025-07-19,ST18,SKU000233,9,20570.76,2285.64,0
2025-07-19,ST22,SKU003072,19,22016.82,1158.78,0
2025-07-19,ST22,SKU004665,18,14262.12,792.34,0
2025-07-19,ST23,SKU004101,5,8262.4,1652.48,0
2025-07-19,ST25,SKU004652,2,2580.14,1290.07,0
2025-07-19,ST26,SKU000234,11,18751.81,1704.71,0
2025-07-19,ST27,SKU003830,9,18195.21,2021.69,0
2025-07-19,ST29,SKU003961,14,7127.4,509.1,1
2025-07-19,ST30,SKU000298,3,1053.0,351.0,0
2025-07-19,ST30,SKU002784,2,2017.58,1008.79,0
2025-07-19,ST30,SKU003055,0,0.0,1123.63,0
2025-07-19,ST30,SKU003397,1,1130.21,1130.21,0
2025-07-20,ST03,SKU003939,6,2063.94,343.99,0
2025-07-20,ST04,SKU002884,12,24217.2,2018.1,0
2025-07-20,ST05,SKU002049,9,6598.71,733.19,0
2025-07-20,ST07,SKU000760,10,9952.4,995.24,0
2025-07-20,ST08,SKU000711,11,19754.9,1795.9,1
2025-07-20,ST08,SKU000723,4,2489.2,622.3,0
2025-07-20,ST08,SKU003928,13,28462.98,2189.46,0
2025-07-20,ST11,SKU001708,4,1809.56,452.39,0
2025-07-20,ST11,SKU002678,18,41849.28,2324.96,0
2025-07-20,ST11,SKU004632,38,73143.16,1924.82,0
2025-07-20,ST13,SKU002146,14,8825.88,630.42,1
2025-07-20,ST13,SKU002563,15,14401.95,960.13,0
2025-07-20,ST14,SKU000474,29,24136.7,832.3,0
2025-07-20,ST14,SKU003723,16,28325.28,1770.33,0
2025-07-20,ST15,SKU004958,27,47273.49,1750.87,1
2025-07-20,ST16,SKU001085,18,1156.32,64.24,0
2025-07-20,ST16,SKU001296,7,4190.34,598.62,0
2025-07-20,ST16,SKU003491,11,25225.75,2293.25,0
2025-07-20,ST16,SKU003686,11,14092.65,1281.15,0
2025-07-20,ST17,SKU000126,6,2875.2,479.2,0
2025-07-20,ST17,SKU004681,13,7403.63,569.51,0
2025-07-20,ST17,SKU004755,30,20160.6,672.02,1
2025-07-20,ST18,SKU000280,21,49779.87,2370.47,1
2025-07-20,ST18,SKU002431,23,19792.88,860.56,1
2025-07-20,ST19,SKU000536,11,16419.7,1492.7,0
2025-07-20,ST20,SKU000959,11,15854.63,1441.33,0
2025-07-20,ST20,SKU004917,11,25843.62,2349.42,0
2025-07-20,ST22,SKU003351,4,4605.72,1151.43,0
2025-07-20,ST23,SKU001237,11,26219.6,2383.6,0
2025-07-20,ST23,SKU003778,11,16201.46,1472.86,0
2025-07-20,ST24,SKU001419,12,21778.68,1814.89,0
2025-07-20,ST27,SKU000103,18,29640.06,1646.67,0
2025-07-20,ST27,SKU000540,29,17618.08,607.52,0
2025-07-20,ST28,SKU002759,5,6476.1,1295.22,1
2025-07-20,ST28,SKU003911,5,9979.15,1995.83,0
2025-07-20,ST28,SKU004431,31,4332.87,139.77,1
2025-07-20,ST29,SKU000453,12,28472.16,2372.68,0
2025-07-20,ST30,SKU002259,0,0.0,830.33,0
2025-07-21,ST01,SKU001742,3,703.38,234.46,0
2025-07-21,ST01,SKU003766,7,12047.91,1721.13,0
2025-07-21,ST03,SKU003052,8,2723.28,340.41,0
2025-07-21,ST03,SKU003761,7,5501.65,785.95,0
2025-07-21,ST03,SKU004756,22,38862.78,1766.49,1
2025-07-21,ST04,SKU003698,3,4235.88,1411.96,1
2025-07-21,ST05,SKU002240,34,11055.1,325.15,0
2025-07-21,ST07,SKU002070,19,1877.2,98.8,1
2025-07-21,ST08,SKU001655,7,3918.39,559.77,0
2025-07-21,ST09,SKU001802,23,8641.79,375.73,0
2025-07-21,ST11,SKU003246,32,74191.36,2318.48,0
2025-07-21,ST11,SKU003382,7,10667.37,1523.91,0
2025-07-21,ST11,SKU003569,15,23207.7,1547.18,0
2025-07-21,ST12,SKU003758,12,16048.2,1337.35,0
2025-07-21,ST13,SKU000092,2,2910.56,1455.28,0
2025-07-21,ST13,SKU002199,13,2851.03,219.31,0
2025-07-21,ST14,SKU004373,1,1235.8,1235.8,0
2025-07-21,ST16,SKU004024,0,0.0,278.65,0
2025-07-21,ST18,SKU000662,38,18820.26,495.27,0
2025-07-21,ST22,SKU001192,20,24555.0,1227.75,0
2025-07-21,ST23,SKU002396,12,24176.76,2014.73,0
2025-07-21,ST28,SKU002600,7,3392.69,484.67,0
2025-07-21,ST28,SKU004732,16,25504.0,1594.0,0
2025-07-21,ST29,SKU000769,4,227.76,56.94,1
2025-07-21,ST29,SKU002211,10,23699.2,2369.92,0
2025-07-22,ST03,SKU004625,3,7018.56,2339.52,0
2025-07-22,ST06,SKU000120,4,1621.0,405.25,0
2025-07-22,ST07,SKU002436,1,407.29,407.29,1
2025-07-22,ST08,SKU004766,7,13717.06,1959.58,0
2025-07-22,ST10,SKU001618,14,24591.28,1756.52,0
2025-07-22,ST12,SKU003143,4,2935.04,733.76,0
2025-07-22,ST13,SKU000396,11,26450.27,2404.57,0
2025-07-22,ST14,SKU002401,2,1301.54,650.77,0
2025-07-22,ST16,SKU000786,15,18398.1,1226.54,0
2025-07-22,ST18,SKU001325,10,16074.3,1607.43,1
2025-07-22,ST18,SKU004987,0,0.0,1116.66,0
2025-07-22,ST20,SKU001626,41,13233.16,322.76,0
2025-07-22,ST21,SKU003201,17,5046.11,296.83,0
2025-07-22,ST22,SKU000668,18,37127.7,2062.65,0
2025-07-22,ST22,SKU001622,47,3121.74,66.42,0
2025-07-22,ST23,SKU003392,16,14563.36,910.21,0
2025-07-22,ST24,SKU000650,19,40739.23,2144.17,0
2025-07-22,ST24,SKU001427,6,613.8,102.3,0
2025-07-22,ST24,SKU003046,7,11066.79,1580.97,0
2025-07-22,ST24,SKU004673,27,12431.61,460.43,0
2025-07-22,ST25,SKU000866,9,9161.46,1017.94,1
2025-07-22,ST27,SKU003236,18,16319.7,906.65,0
2025-07-22,ST27,SKU003419,30,3699.3,123.31,0
2025-07-22,ST27,SKU003785,15,961.35,64.09,0
2025-07-23,ST01,SKU004117,3,2317.62,772.54,0
2025-07-23,ST02,SKU000795,15,27097.8,1806.52,0
2025-07-23,ST02,SKU003584,27,5455.62,202.06,0
2025-07-23,ST04,SKU002335,19,30281.63,1593.77,1
2025-07-23,ST05,SKU004065,6,11505.66,1917.61,0
2025-07-23,ST08,SKU002498,22,25636.38,1165.29,0
2025-07-23,ST09,SKU000210,37,58158.08,1571.84,0
2025-07-23,ST11,SKU001138,5,6998.45,1399.69,0
2025-07-23,ST11,SKU004822,9,6805.17,756.13,0
2025-07-23,ST13,SKU002248,6,9623.88,1603.98,0
2025-07-23,ST14,SKU000536,7,10448.9,1492.7,1
2025-07-23,ST14,SKU004165,8,9837.2,1229.65,1
2025-07-23,ST15,SKU003244,12,21303.72,1775.31,0
2025-07-23,ST16,SKU001119,15,35739.75,2382.65,1
2025-07-23,ST17,SKU004360,4,6179.12,1544.78,0
2025-07-23,ST20,SKU004158,2,2706.38,1353.19,0
2025-07-23,ST20,SKU004414,16,19468.0,1216.75,1
2025-07-23,ST22,SKU003131,10,9237.2,923.72,0
2025-07-23,ST23,SKU001977,2,4753.94,2376.97,0
2025-07-23,ST23,SKU003340,17,8824.02,519.06,0
2025-07-23,ST24,SKU002796,37,5544.08,149.84,0
2025-07-23,ST24,SKU004367,19,30174.47,1588.13,0
2025-07-23,ST26,SKU003209,0,0.0,1927.41,1
2025-07-23,ST26,SKU003621,3,4466.76,1488.92,0
2025-07-23,ST27,SKU003743,17,38830.04,2284.12,0
2025-07-23,ST28,SKU004159,9,17708.4,1967.6,0
2025-07-24,ST01,SKU001740,2,4445.62,2222.81,0
2025-07-24,ST03,SKU004431,9,1257.93,139.77,1
2025-07-24,ST04,SKU000219,4,6539.04,1634.76,0
2025-07-24,ST05,SKU003953,12,23590.32,1965.86,1
2025-07-24,ST06,SKU001463,35,66945.9,1912.74,0
2025-07-24,ST08,SKU001791,6,8977.26,1496.21,0
2025-07-24,ST08,SKU002089,16,36857.76,2303.61,0
2025-07-24,ST10,SKU000510,15,37431.9,2495.46,0
2025-07-24,ST10,SKU002352,13,20196.28,1553.56,0
2025-07-24,ST10,SKU003953,31,60941.66,1965.86,1
2025-07-24,ST11,SKU001679,25,38606.0,1544.24,1
2025-07-24,ST11,SKU002063,5,3832.25,766.45,0
2025-07-24,ST12,SKU001625,13,17907.11,1377.47,1
2025-07-24,ST12,SKU003144,7,14184.38,2026.34,0
2025-07-24,ST12,SKU003204,12,25159.44,2096.62,0
2025-07-24,ST13,SKU002285,8,13691.6,1711.45,0
2025-07-24,ST14,SKU004636,5,4797.0,959.4,0
2025-07-24,ST17,SKU004087,5,5628.65,1125.73,0
2025-07-24,ST17,SKU004428,3,2639.34,879.78,0
2025-07-24,ST18,SKU002351,21,7793.73,371.13,0
2025-07-24,ST18,SKU004554,16,1360.8,85.05,1
2025-07-24,ST19,SKU003916,6,617.88,102.98,0
2025-07-24,ST20,SKU003468,21,23786.91,1132.71,0
2025-07-24,ST20,SKU003793,4,9969.68,2492.42,0
2025-07-24,ST23,SKU002855,23,37253.79,1619.73,0
2025-07-24,ST24,SKU001589,2,3568.86,1784.43,0
2025-07-24,ST25,SKU004937,24,23838.72,993.28,0
2025-07-24,ST26,SKU000490,8,17951.2,2243.9,0
2025-07-24,ST26,SKU003655,17,3703.96,217.88,0
2025-07-24,ST27,SKU002002,16,20714.08,1294.63,0
2025-07-24,ST28,SKU001488,10,11782.3,1178.23,0
2025-07-24,ST28,SKU001812,16,36831.84,2301.99,0
2025-07-24,ST28,SKU004672,12,21966.24,1830.52,1
2025-07-24,ST30,SKU002209,4,7959.8,1989.95,0
2025-07-25,ST01,SKU003644,24,20811.12,867.13,0
2025-07-25,ST02,SKU002614,7,16102.31,2300.33,1
2025-07-25,ST02,SKU003659,3,878.19,292.73,0
2025-07-25,ST05,SKU000899,14,11627.84,830.56,1
2025-07-25,ST05,SKU001282,8,14640.88,1830.11,0
2025-07-25,ST05,SKU003369,12,7203.12,600.26,1
2025-07-25,ST06,SKU003625,13,7771.4,597.8,0
2025-07-25,ST06,SKU004432,24,51787.68,2157.82,0
2025-07-25,ST08,SKU001706,18,29280.6,1626.7,0
2025-07-25,ST08,SKU004088,26,55188.38,2122.63,1
2025-07-25,ST09,SKU000497,15,6495.15,433.01,0
2025-07-25,ST11,SKU001634,12,29433.96,2452.83,0
2025-07-25,ST11,SKU002566,10,3776.1,377.61,0
2025-07-25,ST11,SKU004028,7,11725.14,1675.02,0
2025-07-25,ST14,SKU001084,23,18765.7,815.9,0
2025-07-25,ST14,SKU001858,3,6061.32,2020.44,0
2025-07-25,ST15,SKU004318,18,11806.2,655.9,0
2025-07-25,ST17,SKU000393,12,27838.08,2319.84,0
2025-07-25,ST17,SKU001081,10,21604.0,2160.4,0
2025-07-25,ST18,SKU000787,18,35508.78,1972.71,1
2025-07-25,ST18,SKU001349,13,16348.93,1257.61,0
2025-07-25,ST22,SKU002739,19,34629.97,1822.63,0
2025-07-25,ST23,SKU001730,8,13212.16,1651.52,0
2025-07-25,ST23,SKU003143,32,23480.32,733.76,0
2025-07-25,ST24,SKU003055,15,16854.45,1123.63,1
2025-07-25,ST25,SKU000143,7,2175.6,310.8,0
2025-07-25,ST26,SKU004687,3,3416.13,1138.71,0
2025-07-25,ST28,SKU003175,16,18308.16,1144.26,0
2025-07-25,ST30,SKU000235,63,99290.52,1576.04,1
2025-07-25,ST30,SKU000675,5,439.2,87.84,0
2025-07-25,ST30,SKU000880,7,5293.75,756.25,0
2025-07-25,ST30,SKU002678,40,92998.4,2324.96,0
2025-07-25,ST30,SKU004804,0,0.0,428.76,0
2025-07-26,ST02,SKU000396,8,19236.56,2404.57,0
2025-07-26,ST02,SKU002355,6,8056.26,1342.71,0
2025-07-26,ST02,SKU004528,12,8423.52,701.96,0
2025-07-26,ST02,SKU004756,19,33563.31,1766.49,0
2025-07-26,ST03,SKU001521,8,1604.96,200.62,0
2025-07-26,ST03,SKU001793,13,18876.0,1452.0,0
2025-07-26,ST03,SKU002075,6,11919.3,1986.55,1
2025-07-26,ST04,SKU004701,4,823.92,205.98,0
2025-07-26,ST05,SKU000847,34,80215.52,2359.28,1
2025-07-26,ST05,SKU000952,20,21849.6,1092.48,1
2025-07-26,ST05,SKU002361,11,3669.82,333.62,1
2025-07-26,ST06,SKU001722,7,14221.06,2031.58,0
2025-07-26,ST06,SKU003831,3,4016.67,1338.89,1
2025-07-26,ST07,SKU000740,7,13347.81,1906.83,0
2025-07-26,ST07,SKU001586,0,0.0,2002.94,0
2025-07-26,ST07,SKU004431,1,139.77,139.77,0
2025-07-26,ST08,SKU000620,6,4736.34,789.39,0
2025-07-26,ST08,SKU004779,21,37094.82,1766.42,0
2025-07-26,ST09,SKU003661,14,23526.16,1680.44,0
2025-07-26,ST09,SKU004662,7,3939.88,562.84,1
2025-07-26,ST10,SKU000850,6,12138.96,2023.16,0
2025-07-26,ST10,SKU003214,14,23690.94,1692.21,0
2025-07-26,ST11,SKU002959,23,53488.8,2325.6,0
2025-07-26,ST13,SKU000594,0,0.0,136.79,0
2025-07-26,ST13,SKU002700,19,10288.31,541.49,1
2025-07-26,ST14,SKU003746,18,5635.62,313.09,0
2025-07-26,ST15,SKU000309,12,26073.96,2172.83,0
2025-07-26,ST16,SKU000071,17,26875.98,1580.94,0
2025-07-26,ST16,SKU004529,5,10181.5,2036.3,1
2025-07-26,ST19,SKU001576,26,30447.56,1171.06,0
2025-07-26,ST20,SKU004132,44,29048.8,660.2,1
2025-07-26,ST21,SKU004425,18,28834.38,1601.91,0
2025-07-26,ST22,SKU003035,11,17482.3,1589.3,1
2025-07-26,ST22,SKU004435,17,26447.58,1555.74,1
2025-07-26,ST23,SKU003721,22,46399.32,2109.06,0
2025-07-26,ST23,SKU004382,16,2368.96,148.06,0
2025-07-26,ST25,SKU000682,20,7159.6,357.98,0
2025-07-26,ST25,SKU004449,26,4764.76,183.26,0
2025-07-26,ST27,SKU002502,8,7089.2,886.15,0
2025-07-26,ST29,SKU001011,2,1214.52,607.26,0
2025-07-26,ST30,SKU003669,16,26865.28,1679.08,0
2025-07-26,ST30,SKU003675,14,6079.5,434.25,1
2025-07-26,ST30,SKU004615,6,6322.32,1053.72,0
2025-07-27,ST01,SKU000213,7,8098.37,1156.91,0
2025-07-27,ST01,SKU003757,26,15611.7,600.45,0
2025-07-27,ST01,SKU004325,25,1292.0,51.68,0
2025-07-27,ST01,SKU004979,6,7917.0,1319.5,1
2025-07-27,ST04,SKU001238,35,48846.7,1395.62,0
2025-07-27,ST04,SKU002533,37,70806.9,1913.7,0
2025-07-27,ST05,SKU000303,9,15274.44,1697.16,0
2025-07-27,ST05,SKU003601,6,10072.2,1678.7,0
2025-07-27,ST06,SKU001743,5,7386.4,1477.28,0
2025-07-27,ST06,SKU004430,7,10512.81,1501.83,0
2025-07-27,ST08,SKU002381,8,16137.28,2017.16,0
2025-07-27,ST09,SKU001145,22,11841.28,538.24,0
2025-07-27,ST10,SKU000723,3,1866.9,622.3,0
2025-07-27,ST10,SKU004909,12,13282.08,1106.84,1
2025-07-27,ST11,SKU002138,15,32885.7,2192.38,1
2025-07-27,ST11,SKU004671,2,1174.52,587.26,0
2025-07-27,ST13,SKU001522,5,6156.0,1231.2,0
2025-07-27,ST13,SKU004295,10,13935.6,1393.56,0
2025-07-27,ST14,SKU000385,4,2308.36,577.09,0
2025-07-27,ST14,SKU003621,0,0.0,1488.92,0
2025-07-27,ST16,SKU002593,14,12403.02,885.93,1
2025-07-27,ST17,SKU004840,14,34219.92,2444.28,0
2025-07-27,ST19,SKU000061,7,3376.38,482.34,0
2025-07-27,ST19,SKU004064,29,40454.13,1394.97,0
2025-07-27,ST19,SKU004199,3,4053.24,1351.08,1
2025-07-27,ST21,SKU000954,15,27182.7,1812.18,0
2025-07-27,ST22,SKU004473,18,38841.3,2157.85,0
2025-07-27,ST22,SKU004541,11,15720.43,1429.13,0
2025-07-27,ST23,SKU004576,21,4129.02,196.62,1
2025-07-27,ST23,SKU004837,10,8433.7,843.37,0
2025-07-27,ST25,SKU000768,7,16790.97,2398.71,0
2025-07-27,ST25,SKU002765,26,38445.42,1478.67,0
2025-07-27,ST26,SKU001295,18,43318.26,2406.57,0
2025-07-27,ST26,SKU001843,9,4073.58,452.62,0
2025-07-27,ST28,SKU004984,18,35224.38,1956.91,0
2025-07-27,ST30,SKU000007,45,50936.4,1131.92,0
2025-07-28,ST02,SKU004923,8,12574.4,1571.8,0
2025-07-28,ST05,SKU000018,11,23594.12,2144.92,0
2025-07-28,ST05,SKU005000,13,1955.07,150.39,1
2025-07-28,ST06,SKU001067,9,1081.89,120.21,0
2025-07-28,ST06,SKU001406,22,42253.2,1920.6,0
2025-07-28,ST07,SKU001984,13,4130.62,317.74,0
2025-07-28,ST08,SKU003899,16,10666.56,666.66,1
2025-07-28,ST09,SKU001933,18,27171.72,1509.54,0
2025-07-28,ST09,SKU004781,14,9734.9,695.35,0
2025-07-28,ST10,SKU000380,9,20267.46,2251.94,0
2025-07-28,ST11,SKU003328,27,6786.99,251.37,0
2025-07-28,ST13,SKU002087,11,18927.37,1720.67,0
2025-07-28,ST14,SKU002203,17,36844.27,2167.31,0
2025-07-28,ST15,SKU003866,8,2502.48,312.81,0
2025-07-28,ST16,SKU002554,13,28728.96,2209.92,0
2025-07-28,ST17,SKU001585,13,32471.14,2497.78,0
2025-07-28,ST17,SKU003951,7,966.91,138.13,0
2025-07-28,ST18,SKU000707,27,1425.33,52.79,1
2025-07-28,ST21,SKU001138,5,6998.45,1399.69,0
2025-07-28,ST22,SKU002531,25,16014.0,640.56,1
2025-07-28,ST22,SKU004162,14,24645.32,1760.38,0
2025-07-28,ST23,SKU000942,30,18670.8,622.36,0
2025-07-28,ST23,SKU003953,2,3931.72,1965.86,1
2025-07-28,ST26,SKU003892,14,31626.7,2259.05,0
2025-07-28,ST27,SKU004983,18,20217.96,1123.22,0
2025-07-28,ST29,SKU000903,14,722.26,51.59,1
2025-07-28,ST29,SKU001210,7,3923.78,560.54,0
2025-07-28,ST30,SKU000463,5,961.15,192.23,0
2025-07-28,ST30,SKU001590,7,5365.57,766.51,1
2025-07-28,ST30,SKU004236,13,13650.65,1050.05,0
2025-07-29,ST01,SKU002066,21,1905.75,90.75,1
2025-07-29,ST02,SKU001545,36,44368.2,1232.45,1
2025-07-29,ST03,SKU000264,15,14163.45,944.23,0
2025-07-29,ST04,SKU000412,14,9028.74,644.91,1
2025-07-29,ST08,SKU002888,21,8299.62,395.22,0
2025-07-29,ST12,SKU004016,6,2969.88,494.98,1
2025-07-29,ST13,SKU004112,12,3498.6,291.55,0
2025-07-29,ST14,SKU003271,8,7906.4,988.3,0
2025-07-29,ST15,SKU004127,8,14060.88,1757.61,0
2025-07-29,ST16,SKU001748,5,2673.3,534.66,0
2025-07-29,ST16,SKU003489,6,13462.56,2243.76,0
2025-07-29,ST19,SKU003685,5,9068.65,1813.73,0
2025-07-29,ST19,SKU004405,24,11704.8,487.7,0
2025-07-29,ST20,SKU000412,8,5159.28,644.91,1
2025-07-29,ST20,SKU002116,31,74759.29,2411.59,1
2025-07-29,ST20,SKU002577,4,4215.0,1053.75,0
2025-07-29,ST21,SKU001516,16,19782.56,1236.41,0
2025-07-29,ST24,SKU002555,30,66742.2,2224.74,0
2025-07-29,ST24,SKU002992,29,11517.93,397.17,0
2025-07-29,ST24,SKU003285,15,31030.95,2068.73,0
2025-07-29,ST25,SKU001587,5,6440.6,1288.12,0
2025-07-29,ST26,SKU001564,21,9218.58,438.98,0
2025-07-29,ST26,SKU001724,20,45838.4,2291.92,0
2025-07-29,ST27,SKU004332,12,23655.72,1971.31,1
2025-07-29,ST28,SKU000574,15,37172.7,2478.18,0
2025-07-29,ST29,SKU002149,12,2984.64,248.72,0
2025-07-30,ST01,SKU001797,7,8770.09,1252.87,0
2025-07-30,ST01,SKU003335,11,19251.32,1750.12,0
2025-07-30,ST01,SKU003528,6,14500.02,2416.67,0
2025-07-30,ST03,SKU001851,19,30047.74,1581.46,0
2025-07-30,ST08,SKU001034,10,6214.5,621.45,0
2025-07-30,ST09,SKU001510,0,0.0,834.12,0
2025-07-30,ST09,SKU004936,7,6404.72,914.96,0
2025-07-30,ST11,SKU000740,5,9534.15,1906.83,0
2025-07-30,ST11,SKU002111,19,37511.13,1974.27,0
2025-07-30,ST16,SKU000419,12,6481.8,540.15,0
2025-07-30,ST16,SKU004365,23,51499.76,2239.12,1
2025-07-30,ST17,SKU003228,6,1467.9,244.65,1
2025-07-30,ST18,SKU002243,15,12443.1,829.54,0
2025-07-30,ST18,SKU002391,2,239.22,119.61,0
2025-07-30,ST20,SKU000061,7,3376.38,482.34,0
2025-07-30,ST21,SKU003899,11,7333.26,666.66,0
2025-07-30,ST22,SKU000701,11,22856.79,2077.89,0
2025-07-30,ST22,SKU003584,9,1818.54,202.06,0
2025-07-30,ST22,SKU004109,8,7495.68,936.96,0
2025-07-30,ST23,SKU003370,17,41019.3,2412.9,0
2025-07-30,ST23,SKU003501,21,7105.35,338.35,0
2025-07-30,ST24,SKU001127,24,27943.92,1164.33,1
2025-07-30,ST25,SKU000306,6,9682.56,1613.76,0
2025-07-30,ST25,SKU001146,0,0.0,656.97,0
2025-07-30,ST25,SKU002966,3,2427.63,809.21,0
2025-07-30,ST26,SKU001996,13,7055.23,542.71,1
2025-07-30,ST27,SKU003368,5,8468.5,1693.7,1
2025-07-30,ST30,SKU004821,15,31198.65,2079.91,0
2025-07-31,ST01,SKU001393,26,18902.78,727.03,0
2025-07-31,ST01,SKU002360,6,3313.38,552.23,0
2025-07-31,ST02,SKU000786,11,13491.94,1226.54,0
2025-07-31,ST02,SKU002288,8,12699.84,1587.48,0
2025-07-31,ST03,SKU003247,17,12811.37,753.61,0
2025-07-31,ST05,SKU000944,12,941.76,78.48,0
2025-07-31,ST08,SKU000014,3,2944.89,981.63,0
2025-07-31,ST08,SKU002091,11,3157.44,287.04,1
2025-07-31,ST09,SKU001774,14,23857.96,1704.14,0
2025-07-31,ST09,SKU002866,5,8640.6,1728.12,0
2025-07-31,ST11,SKU003170,5,11635.85,2327.17,0
2025-07-31,ST14,SKU000484,13,4417.79,339.83,0
2025-07-31,ST16,SKU003339,6,11247.84,1874.64,0
2025-07-31,ST17,SKU004204,10,575.5,57.55,0
2025-07-31,ST18,SKU004969,8,16834.72,2104.34,0
2025-07-31,ST20,SKU004637,35,60944.45,1741.27,1
2025-07-31,ST21,SKU000414,22,24246.42,1102.11,0
2025-07-31,ST21,SKU003720,6,12424.08,2070.68,0
2025-07-31,ST22,SKU004917,9,21144.78,2349.42,0
2025-07-31,ST23,SKU000848,9,8154.99,906.11,0
2025-07-31,ST23,SKU002015,4,4952.52,1238.13,0
2025-07-31,ST25,SKU001695,3,1586.16,528.72,0
2025-07-31,ST27,SKU001061,19,18169.7,956.3,1
2025-08-01,ST01,SKU000885,5,1338.65,267.73,0
2025-08-01,ST01,SKU004034,2,1336.1,668.05,1
2025-08-01,ST02,SKU004739,22,44271.26,2012.33,1
2025-08-01,ST02,SKU004741,8,4453.76,556.72,0
2025-08-01,ST06,SKU001643,7,6474.23,924.89,0
2025-08-01,ST07,SKU003148,12,21712.92,1809.41,0
2025-08-01,ST08,SKU001202,11,15855.95,1441.45,0
2025-08-01,ST09,SKU002075,16,31784.8,1986.55,0
2025-08-01,ST09,SKU003243,13,25628.72,1971.44,1
2025-08-01,ST11,SKU002028,3,5632.41,1877.47,0
2025-08-01,ST12,SKU000434,5,4536.55,907.31,0
2025-08-01,ST12,SKU001661,7,9113.02,1301.86,0
2025-08-01,ST13,SKU001073,11,13629.99,1239.09,0
2025-08-01,ST13,SKU001489,22,3574.34,162.47,0
2025-08-01,ST14,SKU000530,30,8528.1,284.27,0
2025-08-01,ST15,SKU001037,3,709.47,236.49,0
2025-08-01,ST17,SKU000318,27,49309.02,1826.26,0
2025-08-01,ST19,SKU001953,8,3188.72,398.59,0
2025-08-01,ST19,SKU003088,1,1898.12,1898.12,0
2025-08-01,ST22,SKU002840,24,47386.32,1974.43,1
2025-08-01,ST22,SKU003455,31,24862.62,802.02,0
2025-08-01,ST23,SKU002625,9,20128.14,2236.46,0
2025-08-01,ST24,SKU000999,0,0.0,945.86,0
2025-08-01,ST24,SKU003144,0,0.0,2026.34,0
2025-08-01,ST25,SKU002294,18,19824.48,1101.36,0
2025-08-01,ST26,SKU001736,24,50958.24,2123.26,1
2025-08-01,ST27,SKU004309,4,8246.52,2061.63,0
2025-08-01,ST28,SKU000076,9,14255.73,1583.97,0
2025-08-01,ST28,SKU002501,19,27389.07,1441.53,1
2025-08-01,ST29,SKU000901,32,75974.72,2374.21,0
2025-08-01,ST29,SKU001148,18,11027.7,612.65,0
2025-08-01,ST30,SKU004605,5,11589.75,2317.95,0
2025-08-02,ST03,SKU000605,13,17221.49,1324.73,0
2025-08-02,ST04,SKU002927,23,44117.91,1918.17,1
2025-08-02,ST05,SKU003852,27,53344.98,1975.74,1
2025-08-02,ST07,SKU003952,11,18786.79,1707.89,0
2025-08-02,ST08,SKU001323,19,24079.46,1267.34,0
2025-08-02,ST10,SKU004714,14,29097.46,2078.39,1
2025-08-02,ST13,SKU000355,10,8044.5,804.45,0
2025-08-02,ST15,SKU001909,25,24093.75,963.75,0
2025-08-02,ST16,SKU001980,9,3845.79,427.31,0
2025-08-02,ST16,SKU002872,22,6571.84,298.72,0
2025-08-02,ST17,SKU002704,8,11070.32,1383.79,0
2025-08-02,ST18,SKU000105,48,30385.44,633.03,0
2025-08-02,ST19,SKU002196,18,18249.84,1013.88,0
2025-08-02,ST20,SKU002884,15,30271.5,2018.1,1
2025-08-02,ST20,SKU004751,8,18094.4,2261.8,0
2025-08-02,ST21,SKU001950,13,31892.9,2453.3,0
2025-08-02,ST21,SKU004650,4,5827.16,1456.79,1
2025-08-02,ST22,SKU004538,40,5382.4,134.56,1
2025-08-02,ST23,SKU000703,0,0.0,296.2,0
2025-08-02,ST24,SKU004831,12,9525.0,793.75,0
2025-08-02,ST26,SKU004365,5,11195.6,2239.12,0
2025-08-02,ST28,SKU001010,24,43440.96,1810.04,0
2025-08-02,ST28,SKU004687,42,47825.82,1138.71,0
2025-08-03,ST01,SKU002786,8,16740.16,2092.52,0
2025-08-03,ST03,SKU002404,1,653.44,653.44,0
2025-08-03,ST04,SKU000842,13,30233.71,2325.67,0
2025-08-03,ST05,SKU000724,2,1679.86,839.93,0
2025-08-03,ST05,SKU001450,13,7183.02,552.54,0
2025-08-03,ST07,SKU001181,18,2977.74,165.43,0
2025-08-03,ST07,SKU002263,6,8511.72,1418.62,0
2025-08-03,ST07,SKU002512,17,26247.32,1543.96,0
2025-08-03,ST07,SKU003739,1,120.05,120.05,0
2025-08-03,ST09,SKU000070,9,4284.63,476.07,0
2025-08-03,ST09,SKU000844,24,19595.52,816.48,0
2025-08-03,ST09,SKU002480,23,10148.98,441.26,0
2025-08-03,ST10,SKU001625,13,17907.11,1377.47,0
2025-08-03,ST10,SKU004379,20,42768.8,2138.44,1
2025-08-03,ST11,SKU000270,13,2783.56,214.12,0
2025-08-03,ST12,SKU002649,10,18160.7,1816.07,1
2025-08-03,ST12,SKU003828,14,30794.96,2199.64,0
2025-08-03,ST12,SKU003869,5,315.9,63.18,0
2025-08-03,ST13,SKU003108,4,7300.6,1825.15,1
2025-08-03,ST14,SKU001210,14,7847.56,560.54,0
2025-08-03,ST14,SKU004414,7,8517.25,1216.75,0
2025-08-03,ST14,SKU004648,11,11676.39,1061.49,0
2025-08-03,ST16,SKU003256,15,12055.95,803.73,0
2025-08-03,ST16,SKU003586,10,2830.9,283.09,0
2025-08-03,ST16,SKU003830,6,12130.14,2021.69,0
2025-08-03,ST16,SKU004008,14,3892.56,278.04,0
2025-08-03,ST23,SKU002208,4,7801.96,1950.49,1
2025-08-03,ST24,SKU000266,10,1161.8,116.18,0
2025-08-03,ST24,SKU000805,16,1657.44,103.59,0
2025-08-03,ST24,SKU001225,24,53794.56,2241.44,1
2025-08-03,ST24,SKU003675,2,868.5,434.25,0
2025-08-03,ST25,SKU000741,3,4630.62,1543.54,0
2025-08-03,ST25,SKU002233,5,1105.25,221.05,0
2025-08-03,ST27,SKU001448,8,15426.4,1928.3,0
2025-08-03,ST27,SKU003397,12,13562.52,1130.21,0
2025-08-04,ST01,SKU000379,21,15230.67,725.27,0
2025-08-04,ST03,SKU001446,20,7170.8,358.54,0
2025-08-04,ST05,SKU001001,6,1529.16,254.86,1
2025-08-04,ST05,SKU002532,7,2858.24,408.32,0
2025-08-04,ST05,SKU003213,4,8774.52,2193.63,0
2025-08-04,ST06,SKU001861,0,0.0,314.01,0
2025-08-04,ST06,SKU003325,4,5650.84,1412.71,0
2025-08-04,ST07,SKU004506,20,10959.4,547.97,0
2025-08-04,ST08,SKU002709,12,14572.44,1214.37,0
2025-08-04,ST09,SKU003910,18,44393.4,2466.3,0
2025-08-04,ST09,SKU004740,15,5195.25,346.35,0
2025-08-04,ST11,SKU001368,12,11452.44,954.37,0
2025-08-04,ST11,SKU003079,4,6082.48,1520.62,0
2025-08-04,ST12,SKU003543,36,58368.24,1621.34,0
2025-08-04,ST13,SKU001248,23,10909.36,474.32,1
2025-08-04,ST14,SKU001545,10,12324.5,1232.45,0
2025-08-04,ST16,SKU001182,5,596.8,119.36,1
2025-08-04,ST16,SKU002552,9,2922.03,324.67,0
2025-08-04,ST16,SKU004670,5,11292.4,2258.48,0
2025-08-04,ST17,SKU004425,22,35242.02,1601.91,0
2025-08-04,ST17,SKU004989,43,7523.71,174.97,1
2025-08-04,ST19,SKU003750,10,23037.9,2303.79,0
2025-08-04,ST20,SKU000517,4,7556.92,1889.23,0
2025-08-04,ST20,SKU004217,12,10268.76,855.73,0
2025-08-04,ST20,SKU004621,4,1192.08,298.02,0
2025-08-04,ST21,SKU002313,28,62485.92,2231.64,0
2025-08-04,ST22,SKU003261,2,2354.9,1177.45,1
2025-08-04,ST23,SKU002246,7,6488.16,926.88,0
2025-08-04,ST24,SKU003044,58,16752.14,288.83,1
2025-08-04,ST25,SKU000420,18,24839.1,1379.95,0
2025-08-04,ST25,SKU003146,9,19175.4,2130.6,0
2025-08-04,ST26,SKU004842,12,28679.52,2389.96,1
2025-08-04,ST27,SKU004952,15,27290.7,1819.38,0
2025-08-04,ST28,SKU004028,6,10050.12,1675.02,0
2025-08-04,ST29,SKU003298,11,20276.08,1843.28,0
2025-08-04,ST30,SKU000380,16,36031.04,2251.94,0
2025-08-05,ST01,SKU002519,7,8912.33,1273.19,0
2025-08-05,ST01,SKU004300,12,25966.92,2163.91,0
2025-08-05,ST02,SKU001547,11,13438.48,1221.68,0
2025-08-05,ST02,SKU004138,30,53239.5,1774.65,0
2025-08-05,ST03,SKU004905,6,3370.98,561.83,0
2025-08-05,ST04,SKU000235,10,15760.4,1576.04,0
2025-08-05,ST05,SKU000813,12,23435.52,1952.96,0
2025-08-05,ST06,SKU000791,26,13350.74,513.49,0
2025-08-05,ST06,SKU001444,27,31187.97,1155.11,0
2025-08-05,ST06,SKU004539,16,28796.16,1799.76,1
2025-08-05,ST07,SKU002238,8,4928.56,616.07,0
2025-08-05,ST08,SKU003971,5,1586.95,317.39,0
2025-08-05,ST09,SKU000544,8,11248.32,1406.04,0
2025-08-05,ST09,SKU003661,4,6721.76,1680.44,0
2025-08-05,ST10,SKU003380,7,5706.12,815.16,0
2025-08-05,ST10,SKU004167,3,3882.6,1294.2,0
2025-08-05,ST11,SKU001166,7,4789.89,684.27,0
2025-08-05,ST12,SKU002114,36,38799.0,1077.75,1
2025-08-05,ST13,SKU001211,11,590.7,53.7,0
2025-08-05,ST14,SKU001923,34,84527.06,2486.09,1
2025-08-05,ST16,SKU001110,28,55513.92,1982.64,0
2025-08-05,ST17,SKU000646,14,21433.72,1530.98,0
2025-08-05,ST17,SKU001809,5,11716.9,2343.38,0
2025-08-05,ST18,SKU001525,19,5124.3,269.7,0
2025-08-05,ST18,SKU002274,51,120867.45,2369.95,1
2025-08-05,ST19,SKU001715,13,9422.66,724.82,0
2025-08-05,ST21,SKU000165,8,13148.88,1643.61,0
2025-08-05,ST22,SKU000524,14,15792.7,1128.05,0
2025-08-05,ST22,SKU002761,15,16300.05,1086.67,0
2025-08-05,ST22,SKU004479,37,9241.86,249.78,1
2025-08-05,ST23,SKU002607,20,21218.4,1060.92,0
2025-08-05,ST23,SKU003058,20,37493.0,1874.65,0
2025-08-05,ST23,SKU004429,11,25010.7,2273.7,0
2025-08-05,ST25,SKU001242,19,13278.34,698.86,0
2025-08-05,ST28,SKU001074,20,4631.6,231.58,0
2025-08-06,ST02,SKU003003,12,23018.88,1918.24,0
2025-08-06,ST02,SKU004040,20,36267.0,1813.35,0
2025-08-06,ST04,SKU004302,5,12255.15,2451.03,0
2025-08-06,ST05,SKU004737,19,14026.56,738.24,0
2025-08-06,ST07,SKU004460,38,44545.5,1172.25,0
2025-08-06,ST08,SKU001391,19,46649.37,2455.23,0
2025-08-06,ST08,SKU003386,7,14142.03,2020.29,1
2025-08-06,ST09,SKU002853,38,29063.16,764.82,1
2025-08-06,ST10,SKU002502,7,6203.05,886.15,1
2025-08-06,ST12,SKU003146,14,29828.4,2130.6,1
2025-08-06,ST13,SKU003784,16,28064.32,1754.02,1
2025-08-06,ST14,SKU000668,3,6187.95,2062.65,0
2025-08-06,ST14,SKU001083,15,20429.4,1361.96,0
2025-08-06,ST14,SKU003468,11,12459.81,1132.71,0
2025-08-06,ST15,SKU001773,25,56116.25,2244.65,0
2025-08-06,ST15,SKU003146,20,42612.0,2130.6,0
2025-08-06,ST16,SKU001495,3,5982.9,1994.3,0
2025-08-06,ST17,SKU004143,11,24231.68,2202.88,0
2025-08-06,ST18,SKU000617,11,8765.24,796.84,0
2025-08-06,ST18,SKU001047,11,21370.58,1942.78,0
2025-08-06,ST19,SKU004947,32,72382.4,2261.95,1
2025-08-06,ST20,SKU003097,7,7536.69,1076.67,0
2025-08-06,ST21,SKU002212,2,1081.76,540.88,0
2025-08-06,ST23,SKU002563,9,8641.17,960.13,1
2025-08-06,ST24,SKU002902,6,11664.06,1944.01,0
2025-08-06,ST25,SKU003295,8,7075.84,884.48,0
2025-08-06,ST27,SKU004293,8,5879.44,734.93,0
2025-08-06,ST28,SKU000477,22,17329.4,787.7,0
2025-08-06,ST28,SKU001619,10,11833.5,1183.35,0
2025-08-06,ST28,SKU001901,21,45326.19,2158.39,0
2025-08-06,ST29,SKU004228,5,9006.75,1801.35,0
2025-08-07,ST01,SKU003403,8,14556.48,1819.56,0
2025-08-07,ST02,SKU001562,9,21997.44,2444.16,1
2025-08-07,ST02,SKU001659,7,17220.0,2460.0,1
2025-08-07,ST02,SKU002000,15,7793.4,519.56,1
2025-08-07,ST02,SKU002995,21,31655.61,1507.41,0
2025-08-07,ST02,SKU004193,23,28137.05,1223.35,0
2025-08-07,ST03,SKU004181,9,11285.46,1253.94,1
2025-08-07,ST04,SKU002654,21,31502.1,1500.1,1
2025-08-07,ST04,SKU004718,14,16338.42,1167.03,0
2025-08-07,ST06,SKU000716,41,50605.07,1234.27,0
2025-08-07,ST07,SKU003943,27,56167.29,2080.27,1
2025-08-07,ST08,SKU000151,28,16103.08,575.11,1
2025-08-07,ST08,SKU000484,7,2378.81,339.83,0
2025-08-07,ST08,SKU000866,6,6107.64,1017.94,0
2025-08-07,ST09,SKU000671,4,5447.68,1361.92,0
2025-08-07,ST10,SKU004464,2,1290.7,645.35,0
2025-08-07,ST11,SKU003774,8,3249.52,406.19,0
2025-08-07,ST12,SKU002867,20,38791.4,1939.57,0
2025-08-07,ST13,SKU003534,4,3199.92,799.98,0
2025-08-07,ST15,SKU001164,15,23026.05,1535.07,1
2025-08-07,ST16,SKU002602,8,1771.12,221.39,0
2025-08-07,ST18,SKU002002,13,16830.19,1294.63,0
2025-08-07,ST18,SKU002920,11,25554.98,2323.18,0
2025-08-07,ST19,SKU001663,19,6307.43,331.97,1
2025-08-07,ST20,SKU003884,9,13223.25,1469.25,0
2025-08-07,ST22,SKU004872,21,6291.81,299.61,0
2025-08-07,ST23,SKU000253,3,671.16,223.72,1
2025-08-07,ST23,SKU000384,16,9557.12,597.32,0
2025-08-07,ST24,SKU001352,16,28690.88,1793.18,0
2025-08-07,ST24,SKU005000,11,1654.29,150.39,0
2025-08-07,ST26,SKU002742,34,39516.16,1162.24,0
2025-08-07,ST27,SKU001666,17,21414.73,1259.69,0
2025-08-07,ST27,SKU004725,16,13282.88,830.18,0
2025-08-07,ST29,SKU002393,5,11304.75,2260.95,0
2025-08-08,ST01,SKU002115,11,1706.65,155.15,0
2025-08-08,ST06,SKU004527,6,10226.58,1704.43,1
2025-08-08,ST08,SKU003908,12,2967.6,247.3,0
2025-08-08,ST08,SKU004731,37,88612.41,2394.93,0
2025-08-08,ST09,SKU001836,24,21505.68,896.07,0
2025-08-08,ST09,SKU003041,5,3576.25,715.25,0
2025-08-08,ST09,SKU003714,5,6388.45,1277.69,0
2025-08-08,ST10,SKU000882,5,8550.35,1710.07,0
2025-08-08,ST10,SKU001250,17,20022.77,1177.81,0
2025-08-08,ST11,SKU002186,14,4367.44,311.96,0
2025-08-08,ST11,SKU004347,3,6108.66,2036.22,0
2025-08-08,ST13,SKU000447,4,2803.52,700.88,0
2025-08-08,ST13,SKU000548,4,7048.12,1762.03,0
2025-08-08,ST13,SKU000813,8,15623.68,1952.96,0
2025-08-08,ST14,SKU000972,9,12277.53,1364.17,0
2025-08-08,ST14,SKU002230,5,10598.4,2119.68,0
2025-08-08,ST14,SKU002985,9,6552.0,728.0,1
2025-08-08,ST14,SKU004360,7,10813.46,1544.78,0
2025-08-08,ST15,SKU001246,14,14041.58,1002.97,0
2025-08-08,ST15,SKU003829,18,35810.64,1989.48,0
2025-08-08,ST16,SKU004474,6,10533.78,1755.63,0
2025-08-08,ST17,SKU000594,29,3966.91,136.79,0
2025-08-08,ST18,SKU001055,13,24217.83,1862.91,0
2025-08-08,ST21,SKU003835,1,1318.06,1318.06,0
2025-08-08,ST23,SKU002244,28,7024.08,250.86,0
2025-08-08,ST23,SKU003602,9,11273.94,1252.66,1
2025-08-08,ST26,SKU001996,21,11396.91,542.71,0
2025-08-08,ST26,SKU004830,25,39942.75,1597.71,0
2025-08-08,ST27,SKU001711,9,12483.54,1387.06,0
2025-08-08,ST29,SKU001561,14,18153.1,1296.65,0
2025-08-08,ST29,SKU002501,4,5766.12,1441.53,0
2025-08-08,ST30,SKU000313,12,16566.36,1380.53,0
2025-08-08,ST30,SKU001204,12,28568.04,2380.67,0
2025-08-08,ST30,SKU004335,14,32925.76,2351.84,0
2025-08-09,ST03,SKU001090,26,12399.14,476.89,1
2025-08-09,ST03,SKU001726,12,26364.72,2197.06,0
2025-08-09,ST03,SKU002857,4,7169.08,1792.27,1
2025-08-09,ST04,SKU003551,8,14021.2,1752.65,1
2025-08-09,ST04,SKU004744,5,8109.4,1621.88,0
2025-08-09,ST04,SKU004937,5,4966.4,993.28,0
2025-08-09,ST05,SKU001471,37,87763.26,2371.98,0
2025-08-09,ST07,SKU001330,17,39654.54,2332.62,0
2025-08-09,ST07,SKU004983,22,24710.84,1123.22,0
2025-08-09,ST09,SKU002208,22,42910.78,1950.49,0
2025-08-09,ST12,SKU000509,12,18291.36,1524.28,0
2025-08-09,ST16,SKU001514,7,10378.76,1482.68,1
2025-08-09,ST17,SKU000765,3,6433.41,2144.47,0
2025-08-09,ST18,SKU002314,24,43568.16,1815.34,1
2025-08-09,ST18,SKU003998,9,702.18,78.02,1
2025-08-09,ST24,SKU001058,6,7758.06,1293.01,0
2025-08-09,ST24,SKU002560,1,2204.93,2204.93,0
2025-08-09,ST24,SKU003171,14,32053.98,2289.57,0
2025-08-09,ST24,SKU003984,8,1797.6,224.7,0
2025-08-09,ST25,SKU003583,7,5437.11,776.73,0
2025-08-09,ST26,SKU002828,16,27632.16,1727.01,0
2025-08-09,ST27,SKU001122,10,15613.4,1561.34,1
2025-08-09,ST28,SKU000741,10,15435.4,1543.54,0
2025-08-09,ST28,SKU000869,30,71366.7,2378.89,1
2025-08-09,ST28,SKU001284,49,58042.95,1184.55,0
2025-08-09,ST30,SKU004447,23,57068.52,2481.24,1
2025-08-10,ST01,SKU000136,25,47512.0,1900.48,1
2025-08-10,ST01,SKU000383,0,0.0,1471.44,0
2025-08-10,ST01,SKU000873,10,16526.8,1652.68,0
2025-08-10,ST02,SKU001738,2,3655.6,1827.8,0
2025-08-10,ST02,SKU003896,11,27220.71,2474.61,0
2025-08-10,ST02,SKU004001,16,11826.4,739.15,1
2025-08-10,ST03,SKU001012,9,12055.86,1339.54,0
2025-08-10,ST04,SKU000114,6,1261.56,210.26,0
2025-08-10,ST06,SKU002592,20,45623.2,2281.16,0
2025-08-10,ST07,SKU003072,2,2317.56,1158.78,0
2025-08-10,ST07,SKU003535,2,4063.54,2031.77,0
2025-08-10,ST07,SKU004506,6,3287.82,547.97,0
2025-08-10,ST08,SKU001819,13,32430.32,2494.64,1
2025-08-10,ST10,SKU000629,14,18684.54,1334.61,0
2025-08-10,ST10,SKU000733,29,58194.01,2006.69,0
2025-08-10,ST10,SKU004650,8,11654.32,1456.79,0
2025-08-10,ST11,SKU004962,28,16807.28,600.26,0
2025-08-10,ST12,SKU000962,13,11744.07,903.39,0
2025-08-10,ST13,SKU000382,3,927.42,309.14,0
2025-08-10,ST13,SKU001512,4,1383.28,345.82,1
2025-08-10,ST14,SKU000425,10,18184.4,1818.44,0
2025-08-10,ST14,SKU002272,26,9261.2,356.2,0
2025-08-10,ST14,SKU004867,20,28775.4,1438.77,1
2025-08-10,ST17,SKU001006,20,26928.2,1346.41,0
2025-08-10,ST18,SKU000056,10,22050.9,2205.09,0
2025-08-10,ST20,SKU000683,6,4427.58,737.93,0
2025-08-10,ST20,SKU004813,12,6307.68,525.64,0
2025-08-10,ST21,SKU000029,12,14531.04,1210.92,0
2025-08-10,ST22,SKU000113,18,24287.58,1349.31,0
2025-08-10,ST22,SKU003623,8,6897.84,862.23,0
2025-08-10,ST23,SKU001339,13,22161.88,1704.76,0
2025-08-10,ST23,SKU001378,14,34959.68,2497.12,0
2025-08-10,ST23,SKU001876,0,0.0,802.71,0
2025-08-10,ST25,SKU003486,9,12861.9,1429.1,0
2025-08-10,ST27,SKU002536,12,16384.08,1365.34,0
2025-08-10,ST27,SKU003957,10,8892.8,889.28,0
2025-08-10,ST27,SKU004528,24,16847.04,701.96,0
2025-08-10,ST30,SKU000760,15,14928.6,995.24,0
2025-08-10,ST30,SKU003530,7,1800.89,257.27,0
2025-08-11,ST01,SKU001072,12,20262.12,1688.51,1
2025-08-11,ST01,SKU003201,6,1780.98,296.83,0
2025-08-11,ST02,SKU003067,25,17361.75,694.47,0
2025-08-11,ST03,SKU000685,3,2368.68,789.56,0
2025-08-11,ST05,SKU000406,5,4643.15,928.63,0
2025-08-11,ST07,SKU001392,4,905.8,226.45,0
2025-08-11,ST07,SKU004568,8,19722.72,2465.34,0
2025-08-11,ST09,SKU000764,7,450.31,64.33,0
2025-08-11,ST11,SKU001381,23,5983.68,260.16,1
2025-08-11,ST12,SKU003071,3,2999.1,999.7,0
2025-08-11,ST14,SKU000508,9,2338.92,259.88,0
2025-08-11,ST15,SKU001270,9,2122.65,235.85,0
2025-08-11,ST16,SKU000217,10,12775.2,1277.52,0
2025-08-11,ST16,SKU001733,19,44885.79,2362.41,1
2025-08-11,ST16,SKU003374,7,11946.62,1706.66,0
2025-08-11,ST18,SKU004268,15,2485.2,165.68,0
2025-08-11,ST18,SKU004385,2,2341.76,1170.88,0
2025-08-11,ST18,SKU004728,11,17167.26,1560.66,0
2025-08-11,ST19,SKU002860,22,1577.62,71.71,0
2025-08-11,ST20,SKU001041,10,7135.1,713.51,1
2025-08-11,ST20,SKU002965,17,23784.36,1399.08,0
2025-08-11,ST20,SKU004288,19,2691.92,141.68,0
2025-08-11,ST22,SKU001023,22,54700.36,2486.38,0
2025-08-11,ST22,SKU004288,7,991.76,141.68,0
2025-08-11,ST23,SKU004238,15,26926.05,1795.07,0
2025-08-11,ST24,SKU002794,19,44676.22,2351.38,0
2025-08-11,ST27,SKU004212,19,25292.04,1331.16,1
2025-08-11,ST28,SKU000986,14,2911.58,207.97,0
2025-08-11,ST28,SKU002322,8,5731.04,716.38,0
2025-08-11,ST29,SKU000520,26,28416.96,1092.96,0
2025-08-11,ST29,SKU001465,6,14809.74,2468.29,0
2025-08-11,ST30,SKU003306,7,7473.76,1067.68,0
2025-08-12,ST02,SKU004300,17,36786.47,2163.91,0
2025-08-12,ST03,SKU002216,16,4041.92,252.62,0
2025-08-12,ST06,SKU002719,4,582.08,145.52,0
2025-08-12,ST07,SKU000148,31,4221.58,136.18,0
2025-08-12,ST07,SKU000582,18,36225.18,2012.51,1
2025-08-12,ST07,SKU001154,14,9412.06,672.29,0
2025-08-12,ST07,SKU002553,23,4521.57,196.59,1
2025-08-12,ST10,SKU000567,6,342.0,57.0,0
2025-08-12,ST11,SKU002291,6,3297.06,549.51,0
2025-08-12,ST14,SKU003387,23,48032.05,2088.35,0
2025-08-12,ST14,SKU004230,1,1443.47,1443.47,0
2025-08-12,ST16,SKU000601,9,1047.87,116.43,0
2025-08-12,ST16,SKU000856,16,28323.36,1770.21,0
2025-08-12,ST18,SKU003193,4,4201.24,1050.31,0
2025-08-12,ST19,SKU000596,11,19106.12,1736.92,0
2025-08-12,ST20,SKU000968,25,19479.0,779.16,0
2025-08-12,ST21,SKU001400,20,41025.8,2051.29,0
2025-08-12,ST21,SKU001942,17,39989.95,2352.35,0
2025-08-12,ST22,SKU002586,9,12924.9,1436.1,0
2025-08-12,ST22,SKU003003,5,9591.2,1918.24,0
2025-08-12,ST23,SKU002724,5,2883.1,576.62,0
2025-08-12,ST23,SKU002779,29,64874.45,2237.05,1
2025-08-12,ST24,SKU003525,57,43766.31,767.83,0
2025-08-12,ST26,SKU002876,12,5081.52,423.46,0
2025-08-12,ST28,SKU000723,20,12446.0,622.3,1
2025-08-12,ST28,SKU004408,10,20181.0,2018.1,0
2025-08-12,ST30,SKU000349,20,29367.4,1468.37,0
2025-08-12,ST30,SKU002578,22,11533.28,524.24,0
2025-08-12,ST30,SKU003944,20,34428.2,1721.41,0
2025-08-13,ST04,SKU004382,2,296.12,148.06,0
2025-08-13,ST05,SKU003739,19,2280.95,120.05,0
2025-08-13,ST05,SKU004603,0,0.0,1438.95,0
2025-08-13,ST06,SKU001889,71,60850.55,857.05,0
2025-08-13,ST07,SKU003679,18,30428.46,1690.47,1
2025-08-13,ST12,SKU000001,13,26343.59,2026.43,0
2025-08-13,ST12,SKU004784,2,2050.54,1025.27,0
2025-08-13,ST13,SKU000968,2,1558.32,779.16,0
2025-08-13,ST13,SKU003536,16,26900.64,1681.29,0
2025-08-13,ST13,SKU003834,4,875.44,218.86,0
2025-08-13,ST14,SKU001510,4,3336.48,834.12,0
2025-08-13,ST15,SKU001483,21,49772.1,2370.1,0
2025-08-13,ST16,SKU002360,9,4970.07,552.23,0
2025-08-13,ST17,SKU000676,1,1879.76,1879.76,1
2025-08-13,ST17,SKU002351,10,3711.3,371.13,1
2025-08-13,ST17,SKU003604,20,39602.6,1980.13,0
2025-08-13,ST18,SKU001421,7,8606.36,1229.48,0
2025-08-13,ST18,SKU002290,25,62148.25,2485.93,0
2025-08-13,ST18,SKU004019,4,4752.52,1188.13,1
2025-08-13,ST19,SKU000140,10,1633.7,163.37,0
2025-08-13,ST19,SKU002973,12,26682.72,2223.56,0
2025-08-13,ST20,SKU003062,8,14740.08,1842.51,0
2025-08-13,ST20,SKU003955,3,230.67,76.89,0
2025-08-13,ST22,SKU000360,31,52373.26,1689.46,1
2025-08-13,ST22,SKU002798,8,11758.24,1469.78,0
2025-08-13,ST22,SKU004534,36,70802.28,1966.73,0
2025-08-13,ST23,SKU000080,2,1693.46,846.73,1
2025-08-13,ST23,SKU004617,5,8952.45,1790.49,0
2025-08-13,ST23,SKU004907,27,23595.84,873.92,0
2025-08-13,ST24,SKU000099,10,10064.9,1006.49,0
2025-08-13,ST24,SKU000801,9,22235.94,2470.66,0
2025-08-13,ST24,SKU002181,9,2119.59,235.51,0
2025-08-13,ST24,SKU003019,40,83574.0,2089.35,1
2025-08-13,ST24,SKU003931,14,26504.66,1893.19,0
2025-08-13,ST27,SKU003802,16,17312.32,1082.02,0
2025-08-13,ST28,SKU003188,7,16336.74,2333.82,0
2025-08-14,ST01,SKU001501,4,7346.2,1836.55,0
2025-08-14,ST02,SKU000974,7,8386.56,1198.08,1
2025-08-14,ST04,SKU001557,13,1107.47,85.19,0
2025-08-14,ST04,SKU002431,0,0.0,860.56,0
2025-08-14,ST04,SKU003318,16,35475.68,2217.23,0
2025-08-14,ST05,SKU004761,18,38749.14,2152.73,0
2025-08-14,ST06,SKU003845,14,31500.7,2250.05,0
2025-08-14,ST07,SKU003988,0,0.0,1388.53,0
2025-08-14,ST08,SKU002409,10,23920.4,2392.04,1
2025-08-14,ST09,SKU000689,10,4436.9,443.69,0
2025-08-14,ST09,SKU000751,17,23290.51,1370.03,0
2025-08-14,ST11,SKU003558,11,11622.49,1056.59,0
2025-08-14,ST11,SKU004212,9,11980.44,1331.16,0
2025-08-14,ST15,SKU002852,20,37706.4,1885.32,0
2025-08-14,ST15,SKU003282,17,33226.16,1954.48,0
2025-08-14,ST17,SKU000691,7,13858.6,1979.8,0
2025-08-14,ST17,SKU004036,14,20928.32,1494.88,1
2025-08-14,ST19,SKU002123,21,49838.46,2373.26,0
2025-08-14,ST19,SKU003874,13,2372.76,182.52,0
2025-08-14,ST20,SKU002779,8,17896.4,2237.05,0
2025-08-14,ST20,SKU003733,21,1298.85,61.85,1
2025-08-14,ST25,SKU001617,10,19592.3,1959.23,1
2025-08-14,ST25,SKU003859,4,1572.88,393.22,0
2025-08-14,ST26,SKU001986,26,37438.44,1439.94,0
2025-08-14,ST28,SKU001673,11,25343.34,2303.94,0
2025-08-14,ST28,SKU004392,23,24362.52,1059.24,0
2025-08-14,ST29,SKU000421,7,605.22,86.46,0
2025-08-14,ST29,SKU000563,3,6184.41,2061.47,0
2025-08-15,ST01,SKU002525,29,63756.5,2198.5,0
2025-08-15,ST01,SKU003036,12,26159.28,2179.94,0
2025-08-15,ST01,SKU004045,6,4466.7,744.45,0
2025-08-15,ST02,SKU000274,15,7511.55,500.77,1
2025-08-15,ST02,SKU002566,51,19258.11,377.61,1
2025-08-15,ST05,SKU001521,11,2206.82,200.62,0
2025-08-15,ST05,SKU001856,13,1411.41,108.57,0
2025-08-15,ST06,SKU004081,23,14084.51,612.37,0
2025-08-15,ST07,SKU002361,6,2001.72,333.62,1
2025-08-15,ST07,SKU002897,7,7720.09,1102.87,0
2025-08-15,ST08,SKU002761,31,33686.77,1086.67,0
2025-08-15,ST08,SKU004377,6,11771.34,1961.89,0
2025-08-15,ST09,SKU004091,9,16172.37,1796.93,0
2025-08-15,ST10,SKU004430,25,37545.75,1501.83,0
2025-08-15,ST11,SKU004198,20,37646.0,1882.3,1
2025-08-15,ST12,SKU004249,9,6098.67,677.63,0
2025-08-15,ST12,SKU004962,6,3601.56,600.26,0
2025-08-15,ST12,SKU004979,5,6597.5,1319.5,0
2025-08-15,ST14,SKU001320,12,6500.76,541.73,0
2025-08-15,ST15,SKU002953,4,2447.96,611.99,0
2025-08-15,ST15,SKU004558,2,379.24,189.62,0
2025-08-15,ST16,SKU001550,2,3823.46,1911.73,0
2025-08-15,ST16,SKU003692,7,8705.34,1243.62,0
2025-08-15,ST19,SKU001758,31,69475.03,2241.13,1
2025-08-15,ST19,SKU002054,8,16630.8,2078.85,1
2025-08-15,ST20,SKU001948,18,39432.78,2190.71,0
2025-08-15,ST21,SKU002162,11,19893.17,1808.47,1
2025-08-15,ST22,SKU004008,6,1668.24,278.04,0
2025-08-15,ST23,SKU003339,8,14997.12,1874.64,0
2025-08-15,ST23,SKU003863,2,721.2,360.6,0
2025-08-15,ST24,SKU002888,4,1580.88,395.22,0
2025-08-15,ST24,SKU004960,16,38988.32,2436.77,0
2025-08-15,ST24,SKU004988,10,13625.3,1362.53,0
2025-08-15,ST25,SKU003901,6,12806.34,2134.39,0
2025-08-15,ST25,SKU003926,29,54793.47,1889.43,1
2025-08-15,ST25,SKU004985,17,27921.14,1642.42,1
2025-08-15,ST26,SKU003630,26,46613.58,1792.83,0
2025-08-15,ST26,SKU003788,6,7512.84,1252.14,0
2025-08-15,ST27,SKU004340,7,7128.1,1018.3,0
2025-08-15,ST28,SKU001824,14,25139.8,1795.7,0
2025-08-15,ST28,SKU003081,15,25997.1,1733.14,0
2025-08-15,ST29,SKU003973,11,5766.2,524.2,0
2025-08-15,ST30,SKU002333,20,41637.8,2081.89,1
2025-08-15,ST30,SKU004898,18,15003.9,833.55,0
2025-08-16,ST01,SKU000186,3,1776.51,592.17,0
2025-08-16,ST02,SKU004404,13,26882.7,2067.9,0
2025-08-16,ST04,SKU003839,6,6462.24,1077.04,0
2025-08-16,ST05,SKU001767,0,0.0,413.87,1
2025-08-16,ST06,SKU002777,31,25828.27,833.17,1
2025-08-16,ST07,SKU001782,24,31657.92,1319.08,0
2025-08-16,ST07,SKU002790,7,5488.28,784.04,0
2025-08-16,ST07,SKU003122,7,8976.03,1282.29,1
2025-08-16,ST07,SKU003563,26,39578.5,1522.25,0
2025-08-16,ST08,SKU002084,22,27409.14,1245.87,0
2025-08-16,ST10,SKU000547,6,10619.94,1769.99,1
2025-08-16,ST10,SKU004232,3,7166.04,2388.68,0
2025-08-16,ST11,SKU000824,15,16704.15,1113.61,0
2025-08-16,ST13,SKU003847,30,8869.5,295.65,0
2025-08-16,ST13,SKU004089,11,15327.84,1393.44,0
2025-08-16,ST14,SKU001752,15,22962.0,1530.8,0
2025-08-16,ST16,SKU004037,17,32951.95,1938.35,0
2025-08-16,ST18,SKU004743,2,3218.24,1609.12,0
2025-08-16,ST20,SKU003049,28,19429.48,693.91,1
2025-08-16,ST20,SKU003324,8,8357.6,1044.7,0
2025-08-16,ST20,SKU004893,5,10458.25,2091.65,0
2025-08-16,ST21,SKU002143,8,18741.6,2342.7,0
2025-08-16,ST23,SKU000379,22,15955.94,725.27,0
2025-08-16,ST23,SKU002828,2,3454.02,1727.01,0
2025-08-16,ST23,SKU004590,15,11789.4,785.96,0
2025-08-16,ST24,SKU003415,15,25979.25,1731.95,0
2025-08-16,ST24,SKU004183,32,54953.6,1717.3,0
2025-08-16,ST25,SKU001568,13,20966.92,1612.84,0
2025-08-16,ST25,SKU004221,37,56478.65,1526.45,1
2025-08-16,ST26,SKU002903,33,2108.7,63.9,1
2025-08-16,ST26,SKU004798,21,28920.36,1377.16,0
2025-08-16,ST28,SKU004939,15,25981.95,1732.13,0
2025-08-16,ST29,SKU000745,1,1751.64,1751.64,0
2025-08-16,ST29,SKU001990,10,16809.1,1680.91,0
2025-08-17,ST01,SKU000007,7,7923.44,1131.92,0
2025-08-17,ST02,SKU001716,6,9546.78,1591.13,1
2025-08-17,ST03,SKU002495,35,68881.75,1968.05,1
2025-08-17,ST04,SKU002610,22,14683.24,667.42,0
2025-08-17,ST05,SKU004298,11,19938.16,1812.56,0
2025-08-17,ST05,SKU004329,16,26064.32,1629.02,1
2025-08-17,ST06,SKU002819,11,5845.18,531.38,0
2025-08-17,ST08,SKU000687,32,77912.32,2434.76,0
2025-08-17,ST09,SKU004559,11,21648.55,1968.05,0
2025-08-17,ST11,SKU003038,10,2806.2,280.62,1
2025-08-17,ST12,SKU004494,8,1573.84,196.73,0
2025-08-17,ST13,SKU002541,13,11744.59,903.43,0
2025-08-17,ST14,SKU000614,43,102872.34,2392.38,0
2025-08-17,ST14,SKU003911,29,57879.07,1995.83,0
2025-08-17,ST15,SKU000801,23,56825.18,2470.66,0
2025-08-17,ST16,SKU001044,11,13071.63,1188.33,1
2025-08-17,ST16,SKU003096,5,9827.4,1965.48,0
2025-08-17,ST16,SKU004675,8,11901.84,1487.73,0
2025-08-17,ST19,SKU000233,7,15999.48,2285.64,0
2025-08-17,ST19,SKU000424,8,17656.08,2207.01,0
2025-08-17,ST19,SKU003264,9,8763.66,973.74,0
2025-08-17,ST19,SKU004829,22,51634.0,2347.0,0
2025-08-17,ST20,SKU000282,25,14255.0,570.2,0
2025-08-17,ST21,SKU001802,11,4133.03,375.73,0
2025-08-17,ST21,SKU003937,4,9962.72,2490.68,1
2025-08-17,ST21,SKU004901,0,0.0,561.74,0
2025-08-17,ST22,SKU000303,7,11880.12,1697.16,0
2025-08-17,ST22,SKU003264,24,23369.76,973.74,0
2025-08-17,ST22,SKU003507,21,50443.89,2402.09,1
2025-08-17,ST23,SKU004118,10,8212.5,821.25,0
2025-08-17,ST26,SKU001235,16,20193.6,1262.1,0
2025-08-17,ST27,SKU004375,2,4736.98,2368.49,0
2025-08-17,ST27,SKU004489,4,8071.64,2017.91,0
2025-08-17,ST29,SKU000905,8,3666.56,458.32,0
2025-08-17,ST29,SKU003027,18,30262.68,1681.26,0
2025-08-17,ST30,SKU000145,15,36083.7,2405.58,1
2025-08-17,ST30,SKU000888,11,9902.09,900.19,0
2025-08-17,ST30,SKU003689,5,4252.65,850.53,0
2025-08-18,ST01,SKU000762,9,8971.74,996.86,0
2025-08-18,ST01,SKU001884,16,27708.0,1731.75,0
2025-08-18,ST02,SKU000812,8,2224.88,278.11,0
2025-08-18,ST03,SKU000092,30,43658.4,1455.28,1
2025-08-18,ST03,SKU004781,9,6258.15,695.35,0
2025-08-18,ST04,SKU000311,2,3708.7,1854.35,0
2025-08-18,ST04,SKU002439,10,6368.5,636.85,0
2025-08-18,ST04,SKU004660,19,23337.51,1228.29,0
2025-08-18,ST05,SKU001598,15,12926.1,861.74,0
2025-08-18,ST05,SKU003877,10,12745.7,1274.57,0
2025-08-18,ST07,SKU000273,9,19897.92,2210.88,0
2025-08-18,ST07,SKU000353,15,15481.2,1032.08,0
2025-08-18,ST08,SKU003678,24,56294.88,2345.62,0
2025-08-18,ST09,SKU001818,14,11102.28,793.02,1
2025-08-18,ST09,SKU002571,3,5995.65,1998.55,0
2025-08-18,ST10,SKU004203,17,33621.24,1977.72,1
2025-08-18,ST11,SKU004315,23,10119.08,439.96,0
2025-08-18,ST12,SKU004290,2,3007.58,1503.79,0
2025-08-18,ST13,SKU001653,17,33594.55,1976.15,0
2025-08-18,ST13,SKU004042,57,42871.98,752.14,1
2025-08-18,ST14,SKU001695,13,6873.36,528.72,0
2025-08-18,ST14,SKU003880,13,12987.39,999.03,0
2025-08-18,ST14,SKU004624,33,58794.12,1781.64,0
2025-08-18,ST20,SKU000708,10,24431.4,2443.14,0
2025-08-18,ST21,SKU003805,2,165.74,82.87,0
2025-08-18,ST23,SKU002025,7,4903.85,700.55,1
2025-08-18,ST24,SKU001496,15,36980.55,2465.37,0
2025-08-18,ST24,SKU003571,6,10290.54,1715.09,0
2025-08-18,ST25,SKU001346,3,7491.54,2497.18,0
2025-08-18,ST25,SKU002026,8,11814.72,1476.84,0
2025-08-18,ST26,SKU002261,9,13200.21,1466.69,0
2025-08-18,ST27,SKU002244,1,250.86,250.86,0
2025-08-18,ST27,SKU003212,5,11139.55,2227.91,0
2025-08-18,ST27,SKU003775,8,5752.88,719.11,0
2025-08-18,ST27,SKU004593,20,42847.6,2142.38,0
2025-08-18,ST28,SKU000514,7,10139.22,1448.46,0
2025-08-19,ST01,SKU002549,5,1897.55,379.51,0
2025-08-19,ST02,SKU003385,14,11241.44,802.96,0
2025-08-19,ST02,SKU003991,12,24421.68,2035.14,0
2025-08-19,ST02,SKU004007,45,77294.7,1717.66,1
2025-08-19,ST04,SKU001109,9,12149.73,1349.97,1
2025-08-19,ST04,SKU004004,19,43797.85,2305.15,0
2025-08-19,ST07,SKU002107,13,19256.77,1481.29,0
2025-08-19,ST07,SKU002663,5,2983.7,596.74,0
2025-08-19,ST08,SKU002000,10,5195.6,519.56,0
2025-08-19,ST10,SKU004767,3,234.87,78.29,0
2025-08-19,ST14,SKU000867,28,64195.04,2292.68,0
2025-08-19,ST14,SKU002209,26,51738.7,1989.95,1
2025-08-19,ST16,SKU000610,8,10404.32,1300.54,0
2025-08-19,ST17,SKU002219,18,14674.32,815.24,0
2025-08-19,ST17,SKU003535,15,30476.55,2031.77,0
2025-08-19,ST19,SKU000847,15,35389.2,2359.28,1
2025-08-19,ST19,SKU002612,8,7246.72,905.84,0
2025-08-19,ST20,SKU004652,5,6450.35,1290.07,0
2025-08-19,ST21,SKU002370,3,5654.37,1884.79,1
2025-08-19,ST21,SKU004153,7,15699.53,2242.79,1
2025-08-19,ST21,SKU004744,13,21084.44,1621.88,0
2025-08-19,ST23,SKU001563,10,17124.2,1712.42,0
2025-08-19,ST23,SKU002688,2,128.12,64.06,0
2025-08-19,ST24,SKU000191,5,3958.95,791.79,0
2025-08-19,ST24,SKU001158,5,2467.05,493.41,0
2025-08-19,ST24,SKU001930,5,4416.75,883.35,0
2025-08-19,ST24,SKU002253,9,10736.73,1192.97,0
2025-08-19,ST25,SKU003966,9,12098.43,1344.27,0
2025-08-19,ST25,SKU004266,2,2944.82,1472.41,1
2025-08-19,ST26,SKU001560,15,3179.25,211.95,0
2025-08-19,ST27,SKU003394,9,10990.26,1221.14,0
2025-08-19,ST29,SKU001740,49,108917.69,2222.81,1
2025-08-19,ST30,SKU001258,8,1969.2,246.15,0
2025-08-20,ST01,SKU000166,23,7256.96,315.52,1
2025-08-20,ST05,SKU001624,7,4846.03,692.29,0
2025-08-20,ST06,SKU000236,12,22141.08,1845.09,0
2025-08-20,ST07,SKU000320,13,11062.74,850.98,1
2025-08-20,ST08,SKU004489,6,12107.46,2017.91,0
2025-08-20,ST09,SKU000619,19,19889.2,1046.8,0
2025-08-20,ST09,SKU001970,5,11179.8,2235.96,0
2025-08-20,ST10,SKU001408,7,2988.23,426.89,0
2025-08-20,ST10,SKU002952,19,47058.06,2476.74,0
2025-08-20,ST11,SKU001160,3,4735.17,1578.39,0
2025-08-20,ST11,SKU002947,9,19863.81,2207.09,0
2025-08-20,ST11,SKU003960,15,29016.75,1934.45,0
2025-08-20,ST13,SKU003621,9,13400.28,1488.92,0
2025-08-20,ST13,SKU003791,2,4969.44,2484.72,0
2025-08-20,ST14,SKU000027,16,23841.92,1490.12,0
2025-08-20,ST14,SKU004291,3,486.84,162.28,1
2025-08-20,ST15,SKU004507,20,32996.8,1649.84,0
2025-08-20,ST16,SKU004849,12,25658.4,2138.2,0
2025-08-20,ST17,SKU001042,11,22058.41,2005.31,1
2025-08-20,ST17,SKU002929,14,14660.1,1047.15,1
2025-08-20,ST17,SKU004468,9,8911.17,990.13,0
2025-08-20,ST18,SKU000834,20,7406.0,370.3,1
2025-08-20,ST18,SKU004346,12,24505.68,2042.14,0
2025-08-20,ST19,SKU000096,5,10407.2,2081.44,0
2025-08-20,ST19,SKU004225,11,10092.72,917.52,0
2025-08-20,ST20,SKU000906,1,970.58,970.58,0
2025-08-20,ST21,SKU003726,0,0.0,1252.13,0
2025-08-20,ST22,SKU002357,25,55129.75,2205.19,0
2025-08-20,ST23,SKU000059,9,21973.32,2441.48,0
2025-08-20,ST23,SKU000802,11,20398.95,1854.45,0
2025-08-20,ST23,SKU001765,14,24216.64,1729.76,0
2025-08-20,ST24,SKU000886,4,9547.64,2386.91,0
2025-08-20,ST24,SKU002949,1,1894.7,1894.7,1
2025-08-20,ST24,SKU004441,4,5499.12,1374.78,0
2025-08-20,ST24,SKU004941,5,4379.2,875.84,0
2025-08-20,ST25,SKU001783,28,39882.08,1424.36,1
2025-08-20,ST26,SKU004806,6,2123.34,353.89,0
2025-08-20,ST27,SKU003958,15,6329.1,421.94,0
2025-08-20,ST28,SKU000537,11,25699.41,2336.31,0
2025-08-20,ST28,SKU002913,24,25746.0,1072.75,0
2025-08-20,ST29,SKU004796,24,36480.72,1520.03,1
2025-08-20,ST30,SKU000557,4,9632.52,2408.13,0
2025-08-20,ST30,SKU002669,5,6150.65,1230.13,1
2025-08-20,ST30,SKU004100,10,15722.7,1572.27,0
2025-08-21,ST01,SKU003033,2,102.72,51.36,0
2025-08-21,ST03,SKU002811,2,2201.18,1100.59,0
2025-08-21,ST04,SKU003278,7,2085.65,297.95,0
2025-08-21,ST04,SKU003286,3,347.13,115.71,0
2025-08-21,ST05,SKU000087,30,40309.2,1343.64,0
2025-08-21,ST05,SKU001572,0,0.0,2272.83,1
2025-08-21,ST05,SKU001923,3,7458.27,2486.09,0
2025-08-21,ST05,SKU003797,4,3831.32,957.83,0
2025-08-21,ST08,SKU004336,3,6453.99,2151.33,0
2025-08-21,ST08,SKU004589,31,77440.17,2498.07,0
2025-08-21,ST09,SKU001181,17,2812.31,165.43,0
2025-08-21,ST09,SKU002618,11,2455.2,223.2,0
2025-08-21,ST10,SKU003262,18,20697.3,1149.85,0
2025-08-21,ST11,SKU003297,25,13231.0,529.24,0
2025-08-21,ST13,SKU003371,15,16379.55,1091.97,0
2025-08-21,ST14,SKU004294,7,4861.71,694.53,1
2025-08-21,ST14,SKU004808,4,3990.32,997.58,0
2025-08-21,ST15,SKU001179,15,27926.25,1861.75,1
2025-08-21,ST17,SKU000524,4,4512.2,1128.05,0
2025-08-21,ST18,SKU001697,19,44507.5,2342.5,0
2025-08-21,ST19,SKU000205,7,15092.42,2156.06,0
2025-08-21,ST19,SKU004179,10,14324.0,1432.4,0
2025-08-21,ST20,SKU004020,36,60106.68,1669.63,0
2025-08-21,ST21,SKU004639,24,27450.72,1143.78,0
2025-08-21,ST22,SKU003909,12,10709.76,892.48,0
2025-08-21,ST23,SKU000477,5,3938.5,787.7,0
2025-08-21,ST23,SKU004921,16,24101.44,1506.34,0
2025-08-21,ST24,SKU000395,14,9799.58,699.97,0
2025-08-21,ST26,SKU001047,3,5828.34,1942.78,0
2025-08-21,ST26,SKU004887,16,6408.48,400.53,0
2025-08-21,ST26,SKU004895,16,21468.96,1341.81,0
2025-08-21,ST28,SKU004622,15,823.05,54.87,0
2025-08-21,ST29,SKU004645,6,4921.98,820.33,0
2025-08-21,ST30,SKU004508,4,3464.8,866.2,1
2025-08-22,ST02,SKU002138,5,10961.9,2192.38,0
2025-08-22,ST03,SKU001941,25,61136.75,2445.47,1
2025-08-22,ST03,SKU003768,18,21867.3,1214.85,0
2025-08-22,ST05,SKU002036,6,2434.8,405.8,0
2025-08-22,ST05,SKU003569,8,12377.44,1547.18,0
2025-08-22,ST06,SKU003187,7,14595.35,2085.05,0
2025-08-22,ST10,SKU001431,15,33987.9,2265.86,1
2025-08-22,ST10,SKU003388,16,4658.72,291.17,0
2025-08-22,ST11,SKU003751,2,207.46,103.73,0
2025-08-22,ST11,SKU004602,5,1083.05,216.61,0
2025-08-22,ST13,SKU001521,15,3009.3,200.62,0
2025-08-22,ST13,SKU001585,4,9991.12,2497.78,0
2025-08-22,ST19,SKU000965,11,6890.29,626.39,1
2025-08-22,ST22,SKU003554,20,31698.8,1584.94,0
2025-08-22,ST23,SKU003840,57,61070.37,1071.41,0
2025-08-22,ST24,SKU001443,20,32526.4,1626.32,1
2025-08-22,ST24,SKU001577,15,2219.4,147.96,0
2025-08-22,ST26,SKU004293,7,5144.51,734.93,0
2025-08-22,ST27,SKU000592,5,8127.7,1625.54,0
2025-08-22,ST27,SKU002361,43,14345.66,333.62,1
2025-08-22,ST27,SKU004568,33,81356.22,2465.34,1
2025-08-22,ST28,SKU003915,7,12022.08,1717.44,1
2025-08-22,ST30,SKU002804,0,0.0,475.44,0
2025-08-22,ST30,SKU004897,20,15211.6,760.58,0
2025-08-23,ST01,SKU001317,5,4370.8,874.16,0
2025-08-23,ST01,SKU004403,14,29838.9,2131.35,0
2025-08-23,ST03,SKU002325,33,42601.35,1290.95,0
2025-08-23,ST03,SKU003708,20,25189.6,1259.48,1
2025-08-23,ST04,SKU002229,35,77474.6,2213.56,0
2025-08-23,ST04,SKU004288,65,9209.2,141.68,1
2025-08-23,ST06,SKU002045,5,10838.15,2167.63,0
2025-08-23,ST06,SKU002223,38,28599.56,752.62,1
2025-08-23,ST06,SKU003276,8,3864.32,483.04,0
2025-08-23,ST07,SKU000855,13,3514.03,270.31,1
2025-08-23,ST09,SKU000012,14,15637.58,1116.97,0
2025-08-23,ST09,SKU000648,20,31292.4,1564.62,1
2025-08-23,ST11,SKU001750,56,49795.2,889.2,0
2025-08-23,ST12,SKU000598,12,8781.0,731.75,1
2025-08-23,ST13,SKU003972,12,18434.4,1536.2,1
2025-08-23,ST13,SKU004223,25,36751.75,1470.07,0
2025-08-23,ST15,SKU002017,27,25045.2,927.6,0
2025-08-23,ST15,SKU004129,31,65392.64,2109.44,0
2025-08-23,ST17,SKU003926,5,9447.15,1889.43,0
2025-08-23,ST17,SKU004605,8,18543.6,2317.95,0
2025-08-23,ST17,SKU004963,20,32703.4,1635.17,0
2025-08-23,ST18,SKU001257,15,30394.65,2026.31,0
2025-08-23,ST18,SKU003529,17,38713.76,2277.28,1
2025-08-23,ST19,SKU000183,10,11861.9,1186.19,0
2025-08-23,ST19,SKU004064,7,9764.79,1394.97,0
2025-08-23,ST20,SKU000731,11,19252.64,1750.24,0
2025-08-23,ST20,SKU002472,29,34898.89,1203.41,0
2025-08-23,ST20,SKU002915,13,13200.72,1015.44,0
2025-08-23,ST21,SKU004642,7,966.63,138.09,0
2025-08-23,ST22,SKU001944,15,34251.15,2283.41,1
2025-08-23,ST22,SKU004690,13,23046.4,1772.8,0
2025-08-23,ST23,SKU003264,6,5842.44,973.74,0
2025-08-23,ST23,SKU003595,9,7430.76,825.64,0
2025-08-23,ST25,SKU003479,34,32433.62,953.93,1
2025-08-23,ST26,SKU000124,16,33759.52,2109.97,0
2025-08-23,ST26,SKU002900,8,19380.08,2422.51,0
2025-08-23,ST27,SKU003829,3,5968.44,1989.48,0
2025-08-23,ST28,SKU003377,7,15818.11,2259.73,0
2025-08-23,ST29,SKU003362,8,3258.08,407.26,0
2025-08-23,ST30,SKU003610,12,12639.48,1053.29,1
2025-08-24,ST01,SKU000804,7,14505.33,2072.19,1
2025-08-24,ST02,SKU000637,48,47895.84,997.83,0
2025-08-24,ST02,SKU002416,5,826.65,165.33,1
2025-08-24,ST02,SKU003284,23,26484.96,1151.52,0
2025-08-24,ST02,SKU003693,8,16209.44,2026.18,0
2025-08-24,ST08,SKU003720,6,12424.08,2070.68,0
2025-08-24,ST10,SKU003933,4,6882.28,1720.57,0
2025-08-24,ST12,SKU002614,10,23003.3,2300.33,1
2025-08-24,ST13,SKU003706,29,64719.59,2231.71,1
2025-08-24,ST13,SKU004175,12,4866.48,405.54,0
2025-08-24,ST14,SKU002448,7,5976.81,853.83,0
2025-08-24,ST14,SKU003245,1,1420.87,1420.87,0
2025-08-24,ST15,SKU002187,14,5378.38,384.17,0
2025-08-24,ST16,SKU001558,12,22790.88,1899.24,1
2025-08-24,ST16,SKU003888,34,7187.26,211.39,0
2025-08-24,ST16,SKU004822,17,12854.21,756.13,0
2025-08-24,ST17,SKU001686,12,15594.24,1299.52,0
2025-08-24,ST17,SKU002128,5,11718.3,2343.66,0
2025-08-24,ST17,SKU003491,7,16052.75,2293.25,0
2025-08-24,ST19,SKU000484,5,1699.15,339.83,0
2025-08-24,ST19,SKU002036,8,3246.4,405.8,0
2025-08-24,ST20,SKU001014,5,287.7,57.54,0
2025-08-24,ST21,SKU003598,10,23094.4,2309.44,0
2025-08-24,ST22,SKU003818,23,16638.43,723.41,1
2025-08-24,ST22,SKU003825,33,34220.67,1036.99,1
2025-08-24,ST24,SKU002491,9,2051.1,227.9,0
2025-08-24,ST28,SKU004190,4,4146.2,1036.55,0
2025-08-24,ST28,SKU004483,0,0.0,2182.91,0
2025-08-24,ST29,SKU002066,3,272.25,90.75,0
2025-08-24,ST30,SKU002251,10,5462.9,546.29,0
2025-08-24,ST30,SKU003383,20,14310.6,715.53,0
2025-08-25,ST03,SKU001225,4,8965.76,2241.44,0
2025-08-25,ST03,SKU002460,27,64603.44,2392.72,0
2025-08-25,ST03,SKU004987,6,6699.96,1116.66,0
2025-08-25,ST05,SKU003030,17,10401.45,611.85,0
2025-08-25,ST05,SKU003417,12,3611.64,300.97,0
2025-08-25,ST05,SKU003627,39,78877.89,2022.51,1
2025-08-25,ST06,SKU002107,18,26663.22,1481.29,0
2025-08-25,ST08,SKU001268,14,34257.16,2446.94,1
2025-08-25,ST10,SKU003504,23,43520.83,1892.21,1
2025-08-25,ST10,SKU003553,19,39969.73,2103.67,0
2025-08-25,ST10,SKU004539,9,16197.84,1799.76,0
2025-08-25,ST12,SKU000470,12,19871.16,1655.93,0
2025-08-25,ST13,SKU001750,26,23119.2,889.2,1
2025-08-25,ST14,SKU001635,18,36563.4,2031.3,0
2025-08-25,ST15,SKU001987,9,16391.16,1821.24,0
2025-08-25,ST18,SKU001927,6,2553.48,425.58,0
2025-08-25,ST18,SKU002123,3,7119.78,2373.26,1
2025-08-25,ST19,SKU003055,13,14607.19,1123.63,0
2025-08-25,ST19,SKU004629,7,17123.75,2446.25,1
2025-08-25,ST20,SKU000211,8,13633.2,1704.15,0
2025-08-25,ST20,SKU000521,0,0.0,361.58,0
2025-08-25,ST20,SKU001401,2,2834.2,1417.1,0
2025-08-25,ST20,SKU004693,15,11037.6,735.84,0
2025-08-25,ST21,SKU002563,29,27843.77,960.13,0
2025-08-25,ST21,SKU004436,17,9964.55,586.15,0
2025-08-25,ST23,SKU002397,9,2789.55,309.95,1
2025-08-25,ST26,SKU003011,5,979.75,195.95,0
2025-08-25,ST27,SKU001718,2,1181.6,590.8,0
2025-08-25,ST27,SKU002673,7,5795.16,827.88,0
2025-08-25,ST27,SKU003929,4,5903.0,1475.75,0
2025-08-25,ST30,SKU002569,9,4366.08,485.12,0
2025-08-26,ST01,SKU002722,18,12888.0,716.0,0
2025-08-26,ST01,SKU003768,2,2429.7,1214.85,0
2025-08-26,ST01,SKU004346,28,57179.92,2042.14,0
2025-08-26,ST02,SKU004671,4,2349.04,587.26,0
2025-08-26,ST02,SKU004797,19,12011.42,632.18,0
2025-08-26,ST03,SKU002724,11,6342.82,576.62,0
2025-08-26,ST04,SKU002660,9,3446.91,382.99,0
2025-08-26,ST04,SKU003644,6,5202.78,867.13,0
2025-08-26,ST04,SKU004626,9,7750.89,861.21,0
2025-08-26,ST05,SKU000662,43,21296.61,495.27,1
2025-08-26,ST05,SKU001050,19,46622.96,2453.84,0
2025-08-26,ST05,SKU001483,4,9480.4,2370.1,0
2025-08-26,ST06,SKU003818,15,10851.15,723.41,0
2025-08-26,ST06,SKU004853,8,4319.2,539.9,1
2025-08-26,ST08,SKU000292,3,6767.79,2255.93,0
2025-08-26,ST09,SKU002139,16,2753.28,172.08,0
2025-08-26,ST12,SKU004082,11,23206.15,2109.65,0
2025-08-26,ST14,SKU003782,6,4655.76,775.96,0
2025-08-26,ST17,SKU001716,24,38187.12,1591.13,0
2025-08-26,ST17,SKU001941,19,46463.93,2445.47,0
2025-08-26,ST17,SKU002238,16,9857.12,616.07,0
2025-08-26,ST18,SKU003950,35,81022.9,2314.94,1
2025-08-26,ST24,SKU003603,11,1823.47,165.77,0
2025-08-26,ST25,SKU004272,19,9536.1,501.9,0
2025-08-26,ST26,SKU000040,4,1182.92,295.73,0
2025-08-26,ST26,SKU001817,12,20050.8,1670.9,0
2025-08-26,ST26,SKU004041,16,18360.48,1147.53,0
2025-08-26,ST29,SKU001218,11,6988.19,635.29,0
2025-08-26,ST29,SKU003255,5,6736.5,1347.3,0
2025-08-26,ST29,SKU003981,26,1301.3,50.05,1
2025-08-26,ST30,SKU001565,5,6550.1,1310.02,0
2025-08-26,ST30,SKU001748,11,5881.26,534.66,0
2025-08-27,ST02,SKU003067,32,22223.04,694.47,0
2025-08-27,ST02,SKU003388,5,1455.85,291.17,0
2025-08-27,ST02,SKU004867,3,4316.31,1438.77,0
2025-08-27,ST06,SKU001128,22,2553.98,116.09,0
2025-08-27,ST07,SKU002614,20,46006.6,2300.33,0
2025-08-27,ST07,SKU002805,9,18747.09,2083.01,0
2025-08-27,ST08,SKU002181,9,2119.59,235.51,0
2025-08-27,ST09,SKU003848,10,7757.2,775.72,0
2025-08-27,ST14,SKU002006,18,29053.98,1614.11,0
2025-08-27,ST14,SKU004652,5,6450.35,1290.07,0
2025-08-27,ST15,SKU004099,9,9599.76,1066.64,0
2025-08-27,ST16,SKU004456,20,35710.2,1785.51,0
2025-08-27,ST18,SKU001059,24,12462.96,519.29,0
2025-08-27,ST18,SKU001760,5,4165.6,833.12,1
2025-08-27,ST19,SKU002150,5,7953.15,1590.63,0
2025-08-27,ST22,SKU001595,15,7288.8,485.92,0
2025-08-27,ST23,SKU000080,10,8467.3,846.73,0
2025-08-27,ST23,SKU002730,3,5869.92,1956.64,0
2025-08-27,ST24,SKU002220,28,17896.76,639.17,0
2025-08-27,ST24,SKU002646,27,29961.09,1109.67,0
2025-08-27,ST26,SKU003607,13,30535.05,2348.85,0
2025-08-27,ST28,SKU001341,29,2107.14,72.66,1
2025-08-27,ST30,SKU000040,19,5618.87,295.73,1
2025-08-27,ST30,SKU002770,33,54329.55,1646.35,0
2025-08-28,ST01,SKU002629,11,22804.43,2073.13,0
2025-08-28,ST01,SKU003221,15,33749.85,2249.99,0
2025-08-28,ST02,SKU001000,8,4851.6,606.45,1
2025-08-28,ST03,SKU000129,17,3288.48,193.44,0
2025-08-28,ST03,SKU000267,10,3023.0,302.3,0
2025-08-28,ST04,SKU000655,22,43190.18,1963.19,0
2025-08-28,ST04,SKU004198,5,9411.5,1882.3,0
2025-08-28,ST05,SKU000578,28,6649.72,237.49,0
2025-08-28,ST05,SKU000674,11,22384.78,2034.98,0
2025-08-28,ST05,SKU001760,24,19994.88,833.12,1
2025-08-28,ST05,SKU002147,22,7623.44,346.52,0
2025-08-28,ST05,SKU002161,3,571.26,190.42,0
2025-08-28,ST06,SKU002539,5,2436.9,487.38,0
2025-08-28,ST07,SKU004511,10,21378.3,2137.83,1
2025-08-28,ST08,SKU001721,5,2180.75,436.15,0
2025-08-28,ST08,SKU001852,6,11991.0,1998.5,0
2025-08-28,ST09,SKU004649,11,8131.64,739.24,0
2025-08-28,ST10,SKU004325,12,620.16,51.68,0
2025-08-28,ST11,SKU002684,4,2769.08,692.27,0
2025-08-28,ST11,SKU003783,7,3039.05,434.15,1
2025-08-28,ST13,SKU001807,13,12164.23,935.71,0
2025-08-28,ST13,SKU002542,0,0.0,1581.19,0
2025-08-28,ST16,SKU002123,9,21359.34,2373.26,0
2025-08-28,ST17,SKU001521,35,7021.7,200.62,0
2025-08-28,ST18,SKU001457,12,10534.08,877.84,1
2025-08-28,ST18,SKU001704,21,18391.17,875.77,0
2025-08-28,ST24,SKU002650,4,1064.64,266.16,0
2025-08-28,ST24,SKU002701,3,278.7,92.9,0
2025-08-28,ST25,SKU002442,12,24153.96,2012.83,0
2025-08-28,ST25,SKU004343,4,4462.04,1115.51,0
2025-08-28,ST25,SKU004665,6,4754.04,792.34,0
2025-08-28,ST26,SKU000477,5,3938.5,787.7,1
2025-08-28,ST28,SKU001498,18,38007.54,2111.53,1
2025-08-28,ST28,SKU004180,4,2194.44,548.61,0
2025-08-28,ST30,SKU002743,12,19265.16,1605.43,0
2025-08-29,ST01,SKU004424,1,2010.17,2010.17,0
2025-08-29,ST03,SKU004994,14,18808.86,1343.49,0
2025-08-29,ST04,SKU002018,1,1571.13,1571.13,0
2025-08-29,ST04,SKU004519,11,26575.12,2415.92,0
2025-08-29,ST06,SKU002171,0,0.0,682.55,0
2025-08-29,ST07,SKU002014,11,21179.18,1925.38,0
2025-08-29,ST07,SKU003284,19,21878.88,1151.52,0
2025-08-29,ST08,SKU002650,11,2927.76,266.16,0
2025-08-29,ST10,SKU001982,17,25088.94,1475.82,0
2025-08-29,ST11,SKU000596,11,19106.12,1736.92,0
2025-08-29,ST13,SKU002360,14,7731.22,552.23,1
2025-08-29,ST15,SKU003823,5,6983.6,1396.72,1
2025-08-29,ST17,SKU003197,12,3615.96,301.33,0
2025-08-29,ST18,SKU001553,11,2871.33,261.03,1
2025-08-29,ST19,SKU004143,13,28637.44,2202.88,0
2025-08-29,ST20,SKU001329,22,33818.84,1537.22,0
2025-08-29,ST20,SKU002505,8,5115.6,639.45,1
2025-08-29,ST21,SKU002280,15,36599.7,2439.98,0
2025-08-29,ST22,SKU002451,12,2381.52,198.46,0
2025-08-29,ST23,SKU001164,5,7675.35,1535.07,1
2025-08-29,ST24,SKU001887,4,7905.92,1976.48,0
2025-08-29,ST26,SKU003228,5,1223.25,244.65,0
2025-08-29,ST26,SKU003345,19,35174.7,1851.3,0
2025-08-29,ST28,SKU002499,3,7227.39,2409.13,0
2025-08-29,ST29,SKU001950,23,56425.9,2453.3,0
2025-08-29,ST29,SKU004380,6,6439.26,1073.21,0
2025-08-29,ST29,SKU004993,7,14281.68,2040.24,0
2025-08-29,ST30,SKU004359,6,14450.4,2408.4,0
2025-08-30,ST02,SKU002018,16,25138.08,1571.13,0
2025-08-30,ST03,SKU004498,11,25248.08,2295.28,0
2025-08-30,ST04,SKU003576,14,31921.96,2280.14,1
2025-08-30,ST04,SKU004513,16,10631.04,664.44,1
2025-08-30,ST05,SKU003074,6,6757.5,1126.25,0
2025-08-30,ST09,SKU004027,31,64704.13,2087.23,0
2025-08-30,ST10,SKU002011,29,45755.91,1577.79,0
2025-08-30,ST10,SKU003788,32,40068.48,1252.14,1
2025-08-30,ST10,SKU004149,15,30703.2,2046.88,0
2025-08-30,ST11,SKU003304,17,26211.62,1541.86,0
2025-08-30,ST12,SKU001490,7,9767.45,1395.35,0
2025-08-30,ST12,SKU003688,12,8829.48,735.79,0
2025-08-30,ST12,SKU004695,8,499.2,62.4,0
2025-08-30,ST13,SKU003196,21,44183.79,2103.99,0
2025-08-30,ST13,SKU004585,4,2562.8,640.7,1
2025-08-30,ST14,SKU000885,10,2677.3,267.73,0
2025-08-30,ST14,SKU002546,17,23426.51,1378.03,1
2025-08-30,ST18,SKU001472,8,10446.0,1305.75,0
2025-08-30,ST20,SKU000592,12,19506.48,1625.54,0
2025-08-30,ST20,SKU002719,11,1600.72,145.52,1
2025-08-30,ST21,SKU000567,7,399.0,57.0,0
2025-08-30,ST21,SKU000934,12,27109.68,2259.14,0
2025-08-30,ST21,SKU003198,7,14482.86,2068.98,0
2025-08-30,ST22,SKU001192,22,27010.5,1227.75,0
2025-08-30,ST22,SKU002824,5,3098.45,619.69,0
2025-08-30,ST22,SKU003817,6,12058.26,2009.71,0
2025-08-30,ST22,SKU004065,10,19176.1,1917.61,0
2025-08-30,ST23,SKU003322,12,11013.0,917.75,0
2025-08-30,ST24,SKU001268,10,24469.4,2446.94,0
2025-08-30,ST24,SKU004276,12,16525.32,1377.11,0
2025-08-30,ST25,SKU000601,13,1513.59,116.43,0
2025-08-30,ST27,SKU004571,29,43696.04,1506.76,0
2025-08-30,ST27,SKU004684,9,10932.03,1214.67,0
2025-08-30,ST28,SKU000202,5,2915.6,583.12,0
2025-08-30,ST28,SKU001490,17,23720.95,1395.35,0
2025-08-30,ST28,SKU002453,12,27689.76,2307.48,1
2025-08-30,ST28,SKU004236,4,4200.2,1050.05,0
2025-08-30,ST30,SKU002956,9,17499.15,1944.35,0
2025-08-31,ST01,SKU000195,12,3365.04,280.42,0
2025-08-31,ST02,SKU004702,22,22255.64,1011.62,0
2025-08-31,ST04,SKU001489,30,4874.1,162.47,0
2025-08-31,ST04,SKU003158,0,0.0,1975.03,0
2025-08-31,ST04,SKU004866,11,25375.57,2306.87,0
2025-08-31,ST05,SKU004129,56,118128.64,2109.44,0
2025-08-31,ST08,SKU002414,14,4569.18,326.37,0
2025-08-31,ST08,SKU003960,4,7737.8,1934.45,0
2025-08-31,ST09,SKU000793,31,53713.7,1732.7,0
2025-08-31,ST09,SKU004218,19,11765.18,619.22,0
2025-08-31,ST10,SKU001689,25,49999.25,1999.97,1
2025-08-31,ST10,SKU002136,7,10504.41,1500.63,0
2025-08-31,ST11,SKU003548,20,34081.4,1704.07,1
2025-08-31,ST13,SKU003774,25,10154.75,406.19,1
2025-08-31,ST14,SKU004689,4,9299.2,2324.8,0
2025-08-31,ST15,SKU002042,25,43998.5,1759.94,0
2025-08-31,ST16,SKU002609,11,14994.43,1363.13,0
2025-08-31,ST17,SKU002086,3,3938.43,1312.81,0
2025-08-31,ST17,SKU003992,4,4245.24,1061.31,1
2025-08-31,ST18,SKU000682,7,2505.86,357.98,0
2025-08-31,ST19,SKU003497,20,28204.8,1410.24,0
2025-08-31,ST20,SKU002247,25,51072.75,2042.91,0
2025-08-31,ST20,SKU004326,11,6390.34,580.94,0
2025-08-31,ST20,SKU004491,8,6436.88,804.61,0
2025-08-31,ST21,SKU004965,16,957.44,59.84,0
2025-08-31,ST24,SKU001098,21,36757.35,1750.35,0
2025-08-31,ST24,SKU004009,9,15249.51,1694.39,0
2025-08-31,ST24,SKU004044,15,21937.05,1462.47,0
2025-08-31,ST25,SKU000520,10,10929.6,1092.96,0
2025-08-31,ST25,SKU003516,31,51244.24,1653.04,0
2025-08-31,ST26,SKU001963,16,29539.84,1846.24,0
2025-08-31,ST26,SKU004338,14,23042.18,1645.87,0
2025-08-31,ST27,SKU000949,8,3885.36,485.67,0
2025-08-31,ST27,SKU002734,10,3499.0,349.9,0
2025-08-31,ST28,SKU004171,5,4040.15,808.03,0
2025-08-31,ST30,SKU002799,13,27003.86,2077.22,0
2025-09-01,ST01,SKU002063,40,30658.0,766.45,0
2025-09-01,ST02,SKU000181,19,28897.86,1520.94,0
2025-09-01,ST02,SKU003009,13,28147.08,2165.16,0
2025-09-01,ST02,SKU004091,4,7187.72,1796.93,0
2025-09-01,ST03,SKU000142,6,5610.72,935.12,0
2025-09-01,ST03,SKU003176,10,20957.0,2095.7,0
2025-09-01,ST05,SKU002258,14,21993.58,1570.97,0
2025-09-01,ST05,SKU003919,16,4027.68,251.73,0
2025-09-01,ST06,SKU000424,9,19863.09,2207.01,1
2025-09-01,ST06,SKU000904,22,31716.52,1441.66,0
2025-09-01,ST06,SKU002421,16,1725.12,107.82,1
2025-09-01,ST06,SKU002705,14,8330.42,595.03,0
2025-09-01,ST07,SKU001938,7,15081.29,2154.47,0
2025-09-01,ST07,SKU002624,4,4243.8,1060.95,1
2025-09-01,ST08,SKU001177,7,16360.19,2337.17,0
2025-09-01,ST08,SKU002875,5,11607.5,2321.5,0
2025-09-01,ST08,SKU004937,14,13905.92,993.28,0
2025-09-01,ST09,SKU001837,15,32829.0,2188.6,0
2025-09-01,ST09,SKU004294,14,9723.42,694.53,1
2025-09-01,ST10,SKU004877,10,16262.9,1626.29,1
2025-09-01,ST11,SKU000476,23,7375.87,320.69,0
2025-09-01,ST11,SKU003133,6,2876.04,479.34,0
2025-09-01,ST12,SKU000695,0,0.0,91.27,0
2025-09-01,ST12,SKU004367,20,31762.6,1588.13,0
2025-09-01,ST13,SKU001491,6,10093.62,1682.27,0
2025-09-01,ST15,SKU001989,17,14109.32,829.96,0
2025-09-01,ST15,SKU004220,14,12579.7,898.55,0
2025-09-01,ST16,SKU000444,3,3944.16,1314.72,0
2025-09-01,ST18,SKU001958,6,13758.12,2293.02,0
2025-09-01,ST20,SKU002021,1,2007.15,2007.15,0
2025-09-01,ST21,SKU000175,0,0.0,154.23,0
2025-09-01,ST21,SKU004491,6,4827.66,804.61,0
2025-09-01,ST22,SKU000347,15,11043.75,736.25,0
2025-09-01,ST24,SKU003950,14,32409.16,2314.94,0
2025-09-01,ST24,SKU004886,12,9099.0,758.25,0
2025-09-01,ST25,SKU002434,13,16425.76,1263.52,0
2025-09-01,ST26,SKU000282,9,5131.8,570.2,1
2025-09-01,ST26,SKU001030,4,1279.08,319.77,0
2025-09-01,ST27,SKU002951,35,39232.9,1120.94,0
2025-09-01,ST27,SKU004117,1,772.54,772.54,0
2025-09-01,ST28,SKU003454,25,47072.0,1882.88,0
2025-09-01,ST29,SKU003924,10,23315.8,2331.58,0
2025-09-01,ST30,SKU003353,8,479.6,59.95,0
2025-09-01,ST30,SKU003607,0,0.0,2348.85,0
2025-09-01,ST30,SKU003831,10,13388.9,1338.89,0
2025-09-02,ST01,SKU000654,3,1809.39,603.13,0
2025-09-02,ST01,SKU002639,12,28504.08,2375.34,1
2025-09-02,ST02,SKU003213,5,10968.15,2193.63,0
2025-09-02,ST04,SKU000254,10,17928.4,1792.84,0
2025-09-02,ST05,SKU001078,9,5043.15,560.35,0
2025-09-02,ST05,SKU001477,7,6604.5,943.5,1
2025-09-02,ST05,SKU003059,24,1635.6,68.15,0
2025-09-02,ST05,SKU004273,7,492.94,70.42,0
2025-09-02,ST06,SKU000886,13,31029.83,2386.91,1
2025-09-02,ST07,SKU002142,13,22786.53,1752.81,0
2025-09-02,ST08,SKU004747,0,0.0,1898.9,0
2025-09-02,ST10,SKU002980,15,34561.35,2304.09,0
2025-09-02,ST12,SKU001003,7,16804.2,2400.6,0
2025-09-02,ST12,SKU002029,14,2299.36,164.24,0
2025-09-02,ST12,SKU004468,24,23763.12,990.13,0
2025-09-02,ST13,SKU002811,17,18710.03,1100.59,0
2025-09-02,ST15,SKU004064,11,15344.67,1394.97,0
2025-09-02,ST17,SKU004514,28,1903.44,67.98,0
2025-09-02,ST18,SKU000654,4,2412.52,603.13,0
2025-09-02,ST20,SKU002637,15,32772.15,2184.81,0
2025-09-02,ST22,SKU001499,11,5188.15,471.65,0
2025-09-02,ST22,SKU004838,5,3542.3,708.46,0
2025-09-02,ST23,SKU000099,12,12077.88,1006.49,0
2025-09-02,ST23,SKU000640,7,6276.55,896.65,0
2025-09-02,ST24,SKU003484,45,98524.35,2189.43,1
2025-09-02,ST24,SKU003486,11,15720.1,1429.1,1
2025-09-02,ST25,SKU001737,27,55403.19,2051.97,0
2025-09-02,ST26,SKU003867,19,6224.78,327.62,1
2025-09-02,ST28,SKU000642,15,31881.75,2125.45,0
2025-09-02,ST28,SKU001855,8,15373.2,1921.65,0
2025-09-02,ST29,SKU002541,12,10841.16,903.43,1
2025-09-02,ST30,SKU002131,24,7274.4,303.1,0
2025-09-03,ST01,SKU001161,12,4742.16,395.18,0
2025-09-03,ST02,SKU003045,14,19050.78,1360.77,0
2025-09-03,ST02,SKU004187,47,67202.95,1429.85,0
2025-09-03,ST02,SKU004849,9,19243.8,2138.2,1
2025-09-03,ST02,SKU004866,27,62285.49,2306.87,1
2025-09-03,ST03,SKU000003,20,9407.0,470.35,0
2025-09-03,ST03,SKU000435,21,27027.42,1287.02,0
2025-09-03,ST03,SKU003419,24,2959.44,123.31,0
2025-09-03,ST04,SKU000734,3,2691.96,897.32,0
2025-09-03,ST04,SKU004777,3,1420.44,473.48,0
2025-09-03,ST05,SKU003644,8,6937.04,867.13,0
2025-09-03,ST06,SKU001908,26,30762.94,1183.19,0
2025-09-03,ST06,SKU003513,45,86026.95,1911.71,0
2025-09-03,ST07,SKU002042,33,58078.02,1759.94,0
2025-09-03,ST09,SKU000328,16,33839.84,2114.99,1
2025-09-03,ST13,SKU004306,9,14299.38,1588.82,1
2025-09-03,ST14,SKU000856,8,14161.68,1770.21,0
2025-09-03,ST14,SKU002599,12,7570.32,630.86,0
2025-09-03,ST14,SKU003638,0,0.0,488.92,0
2025-09-03,ST14,SKU003980,14,1501.08,107.22,0
2025-09-03,ST18,SKU000859,8,17678.72,2209.84,0
2025-09-03,ST19,SKU001556,11,7492.1,681.1,0
2025-09-03,ST19,SKU002018,38,59702.94,1571.13,0
2025-09-03,ST20,SKU004555,6,13410.06,2235.01,0
2025-09-03,ST21,SKU002740,24,10996.8,458.2,0
2025-09-03,ST22,SKU003789,14,32288.34,2306.31,0
2025-09-03,ST23,SKU002186,4,1247.84,311.96,0
2025-09-03,ST26,SKU000284,20,46884.2,2344.21,0
2025-09-03,ST27,SKU000900,6,12654.36,2109.06,0
2025-09-03,ST29,SKU001409,9,17204.94,1911.66,0
2025-09-03,ST29,SKU001508,20,14658.8,732.94,0
2025-09-04,ST02,SKU001511,21,40434.87,1925.47,0
2025-09-04,ST02,SKU002435,7,7684.18,1097.74,1
2025-09-04,ST03,SKU003338,6,5693.82,948.97,0
2025-09-04,ST04,SKU000128,23,45448.23,1976.01,0
2025-09-04,ST05,SKU000480,8,11897.28,1487.16,0
2025-09-04,ST05,SKU001662,0,0.0,1684.86,0
2025-09-04,ST08,SKU001724,23,52714.16,2291.92,0
2025-09-04,ST10,SKU001071,9,7511.58,834.62,1
2025-09-04,ST11,SKU003675,16,6948.0,434.25,0
2025-09-04,ST12,SKU000683,10,7379.3,737.93,0
2025-09-04,ST12,SKU004245,0,0.0,1347.97,0
2025-09-04,ST13,SKU004112,10,2915.5,291.55,0
2025-09-04,ST13,SKU004143,13,28637.44,2202.88,0
2025-09-04,ST14,SKU003356,33,11084.37,335.89,1
2025-09-04,ST15,SKU004305,11,5000.82,454.62,0
2025-09-04,ST19,SKU001292,9,9915.12,1101.68,0
2025-09-04,ST19,SKU004077,21,20271.72,965.32,0
2025-09-04,ST20,SKU003216,7,6886.74,983.82,0
2025-09-04,ST20,SKU003364,4,9898.92,2474.73,0
2025-09-04,ST24,SKU002545,22,43165.54,1962.07,0
2025-09-04,ST27,SKU000717,25,42439.0,1697.56,0
2025-09-04,ST27,SKU000979,10,5598.4,559.84,0
2025-09-04,ST27,SKU004077,15,14479.8,965.32,0
2025-09-04,ST29,SKU004093,19,23576.15,1240.85,1
2025-09-04,ST30,SKU000569,5,11909.15,2381.83,0
2025-09-04,ST30,SKU003188,16,37341.12,2333.82,0
2025-09-04,ST30,SKU004168,8,15740.88,1967.61,0
2025-09-05,ST01,SKU004734,6,9703.44,1617.24,0
2025-09-05,ST02,SKU001339,18,30685.68,1704.76,0
2025-09-05,ST02,SKU003280,22,51832.88,2356.04,0
2025-09-05,ST03,SKU004947,22,49762.9,2261.95,0
2025-09-05,ST06,SKU001869,0,0.0,1705.51,0
2025-09-05,ST06,SKU003034,6,8286.36,1381.06,1
2025-09-05,ST06,SKU003740,18,20569.5,1142.75,0
2025-09-05,ST07,SKU000542,6,12097.86,2016.31,0
2025-09-05,ST09,SKU003918,29,67426.16,2325.04,1
2025-09-05,ST09,SKU004894,14,23780.12,1698.58,0
2025-09-05,ST11,SKU002648,11,1989.35,180.85,0
2025-09-05,ST14,SKU000083,15,31204.2,2080.28,0
2025-09-05,ST15,SKU004663,22,17820.66,810.03,0
2025-09-05,ST16,SKU002571,7,13989.85,1998.55,0
2025-09-05,ST17,SKU001243,17,14882.82,875.46,1
2025-09-05,ST18,SKU002092,14,30506.28,2179.02,0
2025-09-05,ST19,SKU000300,6,12202.38,2033.73,0
2025-09-05,ST20,SKU002639,7,16627.38,2375.34,0
2025-09-05,ST21,SKU003074,6,6757.5,1126.25,1
2025-09-05,ST22,SKU000506,33,10489.05,317.85,0
2025-09-05,ST22,SKU004061,19,47204.36,2484.44,0
2025-09-05,ST23,SKU004211,10,12739.7,1273.97,0
2025-09-05,ST23,SKU004696,28,6377.0,227.75,0
2025-09-05,ST24,SKU000902,20,41281.8,2064.09,1
2025-09-05,ST25,SKU000152,18,27340.02,1518.89,0
2025-09-05,ST25,SKU002281,26,1659.32,63.82,0
2025-09-05,ST27,SKU002587,9,3700.17,411.13,0
2025-09-05,ST28,SKU002692,8,9984.88,1248.11,0
2025-09-05,ST29,SKU003125,9,6171.3,685.7,0
2025-09-05,ST30,SKU001306,2,4803.52,2401.76,0
2025-09-06,ST03,SKU004444,11,7646.43,695.13,1
2025-09-06,ST04,SKU001282,21,38432.31,1830.11,0
2025-09-06,ST05,SKU000587,22,44090.64,2004.12,0
2025-09-06,ST05,SKU002131,18,5455.8,303.1,0
2025-09-06,ST05,SKU002309,12,6429.24,535.77,0
2025-09-06,ST05,SKU002341,23,34020.68,1479.16,0
2025-09-06,ST05,SKU003104,13,4228.77,325.29,1
2025-09-06,ST05,SKU004216,7,17130.4,2447.2,0
2025-09-06,ST07,SKU003516,10,16530.4,1653.04,0
2025-09-06,ST09,SKU001618,8,14052.16,1756.52,0
2025-09-06,ST10,SKU000738,5,7043.8,1408.76,0
2025-09-06,ST10,SKU001151,12,14894.16,1241.18,0
2025-09-06,ST12,SKU000532,4,7799.72,1949.93,1
2025-09-06,ST13,SKU001880,5,7819.95,1563.99,0
2025-09-06,ST14,SKU000699,12,28098.0,2341.5,0
2025-09-06,ST15,SKU002747,7,7255.92,1036.56,0
2025-09-06,ST16,SKU001942,9,21171.15,2352.35,0
2025-09-06,ST19,SKU001840,21,16480.59,784.79,0
2025-09-06,ST20,SKU000776,25,36826.25,1473.05,0
2025-09-06,ST20,SKU002163,2,3531.28,1765.64,0
2025-09-06,ST21,SKU001846,25,11061.25,442.45,0
2025-09-06,ST23,SKU000618,15,33485.55,2232.37,0
2025-09-06,ST24,SKU003276,25,12076.0,483.04,0
2025-09-06,ST25,SKU000698,13,29645.07,2280.39,0
2025-09-06,ST27,SKU001473,0,0.0,1968.71,0
2025-09-06,ST28,SKU002865,5,2633.15,526.63,0
2025-09-06,ST29,SKU003907,1,1341.32,1341.32,0
2025-09-07,ST01,SKU002179,17,13935.92,819.76,0
2025-09-07,ST01,SKU003681,25,32509.25,1300.37,1
2025-09-07,ST03,SKU000952,14,15294.72,1092.48,0
2025-09-07,ST04,SKU002322,17,12178.46,716.38,1
2025-09-07,ST04,SKU004141,11,21742.05,1976.55,0
2025-09-07,ST05,SKU000905,20,9166.4,458.32,0
2025-09-07,ST06,SKU000420,8,11039.6,1379.95,0
2025-09-07,ST08,SKU000074,10,14303.7,1430.37,0
2025-09-07,ST08,SKU002140,3,4043.88,1347.96,0
2025-09-07,ST08,SKU004288,25,3542.0,141.68,0
2025-09-07,ST12,SKU000070,18,8569.26,476.07,1
2025-09-07,ST12,SKU002636,23,55213.11,2400.57,1
2025-09-07,ST12,SKU004275,7,7302.33,1043.19,0
2025-09-07,ST13,SKU004885,7,11455.85,1636.55,0
2025-09-07,ST14,SKU002144,20,41722.2,2086.11,0
2025-09-07,ST15,SKU001348,18,1787.58,99.31,0
2025-09-07,ST17,SKU002237,21,1561.35,74.35,0
2025-09-07,ST17,SKU004476,12,7817.52,651.46,0
2025-09-07,ST18,SKU000949,8,3885.36,485.67,0
2025-09-07,ST18,SKU004812,19,33576.23,1767.17,1
2025-09-07,ST19,SKU001250,12,14133.72,1177.81,0
2025-09-07,ST19,SKU003415,11,19051.45,1731.95,0
2025-09-07,ST21,SKU000296,13,3152.63,242.51,0
2025-09-07,ST21,SKU000360,16,27031.36,1689.46,0
2025-09-07,ST21,SKU000519,19,29952.55,1576.45,0
2025-09-07,ST21,SKU001282,24,43922.64,1830.11,0
2025-09-07,ST21,SKU003514,19,34144.9,1797.1,0
2025-09-07,ST22,SKU002438,0,0.0,184.31,0
2025-09-07,ST23,SKU003037,21,28861.98,1374.38,0
2025-09-07,ST25,SKU003863,29,10457.4,360.6,0
2025-09-07,ST26,SKU000852,10,24210.8,2421.08,0
2025-09-07,ST26,SKU002500,9,2868.3,318.7,0
2025-09-07,ST27,SKU001680,14,12907.44,921.96,0
2025-09-07,ST27,SKU001863,11,13358.29,1214.39,0
2025-09-07,ST28,SKU002297,2,226.58,113.29,0
2025-09-07,ST29,SKU003159,13,24257.22,1865.94,0
2025-09-08,ST05,SKU001217,35,50741.95,1449.77,1
2025-09-08,ST06,SKU000516,7,4291.42,613.06,0
2025-09-08,ST09,SKU003530,6,1543.62,257.27,0
2025-09-08,ST09,SKU004317,9,7284.69,809.41,0
2025-09-08,ST10,SKU004502,27,62930.25,2330.75,0
2025-09-08,ST12,SKU002848,0,0.0,1203.52,0
2025-09-08,ST13,SKU003173,8,1006.88,125.86,0
2025-09-08,ST14,SKU003639,8,1817.76,227.22,0
2025-09-08,ST15,SKU002059,11,4379.98,398.18,0
2025-09-08,ST18,SKU004139,14,33047.56,2360.54,0
2025-09-08,ST21,SKU002541,19,17165.17,903.43,0
2025-09-08,ST22,SKU001441,13,27012.7,2077.9,0
2025-09-08,ST22,SKU002509,17,9678.44,569.32,0
2025-09-08,ST23,SKU003018,13,28988.83,2229.91,0
2025-09-08,ST24,SKU000711,1,1795.9,1795.9,0
2025-09-08,ST26,SKU003611,12,26720.88,2226.74,1
2025-09-08,ST27,SKU001850,9,1624.77,180.53,0
2025-09-08,ST27,SKU003052,10,3404.1,340.41,0
2025-09-08,ST28,SKU001904,12,13505.28,1125.44,1
2025-09-08,ST30,SKU001537,6,1892.52,315.42,0
2025-09-08,ST30,SKU003297,4,2116.96,529.24,0
2025-09-08,ST30,SKU003823,18,25140.96,1396.72,0
2025-09-09,ST01,SKU001185,2,4010.68,2005.34,0
2025-09-09,ST01,SKU002010,15,36509.1,2433.94,0
2025-09-09,ST02,SKU003025,10,4809.8,480.98,0
2025-09-09,ST03,SKU000221,1,1277.76,1277.76,0
2025-09-09,ST03,SKU001299,16,28363.2,1772.7,0
2025-09-09,ST04,SKU000055,8,16444.0,2055.5,0
2025-09-09,ST06,SKU000592,0,0.0,1625.54,0
2025-09-09,ST06,SKU001237,15,35754.0,2383.6,0
2025-09-09,ST06,SKU001641,4,6764.76,1691.19,0
2025-09-09,ST07,SKU004042,5,3760.7,752.14,0
2025-09-09,ST08,SKU000729,15,20566.65,1371.11,0
2025-09-09,ST08,SKU002336,8,12656.88,1582.11,0
2025-09-09,ST11,SKU002535,22,11289.96,513.18,0
2025-09-09,ST12,SKU000399,3,2986.83,995.61,0
2025-09-09,ST12,SKU002940,6,457.86,76.31,0
2025-09-09,ST14,SKU000850,6,12138.96,2023.16,1
2025-09-09,ST14,SKU002514,11,15883.56,1443.96,0
2025-09-09,ST14,SKU003748,5,4378.1,875.62,1
2025-09-09,ST14,SKU003780,18,8745.3,485.85,0
2025-09-09,ST15,SKU001101,19,17989.39,946.81,1
2025-09-09,ST15,SKU003338,9,8540.73,948.97,0
2025-09-09,ST16,SKU001778,2,3096.44,1548.22,0
2025-09-09,ST17,SKU000132,8,11410.56,1426.32,0
2025-09-09,ST18,SKU002190,21,14656.74,697.94,0
2025-09-09,ST18,SKU002960,8,8136.8,1017.1,0
2025-09-09,ST18,SKU004518,10,5281.5,528.15,0
2025-09-09,ST18,SKU004820,8,1584.08,198.01,0
2025-09-09,ST19,SKU000638,7,964.32,137.76,0
2025-09-09,ST19,SKU001330,9,20993.58,2332.62,0
2025-09-09,ST20,SKU000437,4,6232.88,1558.22,0
2025-09-09,ST20,SKU000566,4,3760.56,940.14,0
2025-09-09,ST21,SKU000737,3,3780.69,1260.23,0
2025-09-09,ST22,SKU003936,13,8959.6,689.2,0
2025-09-09,ST23,SKU001108,33,69678.84,2111.48,1
2025-09-09,ST23,SKU001859,18,40060.26,2225.57,0
2025-09-09,ST24,SKU000184,4,586.0,146.5,0
2025-09-09,ST28,SKU002147,7,2425.64,346.52,0
2025-09-09,ST28,SKU002588,5,9018.3,1803.66,0
2025-09-09,ST29,SKU004528,4,2807.84,701.96,0
2025-09-09,ST30,SKU000197,11,16446.21,1495.11,0
2025-09-10,ST03,SKU001765,5,8648.8,1729.76,0
2025-09-10,ST06,SKU000902,44,90819.96,2064.09,1
2025-09-10,ST06,SKU003219,9,17647.47,1960.83,1
2025-09-10,ST07,SKU002259,3,2490.99,830.33,0
2025-09-10,ST09,SKU001178,22,50837.6,2310.8,0
2025-09-10,ST12,SKU002740,26,11913.2,458.2,1
2025-09-10,ST14,SKU000224,28,22893.92,817.64,0
2025-09-10,ST14,SKU004463,64,154819.84,2419.06,1
2025-09-10,ST15,SKU002083,23,22287.46,969.02,0
2025-09-10,ST15,SKU003950,3,6944.82,2314.94,0
2025-09-10,ST16,SKU000233,5,11428.2,2285.64,0
2025-09-10,ST16,SKU001325,10,16074.3,1607.43,0
2025-09-10,ST16,SKU002836,41,51541.92,1257.12,1
2025-09-10,ST17,SKU002444,3,2698.53,899.51,0
2025-09-10,ST18,SKU002363,7,1131.41,161.63,0
2025-09-10,ST20,SKU000711,19,34122.1,1795.9,0
2025-09-10,ST23,SKU004099,5,5333.2,1066.64,0
2025-09-10,ST23,SKU004464,18,11616.3,645.35,0
2025-09-10,ST24,SKU000860,29,30448.55,1049.95,0
2025-09-10,ST24,SKU000908,4,9440.8,2360.2,0
2025-09-10,ST26,SKU002198,12,26673.12,2222.76,0
2025-09-10,ST27,SKU003934,14,4778.62,341.33,0
2025-09-10,ST27,SKU004605,20,46359.0,2317.95,0
2025-09-11,ST01,SKU000509,2,3048.56,1524.28,0
2025-09-11,ST02,SKU002132,4,2816.08,704.02,0
2025-09-11,ST03,SKU000392,5,2885.1,577.02,0
2025-09-11,ST04,SKU000025,9,10730.52,1192.28,0
2025-09-11,ST04,SKU001686,2,2599.04,1299.52,1
2025-09-11,ST05,SKU003386,12,24243.48,2020.29,0
2025-09-11,ST05,SKU004124,23,8935.5,388.5,0
2025-09-11,ST06,SKU001264,10,16786.7,1678.67,0
2025-09-11,ST08,SKU002495,8,15744.4,1968.05,0
2025-09-11,ST10,SKU000751,6,8220.18,1370.03,0
2025-09-11,ST10,SKU003294,27,19073.07,706.41,1
2025-09-11,ST10,SKU003640,3,5325.63,1775.21,0
2025-09-11,ST11,SKU001904,6,6752.64,1125.44,0
2025-09-11,ST11,SKU003073,13,26417.95,2032.15,0
2025-09-11,ST11,SKU004773,17,7575.03,445.59,1
2025-09-11,ST14,SKU004230,27,38973.69,1443.47,0
2025-09-11,ST18,SKU003383,10,7155.3,715.53,0
2025-09-11,ST18,SKU003463,9,11141.28,1237.92,0
2025-09-11,ST18,SKU004369,3,7138.56,2379.52,0
2025-09-11,ST19,SKU001152,27,31467.15,1165.45,0
2025-09-11,ST19,SKU004285,10,12183.2,1218.32,1
2025-09-11,ST21,SKU003045,20,27215.4,1360.77,0
2025-09-11,ST23,SKU004193,9,11010.15,1223.35,0
2025-09-11,ST24,SKU003755,6,4664.1,777.35,0
2025-09-11,ST25,SKU003533,6,1292.34,215.39,0
2025-09-11,ST27,SKU001595,26,12633.92,485.92,1
2025-09-11,ST28,SKU004363,7,15206.38,2172.34,0
2025-09-11,ST30,SKU003182,16,25750.72,1609.42,0
2025-09-12,ST02,SKU003946,15,20552.85,1370.19,0
2025-09-12,ST05,SKU000984,22,40100.5,1822.75,0
2025-09-12,ST05,SKU003454,10,18828.8,1882.88,0
2025-09-12,ST05,SKU003756,9,6180.93,686.77,0
2025-09-12,ST05,SKU003854,22,31099.86,1413.63,0
2025-09-12,ST06,SKU001152,12,13985.4,1165.45,1
2025-09-12,ST07,SKU000156,21,33410.58,1590.98,0
2025-09-12,ST07,SKU001335,21,46940.25,2235.25,0
2025-09-12,ST08,SKU001169,0,0.0,239.78,0
2025-09-12,ST08,SKU003928,12,26273.52,2189.46,0
2025-09-12,ST10,SKU002140,18,24263.28,1347.96,0
2025-09-12,ST11,SKU003119,16,13272.16,829.51,1
2025-09-12,ST11,SKU003928,2,4378.92,2189.46,0
2025-09-12,ST13,SKU000341,12,5464.92,455.41,0
2025-09-12,ST13,SKU001878,8,4626.08,578.26,0
2025-09-12,ST14,SKU004187,2,2859.7,1429.85,0
2025-09-12,ST15,SKU003811,20,5575.6,278.78,1
2025-09-12,ST15,SKU003888,0,0.0,211.39,1
2025-09-12,ST16,SKU002478,18,18626.22,1034.79,0
2025-09-12,ST17,SKU001972,6,14713.62,2452.27,0
2025-09-12,ST22,SKU004982,2,3245.14,1622.57,0
2025-09-12,ST23,SKU000734,11,9870.52,897.32,0
2025-09-12,ST23,SKU002385,4,6921.24,1730.31,1
2025-09-12,ST24,SKU001656,4,6341.16,1585.29,0
2025-09-12,ST24,SKU003911,3,5987.49,1995.83,0
2025-09-12,ST25,SKU003494,10,2747.1,274.71,0
2025-09-12,ST26,SKU004342,13,21271.51,1636.27,1
2025-09-12,ST26,SKU004643,0,0.0,1694.99,0
2025-09-12,ST27,SKU001637,25,26778.25,1071.13,0
2025-09-12,ST29,SKU000053,19,41431.02,2180.58,0
2025-09-12,ST29,SKU001927,16,6809.28,425.58,0
2025-09-12,ST29,SKU002368,4,4811.52,1202.88,0
2025-09-12,ST30,SKU002332,14,1622.04,115.86,0
2025-09-13,ST02,SKU001327,7,1989.54,284.22,0
2025-09-13,ST02,SKU003667,26,36416.12,1400.62,0
2025-09-13,ST04,SKU000556,7,1307.11,186.73,0
2025-09-13,ST05,SKU001704,7,6130.39,875.77,0
2025-09-13,ST07,SKU000392,34,19618.68,577.02,1
2025-09-13,ST09,SKU003387,4,8353.4,2088.35,0
2025-09-13,ST10,SKU001629,4,1750.32,437.58,0
2025-09-13,ST11,SKU001809,30,70301.4,2343.38,1
2025-09-13,ST11,SKU002263,3,4255.86,1418.62,0
2025-09-13,ST12,SKU002303,32,73048.32,2282.76,1
2025-09-13,ST12,SKU004223,7,10290.49,1470.07,0
2025-09-13,ST12,SKU004551,0,0.0,464.68,0
2025-09-13,ST13,SKU000864,12,14683.92,1223.66,0
2025-09-13,ST14,SKU001612,6,5574.24,929.04,0
2025-09-13,ST15,SKU001237,5,11918.0,2383.6,1
2025-09-13,ST15,SKU002038,12,13959.84,1163.32,0
2025-09-13,ST15,SKU004876,7,2795.31,399.33,0
2025-09-13,ST16,SKU002341,25,36979.0,1479.16,0
2025-09-13,ST16,SKU002675,15,22291.5,1486.1,1
2025-09-13,ST18,SKU001216,18,29093.04,1616.28,1
2025-09-13,ST18,SKU004327,9,22419.54,2491.06,0
2025-09-13,ST19,SKU001164,22,33771.54,1535.07,1
2025-09-13,ST19,SKU004291,10,1622.8,162.28,0
2025-09-13,ST20,SKU004101,55,90886.4,1652.48,1
2025-09-13,ST21,SKU001661,4,5207.44,1301.86,0
2025-09-13,ST21,SKU002751,14,9373.0,669.5,0
2025-09-13,ST21,SKU004485,2,3365.14,1682.57,0
2025-09-13,ST25,SKU002146,31,19543.02,630.42,0
2025-09-13,ST25,SKU004824,7,17133.48,2447.64,0
2025-09-13,ST26,SKU004169,3,5447.49,1815.83,0
2025-09-13,ST27,SKU001654,4,4193.28,1048.32,0
2025-09-13,ST30,SKU002790,4,3136.16,784.04,1
2025-09-13,ST30,SKU004502,18,41953.5,2330.75,0
2025-09-14,ST01,SKU004735,9,21495.51,2388.39,0
2025-09-14,ST02,SKU001493,6,4057.26,676.21,0
2025-09-14,ST03,SKU004994,6,8060.94,1343.49,1
2025-09-14,ST04,SKU002789,14,2275.0,162.5,0
2025-09-14,ST06,SKU003145,15,31903.65,2126.91,0
2025-09-14,ST07,SKU002456,4,6675.96,1668.99,0
2025-09-14,ST07,SKU003462,14,27499.78,1964.27,0
2025-09-14,ST08,SKU000403,20,44828.6,2241.43,0
2025-09-14,ST09,SKU003257,20,37182.6,1859.13,0
2025-09-14,ST11,SKU004798,9,12394.44,1377.16,0
2025-09-14,ST12,SKU001914,11,7762.26,705.66,0
2025-09-14,ST13,SKU000291,14,18258.52,1304.18,0
2025-09-14,ST13,SKU001862,13,28447.12,2188.24,1
2025-09-14,ST13,SKU002256,6,5334.9,889.15,0
2025-09-14,ST13,SKU003210,24,13247.04,551.96,0
2025-09-14,ST16,SKU002004,8,16032.48,2004.06,0
2025-09-14,ST17,SKU003825,11,11406.89,1036.99,0
2025-09-14,ST18,SKU001352,12,21518.16,1793.18,0
2025-09-14,ST18,SKU003698,6,8471.76,1411.96,0
2025-09-14,ST19,SKU000802,16,29671.2,1854.45,0
2025-09-14,ST22,SKU000082,3,2486.55,828.85,0
2025-09-14,ST22,SKU000754,14,10179.54,727.11,0
2025-09-14,ST22,SKU002228,9,4535.46,503.94,0
2025-09-14,ST22,SKU003145,17,36157.47,2126.91,0
2025-09-14,ST25,SKU002182,14,19605.32,1400.38,0
2025-09-14,ST25,SKU002905,12,19788.72,1649.06,0
2025-09-14,ST26,SKU003899,7,4666.62,666.66,0
2025-09-14,ST27,SKU004019,12,14257.56,1188.13,0
2025-09-14,ST28,SKU000376,6,5493.78,915.63,0
2025-09-14,ST28,SKU002138,13,28500.94,2192.38,1
2025-09-14,ST29,SKU004736,9,7943.85,882.65,0
2025-09-15,ST04,SKU001762,18,41707.26,2317.07,0
2025-09-15,ST04,SKU004314,27,34794.9,1288.7,1
2025-09-15,ST05,SKU001180,26,31170.88,1198.88,1
2025-09-15,ST05,SKU002274,10,23699.5,2369.95,1
2025-09-15,ST06,SKU003377,20,45194.6,2259.73,0
2025-09-15,ST07,SKU000013,16,35831.2,2239.45,0
2025-09-15,ST10,SKU000930,15,3614.4,240.96,1
2025-09-15,ST10,SKU003790,23,36541.25,1588.75,0
2025-09-15,ST10,SKU004753,10,16236.3,1623.63,0
2025-09-15,ST11,SKU001556,12,8173.2,681.1,1
2025-09-15,ST12,SKU000057,4,1315.08,328.77,0
2025-09-15,ST12,SKU001334,19,6149.92,323.68,0
2025-09-15,ST12,SKU003878,14,12327.56,880.54,0
2025-09-15,ST13,SKU004671,10,5872.6,587.26,0
2025-09-15,ST15,SKU002282,26,58673.42,2256.67,1
2025-09-15,ST16,SKU000225,8,15004.32,1875.54,1
2025-09-15,ST17,SKU003243,5,9857.2,1971.44,0
2025-09-15,ST17,SKU004276,15,20656.65,1377.11,0
2025-09-15,ST18,SKU003851,20,35437.2,1771.86,0
2025-09-15,ST20,SKU004984,5,9784.55,1956.91,0
2025-09-15,ST21,SKU001275,9,21098.43,2344.27,1
2025-09-15,ST22,SKU002803,11,27487.24,2498.84,1
2025-09-15,ST23,SKU001844,11,7415.32,674.12,0
2025-09-15,ST23,SKU002591,5,7073.75,1414.75,0
2025-09-15,ST23,SKU003432,4,8614.56,2153.64,0
2025-09-15,ST23,SKU004103,34,11603.52,341.28,0
2025-09-15,ST23,SKU004372,8,8940.48,1117.56,0
2025-09-15,ST24,SKU004971,22,41932.22,1906.01,0
2025-09-15,ST25,SKU003804,20,40865.8,2043.29,0
2025-09-15,ST26,SKU000509,8,12194.24,1524.28,0
2025-09-15,ST30,SKU000293,4,2046.32,511.58,0
2025-09-15,ST30,SKU002777,4,3332.68,833.17,0
2025-09-15,ST30,SKU002964,13,29815.5,2293.5,1
2025-09-16,ST01,SKU000196,11,4602.84,418.44,0
2025-09-16,ST01,SKU002440,21,33024.81,1572.61,0
2025-09-16,ST02,SKU001244,6,8162.52,1360.42,0
2025-09-16,ST02,SKU001305,19,22762.95,1198.05,1
2025-09-16,ST02,SKU003347,5,4217.85,843.57,0
2025-09-16,ST03,SKU003139,2,2531.88,1265.94,0
2025-09-16,ST05,SKU000916,6,2550.66,425.11,0
2025-09-16,ST05,SKU002090,0,0.0,1811.24,0
2025-09-16,ST07,SKU001539,8,10193.6,1274.2,0
2025-09-16,ST07,SKU001677,6,5858.94,976.49,0
2025-09-16,ST08,SKU004536,23,4197.5,182.5,0
2025-09-16,ST09,SKU003951,9,1243.17,138.13,0
2025-09-16,ST10,SKU001393,6,4362.18,727.03,0
2025-09-16,ST10,SKU004450,4,7340.6,1835.15,0
2025-09-16,ST11,SKU001116,2,4654.88,2327.44,0
2025-09-16,ST11,SKU002159,17,27288.06,1605.18,0
2025-09-16,ST11,SKU002580,11,11432.74,1039.34,0
2025-09-16,ST11,SKU003563,3,4566.75,1522.25,0
2025-09-16,ST12,SKU001052,15,16318.2,1087.88,1
2025-09-16,ST14,SKU003039,2,4641.38,2320.69,0
2025-09-16,ST17,SKU002556,20,1126.4,56.32,0
2025-09-16,ST17,SKU004668,12,4372.44,364.37,1
2025-09-16,ST18,SKU001662,5,8424.3,1684.86,0
2025-09-16,ST19,SKU000537,15,35044.65,2336.31,0
2025-09-16,ST19,SKU002433,18,37786.32,2099.24,0
2025-09-16,ST19,SKU003938,6,5966.94,994.49,1
2025-09-16,ST20,SKU001882,12,16269.12,1355.76,0
2025-09-16,ST20,SKU004547,46,11641.22,253.07,1
2025-09-16,ST21,SKU002665,7,8284.5,1183.5,0
2025-09-16,ST22,SKU000516,4,2452.24,613.06,1
2025-09-16,ST23,SKU000894,14,6851.46,489.39,0
2025-09-16,ST23,SKU003884,13,19100.25,1469.25,0
2025-09-16,ST23,SKU004241,9,17591.67,1954.63,0
2025-09-16,ST24,SKU000076,17,26927.49,1583.97,0
2025-09-16,ST24,SKU000769,14,797.16,56.94,0
2025-09-16,ST25,SKU000552,10,17179.9,1717.99,0
2025-09-16,ST25,SKU002550,13,12201.67,938.59,1
2025-09-16,ST25,SKU003943,3,6240.81,2080.27,0
2025-09-16,ST25,SKU004445,2,1344.4,672.2,0
2025-09-16,ST25,SKU004947,1,2261.95,2261.95,0
2025-09-16,ST27,SKU001800,6,3392.46,565.41,0
2025-09-16,ST27,SKU004461,5,1140.5,228.1,0
2025-09-16,ST28,SKU002445,13,9840.35,756.95,0
2025-09-16,ST28,SKU003055,17,19101.71,1123.63,0
2025-09-16,ST28,SKU003402,26,14564.94,560.19,0
2025-09-16,ST29,SKU004221,12,18317.4,1526.45,0
2025-09-16,ST30,SKU000084,5,2047.5,409.5,0
2025-09-16,ST30,SKU001951,16,34051.52,2128.22,0
2025-09-16,ST30,SKU004842,12,28679.52,2389.96,0
2025-09-17,ST01,SKU001537,14,4415.88,315.42,0
2025-09-17,ST01,SKU003207,10,1257.2,125.72,0
2025-09-17,ST02,SKU001403,4,3134.24,783.56,0
2025-09-17,ST03,SKU002892,8,3825.2,478.15,0
2025-09-17,ST04,SKU003869,4,252.72,63.18,1
2025-09-17,ST07,SKU001675,7,6978.16,996.88,0
2025-09-17,ST07,SKU003490,4,313.24,78.31,1
2025-09-17,ST11,SKU000022,10,20479.9,2047.99,0
2025-09-17,ST12,SKU001735,3,7249.14,2416.38,0
2025-09-17,ST13,SKU004680,9,13006.26,1445.14,0
2025-09-17,ST14,SKU000715,16,33232.64,2077.04,1
2025-09-17,ST14,SKU001412,4,5388.24,1347.06,0
2025-09-17,ST14,SKU001712,20,6422.8,321.14,0
2025-09-17,ST16,SKU000415,17,35378.7,2081.1,0
2025-09-17,ST16,SKU000846,7,17369.8,2481.4,0
2025-09-17,ST16,SKU004078,3,4423.74,1474.58,0
2025-09-17,ST17,SKU003504,19,35951.99,1892.21,0
2025-09-17,ST19,SKU001617,9,17633.07,1959.23,0
2025-09-17,ST20,SKU001176,16,11979.2,748.7,0
2025-09-17,ST20,SKU001769,43,100465.63,2336.41,0
2025-09-17,ST21,SKU000719,25,2335.5,93.42,0
2025-09-17,ST21,SKU003869,6,379.08,63.18,1
2025-09-17,ST22,SKU002383,24,3963.12,165.13,0
2025-09-17,ST22,SKU003047,37,48168.45,1301.85,1
2025-09-17,ST23,SKU002679,46,49813.86,1082.91,1
2025-09-17,ST23,SKU003516,2,3306.08,1653.04,0
2025-09-17,ST24,SKU000052,13,27995.76,2153.52,0
2025-09-17,ST24,SKU002281,21,1340.22,63.82,0
2025-09-17,ST26,SKU001961,16,35521.76,2220.11,1
2025-09-17,ST26,SKU004049,6,2659.62,443.27,0
2025-09-17,ST28,SKU001377,10,9066.1,906.61,0
2025-09-17,ST28,SKU003170,8,18617.36,2327.17,0
2025-09-17,ST29,SKU003098,11,10881.31,989.21,0
2025-09-18,ST01,SKU000827,12,3848.64,320.72,0
2025-09-18,ST03,SKU000616,12,6735.6,561.3,0
2025-09-18,ST03,SKU001552,10,21143.0,2114.3,0
2025-09-18,ST03,SKU003688,3,2207.37,735.79,0
2025-09-18,ST05,SKU004583,18,27351.72,1519.54,0
2025-09-18,ST07,SKU000516,20,12261.2,613.06,0
2025-09-18,ST07,SKU000926,38,37328.92,982.34,0
2025-09-18,ST07,SKU000941,10,17686.7,1768.67,0
2025-09-18,ST07,SKU003247,12,9043.32,753.61,0
2025-09-18,ST08,SKU000096,8,16651.52,2081.44,0
2025-09-18,ST08,SKU000843,8,6852.08,856.51,0
2025-09-18,ST10,SKU002141,32,6576.32,205.51,1
2025-09-18,ST10,SKU003963,14,33984.3,2427.45,1
2025-09-18,ST12,SKU002819,12,6376.56,531.38,1
2025-09-18,ST12,SKU003327,16,13839.68,864.98,0
2025-09-18,ST13,SKU002391,7,837.27,119.61,0
2025-09-18,ST14,SKU002775,14,10998.54,785.61,0
2025-09-18,ST15,SKU002667,5,8390.7,1678.14,0
2025-09-18,ST16,SKU003682,27,61127.73,2263.99,1
2025-09-18,ST18,SKU000220,17,29187.3,1716.9,1
2025-09-18,ST18,SKU004082,11,23206.15,2109.65,0
2025-09-18,ST19,SKU002540,11,8751.71,795.61,0
2025-09-18,ST19,SKU002714,11,13749.34,1249.94,0
2025-09-18,ST20,SKU000101,9,989.55,109.95,0
2025-09-18,ST22,SKU002766,3,2167.59,722.53,0
2025-09-18,ST24,SKU004975,14,11790.1,842.15,0
2025-09-18,ST26,SKU003577,18,15677.1,870.95,0
2025-09-18,ST26,SKU003582,15,16203.15,1080.21,0
2025-09-18,ST27,SKU003098,16,15827.36,989.21,1
2025-09-18,ST29,SKU003414,17,11945.9,702.7,0
2025-09-18,ST30,SKU003110,21,36029.7,1715.7,0
2025-09-19,ST01,SKU002345,32,37275.2,1164.85,0
2025-09-19,ST01,SKU003493,20,35094.0,1754.7,0
2025-09-19,ST01,SKU004955,34,19372.18,569.77,0
2025-09-19,ST02,SKU000589,6,341.58,56.93,0
2025-09-19,ST02,SKU002609,13,17720.69,1363.13,0
2025-09-19,ST04,SKU003872,4,966.12,241.53,0
2025-09-19,ST04,SKU004014,18,28151.82,1563.99,0
2025-09-19,ST05,SKU001519,0,0.0,446.99,0
2025-09-19,ST05,SKU004296,5,5143.2,1028.64,0
2025-09-19,ST05,SKU004385,5,5854.4,1170.88,0
2025-09-19,ST06,SKU002503,5,8167.65,1633.53,0
2025-09-19,ST07,SKU001827,16,26336.8,1646.05,0
2025-09-19,ST08,SKU004480,9,22384.62,2487.18,0
2025-09-19,ST09,SKU002199,5,1096.55,219.31,1
2025-09-19,ST10,SKU001329,10,15372.2,1537.22,0
2025-09-19,ST11,SKU001437,5,4891.2,978.24,0
2025-09-19,ST11,SKU004657,12,3926.52,327.21,0
2025-09-19,ST14,SKU001934,11,21743.7,1976.7,0
2025-09-19,ST14,SKU004258,7,9135.14,1305.02,1
2025-09-19,ST16,SKU000668,4,8250.6,2062.65,1
2025-09-19,ST16,SKU003922,22,11292.82,513.31,0
2025-09-19,ST17,SKU004309,27,55664.01,2061.63,0
2025-09-19,ST18,SKU000511,3,2904.45,968.15,1
2025-09-19,ST19,SKU004419,6,12241.92,2040.32,0
2025-09-19,ST20,SKU002390,8,11473.36,1434.17,0
2025-09-19,ST20,SKU003140,8,19166.0,2395.75,0
2025-09-19,ST21,SKU003479,6,5723.58,953.93,0
2025-09-19,ST22,SKU004920,0,0.0,2086.76,0
2025-09-19,ST23,SKU000203,10,16865.6,1686.56,0
2025-09-19,ST23,SKU003610,16,16852.64,1053.29,0
2025-09-19,ST25,SKU003201,11,3265.13,296.83,0
2025-09-19,ST26,SKU002810,3,3646.53,1215.51,0
2025-09-19,ST26,SKU004953,7,16687.72,2383.96,0
2025-09-19,ST27,SKU000708,4,9772.56,2443.14,0
2025-09-19,ST28,SKU000866,3,3053.82,1017.94,0
2025-09-19,ST29,SKU001749,10,13136.3,1313.63,1
2025-09-19,ST29,SKU002257,9,15362.01,1706.89,0
2025-09-19,ST29,SKU002870,13,11456.12,881.24,0
2025-09-20,ST01,SKU001822,22,1400.96,63.68,0
2025-09-20,ST02,SKU001004,6,11890.32,1981.72,0
2025-09-20,ST04,SKU003931,26,49222.94,1893.19,0
2025-09-20,ST07,SKU003756,8,5494.16,686.77,0
2025-09-20,ST08,SKU000843,4,3426.04,856.51,0
2025-09-20,ST08,SKU001791,30,44886.3,1496.21,0
2025-09-20,ST08,SKU001930,5,4416.75,883.35,1
2025-09-20,ST09,SKU003354,26,2588.04,99.54,1
2025-09-20,ST09,SKU003749,4,8496.2,2124.05,0
2025-09-20,ST09,SKU004978,6,2912.64,485.44,0
2025-09-20,ST10,SKU001391,4,9820.92,2455.23,0
2025-09-20,ST10,SKU001640,22,27812.18,1264.19,0
2025-09-20,ST10,SKU002763,4,3431.52,857.88,0
2025-09-20,ST11,SKU000001,2,4052.86,2026.43,0
2025-09-20,ST11,SKU000162,37,47842.11,1293.03,0
2025-09-20,ST12,SKU002968,6,12196.14,2032.69,0
2025-09-20,ST12,SKU004189,27,36211.86,1341.18,0
2025-09-20,ST13,SKU002119,11,7827.27,711.57,0
2025-09-20,ST15,SKU004610,54,67534.02,1250.63,1
2025-09-20,ST16,SKU003836,33,5933.4,179.8,1
2025-09-20,ST19,SKU003585,25,3810.5,152.42,0
2025-09-20,ST19,SKU003766,11,18932.43,1721.13,0
2025-09-20,ST20,SKU000304,8,8215.76,1026.97,0
2025-09-20,ST20,SKU000918,1,54.53,54.53,0
2025-09-20,ST20,SKU000976,19,4484.76,236.04,0
2025-09-20,ST20,SKU002430,7,3424.26,489.18,0
2025-09-20,ST21,SKU001712,8,2569.12,321.14,0
2025-09-20,ST21,SKU004475,4,5109.96,1277.49,0
2025-09-20,ST22,SKU000277,10,24423.9,2442.39,0
2025-09-20,ST23,SKU000905,14,6416.48,458.32,0
2025-09-20,ST27,SKU002432,35,25813.2,737.52,1
2025-09-20,ST27,SKU003865,7,12066.88,1723.84,0
2025-09-20,ST28,SKU001640,0,0.0,1264.19,0
2025-09-20,ST29,SKU001856,17,1845.69,108.57,0
2025-09-20,ST29,SKU002772,1,2013.25,2013.25,0
2025-09-20,ST30,SKU003220,4,1592.92,398.23,0
2025-09-21,ST01,SKU004980,16,27700.16,1731.26,0
2025-09-21,ST02,SKU000459,16,22792.8,1424.55,0
2025-09-21,ST04,SKU000122,18,22562.46,1253.47,0
2025-09-21,ST04,SKU002128,11,25780.26,2343.66,0
2025-09-21,ST04,SKU004279,10,11759.3,1175.93,0
2025-09-21,ST04,SKU004900,12,28556.28,2379.69,0
2025-09-21,ST05,SKU001200,8,6440.8,805.1,0
2025-09-21,ST05,SKU004203,22,43509.84,1977.72,0
2025-09-21,ST07,SKU000777,3,3053.19,1017.73,0
2025-09-21,ST07,SKU004444,21,14597.73,695.13,1
2025-09-21,ST08,SKU001580,2,165.52,82.76,0
2025-09-21,ST12,SKU003191,36,36388.08,1010.78,0
2025-09-21,ST12,SKU004167,36,46591.2,1294.2,1
2025-09-21,ST13,SKU004999,17,42325.41,2489.73,0
2025-09-21,ST14,SKU001074,14,3242.12,231.58,0
2025-09-21,ST14,SKU002720,8,14128.08,1766.01,0
2025-09-21,ST15,SKU003632,3,6625.89,2208.63,0
2025-09-21,ST16,SKU001945,10,9862.5,986.25,0
2025-09-21,ST18,SKU001174,0,0.0,1732.04,0
2025-09-21,ST18,SKU004746,15,10900.05,726.67,0
2025-09-21,ST19,SKU001367,6,4378.68,729.78,1
2025-09-21,ST19,SKU002020,5,808.45,161.69,0
2025-09-21,ST22,SKU003476,5,9065.15,1813.03,0
2025-09-21,ST22,SKU003894,4,7430.84,1857.71,0
2025-09-21,ST23,SKU002828,12,20724.12,1727.01,1
2025-09-21,ST23,SKU003070,13,12136.15,933.55,1
2025-09-21,ST24,SKU000049,9,19115.19,2123.91,0
2025-09-21,ST27,SKU001843,6,2715.72,452.62,0
2025-09-21,ST30,SKU001119,16,38122.4,2382.65,0
2025-09-21,ST30,SKU004114,0,0.0,1710.35,1
2025-09-22,ST01,SKU001908,23,27213.37,1183.19,1
2025-09-22,ST03,SKU000474,42,34956.6,832.3,0
2025-09-22,ST04,SKU000956,15,11094.45,739.63,0
2025-09-22,ST04,SKU001164,6,9210.42,1535.07,0
2025-09-22,ST04,SKU001215,21,23556.96,1121.76,0
2025-09-22,ST05,SKU003595,13,10733.32,825.64,0
2025-09-22,ST05,SKU004773,17,7575.03,445.59,1
2025-09-22,ST09,SKU001438,11,8488.48,771.68,0
2025-09-22,ST09,SKU003342,3,5542.14,1847.38,0
2025-09-22,ST13,SKU001662,15,25272.9,1684.86,1
2025-09-22,ST15,SKU002459,10,6627.6,662.76,0
2025-09-22,ST17,SKU004790,11,25775.53,2343.23,0
2025-09-22,ST20,SKU001717,5,4816.2,963.24,0
2025-09-22,ST23,SKU000292,17,38350.81,2255.93,1
2025-09-22,ST23,SKU003290,4,9087.0,2271.75,0
2025-09-22,ST23,SKU004719,0,0.0,2016.19,1
2025-09-22,ST24,SKU002018,12,18853.56,1571.13,0
2025-09-22,ST25,SKU003050,0,0.0,2476.08,1
2025-09-22,ST26,SKU000134,17,3189.37,187.61,0
2025-09-22,ST26,SKU000881,15,31038.75,2069.25,0
2025-09-22,ST29,SKU002773,20,14213.8,710.69,0
2025-09-23,ST02,SKU002463,15,20790.75,1386.05,0
2025-09-23,ST05,SKU001577,11,1627.56,147.96,1
2025-09-23,ST13,SKU000084,4,1638.0,409.5,0
2025-09-23,ST14,SKU003396,25,56584.5,2263.38,1
2025-09-23,ST15,SKU002594,10,1744.7,174.47,0
2025-09-23,ST16,SKU004063,29,51132.51,1763.19,1
2025-09-23,ST17,SKU001952,3,4797.9,1599.3,0
2025-09-23,ST17,SKU002807,18,35408.52,1967.14,1
2025-09-23,ST18,SKU000628,25,40230.5,1609.22,1
2025-09-23,ST18,SKU003459,1,995.15,995.15,0
2025-09-23,ST18,SKU003938,11,10939.39,994.49,0
2025-09-23,ST19,SKU000687,9,21912.84,2434.76,0
2025-09-23,ST19,SKU002488,23,42592.78,1851.86,1
2025-09-23,ST20,SKU001918,4,1813.64,453.41,0
2025-09-23,ST20,SKU003749,3,6372.15,2124.05,0
2025-09-23,ST21,SKU002411,32,20767.68,648.99,0
2025-09-23,ST21,SKU004513,12,7973.28,664.44,0
2025-09-23,ST22,SKU001328,33,22566.72,683.84,0
2025-09-23,ST23,SKU004046,10,8550.8,855.08,0
2025-09-23,ST23,SKU004980,3,5193.78,1731.26,1
2025-09-23,ST24,SKU003802,24,25968.48,1082.02,0
2025-09-23,ST25,SKU003818,9,6510.69,723.41,0
2025-09-23,ST25,SKU004961,17,40658.9,2391.7,0
2025-09-23,ST27,SKU001302,10,21939.8,2193.98,1
2025-09-23,ST27,SKU002300,0,0.0,1324.81,0
2025-09-23,ST27,SKU002488,20,37037.2,1851.86,0
2025-09-23,ST27,SKU003232,11,17805.81,1618.71,0
2025-09-23,ST29,SKU003607,3,7046.55,2348.85,0
2025-09-23,ST29,SKU003900,18,13690.98,760.61,1
2025-09-23,ST30,SKU001629,14,6126.12,437.58,0
2025-09-24,ST02,SKU004360,9,13903.02,1544.78,1
2025-09-24,ST03,SKU003601,6,10072.2,1678.7,0
2025-09-24,ST05,SKU003071,7,6997.9,999.7,0
2025-09-24,ST05,SKU004527,14,23862.02,1704.43,0
2025-09-24,ST05,SKU004934,9,10065.06,1118.34,0
2025-09-24,ST06,SKU001050,0,0.0,2453.84,0
2025-09-24,ST07,SKU002563,11,10561.43,960.13,0
2025-09-24,ST09,SKU003073,4,8128.6,2032.15,0
2025-09-24,ST10,SKU000392,5,2885.1,577.02,0
2025-09-24,ST10,SKU004826,14,13557.6,968.4,0
2025-09-24,ST11,SKU001230,25,12478.5,499.14,0
2025-09-24,ST12,SKU000391,19,26761.69,1408.51,1
2025-09-24,ST12,SKU002179,10,8197.6,819.76,0
2025-09-24,ST13,SKU001148,0,0.0,612.65,0
2025-09-24,ST14,SKU002022,9,3194.46,354.94,0
2025-09-24,ST14,SKU002994,20,32256.0,1612.8,0
2025-09-24,ST15,SKU003239,8,1291.04,161.38,0
2025-09-24,ST16,SKU002606,17,30030.84,1766.52,0
2025-09-24,ST16,SKU003262,11,12648.35,1149.85,0
2025-09-24,ST17,SKU000675,10,878.4,87.84,1
2025-09-24,ST20,SKU000646,9,13778.82,1530.98,0
2025-09-24,ST20,SKU001743,0,0.0,1477.28,0
2025-09-24,ST21,SKU003006,23,6858.37,298.19,0
2025-09-24,ST21,SKU004313,16,6823.36,426.46,0
2025-09-24,ST21,SKU004634,19,33874.91,1782.89,0
2025-09-24,ST22,SKU000258,16,12787.2,799.2,0
2025-09-24,ST22,SKU003065,1,1312.72,1312.72,0
2025-09-24,ST22,SKU003357,0,0.0,342.99,1
2025-09-24,ST23,SKU003844,16,34651.68,2165.73,0
2025-09-24,ST24,SKU002884,7,14126.7,2018.1,0
2025-09-24,ST25,SKU000427,22,43655.26,1984.33,0
2025-09-24,ST25,SKU000872,22,53150.46,2415.93,0
2025-09-24,ST25,SKU002763,11,9436.68,857.88,0
2025-09-25,ST01,SKU003991,14,28491.96,2035.14,0
2025-09-25,ST01,SKU004742,18,10965.6,609.2,0
2025-09-25,ST02,SKU001023,9,22377.42,2486.38,0
2025-09-25,ST02,SKU003808,8,15226.96,1903.37,0
2025-09-25,ST03,SKU003177,4,8506.6,2126.65,0
2025-09-25,ST03,SKU003360,17,2714.73,159.69,0
2025-09-25,ST03,SKU003587,33,2056.89,62.33,1
2025-09-25,ST04,SKU001028,7,16087.47,2298.21,0
2025-09-25,ST04,SKU002641,21,46724.58,2224.98,0
2025-09-25,ST04,SKU003806,18,37993.14,2110.73,0
2025-09-25,ST05,SKU000057,16,5260.32,328.77,0
2025-09-25,ST07,SKU001326,12,4870.68,405.89,0
2025-09-25,ST07,SKU001675,9,8971.92,996.88,0
2025-09-25,ST11,SKU003360,7,1117.83,159.69,0
2025-09-25,ST11,SKU003755,6,4664.1,777.35,0
2025-09-25,ST11,SKU004976,8,14316.64,1789.58,0
2025-09-25,ST13,SKU001651,14,17533.18,1252.37,0
2025-09-25,ST13,SKU002332,16,1853.76,115.86,1
2025-09-25,ST13,SKU003051,10,974.1,97.41,1
2025-09-25,ST14,SKU001826,28,53711.56,1918.27,0
2025-09-25,ST16,SKU003070,22,20538.1,933.55,0
2025-09-25,ST17,SKU000288,3,5469.96,1823.32,0
2025-09-25,ST17,SKU002450,7,16613.59,2373.37,0
2025-09-25,ST17,SKU002466,7,13749.19,1964.17,0
2025-09-25,ST18,SKU003218,11,18656.22,1696.02,0
2025-09-25,ST18,SKU004969,7,14730.38,2104.34,0
2025-09-25,ST19,SKU004008,18,5004.72,278.04,0
2025-09-25,ST20,SKU004096,3,377.94,125.98,0
2025-09-25,ST20,SKU004853,17,9178.3,539.9,0
2025-09-25,ST22,SKU002408,20,37067.6,1853.38,0
2025-09-25,ST23,SKU000793,4,6930.8,1732.7,1
2025-09-25,ST23,SKU003467,10,10725.5,1072.55,0
2025-09-25,ST24,SKU001655,7,3918.39,559.77,0
2025-09-25,ST24,SKU002101,13,32123.13,2471.01,0
2025-09-25,ST24,SKU004802,3,657.36,219.12,0
2025-09-25,ST25,SKU003123,9,11697.3,1299.7,0
2025-09-25,ST26,SKU000222,14,19291.58,1377.97,1
2025-09-25,ST26,SKU002477,13,19971.12,1536.24,0
2025-09-25,ST28,SKU000113,11,14842.41,1349.31,1
2025-09-25,ST29,SKU004847,20,36192.0,1809.6,1
2025-09-26,ST01,SKU001348,3,297.93,99.31,0
2025-09-26,ST02,SKU000115,5,11567.85,2313.57,0
2025-09-26,ST02,SKU001624,4,2769.16,692.29,0
2025-09-26,ST02,SKU001749,4,5254.52,1313.63,0
2025-09-26,ST02,SKU002752,8,8423.2,1052.9,0
2025-09-26,ST02,SKU002879,3,2537.07,845.69,1
2025-09-26,ST07,SKU004493,8,10134.56,1266.82,0
2025-09-26,ST09,SKU002991,7,5214.37,744.91,0
2025-09-26,ST12,SKU004284,9,15648.3,1738.7,0
2025-09-26,ST13,SKU000089,20,32229.4,1611.47,0
2025-09-26,ST13,SKU000207,13,24540.49,1887.73,0
2025-09-26,ST13,SKU003110,30,51471.0,1715.7,1
2025-09-26,ST15,SKU000263,18,1733.58,96.31,0
2025-09-26,ST16,SKU000128,0,0.0,1976.01,0
2025-09-26,ST16,SKU002865,8,4213.04,526.63,0
2025-09-26,ST17,SKU000477,21,16541.7,787.7,0
2025-09-26,ST18,SKU002516,9,8706.69,967.41,0
2025-09-26,ST18,SKU004726,13,1421.68,109.36,0
2025-09-26,ST19,SKU001379,1,856.82,856.82,1
2025-09-26,ST19,SKU003781,3,557.67,185.89,0
2025-09-26,ST19,SKU004190,9,9328.95,1036.55,0
2025-09-26,ST19,SKU004349,3,426.9,142.3,0
2025-09-26,ST20,SKU000293,8,4092.64,511.58,0
2025-09-26,ST20,SKU000433,10,9847.9,984.79,0
2025-09-26,ST22,SKU004911,4,8224.88,2056.22,0
2025-09-26,ST23,SKU000989,5,12104.3,2420.86,0
2025-09-26,ST23,SKU002278,17,3240.54,190.62,0
2025-09-26,ST25,SKU001632,30,42599.4,1419.98,0
2025-09-26,ST28,SKU001011,18,10930.68,607.26,0
2025-09-26,ST28,SKU001170,24,25149.36,1047.89,0
2025-09-26,ST29,SKU000012,35,39093.95,1116.97,0
2025-09-26,ST29,SKU003505,30,24748.5,824.95,1
2025-09-27,ST02,SKU000760,0,0.0,995.24,0
2025-09-27,ST04,SKU003083,0,0.0,445.76,0
2025-09-27,ST04,SKU004700,13,20930.65,1610.05,0
2025-09-27,ST06,SKU004485,0,0.0,1682.57,1
2025-09-27,ST09,SKU004600,11,27390.88,2490.08,0
2025-09-27,ST11,SKU003205,7,16127.23,2303.89,1
2025-09-27,ST13,SKU000923,27,58422.6,2163.8,0
2025-09-27,ST13,SKU004980,3,5193.78,1731.26,0
2025-09-27,ST14,SKU002687,9,6612.21,734.69,0
2025-09-27,ST15,SKU001086,3,4906.47,1635.49,0
2025-09-27,ST15,SKU002649,2,3632.14,1816.07,0
2025-09-27,ST16,SKU003890,14,27811.7,1986.55,0
2025-09-27,ST17,SKU002776,15,3227.1,215.14,0
2025-09-27,ST18,SKU000487,22,49414.2,2246.1,0
2025-09-27,ST18,SKU001807,0,0.0,935.71,0
2025-09-27,ST19,SKU002481,14,21509.88,1536.42,0
2025-09-27,ST22,SKU000386,21,32712.54,1557.74,0
2025-09-27,ST23,SKU000633,33,76165.65,2308.05,1
2025-09-27,ST23,SKU000726,6,13909.14,2318.19,0
2025-09-27,ST24,SKU000960,17,26787.92,1575.76,0
2025-09-27,ST24,SKU003439,13,7447.31,572.87,1
2025-09-27,ST25,SKU003327,11,9514.78,864.98,0
2025-09-27,ST25,SKU004540,5,9276.05,1855.21,0
2025-09-27,ST28,SKU002530,22,11117.92,505.36,0
2025-09-27,ST28,SKU003344,6,9938.76,1656.46,0
2025-09-27,ST28,SKU004465,12,29017.8,2418.15,0
2025-09-27,ST29,SKU001477,49,46231.5,943.5,0
2025-09-27,ST29,SKU002346,12,4881.84,406.82,0
2025-09-27,ST30,SKU000483,10,20734.8,2073.48,0
2025-09-28,ST01,SKU000825,22,48427.94,2201.27,0
2025-09-28,ST01,SKU002500,29,9242.3,318.7,0
2025-09-28,ST02,SKU001996,8,4341.68,542.71,1
2025-09-28,ST04,SKU000649,13,24779.43,1906.11,0
2025-09-28,ST06,SKU003015,6,6173.88,1028.98,0
2025-09-28,ST10,SKU001058,31,40083.31,1293.01,0
2025-09-28,ST11,SKU000561,5,11504.55,2300.91,0
2025-09-28,ST12,SKU001064,32,14519.04,453.72,0
2025-09-28,ST12,SKU002313,19,42401.16,2231.64,0
2025-09-28,ST13,SKU003696,32,30416.64,950.52,0
2025-09-28,ST14,SKU001632,8,11359.84,1419.98,0
2025-09-28,ST14,SKU004347,23,46833.06,2036.22,0
2025-09-28,ST15,SKU003588,6,5108.22,851.37,0
2025-09-28,ST17,SKU002751,0,0.0,669.5,0
2025-09-28,ST17,SKU004773,20,8911.8,445.59,0
2025-09-28,ST18,SKU001763,28,69452.04,2480.43,1
2025-09-28,ST19,SKU000873,21,34706.28,1652.68,1
2025-09-28,ST19,SKU001667,23,30921.43,1344.41,0
2025-09-28,ST21,SKU000592,38,61770.52,1625.54,0
2025-09-28,ST21,SKU001304,1,1323.69,1323.69,0
2025-09-28,ST21,SKU004769,1,225.83,225.83,1
2025-09-28,ST24,SKU000560,6,9300.6,1550.1,0
2025-09-28,ST27,SKU004493,12,15201.84,1266.82,0
2025-09-28,ST28,SKU003911,9,17962.47,1995.83,0
2025-09-28,ST28,SKU004160,19,14104.65,742.35,0
2025-09-28,ST29,SKU000274,6,3004.62,500.77,0
2025-09-28,ST29,SKU000767,10,18137.3,1813.73,0
2025-09-28,ST29,SKU001600,32,11646.08,363.94,0
2025-09-28,ST30,SKU004918,2,461.08,230.54,0
2025-09-29,ST01,SKU000246,18,26546.58,1474.81,0
2025-09-29,ST01,SKU002534,29,52208.12,1800.28,0
2025-09-29,ST02,SKU003174,14,2026.78,144.77,0
2025-09-29,ST04,SKU001972,31,76020.37,2452.27,1
2025-09-29,ST05,SKU000483,12,24881.76,2073.48,0
2025-09-29,ST06,SKU001383,9,8199.72,911.08,0
2025-09-29,ST10,SKU000727,7,17374.28,2482.04,0
2025-09-29,ST14,SKU001726,16,35152.96,2197.06,0
2025-09-29,ST15,SKU004931,17,6429.74,378.22,0
2025-09-29,ST16,SKU004366,18,39632.4,2201.8,0
2025-09-29,ST17,SKU000181,10,15209.4,1520.94,0
2025-09-29,ST17,SKU003632,12,26503.56,2208.63,1
2025-09-29,ST18,SKU003681,3,3901.11,1300.37,0
2025-09-29,ST19,SKU000195,15,4206.3,280.42,0
2025-09-29,ST19,SKU002949,6,11368.2,1894.7,1
2025-09-29,ST20,SKU000497,5,2165.05,433.01,0
2025-09-29,ST20,SKU000647,10,4649.1,464.91,0
2025-09-29,ST23,SKU000300,14,28472.22,2033.73,0
2025-09-29,ST23,SKU000623,9,12551.4,1394.6,0
2025-09-29,ST23,SKU000669,32,6530.56,204.08,0
2025-09-29,ST23,SKU004257,8,4858.56,607.32,0
2025-09-29,ST25,SKU000732,3,6304.68,2101.56,0
2025-09-29,ST25,SKU001830,20,7414.2,370.71,0
2025-09-29,ST26,SKU004076,20,4570.0,228.5,0
2025-09-29,ST27,SKU004826,47,45514.8,968.4,1
2025-09-29,ST30,SKU002599,1,630.86,630.86,1
2025-09-30,ST01,SKU001501,9,16528.95,1836.55,0
2025-09-30,ST04,SKU002785,10,4994.1,499.41,0
2025-09-30,ST06,SKU002770,13,21402.55,1646.35,0
2025-09-30,ST07,SKU003744,34,35770.04,1052.06,0
2025-09-30,ST08,SKU001091,11,1424.17,129.47,0
2025-09-30,ST08,SKU004705,5,10247.05,2049.41,1
2025-09-30,ST10,SKU003634,20,40007.2,2000.36,0
2025-09-30,ST12,SKU002084,16,19933.92,1245.87,0
2025-09-30,ST12,SKU004606,9,5201.82,577.98,1
2025-09-30,ST15,SKU001701,14,23148.58,1653.47,0
2025-09-30,ST15,SKU003138,18,28875.24,1604.18,0
2025-09-30,ST17,SKU001123,6,11957.22,1992.87,0
2025-09-30,ST18,SKU000719,14,1307.88,93.42,1
2025-09-30,ST18,SKU004611,18,15807.78,878.21,0
2025-09-30,ST22,SKU004287,22,8461.86,384.63,0
2025-09-30,ST22,SKU004829,9,21123.0,2347.0,0
2025-09-30,ST24,SKU003032,0,0.0,1091.69,0
2025-09-30,ST26,SKU002949,26,49262.2,1894.7,0
2025-09-30,ST26,SKU003299,7,2564.94,366.42,0
2025-09-30,ST27,SKU004250,21,30226.98,1439.38,0
2025-09-30,ST28,SKU003135,11,27234.68,2475.88,0
2025-09-30,ST28,SKU004342,13,21271.51,1636.27,0
2025-09-30,ST30,SKU000521,20,7231.6,361.58,1
2025-09-30,ST30,SKU004761,22,47360.06,2152.73,1
2025-10-01,ST01,SKU000228,7,11583.46,1654.78,0
2025-10-01,ST01,SKU001387,16,20020.0,1251.25,0
2025-10-01,ST03,SKU002719,5,727.6,145.52,0
2025-10-01,ST04,SKU000065,25,50995.75,2039.83,0
2025-10-01,ST05,SKU000098,16,25603.52,1600.22,0
2025-10-01,ST05,SKU003532,22,18810.0,855.0,0
2025-10-01,ST06,SKU003253,22,17502.32,795.56,0
2025-10-01,ST08,SKU001937,9,2316.06,257.34,0
2025-10-01,ST11,SKU002258,19,29848.43,1570.97,0
2025-10-01,ST12,SKU002493,11,7604.96,691.36,0
2025-10-01,ST12,SKU002679,28,30321.48,1082.91,0
2025-10-01,ST13,SKU004190,19,19694.45,1036.55,0
2025-10-01,ST14,SKU003123,0,0.0,1299.7,0
2025-10-01,ST15,SKU001086,13,21261.37,1635.49,0
2025-10-01,ST20,SKU003427,6,7790.88,1298.48,0
2025-10-01,ST21,SKU003609,6,10384.5,1730.75,0
2025-10-01,ST24,SKU000932,38,31172.54,820.33,0
2025-10-01,ST25,SKU002573,11,14824.37,1347.67,1
2025-10-01,ST25,SKU003934,13,4437.29,341.33,0
2025-10-01,ST26,SKU001964,14,13920.62,994.33,1
2025-10-01,ST26,SKU003270,18,7238.88,402.16,0
2025-10-01,ST27,SKU001566,4,9036.88,2259.22,1
2025-10-01,ST29,SKU004959,6,2911.5,485.25,0
2025-10-01,ST30,SKU000178,37,43476.85,1175.05,0
2025-10-02,ST01,SKU002763,5,4289.4,857.88,0
2025-10-02,ST03,SKU002292,3,225.99,75.33,0
2025-10-02,ST03,SKU003383,26,18603.78,715.53,0
2025-10-02,ST03,SKU004903,14,34698.72,2478.48,0
2025-10-02,ST04,SKU001479,7,14479.92,2068.56,0
2025-10-02,ST05,SKU000804,12,24866.28,2072.19,0
2025-10-02,ST06,SKU001489,4,649.88,162.47,0
2025-10-02,ST07,SKU001685,8,5698.08,712.26,0
2025-10-02,ST07,SKU002620,23,47070.65,2046.55,0
2025-10-02,ST08,SKU002148,8,17523.04,2190.38,0
2025-10-02,ST08,SKU003343,9,6387.39,709.71,1
2025-10-02,ST09,SKU004659,10,22238.5,2223.85,0
2025-10-02,ST10,SKU003891,2,661.8,330.9,0
2025-10-02,ST12,SKU000817,2,3666.22,1833.11,0
2025-10-02,ST12,SKU003037,23,31610.74,1374.38,0
2025-10-02,ST14,SKU002948,9,21732.84,2414.76,0
2025-10-02,ST14,SKU003324,6,6268.2,1044.7,0
2025-10-02,ST15,SKU001495,10,19943.0,1994.3,0
2025-10-02,ST18,SKU004388,13,10313.29,793.33,1
2025-10-02,ST19,SKU001438,3,2315.04,771.68,0
2025-10-02,ST20,SKU002410,31,1990.2,64.2,0
2025-10-02,ST22,SKU001852,20,39970.0,1998.5,0
2025-10-02,ST23,SKU002417,8,11059.52,1382.44,0
2025-10-02,ST23,SKU004928,16,39823.84,2488.99,0
2025-10-02,ST24,SKU000392,4,2308.08,577.02,0
2025-10-02,ST24,SKU003426,3,3967.59,1322.53,0
2025-10-02,ST25,SKU000258,16,12787.2,799.2,1
2025-10-02,ST28,SKU002160,8,8777.04,1097.13,0
2025-10-02,ST29,SKU002458,7,14218.33,2031.19,0
2025-10-02,ST30,SKU002121,27,66659.49,2468.87,0
2025-10-03,ST01,SKU003909,1,892.48,892.48,0
2025-10-03,ST03,SKU000709,19,20220.94,1064.26,0
2025-10-03,ST04,SKU003697,5,5375.05,1075.01,0
2025-10-03,ST05,SKU003002,5,10850.55,2170.11,0
2025-10-03,ST08,SKU002099,9,14794.83,1643.87,1
2025-10-03,ST09,SKU000945,11,8147.37,740.67,0
2025-10-03,ST10,SKU001209,21,26905.83,1281.23,0
2025-10-03,ST10,SKU002110,11,2315.83,210.53,0
2025-10-03,ST10,SKU002679,21,22741.11,1082.91,0
2025-10-03,ST11,SKU003453,4,9315.8,2328.95,0
2025-10-03,ST12,SKU003790,0,0.0,1588.75,0
2025-10-03,ST14,SKU001938,8,17235.76,2154.47,0
2025-10-03,ST15,SKU003782,8,6207.68,775.96,0
2025-10-03,ST16,SKU002613,7,11779.67,1682.81,0
2025-10-03,ST16,SKU003962,15,18540.6,1236.04,1
2025-10-03,ST20,SKU004599,19,46749.69,2460.51,0
2025-10-03,ST22,SKU003845,1,2250.05,2250.05,0
2025-10-03,ST22,SKU004463,18,43543.08,2419.06,0
2025-10-03,ST23,SKU004123,2,4197.82,2098.91,0
2025-10-03,ST24,SKU004917,6,14096.52,2349.42,0
2025-10-03,ST28,SKU002444,16,14392.16,899.51,0
2025-10-03,ST29,SKU001210,1,560.54,560.54,1
2025-10-03,ST30,SKU004556,1,2020.38,2020.38,0
2025-10-04,ST01,SKU004646,14,15422.82,1101.63,0
2025-10-04,ST02,SKU001285,8,10442.88,1305.36,0
2025-10-04,ST03,SKU003576,38,86645.32,2280.14,0
2025-10-04,ST03,SKU004788,15,5706.0,380.4,0
2025-10-04,ST06,SKU003925,18,27525.24,1529.18,0
2025-10-04,ST07,SKU000566,3,2820.42,940.14,0
2025-10-04,ST09,SKU002350,5,6798.2,1359.64,0
2025-10-04,ST09,SKU004683,12,2572.44,214.37,0
2025-10-04,ST09,SKU004748,11,1405.03,127.73,1
2025-10-04,ST11,SKU003597,1,944.54,944.54,0
2025-10-04,ST12,SKU000940,11,7313.46,664.86,0
2025-10-04,ST13,SKU002843,14,13185.48,941.82,0
2025-10-04,ST13,SKU003895,4,9010.68,2252.67,0
2025-10-04,ST14,SKU001641,6,10147.14,1691.19,1
2025-10-04,ST14,SKU002160,16,17554.08,1097.13,0
2025-10-04,ST17,SKU001697,27,63247.5,2342.5,0
2025-10-04,ST17,SKU002448,5,4269.15,853.83,0
2025-10-04,ST18,SKU003459,6,5970.9,995.15,1
2025-10-04,ST18,SKU003732,3,6938.52,2312.84,0
2025-10-04,ST18,SKU004680,14,20231.96,1445.14,0
2025-10-04,ST19,SKU000600,7,12065.62,1723.66,0
2025-10-04,ST19,SKU002768,7,15922.97,2274.71,0
2025-10-04,ST21,SKU001308,24,42640.56,1776.69,0
2025-10-04,ST22,SKU004683,3,643.11,214.37,0
2025-10-04,ST23,SKU002884,6,12108.6,2018.1,0
2025-10-04,ST24,SKU002826,11,14036.22,1276.02,0
2025-10-04,ST28,SKU001561,50,64832.5,1296.65,1
2025-10-04,ST30,SKU002062,10,22078.0,2207.8,0
2025-10-04,ST30,SKU004682,4,4250.64,1062.66,0
2025-10-05,ST02,SKU001365,37,47229.39,1276.47,0
2025-10-05,ST03,SKU001293,14,15305.08,1093.22,0
2025-10-05,ST04,SKU001313,15,37402.2,2493.48,1
2025-10-05,ST05,SKU001150,1,975.44,975.44,0
2025-10-05,ST05,SKU003069,25,59930.75,2397.23,0
2025-10-05,ST06,SKU002575,17,1297.95,76.35,1
2025-10-05,ST06,SKU004099,0,0.0,1066.64,0
2025-10-05,ST07,SKU003569,28,43321.04,1547.18,0
2025-10-05,ST09,SKU002112,18,13387.86,743.77,0
2025-10-05,ST09,SKU003614,17,1245.25,73.25,0
2025-10-05,ST11,SKU000933,17,939.08,55.24,0
2025-10-05,ST14,SKU000698,5,11401.95,2280.39,0
2025-10-05,ST14,SKU000917,14,31531.08,2252.22,0
2025-10-05,ST15,SKU003451,5,10577.45,2115.49,0
2025-10-05,ST16,SKU002117,27,52983.45,1962.35,0
2025-10-05,ST17,SKU003899,5,3333.3,666.66,0
2025-10-05,ST18,SKU003544,27,9645.21,357.23,0
2025-10-05,ST19,SKU003345,9,16661.7,1851.3,0
2025-10-05,ST20,SKU003283,20,23623.4,1181.17,0
2025-10-05,ST21,SKU000596,7,12158.44,1736.92,0
2025-10-05,ST22,SKU001684,21,50149.26,2388.06,0
2025-10-05,ST24,SKU000767,7,12696.11,1813.73,1
2025-10-05,ST24,SKU002255,12,10172.04,847.67,0
2025-10-05,ST24,SKU003280,2,4712.08,2356.04,0
2025-10-05,ST26,SKU001503,29,57858.19,1995.11,0
2025-10-05,ST27,SKU001316,21,22307.46,1062.26,0
2025-10-05,ST27,SKU003455,59,47319.18,802.02,0
2025-10-05,ST27,SKU004416,18,15755.76,875.32,0
2025-10-05,ST28,SKU000979,6,3359.04,559.84,0
2025-10-05,ST29,SKU003227,7,12672.03,1810.29,0
2025-10-05,ST30,SKU004942,6,1013.82,168.97,0
2025-10-06,ST04,SKU002697,7,8532.23,1218.89,0
2025-10-06,ST06,SKU003223,13,25970.88,1997.76,0
2025-10-06,ST07,SKU000228,23,38059.94,1654.78,0
2025-10-06,ST07,SKU000561,18,41416.38,2300.91,1
2025-10-06,ST08,SKU000520,30,32788.8,1092.96,0
2025-10-06,ST08,SKU002563,11,10561.43,960.13,1
2025-10-06,ST08,SKU003805,0,0.0,82.87,0
2025-10-06,ST11,SKU000115,15,34703.55,2313.57,1
2025-10-06,ST11,SKU002362,1,1942.27,1942.27,1
2025-10-06,ST12,SKU004586,25,20675.25,827.01,0
2025-10-06,ST12,SKU004845,6,9632.58,1605.43,0
2025-10-06,ST13,SKU004322,12,28929.96,2410.83,0
2025-10-06,ST14,SKU004954,8,1803.04,225.38,1
2025-10-06,ST15,SKU000046,7,11657.8,1665.4,1
2025-10-06,ST15,SKU001642,8,12961.44,1620.18,0
2025-10-06,ST16,SKU004421,7,16682.05,2383.15,0
2025-10-06,ST17,SKU004637,8,13930.16,1741.27,0
2025-10-06,ST17,SKU004890,17,35425.45,2083.85,0
2025-10-06,ST18,SKU000486,22,20073.46,912.43,1
2025-10-06,ST18,SKU002064,0,0.0,775.59,0
2025-10-06,ST19,SKU004865,17,9761.91,574.23,0
2025-10-06,ST20,SKU001120,12,1459.92,121.66,0
2025-10-06,ST20,SKU001761,8,1146.56,143.32,0
2025-10-06,ST21,SKU004710,11,16989.61,1544.51,0
2025-10-06,ST22,SKU003511,10,6124.2,612.42,0
2025-10-06,ST22,SKU004635,12,25977.6,2164.8,0
2025-10-06,ST25,SKU004900,27,64251.63,2379.69,1
2025-10-06,ST27,SKU002037,38,70303.8,1850.1,0
2025-10-06,ST29,SKU003044,25,7220.75,288.83,0
2025-10-06,ST29,SKU004074,2,2242.82,1121.41,0
2025-10-06,ST29,SKU004092,28,13916.28,497.01,1
2025-10-06,ST30,SKU000692,15,33250.2,2216.68,0
2025-10-06,ST30,SKU001397,7,10090.78,1441.54,0
2025-10-06,ST30,SKU003707,3,6021.54,2007.18,0
2025-10-07,ST02,SKU002073,6,8352.48,1392.08,0
2025-10-07,ST02,SKU002366,14,21367.36,1526.24,0
2025-10-07,ST02,SKU004995,10,21254.7,2125.47,0
2025-10-07,ST03,SKU002085,6,4511.88,751.98,0
2025-10-07,ST04,SKU001894,31,61826.09,1994.39,0
2025-10-07,ST06,SKU000009,3,2388.48,796.16,0
2025-10-07,ST08,SKU000668,48,99007.2,2062.65,0
2025-10-07,ST08,SKU000719,1,93.42,93.42,0
2025-10-07,ST08,SKU003598,4,9237.76,2309.44,1
2025-10-07,ST09,SKU002655,8,7958.16,994.77,0
2025-10-07,ST10,SKU000464,26,57418.14,2208.39,0
2025-10-07,ST11,SKU001493,5,3381.05,676.21,0
2025-10-07,ST11,SKU003452,11,24965.16,2269.56,0
2025-10-07,ST11,SKU004552,16,8941.92,558.87,0
2025-10-07,ST12,SKU002747,15,15548.4,1036.56,0
2025-10-07,ST12,SKU002924,4,3996.32,999.08,0
2025-10-07,ST13,SKU001246,13,13038.61,1002.97,0
2025-10-07,ST13,SKU004453,37,82865.2,2239.6,0
2025-10-07,ST14,SKU001250,15,17667.15,1177.81,0
2025-10-07,ST14,SKU004425,6,9611.46,1601.91,0
2025-10-07,ST16,SKU004467,0,0.0,786.2,0
2025-10-07,ST16,SKU004813,12,6307.68,525.64,0
2025-10-07,ST17,SKU001701,14,23148.58,1653.47,0
2025-10-07,ST19,SKU001032,13,8951.54,688.58,0
2025-10-07,ST19,SKU003094,7,4286.87,612.41,0
2025-10-07,ST20,SKU004070,11,25712.17,2337.47,1
2025-10-07,ST20,SKU004482,18,14922.36,829.02,0
2025-10-07,ST21,SKU000748,14,2453.92,175.28,0
2025-10-07,ST25,SKU002895,2,831.26,415.63,0
2025-10-07,ST27,SKU001550,8,15293.84,1911.73,0
2025-10-07,ST27,SKU002365,8,802.88,100.36,0
2025-10-07,ST27,SKU004592,9,12684.87,1409.43,1
2025-10-07,ST28,SKU002485,5,3337.75,667.55,0
2025-10-07,ST28,SKU003256,22,17682.06,803.73,0
2025-10-07,ST28,SKU004158,19,25710.61,1353.19,0
2025-10-07,ST28,SKU004334,0,0.0,1995.04,0
2025-10-07,ST29,SKU002589,24,29664.0,1236.0,1
2025-10-07,ST29,SKU003916,14,1441.72,102.98,0
2025-10-07,ST30,SKU001635,16,32500.8,2031.3,0
2025-10-08,ST02,SKU002369,17,19254.54,1132.62,0
2025-10-08,ST03,SKU001557,28,2385.32,85.19,1
2025-10-08,ST03,SKU001907,14,25489.1,1820.65,0
2025-10-08,ST03,SKU002143,3,7028.1,2342.7,0
2025-10-08,ST03,SKU003146,7,14914.2,2130.6,0
2025-10-08,ST03,SKU003772,24,36078.0,1503.25,1
2025-10-08,ST05,SKU002165,32,19637.44,613.67,0
2025-10-08,ST06,SKU004899,6,6106.68,1017.78,0
2025-10-08,ST08,SKU000422,5,6483.4,1296.68,0
2025-10-08,ST08,SKU001298,14,7224.0,516.0,0
2025-10-08,ST08,SKU004028,9,15075.18,1675.02,0
2025-10-08,ST09,SKU001023,3,7459.14,2486.38,1
2025-10-08,ST09,SKU002100,22,47467.2,2157.6,1
2025-10-08,ST10,SKU003296,9,18358.29,2039.81,0
2025-10-08,ST11,SKU002538,5,11851.1,2370.22,0
2025-10-08,ST12,SKU000128,19,37544.19,1976.01,0
2025-10-08,ST12,SKU001749,21,27586.23,1313.63,0
2025-10-08,ST13,SKU003007,8,2719.76,339.97,0
2025-10-08,ST13,SKU004743,10,16091.2,1609.12,0
2025-10-08,ST14,SKU001379,8,6854.56,856.82,0
2025-10-08,ST14,SKU002570,19,28336.03,1491.37,0
2025-10-08,ST18,SKU004805,8,13669.84,1708.73,1
2025-10-08,ST19,SKU003876,19,23548.41,1239.39,0
2025-10-08,ST20,SKU000193,22,41608.16,1891.28,0
2025-10-08,ST20,SKU001388,22,46609.64,2118.62,0
2025-10-08,ST20,SKU002938,28,37646.84,1344.53,1
2025-10-08,ST21,SKU004632,7,13473.74,1924.82,1
2025-10-08,ST22,SKU002542,13,20555.47,1581.19,1
2025-10-08,ST23,SKU000583,11,17395.4,1581.4,0
2025-10-08,ST23,SKU000634,4,7259.96,1814.99,1
2025-10-08,ST24,SKU001692,5,10885.8,2177.16,0
2025-10-08,ST24,SKU004855,21,39644.22,1887.82,1
2025-10-08,ST26,SKU001695,22,11631.84,528.72,0
2025-10-08,ST26,SKU003604,14,27721.82,1980.13,0
2025-10-08,ST26,SKU003955,10,768.9,76.89,1
2025-10-08,ST26,SKU004405,20,9754.0,487.7,0
2025-10-08,ST26,SKU004521,7,8653.47,1236.21,0
2025-10-08,ST27,SKU004394,7,7549.85,1078.55,0
2025-10-08,ST27,SKU004596,18,25855.02,1436.39,1
2025-10-08,ST29,SKU000880,2,1512.5,756.25,0
2025-10-08,ST29,SKU004198,18,33881.4,1882.3,0
2025-10-08,ST30,SKU004997,5,1980.45,396.09,0
2025-10-09,ST02,SKU000706,11,8853.13,804.83,0
2025-10-09,ST02,SKU001735,6,14498.28,2416.38,0
2025-10-09,ST03,SKU000572,29,37578.78,1295.82,0
2025-10-09,ST04,SKU001943,14,29708.42,2122.03,0
2025-10-09,ST04,SKU004015,12,9428.64,785.72,1
2025-10-09,ST05,SKU000371,33,28092.9,851.3,0
2025-10-09,ST05,SKU001122,21,32788.14,1561.34,0
2025-10-09,ST06,SKU004950,12,14847.96,1237.33,0
2025-10-09,ST07,SKU000809,15,23680.2,1578.68,0
2025-10-09,ST07,SKU004224,11,1854.05,168.55,0
2025-10-09,ST08,SKU000893,9,18718.56,2079.84,1
2025-10-09,ST09,SKU003576,0,0.0,2280.14,0
2025-10-09,ST10,SKU001382,24,28231.2,1176.3,0
2025-10-09,ST10,SKU002593,13,11517.09,885.93,0
2025-10-09,ST11,SKU000774,43,9681.88,225.16,0
2025-10-09,ST11,SKU001010,9,16290.36,1810.04,0
2025-10-09,ST13,SKU001396,16,22200.48,1387.53,0
2025-10-09,ST13,SKU004820,17,3366.17,198.01,0
2025-10-09,ST15,SKU003392,30,27306.3,910.21,0
2025-10-09,ST16,SKU000921,7,10948.63,1564.09,0
2025-10-09,ST17,SKU001957,14,6643.28,474.52,0
2025-10-09,ST17,SKU004807,20,24491.4,1224.57,0
2025-10-09,ST18,SKU000944,12,941.76,78.48,1
2025-10-09,ST18,SKU002216,11,2778.82,252.62,0
2025-10-09,ST21,SKU000307,13,9829.69,756.13,0
2025-10-09,ST21,SKU001468,6,5859.66,976.61,0
2025-10-09,ST21,SKU004378,10,1411.4,141.14,0
2025-10-09,ST22,SKU002157,27,39957.57,1479.91,0
2025-10-09,ST24,SKU003082,25,59995.25,2399.81,0
2025-10-09,ST24,SKU003652,0,0.0,2211.18,0
2025-10-09,ST25,SKU004138,21,37267.65,1774.65,0
2025-10-09,ST26,SKU002755,3,6666.6,2222.2,0
2025-10-09,ST26,SKU004643,22,37289.78,1694.99,0
2025-10-09,ST27,SKU004329,35,57015.7,1629.02,0
2025-10-09,ST29,SKU000574,3,7434.54,2478.18,0
2025-10-09,ST29,SKU002660,11,4212.89,382.99,0
2025-10-10,ST02,SKU004596,18,25855.02,1436.39,0
2025-10-10,ST05,SKU003599,6,4145.58,690.93,1
2025-10-10,ST06,SKU002281,25,1595.5,63.82,0
2025-10-10,ST06,SKU004897,1,760.58,760.58,0
2025-10-10,ST07,SKU003821,12,16001.64,1333.47,0
2025-10-10,ST08,SKU003981,7,350.35,50.05,1
2025-10-10,ST08,SKU004503,7,9357.95,1336.85,0
2025-10-10,ST09,SKU000775,32,79185.6,2474.55,0
2025-10-10,ST09,SKU000785,9,7773.12,863.68,1
2025-10-10,ST09,SKU003457,3,3973.35,1324.45,0
2025-10-10,ST09,SKU003982,20,41045.2,2052.26,0
2025-10-10,ST10,SKU001984,6,1906.44,317.74,0
2025-10-10,ST10,SKU002599,22,13878.92,630.86,1
2025-10-10,ST11,SKU003862,9,17638.11,1959.79,0
2025-10-10,ST12,SKU001959,15,25879.35,1725.29,1
2025-10-10,ST12,SKU003597,16,15112.64,944.54,0
2025-10-10,ST14,SKU001415,27,46383.57,1717.91,0
2025-10-10,ST14,SKU003606,11,26888.18,2444.38,0
2025-10-10,ST16,SKU000682,27,9665.46,357.98,0
2025-10-10,ST17,SKU002175,7,13107.01,1872.43,0
2025-10-10,ST19,SKU001181,8,1323.44,165.43,0
2025-10-10,ST19,SKU002607,21,22279.32,1060.92,0
2025-10-10,ST21,SKU001124,13,28793.7,2214.9,0
2025-10-10,ST21,SKU002729,6,1461.84,243.64,0
2025-10-10,ST21,SKU004508,15,12993.0,866.2,0
2025-10-10,ST22,SKU000244,9,18274.05,2030.45,0
2025-10-10,ST22,SKU002192,26,11302.46,434.71,0
2025-10-10,ST22,SKU004823,2,2955.84,1477.92,1
2025-10-10,ST24,SKU000348,10,4463.7,446.37,0
2025-10-10,ST24,SKU003116,20,19092.0,954.6,0
2025-10-10,ST24,SKU003318,1,2217.23,2217.23,0
2025-10-10,ST25,SKU003903,12,24779.52,2064.96,0
2025-10-10,ST25,SKU004932,11,19963.46,1814.86,0
2025-10-10,ST28,SKU004773,10,4455.9,445.59,0
2025-10-10,ST29,SKU003510,8,19742.24,2467.78,0
2025-10-10,ST29,SKU003923,39,20623.98,528.82,0
2025-10-11,ST01,SKU000001,28,56740.04,2026.43,0
2025-10-11,ST01,SKU004923,5,7859.0,1571.8,0
2025-10-11,ST02,SKU000860,6,6299.7,1049.95,1
2025-10-11,ST02,SKU004205,0,0.0,2054.54,1
2025-10-11,ST03,SKU000967,34,53013.82,1559.23,0
2025-10-11,ST03,SKU003785,23,1474.07,64.09,0
2025-10-11,ST04,SKU001488,4,4712.92,1178.23,0
2025-10-11,ST04,SKU004218,10,6192.2,619.22,1
2025-10-11,ST05,SKU003775,23,16539.53,719.11,0
2025-10-11,ST06,SKU001251,8,1785.84,223.23,1
2025-10-11,ST08,SKU002306,16,34705.44,2169.09,0
2025-10-11,ST08,SKU004198,38,71527.4,1882.3,0
2025-10-11,ST10,SKU000067,22,25545.08,1161.14,0
2025-10-11,ST11,SKU000402,19,26894.12,1415.48,1
2025-10-11,ST13,SKU002491,21,4785.9,227.9,0
2025-10-11,ST13,SKU002920,35,81311.3,2323.18,1
2025-10-11,ST14,SKU004971,4,7624.04,1906.01,0
2025-10-11,ST15,SKU000059,8,19531.84,2441.48,0
2025-10-11,ST15,SKU003735,22,38358.1,1743.55,1
2025-10-11,ST16,SKU004658,6,6778.98,1129.83,0
2025-10-11,ST17,SKU003315,6,14570.52,2428.42,0
2025-10-11,ST17,SKU003836,19,3416.2,179.8,0
2025-10-11,ST19,SKU001791,32,47878.72,1496.21,1
2025-10-11,ST19,SKU004105,13,17568.33,1351.41,0
2025-10-11,ST21,SKU000314,10,18475.7,1847.57,0
2025-10-11,ST21,SKU001961,11,24421.21,2220.11,0
2025-10-11,ST23,SKU003332,38,26083.58,686.41,0
2025-10-11,ST23,SKU003906,18,8401.14,466.73,0
2025-10-11,ST24,SKU001292,0,0.0,1101.68,0
2025-10-11,ST25,SKU001750,8,7113.6,889.2,0
2025-10-11,ST26,SKU002472,12,14440.92,1203.41,0
2025-10-11,ST26,SKU002908,4,7587.6,1896.9,0
2025-10-11,ST27,SKU002677,27,35006.58,1296.54,1
2025-10-11,ST29,SKU002736,17,20258.56,1191.68,0
2025-10-11,ST29,SKU004314,25,32217.5,1288.7,0
2025-10-11,ST29,SKU004772,7,527.94,75.42,1
2025-10-12,ST01,SKU003891,20,6618.0,330.9,0
2025-10-12,ST01,SKU004539,5,8998.8,1799.76,0
2025-10-12,ST02,SKU000025,7,8345.96,1192.28,0
2025-10-12,ST02,SKU002625,16,35783.36,2236.46,0
2025-10-12,ST06,SKU003434,44,23310.76,529.79,1
2025-10-12,ST08,SKU003270,30,12064.8,402.16,0
2025-10-12,ST08,SKU003472,10,15993.0,1599.3,0
2025-10-12,ST09,SKU002891,18,10351.8,575.1,0
2025-10-12,ST09,SKU003227,21,38016.09,1810.29,0
2025-10-12,ST10,SKU004442,56,20746.88,370.48,1
2025-10-12,ST11,SKU003106,8,12085.2,1510.65,1
2025-10-12,ST11,SKU004879,8,6349.12,793.64,0
2025-10-12,ST12,SKU000490,9,20195.1,2243.9,0
2025-10-12,ST12,SKU004647,2,117.38,58.69,0
2025-10-12,ST13,SKU000058,13,9970.61,766.97,0
2025-10-12,ST13,SKU001565,1,1310.02,1310.02,0
2025-10-12,ST13,SKU002018,15,23566.95,1571.13,0
2025-10-12,ST14,SKU000309,15,32592.45,2172.83,0
2025-10-12,ST14,SKU001383,7,6377.56,911.08,0
2025-10-12,ST16,SKU001560,64,13564.8,211.95,0
2025-10-12,ST16,SKU002172,31,29882.45,963.95,1
2025-10-12,ST18,SKU001607,21,45056.76,2145.56,0
2025-10-12,ST19,SKU000195,10,2804.2,280.42,0
2025-10-12,ST19,SKU003413,21,26775.21,1275.01,0
2025-10-12,ST19,SKU003513,18,34410.78,1911.71,0
2025-10-12,ST20,SKU000195,3,841.26,280.42,0
2025-10-12,ST21,SKU000867,4,9170.72,2292.68,0
2025-10-12,ST21,SKU001525,8,2157.6,269.7,0
2025-10-12,ST21,SKU002571,11,21984.05,1998.55,0
2025-10-12,ST21,SKU004356,30,59025.3,1967.51,1
2025-10-12,ST22,SKU002609,31,42257.03,1363.13,1
2025-10-12,ST22,SKU003536,24,40350.96,1681.29,0
2025-10-12,ST23,SKU000820,5,6582.8,1316.56,0
2025-10-12,ST24,SKU004086,11,8539.19,776.29,1
2025-10-12,ST25,SKU001577,3,443.88,147.96,1
2025-10-12,ST26,SKU000151,2,1150.22,575.11,0
2025-10-12,ST27,SKU000454,1,1954.38,1954.38,0
2025-10-12,ST29,SKU001157,3,7204.53,2401.51,1
2025-10-12,ST29,SKU002307,22,51099.62,2322.71,1
2025-10-12,ST29,SKU004475,4,5109.96,1277.49,1
2025-10-13,ST01,SKU000868,21,12996.9,618.9,1
2025-10-13,ST01,SKU001086,16,26167.84,1635.49,0
2025-10-13,ST02,SKU003596,23,9489.34,412.58,1
2025-10-13,ST04,SKU003372,8,813.28,101.66,0
2025-10-13,ST05,SKU002103,8,10270.96,1283.87,0
2025-10-13,ST06,SKU000387,27,9543.69,353.47,0
2025-10-13,ST06,SKU003786,23,56421.76,2453.12,0
2025-10-13,ST07,SKU001698,3,2930.13,976.71,0
2025-10-13,ST09,SKU000488,5,8917.5,1783.5,0
2025-10-13,ST09,SKU001022,7,16867.83,2409.69,0
2025-10-13,ST10,SKU000411,17,32006.07,1882.71,0
2025-10-13,ST10,SKU002018,24,37707.12,1571.13,0
2025-10-13,ST11,SKU000117,0,0.0,1075.17,0
2025-10-13,ST12,SKU000071,14,22133.16,1580.94,0
2025-10-13,ST12,SKU000171,6,12736.98,2122.83,0
2025-10-13,ST12,SKU002239,16,24543.04,1533.94,0
2025-10-13,ST12,SKU003271,8,7906.4,988.3,0
2025-10-13,ST13,SKU001646,11,23065.9,2096.9,0
2025-10-13,ST13,SKU003342,3,5542.14,1847.38,0
2025-10-13,ST14,SKU003355,22,14059.98,639.09,0
2025-10-13,ST14,SKU004727,0,0.0,1852.97,1
2025-10-13,ST15,SKU002863,0,0.0,1516.88,0
2025-10-13,ST16,SKU001276,44,75897.36,1724.94,0
2025-10-13,ST17,SKU001718,32,18905.6,590.8,0
2025-10-13,ST20,SKU000175,22,3393.06,154.23,1
2025-10-13,ST20,SKU002460,16,38283.52,2392.72,0
2025-10-13,ST20,SKU004739,31,62382.23,2012.33,0
2025-10-13,ST21,SKU000204,11,17956.18,1632.38,0
2025-10-13,ST21,SKU003067,9,6250.23,694.47,0
2025-10-13,ST22,SKU002618,20,4464.0,223.2,0
2025-10-13,ST23,SKU004529,31,63125.3,2036.3,0
2025-10-13,ST26,SKU004137,14,24640.0,1760.0,0
2025-10-13,ST26,SKU004273,5,352.1,70.42,0
2025-10-13,ST27,SKU002919,8,18588.72,2323.59,0
2025-10-13,ST27,SKU003016,11,18084.22,1644.02,0
2025-10-13,ST28,SKU002593,40,35437.2,885.93,0
2025-10-13,ST29,SKU002339,3,2907.54,969.18,0
2025-10-13,ST29,SKU003743,8,18272.96,2284.12,0
2025-10-13,ST30,SKU000011,15,29642.85,1976.19,1
2025-10-13,ST30,SKU002258,36,56554.92,1570.97,0
2025-10-13,ST30,SKU002790,5,3920.2,784.04,0
2025-10-13,ST30,SKU003031,15,34242.15,2282.81,0
2025-10-13,ST30,SKU003314,4,413.72,103.43,0
2025-10-14,ST08,SKU000326,3,4393.56,1464.52,0
2025-10-14,ST08,SKU001233,5,1438.85,287.77,1
2025-10-14,ST10,SKU000398,9,6902.82,766.98,0
2025-10-14,ST10,SKU001114,27,14852.97,550.11,0
2025-10-14,ST12,SKU001674,11,22556.38,2050.58,0
2025-10-14,ST12,SKU001885,7,15711.29,2244.47,0
2025-10-14,ST12,SKU004832,32,64720.64,2022.52,0
2025-10-14,ST14,SKU004299,7,15969.03,2281.29,0
2025-10-14,ST17,SKU003748,7,6129.34,875.62,0
2025-10-14,ST18,SKU003690,4,6745.04,1686.26,0
2025-10-14,ST19,SKU002411,3,1946.97,648.99,0
2025-10-14,ST20,SKU003996,13,21533.59,1656.43,0
2025-10-14,ST22,SKU002265,7,5191.69,741.67,1
2025-10-14,ST23,SKU003613,20,16952.0,847.6,0
2025-10-14,ST24,SKU004431,13,1817.01,139.77,0
2025-10-14,ST25,SKU001311,34,82027.04,2412.56,0
2025-10-14,ST26,SKU000422,10,12966.8,1296.68,0
2025-10-14,ST29,SKU000635,9,5848.02,649.78,1
2025-10-15,ST01,SKU000785,41,35410.88,863.68,0
2025-10-15,ST01,SKU003502,26,43705.22,1680.97,1
2025-10-15,ST01,SKU004676,27,42491.79,1573.77,0
2025-10-15,ST02,SKU002985,16,11648.0,728.0,0
2025-10-15,ST05,SKU002931,19,45951.88,2418.52,0
2025-10-15,ST06,SKU000397,37,26120.52,705.96,0
2025-10-15,ST06,SKU003575,17,4429.35,260.55,1
2025-10-15,ST09,SKU003075,14,17378.2,1241.3,0
2025-10-15,ST13,SKU004974,10,17868.8,1786.88,0
2025-10-15,ST14,SKU000944,4,313.92,78.48,0
2025-10-15,ST15,SKU001162,20,5195.4,259.77,0
2025-10-15,ST16,SKU002322,39,27938.82,716.38,1
2025-10-15,ST16,SKU003231,7,13194.79,1884.97,0
2025-10-15,ST16,SKU003375,2,2334.36,1167.18,0
2025-10-15,ST16,SKU004774,13,10285.99,791.23,0
2025-10-15,ST17,SKU004822,19,14366.47,756.13,0
2025-10-15,ST20,SKU002282,32,72213.44,2256.67,0
2025-10-15,ST22,SKU001630,4,394.96,98.74,0
2025-10-15,ST22,SKU002464,10,4006.0,400.6,1
2025-10-15,ST22,SKU003955,4,307.56,76.89,0
2025-10-15,ST23,SKU001255,5,1319.7,263.94,0
2025-10-15,ST23,SKU001797,18,22551.66,1252.87,0
2025-10-15,ST23,SKU003650,11,22978.23,2088.93,0
2025-10-15,ST24,SKU002899,17,21620.43,1271.79,1
2025-10-15,ST29,SKU004435,3,4667.22,1555.74,0
2025-10-15,ST30,SKU004801,11,18951.46,1722.86,0
2025-10-15,ST30,SKU004870,10,19708.2,1970.82,0
2025-10-16,ST01,SKU002754,12,11311.68,942.64,0
2025-10-16,ST02,SKU002457,14,4029.2,287.8,1
2025-10-16,ST03,SKU000354,16,1007.52,62.97,0
2025-10-16,ST03,SKU002630,19,9284.54,488.66,0
2025-10-16,ST04,SKU002469,18,13930.74,773.93,1
2025-10-16,ST04,SKU002856,8,2033.2,254.15,0
2025-10-16,ST06,SKU000949,12,5828.04,485.67,0
2025-10-16,ST06,SKU001254,31,48617.61,1568.31,0
2025-10-16,ST06,SKU003607,32,75163.2,2348.85,0
2025-10-16,ST11,SKU002677,0,0.0,1296.54,0
2025-10-16,ST12,SKU004432,6,12946.92,2157.82,1
2025-10-16,ST13,SKU004669,7,5691.84,813.12,0
2025-10-16,ST14,SKU000166,23,7256.96,315.52,0
2025-10-16,ST14,SKU000684,4,9478.48,2369.62,0
2025-10-16,ST14,SKU002885,18,31812.48,1767.36,0
2025-10-16,ST15,SKU003058,10,18746.5,1874.65,0
2025-10-16,ST18,SKU002335,23,36656.71,1593.77,0
2025-10-16,ST18,SKU004755,20,13440.4,672.02,0
2025-10-16,ST19,SKU000759,14,34777.12,2484.08,1
2025-10-16,ST19,SKU004514,9,611.82,67.98,0
2025-10-16,ST20,SKU001065,9,18750.96,2083.44,0
2025-10-16,ST20,SKU004393,18,31906.44,1772.58,0
2025-10-16,ST21,SKU000107,31,66087.97,2131.87,0
2025-10-16,ST21,SKU002047,9,820.17,91.13,0
2025-10-16,ST22,SKU001944,25,57085.25,2283.41,0
2025-10-16,ST23,SKU000901,39,92594.19,2374.21,1
2025-10-16,ST25,SKU002084,9,11212.83,1245.87,0
2025-10-16,ST27,SKU002284,5,7126.65,1425.33,0
2025-10-16,ST28,SKU004375,8,18947.92,2368.49,0
2025-10-16,ST28,SKU004522,20,40425.6,2021.28,1
2025-10-16,ST29,SKU004056,55,48393.95,879.89,0
2025-10-16,ST30,SKU003568,28,53699.8,1917.85,0
2025-10-17,ST01,SKU000530,11,3126.97,284.27,0
2025-10-17,ST01,SKU001578,17,33318.3,1959.9,1
2025-10-17,ST06,SKU001623,17,29948.22,1761.66,0
2025-10-17,ST06,SKU002058,12,29490.84,2457.57,0
2025-10-17,ST08,SKU002567,2,3393.9,1696.95,0
2025-10-17,ST08,SKU003739,9,1080.45,120.05,0
2025-10-17,ST09,SKU003015,28,28811.44,1028.98,0
2025-10-17,ST10,SKU003338,7,6642.79,948.97,0
2025-10-17,ST11,SKU001506,11,15340.16,1394.56,0
2025-10-17,ST12,SKU000121,21,42156.24,2007.44,0
2025-10-17,ST13,SKU001152,18,20978.1,1165.45,0
2025-10-17,ST13,SKU003090,6,5357.88,892.98,0
2025-10-17,ST13,SKU003361,25,37628.5,1505.14,1
2025-10-17,ST14,SKU000967,15,23388.45,1559.23,0
2025-10-17,ST15,SKU003782,8,6207.68,775.96,1
2025-10-17,ST16,SKU000874,10,22525.6,2252.56,0
2025-10-17,ST20,SKU000631,22,48625.06,2210.23,0
2025-10-17,ST22,SKU000757,17,12173.53,716.09,0
2025-10-17,ST22,SKU001590,54,41391.54,766.51,1
2025-10-17,ST23,SKU003495,20,32422.4,1621.12,0
2025-10-17,ST24,SKU000770,6,10223.1,1703.85,1
2025-10-17,ST24,SKU002078,7,14042.84,2006.12,0
2025-10-17,ST24,SKU003086,13,14022.97,1078.69,0
2025-10-17,ST26,SKU004862,13,27971.71,2151.67,0
2025-10-17,ST29,SKU002001,2,4787.86,2393.93,0
2025-10-17,ST30,SKU000045,5,4397.85,879.57,0
2025-10-17,ST30,SKU000415,15,31216.5,2081.1,1
2025-10-17,ST30,SKU004560,9,600.03,66.67,0
2025-10-18,ST01,SKU001270,15,3537.75,235.85,0
2025-10-18,ST01,SKU004617,22,39390.78,1790.49,0
2025-10-18,ST03,SKU000091,16,31980.0,1998.75,1
2025-10-18,ST04,SKU000276,4,8675.68,2168.92,1
2025-10-18,ST06,SKU003249,17,8490.14,499.42,0
2025-10-18,ST07,SKU002849,5,8071.25,1614.25,0
2025-10-18,ST07,SKU003116,18,17182.8,954.6,0
2025-10-18,ST13,SKU002704,55,76108.45,1383.79,1
2025-10-18,ST14,SKU003238,10,11324.7,1132.47,0
2025-10-18,ST15,SKU002255,7,5933.69,847.67,1
2025-10-18,ST15,SKU003622,25,25557.25,1022.29,0
2025-10-18,ST16,SKU000123,30,43134.9,1437.83,0
2025-10-18,ST16,SKU001180,21,25176.48,1198.88,0
2025-10-18,ST16,SKU002320,35,85680.35,2448.01,0
2025-10-18,ST19,SKU000246,25,36870.25,1474.81,0
2025-10-18,ST20,SKU000554,10,21736.7,2173.67,1
2025-10-18,ST23,SKU001397,18,25947.72,1441.54,0
2025-10-18,ST29,SKU002249,8,17410.56,2176.32,0
2025-10-18,ST30,SKU004193,24,29360.4,1223.35,0
2025-10-19,ST01,SKU004639,33,37744.74,1143.78,0
2025-10-19,ST02,SKU001811,11,15853.53,1441.23,0
2025-10-19,ST03,SKU000945,15,11110.05,740.67,0
2025-10-19,ST03,SKU004515,16,6876.32,429.77,1
2025-10-19,ST04,SKU001013,18,10164.96,564.72,0
2025-10-19,ST04,SKU002921,52,65821.6,1265.8,0
2025-10-19,ST05,SKU003706,6,13390.26,2231.71,0
2025-10-19,ST05,SKU004465,8,19345.2,2418.15,0
2025-10-19,ST06,SKU000548,14,24668.42,1762.03,1
2025-10-19,ST09,SKU001263,12,8816.16,734.68,0
2025-10-19,ST10,SKU004167,21,27178.2,1294.2,1
2025-10-19,ST11,SKU003775,5,3595.55,719.11,1
2025-10-19,ST13,SKU002901,14,7033.88,502.42,0
2025-10-19,ST14,SKU000361,24,53171.28,2215.47,1
2025-10-19,ST16,SKU003574,9,14750.73,1638.97,0
2025-10-19,ST16,SKU003753,26,42273.66,1625.91,1
2025-10-19,ST18,SKU003808,6,11420.22,1903.37,0
2025-10-19,ST19,SKU000338,3,1687.5,562.5,0
2025-10-19,ST19,SKU001964,20,19886.6,994.33,0
2025-10-19,ST19,SKU004932,12,21778.32,1814.86,0
2025-10-19,ST19,SKU004943,0,0.0,1650.0,0
2025-10-19,ST20,SKU000747,12,11051.88,920.99,0
2025-10-19,ST22,SKU001818,49,38857.98,793.02,0
2025-10-19,ST23,SKU000922,18,28281.6,1571.2,0
2025-10-19,ST24,SKU004929,18,23853.78,1325.21,0
2025-10-19,ST24,SKU004946,20,17440.4,872.02,0
2025-10-19,ST25,SKU000404,9,5761.26,640.14,0
2025-10-19,ST25,SKU003890,3,5959.65,1986.55,1
2025-10-19,ST25,SKU004993,28,57126.72,2040.24,0
2025-10-19,ST27,SKU000702,27,43042.86,1594.18,0
2025-10-19,ST27,SKU003388,2,582.34,291.17,0
2025-10-19,ST27,SKU004762,5,5452.45,1090.49,1
2025-10-19,ST28,SKU001945,11,10848.75,986.25,0
2025-10-19,ST29,SKU001454,9,17942.31,1993.59,0
2025-10-19,ST29,SKU003039,10,23206.9,2320.69,0
2025-10-19,ST30,SKU002438,10,1843.1,184.31,1
2025-10-19,ST30,SKU002972,18,41485.32,2304.74,1
2025-10-20,ST01,SKU004383,7,15679.93,2239.99,0
2025-10-20,ST04,SKU000237,18,13438.98,746.61,0
2025-10-20,ST04,SKU003669,2,3358.16,1679.08,1
2025-10-20,ST04,SKU004811,37,9845.7,266.1,0
2025-10-20,ST06,SKU003007,9,3059.73,339.97,0
2025-10-20,ST08,SKU002207,20,36696.2,1834.81,0
2025-10-20,ST08,SKU004106,9,18826.74,2091.86,0
2025-10-20,ST09,SKU000830,14,32789.96,2342.14,0
2025-10-20,ST09,SKU001856,21,2279.97,108.57,0
2025-10-20,ST09,SKU002107,7,10369.03,1481.29,0
2025-10-20,ST11,SKU000093,3,7185.96,2395.32,0
2025-10-20,ST12,SKU001163,32,7377.92,230.56,0
2025-10-20,ST12,SKU001223,2,2236.82,1118.41,0
2025-10-20,ST12,SKU004489,8,16143.28,2017.91,0
2025-10-20,ST13,SKU002081,8,18753.2,2344.15,0
2025-10-20,ST16,SKU000865,26,4467.84,171.84,0
2025-10-20,ST17,SKU001867,8,13016.8,1627.1,0
2025-10-20,ST17,SKU001950,23,56425.9,2453.3,0
2025-10-20,ST17,SKU002652,10,5446.5,544.65,0
2025-10-20,ST17,SKU003856,24,15313.68,638.07,1
2025-10-20,ST18,SKU002371,40,50670.8,1266.77,0
2025-10-20,ST18,SKU003065,21,27567.12,1312.72,0
2025-10-20,ST18,SKU004929,16,21203.36,1325.21,0
2025-10-20,ST19,SKU000950,10,14419.1,1441.91,0
2025-10-20,ST21,SKU002615,17,11035.21,649.13,0
2025-10-20,ST21,SKU003081,14,24263.96,1733.14,0
2025-10-20,ST21,SKU003709,18,20747.88,1152.66,1
2025-10-20,ST22,SKU002450,8,18986.96,2373.37,1
2025-10-20,ST24,SKU000573,8,6446.88,805.86,0
2025-10-20,ST25,SKU000035,4,744.76,186.19,0
2025-10-20,ST25,SKU001023,9,22377.42,2486.38,0
2025-10-20,ST25,SKU004498,15,34429.2,2295.28,0
2025-10-20,ST26,SKU003536,4,6725.16,1681.29,0
2025-10-20,ST26,SKU003693,25,50654.5,2026.18,0
2025-10-20,ST27,SKU000907,16,17574.4,1098.4,1
2025-10-20,ST27,SKU002014,22,42358.36,1925.38,0
2025-10-20,ST27,SKU003837,42,56474.46,1344.63,0
2025-10-20,ST30,SKU002103,24,30812.88,1283.87,0
2025-10-21,ST01,SKU000498,5,7519.7,1503.94,0
2025-10-21,ST01,SKU000597,29,48809.03,1683.07,0
2025-10-21,ST02,SKU002679,7,7580.37,1082.91,0
2025-10-21,ST02,SKU003520,17,39322.87,2313.11,1
2025-10-21,ST07,SKU000460,16,31223.84,1951.49,0
2025-10-21,ST07,SKU000767,41,74362.93,1813.73,0
2025-10-21,ST07,SKU001216,16,25860.48,1616.28,0
2025-10-21,ST07,SKU002565,13,16551.73,1273.21,0
2025-10-21,ST10,SKU003748,0,0.0,875.62,0
2025-10-21,ST10,SKU004856,5,11303.2,2260.64,0
2025-10-21,ST11,SKU000677,19,35055.57,1845.03,1
2025-10-21,ST13,SKU003908,15,3709.5,247.3,1
2025-10-21,ST14,SKU003645,11,24623.06,2238.46,0
2025-10-21,ST16,SKU003218,19,32224.38,1696.02,0
2025-10-21,ST18,SKU001141,3,7465.08,2488.36,0
2025-10-21,ST19,SKU004938,5,12458.3,2491.66,0
2025-10-21,ST20,SKU004319,4,4522.32,1130.58,0
2025-10-21,ST21,SKU001141,10,24883.6,2488.36,0
2025-10-21,ST23,SKU000178,13,15275.65,1175.05,0
2025-10-21,ST24,SKU004131,0,0.0,1351.2,0
2025-10-21,ST28,SKU003769,13,14423.89,1109.53,0
2025-10-21,ST29,SKU002763,43,36888.84,857.88,0
2025-10-22,ST01,SKU002962,17,18803.36,1106.08,1
2025-10-22,ST01,SKU003131,8,7389.76,923.72,0
2025-10-22,ST02,SKU000408,6,14208.42,2368.07,0
2025-10-22,ST02,SKU000553,44,64212.72,1459.38,0
2025-10-22,ST03,SKU002365,19,1906.84,100.36,0
2025-10-22,ST03,SKU002891,5,2875.5,575.1,0
2025-10-22,ST04,SKU000444,8,10517.76,1314.72,0
2025-10-22,ST04,SKU004959,7,3396.75,485.25,0
2025-10-22,ST07,SKU003493,22,38603.4,1754.7,0
2025-10-22,ST08,SKU001607,8,17164.48,2145.56,0
2025-10-22,ST08,SKU002737,7,9630.67,1375.81,0
2025-10-22,ST08,SKU004048,24,26067.84,1086.16,0
2025-10-22,ST11,SKU000734,0,0.0,897.32,0
2025-10-22,ST15,SKU001006,20,26928.2,1346.41,0
2025-10-22,ST16,SKU001313,27,67323.96,2493.48,0
2025-10-22,ST16,SKU001382,17,19997.1,1176.3,1
2025-10-22,ST16,SKU002557,13,21072.35,1620.95,1
2025-10-22,ST16,SKU003072,18,20858.04,1158.78,0
2025-10-22,ST18,SKU000966,34,6105.72,179.58,0
2025-10-22,ST18,SKU002296,26,18860.14,725.39,0
2025-10-22,ST19,SKU000172,19,3536.09,186.11,1
2025-10-22,ST20,SKU002921,9,11392.2,1265.8,0
2025-10-22,ST21,SKU003156,12,29174.64,2431.22,0
2025-10-22,ST21,SKU003841,20,7016.8,350.84,0
2025-10-22,ST22,SKU003301,14,17867.36,1276.24,1
2025-10-22,ST23,SKU003788,13,16277.82,1252.14,1
2025-10-22,ST24,SKU000771,18,6132.06,340.67,1
2025-10-22,ST24,SKU004619,17,30645.05,1802.65,0
2025-10-22,ST25,SKU000897,13,16283.67,1252.59,0
2025-10-22,ST25,SKU001423,14,5048.4,360.6,1
2025-10-22,ST25,SKU001566,5,11296.1,2259.22,0
2025-10-22,ST25,SKU002223,3,2257.86,752.62,0
2025-10-22,ST29,SKU003374,25,42666.5,1706.66,0
2025-10-22,ST30,SKU003321,17,18968.77,1115.81,0
2025-10-23,ST03,SKU004925,11,15566.43,1415.13,1
2025-10-23,ST05,SKU002034,20,48236.2,2411.81,0
2025-10-23,ST06,SKU002444,25,22487.75,899.51,0
2025-10-23,ST07,SKU004793,8,3930.24,491.28,0
2025-10-23,ST09,SKU000641,26,1549.86,59.61,0
2025-10-23,ST09,SKU001106,9,19621.8,2180.2,0
2025-10-23,ST09,SKU001296,22,13169.64,598.62,0
2025-10-23,ST11,SKU000528,12,28635.84,2386.32,0
2025-10-23,ST11,SKU001509,1,457.28,457.28,0
2025-10-23,ST11,SKU003076,0,0.0,594.68,0
2025-10-23,ST12,SKU002111,20,39485.4,1974.27,0
2025-10-23,ST12,SKU004253,18,1093.68,60.76,0
2025-10-23,ST13,SKU001149,14,4705.54,336.11,1
2025-10-23,ST13,SKU002907,3,6955.83,2318.61,0
2025-10-23,ST13,SKU003246,36,83465.28,2318.48,0
2025-10-23,ST19,SKU001073,5,6195.45,1239.09,0
2025-10-23,ST20,SKU004482,8,6632.16,829.02,0
2025-10-23,ST23,SKU001311,9,21713.04,2412.56,0
2025-10-23,ST24,SKU003283,16,18898.72,1181.17,0
2025-10-23,ST25,SKU000886,2,4773.82,2386.91,0
2025-10-23,ST25,SKU002858,19,41891.39,2204.81,0
2025-10-23,ST26,SKU000316,19,22127.97,1164.63,0
2025-10-23,ST26,SKU004540,22,40814.62,1855.21,0
2025-10-23,ST28,SKU003115,4,1541.12,385.28,0
2025-10-23,ST28,SKU004493,2,2533.64,1266.82,0
2025-10-23,ST29,SKU001636,20,8192.0,409.6,0
2025-10-23,ST30,SKU004656,12,10789.2,899.1,0
2025-10-24,ST01,SKU004599,51,125486.01,2460.51,1
2025-10-24,ST02,SKU003054,8,1959.68,244.96,0
2025-10-24,ST03,SKU003952,19,32449.91,1707.89,0
2025-10-24,ST03,SKU004746,19,13806.73,726.67,0
2025-10-24,ST04,SKU001803,10,22763.4,2276.34,0
2025-10-24,ST05,SKU002046,18,17891.28,993.96,0
2025-10-24,ST05,SKU002138,3,6577.14,2192.38,0
2025-10-24,ST05,SKU004955,8,4558.16,569.77,0
2025-10-24,ST06,SKU000503,6,12002.64,2000.44,0
2025-10-24,ST06,SKU004313,19,8102.74,426.46,0
2025-10-24,ST07,SKU001083,23,31325.08,1361.96,0
2025-10-24,ST07,SKU004491,3,2413.83,804.61,0
2025-10-24,ST08,SKU004309,4,8246.52,2061.63,0
2025-10-24,ST14,SKU000658,33,79874.85,2420.45,0
2025-10-24,ST14,SKU002777,4,3332.68,833.17,0
2025-10-24,ST15,SKU002158,26,52016.9,2000.65,0
2025-10-24,ST15,SKU003087,7,6715.38,959.34,0
2025-10-24,ST16,SKU001193,25,36503.5,1460.14,0
2025-10-24,ST17,SKU001856,6,651.42,108.57,0
2025-10-24,ST19,SKU002198,12,26673.12,2222.76,0
2025-10-24,ST20,SKU004141,12,23718.6,1976.55,0
2025-10-24,ST22,SKU000326,10,14645.2,1464.52,0
2025-10-24,ST22,SKU002869,41,93029.41,2269.01,1
2025-10-24,ST22,SKU003055,8,8989.04,1123.63,0
2025-10-24,ST24,SKU003979,9,13218.75,1468.75,0
2025-10-24,ST24,SKU004897,3,2281.74,760.58,0
2025-10-24,ST27,SKU000005,14,33407.78,2386.27,0
2025-10-24,ST28,SKU001292,10,11016.8,1101.68,0
2025-10-24,ST29,SKU004641,0,0.0,428.61,0
2025-10-24,ST30,SKU000632,3,5696.25,1898.75,0
2025-10-25,ST02,SKU000928,4,6429.68,1607.42,0
2025-10-25,ST02,SKU003326,1,730.67,730.67,0
2025-10-25,ST04,SKU000156,20,31819.6,1590.98,0
2025-10-25,ST04,SKU002943,30,62395.8,2079.86,1
2025-10-25,ST05,SKU001944,28,63935.48,2283.41,0
2025-10-25,ST05,SKU004668,20,7287.4,364.37,0
2025-10-25,ST05,SKU004979,3,3958.5,1319.5,0
2025-10-25,ST06,SKU001385,14,13476.96,962.64,1
2025-10-25,ST06,SKU002790,3,2352.12,784.04,0
2025-10-25,ST07,SKU000464,19,41959.41,2208.39,1
2025-10-25,ST07,SKU001702,20,19166.8,958.34,0
2025-10-25,ST08,SKU002916,22,33097.02,1504.41,1
2025-10-25,ST11,SKU000235,2,3152.08,1576.04,0
2025-10-25,ST14,SKU001030,26,8314.02,319.77,0
2025-10-25,ST15,SKU001370,23,51373.72,2233.64,0
2025-10-25,ST17,SKU004905,0,0.0,561.83,0
2025-10-25,ST19,SKU001186,27,64090.98,2373.74,1
2025-10-25,ST19,SKU004214,55,126504.95,2300.09,0
2025-10-25,ST19,SKU004463,17,41124.02,2419.06,0
2025-10-25,ST20,SKU001981,20,3889.4,194.47,1
2025-10-25,ST20,SKU004938,11,27408.26,2491.66,0
2025-10-25,ST21,SKU000435,19,24453.38,1287.02,0
2025-10-25,ST23,SKU003882,13,11790.61,906.97,0
2025-10-25,ST25,SKU000530,8,2274.16,284.27,0
2025-10-25,ST25,SKU003659,21,6147.33,292.73,1
2025-10-25,ST25,SKU004347,32,65159.04,2036.22,0
2025-10-25,ST27,SKU004166,18,38220.48,2123.36,0
2025-10-25,ST28,SKU003032,18,19650.42,1091.69,0
2025-10-25,ST28,SKU004933,7,17190.67,2455.81,0
2025-10-25,ST29,SKU001929,45,13533.75,300.75,0
2025-10-26,ST03,SKU000172,25,4652.75,186.11,0
2025-10-26,ST04,SKU000596,66,114636.72,1736.92,1
2025-10-26,ST05,SKU000214,30,33529.8,1117.66,0
2025-10-26,ST06,SKU004314,40,51548.0,1288.7,1
2025-10-26,ST07,SKU004358,20,42573.2,2128.66,0
2025-10-26,ST08,SKU003867,11,3603.82,327.62,0
2025-10-26,ST12,SKU000020,19,36161.56,1903.24,0
2025-10-26,ST13,SKU001106,5,10901.0,2180.2,0
2025-10-26,ST13,SKU002166,24,44249.04,1843.71,0
2025-10-26,ST15,SKU003624,7,7781.06,1111.58,0
2025-10-26,ST15,SKU003655,13,2832.44,217.88,0
2025-10-26,ST15,SKU004030,34,61261.2,1801.8,1
2025-10-26,ST17,SKU004139,29,68455.66,2360.54,0
2025-10-26,ST17,SKU004702,18,18209.16,1011.62,0
2025-10-26,ST18,SKU002134,16,26614.88,1663.43,0
2025-10-26,ST20,SKU001166,16,10948.32,684.27,0
2025-10-26,ST20,SKU003681,6,7802.22,1300.37,0
2025-10-26,ST21,SKU000396,17,40877.69,2404.57,0
2025-10-26,ST21,SKU001845,10,3050.6,305.06,0
2025-10-26,ST22,SKU004013,13,16371.42,1259.34,1
2025-10-26,ST23,SKU000830,39,91343.46,2342.14,1
2025-10-26,ST25,SKU001536,13,13384.28,1029.56,0
2025-10-26,ST26,SKU001493,22,14876.62,676.21,0
2025-10-26,ST29,SKU003023,14,32607.54,2329.11,0
2025-10-26,ST30,SKU002172,73,70368.35,963.95,1
2025-10-27,ST01,SKU001857,27,55301.4,2048.2,0
2025-10-27,ST01,SKU003797,0,0.0,957.83,0
2025-10-27,ST03,SKU000593,22,2978.14,135.37,0
2025-10-27,ST03,SKU001877,21,32726.82,1558.42,0
2025-10-27,ST03,SKU003008,4,7679.36,1919.84,0
2025-10-27,ST05,SKU000073,18,28485.9,1582.55,1
2025-10-27,ST06,SKU000400,45,20419.65,453.77,0
2025-10-27,ST07,SKU001885,9,20200.23,2244.47,1
2025-10-27,ST08,SKU004822,15,11341.95,756.13,0
2025-10-27,ST09,SKU000643,13,5232.37,402.49,0
2025-10-27,ST09,SKU001855,3,5764.95,1921.65,0
2025-10-27,ST10,SKU002208,12,23405.88,1950.49,0
2025-10-27,ST10,SKU002404,17,11108.48,653.44,0
2025-10-27,ST11,SKU002554,25,55248.0,2209.92,0
2025-10-27,ST11,SKU003040,2,2870.24,1435.12,0
2025-10-27,ST12,SKU001481,24,14027.04,584.46,0
2025-10-27,ST12,SKU004440,16,13990.08,874.38,0
2025-10-27,ST14,SKU003902,9,9231.3,1025.7,0
2025-10-27,ST15,SKU001405,52,52092.56,1001.78,1
2025-10-27,ST16,SKU004247,14,4434.08,316.72,1
2025-10-27,ST17,SKU001011,31,18825.06,607.26,0
2025-10-27,ST18,SKU001984,14,4448.36,317.74,0
2025-10-27,ST19,SKU001892,35,8201.2,234.32,0
2025-10-27,ST19,SKU002484,0,0.0,1382.89,0
2025-10-27,ST20,SKU001352,4,7172.72,1793.18,0
2025-10-27,ST20,SKU004145,5,10692.55,2138.51,0
2025-10-27,ST21,SKU004250,24,34545.12,1439.38,0
2025-10-27,ST23,SKU003689,21,17861.13,850.53,0
2025-10-27,ST23,SKU004157,1,1272.14,1272.14,0
2025-10-27,ST23,SKU004904,9,14094.45,1566.05,1
2025-10-27,ST24,SKU000405,20,9341.4,467.07,0
2025-10-27,ST26,SKU004657,5,1636.05,327.21,0
2025-10-27,ST29,SKU000649,16,30497.76,1906.11,1
2025-10-27,ST30,SKU000720,8,17243.92,2155.49,1
2025-10-27,ST30,SKU002517,10,20746.5,2074.65,0
2025-10-27,ST30,SKU003415,8,13855.6,1731.95,0
2025-10-28,ST01,SKU001535,7,15468.95,2209.85,0
2025-10-28,ST02,SKU002920,28,65049.04,2323.18,0
2025-10-28,ST02,SKU004606,7,4045.86,577.98,0
2025-10-28,ST03,SKU001180,0,0.0,1198.88,0
2025-10-28,ST03,SKU002115,32,4964.8,155.15,0
2025-10-28,ST04,SKU001372,13,21230.3,1633.1,1
2025-10-28,ST04,SKU001494,2,3633.8,1816.9,0
2025-10-28,ST04,SKU003755,11,8550.85,777.35,0
2025-10-28,ST07,SKU000448,12,10399.2,866.6,0
2025-10-28,ST07,SKU003419,17,2096.27,123.31,1
2025-10-28,ST08,SKU004035,11,3282.51,298.41,0
2025-10-28,ST10,SKU001605,20,14677.6,733.88,0
2025-10-28,ST11,SKU000086,18,8990.82,499.49,1
2025-10-28,ST11,SKU004762,14,15266.86,1090.49,0
2025-10-28,ST13,SKU001663,6,1991.82,331.97,0
2025-10-28,ST14,SKU000879,20,21938.2,1096.91,1
2025-10-28,ST14,SKU002050,11,19237.24,1748.84,0
2025-10-28,ST15,SKU000060,10,13847.0,1384.7,0
2025-10-28,ST16,SKU000325,1,297.46,297.46,0
2025-10-28,ST17,SKU000756,24,42806.88,1783.62,0
2025-10-28,ST17,SKU000802,7,12981.15,1854.45,0
2025-10-28,ST18,SKU003480,8,9221.2,1152.65,1
2025-10-28,ST20,SKU000260,18,22359.96,1242.22,0
2025-10-28,ST20,SKU000862,11,18164.3,1651.3,1
2025-10-28,ST20,SKU003159,17,31720.98,1865.94,1
2025-10-28,ST20,SKU003760,22,40925.94,1860.27,1
2025-10-28,ST23,SKU002003,17,8823.51,519.03,0
2025-10-28,ST23,SKU004966,23,39962.73,1737.51,0
2025-10-28,ST24,SKU000849,3,2061.03,687.01,0
2025-10-28,ST28,SKU003865,13,22409.92,1723.84,0
2025-10-28,ST29,SKU001005,17,11052.55,650.15,0
2025-10-29,ST01,SKU001932,35,54353.25,1552.95,0
2025-10-29,ST02,SKU001349,3,3772.83,1257.61,0
2025-10-29,ST02,SKU002521,19,21162.39,1113.81,0
2025-10-29,ST02,SKU004860,9,19751.22,2194.58,0
2025-10-29,ST03,SKU000673,24,10909.2,454.55,1
2025-10-29,ST05,SKU004991,17,9363.77,550.81,0
2025-10-29,ST07,SKU000518,11,2921.93,265.63,0
2025-10-29,ST07,SKU001632,12,17039.76,1419.98,0
2025-10-29,ST07,SKU003325,10,14127.1,1412.71,1
2025-10-29,ST08,SKU000286,4,7815.6,1953.9,1
2025-10-29,ST08,SKU004656,13,11688.3,899.1,0
2025-10-29,ST09,SKU001414,29,35506.44,1224.36,0
2025-10-29,ST10,SKU000785,12,10364.16,863.68,1
2025-10-29,ST10,SKU001831,43,88962.27,2068.89,0
2025-10-29,ST10,SKU004463,7,16933.42,2419.06,0
2025-10-29,ST11,SKU000087,47,63151.08,1343.64,0
2025-10-29,ST12,SKU001170,9,9431.01,1047.89,0
2025-10-29,ST12,SKU001506,24,33469.44,1394.56,0
2025-10-29,ST12,SKU001610,6,2043.72,340.62,0
2025-10-29,ST12,SKU001874,42,71047.62,1691.61,1
2025-10-29,ST12,SKU003629,10,18555.8,1855.58,0
2025-10-29,ST13,SKU004352,19,47314.75,2490.25,0
2025-10-29,ST15,SKU003142,2,3973.68,1986.84,1
2025-10-29,ST16,SKU002862,27,61767.36,2287.68,1
2025-10-29,ST16,SKU002927,11,21099.87,1918.17,0
2025-10-29,ST16,SKU003305,20,14333.6,716.68,0
2025-10-29,ST17,SKU002952,23,56965.02,2476.74,0
2025-10-29,ST17,SKU003487,10,4206.0,420.6,0
2025-10-29,ST17,SKU004215,16,28117.76,1757.36,1
2025-10-29,ST17,SKU004365,35,78369.2,2239.12,1
2025-10-29,ST18,SKU003940,6,4946.46,824.41,1
2025-10-29,ST19,SKU001769,3,7009.23,2336.41,0
2025-10-29,ST19,SKU002458,14,28436.66,2031.19,0
2025-10-29,ST20,SKU002511,35,31531.85,900.91,0
2025-10-29,ST20,SKU002823,12,26943.72,2245.31,0
2025-10-29,ST22,SKU000508,15,3898.2,259.88,0
2025-10-29,ST22,SKU003244,8,14202.48,1775.31,0
2025-10-29,ST22,SKU004887,39,15620.67,400.53,0
2025-10-29,ST23,SKU003274,3,2520.03,840.01,0
2025-10-29,ST23,SKU003676,18,36905.94,2050.33,0
2025-10-29,ST24,SKU001165,22,44472.12,2021.46,0
2025-10-29,ST25,SKU004015,7,5500.04,785.72,0
2025-10-29,ST26,SKU004429,17,38652.9,2273.7,0
2025-10-29,ST27,SKU001213,6,10041.72,1673.62,0
2025-10-29,ST27,SKU004839,12,29897.88,2491.49,0
2025-10-29,ST29,SKU002643,6,2987.28,497.88,0
2025-10-29,ST30,SKU003797,31,29692.73,957.83,1
2025-10-30,ST02,SKU000058,5,3834.85,766.97,0
2025-10-30,ST03,SKU003659,5,1463.65,292.73,0
2025-10-30,ST03,SKU004027,10,20872.3,2087.23,0
2025-10-30,ST03,SKU004418,30,65165.7,2172.19,1
2025-10-30,ST05,SKU001137,44,103939.88,2362.27,0
2025-10-30,ST06,SKU001259,10,22260.8,2226.08,0
2025-10-30,ST08,SKU004228,0,0.0,1801.35,0
2025-10-30,ST09,SKU000942,26,16181.36,622.36,0
2025-10-30,ST09,SKU002244,7,1756.02,250.86,0
2025-10-30,ST09,SKU003935,23,49990.04,2173.48,1
2025-10-30,ST11,SKU002020,3,485.07,161.69,1
2025-10-30,ST12,SKU001355,22,19490.9,885.95,0
2025-10-30,ST12,SKU003907,17,22802.44,1341.32,1
2025-10-30,ST13,SKU003265,14,15698.06,1121.29,0
2025-10-30,ST13,SKU004183,7,12021.1,1717.3,1
2025-10-30,ST17,SKU002488,57,105556.02,1851.86,0
2025-10-30,ST17,SKU002737,12,16509.72,1375.81,0
2025-10-30,ST18,SKU001393,9,6543.27,727.03,0
2025-10-30,ST19,SKU002504,15,24589.95,1639.33,0
2025-10-30,ST19,SKU004422,23,28864.54,1254.98,0
2025-10-30,ST20,SKU002541,6,5420.58,903.43,0
2025-10-30,ST20,SKU004569,19,36616.04,1927.16,0
2025-10-30,ST21,SKU000149,16,39251.2,2453.2,1
2025-10-30,ST22,SKU002710,8,19540.64,2442.58,0
2025-10-30,ST26,SKU004045,5,3722.25,744.45,0
2025-10-30,ST27,SKU000004,31,25294.45,815.95,0
2025-10-30,ST27,SKU004393,12,21270.96,1772.58,0
2025-10-30,ST27,SKU004396,28,59851.4,2137.55,0
2025-10-30,ST29,SKU001662,3,5054.58,1684.86,0
2025-10-30,ST29,SKU002475,12,18798.72,1566.56,0
2025-10-30,ST29,SKU002547,12,5315.4,442.95,0
2025-10-30,ST30,SKU001240,8,17434.48,2179.31,0
2025-10-31,ST01,SKU001127,4,4657.32,1164.33,0
2025-10-31,ST03,SKU004164,18,38045.16,2113.62,0
2025-10-31,ST04,SKU002555,18,40045.32,2224.74,0
2025-10-31,ST05,SKU000845,9,4668.75,518.75,0
2025-10-31,ST06,SKU000471,9,20131.92,2236.88,0
2025-10-31,ST08,SKU002729,8,1949.12,243.64,0
2025-10-31,ST09,SKU000116,3,3395.37,1131.79,0
2025-10-31,ST09,SKU004739,8,16098.64,2012.33,1
2025-10-31,ST10,SKU000860,11,11549.45,1049.95,0
2025-10-31,ST11,SKU001159,18,11737.62,652.09,0
2025-10-31,ST11,SKU002208,61,118979.89,1950.49,0
2025-10-31,ST11,SKU004592,3,4228.29,1409.43,0
2025-10-31,ST12,SKU000897,10,12525.9,1252.59,1
2025-10-31,ST12,SKU002301,27,31623.21,1171.23,1
2025-10-31,ST12,SKU004407,30,65130.0,2171.0,0
2025-10-31,ST13,SKU002471,15,23493.3,1566.22,0
2025-10-31,ST14,SKU000714,14,4129.3,294.95,1
2025-10-31,ST16,SKU002496,17,5329.16,313.48,0
2025-10-31,ST17,SKU000095,17,26148.04,1538.12,0
2025-10-31,ST17,SKU004745,5,4805.6,961.12,0
2025-10-31,ST18,SKU001172,20,45844.6,2292.23,0
2025-10-31,ST18,SKU001788,17,27696.57,1629.21,1
2025-10-31,ST18,SKU004656,5,4495.5,899.1,0
2025-10-31,ST19,SKU001928,8,17953.92,2244.24,0
2025-10-31,ST20,SKU000513,5,3540.85,708.17,1
2025-10-31,ST20,SKU000909,3,4807.98,1602.66,0
2025-10-31,ST20,SKU004076,15,3427.5,228.5,0
2025-10-31,ST20,SKU004120,26,63962.86,2460.11,0
2025-10-31,ST21,SKU001162,3,779.31,259.77,0
2025-10-31,ST21,SKU004410,7,7822.15,1117.45,0
2025-10-31,ST22,SKU003911,9,17962.47,1995.83,0
2025-10-31,ST23,SKU001029,10,20858.4,2085.84,0
2025-10-31,ST23,SKU001395,18,26597.16,1477.62,1
2025-10-31,ST23,SKU004413,3,5144.31,1714.77,0
2025-10-31,ST24,SKU003374,16,27306.56,1706.66,0
2025-10-31,ST25,SKU000516,3,1839.18,613.06,0
2025-10-31,ST25,SKU002160,1,1097.13,1097.13,1
2025-10-31,ST25,SKU003942,22,22198.88,1009.04,1
2025-10-31,ST29,SKU000926,32,31434.88,982.34,0
2025-10-31,ST29,SKU001020,0,0.0,2372.52,0
2025-10-31,ST29,SKU004447,41,101730.84,2481.24,0
