sku_id,flag,affected_stores,window_start,window_end,notes
SKU04321,STOCKOUT_RISK,ST22;ST26;ST23;ST15;ST12;ST28;ST01;ST27;ST08;ST21;ST24;ST07;ST30;ST20,2025-11-06,2025-12-03,Top-selling SKU (by observed volume); injected recent stockout window.
SKU04596,STOCKOUT_RISK,ST12;ST09;ST21;ST23;ST07;ST24;ST01;ST28;ST14;ST13;ST29;ST10;ST30,2025-10-25,2025-11-06,Top-selling SKU (by observed volume); injected recent stockout window.
SKU03727,STOCKOUT_RISK,ST19;ST14;ST28;ST29;ST02;ST07;ST17;ST08;ST05;ST16,2025-11-08,2025-11-29,Top-selling SKU (by observed volume); injected recent stockout window.
SKU04154,STOCKOUT_RISK,ST15;ST03;ST30;ST09;ST24;ST19;ST28;ST02;ST07;ST14;ST17,2025-11-12,2025-11-26,Top-selling SKU (by observed volume); injected recent stockout window.
SKU00953,STOCKOUT_RISK,ST09;ST19;ST27;ST20;ST01;ST03;ST11;ST10;ST22;ST26;ST30;ST13;ST21;ST23;ST15,2025-11-29,2025-12-25,Top-selling SKU (by observed volume); injected recent stockout window.
SKU00190,STOCKOUT_RISK,ST12;ST25;ST21;ST26;ST11;ST19;ST28;ST02;ST15;ST03;ST13;ST18;ST08;ST22;ST20;ST24;ST30,2025-11-14,2025-12-03,Top-selling SKU (by observed volume); injected recent stockout window.
SKU02141,STOCKOUT_RISK,ST09;ST21;ST06;ST16;ST07;ST30;ST27;ST10;ST11;ST12;ST05;ST22;ST18;ST29;ST28;ST14,2025-12-05,2025-12-30,Top-selling SKU (by observed volume); injected recent stockout window.
SKU00994,STOCKOUT_RISK,ST18;ST04;ST29;ST30;ST11;ST26;ST07;ST15;ST14;ST20;ST10;ST22;ST13;ST05;ST24;ST19,2025-12-17,2025-12-28,Top-selling SKU (by observed volume); injected recent stockout window.
SKU03292,STOCKOUT_RISK,ST09;ST06;ST15;ST27;ST25;ST01;ST11;ST30;ST04;ST26;ST14;ST18;ST17;ST24,2025-10-22,2025-11-10,Top-selling SKU (by observed volume); injected recent stockout window.
SKU01775,STOCKOUT_RISK,ST17;ST15;ST08;ST27;ST16;ST05;ST12;ST20;ST03;ST01;ST21;ST26;ST25;ST30;ST02;ST29;ST04,2025-10-27,2025-11-07,Top-selling SKU (by observed volume); injected recent stockout window.
SKU04571,STOCKOUT_RISK,ST21;ST27;ST19;ST18;ST08;ST25;ST22;ST12;ST13;ST29;ST16;ST10;ST02;ST28;ST11;ST30,2025-10-28,2025-11-10,Top-selling SKU (by observed volume); injected recent stockout window.
SKU00942,STOCKOUT_RISK,ST06;ST21;ST03;ST05;ST30;ST27;ST22;ST10;ST24,2025-11-28,2025-12-21,Top-selling SKU (by observed volume); injected recent stockout window.
SKU02858,STOCKOUT_RISK,ST10;ST18;ST21;ST27;ST04;ST15;ST12;ST01;ST24,2025-11-02,2025-11-22,Top-selling SKU (by observed volume); injected recent stockout window.
SKU01371,STOCKOUT_RISK,ST24;ST20;ST05;ST19;ST08;ST16;ST12;ST09;ST14;ST27;ST22;ST06;ST23;ST17,2025-11-27,2025-12-24,Top-selling SKU (by observed volume); injected recent stockout window.
SKU01420,STOCKOUT_RISK,ST15;ST16;ST10;ST05;ST13;ST12;ST29;ST20;ST02;ST25;ST06;ST14,2025-11-09,2025-12-02,Top-selling SKU (by observed volume); injected recent stockout window.
SKU00079,STOCKOUT_RISK,ST11;ST17;ST01;ST24;ST26;ST22;ST23;ST14;ST04;ST19;ST29,2025-10-21,2025-11-18,Top-selling SKU (by observed volume); injected recent stockout window.
SKU01045,STOCKOUT_RISK,ST29;ST09;ST07;ST03;ST10;ST20;ST26;ST11;ST08;ST14;ST28;ST05,2025-11-26,2025-12-24,Top-selling SKU (by observed volume); injected recent stockout window.
SKU00285,STOCKOUT_RISK,ST01;ST10;ST30;ST06;ST26;ST15;ST16;ST03;ST02;ST20;ST18;ST08;ST09;ST19,2025-10-29,2025-11-12,Top-selling SKU (by observed volume); injected recent stockout window.
SKU02930,STOCKOUT_RISK,ST19;ST27;ST16;ST09;ST20;ST21;ST30;ST22;ST24;ST13;ST25;ST11;ST26;ST05;ST12,2025-12-04,2025-12-28,Top-selling SKU (by observed volume); injected recent stockout window.
SKU03088,STOCKOUT_RISK,ST08;ST04;ST21;ST03;ST25;ST15;ST07;ST11;ST12;ST30;ST23;ST09;ST28,2025-10-30,2025-11-21,Top-selling SKU (by observed volume); injected recent stockout window.
SKU00286,STOCKOUT_RISK,ST16;ST30;ST02;ST21;ST23;ST05;ST28;ST01;ST27;ST15,2025-12-10,2025-12-25,Top-selling SKU (by observed volume); injected recent stockout window.
SKU02954,STOCKOUT_RISK,ST13;ST10;ST28;ST19;ST17;ST27;ST22;ST06;ST15;ST24;ST18;ST20;ST04;ST23;ST02,2025-10-19,2025-11-17,Top-selling SKU (by observed volume); injected recent stockout window.
SKU04381,STOCKOUT_RISK,ST28;ST08;ST04;ST29;ST11;ST25;ST18;ST21;ST05;ST23;ST13;ST24;ST14;ST03;ST10,2025-11-27,2025-12-07,Top-selling SKU (by observed volume); injected recent stockout window.
SKU00845,STOCKOUT_RISK,ST27;ST03;ST01;ST10;ST05;ST25;ST07;ST21;ST09;ST26;ST11;ST30;ST29;ST06,2025-10-29,2025-11-24,Top-selling SKU (by observed volume); injected recent stockout window.
SKU04166,STOCKOUT_RISK,ST19;ST08;ST12;ST01;ST14;ST07;ST10;ST11;ST13;ST15;ST17;ST29;ST03;ST18;ST22;ST09,2025-10-31,2025-11-10,Top-selling SKU (by observed volume); injected recent stockout window.
SKU04329,STOCKOUT_RISK,ST30;ST10;ST21;ST26;ST22;ST24;ST16;ST27;ST17;ST08;ST28;ST18;ST03;ST23;ST14;ST01,2025-11-02,2025-11-25,Top-selling SKU (by observed volume); injected recent stockout window.
SKU02368,STOCKOUT_RISK,ST21;ST03;ST05;ST01;ST12;ST17;ST26;ST09;ST25;ST24,2025-11-27,2025-12-19,Top-selling SKU (by observed volume); injected recent stockout window.
SKU00002,STOCKOUT_RISK,ST12;ST29;ST16;ST05;ST01;ST04;ST17;ST14;ST22;ST19;ST20;ST07;ST15;ST24;ST25;ST06;ST23;ST27,2025-11-08,2025-12-06,Top-selling SKU (by observed volume); injected recent stockout window.
SKU01189,STOCKOUT_RISK,ST18;ST22;ST02;ST21;ST09;ST11;ST03;ST20;ST23;ST27;ST25;ST01;ST26;ST13;ST07,2025-11-07,2025-12-05,Top-selling SKU (by observed volume); injected recent stockout window.
SKU00264,STOCKOUT_RISK,ST22;ST11;ST19;ST05;ST14;ST30;ST13;ST02;ST12;ST04;ST15;ST03;ST26;ST16;ST20,2025-11-19,2025-12-02,Top-selling SKU (by observed volume); injected recent stockout window.
SKU04350,STOCKOUT_RISK,ST29;ST28;ST15;ST06;ST18;ST13;ST05;ST23;ST08;ST19;ST12;ST25;ST20;ST26;ST16;ST03,2025-11-19,2025-12-11,Top-selling SKU (by observed volume); injected recent stockout window.
SKU04508,STOCKOUT_RISK,ST22;ST07;ST03;ST04;ST24;ST27;ST10;ST18;ST20;ST26;ST06;ST09,2025-10-29,2025-11-14,Top-selling SKU (by observed volume); injected recent stockout window.
SKU03840,STOCKOUT_RISK,ST14;ST26;ST08;ST09;ST17;ST04;ST11;ST28;ST03,2025-10-21,2025-11-15,Top-selling SKU (by observed volume); injected recent stockout window.
SKU02892,STOCKOUT_RISK,ST12;ST25;ST14;ST19;ST10;ST29;ST26;ST22;ST23;ST15;ST08;ST18;ST06,2025-10-22,2025-11-18,Top-selling SKU (by observed volume); injected recent stockout window.
SKU04551,STOCKOUT_RISK,ST04;ST13;ST26;ST11;ST18;ST27;ST19;ST30;ST07;ST16;ST09;ST05;ST21;ST23;ST12,2025-10-26,2025-11-09,Top-selling SKU (by observed volume); injected recent stockout window.
SKU00376,STOCKOUT_RISK,ST16;ST23;ST22;ST17;ST05;ST13;ST18;ST07;ST21;ST08;ST25;ST26;ST14;ST04;ST06,2025-11-14,2025-11-29,Top-selling SKU (by observed volume); injected recent stockout window.
SKU00920,STOCKOUT_RISK,ST25;ST04;ST08;ST19;ST20;ST12;ST01;ST05;ST09;ST29;ST07;ST30;ST18;ST03;ST11;ST24;ST06,2025-10-30,2025-11-14,Top-selling SKU (by observed volume); injected recent stockout window.
SKU01037,STOCKOUT_RISK,ST30;ST21;ST09;ST18;ST02;ST10;ST11;ST20;ST08;ST12;ST06;ST24;ST26;ST03;ST05;ST29,2025-11-18,2025-12-14,Top-selling SKU (by observed volume); injected recent stockout window.
SKU04926,STOCKOUT_RISK,ST11;ST26;ST17;ST29;ST04;ST27;ST25;ST15;ST02;ST07;ST05,2025-12-07,2025-12-28,Top-selling SKU (by observed volume); injected recent stockout window.
SKU02747,STOCKOUT_RISK,ST30;ST15;ST14;ST26;ST11;ST01;ST13;ST10;ST21;ST18;ST02;ST24;ST03,2025-11-14,2025-12-05,Top-selling SKU (by observed volume); injected recent stockout window.
SKU00893,STOCKOUT_RISK,ST22;ST23;ST19;ST09;ST12;ST16;ST03;ST17;ST14;ST10,2025-11-25,2025-12-09,Top-selling SKU (by observed volume); injected recent stockout window.
SKU03907,STOCKOUT_RISK,ST20;ST13;ST30;ST29;ST14;ST06;ST09;ST07;ST16;ST22;ST08;ST28;ST11;ST18;ST21;ST05,2025-10-31,2025-11-29,Top-selling SKU (by observed volume); injected recent stockout window.
SKU04157,STOCKOUT_RISK,ST18;ST13;ST23;ST17;ST19;ST21;ST27;ST30;ST20;ST06;ST26;ST25;ST24;ST28;ST29;ST14,2025-11-20,2025-12-04,Top-selling SKU (by observed volume); injected recent stockout window.
SKU01274,STOCKOUT_RISK,ST25;ST20;ST23;ST29;ST10;ST09;ST02;ST19;ST24;ST08;ST12;ST15,2025-11-21,2025-12-02,Top-selling SKU (by observed volume); injected recent stockout window.
SKU04913,STOCKOUT_RISK,ST20;ST24;ST08;ST02;ST18;ST26;ST30;ST12;ST27;ST04;ST06;ST07;ST29;ST03;ST21;ST25;ST19,2025-11-06,2025-11-26,Top-selling SKU (by observed volume); injected recent stockout window.
SKU02692,STOCKOUT_RISK,ST04;ST16;ST02;ST11;ST09;ST17;ST27;ST24;ST03,2025-11-25,2025-12-17,Top-selling SKU (by observed volume); injected recent stockout window.
SKU00169,STOCKOUT_RISK,ST08;ST29;ST13;ST20;ST17;ST26;ST07;ST28;ST05;ST16;ST12;ST22;ST11;ST27;ST30;ST09;ST10,2025-10-21,2025-11-18,Top-selling SKU (by observed volume); injected recent stockout window.
SKU04191,STOCKOUT_RISK,ST09;ST25;ST05;ST30;ST15;ST29;ST21;ST24;ST26;ST04;ST16;ST14,2025-11-01,2025-11-28,Top-selling SKU (by observed volume); injected recent stockout window.
SKU02740,STOCKOUT_RISK,ST04;ST11;ST27;ST01;ST22;ST16;ST23;ST24;ST02;ST13;ST29;ST06;ST07;ST09;ST30;ST19;ST20,2025-10-19,2025-10-31,Top-selling SKU (by observed volume); injected recent stockout window.
SKU00062,STOCKOUT_RISK,ST13;ST20;ST01;ST21;ST08;ST11;ST29;ST19;ST10,2025-12-09,2025-12-31,Top-selling SKU (by observed volume); injected recent stockout window.
SKU03030,STOCKOUT_RISK,ST29;ST13;ST14;ST08;ST28;ST15;ST12;ST23;ST21;ST04;ST25;ST17;ST09;ST30;ST01;ST22;ST05,2025-11-08,2025-11-22,Top-selling SKU (by observed volume); injected recent stockout window.
SKU02538,STOCKOUT_RISK,ST11;ST25;ST05;ST08;ST24;ST13;ST26;ST12;ST19;ST09;ST10;ST27;ST28;ST16,2025-11-18,2025-12-06,Top-selling SKU (by observed volume); injected recent stockout window.
SKU01507,STOCKOUT_RISK,ST20;ST29;ST28;ST24;ST17;ST18;ST05;ST03;ST19;ST13;ST06;ST25;ST08;ST02;ST04,2025-11-18,2025-12-15,Top-selling SKU (by observed volume); injected recent stockout window.
SKU03800,STOCKOUT_RISK,ST24;ST19;ST21;ST06;ST25;ST15;ST02;ST08;ST01;ST20;ST29,2025-12-13,2025-12-25,Top-selling SKU (by observed volume); injected recent stockout window.
SKU02660,STOCKOUT_RISK,ST18;ST06;ST12;ST10;ST13;ST04;ST08;ST15;ST03;ST23;ST05;ST09;ST29;ST27;ST17,2025-11-11,2025-12-06,Top-selling SKU (by observed volume); injected recent stockout window.
SKU04032,STOCKOUT_RISK,ST26;ST27;ST10;ST01;ST06;ST19;ST22;ST09;ST17;ST20;ST08;ST28;ST02;ST11;ST23,2025-11-19,2025-12-06,Top-selling SKU (by observed volume); injected recent stockout window.
SKU00500,STOCKOUT_RISK,ST16;ST06;ST23;ST27;ST10;ST05;ST01;ST13;ST15;ST21;ST19;ST17;ST20,2025-10-24,2025-11-16,Top-selling SKU (by observed volume); injected recent stockout window.
SKU01677,STOCKOUT_RISK,ST08;ST05;ST27;ST16;ST30;ST10;ST23;ST25;ST17;ST11;ST22,2025-11-15,2025-11-28,Top-selling SKU (by observed volume); injected recent stockout window.
SKU00774,STOCKOUT_RISK,ST10;ST05;ST07;ST06;ST04;ST29;ST20;ST08;ST23;ST17;ST22;ST01,2025-10-18,2025-11-16,Top-selling SKU (by observed volume); injected recent stockout window.
SKU02648,STOCKOUT_RISK,ST05;ST19;ST06;ST04;ST23;ST30;ST13;ST14;ST26;ST01;ST21;ST18,2025-11-16,2025-12-14,Top-selling SKU (by observed volume); injected recent stockout window.
SKU04105,STOCKOUT_RISK,ST18;ST14;ST24;ST22;ST19;ST01;ST23;ST13;ST07;ST02;ST29,2025-10-26,2025-11-05,Top-selling SKU (by observed volume); injected recent stockout window.
SKU01414,STOCKOUT_RISK,ST18;ST05;ST21;ST27;ST03;ST13;ST17;ST25;ST26;ST04;ST19;ST29;ST07;ST20;ST01;ST15;ST08;ST10,2025-11-16,2025-11-27,Top-selling SKU (by observed volume); injected recent stockout window.
SKU02526,STOCKOUT_RISK,ST19;ST18;ST23;ST26;ST06;ST10;ST15;ST03;ST07;ST13;ST20;ST16;ST09;ST25;ST22;ST01,2025-11-24,2025-12-12,Top-selling SKU (by observed volume); injected recent stockout window.
SKU03702,STOCKOUT_RISK,ST10;ST11;ST14;ST07;ST03;ST16;ST22;ST24;ST02;ST04,2025-10-27,2025-11-11,Top-selling SKU (by observed volume); injected recent stockout window.
SKU01578,STOCKOUT_RISK,ST15;ST29;ST27;ST07;ST19;ST18;ST03;ST21;ST14;ST10;ST17;ST13;ST22;ST28;ST30;ST24;ST06;ST09,2025-10-29,2025-11-27,Top-selling SKU (by observed volume); injected recent stockout window.
SKU01030,STOCKOUT_RISK,ST02;ST12;ST10;ST26;ST17;ST20;ST24;ST19;ST18;ST11;ST29;ST01;ST22;ST14;ST30,2025-11-22,2025-12-15,Top-selling SKU (by observed volume); injected recent stockout window.
SKU03053,STOCKOUT_RISK,ST05;ST28;ST03;ST30;ST24;ST21;ST26;ST19;ST29;ST09,2025-12-05,2025-12-20,Top-selling SKU (by observed volume); injected recent stockout window.
SKU04453,STOCKOUT_RISK,ST09;ST05;ST11;ST15;ST27;ST06;ST10;ST25;ST07;ST17;ST29;ST03;ST12;ST16;ST02;ST26,2025-10-23,2025-11-05,Top-selling SKU (by observed volume); injected recent stockout window.
SKU01048,STOCKOUT_RISK,ST29;ST06;ST26;ST23;ST01;ST14;ST21;ST11;ST16;ST08;ST20;ST28;ST12,2025-12-13,2025-12-24,Top-selling SKU (by observed volume); injected recent stockout window.
SKU00692,STOCKOUT_RISK,ST27;ST03;ST13;ST05;ST06;ST10;ST15;ST11;ST21;ST17;ST02;ST23;ST16;ST25;ST01;ST14;ST18;ST19,2025-12-14,2025-12-24,Top-selling SKU (by observed volume); injected recent stockout window.
SKU00263,STOCKOUT_RISK,ST22;ST11;ST06;ST12;ST29;ST18;ST30;ST14;ST21;ST17;ST03;ST05;ST20;ST23;ST24;ST13;ST25,2025-10-26,2025-11-07,Top-selling SKU (by observed volume); injected recent stockout window.
SKU02840,STOCKOUT_RISK,ST22;ST23;ST04;ST13;ST18;ST07;ST25;ST30;ST17;ST15;ST28;ST01;ST27;ST26;ST19;ST11;ST14;ST09,2025-11-23,2025-12-09,Top-selling SKU (by observed volume); injected recent stockout window.
SKU04627,STOCKOUT_RISK,ST24;ST08;ST10;ST27;ST02;ST13;ST07;ST28;ST22,2025-10-25,2025-11-04,Top-selling SKU (by observed volume); injected recent stockout window.
SKU02247,STOCKOUT_RISK,ST09;ST10;ST25;ST28;ST01;ST19;ST07;ST06;ST29;ST02;ST03;ST22;ST16;ST13;ST18,2025-11-25,2025-12-18,Top-selling SKU (by observed volume); injected recent stockout window.
SKU04318,STOCKOUT_RISK,ST22;ST19;ST02;ST05;ST26;ST04;ST06;ST30;ST14;ST12;ST20,2025-10-19,2025-10-29,Top-selling SKU (by observed volume); injected recent stockout window.
SKU00484,STOCKOUT_RISK,ST27;ST03;ST26;ST21;ST28;ST16;ST19;ST25;ST06;ST13;ST11;ST12;ST02;ST09;ST20;ST23;ST22;ST15,2025-11-04,2025-11-24,Top-selling SKU (by observed volume); injected recent stockout window.
SKU01317,STOCKOUT_RISK,ST25;ST04;ST21;ST29;ST24;ST17;ST28;ST05;ST02;ST14;ST23;ST13;ST27,2025-11-30,2025-12-11,Top-selling SKU (by observed volume); injected recent stockout window.
SKU03546,STOCKOUT_RISK,ST27;ST29;ST28;ST03;ST11;ST09;ST22;ST10;ST16;ST30;ST01;ST19;ST17;ST20,2025-11-15,2025-12-09,Top-selling SKU (by observed volume); injected recent stockout window.
SKU01993,STOCKOUT_RISK,ST20;ST23;ST17;ST19;ST25;ST30;ST04;ST03;ST21;ST11,2025-11-26,2025-12-18,Top-selling SKU (by observed volume); injected recent stockout window.
SKU02449,STOCKOUT_RISK,ST13;ST12;ST05;ST25;ST20;ST07;ST03;ST19;ST17;ST26;ST24;ST10;ST16;ST01;ST29,2025-12-04,2025-12-27,Top-selling SKU (by observed volume); injected recent stockout window.
SKU01164,STOCKOUT_RISK,ST21;ST29;ST12;ST04;ST03;ST22;ST18;ST01;ST25;ST11;ST10;ST02,2025-11-23,2025-12-16,Top-selling SKU (by observed volume); injected recent stockout window.
SKU02340,STOCKOUT_RISK,ST06;ST17;ST09;ST03;ST29;ST02;ST21;ST23;ST24;ST28;ST16;ST04;ST07;ST12;ST13,2025-11-29,2025-12-28,Top-selling SKU (by observed volume); injected recent stockout window.
SKU01152,STOCKOUT_RISK,ST24;ST06;ST15;ST28;ST05;ST27;ST17;ST23;ST01;ST25;ST02;ST10;ST12;ST09,2025-12-06,2025-12-31,Top-selling SKU (by observed volume); injected recent stockout window.
SKU04245,STOCKOUT_RISK,ST14;ST11;ST19;ST21;ST28;ST24;ST03;ST20;ST16;ST02;ST10;ST27;ST04;ST17;ST05;ST26;ST06,2025-10-25,2025-11-16,Top-selling SKU (by observed volume); injected recent stockout window.
SKU01009,STOCKOUT_RISK,ST17;ST03;ST22;ST09;ST28;ST21;ST23;ST04;ST12;ST08;ST16;ST25;ST30;ST26,2025-11-24,2025-12-23,Top-selling SKU (by observed volume); injected recent stockout window.
SKU01784,STOCKOUT_RISK,ST23;ST30;ST17;ST12;ST26;ST15;ST04;ST16;ST18;ST20;ST01;ST13,2025-11-20,2025-12-13,Top-selling SKU (by observed volume); injected recent stockout window.
SKU02531,STOCKOUT_RISK,ST16;ST14;ST06;ST21;ST30;ST24;ST15;ST17;ST28;ST18;ST25;ST22;ST05;ST12;ST03;ST11,2025-12-06,2025-12-30,Top-selling SKU (by observed volume); injected recent stockout window.
SKU00020,STOCKOUT_RISK,ST13;ST22;ST04;ST01;ST15;ST28;ST25;ST11;ST12;ST26;ST17;ST05;ST03;ST08;ST18,2025-11-28,2025-12-22,Top-selling SKU (by observed volume); injected recent stockout window.
SKU00539,STOCKOUT_RISK,ST20;ST03;ST21;ST27;ST02;ST07;ST24;ST17;ST23;ST05;ST13;ST15;ST04;ST08;ST01;ST11;ST14;ST22,2025-10-26,2025-11-21,Top-selling SKU (by observed volume); injected recent stockout window.
SKU02176,STOCKOUT_RISK,ST14;ST09;ST26;ST22;ST15;ST23;ST01;ST16;ST04;ST12;ST30;ST10;ST29;ST11;ST07;ST24;ST18;ST19,2025-11-17,2025-12-15,Top-selling SKU (by observed volume); injected recent stockout window.
SKU03323,STOCKOUT_RISK,ST23;ST08;ST10;ST21;ST17;ST03;ST22;ST26;ST25,2025-12-02,2025-12-18,Top-selling SKU (by observed volume); injected recent stockout window.
SKU00929,STOCKOUT_RISK,ST12;ST09;ST03;ST08;ST30;ST15;ST23;ST16;ST18;ST14,2025-12-02,2025-12-30,Top-selling SKU (by observed volume); injected recent stockout window.
SKU00976,STOCKOUT_RISK,ST27;ST13;ST23;ST21;ST29;ST18;ST19;ST25;ST16;ST03;ST14;ST28;ST04;ST10;ST01;ST09;ST11;ST02,2025-12-09,2025-12-23,Top-selling SKU (by observed volume); injected recent stockout window.
SKU00628,STOCKOUT_RISK,ST26;ST18;ST03;ST19;ST25;ST13;ST30;ST21;ST29;ST06;ST04;ST17;ST07;ST12;ST09;ST20,2025-10-30,2025-11-09,Top-selling SKU (by observed volume); injected recent stockout window.
SKU02462,STOCKOUT_RISK,ST15;ST10;ST03;ST02;ST12;ST20;ST09;ST28;ST08;ST11;ST30;ST16;ST21;ST27;ST24;ST22;ST14,2025-10-29,2025-11-11,Top-selling SKU (by observed volume); injected recent stockout window.
SKU02543,STOCKOUT_RISK,ST21;ST04;ST06;ST07;ST18;ST27;ST14;ST01;ST17;ST24;ST23;ST26;ST05;ST13;ST20,2025-12-02,2025-12-25,Top-selling SKU (by observed volume); injected recent stockout window.
SKU04041,STOCKOUT_RISK,ST17;ST20;ST29;ST10;ST27;ST02;ST28;ST24;ST06;ST22;ST25;ST14;ST08;ST04;ST03,2025-10-19,2025-11-08,Top-selling SKU (by observed volume); injected recent stockout window.
SKU02355,STOCKOUT_RISK,ST19;ST22;ST30;ST25;ST14;ST09;ST05;ST01;ST07;ST28;ST10;ST11;ST17;ST18;ST27;ST20;ST03;ST24,2025-10-21,2025-11-01,Top-selling SKU (by observed volume); injected recent stockout window.
SKU00177,STOCKOUT_RISK,ST30;ST25;ST22;ST08;ST28;ST02;ST06;ST27;ST21;ST24;ST12;ST23;ST11,2025-12-03,2025-12-22,Top-selling SKU (by observed volume); injected recent stockout window.
SKU04016,STOCKOUT_RISK,ST21;ST19;ST12;ST16;ST27;ST20;ST29;ST23;ST04;ST03;ST13;ST28;ST18;ST10;ST22;ST25;ST01,2025-12-13,2025-12-24,Top-selling SKU (by observed volume); injected recent stockout window.
SKU01138,STOCKOUT_RISK,ST10;ST16;ST07;ST18;ST21;ST23;ST06;ST22;ST27;ST01;ST20;ST08,2025-10-31,2025-11-16,Top-selling SKU (by observed volume); injected recent stockout window.
SKU01363,STOCKOUT_RISK,ST30;ST23;ST08;ST26;ST21;ST09;ST15;ST12;ST11;ST14,2025-10-31,2025-11-28,Top-selling SKU (by observed volume); injected recent stockout window.
SKU02155,STOCKOUT_RISK,ST19;ST22;ST12;ST10;ST13;ST08;ST27;ST21;ST11;ST03;ST17;ST24;ST14;ST05;ST04,2025-12-03,2025-12-14,Top-selling SKU (by observed volume); injected recent stockout window.
SKU00974,STOCKOUT_RISK,ST30;ST09;ST23;ST05;ST13;ST10;ST25;ST20;ST11,2025-11-01,2025-11-30,Top-selling SKU (by observed volume); injected recent stockout window.
SKU03535,STOCKOUT_RISK,ST27;ST26;ST24;ST22;ST12;ST15;ST10;ST09;ST08;ST21;ST19;ST07;ST17,2025-10-18,2025-11-13,Top-selling SKU (by observed volume); injected recent stockout window.
SKU00369,STOCKOUT_RISK,ST04;ST10;ST27;ST05;ST29;ST28;ST19;ST30;ST14;ST09,2025-10-17,2025-11-04,Top-selling SKU (by observed volume); injected recent stockout window.
SKU02482,STOCKOUT_RISK,ST14;ST06;ST21;ST29;ST28;ST24;ST26;ST30;ST02;ST16;ST15,2025-12-12,2025-12-26,Top-selling SKU (by observed volume); injected recent stockout window.
SKU00996,STOCKOUT_RISK,ST08;ST11;ST12;ST24;ST09;ST02;ST25;ST01;ST18;ST17;ST23;ST26;ST16;ST22;ST28;ST14;ST15,2025-10-21,2025-11-17,Top-selling SKU (by observed volume); injected recent stockout window.
SKU00050,STOCKOUT_RISK,ST07;ST25;ST29;ST06;ST13;ST10;ST04;ST22;ST30;ST28;ST27,2025-12-17,2025-12-28,Top-selling SKU (by observed volume); injected recent stockout window.
SKU00363,STOCKOUT_RISK,ST18;ST27;ST10;ST05;ST07;ST30;ST03;ST20;ST15;ST13;ST22;ST17;ST11;ST19;ST06;ST25;ST29,2025-10-29,2025-11-21,Top-selling SKU (by observed volume); injected recent stockout window.
SKU03425,STOCKOUT_RISK,ST05;ST13;ST03;ST25;ST02;ST22;ST06;ST04;ST15;ST09;ST24;ST17;ST16;ST19;ST30;ST18,2025-12-04,2025-12-22,Top-selling SKU (by observed volume); injected recent stockout window.
SKU04562,STOCKOUT_RISK,ST29;ST05;ST10;ST09;ST15;ST06;ST08;ST01;ST20;ST25;ST11;ST19;ST22;ST18;ST30,2025-11-26,2025-12-10,Top-selling SKU (by observed volume); injected recent stockout window.
SKU03353,STOCKOUT_RISK,ST05;ST25;ST28;ST14;ST04;ST26;ST19;ST22;ST18,2025-12-04,2025-12-29,Top-selling SKU (by observed volume); injected recent stockout window.
SKU02640,STOCKOUT_RISK,ST18;ST12;ST22;ST19;ST08;ST14;ST24;ST17;ST13;ST25;ST23;ST28;ST09;ST20;ST15,2025-11-18,2025-12-15,Top-selling SKU (by observed volume); injected recent stockout window.
SKU02401,STOCKOUT_RISK,ST03;ST14;ST23;ST26;ST19;ST15;ST18;ST01;ST13,2025-10-25,2025-11-23,Top-selling SKU (by observed volume); injected recent stockout window.
SKU03063,STOCKOUT_RISK,ST06;ST15;ST26;ST24;ST30;ST08;ST07;ST25;ST29;ST18;ST01;ST09;ST17;ST14;ST03,2025-12-03,2025-12-29,Top-selling SKU (by observed volume); injected recent stockout window.
SKU00254,STOCKOUT_RISK,ST24;ST25;ST02;ST08;ST12;ST16;ST10;ST18;ST03;ST15;ST14;ST07;ST21;ST26;ST22;ST17,2025-12-04,2025-12-21,Top-selling SKU (by observed volume); injected recent stockout window.
SKU00728,STOCKOUT_RISK,ST11;ST27;ST21;ST18;ST09;ST30;ST03;ST23;ST08;ST10;ST01;ST22;ST07;ST12;ST19;ST05;ST16;ST15,2025-11-21,2025-12-14,Top-selling SKU (by observed volume); injected recent stockout window.
SKU03743,STOCKOUT_RISK,ST29;ST08;ST10;ST21;ST26;ST20;ST27;ST28;ST04;ST07;ST11;ST12;ST02;ST06;ST17,2025-11-08,2025-12-07,Top-selling SKU (by observed volume); injected recent stockout window.
SKU03578,STOCKOUT_RISK,ST20;ST05;ST24;ST18;ST14;ST30;ST27;ST26;ST19;ST03;ST01;ST17;ST29;ST12;ST25;ST06,2025-12-08,2025-12-19,Top-selling SKU (by observed volume); injected recent stockout window.
SKU03259,STOCKOUT_RISK,ST12;ST09;ST06;ST01;ST20;ST15;ST11;ST02;ST22;ST05;ST25;ST10,2025-11-05,2025-11-25,Top-selling SKU (by observed volume); injected recent stockout window.
SKU02776,STOCKOUT_RISK,ST29;ST15;ST21;ST28;ST01;ST09;ST25;ST04;ST02;ST20;ST07;ST22;ST27;ST26,2025-10-18,2025-11-02,Top-selling SKU (by observed volume); injected recent stockout window.
SKU04046,STOCKOUT_RISK,ST06;ST21;ST08;ST27;ST09;ST14;ST15;ST19;ST16;ST24;ST23;ST20;ST03;ST22;ST25;ST02;ST30;ST01,2025-10-18,2025-10-30,Top-selling SKU (by observed volume); injected recent stockout window.
SKU02950,STOCKOUT_RISK,ST23;ST10;ST18;ST02;ST19;ST06;ST14;ST08;ST09,2025-10-20,2025-11-11,Top-selling SKU (by observed volume); injected recent stockout window.
SKU04646,STOCKOUT_RISK,ST16;ST17;ST21;ST22;ST02;ST09;ST03;ST12;ST13;ST18;ST25;ST28,2025-11-29,2025-12-13,Top-selling SKU (by observed volume); injected recent stockout window.
SKU02737,STOCKOUT_RISK,ST11;ST06;ST10;ST18;ST14;ST01;ST26;ST21;ST29;ST05;ST02;ST12;ST04;ST03,2025-12-07,2025-12-19,Top-selling SKU (by observed volume); injected recent stockout window.
SKU04824,STOCKOUT_RISK,ST22;ST30;ST25;ST17;ST11;ST04;ST23;ST10;ST13,2025-12-05,2025-12-20,Top-selling SKU (by observed volume); injected recent stockout window.
SKU02484,STOCKOUT_RISK,ST20;ST13;ST28;ST18;ST11;ST30;ST16;ST24;ST17;ST25;ST05;ST04;ST19;ST22;ST23,2025-12-05,2025-12-20,Top-selling SKU (by observed volume); injected recent stockout window.
SKU00506,STOCKOUT_RISK,ST02;ST29;ST09;ST12;ST05;ST21;ST17;ST07;ST30;ST13;ST06;ST23;ST04;ST08;ST15;ST20;ST24;ST18,2025-10-24,2025-11-19,Top-selling SKU (by observed volume); injected recent stockout window.
SKU04362,STOCKOUT_RISK,ST16;ST06;ST25;ST28;ST08;ST02;ST21;ST18;ST07;ST29;ST05;ST17;ST26;ST23,2025-11-16,2025-12-14,Top-selling SKU (by observed volume); injected recent stockout window.
SKU03057,STOCKOUT_RISK,ST16;ST29;ST17;ST20;ST08;ST12;ST21;ST18;ST02;ST24;ST01;ST23;ST09;ST13;ST11,2025-11-04,2025-11-27,Top-selling SKU (by observed volume); injected recent stockout window.
SKU01751,STOCKOUT_RISK,ST03;ST18;ST05;ST14;ST07;ST10;ST09;ST20;ST06;ST24;ST02;ST16;ST26;ST21,2025-11-22,2025-12-11,Top-selling SKU (by observed volume); injected recent stockout window.
SKU02088,STOCKOUT_RISK,ST26;ST20;ST06;ST10;ST21;ST04;ST18;ST13;ST01;ST23;ST16,2025-11-22,2025-12-19,Top-selling SKU (by observed volume); injected recent stockout window.
SKU04847,STOCKOUT_RISK,ST19;ST01;ST26;ST03;ST04;ST14;ST09;ST12;ST21;ST22;ST15;ST13;ST07,2025-11-23,2025-12-15,Top-selling SKU (by observed volume); injected recent stockout window.
SKU04315,STOCKOUT_RISK,ST19;ST13;ST15;ST18;ST12;ST05;ST17;ST10;ST02;ST06;ST03;ST25;ST09;ST08;ST01;ST16,2025-11-10,2025-11-27,Top-selling SKU (by observed volume); injected recent stockout window.
SKU03274,STOCKOUT_RISK,ST18;ST15;ST05;ST02;ST28;ST21;ST30;ST17;ST29;ST19;ST09;ST26;ST08;ST12;ST24;ST23;ST06,2025-11-14,2025-12-10,Top-selling SKU (by observed volume); injected recent stockout window.
SKU00531,STOCKOUT_RISK,ST16;ST25;ST15;ST29;ST14;ST06;ST08;ST03;ST23;ST19;ST09,2025-11-11,2025-11-22,Top-selling SKU (by observed volume); injected recent stockout window.
SKU03476,STOCKOUT_RISK,ST18;ST15;ST13;ST30;ST02;ST28;ST11;ST21;ST09;ST06;ST22;ST27;ST01;ST20;ST24;ST16,2025-11-23,2025-12-03,Top-selling SKU (by observed volume); injected recent stockout window.
SKU01988,STOCKOUT_RISK,ST26;ST18;ST06;ST02;ST30;ST24;ST20;ST22;ST28;ST27,2025-11-12,2025-12-09,Top-selling SKU (by observed volume); injected recent stockout window.
SKU02614,STOCKOUT_RISK,ST30;ST01;ST13;ST10;ST22;ST28;ST19;ST04;ST11;ST26;ST24;ST09;ST27,2025-10-28,2025-11-24,Top-selling SKU (by observed volume); injected recent stockout window.
SKU02079,STOCKOUT_RISK,ST18;ST05;ST22;ST03;ST28;ST09;ST19;ST29;ST14;ST07;ST04,2025-11-19,2025-12-11,Top-selling SKU (by observed volume); injected recent stockout window.
SKU03633,STOCKOUT_RISK,ST15;ST06;ST21;ST04;ST01;ST16;ST13;ST14;ST20;ST19;ST09;ST11;ST22;ST12,2025-12-06,2025-12-30,Top-selling SKU (by observed volume); injected recent stockout window.
SKU04012,STOCKOUT_RISK,ST09;ST18;ST01;ST11;ST21;ST22;ST20;ST23;ST26,2025-11-03,2025-11-30,Top-selling SKU (by observed volume); injected recent stockout window.
SKU04626,STOCKOUT_RISK,ST22;ST24;ST07;ST19;ST15;ST30;ST02;ST12;ST08;ST29;ST16,2025-11-15,2025-12-04,Top-selling SKU (by observed volume); injected recent stockout window.
SKU02923,STOCKOUT_RISK,ST20;ST28;ST10;ST23;ST21;ST05;ST15;ST01;ST12,2025-11-20,2025-12-14,Top-selling SKU (by observed volume); injected recent stockout window.
SKU00538,STOCKOUT_RISK,ST27;ST28;ST23;ST13;ST05;ST01;ST11;ST09;ST03;ST16,2025-11-19,2025-12-03,Top-selling SKU (by observed volume); injected recent stockout window.
SKU02983,STOCKOUT_RISK,ST05;ST02;ST17;ST07;ST30;ST29;ST19;ST04;ST10;ST06,2025-11-29,2025-12-17,Top-selling SKU (by observed volume); injected recent stockout window.
SKU03876,STOCKOUT_RISK,ST10;ST12;ST26;ST07;ST08;ST17;ST20;ST05;ST19;ST14,2025-10-31,2025-11-10,Top-selling SKU (by observed volume); injected recent stockout window.
SKU00416,STOCKOUT_RISK,ST17;ST10;ST04;ST07;ST13;ST20;ST21;ST11;ST26;ST02;ST05;ST12;ST01;ST29,2025-11-01,2025-11-14,Top-selling SKU (by observed volume); injected recent stockout window.
SKU04489,STOCKOUT_RISK,ST17;ST25;ST22;ST05;ST09;ST15;ST10;ST30;ST21;ST13;ST07;ST19;ST24;ST04;ST12;ST27,2025-12-11,2025-12-29,Top-selling SKU (by observed volume); injected recent stockout window.
SKU04346,STOCKOUT_RISK,ST20;ST04;ST11;ST06;ST19;ST10;ST02;ST25;ST22;ST09;ST29,2025-11-12,2025-12-02,Top-selling SKU (by observed volume); injected recent stockout window.
SKU01662,STOCKOUT_RISK,ST05;ST19;ST18;ST04;ST23;ST30;ST21;ST10;ST06,2025-11-23,2025-12-11,Top-selling SKU (by observed volume); injected recent stockout window.
SKU01021,STOCKOUT_RISK,ST09;ST05;ST29;ST07;ST02;ST15;ST23;ST22;ST01;ST12;ST16;ST18;ST27,2025-10-26,2025-11-17,Top-selling SKU (by observed volume); injected recent stockout window.
SKU04305,STOCKOUT_RISK,ST02;ST11;ST17;ST03;ST04;ST22;ST26;ST25;ST16;ST27;ST06;ST08;ST24;ST09;ST12,2025-12-14,2025-12-27,Top-selling SKU (by observed volume); injected recent stockout window.
SKU02046,STOCKOUT_RISK,ST08;ST19;ST06;ST26;ST03;ST24;ST11;ST02;ST17;ST23;ST07;ST25;ST29;ST15;ST18;ST10;ST14,2025-10-18,2025-11-07,Top-selling SKU (by observed volume); injected recent stockout window.
SKU04280,STOCKOUT_RISK,ST09;ST04;ST12;ST23;ST16;ST13;ST29;ST10;ST03;ST21;ST30;ST28;ST24;ST02,2025-10-21,2025-11-05,Top-selling SKU (by observed volume); injected recent stockout window.
SKU04476,STOCKOUT_RISK,ST23;ST16;ST01;ST13;ST08;ST21;ST18;ST10;ST28,2025-12-02,2025-12-22,Top-selling SKU (by observed volume); injected recent stockout window.
SKU00328,STOCKOUT_RISK,ST05;ST09;ST29;ST11;ST07;ST17;ST26;ST20;ST28;ST12;ST19,2025-11-16,2025-12-14,Top-selling SKU (by observed volume); injected recent stockout window.
SKU04348,STOCKOUT_RISK,ST07;ST05;ST03;ST02;ST30;ST23;ST25;ST16;ST08,2025-10-29,2025-11-12,Top-selling SKU (by observed volume); injected recent stockout window.
SKU02657,STOCKOUT_RISK,ST16;ST22;ST11;ST21;ST23;ST28;ST01;ST05;ST09;ST19,2025-10-20,2025-11-13,Top-selling SKU (by observed volume); injected recent stockout window.
SKU00291,STOCKOUT_RISK,ST13;ST17;ST29;ST15;ST20;ST27;ST22;ST03;ST24;ST01;ST07;ST04;ST28;ST08;ST16,2025-10-28,2025-11-18,Top-selling SKU (by observed volume); injected recent stockout window.
SKU02898,STOCKOUT_RISK,ST10;ST01;ST20;ST16;ST03;ST12;ST04;ST28;ST25,2025-11-10,2025-11-30,Top-selling SKU (by observed volume); injected recent stockout window.
SKU02833,STOCKOUT_RISK,ST22;ST07;ST01;ST10;ST06;ST11;ST02;ST29;ST03;ST25;ST20;ST12;ST21;ST16,2025-11-17,2025-12-02,Top-selling SKU (by observed volume); injected recent stockout window.
SKU01438,STOCKOUT_RISK,ST21;ST18;ST12;ST01;ST17;ST22;ST03;ST06;ST05;ST02;ST07,2025-11-05,2025-12-01,Top-selling SKU (by observed volume); injected recent stockout window.
SKU03693,STOCKOUT_RISK,ST02;ST15;ST14;ST19;ST23;ST29;ST18;ST06;ST08;ST22,2025-10-25,2025-11-21,Top-selling SKU (by observed volume); injected recent stockout window.
SKU04140,STOCKOUT_RISK,ST27;ST16;ST20;ST21;ST01;ST10;ST08;ST12;ST23;ST22,2025-12-06,2025-12-25,Top-selling SKU (by observed volume); injected recent stockout window.
SKU02503,STOCKOUT_RISK,ST16;ST10;ST09;ST23;ST07;ST27;ST06;ST03;ST05;ST12;ST24;ST15;ST11;ST14,2025-10-26,2025-11-13,Top-selling SKU (by observed volume); injected recent stockout window.
SKU01170,STOCKOUT_RISK,ST12;ST13;ST27;ST29;ST26;ST19;ST07;ST20;ST03;ST16;ST05;ST06;ST01;ST04;ST08,2025-11-27,2025-12-18,Top-selling SKU (by observed volume); injected recent stockout window.
SKU02268,STOCKOUT_RISK,ST11;ST06;ST17;ST29;ST27;ST22;ST26;ST28;ST09;ST15;ST08;ST01,2025-11-07,2025-11-30,Top-selling SKU (by observed volume); injected recent stockout window.
SKU04783,STOCKOUT_RISK,ST15;ST17;ST12;ST25;ST18;ST05;ST23;ST16;ST26;ST01;ST28;ST08;ST22;ST03;ST09;ST19;ST14;ST24,2025-12-13,2025-12-24,Top-selling SKU (by observed volume); injected recent stockout window.
SKU01547,STOCKOUT_RISK,ST06;ST24;ST14;ST09;ST01;ST03;ST04;ST17;ST27;ST23;ST16;ST08;ST10;ST20;ST22;ST18;ST30;ST19,2025-11-19,2025-12-04,Top-selling SKU (by observed volume); injected recent stockout window.
SKU04710,STOCKOUT_RISK,ST30;ST18;ST08;ST22;ST29;ST20;ST10;ST07;ST16;ST13;ST02;ST19;ST03;ST27;ST24;ST14;ST25;ST21,2025-11-07,2025-11-26,Top-selling SKU (by observed volume); injected recent stockout window.
SKU02068,STOCKOUT_RISK,ST13;ST10;ST17;ST02;ST11;ST03;ST29;ST25;ST01;ST19;ST22,2025-11-10,2025-11-30,Top-selling SKU (by observed volume); injected recent stockout window.
SKU02683,STOCKOUT_RISK,ST01;ST14;ST05;ST27;ST17;ST08;ST04;ST25;ST06,2025-12-12,2025-12-24,Top-selling SKU (by observed volume); injected recent stockout window.
SKU01485,STOCKOUT_RISK,ST27;ST22;ST05;ST09;ST15;ST02;ST17;ST21;ST26;ST07;ST14,2025-11-11,2025-12-01,Top-selling SKU (by observed volume); injected recent stockout window.
SKU04126,STOCKOUT_RISK,ST07;ST17;ST25;ST19;ST30;ST01;ST03;ST29;ST24;ST20;ST08;ST28;ST09;ST23;ST12;ST16;ST18;ST21,2025-12-14,2025-12-28,Top-selling SKU (by observed volume); injected recent stockout window.
SKU03870,STOCKOUT_RISK,ST27;ST06;ST25;ST21;ST19;ST15;ST11;ST03;ST14;ST02;ST29;ST22;ST18,2025-11-02,2025-11-27,Top-selling SKU (by observed volume); injected recent stockout window.
SKU00445,STOCKOUT_RISK,ST01;ST25;ST28;ST12;ST05;ST19;ST22;ST20;ST21;ST10;ST06;ST16;ST11;ST24;ST08,2025-11-16,2025-12-01,Top-selling SKU (by observed volume); injected recent stockout window.
SKU04035,STOCKOUT_RISK,ST22;ST15;ST27;ST24;ST11;ST09;ST03;ST18;ST12;ST29;ST14;ST30,2025-11-13,2025-12-01,Top-selling SKU (by observed volume); injected recent stockout window.
SKU02381,STOCKOUT_RISK,ST10;ST24;ST06;ST27;ST22;ST12;ST15;ST04;ST01;ST17;ST14;ST19;ST11;ST05;ST18;ST26;ST30;ST21,2025-11-16,2025-12-02,Top-selling SKU (by observed volume); injected recent stockout window.
SKU02826,STOCKOUT_RISK,ST20;ST24;ST10;ST02;ST19;ST11;ST04;ST18;ST06;ST28;ST03;ST23,2025-11-13,2025-11-26,Top-selling SKU (by observed volume); injected recent stockout window.
SKU03812,STOCKOUT_RISK,ST15;ST16;ST20;ST21;ST02;ST08;ST28;ST11;ST24;ST03;ST22;ST07;ST26;ST01;ST09,2025-10-20,2025-11-14,Top-selling SKU (by observed volume); injected recent stockout window.
SKU00823,STOCKOUT_RISK,ST13;ST24;ST18;ST06;ST11;ST16;ST08;ST17;ST05;ST09;ST02;ST23;ST27;ST01,2025-11-06,2025-12-05,Top-selling SKU (by observed volume); injected recent stockout window.
SKU04663,STOCKOUT_RISK,ST17;ST29;ST09;ST04;ST10;ST13;ST15;ST03;ST16;ST24;ST06,2025-11-29,2025-12-13,Top-selling SKU (by observed volume); injected recent stockout window.
SKU03199,STOCKOUT_RISK,ST14;ST06;ST19;ST02;ST26;ST25;ST04;ST18;ST28;ST16;ST09;ST21;ST22;ST17,2025-11-26,2025-12-17,Top-selling SKU (by observed volume); injected recent stockout window.
SKU04273,STOCKOUT_RISK,ST18;ST12;ST27;ST01;ST17;ST13;ST21;ST09;ST05;ST02;ST26;ST07;ST20;ST04;ST24;ST16,2025-11-08,2025-12-01,Top-selling SKU (by observed volume); injected recent stockout window.
SKU01153,STOCKOUT_RISK,ST16;ST02;ST19;ST28;ST24;ST04;ST29;ST17;ST23,2025-10-28,2025-11-11,Top-selling SKU (by observed volume); injected recent stockout window.
SKU01466,STOCKOUT_RISK,ST21;ST15;ST18;ST22;ST10;ST06;ST26;ST27;ST30;ST08;ST24;ST07;ST04;ST09;ST12;ST20;ST23;ST19,2025-12-16,2025-12-26,Top-selling SKU (by observed volume); injected recent stockout window.
SKU02532,STOCKOUT_RISK,ST20;ST08;ST19;ST05;ST07;ST13;ST21;ST23;ST04;ST09,2025-11-22,2025-12-12,Top-selling SKU (by observed volume); injected recent stockout window.
SKU01685,STOCKOUT_RISK,ST14;ST09;ST04;ST05;ST27;ST25;ST29;ST18;ST12;ST03;ST13;ST16;ST01;ST24;ST19;ST30,2025-11-13,2025-12-07,Top-selling SKU (by observed volume); injected recent stockout window.
SKU00830,STOCKOUT_RISK,ST05;ST20;ST14;ST29;ST04;ST01;ST07;ST23;ST11;ST30,2025-10-20,2025-10-30,Top-selling SKU (by observed volume); injected recent stockout window.
SKU03622,STOCKOUT_RISK,ST22;ST01;ST25;ST29;ST02;ST17;ST10;ST24;ST09,2025-10-17,2025-11-08,Top-selling SKU (by observed volume); injected recent stockout window.
SKU01370,STOCKOUT_RISK,ST04;ST28;ST05;ST03;ST26;ST30;ST08;ST22;ST17;ST14,2025-10-21,2025-11-14,Top-selling SKU (by observed volume); injected recent stockout window.
SKU04574,STOCKOUT_RISK,ST15;ST16;ST26;ST29;ST01;ST06;ST02;ST07;ST25;ST19;ST05;ST04;ST28;ST30;ST24;ST09;ST22,2025-12-12,2025-12-22,Top-selling SKU (by observed volume); injected recent stockout window.
SKU04756,STOCKOUT_RISK,ST18;ST28;ST19;ST04;ST22;ST05;ST20;ST27;ST23;ST12;ST07;ST10;ST08,2025-12-02,2025-12-28,Top-selling SKU (by observed volume); injected recent stockout window.
SKU02333,STOCKOUT_RISK,ST14;ST02;ST13;ST27;ST03;ST28;ST05;ST21;ST04,2025-11-29,2025-12-20,Top-selling SKU (by observed volume); injected recent stockout window.
SKU03851,STOCKOUT_RISK,ST18;ST16;ST14;ST02;ST15;ST06;ST25;ST08;ST05;ST23;ST13;ST09,2025-11-13,2025-12-05,Top-selling SKU (by observed volume); injected recent stockout window.
SKU04633,STOCKOUT_RISK,ST25;ST17;ST16;ST21;ST10;ST30;ST19;ST29;ST09;ST22;ST07;ST14;ST04,2025-11-26,2025-12-08,Top-selling SKU (by observed volume); injected recent stockout window.
SKU03171,STOCKOUT_RISK,ST17;ST29;ST12;ST11;ST19;ST04;ST14;ST15;ST05;ST26;ST27;ST23;ST24;ST03;ST18;ST16;ST28;ST20,2025-11-26,2025-12-23,Top-selling SKU (by observed volume); injected recent stockout window.
SKU00832,STOCKOUT_RISK,ST28;ST07;ST03;ST17;ST24;ST06;ST25;ST19;ST01;ST13;ST02,2025-11-20,2025-12-06,Top-selling SKU (by observed volume); injected recent stockout window.
SKU00012,SLOW_MOVER,ST18;ST21;ST08;ST23;ST29;ST26;ST15;ST10;ST02;ST07;ST16;ST22;ST27;ST25;ST24;ST11;ST14;ST20;ST28;ST30;ST01;ST04;ST17;ST05;ST13;ST06;ST03,,,Bottom-selling SKU (by observed volume); injected overstock + stale restock date.
SKU04953,SLOW_MOVER,ST28;ST10;ST26;ST12;ST03;ST29;ST11;ST25;ST06;ST27;ST15;ST30;ST01;ST04;ST09;ST18;ST14;ST22;ST24,,,Bottom-selling SKU (by observed volume); injected overstock + stale restock date.
SKU00502,SLOW_MOVER,ST27;ST01;ST11;ST30;ST03;ST10;ST23;ST08;ST18;ST14;ST12;ST17;ST19;ST24;ST15;ST06;ST26;ST16;ST29;ST09;ST25;ST04;ST28;ST20;ST21;ST22;ST13;ST05;ST07;ST02,,,Bottom-selling SKU (by observed volume); injected overstock + stale restock date.
SKU03805,SLOW_MOVER,ST02;ST08;ST09;ST13;ST26;ST25;ST29;ST27;ST04;ST11;ST15;ST07;ST06;ST16;ST30;ST12;ST21;ST19;ST28;ST22;ST23;ST18;ST14;ST24;ST05,,,Bottom-selling SKU (by observed volume); injected overstock + stale restock date.
SKU04265,SLOW_MOVER,ST10;ST18;ST17;ST15;ST09;ST19;ST06;ST24;ST16;ST08;ST02;ST01;ST26;ST30;ST25;ST11;ST13;ST29;ST07;ST28,,,Bottom-selling SKU (by observed volume); injected overstock + stale restock date.
SKU00740,SLOW_MOVER,ST24;ST06;ST08;ST10;ST28;ST03;ST01;ST18;ST23;ST02;ST12;ST13;ST25;ST05;ST27;ST30,,,Bottom-selling SKU (by observed volume); injected overstock + stale restock date.
SKU03991,SLOW_MOVER,ST12;ST07;ST30;ST25;ST16;ST06;ST11;ST23;ST18;ST13;ST22;ST26;ST01;ST27;ST14;ST04;ST05;ST08;ST09;ST02;ST19;ST20;ST10;ST21;ST15,,,Bottom-selling SKU (by observed volume); injected overstock + stale restock date.
SKU04118,SLOW_MOVER,ST12;ST30;ST14;ST02;ST20;ST06;ST22;ST26;ST10;ST29;ST25;ST05;ST21;ST16;ST09;ST15;ST13;ST24;ST11;ST17;ST08,,,Bottom-selling SKU (by observed volume); injected overstock + stale restock date.
SKU04158,SLOW_MOVER,ST10;ST19;ST20;ST23;ST12;ST08;ST04;ST03;ST18;ST24;ST05;ST28;ST14;ST29;ST13,,,Bottom-selling SKU (by observed volume); injected overstock + stale restock date.
SKU01903,SLOW_MOVER,ST09;ST12;ST14;ST18;ST23;ST29;ST13;ST03;ST24;ST11;ST15;ST27;ST08;ST17;ST04;ST06;ST25;ST02;ST22;ST01;ST07;ST19;ST30;ST26;ST05,,,Bottom-selling SKU (by observed volume); injected overstock + stale restock date.
SKU04612,SLOW_MOVER,ST18;ST11;ST23;ST29;ST10;ST03;ST21;ST02;ST06;ST07;ST24;ST28;ST20;ST27;ST25;ST17;ST14;ST04;ST08;ST22;ST09,,,Bottom-selling SKU (by observed volume); injected overstock + stale restock date.
SKU00721,SLOW_MOVER,ST01;ST30;ST02;ST14;ST03;ST07;ST11;ST27;ST25;ST24;ST09;ST20;ST21;ST28;ST17;ST12;ST29,,,Bottom-selling SKU (by observed volume); injected overstock + stale restock date.
SKU01828,SLOW_MOVER,ST27;ST06;ST05;ST22;ST02;ST23;ST18;ST15;ST10;ST13;ST16;ST04;ST25;ST09;ST20;ST26;ST17;ST03,,,Bottom-selling SKU (by observed volume); injected overstock + stale restock date.
SKU00075,SLOW_MOVER,ST29;ST26;ST25;ST09;ST03;ST06;ST10;ST04;ST27;ST28;ST07;ST23;ST19;ST12;ST24;ST13;ST08;ST21;ST22;ST20;ST16;ST17;ST02;ST05;ST30;ST11,,,Bottom-selling SKU (by observed volume); injected overstock + stale restock date.
SKU00150,SLOW_MOVER,ST18;ST29;ST24;ST03;ST22;ST11;ST06;ST26;ST25;ST10;ST16;ST07;ST20;ST05;ST13;ST09;ST15;ST01;ST08;ST28;ST19;ST21;ST14;ST12;ST17;ST27;ST23;ST04;ST02,,,Bottom-selling SKU (by observed volume); injected overstock + stale restock date.
SKU00402,SLOW_MOVER,ST07;ST06;ST15;ST10;ST17;ST09;ST20;ST26;ST08;ST18;ST14;ST04;ST19;ST11;ST27;ST25;ST23;ST29;ST13;ST24;ST05;ST02;ST03;ST30;ST01;ST28;ST22;ST12,,,Bottom-selling SKU (by observed volume); injected overstock + stale restock date.
SKU00589,SLOW_MOVER,ST22;ST04;ST23;ST28;ST03;ST09;ST11;ST30;ST24;ST01;ST19;ST20;ST21;ST29;ST17;ST14;ST12;ST02,,,Bottom-selling SKU (by observed volume); injected overstock + stale restock date.
SKU02331,SLOW_MOVER,ST22;ST09;ST23;ST20;ST24;ST16;ST10;ST19;ST14;ST30;ST05;ST21;ST08;ST11;ST12;ST26;ST18;ST01;ST06,,,Bottom-selling SKU (by observed volume); injected overstock + stale restock date.
SKU01986,SLOW_MOVER,ST02;ST15;ST18;ST11;ST03;ST27;ST08;ST26;ST21;ST12;ST19;ST22;ST09;ST17;ST13;ST23;ST06,,,Bottom-selling SKU (by observed volume); injected overstock + stale restock date.
SKU03036,SLOW_MOVER,ST13;ST03;ST15;ST08;ST02;ST01;ST12;ST23;ST07;ST26;ST27;ST29;ST16;ST25;ST18;ST19;ST11;ST30;ST17;ST28;ST09;ST04;ST22;ST14,,,Bottom-selling SKU (by observed volume); injected overstock + stale restock date.
SKU03362,SLOW_MOVER,ST04;ST05;ST26;ST20;ST11;ST15;ST07;ST01;ST28;ST08;ST21;ST24;ST03;ST14;ST30;ST23;ST29;ST19;ST13;ST09;ST18;ST22;ST27;ST10;ST02;ST06;ST25;ST17,,,Bottom-selling SKU (by observed volume); injected overstock + stale restock date.
SKU03357,SLOW_MOVER,ST06;ST17;ST22;ST09;ST21;ST03;ST24;ST18;ST27;ST10;ST16;ST26;ST05;ST25;ST02;ST07;ST23;ST19;ST14;ST30;ST20;ST15;ST08;ST28;ST13;ST12;ST01,,,Bottom-selling SKU (by observed volume); injected overstock + stale restock date.
SKU04753,SLOW_MOVER,ST30;ST19;ST10;ST06;ST07;ST03;ST14;ST11;ST08;ST01;ST18;ST16;ST20;ST29;ST21;ST04;ST22;ST02;ST26;ST17;ST27;ST28,,,Bottom-selling SKU (by observed volume); injected overstock + stale restock date.
SKU01970,SLOW_MOVER,ST23;ST11;ST14;ST29;ST10;ST03;ST21;ST15;ST04;ST24;ST01;ST08;ST25;ST09;ST05;ST27;ST19;ST12;ST02;ST17;ST13;ST26;ST07;ST16,,,Bottom-selling SKU (by observed volume); injected overstock + stale restock date.
SKU01567,SLOW_MOVER,ST28;ST30;ST21;ST12;ST18;ST11;ST29;ST26;ST22;ST03;ST16;ST13;ST19;ST10;ST09;ST07;ST06;ST01;ST05;ST23;ST20;ST02;ST24;ST15;ST08;ST17;ST04;ST27;ST25,,,Bottom-selling SKU (by observed volume); injected overstock + stale restock date.
SKU00032,SLOW_MOVER,ST21;ST03;ST16;ST23;ST08;ST19;ST27;ST18;ST14;ST17;ST24;ST07;ST28;ST29;ST12;ST01;ST22;ST20;ST05,,,Bottom-selling SKU (by observed volume); injected overstock + stale restock date.
SKU03152,SLOW_MOVER,ST12;ST24;ST03;ST19;ST20;ST14;ST10;ST25;ST26;ST06;ST23;ST01;ST18;ST11;ST15;ST02;ST21;ST29,,,Bottom-selling SKU (by observed volume); injected overstock + stale restock date.
SKU01981,SLOW_MOVER,ST29;ST06;ST16;ST12;ST24;ST14;ST23;ST21;ST03;ST10;ST19;ST02;ST04;ST28;ST01;ST15;ST17;ST07;ST08;ST05;ST22;ST26;ST20;ST09;ST11;ST27;ST13;ST25,,,Bottom-selling SKU (by observed volume); injected overstock + stale restock date.
SKU00987,SLOW_MOVER,ST20;ST15;ST23;ST21;ST30;ST10;ST01;ST14;ST07;ST09;ST13;ST17;ST05;ST22;ST04;ST25;ST08;ST02;ST16,,,Bottom-selling SKU (by observed volume); injected overstock + stale restock date.
SKU02103,SLOW_MOVER,ST09;ST12;ST03;ST08;ST04;ST13;ST15;ST10;ST01;ST06;ST27;ST11;ST21;ST26;ST28;ST05;ST07;ST17;ST23;ST19;ST18;ST16;ST25;ST22;ST14,,,Bottom-selling SKU (by observed volume); injected overstock + stale restock date.
SKU02290,SLOW_MOVER,ST11;ST08;ST23;ST24;ST18;ST21;ST07;ST16;ST15;ST13;ST26;ST17;ST29;ST20;ST01,,,Bottom-selling SKU (by observed volume); injected overstock + stale restock date.
SKU02104,SLOW_MOVER,ST17;ST13;ST01;ST22;ST03;ST28;ST20;ST04;ST30;ST07;ST10;ST14;ST09;ST29;ST26;ST12;ST21;ST06;ST05;ST11;ST24;ST08;ST25;ST02;ST19;ST27;ST18,,,Bottom-selling SKU (by observed volume); injected overstock + stale restock date.
SKU02686,SLOW_MOVER,ST15;ST30;ST28;ST03;ST24;ST08;ST12;ST11;ST05;ST20;ST04;ST29;ST10;ST13;ST27;ST25;ST17;ST01;ST18;ST23;ST09;ST21;ST16;ST19;ST06;ST02;ST26,,,Bottom-selling SKU (by observed volume); injected overstock + stale restock date.
SKU03092,SLOW_MOVER,ST17;ST05;ST24;ST03;ST01;ST18;ST10;ST16;ST28;ST30;ST27;ST22;ST04;ST25;ST07;ST15;ST02;ST11;ST09;ST19,,,Bottom-selling SKU (by observed volume); injected overstock + stale restock date.
SKU03744,SLOW_MOVER,ST16;ST12;ST20;ST25;ST15;ST17;ST06;ST21;ST22;ST24;ST02;ST28;ST04;ST30;ST23;ST11;ST13;ST18;ST14;ST10;ST29;ST26;ST19;ST27;ST09,,,Bottom-selling SKU (by observed volume); injected overstock + stale restock date.
SKU03548,SLOW_MOVER,ST04;ST15;ST01;ST09;ST26;ST21;ST14;ST27;ST12;ST02;ST17;ST30;ST11;ST24;ST20;ST29;ST18;ST28;ST07;ST19;ST05;ST06;ST16;ST13;ST10;ST08;ST25;ST03;ST22;ST23,,,Bottom-selling SKU (by observed volume); injected overstock + stale restock date.
SKU02172,SLOW_MOVER,ST14;ST16;ST10;ST15;ST26;ST21;ST18;ST09;ST01;ST29;ST06;ST22;ST03;ST13;ST24;ST11;ST07;ST17;ST30,,,Bottom-selling SKU (by observed volume); injected overstock + stale restock date.
SKU04741,SLOW_MOVER,ST16;ST17;ST13;ST03;ST01;ST15;ST27;ST21;ST26;ST12;ST10;ST28;ST19;ST05;ST22;ST07;ST18;ST08;ST20;ST14;ST02;ST23;ST29;ST30;ST06,,,Bottom-selling SKU (by observed volume); injected overstock + stale restock date.
SKU01733,SLOW_MOVER,ST09;ST28;ST17;ST04;ST11;ST05;ST14;ST26;ST08;ST24;ST23;ST19;ST30;ST13;ST01;ST21;ST18,,,Bottom-selling SKU (by observed volume); injected overstock + stale restock date.
SKU01179,SLOW_MOVER,ST30;ST09;ST06;ST04;ST28;ST21;ST07;ST18;ST24;ST19;ST29;ST08;ST16;ST02;ST15;ST27;ST10;ST23;ST05;ST26;ST12;ST03;ST17;ST14;ST20;ST01;ST11;ST25;ST13;ST22,,,Bottom-selling SKU (by observed volume); injected overstock + stale restock date.
SKU01790,SLOW_MOVER,ST22;ST30;ST05;ST28;ST26;ST25;ST29;ST16;ST27;ST21;ST13;ST12;ST15;ST14;ST18;ST06;ST19;ST23,,,Bottom-selling SKU (by observed volume); injected overstock + stale restock date.
SKU04652,SLOW_MOVER,ST06;ST11;ST21;ST14;ST15;ST03;ST01;ST04;ST08;ST19;ST29;ST24;ST13;ST30;ST02;ST10;ST23;ST12;ST25;ST16;ST18;ST17;ST20;ST22;ST27,,,Bottom-selling SKU (by observed volume); injected overstock + stale restock date.
SKU03975,SLOW_MOVER,ST23;ST19;ST18;ST17;ST28;ST10;ST07;ST01;ST22;ST24;ST29;ST15;ST03;ST06;ST09;ST02;ST11;ST20;ST12;ST26;ST27;ST16;ST05;ST25;ST13;ST21,,,Bottom-selling SKU (by observed volume); injected overstock + stale restock date.
SKU03580,SLOW_MOVER,ST23;ST16;ST12;ST07;ST05;ST06;ST17;ST25;ST04;ST02;ST13;ST20;ST27;ST11;ST29;ST15;ST09;ST24;ST26;ST08;ST19;ST18;ST28;ST14;ST30,,,Bottom-selling SKU (by observed volume); injected overstock + stale restock date.
SKU00437,SLOW_MOVER,ST09;ST21;ST02;ST10;ST24;ST06;ST03;ST23;ST01;ST05;ST18;ST04;ST30;ST08;ST17;ST19;ST26;ST12;ST07;ST11;ST28;ST25;ST20;ST15;ST22;ST27;ST13;ST14;ST16;ST29,,,Bottom-selling SKU (by observed volume); injected overstock + stale restock date.
SKU03833,SLOW_MOVER,ST26;ST13;ST02;ST05;ST07;ST08;ST23;ST29;ST15;ST20;ST12;ST09;ST28;ST25;ST17;ST30;ST01;ST27;ST11;ST22;ST18;ST21;ST16;ST14;ST24;ST10;ST06;ST04,,,Bottom-selling SKU (by observed volume); injected overstock + stale restock date.
SKU00767,SLOW_MOVER,ST22;ST05;ST18;ST23;ST16;ST14;ST15;ST26;ST08;ST20;ST03;ST17;ST19;ST29;ST25;ST28;ST27;ST09,,,Bottom-selling SKU (by observed volume); injected overstock + stale restock date.
SKU01582,SLOW_MOVER,ST05;ST07;ST13;ST02;ST08;ST04;ST03;ST06;ST15;ST24;ST14;ST17;ST20;ST19;ST28;ST23;ST26;ST16;ST30;ST18;ST21;ST25;ST09;ST12;ST11;ST29;ST22,,,Bottom-selling SKU (by observed volume); injected overstock + stale restock date.
SKU02710,SLOW_MOVER,ST29;ST11;ST10;ST17;ST05;ST13;ST06;ST25;ST22;ST12;ST14;ST07;ST24;ST20;ST08;ST27;ST09;ST23;ST19;ST15;ST30;ST01;ST03;ST16;ST26;ST18,,,Bottom-selling SKU (by observed volume); injected overstock + stale restock date.
SKU02436,SLOW_MOVER,ST06;ST02;ST03;ST17;ST15;ST12;ST05;ST25;ST08;ST11;ST23;ST19;ST04;ST24;ST28;ST27;ST29;ST14;ST26;ST16;ST20;ST30;ST13;ST10,,,Bottom-selling SKU (by observed volume); injected overstock + stale restock date.
SKU02829,SLOW_MOVER,ST07;ST02;ST28;ST06;ST01;ST18;ST05;ST11;ST14;ST09;ST10;ST21;ST19;ST03;ST26;ST17,,,Bottom-selling SKU (by observed volume); injected overstock + stale restock date.
SKU00821,SLOW_MOVER,ST08;ST13;ST23;ST15;ST18;ST09;ST27;ST28;ST24;ST04;ST17;ST26;ST10;ST30;ST05;ST14;ST03;ST22;ST19,,,Bottom-selling SKU (by observed volume); injected overstock + stale restock date.
SKU02897,SLOW_MOVER,ST21;ST06;ST01;ST10;ST12;ST05;ST23;ST13;ST03;ST14;ST29;ST07;ST04;ST08;ST20,,,Bottom-selling SKU (by observed volume); injected overstock + stale restock date.
SKU00978,SLOW_MOVER,ST17;ST14;ST16;ST13;ST28;ST27;ST09;ST30;ST23;ST03;ST22;ST21;ST26;ST02;ST15;ST24;ST07;ST19;ST04;ST18,,,Bottom-selling SKU (by observed volume); injected overstock + stale restock date.
SKU02255,SLOW_MOVER,ST17;ST20;ST28;ST19;ST08;ST12;ST24;ST06;ST15;ST04;ST03;ST07;ST13;ST18;ST25;ST11;ST21;ST16,,,Bottom-selling SKU (by observed volume); injected overstock + stale restock date.
SKU02911,SLOW_MOVER,ST26;ST23;ST18;ST02;ST20;ST25;ST08;ST27;ST16;ST30;ST17;ST05;ST15;ST01;ST22;ST11;ST12;ST19;ST13,,,Bottom-selling SKU (by observed volume); injected overstock + stale restock date.
SKU02675,SLOW_MOVER,ST30;ST22;ST07;ST18;ST14;ST11;ST19;ST24;ST09;ST10;ST21;ST15;ST20;ST06;ST01,,,Bottom-selling SKU (by observed volume); injected overstock + stale restock date.
SKU04062,SLOW_MOVER,ST10;ST17;ST01;ST18;ST15;ST05;ST06;ST24;ST26;ST13;ST02;ST22;ST08;ST20;ST09;ST03;ST30;ST14;ST19;ST04,,,Bottom-selling SKU (by observed volume); injected overstock + stale restock date.
SKU03600,SLOW_MOVER,ST30;ST28;ST11;ST15;ST26;ST12;ST17;ST04;ST14;ST25;ST21;ST19;ST29;ST05;ST08;ST27;ST01;ST07;ST22;ST23;ST10;ST20;ST24;ST03;ST16;ST13;ST06;ST18;ST09;ST02,,,Bottom-selling SKU (by observed volume); injected overstock + stale restock date.
SKU03523,SLOW_MOVER,ST23;ST02;ST25;ST20;ST18;ST01;ST21;ST12;ST26;ST06;ST05;ST03;ST14;ST11;ST27;ST07;ST10;ST15;ST08;ST28;ST19;ST22;ST29;ST24;ST09;ST04;ST16,,,Bottom-selling SKU (by observed volume); injected overstock + stale restock date.
SKU03414,SLOW_MOVER,ST22;ST19;ST12;ST04;ST09;ST13;ST03;ST21;ST25;ST24;ST20;ST29;ST11;ST01;ST06,,,Bottom-selling SKU (by observed volume); injected overstock + stale restock date.
SKU02446,SLOW_MOVER,ST23;ST05;ST19;ST25;ST10;ST27;ST03;ST18;ST02;ST21;ST11;ST15;ST17;ST29;ST30;ST06;ST16;ST26;ST01;ST07;ST14;ST24;ST12;ST22;ST08;ST20;ST13,,,Bottom-selling SKU (by observed volume); injected overstock + stale restock date.
SKU03376,SLOW_MOVER,ST06;ST22;ST11;ST26;ST02;ST14;ST12;ST04;ST16;ST29;ST05;ST24;ST28;ST15;ST23;ST25;ST08;ST01;ST09;ST20;ST27;ST19;ST13;ST03;ST17,,,Bottom-selling SKU (by observed volume); injected overstock + stale restock date.
SKU02329,SLOW_MOVER,ST14;ST28;ST06;ST08;ST24;ST01;ST02;ST20;ST26;ST05;ST27;ST30;ST04;ST12;ST29;ST11;ST19;ST15;ST25;ST07;ST23;ST13,,,Bottom-selling SKU (by observed volume); injected overstock + stale restock date.
SKU01017,SLOW_MOVER,ST21;ST10;ST16;ST27;ST04;ST13;ST06;ST30;ST18;ST07;ST15;ST14;ST12;ST08;ST23;ST25;ST05;ST20,,,Bottom-selling SKU (by observed volume); injected overstock + stale restock date.
SKU03935,SLOW_MOVER,ST14;ST24;ST28;ST09;ST03;ST13;ST30;ST29;ST08;ST26;ST19;ST02;ST10;ST05;ST01;ST25;ST12;ST21;ST07;ST06,,,Bottom-selling SKU (by observed volume); injected overstock + stale restock date.
SKU02223,SLOW_MOVER,ST22;ST06;ST30;ST27;ST04;ST14;ST20;ST09;ST10;ST17;ST23;ST15;ST11;ST07;ST02,,,Bottom-selling SKU (by observed volume); injected overstock + stale restock date.
SKU04352,SLOW_MOVER,ST01;ST07;ST22;ST05;ST19;ST27;ST18;ST12;ST17;ST28;ST26;ST30;ST10;ST04;ST06;ST08;ST29;ST09;ST13;ST24,,,Bottom-selling SKU (by observed volume); injected overstock + stale restock date.
SKU04461,SLOW_MOVER,ST17;ST20;ST07;ST16;ST04;ST24;ST22;ST08;ST14;ST02;ST25;ST26;ST01;ST06;ST15,,,Bottom-selling SKU (by observed volume); injected overstock + stale restock date.
SKU00385,SLOW_MOVER,ST24;ST27;ST16;ST22;ST04;ST09;ST08;ST11;ST05;ST25;ST29;ST07;ST10;ST15;ST03;ST17;ST18;ST26;ST30;ST06;ST14;ST20;ST28;ST21;ST02;ST23;ST12,,,Bottom-selling SKU (by observed volume); injected overstock + stale restock date.
SKU04153,SLOW_MOVER,ST29;ST21;ST26;ST19;ST01;ST04;ST03;ST23;ST28;ST05;ST09;ST15;ST06;ST20;ST25;ST02;ST10;ST14;ST24;ST22;ST12;ST18;ST07;ST30,,,Bottom-selling SKU (by observed volume); injected overstock + stale restock date.
SKU03277,SLOW_MOVER,ST05;ST13;ST17;ST25;ST02;ST18;ST29;ST10;ST11;ST15;ST19;ST09;ST12;ST16;ST04;ST26;ST22;ST23;ST30;ST27;ST24;ST08,,,Bottom-selling SKU (by observed volume); injected overstock + stale restock date.
SKU03129,SLOW_MOVER,ST18;ST13;ST22;ST08;ST15;ST07;ST25;ST04;ST20;ST30;ST10;ST09;ST21;ST23;ST05;ST24;ST27;ST19;ST26;ST16;ST11;ST28;ST02;ST17;ST03;ST12;ST06;ST01;ST29,,,Bottom-selling SKU (by observed volume); injected overstock + stale restock date.
SKU00706,SLOW_MOVER,ST22;ST08;ST14;ST05;ST25;ST16;ST13;ST27;ST18;ST30;ST02;ST01;ST24;ST06;ST15;ST17;ST03;ST26;ST04;ST28;ST07;ST09;ST21;ST20,,,Bottom-selling SKU (by observed volume); injected overstock + stale restock date.
SKU04888,SLOW_MOVER,ST09;ST30;ST28;ST23;ST05;ST10;ST12;ST03;ST21;ST18;ST13;ST06;ST22;ST25;ST17;ST01;ST27;ST20;ST16,,,Bottom-selling SKU (by observed volume); injected overstock + stale restock date.
SKU01423,SLOW_MOVER,ST07;ST14;ST08;ST10;ST24;ST11;ST09;ST15;ST26;ST25;ST01;ST13;ST19;ST18;ST03;ST22;ST27;ST12;ST17;ST06;ST23;ST20;ST04;ST28,,,Bottom-selling SKU (by observed volume); injected overstock + stale restock date.
SKU01224,SLOW_MOVER,ST24;ST22;ST06;ST14;ST07;ST21;ST18;ST05;ST15;ST12;ST17;ST30;ST27;ST25;ST09;ST04;ST13;ST01;ST16;ST10;ST03;ST11;ST29,,,Bottom-selling SKU (by observed volume); injected overstock + stale restock date.
SKU03634,SLOW_MOVER,ST09;ST19;ST05;ST29;ST25;ST10;ST11;ST16;ST01;ST27;ST21;ST06;ST22;ST14;ST28;ST12;ST20;ST13;ST26;ST15;ST30;ST03;ST08,,,Bottom-selling SKU (by observed volume); injected overstock + stale restock date.
SKU02584,SLOW_MOVER,ST20;ST22;ST03;ST25;ST27;ST09;ST30;ST08;ST17;ST11;ST24;ST14;ST07;ST12;ST26;ST01;ST02;ST28;ST18;ST10,,,Bottom-selling SKU (by observed volume); injected overstock + stale restock date.
SKU00932,SLOW_MOVER,ST01;ST26;ST03;ST27;ST13;ST11;ST02;ST28;ST05;ST09;ST12;ST07;ST22;ST14;ST29;ST17;ST19;ST24;ST04;ST16;ST23;ST18;ST30;ST06;ST25;ST21;ST15;ST08;ST20;ST10,,,Bottom-selling SKU (by observed volume); injected overstock + stale restock date.
SKU03179,SLOW_MOVER,ST08;ST25;ST11;ST26;ST30;ST23;ST14;ST04;ST05;ST22;ST06;ST21;ST27;ST29;ST19;ST12;ST13;ST02;ST15;ST03;ST09;ST10;ST20;ST17;ST16;ST18;ST28;ST01;ST24;ST07,,,Bottom-selling SKU (by observed volume); injected overstock + stale restock date.
SKU01781,SLOW_MOVER,ST24;ST30;ST19;ST03;ST05;ST12;ST07;ST28;ST21;ST08;ST25;ST26;ST20;ST18;ST11;ST17;ST01;ST22;ST13;ST14;ST10;ST29;ST02;ST27;ST09;ST06;ST15;ST23;ST16;ST04,,,Bottom-selling SKU (by observed volume); injected overstock + stale restock date.
SKU00521,SLOW_MOVER,ST14;ST03;ST12;ST19;ST09;ST29;ST10;ST25;ST02;ST17;ST01;ST16;ST26;ST20;ST18;ST22;ST21;ST06;ST15;ST28;ST24,,,Bottom-selling SKU (by observed volume); injected overstock + stale restock date.
SKU03740,SLOW_MOVER,ST14;ST02;ST22;ST26;ST01;ST29;ST16;ST21;ST13;ST11;ST17;ST05;ST12;ST25;ST23;ST24;ST28;ST19;ST03;ST04;ST20;ST09;ST15;ST10;ST27,,,Bottom-selling SKU (by observed volume); injected overstock + stale restock date.
SKU04532,SLOW_MOVER,ST01;ST28;ST10;ST22;ST07;ST21;ST11;ST12;ST17;ST02;ST05;ST14;ST25;ST04;ST15;ST16;ST19;ST09;ST18;ST24;ST08;ST03;ST06;ST27;ST13,,,Bottom-selling SKU (by observed volume); injected overstock + stale restock date.
SKU01649,SLOW_MOVER,ST07;ST13;ST21;ST28;ST26;ST18;ST08;ST25;ST06;ST09;ST03;ST29;ST15;ST14;ST24;ST17;ST01;ST12;ST02;ST23;ST27;ST19;ST16;ST30;ST05;ST10;ST04;ST20,,,Bottom-selling SKU (by observed volume); injected overstock + stale restock date.
SKU01877,SLOW_MOVER,ST01;ST29;ST23;ST11;ST03;ST10;ST16;ST28;ST26;ST27;ST12;ST17;ST20;ST24;ST06;ST13,,,Bottom-selling SKU (by observed volume); injected overstock + stale restock date.
SKU02626,SLOW_MOVER,ST24;ST22;ST02;ST05;ST17;ST07;ST13;ST27;ST21;ST20;ST25;ST16;ST30;ST26;ST28;ST01;ST23;ST06;ST29,,,Bottom-selling SKU (by observed volume); injected overstock + stale restock date.
SKU02514,SLOW_MOVER,ST27;ST04;ST15;ST30;ST09;ST29;ST03;ST11;ST08;ST26;ST17;ST12;ST14;ST20;ST19;ST13;ST25;ST22;ST01;ST23;ST16;ST28;ST07;ST05;ST21;ST02,,,Bottom-selling SKU (by observed volume); injected overstock + stale restock date.
SKU03281,SLOW_MOVER,ST12;ST07;ST14;ST18;ST06;ST11;ST13;ST04;ST27;ST21;ST20;ST30;ST24;ST09;ST02;ST17;ST19;ST28;ST22;ST05;ST15;ST01;ST26;ST16;ST29;ST03;ST10;ST23;ST25;ST08,,,Bottom-selling SKU (by observed volume); injected overstock + stale restock date.
SKU04401,SLOW_MOVER,ST24;ST01;ST20;ST22;ST06;ST09;ST30;ST12;ST26;ST23;ST21;ST29;ST18;ST14;ST16;ST15;ST10;ST25;ST02,,,Bottom-selling SKU (by observed volume); injected overstock + stale restock date.
SKU01822,SLOW_MOVER,ST17;ST02;ST25;ST05;ST16;ST07;ST11;ST19;ST26;ST24;ST20;ST13;ST08;ST12;ST14,,,Bottom-selling SKU (by observed volume); injected overstock + stale restock date.
SKU04106,SLOW_MOVER,ST24;ST03;ST10;ST14;ST21;ST28;ST11;ST07;ST23;ST19;ST09;ST22;ST18;ST16;ST17;ST04;ST29;ST13;ST26;ST06;ST08;ST30;ST27;ST15,,,Bottom-selling SKU (by observed volume); injected overstock + stale restock date.
SKU04747,SLOW_MOVER,ST12;ST28;ST01;ST23;ST19;ST29;ST30;ST25;ST16;ST05;ST02;ST27;ST11;ST20;ST08;ST21;ST26;ST09;ST24;ST18;ST15;ST04;ST03;ST14;ST22;ST17;ST07;ST13;ST10;ST06,,,Bottom-selling SKU (by observed volume); injected overstock + stale restock date.
SKU00585,SLOW_MOVER,ST20;ST12;ST30;ST13;ST26;ST08;ST22;ST17;ST24;ST11;ST25;ST01;ST02;ST03;ST21;ST14;ST27;ST23;ST06;ST04;ST07;ST15;ST28;ST10;ST18;ST16;ST09;ST05,,,Bottom-selling SKU (by observed volume); injected overstock + stale restock date.
SKU03828,SLOW_MOVER,ST11;ST16;ST24;ST30;ST02;ST12;ST08;ST05;ST20;ST09;ST01;ST15;ST07;ST21;ST13;ST04;ST06;ST18;ST26;ST29,,,Bottom-selling SKU (by observed volume); injected overstock + stale restock date.
SKU04795,SLOW_MOVER,ST18;ST13;ST29;ST03;ST14;ST20;ST28;ST07;ST26;ST27;ST19;ST12;ST02;ST15;ST21;ST30;ST22;ST25;ST06;ST04;ST09,,,Bottom-selling SKU (by observed volume); injected overstock + stale restock date.
SKU02194,SLOW_MOVER,ST24;ST27;ST28;ST10;ST30;ST04;ST06;ST02;ST08;ST01;ST05;ST11;ST25;ST14;ST18;ST07;ST13;ST17;ST29;ST19;ST22;ST16;ST26;ST20;ST15;ST12,,,Bottom-selling SKU (by observed volume); injected overstock + stale restock date.
SKU02386,SLOW_MOVER,ST07;ST02;ST03;ST15;ST11;ST18;ST08;ST10;ST05;ST27;ST30;ST16;ST19;ST24;ST25;ST14;ST26;ST22;ST21;ST13;ST28;ST29;ST04,,,Bottom-selling SKU (by observed volume); injected overstock + stale restock date.
SKU01032,SLOW_MOVER,ST12;ST09;ST22;ST26;ST21;ST14;ST13;ST01;ST27;ST08;ST06;ST15;ST16;ST29;ST25;ST23;ST30,,,Bottom-selling SKU (by observed volume); injected overstock + stale restock date.
SKU03230,SLOW_MOVER,ST11;ST02;ST06;ST18;ST20;ST23;ST09;ST25;ST24;ST04;ST10;ST15;ST07;ST17;ST29;ST21;ST22;ST05;ST14;ST03;ST12;ST28;ST13;ST19;ST01;ST16,,,Bottom-selling SKU (by observed volume); injected overstock + stale restock date.
SKU02064,SLOW_MOVER,ST25;ST19;ST16;ST22;ST07;ST14;ST05;ST11;ST01;ST28;ST04;ST24;ST12;ST09;ST10;ST20,,,Bottom-selling SKU (by observed volume); injected overstock + stale restock date.
SKU02728,SLOW_MOVER,ST04;ST03;ST27;ST17;ST10;ST11;ST15;ST08;ST19;ST21;ST12;ST18;ST09;ST01;ST24;ST28;ST30;ST20;ST23;ST14;ST07;ST05;ST02;ST25;ST16;ST29;ST26,,,Bottom-selling SKU (by observed volume); injected overstock + stale restock date.
SKU01558,SLOW_MOVER,ST18;ST21;ST28;ST30;ST05;ST15;ST14;ST19;ST11;ST24;ST29;ST06;ST03;ST17;ST25;ST01;ST13;ST22;ST10;ST20;ST23;ST07;ST08;ST12,,,Bottom-selling SKU (by observed volume); injected overstock + stale restock date.
SKU02969,SLOW_MOVER,ST09;ST16;ST29;ST17;ST26;ST12;ST11;ST06;ST22;ST08;ST21;ST23;ST04;ST28;ST15;ST20;ST03;ST25;ST24;ST14,,,Bottom-selling SKU (by observed volume); injected overstock + stale restock date.
SKU02387,SLOW_MOVER,ST19;ST25;ST10;ST28;ST14;ST27;ST26;ST01;ST04;ST13;ST09;ST24;ST05;ST23;ST11;ST29;ST18;ST20;ST16;ST22;ST08;ST30;ST06;ST02;ST12;ST17,,,Bottom-selling SKU (by observed volume); injected overstock + stale restock date.
SKU04566,SLOW_MOVER,ST02;ST24;ST29;ST17;ST07;ST19;ST14;ST21;ST15;ST06;ST23;ST10;ST30;ST03;ST27;ST16;ST26;ST05;ST28;ST11;ST01;ST18;ST12;ST20;ST25;ST04;ST09,,,Bottom-selling SKU (by observed volume); injected overstock + stale restock date.
SKU00155,SLOW_MOVER,ST26;ST07;ST09;ST22;ST17;ST30;ST02;ST23;ST18;ST25;ST29;ST14;ST10;ST15;ST08;ST19;ST13;ST06;ST20;ST03;ST05;ST28;ST21;ST01;ST04;ST24;ST12,,,Bottom-selling SKU (by observed volume); injected overstock + stale restock date.
SKU01762,SLOW_MOVER,ST27;ST08;ST21;ST18;ST19;ST07;ST22;ST25;ST12;ST28;ST09;ST04;ST02;ST30;ST01;ST17;ST23;ST29;ST16,,,Bottom-selling SKU (by observed volume); injected overstock + stale restock date.
SKU03749,SLOW_MOVER,ST19;ST29;ST15;ST14;ST17;ST13;ST10;ST05;ST04;ST03;ST18;ST08;ST09;ST02;ST11;ST07;ST20;ST06;ST23,,,Bottom-selling SKU (by observed volume); injected overstock + stale restock date.
SKU02907,SLOW_MOVER,ST16;ST06;ST01;ST28;ST20;ST25;ST08;ST05;ST19;ST02;ST04;ST09;ST29;ST14;ST30;ST17,,,Bottom-selling SKU (by observed volume); injected overstock + stale restock date.
SKU01229,SLOW_MOVER,ST24;ST11;ST18;ST17;ST22;ST10;ST15;ST02;ST01;ST08;ST28;ST23;ST25;ST09;ST16;ST30;ST06;ST07;ST12;ST19;ST27;ST13;ST05;ST14;ST21;ST26;ST04,,,Bottom-selling SKU (by observed volume); injected overstock + stale restock date.
SKU04475,SLOW_MOVER,ST10;ST02;ST17;ST23;ST20;ST04;ST28;ST12;ST14;ST03;ST01;ST08;ST24;ST19;ST22;ST07;ST09;ST13;ST25;ST26;ST21;ST16;ST05;ST27;ST11;ST18;ST30,,,Bottom-selling SKU (by observed volume); injected overstock + stale restock date.
SKU03428,SLOW_MOVER,ST23;ST07;ST02;ST13;ST18;ST06;ST19;ST04;ST21;ST11;ST10;ST24;ST30;ST29;ST03;ST14;ST08;ST15,,,Bottom-selling SKU (by observed volume); injected overstock + stale restock date.
SKU01874,SLOW_MOVER,ST17;ST26;ST18;ST24;ST25;ST09;ST15;ST04;ST27;ST13;ST30;ST02;ST05;ST12;ST19;ST03;ST06;ST08,,,Bottom-selling SKU (by observed volume); injected overstock + stale restock date.
SKU02822,SLOW_MOVER,ST01;ST16;ST13;ST21;ST05;ST27;ST11;ST28;ST04;ST14;ST17;ST19;ST24;ST12;ST07;ST23;ST26;ST02;ST20;ST08;ST15;ST18;ST25;ST03;ST06,,,Bottom-selling SKU (by observed volume); injected overstock + stale restock date.
SKU01592,SLOW_MOVER,ST09;ST04;ST29;ST24;ST20;ST02;ST16;ST21;ST19;ST30;ST25;ST13;ST12;ST22;ST23;ST10;ST27;ST18;ST07,,,Bottom-selling SKU (by observed volume); injected overstock + stale restock date.
SKU01971,SLOW_MOVER,ST21;ST08;ST12;ST11;ST19;ST24;ST25;ST16;ST13;ST30;ST04;ST15;ST18;ST01;ST14;ST09;ST26,,,Bottom-selling SKU (by observed volume); injected overstock + stale restock date.
SKU03932,SLOW_MOVER,ST26;ST27;ST21;ST16;ST10;ST03;ST15;ST13;ST25;ST07;ST11;ST08;ST28;ST24;ST18;ST17;ST22;ST01;ST19;ST02,,,Bottom-selling SKU (by observed volume); injected overstock + stale restock date.
SKU02129,SLOW_MOVER,ST23;ST15;ST16;ST26;ST03;ST28;ST19;ST24;ST29;ST01;ST21;ST14;ST10;ST25;ST06;ST04;ST02;ST18;ST30;ST11;ST20,,,Bottom-selling SKU (by observed volume); injected overstock + stale restock date.
SKU01827,SLOW_MOVER,ST14;ST03;ST08;ST09;ST19;ST06;ST02;ST23;ST27;ST24;ST10;ST21;ST29;ST18;ST20;ST16;ST30;ST12;ST13;ST04;ST15;ST01;ST11;ST17,,,Bottom-selling SKU (by observed volume); injected overstock + stale restock date.
SKU00421,SLOW_MOVER,ST03;ST25;ST07;ST28;ST17;ST19;ST27;ST16;ST02;ST13;ST23;ST26;ST09;ST01;ST10;ST30;ST22;ST05;ST14;ST08;ST18;ST11;ST12;ST24;ST21;ST06;ST15;ST29,,,Bottom-selling SKU (by observed volume); injected overstock + stale restock date.
SKU02471,SLOW_MOVER,ST18;ST21;ST15;ST26;ST11;ST01;ST17;ST10;ST06;ST22;ST19;ST05;ST02;ST30;ST25;ST23;ST07,,,Bottom-selling SKU (by observed volume); injected overstock + stale restock date.
SKU01256,SLOW_MOVER,ST18;ST11;ST17;ST22;ST30;ST01;ST02;ST06;ST25;ST08;ST21;ST09;ST24;ST29;ST15;ST10,,,Bottom-selling SKU (by observed volume); injected overstock + stale restock date.
SKU01413,SLOW_MOVER,ST09;ST26;ST16;ST23;ST14;ST12;ST29;ST15;ST27;ST08;ST30;ST13;ST03;ST25;ST06,,,Bottom-selling SKU (by observed volume); injected overstock + stale restock date.
SKU02164,SLOW_MOVER,ST15;ST26;ST09;ST13;ST10;ST11;ST17;ST06;ST02;ST20;ST03;ST08;ST23;ST07;ST18;ST28;ST29;ST30;ST25;ST21;ST16;ST19,,,Bottom-selling SKU (by observed volume); injected overstock + stale restock date.
SKU01674,SLOW_MOVER,ST02;ST25;ST05;ST23;ST19;ST03;ST09;ST17;ST28;ST29;ST10;ST14;ST27;ST20;ST24;ST07;ST04;ST08;ST21,,,Bottom-selling SKU (by observed volume); injected overstock + stale restock date.
SKU00498,SLOW_MOVER,ST12;ST24;ST25;ST13;ST04;ST20;ST17;ST30;ST14;ST08;ST26;ST29;ST09;ST11;ST02;ST01;ST15;ST16;ST18;ST07;ST03;ST28,,,Bottom-selling SKU (by observed volume); injected overstock + stale restock date.
SKU01392,SLOW_MOVER,ST23;ST27;ST06;ST22;ST11;ST30;ST25;ST19;ST16;ST07;ST05;ST13;ST20;ST18;ST03;ST04,,,Bottom-selling SKU (by observed volume); injected overstock + stale restock date.
SKU01651,SLOW_MOVER,ST04;ST05;ST13;ST09;ST06;ST17;ST21;ST24;ST12;ST29;ST10;ST14;ST30;ST03;ST16;ST19;ST22,,,Bottom-selling SKU (by observed volume); injected overstock + stale restock date.
SKU01770,SLOW_MOVER,ST13;ST23;ST28;ST16;ST17;ST29;ST20;ST12;ST05;ST18;ST22;ST10;ST14;ST21;ST11;ST06;ST02;ST01;ST07;ST15;ST08;ST09;ST30;ST03;ST27;ST19;ST04;ST24;ST26,,,Bottom-selling SKU (by observed volume); injected overstock + stale restock date.
SKU03467,SLOW_MOVER,ST24;ST30;ST21;ST26;ST22;ST29;ST07;ST25;ST18;ST19;ST28;ST10;ST17;ST14;ST02;ST15;ST04;ST16;ST05;ST27,,,Bottom-selling SKU (by observed volume); injected overstock + stale restock date.
SKU00524,SLOW_MOVER,ST16;ST20;ST25;ST23;ST04;ST02;ST28;ST27;ST21;ST19;ST10;ST05;ST30;ST22;ST03;ST17;ST14;ST06;ST12;ST11;ST07;ST26;ST29,,,Bottom-selling SKU (by observed volume); injected overstock + stale restock date.
SKU04905,SLOW_MOVER,ST16;ST12;ST20;ST24;ST27;ST05;ST02;ST04;ST13;ST18;ST08;ST03;ST25;ST06;ST01;ST19;ST17;ST28;ST14;ST15;ST07;ST30;ST10;ST26;ST29;ST11;ST22,,,Bottom-selling SKU (by observed volume); injected overstock + stale restock date.
SKU01158,SLOW_MOVER,ST26;ST14;ST10;ST22;ST01;ST15;ST23;ST17;ST11;ST05;ST18;ST28;ST09;ST16;ST06;ST07;ST29;ST30;ST13,,,Bottom-selling SKU (by observed volume); injected overstock + stale restock date.
SKU01347,SLOW_MOVER,ST17;ST28;ST20;ST05;ST23;ST09;ST01;ST12;ST15;ST06;ST22;ST04;ST25;ST14;ST02;ST18;ST27;ST07;ST03;ST08;ST30;ST21;ST13;ST26,,,Bottom-selling SKU (by observed volume); injected overstock + stale restock date.
SKU04958,SLOW_MOVER,ST05;ST11;ST14;ST25;ST17;ST04;ST21;ST23;ST06;ST16;ST30;ST29;ST19;ST22;ST12;ST08;ST20;ST28;ST26;ST07;ST03;ST24;ST15;ST01;ST02;ST18;ST13;ST27;ST10,,,Bottom-selling SKU (by observed volume); injected overstock + stale restock date.
SKU01441,SLOW_MOVER,ST24;ST17;ST27;ST20;ST18;ST01;ST30;ST23;ST13;ST26;ST11;ST02;ST03;ST05;ST07;ST21;ST12;ST09;ST10;ST29;ST25;ST06;ST19,,,Bottom-selling SKU (by observed volume); injected overstock + stale restock date.
SKU03609,SLOW_MOVER,ST28;ST16;ST11;ST05;ST17;ST27;ST19;ST23;ST08;ST04;ST30;ST25;ST29;ST10;ST12;ST09;ST15;ST01,,,Bottom-selling SKU (by observed volume); injected overstock + stale restock date.
SKU00170,SLOW_MOVER,ST03;ST13;ST11;ST25;ST24;ST18;ST01;ST20;ST19;ST28;ST09;ST05;ST08;ST29;ST16;ST17;ST02;ST10;ST23;ST22;ST26;ST30;ST21;ST12;ST06;ST04;ST15;ST14,,,Bottom-selling SKU (by observed volume); injected overstock + stale restock date.
SKU01303,SLOW_MOVER,ST18;ST30;ST15;ST11;ST02;ST03;ST10;ST16;ST14;ST26;ST12;ST22;ST01;ST17;ST29;ST07;ST06;ST04;ST19;ST28;ST20;ST13;ST09;ST23;ST08;ST24;ST05;ST25,,,Bottom-selling SKU (by observed volume); injected overstock + stale restock date.
SKU03941,SLOW_MOVER,ST26;ST13;ST17;ST05;ST28;ST02;ST29;ST10;ST24;ST30;ST01;ST23;ST07;ST22;ST19;ST21;ST09;ST16;ST08;ST12;ST25;ST27;ST04;ST11;ST06;ST20;ST14;ST18,,,Bottom-selling SKU (by observed volume); injected overstock + stale restock date.
SKU01407,SLOW_MOVER,ST22;ST29;ST16;ST06;ST21;ST23;ST09;ST03;ST19;ST14;ST13;ST12;ST04;ST28;ST26;ST24;ST02;ST07;ST18;ST01;ST15;ST20;ST17;ST08;ST30;ST25;ST10,,,Bottom-selling SKU (by observed volume); injected overstock + stale restock date.
SKU01339,SLOW_MOVER,ST08;ST27;ST22;ST30;ST29;ST06;ST10;ST02;ST11;ST03;ST20;ST17;ST12;ST16;ST13;ST19;ST26;ST25;ST18;ST28;ST23;ST07;ST24;ST09;ST15;ST14;ST04,,,Bottom-selling SKU (by observed volume); injected overstock + stale restock date.
SKU04499,SLOW_MOVER,ST22;ST05;ST16;ST18;ST21;ST30;ST07;ST11;ST20;ST02;ST28;ST10;ST29;ST23;ST04;ST27;ST09;ST06;ST01,,,Bottom-selling SKU (by observed volume); injected overstock + stale restock date.
SKU01851,SLOW_MOVER,ST26;ST08;ST22;ST06;ST11;ST21;ST03;ST05;ST14;ST30;ST09;ST12;ST20;ST23;ST10;ST02;ST16;ST17;ST15;ST25,,,Bottom-selling SKU (by observed volume); injected overstock + stale restock date.
SKU02534,SLOW_MOVER,ST29;ST24;ST28;ST17;ST11;ST30;ST27;ST04;ST25;ST09;ST08;ST01;ST23;ST21;ST20;ST03;ST26;ST10;ST12;ST06;ST02;ST14;ST05;ST07;ST15,,,Bottom-selling SKU (by observed volume); injected overstock + stale restock date.
SKU02639,SLOW_MOVER,ST19;ST20;ST11;ST15;ST04;ST14;ST30;ST29;ST12;ST27;ST06;ST13;ST28;ST09;ST01;ST24;ST23;ST26;ST08;ST22;ST16;ST02;ST03;ST21,,,Bottom-selling SKU (by observed volume); injected overstock + stale restock date.
SKU04554,SLOW_MOVER,ST01;ST24;ST08;ST05;ST06;ST23;ST25;ST30;ST27;ST11;ST03;ST09;ST26;ST04;ST07;ST19;ST21;ST20;ST12;ST13;ST18;ST29,,,Bottom-selling SKU (by observed volume); injected overstock + stale restock date.
SKU00069,SLOW_MOVER,ST07;ST15;ST04;ST24;ST23;ST22;ST19;ST01;ST27;ST09;ST21;ST25;ST11;ST28;ST29;ST17;ST30;ST10;ST03;ST12;ST05;ST08;ST18;ST20;ST13;ST14;ST02,,,Bottom-selling SKU (by observed volume); injected overstock + stale restock date.
SKU02248,SLOW_MOVER,ST06;ST20;ST21;ST03;ST01;ST28;ST26;ST19;ST27;ST16;ST10;ST22;ST18;ST12;ST25;ST17;ST29;ST14;ST30;ST13;ST08;ST11;ST04;ST02;ST24;ST15;ST07;ST23,,,Bottom-selling SKU (by observed volume); injected overstock + stale restock date.
SKU01605,SLOW_MOVER,ST19;ST03;ST29;ST10;ST05;ST06;ST24;ST11;ST15;ST09;ST20;ST04;ST27;ST21;ST17;ST18;ST26;ST22;ST30;ST16,,,Bottom-selling SKU (by observed volume); injected overstock + stale restock date.
SKU00598,SLOW_MOVER,ST08;ST10;ST07;ST05;ST30;ST01;ST25;ST14;ST09;ST27;ST04;ST18;ST11;ST20;ST13;ST22;ST23;ST03;ST17;ST15;ST16;ST02;ST29;ST28;ST12,,,Bottom-selling SKU (by observed volume); injected overstock + stale restock date.
SKU01857,SLOW_MOVER,ST24;ST03;ST16;ST22;ST30;ST13;ST02;ST07;ST15;ST08;ST19;ST10;ST27;ST01;ST29;ST04;ST20;ST21;ST26;ST18,,,Bottom-selling SKU (by observed volume); injected overstock + stale restock date.
SKU04679,SLOW_MOVER,ST22;ST24;ST14;ST30;ST27;ST10;ST25;ST26;ST09;ST15;ST19;ST04;ST29;ST28;ST01;ST08;ST23;ST17;ST06,,,Bottom-selling SKU (by observed volume); injected overstock + stale restock date.
SKU04580,SLOW_MOVER,ST06;ST09;ST04;ST26;ST30;ST07;ST25;ST02;ST18;ST08;ST22;ST24;ST23;ST12;ST13;ST28;ST11;ST10;ST29;ST27;ST19;ST16,,,Bottom-selling SKU (by observed volume); injected overstock + stale restock date.
SKU02567,SLOW_MOVER,ST02;ST23;ST17;ST12;ST15;ST01;ST30;ST10;ST25;ST14;ST27;ST07;ST13;ST05;ST19;ST26;ST21;ST29;ST18;ST20,,,Bottom-selling SKU (by observed volume); injected overstock + stale restock date.
SKU02541,SLOW_MOVER,ST06;ST02;ST29;ST01;ST09;ST25;ST08;ST21;ST27;ST17;ST05;ST13;ST24;ST22;ST10;ST26;ST28;ST15;ST19,,,Bottom-selling SKU (by observed volume); injected overstock + stale restock date.
SKU02463,SLOW_MOVER,ST22;ST28;ST17;ST24;ST06;ST09;ST13;ST26;ST12;ST01;ST11;ST29;ST18;ST27;ST08;ST03;ST10;ST16;ST15;ST14;ST25;ST19;ST02;ST30;ST23,,,Bottom-selling SKU (by observed volume); injected overstock + stale restock date.
SKU02472,SLOW_MOVER,ST09;ST17;ST10;ST06;ST02;ST26;ST16;ST30;ST14;ST28;ST27;ST23;ST24;ST25;ST15;ST13;ST11;ST18;ST12;ST04;ST21;ST05;ST22;ST20;ST01;ST07;ST19;ST03;ST29,,,Bottom-selling SKU (by observed volume); injected overstock + stale restock date.
SKU01428,SLOW_MOVER,ST10;ST26;ST08;ST11;ST27;ST02;ST15;ST14;ST01;ST03;ST07;ST23;ST29;ST22;ST30;ST06;ST13;ST17;ST04,,,Bottom-selling SKU (by observed volume); injected overstock + stale restock date.
SKU01792,SLOW_MOVER,ST13;ST09;ST15;ST17;ST27;ST25;ST12;ST26;ST10;ST02;ST18;ST08;ST01;ST03;ST14;ST16;ST28;ST24;ST07;ST06;ST11;ST04;ST05,,,Bottom-selling SKU (by observed volume); injected overstock + stale restock date.
SKU04771,SLOW_MOVER,ST13;ST17;ST25;ST15;ST19;ST10;ST29;ST08;ST01;ST07;ST30;ST02;ST20;ST12;ST16;ST14;ST05;ST26;ST09;ST24;ST27;ST11;ST04;ST23;ST22;ST03;ST18,,,Bottom-selling SKU (by observed volume); injected overstock + stale restock date.
SKU01052,SLOW_MOVER,ST02;ST09;ST25;ST20;ST19;ST22;ST01;ST14;ST11;ST18;ST15;ST12;ST21;ST29;ST05;ST13;ST04;ST28;ST06;ST03;ST27;ST10;ST17;ST24,,,Bottom-selling SKU (by observed volume); injected overstock + stale restock date.
SKU02421,SLOW_MOVER,ST28;ST12;ST14;ST22;ST18;ST30;ST08;ST06;ST15;ST23;ST09;ST29;ST27;ST11;ST25;ST01;ST03,,,Bottom-selling SKU (by observed volume); injected overstock + stale restock date.
SKU04670,SLOW_MOVER,ST04;ST03;ST29;ST16;ST30;ST21;ST07;ST24;ST09;ST14;ST08;ST18;ST27;ST22;ST06;ST15;ST23;ST19;ST28;ST11;ST02;ST17;ST12;ST13;ST25,,,Bottom-selling SKU (by observed volume); injected overstock + stale restock date.
SKU01805,SLOW_MOVER,ST06;ST18;ST07;ST20;ST03;ST19;ST12;ST22;ST25;ST04;ST13;ST08;ST10;ST29;ST27;ST17;ST11,,,Bottom-selling SKU (by observed volume); injected overstock + stale restock date.
SKU02205,SLOW_MOVER,ST25;ST04;ST13;ST20;ST21;ST28;ST18;ST22;ST08;ST29;ST09;ST14;ST05;ST01;ST02;ST27;ST16;ST15;ST11;ST30;ST23;ST26;ST10;ST03;ST24;ST19;ST17;ST12,,,Bottom-selling SKU (by observed volume); injected overstock + stale restock date.
SKU03884,SLOW_MOVER,ST01;ST13;ST22;ST25;ST28;ST18;ST16;ST08;ST12;ST02;ST29;ST26;ST15;ST20;ST17;ST07;ST09;ST11;ST27;ST05;ST06;ST14;ST03;ST10;ST04;ST21,,,Bottom-selling SKU (by observed volume); injected overstock + stale restock date.
SKU00173,SLOW_MOVER,ST13;ST01;ST10;ST04;ST14;ST22;ST30;ST05;ST07;ST11;ST27;ST06;ST18;ST21;ST12;ST24;ST09;ST26;ST08;ST29;ST25;ST23;ST28,,,Bottom-selling SKU (by observed volume); injected overstock + stale restock date.
SKU02425,SLOW_MOVER,ST13;ST16;ST29;ST08;ST02;ST07;ST10;ST03;ST27;ST25;ST26;ST24;ST04;ST22;ST05;ST14;ST09;ST21;ST19,,,Bottom-selling SKU (by observed volume); injected overstock + stale restock date.
SKU01457,SLOW_MOVER,ST11;ST09;ST13;ST06;ST08;ST10;ST26;ST14;ST15;ST05;ST03;ST30;ST16;ST27;ST19;ST25;ST24;ST22;ST20;ST28;ST23,,,Bottom-selling SKU (by observed volume); injected overstock + stale restock date.
SKU01112,SLOW_MOVER,ST28;ST24;ST29;ST17;ST14;ST13;ST23;ST22;ST11;ST06;ST09;ST21;ST10;ST26;ST12;ST25;ST01;ST16;ST19;ST07;ST27;ST18;ST04;ST03;ST02;ST08,,,Bottom-selling SKU (by observed volume); injected overstock + stale restock date.
SKU04491,SLOW_MOVER,ST26;ST13;ST01;ST14;ST25;ST11;ST21;ST23;ST09;ST28;ST15;ST18;ST16;ST29;ST24;ST06;ST02;ST30;ST27;ST04;ST22;ST08,,,Bottom-selling SKU (by observed volume); injected overstock + stale restock date.
SKU03807,SLOW_MOVER,ST01;ST29;ST03;ST06;ST26;ST15;ST16;ST08;ST11;ST30;ST25;ST28;ST02;ST18;ST04;ST23,,,Bottom-selling SKU (by observed volume); injected overstock + stale restock date.
SKU01104,SLOW_MOVER,ST18;ST29;ST16;ST02;ST08;ST10;ST17;ST05;ST15;ST01;ST30;ST24;ST19;ST07;ST09;ST14;ST22;ST04;ST26;ST13;ST11;ST21;ST28;ST23,,,Bottom-selling SKU (by observed volume); injected overstock + stale restock date.
SKU03108,SLOW_MOVER,ST26;ST18;ST02;ST03;ST19;ST23;ST08;ST16;ST27;ST21;ST10;ST17;ST07;ST24;ST11;ST30;ST15;ST22;ST12;ST13;ST06;ST29;ST04;ST01;ST09;ST25;ST05;ST28;ST14,,,Bottom-selling SKU (by observed volume); injected overstock + stale restock date.
SKU00240,SLOW_MOVER,ST21;ST06;ST14;ST01;ST05;ST11;ST20;ST08;ST03;ST24;ST15;ST25;ST09;ST22;ST10;ST18;ST26;ST30;ST12;ST02,,,Bottom-selling SKU (by observed volume); injected overstock + stale restock date.
SKU03961,SLOW_MOVER,ST04;ST14;ST03;ST19;ST24;ST23;ST05;ST07;ST28;ST08;ST22;ST09;ST25;ST15;ST20,,,Bottom-selling SKU (by observed volume); injected overstock + stale restock date.
SKU02365,SLOW_MOVER,ST15;ST23;ST18;ST01;ST14;ST12;ST20;ST07;ST04;ST02;ST26;ST30;ST08;ST25;ST27,,,Bottom-selling SKU (by observed volume); injected overstock + stale restock date.
SKU03603,SLOW_MOVER,ST08;ST14;ST11;ST09;ST22;ST26;ST25;ST19;ST04;ST13;ST29;ST18;ST03;ST15;ST16;ST06;ST23;ST10;ST30;ST21;ST07;ST12;ST02,,,Bottom-selling SKU (by observed volume); injected overstock + stale restock date.
SKU00449,SLOW_MOVER,ST08;ST07;ST26;ST25;ST27;ST28;ST15;ST30;ST18;ST12;ST09;ST29;ST16;ST20;ST22;ST10;ST13;ST14;ST11;ST23;ST04;ST03;ST21,,,Bottom-selling SKU (by observed volume); injected overstock + stale restock date.
SKU01340,SLOW_MOVER,ST22;ST23;ST26;ST28;ST20;ST02;ST29;ST15;ST11;ST03;ST21;ST30;ST16;ST19;ST06;ST09;ST05;ST27;ST08;ST14;ST24;ST12;ST13;ST01,,,Bottom-selling SKU (by observed volume); injected overstock + stale restock date.
SKU01396,SLOW_MOVER,ST16;ST04;ST22;ST12;ST02;ST09;ST28;ST17;ST20;ST08;ST26;ST05;ST18;ST15;ST24;ST10;ST19;ST21;ST01;ST25;ST23;ST29;ST03;ST14;ST11;ST06,,,Bottom-selling SKU (by observed volume); injected overstock + stale restock date.
SKU04729,SLOW_MOVER,ST29;ST05;ST28;ST18;ST23;ST02;ST26;ST08;ST13;ST14;ST17;ST03;ST11;ST15;ST19;ST12;ST24;ST16;ST10;ST07;ST09;ST25;ST04;ST20;ST21;ST06,,,Bottom-selling SKU (by observed volume); injected overstock + stale restock date.
SKU01818,SLOW_MOVER,ST20;ST17;ST10;ST26;ST11;ST06;ST12;ST30;ST08;ST19;ST05;ST23;ST29;ST15;ST13;ST22;ST02;ST24;ST07;ST27;ST14,,,Bottom-selling SKU (by observed volume); injected overstock + stale restock date.
SKU02277,SLOW_MOVER,ST28;ST25;ST24;ST14;ST13;ST03;ST29;ST22;ST05;ST20;ST23;ST16;ST12;ST04;ST10;ST15;ST19;ST09;ST21;ST08;ST30;ST18,,,Bottom-selling SKU (by observed volume); injected overstock + stale restock date.
SKU04653,SLOW_MOVER,ST16;ST04;ST12;ST11;ST25;ST30;ST07;ST23;ST05;ST10;ST08;ST29;ST14;ST20;ST18;ST02;ST01;ST22;ST15;ST09;ST27;ST26;ST24;ST17;ST06;ST03;ST19,,,Bottom-selling SKU (by observed volume); injected overstock + stale restock date.
SKU04392,SLOW_MOVER,ST11;ST14;ST08;ST26;ST09;ST24;ST13;ST06;ST29;ST16;ST12;ST15;ST28;ST10;ST17;ST07;ST03;ST23;ST20;ST22;ST25;ST19;ST18;ST01;ST30,,,Bottom-selling SKU (by observed volume); injected overstock + stale restock date.
SKU00650,SLOW_MOVER,ST21;ST05;ST27;ST23;ST11;ST08;ST28;ST29;ST18;ST25;ST02;ST24;ST10;ST30;ST13;ST04;ST17;ST06,,,Bottom-selling SKU (by observed volume); injected overstock + stale restock date.
SKU04664,SLOW_MOVER,ST19;ST23;ST17;ST15;ST25;ST29;ST11;ST30;ST27;ST24;ST21;ST08;ST01;ST06;ST02;ST26;ST04;ST13;ST22;ST28;ST18;ST10;ST07;ST16;ST12;ST20;ST03;ST14;ST05,,,Bottom-selling SKU (by observed volume); injected overstock + stale restock date.
SKU00371,SLOW_MOVER,ST22;ST27;ST21;ST29;ST08;ST25;ST09;ST17;ST16;ST13;ST12;ST11;ST04;ST30;ST20;ST07;ST19;ST24;ST26;ST03;ST05;ST28;ST10;ST15,,,Bottom-selling SKU (by observed volume); injected overstock + stale restock date.
SKU02946,SLOW_MOVER,ST09;ST27;ST03;ST21;ST14;ST22;ST24;ST20;ST18;ST16;ST17;ST13;ST25;ST08;ST04;ST29;ST02;ST06;ST15;ST01;ST11;ST12,,,Bottom-selling SKU (by observed volume); injected overstock + stale restock date.
SKU00462,SLOW_MOVER,ST16;ST02;ST03;ST04;ST10;ST18;ST19;ST08;ST15;ST09;ST17;ST29;ST26;ST22;ST05;ST01;ST30;ST20;ST23;ST13;ST14;ST27;ST11;ST28;ST06,,,Bottom-selling SKU (by observed volume); injected overstock + stale restock date.
SKU00890,SLOW_MOVER,ST06;ST04;ST08;ST11;ST15;ST13;ST17;ST26;ST05;ST01;ST27;ST19;ST09;ST16;ST29;ST24;ST10;ST22,,,Bottom-selling SKU (by observed volume); injected overstock + stale restock date.
SKU02763,SLOW_MOVER,ST04;ST19;ST25;ST27;ST16;ST12;ST10;ST13;ST02;ST28;ST18;ST20;ST30;ST22;ST21;ST29;ST09;ST08,,,Bottom-selling SKU (by observed volume); injected overstock + stale restock date.
SKU03619,SLOW_MOVER,ST28;ST22;ST29;ST20;ST27;ST24;ST11;ST17;ST16;ST14;ST21;ST09;ST07;ST01;ST30,,,Bottom-selling SKU (by observed volume); injected overstock + stale restock date.
SKU00251,SLOW_MOVER,ST04;ST29;ST12;ST16;ST06;ST03;ST05;ST21;ST30;ST26;ST11;ST18;ST20;ST17;ST25;ST19;ST23;ST01;ST10;ST15;ST28;ST09;ST27;ST07;ST02;ST13,,,Bottom-selling SKU (by observed volume); injected overstock + stale restock date.
SKU02681,SLOW_MOVER,ST30;ST21;ST11;ST20;ST06;ST07;ST18;ST15;ST16;ST12;ST02;ST26;ST09;ST24;ST19;ST04,,,Bottom-selling SKU (by observed volume); injected overstock + stale restock date.
SKU02558,SLOW_MOVER,ST28;ST27;ST04;ST13;ST09;ST03;ST30;ST26;ST12;ST18;ST15;ST17;ST10;ST08;ST23;ST14;ST02;ST11;ST20;ST22,,,Bottom-selling SKU (by observed volume); injected overstock + stale restock date.
SKU00342,SLOW_MOVER,ST01;ST08;ST30;ST07;ST23;ST05;ST09;ST15;ST21;ST02;ST14;ST04;ST11;ST06;ST18;ST20;ST29;ST16;ST26;ST24;ST17;ST10;ST19;ST27;ST22;ST03;ST25,,,Bottom-selling SKU (by observed volume); injected overstock + stale restock date.
SKU01542,SLOW_MOVER,ST11;ST08;ST07;ST26;ST23;ST20;ST29;ST22;ST27;ST09;ST06;ST18;ST24;ST25;ST14;ST16;ST21;ST03;ST28;ST12;ST10;ST19;ST04;ST05;ST15;ST30;ST01;ST02,,,Bottom-selling SKU (by observed volume); injected overstock + stale restock date.
SKU01171,SLOW_MOVER,ST19;ST03;ST01;ST28;ST17;ST10;ST21;ST15;ST24;ST25;ST30;ST11;ST18;ST07;ST05;ST02;ST27;ST14;ST16;ST22;ST29;ST08;ST23;ST06;ST09;ST12;ST04,,,Bottom-selling SKU (by observed volume); injected overstock + stale restock date.
SKU00662,SLOW_MOVER,ST25;ST14;ST13;ST10;ST21;ST26;ST06;ST17;ST29;ST11;ST04;ST03;ST01;ST23;ST08;ST12;ST22;ST16;ST30;ST02;ST18,,,Bottom-selling SKU (by observed volume); injected overstock + stale restock date.
SKU02253,SLOW_MOVER,ST10;ST24;ST12;ST06;ST25;ST11;ST20;ST15;ST29;ST30;ST17;ST03;ST26;ST18;ST27;ST13;ST21;ST16;ST19;ST04;ST22;ST14;ST23;ST09;ST08;ST28,,,Bottom-selling SKU (by observed volume); injected overstock + stale restock date.
SKU01174,SLOW_MOVER,ST21;ST23;ST30;ST25;ST10;ST17;ST28;ST08;ST13;ST29;ST05;ST09;ST01;ST24;ST15;ST04;ST12,,,Bottom-selling SKU (by observed volume); injected overstock + stale restock date.
SKU03441,SLOW_MOVER,ST28;ST19;ST30;ST18;ST08;ST17;ST03;ST26;ST24;ST14;ST23;ST09;ST16;ST15;ST27;ST22;ST13;ST25;ST06;ST21;ST20;ST02;ST12,,,Bottom-selling SKU (by observed volume); injected overstock + stale restock date.
SKU00935,SLOW_MOVER,ST28;ST22;ST02;ST18;ST17;ST23;ST19;ST15;ST03;ST25;ST27;ST05;ST20;ST11;ST08;ST29;ST21;ST01;ST13;ST06,,,Bottom-selling SKU (by observed volume); injected overstock + stale restock date.
SKU02566,SLOW_MOVER,ST16;ST18;ST22;ST29;ST13;ST04;ST07;ST01;ST14;ST26;ST12;ST11;ST17;ST21;ST25;ST09;ST10;ST15;ST08;ST28;ST03;ST19;ST06;ST27;ST30;ST23;ST05;ST20,,,Bottom-selling SKU (by observed volume); injected overstock + stale restock date.
SKU00066,SLOW_MOVER,ST22;ST21;ST09;ST16;ST14;ST20;ST29;ST05;ST15;ST02;ST19;ST17;ST26;ST25;ST18;ST30;ST27;ST07;ST03;ST01,,,Bottom-selling SKU (by observed volume); injected overstock + stale restock date.
SKU02217,SLOW_MOVER,ST13;ST06;ST27;ST11;ST26;ST08;ST24;ST03;ST18;ST12;ST04;ST20;ST19;ST16;ST28,,,Bottom-selling SKU (by observed volume); injected overstock + stale restock date.
SKU00858,SLOW_MOVER,ST23;ST18;ST26;ST09;ST01;ST06;ST08;ST15;ST16;ST19;ST29;ST02;ST27;ST28;ST24;ST03;ST17;ST07;ST20;ST10;ST22;ST13;ST12;ST04,,,Bottom-selling SKU (by observed volume); injected overstock + stale restock date.
SKU00837,SLOW_MOVER,ST05;ST28;ST29;ST10;ST22;ST03;ST27;ST24;ST11;ST17;ST25;ST15;ST19;ST02;ST18;ST09;ST30;ST26;ST07;ST08;ST20;ST14;ST21;ST16;ST13;ST23;ST12;ST01;ST06,,,Bottom-selling SKU (by observed volume); injected overstock + stale restock date.
SKU01675,SLOW_MOVER,ST29;ST17;ST10;ST08;ST06;ST05;ST22;ST09;ST27;ST28;ST13;ST02;ST12;ST25;ST19;ST26;ST20;ST11;ST18;ST03;ST14;ST23;ST07;ST30;ST21;ST15;ST01;ST16,,,Bottom-selling SKU (by observed volume); injected overstock + stale restock date.
SKU02546,SLOW_MOVER,ST06;ST28;ST09;ST20;ST27;ST05;ST11;ST22;ST10;ST21;ST04;ST17;ST08;ST23;ST02;ST24;ST29;ST19;ST30;ST07;ST18;ST16,,,Bottom-selling SKU (by observed volume); injected overstock + stale restock date.
SKU04147,SLOW_MOVER,ST05;ST30;ST24;ST07;ST02;ST29;ST28;ST09;ST23;ST17;ST06;ST03;ST21;ST14;ST10,,,Bottom-selling SKU (by observed volume); injected overstock + stale restock date.
SKU03863,SLOW_MOVER,ST28;ST19;ST29;ST21;ST02;ST06;ST04;ST12;ST30;ST15;ST18;ST11;ST01;ST10;ST05;ST08;ST07;ST23;ST22;ST17;ST20;ST16;ST13;ST24;ST14;ST09;ST03;ST27;ST25,,,Bottom-selling SKU (by observed volume); injected overstock + stale restock date.
SKU03484,SLOW_MOVER,ST26;ST01;ST05;ST12;ST16;ST23;ST07;ST08;ST06;ST15;ST25;ST14;ST17;ST02;ST27;ST29;ST30;ST13;ST09;ST22;ST21;ST18,,,Bottom-selling SKU (by observed volume); injected overstock + stale restock date.
SKU03254,SLOW_MOVER,ST22;ST10;ST07;ST01;ST29;ST30;ST24;ST28;ST03;ST26;ST14;ST15;ST13;ST18;ST27;ST16,,,Bottom-selling SKU (by observed volume); injected overstock + stale restock date.
SKU03504,SLOW_MOVER,ST26;ST07;ST01;ST24;ST30;ST25;ST19;ST21;ST23;ST11;ST09;ST12;ST29;ST08;ST03;ST18;ST14;ST20;ST13;ST28;ST22;ST05;ST06,,,Bottom-selling SKU (by observed volume); injected overstock + stale restock date.
SKU03737,SLOW_MOVER,ST06;ST24;ST29;ST18;ST21;ST09;ST22;ST19;ST17;ST28;ST03;ST13;ST15;ST23;ST12;ST25;ST07;ST05;ST11,,,Bottom-selling SKU (by observed volume); injected overstock + stale restock date.
SKU03436,SLOW_MOVER,ST14;ST11;ST08;ST30;ST06;ST26;ST02;ST05;ST07;ST15;ST23;ST24;ST09;ST25;ST21;ST01;ST04;ST17;ST28;ST27,,,Bottom-selling SKU (by observed volume); injected overstock + stale restock date.
SKU04414,SLOW_MOVER,ST21;ST09;ST20;ST23;ST27;ST05;ST04;ST16;ST07;ST24;ST25;ST28;ST08;ST14;ST30;ST03;ST12;ST01;ST19;ST17;ST10;ST22;ST02;ST11;ST29;ST18;ST15;ST13;ST26;ST06,,,Bottom-selling SKU (by observed volume); injected overstock + stale restock date.
SKU04160,SLOW_MOVER,ST27;ST30;ST28;ST17;ST05;ST21;ST04;ST08;ST23;ST13;ST16;ST14;ST29;ST02;ST24;ST19;ST06;ST07;ST10;ST22;ST11;ST12;ST09;ST03;ST18;ST25;ST26,,,Bottom-selling SKU (by observed volume); injected overstock + stale restock date.
SKU00386,SLOW_MOVER,ST03;ST05;ST12;ST10;ST20;ST18;ST19;ST08;ST15;ST02;ST17;ST01;ST22;ST16;ST14;ST26;ST06;ST09;ST07;ST24;ST25;ST23;ST11;ST30;ST04,,,Bottom-selling SKU (by observed volume); injected overstock + stale restock date.
SKU03592,SLOW_MOVER,ST25;ST04;ST12;ST06;ST01;ST27;ST09;ST13;ST18;ST10;ST30;ST15;ST03;ST07;ST22;ST20;ST24;ST14;ST19;ST29;ST08;ST26;ST17;ST05;ST02;ST23;ST21;ST16,,,Bottom-selling SKU (by observed volume); injected overstock + stale restock date.
SKU04955,SLOW_MOVER,ST28;ST11;ST29;ST10;ST25;ST17;ST24;ST04;ST02;ST15;ST08;ST07;ST19;ST22;ST30;ST23;ST13;ST20;ST16;ST09;ST06;ST12;ST21;ST27;ST14;ST18;ST03;ST01,,,Bottom-selling SKU (by observed volume); injected overstock + stale restock date.
SKU02580,SLOW_MOVER,ST24;ST09;ST17;ST12;ST28;ST21;ST05;ST08;ST20;ST27;ST04;ST19;ST22;ST02;ST26;ST10;ST23;ST01;ST07;ST16;ST03;ST25;ST18;ST29,,,Bottom-selling SKU (by observed volume); injected overstock + stale restock date.
SKU03493,SLOW_MOVER,ST24;ST19;ST18;ST30;ST03;ST04;ST08;ST10;ST11;ST17;ST29;ST26;ST21;ST28;ST12;ST06;ST13;ST23;ST15;ST25;ST27;ST20;ST22;ST14;ST07,,,Bottom-selling SKU (by observed volume); injected overstock + stale restock date.
SKU02112,SLOW_MOVER,ST03;ST24;ST07;ST19;ST09;ST04;ST13;ST15;ST17;ST22;ST20;ST16;ST06;ST02;ST12;ST25;ST30,,,Bottom-selling SKU (by observed volume); injected overstock + stale restock date.
SKU00140,SLOW_MOVER,ST29;ST12;ST09;ST15;ST07;ST05;ST30;ST11;ST20;ST03;ST27;ST26;ST17;ST28;ST14;ST19;ST23;ST25;ST18;ST01;ST06;ST21;ST16;ST04;ST22;ST08;ST02;ST24;ST10,,,Bottom-selling SKU (by observed volume); injected overstock + stale restock date.
SKU01068,SLOW_MOVER,ST27;ST20;ST24;ST05;ST08;ST12;ST03;ST19;ST06;ST04;ST07;ST11;ST17;ST23;ST16;ST30;ST01;ST13;ST22;ST14;ST09;ST25;ST28;ST02;ST10;ST21;ST29;ST18;ST26,,,Bottom-selling SKU (by observed volume); injected overstock + stale restock date.
SKU01919,SLOW_MOVER,ST07;ST05;ST30;ST18;ST01;ST10;ST19;ST04;ST25;ST27;ST24;ST20;ST08;ST14;ST17;ST16;ST23;ST15;ST06;ST11;ST09;ST12;ST26,,,Bottom-selling SKU (by observed volume); injected overstock + stale restock date.
SKU00355,SLOW_MOVER,ST23;ST17;ST05;ST14;ST26;ST21;ST22;ST01;ST08;ST24;ST16;ST09;ST12;ST02;ST27,,,Bottom-selling SKU (by observed volume); injected overstock + stale restock date.
SKU03562,SLOW_MOVER,ST11;ST26;ST10;ST27;ST06;ST13;ST14;ST07;ST19;ST17;ST15;ST03;ST21;ST02;ST29;ST04;ST22;ST01;ST24;ST12;ST16,,,Bottom-selling SKU (by observed volume); injected overstock + stale restock date.
SKU04654,SLOW_MOVER,ST24;ST17;ST12;ST25;ST27;ST18;ST23;ST16;ST19;ST22;ST07;ST20;ST03;ST06;ST01;ST04;ST13;ST26;ST21;ST09;ST28,,,Bottom-selling SKU (by observed volume); injected overstock + stale restock date.
SKU02267,SLOW_MOVER,ST25;ST27;ST08;ST17;ST05;ST03;ST06;ST04;ST07;ST22;ST12;ST26;ST23;ST21;ST16;ST15;ST11;ST01;ST28;ST24;ST19;ST18;ST29;ST02,,,Bottom-selling SKU (by observed volume); injected overstock + stale restock date.
SKU04249,SLOW_MOVER,ST23;ST09;ST15;ST05;ST13;ST04;ST01;ST25;ST06;ST22;ST30;ST03;ST28;ST11;ST18;ST21;ST16;ST02;ST20;ST24;ST19;ST07;ST08;ST12;ST26,,,Bottom-selling SKU (by observed volume); injected overstock + stale restock date.
SKU03627,SLOW_MOVER,ST26;ST01;ST12;ST22;ST09;ST17;ST02;ST08;ST24;ST11;ST05;ST29;ST14;ST18;ST19;ST20;ST03;ST07;ST23;ST25;ST06;ST16;ST27;ST10;ST13;ST04;ST21,,,Bottom-selling SKU (by observed volume); injected overstock + stale restock date.
SKU03839,SLOW_MOVER,ST16;ST29;ST15;ST10;ST28;ST24;ST20;ST23;ST05;ST14;ST27;ST03;ST22;ST17;ST06;ST02;ST01;ST11;ST18;ST30;ST21;ST08;ST26,,,Bottom-selling SKU (by observed volume); injected overstock + stale restock date.
SKU03347,SLOW_MOVER,ST13;ST06;ST15;ST08;ST28;ST27;ST09;ST03;ST11;ST16;ST30;ST17;ST14;ST12;ST01;ST18;ST07;ST10;ST26;ST02;ST04;ST25;ST19;ST29;ST22,,,Bottom-selling SKU (by observed volume); injected overstock + stale restock date.
SKU00592,SLOW_MOVER,ST26;ST09;ST21;ST29;ST22;ST03;ST07;ST23;ST18;ST14;ST04;ST13;ST08;ST12;ST01;ST11;ST10;ST05;ST24;ST19;ST30;ST27;ST16;ST02;ST25;ST28,,,Bottom-selling SKU (by observed volume); injected overstock + stale restock date.
SKU02722,SLOW_MOVER,ST15;ST02;ST11;ST16;ST05;ST12;ST18;ST30;ST01;ST26;ST25;ST08;ST13;ST28;ST06;ST14;ST09;ST19;ST21;ST20;ST29;ST27;ST23;ST03;ST10;ST17;ST07;ST22;ST24,,,Bottom-selling SKU (by observed volume); injected overstock + stale restock date.
SKU01568,SLOW_MOVER,ST20;ST12;ST13;ST18;ST21;ST28;ST27;ST09;ST23;ST01;ST08;ST22;ST17;ST05;ST29;ST25;ST06;ST19;ST26;ST11;ST14;ST30,,,Bottom-selling SKU (by observed volume); injected overstock + stale restock date.
SKU01046,SLOW_MOVER,ST15;ST24;ST27;ST03;ST16;ST14;ST05;ST09;ST06;ST17;ST08;ST23;ST26;ST30;ST25,,,Bottom-selling SKU (by observed volume); injected overstock + stale restock date.
SKU03173,SLOW_MOVER,ST29;ST14;ST02;ST01;ST20;ST27;ST28;ST18;ST23;ST05;ST04;ST21;ST07;ST26;ST06;ST11;ST30,,,Bottom-selling SKU (by observed volume); injected overstock + stale restock date.
SKU04831,SLOW_MOVER,ST05;ST03;ST18;ST30;ST06;ST24;ST01;ST08;ST12;ST23;ST04;ST20;ST25;ST15;ST26;ST09,,,Bottom-selling SKU (by observed volume); injected overstock + stale restock date.
SKU01538,SLOW_MOVER,ST28;ST09;ST15;ST22;ST01;ST17;ST19;ST03;ST04;ST21;ST12;ST29;ST08;ST30;ST10;ST02;ST16;ST06;ST25;ST18;ST23;ST11,,,Bottom-selling SKU (by observed volume); injected overstock + stale restock date.
SKU03416,SLOW_MOVER,ST20;ST06;ST23;ST03;ST26;ST30;ST17;ST09;ST08;ST11;ST10;ST15;ST13;ST01;ST14;ST05;ST18;ST02;ST04;ST28;ST19;ST16;ST21,,,Bottom-selling SKU (by observed volume); injected overstock + stale restock date.
SKU04215,SLOW_MOVER,ST24;ST06;ST21;ST27;ST14;ST08;ST23;ST07;ST12;ST11;ST03;ST28;ST29;ST02;ST13,,,Bottom-selling SKU (by observed volume); injected overstock + stale restock date.
SKU04665,SLOW_MOVER,ST16;ST03;ST12;ST17;ST07;ST28;ST26;ST19;ST13;ST18;ST20;ST29;ST22;ST06;ST09;ST08;ST05;ST24;ST27,,,Bottom-selling SKU (by observed volume); injected overstock + stale restock date.
SKU01038,SLOW_MOVER,ST20;ST28;ST02;ST26;ST04;ST12;ST23;ST19;ST03;ST14;ST13;ST10;ST29;ST25;ST18;ST06;ST11;ST21;ST22;ST09;ST27;ST30;ST05;ST16;ST01;ST15;ST07;ST24;ST17,,,Bottom-selling SKU (by observed volume); injected overstock + stale restock date.
SKU02842,SLOW_MOVER,ST14;ST10;ST21;ST28;ST11;ST25;ST16;ST17;ST06;ST07;ST26;ST05;ST12;ST30;ST18,,,Bottom-selling SKU (by observed volume); injected overstock + stale restock date.
SKU03457,SLOW_MOVER,ST05;ST25;ST22;ST15;ST10;ST12;ST27;ST16;ST28;ST26;ST08;ST09;ST24;ST21;ST07;ST18;ST03;ST20;ST29;ST30;ST04;ST13,,,Bottom-selling SKU (by observed volume); injected overstock + stale restock date.
SKU00571,SLOW_MOVER,ST28;ST05;ST08;ST24;ST25;ST03;ST30;ST22;ST17;ST10;ST12;ST26;ST01;ST18;ST20,,,Bottom-selling SKU (by observed volume); injected overstock + stale restock date.
SKU02114,SLOW_MOVER,ST20;ST13;ST09;ST04;ST11;ST02;ST24;ST26;ST05;ST01;ST25;ST17;ST19;ST18;ST15;ST08;ST22;ST16,,,Bottom-selling SKU (by observed volume); injected overstock + stale restock date.
SKU01356,SLOW_MOVER,ST16;ST07;ST14;ST11;ST03;ST02;ST28;ST20;ST09;ST27;ST24;ST19;ST01;ST15;ST06;ST26;ST22;ST05,,,Bottom-selling SKU (by observed volume); injected overstock + stale restock date.
SKU00317,SLOW_MOVER,ST21;ST02;ST03;ST05;ST23;ST19;ST12;ST24;ST22;ST30;ST13;ST14;ST07;ST26;ST16;ST17;ST09;ST18;ST08;ST27;ST10;ST20,,,Bottom-selling SKU (by observed volume); injected overstock + stale restock date.
SKU03284,SLOW_MOVER,ST24;ST03;ST29;ST11;ST23;ST08;ST25;ST12;ST17;ST20;ST30;ST04;ST06;ST18;ST02;ST07;ST01;ST22;ST16;ST27;ST26;ST14;ST28,,,Bottom-selling SKU (by observed volume); injected overstock + stale restock date.
SKU03375,SLOW_MOVER,ST28;ST08;ST25;ST19;ST13;ST04;ST22;ST11;ST01;ST05;ST26;ST20;ST24;ST16;ST17;ST10,,,Bottom-selling SKU (by observed volume); injected overstock + stale restock date.
SKU03822,SLOW_MOVER,ST24;ST16;ST11;ST20;ST30;ST03;ST26;ST27;ST15;ST09;ST21;ST05;ST08;ST25;ST28;ST12;ST18;ST17;ST19;ST13;ST14;ST29;ST06;ST01;ST10;ST02;ST04,,,Bottom-selling SKU (by observed volume); injected overstock + stale restock date.
SKU02780,SLOW_MOVER,ST26;ST04;ST29;ST21;ST27;ST05;ST23;ST18;ST10;ST01;ST28;ST16;ST09;ST24;ST25;ST30;ST07;ST22;ST20;ST03;ST14;ST13;ST08;ST06;ST15;ST19;ST02;ST12;ST17;ST11,,,Bottom-selling SKU (by observed volume); injected overstock + stale restock date.
SKU04319,SLOW_MOVER,ST26;ST25;ST06;ST02;ST04;ST05;ST30;ST24;ST18;ST19;ST29;ST15;ST09;ST07;ST22;ST23;ST08;ST21;ST16;ST17;ST03;ST28;ST10,,,Bottom-selling SKU (by observed volume); injected overstock + stale restock date.
SKU04019,SLOW_MOVER,ST11;ST13;ST03;ST10;ST26;ST25;ST05;ST29;ST02;ST01;ST19;ST23;ST21;ST20;ST18;ST12;ST22;ST14;ST17;ST28;ST30;ST15;ST24;ST16;ST06;ST27;ST07;ST04;ST08;ST09,,,Bottom-selling SKU (by observed volume); injected overstock + stale restock date.
SKU02964,SLOW_MOVER,ST30;ST17;ST06;ST24;ST16;ST14;ST13;ST15;ST22;ST29;ST12;ST07;ST02;ST26;ST05;ST01;ST27,,,Bottom-selling SKU (by observed volume); injected overstock + stale restock date.
SKU02630,SLOW_MOVER,ST12;ST28;ST29;ST03;ST27;ST08;ST15;ST10;ST26;ST24;ST13;ST20;ST22;ST17;ST23;ST11;ST01,,,Bottom-selling SKU (by observed volume); injected overstock + stale restock date.
SKU00083,SLOW_MOVER,ST05;ST01;ST26;ST20;ST02;ST21;ST17;ST16;ST06;ST19;ST22;ST15;ST13;ST25;ST24;ST28;ST23;ST11;ST18;ST08;ST12;ST07;ST29;ST04;ST30;ST14,,,Bottom-selling SKU (by observed volume); injected overstock + stale restock date.
SKU01834,SLOW_MOVER,ST03;ST29;ST05;ST18;ST01;ST10;ST07;ST23;ST21;ST17;ST27;ST22;ST19;ST26;ST20;ST24;ST11;ST02;ST06;ST15;ST13;ST04;ST08;ST09;ST25;ST16;ST28;ST30;ST14;ST12,,,Bottom-selling SKU (by observed volume); injected overstock + stale restock date.
SKU01042,SLOW_MOVER,ST11;ST22;ST26;ST03;ST19;ST02;ST21;ST05;ST13;ST04;ST20;ST30;ST07;ST27;ST12;ST01;ST25;ST17;ST16;ST06;ST23;ST14;ST10;ST28;ST08;ST18;ST24;ST29,,,Bottom-selling SKU (by observed volume); injected overstock + stale restock date.
SKU04107,SLOW_MOVER,ST25;ST21;ST09;ST29;ST01;ST06;ST05;ST26;ST30;ST13;ST24;ST04;ST10;ST03;ST23;ST12;ST11;ST07;ST17;ST28;ST14;ST08;ST16;ST19;ST20;ST22;ST15,,,Bottom-selling SKU (by observed volume); injected overstock + stale restock date.
SKU00237,SLOW_MOVER,ST20;ST27;ST26;ST21;ST01;ST09;ST07;ST17;ST08;ST22;ST11;ST03;ST04;ST06;ST12;ST16;ST18;ST29;ST13;ST05;ST28;ST10;ST15;ST14;ST19;ST30;ST25;ST23;ST02;ST24,,,Bottom-selling SKU (by observed volume); injected overstock + stale restock date.
SKU04212,SLOW_MOVER,ST21;ST11;ST16;ST29;ST19;ST26;ST04;ST25;ST30;ST27;ST12;ST13;ST09;ST05;ST15;ST06;ST23;ST10;ST14;ST07;ST22;ST20;ST08,,,Bottom-selling SKU (by observed volume); injected overstock + stale restock date.
SKU03311,SLOW_MOVER,ST08;ST11;ST23;ST01;ST26;ST16;ST17;ST18;ST03;ST09;ST07;ST27;ST24;ST29;ST30;ST20;ST10;ST15;ST28;ST19;ST02;ST14;ST05;ST21;ST22;ST13;ST06;ST04,,,Bottom-selling SKU (by observed volume); injected overstock + stale restock date.
SKU04425,SLOW_MOVER,ST04;ST25;ST08;ST02;ST14;ST05;ST29;ST28;ST24;ST13;ST19;ST06;ST09;ST27;ST21,,,Bottom-selling SKU (by observed volume); injected overstock + stale restock date.
SKU03115,SLOW_MOVER,ST12;ST04;ST21;ST29;ST19;ST05;ST14;ST15;ST23;ST25;ST27;ST16;ST20;ST22;ST06;ST02;ST26;ST03;ST11;ST24;ST18,,,Bottom-selling SKU (by observed volume); injected overstock + stale restock date.
SKU04018,SLOW_MOVER,ST07;ST28;ST05;ST14;ST10;ST04;ST02;ST13;ST08;ST26;ST11;ST12;ST25;ST19;ST20;ST29;ST24;ST16;ST15;ST30;ST21;ST03,,,Bottom-selling SKU (by observed volume); injected overstock + stale restock date.
SKU02055,SLOW_MOVER,ST05;ST24;ST17;ST21;ST04;ST25;ST14;ST27;ST28;ST07;ST26;ST30;ST06;ST03;ST20,,,Bottom-selling SKU (by observed volume); injected overstock + stale restock date.
SKU00775,SLOW_MOVER,ST10;ST03;ST12;ST24;ST07;ST21;ST18;ST05;ST23;ST22;ST14;ST19;ST15;ST25;ST13;ST02;ST06;ST29;ST09;ST08;ST16,,,Bottom-selling SKU (by observed volume); injected overstock + stale restock date.
SKU01678,SLOW_MOVER,ST10;ST27;ST07;ST25;ST24;ST26;ST22;ST23;ST28;ST05;ST01;ST17;ST20;ST04;ST30;ST14;ST02;ST03;ST12;ST18;ST11;ST08;ST09;ST21;ST13;ST15,,,Bottom-selling SKU (by observed volume); injected overstock + stale restock date.
SKU00167,SLOW_MOVER,ST29;ST22;ST03;ST01;ST25;ST06;ST15;ST19;ST09;ST23;ST12;ST24;ST10;ST20;ST30;ST14;ST21;ST27;ST13;ST08,,,Bottom-selling SKU (by observed volume); injected overstock + stale restock date.
SKU00654,SLOW_MOVER,ST22;ST21;ST28;ST06;ST13;ST26;ST04;ST30;ST02;ST23;ST07;ST20;ST01;ST17;ST15;ST25;ST11;ST09;ST18;ST16;ST05;ST10;ST27;ST14;ST29;ST19;ST24;ST03;ST08,,,Bottom-selling SKU (by observed volume); injected overstock + stale restock date.
SKU03290,SLOW_MOVER,ST05;ST25;ST01;ST03;ST27;ST29;ST12;ST28;ST21;ST16;ST20;ST15;ST17;ST11;ST13;ST06;ST04;ST30;ST08;ST10;ST23;ST18;ST26;ST09;ST02;ST22;ST14;ST24;ST07,,,Bottom-selling SKU (by observed volume); injected overstock + stale restock date.
SKU04048,SLOW_MOVER,ST09;ST19;ST06;ST01;ST16;ST17;ST27;ST26;ST12;ST18;ST05;ST07;ST15;ST08;ST10;ST11;ST14;ST28;ST04;ST21;ST29;ST20;ST02;ST30,,,Bottom-selling SKU (by observed volume); injected overstock + stale restock date.
SKU02500,SLOW_MOVER,ST21;ST04;ST15;ST03;ST08;ST22;ST17;ST27;ST02;ST18;ST19;ST24;ST20;ST16;ST28;ST13;ST09;ST25,,,Bottom-selling SKU (by observed volume); injected overstock + stale restock date.
SKU01318,SLOW_MOVER,ST03;ST07;ST19;ST13;ST01;ST29;ST17;ST28;ST21;ST18;ST26;ST04;ST30;ST02;ST16;ST14;ST15;ST08;ST23;ST25;ST06;ST05,,,Bottom-selling SKU (by observed volume); injected overstock + stale restock date.
SKU03257,SLOW_MOVER,ST15;ST19;ST24;ST14;ST01;ST17;ST02;ST16;ST12;ST10;ST27;ST30;ST11;ST05;ST06;ST26;ST23;ST09;ST18;ST13;ST04;ST28,,,Bottom-selling SKU (by observed volume); injected overstock + stale restock date.
SKU01803,SLOW_MOVER,ST04;ST14;ST12;ST06;ST11;ST17;ST27;ST03;ST09;ST15;ST18;ST10;ST13;ST22;ST23;ST30;ST19;ST24;ST26;ST05;ST29;ST07;ST20;ST16;ST21;ST08;ST02;ST25;ST01,,,Bottom-selling SKU (by observed volume); injected overstock + stale restock date.
SKU04145,SLOW_MOVER,ST03;ST08;ST28;ST04;ST29;ST10;ST01;ST23;ST09;ST24;ST26;ST21;ST27;ST15;ST25;ST02;ST06;ST11;ST05;ST19;ST20;ST12;ST22;ST17;ST16;ST18;ST14,,,Bottom-selling SKU (by observed volume); injected overstock + stale restock date.
SKU01684,SLOW_MOVER,ST26;ST02;ST13;ST15;ST22;ST14;ST10;ST03;ST11;ST09;ST08;ST16;ST25;ST20;ST27;ST19;ST17;ST30;ST04;ST29;ST28,,,Bottom-selling SKU (by observed volume); injected overstock + stale restock date.
SKU04901,SLOW_MOVER,ST02;ST03;ST30;ST22;ST10;ST15;ST12;ST21;ST18;ST11;ST17;ST24;ST16;ST26;ST19;ST14;ST08;ST01;ST07;ST06;ST27;ST28;ST29,,,Bottom-selling SKU (by observed volume); injected overstock + stale restock date.
SKU03709,SLOW_MOVER,ST16;ST01;ST07;ST23;ST25;ST15;ST27;ST30;ST21;ST18;ST20;ST04;ST22;ST11;ST19;ST06;ST09;ST02,,,Bottom-selling SKU (by observed volume); injected overstock + stale restock date.
SKU04054,SLOW_MOVER,ST06;ST05;ST10;ST12;ST01;ST17;ST11;ST23;ST26;ST21;ST18;ST02;ST04;ST13;ST16;ST28;ST08;ST15;ST24;ST03;ST30;ST07;ST09;ST14;ST20;ST19;ST22;ST27;ST29,,,Bottom-selling SKU (by observed volume); injected overstock + stale restock date.
SKU03014,SLOW_MOVER,ST16;ST09;ST15;ST19;ST18;ST30;ST07;ST25;ST14;ST28;ST11;ST10;ST01;ST24;ST05;ST27;ST22;ST26;ST08;ST02;ST03;ST29,,,Bottom-selling SKU (by observed volume); injected overstock + stale restock date.
SKU04798,SLOW_MOVER,ST30;ST27;ST13;ST08;ST28;ST10;ST11;ST07;ST18;ST15;ST02;ST12;ST26;ST16;ST05;ST20;ST17;ST01;ST06;ST03;ST04;ST25,,,Bottom-selling SKU (by observed volume); injected overstock + stale restock date.
SKU03837,SLOW_MOVER,ST28;ST25;ST17;ST23;ST10;ST06;ST08;ST18;ST05;ST16;ST11;ST02;ST26;ST07;ST21;ST29;ST12;ST13;ST24;ST01;ST15;ST09;ST22;ST20,,,Bottom-selling SKU (by observed volume); injected overstock + stale restock date.
SKU04605,SLOW_MOVER,ST30;ST16;ST15;ST19;ST17;ST21;ST09;ST08;ST18;ST06;ST25;ST01;ST05;ST03;ST13;ST29;ST02;ST12;ST11;ST23;ST26;ST10;ST07;ST04;ST20;ST22,,,Bottom-selling SKU (by observed volume); injected overstock + stale restock date.
SKU00965,SLOW_MOVER,ST09;ST11;ST27;ST08;ST05;ST24;ST19;ST10;ST01;ST03;ST26;ST14;ST23;ST25;ST07;ST16;ST13;ST29;ST15;ST02;ST06;ST12;ST28;ST20;ST22,,,Bottom-selling SKU (by observed volume); injected overstock + stale restock date.
SKU01696,SLOW_MOVER,ST06;ST17;ST19;ST21;ST27;ST25;ST12;ST13;ST14;ST22;ST30;ST03;ST24;ST11;ST28;ST02;ST09;ST18;ST10;ST29;ST05;ST23;ST16,,,Bottom-selling SKU (by observed volume); injected overstock + stale restock date.
SKU00350,SLOW_MOVER,ST14;ST15;ST23;ST10;ST11;ST18;ST07;ST28;ST01;ST29;ST19;ST02;ST12;ST20;ST09;ST08;ST05,,,Bottom-selling SKU (by observed volume); injected overstock + stale restock date.
SKU00691,SLOW_MOVER,ST27;ST24;ST12;ST19;ST18;ST06;ST02;ST09;ST22;ST30;ST15;ST03;ST04;ST16;ST05;ST20;ST21,,,Bottom-selling SKU (by observed volume); injected overstock + stale restock date.
SKU01880,SLOW_MOVER,ST06;ST10;ST22;ST18;ST09;ST14;ST23;ST21;ST19;ST07;ST11;ST02;ST05;ST01;ST13;ST29;ST25;ST15;ST16;ST20;ST28;ST03;ST04;ST17;ST08,,,Bottom-selling SKU (by observed volume); injected overstock + stale restock date.
SKU00860,SLOW_MOVER,ST30;ST01;ST06;ST22;ST19;ST07;ST27;ST29;ST12;ST21;ST03;ST16;ST20;ST11;ST04,,,Bottom-selling SKU (by observed volume); injected overstock + stale restock date.
SKU00105,SLOW_MOVER,ST29;ST06;ST18;ST15;ST26;ST01;ST09;ST27;ST17;ST16;ST11;ST14;ST08;ST02;ST30;ST21;ST20;ST13;ST04;ST07;ST22;ST12;ST25;ST05;ST24,,,Bottom-selling SKU (by observed volume); injected overstock + stale restock date.
SKU02302,SLOW_MOVER,ST08;ST02;ST09;ST23;ST18;ST04;ST24;ST26;ST27;ST01;ST17;ST21;ST06;ST03;ST10;ST12;ST19;ST29;ST07;ST28;ST13;ST22,,,Bottom-selling SKU (by observed volume); injected overstock + stale restock date.
SKU04470,SLOW_MOVER,ST14;ST12;ST17;ST13;ST30;ST08;ST10;ST02;ST19;ST07;ST24;ST29;ST25;ST21;ST06;ST20,,,Bottom-selling SKU (by observed volume); injected overstock + stale restock date.
SKU04194,SLOW_MOVER,ST29;ST06;ST27;ST21;ST09;ST14;ST05;ST22;ST24;ST16;ST12;ST02;ST07;ST10;ST30;ST25,,,Bottom-selling SKU (by observed volume); injected overstock + stale restock date.
SKU02014,SLOW_MOVER,ST27;ST23;ST01;ST29;ST30;ST03;ST14;ST04;ST25;ST24;ST02;ST13;ST09;ST17;ST26;ST15;ST12;ST08;ST28;ST19;ST16;ST10;ST20;ST07;ST21;ST18;ST11;ST05;ST06,,,Bottom-selling SKU (by observed volume); injected overstock + stale restock date.
SKU00906,SLOW_MOVER,ST08;ST07;ST12;ST22;ST06;ST19;ST27;ST21;ST11;ST18;ST16;ST05;ST03;ST10;ST17;ST26;ST15;ST25;ST30;ST20;ST01;ST14;ST09,,,Bottom-selling SKU (by observed volume); injected overstock + stale restock date.
SKU04607,SLOW_MOVER,ST23;ST04;ST02;ST08;ST10;ST29;ST15;ST19;ST16;ST09;ST01;ST11;ST17;ST12;ST27,,,Bottom-selling SKU (by observed volume); injected overstock + stale restock date.
SKU03291,SLOW_MOVER,ST30;ST16;ST29;ST03;ST14;ST20;ST18;ST25;ST05;ST28;ST23;ST02;ST06;ST11;ST01;ST04;ST09;ST24;ST21;ST27,,,Bottom-selling SKU (by observed volume); injected overstock + stale restock date.
SKU03058,SLOW_MOVER,ST25;ST05;ST19;ST03;ST21;ST20;ST08;ST10;ST24;ST12;ST14;ST17;ST02;ST26;ST07;ST16;ST01;ST28;ST29,,,Bottom-selling SKU (by observed volume); injected overstock + stale restock date.
SKU02376,SLOW_MOVER,ST18;ST25;ST05;ST21;ST09;ST23;ST20;ST11;ST08;ST15;ST24;ST19;ST10;ST01;ST04;ST17;ST16;ST28;ST27;ST14;ST02;ST30;ST29,,,Bottom-selling SKU (by observed volume); injected overstock + stale restock date.
SKU02221,SLOW_MOVER,ST14;ST30;ST28;ST01;ST10;ST04;ST06;ST26;ST03;ST11;ST21;ST16;ST13;ST23;ST17;ST22,,,Bottom-selling SKU (by observed volume); injected overstock + stale restock date.
SKU01645,SLOW_MOVER,ST13;ST05;ST12;ST19;ST30;ST29;ST18;ST27;ST24;ST08;ST11;ST17;ST26;ST21;ST16;ST09;ST04;ST02,,,Bottom-selling SKU (by observed volume); injected overstock + stale restock date.
SKU01167,SLOW_MOVER,ST14;ST17;ST01;ST03;ST25;ST08;ST30;ST02;ST28;ST11;ST20;ST09;ST07;ST21;ST27,,,Bottom-selling SKU (by observed volume); injected overstock + stale restock date.
SKU03043,SLOW_MOVER,ST02;ST06;ST10;ST22;ST27;ST09;ST19;ST29;ST03;ST11;ST08;ST12;ST14;ST04;ST18;ST13;ST01;ST30;ST17;ST05;ST20;ST15;ST26,,,Bottom-selling SKU (by observed volume); injected overstock + stale restock date.
SKU03642,SLOW_MOVER,ST29;ST01;ST03;ST22;ST30;ST17;ST15;ST02;ST25;ST05;ST23;ST28;ST27;ST08;ST11;ST21;ST13;ST24;ST10,,,Bottom-selling SKU (by observed volume); injected overstock + stale restock date.
SKU00551,SLOW_MOVER,ST01;ST18;ST21;ST20;ST19;ST29;ST16;ST17;ST13;ST27;ST04;ST14;ST23;ST06;ST30;ST03;ST09;ST07;ST12;ST08;ST15;ST25;ST28;ST22;ST11;ST10;ST26,,,Bottom-selling SKU (by observed volume); injected overstock + stale restock date.
SKU04443,SLOW_MOVER,ST25;ST19;ST29;ST02;ST17;ST21;ST23;ST09;ST01;ST15;ST11;ST30;ST03;ST28;ST20;ST12;ST08;ST10;ST04;ST27;ST05;ST22;ST16;ST13;ST07;ST26,,,Bottom-selling SKU (by observed volume); injected overstock + stale restock date.
SKU00986,SLOW_MOVER,ST29;ST14;ST24;ST19;ST28;ST13;ST21;ST17;ST15;ST25;ST27;ST04;ST03;ST23;ST18;ST26;ST02;ST16;ST06;ST20;ST09;ST10;ST12;ST05,,,Bottom-selling SKU (by observed volume); injected overstock + stale restock date.
SKU00401,SLOW_MOVER,ST26;ST18;ST16;ST29;ST08;ST02;ST12;ST25;ST21;ST24;ST23;ST19;ST15;ST13;ST14;ST28;ST20;ST04;ST30;ST11;ST17;ST27;ST05,,,Bottom-selling SKU (by observed volume); injected overstock + stale restock date.
SKU00631,SLOW_MOVER,ST24;ST09;ST26;ST06;ST20;ST12;ST07;ST29;ST08;ST30;ST01;ST05;ST17;ST25;ST14;ST18;ST23;ST16;ST03;ST04;ST28,,,Bottom-selling SKU (by observed volume); injected overstock + stale restock date.
SKU00584,SLOW_MOVER,ST01;ST18;ST06;ST08;ST28;ST20;ST30;ST03;ST02;ST25;ST12;ST17;ST15;ST16;ST27,,,Bottom-selling SKU (by observed volume); injected overstock + stale restock date.
SKU02520,SLOW_MOVER,ST12;ST14;ST23;ST26;ST06;ST10;ST07;ST05;ST15;ST21;ST27;ST01;ST16;ST09;ST24;ST18,,,Bottom-selling SKU (by observed volume); injected overstock + stale restock date.
SKU04849,SLOW_MOVER,ST10;ST05;ST12;ST19;ST21;ST30;ST27;ST22;ST28;ST03;ST04;ST18;ST23;ST09;ST15,,,Bottom-selling SKU (by observed volume); injected overstock + stale restock date.
SKU00550,SLOW_MOVER,ST01;ST06;ST27;ST16;ST20;ST15;ST08;ST13;ST17;ST29;ST02;ST19;ST11;ST25;ST18;ST21;ST03;ST04;ST26;ST07;ST28,,,Bottom-selling SKU (by observed volume); injected overstock + stale restock date.
SKU03621,SLOW_MOVER,ST05;ST24;ST30;ST27;ST15;ST17;ST08;ST04;ST14;ST28;ST26;ST25;ST03;ST12;ST07;ST29;ST20,,,Bottom-selling SKU (by observed volume); injected overstock + stale restock date.
SKU01906,SLOW_MOVER,ST19;ST08;ST24;ST20;ST14;ST13;ST28;ST21;ST17;ST11;ST22;ST16;ST10;ST27;ST09,,,Bottom-selling SKU (by observed volume); injected overstock + stale restock date.
SKU01915,SLOW_MOVER,ST23;ST21;ST04;ST14;ST27;ST22;ST01;ST03;ST29;ST08;ST02;ST10;ST07;ST26;ST18;ST30;ST06;ST11;ST05;ST24;ST13;ST25;ST09;ST12;ST19;ST15;ST20;ST28;ST16,,,Bottom-selling SKU (by observed volume); injected overstock + stale restock date.
SKU02038,SLOW_MOVER,ST12;ST13;ST07;ST30;ST27;ST20;ST03;ST14;ST05;ST21;ST10;ST29;ST16;ST06;ST08,,,Bottom-selling SKU (by observed volume); injected overstock + stale restock date.
SKU00419,SLOW_MOVER,ST14;ST29;ST21;ST20;ST08;ST02;ST22;ST26;ST04;ST03;ST28;ST18;ST13;ST09;ST15;ST17;ST30;ST23;ST19;ST25;ST10;ST12;ST07,,,Bottom-selling SKU (by observed volume); injected overstock + stale restock date.
SKU01133,SLOW_MOVER,ST06;ST24;ST18;ST28;ST12;ST03;ST04;ST19;ST22;ST14;ST10;ST15;ST20;ST01;ST16;ST30;ST09;ST07;ST02;ST13;ST11;ST23;ST26;ST29;ST17;ST05;ST27;ST08,,,Bottom-selling SKU (by observed volume); injected overstock + stale restock date.
SKU00501,SLOW_MOVER,ST02;ST22;ST26;ST23;ST10;ST16;ST01;ST07;ST28;ST19;ST14;ST24;ST08;ST20;ST18;ST17;ST13,,,Bottom-selling SKU (by observed volume); injected overstock + stale restock date.
SKU04919,SLOW_MOVER,ST11;ST03;ST10;ST12;ST23;ST19;ST17;ST02;ST14;ST22;ST09;ST15;ST01;ST25;ST20;ST07;ST28;ST21;ST27;ST06;ST04;ST08,,,Bottom-selling SKU (by observed volume); injected overstock + stale restock date.
SKU04261,SLOW_MOVER,ST24;ST21;ST23;ST08;ST16;ST03;ST05;ST27;ST14;ST17;ST12;ST07;ST20;ST30;ST19;ST10;ST02;ST01;ST13,,,Bottom-selling SKU (by observed volume); injected overstock + stale restock date.
SKU01337,SLOW_MOVER,ST22;ST28;ST25;ST29;ST04;ST21;ST18;ST05;ST11;ST02;ST06;ST15;ST12;ST09;ST26;ST30;ST16;ST14;ST03;ST10;ST17;ST13;ST07;ST24;ST19;ST23;ST01;ST27,,,Bottom-selling SKU (by observed volume); injected overstock + stale restock date.
SKU04152,SLOW_MOVER,ST24;ST27;ST01;ST16;ST25;ST11;ST05;ST03;ST18;ST12;ST30;ST02;ST13;ST21;ST06;ST17;ST23;ST08;ST15;ST26;ST28;ST10,,,Bottom-selling SKU (by observed volume); injected overstock + stale restock date.
SKU03773,SLOW_MOVER,ST13;ST29;ST15;ST25;ST04;ST20;ST28;ST26;ST06;ST30;ST05;ST23;ST12;ST09;ST17;ST03,,,Bottom-selling SKU (by observed volume); injected overstock + stale restock date.
SKU01191,SLOW_MOVER,ST06;ST05;ST24;ST16;ST10;ST26;ST18;ST15;ST07;ST01;ST21;ST28;ST14;ST13;ST02;ST03;ST19,,,Bottom-selling SKU (by observed volume); injected overstock + stale restock date.
SKU03950,SLOW_MOVER,ST30;ST24;ST16;ST09;ST23;ST22;ST26;ST20;ST19;ST05;ST15;ST12;ST28;ST14;ST01;ST29,,,Bottom-selling SKU (by observed volume); injected overstock + stale restock date.
SKU02408,SLOW_MOVER,ST13;ST19;ST04;ST18;ST20;ST12;ST16;ST06;ST08;ST07;ST02;ST01;ST03;ST21;ST14;ST11;ST09;ST27;ST30;ST05;ST22,,,Bottom-selling SKU (by observed volume); injected overstock + stale restock date.
SKU00699,SLOW_MOVER,ST30;ST14;ST03;ST28;ST27;ST16;ST21;ST01;ST08;ST07;ST18;ST15;ST12;ST26;ST24;ST04;ST09;ST25;ST20;ST29;ST02;ST06;ST23;ST10;ST13;ST22;ST11;ST05;ST17,,,Bottom-selling SKU (by observed volume); injected overstock + stale restock date.
SKU00972,SLOW_MOVER,ST18;ST21;ST13;ST02;ST14;ST23;ST28;ST29;ST24;ST22;ST19;ST04;ST30;ST10;ST07;ST12;ST08;ST06;ST11;ST03,,,Bottom-selling SKU (by observed volume); injected overstock + stale restock date.
SKU02700,SLOW_MOVER,ST07;ST19;ST29;ST09;ST16;ST12;ST20;ST03;ST24;ST18;ST02;ST10;ST15;ST06;ST13;ST17;ST30;ST22;ST04;ST14;ST25;ST21,,,Bottom-selling SKU (by observed volume); injected overstock + stale restock date.
SKU01031,SLOW_MOVER,ST18;ST22;ST15;ST27;ST19;ST02;ST26;ST24;ST20;ST09;ST25;ST07;ST05;ST17;ST28;ST10;ST01;ST29;ST12;ST13;ST04;ST11;ST06;ST14;ST08,,,Bottom-selling SKU (by observed volume); injected overstock + stale restock date.
SKU03624,SLOW_MOVER,ST06;ST20;ST13;ST10;ST09;ST02;ST27;ST03;ST30;ST25;ST14;ST23;ST11;ST24;ST28,,,Bottom-selling SKU (by observed volume); injected overstock + stale restock date.
SKU03286,SLOW_MOVER,ST23;ST26;ST10;ST27;ST18;ST02;ST21;ST16;ST28;ST25;ST07;ST05;ST15;ST01;ST03;ST12;ST17;ST04;ST24,,,Bottom-selling SKU (by observed volume); injected overstock + stale restock date.
SKU00855,SLOW_MOVER,ST09;ST23;ST30;ST02;ST15;ST19;ST22;ST11;ST12;ST28;ST25;ST17;ST08;ST29;ST27;ST26;ST05;ST03;ST21;ST06;ST18;ST20;ST10,,,Bottom-selling SKU (by observed volume); injected overstock + stale restock date.
SKU00262,SLOW_MOVER,ST28;ST21;ST14;ST27;ST02;ST17;ST16;ST03;ST20;ST19;ST04;ST18;ST26;ST22;ST06;ST23;ST30;ST25;ST01;ST05;ST12;ST10;ST11;ST09;ST13;ST07;ST08;ST29;ST15,,,Bottom-selling SKU (by observed volume); injected overstock + stale restock date.
SKU00645,SLOW_MOVER,ST04;ST02;ST12;ST11;ST08;ST28;ST19;ST21;ST07;ST15;ST14;ST06;ST09;ST30;ST05;ST01;ST16;ST17;ST20;ST26;ST03;ST24;ST18;ST22,,,Bottom-selling SKU (by observed volume); injected overstock + stale restock date.
SKU00466,SLOW_MOVER,ST13;ST14;ST26;ST19;ST11;ST04;ST28;ST30;ST03;ST21;ST05;ST29;ST17;ST02;ST24;ST12;ST08;ST25;ST27;ST01;ST20;ST18;ST16;ST15,,,Bottom-selling SKU (by observed volume); injected overstock + stale restock date.
SKU04561,SLOW_MOVER,ST18;ST12;ST01;ST13;ST25;ST03;ST27;ST07;ST06;ST19;ST28;ST30;ST22;ST17;ST10;ST02;ST05,,,Bottom-selling SKU (by observed volume); injected overstock + stale restock date.
SKU01063,SLOW_MOVER,ST07;ST14;ST12;ST02;ST17;ST22;ST03;ST29;ST20;ST01;ST30;ST11;ST24;ST25;ST18;ST09;ST28;ST21,,,Bottom-selling SKU (by observed volume); injected overstock + stale restock date.
SKU03089,SLOW_MOVER,ST19;ST24;ST15;ST11;ST20;ST03;ST13;ST02;ST16;ST25;ST18;ST07;ST10;ST27;ST08;ST21;ST30;ST26;ST06;ST09;ST04;ST14;ST22;ST23;ST12;ST17;ST01;ST28,,,Bottom-selling SKU (by observed volume); injected overstock + stale restock date.
SKU02351,SLOW_MOVER,ST13;ST24;ST25;ST30;ST28;ST06;ST27;ST18;ST19;ST01;ST12;ST14;ST16;ST21;ST10;ST11;ST17;ST04;ST29;ST03;ST22,,,Bottom-selling SKU (by observed volume); injected overstock + stale restock date.
SKU04102,SLOW_MOVER,ST20;ST28;ST07;ST08;ST27;ST14;ST16;ST03;ST30;ST17;ST05;ST18;ST06;ST23;ST01;ST13;ST25;ST15;ST29;ST04,,,Bottom-selling SKU (by observed volume); injected overstock + stale restock date.
SKU04222,SLOW_MOVER,ST29;ST09;ST28;ST11;ST06;ST14;ST08;ST13;ST22;ST01;ST17;ST12;ST20;ST25;ST03;ST10;ST24;ST30;ST15;ST23;ST18;ST02;ST16;ST07;ST05;ST04;ST21;ST26;ST27;ST19,,,Bottom-selling SKU (by observed volume); injected overstock + stale restock date.
SKU02075,SLOW_MOVER,ST21;ST26;ST03;ST29;ST10;ST04;ST14;ST22;ST06;ST08;ST11;ST23;ST12;ST25;ST24;ST20;ST17,,,Bottom-selling SKU (by observed volume); injected overstock + stale restock date.
SKU00954,SLOW_MOVER,ST03;ST26;ST14;ST28;ST15;ST18;ST25;ST11;ST04;ST12;ST10;ST02;ST22;ST05;ST19;ST29;ST13;ST23;ST06;ST21;ST09;ST08;ST07;ST16,,,Bottom-selling SKU (by observed volume); injected overstock + stale restock date.
SKU00936,SLOW_MOVER,ST03;ST23;ST22;ST15;ST16;ST27;ST17;ST08;ST18;ST01;ST30;ST13;ST29;ST06;ST24;ST28;ST07;ST26,,,Bottom-selling SKU (by observed volume); injected overstock + stale restock date.
SKU01766,SLOW_MOVER,ST29;ST03;ST10;ST13;ST06;ST24;ST14;ST30;ST09;ST28;ST27;ST15;ST21;ST02;ST18;ST08;ST22;ST11,,,Bottom-selling SKU (by observed volume); injected overstock + stale restock date.
SKU00546,SLOW_MOVER,ST01;ST18;ST05;ST04;ST10;ST27;ST16;ST24;ST19;ST14;ST25;ST21;ST23;ST26;ST15;ST12;ST20;ST22;ST29;ST17,,,Bottom-selling SKU (by observed volume); injected overstock + stale restock date.
SKU03491,SLOW_MOVER,ST08;ST18;ST19;ST28;ST25;ST02;ST29;ST04;ST26;ST03;ST09;ST06;ST16;ST13;ST05;ST23;ST30;ST11;ST20;ST12;ST17;ST14;ST22,,,Bottom-selling SKU (by observed volume); injected overstock + stale restock date.
SKU01187,SLOW_MOVER,ST21;ST06;ST16;ST10;ST04;ST15;ST08;ST03;ST07;ST26;ST29;ST09;ST27;ST14;ST05;ST18;ST11,,,Bottom-selling SKU (by observed volume); injected overstock + stale restock date.
SKU00507,SLOW_MOVER,ST15;ST02;ST12;ST11;ST23;ST03;ST30;ST01;ST17;ST29;ST22;ST07;ST28;ST06;ST20;ST24;ST14;ST21;ST13;ST26;ST04;ST09;ST16;ST08;ST27;ST25;ST05;ST10;ST18;ST19,,,Bottom-selling SKU (by observed volume); injected overstock + stale restock date.
SKU03583,SLOW_MOVER,ST27;ST28;ST25;ST16;ST01;ST11;ST05;ST26;ST08;ST17;ST15;ST12;ST04;ST09;ST21;ST29;ST22;ST07,,,Bottom-selling SKU (by observed volume); injected overstock + stale restock date.
SKU04442,SLOW_MOVER,ST20;ST12;ST04;ST14;ST15;ST05;ST13;ST16;ST19;ST26;ST17;ST08;ST22;ST27;ST11;ST06;ST02;ST29;ST21;ST30;ST07;ST01;ST09;ST10;ST18;ST24,,,Bottom-selling SKU (by observed volume); injected overstock + stale restock date.
SKU04987,SLOW_MOVER,ST14;ST16;ST08;ST30;ST24;ST04;ST25;ST07;ST11;ST12;ST19;ST23;ST17;ST06;ST13;ST26;ST27,,,Bottom-selling SKU (by observed volume); injected overstock + stale restock date.
SKU02871,SLOW_MOVER,ST16;ST13;ST26;ST12;ST18;ST11;ST25;ST22;ST24;ST21;ST29;ST01;ST15;ST08;ST28;ST20;ST05;ST17;ST30;ST02;ST09,,,Bottom-selling SKU (by observed volume); injected overstock + stale restock date.
SKU04505,SLOW_MOVER,ST28;ST22;ST14;ST18;ST29;ST11;ST12;ST27;ST13;ST05;ST30;ST07;ST03;ST04;ST09;ST26;ST02;ST10;ST08;ST06;ST23;ST01,,,Bottom-selling SKU (by observed volume); injected overstock + stale restock date.
SKU04250,SLOW_MOVER,ST28;ST10;ST06;ST02;ST09;ST24;ST05;ST30;ST16;ST08;ST14;ST22;ST15;ST11;ST04;ST21;ST03;ST13;ST27,,,Bottom-selling SKU (by observed volume); injected overstock + stale restock date.
SKU01287,SLOW_MOVER,ST25;ST04;ST28;ST29;ST08;ST22;ST18;ST21;ST19;ST20;ST30;ST27;ST26;ST09;ST12;ST13;ST02;ST03;ST01;ST24;ST14;ST06;ST05;ST16;ST07;ST23;ST10;ST11;ST15,,,Bottom-selling SKU (by observed volume); injected overstock + stale restock date.
SKU03251,SLOW_MOVER,ST07;ST22;ST11;ST13;ST04;ST27;ST05;ST21;ST28;ST25;ST26;ST19;ST03;ST02;ST16;ST10;ST17;ST18;ST09;ST24;ST14;ST15;ST12;ST06;ST08;ST29;ST20;ST30,,,Bottom-selling SKU (by observed volume); injected overstock + stale restock date.
SKU03150,SLOW_MOVER,ST12;ST09;ST22;ST08;ST21;ST06;ST26;ST16;ST02;ST29;ST10;ST20;ST28;ST14;ST27;ST25;ST24;ST11;ST18;ST17;ST19;ST03;ST15;ST07;ST01;ST30;ST13;ST05;ST23,,,Bottom-selling SKU (by observed volume); injected overstock + stale restock date.
SKU04902,SLOW_MOVER,ST10;ST13;ST17;ST04;ST30;ST16;ST07;ST12;ST26;ST19;ST11;ST22;ST15;ST21;ST23,,,Bottom-selling SKU (by observed volume); injected overstock + stale restock date.
SKU00649,SLOW_MOVER,ST08;ST12;ST22;ST05;ST14;ST23;ST30;ST26;ST20;ST25;ST13;ST29;ST01;ST16;ST03;ST24;ST28;ST09,,,Bottom-selling SKU (by observed volume); injected overstock + stale restock date.
SKU04142,SLOW_MOVER,ST23;ST25;ST28;ST17;ST10;ST22;ST14;ST13;ST29;ST11;ST27;ST26;ST18;ST12;ST03;ST16;ST30;ST19;ST01;ST08;ST09;ST21;ST02;ST20;ST07,,,Bottom-selling SKU (by observed volume); injected overstock + stale restock date.
SKU00532,SLOW_MOVER,ST22;ST28;ST24;ST30;ST13;ST07;ST08;ST04;ST05;ST06;ST26;ST29;ST10;ST14;ST20;ST21;ST01;ST09;ST15;ST02;ST11;ST12;ST19;ST18;ST25;ST03,,,Bottom-selling SKU (by observed volume); injected overstock + stale restock date.
SKU02999,SLOW_MOVER,ST27;ST30;ST19;ST22;ST14;ST04;ST03;ST02;ST25;ST01;ST12;ST29;ST28;ST10;ST18;ST24;ST11;ST15;ST07;ST13;ST16;ST26;ST05;ST21;ST23;ST20;ST08,,,Bottom-selling SKU (by observed volume); injected overstock + stale restock date.
SKU04768,SLOW_MOVER,ST02;ST25;ST27;ST03;ST23;ST21;ST30;ST18;ST29;ST05;ST26;ST14;ST22;ST11;ST12;ST17;ST08;ST13;ST24;ST06;ST09;ST15;ST28;ST16,,,Bottom-selling SKU (by observed volume); injected overstock + stale restock date.
SKU04996,SLOW_MOVER,ST15;ST29;ST03;ST18;ST13;ST08;ST28;ST17;ST16;ST06;ST09;ST21;ST01;ST14;ST12;ST23;ST19;ST10;ST04;ST22;ST02;ST24,,,Bottom-selling SKU (by observed volume); injected overstock + stale restock date.
SKU04073,SLOW_MOVER,ST25;ST13;ST28;ST07;ST18;ST23;ST09;ST05;ST22;ST21;ST11;ST27;ST26;ST12;ST20;ST04;ST29;ST06;ST30;ST17;ST03;ST10;ST16;ST08;ST15;ST02,,,Bottom-selling SKU (by observed volume); injected overstock + stale restock date.
SKU04636,SLOW_MOVER,ST15;ST07;ST08;ST26;ST30;ST06;ST03;ST14;ST22;ST19;ST16;ST12;ST10;ST04;ST05;ST23;ST13;ST17;ST20;ST29;ST21;ST11,,,Bottom-selling SKU (by observed volume); injected overstock + stale restock date.
SKU04757,SLOW_MOVER,ST06;ST11;ST07;ST15;ST08;ST09;ST02;ST18;ST26;ST03;ST28;ST16;ST12;ST10;ST24;ST19;ST29;ST25;ST14;ST20;ST05;ST23;ST27;ST22,,,Bottom-selling SKU (by observed volume); injected overstock + stale restock date.
SKU03864,SLOW_MOVER,ST09;ST24;ST26;ST15;ST22;ST12;ST16;ST18;ST28;ST02;ST23;ST21;ST04;ST20;ST03;ST10;ST25;ST14;ST01;ST08;ST13;ST27;ST30,,,Bottom-selling SKU (by observed volume); injected overstock + stale restock date.
SKU02794,SLOW_MOVER,ST12;ST08;ST24;ST16;ST27;ST25;ST14;ST11;ST04;ST03;ST28;ST29;ST30;ST10;ST13;ST23;ST02;ST07;ST26;ST01;ST17;ST19;ST20;ST06;ST21;ST22;ST09;ST05,,,Bottom-selling SKU (by observed volume); injected overstock + stale restock date.
SKU04526,SLOW_MOVER,ST15;ST02;ST06;ST11;ST04;ST29;ST18;ST20;ST05;ST03;ST09;ST27;ST10;ST25;ST26;ST13;ST24;ST28;ST22;ST14;ST08,,,Bottom-selling SKU (by observed volume); injected overstock + stale restock date.
SKU01754,SLOW_MOVER,ST12;ST26;ST25;ST24;ST07;ST09;ST04;ST23;ST28;ST13;ST17;ST15;ST21;ST08;ST11;ST10,,,Bottom-selling SKU (by observed volume); injected overstock + stale restock date.
SKU03105,SLOW_MOVER,ST11;ST12;ST10;ST19;ST28;ST02;ST07;ST21;ST29;ST03;ST18;ST17;ST08;ST09;ST22;ST20;ST13;ST01;ST30;ST14,,,Bottom-selling SKU (by observed volume); injected overstock + stale restock date.
SKU01911,SLOW_MOVER,ST04;ST30;ST12;ST22;ST18;ST11;ST15;ST07;ST23;ST06;ST21;ST17;ST29;ST26;ST02;ST13;ST10;ST08;ST09;ST24;ST27;ST05;ST16;ST28;ST25;ST20;ST14;ST03,,,Bottom-selling SKU (by observed volume); injected overstock + stale restock date.
SKU02877,SLOW_MOVER,ST04;ST12;ST08;ST07;ST01;ST27;ST14;ST23;ST28;ST21;ST05;ST30;ST20;ST13;ST09;ST26;ST06;ST22;ST25;ST10;ST03;ST15;ST24,,,Bottom-selling SKU (by observed volume); injected overstock + stale restock date.
SKU02576,SLOW_MOVER,ST17;ST14;ST18;ST04;ST29;ST09;ST27;ST30;ST23;ST08;ST16;ST12;ST11;ST21;ST26;ST25;ST01;ST06,,,Bottom-selling SKU (by observed volume); injected overstock + stale restock date.
SKU03823,SLOW_MOVER,ST19;ST21;ST28;ST04;ST17;ST14;ST09;ST24;ST22;ST27;ST11;ST08;ST25;ST07;ST13;ST20;ST10;ST16;ST12;ST01;ST26,,,Bottom-selling SKU (by observed volume); injected overstock + stale restock date.
SKU04856,SLOW_MOVER,ST27;ST16;ST12;ST06;ST04;ST08;ST14;ST13;ST02;ST05;ST19;ST03;ST28;ST21;ST24;ST11;ST29;ST15;ST01;ST20;ST10;ST25,,,Bottom-selling SKU (by observed volume); injected overstock + stale restock date.
SKU00749,SLOW_MOVER,ST15;ST24;ST13;ST11;ST18;ST17;ST16;ST12;ST10;ST20;ST26;ST19;ST14;ST04;ST08;ST25;ST05;ST23,,,Bottom-selling SKU (by observed volume); injected overstock + stale restock date.
SKU03968,SLOW_MOVER,ST09;ST08;ST17;ST04;ST15;ST22;ST29;ST28;ST25;ST26;ST13;ST20;ST16;ST01;ST24;ST03;ST11;ST18;ST23;ST14;ST06;ST10;ST27,,,Bottom-selling SKU (by observed volume); injected overstock + stale restock date.
SKU02570,SLOW_MOVER,ST22;ST09;ST18;ST30;ST26;ST28;ST01;ST06;ST05;ST04;ST03;ST23;ST20;ST07;ST19;ST16;ST29;ST11;ST25;ST08;ST17;ST02;ST13;ST14;ST15;ST27;ST21;ST24;ST10;ST12,,,Bottom-selling SKU (by observed volume); injected overstock + stale restock date.
SKU02662,SLOW_MOVER,ST08;ST10;ST02;ST12;ST19;ST03;ST28;ST07;ST20;ST15;ST24;ST11;ST22;ST26;ST06;ST23;ST09;ST14;ST04;ST18;ST05;ST01;ST13;ST29,,,Bottom-selling SKU (by observed volume); injected overstock + stale restock date.
SKU04693,SLOW_MOVER,ST21;ST26;ST09;ST18;ST24;ST20;ST04;ST12;ST03;ST22;ST30;ST29;ST13;ST25;ST14;ST10,,,Bottom-selling SKU (by observed volume); injected overstock + stale restock date.
SKU01863,SLOW_MOVER,ST09;ST19;ST26;ST22;ST02;ST18;ST21;ST24;ST15;ST28;ST12;ST27;ST01;ST06;ST16;ST07,,,Bottom-selling SKU (by observed volume); injected overstock + stale restock date.
