date,sku_id,store_id,actual_units_sold,predicted_units_sold,forecast_error,absolute_error
2025-09-16,SKU00001,ST01,0.0,0.0,0.0,0.0
2025-09-16,SKU00196,ST01,11.0,11.033704761904762,-0.03370476190476168,0.03370476190476168
2025-09-16,SKU01501,ST01,0.0,0.0,0.0,0.0
2025-09-16,SKU02440,ST01,21.0,20.850914285714282,0.14908571428571804,0.14908571428571804
2025-09-16,SKU01244,ST02,6.0,6.035466666666667,-0.0354666666666672,0.0354666666666672
2025-09-16,SKU01305,ST02,19.0,19.017333333333333,-0.0173333333333332,0.0173333333333332
2025-09-16,SKU02073,ST02,0.0,0.0,0.0,0.0
2025-09-16,SKU03347,ST02,5.0,5.102333333333333,-0.10233333333333317,0.10233333333333317
2025-09-16,SKU01180,ST03,0.0,0.0,0.0,0.0
2025-09-16,SKU02292,ST03,0.0,0.0,0.0,0.0
2025-09-16,SKU02719,ST03,0.0,0.0,0.0,0.0
2025-09-16,SKU03139,ST03,2.0,2.128,-0.1280000000000001,0.1280000000000001
2025-09-16,SKU03177,ST03,0.0,0.0,0.0,0.0
2025-09-16,SKU03576,ST03,0.0,0.0,0.0,0.0
2025-09-16,SKU03872,ST04,0.0,0.0,0.0,0.0
2025-09-16,SKU00214,ST05,0.0,0.0,0.0,0.0
2025-09-16,SKU00483,ST05,0.0,0.0,0.0,0.0
2025-09-16,SKU00916,ST05,6.0,6.110133333333332,-0.11013333333333186,0.11013333333333186
2025-09-16,SKU01519,ST05,0.0,0.0,0.0,0.0
2025-09-16,SKU02090,ST05,0.0,0.0,0.0,0.0
2025-09-16,SKU03595,ST05,0.0,0.0,0.0,0.0
2025-09-16,SKU00949,ST06,0.0,0.0,0.0,0.0
2025-09-16,SKU02790,ST06,0.0,0.0,0.0,0.0
2025-09-16,SKU03015,ST06,0.0,0.0,0.0,0.0
2025-09-16,SKU04313,ST06,0.0,0.0,0.0,0.0
2025-09-16,SKU01539,ST07,8.0,8.010466666666668,-0.010466666666667734,0.010466666666667734
2025-09-16,SKU01677,ST07,6.0,6.047266666666668,-0.04726666666666812,0.04726666666666812
2025-09-16,SKU01702,ST07,0.0,0.0,0.0,0.0
2025-09-16,SKU03116,ST07,0.0,0.0,0.0,0.0
2025-09-16,SKU00843,ST08,0.0,0.0,0.0,0.0
2025-09-16,SKU01791,ST08,0.0,0.0,0.0,0.0
2025-09-16,SKU04503,ST08,0.0,0.0,0.0,0.0
2025-09-16,SKU04536,ST08,23.0,22.44405238095238,0.5559476190476182,0.5559476190476182
2025-09-16,SKU03951,ST09,9.0,8.436663492063493,0.5633365079365067,0.5633365079365067
2025-09-16,SKU01058,ST10,0.0,0.0,0.0,0.0
2025-09-16,SKU01393,ST10,6.0,6.051999999999999,-0.051999999999998714,0.051999999999998714
2025-09-16,SKU04167,ST10,0.0,0.0,0.0,0.0
2025-09-16,SKU04450,ST10,4.0,3.9983333333333335,0.0016666666666664831,0.0016666666666664831
2025-09-16,SKU00734,ST11,0.0,0.0,0.0,0.0
2025-09-16,SKU01116,ST11,2.0,2.001,-0.0009999999999998899,0.0009999999999998899
2025-09-16,SKU02159,ST11,17.0,17.009666666666668,-0.009666666666667822,0.009666666666667822
2025-09-16,SKU02580,ST11,11.0,10.852933333333334,0.14706666666666557,0.14706666666666557
2025-09-16,SKU03563,ST11,3.0,2.987,0.0129999999999999,0.0129999999999999
2025-09-16,SKU04879,ST11,0.0,0.0,0.0,0.0
2025-09-16,SKU01052,ST12,15.0,15.109266666666667,-0.10926666666666662,0.10926666666666662
2025-09-16,SKU01506,ST12,0.0,0.0,0.0,0.0
2025-09-16,SKU04606,ST12,0.0,0.0,0.0,0.0
2025-09-16,SKU03696,ST13,0.0,0.0,0.0,0.0
2025-09-16,SKU04190,ST13,0.0,0.0,0.0,0.0
2025-09-16,SKU04322,ST13,0.0,0.0,0.0,0.0
2025-09-16,SKU04453,ST13,0.0,0.0,0.0,0.0
2025-09-16,SKU03039,ST14,2.0,2.003,-0.0030000000000001137,0.0030000000000001137
2025-09-16,SKU01180,ST16,0.0,0.0,0.0,0.0
2025-09-16,SKU01382,ST16,0.0,0.0,0.0,0.0
2025-09-16,SKU03962,ST16,0.0,0.0,0.0,0.0
2025-09-16,SKU02556,ST17,20.0,17.0281380952381,2.9718619047619015,2.9718619047619015
2025-09-16,SKU04668,ST17,12.0,12.151228571428572,-0.1512285714285717,0.1512285714285717
2025-09-16,SKU04807,ST17,0.0,0.0,0.0,0.0
2025-09-16,SKU00966,ST18,0.0,0.0,0.0,0.0
2025-09-16,SKU01662,ST18,5.0,5.024666666666667,-0.024666666666666615,0.024666666666666615
2025-09-16,SKU03690,ST18,0.0,0.0,0.0,0.0
2025-09-16,SKU04746,ST18,0.0,0.0,0.0,0.0
2025-09-16,SKU04969,ST18,0.0,0.0,0.0,0.0
2025-09-16,SKU00537,ST19,15.0,15.1578,-0.15779999999999994,0.15779999999999994
2025-09-16,SKU02433,ST19,18.0,18.088438095238097,-0.08843809523809654,0.08843809523809654
2025-09-16,SKU03938,ST19,6.0,6.023711111111112,-0.023711111111111904,0.023711111111111904
2025-09-16,SKU00293,ST20,0.0,0.0,0.0,0.0
2025-09-16,SKU01882,ST20,12.0,12.026866666666667,-0.026866666666666816,0.026866666666666816
2025-09-16,SKU04547,ST20,46.0,39.17917460317462,6.820825396825377,6.820825396825377
2025-09-16,SKU02571,ST21,0.0,0.0,0.0,0.0
2025-09-16,SKU02665,ST21,7.0,7.007,-0.006999999999999673,0.006999999999999673
2025-09-16,SKU03006,ST21,0.0,0.0,0.0,0.0
2025-09-16,SKU04356,ST21,0.0,0.0,0.0,0.0
2025-09-16,SKU00516,ST22,4.0,4.037933333333334,-0.03793333333333404,0.03793333333333404
2025-09-16,SKU01944,ST22,0.0,0.0,0.0,0.0
2025-09-16,SKU02450,ST22,0.0,0.0,0.0,0.0
2025-09-16,SKU03055,ST22,0.0,0.0,0.0,0.0
2025-09-16,SKU00894,ST23,14.0,14.013666666666664,-0.01366666666666383,0.01366666666666383
2025-09-16,SKU02828,ST23,0.0,0.0,0.0,0.0
2025-09-16,SKU03884,ST23,13.0,12.849400000000001,0.15059999999999896,0.15059999999999896
2025-09-16,SKU04241,ST23,9.0,9.106666666666667,-0.10666666666666735,0.10666666666666735
2025-09-16,SKU04413,ST23,0.0,0.0,0.0,0.0
2025-09-16,SKU00076,ST24,17.0,16.971,0.028999999999999915,0.028999999999999915
2025-09-16,SKU00769,ST24,14.0,13.349561904761906,0.6504380952380941,0.6504380952380941
2025-09-16,SKU01655,ST24,0.0,0.0,0.0,0.0
2025-09-16,SKU04855,ST24,0.0,0.0,0.0,0.0
2025-09-16,SKU00258,ST25,0.0,0.0,0.0,0.0
2025-09-16,SKU00530,ST25,0.0,0.0,0.0,0.0
2025-09-16,SKU00552,ST25,10.0,9.932000000000002,0.06799999999999784,0.06799999999999784
2025-09-16,SKU01023,ST25,0.0,0.0,0.0,0.0
2025-09-16,SKU02550,ST25,13.0,12.912333333333335,0.08766666666666545,0.08766666666666545
2025-09-16,SKU03943,ST25,3.0,3.007,-0.007000000000000117,0.007000000000000117
2025-09-16,SKU04445,ST25,2.0,2.103,-0.1030000000000002,0.1030000000000002
2025-09-16,SKU04947,ST25,1.0,1.0,0.0,0.0
2025-09-16,SKU01695,ST26,0.0,0.0,0.0,0.0
2025-09-16,SKU04643,ST26,0.0,0.0,0.0,0.0
2025-09-16,SKU00907,ST27,0.0,0.0,0.0,0.0
2025-09-16,SKU01800,ST27,6.0,6.173666666666667,-0.17366666666666664,0.17366666666666664
2025-09-16,SKU04166,ST27,0.0,0.0,0.0,0.0
2025-09-16,SKU04393,ST27,0.0,0.0,0.0,0.0
2025-09-16,SKU04461,ST27,5.0,5.1162,-0.11620000000000008,0.11620000000000008
2025-09-16,SKU04493,ST27,0.0,0.0,0.0,0.0
2025-09-16,SKU01011,ST28,0.0,0.0,0.0,0.0
2025-09-16,SKU02445,ST28,13.0,12.962333333333332,0.03766666666666829,0.03766666666666829
2025-09-16,SKU02593,ST28,0.0,0.0,0.0,0.0
2025-09-16,SKU03055,ST28,17.0,16.8764,0.12359999999999971,0.12359999999999971
2025-09-16,SKU03402,ST28,26.0,25.661657142857145,0.3383428571428553,0.3383428571428553
2025-09-16,SKU03911,ST28,0.0,0.0,0.0,0.0
2025-09-16,SKU00274,ST29,0.0,0.0,0.0,0.0
2025-09-16,SKU01210,ST29,0.0,0.0,0.0,0.0
2025-09-16,SKU02763,ST29,0.0,0.0,0.0,0.0
2025-09-16,SKU04221,ST29,12.0,11.865999999999998,0.13400000000000212,0.13400000000000212
2025-09-16,SKU00084,ST30,5.0,5.260266666666666,-0.2602666666666664,0.2602666666666664
2025-09-16,SKU01951,ST30,16.0,16.061733333333333,-0.06173333333333275,0.06173333333333275
2025-09-16,SKU02790,ST30,0.0,0.0,0.0,0.0
2025-09-16,SKU04842,ST30,12.0,11.9878,0.012199999999999989,0.012199999999999989
2025-09-17,SKU00001,ST01,0.0,0.0,0.0,0.0
2025-09-17,SKU01501,ST01,0.0,0.0,0.0,0.0
2025-09-17,SKU01537,ST01,14.0,14.046380952380952,-0.04638095238095197,0.04638095238095197
2025-09-17,SKU03207,ST01,10.0,9.309563492063491,0.6904365079365089,0.6904365079365089
2025-09-17,SKU01403,ST02,4.0,4.021199999999999,-0.02119999999999944,0.02119999999999944
2025-09-17,SKU02073,ST02,0.0,0.0,0.0,0.0
2025-09-17,SKU01180,ST03,0.0,0.0,0.0,0.0
2025-09-17,SKU02292,ST03,0.0,0.0,0.0,0.0
2025-09-17,SKU02719,ST03,0.0,0.0,0.0,0.0
2025-09-17,SKU02892,ST03,8.0,8.006933333333333,-0.00693333333333257,0.00693333333333257
2025-09-17,SKU03177,ST03,0.0,0.0,0.0,0.0
2025-09-17,SKU03576,ST03,0.0,0.0,0.0,0.0
2025-09-17,SKU03869,ST04,4.0,2.799073015873016,1.2009269841269838,1.2009269841269838
2025-09-17,SKU03872,ST04,0.0,0.0,0.0,0.0
2025-09-17,SKU00214,ST05,0.0,0.0,0.0,0.0
2025-09-17,SKU00483,ST05,0.0,0.0,0.0,0.0
2025-09-17,SKU01519,ST05,0.0,0.0,0.0,0.0
2025-09-17,SKU03595,ST05,0.0,0.0,0.0,0.0
2025-09-17,SKU00949,ST06,0.0,0.0,0.0,0.0
2025-09-17,SKU02790,ST06,0.0,0.0,0.0,0.0
2025-09-17,SKU03015,ST06,0.0,0.0,0.0,0.0
2025-09-17,SKU04313,ST06,0.0,0.0,0.0,0.0
2025-09-17,SKU01675,ST07,7.0,7.099066666666667,-0.0990666666666673,0.0990666666666673
2025-09-17,SKU01702,ST07,0.0,0.0,0.0,0.0
2025-09-17,SKU03116,ST07,0.0,0.0,0.0,0.0
2025-09-17,SKU03490,ST07,4.0,4.7383285714285694,-0.7383285714285694,0.7383285714285694
2025-09-17,SKU00843,ST08,0.0,0.0,0.0,0.0
2025-09-17,SKU01791,ST08,0.0,0.0,0.0,0.0
2025-09-17,SKU04503,ST08,0.0,0.0,0.0,0.0
2025-09-17,SKU01058,ST10,0.0,0.0,0.0,0.0
2025-09-17,SKU04167,ST10,0.0,0.0,0.0,0.0
2025-09-17,SKU00022,ST11,10.0,10.048,-0.04800000000000004,0.04800000000000004
2025-09-17,SKU00734,ST11,0.0,0.0,0.0,0.0
2025-09-17,SKU04879,ST11,0.0,0.0,0.0,0.0
2025-09-17,SKU01506,ST12,0.0,0.0,0.0,0.0
2025-09-17,SKU01735,ST12,3.0,3.004,-0.0040000000000000036,0.0040000000000000036
2025-09-17,SKU04606,ST12,0.0,0.0,0.0,0.0
2025-09-17,SKU03696,ST13,0.0,0.0,0.0,0.0
2025-09-17,SKU04190,ST13,0.0,0.0,0.0,0.0
2025-09-17,SKU04322,ST13,0.0,0.0,0.0,0.0
2025-09-17,SKU04453,ST13,0.0,0.0,0.0,0.0
2025-09-17,SKU04680,ST13,9.0,9.023428571428573,-0.02342857142857291,0.02342857142857291
2025-09-17,SKU00715,ST14,16.0,15.994,0.006000000000000227,0.006000000000000227
2025-09-17,SKU01412,ST14,4.0,3.9993333333333334,0.0006666666666665932,0.0006666666666665932
2025-09-17,SKU01712,ST14,20.0,19.005965079365076,0.9940349206349239,0.9940349206349239
2025-09-17,SKU00415,ST16,17.0,17.065638095238096,-0.06563809523809638,0.06563809523809638
2025-09-17,SKU00846,ST16,7.0,7.034799999999999,-0.03479999999999883,0.03479999999999883
2025-09-17,SKU01180,ST16,0.0,0.0,0.0,0.0
2025-09-17,SKU01382,ST16,0.0,0.0,0.0,0.0
2025-09-17,SKU03962,ST16,0.0,0.0,0.0,0.0
2025-09-17,SKU04078,ST16,3.0,2.9964,0.0036000000000000476,0.0036000000000000476
2025-09-17,SKU03504,ST17,19.0,19.030942857142858,-0.030942857142857605,0.030942857142857605
2025-09-17,SKU04807,ST17,0.0,0.0,0.0,0.0
2025-09-17,SKU00966,ST18,0.0,0.0,0.0,0.0
2025-09-17,SKU03690,ST18,0.0,0.0,0.0,0.0
2025-09-17,SKU04746,ST18,0.0,0.0,0.0,0.0
2025-09-17,SKU04969,ST18,0.0,0.0,0.0,0.0
2025-09-17,SKU01617,ST19,9.0,8.996533333333334,0.003466666666666285,0.003466666666666285
2025-09-17,SKU00293,ST20,0.0,0.0,0.0,0.0
2025-09-17,SKU01176,ST20,16.0,15.955095238095241,0.04490476190475867,0.04490476190475867
2025-09-17,SKU01769,ST20,43.0,42.54197936507936,0.4580206349206435,0.4580206349206435
2025-09-17,SKU00719,ST21,25.0,23.8398507936508,1.1601492063491996,1.1601492063491996
2025-09-17,SKU02571,ST21,0.0,0.0,0.0,0.0
2025-09-17,SKU03006,ST21,0.0,0.0,0.0,0.0
2025-09-17,SKU03869,ST21,6.0,5.944980952380951,0.055019047619048855,0.055019047619048855
2025-09-17,SKU04356,ST21,0.0,0.0,0.0,0.0
2025-09-17,SKU01944,ST22,0.0,0.0,0.0,0.0
2025-09-17,SKU02383,ST22,24.0,24.891715873015876,-0.8917158730158761,0.8917158730158761
2025-09-17,SKU02450,ST22,0.0,0.0,0.0,0.0
2025-09-17,SKU03047,ST22,37.0,37.771890476190464,-0.7718904761904639,0.7718904761904639
2025-09-17,SKU03055,ST22,0.0,0.0,0.0,0.0
2025-09-17,SKU02679,ST23,46.0,44.158076190476194,1.8419238095238057,1.8419238095238057
2025-09-17,SKU02828,ST23,0.0,0.0,0.0,0.0
2025-09-17,SKU03516,ST23,2.0,2.0464,-0.04640000000000022,0.04640000000000022
2025-09-17,SKU04413,ST23,0.0,0.0,0.0,0.0
2025-09-17,SKU00052,ST24,13.0,13.06133333333333,-0.06133333333333013,0.06133333333333013
2025-09-17,SKU01655,ST24,0.0,0.0,0.0,0.0
2025-09-17,SKU02281,ST24,21.0,20.9827126984127,0.017287301587298742,0.017287301587298742
2025-09-17,SKU04855,ST24,0.0,0.0,0.0,0.0
2025-09-17,SKU00258,ST25,0.0,0.0,0.0,0.0
2025-09-17,SKU00530,ST25,0.0,0.0,0.0,0.0
2025-09-17,SKU01023,ST25,0.0,0.0,0.0,0.0
2025-09-17,SKU01695,ST26,0.0,0.0,0.0,0.0
2025-09-17,SKU01961,ST26,16.0,16.087866666666667,-0.08786666666666676,0.08786666666666676
2025-09-17,SKU04049,ST26,6.0,6.140066666666667,-0.14006666666666678,0.14006666666666678
2025-09-17,SKU04643,ST26,0.0,0.0,0.0,0.0
2025-09-17,SKU00907,ST27,0.0,0.0,0.0,0.0
2025-09-17,SKU04166,ST27,0.0,0.0,0.0,0.0
2025-09-17,SKU04393,ST27,0.0,0.0,0.0,0.0
2025-09-17,SKU04493,ST27,0.0,0.0,0.0,0.0
2025-09-17,SKU01011,ST28,0.0,0.0,0.0,0.0
2025-09-17,SKU01377,ST28,10.0,10.102933333333334,-0.10293333333333443,0.10293333333333443
2025-09-17,SKU02593,ST28,0.0,0.0,0.0,0.0
2025-09-17,SKU03170,ST28,8.0,8.011333333333333,-0.011333333333332973,0.011333333333332973
2025-09-17,SKU03911,ST28,0.0,0.0,0.0,0.0
2025-09-17,SKU00274,ST29,0.0,0.0,0.0,0.0
2025-09-17,SKU01210,ST29,0.0,0.0,0.0,0.0
2025-09-17,SKU02763,ST29,0.0,0.0,0.0,0.0
2025-09-17,SKU03098,ST29,11.0,10.840666666666667,0.15933333333333266,0.15933333333333266
2025-09-17,SKU02790,ST30,0.0,0.0,0.0,0.0
2025-09-18,SKU00001,ST01,0.0,0.0,0.0,0.0
2025-09-18,SKU00827,ST01,12.0,12.119361904761904,-0.11936190476190411,0.11936190476190411
2025-09-18,SKU01501,ST01,0.0,0.0,0.0,0.0
2025-09-18,SKU02073,ST02,0.0,0.0,0.0,0.0
2025-09-18,SKU00616,ST03,12.0,12.0092,-0.009199999999999875,0.009199999999999875
2025-09-18,SKU01180,ST03,0.0,0.0,0.0,0.0
2025-09-18,SKU01552,ST03,10.0,10.0204,-0.020400000000000418,0.020400000000000418
2025-09-18,SKU02292,ST03,0.0,0.0,0.0,0.0
2025-09-18,SKU02719,ST03,0.0,0.0,0.0,0.0
2025-09-18,SKU03177,ST03,0.0,0.0,0.0,0.0
2025-09-18,SKU03576,ST03,0.0,0.0,0.0,0.0
2025-09-18,SKU03688,ST03,3.0,2.975,0.02499999999999991,0.02499999999999991
2025-09-18,SKU03872,ST04,0.0,0.0,0.0,0.0
2025-09-18,SKU00214,ST05,0.0,0.0,0.0,0.0
2025-09-18,SKU00483,ST05,0.0,0.0,0.0,0.0
2025-09-18,SKU01519,ST05,0.0,0.0,0.0,0.0
2025-09-18,SKU03595,ST05,0.0,0.0,0.0,0.0
2025-09-18,SKU04583,ST05,18.0,18.106461904761904,-0.10646190476190398,0.10646190476190398
2025-09-18,SKU00949,ST06,0.0,0.0,0.0,0.0
2025-09-18,SKU02790,ST06,0.0,0.0,0.0,0.0
2025-09-18,SKU03015,ST06,0.0,0.0,0.0,0.0
2025-09-18,SKU04313,ST06,0.0,0.0,0.0,0.0
2025-09-18,SKU00516,ST07,20.0,20.043676190476184,-0.04367619047618376,0.04367619047618376
2025-09-18,SKU00926,ST07,38.0,39.61149206349208,-1.6114920634920793,1.6114920634920793
2025-09-18,SKU00941,ST07,10.0,10.008333333333335,-0.008333333333334636,0.008333333333334636
2025-09-18,SKU01675,ST07,0.0,0.0,0.0,0.0
2025-09-18,SKU01702,ST07,0.0,0.0,0.0,0.0
2025-09-18,SKU03116,ST07,0.0,0.0,0.0,0.0
2025-09-18,SKU03247,ST07,12.0,12.100266666666668,-0.10026666666666806,0.10026666666666806
2025-09-18,SKU00096,ST08,8.0,8.028333333333334,-0.02833333333333421,0.02833333333333421
2025-09-18,SKU00843,ST08,8.0,8.041733333333333,-0.04173333333333318,0.04173333333333318
2025-09-18,SKU01791,ST08,0.0,0.0,0.0,0.0
2025-09-18,SKU04503,ST08,0.0,0.0,0.0,0.0
2025-09-18,SKU01058,ST10,0.0,0.0,0.0,0.0
2025-09-18,SKU02141,ST10,32.0,29.401898412698415,2.598101587301585,2.598101587301585
2025-09-18,SKU03963,ST10,14.0,14.037666666666667,-0.037666666666666515,0.037666666666666515
2025-09-18,SKU04167,ST10,0.0,0.0,0.0,0.0
2025-09-18,SKU00734,ST11,0.0,0.0,0.0,0.0
2025-09-18,SKU04879,ST11,0.0,0.0,0.0,0.0
2025-09-18,SKU01506,ST12,0.0,0.0,0.0,0.0
2025-09-18,SKU02819,ST12,12.0,11.88473333333333,0.1152666666666704,0.1152666666666704
2025-09-18,SKU03327,ST12,16.0,15.855461904761906,0.1445380952380937,0.1445380952380937
2025-09-18,SKU04606,ST12,0.0,0.0,0.0,0.0
2025-09-18,SKU02391,ST13,7.0,7.879753968253968,-0.8797539682539677,0.8797539682539677
2025-09-18,SKU03696,ST13,0.0,0.0,0.0,0.0
2025-09-18,SKU04190,ST13,0.0,0.0,0.0,0.0
2025-09-18,SKU04322,ST13,0.0,0.0,0.0,0.0
2025-09-18,SKU04453,ST13,0.0,0.0,0.0,0.0
2025-09-18,SKU02775,ST14,14.0,14.068066666666667,-0.06806666666666672,0.06806666666666672
2025-09-18,SKU02667,ST15,5.0,5.036666666666667,-0.03666666666666707,0.03666666666666707
2025-09-18,SKU01180,ST16,0.0,0.0,0.0,0.0
2025-09-18,SKU01382,ST16,0.0,0.0,0.0,0.0
2025-09-18,SKU03682,ST16,27.0,27.070057142857138,-0.07005714285713793,0.07005714285713793
2025-09-18,SKU03962,ST16,0.0,0.0,0.0,0.0
2025-09-18,SKU04807,ST17,0.0,0.0,0.0,0.0
2025-09-18,SKU00220,ST18,17.0,16.989333333333335,0.010666666666665492,0.010666666666665492
2025-09-18,SKU00966,ST18,0.0,0.0,0.0,0.0
2025-09-18,SKU03690,ST18,0.0,0.0,0.0,0.0
2025-09-18,SKU04082,ST18,11.0,11.030133333333334,-0.030133333333333567,0.030133333333333567
2025-09-18,SKU04746,ST18,0.0,0.0,0.0,0.0
2025-09-18,SKU04969,ST18,0.0,0.0,0.0,0.0
2025-09-18,SKU02540,ST19,11.0,10.921333333333335,0.07866666666666511,0.07866666666666511
2025-09-18,SKU02714,ST19,11.0,10.866066666666667,0.13393333333333324,0.13393333333333324
2025-09-18,SKU00101,ST20,9.0,9.32892380952381,-0.3289238095238094,0.3289238095238094
2025-09-18,SKU00293,ST20,0.0,0.0,0.0,0.0
2025-09-18,SKU02571,ST21,0.0,0.0,0.0,0.0
2025-09-18,SKU03006,ST21,0.0,0.0,0.0,0.0
2025-09-18,SKU04356,ST21,0.0,0.0,0.0,0.0
2025-09-18,SKU01944,ST22,0.0,0.0,0.0,0.0
2025-09-18,SKU02450,ST22,0.0,0.0,0.0,0.0
2025-09-18,SKU02766,ST22,3.0,3.0116666666666667,-0.011666666666666714,0.011666666666666714
2025-09-18,SKU03055,ST22,0.0,0.0,0.0,0.0
2025-09-18,SKU02828,ST23,0.0,0.0,0.0,0.0
2025-09-18,SKU04413,ST23,0.0,0.0,0.0,0.0
2025-09-18,SKU01655,ST24,0.0,0.0,0.0,0.0
2025-09-18,SKU04855,ST24,0.0,0.0,0.0,0.0
2025-09-18,SKU04975,ST24,14.0,13.809171428571428,0.1908285714285718,0.1908285714285718
2025-09-18,SKU00258,ST25,0.0,0.0,0.0,0.0
2025-09-18,SKU00530,ST25,0.0,0.0,0.0,0.0
2025-09-18,SKU01023,ST25,0.0,0.0,0.0,0.0
2025-09-18,SKU01695,ST26,0.0,0.0,0.0,0.0
2025-09-18,SKU03577,ST26,18.0,18.21406666666666,-0.2140666666666604,0.2140666666666604
2025-09-18,SKU03582,ST26,15.0,15.233333333333334,-0.23333333333333428,0.23333333333333428
2025-09-18,SKU04643,ST26,0.0,0.0,0.0,0.0
2025-09-18,SKU00907,ST27,0.0,0.0,0.0,0.0
2025-09-18,SKU03098,ST27,16.0,15.982047619047623,0.0179523809523765,0.0179523809523765
2025-09-18,SKU04166,ST27,0.0,0.0,0.0,0.0
2025-09-18,SKU04393,ST27,0.0,0.0,0.0,0.0
2025-09-18,SKU04493,ST27,0.0,0.0,0.0,0.0
2025-09-18,SKU01011,ST28,0.0,0.0,0.0,0.0
2025-09-18,SKU02593,ST28,0.0,0.0,0.0,0.0
2025-09-18,SKU03911,ST28,0.0,0.0,0.0,0.0
2025-09-18,SKU00274,ST29,0.0,0.0,0.0,0.0
2025-09-18,SKU01210,ST29,0.0,0.0,0.0,0.0
2025-09-18,SKU02763,ST29,0.0,0.0,0.0,0.0
2025-09-18,SKU03414,ST29,17.0,16.625133333333338,0.37486666666666224,0.37486666666666224
2025-09-18,SKU02790,ST30,0.0,0.0,0.0,0.0
2025-09-18,SKU03110,ST30,21.0,20.9683,0.03170000000000073,0.03170000000000073
2025-09-19,SKU00001,ST01,0.0,0.0,0.0,0.0
2025-09-19,SKU01501,ST01,0.0,0.0,0.0,0.0
2025-09-19,SKU02345,ST01,32.0,32.025717316017314,-0.025717316017313863,0.025717316017313863
2025-09-19,SKU03493,ST01,20.0,19.815333333333335,0.18466666666666498,0.18466666666666498
2025-09-19,SKU04955,ST01,34.0,34.23491746031746,-0.23491746031746175,0.23491746031746175
2025-09-19,SKU00589,ST02,6.0,5.7975047619047615,0.2024952380952385,0.2024952380952385
2025-09-19,SKU02073,ST02,0.0,0.0,0.0,0.0
2025-09-19,SKU02609,ST02,13.0,12.868333333333334,0.13166666666666593,0.13166666666666593
2025-09-19,SKU01180,ST03,0.0,0.0,0.0,0.0
2025-09-19,SKU02292,ST03,0.0,0.0,0.0,0.0
2025-09-19,SKU02719,ST03,0.0,0.0,0.0,0.0
2025-09-19,SKU03177,ST03,0.0,0.0,0.0,0.0
2025-09-19,SKU03576,ST03,0.0,0.0,0.0,0.0
2025-09-19,SKU03872,ST04,4.0,3.9978000000000007,0.0021999999999993136,0.0021999999999993136
2025-09-19,SKU04014,ST04,18.0,18.179466666666663,-0.1794666666666629,0.1794666666666629
2025-09-19,SKU00214,ST05,0.0,0.0,0.0,0.0
2025-09-19,SKU00483,ST05,0.0,0.0,0.0,0.0
2025-09-19,SKU01519,ST05,0.0,0.0,0.0,0.0
2025-09-19,SKU03595,ST05,0.0,0.0,0.0,0.0
2025-09-19,SKU04296,ST05,5.0,4.9962,0.0038000000000000256,0.0038000000000000256
2025-09-19,SKU04385,ST05,5.0,5.042333333333334,-0.042333333333333556,0.042333333333333556
2025-09-19,SKU00949,ST06,0.0,0.0,0.0,0.0
2025-09-19,SKU02503,ST06,5.0,5.019333333333334,-0.01933333333333387,0.01933333333333387
2025-09-19,SKU02790,ST06,0.0,0.0,0.0,0.0
2025-09-19,SKU03015,ST06,0.0,0.0,0.0,0.0
2025-09-19,SKU04313,ST06,0.0,0.0,0.0,0.0
2025-09-19,SKU01675,ST07,0.0,0.0,0.0,0.0
2025-09-19,SKU01702,ST07,0.0,0.0,0.0,0.0
2025-09-19,SKU01827,ST07,16.0,16.029933333333336,-0.02993333333333581,0.02993333333333581
2025-09-19,SKU03116,ST07,0.0,0.0,0.0,0.0
2025-09-19,SKU00843,ST08,0.0,0.0,0.0,0.0
2025-09-19,SKU01791,ST08,0.0,0.0,0.0,0.0
2025-09-19,SKU04480,ST08,9.0,9.012,-0.012000000000000455,0.012000000000000455
2025-09-19,SKU04503,ST08,0.0,0.0,0.0,0.0
2025-09-19,SKU02199,ST09,5.0,5.211952380952381,-0.2119523809523809,0.2119523809523809
2025-09-19,SKU01058,ST10,0.0,0.0,0.0,0.0
2025-09-19,SKU01329,ST10,10.0,10.049666666666665,-0.049666666666665193,0.049666666666665193
2025-09-19,SKU04167,ST10,0.0,0.0,0.0,0.0
2025-09-19,SKU00734,ST11,0.0,0.0,0.0,0.0
2025-09-19,SKU01437,ST11,5.0,4.833333333333333,0.16666666666666696,0.16666666666666696
2025-09-19,SKU04657,ST11,12.0,12.405076190476192,-0.40507619047619237,0.40507619047619237
2025-09-19,SKU04879,ST11,0.0,0.0,0.0,0.0
2025-09-19,SKU01506,ST12,0.0,0.0,0.0,0.0
2025-09-19,SKU04606,ST12,0.0,0.0,0.0,0.0
2025-09-19,SKU03696,ST13,0.0,0.0,0.0,0.0
2025-09-19,SKU04190,ST13,0.0,0.0,0.0,0.0
2025-09-19,SKU04322,ST13,0.0,0.0,0.0,0.0
2025-09-19,SKU04453,ST13,0.0,0.0,0.0,0.0
2025-09-19,SKU01934,ST14,11.0,11.012666666666666,-0.01266666666666616,0.01266666666666616
2025-09-19,SKU04258,ST14,7.0,6.961333333333333,0.03866666666666685,0.03866666666666685
2025-09-19,SKU00668,ST16,4.0,4.028933333333333,-0.02893333333333281,0.02893333333333281
2025-09-19,SKU01180,ST16,0.0,0.0,0.0,0.0
2025-09-19,SKU01382,ST16,0.0,0.0,0.0,0.0
2025-09-19,SKU03922,ST16,22.0,22.148876190476184,-0.14887619047618372,0.14887619047618372
2025-09-19,SKU03962,ST16,0.0,0.0,0.0,0.0
2025-09-19,SKU04309,ST17,27.0,27.024204761904755,-0.0242047619047554,0.0242047619047554
2025-09-19,SKU04807,ST17,0.0,0.0,0.0,0.0
2025-09-19,SKU00511,ST18,3.0,3.0093333333333336,-0.009333333333333638,0.009333333333333638
2025-09-19,SKU00966,ST18,0.0,0.0,0.0,0.0
2025-09-19,SKU03690,ST18,0.0,0.0,0.0,0.0
2025-09-19,SKU04746,ST18,0.0,0.0,0.0,0.0
2025-09-19,SKU04969,ST18,0.0,0.0,0.0,0.0
2025-09-19,SKU04419,ST19,6.0,5.9944000000000015,0.005599999999998495,0.005599999999998495
2025-09-19,SKU00293,ST20,0.0,0.0,0.0,0.0
2025-09-19,SKU02390,ST20,8.0,8.034999999999998,-0.034999999999998366,0.034999999999998366
2025-09-19,SKU03140,ST20,8.0,8.005333333333333,-0.005333333333332746,0.005333333333332746
2025-09-19,SKU02571,ST21,0.0,0.0,0.0,0.0
2025-09-19,SKU03006,ST21,0.0,0.0,0.0,0.0
2025-09-19,SKU03479,ST21,6.0,6.021600000000001,-0.021600000000001174,0.021600000000001174
2025-09-19,SKU04356,ST21,0.0,0.0,0.0,0.0
2025-09-19,SKU01944,ST22,0.0,0.0,0.0,0.0
2025-09-19,SKU02450,ST22,0.0,0.0,0.0,0.0
2025-09-19,SKU03055,ST22,0.0,0.0,0.0,0.0
2025-09-19,SKU04920,ST22,0.0,0.0052,-0.0052,0.0052
2025-09-19,SKU00203,ST23,10.0,9.88252380952381,0.1174761904761894,0.1174761904761894
2025-09-19,SKU02828,ST23,0.0,0.0,0.0,0.0
2025-09-19,SKU03610,ST23,16.0,16.025133333333336,-0.02513333333333634,0.02513333333333634
2025-09-19,SKU04413,ST23,0.0,0.0,0.0,0.0
2025-09-19,SKU01655,ST24,0.0,0.0,0.0,0.0
2025-09-19,SKU04855,ST24,0.0,0.0,0.0,0.0
2025-09-19,SKU00258,ST25,0.0,0.0,0.0,0.0
2025-09-19,SKU00530,ST25,0.0,0.0,0.0,0.0
2025-09-19,SKU01023,ST25,0.0,0.0,0.0,0.0
2025-09-19,SKU03201,ST25,11.0,11.207561904761906,-0.2075619047619064,0.2075619047619064
2025-09-19,SKU01695,ST26,0.0,0.0,0.0,0.0
2025-09-19,SKU02810,ST26,3.0,3.005666666666667,-0.005666666666666931,0.005666666666666931
2025-09-19,SKU04643,ST26,0.0,0.0,0.0,0.0
2025-09-19,SKU04953,ST26,7.0,7.023666666666666,-0.02366666666666628,0.02366666666666628
2025-09-19,SKU00708,ST27,4.0,4.029333333333334,-0.029333333333333655,0.029333333333333655
2025-09-19,SKU00907,ST27,0.0,0.0,0.0,0.0
2025-09-19,SKU04166,ST27,0.0,0.0,0.0,0.0
2025-09-19,SKU04393,ST27,0.0,0.0,0.0,0.0
2025-09-19,SKU04493,ST27,0.0,0.0,0.0,0.0
2025-09-19,SKU00866,ST28,3.0,3.018666666666667,-0.01866666666666683,0.01866666666666683
2025-09-19,SKU01011,ST28,0.0,0.0,0.0,0.0
2025-09-19,SKU02593,ST28,0.0,0.0,0.0,0.0
2025-09-19,SKU03911,ST28,0.0,0.0,0.0,0.0
2025-09-19,SKU00274,ST29,0.0,0.0,0.0,0.0
2025-09-19,SKU01210,ST29,0.0,0.0,0.0,0.0
2025-09-19,SKU01749,ST29,10.0,10.011733333333334,-0.011733333333333817,0.011733333333333817
2025-09-19,SKU02257,ST29,9.0,8.988,0.012000000000000455,0.012000000000000455
2025-09-19,SKU02763,ST29,0.0,0.0,0.0,0.0
2025-09-19,SKU02870,ST29,13.0,12.974238095238094,0.02576190476190554,0.02576190476190554
2025-09-19,SKU02790,ST30,0.0,0.0,0.0,0.0
2025-09-20,SKU00001,ST01,0.0,0.0,0.0,0.0
2025-09-20,SKU01501,ST01,0.0,0.0,0.0,0.0
2025-09-20,SKU01822,ST01,22.0,22.33422698412698,-0.33422698412697827,0.33422698412697827
2025-09-20,SKU01004,ST02,6.0,5.994800000000001,0.005199999999999427,0.005199999999999427
2025-09-20,SKU02073,ST02,0.0,0.0,0.0,0.0
2025-09-20,SKU01180,ST03,0.0,0.0,0.0,0.0
2025-09-20,SKU02292,ST03,0.0,0.0,0.0,0.0
2025-09-20,SKU02719,ST03,0.0,0.0,0.0,0.0
2025-09-20,SKU03177,ST03,0.0,0.0,0.0,0.0
2025-09-20,SKU03576,ST03,0.0,0.0,0.0,0.0
2025-09-20,SKU03931,ST04,26.0,26.130933333333335,-0.1309333333333349,0.1309333333333349
2025-09-20,SKU00214,ST05,0.0,0.0,0.0,0.0
2025-09-20,SKU00483,ST05,0.0,0.0,0.0,0.0
2025-09-20,SKU03595,ST05,0.0,0.0,0.0,0.0
2025-09-20,SKU00949,ST06,0.0,0.0,0.0,0.0
2025-09-20,SKU02790,ST06,0.0,0.0,0.0,0.0
2025-09-20,SKU03015,ST06,0.0,0.0,0.0,0.0
2025-09-20,SKU04313,ST06,0.0,0.0,0.0,0.0
2025-09-20,SKU01675,ST07,0.0,0.0,0.0,0.0
2025-09-20,SKU01702,ST07,0.0,0.0,0.0,0.0
2025-09-20,SKU03116,ST07,0.0,0.0,0.0,0.0
2025-09-20,SKU03756,ST07,8.0,7.852907936507938,0.14709206349206205,0.14709206349206205
2025-09-20,SKU00843,ST08,4.0,4.0145333333333335,-0.014533333333333509,0.014533333333333509
2025-09-20,SKU01791,ST08,30.0,28.44191904761904,1.5580809523809585,1.5580809523809585
2025-09-20,SKU01930,ST08,5.0,5.15,-0.15000000000000036,0.15000000000000036
2025-09-20,SKU04503,ST08,0.0,0.0,0.0,0.0
2025-09-20,SKU03354,ST09,26.0,25.079571428571423,0.9204285714285767,0.9204285714285767
2025-09-20,SKU03749,ST09,4.0,4.022,-0.02200000000000024,0.02200000000000024
2025-09-20,SKU04978,ST09,6.0,6.097933333333334,-0.09793333333333365,0.09793333333333365
2025-09-20,SKU01058,ST10,0.0,0.0,0.0,0.0
2025-09-20,SKU01391,ST10,4.0,4.053333333333333,-0.05333333333333279,0.05333333333333279
2025-09-20,SKU01640,ST10,22.0,22.062298412698418,-0.06229841269841785,0.06229841269841785
2025-09-20,SKU02763,ST10,4.0,3.9828666666666663,0.017133333333333667,0.017133333333333667
2025-09-20,SKU04167,ST10,0.0,0.0,0.0,0.0
2025-09-20,SKU00001,ST11,2.0,2.012,-0.01200000000000001,0.01200000000000001
2025-09-20,SKU00162,ST11,37.0,37.53370952380952,-0.5337095238095202,0.5337095238095202
2025-09-20,SKU00734,ST11,0.0,0.0,0.0,0.0
2025-09-20,SKU04879,ST11,0.0,0.0,0.0,0.0
2025-09-20,SKU01506,ST12,0.0,0.0,0.0,0.0
2025-09-20,SKU02968,ST12,6.0,5.958066666666666,0.0419333333333336,0.0419333333333336
2025-09-20,SKU04189,ST12,27.0,27.742333333333328,-0.7423333333333275,0.7423333333333275
2025-09-20,SKU04606,ST12,0.0,0.0,0.0,0.0
2025-09-20,SKU02119,ST13,11.0,11.004766666666667,-0.004766666666666808,0.004766666666666808
2025-09-20,SKU03696,ST13,0.0,0.0,0.0,0.0
2025-09-20,SKU04190,ST13,0.0,0.0,0.0,0.0
2025-09-20,SKU04322,ST13,0.0,0.0,0.0,0.0
2025-09-20,SKU04453,ST13,0.0,0.0,0.0,0.0
2025-09-20,SKU04610,ST15,54.0,51.39469841269842,2.6053015873015823,2.6053015873015823
2025-09-20,SKU01180,ST16,0.0,0.0,0.0,0.0
2025-09-20,SKU01382,ST16,0.0,0.0,0.0,0.0
2025-09-20,SKU03836,ST16,33.0,27.771653968253972,5.228346031746028,5.228346031746028
2025-09-20,SKU03962,ST16,0.0,0.0,0.0,0.0
2025-09-20,SKU04807,ST17,0.0,0.0,0.0,0.0
2025-09-20,SKU00966,ST18,0.0,0.0,0.0,0.0
2025-09-20,SKU03690,ST18,0.0,0.0,0.0,0.0
2025-09-20,SKU04746,ST18,0.0,0.0,0.0,0.0
2025-09-20,SKU04969,ST18,0.0,0.0,0.0,0.0
2025-09-20,SKU03585,ST19,25.0,24.740120634920636,0.2598793650793638,0.2598793650793638
2025-09-20,SKU03766,ST19,11.0,10.965666666666666,0.03433333333333444,0.03433333333333444
2025-09-20,SKU00293,ST20,0.0,0.0,0.0,0.0
2025-09-20,SKU00304,ST20,8.0,8.006333333333334,-0.006333333333333968,0.006333333333333968
2025-09-20,SKU00918,ST20,1.0,1.1090666666666669,-0.10906666666666687,0.10906666666666687
2025-09-20,SKU00976,ST20,19.0,19.557847619047624,-0.5578476190476245,0.5578476190476245
2025-09-20,SKU02430,ST20,7.0,7.014000000000001,-0.014000000000001123,0.014000000000001123
2025-09-20,SKU01712,ST21,8.0,8.012666666666666,-0.01266666666666616,0.01266666666666616
2025-09-20,SKU02571,ST21,0.0,0.0,0.0,0.0
2025-09-20,SKU03006,ST21,0.0,0.0,0.0,0.0
2025-09-20,SKU04356,ST21,0.0,0.0,0.0,0.0
2025-09-20,SKU04475,ST21,4.0,3.917533333333333,0.08246666666666691,0.08246666666666691
2025-09-20,SKU00277,ST22,10.0,10.0204,-0.020400000000000418,0.020400000000000418
2025-09-20,SKU01944,ST22,0.0,0.0,0.0,0.0
2025-09-20,SKU02450,ST22,0.0,0.0,0.0,0.0
2025-09-20,SKU03055,ST22,0.0,0.0,0.0,0.0
2025-09-20,SKU00905,ST23,14.0,14.029087445887445,-0.02908744588744483,0.02908744588744483
2025-09-20,SKU02828,ST23,0.0,0.0,0.0,0.0
2025-09-20,SKU04413,ST23,0.0,0.0,0.0,0.0
2025-09-20,SKU01655,ST24,0.0,0.0,0.0,0.0
2025-09-20,SKU04855,ST24,0.0,0.0,0.0,0.0
2025-09-20,SKU00258,ST25,0.0,0.0,0.0,0.0
2025-09-20,SKU00530,ST25,0.0,0.0,0.0,0.0
2025-09-20,SKU01023,ST25,0.0,0.0,0.0,0.0
2025-09-20,SKU01695,ST26,0.0,0.0,0.0,0.0
2025-09-20,SKU04643,ST26,0.0,0.0,0.0,0.0
2025-09-20,SKU00907,ST27,0.0,0.0,0.0,0.0
2025-09-20,SKU02432,ST27,35.0,34.40513333333334,0.5948666666666611,0.5948666666666611
2025-09-20,SKU03865,ST27,7.0,6.980666666666668,0.019333333333332092,0.019333333333332092
2025-09-20,SKU04166,ST27,0.0,0.0,0.0,0.0
2025-09-20,SKU04393,ST27,0.0,0.0,0.0,0.0
2025-09-20,SKU04493,ST27,0.0,0.0,0.0,0.0
2025-09-20,SKU01011,ST28,0.0,0.0,0.0,0.0
2025-09-20,SKU01640,ST28,0.0,0.0,0.0,0.0
2025-09-20,SKU02593,ST28,0.0,0.0,0.0,0.0
2025-09-20,SKU03911,ST28,0.0,0.0,0.0,0.0
2025-09-20,SKU00274,ST29,0.0,0.0,0.0,0.0
2025-09-20,SKU01210,ST29,0.0,0.0,0.0,0.0
2025-09-20,SKU01856,ST29,17.0,17.802707936507932,-0.8027079365079324,0.8027079365079324
2025-09-20,SKU02763,ST29,0.0,0.0,0.0,0.0
2025-09-20,SKU02772,ST29,1.0,1.0,0.0,0.0
2025-09-20,SKU02790,ST30,0.0,0.0,0.0,0.0
2025-09-20,SKU03220,ST30,4.0,3.957333333333333,0.04266666666666685,0.04266666666666685
2025-09-21,SKU00001,ST01,0.0,0.0,0.0,0.0
2025-09-21,SKU01501,ST01,0.0,0.0,0.0,0.0
2025-09-21,SKU04980,ST01,16.0,15.902466666666667,0.0975333333333328,0.0975333333333328
2025-09-21,SKU00459,ST02,16.0,15.980666666666664,0.019333333333335645,0.019333333333335645
2025-09-21,SKU02073,ST02,0.0,0.0,0.0,0.0
2025-09-21,SKU01180,ST03,0.0,0.0,0.0,0.0
2025-09-21,SKU02292,ST03,0.0,0.0,0.0,0.0
2025-09-21,SKU02719,ST03,0.0,0.0,0.0,0.0
2025-09-21,SKU03177,ST03,0.0,0.0,0.0,0.0
2025-09-21,SKU03576,ST03,0.0,0.0,0.0,0.0
2025-09-21,SKU00122,ST04,18.0,17.85493333333333,0.14506666666666845,0.14506666666666845
2025-09-21,SKU02128,ST04,11.0,10.998666666666669,0.0013333333333314101,0.0013333333333314101
2025-09-21,SKU04279,ST04,10.0,10.034,-0.034000000000000696,0.034000000000000696
2025-09-21,SKU04900,ST04,12.0,12.031799999999999,-0.03179999999999872,0.03179999999999872
2025-09-21,SKU00214,ST05,0.0,0.0,0.0,0.0
2025-09-21,SKU00483,ST05,0.0,0.0,0.0,0.0
2025-09-21,SKU01200,ST05,8.0,7.993666666666666,0.006333333333333968,0.006333333333333968
2025-09-21,SKU03595,ST05,0.0,0.0,0.0,0.0
2025-09-21,SKU04203,ST05,22.0,22.0624,-0.06240000000000023,0.06240000000000023
2025-09-21,SKU00949,ST06,0.0,0.0,0.0,0.0
2025-09-21,SKU02790,ST06,0.0,0.0,0.0,0.0
2025-09-21,SKU03015,ST06,0.0,0.0,0.0,0.0
2025-09-21,SKU04313,ST06,0.0,0.0,0.0,0.0
2025-09-21,SKU00777,ST07,3.0,3.027,-0.027000000000000135,0.027000000000000135
2025-09-21,SKU01675,ST07,0.0,0.0,0.0,0.0
2025-09-21,SKU01702,ST07,0.0,0.0,0.0,0.0
2025-09-21,SKU03116,ST07,0.0,0.0,0.0,0.0
2025-09-21,SKU04444,ST07,21.0,20.801690476190483,0.19830952380951672,0.19830952380951672
2025-09-21,SKU01580,ST08,2.0,2.0554285714285716,-0.055428571428571605,0.055428571428571605
2025-09-21,SKU04503,ST08,0.0,0.0,0.0,0.0
2025-09-21,SKU01058,ST10,0.0,0.0,0.0,0.0
2025-09-21,SKU04167,ST10,0.0,0.0,0.0,0.0
2025-09-21,SKU00734,ST11,0.0,0.0,0.0,0.0
2025-09-21,SKU04879,ST11,0.0,0.0,0.0,0.0
2025-09-21,SKU01506,ST12,0.0,0.0,0.0,0.0
2025-09-21,SKU03191,ST12,36.0,37.88894444444444,-1.8889444444444408,1.8889444444444408
2025-09-21,SKU04167,ST12,36.0,34.04712222222222,1.952877777777779,1.952877777777779
2025-09-21,SKU04606,ST12,0.0,0.0,0.0,0.0
2025-09-21,SKU03696,ST13,0.0,0.0,0.0,0.0
2025-09-21,SKU04190,ST13,0.0,0.0,0.0,0.0
2025-09-21,SKU04322,ST13,0.0,0.0,0.0,0.0
2025-09-21,SKU04453,ST13,0.0,0.0,0.0,0.0
2025-09-21,SKU04999,ST13,17.0,17.821466666666666,-0.8214666666666659,0.8214666666666659
2025-09-21,SKU01074,ST14,14.0,14.272557142857142,-0.27255714285714205,0.27255714285714205
2025-09-21,SKU02720,ST14,8.0,8.000666666666667,-0.0006666666666674814,0.0006666666666674814
2025-09-21,SKU03632,ST15,3.0,3.0,0.0,0.0
2025-09-21,SKU01180,ST16,0.0,0.0,0.0,0.0
2025-09-21,SKU01382,ST16,0.0,0.0,0.0,0.0
2025-09-21,SKU01945,ST16,10.0,9.987666666666668,0.012333333333332419,0.012333333333332419
2025-09-21,SKU03962,ST16,0.0,0.0,0.0,0.0
2025-09-21,SKU04807,ST17,0.0,0.0,0.0,0.0
2025-09-21,SKU00966,ST18,0.0,0.0,0.0,0.0
2025-09-21,SKU01174,ST18,0.0,0.0,0.0,0.0
2025-09-21,SKU03690,ST18,0.0,0.0,0.0,0.0
2025-09-21,SKU04746,ST18,15.0,15.266488888888887,-0.2664888888888868,0.2664888888888868
2025-09-21,SKU04969,ST18,0.0,0.0,0.0,0.0
2025-09-21,SKU01367,ST19,6.0,6.035999999999999,-0.0359999999999987,0.0359999999999987
2025-09-21,SKU02020,ST19,5.0,5.424422222222221,-0.4244222222222209,0.4244222222222209
2025-09-21,SKU00293,ST20,0.0,0.0,0.0,0.0
2025-09-21,SKU02571,ST21,0.0,0.0,0.0,0.0
2025-09-21,SKU03006,ST21,0.0,0.0,0.0,0.0
2025-09-21,SKU04356,ST21,0.0,0.0,0.0,0.0
2025-09-21,SKU01944,ST22,0.0,0.0,0.0,0.0
2025-09-21,SKU02450,ST22,0.0,0.0,0.0,0.0
2025-09-21,SKU03055,ST22,0.0,0.0,0.0,0.0
2025-09-21,SKU03476,ST22,5.0,4.994,0.006000000000000227,0.006000000000000227
2025-09-21,SKU03894,ST22,4.0,3.9160000000000004,0.08399999999999963,0.08399999999999963
2025-09-21,SKU02828,ST23,12.0,12.022666666666666,-0.022666666666665947,0.022666666666665947
2025-09-21,SKU03070,ST23,13.0,12.885571428571428,0.11442857142857221,0.11442857142857221
2025-09-21,SKU04413,ST23,0.0,0.0,0.0,0.0
2025-09-21,SKU00049,ST24,9.0,8.957866666666666,0.04213333333333402,0.04213333333333402
2025-09-21,SKU01655,ST24,0.0,0.0,0.0,0.0
2025-09-21,SKU04855,ST24,0.0,0.0,0.0,0.0
2025-09-21,SKU00258,ST25,0.0,0.0,0.0,0.0
2025-09-21,SKU00530,ST25,0.0,0.0,0.0,0.0
2025-09-21,SKU01023,ST25,0.0,0.0,0.0,0.0
2025-09-21,SKU01695,ST26,0.0,0.0,0.0,0.0
2025-09-21,SKU04643,ST26,0.0,0.0,0.0,0.0
2025-09-21,SKU00907,ST27,0.0,0.0,0.0,0.0
2025-09-21,SKU01843,ST27,6.0,5.9722,0.027800000000000047,0.027800000000000047
2025-09-21,SKU04166,ST27,0.0,0.0,0.0,0.0
2025-09-21,SKU04393,ST27,0.0,0.0,0.0,0.0
2025-09-21,SKU04493,ST27,0.0,0.0,0.0,0.0
2025-09-21,SKU01011,ST28,0.0,0.0,0.0,0.0
2025-09-21,SKU02593,ST28,0.0,0.0,0.0,0.0
2025-09-21,SKU03911,ST28,0.0,0.0,0.0,0.0
2025-09-21,SKU00274,ST29,0.0,0.0,0.0,0.0
2025-09-21,SKU01210,ST29,0.0,0.0,0.0,0.0
2025-09-21,SKU02763,ST29,0.0,0.0,0.0,0.0
2025-09-21,SKU01119,ST30,16.0,16.053533333333334,-0.0535333333333341,0.0535333333333341
2025-09-21,SKU02790,ST30,0.0,0.0,0.0,0.0
2025-09-21,SKU04114,ST30,0.0,0.002,-0.002,0.002
2025-09-22,SKU00001,ST01,0.0,0.0,0.0,0.0
2025-09-22,SKU01501,ST01,0.0,0.0,0.0,0.0
2025-09-22,SKU01908,ST01,23.0,22.743499999999997,0.2565000000000026,0.2565000000000026
2025-09-22,SKU02073,ST02,0.0,0.0,0.0,0.0
2025-09-22,SKU00474,ST03,42.0,40.35048412698414,1.649515873015858,1.649515873015858
2025-09-22,SKU01180,ST03,0.0,0.0,0.0,0.0
2025-09-22,SKU02292,ST03,0.0,0.0,0.0,0.0
2025-09-22,SKU02719,ST03,0.0,0.0,0.0,0.0
2025-09-22,SKU03177,ST03,0.0,0.0,0.0,0.0
2025-09-22,SKU03576,ST03,0.0,0.0,0.0,0.0
2025-09-22,SKU00956,ST04,15.0,15.368422222222227,-0.3684222222222271,0.3684222222222271
2025-09-22,SKU01164,ST04,6.0,5.9943333333333335,0.005666666666666487,0.005666666666666487
2025-09-22,SKU01215,ST04,21.0,21.153249206349216,-0.15324920634921568,0.15324920634921568
2025-09-22,SKU00214,ST05,0.0,0.0,0.0,0.0
2025-09-22,SKU00483,ST05,0.0,0.0,0.0,0.0
2025-09-22,SKU03595,ST05,13.0,12.839533333333334,0.1604666666666663,0.1604666666666663
2025-09-22,SKU04773,ST05,17.0,16.896233333333335,0.10376666666666523,0.10376666666666523
2025-09-22,SKU00949,ST06,0.0,0.0,0.0,0.0
2025-09-22,SKU02790,ST06,0.0,0.0,0.0,0.0
2025-09-22,SKU03015,ST06,0.0,0.0,0.0,0.0
2025-09-22,SKU04313,ST06,0.0,0.0,0.0,0.0
2025-09-22,SKU01675,ST07,0.0,0.0,0.0,0.0
2025-09-22,SKU01702,ST07,0.0,0.0,0.0,0.0
2025-09-22,SKU03116,ST07,0.0,0.0,0.0,0.0
2025-09-22,SKU04503,ST08,0.0,0.0,0.0,0.0
2025-09-22,SKU01438,ST09,11.0,10.900466666666667,0.09953333333333347,0.09953333333333347
2025-09-22,SKU03342,ST09,3.0,3.077666666666667,-0.077666666666667,0.077666666666667
2025-09-22,SKU01058,ST10,0.0,0.0,0.0,0.0
2025-09-22,SKU04167,ST10,0.0,0.0,0.0,0.0
2025-09-22,SKU00734,ST11,0.0,0.0,0.0,0.0
2025-09-22,SKU04879,ST11,0.0,0.0,0.0,0.0
2025-09-22,SKU01506,ST12,0.0,0.0,0.0,0.0
2025-09-22,SKU04606,ST12,0.0,0.0,0.0,0.0
2025-09-22,SKU01662,ST13,15.0,14.616,0.38400000000000034,0.38400000000000034
2025-09-22,SKU03696,ST13,0.0,0.0,0.0,0.0
2025-09-22,SKU04190,ST13,0.0,0.0,0.0,0.0
2025-09-22,SKU04322,ST13,0.0,0.0,0.0,0.0
2025-09-22,SKU04453,ST13,0.0,0.0,0.0,0.0
2025-09-22,SKU02459,ST15,10.0,9.997133333333334,0.002866666666665907,0.002866666666665907
2025-09-22,SKU01180,ST16,0.0,0.0,0.0,0.0
2025-09-22,SKU01382,ST16,0.0,0.0,0.0,0.0
2025-09-22,SKU03962,ST16,0.0,0.0,0.0,0.0
2025-09-22,SKU04790,ST17,11.0,11.0,0.0,0.0
2025-09-22,SKU04807,ST17,0.0,0.0,0.0,0.0
2025-09-22,SKU00966,ST18,0.0,0.0,0.0,0.0
2025-09-22,SKU03690,ST18,0.0,0.0,0.0,0.0
2025-09-22,SKU04969,ST18,0.0,0.0,0.0,0.0
2025-09-22,SKU00293,ST20,0.0,0.0,0.0,0.0
2025-09-22,SKU01717,ST20,5.0,4.9850666666666665,0.014933333333333465,0.014933333333333465
2025-09-22,SKU02571,ST21,0.0,0.0,0.0,0.0
2025-09-22,SKU03006,ST21,0.0,0.0,0.0,0.0
2025-09-22,SKU04356,ST21,0.0,0.0,0.0,0.0
2025-09-22,SKU01944,ST22,0.0,0.0,0.0,0.0
2025-09-22,SKU02450,ST22,0.0,0.0,0.0,0.0
2025-09-22,SKU03055,ST22,0.0,0.0,0.0,0.0
2025-09-22,SKU00292,ST23,17.0,16.904,0.09600000000000009,0.09600000000000009
2025-09-22,SKU03290,ST23,4.0,4.016,-0.016000000000000014,0.016000000000000014
2025-09-22,SKU04413,ST23,0.0,0.0,0.0,0.0
2025-09-22,SKU04719,ST23,0.0,0.0,0.0,0.0
2025-09-22,SKU01655,ST24,0.0,0.0,0.0,0.0
2025-09-22,SKU02018,ST24,12.0,12.098666666666666,-0.09866666666666646,0.09866666666666646
2025-09-22,SKU04855,ST24,0.0,0.0,0.0,0.0
2025-09-22,SKU00258,ST25,0.0,0.0,0.0,0.0
2025-09-22,SKU00530,ST25,0.0,0.0,0.0,0.0
2025-09-22,SKU01023,ST25,0.0,0.0,0.0,0.0
2025-09-22,SKU03050,ST25,0.0,0.002333333333333333,-0.002333333333333333,0.002333333333333333
2025-09-22,SKU00134,ST26,17.0,16.441466666666667,0.5585333333333331,0.5585333333333331
2025-09-22,SKU00881,ST26,15.0,15.015066666666668,-0.015066666666667672,0.015066666666667672
2025-09-22,SKU01695,ST26,0.0,0.0,0.0,0.0
2025-09-22,SKU04643,ST26,0.0,0.0,0.0,0.0
2025-09-22,SKU00907,ST27,0.0,0.0,0.0,0.0
2025-09-22,SKU04166,ST27,0.0,0.0,0.0,0.0
2025-09-22,SKU04393,ST27,0.0,0.0,0.0,0.0
2025-09-22,SKU04493,ST27,0.0,0.0,0.0,0.0
2025-09-22,SKU01011,ST28,0.0,0.0,0.0,0.0
2025-09-22,SKU02593,ST28,0.0,0.0,0.0,0.0
2025-09-22,SKU03911,ST28,0.0,0.0,0.0,0.0
2025-09-22,SKU00274,ST29,0.0,0.0,0.0,0.0
2025-09-22,SKU01210,ST29,0.0,0.0,0.0,0.0
2025-09-22,SKU02763,ST29,0.0,0.0,0.0,0.0
2025-09-22,SKU02773,ST29,20.0,19.635780952380948,0.3642190476190521,0.3642190476190521
2025-09-22,SKU02790,ST30,0.0,0.0,0.0,0.0
2025-09-23,SKU00001,ST01,0.0,0.0,0.0,0.0
2025-09-23,SKU01501,ST01,0.0,0.0,0.0,0.0
2025-09-23,SKU02073,ST02,0.0,0.0,0.0,0.0
2025-09-23,SKU02463,ST02,15.0,14.983133333333331,0.016866666666668806,0.016866666666668806
2025-09-23,SKU01180,ST03,0.0,0.0,0.0,0.0
2025-09-23,SKU02292,ST03,0.0,0.0,0.0,0.0
2025-09-23,SKU02719,ST03,0.0,0.0,0.0,0.0
2025-09-23,SKU03177,ST03,0.0,0.0,0.0,0.0
2025-09-23,SKU03576,ST03,0.0,0.0,0.0,0.0
2025-09-23,SKU00214,ST05,0.0,0.0,0.0,0.0
2025-09-23,SKU00483,ST05,0.0,0.0,0.0,0.0
2025-09-23,SKU01577,ST05,11.0,10.719466666666667,0.28053333333333264,0.28053333333333264
2025-09-23,SKU00949,ST06,0.0,0.0,0.0,0.0
2025-09-23,SKU02790,ST06,0.0,0.0,0.0,0.0
2025-09-23,SKU03015,ST06,0.0,0.0,0.0,0.0
2025-09-23,SKU04313,ST06,0.0,0.0,0.0,0.0
2025-09-23,SKU01675,ST07,0.0,0.0,0.0,0.0
2025-09-23,SKU01702,ST07,0.0,0.0,0.0,0.0
2025-09-23,SKU03116,ST07,0.0,0.0,0.0,0.0
2025-09-23,SKU04503,ST08,0.0,0.0,0.0,0.0
2025-09-23,SKU01058,ST10,0.0,0.0,0.0,0.0
2025-09-23,SKU04167,ST10,0.0,0.0,0.0,0.0
2025-09-23,SKU00734,ST11,0.0,0.0,0.0,0.0
2025-09-23,SKU04879,ST11,0.0,0.0,0.0,0.0
2025-09-23,SKU01506,ST12,0.0,0.0,0.0,0.0
2025-09-23,SKU04606,ST12,0.0,0.0,0.0,0.0
2025-09-23,SKU00084,ST13,4.0,3.8811999999999998,0.11880000000000024,0.11880000000000024
2025-09-23,SKU03696,ST13,0.0,0.0,0.0,0.0
2025-09-23,SKU04190,ST13,0.0,0.0,0.0,0.0
2025-09-23,SKU04322,ST13,0.0,0.0,0.0,0.0
2025-09-23,SKU04453,ST13,0.0,0.0,0.0,0.0
2025-09-23,SKU03396,ST14,25.0,25.01775238095238,-0.01775238095238052,0.01775238095238052
2025-09-23,SKU02594,ST15,10.0,9.916231746031748,0.08376825396825183,0.08376825396825183
2025-09-23,SKU01180,ST16,0.0,0.0,0.0,0.0
2025-09-23,SKU01382,ST16,0.0,0.0,0.0,0.0
2025-09-23,SKU03962,ST16,0.0,0.0,0.0,0.0
2025-09-23,SKU04063,ST16,29.0,29.262280952380955,-0.26228095238095506,0.26228095238095506
2025-09-23,SKU01952,ST17,3.0,2.998,0.0019999999999997797,0.0019999999999997797
2025-09-23,SKU02807,ST17,18.0,17.996000000000002,0.003999999999997783,0.003999999999997783
2025-09-23,SKU04807,ST17,0.0,0.0,0.0,0.0
2025-09-23,SKU00628,ST18,25.0,25.326238095238093,-0.326238095238093,0.326238095238093
2025-09-23,SKU00966,ST18,0.0,0.0,0.0,0.0
2025-09-23,SKU03459,ST18,1.0,1.0013333333333332,-0.0013333333333331865,0.0013333333333331865
2025-09-23,SKU03690,ST18,0.0,0.0,0.0,0.0
2025-09-23,SKU03938,ST18,11.0,10.829666666666666,0.17033333333333367,0.17033333333333367
2025-09-23,SKU04969,ST18,0.0,0.0,0.0,0.0
2025-09-23,SKU00687,ST19,9.0,9.001,-0.0009999999999994458,0.0009999999999994458
2025-09-23,SKU02488,ST19,23.0,23.531133333333337,-0.5311333333333366,0.5311333333333366
2025-09-23,SKU00293,ST20,0.0,0.0,0.0,0.0
2025-09-23,SKU01918,ST20,4.0,3.9512666666666663,0.04873333333333374,0.04873333333333374
2025-09-23,SKU03749,ST20,3.0,3.009,-0.008999999999999897,0.008999999999999897
2025-09-23,SKU02411,ST21,32.0,32.78181904761904,-0.7818190476190381,0.7818190476190381
2025-09-23,SKU02571,ST21,0.0,0.0,0.0,0.0
2025-09-23,SKU03006,ST21,0.0,0.0,0.0,0.0
2025-09-23,SKU04356,ST21,0.0,0.0,0.0,0.0
2025-09-23,SKU04513,ST21,12.0,12.011866666666666,-0.011866666666666248,0.011866666666666248
2025-09-23,SKU01328,ST22,33.0,33.06136190476191,-0.061361904761909614,0.061361904761909614
2025-09-23,SKU01944,ST22,0.0,0.0,0.0,0.0
2025-09-23,SKU02450,ST22,0.0,0.0,0.0,0.0
2025-09-23,SKU03055,ST22,0.0,0.0,0.0,0.0
2025-09-23,SKU04046,ST23,10.0,10.006485714285716,-0.006485714285716426,0.006485714285716426
2025-09-23,SKU04413,ST23,0.0,0.0,0.0,0.0
2025-09-23,SKU04980,ST23,3.0,3.001733333333333,-0.0017333333333331424,0.0017333333333331424
2025-09-23,SKU01655,ST24,0.0,0.0,0.0,0.0
2025-09-23,SKU03802,ST24,24.0,23.931990476190478,0.06800952380952197,0.06800952380952197
2025-09-23,SKU04855,ST24,0.0,0.0,0.0,0.0
2025-09-23,SKU00258,ST25,0.0,0.0,0.0,0.0
2025-09-23,SKU00530,ST25,0.0,0.0,0.0,0.0
2025-09-23,SKU01023,ST25,0.0,0.0,0.0,0.0
2025-09-23,SKU03818,ST25,9.0,8.969733333333334,0.030266666666665998,0.030266666666665998
2025-09-23,SKU04961,ST25,17.0,17.019000000000002,-0.019000000000001904,0.019000000000001904
2025-09-23,SKU01695,ST26,0.0,0.0,0.0,0.0
2025-09-23,SKU04643,ST26,0.0,0.0,0.0,0.0
2025-09-23,SKU00907,ST27,0.0,0.0,0.0,0.0
2025-09-23,SKU01302,ST27,10.0,9.995733333333334,0.004266666666666197,0.004266666666666197
2025-09-23,SKU02300,ST27,0.0,0.0,0.0,0.0
2025-09-23,SKU02488,ST27,20.0,19.837600000000002,0.1623999999999981,0.1623999999999981
2025-09-23,SKU03232,ST27,11.0,11.060066666666668,-0.0600666666666676,0.0600666666666676
2025-09-23,SKU04166,ST27,0.0,0.0,0.0,0.0
2025-09-23,SKU04393,ST27,0.0,0.0,0.0,0.0
2025-09-23,SKU04493,ST27,0.0,0.0,0.0,0.0
2025-09-23,SKU01011,ST28,0.0,0.0,0.0,0.0
2025-09-23,SKU02593,ST28,0.0,0.0,0.0,0.0
2025-09-23,SKU03911,ST28,0.0,0.0,0.0,0.0
2025-09-23,SKU00274,ST29,0.0,0.0,0.0,0.0
2025-09-23,SKU01210,ST29,0.0,0.0,0.0,0.0
2025-09-23,SKU02763,ST29,0.0,0.0,0.0,0.0
2025-09-23,SKU03607,ST29,3.0,3.0,0.0,0.0
2025-09-23,SKU03900,ST29,18.0,17.83407142857143,0.16592857142856943,0.16592857142856943
2025-09-23,SKU01629,ST30,14.0,13.96629696969697,0.033703030303030346,0.033703030303030346
2025-09-23,SKU02790,ST30,0.0,0.0,0.0,0.0
2025-09-24,SKU00001,ST01,0.0,0.0,0.0,0.0
2025-09-24,SKU01501,ST01,0.0,0.0,0.0,0.0
2025-09-24,SKU02073,ST02,0.0,0.0,0.0,0.0
2025-09-24,SKU04360,ST02,9.0,8.992333333333335,0.007666666666665378,0.007666666666665378
2025-09-24,SKU01180,ST03,0.0,0.0,0.0,0.0
2025-09-24,SKU02292,ST03,0.0,0.0,0.0,0.0
2025-09-24,SKU02719,ST03,0.0,0.0,0.0,0.0
2025-09-24,SKU03177,ST03,0.0,0.0,0.0,0.0
2025-09-24,SKU03576,ST03,0.0,0.0,0.0,0.0
2025-09-24,SKU03601,ST03,6.0,6.043666666666667,-0.04366666666666674,0.04366666666666674
2025-09-24,SKU00214,ST05,0.0,0.0,0.0,0.0
2025-09-24,SKU00483,ST05,0.0,0.0,0.0,0.0
2025-09-24,SKU03071,ST05,7.0,7.098333333333333,-0.09833333333333272,0.09833333333333272
2025-09-24,SKU04527,ST05,14.0,13.962666666666665,0.03733333333333455,0.03733333333333455
2025-09-24,SKU04934,ST05,9.0,8.999704761904763,0.000295238095237238,0.000295238095237238
2025-09-24,SKU00949,ST06,0.0,0.0,0.0,0.0
2025-09-24,SKU01050,ST06,0.0,0.0,0.0,0.0
2025-09-24,SKU02790,ST06,0.0,0.0,0.0,0.0
2025-09-24,SKU03015,ST06,0.0,0.0,0.0,0.0
2025-09-24,SKU04313,ST06,0.0,0.0,0.0,0.0
2025-09-24,SKU01675,ST07,0.0,0.0,0.0,0.0
2025-09-24,SKU01702,ST07,0.0,0.0,0.0,0.0
2025-09-24,SKU02563,ST07,11.0,10.980799999999999,0.019200000000001438,0.019200000000001438
2025-09-24,SKU03116,ST07,0.0,0.0,0.0,0.0
2025-09-24,SKU04503,ST08,0.0,0.0,0.0,0.0
2025-09-24,SKU03073,ST09,4.0,4.02,-0.019999999999999574,0.019999999999999574
2025-09-24,SKU00392,ST10,5.0,4.942999999999999,0.05700000000000127,0.05700000000000127
2025-09-24,SKU01058,ST10,0.0,0.0,0.0,0.0
2025-09-24,SKU04167,ST10,0.0,0.0,0.0,0.0
2025-09-24,SKU04826,ST10,14.0,13.9906,0.009399999999999409,0.009399999999999409
2025-09-24,SKU00734,ST11,0.0,0.0,0.0,0.0
2025-09-24,SKU01230,ST11,25.0,25.89331904761906,-0.8933190476190589,0.8933190476190589
2025-09-24,SKU04879,ST11,0.0,0.0,0.0,0.0
2025-09-24,SKU00391,ST12,19.0,19.060361904761905,-0.06036190476190484,0.06036190476190484
2025-09-24,SKU01506,ST12,0.0,0.0,0.0,0.0
2025-09-24,SKU02179,ST12,10.0,10.011933333333333,-0.011933333333333351,0.011933333333333351
2025-09-24,SKU04606,ST12,0.0,0.0,0.0,0.0
2025-09-24,SKU01148,ST13,0.0,0.0,0.0,0.0
2025-09-24,SKU03696,ST13,0.0,0.0,0.0,0.0
2025-09-24,SKU04190,ST13,0.0,0.0,0.0,0.0
2025-09-24,SKU04322,ST13,0.0,0.0,0.0,0.0
2025-09-24,SKU04453,ST13,0.0,0.0,0.0,0.0
2025-09-24,SKU02022,ST14,9.0,8.997038095238096,0.002961904761903611,0.002961904761903611
2025-09-24,SKU02994,ST14,20.0,20.11904761904762,-0.1190476190476204,0.1190476190476204
2025-09-24,SKU03239,ST15,8.0,8.440204761904763,-0.4402047619047629,0.4402047619047629
2025-09-24,SKU01180,ST16,0.0,0.0,0.0,0.0
2025-09-24,SKU01382,ST16,0.0,0.0,0.0,0.0
2025-09-24,SKU02606,ST16,17.0,17.098980952380956,-0.0989809523809555,0.0989809523809555
2025-09-24,SKU03262,ST16,11.0,10.9888,0.011200000000000543,0.011200000000000543
2025-09-24,SKU03962,ST16,0.0,0.0,0.0,0.0
2025-09-24,SKU00675,ST17,10.0,10.13822380952381,-0.13822380952380975,0.13822380952380975
2025-09-24,SKU04807,ST17,0.0,0.0,0.0,0.0
2025-09-24,SKU00966,ST18,0.0,0.0,0.0,0.0
2025-09-24,SKU03459,ST18,0.0,0.0,0.0,0.0
2025-09-24,SKU03690,ST18,0.0,0.0,0.0,0.0
2025-09-24,SKU04969,ST18,0.0,0.0,0.0,0.0
2025-09-24,SKU00293,ST20,0.0,0.0,0.0,0.0
2025-09-24,SKU00646,ST20,9.0,9.024666666666667,-0.024666666666666615,0.024666666666666615
2025-09-24,SKU01743,ST20,0.0,0.0,0.0,0.0
2025-09-24,SKU02571,ST21,0.0,0.0,0.0,0.0
2025-09-24,SKU03006,ST21,23.0,22.762436507936503,0.23756349206349725,0.23756349206349725
2025-09-24,SKU04313,ST21,16.0,15.861799999999997,0.138200000000003,0.138200000000003
2025-09-24,SKU04356,ST21,0.0,0.0,0.0,0.0
2025-09-24,SKU04634,ST21,19.0,19.421666666666663,-0.4216666666666633,0.4216666666666633
2025-09-24,SKU00258,ST22,16.0,16.31073333333333,-0.31073333333333153,0.31073333333333153
2025-09-24,SKU01944,ST22,0.0,0.0,0.0,0.0
2025-09-24,SKU02450,ST22,0.0,0.0,0.0,0.0
2025-09-24,SKU03055,ST22,0.0,0.0,0.0,0.0
2025-09-24,SKU03065,ST22,1.0,1.088,-0.08800000000000008,0.08800000000000008
2025-09-24,SKU03357,ST22,0.0,0.0,0.0,0.0
2025-09-24,SKU03844,ST23,16.0,16.006,-0.006000000000000227,0.006000000000000227
2025-09-24,SKU04413,ST23,0.0,0.0,0.0,0.0
2025-09-24,SKU01655,ST24,0.0,0.0,0.0,0.0
2025-09-24,SKU02884,ST24,7.0,7.006666666666667,-0.006666666666666821,0.006666666666666821
2025-09-24,SKU04855,ST24,0.0,0.0,0.0,0.0
2025-09-24,SKU00258,ST25,0.0,0.0,0.0,0.0
2025-09-24,SKU00427,ST25,22.0,21.950422222222223,0.0495777777777775,0.0495777777777775
2025-09-24,SKU00530,ST25,0.0,0.0,0.0,0.0
2025-09-24,SKU00872,ST25,22.0,22.352390476190475,-0.35239047619047525,0.35239047619047525
2025-09-24,SKU01023,ST25,0.0,0.0,0.0,0.0
2025-09-24,SKU02763,ST25,11.0,11.113333333333332,-0.11333333333333151,0.11333333333333151
2025-09-24,SKU01695,ST26,0.0,0.0,0.0,0.0
2025-09-24,SKU04643,ST26,0.0,0.0,0.0,0.0
2025-09-24,SKU00907,ST27,0.0,0.0,0.0,0.0
2025-09-24,SKU04166,ST27,0.0,0.0,0.0,0.0
2025-09-24,SKU04393,ST27,0.0,0.0,0.0,0.0
2025-09-24,SKU04493,ST27,0.0,0.0,0.0,0.0
2025-09-24,SKU01011,ST28,0.0,0.0,0.0,0.0
2025-09-24,SKU02593,ST28,0.0,0.0,0.0,0.0
2025-09-24,SKU03911,ST28,0.0,0.0,0.0,0.0
2025-09-24,SKU00274,ST29,0.0,0.0,0.0,0.0
2025-09-24,SKU01210,ST29,0.0,0.0,0.0,0.0
2025-09-24,SKU02763,ST29,0.0,0.0,0.0,0.0
2025-09-24,SKU02790,ST30,0.0,0.0,0.0,0.0
2025-09-25,SKU00001,ST01,0.0,0.0,0.0,0.0
2025-09-25,SKU01501,ST01,0.0,0.0,0.0,0.0
2025-09-25,SKU03991,ST01,14.0,13.630333333333335,0.3696666666666655,0.3696666666666655
2025-09-25,SKU04742,ST01,18.0,18.071942857142858,-0.07194285714285797,0.07194285714285797
2025-09-25,SKU01023,ST02,9.0,9.008,-0.007999999999999119,0.007999999999999119
2025-09-25,SKU02073,ST02,0.0,0.0,0.0,0.0
2025-09-25,SKU03808,ST02,8.0,7.951733333333332,0.04826666666666757,0.04826666666666757
2025-09-25,SKU01180,ST03,0.0,0.0,0.0,0.0
2025-09-25,SKU02292,ST03,0.0,0.0,0.0,0.0
2025-09-25,SKU02719,ST03,0.0,0.0,0.0,0.0
2025-09-25,SKU03177,ST03,4.0,4.025333333333333,-0.025333333333333208,0.025333333333333208
2025-09-25,SKU03360,ST03,17.0,17.379014285714284,-0.37901428571428397,0.37901428571428397
2025-09-25,SKU03576,ST03,0.0,0.0,0.0,0.0
2025-09-25,SKU03587,ST03,33.0,28.173900000000007,4.826099999999993,4.826099999999993
2025-09-25,SKU01028,ST04,7.0,7.0,0.0,0.0
2025-09-25,SKU02641,ST04,21.0,21.198866666666667,-0.1988666666666674,0.1988666666666674
2025-09-25,SKU03806,ST04,18.0,18.133038095238092,-0.13303809523809207,0.13303809523809207
2025-09-25,SKU00057,ST05,16.0,15.923474603174604,0.07652539682539583,0.07652539682539583
2025-09-25,SKU00214,ST05,0.0,0.0,0.0,0.0
2025-09-25,SKU00483,ST05,0.0,0.0,0.0,0.0
2025-09-25,SKU00949,ST06,0.0,0.0,0.0,0.0
2025-09-25,SKU02790,ST06,0.0,0.0,0.0,0.0
2025-09-25,SKU03015,ST06,0.0,0.0,0.0,0.0
2025-09-25,SKU04313,ST06,0.0,0.0,0.0,0.0
2025-09-25,SKU01326,ST07,12.0,11.929819047619047,0.07018095238095334,0.07018095238095334
2025-09-25,SKU01675,ST07,9.0,8.9152,0.08479999999999954,0.08479999999999954
2025-09-25,SKU01702,ST07,0.0,0.0,0.0,0.0
2025-09-25,SKU03116,ST07,0.0,0.0,0.0,0.0
2025-09-25,SKU04503,ST08,0.0,0.0,0.0,0.0
2025-09-25,SKU01058,ST10,0.0,0.0,0.0,0.0
2025-09-25,SKU04167,ST10,0.0,0.0,0.0,0.0
2025-09-25,SKU00734,ST11,0.0,0.0,0.0,0.0
2025-09-25,SKU03360,ST11,7.0,6.880420634920633,0.11957936507936662,0.11957936507936662
2025-09-25,SKU03755,ST11,6.0,5.999666666666666,0.0003333333333337407,0.0003333333333337407
2025-09-25,SKU04879,ST11,0.0,0.0,0.0,0.0
2025-09-25,SKU04976,ST11,8.0,8.051066666666667,-0.05106666666666726,0.05106666666666726
2025-09-25,SKU01506,ST12,0.0,0.0,0.0,0.0
2025-09-25,SKU04606,ST12,0.0,0.0,0.0,0.0
2025-09-25,SKU01651,ST13,14.0,14.265400000000001,-0.2654000000000014,0.2654000000000014
2025-09-25,SKU02332,ST13,16.0,17.13927936507936,-1.1392793650793607,1.1392793650793607
2025-09-25,SKU03051,ST13,10.0,10.216201587301587,-0.21620158730158678,0.21620158730158678
2025-09-25,SKU03696,ST13,0.0,0.0,0.0,0.0
2025-09-25,SKU04190,ST13,0.0,0.0,0.0,0.0
2025-09-25,SKU04322,ST13,0.0,0.0,0.0,0.0
2025-09-25,SKU04453,ST13,0.0,0.0,0.0,0.0
2025-09-25,SKU01826,ST14,28.0,28.056612698412685,-0.05661269841268535,0.05661269841268535
2025-09-25,SKU01180,ST16,0.0,0.0,0.0,0.0
2025-09-25,SKU01382,ST16,0.0,0.0,0.0,0.0
2025-09-25,SKU03070,ST16,22.0,21.725720634920638,0.27427936507936224,0.27427936507936224
2025-09-25,SKU03962,ST16,0.0,0.0,0.0,0.0
2025-09-25,SKU00288,ST17,3.0,3.0403333333333333,-0.04033333333333333,0.04033333333333333
2025-09-25,SKU02450,ST17,7.0,7.008,-0.008000000000000007,0.008000000000000007
2025-09-25,SKU02466,ST17,7.0,7.002,-0.0019999999999997797,0.0019999999999997797
2025-09-25,SKU04807,ST17,0.0,0.0,0.0,0.0
2025-09-25,SKU00966,ST18,0.0,0.0,0.0,0.0
2025-09-25,SKU03218,ST18,11.0,10.926666666666668,0.07333333333333236,0.07333333333333236
2025-09-25,SKU03459,ST18,0.0,0.0,0.0,0.0
2025-09-25,SKU03690,ST18,0.0,0.0,0.0,0.0
2025-09-25,SKU04969,ST18,7.0,6.9943333333333335,0.005666666666666487,0.005666666666666487
2025-09-25,SKU04008,ST19,18.0,18.806914285714296,-0.8069142857142957,0.8069142857142957
2025-09-25,SKU00293,ST20,0.0,0.0,0.0,0.0
2025-09-25,SKU04096,ST20,3.0,3.283428571428572,-0.2834285714285718,0.2834285714285718
2025-09-25,SKU04853,ST20,17.0,17.07700952380952,-0.07700952380951875,0.07700952380951875
2025-09-25,SKU02571,ST21,0.0,0.0,0.0,0.0
2025-09-25,SKU04356,ST21,0.0,0.0,0.0,0.0
2025-09-25,SKU01944,ST22,0.0,0.0,0.0,0.0
2025-09-25,SKU02408,ST22,20.0,19.803933333333333,0.19606666666666683,0.19606666666666683
2025-09-25,SKU02450,ST22,0.0,0.0,0.0,0.0
2025-09-25,SKU03055,ST22,0.0,0.0,0.0,0.0
2025-09-25,SKU00793,ST23,4.0,4.004,-0.0039999999999995595,0.0039999999999995595
2025-09-25,SKU03467,ST23,10.0,10.030666666666667,-0.030666666666666842,0.030666666666666842
2025-09-25,SKU04413,ST23,0.0,0.0,0.0,0.0
2025-09-25,SKU01655,ST24,7.0,6.984666666666667,0.015333333333333421,0.015333333333333421
2025-09-25,SKU02101,ST24,13.0,13.017666666666667,-0.01766666666666694,0.01766666666666694
2025-09-25,SKU04802,ST24,3.0,3.1419333333333332,-0.14193333333333324,0.14193333333333324
2025-09-25,SKU04855,ST24,0.0,0.0,0.0,0.0
2025-09-25,SKU00258,ST25,0.0,0.0,0.0,0.0
2025-09-25,SKU00530,ST25,0.0,0.0,0.0,0.0
2025-09-25,SKU01023,ST25,0.0,0.0,0.0,0.0
2025-09-25,SKU03123,ST25,9.0,8.994666666666665,0.005333333333334522,0.005333333333334522
2025-09-25,SKU00222,ST26,14.0,13.963133333333333,0.0368666666666666,0.0368666666666666
2025-09-25,SKU01695,ST26,0.0,0.0,0.0,0.0
2025-09-25,SKU02477,ST26,13.0,13.007333333333333,-0.007333333333333414,0.007333333333333414
2025-09-25,SKU04643,ST26,0.0,0.0,0.0,0.0
2025-09-25,SKU00907,ST27,0.0,0.0,0.0,0.0
2025-09-25,SKU04166,ST27,0.0,0.0,0.0,0.0
2025-09-25,SKU04393,ST27,0.0,0.0,0.0,0.0
2025-09-25,SKU04493,ST27,0.0,0.0,0.0,0.0
2025-09-25,SKU00113,ST28,11.0,11.044733333333333,-0.04473333333333329,0.04473333333333329
2025-09-25,SKU01011,ST28,0.0,0.0,0.0,0.0
2025-09-25,SKU02593,ST28,0.0,0.0,0.0,0.0
2025-09-25,SKU03911,ST28,0.0,0.0,0.0,0.0
2025-09-25,SKU00274,ST29,0.0,0.0,0.0,0.0
2025-09-25,SKU01210,ST29,0.0,0.0,0.0,0.0
2025-09-25,SKU02763,ST29,0.0,0.0,0.0,0.0
2025-09-25,SKU04847,ST29,20.0,20.004304761904763,-0.0043047619047626995,0.0043047619047626995
2025-09-25,SKU02790,ST30,0.0,0.0,0.0,0.0
2025-09-26,SKU00001,ST01,0.0,0.0,0.0,0.0
2025-09-26,SKU01348,ST01,3.0,3.2846523809523807,-0.28465238095238066,0.28465238095238066
2025-09-26,SKU01501,ST01,0.0,0.0,0.0,0.0
2025-09-26,SKU00115,ST02,5.0,4.998,0.0019999999999997797,0.0019999999999997797
2025-09-26,SKU01624,ST02,4.0,4.031,-0.030999999999999694,0.030999999999999694
2025-09-26,SKU01749,ST02,4.0,4.019466666666666,-0.0194666666666663,0.0194666666666663
2025-09-26,SKU02073,ST02,0.0,0.0,0.0,0.0
2025-09-26,SKU02752,ST02,8.0,7.977666666666667,0.022333333333333094,0.022333333333333094
2025-09-26,SKU02879,ST02,3.0,3.026666666666667,-0.02666666666666684,0.02666666666666684
2025-09-26,SKU01180,ST03,0.0,0.0,0.0,0.0
2025-09-26,SKU02292,ST03,0.0,0.0,0.0,0.0
2025-09-26,SKU02719,ST03,0.0,0.0,0.0,0.0
2025-09-26,SKU03576,ST03,0.0,0.0,0.0,0.0
2025-09-26,SKU00214,ST05,0.0,0.0,0.0,0.0
2025-09-26,SKU00483,ST05,0.0,0.0,0.0,0.0
2025-09-26,SKU00949,ST06,0.0,0.0,0.0,0.0
2025-09-26,SKU02790,ST06,0.0,0.0,0.0,0.0
2025-09-26,SKU03015,ST06,0.0,0.0,0.0,0.0
2025-09-26,SKU04313,ST06,0.0,0.0,0.0,0.0
2025-09-26,SKU01702,ST07,0.0,0.0,0.0,0.0
2025-09-26,SKU03116,ST07,0.0,0.0,0.0,0.0
2025-09-26,SKU04493,ST07,8.0,8.009333333333332,-0.009333333333332305,0.009333333333332305
2025-09-26,SKU04503,ST08,0.0,0.0,0.0,0.0
2025-09-26,SKU02991,ST09,7.0,6.970666666666666,0.029333333333333655,0.029333333333333655
2025-09-26,SKU01058,ST10,0.0,0.0,0.0,0.0
2025-09-26,SKU04167,ST10,0.0,0.0,0.0,0.0
2025-09-26,SKU00734,ST11,0.0,0.0,0.0,0.0
2025-09-26,SKU04879,ST11,0.0,0.0,0.0,0.0
2025-09-26,SKU01506,ST12,0.0,0.0,0.0,0.0
2025-09-26,SKU04284,ST12,9.0,8.997333333333334,0.002666666666666373,0.002666666666666373
2025-09-26,SKU04606,ST12,0.0,0.0,0.0,0.0
2025-09-26,SKU00089,ST13,20.0,20.12118095238095,-0.12118095238094995,0.12118095238094995
2025-09-26,SKU00207,ST13,13.0,12.990000000000002,0.00999999999999801,0.00999999999999801
2025-09-26,SKU03110,ST13,30.0,30.13577142857143,-0.13577142857143087,0.13577142857143087
2025-09-26,SKU03696,ST13,0.0,0.0,0.0,0.0
2025-09-26,SKU04190,ST13,0.0,0.0,0.0,0.0
2025-09-26,SKU04322,ST13,0.0,0.0,0.0,0.0
2025-09-26,SKU04453,ST13,0.0,0.0,0.0,0.0
2025-09-26,SKU00263,ST15,18.0,18.14455873015873,-0.14455873015873166,0.14455873015873166
2025-09-26,SKU00128,ST16,0.0,0.001,-0.001,0.001
2025-09-26,SKU01180,ST16,0.0,0.0,0.0,0.0
2025-09-26,SKU01382,ST16,0.0,0.0,0.0,0.0
2025-09-26,SKU02865,ST16,8.0,7.999866666666667,0.00013333333333331865,0.00013333333333331865
2025-09-26,SKU03962,ST16,0.0,0.0,0.0,0.0
2025-09-26,SKU00477,ST17,21.0,21.1582,-0.15820000000000078,0.15820000000000078
2025-09-26,SKU04807,ST17,0.0,0.0,0.0,0.0
2025-09-26,SKU00966,ST18,0.0,0.0,0.0,0.0
2025-09-26,SKU02516,ST18,9.0,9.013599999999999,-0.013599999999998502,0.013599999999998502
2025-09-26,SKU03459,ST18,0.0,0.0,0.0,0.0
2025-09-26,SKU03690,ST18,0.0,0.0,0.0,0.0
2025-09-26,SKU04726,ST18,13.0,13.348323809523816,-0.3483238095238157,0.3483238095238157
2025-09-26,SKU01379,ST19,1.0,1.0593333333333332,-0.05933333333333324,0.05933333333333324
2025-09-26,SKU03781,ST19,3.0,3.2396857142857143,-0.23968571428571428,0.23968571428571428
2025-09-26,SKU04190,ST19,9.0,8.802133333333336,0.19786666666666441,0.19786666666666441
2025-09-26,SKU04349,ST19,3.0,3.1761999999999997,-0.1761999999999997,0.1761999999999997
2025-09-26,SKU00293,ST20,8.0,7.975019047619047,0.024980952380952992,0.024980952380952992
2025-09-26,SKU00433,ST20,10.0,10.0012,-0.001200000000000756,0.001200000000000756
2025-09-26,SKU02571,ST21,0.0,0.0,0.0,0.0
2025-09-26,SKU04356,ST21,0.0,0.0,0.0,0.0
2025-09-26,SKU01944,ST22,0.0,0.0,0.0,0.0
2025-09-26,SKU02450,ST22,0.0,0.0,0.0,0.0
2025-09-26,SKU03055,ST22,0.0,0.0,0.0,0.0
2025-09-26,SKU04911,ST22,4.0,4.000333333333334,-0.0003333333333337407,0.0003333333333337407
2025-09-26,SKU00989,ST23,5.0,4.99,0.009999999999999787,0.009999999999999787
2025-09-26,SKU02278,ST23,17.0,17.440828571428575,-0.44082857142857534,0.44082857142857534
2025-09-26,SKU04413,ST23,0.0,0.0,0.0,0.0
2025-09-26,SKU04855,ST24,0.0,0.0,0.0,0.0
2025-09-26,SKU00258,ST25,0.0,0.0,0.0,0.0
2025-09-26,SKU00530,ST25,0.0,0.0,0.0,0.0
2025-09-26,SKU01023,ST25,0.0,0.0,0.0,0.0
2025-09-26,SKU01632,ST25,30.0,31.240909523809528,-1.2409095238095276,1.2409095238095276
2025-09-26,SKU01695,ST26,0.0,0.0,0.0,0.0
2025-09-26,SKU04643,ST26,0.0,0.0,0.0,0.0
2025-09-26,SKU00907,ST27,0.0,0.0,0.0,0.0
2025-09-26,SKU04166,ST27,0.0,0.0,0.0,0.0
2025-09-26,SKU04393,ST27,0.0,0.0,0.0,0.0
2025-09-26,SKU04493,ST27,0.0,0.0,0.0,0.0
2025-09-26,SKU01011,ST28,18.0,18.15942380952381,-0.1594238095238083,0.1594238095238083
2025-09-26,SKU01170,ST28,24.0,23.844271428571428,0.15572857142857188,0.15572857142857188
2025-09-26,SKU02593,ST28,0.0,0.0,0.0,0.0
2025-09-26,SKU03911,ST28,0.0,0.0,0.0,0.0
2025-09-26,SKU00012,ST29,35.0,34.67464285714286,0.32535714285714334,0.32535714285714334
2025-09-26,SKU00274,ST29,0.0,0.0,0.0,0.0
2025-09-26,SKU01210,ST29,0.0,0.0,0.0,0.0
2025-09-26,SKU02763,ST29,0.0,0.0,0.0,0.0
2025-09-26,SKU03505,ST29,30.0,29.82580952380953,0.17419047619047134,0.17419047619047134
2025-09-26,SKU02790,ST30,0.0,0.0,0.0,0.0
2025-09-27,SKU00001,ST01,0.0,0.0,0.0,0.0
2025-09-27,SKU01501,ST01,0.0,0.0,0.0,0.0
2025-09-27,SKU00760,ST02,0.0,0.0,0.0,0.0
2025-09-27,SKU02073,ST02,0.0,0.0,0.0,0.0
2025-09-27,SKU01180,ST03,0.0,0.0,0.0,0.0
2025-09-27,SKU02292,ST03,0.0,0.0,0.0,0.0
2025-09-27,SKU02719,ST03,0.0,0.0,0.0,0.0
2025-09-27,SKU03576,ST03,0.0,0.0,0.0,0.0
2025-09-27,SKU03083,ST04,0.0,0.0,0.0,0.0
2025-09-27,SKU04700,ST04,13.0,12.996666666666666,0.0033333333333338544,0.0033333333333338544
2025-09-27,SKU00214,ST05,0.0,0.0,0.0,0.0
2025-09-27,SKU00483,ST05,0.0,0.0,0.0,0.0
2025-09-27,SKU00949,ST06,0.0,0.0,0.0,0.0
2025-09-27,SKU02790,ST06,0.0,0.0,0.0,0.0
2025-09-27,SKU03015,ST06,0.0,0.0,0.0,0.0
2025-09-27,SKU04313,ST06,0.0,0.0,0.0,0.0
2025-09-27,SKU04485,ST06,0.0,0.0,0.0,0.0
2025-09-27,SKU01702,ST07,0.0,0.0,0.0,0.0
2025-09-27,SKU03116,ST07,0.0,0.0,0.0,0.0
2025-09-27,SKU04503,ST08,0.0,0.0,0.0,0.0
2025-09-27,SKU04600,ST09,11.0,11.146333333333335,-0.14633333333333454,0.14633333333333454
2025-09-27,SKU01058,ST10,0.0,0.0,0.0,0.0
2025-09-27,SKU04167,ST10,0.0,0.0,0.0,0.0
2025-09-27,SKU00734,ST11,0.0,0.0,0.0,0.0
2025-09-27,SKU03205,ST11,7.0,7.018666666666667,-0.018666666666667275,0.018666666666667275
2025-09-27,SKU04879,ST11,0.0,0.0,0.0,0.0
2025-09-27,SKU01506,ST12,0.0,0.0,0.0,0.0
2025-09-27,SKU04606,ST12,0.0,0.0,0.0,0.0
2025-09-27,SKU00923,ST13,27.0,26.961800000000007,0.038199999999992684,0.038199999999992684
2025-09-27,SKU03696,ST13,0.0,0.0,0.0,0.0
2025-09-27,SKU04190,ST13,0.0,0.0,0.0,0.0
2025-09-27,SKU04322,ST13,0.0,0.0,0.0,0.0
2025-09-27,SKU04453,ST13,0.0,0.0,0.0,0.0
2025-09-27,SKU04980,ST13,3.0,3.0030666666666668,-0.003066666666666773,0.003066666666666773
2025-09-27,SKU02687,ST14,9.0,8.983866666666668,0.016133333333332445,0.016133333333332445
2025-09-27,SKU01086,ST15,3.0,3.003,-0.0030000000000001137,0.0030000000000001137
2025-09-27,SKU02649,ST15,2.0,2.008,-0.008000000000000007,0.008000000000000007
2025-09-27,SKU01180,ST16,0.0,0.0,0.0,0.0
2025-09-27,SKU01382,ST16,0.0,0.0,0.0,0.0
2025-09-27,SKU03890,ST16,14.0,14.071333333333332,-0.0713333333333317,0.0713333333333317
2025-09-27,SKU03962,ST16,0.0,0.0,0.0,0.0
2025-09-27,SKU02776,ST17,15.0,15.101966666666664,-0.1019666666666641,0.1019666666666641
2025-09-27,SKU04807,ST17,0.0,0.0,0.0,0.0
2025-09-27,SKU00487,ST18,22.0,22.2731,-0.27309999999999945,0.27309999999999945
2025-09-27,SKU00966,ST18,0.0,0.0,0.0,0.0
2025-09-27,SKU01807,ST18,0.0,0.0,0.0,0.0
2025-09-27,SKU03459,ST18,0.0,0.0,0.0,0.0
2025-09-27,SKU03690,ST18,0.0,0.0,0.0,0.0
2025-09-27,SKU02481,ST19,14.0,13.958,0.041999999999999815,0.041999999999999815
2025-09-27,SKU02571,ST21,0.0,0.0,0.0,0.0
2025-09-27,SKU04356,ST21,0.0,0.0,0.0,0.0
2025-09-27,SKU00386,ST22,21.0,20.930899999999998,0.06910000000000238,0.06910000000000238
2025-09-27,SKU01944,ST22,0.0,0.0,0.0,0.0
2025-09-27,SKU02450,ST22,0.0,0.0,0.0,0.0
2025-09-27,SKU03055,ST22,0.0,0.0,0.0,0.0
2025-09-27,SKU00633,ST23,33.0,32.91418412698412,0.085815873015882,0.085815873015882
2025-09-27,SKU00726,ST23,6.0,6.004,-0.0039999999999995595,0.0039999999999995595
2025-09-27,SKU04413,ST23,0.0,0.0,0.0,0.0
2025-09-27,SKU00960,ST24,17.0,16.954666666666668,0.04533333333333189,0.04533333333333189
2025-09-27,SKU03439,ST24,13.0,12.85886666666667,0.14113333333333067,0.14113333333333067
2025-09-27,SKU04855,ST24,0.0,0.0,0.0,0.0
2025-09-27,SKU00258,ST25,0.0,0.0,0.0,0.0
2025-09-27,SKU00530,ST25,0.0,0.0,0.0,0.0
2025-09-27,SKU01023,ST25,0.0,0.0,0.0,0.0
2025-09-27,SKU03327,ST25,11.0,11.127,-0.12700000000000067,0.12700000000000067
2025-09-27,SKU04540,ST25,5.0,4.992,0.008000000000000007,0.008000000000000007
2025-09-27,SKU01695,ST26,0.0,0.0,0.0,0.0
2025-09-27,SKU04643,ST26,0.0,0.0,0.0,0.0
2025-09-27,SKU00907,ST27,0.0,0.0,0.0,0.0
2025-09-27,SKU04166,ST27,0.0,0.0,0.0,0.0
2025-09-27,SKU04393,ST27,0.0,0.0,0.0,0.0
2025-09-27,SKU04493,ST27,0.0,0.0,0.0,0.0
2025-09-27,SKU02530,ST28,22.0,22.172507359307357,-0.17250735930735672,0.17250735930735672
2025-09-27,SKU02593,ST28,0.0,0.0,0.0,0.0
2025-09-27,SKU03344,ST28,6.0,5.950666666666666,0.04933333333333412,0.04933333333333412
2025-09-27,SKU03911,ST28,0.0,0.0,0.0,0.0
2025-09-27,SKU04465,ST28,12.0,12.014,-0.013999999999999346,0.013999999999999346
2025-09-27,SKU00274,ST29,0.0,0.0,0.0,0.0
2025-09-27,SKU01210,ST29,0.0,0.0,0.0,0.0
2025-09-27,SKU01477,ST29,49.0,48.723126984127006,0.27687301587299373,0.27687301587299373
2025-09-27,SKU02346,ST29,12.0,11.880419047619046,0.11958095238095368,0.11958095238095368
2025-09-27,SKU02763,ST29,0.0,0.0,0.0,0.0
2025-09-27,SKU00483,ST30,10.0,10.021333333333335,-0.021333333333334537,0.021333333333334537
2025-09-27,SKU02790,ST30,0.0,0.0,0.0,0.0
2025-09-28,SKU00001,ST01,0.0,0.0,0.0,0.0
2025-09-28,SKU00825,ST01,22.0,22.43516666666667,-0.4351666666666709,0.4351666666666709
2025-09-28,SKU01501,ST01,0.0,0.0,0.0,0.0
2025-09-28,SKU02500,ST01,29.0,28.85445714285715,0.14554285714284987,0.14554285714284987
2025-09-28,SKU01996,ST02,8.0,8.074666666666666,-0.07466666666666555,0.07466666666666555
2025-09-28,SKU02073,ST02,0.0,0.0,0.0,0.0
2025-09-28,SKU01180,ST03,0.0,0.0,0.0,0.0
2025-09-28,SKU02292,ST03,0.0,0.0,0.0,0.0
2025-09-28,SKU02719,ST03,0.0,0.0,0.0,0.0
2025-09-28,SKU03576,ST03,0.0,0.0,0.0,0.0
2025-09-28,SKU00649,ST04,13.0,12.954000000000002,0.0459999999999976,0.0459999999999976
2025-09-28,SKU00214,ST05,0.0,0.0,0.0,0.0
2025-09-28,SKU00483,ST05,0.0,0.0,0.0,0.0
2025-09-28,SKU00949,ST06,0.0,0.0,0.0,0.0
2025-09-28,SKU02790,ST06,0.0,0.0,0.0,0.0
2025-09-28,SKU03015,ST06,6.0,5.9996,0.00039999999999995595,0.00039999999999995595
2025-09-28,SKU04313,ST06,0.0,0.0,0.0,0.0
2025-09-28,SKU01702,ST07,0.0,0.0,0.0,0.0
2025-09-28,SKU03116,ST07,0.0,0.0,0.0,0.0
2025-09-28,SKU04503,ST08,0.0,0.0,0.0,0.0
2025-09-28,SKU01058,ST10,31.0,30.432714285714287,0.5672857142857133,0.5672857142857133
2025-09-28,SKU04167,ST10,0.0,0.0,0.0,0.0
2025-09-28,SKU00561,ST11,5.0,4.998,0.0019999999999997797,0.0019999999999997797
2025-09-28,SKU00734,ST11,0.0,0.0,0.0,0.0
2025-09-28,SKU04879,ST11,0.0,0.0,0.0,0.0
2025-09-28,SKU01064,ST12,32.0,32.031917460317445,-0.03191746031744458,0.03191746031744458
2025-09-28,SKU01506,ST12,0.0,0.0,0.0,0.0
2025-09-28,SKU02313,ST12,19.0,19.026066666666665,-0.026066666666665128,0.026066666666665128
2025-09-28,SKU04606,ST12,0.0,0.0,0.0,0.0
2025-09-28,SKU03696,ST13,32.0,34.96984444444445,-2.9698444444444476,2.9698444444444476
2025-09-28,SKU04190,ST13,0.0,0.0,0.0,0.0
2025-09-28,SKU04322,ST13,0.0,0.0,0.0,0.0
2025-09-28,SKU04453,ST13,0.0,0.0,0.0,0.0
2025-09-28,SKU01632,ST14,8.0,7.979133333333333,0.02086666666666659,0.02086666666666659
2025-09-28,SKU04347,ST14,23.0,22.95734285714286,0.042657142857141395,0.042657142857141395
2025-09-28,SKU01086,ST15,0.0,0.0,0.0,0.0
2025-09-28,SKU03588,ST15,6.0,6.072666666666667,-0.07266666666666666,0.07266666666666666
2025-09-28,SKU01180,ST16,0.0,0.0,0.0,0.0
2025-09-28,SKU01382,ST16,0.0,0.0,0.0,0.0
2025-09-28,SKU03962,ST16,0.0,0.0,0.0,0.0
2025-09-28,SKU02751,ST17,0.0,0.0,0.0,0.0
2025-09-28,SKU04773,ST17,20.0,20.05977142857143,-0.05977142857143036,0.05977142857143036
2025-09-28,SKU04807,ST17,0.0,0.0,0.0,0.0
2025-09-28,SKU00966,ST18,0.0,0.0,0.0,0.0
2025-09-28,SKU01763,ST18,28.0,29.496728571428566,-1.4967285714285659,1.4967285714285659
2025-09-28,SKU03459,ST18,0.0,0.0,0.0,0.0
2025-09-28,SKU03690,ST18,0.0,0.0,0.0,0.0
2025-09-28,SKU00873,ST19,21.0,20.897733333333328,0.10226666666667228,0.10226666666667228
2025-09-28,SKU01667,ST19,23.0,23.437409523809514,-0.4374095238095137,0.4374095238095137
2025-09-28,SKU00592,ST21,38.0,40.63217460317464,-2.63217460317464,2.63217460317464
2025-09-28,SKU01304,ST21,1.0,1.0726666666666664,-0.07266666666666644,0.07266666666666644
2025-09-28,SKU02571,ST21,0.0,0.0,0.0,0.0
2025-09-28,SKU04356,ST21,0.0,0.0,0.0,0.0
2025-09-28,SKU04769,ST21,1.0,1.470980952380952,-0.47098095238095206,0.47098095238095206
2025-09-28,SKU01944,ST22,0.0,0.0,0.0,0.0
2025-09-28,SKU02450,ST22,0.0,0.0,0.0,0.0
2025-09-28,SKU03055,ST22,0.0,0.0,0.0,0.0
2025-09-28,SKU04413,ST23,0.0,0.0,0.0,0.0
2025-09-28,SKU00560,ST24,6.0,5.979,0.020999999999999908,0.020999999999999908
2025-09-28,SKU04855,ST24,0.0,0.0,0.0,0.0
2025-09-28,SKU00258,ST25,0.0,0.0,0.0,0.0
2025-09-28,SKU00530,ST25,0.0,0.0,0.0,0.0
2025-09-28,SKU01023,ST25,0.0,0.0,0.0,0.0
2025-09-28,SKU01695,ST26,0.0,0.0,0.0,0.0
2025-09-28,SKU04643,ST26,0.0,0.0,0.0,0.0
2025-09-28,SKU00907,ST27,0.0,0.0,0.0,0.0
2025-09-28,SKU04166,ST27,0.0,0.0,0.0,0.0
2025-09-28,SKU04393,ST27,0.0,0.0,0.0,0.0
2025-09-28,SKU04493,ST27,12.0,12.062466666666666,-0.06246666666666556,0.06246666666666556
2025-09-28,SKU02593,ST28,0.0,0.0,0.0,0.0
2025-09-28,SKU03911,ST28,9.0,9.0396,-0.03960000000000008,0.03960000000000008
2025-09-28,SKU04160,ST28,19.0,18.911799999999996,0.08820000000000405,0.08820000000000405
2025-09-28,SKU00274,ST29,6.0,5.917333333333333,0.08266666666666733,0.08266666666666733
2025-09-28,SKU00767,ST29,10.0,10.013333333333332,-0.013333333333331865,0.013333333333331865
2025-09-28,SKU01210,ST29,0.0,0.0,0.0,0.0
2025-09-28,SKU01600,ST29,32.0,31.522357142857146,0.4776428571428539,0.4776428571428539
2025-09-28,SKU02763,ST29,0.0,0.0,0.0,0.0
2025-09-28,SKU02790,ST30,0.0,0.0,0.0,0.0
2025-09-28,SKU04918,ST30,2.0,2.5897238095238087,-0.5897238095238087,0.5897238095238087
2025-09-29,SKU00001,ST01,0.0,0.0,0.0,0.0
2025-09-29,SKU00246,ST01,18.0,18.192423809523806,-0.192423809523806,0.192423809523806
2025-09-29,SKU01501,ST01,0.0,0.0,0.0,0.0
2025-09-29,SKU02534,ST01,29.0,29.106700000000014,-0.10670000000001423,0.10670000000001423
2025-09-29,SKU02073,ST02,0.0,0.0,0.0,0.0
2025-09-29,SKU03174,ST02,14.0,14.24639682539683,-0.24639682539683072,0.24639682539683072
2025-09-29,SKU01180,ST03,0.0,0.0,0.0,0.0
2025-09-29,SKU02292,ST03,0.0,0.0,0.0,0.0
2025-09-29,SKU02719,ST03,0.0,0.0,0.0,0.0
2025-09-29,SKU03576,ST03,0.0,0.0,0.0,0.0
2025-09-29,SKU01972,ST04,31.0,32.08589365079366,-1.0858936507936576,1.0858936507936576
2025-09-29,SKU00214,ST05,0.0,0.0,0.0,0.0
2025-09-29,SKU00483,ST05,12.0,11.940333333333331,0.05966666666666853,0.05966666666666853
2025-09-29,SKU00949,ST06,0.0,0.0,0.0,0.0
2025-09-29,SKU01383,ST06,9.0,8.975666666666665,0.02433333333333465,0.02433333333333465
2025-09-29,SKU02790,ST06,0.0,0.0,0.0,0.0
2025-09-29,SKU04313,ST06,0.0,0.0,0.0,0.0
2025-09-29,SKU01702,ST07,0.0,0.0,0.0,0.0
2025-09-29,SKU03116,ST07,0.0,0.0,0.0,0.0
2025-09-29,SKU04503,ST08,0.0,0.0,0.0,0.0
2025-09-29,SKU00727,ST10,7.0,7.034133333333333,-0.03413333333333313,0.03413333333333313
2025-09-29,SKU04167,ST10,0.0,0.0,0.0,0.0
2025-09-29,SKU00734,ST11,0.0,0.0,0.0,0.0
2025-09-29,SKU04879,ST11,0.0,0.0,0.0,0.0
2025-09-29,SKU01506,ST12,0.0,0.0,0.0,0.0
2025-09-29,SKU04606,ST12,0.0,0.0,0.0,0.0
2025-09-29,SKU04190,ST13,0.0,0.0,0.0,0.0
2025-09-29,SKU04322,ST13,0.0,0.0,0.0,0.0
2025-09-29,SKU04453,ST13,0.0,0.0,0.0,0.0
2025-09-29,SKU01726,ST14,16.0,16.169533333333337,-0.1695333333333373,0.1695333333333373
2025-09-29,SKU01086,ST15,0.0,0.0,0.0,0.0
2025-09-29,SKU04931,ST15,17.0,16.923747619047624,0.07625238095237563,0.07625238095237563
2025-09-29,SKU01180,ST16,0.0,0.0,0.0,0.0
2025-09-29,SKU01382,ST16,0.0,0.0,0.0,0.0
2025-09-29,SKU03962,ST16,0.0,0.0,0.0,0.0
2025-09-29,SKU04366,ST16,18.0,17.92986666666667,0.07013333333333094,0.07013333333333094
2025-09-29,SKU00181,ST17,10.0,10.058333333333332,-0.058333333333331794,0.058333333333331794
2025-09-29,SKU03632,ST17,12.0,12.134666666666664,-0.13466666666666427,0.13466666666666427
2025-09-29,SKU04807,ST17,0.0,0.0,0.0,0.0
2025-09-29,SKU00966,ST18,0.0,0.0,0.0,0.0
2025-09-29,SKU03459,ST18,0.0,0.0,0.0,0.0
2025-09-29,SKU03681,ST18,3.0,2.99,0.009999999999999787,0.009999999999999787
2025-09-29,SKU03690,ST18,0.0,0.0,0.0,0.0
2025-09-29,SKU00195,ST19,15.0,15.679119047619045,-0.6791190476190447,0.6791190476190447
2025-09-29,SKU02949,ST19,6.0,6.0036000000000005,-0.0036000000000004917,0.0036000000000004917
2025-09-29,SKU00497,ST20,5.0,5.444552380952381,-0.4445523809523806,0.4445523809523806
2025-09-29,SKU00647,ST20,10.0,9.819466666666667,0.180533333333333,0.180533333333333
2025-09-29,SKU02571,ST21,0.0,0.0,0.0,0.0
2025-09-29,SKU04356,ST21,0.0,0.0,0.0,0.0
2025-09-29,SKU01944,ST22,0.0,0.0,0.0,0.0
2025-09-29,SKU02450,ST22,0.0,0.0,0.0,0.0
2025-09-29,SKU03055,ST22,0.0,0.0,0.0,0.0
2025-09-29,SKU00300,ST23,14.0,13.638333333333334,0.36166666666666636,0.36166666666666636
2025-09-29,SKU00623,ST23,9.0,9.125,-0.125,0.125
2025-09-29,SKU00669,ST23,32.0,29.288155555555555,2.711844444444445,2.711844444444445
2025-09-29,SKU04257,ST23,8.0,8.137933333333333,-0.1379333333333328,0.1379333333333328
2025-09-29,SKU04413,ST23,0.0,0.0,0.0,0.0
2025-09-29,SKU04855,ST24,0.0,0.0,0.0,0.0
2025-09-29,SKU00258,ST25,0.0,0.0,0.0,0.0
2025-09-29,SKU00530,ST25,0.0,0.0,0.0,0.0
2025-09-29,SKU00732,ST25,3.0,3.006333333333333,-0.00633333333333308,0.00633333333333308
2025-09-29,SKU01023,ST25,0.0,0.0,0.0,0.0
2025-09-29,SKU01830,ST25,20.0,20.8866,-0.8866000000000014,0.8866000000000014
2025-09-29,SKU01695,ST26,0.0,0.0,0.0,0.0
2025-09-29,SKU04076,ST26,20.0,20.85109393939394,-0.851093939393941,0.851093939393941
2025-09-29,SKU04643,ST26,0.0,0.0,0.0,0.0
2025-09-29,SKU00907,ST27,0.0,0.0,0.0,0.0
2025-09-29,SKU04166,ST27,0.0,0.0,0.0,0.0
2025-09-29,SKU04393,ST27,0.0,0.0,0.0,0.0
2025-09-29,SKU04826,ST27,47.0,47.284723809523804,-0.28472380952380405,0.28472380952380405
2025-09-29,SKU02593,ST28,0.0,0.0,0.0,0.0
2025-09-29,SKU01210,ST29,0.0,0.0,0.0,0.0
2025-09-29,SKU02763,ST29,0.0,0.0,0.0,0.0
2025-09-29,SKU02599,ST30,1.0,1.0313333333333332,-0.03133333333333321,0.03133333333333321
2025-09-29,SKU02790,ST30,0.0,0.0,0.0,0.0
2025-09-30,SKU00001,ST01,0.0,0.0,0.0,0.0
2025-09-30,SKU01501,ST01,9.0,8.976,0.023999999999999133,0.023999999999999133
2025-09-30,SKU02073,ST02,0.0,0.0,0.0,0.0
2025-09-30,SKU01180,ST03,0.0,0.0,0.0,0.0
2025-09-30,SKU02292,ST03,0.0,0.0,0.0,0.0
2025-09-30,SKU02719,ST03,0.0,0.0,0.0,0.0
2025-09-30,SKU03576,ST03,0.0,0.0,0.0,0.0
2025-09-30,SKU02785,ST04,10.0,9.956733333333332,0.043266666666667675,0.043266666666667675
2025-09-30,SKU00214,ST05,0.0,0.0,0.0,0.0
2025-09-30,SKU00949,ST06,0.0,0.0,0.0,0.0
2025-09-30,SKU02770,ST06,13.0,13.069666666666667,-0.06966666666666654,0.06966666666666654
2025-09-30,SKU02790,ST06,0.0,0.0,0.0,0.0
2025-09-30,SKU04313,ST06,0.0,0.0,0.0,0.0
2025-09-30,SKU01702,ST07,0.0,0.0,0.0,0.0
2025-09-30,SKU03116,ST07,0.0,0.0,0.0,0.0
2025-09-30,SKU03744,ST07,34.0,33.24323968253969,0.7567603174603121,0.7567603174603121
2025-09-30,SKU01091,ST08,11.0,11.157085714285714,-0.1570857142857136,0.1570857142857136
2025-09-30,SKU04503,ST08,0.0,0.0,0.0,0.0
2025-09-30,SKU04705,ST08,5.0,5.012266666666666,-0.012266666666666204,0.012266666666666204
2025-09-30,SKU03634,ST10,20.0,19.746366666666674,0.25363333333332605,0.25363333333332605
2025-09-30,SKU04167,ST10,0.0,0.0,0.0,0.0
2025-09-30,SKU00734,ST11,0.0,0.0,0.0,0.0
2025-09-30,SKU04879,ST11,0.0,0.0,0.0,0.0
2025-09-30,SKU01506,ST12,0.0,0.0,0.0,0.0
2025-09-30,SKU02084,ST12,16.0,16.026333333333334,-0.026333333333333542,0.026333333333333542
2025-09-30,SKU04606,ST12,9.0,9.05224761904762,-0.052247619047619764,0.052247619047619764
2025-09-30,SKU04190,ST13,0.0,0.0,0.0,0.0
2025-09-30,SKU04322,ST13,0.0,0.0,0.0,0.0
2025-09-30,SKU04453,ST13,0.0,0.0,0.0,0.0
2025-09-30,SKU01086,ST15,0.0,0.0,0.0,0.0
2025-09-30,SKU01701,ST15,14.0,14.077733333333331,-0.07773333333333099,0.07773333333333099
2025-09-30,SKU03138,ST15,18.0,18.007066666666667,-0.0070666666666667766,0.0070666666666667766
2025-09-30,SKU01180,ST16,0.0,0.0,0.0,0.0
2025-09-30,SKU01382,ST16,0.0,0.0,0.0,0.0
2025-09-30,SKU03962,ST16,0.0,0.0,0.0,0.0
2025-09-30,SKU01123,ST17,6.0,5.9112,0.08879999999999999,0.08879999999999999
2025-09-30,SKU04807,ST17,0.0,0.0,0.0,0.0
2025-09-30,SKU00719,ST18,14.0,14.471577777777776,-0.4715777777777763,0.4715777777777763
2025-09-30,SKU00966,ST18,0.0,0.0,0.0,0.0
2025-09-30,SKU03459,ST18,0.0,0.0,0.0,0.0
2025-09-30,SKU03690,ST18,0.0,0.0,0.0,0.0
2025-09-30,SKU04611,ST18,18.0,18.045399999999997,-0.04539999999999722,0.04539999999999722
2025-09-30,SKU00195,ST19,0.0,0.0,0.0,0.0
2025-09-30,SKU02571,ST21,0.0,0.0,0.0,0.0
2025-09-30,SKU04356,ST21,0.0,0.0,0.0,0.0
2025-09-30,SKU01944,ST22,0.0,0.0,0.0,0.0
2025-09-30,SKU02450,ST22,0.0,0.0,0.0,0.0
2025-09-30,SKU03055,ST22,0.0,0.0,0.0,0.0
2025-09-30,SKU04287,ST22,22.0,21.312161904761897,0.6878380952381029,0.6878380952381029
2025-09-30,SKU04829,ST22,9.0,9.002,-0.002000000000000668,0.002000000000000668
2025-09-30,SKU04413,ST23,0.0,0.0,0.0,0.0
2025-09-30,SKU03032,ST24,0.0,0.0,0.0,0.0
2025-09-30,SKU04855,ST24,0.0,0.0,0.0,0.0
2025-09-30,SKU00258,ST25,0.0,0.0,0.0,0.0
2025-09-30,SKU00530,ST25,0.0,0.0,0.0,0.0
2025-09-30,SKU01023,ST25,0.0,0.0,0.0,0.0
2025-09-30,SKU01695,ST26,0.0,0.0,0.0,0.0
2025-09-30,SKU02949,ST26,26.0,26.033799999999996,-0.03379999999999583,0.03379999999999583
2025-09-30,SKU03299,ST26,7.0,6.9652666666666665,0.034733333333333505,0.034733333333333505
2025-09-30,SKU04643,ST26,0.0,0.0,0.0,0.0
2025-09-30,SKU00907,ST27,0.0,0.0,0.0,0.0
2025-09-30,SKU04166,ST27,0.0,0.0,0.0,0.0
2025-09-30,SKU04250,ST27,21.0,21.60340952380953,-0.6034095238095283,0.6034095238095283
2025-09-30,SKU04393,ST27,0.0,0.0,0.0,0.0
2025-09-30,SKU02593,ST28,0.0,0.0,0.0,0.0
2025-09-30,SKU03135,ST28,11.0,11.165333333333335,-0.16533333333333466,0.16533333333333466
2025-09-30,SKU04342,ST28,13.0,12.910999999999998,0.08900000000000219,0.08900000000000219
2025-09-30,SKU01210,ST29,0.0,0.0,0.0,0.0
2025-09-30,SKU02763,ST29,0.0,0.0,0.0,0.0
2025-09-30,SKU00521,ST30,20.0,19.97714285714286,0.022857142857141355,0.022857142857141355
2025-09-30,SKU02790,ST30,0.0,0.0,0.0,0.0
2025-09-30,SKU04761,ST30,22.0,22.45955238095238,-0.45955238095238116,0.45955238095238116
2025-10-01,SKU00001,ST01,0.0,0.0,0.0,0.0
2025-10-01,SKU00228,ST01,7.0,6.998800000000001,0.0011999999999989797,0.0011999999999989797
2025-10-01,SKU01387,ST01,16.0,16.096999999999998,-0.09699999999999775,0.09699999999999775
2025-10-01,SKU02073,ST02,0.0,0.0,0.0,0.0
2025-10-01,SKU01180,ST03,0.0,0.0,0.0,0.0
2025-10-01,SKU02292,ST03,0.0,0.0,0.0,0.0
2025-10-01,SKU02719,ST03,5.0,4.913901587301588,0.08609841269841212,0.08609841269841212
2025-10-01,SKU03576,ST03,0.0,0.0,0.0,0.0
2025-10-01,SKU00065,ST04,25.0,24.60318095238095,0.39681904761905074,0.39681904761905074
2025-10-01,SKU00098,ST05,16.0,15.916133333333336,0.08386666666666365,0.08386666666666365
2025-10-01,SKU00214,ST05,0.0,0.0,0.0,0.0
2025-10-01,SKU03532,ST05,22.0,22.483638095238092,-0.4836380952380921,0.4836380952380921
2025-10-01,SKU00949,ST06,0.0,0.0,0.0,0.0
2025-10-01,SKU02790,ST06,0.0,0.0,0.0,0.0
2025-10-01,SKU03253,ST06,22.0,21.797280952380955,0.2027190476190448,0.2027190476190448
2025-10-01,SKU04313,ST06,0.0,0.0,0.0,0.0
2025-10-01,SKU01702,ST07,0.0,0.0,0.0,0.0
2025-10-01,SKU03116,ST07,0.0,0.0,0.0,0.0
2025-10-01,SKU01937,ST08,9.0,9.112395238095239,-0.11239523809523888,0.11239523809523888
2025-10-01,SKU04503,ST08,0.0,0.0,0.0,0.0
2025-10-01,SKU04167,ST10,0.0,0.0,0.0,0.0
2025-10-01,SKU00734,ST11,0.0,0.0,0.0,0.0
2025-10-01,SKU02258,ST11,19.0,18.947133333333333,0.05286666666666662,0.05286666666666662
2025-10-01,SKU04879,ST11,0.0,0.0,0.0,0.0
2025-10-01,SKU01506,ST12,0.0,0.0,0.0,0.0
2025-10-01,SKU02493,ST12,11.0,10.9858,0.014200000000000657,0.014200000000000657
2025-10-01,SKU02679,ST12,28.0,28.350493650793656,-0.3504936507936556,0.3504936507936556
2025-10-01,SKU04190,ST13,19.0,19.04812857142857,-0.04812857142857041,0.04812857142857041
2025-10-01,SKU04322,ST13,0.0,0.0,0.0,0.0
2025-10-01,SKU04453,ST13,0.0,0.0,0.0,0.0
2025-10-01,SKU03123,ST14,0.0,0.0,0.0,0.0
2025-10-01,SKU01086,ST15,13.0,12.968666666666664,0.0313333333333361,0.0313333333333361
2025-10-01,SKU01180,ST16,0.0,0.0,0.0,0.0
2025-10-01,SKU01382,ST16,0.0,0.0,0.0,0.0
2025-10-01,SKU03962,ST16,0.0,0.0,0.0,0.0
2025-10-01,SKU04807,ST17,0.0,0.0,0.0,0.0
2025-10-01,SKU00966,ST18,0.0,0.0,0.0,0.0
2025-10-01,SKU03459,ST18,0.0,0.0,0.0,0.0
2025-10-01,SKU03690,ST18,0.0,0.0,0.0,0.0
2025-10-01,SKU00195,ST19,0.0,0.0,0.0,0.0
2025-10-01,SKU03427,ST20,6.0,5.9424761904761905,0.05752380952380953,0.05752380952380953
2025-10-01,SKU02571,ST21,0.0,0.0,0.0,0.0
2025-10-01,SKU03609,ST21,6.0,6.029733333333334,-0.02973333333333361,0.02973333333333361
2025-10-01,SKU04356,ST21,0.0,0.0,0.0,0.0
2025-10-01,SKU01944,ST22,0.0,0.0,0.0,0.0
2025-10-01,SKU02450,ST22,0.0,0.0,0.0,0.0
2025-10-01,SKU03055,ST22,0.0,0.0,0.0,0.0
2025-10-01,SKU04413,ST23,0.0,0.0,0.0,0.0
2025-10-01,SKU00932,ST24,38.0,38.25758412698413,-0.2575841269841277,0.2575841269841277
2025-10-01,SKU04855,ST24,0.0,0.0,0.0,0.0
2025-10-01,SKU00258,ST25,0.0,0.0,0.0,0.0
2025-10-01,SKU00530,ST25,0.0,0.0,0.0,0.0
2025-10-01,SKU01023,ST25,0.0,0.0,0.0,0.0
2025-10-01,SKU02573,ST25,11.0,11.023666666666665,-0.023666666666665392,0.023666666666665392
2025-10-01,SKU03934,ST25,13.0,12.993590476190473,0.0064095238095269735,0.0064095238095269735
2025-10-01,SKU01695,ST26,0.0,0.0,0.0,0.0
2025-10-01,SKU01964,ST26,14.0,14.034361904761909,-0.03436190476190859,0.03436190476190859
2025-10-01,SKU03270,ST26,18.0,18.561799999999995,-0.5617999999999945,0.5617999999999945
2025-10-01,SKU04643,ST26,0.0,0.0,0.0,0.0
2025-10-01,SKU00907,ST27,0.0,0.0,0.0,0.0
2025-10-01,SKU01566,ST27,4.0,4.01,-0.009999999999999787,0.009999999999999787
2025-10-01,SKU04166,ST27,0.0,0.0,0.0,0.0
2025-10-01,SKU04393,ST27,0.0,0.0,0.0,0.0
2025-10-01,SKU02593,ST28,0.0,0.0,0.0,0.0
2025-10-01,SKU01210,ST29,0.0,0.0,0.0,0.0
2025-10-01,SKU02763,ST29,0.0,0.0,0.0,0.0
2025-10-01,SKU04959,ST29,6.0,6.0666,-0.06660000000000021,0.06660000000000021
2025-10-01,SKU00178,ST30,37.0,35.757595238095234,1.2424047619047656,1.2424047619047656
2025-10-01,SKU02790,ST30,0.0,0.0,0.0,0.0
2025-10-02,SKU00001,ST01,0.0,0.0,0.0,0.0
2025-10-02,SKU02763,ST01,5.0,5.045933333333332,-0.04593333333333227,0.04593333333333227
2025-10-02,SKU02073,ST02,0.0,0.0,0.0,0.0
2025-10-02,SKU01180,ST03,0.0,0.0,0.0,0.0
2025-10-02,SKU02292,ST03,3.0,2.743895238095239,0.25610476190476117,0.25610476190476117
2025-10-02,SKU03383,ST03,26.0,26.073192063492062,-0.07319206349206198,0.07319206349206198
2025-10-02,SKU03576,ST03,0.0,0.0,0.0,0.0
2025-10-02,SKU04903,ST03,14.0,14.202,-0.20199999999999996,0.20199999999999996
2025-10-02,SKU01479,ST04,7.0,6.979333333333334,0.020666666666666167,0.020666666666666167
2025-10-02,SKU00214,ST05,0.0,0.0,0.0,0.0
2025-10-02,SKU00804,ST05,12.0,11.923666666666666,0.07633333333333425,0.07633333333333425
2025-10-02,SKU00949,ST06,0.0,0.0,0.0,0.0
2025-10-02,SKU01489,ST06,4.0,4.5140761904761915,-0.5140761904761915,0.5140761904761915
2025-10-02,SKU02790,ST06,0.0,0.0,0.0,0.0
2025-10-02,SKU04313,ST06,0.0,0.0,0.0,0.0
2025-10-02,SKU01685,ST07,8.0,7.7236666666666665,0.27633333333333354,0.27633333333333354
2025-10-02,SKU01702,ST07,0.0,0.0,0.0,0.0
2025-10-02,SKU02620,ST07,23.0,22.980209523809524,0.019790476190475914,0.019790476190475914
2025-10-02,SKU03116,ST07,0.0,0.0,0.0,0.0
2025-10-02,SKU02148,ST08,8.0,8.085685714285715,-0.08568571428571481,0.08568571428571481
2025-10-02,SKU03343,ST08,9.0,9.008666666666667,-0.0086666666666666,0.0086666666666666
2025-10-02,SKU04503,ST08,0.0,0.0,0.0,0.0
2025-10-02,SKU04659,ST09,10.0,9.9344,0.06559999999999988,0.06559999999999988
2025-10-02,SKU03891,ST10,2.0,2.3164571428571428,-0.31645714285714277,0.31645714285714277
2025-10-02,SKU04167,ST10,0.0,0.0,0.0,0.0
2025-10-02,SKU00734,ST11,0.0,0.0,0.0,0.0
2025-10-02,SKU04879,ST11,0.0,0.0,0.0,0.0
2025-10-02,SKU00817,ST12,2.0,1.998,0.0020000000000000018,0.0020000000000000018
2025-10-02,SKU01506,ST12,0.0,0.0,0.0,0.0
2025-10-02,SKU03037,ST12,23.0,23.00186666666666,-0.001866666666661132,0.001866666666661132
2025-10-02,SKU04322,ST13,0.0,0.0,0.0,0.0
2025-10-02,SKU04453,ST13,0.0,0.0,0.0,0.0
2025-10-02,SKU02948,ST14,9.0,9.006666666666666,-0.0066666666666659324,0.0066666666666659324
2025-10-02,SKU03324,ST14,6.0,5.968111111111111,0.03188888888888908,0.03188888888888908
2025-10-02,SKU01495,ST15,10.0,9.907600000000002,0.09239999999999782,0.09239999999999782
2025-10-02,SKU01180,ST16,0.0,0.0,0.0,0.0
2025-10-02,SKU01382,ST16,0.0,0.0,0.0,0.0
2025-10-02,SKU03962,ST16,0.0,0.0,0.0,0.0
2025-10-02,SKU04807,ST17,0.0,0.0,0.0,0.0
2025-10-02,SKU00966,ST18,0.0,0.0,0.0,0.0
2025-10-02,SKU03459,ST18,0.0,0.0,0.0,0.0
2025-10-02,SKU03690,ST18,0.0,0.0,0.0,0.0
2025-10-02,SKU04388,ST18,13.0,12.895333333333332,0.10466666666666846,0.10466666666666846
2025-10-02,SKU00195,ST19,0.0,0.0,0.0,0.0
2025-10-02,SKU01438,ST19,3.0,3.014,-0.01399999999999979,0.01399999999999979
2025-10-02,SKU02410,ST20,31.0,27.40639047619047,3.59360952380953,3.59360952380953
2025-10-02,SKU02571,ST21,0.0,0.0,0.0,0.0
2025-10-02,SKU04356,ST21,0.0,0.0,0.0,0.0
2025-10-02,SKU01852,ST22,20.0,19.753833333333336,0.24616666666666376,0.24616666666666376
2025-10-02,SKU01944,ST22,0.0,0.0,0.0,0.0
2025-10-02,SKU02450,ST22,0.0,0.0,0.0,0.0
2025-10-02,SKU03055,ST22,0.0,0.0,0.0,0.0
2025-10-02,SKU02417,ST23,8.0,7.952266666666665,0.04773333333333518,0.04773333333333518
2025-10-02,SKU04413,ST23,0.0,0.0,0.0,0.0
2025-10-02,SKU04928,ST23,16.0,16.09752380952381,-0.09752380952381046,0.09752380952381046
2025-10-02,SKU00392,ST24,4.0,4.069066666666666,-0.06906666666666617,0.06906666666666617
2025-10-02,SKU03426,ST24,3.0,2.982,0.017999999999999794,0.017999999999999794
2025-10-02,SKU04855,ST24,0.0,0.0,0.0,0.0
2025-10-02,SKU00258,ST25,16.0,16.217333333333332,-0.2173333333333325,0.2173333333333325
2025-10-02,SKU00530,ST25,0.0,0.0,0.0,0.0
2025-10-02,SKU01023,ST25,0.0,0.0,0.0,0.0
2025-10-02,SKU01695,ST26,0.0,0.0,0.0,0.0
2025-10-02,SKU04643,ST26,0.0,0.0,0.0,0.0
2025-10-02,SKU00907,ST27,0.0,0.0,0.0,0.0
2025-10-02,SKU04166,ST27,0.0,0.0,0.0,0.0
2025-10-02,SKU04393,ST27,0.0,0.0,0.0,0.0
2025-10-02,SKU02160,ST28,8.0,7.994333333333333,0.005666666666667375,0.005666666666667375
2025-10-02,SKU02593,ST28,0.0,0.0,0.0,0.0
2025-10-02,SKU01210,ST29,0.0,0.0,0.0,0.0
2025-10-02,SKU02458,ST29,7.0,6.998,0.0019999999999997797,0.0019999999999997797
2025-10-02,SKU02763,ST29,0.0,0.0,0.0,0.0
2025-10-02,SKU02121,ST30,27.0,28.028071428571423,-1.0280714285714225,1.0280714285714225
2025-10-02,SKU02790,ST30,0.0,0.0,0.0,0.0
2025-10-03,SKU00001,ST01,0.0,0.0,0.0,0.0
2025-10-03,SKU03909,ST01,1.0,1.008,-0.008000000000000007,0.008000000000000007
2025-10-03,SKU02073,ST02,0.0,0.0,0.0,0.0
2025-10-03,SKU00709,ST03,19.0,19.029033333333338,-0.029033333333337907,0.029033333333337907
2025-10-03,SKU01180,ST03,0.0,0.0,0.0,0.0
2025-10-03,SKU03576,ST03,0.0,0.0,0.0,0.0
2025-10-03,SKU03697,ST04,5.0,5.0216,-0.021600000000000286,0.021600000000000286
2025-10-03,SKU00214,ST05,0.0,0.0,0.0,0.0
2025-10-03,SKU03002,ST05,5.0,5.0076,-0.007600000000000051,0.007600000000000051
2025-10-03,SKU00949,ST06,0.0,0.0,0.0,0.0
2025-10-03,SKU02790,ST06,0.0,0.0,0.0,0.0
2025-10-03,SKU04313,ST06,0.0,0.0,0.0,0.0
2025-10-03,SKU01702,ST07,0.0,0.0,0.0,0.0
2025-10-03,SKU03116,ST07,0.0,0.0,0.0,0.0
2025-10-03,SKU02099,ST08,9.0,9.229066666666668,-0.22906666666666808,0.22906666666666808
2025-10-03,SKU04503,ST08,0.0,0.0,0.0,0.0
2025-10-03,SKU00945,ST09,11.0,10.988366666666666,0.01163333333333405,0.01163333333333405
2025-10-03,SKU01209,ST10,21.0,20.906346031746033,0.09365396825396743,0.09365396825396743
2025-10-03,SKU02110,ST10,11.0,11.456323809523814,-0.45632380952381446,0.45632380952381446
2025-10-03,SKU02679,ST10,21.0,20.94165873015873,0.058341269841271526,0.058341269841271526
2025-10-03,SKU04167,ST10,0.0,0.0,0.0,0.0
2025-10-03,SKU00734,ST11,0.0,0.0,0.0,0.0
2025-10-03,SKU03453,ST11,4.0,4.018,-0.017999999999999794,0.017999999999999794
2025-10-03,SKU04879,ST11,0.0,0.0,0.0,0.0
2025-10-03,SKU01506,ST12,0.0,0.0,0.0,0.0
2025-10-03,SKU03790,ST12,0.0,0.0,0.0,0.0
2025-10-03,SKU04322,ST13,0.0,0.0,0.0,0.0
2025-10-03,SKU04453,ST13,0.0,0.0,0.0,0.0
2025-10-03,SKU01938,ST14,8.0,7.990666666666666,0.009333333333334082,0.009333333333334082
2025-10-03,SKU03782,ST15,8.0,8.178,-0.17800000000000082,0.17800000000000082
2025-10-03,SKU01180,ST16,0.0,0.0,0.0,0.0
2025-10-03,SKU01382,ST16,0.0,0.0,0.0,0.0
2025-10-03,SKU02613,ST16,7.0,6.964666666666667,0.035333333333332995,0.035333333333332995
2025-10-03,SKU03962,ST16,15.0,15.065333333333333,-0.06533333333333324,0.06533333333333324
2025-10-03,SKU04807,ST17,0.0,0.0,0.0,0.0
2025-10-03,SKU00966,ST18,0.0,0.0,0.0,0.0
2025-10-03,SKU03459,ST18,0.0,0.0,0.0,0.0
2025-10-03,SKU03690,ST18,0.0,0.0,0.0,0.0
2025-10-03,SKU00195,ST19,0.0,0.0,0.0,0.0
2025-10-03,SKU04599,ST20,19.0,19.165666666666667,-0.16566666666666663,0.16566666666666663
2025-10-03,SKU02571,ST21,0.0,0.0,0.0,0.0
2025-10-03,SKU04356,ST21,0.0,0.0,0.0,0.0
2025-10-03,SKU01944,ST22,0.0,0.0,0.0,0.0
2025-10-03,SKU02450,ST22,0.0,0.0,0.0,0.0
2025-10-03,SKU03055,ST22,0.0,0.0,0.0,0.0
2025-10-03,SKU03845,ST22,1.0,1.0,0.0,0.0
2025-10-03,SKU04463,ST22,18.0,18.0344,-0.03440000000000154,0.03440000000000154
2025-10-03,SKU04123,ST23,2.0,2.024,-0.02400000000000002,0.02400000000000002
2025-10-03,SKU04413,ST23,0.0,0.0,0.0,0.0
2025-10-03,SKU04855,ST24,0.0,0.0,0.0,0.0
2025-10-03,SKU04917,ST24,6.0,6.008,-0.008000000000000007,0.008000000000000007
2025-10-03,SKU00530,ST25,0.0,0.0,0.0,0.0
2025-10-03,SKU01023,ST25,0.0,0.0,0.0,0.0
2025-10-03,SKU01695,ST26,0.0,0.0,0.0,0.0
2025-10-03,SKU04643,ST26,0.0,0.0,0.0,0.0
2025-10-03,SKU00907,ST27,0.0,0.0,0.0,0.0
2025-10-03,SKU04166,ST27,0.0,0.0,0.0,0.0
2025-10-03,SKU04393,ST27,0.0,0.0,0.0,0.0
2025-10-03,SKU02444,ST28,16.0,15.874577777777777,0.1254222222222232,0.1254222222222232
2025-10-03,SKU02593,ST28,0.0,0.0,0.0,0.0
2025-10-03,SKU01210,ST29,1.0,1.1026666666666665,-0.10266666666666646,0.10266666666666646
2025-10-03,SKU02763,ST29,0.0,0.0,0.0,0.0
2025-10-03,SKU02790,ST30,0.0,0.0,0.0,0.0
2025-10-03,SKU04556,ST30,1.0,1.0,0.0,0.0
2025-10-04,SKU00001,ST01,0.0,0.0,0.0,0.0
2025-10-04,SKU04646,ST01,14.0,13.9692,0.030799999999999272,0.030799999999999272
2025-10-04,SKU01285,ST02,8.0,7.998733333333333,0.0012666666666669713,0.0012666666666669713
2025-10-04,SKU02073,ST02,0.0,0.0,0.0,0.0
2025-10-04,SKU01180,ST03,0.0,0.0,0.0,0.0
2025-10-04,SKU03576,ST03,38.0,38.177728138528124,-0.1777281385281242,0.1777281385281242
2025-10-04,SKU04788,ST03,15.0,15.013214285714286,-0.013214285714285623,0.013214285714285623
2025-10-04,SKU00214,ST05,0.0,0.0,0.0,0.0
2025-10-04,SKU00949,ST06,0.0,0.0,0.0,0.0
2025-10-04,SKU02790,ST06,0.0,0.0,0.0,0.0
2025-10-04,SKU03925,ST06,18.0,18.160795238095236,-0.16079523809523621,0.16079523809523621
2025-10-04,SKU04313,ST06,0.0,0.0,0.0,0.0
2025-10-04,SKU00566,ST07,3.0,3.0553333333333335,-0.055333333333333456,0.055333333333333456
2025-10-04,SKU01702,ST07,0.0,0.0,0.0,0.0
2025-10-04,SKU03116,ST07,0.0,0.0,0.0,0.0
2025-10-04,SKU04503,ST08,0.0,0.0,0.0,0.0
2025-10-04,SKU02350,ST09,5.0,4.9954,0.0045999999999999375,0.0045999999999999375
2025-10-04,SKU04683,ST09,12.0,11.962133333333334,0.03786666666666605,0.03786666666666605
2025-10-04,SKU04748,ST09,11.0,11.07554285714286,-0.07554285714286024,0.07554285714286024
2025-10-04,SKU04167,ST10,0.0,0.0,0.0,0.0
2025-10-04,SKU00734,ST11,0.0,0.0,0.0,0.0
2025-10-04,SKU03597,ST11,1.0,1.004,-0.0040000000000000036,0.0040000000000000036
2025-10-04,SKU04879,ST11,0.0,0.0,0.0,0.0
2025-10-04,SKU00940,ST12,11.0,11.0678,-0.06780000000000008,0.06780000000000008
2025-10-04,SKU01506,ST12,0.0,0.0,0.0,0.0
2025-10-04,SKU02843,ST13,14.0,14.093666666666666,-0.09366666666666568,0.09366666666666568
2025-10-04,SKU03895,ST13,4.0,4.015333333333333,-0.015333333333333421,0.015333333333333421
2025-10-04,SKU04322,ST13,0.0,0.0,0.0,0.0
2025-10-04,SKU04453,ST13,0.0,0.0,0.0,0.0
2025-10-04,SKU01641,ST14,6.0,6.040333333333334,-0.040333333333333776,0.040333333333333776
2025-10-04,SKU02160,ST14,16.0,15.982733333333336,0.01726666666666432,0.01726666666666432
2025-10-04,SKU03782,ST15,0.0,0.0,0.0,0.0
2025-10-04,SKU01180,ST16,0.0,0.0,0.0,0.0
2025-10-04,SKU01382,ST16,0.0,0.0,0.0,0.0
2025-10-04,SKU01697,ST17,27.0,27.219361904761897,-0.21936190476189665,0.21936190476189665
2025-10-04,SKU02448,ST17,5.0,5.0629333333333335,-0.06293333333333351,0.06293333333333351
2025-10-04,SKU04807,ST17,0.0,0.0,0.0,0.0
2025-10-04,SKU00966,ST18,0.0,0.0,0.0,0.0
2025-10-04,SKU03459,ST18,6.0,6.018466666666666,-0.018466666666665965,0.018466666666665965
2025-10-04,SKU03690,ST18,0.0,0.0,0.0,0.0
2025-10-04,SKU03732,ST18,3.0,3.0,0.0,0.0
2025-10-04,SKU04680,ST18,14.0,13.943000000000001,0.05699999999999861,0.05699999999999861
2025-10-04,SKU00195,ST19,0.0,0.0,0.0,0.0
2025-10-04,SKU00600,ST19,7.0,6.975333333333334,0.024666666666665726,0.024666666666665726
2025-10-04,SKU02768,ST19,7.0,7.019666666666667,-0.01966666666666672,0.01966666666666672
2025-10-04,SKU01308,ST21,24.0,24.056419047619045,-0.056419047619044704,0.056419047619044704
2025-10-04,SKU02571,ST21,0.0,0.0,0.0,0.0
2025-10-04,SKU04356,ST21,0.0,0.0,0.0,0.0
2025-10-04,SKU01944,ST22,0.0,0.0,0.0,0.0
2025-10-04,SKU02450,ST22,0.0,0.0,0.0,0.0
2025-10-04,SKU03055,ST22,0.0,0.0,0.0,0.0
2025-10-04,SKU04683,ST22,3.0,3.155733333333333,-0.15573333333333306,0.15573333333333306
2025-10-04,SKU02884,ST23,6.0,5.939533333333332,0.06046666666666756,0.06046666666666756
2025-10-04,SKU04413,ST23,0.0,0.0,0.0,0.0
2025-10-04,SKU02826,ST24,11.0,10.938,0.06199999999999939,0.06199999999999939
2025-10-04,SKU04855,ST24,0.0,0.0,0.0,0.0
2025-10-04,SKU00530,ST25,0.0,0.0,0.0,0.0
2025-10-04,SKU01023,ST25,0.0,0.0,0.0,0.0
2025-10-04,SKU01695,ST26,0.0,0.0,0.0,0.0
2025-10-04,SKU04643,ST26,0.0,0.0,0.0,0.0
2025-10-04,SKU00907,ST27,0.0,0.0,0.0,0.0
2025-10-04,SKU04166,ST27,0.0,0.0,0.0,0.0
2025-10-04,SKU04393,ST27,0.0,0.0,0.0,0.0
2025-10-04,SKU01561,ST28,50.0,48.899576190476196,1.1004238095238037,1.1004238095238037
2025-10-04,SKU02593,ST28,0.0,0.0,0.0,0.0
2025-10-04,SKU02763,ST29,0.0,0.0,0.0,0.0
2025-10-04,SKU02062,ST30,10.0,9.994399999999999,0.00560000000000116,0.00560000000000116
2025-10-04,SKU02790,ST30,0.0,0.0,0.0,0.0
2025-10-04,SKU04682,ST30,4.0,3.991466666666667,0.008533333333332838,0.008533333333332838
2025-10-05,SKU00001,ST01,0.0,0.0,0.0,0.0
2025-10-05,SKU01365,ST02,37.0,35.04420793650795,1.9557920634920478,1.9557920634920478
2025-10-05,SKU02073,ST02,0.0,0.0,0.0,0.0
2025-10-05,SKU01180,ST03,0.0,0.0,0.0,0.0
2025-10-05,SKU01293,ST03,14.0,14.041333333333334,-0.04133333333333411,0.04133333333333411
2025-10-05,SKU01313,ST04,15.0,15.275723809523814,-0.27572380952381437,0.27572380952381437
2025-10-05,SKU00214,ST05,0.0,0.0,0.0,0.0
2025-10-05,SKU01150,ST05,1.0,1.004,-0.0040000000000000036,0.0040000000000000036
2025-10-05,SKU03069,ST05,25.0,25.020628571428574,-0.020628571428574105,0.020628571428574105
2025-10-05,SKU00949,ST06,0.0,0.0,0.0,0.0
2025-10-05,SKU02575,ST06,17.0,18.052661904761905,-1.052661904761905,1.052661904761905
2025-10-05,SKU02790,ST06,0.0,0.0,0.0,0.0
2025-10-05,SKU04099,ST06,0.0,0.001,-0.001,0.001
2025-10-05,SKU04313,ST06,0.0,0.0,0.0,0.0
2025-10-05,SKU01702,ST07,0.0,0.0,0.0,0.0
2025-10-05,SKU03116,ST07,0.0,0.0,0.0,0.0
2025-10-05,SKU03569,ST07,28.0,27.32828571428571,0.671714285714291,0.671714285714291
2025-10-05,SKU04503,ST08,0.0,0.0,0.0,0.0
2025-10-05,SKU02112,ST09,18.0,17.735857142857146,0.2641428571428541,0.2641428571428541
2025-10-05,SKU03614,ST09,17.0,15.028708802308808,1.9712911976911922,1.9712911976911922
2025-10-05,SKU04167,ST10,0.0,0.0,0.0,0.0
2025-10-05,SKU00734,ST11,0.0,0.0,0.0,0.0
2025-10-05,SKU00933,ST11,17.0,16.55824761904762,0.44175238095238,0.44175238095238
2025-10-05,SKU04879,ST11,0.0,0.0,0.0,0.0
2025-10-05,SKU01506,ST12,0.0,0.0,0.0,0.0
2025-10-05,SKU04322,ST13,0.0,0.0,0.0,0.0
2025-10-05,SKU04453,ST13,0.0,0.0,0.0,0.0
2025-10-05,SKU00698,ST14,5.0,5.0,0.0,0.0
2025-10-05,SKU00917,ST14,14.0,13.996,0.0039999999999995595,0.0039999999999995595
2025-10-05,SKU03451,ST15,5.0,5.004666666666667,-0.004666666666667041,0.004666666666667041
2025-10-05,SKU03782,ST15,0.0,0.0,0.0,0.0
2025-10-05,SKU01180,ST16,0.0,0.0,0.0,0.0
2025-10-05,SKU01382,ST16,0.0,0.0,0.0,0.0
2025-10-05,SKU02117,ST16,27.0,26.882923809523803,0.11707619047619744,0.11707619047619744
2025-10-05,SKU03899,ST17,5.0,4.994066666666667,0.005933333333333124,0.005933333333333124
2025-10-05,SKU04807,ST17,0.0,0.0,0.0,0.0
2025-10-05,SKU00966,ST18,0.0,0.0,0.0,0.0
2025-10-05,SKU03544,ST18,27.0,26.24261428571427,0.7573857142857285,0.7573857142857285
2025-10-05,SKU03690,ST18,0.0,0.0,0.0,0.0
2025-10-05,SKU00195,ST19,0.0,0.0,0.0,0.0
2025-10-05,SKU03345,ST19,9.0,9.009666666666668,-0.009666666666667822,0.009666666666667822
2025-10-05,SKU03283,ST20,20.0,20.073838095238095,-0.07383809523809504,0.07383809523809504
2025-10-05,SKU00596,ST21,7.0,6.957666666666667,0.04233333333333267,0.04233333333333267
2025-10-05,SKU02571,ST21,0.0,0.0,0.0,0.0
2025-10-05,SKU04356,ST21,0.0,0.0,0.0,0.0
2025-10-05,SKU01684,ST22,21.0,21.018266666666666,-0.018266666666665543,0.018266666666665543
2025-10-05,SKU01944,ST22,0.0,0.0,0.0,0.0
2025-10-05,SKU02450,ST22,0.0,0.0,0.0,0.0
2025-10-05,SKU03055,ST22,0.0,0.0,0.0,0.0
2025-10-05,SKU04413,ST23,0.0,0.0,0.0,0.0
2025-10-05,SKU00767,ST24,7.0,7.004666666666666,-0.004666666666666153,0.004666666666666153
2025-10-05,SKU02255,ST24,12.0,12.004133333333332,-0.00413333333333199,0.00413333333333199
2025-10-05,SKU03280,ST24,2.0,2.002,-0.0019999999999997797,0.0019999999999997797
2025-10-05,SKU04855,ST24,0.0,0.0,0.0,0.0
2025-10-05,SKU00530,ST25,0.0,0.0,0.0,0.0
2025-10-05,SKU01023,ST25,0.0,0.0,0.0,0.0
2025-10-05,SKU01503,ST26,29.0,28.666719047619047,0.333280952380953,0.333280952380953
2025-10-05,SKU01695,ST26,0.0,0.0,0.0,0.0
2025-10-05,SKU04643,ST26,0.0,0.0,0.0,0.0
2025-10-05,SKU00907,ST27,0.0,0.0,0.0,0.0
2025-10-05,SKU01316,ST27,21.0,21.020314285714285,-0.020314285714285063,0.020314285714285063
2025-10-05,SKU03455,ST27,59.0,50.961814285714254,8.038185714285746,8.038185714285746
2025-10-05,SKU04166,ST27,0.0,0.0,0.0,0.0
2025-10-05,SKU04393,ST27,0.0,0.0,0.0,0.0
2025-10-05,SKU04416,ST27,18.0,18.009733333333333,-0.00973333333333315,0.00973333333333315
2025-10-05,SKU00979,ST28,6.0,6.069333333333334,-0.06933333333333369,0.06933333333333369
2025-10-05,SKU02593,ST28,0.0,0.0,0.0,0.0
2025-10-05,SKU02763,ST29,0.0,0.0,0.0,0.0
2025-10-05,SKU03227,ST29,7.0,7.013333333333332,-0.013333333333331865,0.013333333333331865
2025-10-05,SKU02790,ST30,0.0,0.0,0.0,0.0
2025-10-05,SKU04942,ST30,6.0,6.16719365079365,-0.16719365079365023,0.16719365079365023
2025-10-06,SKU00001,ST01,0.0,0.0,0.0,0.0
2025-10-06,SKU02073,ST02,0.0,0.0,0.0,0.0
2025-10-06,SKU01180,ST03,0.0,0.0,0.0,0.0
2025-10-06,SKU02697,ST04,7.0,7.068666666666667,-0.0686666666666671,0.0686666666666671
2025-10-06,SKU00214,ST05,0.0,0.0,0.0,0.0
2025-10-06,SKU00949,ST06,0.0,0.0,0.0,0.0
2025-10-06,SKU02790,ST06,0.0,0.0,0.0,0.0
2025-10-06,SKU03223,ST06,13.0,12.990666666666666,0.009333333333334082,0.009333333333334082
2025-10-06,SKU04313,ST06,0.0,0.0,0.0,0.0
2025-10-06,SKU00228,ST07,23.0,22.91325714285714,0.08674285714285901,0.08674285714285901
2025-10-06,SKU00561,ST07,18.0,18.1914,-0.19140000000000157,0.19140000000000157
2025-10-06,SKU01702,ST07,0.0,0.0,0.0,0.0
2025-10-06,SKU03116,ST07,0.0,0.0,0.0,0.0
2025-10-06,SKU00520,ST08,30.0,29.8679619047619,0.1320380952381015,0.1320380952381015
2025-10-06,SKU02563,ST08,11.0,10.973999999999998,0.026000000000001577,0.026000000000001577
2025-10-06,SKU03805,ST08,0.0,0.007533333333333333,-0.007533333333333333,0.007533333333333333
2025-10-06,SKU04503,ST08,0.0,0.0,0.0,0.0
2025-10-06,SKU04167,ST10,0.0,0.0,0.0,0.0
2025-10-06,SKU00115,ST11,15.0,15.02033333333333,-0.02033333333332976,0.02033333333332976
2025-10-06,SKU00734,ST11,0.0,0.0,0.0,0.0
2025-10-06,SKU02362,ST11,1.0,1.0,0.0,0.0
2025-10-06,SKU04879,ST11,0.0,0.0,0.0,0.0
2025-10-06,SKU01506,ST12,0.0,0.0,0.0,0.0
2025-10-06,SKU04586,ST12,25.0,24.549828571428574,0.45017142857142645,0.45017142857142645
2025-10-06,SKU04845,ST12,6.0,6.054000000000001,-0.05400000000000116,0.05400000000000116
2025-10-06,SKU04322,ST13,12.0,12.012666666666666,-0.01266666666666616,0.01266666666666616
2025-10-06,SKU04453,ST13,0.0,0.0,0.0,0.0
2025-10-06,SKU04954,ST14,8.0,8.167385714285713,-0.1673857142857127,0.1673857142857127
2025-10-06,SKU00046,ST15,7.0,6.978666666666667,0.02133333333333276,0.02133333333333276
2025-10-06,SKU01642,ST15,8.0,8.068666666666665,-0.06866666666666532,0.06866666666666532
2025-10-06,SKU03782,ST15,0.0,0.0,0.0,0.0
2025-10-06,SKU01180,ST16,0.0,0.0,0.0,0.0
2025-10-06,SKU01382,ST16,0.0,0.0,0.0,0.0
2025-10-06,SKU04421,ST16,7.0,7.014,-0.014000000000000234,0.014000000000000234
2025-10-06,SKU04637,ST17,8.0,7.995333333333333,0.004666666666667041,0.004666666666667041
2025-10-06,SKU04807,ST17,0.0,0.0,0.0,0.0
2025-10-06,SKU04890,ST17,17.0,17.055,-0.054999999999999716,0.054999999999999716
2025-10-06,SKU00486,ST18,22.0,21.78677301587302,0.2132269841269796,0.2132269841269796
2025-10-06,SKU00966,ST18,0.0,0.0,0.0,0.0
2025-10-06,SKU02064,ST18,0.0,0.0,0.0,0.0
2025-10-06,SKU03690,ST18,0.0,0.0,0.0,0.0
2025-10-06,SKU00195,ST19,0.0,0.0,0.0,0.0
2025-10-06,SKU04865,ST19,17.0,17.5263,-0.5262999999999991,0.5262999999999991
2025-10-06,SKU01120,ST20,12.0,11.716085714285715,0.28391428571428534,0.28391428571428534
2025-10-06,SKU01761,ST20,8.0,7.616039682539682,0.38396031746031767,0.38396031746031767
2025-10-06,SKU02571,ST21,0.0,0.0,0.0,0.0
2025-10-06,SKU04356,ST21,0.0,0.0,0.0,0.0
2025-10-06,SKU04710,ST21,11.0,11.0102,-0.01019999999999932,0.01019999999999932
2025-10-06,SKU01944,ST22,0.0,0.0,0.0,0.0
2025-10-06,SKU02450,ST22,0.0,0.0,0.0,0.0
2025-10-06,SKU03055,ST22,0.0,0.0,0.0,0.0
2025-10-06,SKU03511,ST22,10.0,10.048333333333334,-0.04833333333333378,0.04833333333333378
2025-10-06,SKU04635,ST22,12.0,11.948599999999999,0.051400000000001,0.051400000000001
2025-10-06,SKU04413,ST23,0.0,0.0,0.0,0.0
2025-10-06,SKU04855,ST24,0.0,0.0,0.0,0.0
2025-10-06,SKU00530,ST25,0.0,0.0,0.0,0.0
2025-10-06,SKU01023,ST25,0.0,0.0,0.0,0.0
2025-10-06,SKU04900,ST25,27.0,27.702161904761894,-0.7021619047618941,0.7021619047618941
2025-10-06,SKU01695,ST26,0.0,0.0,0.0,0.0
2025-10-06,SKU04643,ST26,0.0,0.0,0.0,0.0
2025-10-06,SKU00907,ST27,0.0,0.0,0.0,0.0
2025-10-06,SKU02037,ST27,38.0,38.06692380952383,-0.06692380952382848,0.06692380952382848
2025-10-06,SKU04166,ST27,0.0,0.0,0.0,0.0
2025-10-06,SKU04393,ST27,0.0,0.0,0.0,0.0
2025-10-06,SKU02593,ST28,0.0,0.0,0.0,0.0
2025-10-06,SKU02763,ST29,0.0,0.0,0.0,0.0
2025-10-06,SKU03044,ST29,25.0,24.461023809523812,0.5389761904761876,0.5389761904761876
2025-10-06,SKU04074,ST29,2.0,2.0187333333333335,-0.01873333333333349,0.01873333333333349
2025-10-06,SKU04092,ST29,28.0,28.582557142857137,-0.5825571428571372,0.5825571428571372
2025-10-06,SKU00692,ST30,15.0,14.957333333333333,0.0426666666666673,0.0426666666666673
2025-10-06,SKU01397,ST30,7.0,7.039666666666667,-0.03966666666666718,0.03966666666666718
2025-10-06,SKU02790,ST30,0.0,0.0,0.0,0.0
2025-10-06,SKU03707,ST30,3.0,3.003,-0.0030000000000001137,0.0030000000000001137
2025-10-07,SKU00001,ST01,0.0,0.0,0.0,0.0
2025-10-07,SKU02073,ST02,6.0,6.032,-0.03200000000000003,0.03200000000000003
2025-10-07,SKU02366,ST02,14.0,13.950666666666667,0.04933333333333323,0.04933333333333323
2025-10-07,SKU04995,ST02,10.0,9.982266666666666,0.017733333333334045,0.017733333333334045
2025-10-07,SKU01180,ST03,0.0,0.0,0.0,0.0
2025-10-07,SKU02085,ST03,6.0,6.017999999999999,-0.017999999999998906,0.017999999999998906
2025-10-07,SKU01894,ST04,31.0,30.49932222222223,0.5006777777777707,0.5006777777777707
2025-10-07,SKU00214,ST05,0.0,0.0,0.0,0.0
2025-10-07,SKU00009,ST06,3.0,2.998666666666667,0.0013333333333331865,0.0013333333333331865
2025-10-07,SKU00949,ST06,0.0,0.0,0.0,0.0
2025-10-07,SKU02790,ST06,0.0,0.0,0.0,0.0
2025-10-07,SKU04313,ST06,0.0,0.0,0.0,0.0
2025-10-07,SKU01702,ST07,0.0,0.0,0.0,0.0
2025-10-07,SKU03116,ST07,0.0,0.0,0.0,0.0
2025-10-07,SKU00668,ST08,48.0,48.32391428571427,-0.3239142857142667,0.3239142857142667
2025-10-07,SKU00719,ST08,1.0,1.1064666666666667,-0.10646666666666671,0.10646666666666671
2025-10-07,SKU03598,ST08,4.0,4.001666666666667,-0.0016666666666669272,0.0016666666666669272
2025-10-07,SKU04503,ST08,0.0,0.0,0.0,0.0
2025-10-07,SKU02655,ST09,8.0,8.112,-0.1120000000000001,0.1120000000000001
2025-10-07,SKU00464,ST10,26.0,26.004809523809524,-0.004809523809523597,0.004809523809523597
2025-10-07,SKU04167,ST10,0.0,0.0,0.0,0.0
2025-10-07,SKU00734,ST11,0.0,0.0,0.0,0.0
2025-10-07,SKU01493,ST11,5.0,5.012733333333333,-0.012733333333333263,0.012733333333333263
2025-10-07,SKU03452,ST11,11.0,10.8884,0.11159999999999926,0.11159999999999926
2025-10-07,SKU04552,ST11,16.0,16.068785714285717,-0.06878571428571689,0.06878571428571689
2025-10-07,SKU04879,ST11,0.0,0.0,0.0,0.0
2025-10-07,SKU01506,ST12,0.0,0.0,0.0,0.0
2025-10-07,SKU02747,ST12,15.0,14.580533333333333,0.41946666666666665,0.41946666666666665
2025-10-07,SKU02924,ST12,4.0,4.008666666666667,-0.0086666666666666,0.0086666666666666
2025-10-07,SKU01246,ST13,13.0,13.11142857142857,-0.11142857142857032,0.11142857142857032
2025-10-07,SKU04453,ST13,37.0,36.766076190476184,0.23392380952381586,0.23392380952381586
2025-10-07,SKU01250,ST14,15.0,15.004,-0.0039999999999995595,0.0039999999999995595
2025-10-07,SKU04425,ST14,6.0,6.022333333333334,-0.022333333333333982,0.022333333333333982
2025-10-07,SKU03782,ST15,0.0,0.0,0.0,0.0
2025-10-07,SKU01180,ST16,0.0,0.0,0.0,0.0
2025-10-07,SKU01382,ST16,0.0,0.0,0.0,0.0
2025-10-07,SKU04467,ST16,0.0,0.0,0.0,0.0
2025-10-07,SKU04813,ST16,12.0,11.787133333333331,0.21286666666666854,0.21286666666666854
2025-10-07,SKU01701,ST17,14.0,14.079133333333331,-0.07913333333333128,0.07913333333333128
2025-10-07,SKU04807,ST17,0.0,0.0,0.0,0.0
2025-10-07,SKU00966,ST18,0.0,0.0,0.0,0.0
2025-10-07,SKU03690,ST18,0.0,0.0,0.0,0.0
2025-10-07,SKU00195,ST19,0.0,0.0,0.0,0.0
2025-10-07,SKU01032,ST19,13.0,12.876866666666668,0.12313333333333176,0.12313333333333176
2025-10-07,SKU03094,ST19,7.0,6.955333333333333,0.044666666666667076,0.044666666666667076
2025-10-07,SKU04070,ST20,11.0,10.998,0.002000000000000668,0.002000000000000668
2025-10-07,SKU04482,ST20,18.0,17.917139682539684,0.08286031746031597,0.08286031746031597
2025-10-07,SKU00748,ST21,14.0,14.58112857142857,-0.5811285714285699,0.5811285714285699
2025-10-07,SKU02571,ST21,0.0,0.0,0.0,0.0
2025-10-07,SKU04356,ST21,0.0,0.0,0.0,0.0
2025-10-07,SKU01944,ST22,0.0,0.0,0.0,0.0
2025-10-07,SKU02450,ST22,0.0,0.0,0.0,0.0
2025-10-07,SKU03055,ST22,0.0,0.0,0.0,0.0
2025-10-07,SKU04413,ST23,0.0,0.0,0.0,0.0
2025-10-07,SKU04855,ST24,0.0,0.0,0.0,0.0
2025-10-07,SKU00530,ST25,0.0,0.0,0.0,0.0
2025-10-07,SKU01023,ST25,0.0,0.0,0.0,0.0
2025-10-07,SKU02895,ST25,2.0,2.183457142857143,-0.1834571428571432,0.1834571428571432
2025-10-07,SKU01695,ST26,0.0,0.0,0.0,0.0
2025-10-07,SKU04643,ST26,0.0,0.0,0.0,0.0
2025-10-07,SKU00907,ST27,0.0,0.0,0.0,0.0
2025-10-07,SKU01550,ST27,8.0,8.0368,-0.0367999999999995,0.0367999999999995
2025-10-07,SKU02365,ST27,8.0,7.561006349206348,0.4389936507936518,0.4389936507936518
2025-10-07,SKU04166,ST27,0.0,0.0,0.0,0.0
2025-10-07,SKU04393,ST27,0.0,0.0,0.0,0.0
2025-10-07,SKU04592,ST27,9.0,9.023,-0.022999999999999687,0.022999999999999687
2025-10-07,SKU02485,ST28,5.0,5.0229333333333335,-0.022933333333333472,0.022933333333333472
2025-10-07,SKU02593,ST28,0.0,0.0,0.0,0.0
2025-10-07,SKU03256,ST28,22.0,21.557366666666663,0.44263333333333676,0.44263333333333676
2025-10-07,SKU04158,ST28,19.0,18.904666666666667,0.0953333333333326,0.0953333333333326
2025-10-07,SKU04334,ST28,0.0,0.0,0.0,0.0
2025-10-07,SKU02589,ST29,24.0,23.338,0.661999999999999,0.661999999999999
2025-10-07,SKU02763,ST29,0.0,0.0,0.0,0.0
2025-10-07,SKU03916,ST29,14.0,13.94501904761905,0.05498095238094969,0.05498095238094969
2025-10-07,SKU01635,ST30,16.0,15.720266666666667,0.2797333333333327,0.2797333333333327
2025-10-07,SKU02790,ST30,0.0,0.0,0.0,0.0
2025-10-08,SKU00001,ST01,0.0,0.0,0.0,0.0
2025-10-08,SKU02369,ST02,17.0,16.919266666666665,0.08073333333333466,0.08073333333333466
2025-10-08,SKU01180,ST03,0.0,0.0,0.0,0.0
2025-10-08,SKU01557,ST03,28.0,26.246984126984135,1.7530158730158654,1.7530158730158654
2025-10-08,SKU01907,ST03,14.0,13.936933333333334,0.06306666666666594,0.06306666666666594
2025-10-08,SKU02143,ST03,3.0,3.0,0.0,0.0
2025-10-08,SKU03146,ST03,7.0,6.973333333333334,0.026666666666666394,0.026666666666666394
2025-10-08,SKU03772,ST03,24.0,23.670019047619054,0.3299809523809465,0.3299809523809465
2025-10-08,SKU00214,ST05,0.0,0.0,0.0,0.0
2025-10-08,SKU02165,ST05,32.0,32.63241904761904,-0.6324190476190381,0.6324190476190381
2025-10-08,SKU00949,ST06,0.0,0.0,0.0,0.0
2025-10-08,SKU02790,ST06,0.0,0.0,0.0,0.0
2025-10-08,SKU04313,ST06,0.0,0.0,0.0,0.0
2025-10-08,SKU04899,ST06,6.0,5.984066666666667,0.01593333333333291,0.01593333333333291
2025-10-08,SKU01702,ST07,0.0,0.0,0.0,0.0
2025-10-08,SKU03116,ST07,0.0,0.0,0.0,0.0
2025-10-08,SKU00422,ST08,5.0,4.959066666666668,0.04093333333333238,0.04093333333333238
2025-10-08,SKU01298,ST08,14.0,13.909,0.0909999999999993,0.0909999999999993
2025-10-08,SKU04028,ST08,9.0,8.953666666666669,0.04633333333333134,0.04633333333333134
2025-10-08,SKU04503,ST08,0.0,0.0,0.0,0.0
2025-10-08,SKU01023,ST09,3.0,3.122466666666667,-0.12246666666666695,0.12246666666666695
2025-10-08,SKU02100,ST09,22.0,22.349,-0.3490000000000002,0.3490000000000002
2025-10-08,SKU03296,ST10,9.0,8.995333333333333,0.004666666666667041,0.004666666666667041
2025-10-08,SKU04167,ST10,0.0,0.0,0.0,0.0
2025-10-08,SKU00734,ST11,0.0,0.0,0.0,0.0
2025-10-08,SKU02538,ST11,5.0,5.0,0.0,0.0
2025-10-08,SKU04879,ST11,0.0,0.0,0.0,0.0
2025-10-08,SKU00128,ST12,19.0,19.030204761904763,-0.030204761904762734,0.030204761904762734
2025-10-08,SKU01506,ST12,0.0,0.0,0.0,0.0
2025-10-08,SKU01749,ST12,21.0,20.8397,0.16029999999999944,0.16029999999999944
2025-10-08,SKU03007,ST13,8.0,8.093666666666666,-0.09366666666666568,0.09366666666666568
2025-10-08,SKU04743,ST13,10.0,9.997333333333332,0.0026666666666681493,0.0026666666666681493
2025-10-08,SKU01379,ST14,8.0,8.032399999999999,-0.032399999999999096,0.032399999999999096
2025-10-08,SKU02570,ST14,19.0,19.024333333333335,-0.02433333333333465,0.02433333333333465
2025-10-08,SKU03782,ST15,0.0,0.0,0.0,0.0
2025-10-08,SKU01180,ST16,0.0,0.0,0.0,0.0
2025-10-08,SKU01382,ST16,0.0,0.0,0.0,0.0
2025-10-08,SKU04807,ST17,0.0,0.0,0.0,0.0
2025-10-08,SKU00966,ST18,0.0,0.0,0.0,0.0
2025-10-08,SKU03690,ST18,0.0,0.0,0.0,0.0
2025-10-08,SKU04805,ST18,8.0,8.015733333333333,-0.015733333333333377,0.015733333333333377
2025-10-08,SKU00195,ST19,0.0,0.0,0.0,0.0
2025-10-08,SKU03876,ST19,19.0,18.903666666666666,0.09633333333333383,0.09633333333333383
2025-10-08,SKU00193,ST20,22.0,22.426728571428573,-0.4267285714285727,0.4267285714285727
2025-10-08,SKU01388,ST20,22.0,21.961755555555555,0.038244444444444525,0.038244444444444525
2025-10-08,SKU02938,ST20,28.0,28.81266507936508,-0.8126650793650789,0.8126650793650789
2025-10-08,SKU04482,ST20,0.0,0.0,0.0,0.0
2025-10-08,SKU02571,ST21,0.0,0.0,0.0,0.0
2025-10-08,SKU04356,ST21,0.0,0.0,0.0,0.0
2025-10-08,SKU04632,ST21,7.0,7.009333333333334,-0.009333333333334082,0.009333333333334082
2025-10-08,SKU01944,ST22,0.0,0.0,0.0,0.0
2025-10-08,SKU02450,ST22,0.0,0.0,0.0,0.0
2025-10-08,SKU02542,ST22,13.0,12.97,0.02999999999999936,0.02999999999999936
2025-10-08,SKU03055,ST22,0.0,0.0,0.0,0.0
2025-10-08,SKU00583,ST23,11.0,11.0254,-0.025399999999999423,0.025399999999999423
2025-10-08,SKU00634,ST23,4.0,3.978,0.021999999999999797,0.021999999999999797
2025-10-08,SKU04413,ST23,0.0,0.0,0.0,0.0
2025-10-08,SKU01692,ST24,5.0,5.006,-0.006000000000000227,0.006000000000000227
2025-10-08,SKU04855,ST24,21.0,20.936766666666664,0.06323333333333636,0.06323333333333636
2025-10-08,SKU00530,ST25,0.0,0.0,0.0,0.0
2025-10-08,SKU01023,ST25,0.0,0.0,0.0,0.0
2025-10-08,SKU01695,ST26,22.0,21.715795238095236,0.28420476190476407,0.28420476190476407
2025-10-08,SKU03604,ST26,14.0,14.034,-0.034000000000000696,0.034000000000000696
2025-10-08,SKU03955,ST26,10.0,9.827590476190482,0.17240952380951846,0.17240952380951846
2025-10-08,SKU04405,ST26,20.0,20.1343126984127,-0.13431269841269966,0.13431269841269966
2025-10-08,SKU04521,ST26,7.0,7.010999999999999,-0.010999999999999233,0.010999999999999233
2025-10-08,SKU04643,ST26,0.0,0.0,0.0,0.0
2025-10-08,SKU00907,ST27,0.0,0.0,0.0,0.0
2025-10-08,SKU04166,ST27,0.0,0.0,0.0,0.0
2025-10-08,SKU04393,ST27,0.0,0.0,0.0,0.0
2025-10-08,SKU04394,ST27,7.0,6.987333333333334,0.01266666666666616,0.01266666666666616
2025-10-08,SKU04596,ST27,18.0,17.922257142857145,0.07774285714285512,0.07774285714285512
2025-10-08,SKU02593,ST28,0.0,0.0,0.0,0.0
2025-10-08,SKU00880,ST29,2.0,2.042,-0.041999999999999815,0.041999999999999815
2025-10-08,SKU02763,ST29,0.0,0.0,0.0,0.0
2025-10-08,SKU04198,ST29,18.0,18.142266666666668,-0.14226666666666787,0.14226666666666787
2025-10-08,SKU02790,ST30,0.0,0.0,0.0,0.0
2025-10-08,SKU04997,ST30,5.0,5.1408,-0.1407999999999996,0.1407999999999996
2025-10-09,SKU00001,ST01,0.0,0.0,0.0,0.0
2025-10-09,SKU00706,ST02,11.0,10.957933333333333,0.04206666666666692,0.04206666666666692
2025-10-09,SKU01735,ST02,6.0,6.002,-0.0019999999999997797,0.0019999999999997797
2025-10-09,SKU00572,ST03,29.0,29.280707936507934,-0.2807079365079339,0.2807079365079339
2025-10-09,SKU01180,ST03,0.0,0.0,0.0,0.0
2025-10-09,SKU01943,ST04,14.0,14.046000000000001,-0.04600000000000115,0.04600000000000115
2025-10-09,SKU04015,ST04,12.0,12.003666666666666,-0.0036666666666658188,0.0036666666666658188
2025-10-09,SKU00214,ST05,0.0,0.0,0.0,0.0
2025-10-09,SKU00371,ST05,33.0,32.5699523809524,0.43004761904759903,0.43004761904759903
2025-10-09,SKU01122,ST05,21.0,20.914247619047607,0.08575238095239257,0.08575238095239257
2025-10-09,SKU00949,ST06,0.0,0.0,0.0,0.0
2025-10-09,SKU02790,ST06,0.0,0.0,0.0,0.0
2025-10-09,SKU04313,ST06,0.0,0.0,0.0,0.0
2025-10-09,SKU04950,ST06,12.0,12.017733333333334,-0.017733333333334045,0.017733333333334045
2025-10-09,SKU00809,ST07,15.0,14.9666,0.03340000000000032,0.03340000000000032
2025-10-09,SKU01702,ST07,0.0,0.0,0.0,0.0
2025-10-09,SKU03116,ST07,0.0,0.0,0.0,0.0
2025-10-09,SKU04224,ST07,11.0,11.220109523809526,-0.2201095238095263,0.2201095238095263
2025-10-09,SKU00893,ST08,9.0,9.010333333333332,-0.010333333333331751,0.010333333333331751
2025-10-09,SKU04503,ST08,0.0,0.0,0.0,0.0
2025-10-09,SKU03576,ST09,0.0,0.0,0.0,0.0
2025-10-09,SKU01382,ST10,24.0,23.85936666666667,0.14063333333333006,0.14063333333333006
2025-10-09,SKU02593,ST10,13.0,13.018238095238093,-0.018238095238093166,0.018238095238093166
2025-10-09,SKU04167,ST10,0.0,0.0,0.0,0.0
2025-10-09,SKU00734,ST11,0.0,0.0,0.0,0.0
2025-10-09,SKU00774,ST11,43.0,35.99537619047617,7.004623809523828,7.004623809523828
2025-10-09,SKU01010,ST11,9.0,8.989999999999998,0.010000000000001563,0.010000000000001563
2025-10-09,SKU04879,ST11,0.0,0.0,0.0,0.0
2025-10-09,SKU01506,ST12,0.0,0.0,0.0,0.0
2025-10-09,SKU01396,ST13,16.0,16.2648,-0.26480000000000103,0.26480000000000103
2025-10-09,SKU04820,ST13,17.0,17.111747619047623,-0.1117476190476232,0.1117476190476232
2025-10-09,SKU03392,ST15,30.0,29.349133333333338,0.650866666666662,0.650866666666662
2025-10-09,SKU03782,ST15,0.0,0.0,0.0,0.0
2025-10-09,SKU00921,ST16,7.0,7.044666666666667,-0.044666666666667076,0.044666666666667076
2025-10-09,SKU01180,ST16,0.0,0.0,0.0,0.0
2025-10-09,SKU01382,ST16,0.0,0.0,0.0,0.0
2025-10-09,SKU01957,ST17,14.0,13.92167619047619,0.0783238095238108,0.0783238095238108
2025-10-09,SKU04807,ST17,20.0,20.355866666666667,-0.35586666666666744,0.35586666666666744
2025-10-09,SKU00944,ST18,12.0,12.791396825396827,-0.7913968253968271,0.7913968253968271
2025-10-09,SKU00966,ST18,0.0,0.0,0.0,0.0
2025-10-09,SKU02216,ST18,11.0,11.087068253968255,-0.0870682539682548,0.0870682539682548
2025-10-09,SKU03690,ST18,0.0,0.0,0.0,0.0
2025-10-09,SKU00195,ST19,0.0,0.0,0.0,0.0
2025-10-09,SKU04482,ST20,0.0,0.0,0.0,0.0
2025-10-09,SKU00307,ST21,13.0,12.935466666666667,0.06453333333333333,0.06453333333333333
2025-10-09,SKU01468,ST21,6.0,6.039933333333335,-0.03993333333333471,0.03993333333333471
2025-10-09,SKU02571,ST21,0.0,0.0,0.0,0.0
2025-10-09,SKU04356,ST21,0.0,0.0,0.0,0.0
2025-10-09,SKU04378,ST21,10.0,9.802711111111114,0.1972888888888864,0.1972888888888864
2025-10-09,SKU01944,ST22,0.0,0.0,0.0,0.0
2025-10-09,SKU02157,ST22,27.0,26.57046666666667,0.42953333333333177,0.42953333333333177
2025-10-09,SKU02450,ST22,0.0,0.0,0.0,0.0
2025-10-09,SKU03055,ST22,0.0,0.0,0.0,0.0
2025-10-09,SKU04413,ST23,0.0,0.0,0.0,0.0
2025-10-09,SKU03082,ST24,25.0,25.068733333333334,-0.0687333333333342,0.0687333333333342
2025-10-09,SKU03652,ST24,0.0,0.0,0.0,0.0
2025-10-09,SKU00530,ST25,0.0,0.0,0.0,0.0
2025-10-09,SKU01023,ST25,0.0,0.0,0.0,0.0
2025-10-09,SKU04138,ST25,21.0,21.214799999999997,-0.21479999999999677,0.21479999999999677
2025-10-09,SKU02755,ST26,3.0,3.0,0.0,0.0
2025-10-09,SKU04643,ST26,22.0,22.125733333333336,-0.12573333333333636,0.12573333333333636
2025-10-09,SKU00907,ST27,0.0,0.0,0.0,0.0
2025-10-09,SKU04166,ST27,0.0,0.0,0.0,0.0
2025-10-09,SKU04329,ST27,35.0,33.958176190476195,1.0418238095238053,1.0418238095238053
2025-10-09,SKU04393,ST27,0.0,0.0,0.0,0.0
2025-10-09,SKU02593,ST28,0.0,0.0,0.0,0.0
2025-10-09,SKU00574,ST29,3.0,3.122466666666667,-0.12246666666666695,0.12246666666666695
2025-10-09,SKU02660,ST29,11.0,10.750847619047615,0.2491523809523848,0.2491523809523848
2025-10-09,SKU02763,ST29,0.0,0.0,0.0,0.0
2025-10-09,SKU02790,ST30,0.0,0.0,0.0,0.0
2025-10-10,SKU00001,ST01,0.0,0.0,0.0,0.0
2025-10-10,SKU04596,ST02,18.0,17.893719047619047,0.1062809523809527,0.1062809523809527
2025-10-10,SKU01180,ST03,0.0,0.0,0.0,0.0
2025-10-10,SKU00214,ST05,0.0,0.0,0.0,0.0
2025-10-10,SKU03599,ST05,6.0,6.013666666666667,-0.013666666666667382,0.013666666666667382
2025-10-10,SKU00949,ST06,0.0,0.0,0.0,0.0
2025-10-10,SKU02281,ST06,25.0,24.4046,0.5954000000000015,0.5954000000000015
2025-10-10,SKU02790,ST06,0.0,0.0,0.0,0.0
2025-10-10,SKU04313,ST06,0.0,0.0,0.0,0.0
2025-10-10,SKU04897,ST06,1.0,1.062,-0.062000000000000055,0.062000000000000055
2025-10-10,SKU01702,ST07,0.0,0.0,0.0,0.0
2025-10-10,SKU03116,ST07,0.0,0.0,0.0,0.0
2025-10-10,SKU03821,ST07,12.0,11.986857142857144,0.013142857142856457,0.013142857142856457
2025-10-10,SKU03981,ST08,7.0,6.295228571428571,0.704771428571429,0.704771428571429
2025-10-10,SKU04503,ST08,7.0,6.869333333333333,0.13066666666666737,0.13066666666666737
2025-10-10,SKU00775,ST09,32.0,33.83806031746031,-1.838060317460311,1.838060317460311
2025-10-10,SKU00785,ST09,9.0,8.959,0.04100000000000037,0.04100000000000037
2025-10-10,SKU03457,ST09,3.0,2.9926666666666666,0.007333333333333414,0.007333333333333414
2025-10-10,SKU03982,ST09,20.0,19.700966666666666,0.29903333333333393,0.29903333333333393
2025-10-10,SKU01984,ST10,6.0,6.004533333333334,-0.004533333333333722,0.004533333333333722
2025-10-10,SKU02599,ST10,22.0,22.015077777777787,-0.01507777777778685,0.01507777777778685
2025-10-10,SKU04167,ST10,0.0,0.0,0.0,0.0
2025-10-10,SKU00734,ST11,0.0,0.0,0.0,0.0
2025-10-10,SKU03862,ST11,9.0,8.956000000000001,0.04399999999999871,0.04399999999999871
2025-10-10,SKU04879,ST11,0.0,0.0,0.0,0.0
2025-10-10,SKU01506,ST12,0.0,0.0,0.0,0.0
2025-10-10,SKU01959,ST12,15.0,14.842,0.15799999999999947,0.15799999999999947
2025-10-10,SKU03597,ST12,16.0,16.048700000000004,-0.04870000000000374,0.04870000000000374
2025-10-10,SKU01415,ST14,27.0,26.822199999999995,0.17780000000000484,0.17780000000000484
2025-10-10,SKU03606,ST14,11.0,11.270666666666665,-0.2706666666666653,0.2706666666666653
2025-10-10,SKU03782,ST15,0.0,0.0,0.0,0.0
2025-10-10,SKU00682,ST16,27.0,26.318622222222213,0.6813777777777865,0.6813777777777865
2025-10-10,SKU01180,ST16,0.0,0.0,0.0,0.0
2025-10-10,SKU01382,ST16,0.0,0.0,0.0,0.0
2025-10-10,SKU02175,ST17,7.0,7.127999999999999,-0.12799999999999923,0.12799999999999923
2025-10-10,SKU00966,ST18,0.0,0.0,0.0,0.0
2025-10-10,SKU03690,ST18,0.0,0.0,0.0,0.0
2025-10-10,SKU00195,ST19,0.0,0.0,0.0,0.0
2025-10-10,SKU01181,ST19,8.0,8.528455555555555,-0.5284555555555546,0.5284555555555546
2025-10-10,SKU02607,ST19,21.0,21.10638571428571,-0.10638571428571097,0.10638571428571097
2025-10-10,SKU04482,ST20,0.0,0.0,0.0,0.0
2025-10-10,SKU01124,ST21,13.0,13.004733333333334,-0.004733333333334144,0.004733333333334144
2025-10-10,SKU02571,ST21,0.0,0.0,0.0,0.0
2025-10-10,SKU02729,ST21,6.0,6.174733333333332,-0.1747333333333323,0.1747333333333323
2025-10-10,SKU04356,ST21,0.0,0.0,0.0,0.0
2025-10-10,SKU04508,ST21,15.0,14.883666666666667,0.1163333333333334,0.1163333333333334
2025-10-10,SKU00244,ST22,9.0,9.011666666666668,-0.01166666666666849,0.01166666666666849
2025-10-10,SKU01944,ST22,0.0,0.0,0.0,0.0
2025-10-10,SKU02192,ST22,26.0,26.135663492063482,-0.1356634920634825,0.1356634920634825
2025-10-10,SKU02450,ST22,0.0,0.0,0.0,0.0
2025-10-10,SKU03055,ST22,0.0,0.0,0.0,0.0
2025-10-10,SKU04823,ST22,2.0,2.0313333333333334,-0.031333333333333435,0.031333333333333435
2025-10-10,SKU04413,ST23,0.0,0.0,0.0,0.0
2025-10-10,SKU00348,ST24,10.0,10.398761904761907,-0.39876190476190665,0.39876190476190665
2025-10-10,SKU03116,ST24,20.0,19.785363492063485,0.21463650793651468,0.21463650793651468
2025-10-10,SKU03318,ST24,1.0,1.002,-0.0020000000000000018,0.0020000000000000018
2025-10-10,SKU00530,ST25,0.0,0.0,0.0,0.0
2025-10-10,SKU01023,ST25,0.0,0.0,0.0,0.0
2025-10-10,SKU03903,ST25,12.0,11.879333333333332,0.12066666666666848,0.12066666666666848
2025-10-10,SKU04932,ST25,11.0,11.074666666666667,-0.07466666666666733,0.07466666666666733
2025-10-10,SKU00907,ST27,0.0,0.0,0.0,0.0
2025-10-10,SKU04166,ST27,0.0,0.0,0.0,0.0
2025-10-10,SKU04393,ST27,0.0,0.0,0.0,0.0
2025-10-10,SKU02593,ST28,0.0,0.0,0.0,0.0
2025-10-10,SKU04773,ST28,10.0,10.551328571428572,-0.5513285714285718,0.5513285714285718
2025-10-10,SKU02763,ST29,0.0,0.0,0.0,0.0
2025-10-10,SKU03510,ST29,8.0,8.035333333333334,-0.03533333333333388,0.03533333333333388
2025-10-10,SKU03923,ST29,39.0,38.387782539682554,0.6122174603174457,0.6122174603174457
2025-10-10,SKU02790,ST30,0.0,0.0,0.0,0.0
2025-10-11,SKU00001,ST01,28.0,27.741828571428574,0.2581714285714263,0.2581714285714263
2025-10-11,SKU04923,ST01,5.0,5.0611999999999995,-0.06119999999999948,0.06119999999999948
2025-10-11,SKU00860,ST02,6.0,5.970333333333333,0.029666666666667396,0.029666666666667396
2025-10-11,SKU04205,ST02,0.0,0.0,0.0,0.0
2025-10-11,SKU00967,ST03,34.0,33.639133333333334,0.36086666666666645,0.36086666666666645
2025-10-11,SKU01180,ST03,0.0,0.0,0.0,0.0
2025-10-11,SKU03785,ST03,23.0,23.1451468975469,-0.14514689754690124,0.14514689754690124
2025-10-11,SKU01488,ST04,4.0,3.9986666666666664,0.0013333333333336306,0.0013333333333336306
2025-10-11,SKU04218,ST04,10.0,10.096866666666669,-0.09686666666666888,0.09686666666666888
2025-10-11,SKU00214,ST05,0.0,0.0,0.0,0.0
2025-10-11,SKU03775,ST05,23.0,22.662699999999994,0.33730000000000615,0.33730000000000615
2025-10-11,SKU00949,ST06,0.0,0.0,0.0,0.0
2025-10-11,SKU01251,ST06,8.0,8.271819047619047,-0.2718190476190472,0.2718190476190472
2025-10-11,SKU02790,ST06,0.0,0.0,0.0,0.0
2025-10-11,SKU04313,ST06,0.0,0.0,0.0,0.0
2025-10-11,SKU01702,ST07,0.0,0.0,0.0,0.0
2025-10-11,SKU03116,ST07,0.0,0.0,0.0,0.0
2025-10-11,SKU02306,ST08,16.0,15.966000000000001,0.03399999999999892,0.03399999999999892
2025-10-11,SKU04198,ST08,38.0,38.203209523809534,-0.20320952380953372,0.20320952380953372
2025-10-11,SKU00067,ST10,22.0,21.44749206349206,0.55250793650794,0.55250793650794
2025-10-11,SKU04167,ST10,0.0,0.0,0.0,0.0
2025-10-11,SKU00402,ST11,19.0,18.970095238095233,0.029904761904766985,0.029904761904766985
2025-10-11,SKU00734,ST11,0.0,0.0,0.0,0.0
2025-10-11,SKU04879,ST11,0.0,0.0,0.0,0.0
2025-10-11,SKU01506,ST12,0.0,0.0,0.0,0.0
2025-10-11,SKU02491,ST13,21.0,21.137084415584415,-0.13708441558441464,0.13708441558441464
2025-10-11,SKU02920,ST13,35.0,35.176514285714276,-0.1765142857142763,0.1765142857142763
2025-10-11,SKU04971,ST14,4.0,4.182,-0.18200000000000038,0.18200000000000038
2025-10-11,SKU00059,ST15,8.0,7.993,0.006999999999999673,0.006999999999999673
2025-10-11,SKU03735,ST15,22.0,21.932733333333335,0.06726666666666503,0.06726666666666503
2025-10-11,SKU03782,ST15,0.0,0.0,0.0,0.0
2025-10-11,SKU01180,ST16,0.0,0.0,0.0,0.0
2025-10-11,SKU01382,ST16,0.0,0.0,0.0,0.0
2025-10-11,SKU04658,ST16,6.0,6.117400000000001,-0.11740000000000084,0.11740000000000084
2025-10-11,SKU03315,ST17,6.0,6.01,-0.009999999999999787,0.009999999999999787
2025-10-11,SKU03836,ST17,19.0,18.897423809523815,0.10257619047618505,0.10257619047618505
2025-10-11,SKU00966,ST18,0.0,0.0,0.0,0.0
2025-10-11,SKU03690,ST18,0.0,0.0,0.0,0.0
2025-10-11,SKU00195,ST19,0.0,0.0,0.0,0.0
2025-10-11,SKU01791,ST19,32.0,30.580033333333315,1.419966666666685,1.419966666666685
2025-10-11,SKU04105,ST19,13.0,13.0082,-0.00820000000000043,0.00820000000000043
2025-10-11,SKU04482,ST20,0.0,0.0,0.0,0.0
2025-10-11,SKU00314,ST21,10.0,9.995333333333333,0.004666666666667041,0.004666666666667041
2025-10-11,SKU01961,ST21,11.0,10.996,0.0039999999999995595,0.0039999999999995595
2025-10-11,SKU02571,ST21,0.0,0.0,0.0,0.0
2025-10-11,SKU04356,ST21,0.0,0.0,0.0,0.0
2025-10-11,SKU01944,ST22,0.0,0.0,0.0,0.0
2025-10-11,SKU02450,ST22,0.0,0.0,0.0,0.0
2025-10-11,SKU03055,ST22,0.0,0.0,0.0,0.0
2025-10-11,SKU03332,ST23,38.0,38.41239365079367,-0.41239365079366763,0.41239365079366763
2025-10-11,SKU03906,ST23,18.0,17.816980952380952,0.18301904761904808,0.18301904761904808
2025-10-11,SKU04413,ST23,0.0,0.0,0.0,0.0
2025-10-11,SKU01292,ST24,0.0,0.0,0.0,0.0
2025-10-11,SKU00530,ST25,0.0,0.0,0.0,0.0
2025-10-11,SKU01023,ST25,0.0,0.0,0.0,0.0
2025-10-11,SKU01750,ST25,8.0,8.0328,-0.03279999999999994,0.03279999999999994
2025-10-11,SKU02472,ST26,12.0,12.0598,-0.05979999999999919,0.05979999999999919
2025-10-11,SKU02908,ST26,4.0,4.154,-0.15399999999999991,0.15399999999999991
2025-10-11,SKU00907,ST27,0.0,0.0,0.0,0.0
2025-10-11,SKU02677,ST27,27.0,27.262412698412696,-0.262412698412696,0.262412698412696
2025-10-11,SKU04166,ST27,0.0,0.0,0.0,0.0
2025-10-11,SKU04393,ST27,0.0,0.0,0.0,0.0
2025-10-11,SKU02593,ST28,0.0,0.0,0.0,0.0
2025-10-11,SKU02736,ST29,17.0,17.145488888888888,-0.1454888888888881,0.1454888888888881
2025-10-11,SKU02763,ST29,0.0,0.0,0.0,0.0
2025-10-11,SKU04314,ST29,25.0,24.849339682539682,0.15066031746031783,0.15066031746031783
2025-10-11,SKU04772,ST29,7.0,7.040990476190476,-0.040990476190476244,0.040990476190476244
2025-10-11,SKU02790,ST30,0.0,0.0,0.0,0.0
2025-10-12,SKU03891,ST01,20.0,19.676133333333336,0.32386666666666386,0.32386666666666386
2025-10-12,SKU04539,ST01,5.0,4.994,0.006000000000000227,0.006000000000000227
2025-10-12,SKU00025,ST02,7.0,6.992666666666667,0.007333333333333414,0.007333333333333414
2025-10-12,SKU02625,ST02,16.0,15.988,0.012000000000000455,0.012000000000000455
2025-10-12,SKU01180,ST03,0.0,0.0,0.0,0.0
2025-10-12,SKU00214,ST05,0.0,0.0,0.0,0.0
2025-10-12,SKU00949,ST06,0.0,0.0,0.0,0.0
2025-10-12,SKU02790,ST06,0.0,0.0,0.0,0.0
2025-10-12,SKU03434,ST06,44.0,41.21826666666669,2.7817333333333067,2.7817333333333067
2025-10-12,SKU04313,ST06,0.0,0.0,0.0,0.0
2025-10-12,SKU01702,ST07,0.0,0.0,0.0,0.0
2025-10-12,SKU03116,ST07,0.0,0.0,0.0,0.0
2025-10-12,SKU03270,ST08,30.0,30.19256825396825,-0.1925682539682505,0.1925682539682505
2025-10-12,SKU03472,ST08,10.0,10.063333333333333,-0.06333333333333258,0.06333333333333258
2025-10-12,SKU02891,ST09,18.0,18.24158095238095,-0.24158095238095,0.24158095238095
2025-10-12,SKU03227,ST09,21.0,21.2400380952381,-0.2400380952380985,0.2400380952380985
2025-10-12,SKU04167,ST10,0.0,0.0,0.0,0.0
2025-10-12,SKU04442,ST10,56.0,50.70567741147741,5.29432258852259,5.29432258852259
2025-10-12,SKU00734,ST11,0.0,0.0,0.0,0.0
2025-10-12,SKU03106,ST11,8.0,7.988266666666666,0.011733333333333817,0.011733333333333817
2025-10-12,SKU04879,ST11,8.0,8.016000000000002,-0.01600000000000179,0.01600000000000179
2025-10-12,SKU00490,ST12,9.0,9.092,-0.09200000000000053,0.09200000000000053
2025-10-12,SKU01506,ST12,0.0,0.0,0.0,0.0
2025-10-12,SKU04647,ST12,2.0,1.4374285714285717,0.5625714285714283,0.5625714285714283
2025-10-12,SKU00058,ST13,13.0,12.983666666666666,0.016333333333333755,0.016333333333333755
2025-10-12,SKU01565,ST13,1.0,1.0886666666666664,-0.08866666666666645,0.08866666666666645
2025-10-12,SKU02018,ST13,15.0,14.965266666666665,0.03473333333333528,0.03473333333333528
2025-10-12,SKU00309,ST14,15.0,14.83426666666667,0.16573333333333018,0.16573333333333018
2025-10-12,SKU01383,ST14,7.0,7.160044444444446,-0.16004444444444577,0.16004444444444577
2025-10-12,SKU03782,ST15,0.0,0.0,0.0,0.0
2025-10-12,SKU01180,ST16,0.0,0.0,0.0,0.0
2025-10-12,SKU01382,ST16,0.0,0.0,0.0,0.0
2025-10-12,SKU01560,ST16,64.0,46.120247252747255,17.879752747252745,17.879752747252745
2025-10-12,SKU02172,ST16,31.0,30.834411111111105,0.16558888888889456,0.16558888888889456
2025-10-12,SKU00966,ST18,0.0,0.0,0.0,0.0
2025-10-12,SKU01607,ST18,21.0,21.202533333333328,-0.2025333333333279,0.2025333333333279
2025-10-12,SKU03690,ST18,0.0,0.0,0.0,0.0
2025-10-12,SKU00195,ST19,10.0,10.13814126984127,-0.1381412698412703,0.1381412698412703
2025-10-12,SKU03413,ST19,21.0,20.7484126984127,0.2515873015872998,0.2515873015872998
2025-10-12,SKU03513,ST19,18.0,18.047161904761907,-0.04716190476190718,0.04716190476190718
2025-10-12,SKU00195,ST20,3.0,3.0541619047619046,-0.05416190476190463,0.05416190476190463
2025-10-12,SKU04482,ST20,0.0,0.0,0.0,0.0
2025-10-12,SKU00867,ST21,4.0,4.0176,-0.017599999999999838,0.017599999999999838
2025-10-12,SKU01525,ST21,8.0,8.128633333333335,-0.12863333333333493,0.12863333333333493
2025-10-12,SKU02571,ST21,11.0,10.920799999999998,0.07920000000000194,0.07920000000000194
2025-10-12,SKU04356,ST21,30.0,29.93235079365079,0.06764920634920912,0.06764920634920912
2025-10-12,SKU01944,ST22,0.0,0.0,0.0,0.0
2025-10-12,SKU02450,ST22,0.0,0.0,0.0,0.0
2025-10-12,SKU02609,ST22,31.0,31.93764126984127,-0.9376412698412686,0.9376412698412686
2025-10-12,SKU03055,ST22,0.0,0.0,0.0,0.0
2025-10-12,SKU03536,ST22,24.0,23.97742857142857,0.022571428571428243,0.022571428571428243
2025-10-12,SKU00820,ST23,5.0,4.836666666666667,0.1633333333333331,0.1633333333333331
2025-10-12,SKU04413,ST23,0.0,0.0,0.0,0.0
2025-10-12,SKU04086,ST24,11.0,10.869333333333332,0.13066666666666826,0.13066666666666826
2025-10-12,SKU00530,ST25,0.0,0.0,0.0,0.0
2025-10-12,SKU01023,ST25,0.0,0.0,0.0,0.0
2025-10-12,SKU01577,ST25,3.0,3.004833333333333,-0.004833333333333023,0.004833333333333023
2025-10-12,SKU00151,ST26,2.0,2.0606666666666666,-0.06066666666666665,0.06066666666666665
2025-10-12,SKU00454,ST27,1.0,1.0,0.0,0.0
2025-10-12,SKU00907,ST27,0.0,0.0,0.0,0.0
2025-10-12,SKU04166,ST27,0.0,0.0,0.0,0.0
2025-10-12,SKU04393,ST27,0.0,0.0,0.0,0.0
2025-10-12,SKU02593,ST28,0.0,0.0,0.0,0.0
2025-10-12,SKU01157,ST29,3.0,3.01,-0.009999999999999787,0.009999999999999787
2025-10-12,SKU02307,ST29,22.0,21.83751428571428,0.16248571428571879,0.16248571428571879
2025-10-12,SKU02763,ST29,0.0,0.0,0.0,0.0
2025-10-12,SKU04475,ST29,4.0,3.9195333333333333,0.08046666666666669,0.08046666666666669
2025-10-12,SKU02790,ST30,0.0,0.0,0.0,0.0
2025-10-13,SKU00868,ST01,21.0,20.55299047619047,0.4470095238095304,0.4470095238095304
2025-10-13,SKU01086,ST01,16.0,15.959333333333332,0.040666666666668405,0.040666666666668405
2025-10-13,SKU03596,ST02,23.0,23.364052380952383,-0.36405238095238346,0.36405238095238346
2025-10-13,SKU01180,ST03,0.0,0.0,0.0,0.0
2025-10-13,SKU03372,ST04,8.0,7.47784126984127,0.52215873015873,0.52215873015873
2025-10-13,SKU00214,ST05,0.0,0.0,0.0,0.0
2025-10-13,SKU02103,ST05,8.0,8.018,-0.018000000000000682,0.018000000000000682
2025-10-13,SKU00387,ST06,27.0,26.418307936507933,0.581692063492067,0.581692063492067
2025-10-13,SKU00949,ST06,0.0,0.0,0.0,0.0
2025-10-13,SKU02790,ST06,0.0,0.0,0.0,0.0
2025-10-13,SKU03786,ST06,23.0,23.327685714285714,-0.3276857142857139,0.3276857142857139
2025-10-13,SKU04313,ST06,0.0,0.0,0.0,0.0
2025-10-13,SKU01698,ST07,3.0,2.992,0.008000000000000007,0.008000000000000007
2025-10-13,SKU01702,ST07,0.0,0.0,0.0,0.0
2025-10-13,SKU03116,ST07,0.0,0.0,0.0,0.0
2025-10-13,SKU00488,ST09,5.0,5.008666666666667,-0.0086666666666666,0.0086666666666666
2025-10-13,SKU01022,ST09,7.0,7.016,-0.016000000000000014,0.016000000000000014
2025-10-13,SKU00411,ST10,17.0,17.018333333333334,-0.018333333333334423,0.018333333333334423
2025-10-13,SKU02018,ST10,24.0,23.900000000000002,0.09999999999999787,0.09999999999999787
2025-10-13,SKU04167,ST10,0.0,0.0,0.0,0.0
2025-10-13,SKU00117,ST11,0.0,0.0,0.0,0.0
2025-10-13,SKU00734,ST11,0.0,0.0,0.0,0.0
2025-10-13,SKU00071,ST12,14.0,13.980266666666667,0.019733333333332936,0.019733333333332936
2025-10-13,SKU00171,ST12,6.0,6.070333333333334,-0.07033333333333402,0.07033333333333402
2025-10-13,SKU01506,ST12,0.0,0.0,0.0,0.0
2025-10-13,SKU02239,ST12,16.0,15.979,0.021000000000000796,0.021000000000000796
2025-10-13,SKU03271,ST12,8.0,8.0568,-0.05680000000000085,0.05680000000000085
2025-10-13,SKU01646,ST13,11.0,11.0024,-0.0023999999999997357,0.0023999999999997357
2025-10-13,SKU03342,ST13,3.0,3.075,-0.07500000000000018,0.07500000000000018
2025-10-13,SKU03355,ST14,22.0,22.060404761904763,-0.060404761904763404,0.060404761904763404
2025-10-13,SKU04727,ST14,0.0,0.0008,-0.0008,0.0008
2025-10-13,SKU02863,ST15,0.0,0.0,0.0,0.0
2025-10-13,SKU03782,ST15,0.0,0.0,0.0,0.0
2025-10-13,SKU01180,ST16,0.0,0.0,0.0,0.0
2025-10-13,SKU01276,ST16,44.0,41.92489682539682,2.0751031746031785,2.0751031746031785
2025-10-13,SKU01382,ST16,0.0,0.0,0.0,0.0
2025-10-13,SKU01718,ST17,32.0,31.424271428571416,0.5757285714285842,0.5757285714285842
2025-10-13,SKU00966,ST18,0.0,0.0,0.0,0.0
2025-10-13,SKU03690,ST18,0.0,0.0,0.0,0.0
2025-10-13,SKU00175,ST20,22.0,20.937304761904766,1.062695238095234,1.062695238095234
2025-10-13,SKU02460,ST20,16.0,16.0422,-0.042200000000001125,0.042200000000001125
2025-10-13,SKU04482,ST20,0.0,0.0,0.0,0.0
2025-10-13,SKU04739,ST20,31.0,30.333455555555556,0.6665444444444439,0.6665444444444439
2025-10-13,SKU00204,ST21,11.0,11.054,-0.05400000000000027,0.05400000000000027
2025-10-13,SKU03067,ST21,9.0,9.003066666666667,-0.003066666666667217,0.003066666666667217
2025-10-13,SKU01944,ST22,0.0,0.0,0.0,0.0
2025-10-13,SKU02450,ST22,0.0,0.0,0.0,0.0
2025-10-13,SKU02618,ST22,20.0,21.074014285714284,-1.0740142857142843,1.0740142857142843
2025-10-13,SKU03055,ST22,0.0,0.0,0.0,0.0
2025-10-13,SKU04413,ST23,0.0,0.0,0.0,0.0
2025-10-13,SKU04529,ST23,31.0,30.903266666666664,0.09673333333333645,0.09673333333333645
2025-10-13,SKU00530,ST25,0.0,0.0,0.0,0.0
2025-10-13,SKU01023,ST25,0.0,0.0,0.0,0.0
2025-10-13,SKU04137,ST26,14.0,13.978666666666665,0.021333333333334537,0.021333333333334537
2025-10-13,SKU04273,ST26,5.0,5.361233333333333,-0.36123333333333285,0.36123333333333285
2025-10-13,SKU00907,ST27,0.0,0.0,0.0,0.0
2025-10-13,SKU02919,ST27,8.0,8.014,-0.013999999999999346,0.013999999999999346
2025-10-13,SKU03016,ST27,11.0,11.023399999999999,-0.023399999999998755,0.023399999999998755
2025-10-13,SKU04166,ST27,0.0,0.0,0.0,0.0
2025-10-13,SKU04393,ST27,0.0,0.0,0.0,0.0
2025-10-13,SKU02593,ST28,40.0,39.609322222222225,0.3906777777777748,0.3906777777777748
2025-10-13,SKU02339,ST29,3.0,3.0063333333333335,-0.006333333333333524,0.006333333333333524
2025-10-13,SKU02763,ST29,0.0,0.0,0.0,0.0
2025-10-13,SKU03743,ST29,8.0,8.012666666666666,-0.01266666666666616,0.01266666666666616
2025-10-13,SKU00011,ST30,15.0,15.013933333333332,-0.013933333333332243,0.013933333333332243
2025-10-13,SKU02258,ST30,36.0,35.656261904761905,0.34373809523809484,0.34373809523809484
2025-10-13,SKU02790,ST30,5.0,5.093,-0.09299999999999997,0.09299999999999997
2025-10-13,SKU03031,ST30,15.0,15.008333333333333,-0.00833333333333286,0.00833333333333286
2025-10-13,SKU03314,ST30,4.0,3.589190476190476,0.4108095238095242,0.4108095238095242
2025-10-14,SKU01180,ST03,0.0,0.0,0.0,0.0
2025-10-14,SKU00214,ST05,0.0,0.0,0.0,0.0
2025-10-14,SKU00949,ST06,0.0,0.0,0.0,0.0
2025-10-14,SKU02790,ST06,0.0,0.0,0.0,0.0
2025-10-14,SKU04313,ST06,0.0,0.0,0.0,0.0
2025-10-14,SKU01702,ST07,0.0,0.0,0.0,0.0
2025-10-14,SKU03116,ST07,0.0,0.0,0.0,0.0
2025-10-14,SKU00326,ST08,3.0,2.998,0.0019999999999997797,0.0019999999999997797
2025-10-14,SKU01233,ST08,5.0,5.089666666666668,-0.0896666666666679,0.0896666666666679
2025-10-14,SKU00398,ST10,9.0,9.045666666666667,-0.04566666666666741,0.04566666666666741
2025-10-14,SKU01114,ST10,27.0,26.73512698412699,0.26487301587301104,0.26487301587301104
2025-10-14,SKU04167,ST10,0.0,0.0,0.0,0.0
2025-10-14,SKU00734,ST11,0.0,0.0,0.0,0.0
2025-10-14,SKU01506,ST12,0.0,0.0,0.0,0.0
2025-10-14,SKU01674,ST12,11.0,10.958333333333334,0.041666666666666075,0.041666666666666075
2025-10-14,SKU01885,ST12,7.0,7.014666666666667,-0.014666666666666828,0.014666666666666828
2025-10-14,SKU04832,ST12,32.0,32.07764444444444,-0.07764444444443797,0.07764444444443797
2025-10-14,SKU04299,ST14,7.0,7.012666666666667,-0.012666666666667048,0.012666666666667048
2025-10-14,SKU03782,ST15,0.0,0.0,0.0,0.0
2025-10-14,SKU01180,ST16,0.0,0.0,0.0,0.0
2025-10-14,SKU01382,ST16,0.0,0.0,0.0,0.0
2025-10-14,SKU03748,ST17,7.0,6.914600000000001,0.08539999999999903,0.08539999999999903
2025-10-14,SKU00966,ST18,0.0,0.0,0.0,0.0
2025-10-14,SKU03690,ST18,4.0,4.014,-0.014000000000000234,0.014000000000000234
2025-10-14,SKU02411,ST19,3.0,3.0974,-0.09739999999999993,0.09739999999999993
2025-10-14,SKU03996,ST20,13.0,12.841,0.1590000000000007,0.1590000000000007
2025-10-14,SKU04482,ST20,0.0,0.0,0.0,0.0
2025-10-14,SKU01944,ST22,0.0,0.0,0.0,0.0
2025-10-14,SKU02265,ST22,7.0,6.993333333333334,0.0066666666666659324,0.0066666666666659324
2025-10-14,SKU02450,ST22,0.0,0.0,0.0,0.0
2025-10-14,SKU03055,ST22,0.0,0.0,0.0,0.0
2025-10-14,SKU03613,ST23,20.0,20.202885714285713,-0.20288571428571345,0.20288571428571345
2025-10-14,SKU04413,ST23,0.0,0.0,0.0,0.0
2025-10-14,SKU04431,ST24,13.0,12.591539682539686,0.40846031746031386,0.40846031746031386
2025-10-14,SKU00530,ST25,0.0,0.0,0.0,0.0
2025-10-14,SKU01023,ST25,0.0,0.0,0.0,0.0
2025-10-14,SKU01311,ST25,34.0,34.82905714285712,-0.829057142857117,0.829057142857117
2025-10-14,SKU00422,ST26,10.0,9.996333333333332,0.003666666666667595,0.003666666666667595
2025-10-14,SKU00907,ST27,0.0,0.0,0.0,0.0
2025-10-14,SKU04166,ST27,0.0,0.0,0.0,0.0
2025-10-14,SKU04393,ST27,0.0,0.0,0.0,0.0
2025-10-14,SKU00635,ST29,9.0,9.2352,-0.23520000000000074,0.23520000000000074
2025-10-14,SKU02763,ST29,0.0,0.0,0.0,0.0
2025-10-15,SKU00785,ST01,41.0,40.22589523809525,0.7741047619047521,0.7741047619047521
2025-10-15,SKU03502,ST01,26.0,26.347047619047622,-0.34704761904762194,0.34704761904762194
2025-10-15,SKU04676,ST01,27.0,26.841961904761902,0.15803809523809775,0.15803809523809775
2025-10-15,SKU02985,ST02,16.0,15.766222222222225,0.23377777777777453,0.23377777777777453
2025-10-15,SKU01180,ST03,0.0,0.0,0.0,0.0
2025-10-15,SKU00214,ST05,0.0,0.0,0.0,0.0
2025-10-15,SKU02931,ST05,19.0,19.109333333333336,-0.1093333333333355,0.1093333333333355
2025-10-15,SKU00397,ST06,37.0,36.32970952380952,0.6702904761904804,0.6702904761904804
2025-10-15,SKU00949,ST06,0.0,0.0,0.0,0.0
2025-10-15,SKU02790,ST06,0.0,0.0,0.0,0.0
2025-10-15,SKU03575,ST06,17.0,17.86477619047619,-0.8647761904761886,0.8647761904761886
2025-10-15,SKU04313,ST06,0.0,0.0,0.0,0.0
2025-10-15,SKU01702,ST07,0.0,0.0,0.0,0.0
2025-10-15,SKU03116,ST07,0.0,0.0,0.0,0.0
2025-10-15,SKU03075,ST09,14.0,14.1272,-0.1272000000000002,0.1272000000000002
2025-10-15,SKU04167,ST10,0.0,0.0,0.0,0.0
2025-10-15,SKU00734,ST11,0.0,0.0,0.0,0.0
2025-10-15,SKU01506,ST12,0.0,0.0,0.0,0.0
2025-10-15,SKU04974,ST13,10.0,9.99,0.009999999999999787,0.009999999999999787
2025-10-15,SKU00944,ST14,4.0,4.7354047619047615,-0.7354047619047615,0.7354047619047615
2025-10-15,SKU01162,ST15,20.0,21.03701587301588,-1.0370158730158785,1.0370158730158785
2025-10-15,SKU03782,ST15,0.0,0.0,0.0,0.0
2025-10-15,SKU01180,ST16,0.0,0.0,0.0,0.0
2025-10-15,SKU01382,ST16,0.0,0.0,0.0,0.0
2025-10-15,SKU02322,ST16,39.0,37.667982539682555,1.332017460317445,1.332017460317445
2025-10-15,SKU03231,ST16,7.0,7.139999999999999,-0.1399999999999988,0.1399999999999988
2025-10-15,SKU03375,ST16,2.0,2.0286666666666666,-0.028666666666666618,0.028666666666666618
2025-10-15,SKU04774,ST16,13.0,12.961,0.0389999999999997,0.0389999999999997
2025-10-15,SKU04822,ST17,19.0,19.054000000000002,-0.054000000000002046,0.054000000000002046
2025-10-15,SKU00966,ST18,0.0,0.0,0.0,0.0
2025-10-15,SKU02282,ST20,32.0,32.395490476190474,-0.3954904761904743,0.3954904761904743
2025-10-15,SKU04482,ST20,0.0,0.0,0.0,0.0
2025-10-15,SKU01630,ST22,4.0,3.656261904761905,0.34373809523809484,0.34373809523809484
2025-10-15,SKU01944,ST22,0.0,0.0,0.0,0.0
2025-10-15,SKU02450,ST22,0.0,0.0,0.0,0.0
2025-10-15,SKU02464,ST22,10.0,10.017847619047618,-0.017847619047618224,0.017847619047618224
2025-10-15,SKU03055,ST22,0.0,0.0,0.0,0.0
2025-10-15,SKU03955,ST22,4.0,4.656557142857142,-0.6565571428571424,0.6565571428571424
2025-10-15,SKU01255,ST23,5.0,5.0777333333333345,-0.07773333333333454,0.07773333333333454
2025-10-15,SKU01797,ST23,18.0,17.856733333333334,0.14326666666666554,0.14326666666666554
2025-10-15,SKU03650,ST23,11.0,11.027066666666666,-0.02706666666666635,0.02706666666666635
2025-10-15,SKU04413,ST23,0.0,0.0,0.0,0.0
2025-10-15,SKU02899,ST24,17.0,17.19293333333334,-0.19293333333333962,0.19293333333333962
2025-10-15,SKU00530,ST25,0.0,0.0,0.0,0.0
2025-10-15,SKU01023,ST25,0.0,0.0,0.0,0.0
2025-10-15,SKU00907,ST27,0.0,0.0,0.0,0.0
2025-10-15,SKU04166,ST27,0.0,0.0,0.0,0.0
2025-10-15,SKU04393,ST27,0.0,0.0,0.0,0.0
2025-10-15,SKU02763,ST29,0.0,0.0,0.0,0.0
2025-10-15,SKU04435,ST29,3.0,2.992066666666667,0.007933333333332904,0.007933333333332904
2025-10-15,SKU04801,ST30,11.0,10.998333333333333,0.0016666666666669272,0.0016666666666669272
2025-10-15,SKU04870,ST30,10.0,9.801666666666668,0.19833333333333236,0.19833333333333236
2025-10-16,SKU02754,ST01,12.0,11.942666666666666,0.057333333333334124,0.057333333333334124
2025-10-16,SKU02457,ST02,14.0,14.64133492063492,-0.6413349206349199,0.6413349206349199
2025-10-16,SKU00354,ST03,16.0,16.252871428571428,-0.25287142857142797,0.25287142857142797
2025-10-16,SKU01180,ST03,0.0,0.0,0.0,0.0
2025-10-16,SKU02630,ST03,19.0,19.310636507936515,-0.31063650793651476,0.31063650793651476
2025-10-16,SKU02469,ST04,18.0,17.845985714285717,0.15401428571428255,0.15401428571428255
2025-10-16,SKU02856,ST04,8.0,8.208390476190475,-0.20839047619047513,0.20839047619047513
2025-10-16,SKU00214,ST05,0.0,0.0,0.0,0.0
2025-10-16,SKU00949,ST06,12.0,12.086,-0.0860000000000003,0.0860000000000003
2025-10-16,SKU01254,ST06,31.0,30.270228571428564,0.7297714285714356,0.7297714285714356
2025-10-16,SKU02790,ST06,0.0,0.0,0.0,0.0
2025-10-16,SKU03607,ST06,32.0,31.935057142857136,0.06494285714286363,0.06494285714286363
2025-10-16,SKU04313,ST06,0.0,0.0,0.0,0.0
2025-10-16,SKU01702,ST07,0.0,0.0,0.0,0.0
2025-10-16,SKU03116,ST07,0.0,0.0,0.0,0.0
2025-10-16,SKU04167,ST10,0.0,0.0,0.0,0.0
2025-10-16,SKU00734,ST11,0.0,0.0,0.0,0.0
2025-10-16,SKU02677,ST11,0.0,0.0,0.0,0.0
2025-10-16,SKU01506,ST12,0.0,0.0,0.0,0.0
2025-10-16,SKU04432,ST12,6.0,6.079333333333333,-0.07933333333333259,0.07933333333333259
2025-10-16,SKU04669,ST13,7.0,7.023733333333333,-0.023733333333333384,0.023733333333333384
2025-10-16,SKU00166,ST14,23.0,23.267719047619053,-0.2677190476190532,0.2677190476190532
2025-10-16,SKU00684,ST14,4.0,4.012,-0.011999999999999567,0.011999999999999567
2025-10-16,SKU02885,ST14,18.0,18.04133333333333,-0.04133333333333056,0.04133333333333056
2025-10-16,SKU03058,ST15,10.0,9.999666666666668,0.00033333333333196435,0.00033333333333196435
2025-10-16,SKU03782,ST15,0.0,0.0,0.0,0.0
2025-10-16,SKU01180,ST16,0.0,0.0,0.0,0.0
2025-10-16,SKU01382,ST16,0.0,0.0,0.0,0.0
2025-10-16,SKU00966,ST18,0.0,0.0,0.0,0.0
2025-10-16,SKU02335,ST18,23.0,22.864247619047617,0.13575238095238262,0.13575238095238262
2025-10-16,SKU04755,ST18,20.0,20.202185714285715,-0.20218571428571508,0.20218571428571508
2025-10-16,SKU00759,ST19,14.0,14.205333333333332,-0.20533333333333204,0.20533333333333204
2025-10-16,SKU04514,ST19,9.0,9.609766666666667,-0.6097666666666672,0.6097666666666672
2025-10-16,SKU01065,ST20,9.0,9.009666666666668,-0.009666666666667822,0.009666666666667822
2025-10-16,SKU04393,ST20,18.0,18.0222,-0.022200000000001552,0.022200000000001552
2025-10-16,SKU04482,ST20,0.0,0.0,0.0,0.0
2025-10-16,SKU00107,ST21,31.0,31.15470000000001,-0.15470000000000894,0.15470000000000894
2025-10-16,SKU02047,ST21,9.0,8.79797619047619,0.20202380952381027,0.20202380952381027
2025-10-16,SKU01944,ST22,25.0,24.89433333333333,0.10566666666667146,0.10566666666667146
2025-10-16,SKU02450,ST22,0.0,0.0,0.0,0.0
2025-10-16,SKU03055,ST22,0.0,0.0,0.0,0.0
2025-10-16,SKU00901,ST23,39.0,40.761167821067815,-1.761167821067815,1.761167821067815
2025-10-16,SKU04413,ST23,0.0,0.0,0.0,0.0
2025-10-16,SKU00530,ST25,0.0,0.0,0.0,0.0
2025-10-16,SKU01023,ST25,0.0,0.0,0.0,0.0
2025-10-16,SKU02084,ST25,9.0,8.961066666666667,0.0389333333333326,0.0389333333333326
2025-10-16,SKU00907,ST27,0.0,0.0,0.0,0.0
2025-10-16,SKU02284,ST27,5.0,4.966,0.03399999999999981,0.03399999999999981
2025-10-16,SKU04166,ST27,0.0,0.0,0.0,0.0
2025-10-16,SKU04393,ST27,0.0,0.0,0.0,0.0
2025-10-16,SKU04375,ST28,8.0,8.002666666666666,-0.002666666666666373,0.002666666666666373
2025-10-16,SKU04522,ST28,20.0,19.73303333333333,0.2669666666666686,0.2669666666666686
2025-10-16,SKU02763,ST29,0.0,0.0,0.0,0.0
2025-10-16,SKU04056,ST29,55.0,50.06599682539683,4.93400317460317,4.93400317460317
2025-10-16,SKU03568,ST30,28.0,28.18246984126983,-0.18246984126982824,0.18246984126982824
2025-10-17,SKU00530,ST01,11.0,11.433541269841271,-0.43354126984127106,0.43354126984127106
2025-10-17,SKU01578,ST01,17.0,17.06853333333333,-0.06853333333333111,0.06853333333333111
2025-10-17,SKU01180,ST03,0.0,0.0,0.0,0.0
2025-10-17,SKU00214,ST05,0.0,0.0,0.0,0.0
2025-10-17,SKU01623,ST06,17.0,17.124114285714292,-0.12411428571429184,0.12411428571429184
2025-10-17,SKU02058,ST06,12.0,12.022,-0.02200000000000024,0.02200000000000024
2025-10-17,SKU02790,ST06,0.0,0.0,0.0,0.0
2025-10-17,SKU04313,ST06,0.0,0.0,0.0,0.0
2025-10-17,SKU01702,ST07,0.0,0.0,0.0,0.0
2025-10-17,SKU03116,ST07,0.0,0.0,0.0,0.0
2025-10-17,SKU02567,ST08,2.0,2.0216666666666665,-0.0216666666666665,0.0216666666666665
2025-10-17,SKU03739,ST08,9.0,9.169390476190477,-0.1693904761904772,0.1693904761904772
2025-10-17,SKU03015,ST09,28.0,27.511728571428563,0.4882714285714371,0.4882714285714371
2025-10-17,SKU03338,ST10,7.0,6.995333333333334,0.004666666666666153,0.004666666666666153
2025-10-17,SKU04167,ST10,0.0,0.0,0.0,0.0
2025-10-17,SKU00734,ST11,0.0,0.0,0.0,0.0
2025-10-17,SKU01506,ST11,11.0,11.102266666666667,-0.10226666666666695,0.10226666666666695
2025-10-17,SKU00121,ST12,21.0,21.073,-0.0730000000000004,0.0730000000000004
2025-10-17,SKU01506,ST12,0.0,0.0,0.0,0.0
2025-10-17,SKU01152,ST13,18.0,18.062066666666663,-0.06206666666666294,0.06206666666666294
2025-10-17,SKU03090,ST13,6.0,6.045933333333334,-0.04593333333333405,0.04593333333333405
2025-10-17,SKU03361,ST13,25.0,24.3564380952381,0.6435619047618992,0.6435619047618992
2025-10-17,SKU00967,ST14,15.0,15.012333333333332,-0.012333333333332419,0.012333333333332419
2025-10-17,SKU03782,ST15,8.0,8.176,-0.17600000000000016,0.17600000000000016
2025-10-17,SKU00874,ST16,10.0,9.966800000000001,0.03319999999999901,0.03319999999999901
2025-10-17,SKU01180,ST16,0.0,0.0,0.0,0.0
2025-10-17,SKU01382,ST16,0.0,0.0,0.0,0.0
2025-10-17,SKU00966,ST18,0.0,0.0,0.0,0.0
2025-10-17,SKU00631,ST20,22.0,22.6145,-0.6144999999999996,0.6144999999999996
2025-10-17,SKU04482,ST20,0.0,0.0,0.0,0.0
2025-10-17,SKU00757,ST22,17.0,16.784200000000006,0.21579999999999444,0.21579999999999444
2025-10-17,SKU01590,ST22,54.0,49.5326619047619,4.467338095238098,4.467338095238098
2025-10-17,SKU02450,ST22,0.0,0.0,0.0,0.0
2025-10-17,SKU03055,ST22,0.0,0.0,0.0,0.0
2025-10-17,SKU03495,ST23,20.0,20.123247619047618,-0.12324761904761772,0.12324761904761772
2025-10-17,SKU04413,ST23,0.0,0.0,0.0,0.0
2025-10-17,SKU00770,ST24,6.0,6.017333333333334,-0.01733333333333409,0.01733333333333409
2025-10-17,SKU02078,ST24,7.0,7.019333333333334,-0.01933333333333387,0.01933333333333387
2025-10-17,SKU03086,ST24,13.0,13.057533333333334,-0.05753333333333366,0.05753333333333366
2025-10-17,SKU00530,ST25,0.0,0.0,0.0,0.0
2025-10-17,SKU01023,ST25,0.0,0.0,0.0,0.0
2025-10-17,SKU04862,ST26,13.0,13.073933333333335,-0.07393333333333452,0.07393333333333452
2025-10-17,SKU00907,ST27,0.0,0.0,0.0,0.0
2025-10-17,SKU04166,ST27,0.0,0.0,0.0,0.0
2025-10-17,SKU04393,ST27,0.0,0.0,0.0,0.0
2025-10-17,SKU02001,ST29,2.0,2.002,-0.0019999999999997797,0.0019999999999997797
2025-10-17,SKU02763,ST29,0.0,0.0,0.0,0.0
2025-10-17,SKU00045,ST30,5.0,5.169333333333333,-0.16933333333333334,0.16933333333333334
2025-10-17,SKU00415,ST30,15.0,15.024,-0.023999999999999133,0.023999999999999133
2025-10-17,SKU04560,ST30,9.0,9.490109523809522,-0.49010952380952233,0.49010952380952233
2025-10-18,SKU01270,ST01,15.0,15.104814285714285,-0.1048142857142853,0.1048142857142853
2025-10-18,SKU04617,ST01,22.0,22.157380952380958,-0.15738095238095795,0.15738095238095795
2025-10-18,SKU00091,ST03,16.0,16.1028,-0.10279999999999845,0.10279999999999845
2025-10-18,SKU01180,ST03,0.0,0.0,0.0,0.0
2025-10-18,SKU00276,ST04,4.0,4.006,-0.006000000000000227,0.006000000000000227
2025-10-18,SKU00214,ST05,0.0,0.0,0.0,0.0
2025-10-18,SKU02790,ST06,0.0,0.0,0.0,0.0
2025-10-18,SKU03249,ST06,17.0,16.951133333333335,0.04886666666666528,0.04886666666666528
2025-10-18,SKU04313,ST06,0.0,0.0,0.0,0.0
2025-10-18,SKU01702,ST07,0.0,0.0,0.0,0.0
2025-10-18,SKU02849,ST07,5.0,5.065333333333334,-0.06533333333333413,0.06533333333333413
2025-10-18,SKU03116,ST07,18.0,18.124185714285712,-0.12418571428571212,0.12418571428571212
2025-10-18,SKU04167,ST10,0.0,0.0,0.0,0.0
2025-10-18,SKU00734,ST11,0.0,0.0,0.0,0.0
2025-10-18,SKU01506,ST12,0.0,0.0,0.0,0.0
2025-10-18,SKU02704,ST13,55.0,49.71154285714287,5.288457142857133,5.288457142857133
2025-10-18,SKU03238,ST14,10.0,10.059333333333331,-0.05933333333333124,0.05933333333333124
2025-10-18,SKU02255,ST15,7.0,7.024933333333334,-0.02493333333333414,0.02493333333333414
2025-10-18,SKU03622,ST15,25.0,24.627314285714284,0.3726857142857156,0.3726857142857156
2025-10-18,SKU00123,ST16,30.0,30.806542857142862,-0.8065428571428619,0.8065428571428619
2025-10-18,SKU01180,ST16,21.0,20.84206666666666,0.15793333333333948,0.15793333333333948
2025-10-18,SKU01382,ST16,0.0,0.0,0.0,0.0
2025-10-18,SKU02320,ST16,35.0,36.64300634920633,-1.6430063492063312,1.6430063492063312
2025-10-18,SKU00966,ST18,0.0,0.0,0.0,0.0
2025-10-18,SKU00246,ST19,25.0,25.03554920634921,-0.03554920634920933,0.03554920634920933
2025-10-18,SKU00554,ST20,10.0,10.007733333333334,-0.007733333333334258,0.007733333333334258
2025-10-18,SKU04482,ST20,0.0,0.0,0.0,0.0
2025-10-18,SKU02450,ST22,0.0,0.0,0.0,0.0
2025-10-18,SKU03055,ST22,0.0,0.0,0.0,0.0
2025-10-18,SKU01397,ST23,18.0,17.895557142857143,0.10444285714285684,0.10444285714285684
2025-10-18,SKU04413,ST23,0.0,0.0,0.0,0.0
2025-10-18,SKU00530,ST25,0.0,0.0,0.0,0.0
2025-10-18,SKU01023,ST25,0.0,0.0,0.0,0.0
2025-10-18,SKU00907,ST27,0.0,0.0,0.0,0.0
2025-10-18,SKU04166,ST27,0.0,0.0,0.0,0.0
2025-10-18,SKU04393,ST27,0.0,0.0,0.0,0.0
2025-10-18,SKU02249,ST29,8.0,7.882952380952381,0.11704761904761884,0.11704761904761884
2025-10-18,SKU02763,ST29,0.0,0.0,0.0,0.0
2025-10-18,SKU04193,ST30,24.0,23.311676190476188,0.688323809523812,0.688323809523812
2025-10-19,SKU04639,ST01,33.0,32.347041125541125,0.652958874458875,0.652958874458875
2025-10-19,SKU01811,ST02,11.0,10.979199999999999,0.020800000000001262,0.020800000000001262
2025-10-19,SKU00945,ST03,15.0,15.356888888888893,-0.3568888888888928,0.3568888888888928
2025-10-19,SKU01180,ST03,0.0,0.0,0.0,0.0
2025-10-19,SKU04515,ST03,16.0,15.740733333333335,0.2592666666666652,0.2592666666666652
2025-10-19,SKU01013,ST04,18.0,18.072200000000006,-0.07220000000000582,0.07220000000000582
2025-10-19,SKU02921,ST04,52.0,47.47608095238097,4.523919047619032,4.523919047619032
2025-10-19,SKU00214,ST05,0.0,0.0,0.0,0.0
2025-10-19,SKU03706,ST05,6.0,6.006666666666666,-0.0066666666666659324,0.0066666666666659324
2025-10-19,SKU04465,ST05,8.0,8.004,-0.0039999999999995595,0.0039999999999995595
2025-10-19,SKU00548,ST06,14.0,14.0266,-0.02660000000000018,0.02660000000000018
2025-10-19,SKU02790,ST06,0.0,0.0,0.0,0.0
2025-10-19,SKU04313,ST06,0.0,0.0,0.0,0.0
2025-10-19,SKU01702,ST07,0.0,0.0,0.0,0.0
2025-10-19,SKU01263,ST09,12.0,12.008333333333336,-0.008333333333336412,0.008333333333336412
2025-10-19,SKU04167,ST10,21.0,20.775557142857146,0.22444285714285428,0.22444285714285428
2025-10-19,SKU00734,ST11,0.0,0.0,0.0,0.0
2025-10-19,SKU03775,ST11,5.0,5.008933333333333,-0.008933333333333238,0.008933333333333238
2025-10-19,SKU01506,ST12,0.0,0.0,0.0,0.0
2025-10-19,SKU02901,ST13,14.0,13.937399999999998,0.06260000000000154,0.06260000000000154
2025-10-19,SKU00361,ST14,24.0,23.94244444444444,0.05755555555555958,0.05755555555555958
2025-10-19,SKU01382,ST16,0.0,0.0,0.0,0.0
2025-10-19,SKU03574,ST16,9.0,9.174,-0.1739999999999995,0.1739999999999995
2025-10-19,SKU03753,ST16,26.0,26.095723809523808,-0.09572380952380755,0.09572380952380755
2025-10-19,SKU00966,ST18,0.0,0.0,0.0,0.0
2025-10-19,SKU03808,ST18,6.0,6.018933333333333,-0.018933333333333024,0.018933333333333024
2025-10-19,SKU00338,ST19,3.0,3.023,-0.02300000000000013,0.02300000000000013
2025-10-19,SKU01964,ST19,20.0,20.518833333333333,-0.5188333333333333,0.5188333333333333
2025-10-19,SKU04932,ST19,12.0,11.958333333333336,0.0416666666666643,0.0416666666666643
2025-10-19,SKU04943,ST19,0.0,0.0,0.0,0.0
2025-10-19,SKU00747,ST20,12.0,12.280438095238095,-0.28043809523809493,0.28043809523809493
2025-10-19,SKU04482,ST20,0.0,0.0,0.0,0.0
2025-10-19,SKU01818,ST22,49.0,47.093219047619044,1.9067809523809558,1.9067809523809558
2025-10-19,SKU02450,ST22,0.0,0.0,0.0,0.0
2025-10-19,SKU03055,ST22,0.0,0.0,0.0,0.0
2025-10-19,SKU00922,ST23,18.0,18.312,-0.31200000000000117,0.31200000000000117
2025-10-19,SKU04413,ST23,0.0,0.0,0.0,0.0
2025-10-19,SKU04929,ST24,18.0,18.1066,-0.10660000000000025,0.10660000000000025
2025-10-19,SKU04946,ST24,20.0,19.763942857142858,0.23605714285714186,0.23605714285714186
2025-10-19,SKU00404,ST25,9.0,9.4634,-0.46340000000000003,0.46340000000000003
2025-10-19,SKU00530,ST25,0.0,0.0,0.0,0.0
2025-10-19,SKU01023,ST25,0.0,0.0,0.0,0.0
2025-10-19,SKU03890,ST25,3.0,3.011,-0.01100000000000012,0.01100000000000012
2025-10-19,SKU04993,ST25,28.0,27.73945238095238,0.260547619047621,0.260547619047621
2025-10-19,SKU00702,ST27,27.0,27.104761904761897,-0.10476190476189728,0.10476190476189728
2025-10-19,SKU00907,ST27,0.0,0.0,0.0,0.0
2025-10-19,SKU03388,ST27,2.0,2.158,-0.15799999999999992,0.15799999999999992
2025-10-19,SKU04166,ST27,0.0,0.0,0.0,0.0
2025-10-19,SKU04393,ST27,0.0,0.0,0.0,0.0
2025-10-19,SKU04762,ST27,5.0,5.013333333333333,-0.013333333333332753,0.013333333333332753
2025-10-19,SKU01945,ST28,11.0,10.919333333333332,0.08066666666666755,0.08066666666666755
2025-10-19,SKU01454,ST29,9.0,9.016333333333332,-0.01633333333333198,0.01633333333333198
2025-10-19,SKU02763,ST29,0.0,0.0,0.0,0.0
2025-10-19,SKU03039,ST29,10.0,10.008666666666668,-0.008666666666668377,0.008666666666668377
2025-10-19,SKU02438,ST30,10.0,10.17907619047619,-0.17907619047618972,0.17907619047618972
2025-10-19,SKU02972,ST30,18.0,18.1524,-0.1524000000000001,0.1524000000000001
2025-10-20,SKU04383,ST01,7.0,7.021333333333333,-0.02133333333333276,0.02133333333333276
2025-10-20,SKU01180,ST03,0.0,0.0,0.0,0.0
2025-10-20,SKU00237,ST04,18.0,17.74962857142857,0.25037142857143024,0.25037142857143024
2025-10-20,SKU03669,ST04,2.0,2.016,-0.016000000000000014,0.016000000000000014
2025-10-20,SKU04811,ST04,37.0,33.35392380952382,3.6460761904761796,3.6460761904761796
2025-10-20,SKU00214,ST05,0.0,0.0,0.0,0.0
2025-10-20,SKU02790,ST06,0.0,0.0,0.0,0.0
2025-10-20,SKU03007,ST06,9.0,9.210771428571427,-0.2107714285714266,0.2107714285714266
2025-10-20,SKU04313,ST06,0.0,0.0,0.0,0.0
2025-10-20,SKU01702,ST07,0.0,0.0,0.0,0.0
2025-10-20,SKU02207,ST08,20.0,19.7062,0.29380000000000095,0.29380000000000095
2025-10-20,SKU04106,ST08,9.0,8.975666666666665,0.02433333333333465,0.02433333333333465
2025-10-20,SKU00830,ST09,14.0,14.181,-0.18099999999999916,0.18099999999999916
2025-10-20,SKU01856,ST09,21.0,20.936865079365084,0.06313492063491566,0.06313492063491566
2025-10-20,SKU02107,ST09,7.0,6.954666666666667,0.04533333333333278,0.04533333333333278
2025-10-20,SKU00093,ST11,3.0,3.0116,-0.011600000000000055,0.011600000000000055
2025-10-20,SKU00734,ST11,0.0,0.0,0.0,0.0
2025-10-20,SKU01163,ST12,32.0,31.64928571428571,0.35071428571428953,0.35071428571428953
2025-10-20,SKU01223,ST12,2.0,2.005733333333333,-0.005733333333333146,0.005733333333333146
2025-10-20,SKU01506,ST12,0.0,0.0,0.0,0.0
2025-10-20,SKU04489,ST12,8.0,8.018666666666666,-0.018666666666666387,0.018666666666666387
2025-10-20,SKU02081,ST13,8.0,8.002,-0.002000000000000668,0.002000000000000668
2025-10-20,SKU00865,ST16,26.0,27.618927272727273,-1.618927272727273,1.618927272727273
2025-10-20,SKU01382,ST16,0.0,0.0,0.0,0.0
2025-10-20,SKU01867,ST17,8.0,8.089428571428572,-0.08942857142857186,0.08942857142857186
2025-10-20,SKU01950,ST17,23.0,23.519990476190475,-0.5199904761904754,0.5199904761904754
2025-10-20,SKU02652,ST17,10.0,9.888800000000002,0.11119999999999841,0.11119999999999841
2025-10-20,SKU03856,ST17,24.0,24.711299999999994,-0.7112999999999943,0.7112999999999943
2025-10-20,SKU00966,ST18,0.0,0.0,0.0,0.0
2025-10-20,SKU02371,ST18,40.0,39.11946666666667,0.8805333333333323,0.8805333333333323
2025-10-20,SKU03065,ST18,21.0,20.790233333333333,0.20976666666666688,0.20976666666666688
2025-10-20,SKU04929,ST18,16.0,16.262066666666666,-0.2620666666666658,0.2620666666666658
2025-10-20,SKU00950,ST19,10.0,9.986,0.013999999999999346,0.013999999999999346
2025-10-20,SKU04482,ST20,0.0,0.0,0.0,0.0
2025-10-20,SKU02615,ST21,17.0,17.42994761904762,-0.4299476190476206,0.4299476190476206
2025-10-20,SKU03081,ST21,14.0,14.000066666666665,-6.666666666532706e-05,6.666666666532706e-05
2025-10-20,SKU03709,ST21,18.0,18.02866666666666,-0.02866666666665907,0.02866666666665907
2025-10-20,SKU02450,ST22,8.0,8.0,0.0,0.0
2025-10-20,SKU03055,ST22,0.0,0.0,0.0,0.0
2025-10-20,SKU04413,ST23,0.0,0.0,0.0,0.0
2025-10-20,SKU00573,ST24,8.0,8.036000000000001,-0.036000000000001364,0.036000000000001364
2025-10-20,SKU00035,ST25,4.0,4.154625396825397,-0.15462539682539678,0.15462539682539678
2025-10-20,SKU00530,ST25,0.0,0.0,0.0,0.0
2025-10-20,SKU01023,ST25,9.0,9.018666666666666,-0.018666666666666387,0.018666666666666387
2025-10-20,SKU04498,ST25,15.0,15.071999999999997,-0.0719999999999974,0.0719999999999974
2025-10-20,SKU03536,ST26,4.0,4.025333333333333,-0.025333333333333208,0.025333333333333208
2025-10-20,SKU03693,ST26,25.0,24.806266666666666,0.1937333333333342,0.1937333333333342
2025-10-20,SKU00907,ST27,16.0,16.00548571428571,-0.005485714285711651,0.005485714285711651
2025-10-20,SKU02014,ST27,22.0,22.01298095238096,-0.012980952380960531,0.012980952380960531
2025-10-20,SKU03837,ST27,42.0,41.30586190476191,0.6941380952380882,0.6941380952380882
2025-10-20,SKU04166,ST27,0.0,0.0,0.0,0.0
2025-10-20,SKU04393,ST27,0.0,0.0,0.0,0.0
2025-10-20,SKU02763,ST29,0.0,0.0,0.0,0.0
2025-10-20,SKU02103,ST30,24.0,24.544200000000004,-0.5442000000000036,0.5442000000000036
2025-10-21,SKU00498,ST01,5.0,5.011333333333334,-0.011333333333333862,0.011333333333333862
2025-10-21,SKU00597,ST01,29.0,29.10224761904762,-0.10224761904762047,0.10224761904762047
2025-10-21,SKU02679,ST02,7.0,7.0264,-0.026399999999999757,0.026399999999999757
2025-10-21,SKU03520,ST02,17.0,16.912,0.08800000000000097,0.08800000000000097
2025-10-21,SKU01180,ST03,0.0,0.0,0.0,0.0
2025-10-21,SKU00214,ST05,0.0,0.0,0.0,0.0
2025-10-21,SKU02790,ST06,0.0,0.0,0.0,0.0
2025-10-21,SKU04313,ST06,0.0,0.0,0.0,0.0
2025-10-21,SKU00460,ST07,16.0,15.98,0.019999999999999574,0.019999999999999574
2025-10-21,SKU00767,ST07,41.0,39.89411904761908,1.1058809523809217,1.1058809523809217
2025-10-21,SKU01216,ST07,16.0,15.847666666666667,0.152333333333333,0.152333333333333
2025-10-21,SKU01702,ST07,0.0,0.0,0.0,0.0
2025-10-21,SKU02565,ST07,13.0,12.865533333333335,0.13446666666666474,0.13446666666666474
2025-10-21,SKU03748,ST10,0.0,0.0,0.0,0.0
2025-10-21,SKU04856,ST10,5.0,5.002666666666667,-0.002666666666667261,0.002666666666667261
2025-10-21,SKU00677,ST11,19.0,18.96982857142857,0.030171428571428294,0.030171428571428294
2025-10-21,SKU00734,ST11,0.0,0.0,0.0,0.0
2025-10-21,SKU01506,ST12,0.0,0.0,0.0,0.0
2025-10-21,SKU03908,ST13,15.0,15.232680952380951,-0.2326809523809512,0.2326809523809512
2025-10-21,SKU03645,ST14,11.0,11.011333333333333,-0.011333333333332973,0.011333333333332973
2025-10-21,SKU01382,ST16,0.0,0.0,0.0,0.0
2025-10-21,SKU03218,ST16,19.0,18.918866666666663,0.08113333333333728,0.08113333333333728
2025-10-21,SKU00966,ST18,0.0,0.0,0.0,0.0
2025-10-21,SKU01141,ST18,3.0,3.1198,-0.11980000000000013,0.11980000000000013
2025-10-21,SKU04938,ST19,5.0,5.115666666666668,-0.1156666666666677,0.1156666666666677
2025-10-21,SKU04319,ST20,4.0,4.0555,-0.05550000000000033,0.05550000000000033
2025-10-21,SKU04482,ST20,0.0,0.0,0.0,0.0
2025-10-21,SKU01141,ST21,10.0,10.2244,-0.22439999999999927,0.22439999999999927
2025-10-21,SKU03055,ST22,0.0,0.0,0.0,0.0
2025-10-21,SKU00178,ST23,13.0,12.928666666666668,0.0713333333333317,0.0713333333333317
2025-10-21,SKU04413,ST23,0.0,0.0,0.0,0.0
2025-10-21,SKU04131,ST24,0.0,0.002,-0.002,0.002
2025-10-21,SKU00530,ST25,0.0,0.0,0.0,0.0
2025-10-21,SKU04166,ST27,0.0,0.0,0.0,0.0
2025-10-21,SKU04393,ST27,0.0,0.0,0.0,0.0
2025-10-21,SKU03769,ST28,13.0,13.261904761904763,-0.26190476190476275,0.26190476190476275
2025-10-21,SKU02763,ST29,43.0,42.733538095238096,0.2664619047619041,0.2664619047619041
2025-10-22,SKU02962,ST01,17.0,17.075533333333333,-0.07553333333333256,0.07553333333333256
2025-10-22,SKU03131,ST01,8.0,8.021428571428572,-0.02142857142857224,0.02142857142857224
2025-10-22,SKU00408,ST02,6.0,6.008666666666666,-0.008666666666665712,0.008666666666665712
2025-10-22,SKU00553,ST02,44.0,47.73290952380953,-3.732909523809532,3.732909523809532
2025-10-22,SKU01180,ST03,0.0,0.0,0.0,0.0
2025-10-22,SKU02365,ST03,19.0,19.369450793650792,-0.3694507936507918,0.3694507936507918
2025-10-22,SKU02891,ST03,5.0,4.963333333333333,0.03666666666666707,0.03666666666666707
2025-10-22,SKU00444,ST04,8.0,8.007000000000001,-0.0070000000000014495,0.0070000000000014495
2025-10-22,SKU04959,ST04,7.0,7.074466666666667,-0.0744666666666669,0.0744666666666669
2025-10-22,SKU00214,ST05,0.0,0.0,0.0,0.0
2025-10-22,SKU02790,ST06,0.0,0.0,0.0,0.0
2025-10-22,SKU04313,ST06,0.0,0.0,0.0,0.0
2025-10-22,SKU01702,ST07,0.0,0.0,0.0,0.0
2025-10-22,SKU03493,ST07,22.0,22.058371428571427,-0.05837142857142652,0.05837142857142652
2025-10-22,SKU01607,ST08,8.0,7.9876000000000005,0.012399999999999523,0.012399999999999523
2025-10-22,SKU02737,ST08,7.0,7.042933333333332,-0.04293333333333216,0.04293333333333216
2025-10-22,SKU04048,ST08,24.0,24.109961904761903,-0.10996190476190293,0.10996190476190293
2025-10-22,SKU00734,ST11,0.0,0.0,0.0,0.0
2025-10-22,SKU01506,ST12,0.0,0.0,0.0,0.0
2025-10-22,SKU01006,ST15,20.0,20.06288253968254,-0.06288253968254054,0.06288253968254054
2025-10-22,SKU01313,ST16,27.0,28.34505238095238,-1.3450523809523816,1.3450523809523816
2025-10-22,SKU01382,ST16,17.0,17.279,-0.2789999999999999,0.2789999999999999
2025-10-22,SKU02557,ST16,13.0,13.017333333333331,-0.017333333333331424,0.017333333333331424
2025-10-22,SKU03072,ST16,18.0,18.02053333333333,-0.020533333333329296,0.020533333333329296
2025-10-22,SKU00966,ST18,34.0,28.507693939393942,5.492306060606058,5.492306060606058
2025-10-22,SKU02296,ST18,26.0,26.302492063492064,-0.30249206349206403,0.30249206349206403
2025-10-22,SKU00172,ST19,19.0,19.564338095238103,-0.564338095238103,0.564338095238103
2025-10-22,SKU02921,ST20,9.0,8.971333333333332,0.02866666666666795,0.02866666666666795
2025-10-22,SKU04482,ST20,0.0,0.0,0.0,0.0
2025-10-22,SKU03156,ST21,12.0,12.016,-0.016000000000000014,0.016000000000000014
2025-10-22,SKU03841,ST21,20.0,20.059466666666676,-0.059466666666676105,0.059466666666676105
2025-10-22,SKU03055,ST22,0.0,0.0,0.0,0.0
2025-10-22,SKU03301,ST22,14.0,13.933333333333334,0.06666666666666643,0.06666666666666643
2025-10-22,SKU03788,ST23,13.0,13.033733333333336,-0.033733333333335835,0.033733333333335835
2025-10-22,SKU04413,ST23,0.0,0.0,0.0,0.0
2025-10-22,SKU00771,ST24,18.0,18.016238095238094,-0.016238095238094274,0.016238095238094274
2025-10-22,SKU04619,ST24,17.0,17.36271428571429,-0.36271428571429,0.36271428571429
2025-10-22,SKU00530,ST25,0.0,0.0,0.0,0.0
2025-10-22,SKU00897,ST25,13.0,13.02806666666667,-0.02806666666666935,0.02806666666666935
2025-10-22,SKU01423,ST25,14.0,14.060290476190474,-0.060290476190473896,0.060290476190473896
2025-10-22,SKU01566,ST25,5.0,5.004,-0.0039999999999995595,0.0039999999999995595
2025-10-22,SKU02223,ST25,3.0,2.969733333333333,0.030266666666666886,0.030266666666666886
2025-10-22,SKU04166,ST27,0.0,0.0,0.0,0.0
2025-10-22,SKU04393,ST27,0.0,0.0,0.0,0.0
2025-10-22,SKU03374,ST29,25.0,25.334466666666675,-0.3344666666666747,0.3344666666666747
2025-10-22,SKU03321,ST30,17.0,17.041933333333333,-0.04193333333333271,0.04193333333333271
2025-10-23,SKU01180,ST03,0.0,0.0,0.0,0.0
2025-10-23,SKU04925,ST03,11.0,11.009666666666664,-0.00966666666666427,0.00966666666666427
2025-10-23,SKU00214,ST05,0.0,0.0,0.0,0.0
2025-10-23,SKU02034,ST05,20.0,19.9298,0.07019999999999982,0.07019999999999982
2025-10-23,SKU02444,ST06,25.0,25.50162857142856,-0.5016285714285615,0.5016285714285615
2025-10-23,SKU02790,ST06,0.0,0.0,0.0,0.0
2025-10-23,SKU04313,ST06,0.0,0.0,0.0,0.0
2025-10-23,SKU01702,ST07,0.0,0.0,0.0,0.0
2025-10-23,SKU04793,ST07,8.0,7.961366666666668,0.03863333333333241,0.03863333333333241
2025-10-23,SKU00641,ST09,26.0,25.310580952380953,0.6894190476190474,0.6894190476190474
2025-10-23,SKU01106,ST09,9.0,8.924333333333331,0.07566666666666855,0.07566666666666855
2025-10-23,SKU01296,ST09,22.0,22.02461904761904,-0.024619047619040657,0.024619047619040657
2025-10-23,SKU00528,ST11,12.0,12.003333333333334,-0.0033333333333338544,0.0033333333333338544
2025-10-23,SKU01509,ST11,1.0,1.0836,-0.0835999999999999,0.0835999999999999
2025-10-23,SKU03076,ST11,0.0,0.0,0.0,0.0
2025-10-23,SKU01506,ST12,0.0,0.0,0.0,0.0
2025-10-23,SKU02111,ST12,20.0,19.83083333333333,0.16916666666666913,0.16916666666666913
2025-10-23,SKU04253,ST12,18.0,16.209472294372294,1.7905277056277065,1.7905277056277065
2025-10-23,SKU01149,ST13,14.0,13.51255238095238,0.4874476190476198,0.4874476190476198
2025-10-23,SKU02907,ST13,3.0,3.001333333333333,-0.0013333333333331865,0.0013333333333331865
2025-10-23,SKU03246,ST13,36.0,36.23083809523809,-0.2308380952380915,0.2308380952380915
2025-10-23,SKU01073,ST19,5.0,5.032666666666666,-0.032666666666665733,0.032666666666665733
2025-10-23,SKU04482,ST20,8.0,8.047866666666668,-0.04786666666666761,0.04786666666666761
2025-10-23,SKU03055,ST22,0.0,0.0,0.0,0.0
2025-10-23,SKU01311,ST23,9.0,9.010666666666665,-0.010666666666665492,0.010666666666665492
2025-10-23,SKU04413,ST23,0.0,0.0,0.0,0.0
2025-10-23,SKU03283,ST24,16.0,16.059933333333333,-0.059933333333333394,0.059933333333333394
2025-10-23,SKU00530,ST25,0.0,0.0,0.0,0.0
2025-10-23,SKU00886,ST25,2.0,2.002,-0.0019999999999997797,0.0019999999999997797
2025-10-23,SKU02858,ST25,19.0,19.242266666666662,-0.2422666666666622,0.2422666666666622
2025-10-23,SKU00316,ST26,19.0,19.054133333333333,-0.0541333333333327,0.0541333333333327
2025-10-23,SKU04540,ST26,22.0,21.64336666666667,0.35663333333333114,0.35663333333333114
2025-10-23,SKU04166,ST27,0.0,0.0,0.0,0.0
2025-10-23,SKU04393,ST27,0.0,0.0,0.0,0.0
2025-10-23,SKU03115,ST28,4.0,4.1044,-0.10440000000000005,0.10440000000000005
2025-10-23,SKU04493,ST28,2.0,2.134,-0.1339999999999999,0.1339999999999999
2025-10-23,SKU01636,ST29,20.0,20.033357142857145,-0.033357142857145305,0.033357142857145305
2025-10-23,SKU04656,ST30,12.0,12.211171428571427,-0.21117142857142746,0.21117142857142746
2025-10-24,SKU04599,ST01,51.0,58.27795238095234,-7.2779523809523425,7.2779523809523425
2025-10-24,SKU03054,ST02,8.0,8.267866666666668,-0.26786666666666825,0.26786666666666825
2025-10-24,SKU01180,ST03,0.0,0.0,0.0,0.0
2025-10-24,SKU03952,ST03,19.0,18.995199999999997,0.004800000000003024,0.004800000000003024
2025-10-24,SKU04746,ST03,19.0,18.403009523809526,0.5969904761904736,0.5969904761904736
2025-10-24,SKU01803,ST04,10.0,10.049066666666668,-0.04906666666666837,0.04906666666666837
2025-10-24,SKU00214,ST05,0.0,0.0,0.0,0.0
2025-10-24,SKU02046,ST05,18.0,17.914942857142858,0.08505714285714205,0.08505714285714205
2025-10-24,SKU02138,ST05,3.0,3.0076666666666667,-0.0076666666666667105,0.0076666666666667105
2025-10-24,SKU04955,ST05,8.0,8.025333333333332,-0.02533333333333232,0.02533333333333232
2025-10-24,SKU00503,ST06,6.0,5.8752,0.12479999999999958,0.12479999999999958
2025-10-24,SKU02790,ST06,0.0,0.0,0.0,0.0
2025-10-24,SKU04313,ST06,19.0,18.62516190476191,0.37483809523808986,0.37483809523808986
2025-10-24,SKU01083,ST07,23.0,23.1103619047619,-0.11036190476189844,0.11036190476189844
2025-10-24,SKU01702,ST07,0.0,0.0,0.0,0.0
2025-10-24,SKU04491,ST07,3.0,3.0216666666666665,-0.0216666666666665,0.0216666666666665
2025-10-24,SKU04309,ST08,4.0,4.009666666666667,-0.009666666666666934,0.009666666666666934
2025-10-24,SKU01506,ST12,0.0,0.0,0.0,0.0
2025-10-24,SKU00658,ST14,33.0,33.948269841269834,-0.948269841269834,0.948269841269834
2025-10-24,SKU02777,ST14,4.0,3.9456666666666664,0.05433333333333357,0.05433333333333357
2025-10-24,SKU02158,ST15,26.0,25.924676190476184,0.07532380952381601,0.07532380952381601
2025-10-24,SKU03087,ST15,7.0,6.994066666666667,0.005933333333333124,0.005933333333333124
2025-10-24,SKU01193,ST16,25.0,25.072476190476188,-0.0724761904761877,0.0724761904761877
2025-10-24,SKU01856,ST17,6.0,6.383200000000001,-0.3832000000000013,0.3832000000000013
2025-10-24,SKU02198,ST19,12.0,12.4726,-0.4725999999999999,0.4725999999999999
2025-10-24,SKU04141,ST20,12.0,11.998933333333332,0.0010666666666683255,0.0010666666666683255
2025-10-24,SKU00326,ST22,10.0,9.879666666666667,0.12033333333333296,0.12033333333333296
2025-10-24,SKU02869,ST22,41.0,43.151637662337656,-2.151637662337656,2.151637662337656
2025-10-24,SKU03055,ST22,8.0,8.042,-0.041999999999999815,0.041999999999999815
2025-10-24,SKU04413,ST23,0.0,0.0,0.0,0.0
2025-10-24,SKU03979,ST24,9.0,8.968333333333334,0.03166666666666629,0.03166666666666629
2025-10-24,SKU04897,ST24,3.0,3.0007333333333333,-0.0007333333333332526,0.0007333333333332526
2025-10-24,SKU00530,ST25,0.0,0.0,0.0,0.0
2025-10-24,SKU00005,ST27,14.0,14.048,-0.04800000000000004,0.04800000000000004
2025-10-24,SKU04166,ST27,0.0,0.0,0.0,0.0
2025-10-24,SKU04393,ST27,0.0,0.0,0.0,0.0
2025-10-24,SKU01292,ST28,10.0,10.022,-0.02200000000000024,0.02200000000000024
2025-10-24,SKU04641,ST29,0.0,0.0,0.0,0.0
2025-10-24,SKU00632,ST30,3.0,3.0570000000000004,-0.057000000000000384,0.057000000000000384
2025-10-25,SKU00928,ST02,4.0,4.002,-0.0019999999999997797,0.0019999999999997797
2025-10-25,SKU03326,ST02,1.0,1.032,-0.03200000000000003,0.03200000000000003
2025-10-25,SKU01180,ST03,0.0,0.0,0.0,0.0
2025-10-25,SKU00156,ST04,20.0,20.039580952380945,-0.03958095238094472,0.03958095238094472
2025-10-25,SKU02943,ST04,30.0,29.8523746031746,0.14762539682540066,0.14762539682540066
2025-10-25,SKU00214,ST05,0.0,0.0,0.0,0.0
2025-10-25,SKU01944,ST05,28.0,28.572380952380946,-0.5723809523809464,0.5723809523809464
2025-10-25,SKU04668,ST05,20.0,20.335723809523806,-0.335723809523806,0.335723809523806
2025-10-25,SKU04979,ST05,3.0,3.006,-0.005999999999999783,0.005999999999999783
2025-10-25,SKU01385,ST06,14.0,13.984876190476191,0.015123809523808873,0.015123809523808873
2025-10-25,SKU02790,ST06,3.0,2.970666666666667,0.02933333333333321,0.02933333333333321
2025-10-25,SKU00464,ST07,19.0,19.285266666666665,-0.285266666666665,0.285266666666665
2025-10-25,SKU01702,ST07,20.0,19.7552873015873,0.2447126984127017,0.2447126984127017
2025-10-25,SKU02916,ST08,22.0,21.843242857142858,0.15675714285714193,0.15675714285714193
2025-10-25,SKU00235,ST11,2.0,2.0113333333333334,-0.011333333333333417,0.011333333333333417
2025-10-25,SKU01506,ST12,0.0,0.0,0.0,0.0
2025-10-25,SKU01030,ST14,26.0,25.900204761904774,0.09979523809522561,0.09979523809522561
2025-10-25,SKU01370,ST15,23.0,22.95195238095238,0.048047619047618895,0.048047619047618895
2025-10-25,SKU04905,ST17,0.0,0.0,0.0,0.0
2025-10-25,SKU01186,ST19,27.0,27.447657142857135,-0.4476571428571354,0.4476571428571354
2025-10-25,SKU04214,ST19,55.0,54.50857619047618,0.49142380952382325,0.49142380952382325
2025-10-25,SKU04463,ST19,17.0,17.318,-0.3180000000000014,0.3180000000000014
2025-10-25,SKU01981,ST20,20.0,19.89462857142858,0.10537142857142001,0.10537142857142001
2025-10-25,SKU04938,ST20,11.0,11.1818,-0.18180000000000085,0.18180000000000085
2025-10-25,SKU00435,ST21,19.0,19.080266666666667,-0.08026666666666671,0.08026666666666671
2025-10-25,SKU03882,ST23,13.0,13.026238095238096,-0.026238095238095838,0.026238095238095838
2025-10-25,SKU04413,ST23,0.0,0.0,0.0,0.0
2025-10-25,SKU00530,ST25,8.0,8.123000000000001,-0.12300000000000111,0.12300000000000111
2025-10-25,SKU03659,ST25,21.0,20.804160317460312,0.1958396825396882,0.1958396825396882
2025-10-25,SKU04347,ST25,32.0,32.09509841269841,-0.09509841269841246,0.09509841269841246
2025-10-25,SKU04166,ST27,18.0,18.2776,-0.2775999999999996,0.2775999999999996
2025-10-25,SKU04393,ST27,0.0,0.0,0.0,0.0
2025-10-25,SKU03032,ST28,18.0,18.239733333333334,-0.23973333333333358,0.23973333333333358
2025-10-25,SKU04933,ST28,7.0,7.024,-0.02400000000000002,0.02400000000000002
2025-10-25,SKU01929,ST29,45.0,41.38150158730159,3.6184984126984077,3.6184984126984077
2025-10-26,SKU00172,ST03,25.0,24.39312409812409,0.6068759018759096,0.6068759018759096
2025-10-26,SKU01180,ST03,0.0,0.0,0.0,0.0
2025-10-26,SKU00596,ST04,66.0,55.84013650793651,10.159863492063486,10.159863492063486
2025-10-26,SKU00214,ST05,30.0,30.41915714285714,-0.41915714285714145,0.41915714285714145
2025-10-26,SKU04314,ST06,40.0,39.336666666666666,0.663333333333334,0.663333333333334
2025-10-26,SKU04358,ST07,20.0,20.4288,-0.42879999999999896,0.42879999999999896
2025-10-26,SKU03867,ST08,11.0,11.223695238095239,-0.22369523809523884,0.22369523809523884
2025-10-26,SKU00020,ST12,19.0,18.99540952380952,0.0045904761904793645,0.0045904761904793645
2025-10-26,SKU01506,ST12,0.0,0.0,0.0,0.0
2025-10-26,SKU01106,ST13,5.0,5.015333333333334,-0.01533333333333431,0.01533333333333431
2025-10-26,SKU02166,ST13,24.0,24.13993333333333,-0.1399333333333317,0.1399333333333317
2025-10-26,SKU03624,ST15,7.0,7.063866666666666,-0.06386666666666585,0.06386666666666585
2025-10-26,SKU03655,ST15,13.0,13.364577777777777,-0.364577777777777,0.364577777777777
2025-10-26,SKU04030,ST15,34.0,34.84442857142858,-0.8444285714285797,0.8444285714285797
2025-10-26,SKU04139,ST17,29.0,29.562238095238087,-0.5622380952380865,0.5622380952380865
2025-10-26,SKU04702,ST17,18.0,18.215966666666663,-0.2159666666666631,0.2159666666666631
2025-10-26,SKU02134,ST18,16.0,16.078799999999998,-0.07879999999999754,0.07879999999999754
2025-10-26,SKU01166,ST20,16.0,16.013066666666667,-0.013066666666667004,0.013066666666667004
2025-10-26,SKU03681,ST20,6.0,5.944,0.05600000000000005,0.05600000000000005
2025-10-26,SKU00396,ST21,17.0,17.010466666666666,-0.010466666666665958,0.010466666666665958
2025-10-26,SKU01845,ST21,10.0,9.9744,0.025600000000000733,0.025600000000000733
2025-10-26,SKU04013,ST22,13.0,13.016523809523811,-0.01652380952381094,0.01652380952381094
2025-10-26,SKU00830,ST23,39.0,40.45168686868686,-1.4516868686868634,1.4516868686868634
2025-10-26,SKU04413,ST23,0.0,0.0,0.0,0.0
2025-10-26,SKU01536,ST25,13.0,12.734076190476191,0.2659238095238088,0.2659238095238088
2025-10-26,SKU01493,ST26,22.0,22.658247619047618,-0.6582476190476179,0.6582476190476179
2025-10-26,SKU04393,ST27,0.0,0.0,0.0,0.0
2025-10-26,SKU03023,ST29,14.0,14.013266666666665,-0.013266666666664761,0.013266666666664761
2025-10-26,SKU02172,ST30,73.0,53.11594444444444,19.884055555555562,19.884055555555562
2025-10-27,SKU01857,ST01,27.0,27.008104761904757,-0.008104761904757396,0.008104761904757396
2025-10-27,SKU03797,ST01,0.0,0.0,0.0,0.0
2025-10-27,SKU00593,ST03,22.0,22.02279365079367,-0.022793650793669684,0.022793650793669684
2025-10-27,SKU01180,ST03,0.0,0.0,0.0,0.0
2025-10-27,SKU01877,ST03,21.0,20.973466666666663,0.02653333333333663,0.02653333333333663
2025-10-27,SKU03008,ST03,4.0,4.012733333333333,-0.012733333333333263,0.012733333333333263
2025-10-27,SKU00073,ST05,18.0,18.392466666666664,-0.39246666666666385,0.39246666666666385
2025-10-27,SKU00400,ST06,45.0,45.32771428571428,-0.3277142857142792,0.3277142857142792
2025-10-27,SKU01885,ST07,9.0,9.064666666666668,-0.06466666666666754,0.06466666666666754
2025-10-27,SKU04822,ST08,15.0,14.960066666666666,0.03993333333333382,0.03993333333333382
2025-10-27,SKU00643,ST09,13.0,13.223261904761905,-0.22326190476190533,0.22326190476190533
2025-10-27,SKU01855,ST09,3.0,3.015,-0.015000000000000124,0.015000000000000124
2025-10-27,SKU02208,ST10,12.0,11.990333333333332,0.009666666666667822,0.009666666666667822
2025-10-27,SKU02404,ST10,17.0,17.50564285714286,-0.5056428571428597,0.5056428571428597
2025-10-27,SKU02554,ST11,25.0,25.24045714285714,-0.2404571428571387,0.2404571428571387
2025-10-27,SKU03040,ST11,2.0,2.010666666666667,-0.010666666666666824,0.010666666666666824
2025-10-27,SKU01481,ST12,24.0,23.7117,0.28829999999999956,0.28829999999999956
2025-10-27,SKU01506,ST12,0.0,0.0,0.0,0.0
2025-10-27,SKU04440,ST12,16.0,15.906685714285711,0.09331428571428901,0.09331428571428901
2025-10-27,SKU03902,ST14,9.0,8.858,0.14199999999999946,0.14199999999999946
2025-10-27,SKU01405,ST15,52.0,47.7495873015873,4.250412698412703,4.250412698412703
2025-10-27,SKU04247,ST16,14.0,13.765476190476193,0.23452380952380736,0.23452380952380736
2025-10-27,SKU01011,ST17,31.0,31.19587619047618,-0.19587619047618077,0.19587619047618077
2025-10-27,SKU01984,ST18,14.0,13.999047619047621,0.0009523809523788174,0.0009523809523788174
2025-10-27,SKU01892,ST19,35.0,32.442385714285706,2.557614285714294,2.557614285714294
2025-10-27,SKU02484,ST19,0.0,0.0,0.0,0.0
2025-10-27,SKU01352,ST20,4.0,4.003333333333333,-0.0033333333333329662,0.0033333333333329662
2025-10-27,SKU04145,ST20,5.0,5.011333333333334,-0.011333333333333862,0.011333333333333862
2025-10-27,SKU04250,ST21,24.0,24.974447619047606,-0.9744476190476057,0.9744476190476057
2025-10-27,SKU03689,ST23,21.0,20.938109523809526,0.06189047619047372,0.06189047619047372
2025-10-27,SKU04157,ST23,1.0,1.1312,-0.13119999999999998,0.13119999999999998
2025-10-27,SKU04413,ST23,0.0,0.0,0.0,0.0
2025-10-27,SKU04904,ST23,9.0,8.972,0.02800000000000047,0.02800000000000047
2025-10-27,SKU00405,ST24,20.0,20.10146666666667,-0.10146666666667059,0.10146666666667059
2025-10-27,SKU04657,ST26,5.0,4.957666666666667,0.04233333333333267,0.04233333333333267
2025-10-27,SKU04393,ST27,0.0,0.0,0.0,0.0
2025-10-27,SKU00649,ST29,16.0,16.028533333333336,-0.02853333333333552,0.02853333333333552
2025-10-27,SKU00720,ST30,8.0,7.992666666666667,0.007333333333333414,0.007333333333333414
2025-10-27,SKU02517,ST30,10.0,10.019333333333334,-0.01933333333333387,0.01933333333333387
2025-10-27,SKU03415,ST30,8.0,7.989333333333333,0.010666666666667268,0.010666666666667268
2025-10-28,SKU01535,ST01,7.0,7.0553333333333335,-0.055333333333333456,0.055333333333333456
2025-10-28,SKU02920,ST02,28.0,28.098961904761893,-0.09896190476189304,0.09896190476189304
2025-10-28,SKU04606,ST02,7.0,6.9909333333333326,0.009066666666667444,0.009066666666667444
2025-10-28,SKU01180,ST03,0.0,0.0,0.0,0.0
2025-10-28,SKU02115,ST03,32.0,33.377231746031754,-1.3772317460317538,1.3772317460317538
2025-10-28,SKU01372,ST04,13.0,12.972,0.02800000000000047,0.02800000000000047
2025-10-28,SKU01494,ST04,2.0,2.0066666666666664,-0.0066666666666663765,0.0066666666666663765
2025-10-28,SKU03755,ST04,11.0,11.004666666666667,-0.004666666666667041,0.004666666666667041
2025-10-28,SKU00448,ST07,12.0,12.055,-0.054999999999999716,0.054999999999999716
2025-10-28,SKU03419,ST07,17.0,17.823473015873017,-0.8234730158730166,0.8234730158730166
2025-10-28,SKU04035,ST08,11.0,11.086961904761905,-0.08696190476190502,0.08696190476190502
2025-10-28,SKU01605,ST10,20.0,20.206995238095242,-0.20699523809524223,0.20699523809524223
2025-10-28,SKU00086,ST11,18.0,18.602652380952378,-0.602652380952378,0.602652380952378
2025-10-28,SKU04762,ST11,14.0,14.021333333333335,-0.021333333333334537,0.021333333333334537
2025-10-28,SKU01506,ST12,0.0,0.0,0.0,0.0
2025-10-28,SKU01663,ST13,6.0,6.1491999999999996,-0.14919999999999956,0.14919999999999956
2025-10-28,SKU00879,ST14,20.0,19.862161904761905,0.1378380952380951,0.1378380952380951
2025-10-28,SKU02050,ST14,11.0,10.952666666666666,0.04733333333333434,0.04733333333333434
2025-10-28,SKU00060,ST15,10.0,9.955933333333334,0.04406666666666581,0.04406666666666581
2025-10-28,SKU00325,ST16,1.0,1.6676666666666669,-0.6676666666666669,0.6676666666666669
2025-10-28,SKU00756,ST17,24.0,24.063599999999994,-0.06359999999999388,0.06359999999999388
2025-10-28,SKU00802,ST17,7.0,7.042,-0.041999999999999815,0.041999999999999815
2025-10-28,SKU03480,ST18,8.0,7.9690666666666665,0.03093333333333348,0.03093333333333348
2025-10-28,SKU00260,ST20,18.0,17.8644,0.13560000000000016,0.13560000000000016
2025-10-28,SKU00862,ST20,11.0,10.988666666666667,0.011333333333332973,0.011333333333332973
2025-10-28,SKU03159,ST20,17.0,17.0682,-0.06820000000000093,0.06820000000000093
2025-10-28,SKU03760,ST20,22.0,21.649271428571424,0.3507285714285757,0.3507285714285757
2025-10-28,SKU02003,ST23,17.0,16.963966666666668,0.03603333333333225,0.03603333333333225
2025-10-28,SKU04413,ST23,0.0,0.0,0.0,0.0
2025-10-28,SKU04966,ST23,23.0,22.63802857142858,0.36197142857141884,0.36197142857141884
2025-10-28,SKU00849,ST24,3.0,3.032333333333333,-0.03233333333333288,0.03233333333333288
2025-10-28,SKU04393,ST27,0.0,0.0,0.0,0.0
2025-10-28,SKU03865,ST28,13.0,13.030533333333333,-0.030533333333332635,0.030533333333332635
2025-10-28,SKU01005,ST29,17.0,17.55034761904762,-0.5503476190476206,0.5503476190476206
2025-10-29,SKU01932,ST01,35.0,35.32479047619048,-0.3247904761904792,0.3247904761904792
2025-10-29,SKU01349,ST02,3.0,2.995,0.004999999999999893,0.004999999999999893
2025-10-29,SKU02521,ST02,19.0,18.809171428571425,0.19082857142857534,0.19082857142857534
2025-10-29,SKU04860,ST02,9.0,9.003,-0.0030000000000001137,0.0030000000000001137
2025-10-29,SKU00673,ST03,24.0,24.19597142857142,-0.19597142857141847,0.19597142857141847
2025-10-29,SKU04991,ST05,17.0,16.844047619047615,0.15595238095238528,0.15595238095238528
2025-10-29,SKU00518,ST07,11.0,10.846219047619044,0.15378095238095568,0.15378095238095568
2025-10-29,SKU01632,ST07,12.0,11.918,0.08200000000000074,0.08200000000000074
2025-10-29,SKU03325,ST07,10.0,9.921666666666669,0.07833333333333137,0.07833333333333137
2025-10-29,SKU00286,ST08,4.0,4.0052666666666665,-0.005266666666666531,0.005266666666666531
2025-10-29,SKU04656,ST08,13.0,13.054904761904764,-0.05490476190476379,0.05490476190476379
2025-10-29,SKU01414,ST09,29.0,30.170204761904767,-1.1702047619047669,1.1702047619047669
2025-10-29,SKU00785,ST10,12.0,12.039,-0.0389999999999997,0.0389999999999997
2025-10-29,SKU01831,ST10,43.0,42.06498412698411,0.9350158730158924,0.9350158730158924
2025-10-29,SKU04463,ST10,7.0,7.009333333333333,-0.009333333333333194,0.009333333333333194
2025-10-29,SKU00087,ST11,47.0,45.93250952380953,1.0674904761904713,1.0674904761904713
2025-10-29,SKU01170,ST12,9.0,8.937466666666667,0.06253333333333266,0.06253333333333266
2025-10-29,SKU01506,ST12,24.0,24.394066666666664,-0.3940666666666637,0.3940666666666637
2025-10-29,SKU01610,ST12,6.0,6.0187333333333335,-0.01873333333333349,0.01873333333333349
2025-10-29,SKU01874,ST12,42.0,41.48572380952382,0.5142761904761812,0.5142761904761812
2025-10-29,SKU03629,ST12,10.0,9.992666666666668,0.0073333333333316375,0.0073333333333316375
2025-10-29,SKU04352,ST13,19.0,19.39946666666667,-0.39946666666666886,0.39946666666666886
2025-10-29,SKU03142,ST15,2.0,2.016,-0.016000000000000014,0.016000000000000014
2025-10-29,SKU02862,ST16,27.0,27.05112380952381,-0.05112380952380846,0.05112380952380846
2025-10-29,SKU02927,ST16,11.0,11.0612,-0.06119999999999948,0.06119999999999948
2025-10-29,SKU03305,ST16,20.0,19.83958095238095,0.16041904761905101,0.16041904761905101
2025-10-29,SKU02952,ST17,23.0,23.48072380952381,-0.4807238095238091,0.4807238095238091
2025-10-29,SKU03487,ST17,10.0,10.013447619047618,-0.01344761904761782,0.01344761904761782
2025-10-29,SKU04215,ST17,16.0,15.864000000000003,0.13599999999999746,0.13599999999999746
2025-10-29,SKU04365,ST17,35.0,35.22134285714286,-0.22134285714285795,0.22134285714285795
2025-10-29,SKU03940,ST18,6.0,6.280399999999999,-0.2803999999999993,0.2803999999999993
2025-10-29,SKU01769,ST19,3.0,3.0,0.0,0.0
2025-10-29,SKU02458,ST19,14.0,13.767,0.23300000000000054,0.23300000000000054
2025-10-29,SKU02511,ST20,35.0,35.39070952380951,-0.3907095238095124,0.3907095238095124
2025-10-29,SKU02823,ST20,12.0,12.201999999999998,-0.20199999999999818,0.20199999999999818
2025-10-29,SKU00508,ST22,15.0,14.864825396825394,0.1351746031746064,0.1351746031746064
2025-10-29,SKU03244,ST22,8.0,8.013333333333334,-0.013333333333333641,0.013333333333333641
2025-10-29,SKU04887,ST22,39.0,41.24469365079367,-2.2446936507936712,2.2446936507936712
2025-10-29,SKU03274,ST23,3.0,3.0276666666666667,-0.027666666666666728,0.027666666666666728
2025-10-29,SKU03676,ST23,18.0,18.004,-0.004000000000001336,0.004000000000001336
2025-10-29,SKU04413,ST23,0.0,0.0,0.0,0.0
2025-10-29,SKU01165,ST24,22.0,21.786409523809528,0.2135904761904719,0.2135904761904719
2025-10-29,SKU04015,ST25,7.0,7.008,-0.008000000000000007,0.008000000000000007
2025-10-29,SKU04429,ST26,17.0,16.863666666666667,0.13633333333333297,0.13633333333333297
2025-10-29,SKU01213,ST27,6.0,6.035,-0.03500000000000014,0.03500000000000014
2025-10-29,SKU04393,ST27,0.0,0.0,0.0,0.0
2025-10-29,SKU04839,ST27,12.0,12.106,-0.10599999999999987,0.10599999999999987
2025-10-29,SKU02643,ST29,6.0,5.925333333333333,0.07466666666666733,0.07466666666666733
2025-10-29,SKU03797,ST30,31.0,30.869025396825382,0.13097460317461795,0.13097460317461795
2025-10-30,SKU00058,ST02,5.0,4.99,0.009999999999999787,0.009999999999999787
2025-10-30,SKU03659,ST03,5.0,5.000333333333334,-0.0003333333333337407,0.0003333333333337407
2025-10-30,SKU04027,ST03,10.0,10.031733333333333,-0.03173333333333339,0.03173333333333339
2025-10-30,SKU04418,ST03,30.0,30.1492507936508,-0.14925079365080052,0.14925079365080052
2025-10-30,SKU01137,ST05,44.0,44.09865555555555,-0.09865555555555261,0.09865555555555261
2025-10-30,SKU01259,ST06,10.0,9.960066666666666,0.03993333333333382,0.03993333333333382
2025-10-30,SKU04228,ST08,0.0,0.0,0.0,0.0
2025-10-30,SKU00942,ST09,26.0,25.713714285714282,0.28628571428571803,0.28628571428571803
2025-10-30,SKU02244,ST09,7.0,7.227885714285714,-0.2278857142857138,0.2278857142857138
2025-10-30,SKU03935,ST09,23.0,23.05436666666667,-0.05436666666667023,0.05436666666667023
2025-10-30,SKU02020,ST11,3.0,3.267990476190476,-0.2679904761904761,0.2679904761904761
2025-10-30,SKU01355,ST12,22.0,21.901766666666667,0.09823333333333295,0.09823333333333295
2025-10-30,SKU03907,ST12,17.0,16.982733333333332,0.017266666666667874,0.017266666666667874
2025-10-30,SKU03265,ST13,14.0,13.973866666666666,0.026133333333334008,0.026133333333334008
2025-10-30,SKU04183,ST13,7.0,7.028,-0.02799999999999958,0.02799999999999958
2025-10-30,SKU02488,ST17,57.0,49.35130476190475,7.64869523809525,7.64869523809525
2025-10-30,SKU02737,ST17,12.0,12.058533333333335,-0.05853333333333488,0.05853333333333488
2025-10-30,SKU01393,ST18,9.0,8.970933333333333,0.029066666666667018,0.029066666666667018
2025-10-30,SKU02504,ST19,15.0,14.762733333333331,0.2372666666666685,0.2372666666666685
2025-10-30,SKU04422,ST19,23.0,22.812866666666665,0.18713333333333537,0.18713333333333537
2025-10-30,SKU02541,ST20,6.0,6.0082666666666675,-0.008266666666667533,0.008266666666667533
2025-10-30,SKU04569,ST20,19.0,18.94773333333333,0.05226666666667157,0.05226666666667157
2025-10-30,SKU00149,ST21,16.0,16.031333333333333,-0.03133333333333255,0.03133333333333255
2025-10-30,SKU02710,ST22,8.0,8.004666666666667,-0.004666666666667041,0.004666666666667041
2025-10-30,SKU04413,ST23,0.0,0.0,0.0,0.0
2025-10-30,SKU04045,ST26,5.0,5.022399999999999,-0.02239999999999931,0.02239999999999931
2025-10-30,SKU00004,ST27,31.0,30.77833015873015,0.22166984126985056,0.22166984126985056
2025-10-30,SKU04393,ST27,12.0,12.037333333333335,-0.03733333333333455,0.03733333333333455
2025-10-30,SKU04396,ST27,28.0,27.993171428571422,0.006828571428577845,0.006828571428577845
2025-10-30,SKU01662,ST29,3.0,2.989,0.01100000000000012,0.01100000000000012
2025-10-30,SKU02475,ST29,12.0,12.072999999999999,-0.07299999999999862,0.07299999999999862
2025-10-30,SKU02547,ST29,12.0,12.135223809523808,-0.13522380952380786,0.13522380952380786
2025-10-30,SKU01240,ST30,8.0,7.982619047619048,0.017380952380952053,0.017380952380952053
2025-10-31,SKU01127,ST01,4.0,3.999333333333333,0.0006666666666670373,0.0006666666666670373
2025-10-31,SKU04164,ST03,18.0,18.12286666666666,-0.1228666666666598,0.1228666666666598
2025-10-31,SKU02555,ST04,18.0,17.932800000000004,0.06719999999999615,0.06719999999999615
2025-10-31,SKU00845,ST05,9.0,9.204400000000001,-0.20440000000000147,0.20440000000000147
2025-10-31,SKU00471,ST06,9.0,9.074733333333334,-0.07473333333333443,0.07473333333333443
2025-10-31,SKU02729,ST08,8.0,8.291766666666666,-0.29176666666666584,0.29176666666666584
2025-10-31,SKU00116,ST09,3.0,2.9907999999999997,0.009200000000000319,0.009200000000000319
2025-10-31,SKU04739,ST09,8.0,8.013333333333334,-0.013333333333333641,0.013333333333333641
2025-10-31,SKU00860,ST10,11.0,10.819333333333335,0.18066666666666542,0.18066666666666542
2025-10-31,SKU01159,ST11,18.0,18.371704761904766,-0.3717047619047662,0.3717047619047662
2025-10-31,SKU02208,ST11,61.0,51.82538095238095,9.174619047619053,9.174619047619053
2025-10-31,SKU04592,ST11,3.0,3.006666666666667,-0.006666666666666821,0.006666666666666821
2025-10-31,SKU00897,ST12,10.0,10.071133333333332,-0.07113333333333216,0.07113333333333216
2025-10-31,SKU02301,ST12,27.0,26.430553968253964,0.5694460317460361,0.5694460317460361
2025-10-31,SKU04407,ST12,30.0,30.16796190476191,-0.16796190476190986,0.16796190476190986
2025-10-31,SKU02471,ST13,15.0,14.993,0.006999999999999673,0.006999999999999673
2025-10-31,SKU00714,ST14,14.0,13.8555,0.14450000000000074,0.14450000000000074
2025-10-31,SKU02496,ST16,17.0,17.003695238095244,-0.003695238095243525,0.003695238095243525
2025-10-31,SKU00095,ST17,17.0,17.323728571428568,-0.3237285714285676,0.3237285714285676
2025-10-31,SKU04745,ST17,5.0,5.004266666666666,-0.004266666666666197,0.004266666666666197
2025-10-31,SKU01172,ST18,20.0,20.084733333333332,-0.08473333333333244,0.08473333333333244
2025-10-31,SKU01788,ST18,17.0,17.045066666666667,-0.04506666666666703,0.04506666666666703
2025-10-31,SKU04656,ST18,5.0,5.127166666666666,-0.12716666666666576,0.12716666666666576
2025-10-31,SKU01928,ST19,8.0,8.011333333333333,-0.011333333333332973,0.011333333333332973
2025-10-31,SKU00513,ST20,5.0,4.9704,0.029600000000000293,0.029600000000000293
2025-10-31,SKU00909,ST20,3.0,2.9893333333333336,0.01066666666666638,0.01066666666666638
2025-10-31,SKU04076,ST20,15.0,14.971942857142858,0.02805714285714167,0.02805714285714167
2025-10-31,SKU04120,ST20,26.0,27.28124285714286,-1.2812428571428605,1.2812428571428605
2025-10-31,SKU01162,ST21,3.0,2.9816634920634923,0.01833650793650765,0.01833650793650765
2025-10-31,SKU04410,ST21,7.0,7.042666666666666,-0.04266666666666641,0.04266666666666641
2025-10-31,SKU03911,ST22,9.0,9.016,-0.016000000000000014,0.016000000000000014
2025-10-31,SKU01029,ST23,10.0,10.046733333333332,-0.04673333333333218,0.04673333333333218
2025-10-31,SKU01395,ST23,18.0,18.099490476190475,-0.09949047619047491,0.09949047619047491
2025-10-31,SKU04413,ST23,3.0,3.0254000000000003,-0.02540000000000031,0.02540000000000031
2025-10-31,SKU03374,ST24,16.0,15.851533333333334,0.14846666666666586,0.14846666666666586
2025-10-31,SKU00516,ST25,3.0,3.0673333333333335,-0.06733333333333347,0.06733333333333347
2025-10-31,SKU02160,ST25,1.0,1.022,-0.02200000000000002,0.02200000000000002
2025-10-31,SKU03942,ST25,22.0,22.36403809523809,-0.36403809523809016,0.36403809523809016
2025-10-31,SKU00926,ST29,32.0,33.78638253968254,-1.786382539682542,1.786382539682542
2025-10-31,SKU01020,ST29,0.0,0.0,0.0,0.0
2025-10-31,SKU04447,ST29,41.0,48.73757936507934,-7.737579365079341,7.737579365079341
